Date,Close,Dividends
2009-01-02,32.869998931884766,0.0
2009-01-05,36.59000015258789,0.0
2009-01-06,36.56999969482422,0.0
2009-01-07,32.209999084472656,0.0
2009-01-08,30.15999984741211,0.0
2009-01-09,32.220001220703125,0.0
2009-01-12,34.189998626708984,0.0
2009-01-13,32.65999984741211,0.0
2009-01-14,34.77000045776367,0.0
2009-01-15,31.0,0.0
2009-01-16,30.0,0.0
2009-01-19,33.72999954223633,0.0
2009-01-20,32.84000015258789,0.0
2009-01-21,30.5,0.0
2009-02-02,33.040000915527344,0.0
2009-02-03,31.46999931335449,0.0
2009-02-04,31.690000534057617,0.0
2009-02-05,31.43000030517578,0.0
2009-02-06,32.20000076293945,0.0
2009-02-09,34.77000045776367,0.0
2009-02-10,34.97999954223633,0.0
2009-02-11,30.93000030517578,0.0
2009-02-12,34.61000061035156,0.0
2009-02-13,33.279998779296875,0.0
2009-02-16,35.529998779296875,0.0
2009-02-17,32.439998626708984,0.0
2009-02-18,30.21999931335449,0.0
2009-02-19,35.220001220703125,0.0
2009-02-20,34.34000015258789,0.0
2009-02-23,32.439998626708984,0.0
2009-02-24,34.40999984741211,0.0
2009-02-25,32.7400016784668,0.0
2009-02-26,32.79999923706055,0.0
2009-02-27,33.04999923706055,0.0
2009-03-02,31.93000030517578,0.0
2009-03-03,31.950000762939453,0.0
2009-03-04,32.75,0.0
2009-03-05,33.45000076293945,0.0
2009-03-06,36.02000045776367,0.0
2009-03-09,33.31999969482422,0.0
2009-03-10,33.47999954223633,0.0
2009-03-11,34.25,0.0
2009-03-12,34.04999923706055,0.0
2009-03-13,35.0,0.0
2009-03-16,35.529998779296875,0.0
2009-03-17,36.16999816894531,0.0
2009-03-18,36.09999847412109,0.0
2009-03-19,35.900001525878906,0.0
2009-03-20,35.41999816894531,0.0
2009-03-23,36.56999969482422,0.0
2009-03-24,37.400001525878906,0.0
2009-03-25,37.81999969482422,0.0
2009-03-26,38.09999847412109,0.0
2009-03-27,37.77000045776367,0.0
2009-03-30,36.290000915527344,0.0
2009-03-31,36.63999938964844,0.0
2009-04-02,38.58000183105469,0.0
2009-04-03,38.59999847412109,0.0
2009-04-06,38.790000915527344,0.0
2009-04-07,38.79999923706055,0.0
2009-04-08,37.72999954223633,0.0
2009-04-09,39.27999877929688,0.0
2009-04-10,39.970001220703125,0.0
2009-04-13,40.18000030517578,0.0
2009-04-14,40.5,0.0
2009-04-15,40.25,0.0
2009-04-16,41.20000076293945,0.0
2009-04-17,39.880001068115234,0.0
2009-04-20,40.16999816894531,0.0
2009-04-21,40.77999877929688,0.0
2009-04-22,40.650001525878906,0.0
2009-04-23,40.459999084472656,0.0
2009-04-24,40.5,0.0
2009-04-27,39.52000045776367,0.0
2009-04-28,39.04999923706055,0.0
2009-04-29,39.400001525878906,0.0
2009-04-30,42.150001525878906,0.0
2009-05-04,45.09999847412109,0.0
2009-05-05,46.29999923706055,0.0
2009-05-06,46.400001525878906,0.0
2009-05-07,46.29999923706055,0.0
2009-05-08,45.83000183105469,0.0
2009-05-11,46.20000076293945,0.0
2009-05-12,44.59999847412109,0.0
2009-05-13,44.66999816894531,0.0
2009-05-14,43.650001525878906,0.0
2009-05-15,44.79999923706055,0.0
2009-05-18,45.060001373291016,0.0
2009-05-19,46.09999847412109,0.0
2009-05-20,46.29999923706055,0.0
2009-05-21,45.95000076293945,0.0
2009-05-22,45.77999877929688,0.0
2009-05-25,45.72999954223633,0.0
2009-05-26,45.59999847412109,0.0
2009-05-27,48.0,0.0
2009-06-01,47.720001220703125,0.0
2009-06-02,47.84999847412109,0.0
2009-06-03,47.790000915527344,0.0
2009-06-04,46.70000076293945,0.0
2009-06-05,46.619998931884766,0.0
2009-06-08,45.709999084472656,0.0
2009-06-09,44.45000076293945,0.0
2009-06-10,44.84999847412109,0.0
2009-06-11,45.25,0.0
2009-06-12,44.65999984741211,0.0
2009-06-15,43.040000915527344,0.0
2009-06-16,43.04999923706055,0.0
2009-06-17,42.970001220703125,0.0
2009-06-18,42.75,0.0
2009-06-19,43.25,0.0
2009-06-22,43.900001525878906,0.0
2009-06-23,42.84999847412109,0.0
2009-06-24,44.08000183105469,0.0
2009-06-25,44.58000183105469,0.0
2009-06-26,44.59999847412109,0.0
2009-06-29,44.27999877929688,0.0
2009-06-30,44.459999084472656,0.0
2009-07-01,45.45000076293945,0.0
2009-07-02,45.900001525878906,0.0
2009-07-03,45.79999923706055,0.0
2009-07-06,45.68999862670898,0.0
2009-07-07,46.18999862670898,0.0
2009-07-08,45.65999984741211,0.0
2009-07-09,46.5,0.0
2009-07-10,46.77999877929688,0.0
2009-07-13,45.29999923706055,0.0
2009-07-14,46.13999938964844,0.0
2009-07-15,47.04999923706055,0.0
2009-07-16,47.45000076293945,0.0
2009-07-17,47.869998931884766,0.0
2009-07-20,48.5,0.0
2009-07-21,48.400001525878906,0.0
2009-07-22,48.47999954223633,0.0
2009-07-23,48.5099983215332,0.0
2009-07-24,48.380001068115234,0.0
2009-07-27,48.83000183105469,0.0
2009-07-28,49.70000076293945,0.0
2009-07-29,49.34999847412109,0.0
2009-07-30,48.84999847412109,0.0
2009-07-31,49.02000045776367,0.0
2009-08-03,49.18999862670898,0.0
2009-08-04,48.650001525878906,0.0
2009-08-05,48.04999923706055,0.0
2009-08-06,48.13999938964844,0.0
2009-08-07,48.13999938964844,0.0
2009-08-10,48.2599983215332,0.0
2009-08-11,48.41999816894531,0.0
2009-08-12,48.25,0.0
2009-08-13,49.36000061035156,0.0
2009-08-14,49.619998931884766,0.0
2009-08-17,48.65999984741211,0.0
2009-08-18,48.02000045776367,0.0
2009-08-19,47.86000061035156,0.0
2009-08-20,47.59999847412109,0.0
2009-08-21,47.18000030517578,0.0
2009-08-24,48.70000076293945,0.0
2009-08-25,48.33000183105469,0.0
2009-08-26,48.0,0.0
2009-08-27,47.75,0.0
2009-08-28,48.400001525878906,0.0
2009-08-31,48.45000076293945,0.0
2009-09-01,50.20000076293945,0.0
2009-09-02,50.20000076293945,0.0
2009-09-03,50.45000076293945,0.0
2009-09-04,51.04999923706055,0.0
2009-09-07,51.79999923706055,0.0
2009-09-08,52.5,0.0
2009-09-09,52.04999923706055,0.0
2009-09-10,52.84999847412109,0.0
2009-09-11,52.5,0.0
2009-09-14,51.84999847412109,0.0
2009-09-15,52.45000076293945,0.0
2009-09-16,53.20000076293945,0.0
2009-09-17,53.150001525878906,0.0
2009-09-18,53.29999923706055,0.0
2009-09-21,53.150001525878906,0.0
2009-09-22,52.95000076293945,0.0
2009-09-23,52.70000076293945,0.0
2009-09-24,52.0,0.0
2009-09-25,52.34999847412109,0.0
2009-09-28,51.79999923706055,0.0
2009-09-29,52.84999847412109,0.0
2009-09-30,53.29999923706055,0.0
2009-10-01,53.650001525878906,0.0
2009-10-02,52.70000076293945,0.0
2009-10-05,52.650001525878906,0.0
2009-10-06,53.59999847412109,0.0
2009-10-07,53.900001525878906,0.0
2009-10-08,53.04999923706055,0.0
2009-10-09,53.34999847412109,0.0
2009-10-12,53.59999847412109,0.0
2009-10-13,53.70000076293945,0.0
2009-10-14,54.34999847412109,0.0
2009-10-15,54.650001525878906,0.0
2009-10-16,54.650001525878906,0.0
2009-10-19,54.84999847412109,0.0
2009-10-20,54.900001525878906,0.0
2009-10-21,54.5,0.0
2009-10-22,53.70000076293945,0.0
2009-10-23,53.25,0.0
2009-10-26,53.5,0.0
2009-10-27,53.400001525878906,0.0
2009-10-28,52.54999923706055,0.0
2009-10-29,51.54999923706055,0.0
2009-10-30,51.650001525878906,0.0
2009-11-02,51.34999847412109,0.0
2009-11-03,51.0,0.0
2009-11-04,51.95000076293945,0.0
2009-11-05,51.84999847412109,0.0
2009-11-06,52.25,0.0
2009-11-09,52.75,0.0
2009-11-10,53.150001525878906,0.0
2009-11-11,53.84999847412109,0.0
2009-11-12,53.79999923706055,0.0
2009-11-13,53.650001525878906,0.0
2009-11-16,54.54999923706055,0.0
2009-11-17,54.09999847412109,0.0
2009-11-18,54.150001525878906,0.0
2009-11-19,53.95000076293945,0.0
2009-11-20,53.45000076293945,0.0
2009-11-23,53.400001525878906,0.0
2009-11-24,53.650001525878906,0.0
2009-11-25,54.0,0.0
2009-11-26,53.84999847412109,0.0
2009-11-27,52.20000076293945,0.0
2009-11-30,52.70000076293945,0.0
2009-12-01,53.25,0.0
2009-12-02,53.400001525878906,0.0
2009-12-03,53.45000076293945,0.0
2009-12-04,53.09999847412109,0.0
2009-12-07,53.95000076293945,0.0
2009-12-08,53.70000076293945,0.0
2009-12-09,53.84999847412109,0.0
2009-12-10,53.0,0.0
2009-12-11,53.84999847412109,0.0
2009-12-14,53.900001525878906,0.0
2009-12-15,53.75,0.0
2009-12-16,53.20000076293945,0.0
2009-12-17,53.400001525878906,0.0
2009-12-18,53.25,0.0
2009-12-21,53.70000076293945,0.0
2009-12-22,54.150001525878906,0.0
2009-12-23,54.54999923706055,0.0
2009-12-24,55.09999847412109,0.0
2009-12-25,55.20000076293945,0.0
2009-12-28,55.59999847412109,0.0
2009-12-29,55.5,0.0
2009-12-30,55.70000076293945,0.0
2009-12-31,56.45000076293945,0.0
2010-01-04,56.5,0.0
2010-01-05,56.5,0.0
2010-01-06,57.54999923706055,0.0
2010-01-07,57.400001525878906,0.0
2010-01-08,57.75,0.0
2010-01-11,57.900001525878906,0.0
2010-01-12,57.59999847412109,0.0
2010-01-13,56.75,0.0
2010-01-14,57.45000076293945,0.0
2010-01-15,57.79999923706055,0.0
2010-01-18,57.5,0.0
2010-01-19,56.75,0.0
2010-01-20,56.400001525878906,0.0
2010-01-21,55.95000076293945,0.0
2010-01-22,54.400001525878906,0.0
2010-01-25,54.20000076293945,0.0
2010-01-26,52.95000076293945,0.0
2010-01-27,52.900001525878906,0.0
2010-01-28,54.04999923706055,0.0
2010-01-29,53.0,0.0
2010-02-01,52.400001525878906,0.0
2010-02-02,51.84999847412109,0.0
2010-02-03,52.75,0.0
2010-02-04,52.54999923706055,0.0
2010-02-05,50.75,0.0
2010-02-08,50.84999847412109,0.0
2010-02-09,51.54999923706055,0.0
2010-02-10,52.09999847412109,0.0
2010-02-22,52.59999847412109,0.0
2010-02-23,52.59999847412109,0.0
2010-02-24,52.25,0.0
2010-02-25,51.650001525878906,0.0
2010-02-26,51.54999923706055,0.0
2010-03-01,52.79999923706055,0.0
2010-03-02,52.650001525878906,0.0
2010-03-03,52.650001525878906,0.0
2010-03-04,52.20000076293945,0.0
2010-03-05,52.95000076293945,0.0
2010-03-08,53.650001525878906,0.0
2010-03-09,53.79999923706055,0.0
2010-03-10,53.79999923706055,0.0
2010-03-11,53.650001525878906,0.0
2010-03-12,53.59999847412109,0.0
2010-03-15,52.84999847412109,0.0
2010-03-16,53.09999847412109,0.0
2010-03-17,54.150001525878906,0.0
2010-03-18,54.400001525878906,0.0
2010-03-19,54.25,0.0
2010-03-22,53.70000076293945,0.0
2010-03-23,53.34999847412109,0.0
2010-03-24,53.5,0.0
2010-03-25,53.5,0.0
2010-03-26,54.0,0.0
2010-03-29,54.5,0.0
2010-03-30,54.45000076293945,0.0
2010-03-31,54.25,0.0
2010-04-01,54.75,0.0
2010-04-02,54.75,0.0
2010-04-06,55.29999923706055,0.0
2010-04-07,55.400001525878906,0.0
2010-04-08,55.04999923706055,0.0
2010-04-09,55.20000076293945,0.0
2010-04-12,55.45000076293945,0.0
2010-04-13,54.79999923706055,0.0
2010-04-14,55.20000076293945,0.0
2010-04-15,55.54999923706055,0.0
2010-04-16,55.20000076293945,0.0
2010-04-19,53.650001525878906,0.0
2010-04-20,53.84999847412109,0.0
2010-04-21,54.54999923706055,0.0
2010-04-22,54.45000076293945,0.0
2010-04-23,54.75,0.0
2010-04-26,55.900001525878906,0.0
2010-04-27,55.84999847412109,0.0
2010-04-28,55.25,0.0
2010-04-29,55.0,0.0
2010-04-30,54.79999923706055,0.0
2010-05-03,54.45000076293945,0.0
2010-05-04,54.5,0.0
2010-05-05,53.0,0.0
2010-05-06,51.95000076293945,0.0
2010-05-07,51.95000076293945,0.0
2010-05-10,52.400001525878906,0.0
2010-05-11,52.20000076293945,0.0
2010-05-12,52.09999847412109,0.0
2010-05-13,53.25,0.0
2010-05-14,53.09999847412109,0.0
2010-05-17,51.900001525878906,0.0
2010-05-18,52.0,0.0
2010-05-19,51.45000076293945,0.0
2010-05-20,50.79999923706055,0.0
2010-05-21,49.75,0.0
2010-05-24,50.45000076293945,0.0
2010-05-25,49.119998931884766,0.0
2010-05-26,49.31999969482422,0.0
2010-05-27,49.65999984741211,0.0
2010-05-28,49.869998931884766,0.0
2010-05-31,50.09999847412109,0.0
2010-06-01,49.83000183105469,0.0
2010-06-02,49.04999923706055,0.0
2010-06-03,50.20000076293945,0.0
2010-06-04,50.04999923706055,0.0
2010-06-07,48.7400016784668,0.0
2010-06-08,48.560001373291016,0.0
2010-06-09,48.18000030517578,0.0
2010-06-10,48.84999847412109,0.0
2010-06-11,49.619998931884766,0.0
2010-06-14,50.34999847412109,0.0
2010-06-15,50.70000076293945,0.0
2010-06-17,51.04999923706055,0.0
2010-06-18,50.900001525878906,0.0
2010-06-21,52.0,0.0
2010-06-22,51.70000076293945,0.0
2010-06-23,51.150001525878906,0.0
2010-06-24,51.29999923706055,0.0
2010-06-25,50.59999847412109,0.0
2010-06-28,50.79999923706055,0.0
2010-06-29,50.5,0.0
2010-06-30,49.54999923706055,0.0
2010-07-01,49.36000061035156,0.0
2010-07-02,49.4900016784668,0.0
2010-07-05,50.5,0.0
2010-07-06,51.400001525878906,0.0
2010-07-07,51.29999923706055,0.0
2010-07-08,52.04999923706055,0.0
2010-07-09,52.34999847412109,0.0
2010-07-12,52.29999923706055,0.0
2010-07-13,52.150001525878906,0.0
2010-07-14,53.150001525878906,0.0
2010-07-15,53.25,0.0
2010-07-16,52.900001525878906,0.0
2010-07-19,52.75,0.0
2010-07-20,53.20000076293945,0.0
2010-07-21,52.900001525878906,0.0
2010-07-22,52.95000076293945,0.0
2010-07-23,53.70000076293945,0.0
2010-07-26,53.84999847412109,0.0
2010-07-27,53.59999847412109,0.0
2010-07-28,54.04999923706055,0.0
2010-07-29,54.09999847412109,0.0
2010-07-30,53.900001525878906,0.0
2010-08-02,54.95000076293945,0.0
2010-08-03,55.20000076293945,0.0
2010-08-04,55.09999847412109,0.0
2010-08-05,55.04999923706055,0.0
2010-08-06,55.20000076293945,0.0
2010-08-09,55.5,0.0
2010-08-10,55.400001525878906,0.0
2010-08-11,54.70000076293945,0.0
2010-08-12,54.25,0.0
2010-08-13,54.84999847412109,0.0
2010-08-16,55.0,0.0
2010-08-17,54.95000076293945,0.0
2010-08-18,54.650001525878906,0.0
2010-08-19,54.95000076293945,0.0
2010-08-20,54.95000076293945,0.0
2010-08-23,55.29999923706055,0.0
2010-08-24,54.95000076293945,0.0
2010-08-25,53.95000076293945,0.0
2010-08-26,53.59999847412109,0.0
2010-08-27,53.84999847412109,0.0
2010-08-30,54.09999847412109,0.0
2010-08-31,53.29999923706055,0.0
2010-09-01,53.70000076293945,0.0
2010-09-02,54.0,0.0
2010-09-03,54.54999923706055,0.0
2010-09-06,54.95000076293945,0.0
2010-09-07,54.84999847412109,0.0
2010-09-08,54.75,0.0
2010-09-09,54.75,0.0
2010-09-10,55.25,0.0
2010-09-13,56.79999923706055,0.0
2010-09-14,57.0,0.0
2010-09-15,57.25,0.0
2010-09-16,56.650001525878906,0.0
2010-09-17,57.29999923706055,0.0
2010-09-20,57.25,0.0
2010-09-21,57.34999847412109,0.0
2010-09-23,57.34999847412109,0.0
2010-09-24,57.0,0.0
2010-09-27,57.5,0.0
2010-09-28,57.400001525878906,0.0
2010-09-29,57.79999923706055,0.0
2010-09-30,57.70000076293945,0.0
2010-10-01,57.75,0.0
2010-10-04,57.75,0.0
2010-10-05,57.400001525878906,0.0
2010-10-06,57.75,0.0
2010-10-07,57.95000076293945,0.0
2010-10-08,57.59999847412109,0.0
2010-10-11,56.95000076293945,0.0
2010-10-12,56.20000076293945,0.0
2010-10-13,56.54999923706055,0.0
2010-10-14,57.45000076293945,0.0
2010-10-15,57.34999847412109,0.0
2010-10-18,56.20000076293945,0.0
2010-10-19,56.04999923706055,0.0
2010-10-20,56.70000076293945,0.0
2010-10-21,56.75,0.0
2010-10-22,57.09999847412109,0.0
2010-10-25,56.09999847412109,0.0
2010-10-26,56.34999847412109,0.0
2010-10-27,56.04999923706055,0.0
2010-10-28,56.5,0.0
2010-10-29,56.0,0.0
2010-11-01,56.79999923706055,0.0
2010-11-02,56.79999923706055,0.0
2010-11-03,56.70000076293945,0.0
2010-11-04,57.04999923706055,0.0
2010-11-05,57.650001525878906,0.0
2010-11-08,57.54999923706055,0.0
2010-11-09,57.70000076293945,0.0
2010-11-10,57.650001525878906,0.0
2010-11-11,57.5,0.0
2010-11-12,56.34999847412109,0.0
2010-11-15,56.150001525878906,0.0
2010-11-16,56.75,0.0
2010-11-17,56.5,0.0
2010-11-18,56.59999847412109,0.0
2010-11-19,56.650001525878906,0.0
2010-11-22,57.34999847412109,0.0
2010-11-23,56.900001525878906,0.0
2010-11-24,56.84999847412109,0.0
2010-11-25,57.09999847412109,0.0
2010-11-26,56.79999923706055,0.0
2010-11-29,56.900001525878906,0.0
2010-11-30,57.09999847412109,0.0
2010-12-01,58.0,0.0
2010-12-02,58.45000076293945,0.0
2010-12-03,59.0,0.0
2010-12-06,59.150001525878906,0.0
2010-12-07,59.09999847412109,0.0
2010-12-08,59.09999847412109,0.0
2010-12-09,59.70000076293945,0.0
2010-12-10,59.29999923706055,0.0
2010-12-13,59.45000076293945,0.0
2010-12-14,59.29999923706055,0.0
2010-12-15,59.59999847412109,0.0
2010-12-16,59.70000076293945,0.0
2010-12-17,60.20000076293945,0.0
2010-12-20,59.900001525878906,0.0
2010-12-21,60.04999923706055,0.0
2010-12-22,60.04999923706055,0.0
2010-12-23,60.45000076293945,0.0
2010-12-24,60.20000076293945,0.0
2010-12-27,60.45000076293945,0.0
2010-12-28,60.34999847412109,0.0
2010-12-29,60.5,0.0
2010-12-30,60.79999923706055,0.0
2010-12-31,61.400001525878906,0.0
2011-01-03,61.45000076293945,0.0
2011-01-04,61.29999923706055,0.0
2011-01-05,60.29999923706055,0.0
2011-01-06,60.20000076293945,0.0
2011-01-07,59.650001525878906,0.0
2011-01-10,59.84999847412109,0.0
2011-01-11,60.84999847412109,0.0
2011-01-12,61.09999847412109,0.0
2011-01-13,61.04999923706055,0.0
2011-01-14,61.0,0.0
2011-01-17,60.84999847412109,0.0
2011-01-18,61.34999847412109,0.0
2011-01-19,62.04999923706055,0.0
2011-01-20,61.650001525878906,0.0
2011-01-21,61.0,0.0
2011-01-24,60.95000076293945,0.0
2011-01-25,61.45000076293945,0.0
2011-01-26,62.0,0.0
2011-01-27,62.45000076293945,0.0
2011-01-28,63.0,0.0
2011-02-08,62.59999847412109,0.0
2011-02-09,62.0,0.0
2011-02-10,60.84999847412109,0.0
2011-02-11,58.900001525878906,0.0
2011-02-14,59.400001525878906,0.0
2011-02-15,59.75,0.0
2011-02-16,59.84999847412109,0.0
2011-02-17,59.650001525878906,0.0
2011-02-18,60.650001525878906,0.0
2011-02-21,60.650001525878906,0.0
2011-02-22,59.84999847412109,0.0
2011-02-23,59.0,0.0
2011-02-24,59.0,0.0
2011-02-25,59.5,0.0
2011-03-01,59.95000076293945,0.0
2011-03-02,59.45000076293945,0.0
2011-03-03,60.20000076293945,0.0
2011-03-04,60.650001525878906,0.0
2011-03-07,60.20000076293945,0.0
2011-03-08,60.25,0.0
2011-03-09,60.20000076293945,0.0
2011-03-10,59.5,0.0
2011-03-11,58.84999847412109,0.0
2011-03-14,58.79999923706055,0.0
2011-03-15,57.5,0.0
2011-03-16,57.29999923706055,0.0
2011-03-17,57.29999923706055,0.0
2011-03-18,57.75,0.0
2011-03-21,58.09999847412109,0.0
2011-03-22,58.400001525878906,0.0
2011-03-23,58.5,0.0
2011-03-24,58.75,0.0
2011-03-25,59.34999847412109,0.0
2011-03-28,59.150001525878906,0.0
2011-03-29,59.25,0.0
2011-03-30,59.59999847412109,0.0
2011-03-31,59.54999923706055,0.0
2011-04-01,59.84999847412109,0.0
2011-04-06,61.150001525878906,0.0
2011-04-07,61.29999923706055,0.0
2011-04-08,61.09999847412109,0.0
2011-04-11,61.09999847412109,0.0
2011-04-12,60.04999923706055,0.0
2011-04-13,60.400001525878906,0.0
2011-04-14,60.34999847412109,0.0
2011-04-15,59.650001525878906,0.0
2011-04-18,59.54999923706055,0.0
2011-04-19,59.20000076293945,0.0
2011-04-20,60.29999923706055,0.0
2011-04-21,61.70000076293945,0.0
2011-04-22,61.59999847412109,0.0
2011-04-25,61.45000076293945,0.0
2011-04-26,61.20000076293945,0.0
2011-04-27,62.150001525878906,0.0
2011-04-28,62.150001525878906,0.0
2011-04-29,62.0,0.0
2011-05-03,62.150001525878906,0.0
2011-05-04,61.79999923706055,0.0
2011-05-05,62.25,0.0
2011-05-06,61.95000076293945,0.0
2011-05-09,62.29999923706055,0.0
2011-05-10,62.29999923706055,0.0
2011-05-11,62.04999923706055,0.0
2011-05-12,62.25,0.0
2011-05-13,62.04999923706055,0.0
2011-05-16,61.29999923706055,0.0
2011-05-17,61.25,0.0
2011-05-18,61.59999847412109,0.0
2011-05-19,61.04999923706055,0.0
2011-05-20,61.09999847412109,0.0
2011-05-23,60.34999847412109,0.0
2011-05-24,60.45000076293945,0.0
2011-05-25,60.25,0.0
2011-05-26,60.84999847412109,0.0
2011-05-27,60.59999847412109,0.0
2011-05-30,60.5,0.0
2011-05-31,62.0,0.0
2011-06-01,62.34999847412109,0.0
2011-06-02,61.900001525878906,0.0
2011-06-03,62.20000076293945,0.0
2011-06-07,62.20000076293945,0.0
2011-06-08,62.0,0.0
2011-06-09,62.0,0.0
2011-06-10,60.54999923706055,0.0
2011-06-13,59.75,0.0
2011-06-14,60.75,0.0
2011-06-15,60.5,0.0
2011-06-16,59.400001525878906,0.0
2011-06-17,59.20000076293945,0.0
2011-06-20,58.59999847412109,0.0
2011-06-21,59.04999923706055,0.0
2011-06-22,59.20000076293945,0.0
2011-06-23,58.650001525878906,0.0
2011-06-24,58.20000076293945,0.0
2011-06-27,57.79999923706055,0.0
2011-06-28,57.650001525878906,0.0
2011-06-29,58.650001525878906,0.0
2011-06-30,58.84999847412109,0.0
2011-07-01,59.70000076293945,0.0
2011-07-04,60.04999923706055,0.0
2011-07-05,59.95000076293945,0.0
2011-07-06,60.59999847412109,0.0
2011-07-07,60.34999847412109,0.0
2011-07-08,60.04999923706055,0.0
2011-07-11,59.650001525878906,0.0
2011-07-12,58.70000076293945,0.0
2011-07-13,58.70000076293945,0.0
2011-07-14,58.900001525878906,0.0
2011-07-15,59.20000076293945,0.0
2011-07-18,59.0,0.0
2011-07-19,58.900001525878906,0.0
2011-07-20,60.45000076293945,0.0
2011-07-21,60.59999847412109,0.0
2011-07-22,61.0,0.0
2011-07-25,60.400001525878906,0.0
2011-07-26,61.20000076293945,0.0
2011-07-27,61.34999847412109,0.0
2011-07-28,60.84999847412109,0.0
2011-07-29,59.900001525878906,0.0
2011-08-01,60.34999847412109,0.0
2011-08-02,59.54999923706055,0.0
2011-08-03,58.59999847412109,0.0
2011-08-04,57.84999847412109,0.0
2011-08-05,54.45000076293945,0.0
2011-08-08,53.5,0.0
2011-08-09,53.0,0.0
2011-08-10,54.09999847412109,0.0
2011-08-11,54.09999847412109,0.0
2011-08-12,53.54999923706055,0.0
2011-08-15,54.59999847412109,0.0
2011-08-16,54.34999847412109,0.0
2011-08-17,53.95000076293945,0.0
2011-08-18,52.95000076293945,0.0
2011-08-19,51.09999847412109,0.0
2011-08-22,51.5,0.0
2011-08-23,53.29999923706055,0.0
2011-08-24,52.59999847412109,0.0
2011-08-25,52.34999847412109,0.0
2011-08-26,53.04999923706055,0.0
2011-08-29,53.79999923706055,0.0
2011-08-30,54.20000076293945,0.0
2011-08-31,54.54999923706055,0.0
2011-09-01,55.150001525878906,0.0
2011-09-02,55.150001525878906,0.0
2011-09-05,53.59999847412109,0.0
2011-09-06,52.54999923706055,0.0
2011-09-07,53.54999923706055,0.0
2011-09-08,53.70000076293945,0.0
2011-09-09,54.150001525878906,0.0
2011-09-13,52.650001525878906,0.0
2011-09-14,51.59999847412109,0.0
2011-09-15,52.84999847412109,0.0
2011-09-16,54.09999847412109,0.0
2011-09-19,53.20000076293945,0.0
2011-09-20,53.400001525878906,0.0
2011-09-21,53.59999847412109,0.0
2011-09-22,52.09999847412109,0.0
2011-09-23,50.34999847412109,0.0
2011-09-26,49.31999969482422,0.0
2011-09-27,51.09999847412109,0.0
2011-09-28,51.150001525878906,0.0
2011-09-29,51.59999847412109,0.0
2011-09-30,51.650001525878906,0.0
2011-10-03,50.29999923706055,0.0
2011-10-04,50.75,0.0
2011-10-05,50.25,0.0
2011-10-06,51.25,0.0
2011-10-07,51.54999923706055,0.0
2011-10-11,53.0,0.0
2011-10-12,52.84999847412109,0.0
2011-10-13,52.79999923706055,0.0
2011-10-14,52.45000076293945,0.0
2011-10-17,53.09999847412109,0.0
2011-10-18,52.54999923706055,0.0
2011-10-19,52.34999847412109,0.0
2011-10-20,51.75,0.0
2011-10-21,51.95000076293945,0.0
2011-10-24,53.59999847412109,0.0
2011-10-25,53.59999847412109,0.0
2011-10-26,52.150001525878906,0.0
2011-10-27,52.25,0.0
2011-10-28,52.400001525878906,0.0
2011-10-31,52.20000076293945,0.0
2011-11-01,52.54999923706055,0.0
2011-11-02,52.400001525878906,0.0
2011-11-03,51.45000076293945,0.0
2011-11-04,52.29999923706055,0.0
2011-11-07,52.400001525878906,0.0
2011-11-08,52.150001525878906,0.0
2011-11-09,52.20000076293945,0.0
2011-11-10,50.54999923706055,0.0
2011-11-11,50.900001525878906,0.0
2011-11-14,52.150001525878906,0.0
2011-11-15,51.84999847412109,0.0
2011-11-16,51.20000076293945,0.0
2011-11-17,51.34999847412109,0.0
2011-11-18,50.29999923706055,0.0
2011-11-21,49.22999954223633,0.0
2011-11-22,49.02000045776367,0.0
2011-11-23,47.84999847412109,0.0
2011-11-24,47.86000061035156,0.0
2011-11-25,47.43999862670898,0.0
2011-11-28,48.290000915527344,0.0
2011-11-29,48.720001220703125,0.0
2011-11-30,48.08000183105469,0.0
2011-12-01,50.29999923706055,0.0
2011-12-02,49.81999969482422,0.0
2011-12-05,49.65999984741211,0.0
2011-12-06,48.68999862670898,0.0
2011-12-07,49.20000076293945,0.0
2011-12-08,48.86000061035156,0.0
2011-12-09,48.2400016784668,0.0
2011-12-12,48.79999923706055,0.0
2011-12-13,48.54999923706055,0.0
2011-12-14,48.59000015258789,0.0
2011-12-15,47.5,0.0
2011-12-16,47.70000076293945,0.0
2011-12-19,46.7400016784668,0.0
2011-12-20,47.0,0.0
2011-12-21,49.27999877929688,0.0
2011-12-22,49.15999984741211,0.0
2011-12-23,50.0,0.0
2011-12-26,49.95000076293945,0.0
2011-12-27,49.84999847412109,0.0
2011-12-28,49.56999969482422,0.0
2011-12-29,49.61000061035156,0.0
2011-12-30,49.810001373291016,0.0
2012-01-02,49.060001373291016,0.0
2012-01-03,49.70000076293945,0.0
2012-01-04,50.0,0.0
2012-01-05,50.150001525878906,0.0
2012-01-06,50.0,0.0
2012-01-09,49.810001373291016,0.0
2012-01-10,50.70000076293945,0.0
2012-01-11,50.650001525878906,0.0
2012-01-12,50.75,0.0
2012-01-13,50.84999847412109,0.0
2012-01-16,50.04999923706055,0.0
2012-01-17,50.54999923706055,0.0
2012-01-18,50.400001525878906,0.0
2012-01-30,51.79999923706055,0.0
2012-01-31,51.95000076293945,0.0
2012-02-01,52.29999923706055,0.0
2012-02-02,52.900001525878906,0.0
2012-02-03,53.04999923706055,0.0
2012-02-06,53.20000076293945,0.0
2012-02-07,53.29999923706055,0.0
2012-02-08,54.45000076293945,0.0
2012-02-09,54.400001525878906,0.0
2012-02-10,53.95000076293945,0.0
2012-02-13,54.20000076293945,0.0
2012-02-14,54.0,0.0
2012-02-15,54.900001525878906,0.0
2012-02-16,54.25,0.0
2012-02-17,54.75,0.0
2012-02-20,54.70000076293945,0.0
2012-02-21,54.5,0.0
2012-02-22,54.84999847412109,0.0
2012-02-23,54.59999847412109,0.0
2012-02-24,54.75,0.0
2012-02-29,56.0,0.0
2012-03-01,55.900001525878906,0.0
2012-03-02,55.59999847412109,0.0
2012-03-05,54.84999847412109,0.0
2012-03-06,54.59999847412109,0.0
2012-03-07,54.400001525878906,0.0
2012-03-08,54.70000076293945,0.0
2012-03-09,54.95000076293945,0.0
2012-03-12,54.34999847412109,0.0
2012-03-13,55.09999847412109,0.0
2012-03-14,55.900001525878906,0.0
2012-03-15,55.650001525878906,0.0
2012-03-16,55.400001525878906,0.0
2012-03-19,55.25,0.0
2012-03-20,54.84999847412109,0.0
2012-03-21,54.84999847412109,0.0
2012-03-22,55.59999847412109,0.0
2012-03-23,55.45000076293945,0.0
2012-03-26,54.54999923706055,0.0
2012-03-27,55.25,0.0
2012-03-28,55.45000076293945,0.0
2012-03-29,54.70000076293945,0.0
2012-03-30,54.900001525878906,0.0
2012-04-02,54.70000076293945,0.0
2012-04-03,54.25,0.0
2012-04-05,53.650001525878906,0.0
2012-04-06,53.75,0.0
2012-04-09,53.09999847412109,0.0
2012-04-10,53.09999847412109,0.0
2012-04-11,53.29999923706055,0.0
2012-04-12,53.34999847412109,0.0
2012-04-13,53.95000076293945,0.0
2012-04-16,53.79999923706055,0.0
2012-04-17,52.900001525878906,0.0
2012-04-18,53.0,0.0
2012-04-19,53.04999923706055,0.0
2012-04-20,52.34999847412109,0.0
2012-04-23,52.29999923706055,0.0
2012-04-24,52.400001525878906,0.0
2012-04-25,52.70000076293945,0.0
2012-04-26,52.29999923706055,0.0
2012-04-27,52.20000076293945,0.0
2012-04-30,52.04999923706055,0.0
2012-05-02,53.34999847412109,0.0
2012-05-03,53.09999847412109,0.0
2012-05-04,53.20000076293945,0.0
2012-05-07,52.04999923706055,0.0
2012-05-08,52.04999923706055,0.0
2012-05-09,51.70000076293945,0.0
2012-05-10,51.70000076293945,0.0
2012-05-11,51.150001525878906,0.0
2012-05-14,51.20000076293945,0.0
2012-05-15,51.20000076293945,0.0
2012-05-16,50.20000076293945,0.0
2012-05-17,50.79999923706055,0.0
2012-05-18,49.66999816894531,0.0
2012-05-21,49.95000076293945,0.0
2012-05-22,50.400001525878906,0.0
2012-05-23,49.4900016784668,0.0
2012-05-24,49.380001068115234,0.0
2012-05-25,49.0099983215332,0.0
2012-05-28,49.470001220703125,0.0
2012-05-29,50.70000076293945,0.0
2012-05-30,50.09999847412109,0.0
2012-05-31,50.150001525878906,0.0
2012-06-01,49.150001525878906,0.0
2012-06-04,47.68000030517578,0.0
2012-06-05,48.29999923706055,0.0
2012-06-06,48.630001068115234,0.0
2012-06-07,48.7400016784668,0.0
2012-06-08,48.0,0.0
2012-06-11,48.9900016784668,0.0
2012-06-12,48.61000061035156,0.0
2012-06-13,48.709999084472656,0.0
2012-06-14,48.77999877929688,0.0
2012-06-15,49.400001525878906,0.0
2012-06-18,50.20000076293945,0.0
2012-06-19,49.90999984741211,0.0
2012-06-20,50.45000076293945,0.0
2012-06-21,50.150001525878906,0.0
2012-06-22,49.560001373291016,0.0
2012-06-25,49.20000076293945,0.0
2012-06-26,48.9900016784668,0.0
2012-06-27,49.45000076293945,0.0
2012-06-28,49.52999877929688,0.0
2012-06-29,50.20000076293945,0.0
2012-07-02,50.59999847412109,0.0
2012-07-03,51.20000076293945,0.0
2012-07-04,51.400001525878906,0.0
2012-07-05,51.29999923706055,0.0
2012-07-06,51.0,0.0
2012-07-09,50.95000076293945,0.0
2012-07-10,50.400001525878906,0.0
2012-07-11,50.54999923706055,0.0
2012-07-12,49.650001525878906,0.0
2012-07-13,49.5,0.0
2012-07-16,49.5,0.0
2012-07-17,49.84999847412109,0.0
2012-07-18,49.20000076293945,0.0
2012-07-19,50.20000076293945,0.0
2012-07-20,50.150001525878906,0.0
2012-07-23,49.25,0.0
2012-07-24,49.119998931884766,0.0
2012-07-25,48.86000061035156,0.0
2012-07-26,48.93999862670898,0.0
2012-07-27,49.91999816894531,0.0
2012-07-30,50.25,0.0
2012-07-31,51.09999847412109,0.0
2012-08-01,51.20000076293945,0.0
2012-08-02,51.20000076293945,0.0
2012-08-03,50.900001525878906,0.0
2012-08-06,51.54999923706055,0.0
2012-08-07,51.59999847412109,0.0
2012-08-08,51.75,0.0
2012-08-09,52.84999847412109,0.0
2012-08-10,52.79999923706055,0.0
2012-08-13,53.0,0.0
2012-08-14,53.25,0.0
2012-08-15,53.04999923706055,0.0
2012-08-16,53.20000076293945,0.0
2012-08-17,52.95000076293945,0.0
2012-08-20,52.79999923706055,0.0
2012-08-21,53.400001525878906,0.0
2012-08-22,53.34999847412109,0.0
2012-08-23,53.29999923706055,0.0
2012-08-24,53.09999847412109,0.0
2012-08-27,53.20000076293945,0.0
2012-08-28,52.5,0.0
2012-08-29,52.70000076293945,0.0
2012-08-30,52.54999923706055,0.0
2012-08-31,52.75,0.0
2012-09-03,53.150001525878906,0.0
2012-09-04,53.04999923706055,0.0
2012-09-05,52.34999847412109,0.0
2012-09-06,52.150001525878906,0.0
2012-09-07,52.95000076293945,0.0
2012-09-10,53.34999847412109,0.0
2012-09-11,53.29999923706055,0.0
2012-09-12,54.04999923706055,0.0
2012-09-13,54.150001525878906,0.0
2012-09-14,55.5,0.0
2012-09-17,55.59999847412109,0.0
2012-09-18,55.400001525878906,0.0
2012-09-19,55.650001525878906,0.0
2012-09-20,55.25,0.0
2012-09-21,55.45000076293945,0.0
2012-09-24,55.5,0.0
2012-09-25,55.29999923706055,0.0
2012-09-26,54.900001525878906,0.0
2012-09-27,55.09999847412109,0.0
2012-09-28,55.150001525878906,0.0
2012-10-01,55.0,0.0
2012-10-02,55.25,0.0
2012-10-03,55.0,0.0
2012-10-04,55.04999923706055,0.0
2012-10-05,55.09999847412109,0.0
2012-10-08,54.650001525878906,0.0
2012-10-09,54.400001525878906,0.0
2012-10-11,53.29999923706055,0.0
2012-10-12,53.150001525878906,0.0
2012-10-15,53.25,0.0
2012-10-16,53.5,0.0
2012-10-17,53.400001525878906,0.0
2012-10-18,53.650001525878906,0.0
2012-10-19,53.25,0.0
2012-10-22,52.900001525878906,0.0
2012-10-23,52.900001525878906,0.0
2012-10-24,51.0,0.0
2012-10-25,50.5,0.0
2012-10-26,49.90999984741211,0.0
2012-10-29,50.0,0.0
2012-10-30,50.45000076293945,0.0
2012-10-31,50.400001525878906,0.0
2012-11-01,50.34999847412109,0.0
2012-11-02,50.70000076293945,0.0
2012-11-05,50.5,0.0
2012-11-06,50.900001525878906,0.0
2012-11-07,51.150001525878906,0.0
2012-11-08,50.75,0.0
2012-11-09,51.09999847412109,0.0
2012-11-12,50.900001525878906,0.0
2012-11-13,50.04999923706055,0.0
2012-11-14,50.150001525878906,0.0
2012-11-15,50.0,0.0
2012-11-16,49.93999862670898,0.0
2012-11-19,50.25,0.0
2012-11-20,50.34999847412109,0.0
2012-11-21,49.970001220703125,0.0
2012-11-22,50.20000076293945,0.0
2012-11-23,51.70000076293945,0.0
2012-11-26,52.20000076293945,0.0
2012-11-27,52.400001525878906,0.0
2012-11-28,52.45000076293945,0.0
2012-11-29,53.09999847412109,0.0
2012-11-30,53.54999923706055,0.0
2012-12-03,53.5,0.0
2012-12-04,53.45000076293945,0.0
2012-12-05,53.75,0.0
2012-12-06,53.59999847412109,0.0
2012-12-07,53.900001525878906,0.0
2012-12-10,53.70000076293945,0.0
2012-12-11,53.650001525878906,0.0
2012-12-12,54.09999847412109,0.0
2012-12-13,54.70000076293945,0.0
2012-12-14,54.20000076293945,0.0
2012-12-17,53.5,0.0
2012-12-18,53.54999923706055,0.0
2012-12-19,53.70000076293945,0.0
2012-12-20,53.04999923706055,0.0
2012-12-21,52.79999923706055,0.0
2012-12-24,52.70000076293945,0.0
2012-12-25,53.59999847412109,0.0
2012-12-26,53.5,0.0
2012-12-27,53.45000076293945,0.0
2012-12-28,53.79999923706055,0.0
2013-01-02,54.400001525878906,0.0
2013-01-03,54.84999847412109,0.0
2013-01-04,54.5,0.0
2013-01-07,54.25,0.0
2013-01-08,53.900001525878906,0.0
2013-01-09,54.09999847412109,0.0
2013-01-10,54.5,0.0
2013-01-11,54.45000076293945,0.0
2013-01-14,54.5,0.0
2013-01-15,54.0,0.0
2013-01-16,53.70000076293945,0.0
2013-01-17,53.29999923706055,0.0
2013-01-18,53.95000076293945,0.0
2013-01-21,53.900001525878906,0.0
2013-01-22,54.04999923706055,0.0
2013-01-23,54.0,0.0
2013-01-24,53.70000076293945,0.0
2013-01-25,53.5,0.0
2013-01-28,53.75,0.0
2013-01-29,54.5,0.0
2013-01-30,54.59999847412109,0.0
2013-01-31,54.59999847412109,0.0
2013-02-01,54.79999923706055,0.0
2013-02-04,55.20000076293945,0.0
2013-02-05,55.0,0.0
2013-02-06,55.400001525878906,0.0
2013-02-18,55.59999847412109,0.0
2013-02-19,55.650001525878906,0.0
2013-02-20,56.09999847412109,0.0
2013-02-21,55.70000076293945,0.0
2013-02-22,55.5,0.0
2013-02-25,55.70000076293945,0.0
2013-02-26,55.09999847412109,0.0
2013-02-27,55.20000076293945,0.0
2013-03-01,55.400001525878906,0.0
2013-03-04,54.75,0.0
2013-03-05,55.20000076293945,0.0
2013-03-06,55.45000076293945,0.0
2013-03-07,55.400001525878906,0.0
2013-03-08,55.79999923706055,0.0
2013-03-11,55.900001525878906,0.0
2013-03-12,55.54999923706055,0.0
2013-03-13,55.650001525878906,0.0
2013-03-14,55.59999847412109,0.0
2013-03-15,55.20000076293945,0.0
2013-03-18,54.5,0.0
2013-03-19,54.59999847412109,0.0
2013-03-20,54.25,0.0
2013-03-21,54.29999923706055,0.0
2013-03-22,54.150001525878906,0.0
2013-03-25,54.54999923706055,0.0
2013-03-26,54.54999923706055,0.0
2013-03-27,54.70000076293945,0.0
2013-03-28,54.54999923706055,0.0
2013-03-29,55.09999847412109,0.0
2013-04-01,55.0,0.0
2013-04-02,54.84999847412109,0.0
2013-04-03,55.0,0.0
2013-04-08,53.84999847412109,0.0
2013-04-09,53.70000076293945,0.0
2013-04-10,53.79999923706055,0.0
2013-04-11,54.34999847412109,0.0
2013-04-12,54.34999847412109,0.0
2013-04-15,53.900001525878906,0.0
2013-04-16,54.0,0.0
2013-04-17,53.900001525878906,0.0
2013-04-18,53.84999847412109,0.0
2013-04-19,55.45000076293945,0.0
2013-04-22,55.400001525878906,0.0
2013-04-23,55.09999847412109,0.0
2013-04-24,55.54999923706055,0.0
2013-04-25,55.650001525878906,0.0
2013-04-26,55.84999847412109,0.0
2013-04-29,55.79999923706055,0.0
2013-04-30,56.400001525878906,0.0
2013-05-02,56.54999923706055,0.0
2013-05-03,56.650001525878906,0.0
2013-05-06,56.900001525878906,0.0
2013-05-07,57.09999847412109,0.0
2013-05-08,57.84999847412109,0.0
2013-05-09,58.20000076293945,0.0
2013-05-10,57.900001525878906,0.0
2013-05-13,57.75,0.0
2013-05-14,57.900001525878906,0.0
2013-05-15,57.95000076293945,0.0
2013-05-16,58.70000076293945,0.0
2013-05-17,58.400001525878906,0.0
2013-05-20,58.29999923706055,0.0
2013-05-21,58.29999923706055,0.0
2013-05-22,58.25,0.0
2013-05-23,57.0,0.0
2013-05-24,56.84999847412109,0.0
2013-05-27,57.34999847412109,0.0
2013-05-28,57.150001525878906,0.0
2013-05-29,57.650001525878906,0.0
2013-05-30,56.95000076293945,0.0
2013-05-31,56.95000076293945,0.0
2013-06-03,56.70000076293945,0.0
2013-06-04,56.59999847412109,0.0
2013-06-05,56.59999847412109,0.0
2013-06-06,55.900001525878906,0.0
2013-06-07,56.04999923706055,0.0
2013-06-10,56.5,0.0
2013-06-11,56.34999847412109,0.0
2013-06-13,55.0,0.0
2013-06-14,54.79999923706055,0.0
2013-06-17,55.150001525878906,0.0
2013-06-18,55.400001525878906,0.0
2013-06-19,55.29999923706055,0.0
2013-06-20,54.25,0.0
2013-06-21,53.59999847412109,0.0
2013-06-24,53.400001525878906,0.0
2013-06-25,53.0,0.0
2013-06-26,53.70000076293945,0.0
2013-06-27,54.34999847412109,0.0
2013-06-28,55.09999847412109,0.0
2013-07-01,55.59999847412109,0.0
2013-07-02,55.5,0.0
2013-07-03,54.84999847412109,0.0
2013-07-04,54.95000076293945,0.0
2013-07-05,56.04999923706055,0.0
2013-07-08,55.0,0.0
2013-07-09,55.650001525878906,0.0
2013-07-10,55.79999923706055,0.0
2013-07-11,57.20000076293945,0.0
2013-07-12,57.34999847412109,0.0
2013-07-15,57.5,0.0
2013-07-16,57.5,0.0
2013-07-17,57.59999847412109,0.0
2013-07-18,57.20000076293945,0.0
2013-07-19,55.95000076293945,0.0
2013-07-22,56.150001525878906,0.0
2013-07-23,57.04999923706055,0.0
2013-07-24,56.900001525878906,0.0
2013-07-25,57.0,0.0
2013-07-26,56.900001525878906,0.0
2013-07-29,56.5,0.0
2013-07-30,56.95000076293945,0.0
2013-07-31,56.59999847412109,0.0
2013-08-01,56.20000076293945,0.0
2013-08-02,56.54999923706055,0.0
2013-08-05,56.70000076293945,0.0
2013-08-06,55.900001525878906,0.0
2013-08-07,55.09999847412109,0.0
2013-08-08,54.900001525878906,0.0
2013-08-09,54.84999847412109,0.0
2013-08-12,55.0,0.0
2013-08-13,55.54999923706055,0.0
2013-08-14,55.400001525878906,0.0
2013-08-15,55.0,0.0
2013-08-16,55.25,0.0
2013-08-19,55.09999847412109,0.0
2013-08-20,54.59999847412109,0.0
2013-08-22,54.150001525878906,0.0
2013-08-23,54.84999847412109,0.0
2013-08-26,55.09999847412109,0.0
2013-08-27,54.59999847412109,0.0
2013-08-28,54.75,0.0
2013-08-29,55.5,0.0
2013-08-30,55.84999847412109,0.0
2013-09-02,56.29999923706055,0.0
2013-09-03,56.650001525878906,0.0
2013-09-04,56.54999923706055,0.0
2013-09-05,56.900001525878906,0.0
2013-09-06,57.0,0.0
2013-09-09,57.20000076293945,0.0
2013-09-10,57.34999847412109,0.0
2013-09-11,57.5,0.0
2013-09-12,57.54999923706055,0.0
2013-09-13,57.09999847412109,0.0
2013-09-16,57.79999923706055,0.0
2013-09-17,57.75,0.0
2013-09-18,57.54999923706055,0.0
2013-09-23,58.0,0.0
2013-09-24,58.04999923706055,0.0
2013-09-25,57.79999923706055,0.0
2013-09-26,57.25,0.0
2013-09-27,57.400001525878906,0.0
2013-09-30,57.150001525878906,0.0
2013-10-01,57.150001525878906,0.0
2013-10-02,57.34999847412109,0.0
2013-10-03,58.54999923706055,0.0
2013-10-04,58.45000076293945,0.0
2013-10-07,57.900001525878906,0.0
2013-10-08,58.34999847412109,0.0
2013-10-09,58.20000076293945,0.0
2013-10-11,58.45000076293945,0.0
2013-10-14,58.0,0.0
2013-10-15,58.5,0.0
2013-10-16,58.25,0.0
2013-10-17,58.54999923706055,0.0
2013-10-18,59.04999923706055,0.0
2013-10-21,59.0,0.0
2013-10-22,59.0,0.0
2013-10-23,58.70000076293945,0.0
2013-10-24,57.54999923706055,1.35
2013-10-25,57.09999847412109,0.0
2013-10-28,57.5,0.0
2013-10-29,57.75,0.0
2013-10-30,57.900001525878906,0.0
2013-10-31,57.900001525878906,0.0
2013-11-01,57.59999847412109,0.0
2013-11-04,57.34999847412109,0.0
2013-11-05,56.79999923706055,0.0
2013-11-06,56.79999923706055,0.0
2013-11-07,56.650001525878906,0.0
2013-11-08,56.45000076293945,0.0
2013-11-11,56.29999923706055,0.0
2013-11-12,56.5,0.0
2013-11-13,55.75,0.0
2013-11-14,55.900001525878906,0.0
2013-11-15,56.150001525878906,0.0
2013-11-18,56.45000076293945,0.0
2013-11-19,56.79999923706055,0.0
2013-11-20,56.45000076293945,0.0
2013-11-21,55.45000076293945,0.0
2013-11-22,55.5,0.0
2013-11-25,56.25,0.0
2013-11-26,56.70000076293945,0.0
2013-11-27,57.0,0.0
2013-11-28,57.34999847412109,0.0
2013-11-29,57.54999923706055,0.0
2013-12-02,57.45000076293945,0.0
2013-12-03,57.5,0.0
2013-12-04,57.45000076293945,0.0
2013-12-05,57.09999847412109,0.0
2013-12-06,57.150001525878906,0.0
2013-12-09,57.650001525878906,0.0
2013-12-10,57.79999923706055,0.0
2013-12-11,57.84999847412109,0.0
2013-12-12,57.400001525878906,0.0
2013-12-13,57.34999847412109,0.0
2013-12-16,56.900001525878906,0.0
2013-12-17,57.20000076293945,0.0
2013-12-18,57.0,0.0
2013-12-19,57.34999847412109,0.0
2013-12-20,57.45000076293945,0.0
2013-12-23,57.84999847412109,0.0
2013-12-24,57.79999923706055,0.0
2013-12-25,57.84999847412109,0.0
2013-12-26,57.84999847412109,0.0
2013-12-27,58.29999923706055,0.0
2013-12-30,58.79999923706055,0.0
2013-12-31,58.70000076293945,0.0
2014-01-02,14.637499809265137,0.0
2014-01-03,14.462499618530272,0.0
2014-01-06,14.425000190734863,0.0
2014-01-07,14.425000190734863,0.0
2014-01-08,14.449999809265137,0.0
2014-01-09,14.387499809265137,0.0
2014-01-10,14.387499809265137,0.0
2014-01-13,14.475000381469728,0.0
2014-01-14,14.449999809265137,0.0
2014-01-15,14.600000381469728,0.0
2014-01-16,14.637499809265137,0.0
2014-01-17,14.662500381469728,0.0
2014-01-20,14.699999809265137,0.0
2014-01-21,14.637499809265137,0.0
2014-01-22,14.662500381469728,0.0
2014-01-23,14.625,0.0
2014-01-24,14.662500381469728,0.0
2014-01-27,14.399999618530272,0.0
2014-02-05,13.949999809265137,0.0
2014-02-06,14.0,0.0
2014-02-07,14.149999618530272,0.0
2014-02-10,14.149999618530272,0.0
2014-02-11,14.237500190734863,0.0
2014-02-12,14.387499809265137,0.0
2014-02-13,14.350000381469728,0.0
2014-02-14,14.487500190734863,0.0
2014-02-17,14.487500190734863,0.0
2014-02-18,14.537500381469728,0.0
2014-02-19,14.537500381469728,0.0
2014-02-20,14.412500381469728,0.0
2014-02-21,14.550000190734863,0.0
2014-02-24,14.475000381469728,0.0
2014-02-25,14.537500381469728,0.0
2014-02-26,14.600000381469728,0.0
2014-02-27,14.574999809265137,0.0
2014-03-03,14.487500190734863,0.0
2014-03-04,14.425000190734863,0.0
2014-03-05,14.574999809265137,0.0
2014-03-06,14.787500381469728,0.0
2014-03-07,14.850000381469728,0.0
2014-03-10,14.762499809265137,0.0
2014-03-11,14.837499618530272,0.0
2014-03-12,14.699999809265137,0.0
2014-03-13,14.9375,0.0
2014-03-14,14.787500381469728,0.0
2014-03-17,14.762499809265137,0.0
2014-03-18,14.850000381469728,0.0
2014-03-19,14.8125,0.0
2014-03-20,14.625,0.0
2014-03-21,14.625,0.0
2014-03-24,14.662500381469728,0.0
2014-03-25,14.787500381469728,0.0
2014-03-26,14.925000190734863,0.0
2014-03-27,14.949999809265137,0.0
2014-03-28,14.975000381469728,0.0
2014-03-31,15.024999618530272,0.0
2014-04-01,15.149999618530272,0.0
2014-04-02,15.199999809265137,0.0
2014-04-03,15.162500381469728,0.0
2014-04-07,15.125,0.0
2014-04-08,15.199999809265137,0.0
2014-04-09,15.25,0.0
2014-04-10,15.300000190734863,0.0
2014-04-11,15.287500381469728,0.0
2014-04-14,15.262499809265137,0.0
2014-04-15,15.337499618530272,0.0
2014-04-16,15.324999809265137,0.0
2014-04-17,15.287500381469728,0.0
2014-04-18,15.387499809265137,0.0
2014-04-21,15.387499809265137,0.0
2014-04-22,15.4375,0.0
2014-04-23,15.412500381469728,0.0
2014-04-24,15.4375,0.0
2014-04-25,15.175000190734863,0.0
2014-04-28,15.3125,0.0
2014-04-29,15.337499618530272,0.0
2014-04-30,15.25,0.0
2014-05-02,15.324999809265137,0.0
2014-05-05,15.300000190734863,0.0
2014-05-06,15.387499809265137,0.0
2014-05-07,15.350000381469728,0.0
2014-05-08,15.462499618530272,0.0
2014-05-09,15.362500190734863,0.0
2014-05-12,15.287500381469728,0.0
2014-05-13,15.362500190734863,0.0
2014-05-14,15.449999809265137,0.0
2014-05-15,15.4375,0.0
2014-05-16,15.462499618530272,0.0
2014-05-19,15.462499618530272,0.0
2014-05-20,15.524999618530272,0.0
2014-05-21,15.449999809265137,0.0
2014-05-22,15.662500381469728,0.0
2014-05-23,15.6875,0.0
2014-05-26,15.762499809265137,0.0
2014-05-27,15.774999618530272,0.0
2014-05-28,15.925000190734863,0.0
2014-05-29,15.850000381469728,0.0
2014-05-30,15.774999618530272,0.0
2014-06-03,15.787500381469728,0.0
2014-06-04,15.850000381469728,0.0
2014-06-05,15.850000381469728,0.0
2014-06-06,15.887499809265137,0.0
2014-06-09,15.949999809265137,0.0
2014-06-10,16.049999237060547,0.0
2014-06-11,16.037500381469727,0.0
2014-06-12,16.0,0.0
2014-06-13,15.962499618530272,0.0
2014-06-16,15.975000381469728,0.0
2014-06-17,16.087499618530273,0.0
2014-06-18,16.125,0.0
2014-06-19,16.237499237060547,0.0
2014-06-20,16.1875,0.0
2014-06-23,16.174999237060547,0.0
2014-06-24,16.200000762939453,0.0
2014-06-25,16.162500381469727,0.0
2014-06-26,16.337499618530273,0.0
2014-06-27,16.337499618530273,0.0
2014-06-30,16.487499237060547,0.0
2014-07-01,16.637500762939453,0.0
2014-07-02,16.774999618530273,0.0
2014-07-03,16.924999237060547,0.0
2014-07-04,16.924999237060547,0.0
2014-07-07,16.899999618530273,0.0
2014-07-08,16.9375,0.0
2014-07-09,16.962499618530273,0.0
2014-07-10,17.087499618530273,0.0
2014-07-11,17.075000762939453,0.0
2014-07-14,17.174999237060547,0.0
2014-07-15,17.237499237060547,0.0
2014-07-16,17.087499618530273,0.0
2014-07-17,16.875,0.0
2014-07-18,16.875,0.0
2014-07-21,16.875,0.0
2014-07-22,17.024999618530273,0.0
2014-07-23,17.024999618530273,0.0
2014-07-24,17.100000381469727,0.0
2014-07-25,16.912500381469727,0.0
2014-07-28,16.875,0.0
2014-07-29,16.862499237060547,0.0
2014-07-30,16.962499618530273,0.0
2014-07-31,16.6875,0.0
2014-08-01,16.5625,0.0
2014-08-04,16.649999618530273,0.0
2014-08-05,16.3125,0.0
2014-08-06,16.424999237060547,0.0
2014-08-07,16.424999237060547,0.0
2014-08-08,16.424999237060547,0.0
2014-08-11,16.512500762939453,0.0
2014-08-12,16.524999618530273,0.0
2014-08-13,16.6875,0.0
2014-08-14,16.774999618530273,0.0
2014-08-15,16.774999618530273,0.0
2014-08-18,16.725000381469727,0.0
2014-08-19,16.9375,0.0
2014-08-20,17.0,0.0
2014-08-21,16.975000381469727,0.0
2014-08-22,17.1875,0.0
2014-08-25,17.162500381469727,0.0
2014-08-26,17.149999618530273,0.0
2014-08-27,17.3125,0.0
2014-08-28,17.337499618530273,0.0
2014-08-29,17.299999237060547,0.0
2014-09-01,17.450000762939453,0.0
2014-09-02,17.1875,0.0
2014-09-03,17.3125,0.0
2014-09-04,17.25,0.0
2014-09-05,17.25,0.0
2014-09-09,17.3125,0.0
2014-09-10,17.162500381469727,0.0
2014-09-11,17.100000381469727,0.0
2014-09-12,16.9375,0.0
2014-09-15,16.9375,0.0
2014-09-16,16.799999237060547,0.0
2014-09-17,16.924999237060547,0.0
2014-09-18,16.962499618530273,0.0
2014-09-19,17.0,0.0
2014-09-22,16.737499237060547,0.0
2014-09-23,16.700000762939453,0.0
2014-09-24,16.637500762939453,0.0
2014-09-25,16.487499237060547,0.0
2014-09-26,16.399999618530273,0.0
2014-09-29,16.350000381469727,0.0
2014-09-30,16.325000762939453,0.0
2014-10-01,16.375,0.0
2014-10-02,16.375,0.0
2014-10-03,16.674999237060547,0.0
2014-10-06,16.662500381469727,0.0
2014-10-07,16.524999618530273,0.0
2014-10-08,16.424999237060547,0.0
2014-10-09,16.5,0.0
2014-10-13,16.0,0.0
2014-10-14,16.137500762939453,0.0
2014-10-15,16.024999618530273,0.0
2014-10-16,16.0,0.0
2014-10-17,15.837499618530272,0.0
2014-10-20,16.149999618530273,0.0
2014-10-21,16.075000762939453,0.0
2014-10-22,16.325000762939453,0.0
2014-10-23,16.262500762939453,0.0
2014-10-24,15.762499809265137,1.55
2014-10-27,15.8125,0.0
2014-10-28,16.087499618530273,0.0
2014-10-29,16.25,0.0
2014-10-30,16.200000762939453,0.0
2014-10-31,16.325000762939453,0.0
2014-11-03,16.399999618530273,0.0
2014-11-04,16.412500381469727,0.0
2014-11-05,16.375,0.0
2014-11-06,16.274999618530273,0.0
2014-11-07,16.299999237060547,0.0
2014-11-10,16.537500381469727,0.0
2014-11-11,16.487499237060547,0.0
2014-11-12,16.25,0.0
2014-11-13,16.412500381469727,0.0
2014-11-14,16.424999237060547,0.0
2014-11-17,16.274999618530273,0.0
2014-11-18,16.225000381469727,0.0
2014-11-19,16.462499618530273,0.0
2014-11-20,16.649999618530273,0.0
2014-11-21,16.662500381469727,0.0
2014-11-24,16.700000762939453,0.0
2014-11-25,16.712499618530273,0.0
2014-11-26,16.712499618530273,0.0
2014-11-27,16.875,0.0
2014-11-28,16.875,0.0
2014-12-01,16.700000762939453,0.0
2014-12-02,16.450000762939453,0.0
2014-12-03,16.712499618530273,0.0
2014-12-04,16.774999618530273,0.0
2014-12-05,16.712499618530273,0.0
2014-12-08,16.587499618530273,0.0
2014-12-09,16.549999237060547,0.0
2014-12-10,16.325000762939453,0.0
2014-12-11,16.3125,0.0
2014-12-12,16.325000762939453,0.0
2014-12-15,16.274999618530273,0.0
2014-12-16,16.137500762939453,0.0
2014-12-17,15.887499809265137,0.0
2014-12-18,15.925000190734863,0.0
2014-12-19,16.299999237060547,0.0
2014-12-22,16.5,0.0
2014-12-23,16.450000762939453,0.0
2014-12-24,16.575000762939453,0.0
2014-12-25,16.575000762939453,0.0
2014-12-26,16.612499237060547,0.0
2014-12-29,16.799999237060547,0.0
2014-12-30,16.712499618530273,0.0
2014-12-31,16.712499618530273,0.0
2015-01-05,16.637500762939453,0.0
2015-01-06,16.225000381469727,0.0
2015-01-07,16.25,0.0
2015-01-08,16.625,0.0
2015-01-09,16.537500381469727,0.0
2015-01-12,16.4375,0.0
2015-01-13,16.487499237060547,0.0
2015-01-14,16.399999618530273,0.0
2015-01-15,16.450000762939453,0.0
2015-01-16,16.375,0.0
2015-01-19,16.5625,0.0
2015-01-20,16.6875,0.0
2015-01-21,16.8125,0.0
2015-01-22,16.899999618530273,0.0
2015-01-23,17.174999237060547,0.0
2015-01-26,17.174999237060547,0.0
2015-01-27,17.287500381469727,0.0
2015-01-28,17.287500381469727,0.0
2015-01-29,17.075000762939453,0.0
2015-01-30,17.0,0.0
2015-02-02,17.037500381469727,0.0
2015-02-03,17.162500381469727,0.0
2015-02-04,17.350000381469727,0.0
2015-02-05,17.274999618530273,0.0
2015-02-06,17.1875,0.0
2015-02-09,17.125,0.0
2015-02-10,17.0625,0.0
2015-02-11,17.25,0.0
2015-02-12,17.25,0.0
2015-02-13,17.362499237060547,0.0
2015-02-24,17.5625,0.0
2015-02-25,17.700000762939453,0.0
2015-02-26,17.575000762939453,0.0
2015-03-02,17.5,0.0
2015-03-03,17.475000381469727,0.0
2015-03-04,17.487499237060547,0.0
2015-03-05,17.424999237060547,0.0
2015-03-06,17.450000762939453,0.0
2015-03-09,17.274999618530273,0.0
2015-03-10,17.237499237060547,0.0
2015-03-11,17.262500762939453,0.0
2015-03-12,17.412500381469727,0.0
2015-03-13,17.362499237060547,0.0
2015-03-16,17.225000381469727,0.0
2015-03-17,17.287500381469727,0.0
2015-03-18,17.475000381469727,0.0
2015-03-19,17.662500381469727,0.0
2015-03-20,17.637500762939453,0.0
2015-03-23,17.6875,0.0
2015-03-24,17.625,0.0
2015-03-25,17.5625,0.0
2015-03-26,17.350000381469727,0.0
2015-03-27,17.1875,0.0
2015-03-30,17.200000762939453,0.0
2015-03-31,17.262500762939453,0.0
2015-04-01,17.162500381469727,0.0
2015-04-02,17.375,0.0
2015-04-07,17.399999618530273,0.0
2015-04-08,17.25,0.0
2015-04-09,17.274999618530273,0.0
2015-04-10,17.412500381469727,0.0
2015-04-13,17.462499618530273,0.0
2015-04-14,17.375,0.0
2015-04-15,17.162500381469727,0.0
2015-04-16,17.424999237060547,0.0
2015-04-17,17.262500762939453,0.0
2015-04-20,17.237499237060547,0.0
2015-04-21,17.237499237060547,0.0
2015-04-22,17.412500381469727,0.0
2015-04-23,17.875,0.0
2015-04-24,18.049999237060547,0.0
2015-04-27,18.1875,0.0
2015-04-28,18.14999961853028,0.0
2015-04-29,17.950000762939453,0.0
2015-04-30,17.862499237060547,0.0
2015-05-04,17.899999618530273,0.0
2015-05-05,17.799999237060547,0.0
2015-05-06,17.825000762939453,0.0
2015-05-07,17.612499237060547,0.0
2015-05-08,17.625,0.0
2015-05-11,17.712499618530273,0.0
2015-05-12,17.674999237060547,0.0
2015-05-13,17.774999618530273,0.0
2015-05-14,17.524999618530273,0.0
2015-05-15,17.5,0.0
2015-05-18,17.5625,0.0
2015-05-19,17.825000762939453,0.0
2015-05-20,17.700000762939453,0.0
2015-05-21,17.537500381469727,0.0
2015-05-22,17.674999237060547,0.0
2015-05-25,17.674999237060547,0.0
2015-05-26,17.75,0.0
2015-05-27,17.787500381469727,0.0
2015-05-28,17.875,0.0
2015-05-29,17.774999618530273,0.0
2015-06-01,17.625,0.0
2015-06-02,17.600000381469727,0.0
2015-06-03,17.487499237060547,0.0
2015-06-04,17.149999618530273,0.0
2015-06-05,17.112499237060547,0.0
2015-06-08,17.225000381469727,0.0
2015-06-09,17.087499618530273,0.0
2015-06-10,17.162500381469727,0.0
2015-06-11,17.212499618530273,0.0
2015-06-12,17.200000762939453,0.0
2015-06-15,17.162500381469727,0.0
2015-06-16,17.049999237060547,0.0
2015-06-17,17.125,0.0
2015-06-18,17.100000381469727,0.0
2015-06-22,17.337499618530273,0.0
2015-06-23,17.387500762939453,0.0
2015-06-24,17.412500381469727,0.0
2015-06-25,17.612499237060547,0.0
2015-06-26,17.612499237060547,0.0
2015-06-29,17.200000762939453,0.0
2015-06-30,17.350000381469727,0.0
2015-07-01,17.512500762939453,0.0
2015-07-02,17.524999618530273,0.0
2015-07-03,17.524999618530273,0.0
2015-07-06,17.325000762939453,0.0
2015-07-07,17.399999618530273,0.0
2015-07-08,16.875,0.0
2015-07-09,16.774999618530273,0.0
2015-07-10,16.774999618530273,0.0
2015-07-13,17.024999618530273,0.0
2015-07-14,17.024999618530273,0.0
2015-07-15,17.0625,0.0
2015-07-16,17.149999618530273,0.0
2015-07-17,17.125,0.0
2015-07-20,17.0,0.0
2015-07-21,17.162500381469727,0.0
2015-07-22,16.950000762939453,0.0
2015-07-23,16.787500381469727,0.0
2015-07-24,16.6875,0.0
2015-07-27,16.450000762939453,0.0
2015-07-28,16.462499618530273,0.0
2015-07-29,16.350000381469727,0.0
2015-07-30,16.625,0.0
2015-07-31,16.537500381469727,0.0
2015-08-03,16.3125,0.0
2015-08-04,16.325000762939453,0.0
2015-08-05,16.424999237060547,0.0
2015-08-06,16.25,0.0
2015-08-07,16.174999237060547,0.0
2015-08-10,16.137500762939453,0.0
2015-08-11,16.137500762939453,0.0
2015-08-12,15.862500190734863,0.0
2015-08-13,15.887499809265137,0.0
2015-08-14,15.824999809265137,0.0
2015-08-17,15.725000381469728,0.0
2015-08-18,15.637499809265137,0.0
2015-08-19,15.399999618530272,0.0
2015-08-20,15.350000381469728,0.0
2015-08-21,14.949999809265137,0.0
2015-08-24,14.375,0.0
2015-08-25,15.0,0.0
2015-08-26,15.087499618530272,0.0
2015-08-27,15.037500381469728,0.0
2015-08-28,15.449999809265137,0.0
2015-08-31,15.574999809265137,0.0
2015-09-01,15.4375,0.0
2015-09-02,15.524999618530272,0.0
2015-09-03,15.537500381469728,0.0
2015-09-04,15.337499618530272,0.0
2015-09-07,15.3125,0.0
2015-09-08,15.362500190734863,0.0
2015-09-09,16.037500381469727,0.0
2015-09-10,15.862500190734863,0.0
2015-09-11,15.875,0.0
2015-09-14,15.912500381469728,0.0
2015-09-15,15.787500381469728,0.0
2015-09-16,15.975000381469728,0.0
2015-09-17,16.25,0.0
2015-09-18,16.212499618530273,0.0
2015-09-21,15.862500190734863,0.0
2015-09-22,15.949999809265137,0.0
2015-09-23,15.587499618530272,0.0
2015-09-24,15.5,0.0
2015-09-25,15.5625,0.0
2015-09-29,15.5625,0.0
2015-09-30,15.600000381469728,0.0
2015-10-01,15.899999618530272,0.0
2015-10-02,15.8125,0.0
2015-10-05,15.850000381469728,0.0
2015-10-06,15.975000381469728,0.0
2015-10-07,16.212499618530273,0.0
2015-10-08,16.174999237060547,0.0
2015-10-12,16.387500762939453,0.0
2015-10-13,16.325000762939453,0.0
2015-10-14,16.262500762939453,0.0
2015-10-15,16.5,0.0
2015-10-16,16.4375,0.0
2015-10-19,16.487499237060547,0.0
2015-10-20,16.487499237060547,0.0
2015-10-21,16.375,0.0
2015-10-22,16.375,0.0
2015-10-23,16.475000381469727,0.0
2015-10-26,16.137500762939453,0.5
2015-10-27,16.049999237060547,0.0
2015-10-28,15.9375,0.0
2015-10-29,15.824999809265137,0.0
2015-10-30,15.800000190734863,0.0
2015-11-02,15.824999809265137,0.0
2015-11-03,16.075000762939453,0.0
2015-11-04,16.387500762939453,0.0
2015-11-05,16.350000381469727,0.0
2015-11-06,16.024999618530273,0.0
2015-11-09,15.912500381469728,0.0
2015-11-10,15.725000381469728,0.0
2015-11-11,15.537500381469728,0.0
2015-11-12,15.5625,0.0
2015-11-13,15.399999618530272,0.0
2015-11-16,15.287500381469728,0.0
2015-11-17,15.587499618530272,0.0
2015-11-18,15.350000381469728,0.0
2015-11-19,15.574999809265137,0.0
2015-11-20,15.574999809265137,0.0
2015-11-23,15.649999618530272,0.0
2015-11-24,15.487500190734863,0.0
2015-11-25,15.487500190734863,0.0
2015-11-26,15.699999809265137,0.0
2015-11-27,15.487500190734863,0.0
2015-11-30,15.300000190734863,0.0
2015-12-01,15.600000381469728,0.0
2015-12-02,15.574999809265137,0.0
2015-12-03,15.600000381469728,0.0
2015-12-04,15.4375,0.0
2015-12-07,15.625,0.0
2015-12-08,15.375,0.0
2015-12-09,15.1875,0.0
2015-12-10,15.137499809265137,0.0
2015-12-11,14.962499618530272,0.0
2015-12-14,14.850000381469728,0.0
2015-12-15,14.862500190734863,0.0
2015-12-16,15.087499618530272,0.0
2015-12-17,15.262499809265137,0.0
2015-12-18,15.1875,0.0
2015-12-21,15.162500381469728,0.0
2015-12-22,15.199999809265137,0.0
2015-12-23,15.225000381469728,0.0
2015-12-24,15.300000190734863,0.0
2015-12-25,15.399999618530272,0.0
2015-12-28,15.362500190734863,0.0
2015-12-29,15.25,0.0
2015-12-30,15.137499809265137,0.0
2015-12-31,15.1875,0.0
2016-01-04,14.887499809265137,0.0
2016-01-05,14.762499809265137,0.0
2016-01-06,14.612500190734863,0.0
2016-01-07,14.337499618530272,0.0
2016-01-08,14.362500190734863,0.0
2016-01-11,14.137499809265137,0.0
2016-01-12,14.125,0.0
2016-01-13,14.287500381469728,0.0
2016-01-14,14.175000190734863,0.0
2016-01-15,14.175000190734863,0.0
2016-01-18,14.274999618530272,0.0
2016-01-19,14.3125,0.0
2016-01-20,13.975000381469728,0.0
2016-01-21,13.949999809265137,0.0
2016-01-22,14.137499809265137,0.0
2016-01-25,14.387499809265137,0.0
2016-01-26,14.25,0.0
2016-01-27,14.3125,0.0
2016-01-28,14.387499809265137,0.0
2016-01-29,14.75,0.0
2016-02-01,14.887499809265137,0.0
2016-02-02,14.837499618530272,0.0
2016-02-03,14.737500190734863,0.0
2016-02-15,14.75,0.0
2016-02-16,15.0625,0.0
2016-02-17,14.987500190734863,0.0
2016-02-18,15.225000381469728,0.0
2016-02-19,15.212499618530272,0.0
2016-02-22,15.199999809265137,0.0
2016-02-23,15.212499618530272,0.0
2016-02-24,15.074999809265137,0.0
2016-02-25,15.274999618530272,0.0
2016-02-26,15.3125,0.0
2016-03-01,15.462499618530272,0.0
2016-03-02,15.587499618530272,0.0
2016-03-03,15.737500190734863,0.0
2016-03-04,15.774999618530272,0.0
2016-03-07,15.774999618530272,0.0
2016-03-08,15.762499809265137,0.0
2016-03-09,15.774999618530272,0.0
2016-03-10,15.8125,0.0
2016-03-11,15.887499809265137,0.0
2016-03-14,16.0,0.0
2016-03-15,15.762499809265137,0.0
2016-03-16,15.899999618530272,0.0
2016-03-17,16.075000762939453,0.0
2016-03-18,16.174999237060547,0.0
2016-03-21,16.149999618530273,0.0
2016-03-22,16.100000381469727,0.0
2016-03-23,16.087499618530273,0.0
2016-03-24,16.087499618530273,0.0
2016-03-25,16.012500762939453,0.0
2016-03-28,16.024999618530273,0.0
2016-03-29,15.912500381469728,0.0
2016-03-30,16.174999237060547,0.0
2016-03-31,16.162500381469727,0.0
2016-04-01,15.975000381469728,0.0
2016-04-06,15.600000381469728,0.0
2016-04-07,15.537500381469728,0.0
2016-04-08,15.6875,0.0
2016-04-11,15.75,0.0
2016-04-12,15.737500190734863,0.0
2016-04-13,16.012500762939453,0.0
2016-04-14,16.0625,0.0
2016-04-15,16.0625,0.0
2016-04-18,15.962499618530272,0.0
2016-04-19,15.899999618530272,0.0
2016-04-20,15.662500381469728,0.0
2016-04-21,15.737500190734863,0.0
2016-04-22,15.800000190734863,0.0
2016-04-25,15.8125,0.0
2016-04-26,15.875,0.0
2016-04-27,15.850000381469728,0.0
2016-04-28,15.600000381469728,0.0
2016-04-29,15.399999618530272,0.0
2016-05-03,15.1875,0.0
2016-05-04,15.024999618530272,0.0
2016-05-05,15.050000190734863,0.0
2016-05-06,14.925000190734863,0.0
2016-05-09,14.925000190734863,0.0
2016-05-10,15.0,0.0
2016-05-11,14.962499618530272,0.0
2016-05-12,14.949999809265137,0.0
2016-05-13,14.787500381469728,0.0
2016-05-16,14.899999618530272,0.0
2016-05-17,15.012499809265137,0.0
2016-05-18,14.987500190734863,0.0
2016-05-19,14.912500381469728,0.0
2016-05-20,15.0,0.0
2016-05-23,15.5,0.0
2016-05-24,15.337499618530272,0.0
2016-05-25,15.5,0.0
2016-05-26,15.537500381469728,0.0
2016-05-27,15.649999618530272,0.0
2016-05-30,15.787500381469728,0.0
2016-05-31,15.787500381469728,0.0
2016-06-01,15.925000190734863,0.0
2016-06-02,15.925000190734863,0.0
2016-06-03,15.962499618530272,0.0
2016-06-06,16.012500762939453,0.0
2016-06-07,16.225000381469727,0.0
2016-06-08,16.3125,0.0
2016-06-13,15.9375,0.0
2016-06-14,16.037500381469727,0.0
2016-06-15,16.0625,0.0
2016-06-16,15.837499618530272,0.0
2016-06-17,16.012500762939453,0.0
2016-06-20,16.125,0.0
2016-06-21,16.1875,0.0
2016-06-22,16.237499237060547,0.0
2016-06-23,16.200000762939453,0.0
2016-06-24,15.774999618530272,0.0
2016-06-27,15.9375,0.0
2016-06-28,16.0,0.0
2016-06-29,16.174999237060547,0.0
2016-06-30,16.362499237060547,0.0
2016-07-01,16.5625,0.0
2016-07-04,16.575000762939453,0.0
2016-07-05,16.524999618530273,0.0
2016-07-06,16.225000381469727,0.0
2016-07-07,16.424999237060547,0.0
2016-07-08,16.424999237060547,0.0
2016-07-11,16.75,0.0
2016-07-12,16.899999618530273,0.0
2016-07-13,16.912500381469727,0.0
2016-07-14,16.924999237060547,0.0
2016-07-15,17.125,0.0
2016-07-18,17.287500381469727,0.0
2016-07-19,17.3125,0.0
2016-07-20,17.299999237060547,0.0
2016-07-21,17.387500762939453,0.0
2016-07-22,17.325000762939453,0.0
2016-07-25,17.25,0.0
2016-07-26,17.350000381469727,0.0
2016-07-27,17.424999237060547,0.0
2016-07-28,17.262500762939453,0.2125
2016-07-29,17.137500762939453,0.0
2016-08-01,17.325000762939453,0.0
2016-08-02,17.325000762939453,0.0
2016-08-03,17.1875,0.0
2016-08-04,17.225000381469727,0.0
2016-08-05,17.399999618530273,0.0
2016-08-08,17.512500762939453,0.0
2016-08-09,17.600000381469727,0.0
2016-08-10,17.649999618530273,0.0
2016-08-11,17.487499237060547,0.0
2016-08-12,17.549999237060547,0.0
2016-08-15,17.587499618530273,0.0
2016-08-16,17.487499237060547,0.0
2016-08-17,17.512500762939453,0.0
2016-08-18,17.475000381469727,0.0
2016-08-19,17.299999237060547,0.0
2016-08-22,17.174999237060547,0.0
2016-08-23,17.350000381469727,0.0
2016-08-24,17.299999237060547,0.0
2016-08-25,17.5,0.0
2016-08-26,17.524999618530273,0.0
2016-08-29,17.512500762939453,0.0
2016-08-30,17.5,0.0
2016-08-31,17.350000381469727,0.0
2016-09-01,17.262500762939453,0.0
2016-09-02,17.287500381469727,0.0
2016-09-05,17.575000762939453,0.0
2016-09-06,17.712499618530273,0.0
2016-09-07,17.962499618530273,0.0
2016-09-08,17.899999618530273,0.0
2016-09-09,17.600000381469727,0.0
2016-09-12,17.212499618530273,0.0
2016-09-13,17.212499618530273,0.0
2016-09-14,17.112499237060547,0.0
2016-09-19,17.75,0.0
2016-09-20,17.725000381469727,0.0
2016-09-21,17.8125,0.0
2016-09-22,17.850000381469727,0.0
2016-09-23,17.975000381469727,0.0
2016-09-26,17.75,0.0
2016-09-27,17.75,0.0
2016-09-28,17.75,0.0
2016-09-29,17.975000381469727,0.0
2016-09-30,17.737499237060547,0.0
2016-10-03,17.862499237060547,0.0
2016-10-04,17.9375,0.0
2016-10-05,17.875,0.0
2016-10-06,17.924999237060547,0.0
2016-10-07,17.912500381469727,0.0
2016-10-11,17.862499237060547,0.0
2016-10-12,18.0625,0.0
2016-10-13,17.924999237060547,0.0
2016-10-14,17.862499237060547,0.0
2016-10-17,17.862499237060547,0.0
2016-10-18,17.987499237060547,0.0
2016-10-19,18.08749961853028,0.0
2016-10-20,18.162500381469727,0.0
2016-10-21,18.14999961853028,0.0
2016-10-24,18.174999237060547,0.0
2016-10-25,18.350000381469727,0.0
2016-10-26,18.25,0.0
2016-10-27,18.14999961853028,0.0
2016-10-28,18.14999961853028,0.0
2016-10-31,18.14999961853028,0.0
2016-11-01,18.14999961853028,0.0
2016-11-02,17.9375,0.0
2016-11-03,17.799999237060547,0.0
2016-11-04,17.75,0.0
2016-11-07,18.0,0.0
2016-11-08,18.08749961853028,0.0
2016-11-09,17.5,0.0
2016-11-10,18.0,0.0
2016-11-11,17.512500762939453,0.0
2016-11-14,17.524999618530273,0.0
2016-11-15,17.475000381469727,0.0
2016-11-16,17.5,0.0
2016-11-17,17.549999237060547,0.0
2016-11-18,17.600000381469727,0.0
2016-11-21,17.625,0.0
2016-11-22,17.862499237060547,0.0
2016-11-23,17.950000762939453,0.0
2016-11-24,17.850000381469727,0.0
2016-11-25,17.837499618530273,0.0
2016-11-28,17.9375,0.0
2016-11-29,17.912500381469727,0.0
2016-11-30,17.924999237060547,0.0
2016-12-01,18.0,0.0
2016-12-02,17.799999237060547,0.0
2016-12-05,17.774999618530273,0.0
2016-12-06,18.0,0.0
2016-12-07,18.0,0.0
2016-12-08,18.225000381469727,0.0
2016-12-09,18.287500381469727,0.0
2016-12-12,18.21249961853028,0.0
2016-12-13,18.237499237060547,0.0
2016-12-14,18.27499961853028,0.0
2016-12-15,18.25,0.0
2016-12-16,18.075000762939453,0.0
2016-12-19,17.962499618530273,0.0
2016-12-20,17.9375,0.0
2016-12-21,17.924999237060547,0.0
2016-12-22,17.700000762939453,0.0
2016-12-23,17.637500762939453,0.0
2016-12-26,17.700000762939453,0.0
2016-12-27,17.6875,0.0
2016-12-28,17.899999618530273,0.0
2016-12-29,17.8125,0.0
2016-12-30,17.950000762939453,0.0
2017-01-03,17.975000381469727,0.0
2017-01-04,17.962499618530273,0.0
2017-01-05,18.125,0.0
2017-01-06,18.162500381469727,0.0
2017-01-09,18.112499237060547,0.0
2017-01-10,18.100000381469727,0.0
2017-01-11,18.100000381469727,0.0
2017-01-12,18.287500381469727,0.0
2017-01-13,18.14999961853028,0.0
2017-01-16,18.0,0.0
2017-01-17,18.075000762939453,0.0
2017-01-18,18.037500381469727,0.0
2017-01-19,17.987499237060547,0.0
2017-01-20,18.037500381469727,0.0
2017-01-23,18.1875,0.0
2017-01-24,18.325000762939453,0.0
2017-02-02,18.225000381469727,0.0
2017-02-03,18.21249961853028,0.0
2017-02-06,18.3125,0.0
2017-02-07,18.325000762939453,0.0
2017-02-08,17.9375,0.425
2017-02-09,18.0,0.0
2017-02-10,18.200000762939453,0.0
2017-02-13,18.237499237060547,0.0
2017-02-14,18.299999237060547,0.0
2017-02-15,18.475000381469727,0.0
2017-02-16,18.362499237060547,0.0
2017-02-17,18.33749961853028,0.0
2017-02-20,18.27499961853028,0.0
2017-02-21,18.3125,0.0
2017-02-22,18.325000762939453,0.0
2017-02-23,18.27499961853028,0.0
2017-02-24,18.287500381469727,0.0
2017-03-01,18.08749961853028,0.0
2017-03-02,18.137500762939453,0.0
2017-03-03,18.02499961853028,0.0
2017-03-06,18.037500381469727,0.0
2017-03-07,18.112499237060547,0.0
2017-03-08,18.21249961853028,0.0
2017-03-09,18.012500762939453,0.0
2017-03-10,18.0,0.0
2017-03-13,18.125,0.0
2017-03-14,18.25,0.0
2017-03-15,18.21249961853028,0.0
2017-03-16,18.450000762939453,0.0
2017-03-17,18.5,0.0
2017-03-20,18.487499237060547,0.0
2017-03-21,18.725000381469727,0.0
2017-03-22,18.549999237060547,0.0
2017-03-23,18.58749961853028,0.0
2017-03-24,18.5625,0.0
2017-03-27,18.549999237060547,0.0
2017-03-28,18.5625,0.0
2017-03-29,18.5,0.0
2017-03-30,18.475000381469727,0.0
2017-03-31,18.424999237060547,0.0
2017-04-05,18.662500381469727,0.0
2017-04-06,18.600000381469727,0.0
2017-04-07,18.52499961853028,0.0
2017-04-10,18.549999237060547,0.0
2017-04-11,18.475000381469727,0.0
2017-04-12,18.512500762939453,0.0
2017-04-13,18.600000381469727,0.0
2017-04-14,18.387500762939453,0.0
2017-04-17,18.39999961853028,0.0
2017-04-18,18.39999961853028,0.0
2017-04-19,18.200000762939453,0.0
2017-04-20,18.200000762939453,0.0
2017-04-21,18.375,0.0
2017-04-24,18.412500381469727,0.0
2017-04-25,18.58749961853028,0.0
2017-04-26,18.637500762939453,0.0
2017-04-27,18.625,0.0
2017-04-28,18.637500762939453,0.0
2017-05-02,18.799999237060547,0.0
2017-05-03,18.887500762939453,0.0
2017-05-04,18.912500381469727,0.0
2017-05-05,18.787500381469727,0.0
2017-05-08,18.924999237060547,0.0
2017-05-09,18.987499237060547,0.0
2017-05-10,19.0625,0.0
2017-05-11,19.125,0.0
2017-05-12,19.075000762939453,0.0
2017-05-15,19.125,0.0
2017-05-16,19.125,0.0
2017-05-17,19.075000762939453,0.0
2017-05-18,18.975000381469727,0.0
2017-05-19,18.96249961853028,0.0
2017-05-22,19.012500762939453,0.0
2017-05-23,19.08749961853028,0.0
2017-05-24,19.075000762939453,0.0
2017-05-25,19.25,0.0
2017-05-26,19.237499237060547,0.0
2017-05-31,19.125,0.0
2017-06-01,19.225000381469727,0.0
2017-06-02,19.299999237060547,0.0
2017-06-05,19.5,0.0
2017-06-06,19.487499237060547,0.0
2017-06-07,19.487499237060547,0.0
2017-06-08,19.5625,0.0
2017-06-09,19.5,0.0
2017-06-12,19.287500381469727,0.0
2017-06-13,19.3125,0.0
2017-06-14,19.21249961853028,0.0
2017-06-15,19.225000381469727,0.0
2017-06-16,19.424999237060547,0.0
2017-06-19,19.637500762939453,0.0
2017-06-20,19.862499237060547,0.0
2017-06-21,19.887500762939453,0.0
2017-06-22,19.9375,0.0
2017-06-23,19.924999237060547,0.0
2017-06-26,20.350000381469727,0.0
2017-06-27,20.325000762939453,0.0
2017-06-28,20.137500762939453,0.0
2017-06-29,20.162500381469727,0.0
2017-06-30,20.100000381469727,0.0
2017-07-03,20.112499237060547,0.0
2017-07-04,20.0,0.0
2017-07-05,20.1875,0.0
2017-07-06,20.100000381469727,0.0
2017-07-07,19.987499237060547,0.0
2017-07-10,20.08749961853028,0.0
2017-07-11,20.387500762939453,0.0
2017-07-12,20.387500762939453,0.0
2017-07-13,20.549999237060547,0.0
2017-07-14,20.512500762939453,0.0
2017-07-17,20.549999237060547,0.0
2017-07-18,20.600000381469727,0.0
2017-07-19,20.674999237060547,0.0
2017-07-20,20.662500381469727,0.0
2017-07-21,20.52499961853028,0.0
2017-07-24,20.575000762939453,0.0
2017-07-25,20.612499237060547,0.0
2017-07-26,20.537500381469727,0.0
2017-07-27,20.75,0.0
2017-07-28,20.52499961853028,0.0
2017-07-31,20.33749961853028,0.175
2017-08-01,20.450000762939453,0.0
2017-08-02,20.625,0.0
2017-08-03,20.549999237060547,0.0
2017-08-04,20.58749961853028,0.0
2017-08-07,20.737499237060547,0.0
2017-08-08,20.725000381469727,0.0
2017-08-09,20.537500381469727,0.0
2017-08-10,20.39999961853028,0.0
2017-08-11,20.3125,0.0
2017-08-14,20.1875,0.0
2017-08-15,20.325000762939453,0.0
2017-08-16,20.25,0.0
2017-08-17,20.412500381469727,0.0
2017-08-18,20.287500381469727,0.0
2017-08-21,20.262500762939453,0.0
2017-08-22,20.46249961853028,0.0
2017-08-23,20.4375,0.0
2017-08-24,20.637500762939453,0.0
2017-08-25,20.674999237060547,0.0
2017-08-28,20.637500762939453,0.0
2017-08-29,20.575000762939453,0.0
2017-08-30,20.674999237060547,0.0
2017-08-31,20.737499237060547,0.0
2017-09-01,20.75,0.0
2017-09-04,20.71249961853028,0.0
2017-09-05,20.737499237060547,0.0
2017-09-06,20.64999961853028,0.0
2017-09-07,20.5625,0.0
2017-09-08,20.674999237060547,0.0
2017-09-11,20.637500762939453,0.0
2017-09-12,20.71249961853028,0.0
2017-09-13,20.575000762939453,0.0
2017-09-14,20.58749961853028,0.0
2017-09-15,20.58749961853028,0.0
2017-09-18,20.787500381469727,0.0
2017-09-19,20.6875,0.0
2017-09-20,20.549999237060547,0.0
2017-09-21,20.674999237060547,0.0
2017-09-22,20.39999961853028,0.0
2017-09-25,20.237499237060547,0.0
2017-09-26,20.075000762939453,0.0
2017-09-27,20.174999237060547,0.0
2017-09-28,20.100000381469727,0.0
2017-09-29,20.162500381469727,0.0
2017-10-02,20.375,0.0
2017-10-03,20.375,0.0
2017-10-05,20.46249961853028,0.0
2017-10-06,20.52499961853028,0.0
2017-10-11,20.850000381469727,0.0
2017-10-12,21.049999237060547,0.0
2017-10-13,21.012500762939453,0.0
2017-10-16,21.125,0.0
2017-10-17,21.075000762939453,0.0
2017-10-18,21.14999961853028,0.0
2017-10-19,21.225000381469727,0.0
2017-10-20,21.137500762939453,0.0
2017-10-23,21.125,0.0
2017-10-24,21.100000381469727,0.0
2017-10-25,21.08749961853028,0.0
2017-10-26,21.0625,0.0
2017-10-27,21.075000762939453,0.0
2017-10-30,21.237499237060547,0.0
2017-10-31,21.299999237060547,0.0
2017-11-01,21.27499961853028,0.0
2017-11-02,21.200000762939453,0.0
2017-11-03,21.174999237060547,0.0
2017-11-06,21.21249961853028,0.0
2017-11-07,21.325000762939453,0.0
2017-11-08,21.237499237060547,0.0
2017-11-09,21.100000381469727,0.0
2017-11-10,21.137500762939453,0.0
2017-11-13,21.075000762939453,0.0
2017-11-14,21.037500381469727,0.0
2017-11-15,20.825000762939453,0.0
2017-11-16,20.89999961853028,0.0
2017-11-17,21.08749961853028,0.0
2017-11-20,21.0,0.0
2017-11-21,21.1875,0.0
2017-11-22,21.287500381469727,0.0
2017-11-23,21.299999237060547,0.0
2017-11-24,21.287500381469727,0.0
2017-11-27,21.037500381469727,0.0
2017-11-28,20.89999961853028,0.0
2017-11-29,20.924999237060547,0.0
2017-11-30,20.5625,0.0
2017-12-01,20.64999961853028,0.0
2017-12-04,20.725000381469727,0.0
2017-12-05,20.5625,0.0
2017-12-06,20.21249961853028,0.0
2017-12-07,20.225000381469727,0.0
2017-12-08,20.225000381469727,0.0
2017-12-11,20.375,0.0
2017-12-12,20.237499237060547,0.0
2017-12-13,20.25,0.0
2017-12-14,20.4375,0.0
2017-12-15,20.27499961853028,0.0
2017-12-18,20.299999237060547,0.0
2017-12-19,20.200000762939453,0.0
2017-12-20,20.262500762939453,0.0
2017-12-21,20.25,0.0
2017-12-22,20.325000762939453,0.0
2017-12-25,20.362499237060547,0.0
2017-12-26,20.162500381469727,0.0
2017-12-27,20.225000381469727,0.0
2017-12-28,20.424999237060547,0.0
2017-12-29,20.537500381469727,0.0
2018-01-02,20.64999961853028,0.0
2018-01-03,20.83749961853028,0.0
2018-01-04,20.875,0.0
2018-01-05,20.9375,0.0
2018-01-08,21.02499961853028,0.0
2018-01-09,21.037500381469727,0.0
2018-01-10,20.9375,0.0
2018-01-11,20.850000381469727,0.0
2018-01-12,21.02499961853028,0.0
2018-01-15,21.162500381469727,0.0
2018-01-16,21.25,0.0
2018-01-17,21.287500381469727,0.0
2018-01-18,21.575000762939453,0.0
2018-01-19,21.787500381469727,0.0
2018-01-22,21.987499237060547,0.0
2018-01-23,22.075000762939453,0.0
2018-01-24,21.799999237060547,0.0
2018-01-25,21.862499237060547,0.0
2018-01-26,21.875,0.0
2018-01-29,21.387500762939453,0.55
2018-01-30,21.137500762939453,0.0
2018-01-31,21.162500381469727,0.0
2018-02-01,21.3125,0.0
2018-02-02,21.225000381469727,0.0
2018-02-05,20.89999961853028,0.0
2018-02-06,19.912500381469727,0.0
2018-02-07,20.162500381469727,0.0
2018-02-08,20.14999961853028,0.0
2018-02-09,19.762500762939453,0.0
2018-02-12,19.924999237060547,0.0
2018-02-21,20.375,0.0
2018-02-22,20.25,0.0
2018-02-23,20.5,0.0
2018-02-26,20.600000381469727,0.0
2018-02-27,20.58749961853028,0.0
2018-03-01,20.4375,0.0
2018-03-02,20.287500381469727,0.0
2018-03-05,20.1875,0.0
2018-03-06,20.537500381469727,0.0
2018-03-07,20.450000762939453,0.0
2018-03-08,20.6875,0.0
2018-03-09,20.71249961853028,0.0
2018-03-12,21.037500381469727,0.0
2018-03-13,21.237499237060547,0.0
2018-03-14,21.075000762939453,0.0
2018-03-15,21.0625,0.0
2018-03-16,20.975000381469727,0.0
2018-03-19,20.96249961853028,0.0
2018-03-20,20.950000762939453,0.0
2018-03-21,20.96249961853028,0.0
2018-03-22,20.887500762939453,0.0
2018-03-23,20.52499961853028,0.0
2018-03-26,20.549999237060547,0.0
2018-03-27,20.850000381469727,0.0
2018-03-28,20.5625,0.0
2018-03-29,20.52499961853028,0.0
2018-03-30,20.71249961853028,0.0
2018-04-02,20.5625,0.0
2018-04-03,20.375,0.0
2018-04-09,20.549999237060547,0.0
2018-04-10,20.625,0.0
2018-04-11,20.71249961853028,0.0
2018-04-12,20.625,0.0
2018-04-13,20.625,0.0
2018-04-16,20.575000762939453,0.0
2018-04-17,20.350000381469727,0.0
2018-04-18,20.39999961853028,0.0
2018-04-19,20.662500381469727,0.0
2018-04-20,20.1875,0.0
2018-04-23,19.987499237060547,0.0
2018-04-24,19.887500762939453,0.0
2018-04-25,19.825000762939453,0.0
2018-04-26,19.762500762939453,0.0
2018-04-27,19.799999237060547,0.0
2018-04-30,20.0,0.0
2018-05-02,19.850000381469727,0.0
2018-05-03,19.637500762939453,0.0
2018-05-04,19.737499237060547,0.0
2018-05-07,19.875,0.0
2018-05-08,20.0,0.0
2018-05-09,20.112499237060547,0.0
2018-05-10,20.162500381469727,0.0
2018-05-11,20.39999961853028,0.0
2018-05-14,20.625,0.0
2018-05-15,20.412500381469727,0.0
2018-05-16,20.4375,0.0
2018-05-17,20.299999237060547,0.0
2018-05-18,20.237499237060547,0.0
2018-05-21,20.512500762939453,0.0
2018-05-22,20.4375,0.0
2018-05-23,20.33749961853028,0.0
2018-05-24,20.387500762939453,0.0
2018-05-25,20.46249961853028,0.0
2018-05-28,20.549999237060547,0.0
2018-05-29,20.46249961853028,0.0
2018-05-30,20.100000381469727,0.0
2018-05-31,20.1875,0.0
2018-06-01,20.33749961853028,0.0
2018-06-04,20.64999961853028,0.0
2018-06-05,20.625,0.0
2018-06-06,20.825000762939453,0.0
2018-06-07,20.862499237060547,0.0
2018-06-08,20.637500762939453,0.0
2018-06-11,20.662500381469727,0.0
2018-06-12,20.625,0.0
2018-06-13,20.75,0.0
2018-06-14,20.4375,0.0
2018-06-15,20.487499237060547,0.0
2018-06-19,20.14999961853028,0.0
2018-06-20,20.375,0.0
2018-06-21,20.3125,0.0
2018-06-22,20.287500381469727,0.0
2018-06-25,20.225000381469727,0.0
2018-06-26,20.174999237060547,0.0
2018-06-27,20.100000381469727,0.0
2018-06-28,20.012500762939453,0.0
2018-06-29,20.362499237060547,0.0
2018-07-02,20.262500762939453,0.0
2018-07-03,20.287500381469727,0.0
2018-07-04,20.350000381469727,0.0
2018-07-05,20.1875,0.0
2018-07-06,20.237499237060547,0.0
2018-07-09,20.5625,0.0
2018-07-10,20.612499237060547,0.0
2018-07-11,20.424999237060547,0.0
2018-07-12,20.662500381469727,0.0
2018-07-13,20.83749961853028,0.0
2018-07-16,20.75,0.0
2018-07-17,20.637500762939453,0.0
2018-07-18,20.762500762939453,0.0
2018-07-19,20.825000762939453,0.0
2018-07-20,21.162500381469727,0.0
2018-07-23,21.137500762939453,0.175
2018-07-24,21.174999237060547,0.0
2018-07-25,21.1875,0.0
2018-07-26,21.25,0.0
2018-07-27,21.424999237060547,0.0
2018-07-30,21.387500762939453,0.0
2018-07-31,21.387500762939453,0.0
2018-08-01,21.537500381469727,0.0
2018-08-02,21.21249961853028,0.0
2018-08-03,21.387500762939453,0.0
2018-08-06,21.424999237060547,0.0
2018-08-07,21.375,0.0
2018-08-08,21.537500381469727,0.0
2018-08-09,21.537500381469727,0.0
2018-08-10,21.424999237060547,0.0
2018-08-13,20.987499237060547,0.0
2018-08-14,21.137500762939453,0.0
2018-08-15,20.9375,0.0
2018-08-16,20.950000762939453,0.0
2018-08-17,20.912500381469727,0.0
2018-08-20,20.987499237060547,0.0
2018-08-21,21.137500762939453,0.0
2018-08-22,21.162500381469727,0.0
2018-08-23,21.262500762939453,0.0
2018-08-24,21.200000762939453,0.0
2018-08-27,21.387500762939453,0.0
2018-08-28,21.5625,0.0
2018-08-29,21.8125,0.0
2018-08-30,21.887500762939453,0.0
2018-08-31,21.737499237060547,0.0
2018-09-03,21.612499237060547,0.0
2018-09-04,21.75,0.0
2018-09-05,21.75,0.0
2018-09-06,21.625,0.0
2018-09-07,21.600000381469727,0.0
2018-09-10,21.5,0.0
2018-09-11,21.412500381469727,0.0
2018-09-12,21.387500762939453,0.0
2018-09-13,21.237499237060547,0.0
2018-09-14,21.625,0.0
2018-09-17,21.46249961853028,0.0
2018-09-18,21.350000381469727,0.0
2018-09-19,21.537500381469727,0.0
2018-09-20,21.475000381469727,0.0
2018-09-21,21.71249961853028,0.0
2018-09-25,21.77499961853028,0.0
2018-09-26,21.725000381469727,0.0
2018-09-27,21.83749961853028,0.0
2018-09-28,21.725000381469727,0.0
2018-10-01,21.83749961853028,0.0
2018-10-02,21.512500762939453,0.0
2018-10-03,21.487499237060547,0.0
2018-10-04,21.225000381469727,0.0
2018-10-05,20.862499237060547,0.0
2018-10-08,20.75,0.0
2018-10-09,20.8125,0.0
2018-10-11,19.350000381469727,0.0
2018-10-12,20.012500762939453,0.0
2018-10-15,19.799999237060547,0.0
2018-10-16,19.825000762939453,0.0
2018-10-17,19.850000381469727,0.0
2018-10-18,19.787500381469727,0.0
2018-10-19,19.825000762939453,0.0
2018-10-22,19.799999237060547,0.0
2018-10-23,19.4375,0.0
2018-10-24,19.350000381469727,0.0
2018-10-25,18.875,0.0
2018-10-26,18.850000381469727,0.0
2018-10-29,18.9375,0.0
2018-10-30,18.987499237060547,0.0
2018-10-31,19.387500762939453,0.0
2018-11-01,19.600000381469727,0.0
2018-11-02,19.662500381469727,0.0
2018-11-05,19.5625,0.0
2018-11-06,19.5,0.0
2018-11-07,19.600000381469727,0.0
2018-11-08,19.71249961853028,0.0
2018-11-09,19.450000762939453,0.0
2018-11-12,19.5,0.0
2018-11-13,19.27499961853028,0.0
2018-11-14,19.33749961853028,0.0
2018-11-15,19.39999961853028,0.0
2018-11-16,19.237499237060547,0.0
2018-11-19,19.174999237060547,0.0
2018-11-20,19.0,0.0
2018-11-21,19.0,0.0
2018-11-22,18.89999961853028,0.0
2018-11-23,18.83749961853028,0.0
2018-11-26,19.037500381469727,0.0
2018-11-27,19.012500762939453,0.0
2018-11-28,19.225000381469727,0.0
2018-11-29,19.262500762939453,0.0
2018-11-30,19.1875,0.0
2018-12-03,19.700000762939453,0.0
2018-12-04,19.5625,0.0
2018-12-05,19.162500381469727,0.0
2018-12-06,18.77499961853028,0.0
2018-12-07,18.862499237060547,0.0
2018-12-10,18.612499237060547,0.0
2018-12-11,18.762500762939453,0.0
2018-12-12,19.049999237060547,0.0
2018-12-13,19.075000762939453,0.0
2018-12-14,18.83749961853028,0.0
2018-12-17,18.987499237060547,0.0
2018-12-18,18.825000762939453,0.0
2018-12-19,18.975000381469727,0.0
2018-12-20,18.762500762939453,0.0
2018-12-21,18.799999237060547,0.0
2018-12-24,18.674999237060547,0.0
2018-12-25,18.4375,0.0
2018-12-26,18.387500762939453,0.0
2018-12-27,18.762500762939453,0.0
2018-12-28,18.875,0.0
2019-01-02,18.512500762939453,0.0
2019-01-03,18.33749961853028,0.0
2019-01-04,18.049999237060547,0.0
2019-01-07,18.487499237060547,0.0
2019-01-08,18.412500381469727,0.0
2019-01-09,18.75,0.0
2019-01-10,18.700000762939453,0.0
2019-01-11,18.875,0.0
2019-01-14,18.75,0.0
2019-01-15,18.912500381469727,0.0
2019-01-16,18.887500762939453,0.0
2019-01-17,18.887500762939453,0.0
2019-01-18,18.987499237060547,0.0
2019-01-21,19.125,0.0
2019-01-22,18.512500762939453,0.575
2019-01-23,18.424999237060547,0.0
2019-01-24,18.512500762939453,0.0
2019-01-25,18.75,0.0
2019-01-28,18.787500381469727,0.0
2019-01-29,18.625,0.0
2019-01-30,18.58749961853028,0.0
2019-02-11,18.787500381469727,0.0
2019-02-12,18.912500381469727,0.0
2019-02-13,18.875,0.0
2019-02-14,18.8125,0.0
2019-02-15,18.762500762939453,0.0
2019-02-18,18.912500381469727,0.0
2019-02-19,18.875,0.0
2019-02-20,19.08749961853028,0.0
2019-02-21,19.27499961853028,0.0
2019-02-22,19.237499237060547,0.0
2019-02-25,19.375,0.0
2019-02-26,19.424999237060547,0.0
2019-02-27,19.412500381469727,0.0
2019-03-04,19.237499237060547,0.0
2019-03-05,19.1875,0.0
2019-03-06,19.237499237060547,0.0
2019-03-07,19.162500381469727,0.0
2019-03-08,19.0,0.0
2019-03-11,19.037500381469727,0.0
2019-03-12,19.3125,0.0
2019-03-13,19.27499961853028,0.0
2019-03-14,19.262500762939453,0.0
2019-03-15,19.39999961853028,0.0
2019-03-18,19.52499961853028,0.0
2019-03-19,19.600000381469727,0.0
2019-03-20,19.625,0.0
2019-03-21,19.787500381469727,0.0
2019-03-22,19.83749961853028,0.0
2019-03-25,19.537500381469727,0.0
2019-03-26,19.662500381469727,0.0
2019-03-27,19.625,0.0
2019-03-28,19.625,0.0
2019-03-29,19.787500381469727,0.0
2019-04-01,19.96249961853028,0.0
2019-04-02,20.037500381469727,0.0
2019-04-03,20.037500381469727,0.0
2019-04-08,20.225000381469727,0.0
2019-04-09,20.350000381469727,0.0
2019-04-10,20.375,0.0
2019-04-11,20.287500381469727,0.0
2019-04-12,20.27499961853028,0.0
2019-04-15,20.46249961853028,0.0
2019-04-16,20.52499961853028,0.0
2019-04-17,20.6875,0.0
2019-04-18,20.674999237060547,0.0
2019-04-19,20.700000762939453,0.0
2019-04-22,20.674999237060547,0.0
2019-04-23,20.762500762939453,0.0
2019-04-24,20.799999237060547,0.0
2019-04-25,20.850000381469727,0.0
2019-04-26,20.612499237060547,0.0
2019-04-29,20.700000762939453,0.0
2019-04-30,20.700000762939453,0.0
2019-05-02,20.75,0.0
2019-05-03,20.9375,0.0
2019-05-06,20.575000762939453,0.0
2019-05-07,20.787500381469727,0.0
2019-05-08,20.637500762939453,0.0
2019-05-09,20.387500762939453,0.0
2019-05-10,20.375,0.0
2019-05-13,20.037500381469727,0.0
2019-05-14,19.912500381469727,0.0
2019-05-15,19.9375,0.0
2019-05-16,19.762500762939453,0.0
2019-05-17,19.5625,0.0
2019-05-20,19.549999237060547,0.0
2019-05-21,19.600000381469727,0.0
2019-05-22,19.600000381469727,0.0
2019-05-23,19.237499237060547,0.0
2019-05-24,19.33749961853028,0.0
2019-05-27,19.287500381469727,0.0
2019-05-28,19.27499961853028,0.0
2019-05-29,19.1875,0.0
2019-05-30,19.350000381469727,0.0
2019-05-31,19.612499237060547,0.0
2019-06-03,19.637500762939453,0.0
2019-06-04,19.512500762939453,0.0
2019-06-05,19.575000762939453,0.0
2019-06-06,19.424999237060547,0.0
2019-06-10,19.762500762939453,0.0
2019-06-11,19.850000381469727,0.0
2019-06-12,19.924999237060547,0.0
2019-06-13,19.762500762939453,0.0
2019-06-14,19.725000381469727,0.0
2019-06-17,19.674999237060547,0.0
2019-06-18,19.725000381469727,0.0
2019-06-19,20.1875,0.0
2019-06-20,20.21249961853028,0.0
2019-06-21,20.21249961853028,0.0
2019-06-24,20.299999237060547,0.0
2019-06-25,20.1875,0.0
2019-06-26,20.08749961853028,0.0
2019-06-27,20.375,0.0
2019-06-28,20.225000381469727,0.0
2019-07-01,20.662500381469727,0.0
2019-07-02,20.612499237060547,0.0
2019-07-03,20.375,0.0
2019-07-04,20.5,0.0
2019-07-05,20.475000381469727,0.0
2019-07-08,20.39999961853028,0.0
2019-07-09,20.375,0.0
2019-07-10,20.549999237060547,0.0
2019-07-11,20.71249961853028,0.0
2019-07-12,20.6875,0.0
2019-07-15,20.799999237060547,0.0
2019-07-16,20.83749961853028,0.0
2019-07-17,20.700000762939453,0.0
2019-07-18,20.674999237060547,0.0
2019-07-19,20.75,0.175
2019-07-22,20.850000381469727,0.0
2019-07-23,20.89999961853028,0.0
2019-07-24,20.887500762939453,0.0
2019-07-25,20.950000762939453,0.0
2019-07-26,20.8125,0.0
2019-07-29,20.862499237060547,0.0
2019-07-30,20.799999237060547,0.0
2019-07-31,20.700000762939453,0.0
2019-08-01,20.575000762939453,0.0
2019-08-02,20.237499237060547,0.0
2019-08-05,20.037500381469727,0.0
2019-08-06,20.02499961853028,0.0
2019-08-07,19.924999237060547,0.0
2019-08-08,20.162500381469727,0.0
2019-08-12,20.14999961853028,0.0
2019-08-13,19.924999237060547,0.0
2019-08-14,20.075000762939453,0.0
2019-08-15,19.850000381469727,0.0
2019-08-16,20.08749961853028,0.0
2019-08-19,20.200000762939453,0.0
2019-08-20,20.25,0.0
2019-08-21,20.27499961853028,0.0
2019-08-22,20.225000381469727,0.0
2019-08-23,20.25,0.0
2019-08-26,19.912500381469727,0.0
2019-08-27,19.96249961853028,0.0
2019-08-28,20.100000381469727,0.0
2019-08-29,20.137500762939453,0.0
2019-08-30,20.46249961853028,0.0
2019-09-02,20.475000381469727,0.0
2019-09-03,20.299999237060547,0.0
2019-09-04,20.537500381469727,0.0
2019-09-05,20.75,0.0
2019-09-06,20.875,0.0
2019-09-10,20.850000381469727,0.0
2019-09-11,20.862499237060547,0.0
2019-09-12,20.975000381469727,0.0
2019-09-16,21.100000381469727,0.0
2019-09-17,21.0625,0.0
2019-09-18,21.237499237060547,0.0
2019-09-19,21.112499237060547,0.0
2019-09-20,21.174999237060547,0.0
2019-09-23,21.125,0.0
2019-09-24,21.162500381469727,0.0
2019-09-25,21.02499961853028,0.0
2019-09-26,21.075000762939453,0.0
2019-09-27,21.14999961853028,0.0
2019-10-01,21.487499237060547,0.0
2019-10-02,21.412500381469727,0.0
2019-10-03,21.200000762939453,0.0
2019-10-04,21.287500381469727,0.0
2019-10-07,21.362499237060547,0.0
2019-10-08,21.625,0.0
2019-10-09,21.450000762939453,0.0
2019-10-14,21.887500762939453,0.0
2019-10-15,21.924999237060547,0.0
2019-10-16,22.02499961853028,0.0
2019-10-17,22.037500381469727,0.0
2019-10-18,21.987499237060547,0.0
2019-10-21,21.96249961853028,0.0
2019-10-22,22.174999237060547,0.0
2019-10-23,22.112499237060547,0.0
2019-10-24,22.200000762939453,0.0
2019-10-25,22.200000762939453,0.0
2019-10-28,22.299999237060547,0.0
2019-10-29,22.362499237060547,0.0
2019-10-30,22.46249961853028,0.0
2019-10-31,22.52499961853028,0.0
2019-11-01,22.52499961853028,0.0
2019-11-04,23.049999237060547,0.0
2019-11-05,23.225000381469727,0.0
2019-11-06,23.33749961853028,0.0
2019-11-07,23.21249961853028,0.0
2019-11-08,23.137500762939453,0.0
2019-11-11,22.787500381469727,0.0
2019-11-12,23.0,0.0
2019-11-13,22.862499237060547,0.0
2019-11-14,22.850000381469727,0.0
2019-11-15,23.075000762939453,0.0
2019-11-18,23.225000381469727,0.0
2019-11-19,23.39999961853028,0.0
2019-11-20,23.3125,0.0
2019-11-21,23.125,0.0
2019-11-22,23.137500762939453,0.0
2019-11-25,23.14999961853028,0.0
2019-11-26,23.21249961853028,0.0
2019-11-27,23.299999237060547,0.0
2019-11-28,23.237499237060547,0.0
2019-11-29,22.875,0.0
2019-12-02,23.012500762939453,0.0
2019-12-03,23.012500762939453,0.0
2019-12-04,22.924999237060547,0.0
2019-12-05,23.225000381469727,0.0
2019-12-06,23.262500762939453,0.0
2019-12-09,23.412500381469727,0.0
2019-12-10,23.25,0.0
2019-12-11,23.4375,0.0
2019-12-12,23.96249961853028,0.0
2019-12-13,24.225000381469727,0.0
2019-12-16,24.21249961853028,0.0
2019-12-17,24.537500381469727,0.0
2019-12-18,24.549999237060547,0.0
2019-12-19,24.412500381469727,0.0
2019-12-20,24.237499237060547,0.0
2019-12-23,24.287500381469727,0.0
2019-12-24,24.299999237060547,0.0
2019-12-25,24.33749961853028,0.0
2019-12-26,24.33749961853028,0.0
2019-12-27,24.5,0.0
2019-12-30,24.450000762939453,0.0
2019-12-31,24.237499237060547,0.0
2020-01-02,24.412500381469727,0.0
2020-01-03,24.412500381469727,0.0
2020-01-06,24.100000381469727,0.0
2020-01-07,24.02499961853028,0.0
2020-01-08,23.912500381469727,0.0
2020-01-09,24.237499237060547,0.0
2020-01-10,24.325000762939453,0.0
2020-01-13,24.5,0.0
2020-01-14,24.64999961853028,0.0
2020-01-15,24.39999961853028,0.0
2020-01-16,24.325000762939453,0.0
2020-01-17,24.325000762939453,0.0
2020-01-20,24.424999237060547,0.0
2020-01-30,23.037500381469727,0.0
2020-01-31,22.487499237060547,0.725
2020-02-03,22.262500762939453,0.0
2020-02-04,22.64999961853028,0.0
2020-02-05,22.71249961853028,0.0
2020-02-06,23.075000762939453,0.0
2020-02-07,22.799999237060547,0.0
2020-02-10,22.75,0.0
2020-02-11,22.9375,0.0
2020-02-12,23.162500381469727,0.0
2020-02-13,23.200000762939453,0.0
2020-02-14,23.237499237060547,0.0
2020-02-17,23.075000762939453,0.0
2020-02-18,22.762500762939453,0.0
2020-02-19,23.02499961853028,0.0
2020-02-20,22.924999237060547,0.0
2020-02-21,22.8125,0.0
2020-02-24,22.52499961853028,0.0
2020-02-25,22.58749961853028,0.0
2020-02-26,22.362499237060547,0.0
2020-02-27,22.162500381469727,0.0
2020-03-02,21.83749961853028,0.0
2020-03-03,22.14999961853028,0.0
2020-03-04,22.299999237060547,0.0
2020-03-05,22.549999237060547,0.0
2020-03-06,22.08749961853028,0.0
2020-03-09,21.46249961853028,0.0
2020-03-10,21.575000762939453,0.0
2020-03-11,21.325000762939453,0.0
2020-03-12,20.537500381469727,0.0
2020-03-13,20.25,0.0
2020-03-16,19.325000762939453,0.0
2020-03-17,18.71249961853028,0.0
2020-03-18,18.200000762939453,0.0
2020-03-19,17.137500762939453,0.0
2020-03-20,18.5,0.0
2020-03-23,17.700000762939453,0.0
2020-03-24,18.5625,0.0
2020-03-25,19.21249961853028,0.0
2020-03-26,19.299999237060547,0.0
2020-03-27,19.14999961853028,0.0
2020-03-30,18.96249961853028,0.0
2020-03-31,19.037500381469727,0.0
2020-04-01,18.975000381469727,0.0
2020-04-06,19.262500762939453,0.0
2020-04-07,19.625,0.0
2020-04-08,19.89999961853028,0.0
2020-04-09,19.8125,0.0
2020-04-10,19.825000762939453,0.0
2020-04-13,19.700000762939453,0.0
2020-04-14,20.237499237060547,0.0
2020-04-15,20.299999237060547,0.0
2020-04-16,20.200000762939453,0.0
2020-04-17,20.8125,0.0
2020-04-20,20.75,0.0
2020-04-21,20.14999961853028,0.0
2020-04-22,20.14999961853028,0.0
2020-04-23,20.225000381469727,0.0
2020-04-24,20.225000381469727,0.0
2020-04-27,20.637500762939453,0.0
2020-04-28,20.637500762939453,0.0
2020-04-29,20.924999237060547,0.0
2020-04-30,21.375,0.0
2020-05-04,20.75,0.0
2020-05-05,20.850000381469727,0.0
2020-05-06,20.875,0.0
2020-05-07,20.96249961853028,0.0
2020-05-08,21.08749961853028,0.0
2020-05-11,21.262500762939453,0.0
2020-05-12,21.012500762939453,0.0
2020-05-13,21.075000762939453,0.0
2020-05-14,20.825000762939453,0.0
2020-05-15,20.96249961853028,0.0
2020-05-18,20.787500381469727,0.0
2020-05-19,20.975000381469727,0.0
2020-05-20,20.950000762939453,0.0
2020-05-21,21.125,0.0
2020-05-22,20.737499237060547,0.0
2020-05-25,20.875,0.0
2020-05-26,21.112499237060547,0.0
2020-05-27,21.08749961853028,0.0
2020-05-28,20.96249961853028,0.0
2020-05-29,21.112499237060547,0.0
2020-06-01,21.225000381469727,0.0
2020-06-02,21.325000762939453,0.0
2020-06-03,21.700000762939453,0.0
2020-06-04,21.89999961853028,0.0
2020-06-05,22.08749961853028,0.0
2020-06-08,22.375,0.0
2020-06-09,22.39999961853028,0.0
2020-06-10,22.612499237060547,0.0
2020-06-11,22.262500762939453,0.0
2020-06-12,22.0625,0.0
2020-06-15,21.75,0.0
2020-06-16,22.225000381469727,0.0
2020-06-17,22.25,0.0
2020-06-18,22.225000381469727,0.0
2020-06-19,22.21249961853028,0.0
2020-06-22,22.262500762939453,0.0
2020-06-23,22.362499237060547,0.0
2020-06-24,22.5,0.0
2020-06-29,22.27499961853028,0.0
2020-06-30,22.475000381469727,0.0
2020-07-01,22.625,0.0
2020-07-02,22.875,0.0
2020-07-03,23.137500762939453,0.0
2020-07-06,23.537500381469727,0.0
2020-07-07,23.625,0.0
2020-07-08,23.787500381469727,0.0
2020-07-09,23.862499237060547,0.0
2020-07-10,23.662500381469727,0.0
2020-07-13,24.012500762939453,0.0
2020-07-14,24.162500381469727,0.0
2020-07-15,24.262500762939453,0.0
2020-07-16,24.02499961853028,0.0
2020-07-17,24.299999237060547,0.0
2020-07-20,24.262500762939453,0.0
2020-07-21,24.674999237060547,0.175
2020-07-22,24.737499237060547,0.0
2020-07-23,24.71249961853028,0.0
2020-07-24,24.625,0.0
2020-07-27,25.825000762939453,0.0
2020-07-28,25.89999961853028,0.0
2020-07-29,25.637500762939453,0.0
2020-07-30,26.012500762939453,0.0
2020-07-31,25.950000762939453,0.0
2020-08-03,25.5,0.0
2020-08-04,25.825000762939453,0.0
2020-08-05,26.075000762939453,0.0
2020-08-06,26.350000381469727,0.0
2020-08-07,26.162500381469727,0.0
2020-08-10,26.39999961853028,0.0
2020-08-11,26.200000762939453,0.0
2020-08-12,25.8125,0.0
2020-08-13,26.0625,0.0
2020-08-14,26.125,0.0
2020-08-17,26.39999961853028,0.0
2020-08-18,26.25,0.0
2020-08-19,26.0625,0.0
2020-08-20,25.14999961853028,0.0
2020-08-21,25.700000762939453,0.0
2020-08-24,25.77499961853028,0.0
2020-08-25,25.975000381469727,0.0
2020-08-26,26.075000762939453,0.0
2020-08-27,26.137500762939453,0.0
2020-08-28,25.875,0.0
2020-08-31,25.450000762939453,0.0
2020-09-01,25.83749961853028,0.0
2020-09-02,25.75,0.0
2020-09-03,25.825000762939453,0.0
2020-09-04,25.637500762939453,0.0
2020-09-07,25.600000381469727,0.0
2020-09-08,25.75,0.0
2020-09-09,25.575000762939453,0.0
2020-09-10,25.799999237060547,0.0
2020-09-11,25.8125,0.0
2020-09-14,26.137500762939453,0.0
2020-09-15,26.237499237060547,0.0
2020-09-16,26.637500762939453,0.0
2020-09-17,26.350000381469727,0.0
2020-09-18,26.325000762939453,0.0
2020-09-21,26.112499237060547,0.0
2020-09-22,25.77499961853028,0.0
2020-09-23,25.737499237060547,0.0
2020-09-24,25.112499237060547,0.0
2020-09-25,25.162500381469727,0.0
2020-09-28,25.575000762939453,0.0
2020-09-29,25.637500762939453,0.0
2020-09-30,25.75,0.0
2020-10-05,25.762500762939453,0.0
2020-10-06,26.0625,0.0
2020-10-07,26.200000762939453,0.0
2020-10-08,26.549999237060547,0.0
2020-10-12,26.762500762939453,0.0
2020-10-13,26.77499961853028,0.0
2020-10-14,26.674999237060547,0.0
2020-10-15,26.424999237060547,0.0
2020-10-16,26.3125,0.0
2020-10-19,26.64999961853028,0.0
2020-10-20,26.5,0.0
2020-10-21,26.487499237060547,0.0
2020-10-22,26.52499961853028,0.0
2020-10-23,26.52499961853028,0.0
2020-10-26,26.52499961853028,0.0
2020-10-27,26.375,0.0
2020-10-28,26.25,0.0
2020-10-29,25.96249961853028,0.0
2020-10-30,25.75,0.0
2020-11-02,25.850000381469727,0.0
2020-11-03,26.14999961853028,0.0
2020-11-04,26.537500381469727,0.0
2020-11-05,26.512500762939453,0.0
2020-11-06,26.674999237060547,0.0
2020-11-09,27.02499961853028,0.0
2020-11-10,26.77499961853028,0.0
2020-11-11,27.1875,0.0
2020-11-12,27.200000762939453,0.0
2020-11-13,27.3125,0.0
2020-11-16,28.200000762939453,0.0
2020-11-17,28.39999961853028,0.0
2020-11-18,28.58749961853028,0.0
2020-11-19,28.537500381469727,0.0
2020-11-20,28.5,0.0
2020-11-23,28.862499237060547,0.0
2020-11-24,28.725000381469727,0.0
2020-11-25,28.487499237060547,0.0
2020-11-26,28.71249961853028,0.0
2020-11-27,28.662500381469727,0.0
2020-11-30,28.325000762939453,0.0
2020-12-01,28.575000762939453,0.0
2020-12-02,28.850000381469727,0.0
2020-12-03,28.850000381469727,0.0
2020-12-04,29.325000762939453,0.0
2020-12-07,29.600000381469727,0.0
2020-12-08,30.012500762939453,0.0
2020-12-09,30.012500762939453,0.0
2020-12-10,29.64999961853028,0.0
2020-12-11,29.6875,0.0
2020-12-14,29.5625,0.0
2020-12-15,29.262500762939453,0.0
2020-12-16,29.8125,0.0
2020-12-17,29.64999961853028,0.0
2020-12-18,29.549999237060547,0.0
2020-12-21,29.83749961853028,0.0
2020-12-22,29.5,0.0
2020-12-23,29.537500381469727,0.0
2020-12-24,29.700000762939453,0.0
2020-12-25,29.737499237060547,0.0
2020-12-28,30.0,0.0
2020-12-29,29.975000381469727,0.0
2020-12-30,30.39999961853028,0.0
2020-12-31,30.5625,0.0
2021-01-04,31.08749961853028,0.0
2021-01-05,31.14999961853028,0.0
2021-01-06,31.487499237060547,0.0
2021-01-07,32.224998474121094,0.0
2021-01-08,32.79999923706055,0.0
2021-01-11,33.07500076293945,0.0
2021-01-12,33.025001525878906,0.0
2021-01-13,33.82500076293945,0.0
2021-01-14,33.51250076293945,0.0
2021-01-15,33.625,0.0
2021-01-18,33.599998474121094,0.0
2021-01-19,34.48749923706055,0.0
2021-01-20,34.54999923706055,0.0
2021-01-21,35.75,0.0
2021-01-22,34.36249923706055,0.7625
2021-01-25,33.900001525878906,0.0
2021-01-26,33.212501525878906,0.0
2021-01-27,33.26250076293945,0.0
2021-01-28,32.587501525878906,0.0
2021-01-29,32.04999923706055,0.0
2021-02-01,32.6875,0.0
2021-02-02,33.61249923706055,0.0
2021-02-03,33.587501525878906,0.0
2021-02-04,33.38750076293945,0.0
2021-02-05,33.70000076293945,0.0
2021-02-17,35.13750076293945,0.0
2021-02-18,35.087501525878906,0.0
2021-02-19,34.712501525878906,0.0
2021-02-22,34.70000076293945,0.0
2021-02-23,34.625,0.0
2021-02-24,34.11249923706055,0.0
2021-02-25,34.38750076293945,0.0
2021-02-26,33.349998474121094,0.0
2021-03-02,33.36249923706055,0.0
2021-03-03,33.849998474121094,0.0
2021-03-04,33.1875,0.0
2021-03-05,32.98749923706055,0.0
2021-03-08,32.962501525878906,0.0
2021-03-09,32.837501525878906,0.0
2021-03-10,32.974998474121094,0.0
2021-03-11,33.67499923706055,0.0
2021-03-12,33.8125,0.0
2021-03-15,33.724998474121094,0.0
2021-03-16,33.837501525878906,0.0
2021-03-17,33.54999923706055,0.0
2021-03-18,33.724998474121094,0.0
2021-03-19,33.20000076293945,0.0
2021-03-22,33.349998474121094,0.0
2021-03-23,33.400001525878906,0.0
2021-03-24,32.875,0.0
2021-03-25,32.98749923706055,0.0
2021-03-26,33.587501525878906,0.0
2021-03-29,33.86249923706055,0.0
2021-03-30,33.974998474121094,0.0
2021-03-31,33.6875,0.0
2021-04-01,33.9375,0.0
2021-04-07,34.45000076293945,0.0
2021-04-08,34.5625,0.0
2021-04-09,34.48749923706055,0.0
2021-04-12,34.287498474121094,0.0
2021-04-13,34.287498474121094,0.0
2021-04-14,34.474998474121094,0.0
2021-04-15,34.76250076293945,0.0
2021-04-16,34.8125,0.0
2021-04-19,34.875,0.0
2021-04-20,34.8125,0.0
2021-04-21,34.5,0.0
2021-04-22,34.474998474121094,0.0
2021-04-23,34.787498474121094,0.0
2021-04-26,35.29999923706055,0.0
2021-04-27,35.3125,0.0
2021-04-28,35.099998474121094,0.0
2021-04-29,35.150001525878906,0.0
2021-05-03,34.5625,0.0
2021-05-04,34.26250076293945,0.0
2021-05-05,33.9375,0.0
2021-05-06,34.23749923706055,0.0
2021-05-07,34.849998474121094,0.0
2021-05-10,34.61249923706055,0.0
2021-05-11,33.3125,0.0
2021-05-12,32.349998474121094,0.0
2021-05-13,31.875,0.0
2021-05-14,32.23749923706055,0.0
2021-05-17,31.625,0.0
2021-05-18,33.07500076293945,0.0
2021-05-19,32.849998474121094,0.0
2021-05-20,32.625,0.0
2021-05-21,33.087501525878906,0.0
2021-05-24,33.037498474121094,0.0
2021-05-25,33.599998474121094,0.0
2021-05-26,33.625,0.0
2021-05-27,33.38750076293945,0.0
2021-05-28,33.95000076293945,0.0
2021-05-31,34.275001525878906,0.0
2021-06-01,34.42499923706055,0.0
2021-06-02,34.42499923706055,0.0
2021-06-03,34.400001525878906,0.0
2021-06-04,34.23749923706055,0.0
2021-06-07,34.32500076293945,0.0
2021-06-08,34.125,0.0
2021-06-09,33.875,0.0
2021-06-10,34.400001525878906,0.0
2021-06-11,34.525001525878906,0.0
2021-06-15,34.712501525878906,0.0
2021-06-16,34.67499923706055,0.0
2021-06-17,34.57500076293945,0.0
2021-06-18,34.5,0.0
2021-06-21,33.67499923706055,0.0
2021-06-22,33.712501525878906,0.0
2021-06-23,34.26250076293945,0.0
2021-06-24,34.17499923706055,0.0
2021-06-25,34.23749923706055,0.0
2021-06-28,34.29999923706055,0.0
2021-06-29,34.400001525878906,0.0
2021-06-30,34.73749923706055,0.0
2021-07-01,34.57500076293945,0.0
2021-07-02,34.57500076293945,0.0
2021-07-05,34.900001525878906,0.0
2021-07-06,34.9375,0.0
2021-07-07,34.75,0.0
2021-07-08,34.712501525878906,0.0
2021-07-09,34.4375,0.0
2021-07-12,34.75,0.0
2021-07-13,35.037498474121094,0.0
2021-07-14,35.125,0.0
2021-07-15,35.45000076293945,0.0
2021-07-16,34.974998474121094,0.0
2021-07-19,34.57500076293945,0.0
2021-07-20,34.29999923706055,0.0
2021-07-21,34.17499923706055,0.0875
2021-07-22,34.412498474121094,0.0
2021-07-23,34.412498474121094,0.0
2021-07-26,34.11249923706055,0.0
2021-07-27,34.099998474121094,0.0
2021-07-28,33.5625,0.0
2021-07-29,34.125,0.0
2021-07-30,34.01250076293945,0.0
2021-08-02,34.474998474121094,0.0
2021-08-03,34.61249923706055,0.0
2021-08-04,34.8125,0.0
2021-08-05,34.75,0.0
2021-08-06,34.70000076293945,0.0
2021-08-09,34.599998474121094,0.0
2021-08-10,34.412498474121094,0.0
2021-08-11,34.29999923706055,0.0
2021-08-12,34.23749923706055,0.0
2021-08-13,33.912498474121094,0.0
2021-08-16,33.837501525878906,0.0
2021-08-17,33.587501525878906,0.0
2021-08-18,33.724998474121094,0.0
2021-08-19,32.95000076293945,0.0
2021-08-20,32.6875,0.0
2021-08-23,33.587501525878906,0.0
2021-08-24,33.6875,0.0
2021-08-25,34.01250076293945,0.0
2021-08-26,34.25,0.0
2021-08-27,34.537498474121094,0.0
2021-08-30,34.875,0.0
2021-08-31,35.087501525878906,0.0
2021-09-01,35.25,0.0
2021-09-02,34.974998474121094,0.0
2021-09-03,35.474998474121094,0.0
2021-09-06,35.63750076293945,0.0
2021-09-07,35.474998474121094,0.0
2021-09-08,35.162498474121094,0.0
2021-09-09,35.07500076293945,0.0
2021-09-10,35.48749923706055,0.0
2021-09-13,35.36249923706055,0.0
2021-09-14,35.400001525878906,0.0
2021-09-15,35.1875,0.0
2021-09-16,35.025001525878906,0.0
2021-09-17,35.125,0.0
2021-09-22,34.29999923706055,0.0
2021-09-23,34.5,0.0
2021-09-24,34.912498474121094,0.0
2021-09-27,35.0,0.0
2021-09-28,34.75,0.0
2021-09-29,34.0,0.0
2021-09-30,34.26250076293945,0.0
2021-10-01,33.48749923706055,0.0
2021-10-04,33.287498474121094,0.0
2021-10-05,33.23749923706055,0.0
2021-10-06,33.25,0.0
2021-10-07,33.837501525878906,0.0
2021-10-08,33.54999923706055,0.0
2021-10-12,33.212501525878906,0.0
2021-10-13,33.099998474121094,0.0
2021-10-14,33.1875,0.0
2021-10-15,34.0625,0.0
2021-10-18,33.962501525878906,0.0
2021-10-19,34.23749923706055,0.0
2021-10-20,34.150001525878906,0.0
2021-10-21,34.025001525878906,0.0
2021-10-22,34.125,0.0
2021-10-25,34.099998474121094,0.0
2021-10-26,34.38750076293945,0.0
2021-10-27,34.38750076293945,0.0
2021-10-28,34.287498474121094,0.0
2021-10-29,33.95000076293945,0.0
2021-11-01,34.125,0.0
2021-11-02,34.0625,0.0
2021-11-03,34.150001525878906,0.0
2021-11-04,34.037498474121094,0.0
2021-11-05,34.525001525878906,0.0
2021-11-08,34.79999923706055,0.0
2021-11-09,35.17499923706055,0.0
2021-11-10,35.125,0.0
2021-11-11,34.8125,0.0
2021-11-12,34.92499923706055,0.0
2021-11-15,35.23749923706055,0.0
2021-11-16,35.29999923706055,0.0
2021-11-17,35.412498474121094,0.0
2021-11-18,35.61249923706055,0.0
2021-11-19,35.70000076293945,0.0
2021-11-22,35.61249923706055,0.0
2021-11-23,35.275001525878906,0.0
2021-11-24,35.125,0.0
2021-11-25,35.11249923706055,0.0
2021-11-26,34.537498474121094,0.0
2021-11-29,34.537498474121094,0.0
2021-11-30,34.5,0.0
2021-12-01,35.07500076293945,0.0
2021-12-02,35.45000076293945,0.0
2021-12-03,35.4375,0.0
2021-12-06,35.337501525878906,0.0
2021-12-07,35.45000076293945,0.0
2021-12-08,35.587501525878906,0.0
2021-12-09,35.5,0.0
2021-12-10,35.48749923706055,0.0
2021-12-13,35.375,0.0
2021-12-14,35.025001525878906,0.0
2021-12-15,35.07500076293945,0.0
2021-12-16,35.51250076293945,0.0
2021-12-17,35.474998474121094,0.0
2021-12-20,35.162498474121094,0.0
2021-12-21,35.462501525878906,0.0
2021-12-22,35.462501525878906,0.0
2021-12-23,35.662498474121094,0.0
2021-12-24,35.76250076293945,0.0
2021-12-27,36.03749847412109,0.0
2021-12-28,36.32500076293945,0.0
2021-12-29,36.48749923706055,0.0
2021-12-30,36.375,0.0
2022-01-03,36.59999847412109,0.0
2022-01-04,37.400001525878906,0.0
2022-01-05,37.32500076293945,0.0
2022-01-06,36.97499847412109,0.0
2022-01-07,36.650001525878906,0.0
2022-01-10,36.88750076293945,0.0
2022-01-11,37.07500076293945,0.0
2022-01-12,37.38750076293945,0.0
2022-01-13,37.57500076293945,0.0
2022-01-14,37.57500076293945,0.0
2022-01-17,38.0,0.0
2022-01-18,37.57500076293945,0.0
2022-01-19,37.125,0.0
2022-01-20,37.275001525878906,0.0
2022-01-21,35.662498474121094,0.8
2022-01-24,36.0,0.0
2022-01-25,35.412498474121094,0.0
2022-01-26,35.38750076293945,0.0
2022-02-07,35.57500076293945,0.0
2022-02-08,35.724998474121094,0.0
2022-02-09,35.849998474121094,0.0
2022-02-10,36.26250076293945,0.0
2022-02-11,36.23749923706055,0.0
2022-02-14,35.67499923706055,0.0
2022-02-15,35.51250076293945,0.0
2022-02-16,36.09999847412109,0.0
2022-02-17,36.125,0.0
2022-02-18,36.025001525878906,0.0
2022-02-21,35.95000076293945,0.0
2022-02-22,35.462501525878906,0.0
2022-02-23,35.5625,0.0
2022-02-24,34.70000076293945,0.0
2022-02-25,34.625,0.0
2022-03-01,35.11249923706055,0.0
2022-03-02,34.912498474121094,0.0
2022-03-03,34.98749923706055,0.0
2022-03-04,34.61249923706055,0.0
2022-03-07,33.5,0.0
2022-03-08,32.787498474121094,0.0
2022-03-09,33.125,0.0
2022-03-10,34.087501525878906,0.0
2022-03-11,33.599998474121094,0.0
2022-03-14,33.599998474121094,0.0
2022-03-15,32.912498474121094,0.0
2022-03-16,33.04999923706055,0.0
2022-03-17,34.099998474121094,0.0
2022-03-18,34.025001525878906,0.0
2022-03-21,34.25,0.0
2022-03-22,34.20000076293945,0.0
2022-03-23,34.525001525878906,0.0
2022-03-24,34.5,0.0
2022-03-25,34.54999923706055,0.0
2022-03-28,34.17499923706055,0.0
2022-03-29,34.212501525878906,0.0
2022-03-30,34.63750076293945,0.0
2022-03-31,34.525001525878906,0.0
2022-04-01,34.23749923706055,0.0
2022-04-06,34.0625,0.0
2022-04-07,33.45000076293945,0.0
2022-04-08,33.63750076293945,0.0
2022-04-11,33.11249923706055,0.0
2022-04-12,33.13750076293945,0.0
2022-04-13,33.76250076293945,0.0
2022-04-14,33.63750076293945,0.0
2022-04-15,33.0625,0.0
2022-04-18,32.88750076293945,0.0
2022-04-19,33.0,0.0
2022-04-20,33.162498474121094,0.0
2022-04-21,33.1875,0.0
2022-04-22,32.900001525878906,0.0
2022-04-25,32.3125,0.0
2022-04-26,32.3125,0.0
2022-04-27,31.637500762939453,0.0
2022-04-28,31.77499961853028,0.0
2022-04-29,32.1875,0.0
2022-05-03,31.950000762939453,0.0
2022-05-04,31.950000762939453,0.0
2022-05-05,32.3125,0.0
2022-05-06,31.662500381469727,0.0
2022-05-09,31.137500762939453,0.0
2022-05-10,31.0,0.0
2022-05-11,31.049999237060547,0.0
2022-05-12,30.3125,0.0
2022-05-13,30.58749961853028,0.0
2022-05-16,30.75,0.0
2022-05-17,31.08749961853028,0.0
2022-05-18,31.424999237060547,0.0
2022-05-19,30.825000762939453,0.0
2022-05-20,31.162500381469727,0.0
2022-05-23,31.225000381469727,0.0
2022-05-24,30.875,0.0
2022-05-25,31.112499237060547,0.0
2022-05-26,30.725000381469727,0.0
2022-05-27,31.375,0.0
2022-05-30,32.13750076293945,0.0
2022-05-31,32.45000076293945,0.0
2022-06-01,32.287498474121094,0.0
2022-06-02,31.950000762939453,0.0
2022-06-06,32.17499923706055,0.0
2022-06-07,31.850000381469727,0.0
2022-06-08,32.20000076293945,0.0
2022-06-09,32.099998474121094,0.0
2022-06-10,31.77499961853028,0.0
2022-06-13,30.887500762939453,0.0
2022-06-14,30.83749961853028,0.0
2022-06-15,30.6875,0.0
2022-06-16,30.625,0.0
2022-06-17,30.21249961853028,0.0
2022-06-20,29.9375,0.0
2022-06-21,30.549999237060547,0.0
2022-06-22,29.875,0.0
2022-06-23,29.475000381469727,0.0
2022-06-24,29.537500381469727,0.0
2022-06-27,30.237499237060547,0.0
2022-06-28,29.950000762939453,0.0
2022-06-29,29.700000762939453,0.0
2022-06-30,28.950000762939453,0.0
2022-07-01,27.887500762939453,0.0
2022-07-04,27.612499237060547,0.0
2022-07-05,27.75,0.0
2022-07-06,27.21249961853028,0.0
2022-07-07,28.02499961853028,0.0
2022-07-08,28.3125,0.0
2022-07-11,28.0625,0.0
2022-07-12,27.387500762939453,0.0
2022-07-13,28.362499237060547,0.0
2022-07-14,28.5,0.0
2022-07-15,28.875,0.0
2022-07-18,28.549999237060547,0.45
2022-07-19,28.575000762939453,0.0
2022-07-20,28.762500762939453,0.0
2022-07-21,29.08749961853028,0.0
2022-07-22,29.200000762939453,0.0
2022-07-25,29.174999237060547,0.0
2022-07-26,28.912500381469727,0.0
2022-07-27,29.174999237060547,0.0
2022-07-28,29.225000381469727,0.0
2022-07-29,29.5,0.0
2022-08-01,29.412500381469727,0.0
2022-08-02,28.887500762939453,0.0575
2022-08-03,29.0625,0.0
2022-08-04,29.137500762939453,0.0
2022-08-05,29.875,0.0
2022-08-08,29.8125,0.0
2022-08-09,29.787500381469727,0.0
2022-08-10,29.475000381469727,0.0
2022-08-11,30.012500762939453,0.0
2022-08-12,30.200000762939453,0.0
2022-08-15,30.475000381469727,0.0
2022-08-16,30.52499961853028,0.0
2022-08-17,30.537500381469727,0.0
2022-08-18,30.33749961853028,0.0
2022-08-19,30.387500762939453,0.0
2022-08-22,30.012500762939453,0.0
2022-08-23,29.549999237060547,0.0
2022-08-24,29.475000381469727,0.0
2022-08-25,29.75,0.0
2022-08-26,29.89999961853028,0.0
2022-08-29,29.137500762939453,0.0
2022-08-30,29.1875,0.0
2022-08-31,29.39999961853028,0.0
2022-09-01,28.787500381469727,0.0
2022-09-02,28.475000381469727,0.0
2022-09-05,28.537500381469727,0.0
2022-09-06,28.725000381469727,0.0
2022-09-07,28.049999237060547,0.0
2022-09-08,28.25,0.0
2022-09-12,28.850000381469727,0.0
2022-09-13,29.0,0.0
2022-09-14,28.412500381469727,0.0
2022-09-15,28.46249961853028,0.0
2022-09-16,28.137500762939453,0.0
2022-09-19,28.012500762939453,0.0
2022-09-20,28.262500762939453,0.0
2022-09-21,28.02499961853028,0.0
2022-09-22,27.6875,0.0
2022-09-23,27.424999237060547,0.0
2022-09-26,26.912500381469727,0.0
2022-09-27,26.875,0.0
2022-09-28,26.3125,0.0
2022-09-29,26.225000381469727,0.0
2022-09-30,25.862499237060547,0.0
2022-10-03,25.549999237060547,0.0
2022-10-04,26.200000762939453,0.0
2022-10-05,26.8125,0.0
2022-10-06,27.0,0.0
2022-10-07,26.549999237060547,0.0
2022-10-11,25.174999237060547,0.0
2022-10-12,25.049999237060547,0.0
2022-10-13,24.75,0.0
2022-10-14,25.46249961853028,0.0
2022-10-17,24.987499237060547,0.0
2022-10-18,25.27499961853028,0.0
2022-10-19,24.9375,0.0
2022-10-20,24.799999237060547,0.0
2022-10-21,24.725000381469727,0.0
2022-10-24,24.64999961853028,0.0
2022-10-25,24.174999237060547,0.0
2022-10-26,24.39999961853028,0.0
2022-10-27,24.75,0.0
2022-10-28,24.4375,0.0
2022-10-31,24.762500762939453,0.0
2022-11-01,24.89999961853028,0.0
2022-11-02,25.0,0.0
2022-11-03,24.674999237060547,0.0
2022-11-04,24.71249961853028,0.0
2022-11-07,25.137500762939453,0.0
2022-11-08,25.39999961853028,0.0
2022-11-09,26.125,0.0
2022-11-10,25.875,0.0
2022-11-11,27.25,0.0
2022-11-14,27.5,0.0
2022-11-15,28.674999237060547,0.0
2022-11-16,28.625,0.0
2022-11-17,28.637500762939453,0.0
2022-11-18,28.5625,0.0
2022-11-21,28.46249961853028,0.0
2022-11-22,28.700000762939453,0.0
2022-11-23,28.89999961853028,0.0
2022-11-24,29.174999237060547,0.0
2022-11-25,29.174999237060547,0.0
2022-11-28,28.58749961853028,0.0
2022-11-29,28.850000381469727,0.0
2022-11-30,29.08749961853028,0.0
2022-12-01,29.58749961853028,0.0
2022-12-02,29.325000762939453,0.0
2022-12-05,29.362499237060547,0.0
2022-12-06,28.825000762939453,0.0
2022-12-07,28.64999961853028,0.0
2022-12-08,28.3125,0.0
2022-12-09,28.75,0.0
2022-12-12,28.475000381469727,0.0
2022-12-13,28.350000381469727,0.0
2022-12-14,28.700000762939453,0.0
2022-12-15,28.725000381469727,0.0
2022-12-16,28.25,0.0
2022-12-19,28.08749961853028,0.0
2022-12-20,27.575000762939453,0.0
2022-12-21,27.6875,0.0
2022-12-22,28.14999961853028,0.0
2022-12-23,27.674999237060547,0.0
2022-12-26,27.77499961853028,0.0
2022-12-27,27.89999961853028,0.0
2022-12-28,27.5,0.0
2022-12-29,27.375,0.0
2022-12-30,27.549999237060547,0.0
2023-01-03,27.6875,0.0
2023-01-04,27.625,0.0
2023-01-05,27.825000762939453,0.0
2023-01-06,27.950000762939453,0.0
2023-01-09,28.950000762939453,0.0
2023-01-10,29.0625,0.0
2023-01-11,29.08749961853028,0.0
2023-01-12,28.96249961853028,0.0
2023-01-13,29.299999237060547,0.0
2023-01-16,29.52499961853028,0.0
2023-01-17,29.52499961853028,0.0
2023-01-30,30.174999237060547,0.65
2023-01-31,29.575000762939453,0.0
2023-02-01,29.75,0.0
2023-02-02,30.25,0.0
2023-02-03,30.25,0.0
2023-02-06,29.8125,0.0
2023-02-07,29.75,0.0
2023-02-08,30.21249961853028,0.0
2023-02-09,30.225000381469727,0.0
2023-02-10,30.25,0.0
2023-02-13,30.1875,0.0
2023-02-14,30.412500381469727,0.0
2023-02-15,29.71249961853028,0.0
2023-02-16,30.075000762939453,0.0
2023-02-17,29.6875,0.0
2023-02-20,29.75,0.0
2023-02-21,29.737499237060547,0.0
2023-02-22,29.412500381469727,0.0
2023-02-23,29.850000381469727,0.0
2023-02-24,29.700000762939453,0.0
2023-03-01,29.83749961853028,0.0
2023-03-02,29.8125,0.0
2023-03-03,29.83749961853028,0.0
2023-03-06,30.125,0.0
2023-03-07,30.325000762939453,0.0
2023-03-08,30.075000762939453,0.0
2023-03-09,30.049999237060547,0.0
2023-03-10,29.575000762939453,0.0
2023-03-13,29.700000762939453,0.0
2023-03-14,29.375,0.0
2023-03-15,29.39999961853028,0.0
2023-03-16,29.262500762939453,0.0
2023-03-17,29.737499237060547,0.0
2023-03-20,29.52499961853028,0.0
2023-03-21,29.662500381469727,0.0
2023-03-22,30.225000381469727,0.0
2023-03-23,30.46249961853028,0.0
2023-03-24,30.549999237060547,0.0
2023-03-27,30.362499237060547,0.0
2023-03-28,30.100000381469727,0.0
2023-03-29,30.14999961853028,0.0
2023-03-30,30.299999237060547,0.0
2023-03-31,30.39999961853028,0.0
2023-04-06,30.25,0.0
2023-04-07,30.25,0.0
2023-04-10,30.25,0.0
2023-04-11,30.21249961853028,0.0
2023-04-12,30.137500762939453,0.0
2023-04-13,29.875,0.0
2023-04-14,30.162500381469727,0.0
2023-04-17,30.08749961853028,0.0
2023-04-18,29.987499237060547,0.0
2023-04-19,29.762500762939453,0.0
2023-04-20,29.725000381469727,0.0
2023-04-21,29.64999961853028,0.0
2023-04-24,29.537500381469727,0.0
2023-04-25,29.14999961853028,0.0
2023-04-26,29.02499961853028,0.0
2023-04-27,29.0,0.0
2023-04-28,29.350000381469727,0.0
2023-05-02,29.424999237060547,0.0
2023-05-03,29.299999237060547,0.0
2023-05-04,29.375,0.0
2023-05-05,29.450000762939453,0.0
2023-05-08,29.637500762939453,0.0
2023-05-09,29.725000381469727,0.0
2023-05-10,29.450000762939453,0.0
2023-05-11,29.387500762939453,0.0
2023-05-12,29.299999237060547,0.0
2023-05-15,29.299999237060547,0.0
2023-05-16,29.64999961853028,0.0
2023-05-17,30.137500762939453,0.0
2023-05-18,30.537500381469727,0.0
2023-05-19,30.625,0.0
2023-05-22,30.575000762939453,0.0
2023-05-23,30.549999237060547,0.0
2023-05-24,30.39999961853028,0.0
2023-05-25,30.762500762939453,0.0
2023-05-26,31.487499237060547,0.0
2023-05-29,31.6875,0.0
2023-05-30,31.6875,0.0
2023-05-31,31.537500381469727,0.0
2023-06-01,31.287500381469727,0.0
2023-06-02,31.6875,0.0
2023-06-05,31.58749961853028,0.0
2023-06-06,31.674999237060547,0.0
2023-06-07,32.025001525878906,0.0
2023-06-08,31.71249961853028,0.0
2023-06-09,31.950000762939453,0.0
2023-06-12,32.25,0.0
2023-06-13,32.88750076293945,0.0
2023-06-14,32.875,0.0
2023-06-15,32.974998474121094,0.0
2023-06-16,32.88750076293945,0.0
2023-06-19,32.8125,0.0
2023-06-20,32.63750076293945,0.0
2023-06-21,32.63750076293945,0.0
2023-06-26,32.4375,0.0
2023-06-27,32.224998474121094,0.0
2023-06-28,32.275001525878906,0.0
2023-06-29,32.26250076293945,0.0
2023-06-30,32.275001525878906,0.0
2023-07-03,32.67499923706055,0.0
2023-07-04,32.75,0.0
2023-07-05,32.70000076293945,0.0
2023-07-06,31.975000381469727,0.0
2023-07-07,31.924999237060547,0.0
2023-07-10,31.862499237060547,0.0
2023-07-11,32.29999923706055,0.0
2023-07-12,32.36249923706055,0.0
2023-07-13,32.724998474121094,0.0
2023-07-14,33.0625,0.0
2023-07-17,33.0,0.0
2023-07-18,32.462501525878906,0.475
2023-07-19,32.1875,0.0
2023-07-20,32.337501525878906,0.0
2023-07-21,31.799999237060547,0.0
2023-07-24,31.8125,0.0
2023-07-25,32.212501525878906,0.0
2023-07-26,32.125,0.0
2023-07-27,32.375,0.0
2023-07-28,32.375,0.0
2023-07-31,32.20000076293945,0.0
2023-08-01,32.36249923706055,0.0
2023-08-02,31.96249961853028,0.0
2023-08-04,31.8125,0.0
2023-08-07,32.125,0.0
2023-08-08,31.75,0.0
2023-08-09,31.799999237060547,0.0
2023-08-10,31.600000381469727,0.0
2023-08-11,31.575000762939453,0.0
2023-08-14,31.125,0.0
2023-08-15,31.174999237060547,0.0
2023-08-16,31.012500762939453,0.0
2023-08-17,31.14999961853028,0.0
2023-08-18,30.96249961853028,0.0
2023-08-21,30.75,0.0
2023-08-22,31.0,0.0
2023-08-23,31.21249961853028,0.0
2023-08-24,31.75,0.0
2023-08-25,31.137500762939453,0.0
2023-08-28,31.33749961853028,0.0
2023-08-29,31.512500762939453,0.0
2023-08-30,31.64999961853028,0.0
2023-08-31,31.424999237060547,0.0
2023-09-01,31.475000381469727,0.0
2023-09-04,31.6875,0.0
2023-09-05,31.612499237060547,0.0
2023-09-06,31.5,0.0
2023-09-07,31.21249961853028,0.0
2023-09-08,31.075000762939453,0.0
2023-09-11,30.950000762939453,0.0
2023-09-12,31.262500762939453,0.0
2023-09-13,31.299999237060547,0.0
2023-09-14,31.737499237060547,0.0
2023-09-15,31.83749961853028,0.0
2023-09-18,31.5,0.0
2023-09-19,31.362499237060547,0.0
2023-09-20,31.1875,0.0
2023-09-21,30.6875,0.0
2023-09-22,30.662500381469727,0.0
2023-09-25,30.887500762939453,0.0
2023-09-26,30.52499961853028,0.0
2023-09-27,30.537500381469727,0.0
2023-09-28,30.662500381469727,0.0
2023-10-02,31.0625,0.0
2023-10-03,30.875,0.0
2023-10-04,30.475000381469727,0.0
2023-10-05,30.912500381469727,0.0
2023-10-06,31.02499961853028,0.0
2023-10-11,31.5625,0.0
2023-10-12,31.825000762939453,0.0
2023-10-13,31.737499237060547,0.0
2023-10-16,31.5625,0.0
2023-10-17,31.637500762939453,0.0
2023-10-18,31.200000762939453,0.0
2023-10-19,31.21249961853028,0.0
2023-10-20,31.350000381469727,0.0
2023-10-23,30.96249961853028,0.0
2023-10-24,30.987499237060547,0.0
2023-10-25,31.049999237060547,0.0
2023-10-26,30.4375,0.0
2023-10-27,30.575000762939453,0.0
2023-10-30,30.5,0.0
2023-10-31,30.287500381469727,0.0
2023-11-01,30.4375,0.0
2023-11-02,31.125,0.0
2023-11-03,31.362499237060547,0.0
2023-11-06,31.637500762939453,0.0
2023-11-07,31.625,0.0
2023-11-08,31.799999237060547,0.0
2023-11-09,31.8125,0.0
2023-11-10,31.6875,0.0
2023-11-13,32.17499923706055,0.0
2023-11-14,32.25,0.0
2023-11-15,32.63750076293945,0.0
2023-11-16,32.650001525878906,0.0
2023-11-17,32.75,0.0
2023-11-20,32.73749923706055,0.0
2023-11-21,33.13750076293945,0.0
2023-11-22,32.837501525878906,0.0
2023-11-23,32.82500076293945,0.0
2023-11-24,32.79999923706055,0.0
2023-11-27,32.587501525878906,0.0
2023-11-28,32.8125,0.0
2023-11-29,32.787498474121094,0.0
2023-11-30,32.837501525878906,0.0
2023-12-01,32.95000076293945,0.0
2023-12-04,32.82500076293945,0.0
2023-12-05,32.587501525878906,0.0
2023-12-06,32.70000076293945,0.0
2023-12-07,32.5,0.0
2023-12-08,32.76250076293945,0.0
2023-12-11,32.79999923706055,0.0
2023-12-12,32.875,0.0
2023-12-13,32.88750076293945,0.0
2023-12-14,33.287498474121094,0.0
2023-12-15,33.42499923706055,0.0
2023-12-18,33.474998474121094,0.0
2023-12-19,33.349998474121094,0.0
2023-12-20,33.4375,0.0
2023-12-21,33.150001525878906,0.0
2023-12-22,33.23749923706055,0.0
2023-12-25,33.375,0.0
2023-12-26,33.5625,0.0
2023-12-27,33.9375,0.0
2023-12-28,33.9375,0.0
2023-12-29,33.86249923706055,0.0
2024-01-02,33.724998474121094,0.0
2024-01-03,33.13750076293945,0.0
2024-01-04,33.125,0.0
2024-01-05,33.037498474121094,0.0
2024-01-08,33.1875,0.0
2024-01-09,33.25,0.0
2024-01-10,33.07500076293945,0.0
2024-01-11,33.212501525878906,0.0
2024-01-12,33.162498474121094,0.0
2024-01-15,33.162498474121094,0.0
2024-01-16,32.912498474121094,0.0
2024-01-17,31.862499237060547,0.75
2024-01-18,32.07500076293945,0.0
2024-01-19,33.224998474121094,0.0
2024-01-22,33.45000076293945,0.0
2024-01-23,33.51250076293945,0.0
2024-01-24,33.5,0.0
2024-01-25,33.912498474121094,0.0
2024-01-26,33.912498474121094,0.0
2024-01-29,34.125,0.0
2024-01-30,34.037498474121094,0.0
2024-01-31,33.587501525878906,0.0
2024-02-01,33.587501525878906,0.0
2024-02-02,33.775001525878906,0.0
2024-02-05,33.98749923706055,0.0
2024-02-15,35.587501525878906,0.0
2024-02-16,35.32500076293945,0.0
2024-02-19,35.275001525878906,0.0
2024-02-20,35.412498474121094,0.0
2024-02-21,35.29999923706055,0.0
2024-02-22,35.70000076293945,0.0
2024-02-23,35.9375,0.0
2024-02-26,35.98749923706055,0.0
2024-02-27,35.837501525878906,0.0
2024-02-29,35.82500076293945,0.0
2024-03-01,35.70000076293945,0.0
2024-03-04,36.73749923706055,0.0
2024-03-05,37.03749847412109,0.0
2024-03-06,37.212501525878906,0.0
2024-03-07,38.07500076293945,0.0
2024-03-08,38.61249923706055,0.0
2024-03-11,38.22499847412109,0.0
2024-03-12,38.625,0.0
2024-03-13,38.8125,0.0
2024-03-14,38.775001525878906,0.0
2024-03-15,38.25,0.0
2024-03-18,38.59999847412109,0.0
2024-03-19,38.51250076293945,0.0
2024-03-20,38.29999923706055,0.0
2024-03-21,39.34999847412109,0.0
2024-03-22,39.29999923706055,0.0
2024-03-25,39.375,0.0
2024-03-26,39.400001525878906,0.0
2024-03-27,39.41249847412109,0.0
2024-03-28,39.22499847412109,0.0
2024-03-29,39.45000076293945,0.0
2024-04-01,39.34999847412109,0.0
2024-04-02,39.91249847412109,0.0
2024-04-03,39.63750076293945,0.0
2024-04-08,39.86249923706055,0.0
2024-04-09,40.8125,0.0
2024-04-10,40.75,0.0
2024-04-11,40.625,0.0
2024-04-12,40.525001525878906,0.0
2024-04-15,40.0,0.0
2024-04-16,38.91249847412109,0.0
2024-04-17,39.34999847412109,0.0
2024-04-18,39.73749923706055,0.0
2024-04-19,37.72499847412109,0.0
2024-04-22,37.61249923706055,0.0
2024-04-23,37.97499847412109,0.0
2024-04-24,39.087501525878906,0.0
2024-04-25,38.375,0.0
2024-04-26,39.0,0.0
2024-04-29,39.70000076293945,0.0
2024-04-30,39.5625,0.0
2024-05-02,39.03749847412109,0.0
2024-05-03,39.23749923706055,0.0
2024-05-06,39.79999923706055,0.0
2024-05-07,40.025001525878906,0.0
2024-05-08,40.17499923706055,0.0
2024-05-09,40.125,0.0
2024-05-10,40.41249847412109,0.0
2024-05-13,40.82500076293945,0.0
2024-05-14,41.09999847412109,0.0
2024-05-15,41.66249847412109,0.0
2024-05-16,41.86249923706055,0.0
2024-05-17,41.8125,0.0
2024-05-20,41.79999923706055,0.0
2024-05-21,41.75,0.0
2024-05-22,42.5,0.0
2024-05-23,42.82500076293945,0.0
2024-05-24,42.650001525878906,0.0
2024-05-27,43.23749923706055,0.0
2024-05-28,43.29999923706055,0.0
2024-05-29,42.712501525878906,0.0
2024-05-30,41.97499847412109,0.0
2024-05-31,41.5,0.0
2024-06-03,42.38750076293945,0.0
2024-06-04,41.712501525878906,0.0
2024-06-05,42.11249923706055,0.0
2024-06-06,43.54999923706055,0.0
2024-06-07,43.212501525878906,0.0
2024-06-11,43.32500076293945,0.0
2024-06-12,44.09999847412109,0.0
2024-06-13,44.73749923706055,0.0
2024-06-14,45.0,0.0
2024-06-17,45.0,0.0
2024-06-18,45.75,0.0
2024-06-19,46.98749923706055,0.0
2024-06-20,47.4375,0.0
2024-06-21,47.150001525878906,0.0
2024-06-24,46.0,0.0
2024-06-25,45.97499847412109,0.0
2024-06-26,46.337501525878906,0.0
2024-06-27,46.32500076293945,0.0
2024-06-28,46.61249923706055,0.0
2024-07-01,46.650001525878906,0.0
2024-07-02,46.337501525878906,0.0
2024-07-03,46.900001525878906,0.0
2024-07-04,48.125,0.0
2024-07-05,47.95000076293945,0.0
2024-07-08,49.462501525878906,0.0
2024-07-09,49.41249847412109,0.0
2024-07-10,49.587501525878906,0.0
2024-07-11,50.6875,0.0
2024-07-12,49.087501525878906,0.0
2024-07-15,49.17499923706055,0.0
2024-07-16,49.212501525878906,0.25
2024-07-17,48.525001525878906,0.0
2024-07-18,47.650001525878906,0.0
2024-07-19,46.5625,0.0
2024-07-22,45.17499923706055,0.0
2024-07-23,46.57500076293945,0.0
2024-07-26,44.75,0.0
2024-07-29,45.150001525878906,0.0
2024-07-30,45.150001525878906,0.0
2024-07-31,45.212501525878906,0.0
2024-08-01,46.0,0.0
2024-08-02,43.67499923706055,0.0
2024-08-05,39.6875,0.0
2024-08-06,41.875,0.0
2024-08-07,43.53749847412109,0.0
2024-08-08,42.63750076293945,0.0
2024-08-09,43.962501525878906,0.0
2024-08-12,44.51250076293945,0.0
2024-08-13,44.625,0.0
2024-08-14,45.1875,0.0
2024-08-15,44.837501525878906,0.0
2024-08-16,45.84999847412109,0.0
2024-08-19,45.91249847412109,0.0
2024-08-20,45.9375,0.0
2024-08-21,45.45000076293945,0.0
2024-08-22,45.212501525878906,0.0
2024-08-23,45.23749923706055,0.0
2024-08-26,45.3125,0.0
2024-08-27,45.11249923706055,0.0
2024-08-28,45.75,0.0
2024-08-29,45.125,0.0
2024-08-30,45.337501525878906,0.0
2024-09-02,45.212501525878906,0.0
2024-09-03,45.01250076293945,0.0
2024-09-04,42.8125,0.0
2024-09-05,43.07500076293945,0.0
2024-09-06,43.6875,0.0
2024-09-09,43.01250076293945,0.0
2024-09-10,43.087501525878906,0.0
2024-09-11,42.962501525878906,0.0
2024-09-12,44.57500076293945,0.0
2024-09-13,44.59999847412109,0.0
2024-09-16,44.6875,0.0
2024-09-18,44.462501525878906,0.0
2024-09-19,45.03749847412109,0.0
2024-09-20,45.61249923706055,0.0
2024-09-23,45.8125,0.0
2024-09-24,46.25,0.0
2024-09-25,46.9375,0.0
2024-09-26,47.32500076293945,0.0
2024-09-27,47.22499847412109,0.0
2024-09-30,45.98749923706055,0.0
2024-10-01,45.900001525878906,0.0
2024-10-04,45.900001525878906,0.0
2024-10-07,47.03749847412109,0.0
2024-10-08,46.8125,0.0
2024-10-09,47.25,0.0
2024-10-11,48.03749847412109,0.0
2024-10-14,48.07500076293945,0.0
2024-10-15,49.09999847412109,0.0
2024-10-16,48.25,0.0
2024-10-17,48.32500076293945,0.0
2024-10-18,49.525001525878906,0.0
2024-10-21,49.51250076293945,0.0
2024-10-22,49.32500076293945,0.0
2024-10-23,49.0,0.0
2024-10-24,48.70000076293945,0.0
2024-10-25,49.09999847412109,0.0
2024-10-28,49.01250076293945,0.0
2024-10-29,47.875,0.0
2024-10-30,47.95000076293945,0.0
2024-11-01,47.625,0.0
2024-11-04,48.23749923706055,0.0
2024-11-05,48.41249847412109,0.0
2024-11-06,48.79999923706055,0.0
2024-11-07,49.36249923706055,0.0
2024-11-08,49.75,0.0
2024-11-11,49.775001525878906,0.0
2024-11-12,48.5,0.0
2024-11-13,48.1875,0.0
2024-11-14,47.75,0.0
2024-11-15,48.087501525878906,0.0
2024-11-18,47.41249847412109,0.0
2024-11-19,48.0625,0.0
2024-11-20,47.86249923706055,0.0
2024-11-21,47.337501525878906,0.0
2024-11-22,48.26250076293945,0.0
2024-11-25,48.087501525878906,0.0
2024-11-26,47.462501525878906,0.0
2024-11-27,46.775001525878906,0.0
2024-11-28,46.70000076293945,0.0
2024-11-29,46.8125,0.0
2024-12-02,47.92499923706055,0.0
2024-12-03,48.57500076293945,0.0
2024-12-04,48.86249923706055,0.0
2024-12-05,49.125,0.0
2024-12-06,48.9375,0.0
2024-12-09,49.0,0.0
2024-12-10,48.650001525878906,0.0
2024-12-11,48.22499847412109,0.0
2024-12-12,48.78749847412109,0.0
2024-12-13,48.82500076293945,0.0
2024-12-16,49.025001525878906,0.0
2024-12-17,49.275001525878906,0.0
2024-12-18,49.275001525878906,0.0
2024-12-19,48.59999847412109,0.0
2024-12-20,48.150001525878906,0.0
2024-12-23,49.3125,0.0
2024-12-24,49.45000076293945,0.0
2024-12-25,49.59999847412109,0.0
2024-12-26,49.5625,0.0
2024-12-27,49.72499847412109,0.0
2024-12-30,49.45000076293945,0.0
2024-12-31,48.9375,0.0
2025-01-02,48.51250076293945,0.0
2025-01-03,49.0,0.0
2025-01-06,50.53749847412109,0.0
2025-01-07,51.09999847412109,0.0
2025-01-08,50.337501525878906,0.0
2025-01-09,49.76250076293945,0.0
2025-01-10,49.75,0.0
2025-01-13,48.59999847412109,0.0
2025-01-14,48.900001525878906,0.0
2025-01-15,48.525001525878906,0.0
2025-01-16,49.51250076293945,0.0
2025-01-17,49.07500076293945,0.675
2025-01-20,49.57500076293945,0.0
2025-01-21,49.67499923706055,0.0
2025-01-22,50.32500076293945,0.0
2025-02-03,48.17499923706055,0.0
2025-02-04,48.462501525878906,0.0
2025-02-05,49.20000076293945,0.0
2025-02-06,49.41249847412109,0.0
2025-02-07,49.63750076293945,0.0
2025-02-10,49.07500076293945,0.0
2025-02-11,49.375,0.0
2025-02-12,49.29999923706055,0.0
2025-02-13,49.087501525878906,0.0
2025-02-14,48.5,0.0
2025-02-17,49.23749923706055,0.0
2025-02-18,49.41249847412109,0.0
2025-02-19,49.32500076293945,0.0
2025-02-20,49.13750076293945,0.0
2025-02-21,49.48749923706055,0.0
2025-02-24,49.04999923706055,0.0
2025-02-25,48.41249847412109,0.0
2025-02-26,48.67499923706055,0.0
2025-02-27,48.125,0.0
2025-03-03,47.01250076293945,0.0
2025-03-04,46.70000076293945,0.0
2025-03-05,47.3125,0.0
2025-03-06,47.025001525878906,0.0
2025-03-07,46.587501525878906,0.0
2025-03-10,46.3125,0.0
2025-03-11,45.5,0.0
2025-03-12,45.70000076293945,0.0
2025-03-13,45.275001525878906,0.0
2025-03-14,45.125,0.0
2025-03-17,45.51250076293945,0.0
2025-03-18,45.70000076293945,0.0
2025-03-19,45.13750076293945,0.0
2025-03-20,46.11249923706055,0.0
2025-03-21,45.73749923706055,0.0
2025-03-24,45.6875,0.0
2025-03-25,46.16249847412109,0.0
2025-03-26,46.125,0.0
2025-03-27,45.25,0.0
2025-03-28,44.79999923706055,0.0
2025-03-31,43.1875,0.0
2025-04-01,44.07500076293945,0.0
2025-04-02,44.0,0.0
2025-04-07,39.59999847412109,0.0
2025-04-08,38.3125,0.0
2025-04-09,36.54999923706055,0.0
2025-04-10,40.20000076293945,0.0
2025-04-11,41.13750076293945,0.0
2025-04-14,40.92499923706055,0.0
2025-04-15,41.337501525878906,0.0
2025-04-16,40.587501525878906,0.0
2025-04-17,40.13750076293945,0.0
2025-04-18,40.22499847412109,0.0
2025-04-21,39.650001525878906,0.0
2025-04-22,38.98749923706055,0.0
2025-04-23,40.712501525878906,0.0
2025-04-24,40.47499847412109,0.0
2025-04-25,41.4375,0.0
2025-04-28,41.78749847412109,0.0
2025-04-29,41.95000076293945,0.0
2025-04-30,42.150001525878906,0.0
2025-05-02,43.375,0.0
2025-05-05,42.98749923706055,0.0
2025-05-06,42.75,0.0
2025-05-07,42.587501525878906,0.0
2025-05-08,43.150001525878906,0.0
2025-05-09,43.6875,0.0
2025-05-12,44.17499923706055,0.0
2025-05-13,44.712501525878906,0.0
2025-05-14,45.72499847412109,0.0
2025-05-15,45.625,0.0
2025-05-16,45.75,0.0
2025-05-19,45.11249923706055,0.0
2025-05-20,45.20000076293945,0.0
2025-05-21,45.900001525878906,0.0
2025-05-22,45.400001525878906,0.0
2025-05-23,45.212501525878906,0.0
2025-05-26,45.16249847412109,0.0
2025-05-27,44.76250076293945,0.0
2025-05-28,44.837501525878906,0.0
2025-05-29,44.9375,0.0
2025-06-02,43.97499847412109,0.0
2025-06-03,44.28749847412109,0.0
2025-06-04,45.32500076293945,0.0
2025-06-05,45.41249847412109,0.0
2025-06-06,45.48749923706055,0.0
2025-06-09,45.92499923706055,0.0
2025-06-10,47.16249847412109,0.0
2025-06-11,47.16249847412109,0.0
2025-06-12,47.16249847412109,0.0
2025-06-13,47.16249847412109,0.0
2025-06-16,47.16249847412109,0.0
2025-06-17,47.16249847412109,0.0
2025-06-18,47.56999969482422,0.0
2025-06-19,47.09999847412109,0.0
2025-06-20,47.02999877929688,0.0
2025-06-23,46.63999938964844,0.0
2025-06-24,47.4900016784668,0.0
2025-06-25,48.18000030517578,0.0
2025-06-26,48.2400016784668,0.0
2025-06-27,48.290000915527344,0.0
2025-06-30,48.36000061035156,0.0
2025-07-01,48.63999938964844,0.0
2025-07-02,48.650001525878906,0.0
2025-07-03,49.31999969482422,0.0
2025-07-04,48.86000061035156,0.0
2025-07-07,48.56999969482422,0.0
2025-07-08,48.34999847412109,0.0
2025-07-09,48.84999847412109,0.0
2025-07-10,49.40999984741211,0.0
2025-07-11,49.619998931884766,0.0
2025-07-14,49.33000183105469,0.0
2025-07-15,50.0,0.0
2025-07-16,50.400001525878906,0.0
2025-07-17,50.70000076293945,0.0
2025-07-18,51.45000076293945,0.0
2025-07-21,50.900001525878906,0.36
2025-07-22,50.54999923706055,0.0
2025-07-23,50.70000076293945,0.0
2025-07-24,51.0,0.0
2025-07-25,50.900001525878906,0.0
2025-07-28,51.04999923706055,0.0
2025-07-29,50.45000076293945,0.0
2025-07-30,51.0,0.0
2025-07-31,51.54999923706055,0.0
2025-08-01,51.09999847412109,0.0
2025-08-04,50.79999923706055,0.0
2025-08-05,51.45000076293945,0.0
2025-08-06,51.0,0.0
2025-08-07,52.45000076293945,0.0
2025-08-08,52.45000076293945,0.0
2025-08-11,52.84999847412109,0.0
2025-08-12,52.900001525878906,0.0
2025-08-13,53.34999847412109,0.0
2025-08-14,53.150001525878906,0.0
2025-08-15,53.150001525878906,0.0
2025-08-18,53.29999923706055,0.0
2025-08-19,53.20000076293945,0.0
2025-08-20,51.70000076293945,0.0
2025-08-21,52.0,0.0
2025-08-22,51.75,0.0
2025-08-25,52.70000076293945,0.0
2025-08-26,52.75,0.0
2025-08-27,53.0,0.0
2025-08-28,52.5,0.0
2025-08-29,52.5,0.0
2025-09-01,52.0,0.0
2025-09-02,52.0,0.0
2025-09-03,51.95000076293945,0.0
2025-09-04,52.29999923706055,0.0
2025-09-05,52.84999847412109,0.0
2025-09-08,53.34999847412109,0.0
2025-09-09,53.900001525878906,0.0
2025-09-10,54.95000076293945,0.0
2025-09-11,55.45000076293945,0.0
2025-09-12,56.0,0.0
2025-09-15,56.0,0.0
2025-09-16,56.75,0.0
2025-09-17,56.34999847412109,0.0
2025-09-18,56.95000076293945,0.0
2025-09-19,57.0,0.0
2025-09-22,57.400001525878906,0.0
2025-09-23,58.45000076293945,0.0
2025-09-24,58.400001525878906,0.0
2025-09-25,58.20000076293945,0.0
2025-09-26,57.25,0.0
2025-09-30,57.79999923706055,0.0
2025-10-01,58.09999847412109,0.0
2025-10-02,59.20000076293945,0.0
2025-10-03,60.04999923706055,0.0
2025-10-07,61.70000076293945,0.0
2025-10-08,61.150001525878906,0.0
2025-10-09,61.59999847412109,0.0
2025-10-13,61.0,0.0
2025-10-14,60.70000076293945,0.0
2025-10-15,61.79999923706055,0.0
2025-10-16,63.0,0.0
2025-10-17,62.04999923706055,0.0
2025-10-20,63.09999847412109,0.0
2025-10-21,63.20000076293945,0.0
2025-10-22,62.70000076293945,0.0
2025-10-23,62.34999847412109,0.0
2025-10-27,63.79999923706055,0.0
2025-10-28,63.34999847412109,0.0
2025-10-29,64.4000015258789,0.0
2025-10-30,64.4000015258789,0.0
2025-10-31,64.75,0.0
2025-11-03,64.1500015258789,0.0
2025-11-04,63.95000076293945,0.0
2025-11-05,63.150001525878906,0.0
2025-11-06,63.29999923706055,0.0
2025-11-07,62.54999923706055,0.0
2025-11-10,63.34999847412109,0.0
2025-11-11,62.900001525878906,0.0
2025-11-12,63.20000076293945,0.0
2025-11-13,62.900001525878906,0.0
2025-11-14,61.70000076293945,0.0
2025-11-17,61.900001525878906,0.0
2025-11-18,60.45000076293945,0.0
2025-11-19,60.04999923706055,0.0
2025-11-20,61.900001525878906,0.0
2025-11-21,59.84999847412109,0.0
2025-11-24,59.54999923706055,0.0
2025-11-25,60.34999847412109,0.0
2025-11-26,61.34999847412109,0.0
2025-11-27,61.900001525878906,0.0
2025-11-28,62.34999847412109,0.0
2025-12-01,61.5,0.0
2025-12-02,61.70000076293945,0.0
2025-12-03,62.29999923706055,0.0
2025-12-04,62.20000076293945,0.0
2025-12-05,62.75,0.0
2025-12-08,63.70000076293945,0.0
2025-12-09,63.59999847412109,0.0
2025-12-10,64.05000305175781,0.0
2025-12-11,63.34999847412109,0.0
2025-12-12,63.45000076293945,0.0
2025-12-15,62.79999923706055,0.0
2025-12-16,62.25,0.0
2025-12-17,61.900001525878906,0.0
2025-12-18,61.900001525878906,0.0
2025-12-19,62.5,0.0
2025-12-22,63.400001525878906,0.0
2025-12-23,63.70000076293945,0.0
2025-12-24,63.84999847412109,0.0
2025-12-26,64.4000015258789,0.0
2025-12-29,65.25,0.0
2025-12-30,65.1500015258789,0.0
2025-12-31,65.5999984741211,0.0
2026-01-02,66.94999694824219,0.0
2026-01-05,69.5,0.0
2026-01-06,70.4000015258789,0.0
2026-01-07,69.8499984741211,0.0
2026-01-08,70.0999984741211,0.0
2026-01-09,69.8499984741211,0.0
2026-01-12,70.3499984741211,0.0
2026-01-13,70.69999694824219,0.0
2026-01-14,70.75,0.0
2026-01-15,70.6500015258789,0.0
2026-01-16,72.0,0.0
2026-01-19,72.5999984741211,0.0
2026-01-20,72.5999984741211,0.0
2026-01-21,71.8499984741211,0.0
2026-01-22,71.80000305175781,1.0
2026-01-23,72.25,0.0
2026-01-26,72.25,0.0
2026-01-27,73.05000305175781,0.0
2026-01-28,74.19999694824219,0.0
2026-01-29,73.75,0.0
2026-01-30,72.5999984741211,0.0
2026-02-02,71.5,0.0
2026-02-03,72.94999694824219,0.0
2026-02-04,72.9000015258789,0.0
2026-02-05,72.0,0.0
2026-02-06,71.9000015258789,0.0
2026-02-09,73.94999694824219,0.0
2026-02-10,75.5,0.0
2026-02-11,77.19999694824219,0.0
2026-02-23,77.4000015258789,0.0
2026-02-24,79.4000015258789,0.0
2026-02-25,81.0999984741211,0.0
2026-02-26,81.1500015258789,0.0
2026-03-02,80.3499984741211,0.0
2026-03-03,78.75,0.0
2026-03-04,75.5999984741211,0.0
2026-03-05,77.4000015258789,0.0
2026-03-06,76.8499984741211,0.0
2026-03-09,73.5999984741211,0.0
2026-03-10,75.19999694824219,0.0
2026-03-11,78.19999694824219,0.0
2026-03-12,76.5999984741211,0.0
2026-03-13,75.94999694824219,0.0
2026-03-16,75.5999984741211,0.0
2026-03-17,76.6500015258789,0.0
2026-03-18,77.80000305175781,0.0
2026-03-19,76.0,0.0
2026-03-20,75.9000015258789,0.0
2026-03-23,74.25,0.0
2026-03-24,74.4000015258789,0.0
2026-03-25,76.19999694824219,0.0
2026-03-26,75.80000305175781,0.0
2026-03-27,75.0,0.0
2026-03-30,73.9000015258789,0.0
2026-03-31,72.3499984741211,0.0
2026-04-01,75.44999694824219,0.0
2026-04-02,73.94999694824219,0.0
2026-04-07,75.30000305175781,0.0
2026-04-08,79.19999694824219,0.0
2026-04-09,79.1500015258789,0.0
2026-04-10,80.75,0.0
2026-04-13,80.5999984741211,0.0
2026-04-14,83.0999984741211,0.0
2026-04-15,84.1500015258789,0.0
2026-04-16,85.0,0.0
2026-04-17,84.1500015258789,0.0
2026-04-20,84.55000305175781,0.0
2026-04-21,86.0,0.0
2026-04-22,86.3499984741211,0.0
2026-04-23,86.3499984741211,0.0
2026-04-24,89.94999694824219,0.0
2026-04-27,93.0,0.0
2026-04-28,92.0,0.0
2026-04-29,90.75,0.0
2026-04-30,90.5,0.0
2026-05-04,94.5999984741211,0.0
2026-05-05,94.5999984741211,0.0
2026-05-06,95.75,0.0
2026-05-07,97.6999969482422,0.0
2026-05-08,97.0,0.0
2026-05-11,96.9000015258789,0.0
2026-05-12,96.8499984741211,0.0
2026-05-13,95.5,0.0
2026-05-14,96.0500030517578,0.0
2026-05-15,95.4000015258789,0.0
2026-05-18,94.9000015258789,0.0
2026-05-19,93.0999984741211,0.0
2026-05-20,92.5,0.0
2026-05-21,95.8499984741211,0.0
2026-05-22,97.3000030517578,0.0
2026-05-25,100.8000030517578,0.0
2026-05-26,100.0999984741211,0.0
2026-05-27,102.5500030517578,0.0
2026-05-28,100.5,0.0
2026-05-29,105.4000015258789,0.0
2026-06-01,105.5,0.0
2026-06-02,105.6999969482422,0.0
2026-06-03,107.5999984741211,0.0
2026-06-04,106.0999984741211,0.0
2026-06-05,104.1500015258789,0.0
2026-06-08,100.9499969482422,0.0
2026-06-09,103.5,0.0
2026-06-10,100.25,0.0
2026-06-11,99.8499984741211,0.0
2026-06-12,101.9499969482422,0.0
2026-06-15,105.25,0.0
2026-06-16,105.9000015258789,0.0
2026-06-17,106.0,0.0
2026-06-18,107.3000030517578,0.0
2026-06-22,111.1500015258789,0.0
2026-06-23,110.0999984741211,0.0
2026-06-24,107.1500015258789,0.0
2026-06-25,107.1999969482422,0.0
2026-06-26,103.0999984741211,0.0
2026-06-29,104.4499969482422,0.0
2026-06-30,107.8000030517578,0.0
2026-07-01,109.3499984741211,0.0
2026-07-02,108.8000030517578,0.0
2026-07-03,108.3499984741211,0.0
2026-07-06,108.25,0.0
2026-07-07,106.1999969482422,0.0
2026-07-08,106.0500030517578,0.0
2026-07-09,105.8000030517578,0.0
2026-07-10,105.8000030517578,0.0
2026-07-13,106.0,0.0
2026-07-14,104.4000015258789,0.0
2026-07-15,106.3000030517578,0.0
2026-07-16,106.4000015258789,0.0
2026-07-17,100.1500015258789,0.0
2026-07-20,99.1999969482422,0.0
2026-07-21,102.5,0.6
2026-07-22,103.8499984741211,0.0
2026-07-23,103.9000015258789,0.0
2026-07-24,101.6999969482422,0.0
2026-07-27,101.4499969482422,0.0
2026-07-28,97.1500015258789,0.0
2026-07-29,93.6999969482422,0.0
2026-07-30,93.5,0.0
2026-07-31,102.8499984741211,0.0
2026-08-03,102.0,0.0
2026-08-04,100.6500015258789,0.0
2026-08-05,103.8000030517578,0.0
2026-08-06,103.3000030517578,0.0
2026-08-07,102.8499984741211,0.0
2026-08-10,104.25,0.0
2026-08-11,104.5999984741211,0.0
2026-08-12,105.19999694824219,0.0
2026-08-13,106.69999694824219,0.0
2026-08-14,106.4000015258789,0.0
2026-08-17,106.44999694824219,0.0
