Date,Close,Dividends
2002-08-27,8.41093635559082,0.0
2002-08-28,8.505435943603516,0.0
2002-08-29,8.505435943603516,0.0
2002-08-30,8.505435943603516,0.0
2002-09-02,8.41093635559082,0.0
2002-09-03,8.26917552947998,0.0
2002-09-04,8.26917552947998,0.0
2002-09-05,8.17467212677002,0.0
2002-09-06,8.17467212677002,0.0
2002-09-09,8.316426277160645,0.0
2002-09-10,8.41093635559082,0.0
2002-09-11,8.316426277160645,0.0
2002-09-12,8.17467212677002,0.0
2002-09-13,8.22192096710205,0.0
2002-09-16,8.127416610717773,0.0
2002-09-17,8.26917552947998,0.0
2002-09-18,8.127416610717773,0.0
2002-09-19,8.127416610717773,0.0
2002-09-20,8.080166816711426,0.0
2002-09-23,7.796652793884277,0.0
2002-09-24,7.560388088226318,0.0
2002-09-25,7.135119915008545,0.0
2002-09-26,7.27687406539917,0.0
2002-09-27,7.418633937835693,0.0
2002-09-30,7.560388088226318,0.0
2002-10-01,7.607643127441406,0.0
2002-10-02,7.560388088226318,0.0
2002-10-03,7.324123859405518,0.0
2002-10-04,7.513138771057129,0.0
2002-10-07,7.371378898620605,0.0
2002-10-08,7.465884208679199,0.0
2002-10-09,7.465884208679199,0.0
2002-10-10,7.465884208679199,0.0
2002-10-11,7.371378898620605,0.0
2002-10-14,7.324123859405518,0.0
2002-10-15,7.560388088226318,0.0
2002-10-16,7.513138771057129,0.0
2002-10-17,7.513138771057129,0.0
2002-10-18,7.702147960662842,0.0
2002-10-21,7.607643127441406,0.0
2002-10-22,7.843902111053467,0.0
2002-10-23,7.98566198348999,0.0
2002-10-24,7.843902111053467,0.0
2002-10-25,7.98566198348999,0.0
2002-10-28,8.22192096710205,0.0
2002-10-29,7.98566198348999,0.0
2002-10-30,7.891158103942871,0.0
2002-10-31,7.891158103942871,0.0
2002-11-01,7.796652793884277,0.0
2002-11-04,7.796652793884277,0.0
2002-11-05,7.749398231506348,0.0
2002-11-06,7.843902111053467,0.0
2002-11-07,7.843902111053467,0.0
2002-11-08,7.891158103942871,0.0
2002-11-11,8.032912254333496,0.0
2002-11-12,7.843902111053467,0.0
2002-11-13,7.98566198348999,0.0
2002-11-14,7.938406944274902,0.0
2002-11-15,8.127416610717773,0.0
2002-11-18,8.26917552947998,0.0
2002-11-19,8.17467212677002,0.0
2002-11-20,7.98566198348999,0.0
2002-11-21,7.938406944274902,0.0
2002-11-22,8.032912254333496,0.0
2002-11-25,7.843902111053467,0.0
2002-11-26,7.891158103942871,0.0
2002-11-27,7.749398231506348,0.0
2002-11-28,7.749398231506348,0.0
2002-11-29,7.796652793884277,0.0
2002-12-02,7.796652793884277,0.0
2002-12-03,7.843902111053467,0.0
2002-12-04,7.843902111053467,0.0
2002-12-05,7.796652793884277,0.0
2002-12-06,8.316426277160645,0.0
2002-12-09,8.883454322814941,0.0
2002-12-10,8.836204528808594,0.0
2002-12-11,8.505435943603516,0.0
2002-12-12,8.17467212677002,0.0
2002-12-13,8.26917552947998,0.0
2002-12-16,8.127416610717773,0.0
2002-12-17,8.080166816711426,0.0
2002-12-18,8.127416610717773,0.0
2002-12-19,8.26917552947998,0.0
2002-12-20,8.26917552947998,0.0
2002-12-23,8.22192096710205,0.0
2002-12-24,8.17467212677002,0.0
2002-12-25,7.98566198348999,0.0
2002-12-26,8.080166816711426,0.0
2002-12-27,8.080166816711426,0.0
2002-12-30,7.98566198348999,0.0
2002-12-31,8.080166816711426,0.0
2003-01-01,8.080166816711426,0.0
2003-01-02,8.127416610717773,0.0
2003-01-03,8.127416610717773,0.0
2003-01-06,8.22192096710205,0.0
2003-01-07,8.080166816711426,0.0
2003-01-08,8.17467212677002,0.0
2003-01-09,8.316426277160645,0.0
2003-01-10,8.26917552947998,0.0
2003-01-13,8.458186149597168,0.0
2003-01-14,8.41093635559082,0.0
2003-01-15,8.363680839538574,0.0
2003-01-16,8.458186149597168,0.0
2003-01-17,8.26917552947998,0.0
2003-01-20,8.363680839538574,0.0
2003-01-21,8.930709838867188,0.0
2003-01-22,8.930709838867188,0.0
2003-01-23,8.694450378417969,0.0
2003-01-24,8.599940299987793,0.0
2003-01-27,8.26917552947998,0.0
2003-01-28,8.41093635559082,0.0
2003-01-29,8.41093635559082,0.0
2003-01-30,8.41093635559082,0.0
2003-01-31,8.41093635559082,0.0
2003-02-03,8.41093635559082,0.0
2003-02-04,8.41093635559082,0.0
2003-02-05,8.41093635559082,0.0
2003-02-06,8.26917552947998,0.0
2003-02-07,8.26917552947998,0.0
2003-02-10,8.22192096710205,0.0
2003-02-11,8.17467212677002,0.0
2003-02-12,8.26917552947998,0.0
2003-02-13,8.080166816711426,0.0
2003-02-14,8.17467212677002,0.0
2003-02-17,8.26917552947998,0.0
2003-02-18,8.22192096710205,0.0
2003-02-19,8.080166816711426,0.0
2003-02-20,8.127416610717773,0.0
2003-02-21,8.080166816711426,0.0
2003-02-24,8.127416610717773,0.0
2003-02-25,7.98566198348999,0.0
2003-02-26,7.938406944274902,0.0
2003-02-27,7.938406944274902,0.0
2003-02-28,7.938406944274902,0.0
2003-03-03,7.938406944274902,0.0
2003-03-04,8.032912254333496,0.0
2003-03-05,7.938406944274902,0.0
2003-03-06,7.843902111053467,0.0
2003-03-07,7.891158103942871,0.0
2003-03-10,7.938406944274902,0.0
2003-03-11,7.891158103942871,0.0
2003-03-12,8.080166816711426,0.0
2003-03-13,8.080166816711426,0.0
2003-03-14,8.080166816711426,0.0
2003-03-17,8.316426277160645,0.0
2003-03-18,8.26917552947998,0.0
2003-03-19,8.316426277160645,0.0
2003-03-20,8.694450378417969,0.0
2003-03-21,8.505435943603516,0.0
2003-03-24,8.316426277160645,0.0
2003-03-25,8.26917552947998,0.0
2003-03-26,8.17467212677002,0.0
2003-03-27,8.22192096710205,0.0
2003-03-28,8.647194862365723,0.0
2003-03-31,8.41093635559082,0.0
2003-04-01,8.17467212677002,0.0
2003-04-02,8.127416610717773,0.0
2003-04-03,8.032912254333496,0.0
2003-04-04,8.127416610717773,0.0
2003-04-07,8.22192096710205,0.0
2003-04-08,8.17467212677002,0.0
2003-04-09,8.080166816711426,0.0
2003-04-10,8.080166816711426,0.0
2003-04-11,8.127416610717773,0.0
2003-04-14,8.127416610717773,0.0
2003-04-15,8.080166816711426,0.0
2003-04-16,8.127416610717773,0.0
2003-04-17,8.127416610717773,0.0
2003-04-18,8.127416610717773,0.0
2003-04-21,8.41093635559082,0.0
2003-04-22,8.17467212677002,0.0
2003-04-23,8.26917552947998,0.0
2003-04-24,8.836204528808594,0.0
2003-04-25,8.26917552947998,0.0
2003-04-28,8.080166816711426,0.0
2003-04-29,8.032912254333496,0.0
2003-04-30,7.796652793884277,0.0
2003-05-01,7.796652793884277,0.0
2003-05-02,7.843902111053467,0.0
2003-05-05,8.17467212677002,0.0
2003-05-06,7.98566198348999,0.0
2003-05-07,7.891158103942871,0.0
2003-05-08,7.938406944274902,0.0
2003-05-09,7.938406944274902,0.0
2003-05-12,7.938406944274902,0.0
2003-05-13,7.891158103942871,0.0
2003-05-14,7.891158103942871,0.0
2003-05-15,7.938406944274902,0.0
2003-05-16,7.938406944274902,0.0
2003-05-19,7.891158103942871,0.0
2003-05-20,7.891158103942871,0.0
2003-05-21,7.843902111053467,0.0
2003-05-22,7.891158103942871,0.0
2003-05-23,7.891158103942871,0.0
2003-05-26,7.938406944274902,0.0
2003-05-27,7.891158103942871,0.0
2003-05-28,7.891158103942871,0.0
2003-05-29,7.938406944274902,0.0
2003-05-30,7.938406944274902,0.0
2003-06-02,7.938406944274902,0.0
2003-06-03,8.17467212677002,0.0
2003-06-04,8.17467212677002,0.0
2003-06-05,8.127416610717773,0.0
2003-06-06,7.98566198348999,0.0
2003-06-09,7.98566198348999,0.0
2003-06-10,7.98566198348999,0.0
2003-06-11,7.938406944274902,0.0
2003-06-12,7.938406944274902,0.0
2003-06-13,8.032912254333496,0.0
2003-06-16,7.98566198348999,0.0
2003-06-17,8.17467212677002,0.0
2003-06-18,8.26917552947998,0.0
2003-06-19,8.505435943603516,0.0
2003-06-20,8.26917552947998,0.0
2003-06-23,8.127416610717773,0.0
2003-06-24,8.17467212677002,0.0
2003-06-25,8.17467212677002,0.0
2003-06-26,8.080166816711426,0.0
2003-06-27,8.127416610717773,0.0
2003-06-30,8.17467212677002,0.0
2003-07-01,8.127416610717773,0.0
2003-07-02,8.127416610717773,0.0
2003-07-03,8.127416610717773,0.0
2003-07-04,8.17467212677002,0.0
2003-07-07,8.080166816711426,0.0
2003-07-08,8.127416610717773,0.0
2003-07-09,8.434557914733887,0.0
2003-07-10,8.037637710571289,0.156014
2003-07-11,7.938407897949219,0.0
2003-07-14,7.938407897949219,0.0
2003-07-15,7.938407897949219,0.0
2003-07-16,7.988026142120361,0.0
2003-07-17,7.988026142120361,0.0
2003-07-18,8.037637710571289,0.0
2003-07-21,7.988026142120361,0.0
2003-07-22,8.037637710571289,0.0
2003-07-23,8.583404541015625,0.0
2003-07-24,9.17878532409668,0.0
2003-07-25,9.129173278808594,0.0
2003-07-28,9.724553108215332,0.0
2003-07-29,9.079554557800291,0.0
2003-07-30,8.583404541015625,0.0
2003-07-31,8.484174728393555,0.0
2003-08-01,8.583404541015625,0.0
2003-08-04,9.17878532409668,0.0
2003-08-05,8.881094932556152,0.0
2003-08-06,8.583404541015625,0.0
2003-08-07,8.53378677368164,0.0
2003-08-08,8.434557914733887,0.0
2003-08-11,8.186485290527344,0.0
2003-08-12,8.08725643157959,0.0
2003-08-13,8.285715103149414,0.0
2003-08-14,8.13686752319336,0.0
2003-08-15,8.236098289489746,0.0
2003-08-18,8.236098289489746,0.0
2003-08-19,8.13686752319336,0.0
2003-08-20,8.13686752319336,0.0
2003-08-21,8.13686752319336,0.0
2003-08-22,8.186485290527344,0.0
2003-08-25,8.13686752319336,0.0
2003-08-26,8.186485290527344,0.0
2003-08-27,8.13686752319336,0.0
2003-08-28,8.13686752319336,0.0
2003-08-29,8.13686752319336,0.0
2003-09-01,8.384944915771484,0.0
2003-09-02,8.781865119934082,0.0
2003-09-03,8.781865119934082,0.0
2003-09-04,8.781865119934082,0.0
2003-09-05,8.732247352600098,0.0
2003-09-08,8.682635307312012,0.0
2003-09-09,8.484174728393555,0.0
2003-09-10,8.484174728393555,0.0
2003-09-11,8.484174728393555,0.0
2003-09-12,8.434557914733887,0.0
2003-09-15,8.335328102111816,0.0
2003-09-16,8.335328102111816,0.0
2003-09-17,8.285715103149414,0.0
2003-09-18,8.335328102111816,0.0
2003-09-19,8.335328102111816,0.0
2003-09-22,8.335328102111816,0.0
2003-09-23,8.434557914733887,0.0
2003-09-24,8.335328102111816,0.0
2003-09-25,8.335328102111816,0.0
2003-09-26,8.236098289489746,0.0
2003-09-29,8.236098289489746,0.0
2003-09-30,8.434557914733887,0.0
2003-10-01,8.335328102111816,0.0
2003-10-02,8.335328102111816,0.0
2003-10-03,8.53378677368164,0.0
2003-10-06,8.53378677368164,0.0
2003-10-07,8.434557914733887,0.0
2003-10-08,8.434557914733887,0.0
2003-10-09,8.53378677368164,0.0
2003-10-10,8.53378677368164,0.0
2003-10-13,8.484174728393555,0.0
2003-10-14,8.434557914733887,0.0
2003-10-15,8.484174728393555,0.0
2003-10-16,8.434557914733887,0.0
2003-10-17,8.484174728393555,0.0
2003-10-20,8.484174728393555,0.0
2003-10-21,8.384944915771484,0.0
2003-10-22,8.484174728393555,0.0
2003-10-23,8.53378677368164,0.0
2003-10-24,8.53378677368164,0.0
2003-10-27,8.53378677368164,0.0
2003-10-28,8.53378677368164,0.0
2003-10-29,8.434557914733887,0.0
2003-10-30,8.484174728393555,0.0
2003-10-31,8.53378677368164,0.0
2003-11-03,8.434557914733887,0.0
2003-11-04,8.484174728393555,0.0
2003-11-05,8.633016586303711,0.0
2003-11-06,8.53378677368164,0.0
2003-11-07,8.53378677368164,0.0
2003-11-10,8.434557914733887,0.0
2003-11-11,8.434557914733887,0.0
2003-11-12,8.434557914733887,0.0
2003-11-13,8.434557914733887,0.0
2003-11-14,8.335328102111816,0.0
2003-11-17,8.484174728393555,0.0
2003-11-18,8.434557914733887,0.0
2003-11-19,8.583404541015625,0.0
2003-11-20,8.484174728393555,0.0
2003-11-21,8.53378677368164,0.0
2003-11-24,8.583404541015625,0.0
2003-11-25,8.583404541015625,0.0
2003-11-26,8.881094932556152,0.0
2003-11-27,8.633016586303711,0.0
2003-11-28,8.682635307312012,0.0
2003-12-01,8.633016586303711,0.0
2003-12-02,8.633016586303711,0.0
2003-12-03,8.781865119934082,0.0
2003-12-04,8.831477165222168,0.0
2003-12-05,8.831477165222168,0.0
2003-12-08,8.732247352600098,0.0
2003-12-09,8.583404541015625,0.0
2003-12-10,8.583404541015625,0.0
2003-12-11,8.633016586303711,0.0
2003-12-12,8.633016586303711,0.0
2003-12-15,8.781865119934082,0.0
2003-12-16,8.682635307312012,0.0
2003-12-17,8.732247352600098,0.0
2003-12-18,8.633016586303711,0.0
2003-12-19,8.633016586303711,0.0
2003-12-22,8.682635307312012,0.0
2003-12-23,8.633016586303711,0.0
2003-12-24,8.633016586303711,0.0
2003-12-25,8.732247352600098,0.0
2003-12-26,8.682635307312012,0.0
2003-12-29,8.633016586303711,0.0
2003-12-30,8.583404541015625,0.0
2003-12-31,8.682635307312012,0.0
2004-01-01,8.682635307312012,0.0
2004-01-02,8.682635307312012,0.0
2004-01-05,8.633016586303711,0.0
2004-01-06,8.633016586303711,0.0
2004-01-07,8.583404541015625,0.0
2004-01-08,8.633016586303711,0.0
2004-01-09,8.682635307312012,0.0
2004-01-12,8.583404541015625,0.0
2004-01-13,8.583404541015625,0.0
2004-01-14,8.583404541015625,0.0
2004-01-15,8.583404541015625,0.0
2004-01-16,8.583404541015625,0.0
2004-01-19,8.583404541015625,0.0
2004-01-20,8.583404541015625,0.0
2004-01-21,8.583404541015625,0.0
2004-01-22,8.583404541015625,0.0
2004-01-23,8.583404541015625,0.0
2004-01-26,8.583404541015625,0.0
2004-01-27,8.682635307312012,0.0
2004-01-28,8.781865119934082,0.0
2004-01-29,8.831477165222168,0.0
2004-01-30,8.881094932556152,0.0
2004-02-02,9.17878532409668,0.0
2004-02-03,9.327627182006836,0.0
2004-02-04,8.930706977844238,0.0
2004-02-05,9.17878532409668,0.0
2004-02-06,9.17878532409668,0.0
2004-02-09,9.327627182006836,0.0
2004-02-10,9.47647476196289,0.0
2004-02-11,9.228403091430664,0.0
2004-02-12,8.881094932556152,0.0
2004-02-13,9.029936790466309,0.0
2004-02-16,9.029936790466309,0.0
2004-02-17,9.029936790466309,0.0
2004-02-18,9.029936790466309,0.0
2004-02-19,8.980324745178223,0.0
2004-02-20,9.079554557800291,0.0
2004-02-23,9.17878532409668,0.0
2004-02-24,9.029936790466309,0.0
2004-02-25,9.079554557800291,0.0
2004-02-26,9.17878532409668,0.0
2004-02-27,9.774165153503418,0.0
2004-03-01,9.823782920837402,0.0
2004-03-02,9.923012733459473,0.0
2004-03-03,9.774165153503418,0.0
2004-03-04,9.774165153503418,0.0
2004-03-05,9.674935340881348,0.0
2004-03-08,9.625323295593262,0.0
2004-03-09,9.57570457458496,0.0
2004-03-10,9.526086807250977,0.0
2004-03-11,9.526086807250977,0.0
2004-03-12,9.37724494934082,0.0
2004-03-15,9.327627182006836,0.0
2004-03-16,9.228403091430664,0.0
2004-03-17,9.228403091430664,0.0
2004-03-18,9.327627182006836,0.0
2004-03-19,9.27801513671875,0.0
2004-03-22,8.633016586303711,0.0
2004-03-23,8.633016586303711,0.0
2004-03-24,8.633016586303711,0.0
2004-03-25,8.583404541015625,0.0
2004-03-26,8.583404541015625,0.0
2004-03-29,8.831477165222168,0.0
2004-03-30,8.682635307312012,0.0
2004-03-31,8.831477165222168,0.0
2004-04-01,8.682635307312012,0.0
2004-04-02,8.781865119934082,0.0
2004-04-05,8.831477165222168,0.0
2004-04-06,8.781865119934082,0.0
2004-04-07,8.732247352600098,0.0
2004-04-08,8.682635307312012,0.0
2004-04-09,8.682635307312012,0.0
2004-04-12,8.930706977844238,0.0
2004-04-13,8.781865119934082,0.0
2004-04-14,8.831477165222168,0.0
2004-04-15,8.831477165222168,0.0
2004-04-16,8.781865119934082,0.0
2004-04-19,8.732247352600098,0.0
2004-04-20,8.781865119934082,0.0
2004-04-21,8.682635307312012,0.0
2004-04-22,8.682635307312012,0.0
2004-04-23,8.781865119934082,0.0
2004-04-26,8.781865119934082,0.0
2004-04-27,8.732247352600098,0.0
2004-04-28,8.732247352600098,0.0
2004-04-29,8.682635307312012,0.0
2004-04-30,8.434557914733887,0.0
2004-05-03,8.434557914733887,0.0
2004-05-04,8.434557914733887,0.0
2004-05-05,8.434557914733887,0.0
2004-05-06,8.236098289489746,0.0
2004-05-07,8.236098289489746,0.0
2004-05-10,8.285715103149414,0.0
2004-05-11,8.285715103149414,0.0
2004-05-12,8.285715103149414,0.0
2004-05-13,8.335328102111816,0.0
2004-05-14,8.236098289489746,0.0
2004-05-17,7.988026142120361,0.0
2004-05-18,7.988026142120361,0.0
2004-05-19,8.186485290527344,0.0
2004-05-20,8.186485290527344,0.0
2004-05-21,8.285715103149414,0.0
2004-05-24,8.186485290527344,0.0
2004-05-25,8.186485290527344,0.0
2004-05-26,8.236098289489746,0.0
2004-05-27,8.285715103149414,0.0
2004-05-28,8.335328102111816,0.0
2004-05-31,8.335328102111816,0.0
2004-06-01,8.384944915771484,0.0
2004-06-02,8.285715103149414,0.0
2004-06-03,8.285715103149414,0.0
2004-06-04,8.285715103149414,0.0
2004-06-07,8.335328102111816,0.0
2004-06-08,8.335328102111816,0.0
2004-06-09,8.285715103149414,0.0
2004-06-10,8.285715103149414,0.0
2004-06-11,8.335328102111816,0.0
2004-06-14,8.285715103149414,0.0
2004-06-15,8.335328102111816,0.0
2004-06-16,8.236098289489746,0.0
2004-06-17,8.414711952209473,0.162269
2004-06-18,8.256939888000488,0.0
2004-06-21,8.256939888000488,0.0
2004-06-22,8.256939888000488,0.0
2004-06-23,8.256939888000488,0.0
2004-06-24,8.309528350830078,0.0
2004-06-25,8.362122535705566,0.0
2004-06-28,8.309528350830078,0.0
2004-06-29,8.362122535705566,0.0
2004-06-30,8.362122535705566,0.0
2004-07-01,8.730262756347656,0.0
2004-07-02,8.625080108642578,0.0
2004-07-05,8.572490692138672,0.0
2004-07-06,8.519895553588867,0.0
2004-07-07,8.519895553588867,0.0
2004-07-08,8.572490692138672,0.0
2004-07-09,8.519895553588867,0.0
2004-07-12,8.467307090759277,0.0
2004-07-13,8.467307090759277,0.0
2004-07-14,8.467307090759277,0.0
2004-07-15,8.467307090759277,0.0
2004-07-16,8.362122535705566,0.0
2004-07-19,8.362122535705566,0.0
2004-07-20,8.256939888000488,0.0
2004-07-21,8.309528350830078,0.0
2004-07-22,8.362122535705566,0.0
2004-07-23,8.362122535705566,0.0
2004-07-26,8.362122535705566,0.0
2004-07-27,8.362122535705566,0.0
2004-07-28,8.414711952209473,0.0
2004-07-29,8.362122535705566,0.0
2004-07-30,8.309528350830078,0.0
2004-08-02,8.362122535705566,0.0
2004-08-03,8.309528350830078,0.0
2004-08-04,8.204344749450684,0.0
2004-08-05,8.256939888000488,0.0
2004-08-06,8.309528350830078,0.0
2004-08-09,8.362122535705566,0.0
2004-08-10,8.414711952209473,0.0
2004-08-11,8.362122535705566,0.0
2004-08-12,8.362122535705566,0.0
2004-08-13,8.309528350830078,0.0
2004-08-16,8.362122535705566,0.0
2004-08-17,8.467307090759277,0.0
2004-08-18,8.309528350830078,0.0
2004-08-19,8.414711952209473,0.0
2004-08-20,8.414711952209473,0.0
2004-08-23,8.519895553588867,0.0
2004-08-24,8.519895553588867,0.0
2004-08-25,8.519895553588867,0.0
2004-08-26,8.625080108642578,0.0
2004-08-27,8.519895553588867,0.0
2004-08-30,8.572490692138672,0.0
2004-08-31,8.467307090759277,0.0
2004-09-01,8.519895553588867,0.0
2004-09-02,8.677675247192383,0.0
2004-09-03,8.730262756347656,0.0
2004-09-06,8.888042449951172,0.0
2004-09-07,9.045815467834473,0.0
2004-09-08,8.940630912780762,0.0
2004-09-09,8.940630912780762,0.0
2004-09-10,8.993226051330566,0.0
2004-09-13,8.940630912780762,0.0
2004-09-14,8.940630912780762,0.0
2004-09-15,8.782857894897461,0.0
2004-09-16,8.782857894897461,0.0
2004-09-17,8.677675247192383,0.0
2004-09-20,8.730262756347656,0.0
2004-09-21,8.730262756347656,0.0
2004-09-22,8.782857894897461,0.0
2004-09-23,8.782857894897461,0.0
2004-09-24,8.730262756347656,0.0
2004-09-27,8.730262756347656,0.0
2004-09-28,8.730262756347656,0.0
2004-09-29,8.835447311401367,0.0
2004-09-30,8.940630912780762,0.0
2004-10-01,8.940630912780762,0.0
2004-10-04,8.940630912780762,0.0
2004-10-05,8.940630912780762,0.0
2004-10-06,8.888042449951172,0.0
2004-10-07,8.940630912780762,0.0
2004-10-08,9.045815467834473,0.0
2004-10-11,8.993226051330566,0.0
2004-10-12,8.993226051330566,0.0
2004-10-13,8.993226051330566,0.0
2004-10-14,8.835447311401367,0.0
2004-10-15,8.835447311401367,0.0
2004-10-18,8.730262756347656,0.0
2004-10-19,8.782857894897461,0.0
2004-10-20,8.782857894897461,0.0
2004-10-21,8.782857894897461,0.0
2004-10-22,8.782857894897461,0.0
2004-10-25,8.782857894897461,0.0
2004-10-26,8.782857894897461,0.0
2004-10-27,8.782857894897461,0.0
2004-10-28,8.730262756347656,0.0
2004-10-29,8.730262756347656,0.0
2004-11-01,8.677675247192383,0.0
2004-11-02,8.677675247192383,0.0
2004-11-03,8.625080108642578,0.0
2004-11-04,8.625080108642578,0.0
2004-11-05,8.730262756347656,0.0
2004-11-08,8.730262756347656,0.0
2004-11-09,8.730262756347656,0.0
2004-11-10,8.730262756347656,0.0
2004-11-11,8.782857894897461,0.0
2004-11-12,8.835447311401367,0.0
2004-11-15,8.782857894897461,0.0
2004-11-16,8.782857894897461,0.0
2004-11-17,8.730262756347656,0.0
2004-11-18,8.782857894897461,0.0
2004-11-19,8.730262756347656,0.0
2004-11-22,8.677675247192383,0.0
2004-11-23,8.677675247192383,0.0
2004-11-24,8.730262756347656,0.0
2004-11-25,8.730262756347656,0.0
2004-11-26,8.730262756347656,0.0
2004-11-29,8.677675247192383,0.0
2004-11-30,8.677675247192383,0.0
2004-12-01,8.835447311401367,0.0
2004-12-02,8.782857894897461,0.0
2004-12-03,8.782857894897461,0.0
2004-12-06,8.993226051330566,0.0
2004-12-07,8.993226051330566,0.0
2004-12-08,8.993226051330566,0.0
2004-12-09,8.940630912780762,0.0
2004-12-10,8.940630912780762,0.0
2004-12-13,8.993226051330566,0.0
2004-12-14,9.045815467834473,0.0
2004-12-15,9.09840965270996,0.0
2004-12-16,9.150999069213867,0.0
2004-12-17,9.203593254089355,0.0
2004-12-20,9.150999069213867,0.0
2004-12-21,9.150999069213867,0.0
2004-12-22,9.150999069213867,0.0
2004-12-23,9.09840965270996,0.0
2004-12-24,9.09840965270996,0.0
2004-12-27,9.150999069213867,0.0
2004-12-28,9.203593254089355,0.0
2004-12-29,9.30877685546875,0.0
2004-12-30,9.361366271972656,0.0
2004-12-31,9.887285232543944,0.0
2005-01-03,9.78210735321045,0.0
2005-01-04,9.571734428405762,0.0
2005-01-05,9.519145011901855,0.0
2005-01-06,9.624327659606934,0.0
2005-01-07,9.624327659606934,0.0
2005-01-10,9.83469581604004,0.0
2005-01-11,9.83469581604004,0.0
2005-01-12,9.571734428405762,0.0
2005-01-13,9.676922798156738,0.0
2005-01-14,9.729512214660645,0.0
2005-01-17,9.887285232543944,0.0
2005-01-18,9.83469581604004,0.0
2005-01-19,9.887285232543944,0.0
2005-01-20,9.78210735321045,0.0
2005-01-21,9.676922798156738,0.0
2005-01-24,9.729512214660645,0.0
2005-01-25,9.676922798156738,0.0
2005-01-26,9.83469581604004,0.0
2005-01-27,9.887285232543944,0.0
2005-01-28,10.045063018798828,0.0
2005-01-31,10.097652435302734,0.0
2005-02-01,10.150246620178224,0.0
2005-02-02,10.150246620178224,0.0
2005-02-03,10.570981979370115,0.0
2005-02-04,10.570981979370115,0.0
2005-02-07,10.570981979370115,0.0
2005-02-08,10.570981979370115,0.0
2005-02-09,10.570981979370115,0.0
2005-02-10,10.570981979370115,0.0
2005-02-11,10.570981979370115,0.0
2005-02-14,10.728760719299316,0.0
2005-02-15,10.728760719299316,0.0
2005-02-16,10.781350135803224,0.0
2005-02-17,10.781350135803224,0.0
2005-02-18,10.833945274353027,0.0
2005-02-21,10.886533737182615,0.0
2005-02-22,10.728760719299316,0.0
2005-02-23,10.570981979370115,0.0
2005-02-24,10.518392562866213,0.0
2005-02-25,10.676165580749512,0.0
2005-02-28,10.676165580749512,0.0
2005-03-01,10.623577117919922,0.0
2005-03-02,10.518392562866213,0.0
2005-03-03,10.886533737182615,0.0
2005-03-04,11.622825622558594,0.0
2005-03-07,12.043560981750488,0.0
2005-03-08,11.570231437683104,0.0
2005-03-09,11.701711654663086,0.0
2005-03-10,11.465046882629396,0.0
2005-03-11,11.359864234924316,0.0
2005-03-14,11.096900939941406,0.0
2005-03-15,10.886533737182615,0.0
2005-03-16,10.991717338562012,0.0
2005-03-17,10.781350135803224,0.0
2005-03-18,10.833945274353027,0.0
2005-03-21,10.886533737182615,0.0
2005-03-22,10.75505828857422,0.0
2005-03-23,10.833945274353027,0.0
2005-03-24,10.91283130645752,0.0
2005-03-25,10.939127922058104,0.0
2005-03-28,11.307269096374512,0.0
2005-03-29,10.939127922058104,0.0
2005-03-30,11.0443115234375,0.0
2005-03-31,11.149496078491213,0.0
2005-04-01,11.2020845413208,0.0
2005-04-04,11.018014907836914,0.0
2005-04-05,11.018014907836914,0.0
2005-04-06,11.0443115234375,0.0
2005-04-07,11.123199462890623,0.0
2005-04-08,11.149496078491213,0.0
2005-04-11,10.991717338562012,0.0
2005-04-12,11.0443115234375,0.0
2005-04-13,11.018014907836914,0.0
2005-04-14,10.886533737182615,0.0
2005-04-15,10.939127922058104,0.0
2005-04-18,10.833945274353027,0.0
2005-04-19,10.807646751403809,0.0
2005-04-20,10.518392562866213,0.0
2005-04-21,10.518392562866213,0.0
2005-04-22,10.649874687194824,0.0
2005-04-25,10.728760719299316,0.0
2005-04-26,10.649874687194824,0.0
2005-04-27,10.728760719299316,0.0
2005-04-28,10.518392562866213,0.0
2005-04-29,10.676165580749512,0.0
2005-05-02,10.676165580749512,0.0
2005-05-03,10.728760719299316,0.0
2005-05-04,10.728760719299316,0.0
2005-05-05,10.781350135803224,0.0
2005-05-06,10.728760719299316,0.0
2005-05-09,11.0443115234375,0.0
2005-05-10,11.41245174407959,0.0
2005-05-11,11.885782241821287,0.0
2005-05-12,11.806896209716797,0.0
2005-05-13,11.806896209716797,0.0
2005-05-16,11.806896209716797,0.0
2005-05-17,11.465046882629396,0.0
2005-05-18,11.570231437683104,0.0
2005-05-19,11.543933868408203,0.0
2005-05-20,11.465046882629396,0.0
2005-05-23,11.5176362991333,0.0
2005-05-24,11.491345405578612,0.0
2005-05-25,11.570231437683104,0.0
2005-05-26,11.41245174407959,0.0
2005-05-27,11.543933868408203,0.0
2005-05-30,11.438750267028809,0.0
2005-05-31,11.41245174407959,0.0
2005-06-01,11.359864234924316,0.0
2005-06-02,11.359864234924316,0.0
2005-06-03,11.41245174407959,0.0
2005-06-06,11.359864234924316,0.0
2005-06-07,11.175792694091797,0.0
2005-06-08,11.2020845413208,0.0
2005-06-09,11.307269096374512,0.0
2005-06-10,11.307269096374512,0.0
2005-06-13,11.307269096374512,0.0
2005-06-14,11.228382110595703,0.0
2005-06-15,11.386160850524902,0.0
2005-06-16,11.2020845413208,0.273489
2005-06-17,11.228382110595703,0.0
2005-06-20,11.2020845413208,0.0
2005-06-21,11.175792694091797,0.0
2005-06-22,11.254679679870604,0.0
2005-06-23,11.386160850524902,0.0
2005-06-24,11.333565711975098,0.0
2005-06-27,11.386160850524902,0.0
2005-06-28,11.41245174407959,0.0
2005-06-29,11.386160850524902,0.0
2005-06-30,11.438750267028809,0.0
2005-07-01,11.41245174407959,0.0
2005-07-04,11.307269096374512,0.0
2005-07-05,11.307269096374512,0.0
2005-07-06,11.307269096374512,0.0
2005-07-07,11.5176362991333,0.0
2005-07-08,11.386160850524902,0.0
2005-07-11,11.386160850524902,0.0
2005-07-12,11.649117469787598,0.0
2005-07-13,12.644628524780272,0.0
2005-07-14,12.704846382141112,0.0
2005-07-15,12.644628524780272,0.0
2005-07-18,12.644628524780272,0.0
2005-07-19,12.644628524780272,0.0
2005-07-20,12.73494815826416,0.0
2005-07-21,12.765056610107422,0.0
2005-07-22,12.825267791748049,0.0
2005-07-25,13.00590705871582,0.0
2005-07-26,13.036016464233398,0.0
2005-07-27,12.855377197265623,0.0
2005-07-28,13.066118240356444,0.0
2005-07-29,13.186546325683594,0.0
2005-08-01,13.066118240356444,0.0
2005-08-02,12.975797653198242,0.0
2005-08-03,12.945695877075195,0.0
2005-08-04,13.00590705871582,0.0
2005-08-05,13.00590705871582,0.0
2005-08-08,12.88548469543457,0.0
2005-08-09,12.88548469543457,0.0
2005-08-10,12.915587425231934,0.0
2005-08-11,12.945695877075195,0.0
2005-08-12,12.945695877075195,0.0
2005-08-15,12.644628524780272,0.0
2005-08-16,12.674737930297852,0.0
2005-08-17,12.674737930297852,0.0
2005-08-18,12.644628524780272,0.0
2005-08-19,12.765056610107422,0.0
2005-08-22,12.795166015625,0.0
2005-08-23,12.795166015625,0.0
2005-08-24,12.494097709655762,0.0
2005-08-25,12.403779029846191,0.0
2005-08-26,12.28335666656494,0.0
2005-08-29,12.04250717163086,0.0
2005-08-30,12.012398719787598,0.0
2005-08-31,11.891977310180664,0.0
2005-09-01,11.891977310180664,0.0
2005-09-02,12.012398719787598,0.0
2005-09-05,12.012398719787598,0.0
2005-09-06,11.98229694366455,0.0
2005-09-07,12.012398719787598,0.0
2005-09-08,12.012398719787598,0.0
2005-09-09,12.223146438598633,0.0
2005-09-12,12.162928581237791,0.0
2005-09-13,12.07261562347412,0.0
2005-09-14,11.891977310180664,0.0
2005-09-15,11.861867904663086,0.0
2005-09-16,11.80165672302246,0.0
2005-09-19,11.651126861572266,0.0
2005-09-20,11.621018409729004,0.0
2005-09-21,11.590909957885742,0.0
2005-09-22,11.560808181762695,0.0
2005-09-23,11.410277366638184,0.0
2005-09-26,11.380168914794922,0.0
2005-09-27,11.289849281311035,0.0
2005-09-28,11.22963809967041,0.0
2005-09-29,12.25806713104248,0.0
2005-09-30,12.42064094543457,0.0
2005-10-03,12.35561180114746,0.0
2005-10-04,12.290581703186035,0.0
2005-10-05,12.323097229003906,0.0
2005-10-06,12.290581703186035,0.0
2005-10-07,13.00590705871582,0.0
2005-10-10,12.04250717163086,0.0
2005-10-11,12.74578857421875,0.0
2005-10-12,12.81081771850586,0.0
2005-10-13,12.68075942993164,0.0
2005-10-14,12.68075942993164,0.0
2005-10-17,13.5586576461792,0.0
2005-10-18,13.07093620300293,0.0
2005-10-19,13.98134994506836,0.0
2005-10-20,14.956792831420898,0.0
2005-10-21,15.997265815734863,0.0
2005-10-24,15.477028846740724,0.0
2005-10-25,16.38744354248047,0.0
2005-10-26,15.249425888061523,0.0
2005-10-27,14.20895290374756,0.0
2005-10-28,13.98134994506836,0.0
2005-10-31,14.30649757385254,0.0
2005-11-01,14.371526718139648,0.0
2005-11-02,13.948835372924805,0.0
2005-11-03,14.924278259277344,0.0
2005-11-04,14.599130630493164,0.0
2005-11-07,15.216911315917969,0.0
2005-11-08,14.956792831420898,0.0
2005-11-09,14.696675300598145,0.0
2005-11-10,14.859249114990234,0.0
2005-11-11,14.664159774780272,0.0
2005-11-14,14.7291898727417,0.0
2005-11-15,15.542058944702148,0.0
2005-11-16,15.216911315917969,0.0
2005-11-17,15.672118186950684,0.0
2005-11-18,15.834692001342772,0.0
2005-11-21,15.184395790100098,0.0
2005-11-22,14.826733589172363,0.0
2005-11-23,14.56661605834961,0.0
2005-11-24,14.63164520263672,0.0
2005-11-25,14.40404224395752,0.0
2005-11-28,14.111409187316896,0.0
2005-11-29,14.17643928527832,0.0
2005-11-30,13.81877613067627,0.0
2005-12-01,13.98134994506836,0.0
2005-12-02,13.916319847106934,0.0
2005-12-05,13.948835372924805,0.0
2005-12-06,13.851290702819824,0.0
2005-12-07,13.851290702819824,0.0
2005-12-08,13.721232414245604,0.0
2005-12-09,13.688716888427734,0.0
2005-12-12,13.363569259643556,0.0
2005-12-13,13.39608383178711,0.0
2005-12-14,13.39608383178711,0.0
2005-12-15,13.461113929748535,0.0
2005-12-16,13.59117317199707,0.0
2005-12-19,13.851290702819824,0.0
2005-12-20,13.75374698638916,0.0
2005-12-21,13.65620231628418,0.0
2005-12-22,12.584418296813965,0.0
2005-12-23,13.59117317199707,0.0
2005-12-26,12.52420711517334,0.0
2005-12-27,13.363569259643556,0.0
2005-12-28,13.363569259643556,0.0
2005-12-29,13.266024589538574,0.0
2005-12-30,13.65620231628418,0.0
2006-01-02,13.688716888427734,0.0
2006-01-03,13.493627548217772,0.0
2006-01-04,13.526143074035645,0.0
2006-01-05,13.623687744140623,0.0
2006-01-06,13.688716888427734,0.0
2006-01-09,14.371526718139648,0.0
2006-01-10,14.20895290374756,0.0
2006-01-11,14.371526718139648,0.0
2006-01-12,14.24146842956543,0.0
2006-01-13,14.14392375946045,0.0
2006-01-16,14.14392375946045,0.0
2006-01-17,14.111409187316896,0.0
2006-01-18,13.916319847106934,0.0
2006-01-19,13.916319847106934,0.0
2006-01-20,13.688716888427734,0.0
2006-01-23,13.39608383178711,0.0
2006-01-24,13.493627548217772,0.0
2006-01-25,13.623687744140623,0.0
2006-02-03,13.786260604858398,0.0
2006-02-06,13.623687744140623,0.0
2006-02-07,13.721232414245604,0.0
2006-02-08,13.75374698638916,0.0
2006-02-09,13.721232414245604,0.0
2006-02-10,13.688716888427734,0.0
2006-02-13,13.916319847106934,0.0
2006-02-14,13.623687744140623,0.0
2006-02-15,13.59117317199707,0.0
2006-02-16,13.5586576461792,0.0
2006-02-17,13.721232414245604,0.0
2006-02-20,13.916319847106934,0.0
2006-02-21,13.65620231628418,0.0
2006-02-22,13.65620231628418,0.0
2006-02-23,13.59117317199707,0.0
2006-02-24,13.493627548217772,0.0
2006-02-27,13.526143074035645,0.0
2006-03-01,13.5586576461792,0.0
2006-03-02,13.5586576461792,0.0
2006-03-03,13.526143074035645,0.0
2006-03-06,13.59117317199707,0.0
2006-03-07,13.5586576461792,0.0
2006-03-08,13.493627548217772,0.0
2006-03-09,13.39608383178711,0.0
2006-03-10,13.688716888427734,0.0
2006-03-13,13.363569259643556,0.0
2006-03-14,13.038421630859377,0.0
2006-03-15,12.615730285644531,0.0
2006-03-16,12.74578857421875,0.0
2006-03-17,12.74578857421875,0.0
2006-03-20,12.64824390411377,0.0
2006-03-21,12.64824390411377,0.0
2006-03-22,12.615730285644531,0.0
2006-03-23,12.615730285644531,0.0
2006-03-24,12.615730285644531,0.0
2006-03-27,12.940876960754396,0.0
2006-03-28,12.84333324432373,0.0
2006-03-29,12.68075942993164,0.0
2006-03-30,12.68075942993164,0.0
2006-03-31,12.68075942993164,0.0
2006-04-03,12.74578857421875,0.0
2006-04-04,12.713274002075195,0.0
2006-04-06,12.908363342285156,0.0
2006-04-07,12.713274002075195,0.0
2006-04-10,12.64824390411377,0.0
2006-04-11,12.68075942993164,0.0
2006-04-12,12.713274002075195,0.0
2006-04-13,12.74578857421875,0.0
2006-04-14,12.77830410003662,0.0
2006-04-17,12.77830410003662,0.0
2006-04-18,12.84333324432373,0.0
2006-04-19,12.875847816467283,0.0
2006-04-20,12.74578857421875,0.0
2006-04-21,12.713274002075195,0.0
2006-04-24,12.77830410003662,0.0
2006-04-25,12.84333324432373,0.0
2006-04-26,12.77830410003662,0.0
2006-04-27,12.97339153289795,0.0
2006-04-28,12.908363342285156,0.0
2006-05-02,12.81081771850586,0.0
2006-05-03,12.77830410003662,0.0
2006-05-04,12.713274002075195,0.0
2006-05-05,12.77830410003662,0.0
2006-05-08,12.84333324432373,0.0
2006-05-09,12.84333324432373,0.0
2006-05-10,12.875847816467283,0.0
2006-05-11,12.81081771850586,0.0
2006-05-12,12.74578857421875,0.0
2006-05-15,12.713274002075195,0.0
2006-05-16,12.68075942993164,0.0
2006-05-17,12.615730285644531,0.0
2006-05-18,11.681222915649414,0.0
2006-05-19,11.741439819335938,0.0
2006-05-22,12.64824390411377,0.0
2006-05-23,12.64824390411377,0.0
2006-05-24,12.74578857421875,0.0
2006-05-25,12.74578857421875,0.0
2006-05-26,12.615730285644531,0.0
2006-05-29,11.771549224853516,0.0
2006-05-30,12.713274002075195,0.0
2006-06-01,12.58321475982666,0.0
2006-06-02,12.58321475982666,0.0
2006-06-05,12.35561180114746,0.0
2006-06-06,11.22963809967041,0.0
2006-06-07,12.225552558898926,0.0
2006-06-08,11.802861213684082,0.0
2006-06-09,11.705315589904783,0.0
2006-06-12,11.640287399291992,0.0
2006-06-13,11.60777187347412,0.0
2006-06-14,11.575257301330566,0.0
2006-06-15,11.640287399291992,0.0
2006-06-16,11.640287399291992,0.0
2006-06-19,11.640287399291992,0.0
2006-06-20,11.41268253326416,0.0
2006-06-21,11.28262424468994,0.0
2006-06-22,11.25010871887207,0.0
2006-06-23,11.28262424468994,0.0
2006-06-26,11.380168914794922,0.0
2006-06-27,11.315138816833496,0.0
2006-06-28,11.18507957458496,0.0
2006-06-29,11.087535858154297,0.325148
2006-06-30,11.18507957458496,0.0
2006-07-03,11.217595100402832,0.0
2006-07-04,11.217595100402832,0.0
2006-07-05,11.18507957458496,0.0
2006-07-06,11.18507957458496,0.0
2006-07-07,11.217595100402832,0.0
2006-07-10,11.18507957458496,0.0
2006-07-11,11.217595100402832,0.0
2006-07-12,11.18507957458496,0.0
2006-07-13,11.18507957458496,0.0
2006-07-14,11.18507957458496,0.0
2006-07-17,11.022505760192873,0.0
2006-07-18,11.022505760192873,0.0
2006-07-19,11.055021286010742,0.0
2006-07-20,11.022505760192873,0.0
2006-07-21,11.152565002441406,0.0
2006-07-24,11.120050430297852,0.0
2006-07-25,11.120050430297852,0.0
2006-07-26,10.296340942382812,0.0
2006-07-27,10.356557846069336,0.0
2006-07-28,11.217595100402832,0.0
2006-07-31,11.152565002441406,0.0
2006-08-01,11.217595100402832,0.0
2006-08-02,11.120050430297852,0.0
2006-08-03,11.518031120300291,0.0
2006-08-04,11.62337875366211,0.0
2006-08-07,11.518031120300291,0.0
2006-08-08,11.588262557983398,0.0
2006-08-09,11.62337875366211,0.0
2006-08-10,11.553147315979004,0.0
2006-08-11,11.65849494934082,0.0
2006-08-14,11.553147315979004,0.0
2006-08-15,11.553147315979004,0.0
2006-08-16,11.518031120300291,0.0
2006-08-17,11.65849494934082,0.0
2006-08-18,11.65849494934082,0.0
2006-08-21,11.693611145019531,0.0
2006-08-22,11.588262557983398,0.0
2006-08-23,11.693611145019531,0.0
2006-08-24,11.728727340698242,0.0
2006-08-25,11.693611145019531,0.0
2006-08-28,11.62337875366211,0.0
2006-08-29,11.62337875366211,0.0
2006-08-30,11.62337875366211,0.0
2006-08-31,11.553147315979004,0.0
2006-09-01,11.518031120300291,0.0
2006-09-04,11.342451095581056,0.0
2006-09-05,11.447798728942873,0.0
2006-09-06,11.41268253326416,0.0
2006-09-07,11.41268253326416,0.0
2006-09-08,11.447798728942873,0.0
2006-09-11,11.342451095581056,0.0
2006-09-12,11.377567291259766,0.0
2006-09-13,11.377567291259766,0.0
2006-09-14,11.307334899902344,0.0
2006-09-15,11.307334899902344,0.0
2006-09-18,11.41268253326416,0.0
2006-09-19,11.342451095581056,0.0
2006-09-20,11.377567291259766,0.0
2006-09-21,11.447798728942873,0.0
2006-09-22,11.482914924621582,0.0
2006-09-25,11.482914924621582,0.0
2006-09-26,11.41268253326416,0.0
2006-09-27,11.447798728942873,0.0
2006-09-28,11.90430736541748,0.0
2006-09-29,11.86919116973877,0.0
2006-10-02,11.939422607421877,0.0
2006-10-03,11.97453784942627,0.0
2006-10-04,11.939422607421877,0.0
2006-10-05,11.90430736541748,0.0
2006-10-09,11.90430736541748,0.0
2006-10-11,11.97453784942627,0.0
2006-10-12,12.044770240783691,0.0
2006-10-13,12.044770240783691,0.0
2006-10-16,12.079886436462402,0.0
2006-10-17,11.939422607421877,0.0
2006-10-18,11.939422607421877,0.0
2006-10-19,11.90430736541748,0.0
2006-10-20,11.97453784942627,0.0
2006-10-23,11.97453784942627,0.0
2006-10-24,12.044770240783691,0.0
2006-10-25,11.939422607421877,0.0
2006-10-26,11.86919116973877,0.0
2006-10-27,11.728727340698242,0.0
2006-10-30,11.728727340698242,0.0
2006-10-31,11.86919116973877,0.0
2006-11-01,11.90430736541748,0.0
2006-11-02,11.83407497406006,0.0
2006-11-03,11.83407497406006,0.0
2006-11-06,11.728727340698242,0.0
2006-11-07,11.763842582702637,0.0
2006-11-08,11.728727340698242,0.0
2006-11-09,11.728727340698242,0.0
2006-11-10,11.798958778381348,0.0
2006-11-13,11.728727340698242,0.0
2006-11-14,11.728727340698242,0.0
2006-11-15,11.693611145019531,0.0
2006-11-16,11.65849494934082,0.0
2006-11-17,11.693611145019531,0.0
2006-11-20,11.65849494934082,0.0
2006-11-21,11.728727340698242,0.0
2006-11-22,11.763842582702637,0.0
2006-11-23,12.044770240783691,0.0
2006-11-24,11.86919116973877,0.0
2006-11-27,11.86919116973877,0.0
2006-11-28,11.939422607421877,0.0
2006-11-29,11.90430736541748,0.0
2006-11-30,11.83407497406006,0.0
2006-12-01,11.86919116973877,0.0
2006-12-04,11.939422607421877,0.0
2006-12-05,11.97453784942627,0.0
2006-12-06,11.939422607421877,0.0
2006-12-07,11.939422607421877,0.0
2006-12-08,11.90430736541748,0.0
2006-12-11,11.86919116973877,0.0
2006-12-12,11.83407497406006,0.0
2006-12-13,11.83407497406006,0.0
2006-12-14,11.83407497406006,0.0
2006-12-15,11.939422607421877,0.0
2006-12-18,11.97453784942627,0.0
2006-12-19,11.939422607421877,0.0
2006-12-20,12.079886436462402,0.0
2006-12-21,11.939422607421877,0.0
2006-12-22,12.00965404510498,0.0
2006-12-25,12.00965404510498,0.0
2006-12-26,12.00965404510498,0.0
2006-12-27,12.044770240783691,0.0
2006-12-28,12.00965404510498,0.0
2006-12-29,12.079886436462402,0.0
2007-01-02,12.25546646118164,0.0
2007-01-03,12.290581703186035,0.0
2007-01-04,12.290581703186035,0.0
2007-01-05,12.395930290222168,0.0
2007-01-08,12.431045532226562,0.0
2007-01-09,12.431045532226562,0.0
2007-01-10,12.25546646118164,0.0
2007-01-11,12.290581703186035,0.0
2007-01-12,12.782204627990724,0.0
2007-01-15,12.992900848388672,0.0
2007-01-16,12.782204627990724,0.0
2007-01-17,12.676856994628906,0.0
2007-01-18,12.711973190307615,0.0
2007-01-19,12.641741752624512,0.0
2007-01-22,12.887553215026855,0.0
2007-01-23,12.711973190307615,0.0
2007-01-24,12.641741752624512,0.0
2007-01-25,12.571510314941406,0.0
2007-01-26,12.536394119262695,0.0
2007-01-29,12.536394119262695,0.0
2007-01-30,12.290581703186035,0.0
2007-01-31,12.290581703186035,0.0
2007-02-01,12.18523406982422,0.0
2007-02-02,12.25546646118164,0.0
2007-02-05,12.290581703186035,0.0
2007-02-06,12.290581703186035,0.0
2007-02-07,12.325697898864746,0.0
2007-02-08,12.325697898864746,0.0
2007-02-09,12.431045532226562,0.0
2007-02-12,12.431045532226562,0.0
2007-02-13,12.431045532226562,0.0
2007-02-14,12.395930290222168,0.0
2007-02-26,12.395930290222168,0.0
2007-02-27,12.325697898864746,0.0
2007-03-01,12.079886436462402,0.0
2007-03-02,11.939422607421877,0.0
2007-03-05,11.763842582702637,0.0
2007-03-06,11.728727340698242,0.0
2007-03-07,11.763842582702637,0.0
2007-03-08,11.83407497406006,0.0
2007-03-09,12.00965404510498,0.0
2007-03-12,11.939422607421877,0.0
2007-03-13,11.939422607421877,0.0
2007-03-14,11.939422607421877,0.0
2007-03-15,11.90430736541748,0.0
2007-03-16,12.00965404510498,0.0
2007-03-19,12.079886436462402,0.0
2007-03-20,12.00965404510498,0.0
2007-03-21,11.939422607421877,0.0
2007-03-22,12.079886436462402,0.0
2007-03-23,11.97453784942627,0.0
2007-03-26,11.90430736541748,0.0
2007-03-27,11.86919116973877,0.0
2007-03-28,11.90430736541748,0.0
2007-03-29,12.044770240783691,0.0
2007-03-30,12.25546646118164,0.0
2007-04-02,12.325697898864746,0.0
2007-04-03,12.325697898864746,0.0
2007-04-04,12.360814094543455,0.0
2007-04-09,12.431045532226562,0.0
2007-04-10,12.360814094543455,0.0
2007-04-11,12.431045532226562,0.0
2007-04-12,12.431045532226562,0.0
2007-04-13,12.395930290222168,0.0
2007-04-16,12.852437019348145,0.0
2007-04-17,12.466161727905272,0.0
2007-04-18,12.641741752624512,0.0
2007-04-19,12.536394119262695,0.0
2007-04-20,12.501277923583984,0.0
2007-04-23,13.238713264465332,0.0
2007-04-24,13.20359706878662,0.0
2007-04-25,12.992900848388672,0.0
2007-04-26,13.20359706878662,0.0
2007-04-27,13.238713264465332,0.0
2007-04-30,13.098249435424805,0.0
2007-05-02,12.782204627990724,0.0
2007-05-03,12.395930290222168,0.0
2007-05-04,12.466161727905272,0.0
2007-05-07,13.308944702148438,0.0
2007-05-08,13.344060897827148,0.0
2007-05-09,13.449407577514648,0.0
2007-05-10,13.449407577514648,0.0
2007-05-11,13.73033618927002,0.0
2007-05-14,14.678466796875,0.0
2007-05-15,14.748699188232422,0.0
2007-05-16,14.46777057647705,0.0
2007-05-17,14.46777057647705,0.0
2007-05-18,14.46777057647705,0.0
2007-05-21,14.397539138793944,0.0
2007-05-22,14.257075309753418,0.0
2007-05-23,14.397539138793944,0.0
2007-05-24,14.116610527038574,0.0
2007-05-25,13.976147651672363,0.0
2007-05-28,14.116610527038574,0.0
2007-05-29,13.835683822631836,0.0
2007-05-30,13.695219993591309,0.0
2007-05-31,13.76545238494873,0.0
2007-06-01,13.835683822631836,0.0
2007-06-04,13.660103797912598,0.0
2007-06-05,13.55475616455078,0.0
2007-06-06,13.55475616455078,0.0
2007-06-07,13.976147651672363,0.0
2007-06-08,14.397539138793944,0.0
2007-06-11,14.327306747436523,0.0
2007-06-12,14.186842918395996,0.0
2007-06-13,14.116610527038574,0.0
2007-06-14,13.835683822631836,0.0
2007-06-15,13.976147651672363,0.0
2007-06-20,13.800567626953123,0.0
2007-06-21,13.800567626953123,0.0
2007-06-22,13.835683822631836,0.0
2007-06-25,14.46777057647705,0.0
2007-06-26,14.397539138793944,0.0
2007-06-27,15.380785942077637,0.0
2007-06-28,16.434263229370117,0.0
2007-06-29,16.293800354003906,0.0
2007-07-02,16.57472801208496,0.0
2007-07-03,17.17169952392578,0.0
2007-07-04,16.715192794799805,0.0
2007-07-05,16.925886154174805,0.0
2007-07-06,16.925886154174805,0.0
2007-07-09,16.328916549682617,0.0
2007-07-10,16.750307083129883,0.0
2007-07-11,17.909133911132812,0.0
2007-07-12,19.13819122314453,0.0
2007-07-13,20.472597122192383,0.0
2007-07-16,21.877235412597656,0.0
2007-07-17,23.387222290039062,0.0
2007-07-18,25.00255584716797,0.0
2007-07-19,26.37207794189453,0.35116
2007-07-20,27.741600036621094,0.0
2007-07-23,29.67297744750977,0.0
2007-07-24,31.74481773376465,0.0
2007-07-25,33.957122802734375,0.0
2007-07-26,31.95551490783692,0.0
2007-07-27,30.90203666687012,0.0
2007-07-30,29.146238327026367,0.0
2007-07-31,31.18296241760254,0.0
2007-08-01,30.796688079833984,0.0
2007-08-02,29.076005935668945,0.0
2007-08-03,28.09276008605957,0.0
2007-08-06,26.126266479492188,0.0
2007-08-07,24.30023765563965,0.0
2007-08-08,25.985803604125977,0.0
2007-08-09,27.776716232299805,0.0
2007-08-10,28.865310668945312,0.0
2007-08-13,27.249977111816406,0.0
2007-08-14,28.09276008605957,0.0
2007-08-15,26.40719413757324,0.0
2007-08-16,24.581165313720703,0.0
2007-08-17,24.40558433532715,0.0
2007-08-20,26.09115028381348,0.0
2007-08-21,24.40558433532715,0.0
2007-08-22,23.071178436279297,0.0
2007-08-23,24.30023765563965,0.0
2007-08-24,24.61628150939941,0.0
2007-08-27,24.124656677246094,0.0
2007-08-28,23.87884521484375,0.0
2007-08-29,22.82536697387696,0.0
2007-08-30,23.422338485717773,0.0
2007-08-31,23.31698989868164,0.0
2007-09-03,23.071178436279297,0.0
2007-09-04,22.509323120117188,0.0
2007-09-05,24.054424285888672,0.0
2007-09-06,24.89720726013184,0.0
2007-09-07,26.617889404296875,0.0
2007-09-10,27.039281845092773,0.0
2007-09-11,28.16299057006836,0.0
2007-09-12,26.688121795654297,0.0
2007-09-13,27.10951232910156,0.0
2007-09-14,26.93393325805664,0.0
2007-09-17,27.53090476989746,0.0
2007-09-18,27.53090476989746,0.0
2007-09-19,26.89881706237793,0.0
2007-09-20,26.89881706237793,0.0
2007-09-21,27.179744720458984,0.0
2007-09-26,27.249977111816406,0.0
2007-09-27,27.46067237854004,0.0
2007-09-28,29.35693359375,0.0
2007-10-01,29.497398376464844,0.0
2007-10-02,28.865310668945312,0.0
2007-10-03,28.44391822814941,0.0
2007-10-04,28.373687744140625,0.0
2007-10-05,27.60113525390625,0.0
2007-10-08,27.10951232910156,0.0
2007-10-09,27.249977111816406,0.0
2007-10-11,27.14462852478028,0.0
2007-10-12,26.89881706237793,0.0
2007-10-15,25.6346435546875,0.0
2007-10-16,25.14302062988281,0.0
2007-10-17,25.59952735900879,0.0
2007-10-18,25.459062576293945,0.0
2007-10-19,25.353715896606445,0.0
2007-10-22,23.80861473083496,0.0
2007-10-23,24.089540481567383,0.0
2007-10-24,23.87884521484375,0.0
2007-10-25,23.94907760620117,0.0
2007-10-26,23.94907760620117,0.0
2007-10-29,23.73838233947754,0.0
2007-10-30,24.19488906860352,0.0
2007-10-31,24.47581672668457,0.0
2007-11-01,23.80861473083496,0.0
2007-11-02,22.47420883178711,0.0
2007-11-05,21.98258399963379,0.0
2007-11-06,21.631425857543945,0.0
2007-11-07,20.964221954345703,0.0
2007-11-08,19.52446746826172,0.0
2007-11-09,18.22517776489257,0.0
2007-11-12,16.961002349853516,0.0
2007-11-13,18.049598693847656,0.0
2007-11-14,19.27865600585937,0.0
2007-11-15,19.489351272583008,0.0
2007-11-16,20.261903762817383,0.0
2007-11-19,20.929105758666992,0.0
2007-11-20,20.929105758666992,0.0
2007-11-21,19.945859909057617,0.0
2007-11-22,20.086322784423828,0.0
2007-11-23,19.20842361450196,0.0
2007-11-26,18.96261215209961,0.0
2007-11-27,18.57633781433105,0.0
2007-11-28,17.909133911132812,0.0
2007-11-29,19.13819122314453,0.0
2007-11-30,19.384004592895508,0.0
2007-12-03,19.910743713378903,0.0
2007-12-04,20.226787567138672,0.0
2007-12-05,20.261903762817383,0.0
2007-12-06,19.66493225097656,0.0
2007-12-07,19.770278930664062,0.0
2007-12-10,20.016090393066406,0.0
2007-12-11,19.805395126342773,0.0
2007-12-12,19.66493225097656,0.0
2007-12-13,19.03284454345703,0.0
2007-12-14,18.681684494018555,0.0
2007-12-17,17.382394790649414,0.0
2007-12-18,17.382394790649414,0.0
2007-12-19,17.69843864440918,0.0
2007-12-20,16.961002349853516,0.0
2007-12-21,16.925886154174805,0.0
2007-12-24,17.347278594970703,0.0
2007-12-25,17.347278594970703,0.0
2007-12-26,17.347278594970703,0.0
2007-12-27,17.69843864440918,0.0
2007-12-28,18.22517776489257,0.0
2007-12-31,18.29541015625,0.0
2008-01-02,19.52446746826172,0.0
2008-01-03,19.243539810180664,0.0
2008-01-04,19.31377220153809,0.0
2008-01-07,18.26029396057129,0.0
2008-01-08,18.681684494018555,0.0
2008-01-09,18.681684494018555,0.0
2008-01-10,18.47098922729492,0.0
2008-01-11,18.541221618652344,0.0
2008-01-14,18.47098922729492,0.0
2008-01-15,19.73516273498535,0.0
2008-01-16,18.611452102661133,0.0
2008-01-17,18.751916885375977,0.0
2008-01-18,18.89238166809082,0.0
2008-01-21,18.47098922729492,0.0
2008-01-22,17.206815719604492,0.0
2008-01-23,16.01287269592285,0.0
2008-01-24,15.942641258239746,0.0
2008-01-25,16.434263229370117,0.0
2008-01-28,15.872408866882324,0.0
2008-01-29,16.153337478637695,0.0
2008-01-30,15.80217742919922,0.0
2008-01-31,15.837292671203612,0.0
2008-02-01,16.925886154174805,0.0
2008-02-12,16.961002349853516,0.0
2008-02-13,17.73355484008789,0.0
2008-02-14,18.50610542297364,0.0
2008-02-15,18.4007568359375,0.0
2008-02-18,19.66493225097656,0.0
2008-02-19,20.648178100585938,0.0
2008-02-20,19.52446746826172,0.0
2008-02-21,19.52446746826172,0.0
2008-02-22,20.367250442504883,0.0
2008-02-25,20.15655517578125,0.0
2008-02-26,19.66493225097656,0.0
2008-02-27,19.805395126342773,0.0
2008-02-29,19.875627517700195,0.0
2008-03-03,20.964221954345703,0.0
2008-03-04,20.89398956298828,0.0
2008-03-05,20.507713317871094,0.0
2008-03-06,20.613061904907227,0.0
2008-03-07,20.05120658874512,0.0
2008-03-10,19.66493225097656,0.0
2008-03-11,19.62981605529785,0.0
2008-03-12,19.52446746826172,0.0
2008-03-13,20.85887336730957,0.0
2008-03-14,21.06957054138184,0.0
2008-03-17,19.805395126342773,0.0
2008-03-18,19.98097419738769,0.0
2008-03-19,19.805395126342773,0.0
2008-03-20,19.910743713378903,0.0
2008-03-21,20.016090393066406,0.0
2008-03-24,21.38561248779297,0.0
2008-03-25,21.210033416748047,0.0
2008-03-26,21.42072868347168,0.0
2008-03-27,22.12304878234864,0.0
2008-03-28,22.5444393157959,0.0
2008-03-31,22.228395462036133,0.0
2008-04-01,21.42072868347168,0.0
2008-04-02,21.42072868347168,0.0
2008-04-03,21.139801025390625,0.0
2008-04-07,22.61467170715332,0.0
2008-04-08,21.561193466186523,0.0
2008-04-09,21.561193466186523,0.0
2008-04-10,21.842119216918945,0.0
2008-04-11,21.842119216918945,0.0
2008-04-14,22.12304878234864,0.0
2008-04-15,22.68490219116211,0.0
2008-04-16,22.75513458251953,0.0
2008-04-17,22.72001838684082,0.0
2008-04-18,23.91396141052246,0.0
2008-04-21,22.68490219116211,0.0
2008-04-22,22.9658317565918,0.0
2008-04-23,22.5444393157959,0.0
2008-04-24,23.036062240600582,0.0
2008-04-25,23.106294631958008,0.0
2008-04-28,22.47420883178711,0.0
2008-04-29,22.68490219116211,0.0
2008-04-30,22.403976440429688,0.0
2008-05-02,22.12304878234864,0.0
2008-05-05,22.333744049072266,0.0
2008-05-06,22.263511657714844,0.0
2008-05-07,23.21164321899414,0.0
2008-05-08,23.387222290039062,0.0
2008-05-09,22.82536697387696,0.0
2008-05-12,22.93071556091309,0.0
2008-05-13,23.457454681396484,0.0
2008-05-14,23.843730926513672,0.0
2008-05-15,23.59791755676269,0.0
2008-05-16,23.52768516540528,0.0
2008-05-19,24.124656677246094,0.0
2008-05-20,23.31698989868164,0.0
2008-05-21,23.31698989868164,0.0
2008-05-22,22.79025077819824,0.0
2008-05-23,21.70165634155273,0.0
2008-05-26,20.437482833862305,0.0
2008-05-27,20.82375717163086,0.0
2008-05-28,20.75352668762207,0.0
2008-05-29,20.648178100585938,0.0
2008-05-30,19.98097419738769,0.0
2008-06-02,20.367250442504883,0.0
2008-06-03,20.507713317871094,0.0
2008-06-04,20.57794570922852,0.0
2008-06-05,20.929105758666992,0.0
2008-06-06,20.648178100585938,0.0
2008-06-09,20.12143898010254,0.0
2008-06-10,20.15655517578125,0.0
2008-06-11,19.17330741882324,0.0
2008-06-12,18.33052444458008,0.0
2008-06-13,18.716800689697266,0.0
2008-06-16,18.96261215209961,0.0
2008-06-17,18.611452102661133,0.0
2008-06-18,19.243539810180664,0.0
2008-06-19,18.89238166809082,0.0
2008-06-20,18.26029396057129,0.0
2008-06-23,17.27704620361328,0.0
2008-06-24,17.452627182006836,0.0
2008-06-25,17.66332244873047,0.0
2008-06-26,17.909133911132812,0.0
2008-06-27,17.347278594970703,0.0
2008-06-30,16.961002349853516,0.0
2008-07-01,17.27704620361328,0.0
2008-07-02,17.347278594970703,0.0
2008-07-03,17.909133911132812,0.0
2008-07-04,17.382394790649414,0.0
2008-07-07,17.487743377685547,0.0
2008-07-08,17.031234741210938,0.0
2008-07-09,16.996118545532227,0.0
2008-07-10,16.996118545532227,0.0
2008-07-11,17.241931915283203,0.0
2008-07-14,17.17169952392578,0.0
2008-07-15,16.57472801208496,0.0
2008-07-16,15.80217742919922,0.0
2008-07-17,16.01287269592285,0.0
2008-07-18,14.924278259277344,0.0
2008-07-21,15.45101833343506,0.0
2008-07-22,15.064742088317873,0.0
2008-07-23,15.731945037841797,0.0
2008-07-24,15.661712646484377,0.451728
2008-07-25,16.750307083129883,0.0
2008-07-28,16.750307083129883,0.0
2008-07-29,17.909133911132812,0.0
2008-07-30,17.83890151977539,0.0
2008-07-31,17.76866912841797,0.0
2008-08-01,18.47098922729492,0.0
2008-08-04,18.33052444458008,0.0
2008-08-05,17.347278594970703,0.0
2008-08-06,18.26029396057129,0.0
2008-08-07,17.8740177154541,0.0
2008-08-08,18.681684494018555,0.0
2008-08-11,19.98097419738769,0.0
2008-08-12,19.31377220153809,0.0
2008-08-13,19.454235076904297,0.0
2008-08-14,19.52446746826172,0.0
2008-08-15,18.96261215209961,0.0
2008-08-18,18.119829177856445,0.0
2008-08-19,18.681684494018555,0.0
2008-08-20,18.47098922729492,0.0
2008-08-21,17.909133911132812,0.0
2008-08-22,17.83890151977539,0.0
2008-08-25,18.190061569213867,0.0
2008-08-26,18.26029396057129,0.0
2008-08-27,18.119829177856445,0.0
2008-08-28,17.944250106811523,0.0
2008-08-29,17.944250106811523,0.0
2008-09-01,17.06635093688965,0.0
2008-09-02,16.50449562072754,0.0
2008-09-03,15.661712646484377,0.0
2008-09-04,14.573119163513184,0.0
2008-09-05,14.257075309753418,0.0
2008-09-08,15.24032211303711,0.0
2008-09-09,14.889162063598633,0.0
2008-09-10,15.55636501312256,0.0
2008-09-11,14.889162063598633,0.0
2008-09-12,15.24032211303711,0.0
2008-09-15,14.257075309753418,0.0
2008-09-16,13.624987602233888,0.0
2008-09-17,13.344060897827148,0.0
2008-09-18,12.887553215026855,0.0
2008-09-19,13.76545238494873,0.0
2008-09-22,14.116610527038574,0.0
2008-09-23,14.362422943115234,0.0
2008-09-24,14.538002967834473,0.0
2008-09-25,14.432655334472656,0.0
2008-09-26,14.046380043029783,0.0
2008-09-29,14.046380043029783,0.0
2008-09-30,13.905916213989258,0.0
2008-10-01,14.011263847351074,0.0
2008-10-02,14.046380043029783,0.0
2008-10-03,14.116610527038574,0.0
2008-10-06,13.905916213989258,0.0
2008-10-07,13.905916213989258,0.0
2008-10-08,13.344060897827148,0.0
2008-10-09,12.992900848388672,0.0
2008-10-13,12.992900848388672,0.0
2008-10-14,13.660103797912598,0.0
2008-10-15,13.344060897827148,0.0
2008-10-16,13.1333646774292,0.0
2008-10-17,13.063133239746094,0.0
2008-10-20,13.063133239746094,0.0
2008-10-21,13.273829460144045,0.0
2008-10-22,13.835683822631836,0.0
2008-10-23,13.48452377319336,0.0
2008-10-24,13.028017044067385,0.0
2008-10-27,12.22035026550293,0.0
2008-10-28,12.641741752624512,0.0
2008-10-29,12.641741752624512,0.0
2008-10-30,13.414292335510254,0.0
2008-10-31,13.55475616455078,0.0
2008-11-03,13.414292335510254,0.0
2008-11-04,14.327306747436523,0.0
2008-11-05,14.046380043029783,0.0
2008-11-06,13.16848087310791,0.0
2008-11-07,14.08149528503418,0.0
2008-11-10,14.257075309753418,0.0
2008-11-11,14.257075309753418,0.0
2008-11-12,13.800567626953123,0.0
2008-11-13,13.695219993591309,0.0
2008-11-14,13.76545238494873,0.0
2008-11-17,13.449407577514648,0.0
2008-11-18,13.063133239746094,0.0
2008-11-19,13.16848087310791,0.0
2008-11-20,12.782204627990724,0.0
2008-11-21,12.992900848388672,0.0
2008-11-24,12.852437019348145,0.0
2008-11-25,12.992900848388672,0.0
2008-11-26,13.344060897827148,0.0
2008-11-27,13.695219993591309,0.0
2008-11-28,13.414292335510254,0.0
2008-12-01,13.55475616455078,0.0
2008-12-02,13.20359706878662,0.0
2008-12-03,12.992900848388672,0.0
2008-12-04,12.992900848388672,0.0
2008-12-05,12.992900848388672,0.0
2008-12-08,13.48452377319336,0.0
2008-12-09,13.48452377319336,0.0
2008-12-10,14.292190551757812,0.0
2008-12-11,13.76545238494873,0.0
2008-12-12,13.1333646774292,0.0
2008-12-15,13.344060897827148,0.0
2008-12-16,13.344060897827148,0.0
2008-12-17,13.55475616455078,0.0
2008-12-18,13.55475616455078,0.0
2008-12-19,13.624987602233888,0.0
2008-12-22,13.624987602233888,0.0
2008-12-23,13.55475616455078,0.0
2008-12-24,13.624987602233888,0.0
2008-12-25,13.660103797912598,0.0
2008-12-26,13.73033618927002,0.0
2008-12-29,13.73033618927002,0.0
2008-12-30,13.941032409667969,0.0
2008-12-31,14.327306747436523,0.0
2009-01-02,14.327306747436523,0.0
2009-01-05,14.362422943115234,0.0
2009-01-06,14.221959114074709,0.0
2009-01-07,14.327306747436523,0.0
2009-01-08,13.870800018310549,0.0
2009-01-09,13.941032409667969,0.0
2009-01-12,13.905916213989258,0.0
2009-01-13,13.870800018310549,0.0
2009-01-14,13.76545238494873,0.0
2009-01-15,13.48452377319336,0.0
2009-01-16,13.238713264465332,0.0
2009-01-19,13.20359706878662,0.0
2009-01-20,13.098249435424805,0.0
2009-01-21,12.922669410705566,0.0
2009-02-02,13.028017044067385,0.0
2009-02-03,13.20359706878662,0.0
2009-02-04,13.20359706878662,0.0
2009-02-05,13.1333646774292,0.0
2009-02-06,13.20359706878662,0.0
2009-02-09,12.992900848388672,0.0
2009-02-10,13.1333646774292,0.0
2009-02-11,13.20359706878662,0.0
2009-02-12,13.273829460144045,0.0
2009-02-13,13.308944702148438,0.0
2009-02-16,13.344060897827148,0.0
2009-02-17,13.16848087310791,0.0
2009-02-18,13.16848087310791,0.0
2009-02-19,13.238713264465332,0.0
2009-02-20,13.48452377319336,0.0
2009-02-23,13.624987602233888,0.0
2009-02-24,13.308944702148438,0.0
2009-02-25,13.308944702148438,0.0
2009-02-26,13.308944702148438,0.0
2009-02-27,13.660103797912598,0.0
2009-03-02,13.414292335510254,0.0
2009-03-03,13.308944702148438,0.0
2009-03-04,13.344060897827148,0.0
2009-03-05,13.344060897827148,0.0
2009-03-06,13.379176139831545,0.0
2009-03-09,13.55475616455078,0.0
2009-03-10,13.51963996887207,0.0
2009-03-11,13.589872360229492,0.0
2009-03-12,13.624987602233888,0.0
2009-03-13,13.695219993591309,0.0
2009-03-16,14.116610527038574,0.0
2009-03-17,14.046380043029783,0.0
2009-03-18,14.011263847351074,0.0
2009-03-19,14.257075309753418,0.0
2009-03-20,14.221959114074709,0.0
2009-03-23,15.205205917358398,0.0
2009-03-24,16.258684158325195,0.0
2009-03-25,17.382394790649414,0.0
2009-03-26,17.628206253051758,0.0
2009-03-27,18.85726547241211,0.0
2009-03-30,20.016090393066406,0.0
2009-03-31,19.243539810180664,0.0
2009-04-02,20.472597122192383,0.0
2009-04-03,20.086322784423828,0.0
2009-04-06,20.367250442504883,0.0
2009-04-07,21.77188873291016,0.0
2009-04-08,22.403976440429688,0.0
2009-04-09,22.298627853393555,0.0
2009-04-10,22.79025077819824,0.0
2009-04-13,22.15816307067871,0.0
2009-04-14,22.15816307067871,0.0
2009-04-15,21.315380096435547,0.0
2009-04-16,21.139801025390625,0.0
2009-04-17,20.226787567138672,0.0
2009-04-20,19.98097419738769,0.0
2009-04-21,21.06957054138184,0.0
2009-04-22,21.28026580810547,0.0
2009-04-23,21.210033416748047,0.0
2009-04-24,20.89398956298828,0.0
2009-04-27,22.333744049072266,0.0
2009-04-28,21.77188873291016,0.0
2009-04-29,20.261903762817383,0.0
2009-04-30,21.35049629211425,0.0
2009-05-04,20.929105758666992,0.0
2009-05-05,20.648178100585938,0.0
2009-05-06,20.68329429626465,0.0
2009-05-07,20.78864288330078,0.0
2009-05-08,20.71841049194336,0.0
2009-05-11,21.139801025390625,0.0
2009-05-12,20.71841049194336,0.0
2009-05-13,20.68329429626465,0.0
2009-05-14,20.261903762817383,0.0
2009-05-15,20.12143898010254,0.0
2009-05-18,21.210033416748047,0.0
2009-05-19,20.57794570922852,0.0
2009-05-20,21.77188873291016,0.0
2009-05-21,20.99933815002441,0.0
2009-05-22,21.139801025390625,0.0
2009-05-25,20.29701805114746,0.0
2009-05-26,20.29701805114746,0.0
2009-05-27,20.507713317871094,0.0
2009-06-01,20.68329429626465,0.0
2009-06-02,20.29701805114746,0.0
2009-06-03,19.840511322021484,0.0
2009-06-04,19.66493225097656,0.0
2009-06-05,19.66493225097656,0.0
2009-06-08,19.59469985961914,0.0
2009-06-09,18.92749786376953,0.0
2009-06-10,17.979366302490234,0.0
2009-06-11,18.50610542297364,0.0
2009-06-12,19.17330741882324,0.0
2009-06-15,17.944250106811523,0.0
2009-06-16,17.909133911132812,0.0
2009-06-17,17.83890151977539,0.0
2009-06-18,17.80378532409668,0.0
2009-06-19,17.80378532409668,0.0
2009-06-22,18.014482498168945,0.0
2009-06-23,17.66332244873047,0.0
2009-06-24,17.76866912841797,0.0
2009-06-25,18.049598693847656,0.0
2009-06-26,19.27865600585937,0.0
2009-06-29,20.19167137145996,0.0
2009-06-30,19.66493225097656,0.0
2009-07-01,19.66493225097656,0.0
2009-07-02,19.770278930664062,0.0
2009-07-03,20.78864288330078,0.0
2009-07-06,21.35049629211425,0.0
2009-07-07,20.99933815002441,0.0
2009-07-08,21.06957054138184,0.0
2009-07-09,21.912351608276367,0.0
2009-07-10,21.631425857543945,0.0
2009-07-13,20.12143898010254,0.0
2009-07-14,20.261903762817383,0.0
2009-07-15,20.4023666381836,0.0
2009-07-16,20.4023666381836,0.0
2009-07-17,21.561193466186523,0.0
2009-07-20,21.70165634155273,0.0
2009-07-21,21.104686737060547,0.0
2009-07-22,21.06957054138184,0.0
2009-07-23,20.78864288330078,0.0
2009-07-24,20.85887336730957,0.0
2009-07-27,21.034454345703125,0.0
2009-07-28,20.85887336730957,0.231878
2009-07-29,20.99933815002441,0.0
2009-07-30,21.28026580810547,0.0
2009-07-31,22.403976440429688,0.0
2009-08-03,21.77188873291016,0.0
2009-08-04,20.648178100585938,0.0
2009-08-05,20.367250442504883,0.0
2009-08-06,20.57794570922852,0.0
2009-08-07,20.57794570922852,0.0
2009-08-10,20.472597122192383,0.0
2009-08-11,20.367250442504883,0.0
2009-08-12,20.648178100585938,0.0
2009-08-13,20.78864288330078,0.0
2009-08-14,21.210033416748047,0.0
2009-08-17,20.78864288330078,0.0
2009-08-18,20.086322784423828,0.0
2009-08-19,20.086322784423828,0.0
2009-08-20,19.945859909057617,0.0
2009-08-21,20.016090393066406,0.0
2009-08-24,21.210033416748047,0.0
2009-08-25,21.42072868347168,0.0
2009-08-26,22.12304878234864,0.0
2009-08-27,21.06957054138184,0.0
2009-08-28,20.89398956298828,0.0
2009-08-31,21.06957054138184,0.0
2009-09-01,20.99933815002441,0.0
2009-09-02,20.89398956298828,0.0
2009-09-03,20.78864288330078,0.0
2009-09-04,20.89398956298828,0.0
2009-09-07,20.85887336730957,0.0
2009-09-08,20.929105758666992,0.0
2009-09-09,20.929105758666992,0.0
2009-09-10,20.648178100585938,0.0
2009-09-11,20.68329429626465,0.0
2009-09-14,20.648178100585938,0.0
2009-09-15,20.648178100585938,0.0
2009-09-16,20.71841049194336,0.0
2009-09-17,20.75352668762207,0.0
2009-09-18,21.104686737060547,0.0
2009-09-21,21.139801025390625,0.0
2009-09-22,21.139801025390625,0.0
2009-09-23,20.85887336730957,0.0
2009-09-24,20.613061904907227,0.0
2009-09-25,20.68329429626465,0.0
2009-09-28,20.68329429626465,0.0
2009-09-29,20.68329429626465,0.0
2009-09-30,20.85887336730957,0.0
2009-10-01,21.139801025390625,0.0
2009-10-02,21.28026580810547,0.0
2009-10-05,21.034454345703125,0.0
2009-10-06,20.929105758666992,0.0
2009-10-07,20.929105758666992,0.0
2009-10-08,20.99933815002441,0.0
2009-10-09,20.929105758666992,0.0
2009-10-12,20.71841049194336,0.0
2009-10-13,20.89398956298828,0.0
2009-10-14,20.99933815002441,0.0
2009-10-15,20.82375717163086,0.0
2009-10-16,20.71841049194336,0.0
2009-10-19,20.75352668762207,0.0
2009-10-20,20.82375717163086,0.0
2009-10-21,21.034454345703125,0.0
2009-10-22,20.78864288330078,0.0
2009-10-23,20.85887336730957,0.0
2009-10-26,21.034454345703125,0.0
2009-10-27,20.613061904907227,0.0
2009-10-28,20.613061904907227,0.0
2009-10-29,19.66493225097656,0.0
2009-10-30,19.59469985961914,0.0
2009-11-02,19.73516273498535,0.0
2009-11-03,19.66493225097656,0.0
2009-11-04,19.770278930664062,0.0
2009-11-05,19.805395126342773,0.0
2009-11-06,19.875627517700195,0.0
2009-11-09,19.910743713378903,0.0
2009-11-10,19.805395126342773,0.0
2009-11-11,19.945859909057617,0.0
2009-11-12,19.945859909057617,0.0
2009-11-13,19.945859909057617,0.0
2009-11-16,19.910743713378903,0.0
2009-11-17,19.98097419738769,0.0
2009-11-18,20.15655517578125,0.0
2009-11-19,20.12143898010254,0.0
2009-11-20,20.016090393066406,0.0
2009-11-23,19.945859909057617,0.0
2009-11-24,19.98097419738769,0.0
2009-11-25,20.086322784423828,0.0
2009-11-26,20.226787567138672,0.0
2009-11-27,19.59469985961914,0.0
2009-11-30,19.875627517700195,0.0
2009-12-01,20.086322784423828,0.0
2009-12-02,20.016090393066406,0.0
2009-12-03,20.016090393066406,0.0
2009-12-04,20.016090393066406,0.0
2009-12-07,21.38561248779297,0.0
2009-12-08,22.0177001953125,0.0
2009-12-09,22.82536697387696,0.0
2009-12-10,22.12304878234864,0.0
2009-12-11,23.036062240600582,0.0
2009-12-14,22.64978790283203,0.0
2009-12-15,22.228395462036133,0.0
2009-12-16,22.12304878234864,0.0
2009-12-17,22.12304878234864,0.0
2009-12-18,21.912351608276367,0.0
2009-12-21,21.912351608276367,0.0
2009-12-22,21.877235412597656,0.0
2009-12-23,21.561193466186523,0.0
2009-12-24,21.77188873291016,0.0
2009-12-25,21.666540145874023,0.0
2009-12-28,21.666540145874023,0.0
2009-12-29,21.842119216918945,0.0
2009-12-30,21.842119216918945,0.0
2009-12-31,21.77188873291016,0.0
2010-01-04,21.38561248779297,0.0
2010-01-05,21.104686737060547,0.0
2010-01-06,21.104686737060547,0.0
2010-01-07,20.964221954345703,0.0
2010-01-08,21.42072868347168,0.0
2010-01-11,21.42072868347168,0.0
2010-01-12,21.315380096435547,0.0
2010-01-13,21.139801025390625,0.0
2010-01-14,21.104686737060547,0.0
2010-01-15,21.034454345703125,0.0
2010-01-18,20.964221954345703,0.0
2010-01-19,20.82375717163086,0.0
2010-01-20,20.964221954345703,0.0
2010-01-21,20.68329429626465,0.0
2010-01-22,20.12143898010254,0.0
2010-01-25,20.05120658874512,0.0
2010-01-26,19.103076934814453,0.0
2010-01-27,19.03284454345703,0.0
2010-01-28,19.31377220153809,0.0
2010-01-29,19.31377220153809,0.0
2010-02-01,19.103076934814453,0.0
2010-02-02,18.96261215209961,0.0
2010-02-03,18.85726547241211,0.0
2010-02-04,18.85726547241211,0.0
2010-02-05,18.119829177856445,0.0
2010-02-08,17.73355484008789,0.0
2010-02-09,17.944250106811523,0.0
2010-02-10,18.541221618652344,0.0
2010-02-22,18.611452102661133,0.0
2010-02-23,18.57633781433105,0.0
2010-02-24,18.541221618652344,0.0
2010-02-25,18.190061569213867,0.0
2010-02-26,18.190061569213867,0.0
2010-03-01,18.29541015625,0.0
2010-03-02,18.33052444458008,0.0
2010-03-03,18.43587303161621,0.0
2010-03-04,18.716800689697266,0.0
2010-03-05,18.751916885375977,0.0
2010-03-08,18.96261215209961,0.0
2010-03-09,18.96261215209961,0.0
2010-03-10,20.261903762817383,0.0
2010-03-11,20.85887336730957,0.0
2010-03-12,20.57794570922852,0.0
2010-03-15,20.85887336730957,0.0
2010-03-16,20.82375717163086,0.0
2010-03-17,20.71841049194336,0.0
2010-03-18,20.75352668762207,0.0
2010-03-19,21.06957054138184,0.0
2010-03-22,20.99933815002441,0.0
2010-03-23,20.75352668762207,0.0
2010-03-24,20.99933815002441,0.0
2010-03-25,20.71841049194336,0.0
2010-03-26,21.104686737060547,0.0
2010-03-29,21.35049629211425,0.0
2010-03-30,21.210033416748047,0.0
2010-03-31,21.139801025390625,0.0
2010-04-01,20.929105758666992,0.0
2010-04-02,20.929105758666992,0.0
2010-04-06,20.75352668762207,0.0
2010-04-07,21.94746780395508,0.0
2010-04-08,21.174917221069336,0.0
2010-04-09,21.28026580810547,0.0
2010-04-12,21.28026580810547,0.0
2010-04-13,20.929105758666992,0.0
2010-04-14,22.368860244750977,0.0
2010-04-15,21.77188873291016,0.0
2010-04-16,21.94746780395508,0.0
2010-04-19,21.4909610748291,0.0
2010-04-20,21.596309661865234,0.0
2010-04-21,23.106294631958008,0.0
2010-04-22,24.581165313720703,0.0
2010-04-23,24.40558433532715,0.0
2010-04-26,24.33535385131836,0.0
2010-04-27,23.94907760620117,0.0
2010-04-28,23.106294631958008,0.0
2010-04-29,22.68490219116211,0.0
2010-04-30,22.12304878234864,0.0
2010-05-03,22.47420883178711,0.0
2010-05-04,21.98258399963379,0.0
2010-05-05,21.06957054138184,0.0
2010-05-06,20.71841049194336,0.0
2010-05-07,20.472597122192383,0.0
2010-05-10,21.139801025390625,0.0
2010-05-11,20.85887336730957,0.0
2010-05-12,20.85887336730957,0.0
2010-05-13,21.06957054138184,0.0
2010-05-14,21.06957054138184,0.0
2010-05-17,20.648178100585938,0.0
2010-05-18,22.08793258666992,0.0
2010-05-19,22.08793258666992,0.0
2010-05-20,21.94746780395508,0.0
2010-05-21,22.12304878234864,0.0
2010-05-24,22.263511657714844,0.0
2010-05-25,22.403976440429688,0.0
2010-05-26,22.333744049072266,0.0
2010-05-27,22.333744049072266,0.0
2010-05-28,21.98258399963379,0.0
2010-05-31,22.403976440429688,0.0
2010-06-01,22.298627853393555,0.0
2010-06-02,21.4909610748291,0.0
2010-06-03,21.70165634155273,0.0
2010-06-04,21.70165634155273,0.0
2010-06-07,21.315380096435547,0.0
2010-06-08,21.38561248779297,0.0
2010-06-09,21.034454345703125,0.0
2010-06-10,21.06957054138184,0.0
2010-06-11,21.35049629211425,0.0
2010-06-14,21.42072868347168,0.0
2010-06-15,21.631425857543945,0.0
2010-06-17,21.842119216918945,0.0
2010-06-18,21.77188873291016,0.0
2010-06-21,21.842119216918945,0.0
2010-06-22,22.05281639099121,0.0
2010-06-23,22.333744049072266,0.0
2010-06-24,22.193279266357425,0.0
2010-06-25,22.333744049072266,0.0
2010-06-28,23.000947952270508,0.0
2010-06-29,22.403976440429688,0.0
2010-06-30,22.75513458251953,0.0
2010-07-01,22.75513458251953,0.0
2010-07-02,22.509323120117188,0.0
2010-07-05,22.75513458251953,0.0
2010-07-06,22.82536697387696,0.0
2010-07-07,23.036062240600582,0.0
2010-07-08,22.82536697387696,0.0
2010-07-09,23.106294631958008,0.0
2010-07-12,23.000947952270508,0.0
2010-07-13,22.68490219116211,0.0
2010-07-14,22.75513458251953,0.0
2010-07-15,23.66814994812012,0.0
2010-07-16,25.31859970092773,0.0
2010-07-19,25.66975975036621,0.0
2010-07-20,25.6346435546875,0.0
2010-07-21,25.70487594604492,0.0
2010-07-22,25.423946380615234,0.0
2010-07-23,25.423946380615234,0.0
2010-07-26,25.985803604125977,0.0
2010-07-27,27.363800048828125,0.218876
2010-07-28,27.472820281982425,0.0
2010-07-29,26.89138412475586,0.0
2010-07-30,27.18210220336914,0.0
2010-08-02,27.18210220336914,0.0
2010-08-03,27.618179321289062,0.0
2010-08-04,28.41765213012696,0.0
2010-08-05,28.34497261047364,0.0
2010-08-06,27.690858840942383,0.0
2010-08-09,27.50915908813477,0.0
2010-08-10,27.472820281982425,0.0
2010-08-11,26.89138412475586,0.0
2010-08-12,27.4001407623291,0.0
2010-08-13,27.618179321289062,0.0
2010-08-16,29.5441837310791,0.0
2010-08-17,28.5630111694336,0.0
2010-08-18,28.23595428466797,0.0
2010-08-19,28.272293090820312,0.0
2010-08-20,28.23595428466797,0.0
2010-08-23,28.74471092224121,0.0
2010-08-24,28.41765213012696,0.0
2010-08-25,27.10942268371582,0.0
2010-08-26,26.45530891418457,0.0
2010-08-27,27.10942268371582,0.0
2010-08-30,27.4001407623291,0.0
2010-08-31,26.564327239990234,0.0
2010-09-01,27.0367431640625,0.0
2010-09-02,26.81870460510254,0.0
2010-09-03,26.96406364440918,0.0
2010-09-06,27.872556686401367,0.0
2010-09-07,28.30863380432129,0.0
2010-09-08,29.72588157653809,0.0
2010-09-09,28.5630111694336,0.0
2010-09-10,28.199613571166992,0.0
2010-09-13,28.708370208740234,0.0
2010-09-14,28.708370208740234,0.0
2010-09-15,28.59935188293457,0.0
2010-09-16,28.41765213012696,0.0
2010-09-17,28.59935188293457,0.0
2010-09-20,28.708370208740234,0.0
2010-09-21,28.30863380432129,0.0
2010-09-23,28.63569068908692,0.0
2010-09-24,28.41765213012696,0.0
2010-09-27,28.126934051513672,0.0
2010-09-28,28.34497261047364,0.0
2010-09-29,28.708370208740234,0.0
2010-09-30,28.59935188293457,0.0
2010-10-01,29.03542709350586,0.0
2010-10-04,29.943920135498047,0.0
2010-10-05,29.07176780700684,0.0
2010-10-06,29.50784492492676,0.0
2010-10-07,29.07176780700684,0.0
2010-10-08,28.781049728393555,0.0
2010-10-11,28.41765213012696,0.0
2010-10-12,28.34497261047364,0.0
2010-10-13,28.781049728393555,0.0
2010-10-14,28.781049728393555,0.0
2010-10-15,28.96274757385254,0.0
2010-10-18,29.03542709350586,0.0
2010-10-19,29.03542709350586,0.0
2010-10-20,29.1807861328125,0.0
2010-10-21,28.926408767700195,0.0
2010-10-22,28.853729248046875,0.0
2010-10-25,28.96274757385254,0.0
2010-10-26,28.74471092224121,0.0
2010-10-27,29.03542709350586,0.0
2010-10-28,28.63569068908692,0.0
2010-10-29,28.38131332397461,0.0
2010-11-01,27.799877166748047,0.0
2010-11-02,26.74602508544922,0.0
2010-11-03,26.45530891418457,0.0
2010-11-04,26.74602508544922,0.0
2010-11-05,26.89138412475586,0.0
2010-11-08,26.60066795349121,0.0
2010-11-09,26.89138412475586,0.0
2010-11-10,26.89138412475586,0.0
2010-11-11,26.89138412475586,0.0
2010-11-12,26.81870460510254,0.0
2010-11-15,26.564327239990234,0.0
2010-11-16,26.637006759643555,0.0
2010-11-17,27.690858840942383,0.0
2010-11-18,27.872556686401367,0.0
2010-11-19,27.690858840942383,0.0
2010-11-22,27.545499801635746,0.0
2010-11-23,27.50915908813477,0.0
2010-11-24,27.50915908813477,0.0
2010-11-25,27.363800048828125,0.0
2010-11-26,27.25478172302246,0.0
2010-11-29,27.836217880249023,0.0
2010-11-30,27.618179321289062,0.0
2010-12-01,27.836217880249023,0.0
2010-12-02,27.18210220336914,0.0
2010-12-03,27.4001407623291,0.0
2010-12-06,27.291120529174805,0.0
2010-12-07,27.145761489868164,0.0
2010-12-08,27.07308387756348,0.0
2010-12-09,26.96406364440918,0.0
2010-12-10,27.0367431640625,0.0
2010-12-13,27.07308387756348,0.0
2010-12-14,26.89138412475586,0.0
2010-12-15,26.92772483825684,0.0
2010-12-16,27.18210220336914,0.0
2010-12-17,27.291120529174805,0.0
2010-12-20,27.436479568481445,0.0
2010-12-21,27.00040435791016,0.0
2010-12-22,26.74602508544922,0.0
2010-12-23,26.45530891418457,0.0
2010-12-24,26.49164772033692,0.0
2010-12-27,26.30994987487793,0.0
2010-12-28,25.982891082763672,0.0
2010-12-29,25.474136352539062,0.0
2010-12-30,25.801193237304688,0.0
2010-12-31,25.837533950805664,0.0
2011-01-03,25.619495391845703,0.0
2011-01-04,25.837533950805664,0.0
2011-01-05,25.546815872192383,0.0
2011-01-06,25.583154678344727,0.0
2011-01-07,25.43779563903809,0.0
2011-01-10,25.0017204284668,0.0
2011-01-11,24.96537971496582,0.0
2011-01-12,25.219757080078125,0.0
2011-01-13,25.219757080078125,0.0
2011-01-14,25.219757080078125,0.0
2011-01-17,24.85636138916016,0.0
2011-01-18,25.11073875427246,0.0
2011-01-19,24.92904090881348,0.0
2011-01-20,25.0017204284668,0.0
2011-01-21,24.92904090881348,0.0
2011-01-24,24.78368186950684,0.0
2011-01-25,24.74734115600586,0.0
2011-01-26,24.8927001953125,0.0
2011-01-27,24.8927001953125,0.0
2011-01-28,24.92904090881348,0.0
2011-02-08,24.34760475158692,0.0
2011-02-09,24.71100234985352,0.0
2011-02-10,24.638322830200195,0.0
2011-02-11,24.34760475158692,0.0
2011-02-14,24.20224571228028,0.0
2011-02-15,23.911527633666992,0.0
2011-02-16,24.02054786682129,0.0
2011-02-17,23.87518882751465,0.0
2011-02-18,24.05688667297364,0.0
2011-02-21,25.18341827392578,0.0
2011-02-22,24.92904090881348,0.0
2011-02-23,24.23858642578125,0.0
2011-02-24,23.984207153320312,0.0
2011-02-25,24.09322738647461,0.0
2011-03-01,24.12956619262696,0.0
2011-03-02,23.911527633666992,0.0
2011-03-03,24.05688667297364,0.0
2011-03-04,23.911527633666992,0.0
2011-03-07,24.12956619262696,0.0
2011-03-08,24.565643310546875,0.0
2011-03-09,24.34760475158692,0.0
2011-03-10,24.2749252319336,0.0
2011-03-11,24.2749252319336,0.0
2011-03-14,23.838848114013672,0.0
2011-03-15,22.89401626586914,0.0
2011-03-16,22.78499794006348,0.0
2011-03-17,22.3852596282959,0.0
2011-03-18,23.620811462402344,0.0
2011-03-21,23.366432189941406,0.0
2011-03-22,23.402772903442383,0.0
2011-03-23,23.584470748901367,0.0
2011-03-24,23.69348907470703,0.0
2011-03-25,23.439111709594727,0.0
2011-03-28,23.402772903442383,0.0
2011-03-29,23.402772903442383,0.0
2011-03-30,23.22107315063477,0.0
2011-03-31,23.330093383789062,0.0
2011-04-01,23.184734344482425,0.0
2011-04-06,23.148393630981445,0.0
2011-04-07,23.366432189941406,0.0
2011-04-08,23.69348907470703,0.0
2011-04-11,23.620811462402344,0.0
2011-04-12,23.475452423095703,0.0
2011-04-13,23.729829788208008,0.0
2011-04-14,23.838848114013672,0.0
2011-04-15,23.911527633666992,0.0
2011-04-18,23.911527633666992,0.0
2011-04-19,23.984207153320312,0.0
2011-04-20,24.23858642578125,0.0
2011-04-21,24.420284271240234,0.0
2011-04-22,24.67466163635254,0.0
2011-04-25,25.11073875427246,0.0
2011-04-26,25.07439994812012,0.0
2011-04-27,24.92904090881348,0.0
2011-04-28,24.67466163635254,0.0
2011-04-29,24.85636138916016,0.0
2011-05-03,25.18341827392578,0.0
2011-05-04,25.510475158691406,0.0
2011-05-05,25.36511611938477,0.0
2011-05-06,25.728513717651367,0.0
2011-05-09,25.510475158691406,0.0
2011-05-10,25.2560977935791,0.0
2011-05-11,25.0017204284668,0.0
2011-05-12,25.147077560424805,0.0
2011-05-13,24.71100234985352,0.0
2011-05-16,24.20224571228028,0.0
2011-05-17,24.20224571228028,0.0
2011-05-18,24.34760475158692,0.0
2011-05-19,24.74734115600586,0.0
2011-05-20,24.2749252319336,0.0
2011-05-23,23.911527633666992,0.0
2011-05-24,23.439111709594727,0.0
2011-05-25,23.584470748901367,0.0
2011-05-26,23.402772903442383,0.0
2011-05-27,23.03937530517578,0.0
2011-05-30,22.02186393737793,0.0
2011-05-31,22.23990249633789,0.0
2011-06-01,22.421600341796875,0.0
2011-06-02,22.05820274353028,0.0
2011-06-03,22.05820274353028,0.0
2011-06-07,22.05820274353028,0.0
2011-06-08,21.87650489807129,0.0
2011-06-09,21.94918441772461,0.0
2011-06-10,21.91284370422364,0.0
2011-06-13,21.658466339111328,0.0
2011-06-14,21.513107299804688,0.0
2011-06-15,21.54944610595703,0.0
2011-06-16,21.14970970153809,0.0
2011-06-17,21.07703018188477,0.0
2011-06-20,20.74997329711914,0.0
2011-06-21,20.204877853393555,0.0
2011-06-22,20.49559593200684,0.0
2011-06-23,20.7136344909668,0.0
2011-06-24,20.7136344909668,0.0
2011-06-27,21.07703018188477,0.0
2011-06-28,21.00435256958008,0.0
2011-06-29,21.113370895385746,0.0
2011-06-30,21.295068740844727,0.0
2011-07-01,21.222389221191406,0.0
2011-07-04,21.513107299804688,0.0
2011-07-05,21.331409454345703,0.0
2011-07-06,21.258729934692383,0.0
2011-07-07,21.331409454345703,0.0
2011-07-08,21.258729934692383,0.0
2011-07-11,21.222389221191406,0.0
2011-07-12,21.07703018188477,0.0
2011-07-13,20.931671142578125,0.0
2011-07-14,20.132198333740234,0.0
2011-07-15,20.204877853393555,0.471873
2011-07-18,21.585786819458008,0.0
2011-07-19,22.02186393737793,0.0
2011-07-20,21.94918441772461,0.0
2011-07-21,21.80382537841797,0.0
2011-07-22,22.31258010864257,0.0
2011-07-25,21.98552322387696,0.0
2011-07-26,21.80382537841797,0.0
2011-07-27,21.767484664916992,0.0
2011-07-28,21.94918441772461,0.0
2011-07-29,22.494279861450195,0.0
2011-08-01,22.67597770690918,0.0
2011-08-02,22.67597770690918,0.0
2011-08-03,22.23990249633789,0.0
2011-08-04,21.658466339111328,0.0
2011-08-05,20.16853713989257,0.0
2011-08-08,19.623443603515625,0.0
2011-08-09,19.550762176513672,0.0
2011-08-10,20.7136344909668,0.0
2011-08-11,20.42291641235352,0.0
2011-08-12,20.42291641235352,0.0
2011-08-15,20.53193473815918,0.0
2011-08-16,20.49559593200684,0.0
2011-08-17,20.7136344909668,0.0
2011-08-18,20.640953063964844,0.0
2011-08-19,20.31389617919922,0.0
2011-08-22,19.9868392944336,0.0
2011-08-23,20.31389617919922,0.0
2011-08-24,20.132198333740234,0.0
2011-08-25,19.91415977478028,0.0
2011-08-26,19.623443603515625,0.0
2011-08-29,19.80514144897461,0.0
2011-08-30,20.023178100585938,0.0
2011-08-31,20.45925521850586,0.0
2011-09-01,20.38657569885254,0.0
2011-09-02,20.45925521850586,0.0
2011-09-05,20.05951881408692,0.0
2011-09-06,19.80514144897461,0.0
2011-09-07,20.05951881408692,0.0
2011-09-08,20.132198333740234,0.0
2011-09-09,20.204877853393555,0.0
2011-09-13,19.91415977478028,0.0
2011-09-14,19.696121215820312,0.0
2011-09-15,19.95050048828125,0.0
2011-09-16,19.95050048828125,0.0
2011-09-19,19.696121215820312,0.0
2011-09-20,19.696121215820312,0.0
2011-09-21,19.80514144897461,0.0
2011-09-22,19.441743850708008,0.0
2011-09-23,18.86030960083008,0.0
2011-09-26,17.80645751953125,0.0
2011-09-27,18.16985321044922,0.0
2011-09-28,18.206193923950195,0.0
2011-09-29,18.133514404296875,0.0
2011-09-30,18.133514404296875,0.0
2011-10-03,17.73377799987793,0.0
2011-10-04,17.66109848022461,0.0
2011-10-05,17.552078247070312,0.0
2011-10-06,17.66109848022461,0.0
2011-10-07,17.915475845336914,0.0
2011-10-11,18.71495056152344,0.0
2011-10-12,18.71495056152344,0.0
2011-10-13,18.75128936767578,0.0
2011-10-14,18.787628173828125,0.0
2011-10-17,18.787628173828125,0.0
2011-10-18,18.4605712890625,0.0
2011-10-19,18.4605712890625,0.0
2011-10-20,18.31521224975586,0.0
2011-10-21,18.38789176940918,0.0
2011-10-24,18.53325080871582,0.0
2011-10-25,18.53325080871582,0.0
2011-10-26,18.53325080871582,0.0
2011-10-27,19.369064331054688,0.0
2011-10-28,19.26004409790039,0.0
2011-10-31,19.332725524902344,0.0
2011-11-01,19.187366485595703,0.0
2011-11-02,19.042007446289062,0.0
2011-11-03,18.86030960083008,0.0
2011-11-04,18.969327926635746,0.0
2011-11-07,19.332725524902344,0.0
2011-11-08,19.042007446289062,0.0
2011-11-09,19.114686965942383,0.0
2011-11-10,18.31521224975586,0.0
2011-11-11,18.31521224975586,0.0
2011-11-14,18.38789176940918,0.0
2011-11-15,18.9240837097168,0.0
2011-11-16,18.850017547607425,0.0
2011-11-17,18.775951385498047,0.0
2011-11-18,18.5167179107666,0.0
2011-11-21,18.5167179107666,0.0
2011-11-22,17.701980590820312,0.0
2011-11-23,16.479877471923828,0.0
2011-11-24,16.479877471923828,0.0
2011-11-25,16.220643997192383,0.0
2011-11-28,16.368778228759766,0.0
2011-11-29,16.368778228759766,0.0
2011-11-30,16.220643997192383,0.0
2011-12-01,16.553945541381836,0.0
2011-12-02,16.479877471923828,0.0
2011-12-05,16.331743240356445,0.0
2011-12-06,16.146577835083008,0.0
2011-12-07,15.998442649841309,0.0
2011-12-08,15.813276290893556,0.0
2011-12-09,15.813276290893556,0.0
2011-12-12,15.628108978271484,0.0
2011-12-13,15.554041862487791,0.0
2011-12-14,15.554041862487791,0.0
2011-12-15,15.257774353027344,0.0
2011-12-16,15.183708190917969,0.0
2011-12-19,14.813372611999512,0.0
2011-12-20,14.887439727783203,0.0
2011-12-21,15.59107494354248,0.0
2011-12-22,15.702176094055176,0.0
2011-12-23,16.776145935058594,0.0
2011-12-26,17.924182891845703,0.0
2011-12-27,17.887147903442383,0.0
2011-12-28,17.664947509765625,0.0
2011-12-29,17.739015579223633,0.0
2011-12-30,17.664947509765625,0.0
2012-01-02,17.664947509765625,0.0
2012-01-03,17.664947509765625,0.0
2012-01-04,17.664947509765625,0.0
2012-01-05,17.664947509765625,0.0
2012-01-06,17.257579803466797,0.0
2012-01-09,17.109445571899414,0.0
2012-01-10,17.109445571899414,0.0
2012-01-11,17.146480560302734,0.0
2012-01-12,17.146480560302734,0.0
2012-01-13,17.03537940979004,0.0
2012-01-16,16.479877471923828,0.0
2012-01-17,16.590978622436523,0.0
2012-01-18,16.81317901611328,0.0
2012-01-30,17.55384635925293,0.0
2012-01-31,18.03528213500977,0.0
2012-02-01,18.22044944763184,0.0
2012-02-02,18.36858367919922,0.0
2012-02-03,19.183319091796875,0.0
2012-02-06,18.4426498413086,0.0
2012-02-07,18.36858367919922,0.0
2012-02-08,19.03518486022949,0.0
2012-02-09,19.368486404418945,0.0
2012-02-10,19.183319091796875,0.0
2012-02-13,19.66475296020508,0.0
2012-02-14,19.84992027282715,0.0
2012-02-15,20.36838722229004,0.0
2012-02-16,21.59049224853516,0.0
2012-02-17,21.034990310668945,0.0
2012-02-20,20.960922241210938,0.0
2012-02-21,20.73872375488281,0.0
2012-02-22,20.62762260437012,0.0
2012-02-23,20.664655685424805,0.0
2012-02-24,20.812789916992188,0.0
2012-02-29,20.99795722961425,0.0
2012-03-01,20.7757568359375,0.0
2012-03-02,20.88685607910156,0.0
2012-03-05,20.664655685424805,0.0
2012-03-06,19.84992027282715,0.0
2012-03-07,19.479585647583008,0.0
2012-03-08,19.66475296020508,0.0
2012-03-09,19.7017879486084,0.0
2012-03-12,19.479585647583008,0.0
2012-03-13,19.590686798095703,0.0
2012-03-14,19.961021423339844,0.0
2012-03-15,19.77585220336914,0.0
2012-03-16,19.77585220336914,0.0
2012-03-19,19.81288719177246,0.0
2012-03-20,19.590686798095703,0.0
2012-03-21,19.07221794128418,0.0
2012-03-22,19.40551948547364,0.0
2012-03-23,19.44255256652832,0.0
2012-03-26,19.479585647583008,0.0
2012-03-27,19.368486404418945,0.0
2012-03-28,19.22035217285156,0.0
2012-03-29,18.5167179107666,0.0
2012-03-30,18.5167179107666,0.0
2012-04-02,18.10934829711914,0.0
2012-04-03,17.924182891845703,0.0
2012-04-05,17.257579803466797,0.0
2012-04-06,17.701980590820312,0.0
2012-04-09,17.442747116088867,0.0
2012-04-10,17.627914428710938,0.0
2012-04-11,17.516813278198242,0.0
2012-04-12,17.627914428710938,0.0
2012-04-13,18.03528213500977,0.0
2012-04-16,17.961214065551758,0.0
2012-04-17,17.442747116088867,0.0
2012-04-18,17.55384635925293,0.0
2012-04-19,17.664947509765625,0.0
2012-04-20,17.627914428710938,0.0
2012-04-23,17.55384635925293,0.0
2012-04-24,17.55384635925293,0.0
2012-04-25,17.59088134765625,0.0
2012-04-26,17.442747116088867,0.0
2012-04-27,17.03537940979004,0.0
2012-04-30,17.109445571899414,0.0
2012-05-02,17.701980590820312,0.0
2012-05-03,17.55384635925293,0.0
2012-05-04,17.739015579223633,0.0
2012-05-07,17.59088134765625,0.0
2012-05-08,17.701980590820312,0.0
2012-05-09,17.40571403503418,0.0
2012-05-10,17.40571403503418,0.0
2012-05-11,17.55384635925293,0.0
2012-05-14,18.03528213500977,0.0
2012-05-15,18.146381378173828,0.0
2012-05-16,17.887147903442383,0.0
2012-05-17,17.961214065551758,0.0
2012-05-18,17.36867904663086,0.0
2012-05-21,17.40571403503418,0.0
2012-05-22,17.479780197143555,0.0
2012-05-23,17.257579803466797,0.0
2012-05-24,17.22054672241211,0.0
2012-05-25,17.183513641357422,0.0
2012-05-28,17.03537940979004,0.0
2012-05-29,17.627914428710938,0.0
2012-05-30,17.55384635925293,0.0
2012-05-31,17.924182891845703,0.0
2012-06-01,17.331647872924805,0.0
2012-06-04,16.6650447845459,0.0
2012-06-05,16.99834632873535,0.0
2012-06-06,17.22054672241211,0.0
2012-06-07,17.146480560302734,0.0
2012-06-08,16.85021209716797,0.0
2012-06-11,16.924278259277344,0.0
2012-06-12,16.702077865600586,0.0
2012-06-13,16.739112854003906,0.0
2012-06-14,16.776145935058594,0.0
2012-06-15,16.924278259277344,0.0
2012-06-18,17.331647872924805,0.0
2012-06-19,17.331647872924805,0.0
2012-06-20,17.701980590820312,0.0
2012-06-21,17.55384635925293,0.0
2012-06-22,17.627914428710938,0.0
2012-06-25,17.664947509765625,0.0
2012-06-26,17.40571403503418,0.0
2012-06-27,17.55384635925293,0.0
2012-06-28,17.479780197143555,0.0
2012-06-29,17.664947509765625,0.0
2012-07-02,18.88705062866211,0.0
2012-07-03,19.368486404418945,0.0
2012-07-04,19.331451416015625,0.0
2012-07-05,19.553653717041016,0.0
2012-07-06,19.1092529296875,0.0
2012-07-09,19.1092529296875,0.0
2012-07-10,18.738916397094727,0.0
2012-07-11,18.998151779174805,0.0
2012-07-12,18.96111869812012,0.0
2012-07-13,18.47968292236328,0.0
2012-07-16,18.405616760253903,0.0
2012-07-17,18.66485023498535,0.0
2012-07-18,18.5167179107666,0.0
2012-07-19,18.81298446655273,0.259234
2012-07-20,18.81298446655273,0.0
2012-07-23,18.5167179107666,0.0
2012-07-24,18.5167179107666,0.0
2012-07-25,18.4426498413086,0.0
2012-07-26,19.1092529296875,0.0
2012-07-27,19.368486404418945,0.0
2012-07-30,19.25738525390625,0.0
2012-07-31,19.331451416015625,0.0
2012-08-01,19.331451416015625,0.0
2012-08-02,19.331451416015625,0.0
2012-08-03,19.44255256652832,0.0
2012-08-06,19.40551948547364,0.0
2012-08-07,18.998151779174805,0.0
2012-08-08,19.07221794128418,0.0
2012-08-09,19.25738525390625,0.0
2012-08-10,19.590686798095703,0.0
2012-08-13,19.40551948547364,0.0
2012-08-14,19.40551948547364,0.0
2012-08-15,19.294418334960938,0.0
2012-08-16,19.368486404418945,0.0
2012-08-17,19.40551948547364,0.0
2012-08-20,19.22035217285156,0.0
2012-08-21,19.25738525390625,0.0
2012-08-22,19.553653717041016,0.0
2012-08-23,19.479585647583008,0.0
2012-08-24,19.961021423339844,0.0
2012-08-27,20.03508758544922,0.0
2012-08-28,19.51661872863769,0.0
2012-08-29,19.66475296020508,0.0
2012-08-30,19.738819122314453,0.0
2012-08-31,19.7017879486084,0.0
2012-09-03,19.62771987915039,0.0
2012-09-04,19.62771987915039,0.0
2012-09-05,19.368486404418945,0.0
2012-09-06,19.368486404418945,0.0
2012-09-07,19.331451416015625,0.0
2012-09-10,19.331451416015625,0.0
2012-09-11,19.25738525390625,0.0
2012-09-12,19.294418334960938,0.0
2012-09-13,18.775951385498047,0.0
2012-09-14,19.1092529296875,0.0
2012-09-17,19.146284103393555,0.0
2012-09-18,19.07221794128418,0.0
2012-09-19,18.998151779174805,0.0
2012-09-20,19.03518486022949,0.0
2012-09-21,19.479585647583008,0.0
2012-09-24,19.553653717041016,0.0
2012-09-25,19.7017879486084,0.0
2012-09-26,19.553653717041016,0.0
2012-09-27,20.88685607910156,0.0
2012-09-28,21.47939109802246,0.0
2012-10-01,22.81259536743164,0.0
2012-10-02,21.997859954833984,0.0
2012-10-03,21.775659561157227,0.0
2012-10-04,22.25709342956543,0.0
2012-10-05,22.59039306640625,0.0
2012-10-08,22.220060348510746,0.0
2012-10-09,21.51642417907715,0.0
2012-10-11,22.553361892700195,0.0
2012-10-12,24.1087646484375,0.0
2012-10-15,22.886661529541016,0.0
2012-10-16,23.145896911621094,0.0
2012-10-17,23.33106231689453,0.0
2012-10-18,23.442163467407227,0.0
2012-10-19,23.40513038635254,0.0
2012-10-22,23.96063232421875,0.0
2012-10-23,23.96063232421875,0.0
2012-10-24,23.96063232421875,0.0
2012-10-25,22.73852729797364,0.0
2012-10-26,21.33125877380371,0.0
2012-10-29,20.59058952331543,0.0
2012-10-30,21.257190704345703,0.0
2012-10-31,21.07202339172364,0.0
2012-11-01,22.18302726745605,0.0
2012-11-02,21.960826873779297,0.0
2012-11-05,21.88675880432129,0.0
2012-11-06,23.108863830566406,0.0
2012-11-07,23.59029769897461,0.0
2012-11-08,23.627330780029297,0.0
2012-11-09,23.627330780029297,0.0
2012-11-12,23.33106231689453,0.0
2012-11-13,22.07192611694336,0.0
2012-11-14,22.73852729797364,0.0
2012-11-15,22.62742805480957,0.0
2012-11-16,22.220060348510746,0.0
2012-11-19,21.55345726013184,0.0
2012-11-20,21.81269264221192,0.0
2012-11-21,21.40532493591309,0.0
2012-11-22,21.627525329589844,0.0
2012-11-23,22.07192611694336,0.0
2012-11-26,22.73852729797364,0.0
2012-11-27,22.701494216918945,0.0
2012-11-28,22.73852729797364,0.0
2012-11-29,22.701494216918945,0.0
2012-11-30,22.59039306640625,0.0
2012-12-03,22.18302726745605,0.0
2012-12-04,22.331159591674805,0.0
2012-12-05,22.849628448486328,0.0
2012-12-06,22.701494216918945,0.0
2012-12-07,22.701494216918945,0.0
2012-12-10,22.849628448486328,0.0
2012-12-11,23.627330780029297,0.0
2012-12-12,24.73833465576172,0.0
2012-12-13,24.516132354736328,0.0
2012-12-14,24.14579963684082,0.0
2012-12-17,24.256898880004883,0.0
2012-12-18,24.84943389892578,0.0
2012-12-19,24.590200424194336,0.0
2012-12-20,23.59029769897461,0.0
2012-12-21,23.0347957611084,0.0
2012-12-24,24.66426658630371,0.0
2012-12-25,23.99766540527344,0.0
2012-12-26,24.219865798950195,0.0
2012-12-27,23.84953117370605,0.0
2012-12-28,23.99766540527344,0.0
2013-01-02,23.92359733581543,0.0
2013-01-03,24.1087646484375,0.0
2013-01-04,24.1087646484375,0.0
2013-01-07,24.14579963684082,0.0
2013-01-08,24.034698486328125,0.0
2013-01-09,23.812498092651367,0.0
2013-01-10,23.18292808532715,0.0
2013-01-11,23.40513038635254,0.0
2013-01-14,23.55326461791992,0.0
2013-01-15,23.84953117370605,0.0
2013-01-16,23.40513038635254,0.0
2013-01-17,22.14599227905273,0.0
2013-01-18,22.62742805480957,0.0
2013-01-21,22.81259536743164,0.0
2013-01-22,22.99776268005371,0.0
2013-01-23,22.81259536743164,0.0
2013-01-24,22.516328811645508,0.0
2013-01-25,22.62742805480957,0.0
2013-01-28,22.59039306640625,0.0
2013-01-29,22.81259536743164,0.0
2013-01-30,22.849628448486328,0.0
2013-01-31,23.92359733581543,0.0
2013-02-01,24.219865798950195,0.0
2013-02-04,24.590200424194336,0.0
2013-02-05,25.479001998901367,0.0
2013-02-06,25.14570045471192,0.0
2013-02-18,24.88646697998047,0.0
2013-02-19,25.182735443115234,0.0
2013-02-20,26.293737411499023,0.0
2013-02-21,26.51593971252441,0.0
2013-02-22,26.441871643066406,0.0
2013-02-25,26.36780548095703,0.0
2013-02-26,26.071537017822266,0.0
2013-02-27,26.441871643066406,0.0
2013-03-01,27.33067321777344,0.0
2013-03-04,26.441871643066406,0.0
2013-03-05,26.40483856201172,0.0
2013-03-06,26.21967124938965,0.0
2013-03-07,26.071537017822266,0.0
2013-03-08,26.03450393676757,0.0
2013-03-11,25.62713623046875,0.0
2013-03-12,25.92340469360352,0.0
2013-03-13,25.99747085571289,0.0
2013-03-14,25.701202392578125,0.0
2013-03-15,25.92340469360352,0.0
2013-03-18,26.62703895568848,0.0
2013-03-19,27.775075912475582,0.0
2013-03-20,28.108375549316406,0.0
2013-03-21,28.58981132507324,0.0
2013-03-22,28.40464401245117,0.0
2013-03-25,29.47861289978028,0.0
2013-03-26,28.960145950317383,0.0
2013-03-27,28.3305778503418,0.0
2013-03-28,28.58981132507324,0.0
2013-03-29,28.44167709350586,0.0
2013-04-01,27.29364013671875,0.0
2013-04-02,28.29354286193848,0.0
2013-04-03,29.9970817565918,0.0
2013-04-08,29.55267906188965,0.0
2013-04-09,28.737945556640625,0.0
2013-04-10,28.849044799804688,0.0
2013-04-11,28.40464401245117,0.0
2013-04-12,28.88607788085937,0.0
2013-04-15,28.145410537719727,0.0
2013-04-16,28.145410537719727,0.0
2013-04-17,27.81210899353028,0.0
2013-04-18,27.84914207458496,0.0
2013-04-19,28.367610931396484,0.0
2013-04-22,28.18244361877441,0.0
2013-04-23,27.923208236694336,0.0
2013-04-24,27.88617515563965,0.0
2013-04-25,28.774978637695312,0.0
2013-04-26,27.88617515563965,0.0
2013-04-29,27.88617515563965,0.0
2013-04-30,27.47880744934082,0.0
2013-05-02,27.923208236694336,0.0
2013-05-03,27.66397476196289,0.0
2013-05-06,27.36770820617676,0.0
2013-05-07,27.404741287231445,0.0
2013-05-08,27.66397476196289,0.0
2013-05-09,27.33067321777344,0.0
2013-05-10,27.923208236694336,0.0
2013-05-13,27.81210899353028,0.0
2013-05-14,28.2194766998291,0.0
2013-05-15,28.700910568237305,0.0
2013-05-16,28.44167709350586,0.0
2013-05-17,28.88607788085937,0.0
2013-05-20,28.92311286926269,0.0
2013-05-21,28.92311286926269,0.0
2013-05-22,28.515743255615234,0.0
2013-05-23,28.07134246826172,0.0
2013-05-24,27.626941680908203,0.0
2013-05-27,29.5156478881836,0.0
2013-05-28,28.737945556640625,0.0
2013-05-29,28.55277633666992,0.0
2013-05-30,28.62684440612793,0.0
2013-05-31,28.367610931396484,0.0
2013-06-03,28.145410537719727,0.0
2013-06-04,28.3305778503418,0.0
2013-06-05,28.2194766998291,0.0
2013-06-06,28.108375549316406,0.0
2013-06-07,28.07134246826172,0.0
2013-06-10,28.44167709350586,0.0
2013-06-11,28.18244361877441,0.0
2013-06-13,27.70100784301757,0.0
2013-06-14,27.441774368286133,0.0
2013-06-17,27.775075912475582,0.0
2013-06-18,27.775075912475582,0.0
2013-06-19,27.775075912475582,0.0
2013-06-20,27.10847282409668,0.0
2013-06-21,26.62703895568848,0.0
2013-06-24,26.664072036743164,0.0
2013-06-25,25.07163429260254,0.0
2013-06-26,25.553068161010746,0.0
2013-06-27,25.701202392578125,0.0
2013-06-28,25.701202392578125,0.0
2013-07-01,26.441871643066406,0.0
2013-07-02,26.5529727935791,0.0
2013-07-03,26.441871643066406,0.0
2013-07-04,25.73823547363281,0.0
2013-07-05,25.849336624145508,0.0
2013-07-08,25.73823547363281,0.0
2013-07-09,26.256704330444336,0.444401
2013-07-10,26.62703895568848,0.0
2013-07-11,26.812206268310547,0.0
2013-07-12,28.145410537719727,0.0
2013-07-15,29.25641250610352,0.0
2013-07-16,28.88607788085937,0.0
2013-07-17,28.88607788085937,0.0
2013-07-18,28.88607788085937,0.0
2013-07-19,28.88607788085937,0.0
2013-07-22,29.5156478881836,0.0
2013-07-23,29.330480575561523,0.0
2013-07-24,29.663780212402344,0.0
2013-07-25,29.663780212402344,0.0
2013-07-26,29.36751365661621,0.0
2013-07-29,29.626747131347656,0.0
2013-07-30,30.737749099731445,0.0
2013-07-31,31.6635856628418,0.0
2013-08-01,33.18195724487305,0.0
2013-08-02,34.515159606933594,0.0
2013-08-05,34.29296112060547,0.0
2013-08-06,34.81142807006836,0.0
2013-08-07,33.40415573120117,0.0
2013-08-08,35.55209732055664,0.0
2013-08-09,34.7003288269043,0.0
2013-08-12,34.21889114379883,0.0
2013-08-13,34.478126525878906,0.0
2013-08-14,34.25592422485352,0.0
2013-08-15,34.7003288269043,0.0
2013-08-16,34.66329574584961,0.0
2013-08-19,34.367027282714844,0.0
2013-08-20,33.218990325927734,0.0
2013-08-22,33.3300895690918,0.0
2013-08-23,34.66329574584961,0.0
2013-08-26,34.9965934753418,0.0
2013-08-27,34.478126525878906,0.0
2013-08-28,35.1817626953125,0.0
2013-08-29,34.9965934753418,0.0
2013-08-30,34.44109344482422,0.0
2013-09-02,34.81142807006836,0.0
2013-09-03,35.107696533203125,0.0
2013-09-04,35.14472961425781,0.0
2013-09-05,35.55209732055664,0.0
2013-09-06,37.99630355834961,0.0
2013-09-09,38.440704345703125,0.0
2013-09-10,37.99630355834961,0.0
2013-09-11,40.58864212036133,0.0
2013-09-12,40.14424133300781,0.0
2013-09-13,39.62577438354492,0.0
2013-09-16,39.25543975830078,0.0
2013-09-17,39.47764205932617,0.0
2013-09-18,40.14424133300781,0.0
2013-09-23,42.29218292236328,0.0
2013-09-24,41.25524520874024,0.0
2013-09-25,41.10711288452149,0.0
2013-09-26,39.92204284667969,0.0
2013-09-27,39.62577438354492,0.0
2013-09-30,39.99610900878906,0.0
2013-10-01,39.47764205932617,0.0
2013-10-02,39.92204284667969,0.0
2013-10-03,40.14424133300781,0.0
2013-10-04,40.95897674560547,0.0
2013-10-07,40.44050979614258,0.0
2013-10-08,39.62577438354492,0.0
2013-10-09,39.181373596191406,0.0
2013-10-11,38.14443588256836,0.0
2013-10-14,36.29276657104492,0.0
2013-10-15,38.5147705078125,0.0
2013-10-16,38.218505859375,0.0
2013-10-17,38.292572021484375,0.0
2013-10-18,38.5147705078125,0.0
2013-10-21,38.218505859375,0.0
2013-10-22,38.292572021484375,0.0
2013-10-23,38.58883666992188,0.0
2013-10-24,38.218505859375,0.0
2013-10-25,38.36663818359375,0.0
2013-10-28,38.36663818359375,0.0
2013-10-29,38.292572021484375,0.0
2013-10-30,38.292572021484375,0.0
2013-10-31,38.218505859375,0.0
2013-11-01,38.36663818359375,0.0
2013-11-04,37.62596893310547,0.0
2013-11-05,35.033626556396484,0.0
2013-11-06,34.81142807006836,0.0
2013-11-07,35.033626556396484,0.0
2013-11-08,35.403961181640625,0.0
2013-11-11,35.107696533203125,0.0
2013-11-12,34.77439498901367,0.0
2013-11-13,34.66329574584961,0.0
2013-11-14,35.1817626953125,0.0
2013-11-15,35.626163482666016,0.0
2013-11-18,35.1817626953125,0.0
2013-11-19,35.92243194580078,0.0
2013-11-20,36.25573348999024,0.0
2013-11-21,35.70022964477539,0.0
2013-11-22,35.99649810791016,0.0
2013-11-25,37.18156814575195,0.0
2013-11-26,37.40376663208008,0.0
2013-11-27,36.92233276367188,0.0
2013-11-28,36.81123352050781,0.0
2013-11-29,37.18156814575195,0.0
2013-12-02,36.81123352050781,0.0
2013-12-03,37.0334358215332,0.0
2013-12-04,36.66310119628906,0.0
2013-12-05,36.40386581420898,0.0
2013-12-06,36.44089889526367,0.0
2013-12-09,35.92243194580078,0.0
2013-12-10,35.626163482666016,0.0
2013-12-11,36.07056427001953,0.0
2013-12-12,36.03353118896485,0.0
2013-12-13,35.73726272583008,0.0
2013-12-16,35.21879577636719,0.0
2013-12-17,35.36692810058594,0.0
2013-12-18,36.21869659423828,0.0
2013-12-19,36.03353118896485,0.0
2013-12-20,35.92243194580078,0.0
2013-12-23,35.626163482666016,0.0
2013-12-24,35.99649810791016,0.0
2013-12-25,36.07056427001953,0.0
2013-12-26,35.848365783691406,0.0
2013-12-27,35.81133270263672,0.0
2013-12-30,36.88529968261719,0.0
2013-12-31,36.51496505737305,0.0
2014-01-02,36.774200439453125,0.0
2014-01-03,37.8481674194336,0.0
2014-01-06,37.70003509521485,0.0
2014-01-07,37.47783660888672,0.0
2014-01-08,37.40376663208008,0.0
2014-01-09,36.29276657104492,0.0
2014-01-10,36.32979965209961,0.0
2014-01-13,36.29276657104492,0.0
2014-01-14,35.848365783691406,0.0
2014-01-15,35.95946502685547,0.0
2014-01-16,35.70022964477539,0.0
2014-01-17,35.70022964477539,0.0
2014-01-20,35.478031158447266,0.0
2014-01-21,35.81133270263672,0.0
2014-01-22,36.21869659423828,0.0
2014-01-23,36.03353118896485,0.0
2014-01-24,35.92243194580078,0.0
2014-01-27,35.44099426269531,0.0
2014-02-05,35.626163482666016,0.0
2014-02-06,35.81133270263672,0.0
2014-02-07,35.626163482666016,0.0
2014-02-10,36.07056427001953,0.0
2014-02-11,38.58883666992188,0.0
2014-02-12,38.14443588256836,0.0
2014-02-13,38.218505859375,0.0
2014-02-14,37.62596893310547,0.0
2014-02-17,38.440704345703125,0.0
2014-02-18,38.36663818359375,0.0
2014-02-19,38.5147705078125,0.0
2014-02-20,37.92223739624024,0.0
2014-02-21,39.03323745727539,0.0
2014-02-24,39.03323745727539,0.0
2014-02-25,38.73697280883789,0.0
2014-02-26,38.58883666992188,0.0
2014-02-27,38.81103897094727,0.0
2014-03-03,39.32950592041016,0.0
2014-03-04,38.58883666992188,0.0
2014-03-05,38.73697280883789,0.0
2014-03-06,38.440704345703125,0.0
2014-03-07,37.77410125732422,0.0
2014-03-10,37.3297004699707,0.0
2014-03-11,37.47783660888672,0.0
2014-03-12,37.62596893310547,0.0
2014-03-13,37.77410125732422,0.0
2014-03-14,38.440704345703125,0.0
2014-03-17,38.5147705078125,0.0
2014-03-18,38.5147705078125,0.0
2014-03-19,37.62596893310547,0.0
2014-03-20,37.551902770996094,0.0
2014-03-21,36.92233276367188,0.0
2014-03-24,36.44089889526367,0.0
2014-03-25,36.8482666015625,0.0
2014-03-26,36.95936584472656,0.0
2014-03-27,37.25563430786133,0.0
2014-03-28,36.88529968261719,0.0
2014-03-31,37.0334358215332,0.0
2014-04-01,37.47783660888672,0.0
2014-04-02,37.47783660888672,0.0
2014-04-03,37.25563430786133,0.0
2014-04-07,36.73716735839844,0.0
2014-04-08,36.73716735839844,0.0
2014-04-09,36.51496505737305,0.0
2014-04-10,36.29276657104492,0.0
2014-04-11,36.44089889526367,0.0
2014-04-14,35.95946502685547,0.0
2014-04-15,35.99649810791016,0.0
2014-04-16,36.29276657104492,0.0
2014-04-17,36.58903121948242,0.0
2014-04-18,36.66310119628906,0.0
2014-04-21,36.3668327331543,0.0
2014-04-22,36.40386581420898,0.0
2014-04-23,36.66310119628906,0.0
2014-04-24,38.292572021484375,0.0
2014-04-25,37.18156814575195,0.0
2014-04-28,37.0334358215332,0.0
2014-04-29,38.81103897094727,0.0
2014-04-30,37.8481674194336,0.0
2014-05-02,38.5147705078125,0.0
2014-05-05,39.10730743408203,0.0
2014-05-06,40.29237747192383,0.0
2014-05-07,41.40337753295898,0.0
2014-05-08,40.81084442138672,0.0
2014-05-09,39.55170822143555,0.0
2014-05-12,38.81103897094727,0.0
2014-05-13,38.36663818359375,0.0
2014-05-14,39.03323745727539,0.0
2014-05-15,38.440704345703125,0.0
2014-05-16,38.81103897094727,0.0
2014-05-19,38.81103897094727,0.0
2014-05-20,38.36663818359375,0.0
2014-05-21,38.5147705078125,0.0
2014-05-22,38.88510513305664,0.0
2014-05-23,39.62577438354492,0.0
2014-05-26,39.32950592041016,0.0
2014-05-27,39.32950592041016,0.0
2014-05-28,39.03323745727539,0.0
2014-05-29,38.959171295166016,0.0
2014-05-30,38.5147705078125,0.0
2014-06-03,39.03323745727539,0.0
2014-06-04,39.03323745727539,0.0
2014-06-05,38.66290664672852,0.0
2014-06-06,38.66290664672852,0.0
2014-06-09,38.58883666992188,0.0
2014-06-10,40.44050979614258,0.0
2014-06-11,40.884910583496094,0.0
2014-06-12,40.58864212036133,0.0
2014-06-13,41.32931137084961,0.0
2014-06-16,41.92184829711914,0.0
2014-06-17,41.18117904663086,0.0
2014-06-18,40.3664436340332,0.0
2014-06-19,41.10711288452149,0.0
2014-06-20,40.736778259277344,0.0
2014-06-23,40.3664436340332,0.0
2014-06-24,40.44050979614258,0.0
2014-06-25,41.03304672241211,0.0
2014-06-26,40.81084442138672,0.0
2014-06-27,41.10711288452149,0.0
2014-06-30,41.18117904663086,0.0
2014-07-01,41.18117904663086,0.0
2014-07-02,40.6627082824707,0.0
2014-07-03,41.18117904663086,0.592535
2014-07-04,41.18117904663086,0.0
2014-07-07,40.58864212036133,0.0
2014-07-08,40.3664436340332,0.0
2014-07-09,40.44050979614258,0.0
2014-07-10,38.959171295166016,0.0
2014-07-11,37.62596893310547,0.0
2014-07-14,37.92223739624024,0.0
2014-07-15,37.77410125732422,0.0
2014-07-16,37.25563430786133,0.0
2014-07-17,37.47783660888672,0.0
2014-07-18,37.8481674194336,0.0
2014-07-21,37.99630355834961,0.0
2014-07-22,37.70003509521485,0.0
2014-07-23,37.70003509521485,0.0
2014-07-24,37.92223739624024,0.0
2014-07-25,37.77410125732422,0.0
2014-07-28,37.18156814575195,0.0
2014-07-29,36.774200439453125,0.0
2014-07-30,36.8482666015625,0.0
2014-07-31,36.88529968261719,0.0
2014-08-01,36.81123352050781,0.0
2014-08-04,36.55199813842773,0.0
2014-08-05,36.25573348999024,0.0
2014-08-06,34.32999420166016,0.0
2014-08-07,34.29296112060547,0.0
2014-08-08,34.81142807006836,0.0
2014-08-11,34.885494232177734,0.0
2014-08-12,32.77458953857422,0.0
2014-08-13,33.29305648803711,0.0
2014-08-14,33.40415573120117,0.0
2014-08-15,32.77458953857422,0.0
2014-08-18,30.95995140075684,0.0
2014-08-19,32.58942031860352,0.0
2014-08-20,32.58942031860352,0.0
2014-08-21,32.959754943847656,0.0
2014-08-22,33.5152587890625,0.0
2014-08-25,33.77449035644531,0.0
2014-08-26,33.88559341430664,0.0
2014-08-27,33.9966926574707,0.0
2014-08-28,34.9965934753418,0.0
2014-08-29,35.11658477783203,0.0
2014-09-01,35.19657516479492,0.0
2014-09-02,35.036590576171875,0.0
2014-09-03,34.87660598754883,0.0
2014-09-04,35.75651931762695,0.0
2014-09-05,35.75651931762695,0.0
2014-09-09,35.67652893066406,0.0
2014-09-10,35.11658477783203,0.0
2014-09-11,34.916603088378906,0.0
2014-09-12,34.63663101196289,0.0
2014-09-15,34.15667724609375,0.0
2014-09-16,34.3166618347168,0.0
2014-09-17,34.51664352416992,0.0
2014-09-18,34.476646423339844,0.0
2014-09-19,35.11658477783203,0.0
2014-09-22,35.31656265258789,0.0
2014-09-23,34.836612701416016,0.0
2014-09-24,34.916603088378906,0.0
2014-09-25,34.79661560058594,0.0
2014-09-26,34.3166618347168,0.0
2014-09-29,36.19647979736328,0.0
2014-09-30,35.67652893066406,0.0
2014-10-01,36.35646438598633,0.0
2014-10-02,36.1564826965332,0.0
2014-10-03,36.236473083496094,0.0
2014-10-06,37.7163314819336,0.0
2014-10-07,38.9962043762207,0.0
2014-10-08,37.99630355834961,0.0
2014-10-09,37.43635940551758,0.0
2014-10-13,36.31646728515625,0.0
2014-10-14,36.87641143798828,0.0
2014-10-15,36.39645767211914,0.0
2014-10-16,35.95650100708008,0.0
2014-10-17,35.156578063964844,0.0
2014-10-20,35.19657516479492,0.0
2014-10-21,35.31656265258789,0.0
2014-10-22,35.236572265625,0.0
2014-10-23,35.19657516479492,0.0
2014-10-24,34.19667434692383,0.0
2014-10-27,33.0767822265625,0.0
2014-10-28,33.476741790771484,0.0
2014-10-29,34.07668685913086,0.0
2014-10-30,33.91669845581055,0.0
2014-10-31,34.11668014526367,0.0
2014-11-03,34.556636810302734,0.0
2014-11-04,34.07668685913086,0.0
2014-11-05,33.91669845581055,0.0
2014-11-06,33.27676010131836,0.0
2014-11-07,33.67672348022461,0.0
2014-11-10,33.9966926574707,0.0
2014-11-11,34.3166618347168,0.0
2014-11-12,33.836708068847656,0.0
2014-11-13,33.91669845581055,0.0
2014-11-14,33.59672927856445,0.0
2014-11-17,32.91679763793945,0.0
2014-11-18,31.99688720703125,0.0
2014-11-19,32.1568717956543,0.0
2014-11-20,32.55683135986328,0.0
2014-11-21,32.55683135986328,0.0
2014-11-24,32.63682556152344,0.0
2014-11-25,32.796810150146484,0.0
2014-11-26,33.03678512573242,0.0
2014-11-27,32.71681594848633,0.0
2014-11-28,32.67682266235352,0.0
2014-12-01,32.95679473876953,0.0
2014-12-02,34.07668685913086,0.0
2014-12-03,34.39665222167969,0.0
2014-12-04,34.07668685913086,0.0
2014-12-05,34.23666763305664,0.0
2014-12-08,34.51664352416992,0.0
2014-12-09,34.15667724609375,0.0
2014-12-10,34.39665222167969,0.0
2014-12-11,34.3166618347168,0.0
2014-12-12,34.35665512084961,0.0
2014-12-15,33.91669845581055,0.0
2014-12-16,33.67672348022461,0.0
2014-12-17,33.23676681518555,0.0
2014-12-18,33.396751403808594,0.0
2014-12-19,32.95679473876953,0.0
2014-12-22,33.51673889160156,0.0
2014-12-23,33.396751403808594,0.0
2014-12-24,33.476741790771484,0.0
2014-12-25,33.51673889160156,0.0
2014-12-26,33.59672927856445,0.0
2014-12-29,33.43674850463867,0.0
2014-12-30,33.23676681518555,0.0
2014-12-31,33.51673889160156,0.0
2015-01-05,33.396751403808594,0.0
2015-01-06,33.03678512573242,0.0
2015-01-07,33.03678512573242,0.0
2015-01-08,33.0767822265625,0.0
2015-01-09,33.27676010131836,0.0
2015-01-12,33.51673889160156,0.0
2015-01-13,33.476741790771484,0.0
2015-01-14,33.15677261352539,0.0
2015-01-15,32.99679183959961,0.0
2015-01-16,32.43684387207031,0.0
2015-01-19,32.43684387207031,0.0
2015-01-20,32.5168342590332,0.0
2015-01-21,32.5168342590332,0.0
2015-01-22,32.71681594848633,0.0
2015-01-23,32.71681594848633,0.0
2015-01-26,32.43684387207031,0.0
2015-01-27,32.756813049316406,0.0
2015-01-28,32.55683135986328,0.0
2015-01-29,32.63682556152344,0.0
2015-01-30,32.796810150146484,0.0
2015-02-02,32.5168342590332,0.0
2015-02-03,32.47684097290039,0.0
2015-02-04,32.43684387207031,0.0
2015-02-05,32.23686218261719,0.0
2015-02-06,32.55683135986328,0.0
2015-02-09,32.396846771240234,0.0
2015-02-10,32.1568717956543,0.0
2015-02-11,31.87689971923828,0.0
2015-02-12,31.916894912719727,0.0
2015-02-13,32.03688430786133,0.0
2015-02-24,32.07687759399414,0.0
2015-02-25,32.35685348510742,0.0
2015-02-26,32.796810150146484,0.0
2015-03-02,32.63682556152344,0.0
2015-03-03,32.5168342590332,0.0
2015-03-04,32.396846771240234,0.0
2015-03-05,32.396846771240234,0.0
2015-03-06,32.35685348510742,0.0
2015-03-09,32.03688430786133,0.0
2015-03-10,31.87689971923828,0.0
2015-03-11,31.99688720703125,0.0
2015-03-12,32.1568717956543,0.0
2015-03-13,32.55683135986328,0.0
2015-03-16,32.1568717956543,0.0
2015-03-17,32.07687759399414,0.0
2015-03-18,32.11687469482422,0.0
2015-03-19,31.916894912719727,0.0
2015-03-20,32.47684097290039,0.0
2015-03-23,32.196868896484375,0.0
2015-03-24,32.35685348510742,0.0
2015-03-25,31.836902618408203,0.0
2015-03-26,31.99688720703125,0.0
2015-03-27,31.836902618408203,0.0
2015-03-30,31.196964263916016,0.0
2015-03-31,30.75700759887696,0.0
2015-04-01,31.59692573547364,0.0
2015-04-02,31.75691032409668,0.0
2015-04-07,31.87689971923828,0.0
2015-04-08,32.03688430786133,0.0
2015-04-09,31.836902618408203,0.0
2015-04-10,31.59692573547364,0.0
2015-04-13,31.356948852539062,0.0
2015-04-14,31.75691032409668,0.0
2015-04-15,31.59692573547364,0.0
2015-04-16,31.316953659057617,0.0
2015-04-17,30.83699989318848,0.0
2015-04-20,30.956987380981445,0.0
2015-04-21,31.15696907043457,0.0
2015-04-22,30.67701530456543,0.0
2015-04-23,30.67701530456543,0.0
2015-04-24,30.67701530456543,0.0
2015-04-27,31.15696907043457,0.0
2015-04-28,30.79700469970703,0.0
2015-04-29,30.597023010253903,0.0
2015-04-30,30.83699989318848,0.0
2015-05-04,30.39704132080078,0.0
2015-05-05,29.71710968017578,0.0
2015-05-06,29.19715881347656,0.0
2015-05-07,28.27724838256836,0.0
2015-05-08,27.837291717529297,0.0
2015-05-11,25.99747085571289,0.0
2015-05-12,24.71759414672852,0.0
2015-05-13,25.6775016784668,0.0
2015-05-14,25.39752960205078,0.0
2015-05-15,24.83758354187012,0.0
2015-05-18,23.197742462158203,0.0
2015-05-19,23.757688522338867,0.0
2015-05-20,23.757688522338867,0.0
2015-05-21,24.037660598754883,0.0
2015-05-22,25.357532501220703,0.0
2015-05-25,25.117555618286133,0.0
2015-05-26,25.197547912597656,0.0
2015-05-27,25.477521896362305,0.0
2015-05-28,25.477521896362305,0.0
2015-05-29,25.117555618286133,0.0
2015-06-01,24.95757293701172,0.0
2015-06-02,25.357532501220703,0.0
2015-06-03,25.077560424804688,0.0
2015-06-04,24.19764518737793,0.0
2015-06-05,24.19764518737793,0.0
2015-06-08,24.237642288208008,0.0
2015-06-09,21.837875366210938,0.0
2015-06-10,22.557804107666016,0.0
2015-06-11,22.27783203125,0.0
2015-06-12,22.3978214263916,0.0
2015-06-15,22.597801208496094,0.0
2015-06-16,22.357824325561523,0.0
2015-06-17,22.317827224731445,0.0
2015-06-18,22.3978214263916,0.0
2015-06-22,22.437816619873047,0.0
2015-06-23,22.51780891418457,0.0
2015-06-24,22.11784744262696,0.0
2015-06-25,22.3978214263916,0.0
2015-06-26,22.3978214263916,0.0
2015-06-29,22.11784744262696,0.0
2015-06-30,24.31763458251953,0.0
2015-07-01,25.39752960205078,0.0
2015-07-02,25.87748146057129,0.0
2015-07-03,25.51751708984375,0.0
2015-07-06,25.31753730773925,0.0
2015-07-07,25.31753730773925,0.0
2015-07-08,23.87767791748047,0.0
2015-07-09,23.59770393371582,0.0
2015-07-10,23.59770393371582,0.0
2015-07-13,24.237642288208008,0.0
2015-07-14,23.99766540527344,0.0
2015-07-15,23.99766540527344,0.0
2015-07-16,24.357629776000977,0.0
2015-07-17,25.15755271911621,0.0
2015-07-20,25.077560424804688,0.0
2015-07-21,24.597606658935547,0.0
2015-07-22,24.07765769958496,0.0
2015-07-23,23.757688522338867,0.0
2015-07-24,23.39772224426269,0.0
2015-07-27,22.597801208496094,0.0
2015-07-28,22.477813720703125,0.0
2015-07-29,22.477813720703125,0.0
2015-07-30,22.3978214263916,0.639938
2015-07-31,22.19783973693848,0.0
2015-08-03,21.75788307189941,0.0
2015-08-04,20.95796012878418,0.0
2015-08-05,21.43791389465332,0.0
2015-08-06,21.157941818237305,0.0
2015-08-07,21.27792930603028,0.0
2015-08-10,21.877870559692383,0.0
2015-08-11,21.517906188964844,0.0
2015-08-12,21.27792930603028,0.0
2015-08-13,21.3579216003418,0.0
2015-08-14,21.27792930603028,0.0
2015-08-17,21.157941818237305,0.0
2015-08-18,20.95796012878418,0.0
2015-08-19,19.87806510925293,0.0
2015-08-20,19.99805450439453,0.0
2015-08-21,18.998151779174805,0.0
2015-08-24,17.11833381652832,0.0
2015-08-25,17.038341522216797,0.0
2015-08-26,17.438302993774414,0.0
2015-08-27,17.83826446533203,0.0
2015-08-28,18.158233642578125,0.0
2015-08-31,18.31821823120117,0.0
2015-09-01,18.39821052551269,0.0
2015-09-02,18.998151779174805,0.0
2015-09-03,18.998151779174805,0.0
2015-09-04,18.63818550109864,0.0
2015-09-07,18.79817008972168,0.0
2015-09-08,19.03814697265625,0.0
2015-09-09,19.358116149902344,0.0
2015-09-10,20.038049697875977,0.0
2015-09-11,19.87806510925293,0.0
2015-09-14,19.99805450439453,0.0
2015-09-15,19.918062210083008,0.0
2015-09-16,21.037952423095703,0.0
2015-09-17,20.877967834472656,0.0
2015-09-18,21.597898483276367,0.0
2015-09-21,23.197742462158203,0.0
2015-09-22,23.03775787353516,0.0
2015-09-23,22.71779060363769,0.0
2015-09-24,21.79787826538086,0.0
2015-09-25,21.91786766052246,0.0
2015-09-29,21.91786766052246,0.0
2015-09-30,21.75788307189941,0.0
2015-10-01,21.91786766052246,0.0
2015-10-02,21.67789077758789,0.0
2015-10-05,21.637895584106445,0.0
2015-10-06,21.3579216003418,0.0
2015-10-07,23.15774726867676,0.0
2015-10-08,22.27783203125,0.0
2015-10-12,22.27783203125,0.0
2015-10-13,22.19783973693848,0.0
2015-10-14,22.077852249145508,0.0
2015-10-15,22.11784744262696,0.0
2015-10-16,22.317827224731445,0.0
2015-10-19,22.3978214263916,0.0
2015-10-20,23.47771644592285,0.0
2015-10-21,23.03775787353516,0.0
2015-10-22,22.917770385742188,0.0
2015-10-23,23.03775787353516,0.0
2015-10-26,23.03775787353516,0.0
2015-10-27,23.03775787353516,0.0
2015-10-28,23.35772705078125,0.0
2015-10-29,23.0777530670166,0.0
2015-10-30,23.55770874023437,0.0
2015-11-02,23.95766830444336,0.0
2015-11-03,24.357629776000977,0.0
2015-11-04,24.31763458251953,0.0
2015-11-05,24.517614364624023,0.0
2015-11-06,24.07765769958496,0.0
2015-11-09,24.07765769958496,0.0
2015-11-10,24.15764808654785,0.0
2015-11-11,23.677696228027344,0.0
2015-11-12,23.55770874023437,0.0
2015-11-13,23.35772705078125,0.0
2015-11-16,23.677696228027344,0.0
2015-11-17,23.677696228027344,0.0
2015-11-18,24.15764808654785,0.0
2015-11-19,24.79758644104004,0.0
2015-11-20,24.83758354187012,0.0
2015-11-23,24.67759895324707,0.0
2015-11-24,24.517614364624023,0.0
2015-11-25,24.31763458251953,0.0
2015-11-26,25.95747375488281,0.0
2015-11-27,26.157455444335938,0.0
2015-11-30,25.917478561401367,0.0
2015-12-01,25.63750457763672,0.0
2015-12-02,25.197547912597656,0.0
2015-12-03,25.6775016784668,0.0
2015-12-04,25.197547912597656,0.0
2015-12-07,25.117555618286133,0.0
2015-12-08,24.79758644104004,0.0
2015-12-09,23.55770874023437,0.0
2015-12-10,23.277734756469727,0.0
2015-12-11,22.71779060363769,0.0
2015-12-14,22.317827224731445,0.0
2015-12-15,22.87777328491211,0.0
2015-12-16,23.03775787353516,0.0
2015-12-17,23.197742462158203,0.0
2015-12-18,23.197742462158203,0.0
2015-12-21,23.277734756469727,0.0
2015-12-22,23.277734756469727,0.0
2015-12-23,23.03775787353516,0.0
2015-12-24,22.837778091430664,0.0
2015-12-25,22.87777328491211,0.0
2015-12-28,22.79778289794922,0.0
2015-12-29,22.837778091430664,0.0
2015-12-30,22.75778579711914,0.0
2015-12-31,22.837778091430664,0.0
2016-01-04,22.597801208496094,0.0
2016-01-05,22.3978214263916,0.0
2016-01-06,21.877870559692383,0.0
2016-01-07,21.157941818237305,0.0
2016-01-08,21.597898483276367,0.0
2016-01-11,21.3579216003418,0.0
2016-01-12,20.99795722961425,0.0
2016-01-13,21.3579216003418,0.0
2016-01-14,21.19793701171875,0.0
2016-01-15,21.79787826538086,0.0
2016-01-18,22.3978214263916,0.0
2016-01-19,22.51780891418457,0.0
2016-01-20,21.837875366210938,0.0
2016-01-21,21.67789077758789,0.0
2016-01-22,21.597898483276367,0.0
2016-01-25,21.997859954833984,0.0
2016-01-26,21.877870559692383,0.0
2016-01-27,21.67789077758789,0.0
2016-01-28,21.67789077758789,0.0
2016-01-29,21.997859954833984,0.0
2016-02-01,22.19783973693848,0.0
2016-02-02,22.237836837768555,0.0
2016-02-03,22.19783973693848,0.0
2016-02-15,22.11784744262696,0.0
2016-02-16,22.51780891418457,0.0
2016-02-17,22.477813720703125,0.0
2016-02-18,22.95776557922364,0.0
2016-02-19,22.837778091430664,0.0
2016-02-22,22.557804107666016,0.0
2016-02-23,22.677793502807617,0.0
2016-02-24,22.71779060363769,0.0
2016-02-25,22.71779060363769,0.0
2016-02-26,22.79778289794922,0.0
2016-03-01,22.917770385742188,0.0
2016-03-02,22.99776268005371,0.0
2016-03-03,22.917770385742188,0.0
2016-03-04,23.71769142150879,0.0
2016-03-07,23.35772705078125,0.0
2016-03-08,23.797683715820312,0.0
2016-03-09,25.03756332397461,0.0
2016-03-10,24.87757873535156,0.0
2016-03-11,24.997568130493164,0.0
2016-03-14,24.67759895324707,0.0
2016-03-15,23.517711639404297,0.0
2016-03-16,23.757688522338867,0.0
2016-03-17,23.317731857299805,0.0
2016-03-18,23.59770393371582,0.0
2016-03-21,24.517614364624023,0.0
2016-03-22,24.19764518737793,0.0
2016-03-23,23.99766540527344,0.0
2016-03-24,23.637699127197266,0.0
2016-03-25,23.83768081665039,0.0
2016-03-28,23.637699127197266,0.0
2016-03-29,23.0777530670166,0.0
2016-03-30,23.517711639404297,0.0
2016-03-31,23.47771644592285,0.0
2016-04-01,23.677696228027344,0.0
2016-04-06,23.35772705078125,0.0
2016-04-07,23.197742462158203,0.0
2016-04-08,23.15774726867676,0.0
2016-04-11,23.197742462158203,0.0
2016-04-12,22.79778289794922,0.0
2016-04-13,22.917770385742188,0.0
2016-04-14,22.87777328491211,0.0
2016-04-15,23.11775016784668,0.0
2016-04-18,23.277734756469727,0.0
2016-04-19,23.11775016784668,0.0
2016-04-20,22.79778289794922,0.0
2016-04-21,22.597801208496094,0.0
2016-04-22,22.3978214263916,0.0
2016-04-25,22.477813720703125,0.0
2016-04-26,22.677793502807617,0.0
2016-04-27,22.51780891418457,0.0
2016-04-28,22.437816619873047,0.0
2016-04-29,22.237836837768555,0.0
2016-05-03,22.11784744262696,0.0
2016-05-04,21.837875366210938,0.0
2016-05-05,21.75788307189941,0.0
2016-05-06,21.75788307189941,0.0
2016-05-09,21.67789077758789,0.0
2016-05-10,21.75788307189941,0.0
2016-05-11,21.79787826538086,0.0
2016-05-12,21.27792930603028,0.0
2016-05-13,21.037952423095703,0.0
2016-05-16,21.3579216003418,0.0
2016-05-17,21.75788307189941,0.0
2016-05-18,21.75788307189941,0.0
2016-05-19,21.597898483276367,0.0
2016-05-20,21.637895584106445,0.0
2016-05-23,21.877870559692383,0.0
2016-05-24,21.877870559692383,0.0
2016-05-25,21.997859954833984,0.0
2016-05-26,21.997859954833984,0.0
2016-05-27,22.077852249145508,0.0
2016-05-30,22.3978214263916,0.0
2016-05-31,22.19783973693848,0.0
2016-06-01,22.317827224731445,0.0
2016-06-02,22.077852249145508,0.0
2016-06-03,22.15784454345703,0.0
2016-06-06,21.91786766052246,0.0
2016-06-07,21.957862854003903,0.0
2016-06-08,21.79787826538086,0.0
2016-06-13,21.597898483276367,0.0
2016-06-14,21.55790138244629,0.0
2016-06-15,21.71788787841797,0.0
2016-06-16,21.517906188964844,0.0
2016-06-17,21.43791389465332,0.0
2016-06-20,21.517906188964844,0.0
2016-06-21,21.637895584106445,0.0
2016-06-22,21.79787826538086,0.0
2016-06-23,21.71788787841797,0.0
2016-06-24,21.43791389465332,0.0
2016-06-27,21.3579216003418,0.0
2016-06-28,21.43791389465332,0.0
2016-06-29,21.43791389465332,0.0
2016-06-30,21.55790138244629,0.0
2016-07-01,21.517906188964844,0.0
2016-07-04,21.55790138244629,0.0
2016-07-05,21.91786766052246,0.0
2016-07-06,21.71788787841797,0.0
2016-07-07,21.637895584106445,0.0
2016-07-08,21.637895584106445,0.0
2016-07-11,21.75788307189941,0.0
2016-07-12,21.79787826538086,0.0
2016-07-13,21.957862854003903,0.0
2016-07-14,21.957862854003903,0.0
2016-07-15,22.03785514831543,0.0
2016-07-18,22.75778579711914,0.0
2016-07-19,22.63779640197754,0.0
2016-07-20,22.477813720703125,0.0
2016-07-21,22.597801208496094,0.0
2016-07-22,22.477813720703125,0.0
2016-07-25,22.237836837768555,0.0
2016-07-26,22.317827224731445,0.0
2016-07-27,22.237836837768555,0.0
2016-07-28,22.19783973693848,0.0
2016-07-29,22.077852249145508,0.0
2016-08-01,21.997859954833984,0.0
2016-08-02,21.997859954833984,0.0
2016-08-03,21.79787826538086,0.0
2016-08-04,21.877870559692383,0.0
2016-08-05,21.877870559692383,0.0
2016-08-08,22.317827224731445,0.0
2016-08-09,22.03785514831543,0.0
2016-08-10,21.957862854003903,0.0
2016-08-11,21.67789077758789,0.0
2016-08-12,21.75788307189941,0.0
2016-08-15,21.75788307189941,0.0
2016-08-16,21.637895584106445,0.0
2016-08-17,21.71788787841797,0.0
2016-08-18,21.637895584106445,0.0
2016-08-19,21.55790138244629,0.0
2016-08-22,21.517906188964844,0.0
2016-08-23,21.43791389465332,0.0
2016-08-24,21.3579216003418,0.0
2016-08-25,21.3579216003418,0.0
2016-08-26,21.43791389465332,0.0
2016-08-29,21.397918701171875,0.0
2016-08-30,21.397918701171875,0.0
2016-08-31,21.27792930603028,0.0
2016-09-01,21.297128677368164,0.166384
2016-09-02,21.25553131103516,0.0
2016-09-05,21.42191505432129,0.0
2016-09-06,21.463512420654297,0.0
2016-09-07,21.505107879638672,0.0
2016-09-08,21.671491622924805,0.0
2016-09-09,22.00425910949707,0.0
2016-09-12,21.6298942565918,0.0
2016-09-13,21.38031959533692,0.0
2016-09-14,21.505107879638672,0.0
2016-09-19,21.71308708190918,0.0
2016-09-20,21.754682540893555,0.0
2016-09-21,21.96266365051269,0.0
2016-09-22,22.21223831176757,0.0
2016-09-23,22.129047393798828,0.0
2016-09-26,21.96266365051269,0.0
2016-09-27,21.96266365051269,0.0
2016-09-28,21.96266365051269,0.0
2016-09-29,22.045854568481445,0.0
2016-09-30,21.921066284179688,0.0
2016-10-03,21.754682540893555,0.0
2016-10-04,21.837875366210938,0.0
2016-10-05,21.671491622924805,0.0
2016-10-06,21.754682540893555,0.0
2016-10-07,21.588298797607425,0.0
2016-10-11,21.33872413635254,0.0
2016-10-12,21.42191505432129,0.0
2016-10-13,21.33872413635254,0.0
2016-10-14,21.297128677368164,0.0
2016-10-17,21.546703338623047,0.0
2016-10-18,21.6298942565918,0.0
2016-10-19,21.546703338623047,0.0
2016-10-20,21.546703338623047,0.0
2016-10-21,21.463512420654297,0.0
2016-10-24,21.546703338623047,0.0
2016-10-25,21.546703338623047,0.0
2016-10-26,21.33872413635254,0.0
2016-10-27,21.463512420654297,0.0
2016-10-28,21.33872413635254,0.0
2016-10-31,21.25553131103516,0.0
2016-11-01,21.21393585205078,0.0
2016-11-02,20.83957290649414,0.0
2016-11-03,20.714784622192383,0.0
2016-11-04,20.714784622192383,0.0
2016-11-07,20.714784622192383,0.0
2016-11-08,20.75638008117676,0.0
2016-11-09,19.96605682373047,0.0
2016-11-10,20.340421676635746,0.0
2016-11-11,20.1324405670166,0.0
2016-11-14,19.75807762145996,0.0
2016-11-15,19.71648025512696,0.0
2016-11-16,19.88286590576172,0.0
2016-11-17,19.799673080444336,0.0
2016-11-18,20.007652282714844,0.0
2016-11-21,20.007652282714844,0.0
2016-11-22,20.04924964904785,0.0
2016-11-23,20.04924964904785,0.0
2016-11-24,20.090845108032227,0.0
2016-11-25,20.04924964904785,0.0
2016-11-28,19.84126853942871,0.0
2016-11-29,19.71648025512696,0.0
2016-11-30,19.75807762145996,0.0
2016-12-01,19.88286590576172,0.0
2016-12-02,20.007652282714844,0.0
2016-12-05,19.88286590576172,0.0
2016-12-06,20.007652282714844,0.0
2016-12-07,19.88286590576172,0.0
2016-12-08,19.96605682373047,0.0
2016-12-09,20.17403793334961,0.0
2016-12-12,20.465208053588867,0.0
2016-12-13,20.631591796875,0.0
2016-12-14,20.465208053588867,0.0
2016-12-15,20.38201713562012,0.0
2016-12-16,20.340421676635746,0.0
2016-12-19,20.25722885131836,0.0
2016-12-20,20.1324405670166,0.0
2016-12-21,20.1324405670166,0.0
2016-12-22,20.04924964904785,0.0
2016-12-23,20.090845108032227,0.0
2016-12-26,20.38201713562012,0.0
2016-12-27,20.215633392333984,0.0
2016-12-28,20.1324405670166,0.0
2016-12-29,20.04924964904785,0.0
2016-12-30,20.090845108032227,0.0
2017-01-03,20.04924964904785,0.0
2017-01-04,20.1324405670166,0.0
2017-01-05,20.340421676635746,0.0
2017-01-06,20.340421676635746,0.0
2017-01-09,20.215633392333984,0.0
2017-01-10,20.090845108032227,0.0
2017-01-11,20.090845108032227,0.0
2017-01-12,20.1324405670166,0.0
2017-01-13,20.04924964904785,0.0
2017-01-16,20.007652282714844,0.0
2017-01-17,20.04924964904785,0.0
2017-01-18,20.04924964904785,0.0
2017-01-19,20.007652282714844,0.0
2017-01-20,20.04924964904785,0.0
2017-01-23,19.924461364746094,0.0
2017-01-24,19.924461364746094,0.0
2017-02-02,19.96605682373047,0.0
2017-02-03,19.96605682373047,0.0
2017-02-06,20.17403793334961,0.0
2017-02-07,20.215633392333984,0.0
2017-02-08,20.25722885131836,0.0
2017-02-09,20.215633392333984,0.0
2017-02-10,20.42361259460449,0.0
2017-02-13,20.38201713562012,0.0
2017-02-14,20.215633392333984,0.0
2017-02-15,20.215633392333984,0.0
2017-02-16,20.465208053588867,0.0
2017-02-17,20.631591796875,0.0
2017-02-20,21.00595664978028,0.0
2017-02-21,20.92276382446289,0.0
2017-02-22,20.964359283447266,0.0
2017-02-23,20.83957290649414,0.0
2017-02-24,20.797975540161133,0.0
2017-03-01,20.631591796875,0.0
2017-03-02,20.67318725585937,0.0
2017-03-03,20.589996337890625,0.0
2017-03-06,20.964359283447266,0.0
2017-03-07,21.21393585205078,0.0
2017-03-08,21.21393585205078,0.0
2017-03-09,21.089147567749023,0.0
2017-03-10,20.797975540161133,0.0
2017-03-13,20.797975540161133,0.0
2017-03-14,20.67318725585937,0.0
2017-03-15,20.67318725585937,0.0
2017-03-16,20.589996337890625,0.0
2017-03-17,20.67318725585937,0.0
2017-03-20,20.589996337890625,0.0
2017-03-21,20.465208053588867,0.0
2017-03-22,20.465208053588867,0.0
2017-03-23,20.38201713562012,0.0
2017-03-24,20.25722885131836,0.0
2017-03-27,20.007652282714844,0.0
2017-03-28,19.96605682373047,0.0
2017-03-29,20.04924964904785,0.0
2017-03-30,20.17403793334961,0.0
2017-03-31,20.17403793334961,0.0
2017-04-05,20.215633392333984,0.0
2017-04-06,20.17403793334961,0.0
2017-04-07,20.17403793334961,0.0
2017-04-10,20.04924964904785,0.0
2017-04-11,19.924461364746094,0.0
2017-04-12,19.96605682373047,0.0
2017-04-13,19.924461364746094,0.0
2017-04-14,19.75807762145996,0.0
2017-04-17,19.217330932617188,0.0
2017-04-18,19.300521850585938,0.0
2017-04-19,19.134138107299805,0.0
2017-04-20,19.134138107299805,0.0
2017-04-21,19.17573356628418,0.0
2017-04-24,19.17573356628418,0.0
2017-04-25,19.134138107299805,0.0
2017-04-26,19.09254264831543,0.0
2017-04-27,19.050945281982425,0.0
2017-04-28,19.17573356628418,0.0
2017-05-02,19.217330932617188,0.0
2017-05-03,19.134138107299805,0.0
2017-05-04,19.050945281982425,0.0
2017-05-05,19.050945281982425,0.0
2017-05-08,19.050945281982425,0.0
2017-05-09,18.59339141845703,0.0
2017-05-10,18.634986877441406,0.0
2017-05-11,18.551794052124023,0.0
2017-05-12,18.551794052124023,0.0
2017-05-15,18.80137062072754,0.0
2017-05-16,18.634986877441406,0.0
2017-05-17,18.551794052124023,0.0
2017-05-18,18.46860313415528,0.0
2017-05-19,18.46860313415528,0.0
2017-05-22,18.21902656555176,0.0
2017-05-23,18.09423828125,0.0
2017-05-24,18.21902656555176,0.0
2017-05-25,18.30221939086914,0.0
2017-05-26,18.34381484985352,0.0
2017-05-31,17.927854537963867,0.0
2017-06-01,18.09423828125,0.0
2017-06-02,18.38541030883789,0.0
2017-06-05,18.51019859313965,0.0
2017-06-06,18.38541030883789,0.0
2017-06-07,18.551794052124023,0.0
2017-06-08,18.38541030883789,0.0
2017-06-09,18.26062393188477,0.0
2017-06-12,18.51019859313965,0.0
2017-06-13,18.634986877441406,0.0
2017-06-14,18.46860313415528,0.0
2017-06-15,18.34381484985352,0.0
2017-06-16,18.34381484985352,0.0
2017-06-19,18.4270076751709,0.0
2017-06-20,18.4270076751709,0.0
2017-06-21,18.551794052124023,0.0
2017-06-22,18.71817970275879,0.0
2017-06-23,18.67658233642578,0.0
2017-06-26,18.80137062072754,0.0
2017-06-27,18.71817970275879,0.0
2017-06-28,18.634986877441406,0.0
2017-06-29,18.80137062072754,0.0
2017-06-30,18.88456153869629,0.0
2017-07-03,18.84296607971192,0.0
2017-07-04,18.67658233642578,0.0
2017-07-05,18.634986877441406,0.0
2017-07-06,18.59339141845703,0.0
2017-07-07,18.34381484985352,0.0
2017-07-10,18.34381484985352,0.0
2017-07-11,18.30221939086914,0.083192
2017-07-12,18.30221939086914,0.0
2017-07-13,18.34381484985352,0.0
2017-07-14,18.4270076751709,0.0
2017-07-17,18.38541030883789,0.0
2017-07-18,18.4270076751709,0.0
2017-07-19,18.38541030883789,0.0
2017-07-20,18.4270076751709,0.0
2017-07-21,18.51019859313965,0.0
2017-07-24,18.46860313415528,0.0
2017-07-25,18.4270076751709,0.0
2017-07-26,18.34381484985352,0.0
2017-07-27,18.46860313415528,0.0
2017-07-28,18.38541030883789,0.0
2017-07-31,18.34381484985352,0.0
2017-08-01,18.34381484985352,0.0
2017-08-02,18.34381484985352,0.0
2017-08-03,18.26062393188477,0.0
2017-08-04,18.26062393188477,0.0
2017-08-07,18.30221939086914,0.0
2017-08-08,18.21902656555176,0.0
2017-08-09,18.09423828125,0.0
2017-08-10,17.803068161010742,0.0
2017-08-11,17.63668441772461,0.0
2017-08-14,17.179128646850586,0.0
2017-08-15,17.179128646850586,0.0
2017-08-16,17.262319564819336,0.0
2017-08-17,17.34551239013672,0.0
2017-08-18,17.387107849121094,0.0
2017-08-21,17.51189613342285,0.0
2017-08-22,17.387107849121094,0.0
2017-08-23,17.51189613342285,0.0
2017-08-24,17.42870330810547,0.0
2017-08-25,17.470300674438477,0.0
2017-08-28,17.470300674438477,0.0
2017-08-29,17.5950870513916,0.0
2017-08-30,18.01104736328125,0.0
2017-08-31,18.67658233642578,0.0
2017-09-01,18.551794052124023,0.0
2017-09-04,18.177431106567383,0.0
2017-09-05,18.34381484985352,0.0
2017-09-06,18.38541030883789,0.0
2017-09-07,18.38541030883789,0.0
2017-09-08,18.30221939086914,0.0
2017-09-11,18.135835647583008,0.0
2017-09-12,18.177431106567383,0.0
2017-09-13,18.09423828125,0.0
2017-09-14,18.135835647583008,0.0
2017-09-15,18.052642822265625,0.0
2017-09-18,18.09423828125,0.0
2017-09-19,18.135835647583008,0.0
2017-09-20,18.052642822265625,0.0
2017-09-21,18.177431106567383,0.0
2017-09-22,18.052642822265625,0.0
2017-09-25,18.71817970275879,0.0
2017-09-26,19.134138107299805,0.0
2017-09-27,18.759775161743164,0.0
2017-09-28,18.71817970275879,0.0
2017-09-29,18.30221939086914,0.0
2017-10-02,18.551794052124023,0.0
2017-10-03,18.38541030883789,0.0
2017-10-05,18.30221939086914,0.0
2017-10-06,18.34381484985352,0.0
2017-10-11,18.30221939086914,0.0
2017-10-12,18.38541030883789,0.0
2017-10-13,18.30221939086914,0.0
2017-10-16,18.30221939086914,0.0
2017-10-17,18.21902656555176,0.0
2017-10-18,18.34381484985352,0.0
2017-10-19,18.30221939086914,0.0
2017-10-20,18.26062393188477,0.0
2017-10-23,18.21902656555176,0.0
2017-10-24,18.26062393188477,0.0
2017-10-25,18.30221939086914,0.0
2017-10-26,18.26062393188477,0.0
2017-10-27,18.26062393188477,0.0
2017-10-30,18.21902656555176,0.0
2017-10-31,18.21902656555176,0.0
2017-11-01,18.21902656555176,0.0
2017-11-02,18.30221939086914,0.0
2017-11-03,18.135835647583008,0.0
2017-11-06,18.26062393188477,0.0
2017-11-07,18.09423828125,0.0
2017-11-08,18.135835647583008,0.0
2017-11-09,18.09423828125,0.0
2017-11-10,18.052642822265625,0.0
2017-11-13,18.052642822265625,0.0
2017-11-14,17.969451904296875,0.0
2017-11-15,17.844663619995117,0.0
2017-11-16,18.34381484985352,0.0
2017-11-17,18.177431106567383,0.0
2017-11-20,18.46860313415528,0.0
2017-11-21,18.46860313415528,0.0
2017-11-22,18.4270076751709,0.0
2017-11-23,18.21902656555176,0.0
2017-11-24,18.34381484985352,0.0
2017-11-27,18.21902656555176,0.0
2017-11-28,18.30221939086914,0.0
2017-11-29,18.30221939086914,0.0
2017-11-30,18.21902656555176,0.0
2017-12-01,18.09423828125,0.0
2017-12-04,18.177431106567383,0.0
2017-12-05,18.01104736328125,0.0
2017-12-06,17.844663619995117,0.0
2017-12-07,17.886259078979492,0.0
2017-12-08,17.844663619995117,0.0
2017-12-11,17.803068161010742,0.0
2017-12-12,17.5950870513916,0.0
2017-12-13,17.803068161010742,0.0
2017-12-14,17.803068161010742,0.0
2017-12-15,17.803068161010742,0.0
2017-12-18,17.927854537963867,0.0
2017-12-19,17.927854537963867,0.0
2017-12-20,17.844663619995117,0.0
2017-12-21,17.927854537963867,0.0
2017-12-22,17.969451904296875,0.0
2017-12-25,17.927854537963867,0.0
2017-12-26,17.63668441772461,0.0
2017-12-27,17.803068161010742,0.0
2017-12-28,17.886259078979492,0.0
2017-12-29,18.01104736328125,0.0
2018-01-02,18.135835647583008,0.0
2018-01-03,18.135835647583008,0.0
2018-01-04,18.052642822265625,0.0
2018-01-05,18.052642822265625,0.0
2018-01-08,18.30221939086914,0.0
2018-01-09,18.177431106567383,0.0
2018-01-10,18.30221939086914,0.0
2018-01-11,18.26062393188477,0.0
2018-01-12,18.26062393188477,0.0
2018-01-15,18.51019859313965,0.0
2018-01-16,18.634986877441406,0.0
2018-01-17,18.51019859313965,0.0
2018-01-18,18.51019859313965,0.0
2018-01-19,18.59339141845703,0.0
2018-01-22,18.88456153869629,0.0
2018-01-23,18.84296607971192,0.0
2018-01-24,18.67658233642578,0.0
2018-01-25,18.67658233642578,0.0
2018-01-26,18.759775161743164,0.0
2018-01-29,18.967754364013672,0.0
2018-01-30,18.88456153869629,0.0
2018-01-31,18.80137062072754,0.0
2018-02-01,18.759775161743164,0.0
2018-02-02,18.71817970275879,0.0
2018-02-05,18.46860313415528,0.0
2018-02-06,17.387107849121094,0.0
2018-02-07,17.886259078979492,0.0
2018-02-08,17.844663619995117,0.0
2018-02-09,17.63668441772461,0.0
2018-02-12,17.51189613342285,0.0
2018-02-21,17.761472702026367,0.0
2018-02-22,17.71987533569336,0.0
2018-02-23,17.63668441772461,0.0
2018-02-26,17.761472702026367,0.0
2018-02-27,17.761472702026367,0.0
2018-03-01,17.761472702026367,0.0
2018-03-02,17.5950870513916,0.0
2018-03-05,17.470300674438477,0.0
2018-03-06,17.553491592407227,0.0
2018-03-07,17.761472702026367,0.0
2018-03-08,17.844663619995117,0.0
2018-03-09,17.886259078979492,0.0
2018-03-12,17.969451904296875,0.0
2018-03-13,17.969451904296875,0.0
2018-03-14,17.886259078979492,0.0
2018-03-15,18.052642822265625,0.0
2018-03-16,18.01104736328125,0.0
2018-03-19,18.21902656555176,0.0
2018-03-20,18.09423828125,0.0
2018-03-21,18.01104736328125,0.0
2018-03-22,17.886259078979492,0.0
2018-03-23,17.71987533569336,0.0
2018-03-26,18.135835647583008,0.0
2018-03-27,18.135835647583008,0.0
2018-03-28,18.01104736328125,0.0
2018-03-29,19.799673080444336,0.0
2018-03-30,19.550098419189453,0.0
2018-04-02,19.799673080444336,0.0
2018-04-03,19.71648025512696,0.0
2018-04-09,20.589996337890625,0.0
2018-04-10,19.84126853942871,0.0
2018-04-11,20.04924964904785,0.0
2018-04-12,19.591693878173828,0.0
2018-04-13,19.300521850585938,0.0
2018-04-16,19.25892639160156,0.0
2018-04-17,18.71817970275879,0.0
2018-04-18,18.80137062072754,0.0
2018-04-19,19.009349822998047,0.0
2018-04-20,19.050945281982425,0.0
2018-04-23,19.96605682373047,0.0
2018-04-24,19.550098419189453,0.0
2018-04-25,19.799673080444336,0.0
2018-04-26,19.217330932617188,0.0
2018-04-27,19.300521850585938,0.0
2018-04-30,19.342117309570312,0.0
2018-05-02,19.300521850585938,0.0
2018-05-03,19.25892639160156,0.0
2018-05-04,18.84296607971192,0.0
2018-05-07,18.84296607971192,0.0
2018-05-08,18.88456153869629,0.0
2018-05-09,18.926158905029297,0.0
2018-05-10,19.009349822998047,0.0
2018-05-11,19.050945281982425,0.0
2018-05-14,18.967754364013672,0.0
2018-05-15,19.050945281982425,0.0
2018-05-16,19.009349822998047,0.0
2018-05-17,18.80137062072754,0.0
2018-05-18,18.67658233642578,0.0
2018-05-21,18.59339141845703,0.0
2018-05-22,18.634986877441406,0.0
2018-05-23,18.51019859313965,0.0
2018-05-24,18.551794052124023,0.0
2018-05-25,18.34381484985352,0.0
2018-05-28,18.30221939086914,0.0
2018-05-29,18.26062393188477,0.0
2018-05-30,18.30221939086914,0.0
2018-05-31,18.551794052124023,0.0
2018-06-01,18.71817970275879,0.0
2018-06-04,18.84296607971192,0.0
2018-06-05,18.84296607971192,0.0
2018-06-06,18.80137062072754,0.0
2018-06-07,18.67658233642578,0.0
2018-06-08,18.67658233642578,0.0
2018-06-11,18.71817970275879,0.0
2018-06-12,18.67658233642578,0.0
2018-06-13,18.67658233642578,0.0
2018-06-14,18.67658233642578,0.0
2018-06-15,18.38541030883789,0.0
2018-06-19,18.46860313415528,0.0
2018-06-20,18.21902656555176,0.0
2018-06-21,18.634986877441406,0.0
2018-06-22,18.551794052124023,0.0
2018-06-25,18.21902656555176,0.0
2018-06-26,18.01104736328125,0.0
2018-06-27,18.135835647583008,0.0
2018-06-28,18.135835647583008,0.0
2018-06-29,18.21902656555176,0.0
2018-07-02,18.21902656555176,0.0
2018-07-03,17.886259078979492,0.0
2018-07-04,17.803068161010742,0.0
2018-07-05,17.761472702026367,0.0
2018-07-06,17.886259078979492,0.0
2018-07-09,17.71987533569336,0.0
2018-07-10,17.761472702026367,0.0
2018-07-11,17.803068161010742,0.0
2018-07-12,18.135835647583008,0.0
2018-07-13,18.135835647583008,0.0
2018-07-16,18.135835647583008,0.0
2018-07-17,18.551794052124023,0.0
2018-07-18,18.4270076751709,0.0
2018-07-19,18.135835647583008,0.0
2018-07-20,17.927854537963867,0.0
2018-07-23,17.803068161010742,0.166384
2018-07-24,17.927854537963867,0.0
2018-07-25,17.803068161010742,0.0
2018-07-26,18.052642822265625,0.0
2018-07-27,18.052642822265625,0.0
2018-07-30,17.761472702026367,0.0
2018-07-31,17.927854537963867,0.0
2018-08-01,17.969451904296875,0.0
2018-08-02,17.844663619995117,0.0
2018-08-03,17.761472702026367,0.0
2018-08-06,17.886259078979492,0.0
2018-08-07,17.803068161010742,0.0
2018-08-08,17.761472702026367,0.0
2018-08-09,17.844663619995117,0.0
2018-08-10,17.71987533569336,0.0
2018-08-13,17.262319564819336,0.0
2018-08-14,17.470300674438477,0.0
2018-08-15,17.303916931152344,0.0
2018-08-16,17.095935821533203,0.0
2018-08-17,16.971149444580078,0.0
2018-08-20,16.804765701293945,0.0
2018-08-21,17.137531280517578,0.0
2018-08-22,17.012744903564453,0.0
2018-08-23,17.137531280517578,0.0
2018-08-24,17.054340362548828,0.0
2018-08-27,17.054340362548828,0.0
2018-08-28,17.054340362548828,0.0
2018-08-29,17.054340362548828,0.0
2018-08-30,17.054340362548828,0.0
2018-08-31,17.012744903564453,0.0
2018-09-03,16.971149444580078,0.0
2018-09-04,17.012744903564453,0.0
2018-09-05,17.22072410583496,0.0
2018-09-06,17.095935821533203,0.0
2018-09-07,17.179128646850586,0.0
2018-09-10,16.804765701293945,0.0
2018-09-11,16.887956619262695,0.0
2018-09-12,17.054340362548828,0.0
2018-09-13,17.137531280517578,0.0
2018-09-14,17.054340362548828,0.0
2018-09-17,17.095935821533203,0.0
2018-09-18,17.179128646850586,0.0
2018-09-19,17.22072410583496,0.0
2018-09-20,17.22072410583496,0.0
2018-09-21,17.22072410583496,0.0
2018-09-25,17.262319564819336,0.0
2018-09-26,17.179128646850586,0.0
2018-09-27,17.095935821533203,0.0
2018-09-28,17.137531280517578,0.0
2018-10-01,17.262319564819336,0.0
2018-10-02,17.179128646850586,0.0
2018-10-03,17.387107849121094,0.0
2018-10-04,17.303916931152344,0.0
2018-10-05,17.012744903564453,0.0
2018-10-08,17.137531280517578,0.0
2018-10-09,16.971149444580078,0.0
2018-10-11,15.432098388671877,0.0
2018-10-12,15.640077590942385,0.0
2018-10-15,15.889654159545898,0.0
2018-10-16,15.889654159545898,0.0
2018-10-17,15.972846031188965,0.0
2018-10-18,15.931249618530272,0.0
2018-10-19,15.640077590942385,0.0
2018-10-22,15.889654159545898,0.0
2018-10-23,15.640077590942385,0.0
2018-10-24,15.681674003601074,0.0
2018-10-25,15.390501976013184,0.0
2018-10-26,15.390501976013184,0.0
2018-10-29,15.348905563354492,0.0
2018-10-30,15.348905563354492,0.0
2018-10-31,15.47369384765625,0.0
2018-11-01,15.51529026031494,0.0
2018-11-02,15.51529026031494,0.0
2018-11-05,15.51529026031494,0.0
2018-11-06,16.222421646118164,0.0
2018-11-07,16.13922882080078,0.0
2018-11-08,16.05603790283203,0.0
2018-11-09,16.05603790283203,0.0
2018-11-12,16.305612564086914,0.0
2018-11-13,16.097633361816406,0.0
2018-11-14,16.05603790283203,0.0
2018-11-15,15.931249618530272,0.0
2018-11-16,16.097633361816406,0.0
2018-11-19,16.180824279785156,0.0
2018-11-20,16.26401710510254,0.0
2018-11-21,16.180824279785156,0.0
2018-11-22,16.222421646118164,0.0
2018-11-23,16.13922882080078,0.0
2018-11-26,16.347209930419922,0.0
2018-11-27,16.305612564086914,0.0
2018-11-28,16.305612564086914,0.0
2018-11-29,16.305612564086914,0.0
2018-11-30,16.305612564086914,0.0
2018-12-03,16.388805389404297,0.0
2018-12-04,16.471996307373047,0.0
2018-12-05,16.513593673706055,0.0
2018-12-06,16.63838005065918,0.0
2018-12-07,16.804765701293945,0.0
2018-12-10,16.55518913269043,0.0
2018-12-11,16.721572875976562,0.0
2018-12-12,16.721572875976562,0.0
2018-12-13,16.763168334960938,0.0
2018-12-14,16.63838005065918,0.0
2018-12-17,16.63838005065918,0.0
2018-12-18,16.471996307373047,0.0
2018-12-19,16.222421646118164,0.0
2018-12-20,16.222421646118164,0.0
2018-12-21,16.13922882080078,0.0
2018-12-24,16.13922882080078,0.0
2018-12-25,15.972846031188965,0.0
2018-12-26,16.13922882080078,0.0
2018-12-27,16.097633361816406,0.0
2018-12-28,16.05603790283203,0.0
2019-01-02,16.05603790283203,0.0
2019-01-03,16.305612564086914,0.0
2019-01-04,16.222421646118164,0.0
2019-01-07,16.222421646118164,0.0
2019-01-08,16.513593673706055,0.0
2019-01-09,16.471996307373047,0.0
2019-01-10,16.471996307373047,0.0
2019-01-11,16.471996307373047,0.0
2019-01-14,16.513593673706055,0.0
2019-01-15,16.388805389404297,0.0
2019-01-16,16.222421646118164,0.0
2019-01-17,16.347209930419922,0.0
2019-01-18,16.513593673706055,0.0
2019-01-21,16.55518913269043,0.0
2019-01-22,16.55518913269043,0.0
2019-01-23,16.84636116027832,0.0
2019-01-24,16.721572875976562,0.0
2019-01-25,16.763168334960938,0.0
2019-01-28,16.679977416992188,0.0
2019-01-29,16.63838005065918,0.0
2019-01-30,16.63838005065918,0.0
2019-02-11,16.471996307373047,0.0
2019-02-12,16.763168334960938,0.0
2019-02-13,16.679977416992188,0.0
2019-02-14,16.721572875976562,0.0
2019-02-15,16.679977416992188,0.0
2019-02-18,16.804765701293945,0.0
2019-02-19,16.804765701293945,0.0
2019-02-20,16.84636116027832,0.0
2019-02-21,16.84636116027832,0.0
2019-02-22,16.763168334960938,0.0
2019-02-25,16.721572875976562,0.0
2019-02-26,16.63838005065918,0.0
2019-02-27,16.721572875976562,0.0
2019-03-04,16.721572875976562,0.0
2019-03-05,16.763168334960938,0.0
2019-03-06,16.721572875976562,0.0
2019-03-07,16.804765701293945,0.0
2019-03-08,16.721572875976562,0.0
2019-03-11,16.679977416992188,0.0
2019-03-12,16.971149444580078,0.0
2019-03-13,16.84636116027832,0.0
2019-03-14,17.012744903564453,0.0
2019-03-15,17.012744903564453,0.0
2019-03-18,16.971149444580078,0.0
2019-03-19,17.22072410583496,0.0
2019-03-20,17.303916931152344,0.0
2019-03-21,17.22072410583496,0.0
2019-03-22,17.179128646850586,0.0
2019-03-25,16.971149444580078,0.0
2019-03-26,17.012744903564453,0.0
2019-03-27,16.887956619262695,0.0
2019-03-28,16.887956619262695,0.0
2019-03-29,16.887956619262695,0.0
2019-04-01,16.84636116027832,0.0
2019-04-02,16.763168334960938,0.0
2019-04-03,16.804765701293945,0.0
2019-04-08,16.84636116027832,0.0
2019-04-09,16.887956619262695,0.0
2019-04-10,16.971149444580078,0.0
2019-04-11,16.92955207824707,0.0
2019-04-12,16.804765701293945,0.0
2019-04-15,16.84636116027832,0.0
2019-04-16,16.679977416992188,0.0
2019-04-17,16.679977416992188,0.0
2019-04-18,16.63838005065918,0.0
2019-04-19,16.63838005065918,0.0
2019-04-22,16.63838005065918,0.0
2019-04-23,16.679977416992188,0.0
2019-04-24,16.887956619262695,0.0
2019-04-25,16.887956619262695,0.0
2019-04-26,16.84636116027832,0.0
2019-04-29,16.679977416992188,0.0
2019-04-30,16.679977416992188,0.0
2019-05-02,16.763168334960938,0.0
2019-05-03,16.679977416992188,0.0
2019-05-06,16.63838005065918,0.0
2019-05-07,16.63838005065918,0.0
2019-05-08,16.55518913269043,0.0
2019-05-09,16.347209930419922,0.0
2019-05-10,16.388805389404297,0.0
2019-05-13,16.222421646118164,0.0
2019-05-14,16.347209930419922,0.0
2019-05-15,16.347209930419922,0.0
2019-05-16,16.305612564086914,0.0
2019-05-17,15.972846031188965,0.0
2019-05-20,15.972846031188965,0.0
2019-05-21,16.014442443847656,0.0
2019-05-22,16.014442443847656,0.0
2019-05-23,16.05603790283203,0.0
2019-05-24,15.931249618530272,0.0
2019-05-27,15.972846031188965,0.0
2019-05-28,15.931249618530272,0.0
2019-05-29,15.889654159545898,0.0
2019-05-30,16.014442443847656,0.0
2019-05-31,16.097633361816406,0.0
2019-06-03,16.097633361816406,0.0
2019-06-04,16.097633361816406,0.0
2019-06-05,16.222421646118164,0.0
2019-06-06,16.13922882080078,0.0
2019-06-10,16.014442443847656,0.0
2019-06-11,16.097633361816406,0.0
2019-06-12,16.014442443847656,0.0
2019-06-13,15.848057746887209,0.0
2019-06-14,15.931249618530272,0.0
2019-06-17,16.13922882080078,0.0
2019-06-18,16.097633361816406,0.0
2019-06-19,16.180824279785156,0.0
2019-06-20,16.347209930419922,0.0
2019-06-21,16.26401710510254,0.0
2019-06-24,16.222421646118164,0.0
2019-06-25,16.26401710510254,0.0
2019-06-26,16.180824279785156,0.0
2019-06-27,16.097633361816406,0.0
2019-06-28,16.26401710510254,0.0
2019-07-01,16.222421646118164,0.0
2019-07-02,16.388805389404297,0.0
2019-07-03,16.513593673706055,0.0
2019-07-04,16.471996307373047,0.0
2019-07-05,16.63838005065918,0.0
2019-07-08,16.596784591674805,0.0
2019-07-09,16.55518913269043,0.0
2019-07-10,16.596784591674805,0.0
2019-07-11,16.55518913269043,0.0
2019-07-12,16.55518913269043,0.0
2019-07-15,16.471996307373047,0.0
2019-07-16,16.471996307373047,0.0
2019-07-17,16.471996307373047,0.083192
2019-07-18,16.63838005065918,0.0
2019-07-19,16.679977416992188,0.0
2019-07-22,16.63838005065918,0.0
2019-07-23,17.012744903564453,0.0
2019-07-24,17.012744903564453,0.0
2019-07-25,16.971149444580078,0.0
2019-07-26,16.971149444580078,0.0
2019-07-29,17.137531280517578,0.0
2019-07-30,16.84636116027832,0.0
2019-07-31,16.721572875976562,0.0
2019-08-01,16.721572875976562,0.0
2019-08-02,16.513593673706055,0.0
2019-08-05,16.388805389404297,0.0
2019-08-06,16.305612564086914,0.0
2019-08-07,16.347209930419922,0.0
2019-08-08,16.388805389404297,0.0
2019-08-12,16.305612564086914,0.0
2019-08-13,16.26401710510254,0.0
2019-08-14,16.180824279785156,0.0
2019-08-15,16.014442443847656,0.0
2019-08-16,16.180824279785156,0.0
2019-08-19,16.13922882080078,0.0
2019-08-20,16.097633361816406,0.0
2019-08-21,16.05603790283203,0.0
2019-08-22,16.05603790283203,0.0
2019-08-23,15.972846031188965,0.0
2019-08-26,15.889654159545898,0.0
2019-08-27,15.889654159545898,0.0
2019-08-28,15.889654159545898,0.0
2019-08-29,15.889654159545898,0.0
2019-08-30,16.014442443847656,0.0
2019-09-02,16.05603790283203,0.0
2019-09-03,16.014442443847656,0.0
2019-09-04,16.05603790283203,0.0
2019-09-05,16.05603790283203,0.0
2019-09-06,16.05603790283203,0.0
2019-09-10,15.931249618530272,0.0
2019-09-11,15.931249618530272,0.0
2019-09-12,15.972846031188965,0.0
2019-09-16,15.972846031188965,0.0
2019-09-17,15.972846031188965,0.0
2019-09-18,16.180824279785156,0.0
2019-09-19,16.097633361816406,0.0
2019-09-20,16.13922882080078,0.0
2019-09-23,16.097633361816406,0.0
2019-09-24,16.13922882080078,0.0
2019-09-25,16.13922882080078,0.0
2019-09-26,16.097633361816406,0.0
2019-09-27,16.097633361816406,0.0
2019-10-01,16.13922882080078,0.0
2019-10-02,15.931249618530272,0.0
2019-10-03,16.014442443847656,0.0
2019-10-04,15.931249618530272,0.0
2019-10-07,15.889654159545898,0.0
2019-10-08,15.931249618530272,0.0
2019-10-09,15.889654159545898,0.0
2019-10-14,15.889654159545898,0.0
2019-10-15,16.180824279785156,0.0
2019-10-16,16.05603790283203,0.0
2019-10-17,16.014442443847656,0.0
2019-10-18,15.972846031188965,0.0
2019-10-21,16.014442443847656,0.0
2019-10-22,16.05603790283203,0.0
2019-10-23,16.05603790283203,0.0
2019-10-24,16.014442443847656,0.0
2019-10-25,15.972846031188965,0.0
2019-10-28,16.014442443847656,0.0
2019-10-29,16.014442443847656,0.0
2019-10-30,16.014442443847656,0.0
2019-10-31,16.13922882080078,0.0
2019-11-01,16.097633361816406,0.0
2019-11-04,16.180824279785156,0.0
2019-11-05,16.180824279785156,0.0
2019-11-06,16.014442443847656,0.0
2019-11-07,15.972846031188965,0.0
2019-11-08,15.931249618530272,0.0
2019-11-11,15.806462287902832,0.0
2019-11-12,15.806462287902832,0.0
2019-11-13,15.806462287902832,0.0
2019-11-14,15.806462287902832,0.0
2019-11-15,15.806462287902832,0.0
2019-11-18,15.76486587524414,0.0
2019-11-19,15.76486587524414,0.0
2019-11-20,15.889654159545898,0.0
2019-11-21,15.848057746887209,0.0
2019-11-22,15.848057746887209,0.0
2019-11-25,15.931249618530272,0.0
2019-11-26,15.931249618530272,0.0
2019-11-27,15.972846031188965,0.0
2019-11-28,16.05603790283203,0.0
2019-11-29,15.931249618530272,0.0
2019-12-02,15.931249618530272,0.0
2019-12-03,15.806462287902832,0.0
2019-12-04,15.806462287902832,0.0
2019-12-05,15.848057746887209,0.0
2019-12-06,15.848057746887209,0.0
2019-12-09,15.806462287902832,0.0
2019-12-10,15.76486587524414,0.0
2019-12-11,15.972846031188965,0.0
2019-12-12,15.931249618530272,0.0
2019-12-13,15.806462287902832,0.0
2019-12-16,15.806462287902832,0.0
2019-12-17,15.889654159545898,0.0
2019-12-18,15.972846031188965,0.0
2019-12-19,16.305612564086914,0.0
2019-12-20,16.180824279785156,0.0
2019-12-23,16.26401710510254,0.0
2019-12-24,16.222421646118164,0.0
2019-12-25,16.05603790283203,0.0
2019-12-26,16.014442443847656,0.0
2019-12-27,16.05603790283203,0.0
2019-12-30,15.972846031188965,0.0
2019-12-31,16.13922882080078,0.0
2020-01-02,16.13922882080078,0.0
2020-01-03,16.13922882080078,0.0
2020-01-06,16.097633361816406,0.0
2020-01-07,16.05603790283203,0.0
2020-01-08,15.931249618530272,0.0
2020-01-09,15.931249618530272,0.0
2020-01-10,16.05603790283203,0.0
2020-01-13,16.13922882080078,0.0
2020-01-14,16.05603790283203,0.0
2020-01-15,16.222421646118164,0.0
2020-01-16,16.180824279785156,0.0
2020-01-17,16.305612564086914,0.0
2020-01-20,16.55518913269043,0.0
2020-01-30,18.177431106567383,0.0
2020-01-31,19.42531013488769,0.0
2020-02-03,21.33872413635254,0.0
2020-02-04,20.007652282714844,0.0
2020-02-05,18.634986877441406,0.0
2020-02-06,18.135835647583008,0.0
2020-02-07,18.88456153869629,0.0
2020-02-10,18.551794052124023,0.0
2020-02-11,18.30221939086914,0.0
2020-02-12,18.01104736328125,0.0
2020-02-13,17.844663619995117,0.0
2020-02-14,17.71987533569336,0.0
2020-02-17,18.052642822265625,0.0
2020-02-18,17.927854537963867,0.0
2020-02-19,17.969451904296875,0.0
2020-02-20,17.969451904296875,0.0
2020-02-21,18.135835647583008,0.0
2020-02-24,18.46860313415528,0.0
2020-02-25,17.886259078979492,0.0
2020-02-26,17.553491592407227,0.0
2020-02-27,17.22072410583496,0.0
2020-03-02,16.887956619262695,0.0
2020-03-03,17.22072410583496,0.0
2020-03-04,17.012744903564453,0.0
2020-03-05,17.179128646850586,0.0
2020-03-06,18.052642822265625,0.0
2020-03-09,17.51189613342285,0.0
2020-03-10,17.179128646850586,0.0
2020-03-11,17.012744903564453,0.0
2020-03-12,16.014442443847656,0.0
2020-03-13,14.724967002868652,0.0
2020-03-16,14.600178718566896,0.0
2020-03-17,13.518684387207031,0.0
2020-03-18,12.97793674468994,0.0
2020-03-19,11.730057716369627,0.0
2020-03-20,12.47878646850586,0.0
2020-03-23,12.645169258117676,0.0
2020-03-24,12.97793674468994,0.0
2020-03-25,13.47708797454834,0.0
2020-03-26,13.601876258850098,0.0
2020-03-27,13.685068130493164,0.0
2020-03-30,13.893048286437988,0.0
2020-03-31,13.851451873779297,0.0
2020-04-01,13.934643745422363,0.0
2020-04-06,14.433794975280762,0.0
2020-04-07,14.475391387939451,0.0
2020-04-08,14.932947158813477,0.0
2020-04-09,14.80815887451172,0.0
2020-04-10,14.932947158813477,0.0
2020-04-13,15.1409273147583,0.0
2020-04-14,15.22411823272705,0.0
2020-04-15,15.307310104370115,0.0
2020-04-16,15.848057746887209,0.0
2020-04-17,15.51529026031494,0.0
2020-04-20,15.76486587524414,0.0
2020-04-21,15.057735443115234,0.0
2020-04-22,15.182522773742676,0.0
2020-04-23,15.640077590942385,0.0
2020-04-24,15.681674003601074,0.0
2020-04-27,15.931249618530272,0.0
2020-04-28,15.972846031188965,0.0
2020-04-29,15.972846031188965,0.0
2020-04-30,16.26401710510254,0.0
2020-05-04,16.55518913269043,0.0
2020-05-05,17.22072410583496,0.0
2020-05-06,17.63668441772461,0.0
2020-05-07,17.553491592407227,0.0
2020-05-08,17.179128646850586,0.0
2020-05-11,17.22072410583496,0.0
2020-05-12,17.137531280517578,0.0
2020-05-13,17.34551239013672,0.0
2020-05-14,16.92955207824707,0.0
2020-05-15,16.887956619262695,0.0
2020-05-18,17.42870330810547,0.0
2020-05-19,17.303916931152344,0.0
2020-05-20,17.179128646850586,0.0
2020-05-21,17.42870330810547,0.0
2020-05-22,17.179128646850586,0.0
2020-05-25,18.88456153869629,0.0
2020-05-26,19.799673080444336,0.0
2020-05-27,18.759775161743164,0.0
2020-05-28,18.21902656555176,0.0
2020-05-29,18.34381484985352,0.0
2020-06-01,18.51019859313965,0.0
2020-06-02,18.135835647583008,0.0
2020-06-03,18.26062393188477,0.0
2020-06-04,18.135835647583008,0.0
2020-06-05,18.34381484985352,0.0
2020-06-08,18.51019859313965,0.0
2020-06-09,19.96605682373047,0.0
2020-06-10,20.29882431030273,0.0
2020-06-11,20.506805419921875,0.0
2020-06-12,20.090845108032227,0.0
2020-06-15,21.21393585205078,0.0
2020-06-16,21.25553131103516,0.0
2020-06-17,23.376924514770508,0.0
2020-06-18,25.706298828125,0.0
2020-06-19,25.872682571411133,0.0
2020-06-22,28.451631546020508,0.0
2020-06-23,28.950782775878903,0.0
2020-06-24,27.370136260986328,0.0
2020-06-29,28.160459518432617,0.0
2020-06-30,27.869287490844727,0.0
2020-07-01,28.49322891235352,0.0
2020-07-02,31.321752548217773,0.0
2020-07-03,34.44144821166992,0.0
2020-07-06,37.852317810058594,0.0
2020-07-07,41.59595489501953,0.0
2020-07-08,45.75554656982422,0.0
2020-07-09,50.33110427856445,0.0
2020-07-10,55.32261657714844,0.0
2020-07-13,49.91514587402344,0.0
2020-07-14,44.92362976074219,0.0
2020-07-15,41.01361083984375,0.0
2020-07-16,38.018699645996094,0.0
2020-07-17,34.23346710205078,0.0
2020-07-20,30.82260131835937,0.0
2020-07-21,29.366743087768555,0.0
2020-07-22,32.27845764160156,0.0
2020-07-23,34.108680725097656,0.166384
2020-07-24,32.777610778808594,0.0
2020-07-27,29.78270149230957,0.0
2020-07-28,26.829389572143555,0.0
2020-07-29,29.491531372070312,0.0
2020-07-30,32.40324783325195,0.0
2020-07-31,34.77421569824219,0.0
2020-08-03,35.522945404052734,0.0
2020-08-04,36.52124786376953,0.0
2020-08-05,40.14009475708008,0.0
2020-08-06,39.266578674316406,0.0
2020-08-07,39.93211364746094,0.0
2020-08-10,39.84892272949219,0.0
2020-08-11,39.84892272949219,0.0
2020-08-12,43.75894165039063,0.0
2020-08-13,43.17659759521485,0.0
2020-08-14,42.76063919067383,0.0
2020-08-17,40.2648811340332,0.0
2020-08-18,40.80562973022461,0.0
2020-08-19,40.01530838012695,0.0
2020-08-20,36.39645767211914,0.0
2020-08-21,37.10358810424805,0.0
2020-08-24,36.97880172729492,0.0
2020-08-25,36.18848037719727,0.0
2020-08-26,39.80732727050781,0.0
2020-08-27,38.26827621459961,0.0
2020-08-28,38.39306640625,0.0
2020-08-31,38.35146713256836,0.0
2020-09-01,37.7275276184082,0.0
2020-09-02,37.76912689208984,0.0
2020-09-03,36.77082061767578,0.0
2020-09-04,36.18848037719727,0.0
2020-09-07,35.606136322021484,0.0
2020-09-08,36.18848037719727,0.0
2020-09-09,35.314964294433594,0.0
2020-09-10,34.77421569824219,0.0
2020-09-11,33.56793212890625,0.0
2020-09-14,33.69272232055664,0.0
2020-09-15,35.1901741027832,0.0
2020-09-16,33.77591323852539,0.0
2020-09-17,34.4830436706543,0.0
2020-09-18,34.98219680786133,0.0
2020-09-21,34.56623840332031,0.0
2020-09-22,34.108680725097656,0.0
2020-09-23,32.44484329223633,0.0
2020-09-24,31.737712860107425,0.0
2020-09-25,31.15536880493164,0.0
2020-09-28,31.321752548217773,0.0
2020-09-29,30.697813034057617,0.0
2020-09-30,31.238561630249023,0.0
2020-10-05,30.2818546295166,0.0
2020-10-06,31.737712860107425,0.0
2020-10-07,31.404943466186523,0.0
2020-10-08,30.11547088623047,0.0
2020-10-12,29.533126831054688,0.0
2020-10-13,29.78270149230957,0.0
2020-10-14,29.949085235595703,0.0
2020-10-15,29.574722290039062,0.0
2020-10-16,29.32514762878418,0.0
2020-10-19,29.200359344482425,0.0
2020-10-20,29.2419548034668,0.0
2020-10-21,29.69951057434082,0.0
2020-10-22,28.950782775878903,0.0
2020-10-23,29.40833854675293,0.0
2020-10-26,28.11886405944824,0.0
2020-10-27,28.24365234375,0.0
2020-10-28,28.202056884765625,0.0
2020-10-29,27.7445011138916,0.0
2020-10-30,26.2054500579834,0.0
2020-11-02,27.702905654907227,0.0
2020-11-03,27.702905654907227,0.0
2020-11-04,27.619712829589844,0.0
2020-11-05,27.994075775146484,0.0
2020-11-06,27.619712829589844,0.0
2020-11-09,27.82769203186035,0.0
2020-11-10,27.120561599731445,0.0
2020-11-11,27.619712829589844,0.0
2020-11-12,26.746198654174805,0.0
2020-11-13,27.370136260986328,0.0
2020-11-16,26.995773315429688,0.0
2020-11-17,26.7046012878418,0.0
2020-11-18,28.659610748291016,0.0
2020-11-19,27.619712829589844,0.0
2020-11-20,27.28694534301757,0.0
2020-11-23,27.07896423339844,0.0
2020-11-24,26.7046012878418,0.0
2020-11-25,26.7046012878418,0.0
2020-11-26,26.413429260253903,0.0
2020-11-27,26.78779411315918,0.0
2020-11-30,26.746198654174805,0.0
2020-12-01,26.49662208557129,0.0
2020-12-02,26.28864288330078,0.0
2020-12-03,25.95587539672852,0.0
2020-12-04,25.33193588256836,0.0
2020-12-07,24.375228881835938,0.0
2020-12-08,25.2071475982666,0.0
2020-12-09,24.79118728637696,0.0
2020-12-10,24.458419799804688,0.0
2020-12-11,24.54161262512207,0.0
2020-12-14,24.874380111694336,0.0
2020-12-15,24.125652313232425,0.0
2020-12-16,24.458419799804688,0.0
2020-12-17,24.666400909423828,0.0
2020-12-18,24.83278465270996,0.0
2020-12-21,24.79118728637696,0.0
2020-12-22,27.245349884033203,0.0
2020-12-23,25.706298828125,0.0
2020-12-24,24.999168395996094,0.0
2020-12-25,24.91597557067871,0.0
2020-12-28,24.91597557067871,0.0
2020-12-29,24.95757293701172,0.0
2020-12-30,25.37353134155273,0.0
2020-12-31,25.74789428710937,0.0
2021-01-04,25.29033851623535,0.0
2021-01-05,25.04076385498047,0.0
2021-01-06,24.500015258789062,0.0
2021-01-07,24.54161262512207,0.0
2021-01-08,24.33363151550293,0.0
2021-01-11,24.16724967956543,0.0
2021-01-12,25.248743057250977,0.0
2021-01-13,24.33363151550293,0.0
2021-01-14,24.16724967956543,0.0
2021-01-15,23.75128936767578,0.0
2021-01-18,24.084056854248047,0.0
2021-01-19,24.042461395263672,0.0
2021-01-20,24.292036056518555,0.0
2021-01-21,23.79288482666016,0.0
2021-01-22,23.002561569213867,0.0
2021-01-25,24.292036056518555,0.0
2021-01-26,23.83448028564453,0.0
2021-01-27,23.41852188110352,0.0
2021-01-28,23.044158935546875,0.0
2021-01-29,22.21223831176757,0.0
2021-02-01,22.170642852783203,0.0
2021-02-02,22.58660125732422,0.0
2021-02-03,22.545005798339844,0.0
2021-02-04,22.545005798339844,0.0
2021-02-05,22.79458236694336,0.0
2021-02-17,22.711389541625977,0.0
2021-02-18,23.54330825805664,0.0
2021-02-19,25.29033851623535,0.0
2021-02-22,27.786096572875977,0.0
2021-02-23,25.95587539672852,0.0
2021-02-24,26.122257232666016,0.0
2021-02-25,26.28864288330078,0.0
2021-02-26,26.122257232666016,0.0
2021-03-02,25.706298828125,0.0
2021-03-03,25.706298828125,0.0
2021-03-04,25.33193588256836,0.0
2021-03-05,25.58151054382324,0.0
2021-03-08,25.664703369140625,0.0
2021-03-09,25.58151054382324,0.0
2021-03-10,25.539915084838867,0.0
2021-03-11,25.62310791015625,0.0
2021-03-12,25.49831962585449,0.0
2021-03-15,25.41512680053711,0.0
2021-03-16,25.37353134155273,0.0
2021-03-17,26.413429260253903,0.0
2021-03-18,26.413429260253903,0.0
2021-03-19,25.872682571411133,0.0
2021-03-22,25.789491653442383,0.0
2021-03-23,25.872682571411133,0.0
2021-03-24,26.039066314697266,0.0
2021-03-25,25.95587539672852,0.0
2021-03-26,25.872682571411133,0.0
2021-03-29,26.247045516967773,0.0
2021-03-30,26.28864288330078,0.0
2021-03-31,26.08066177368164,0.0
2021-04-01,26.039066314697266,0.0
2021-04-07,25.83108711242676,0.0
2021-04-08,25.872682571411133,0.0
2021-04-09,25.95587539672852,0.0
2021-04-12,26.829389572143555,0.0
2021-04-13,26.413429260253903,0.0
2021-04-14,25.74789428710937,0.0
2021-04-15,25.83108711242676,0.0
2021-04-16,25.99747085571289,0.0
2021-04-19,25.91427993774414,0.0
2021-04-20,26.163854598999023,0.0
2021-04-21,26.28864288330078,0.0
2021-04-22,25.789491653442383,0.0
2021-04-23,25.664703369140625,0.0
2021-04-26,25.664703369140625,0.0
2021-04-27,25.99747085571289,0.0
2021-04-28,25.74789428710937,0.0
2021-04-29,25.74789428710937,0.0
2021-05-03,26.039066314697266,0.0
2021-05-04,24.125652313232425,0.0
2021-05-05,24.084056854248047,0.0
2021-05-06,23.87607765197754,0.0
2021-05-07,24.25044059753418,0.0
2021-05-10,24.458419799804688,0.0
2021-05-11,23.95926856994629,0.0
2021-05-12,26.33023834228516,0.0
2021-05-13,28.950782775878903,0.0
2021-05-14,26.28864288330078,0.0
2021-05-17,28.90918731689453,0.0
2021-05-18,28.24365234375,0.0
2021-05-19,26.621410369873047,0.0
2021-05-20,26.08066177368164,0.0
2021-05-21,26.413429260253903,0.0
2021-05-24,26.33023834228516,0.0
2021-05-25,25.83108711242676,0.0
2021-05-26,26.08066177368164,0.0
2021-05-27,26.039066314697266,0.0
2021-05-28,25.872682571411133,0.0
2021-05-31,25.33193588256836,0.0
2021-06-01,25.33193588256836,0.0
2021-06-02,24.999168395996094,0.0
2021-06-03,25.1655502319336,0.0
2021-06-04,25.41512680053711,0.0
2021-06-07,26.122257232666016,0.0
2021-06-08,26.28864288330078,0.0
2021-06-09,26.122257232666016,0.0
2021-06-10,26.247045516967773,0.0
2021-06-11,25.74789428710937,0.0
2021-06-15,25.248743057250977,0.0
2021-06-16,25.12395477294922,0.0
2021-06-17,25.1655502319336,0.0
2021-06-18,24.999168395996094,0.0
2021-06-21,24.666400909423828,0.0
2021-06-22,24.458419799804688,0.0
2021-06-23,24.62480354309082,0.0
2021-06-24,24.91597557067871,0.0
2021-06-25,24.874380111694336,0.0
2021-06-28,24.666400909423828,0.0
2021-06-29,24.458419799804688,0.0
2021-06-30,24.416824340820312,0.0
2021-07-01,24.16724967956543,0.0
2021-07-02,24.16724967956543,0.0
2021-07-05,24.458419799804688,0.0
2021-07-06,24.16724967956543,0.0
2021-07-07,24.084056854248047,0.0
2021-07-08,24.16724967956543,0.0
2021-07-09,24.16724967956543,0.0
2021-07-12,24.292036056518555,0.0
2021-07-13,24.042461395263672,0.0
2021-07-14,23.709693908691406,0.0
2021-07-15,23.95926856994629,0.0
2021-07-16,24.000865936279297,0.0
2021-07-19,24.707996368408203,0.0
2021-07-20,24.458419799804688,0.0
2021-07-21,23.95926856994629,0.0
2021-07-22,23.91767311096192,0.0
2021-07-23,24.125652313232425,0.0
2021-07-26,24.084056854248047,0.0
2021-07-27,24.292036056518555,0.0
2021-07-28,24.042461395263672,0.0
2021-07-29,24.458419799804688,0.0
2021-07-30,24.458419799804688,0.0
2021-08-02,26.87098503112793,0.0
2021-08-03,29.533126831054688,0.0
2021-08-04,32.4864387512207,0.0
2021-08-05,35.73092269897461,0.0
2021-08-06,36.47965240478516,0.0
2021-08-09,35.35655975341797,0.0
2021-08-10,31.82090377807617,0.0
2021-08-11,30.19866180419922,0.0
2021-08-12,32.44484329223633,0.0
2021-08-13,32.777610778808594,0.0
2021-08-16,31.07217788696289,0.0
2021-08-17,31.07217788696289,0.0
2021-08-18,29.949085235595703,0.0
2021-08-19,30.157066345214844,0.0
2021-08-20,33.151973724365234,0.0
2021-08-23,33.151973724365234,0.0
2021-08-24,30.905792236328125,0.0
2021-08-25,30.65621757507324,0.0
2021-08-26,31.65452003479004,0.0
2021-08-27,31.113773345947266,0.0
2021-08-30,31.612924575805664,0.0
2021-08-31,31.030580520629883,0.166384
2021-09-01,30.781005859375,0.0
2021-09-02,30.03227806091309,0.0
2021-09-03,29.2419548034668,0.0
2021-09-06,29.200359344482425,0.0
2021-09-07,31.030580520629883,0.0
2021-09-08,30.48983383178711,0.0
2021-09-09,30.03227806091309,0.0
2021-09-10,29.69951057434082,0.0
2021-09-13,32.65282440185547,0.0
2021-09-14,31.196964263916016,0.0
2021-09-15,31.65452003479004,0.0
2021-09-16,31.52973175048828,0.0
2021-09-17,31.113773345947266,0.0
2021-09-22,30.82260131835937,0.0
2021-09-23,31.488136291503903,0.0
2021-09-24,33.27676010131836,0.0
2021-09-27,32.15367126464844,0.0
2021-09-28,32.777610778808594,0.0
2021-09-29,35.10698318481445,0.0
2021-09-30,33.85910415649414,0.0
2021-10-01,33.19356918334961,0.0
2021-10-04,30.2818546295166,0.0
2021-10-05,31.196964263916016,0.0
2021-10-06,30.697813034057617,0.0
2021-10-07,31.571327209472656,0.0
2021-10-08,30.86419677734375,0.0
2021-10-12,31.196964263916016,0.0
2021-10-13,30.82260131835937,0.0
2021-10-14,32.02888488769531,0.0
2021-10-15,31.488136291503903,0.0
2021-10-18,31.44654083251953,0.0
2021-10-19,32.02888488769531,0.0
2021-10-20,32.694419860839844,0.0
2021-10-21,32.694419860839844,0.0
2021-10-22,29.449935913085938,0.0
2021-10-25,26.538217544555664,0.0
2021-10-26,24.042461395263672,0.0
2021-10-27,24.33363151550293,0.0
2021-10-28,24.20884323120117,0.0
2021-10-29,24.292036056518555,0.0
2021-11-01,24.000865936279297,0.0
2021-11-02,23.95926856994629,0.0
2021-11-03,24.416824340820312,0.0
2021-11-04,24.79118728637696,0.0
2021-11-05,25.04076385498047,0.0
2021-11-08,24.74959182739257,0.0
2021-11-09,25.2071475982666,0.0
2021-11-10,24.83278465270996,0.0
2021-11-11,24.292036056518555,0.0
2021-11-12,24.20884323120117,0.0
2021-11-15,24.33363151550293,0.0
2021-11-16,24.62480354309082,0.0
2021-11-17,24.084056854248047,0.0
2021-11-18,24.25044059753418,0.0
2021-11-19,24.042461395263672,0.0
2021-11-22,24.042461395263672,0.0
2021-11-23,23.83448028564453,0.0
2021-11-24,24.20884323120117,0.0
2021-11-25,24.084056854248047,0.0
2021-11-26,24.125652313232425,0.0
2021-11-29,24.20884323120117,0.0
2021-11-30,24.084056854248047,0.0
2021-12-01,24.000865936279297,0.0
2021-12-02,23.87607765197754,0.0
2021-12-03,24.000865936279297,0.0
2021-12-06,23.91767311096192,0.0
2021-12-07,23.91767311096192,0.0
2021-12-08,24.042461395263672,0.0
2021-12-09,24.000865936279297,0.0
2021-12-10,24.16724967956543,0.0
2021-12-13,24.20884323120117,0.0
2021-12-14,23.87607765197754,0.0
2021-12-15,23.79288482666016,0.0
2021-12-16,23.79288482666016,0.0
2021-12-17,23.91767311096192,0.0
2021-12-20,23.91767311096192,0.0
2021-12-21,23.91767311096192,0.0
2021-12-22,24.042461395263672,0.0
2021-12-23,24.000865936279297,0.0
2021-12-24,23.87607765197754,0.0
2021-12-27,23.91767311096192,0.0
2021-12-28,23.91767311096192,0.0
2021-12-29,23.95926856994629,0.0
2021-12-30,24.042461395263672,0.0
2022-01-03,24.458419799804688,0.0
2022-01-04,24.33363151550293,0.0
2022-01-05,23.91767311096192,0.0
2022-01-06,23.95926856994629,0.0
2022-01-07,23.95926856994629,0.0
2022-01-10,24.042461395263672,0.0
2022-01-11,23.87607765197754,0.0
2022-01-12,23.95926856994629,0.0
2022-01-13,24.042461395263672,0.0
2022-01-14,23.79288482666016,0.0
2022-01-17,23.75128936767578,0.0
2022-01-18,23.376924514770508,0.0
2022-01-19,24.707996368408203,0.0
2022-01-20,24.707996368408203,0.0
2022-01-21,24.20884323120117,0.0
2022-01-24,23.95926856994629,0.0
2022-01-25,23.87607765197754,0.0
2022-01-26,23.75128936767578,0.0
2022-02-07,23.91767311096192,0.0
2022-02-08,24.25044059753418,0.0
2022-02-09,24.416824340820312,0.0
2022-02-10,24.416824340820312,0.0
2022-02-11,24.125652313232425,0.0
2022-02-14,23.87607765197754,0.0
2022-02-15,24.000865936279297,0.0
2022-02-16,24.125652313232425,0.0
2022-02-17,24.125652313232425,0.0
2022-02-18,23.95926856994629,0.0
2022-02-21,24.79118728637696,0.0
2022-02-22,24.95757293701172,0.0
2022-02-23,25.082359313964844,0.0
2022-02-24,23.709693908691406,0.0
2022-02-25,23.87607765197754,0.0
2022-03-01,23.91767311096192,0.0
2022-03-02,23.91767311096192,0.0
2022-03-03,23.87607765197754,0.0
2022-03-04,23.75128936767578,0.0
2022-03-07,23.376924514770508,0.0
2022-03-08,23.08575439453125,0.0
2022-03-09,23.044158935546875,0.0
2022-03-10,23.376924514770508,0.0
2022-03-11,23.210542678833008,0.0
2022-03-14,23.252138137817383,0.0
2022-03-15,22.96096611022949,0.0
2022-03-16,22.96096611022949,0.0
2022-03-17,23.252138137817383,0.0
2022-03-18,23.376924514770508,0.0
2022-03-21,23.41852188110352,0.0
2022-03-22,23.376924514770508,0.0
2022-03-23,23.54330825805664,0.0
2022-03-24,23.6680965423584,0.0
2022-03-25,23.58490562438965,0.0
2022-03-28,23.46011734008789,0.0
2022-03-29,23.6680965423584,0.0
2022-03-30,23.709693908691406,0.0
2022-03-31,23.501712799072266,0.0
2022-04-01,23.54330825805664,0.0
2022-04-06,23.91767311096192,0.0
2022-04-07,23.91767311096192,0.0
2022-04-08,24.74959182739257,0.0
2022-04-11,24.25044059753418,0.0
2022-04-12,23.501712799072266,0.0
2022-04-13,23.335329055786133,0.0
2022-04-14,23.46011734008789,0.0
2022-04-15,23.83448028564453,0.0
2022-04-18,26.2054500579834,0.0
2022-04-19,24.95757293701172,0.0
2022-04-20,25.12395477294922,0.0
2022-04-21,26.538217544555664,0.0
2022-04-22,27.411733627319336,0.0
2022-04-25,25.95587539672852,0.0
2022-04-26,24.54161262512207,0.0
2022-04-27,25.789491653442383,0.0
2022-04-28,25.37353134155273,0.0
2022-04-29,24.95757293701172,0.0
2022-05-03,24.54161262512207,0.0
2022-05-04,24.042461395263672,0.0
2022-05-05,24.33363151550293,0.0
2022-05-06,24.25044059753418,0.0
2022-05-09,23.709693908691406,0.0
2022-05-10,23.376924514770508,0.0
2022-05-11,23.08575439453125,0.0
2022-05-12,22.87777328491211,0.0
2022-05-13,23.127349853515625,0.0
2022-05-16,23.41852188110352,0.0
2022-05-17,23.376924514770508,0.0
2022-05-18,23.83448028564453,0.0
2022-05-19,23.210542678833008,0.0
2022-05-20,23.376924514770508,0.0
2022-05-23,23.29373359680176,0.0
2022-05-24,23.46011734008789,0.0
2022-05-25,23.46011734008789,0.0
2022-05-26,23.335329055786133,0.0
2022-05-27,23.252138137817383,0.0
2022-05-30,23.501712799072266,0.0
2022-05-31,23.29373359680176,0.0
2022-06-01,23.41852188110352,0.0
2022-06-02,23.29373359680176,0.0
2022-06-06,23.335329055786133,0.0
2022-06-07,23.501712799072266,0.0
2022-06-08,23.501712799072266,0.0
2022-06-09,23.58490562438965,0.0
2022-06-10,23.6680965423584,0.0
2022-06-13,23.252138137817383,0.0
2022-06-14,23.08575439453125,0.0
2022-06-15,23.58490562438965,0.0
2022-06-16,24.042461395263672,0.0
2022-06-17,23.709693908691406,0.0
2022-06-20,23.002561569213867,0.0
2022-06-21,24.000865936279297,0.0
2022-06-22,23.75128936767578,0.0
2022-06-23,24.20884323120117,0.0
2022-06-24,24.95757293701172,0.0
2022-06-27,25.04076385498047,0.0
2022-06-28,24.95757293701172,0.0
2022-06-29,25.29033851623535,0.0
2022-06-30,24.74959182739257,0.0
2022-07-01,23.87607765197754,0.0
2022-07-04,24.20884323120117,0.0
2022-07-05,24.91597557067871,0.0
2022-07-06,24.20884323120117,0.0
2022-07-07,24.95757293701172,0.0
2022-07-08,24.458419799804688,0.0
2022-07-11,23.91767311096192,0.0
2022-07-12,23.41852188110352,0.0
2022-07-13,23.501712799072266,0.0
2022-07-14,23.41852188110352,0.0
2022-07-15,23.335329055786133,0.0
2022-07-18,23.709693908691406,0.0
2022-07-19,23.75128936767578,0.0
2022-07-20,23.709693908691406,0.0
2022-07-21,23.54330825805664,0.166384
2022-07-22,23.58490562438965,0.0
2022-07-25,23.709693908691406,0.0
2022-07-26,23.709693908691406,0.0
2022-07-27,23.58490562438965,0.0
2022-07-28,23.46011734008789,0.0
2022-07-29,23.501712799072266,0.0
2022-08-01,23.87607765197754,0.0
2022-08-02,23.501712799072266,0.0
2022-08-03,23.29373359680176,0.0
2022-08-04,23.08575439453125,0.0
2022-08-05,23.335329055786133,0.0
2022-08-08,23.41852188110352,0.0
2022-08-09,23.46011734008789,0.0
2022-08-10,23.75128936767578,0.0
2022-08-11,23.75128936767578,0.0
2022-08-12,23.79288482666016,0.0
2022-08-15,24.125652313232425,0.0
2022-08-16,24.62480354309082,0.0
2022-08-17,24.583208084106445,0.0
2022-08-18,24.74959182739257,0.0
2022-08-19,25.99747085571289,0.0
2022-08-22,28.576419830322266,0.0
2022-08-23,27.536521911621094,0.0
2022-08-24,26.87098503112793,0.0
2022-08-25,26.995773315429688,0.0
2022-08-26,27.536521911621094,0.0
2022-08-29,27.994075775146484,0.0
2022-08-30,28.36844062805176,0.0
2022-08-31,28.32684326171875,0.0
2022-09-01,28.160459518432617,0.0
2022-09-02,28.160459518432617,0.0
2022-09-05,27.66130828857422,0.0
2022-09-06,27.16215705871582,0.0
2022-09-07,27.120561599731445,0.0
2022-09-08,27.28694534301757,0.0
2022-09-12,27.49492454528809,0.0
2022-09-13,27.49492454528809,0.0
2022-09-14,27.786096572875977,0.0
2022-09-15,27.28694534301757,0.0
2022-09-16,26.829389572143555,0.0
2022-09-19,25.91427993774414,0.0
2022-09-20,25.99747085571289,0.0
2022-09-21,25.539915084838867,0.0
2022-09-22,25.99747085571289,0.0
2022-09-23,25.37353134155273,0.0
2022-09-26,24.54161262512207,0.0
2022-09-27,24.999168395996094,0.0
2022-09-28,23.91767311096192,0.0
2022-09-29,24.084056854248047,0.0
2022-09-30,24.20884323120117,0.0
2022-10-03,24.125652313232425,0.0
2022-10-04,24.375228881835938,0.0
2022-10-05,24.000865936279297,0.0
2022-10-06,24.084056854248047,0.0
2022-10-07,24.084056854248047,0.0
2022-10-11,23.501712799072266,0.0
2022-10-12,23.75128936767578,0.0
2022-10-13,23.044158935546875,0.0
2022-10-14,23.41852188110352,0.0
2022-10-17,23.58490562438965,0.0
2022-10-18,23.376924514770508,0.0
2022-10-19,23.1689453125,0.0
2022-10-20,23.08575439453125,0.0
2022-10-21,23.002561569213867,0.0
2022-10-24,23.044158935546875,0.0
2022-10-25,23.044158935546875,0.0
2022-10-26,22.96096611022949,0.0
2022-10-27,23.376924514770508,0.0
2022-10-28,23.127349853515625,0.0
2022-10-31,23.210542678833008,0.0
2022-11-01,23.58490562438965,0.0
2022-11-02,23.626501083374023,0.0
2022-11-03,23.626501083374023,0.0
2022-11-04,23.54330825805664,0.0
2022-11-07,23.75128936767578,0.0
2022-11-08,24.25044059753418,0.0
2022-11-09,23.95926856994629,0.0
2022-11-10,23.91767311096192,0.0
2022-11-11,24.125652313232425,0.0
2022-11-14,24.125652313232425,0.0
2022-11-15,24.125652313232425,0.0
2022-11-16,24.042461395263672,0.0
2022-11-17,24.25044059753418,0.0
2022-11-18,24.54161262512207,0.0
2022-11-21,24.74959182739257,0.0
2022-11-22,24.416824340820312,0.0
2022-11-23,24.999168395996094,0.0
2022-11-24,24.583208084106445,0.0
2022-11-25,24.20884323120117,0.0
2022-11-28,24.25044059753418,0.0
2022-11-29,24.33363151550293,0.0
2022-11-30,24.500015258789062,0.0
2022-12-01,24.666400909423828,0.0
2022-12-02,25.082359313964844,0.0
2022-12-05,25.62310791015625,0.0
2022-12-06,25.456722259521484,0.0
2022-12-07,26.45502662658692,0.0
2022-12-08,27.037368774414062,0.0
2022-12-09,27.28694534301757,0.0
2022-12-12,28.70120620727539,0.0
2022-12-13,29.86589431762696,0.0
2022-12-14,28.950782775878903,0.0
2022-12-15,28.32684326171875,0.0
2022-12-16,28.659610748291016,0.0
2022-12-19,28.202056884765625,0.0
2022-12-20,26.995773315429688,0.0
2022-12-21,27.45332908630371,0.0
2022-12-22,27.57811737060547,0.0
2022-12-23,27.702905654907227,0.0
2022-12-26,30.4482364654541,0.0
2022-12-27,29.11716651916504,0.0
2022-12-28,27.91088485717773,0.0
2022-12-29,27.7445011138916,0.0
2022-12-30,27.57811737060547,0.0
2023-01-03,27.120561599731445,0.0
2023-01-04,26.829389572143555,0.0
2023-01-05,26.49662208557129,0.0
2023-01-06,26.49662208557129,0.0
2023-01-09,26.621410369873047,0.0
2023-01-10,26.49662208557129,0.0
2023-01-11,26.08066177368164,0.0
2023-01-12,25.789491653442383,0.0
2023-01-13,25.664703369140625,0.0
2023-01-16,26.2054500579834,0.0
2023-01-17,25.706298828125,0.0
2023-01-30,25.33193588256836,0.0
2023-01-31,25.789491653442383,0.0
2023-02-01,26.163854598999023,0.0
2023-02-02,26.33023834228516,0.0
2023-02-03,26.247045516967773,0.0
2023-02-06,26.538217544555664,0.0
2023-02-07,26.413429260253903,0.0
2023-02-08,26.579814910888672,0.0
2023-02-09,26.49662208557129,0.0
2023-02-10,26.2054500579834,0.0
2023-02-13,26.87098503112793,0.0
2023-02-14,27.037368774414062,0.0
2023-02-15,26.829389572143555,0.0
2023-02-16,26.746198654174805,0.0
2023-02-17,26.663005828857425,0.0
2023-02-20,26.621410369873047,0.0
2023-02-21,26.538217544555664,0.0
2023-02-22,26.45502662658692,0.0
2023-02-23,26.49662208557129,0.0
2023-02-24,25.99747085571289,0.0
2023-03-01,26.2054500579834,0.0
2023-03-02,26.538217544555664,0.0
2023-03-03,26.579814910888672,0.0
2023-03-06,26.49662208557129,0.0
2023-03-07,26.247045516967773,0.0
2023-03-08,25.872682571411133,0.0
2023-03-09,25.91427993774414,0.0
2023-03-10,25.456722259521484,0.0
2023-03-13,25.33193588256836,0.0
2023-03-14,25.37353134155273,0.0
2023-03-15,25.33193588256836,0.0
2023-03-16,24.95757293701172,0.0
2023-03-17,25.082359313964844,0.0
2023-03-20,25.33193588256836,0.0
2023-03-21,25.33193588256836,0.0
2023-03-22,25.456722259521484,0.0
2023-03-23,25.33193588256836,0.0
2023-03-24,25.539915084838867,0.0
2023-03-27,25.539915084838867,0.0
2023-03-28,25.539915084838867,0.0
2023-03-29,25.74789428710937,0.0
2023-03-30,25.789491653442383,0.0
2023-03-31,25.74789428710937,0.0
2023-04-06,26.039066314697266,0.0
2023-04-07,26.039066314697266,0.0
2023-04-10,25.872682571411133,0.0
2023-04-11,25.872682571411133,0.0
2023-04-12,26.2054500579834,0.0
2023-04-13,26.33023834228516,0.0
2023-04-14,26.413429260253903,0.0
2023-04-17,26.829389572143555,0.0
2023-04-18,27.28694534301757,0.0
2023-04-19,27.32854080200196,0.0
2023-04-20,26.49662208557129,0.0
2023-04-21,25.95587539672852,0.0
2023-04-24,26.33023834228516,0.0
2023-04-25,25.91427993774414,0.0
2023-04-26,25.99747085571289,0.0
2023-04-27,26.2054500579834,0.0
2023-04-28,27.120561599731445,0.0
2023-05-02,27.32854080200196,0.0
2023-05-03,27.45332908630371,0.0
2023-05-04,28.11886405944824,0.0
2023-05-05,28.077268600463867,0.0
2023-05-08,27.786096572875977,0.0
2023-05-09,27.28694534301757,0.0
2023-05-10,27.66130828857422,0.0
2023-05-11,26.621410369873047,0.0
2023-05-12,26.829389572143555,0.0
2023-05-15,26.995773315429688,0.0
2023-05-16,27.28694534301757,0.0
2023-05-17,27.536521911621094,0.0
2023-05-18,27.536521911621094,0.0
2023-05-19,27.16215705871582,0.0
2023-05-22,27.869287490844727,0.0
2023-05-23,28.11886405944824,0.0
2023-05-24,28.24365234375,0.0
2023-05-25,27.95248031616211,0.0
2023-05-26,27.702905654907227,0.0
2023-05-29,27.869287490844727,0.0
2023-05-30,27.786096572875977,0.0
2023-05-31,27.95248031616211,0.0
2023-06-01,28.410036087036133,0.0
2023-06-02,29.78270149230957,0.0
2023-06-05,29.69951057434082,0.0
2023-06-06,29.99068260192871,0.0
2023-06-07,30.157066345214844,0.0
2023-06-08,29.491531372070312,0.0
2023-06-09,30.2402572631836,0.0
2023-06-12,30.65621757507324,0.0
2023-06-13,30.905792236328125,0.0
2023-06-14,30.82260131835937,0.0
2023-06-15,30.48983383178711,0.0
2023-06-16,31.2801570892334,0.0
2023-06-19,32.27845764160156,0.0
2023-06-20,32.11207580566406,0.0
2023-06-21,31.7793083190918,0.0
2023-06-26,32.19526672363281,0.0
2023-06-27,30.905792236328125,0.0
2023-06-28,30.40664291381836,0.0
2023-06-29,30.614620208740234,0.0
2023-06-30,30.11547088623047,0.0
2023-07-03,30.03227806091309,0.0
2023-07-04,29.741106033325195,0.0
2023-07-05,29.61631774902344,0.0
2023-07-06,28.99237823486328,0.0
2023-07-07,28.82599449157715,0.0
2023-07-10,28.950782775878903,0.0
2023-07-11,28.24365234375,0.0
2023-07-12,28.077268600463867,0.0
2023-07-13,27.037368774414062,0.831919
2023-07-14,26.995773315429688,0.0
2023-07-17,27.370136260986328,0.0
2023-07-18,26.954177856445312,0.0
2023-07-19,27.411733627319336,0.0
2023-07-20,27.28694534301757,0.0
2023-07-21,27.120561599731445,0.0
2023-07-24,27.203752517700195,0.0
2023-07-25,27.45332908630371,0.0
2023-07-26,27.07896423339844,0.0
2023-07-27,27.16215705871582,0.0
2023-07-28,26.829389572143555,0.0
2023-07-31,26.954177856445312,0.0
2023-08-01,27.619712829589844,0.0
2023-08-02,27.203752517700195,0.0
2023-08-04,27.45332908630371,0.0
2023-08-07,27.16215705871582,0.0
2023-08-08,27.07896423339844,0.0
2023-08-09,27.28694534301757,0.0
2023-08-10,27.370136260986328,0.0
2023-08-11,28.03567123413086,0.0
2023-08-14,27.07896423339844,0.0
2023-08-15,27.57811737060547,0.0
2023-08-16,27.49492454528809,0.0
2023-08-17,27.536521911621094,0.0
2023-08-18,27.245349884033203,0.0
2023-08-21,27.370136260986328,0.0
2023-08-22,27.16215705871582,0.0
2023-08-23,26.912580490112305,0.0
2023-08-24,26.954177856445312,0.0
2023-08-25,27.45332908630371,0.0
2023-08-28,27.203752517700195,0.0
2023-08-29,27.245349884033203,0.0
2023-08-30,27.45332908630371,0.0
2023-08-31,27.45332908630371,0.0
2023-09-01,27.619712829589844,0.0
2023-09-04,27.45332908630371,0.0
2023-09-05,27.28694534301757,0.0
2023-09-06,27.28694534301757,0.0
2023-09-07,27.28694534301757,0.0
2023-09-08,27.203752517700195,0.0
2023-09-11,27.245349884033203,0.0
2023-09-12,27.203752517700195,0.0
2023-09-13,27.28694534301757,0.0
2023-09-14,27.32854080200196,0.0
2023-09-15,27.32854080200196,0.0
2023-09-18,27.411733627319336,0.0
2023-09-19,27.203752517700195,0.0
2023-09-20,27.120561599731445,0.0
2023-09-21,26.912580490112305,0.0
2023-09-22,26.954177856445312,0.0
2023-09-25,26.954177856445312,0.0
2023-09-26,26.78779411315918,0.0
2023-09-27,26.78779411315918,0.0
2023-09-28,26.746198654174805,0.0
2023-10-02,26.912580490112305,0.0
2023-10-03,26.621410369873047,0.0
2023-10-04,26.163854598999023,0.0
2023-10-05,26.33023834228516,0.0
2023-10-06,26.538217544555664,0.0
2023-10-11,26.28864288330078,0.0
2023-10-12,26.413429260253903,0.0
2023-10-13,26.45502662658692,0.0
2023-10-16,26.28864288330078,0.0
2023-10-17,26.2054500579834,0.0
2023-10-18,25.91427993774414,0.0
2023-10-19,26.28864288330078,0.0
2023-10-20,26.2054500579834,0.0
2023-10-23,26.413429260253903,0.0
2023-10-24,26.538217544555664,0.0
2023-10-25,26.49662208557129,0.0
2023-10-26,26.247045516967773,0.0
2023-10-27,27.120561599731445,0.0
2023-10-30,27.120561599731445,0.0
2023-10-31,26.621410369873047,0.0
2023-11-01,26.746198654174805,0.0
2023-11-02,26.78779411315918,0.0
2023-11-03,27.07896423339844,0.0
2023-11-06,27.370136260986328,0.0
2023-11-07,27.82769203186035,0.0
2023-11-08,27.66130828857422,0.0
2023-11-09,27.32854080200196,0.0
2023-11-10,27.49492454528809,0.0
2023-11-13,27.28694534301757,0.0
2023-11-14,27.245349884033203,0.0
2023-11-15,27.370136260986328,0.0
2023-11-16,27.32854080200196,0.0
2023-11-17,27.32854080200196,0.0
2023-11-20,27.411733627319336,0.0
2023-11-21,27.49492454528809,0.0
2023-11-22,27.786096572875977,0.0
2023-11-23,27.702905654907227,0.0
2023-11-24,27.786096572875977,0.0
2023-11-27,28.61801528930664,0.0
2023-11-28,28.28524780273437,0.0
2023-11-29,28.077268600463867,0.0
2023-11-30,27.7445011138916,0.0
2023-12-01,28.202056884765625,0.0
2023-12-04,28.49322891235352,0.0
2023-12-05,28.202056884765625,0.0
2023-12-06,27.869287490844727,0.0
2023-12-07,27.57811737060547,0.0
2023-12-08,27.66130828857422,0.0
2023-12-11,27.7445011138916,0.0
2023-12-12,27.786096572875977,0.0
2023-12-13,27.7445011138916,0.0
2023-12-14,28.03567123413086,0.0
2023-12-15,28.202056884765625,0.0
2023-12-18,28.451631546020508,0.0
2023-12-19,28.202056884765625,0.0
2023-12-20,28.410036087036133,0.0
2023-12-21,28.11886405944824,0.0
2023-12-22,28.160459518432617,0.0
2023-12-25,28.11886405944824,0.0
2023-12-26,28.36844062805176,0.0
2023-12-27,28.28524780273437,0.0
2023-12-28,28.160459518432617,0.0
2023-12-29,28.24365234375,0.0
2024-01-02,28.32684326171875,0.0
2024-01-03,28.24365234375,0.0
2024-01-04,28.160459518432617,0.0
2024-01-05,28.202056884765625,0.0
2024-01-08,28.32684326171875,0.0
2024-01-09,27.994075775146484,0.0
2024-01-10,27.869287490844727,0.0
2024-01-11,27.91088485717773,0.0
2024-01-12,27.786096572875977,0.0
2024-01-15,27.95248031616211,0.0
2024-01-16,27.619712829589844,0.0
2024-01-17,26.995773315429688,0.0
2024-01-18,26.995773315429688,0.0
2024-01-19,27.203752517700195,0.0
2024-01-22,27.28694534301757,0.0
2024-01-23,27.370136260986328,0.0
2024-01-24,27.370136260986328,0.0
2024-01-25,27.411733627319336,0.0
2024-01-26,27.45332908630371,0.0
2024-01-29,27.28694534301757,0.0
2024-01-30,26.995773315429688,0.0
2024-01-31,27.203752517700195,0.0
2024-02-01,27.28694534301757,0.0
2024-02-02,27.037368774414062,0.0
2024-02-05,27.037368774414062,0.0
2024-02-15,26.954177856445312,0.0
2024-02-16,27.49492454528809,0.0
2024-02-19,27.7445011138916,0.0
2024-02-20,27.869287490844727,0.0
2024-02-21,27.82769203186035,0.0
2024-02-22,27.994075775146484,0.0
2024-02-23,27.786096572875977,0.0
2024-02-26,27.994075775146484,0.0
2024-02-27,28.03567123413086,0.0
2024-02-29,27.91088485717773,0.0
2024-03-01,27.786096572875977,0.0
2024-03-04,27.82769203186035,0.0
2024-03-05,27.7445011138916,0.0
2024-03-06,27.786096572875977,0.0
2024-03-07,29.28355026245117,0.0
2024-03-08,29.32514762878418,0.0
2024-03-11,29.99068260192871,0.0
2024-03-12,29.907489776611328,0.0
2024-03-13,29.741106033325195,0.0
2024-03-14,29.949085235595703,0.0
2024-03-15,29.449935913085938,0.0
2024-03-18,29.741106033325195,0.0
2024-03-19,29.907489776611328,0.0
2024-03-20,30.323450088500977,0.0
2024-03-21,29.158763885498047,0.0
2024-03-22,28.99237823486328,0.0
2024-03-25,30.03227806091309,0.0
2024-03-26,29.61631774902344,0.0
2024-03-27,30.07387351989746,0.0
2024-03-28,30.36504554748535,0.0
2024-03-29,30.157066345214844,0.0
2024-04-01,30.40664291381836,0.0
2024-04-02,30.57302474975586,0.0
2024-04-03,30.48983383178711,0.0
2024-04-08,31.44654083251953,0.0
2024-04-09,31.571327209472656,0.0
2024-04-10,31.404943466186523,0.0
2024-04-11,30.739408493041992,0.0
2024-04-12,30.4482364654541,0.0
2024-04-15,30.11547088623047,0.0
2024-04-16,29.78270149230957,0.0
2024-04-17,30.36504554748535,0.0
2024-04-18,30.2818546295166,0.0
2024-04-19,29.69951057434082,0.0
2024-04-22,29.907489776611328,0.0
2024-04-23,30.65621757507324,0.0
2024-04-24,30.57302474975586,0.0
2024-04-25,30.48983383178711,0.0
2024-04-26,30.48983383178711,0.0
2024-04-29,30.739408493041992,0.0
2024-04-30,30.781005859375,0.0
2024-05-02,30.947389602661133,0.0
2024-05-03,30.614620208740234,0.0
2024-05-06,30.697813034057617,0.0
2024-05-07,30.905792236328125,0.0
2024-05-08,30.65621757507324,0.0
2024-05-09,30.2818546295166,0.0
2024-05-10,30.4482364654541,0.0
2024-05-13,30.03227806091309,0.0
2024-05-14,30.07387351989746,0.0
2024-05-15,30.2818546295166,0.0
2024-05-16,30.65621757507324,0.0
2024-05-17,30.781005859375,0.0
2024-05-20,30.86419677734375,0.0
2024-05-21,30.697813034057617,0.0
2024-05-22,30.697813034057617,0.0
2024-05-23,30.2402572631836,0.0
2024-05-24,30.2402572631836,0.0
2024-05-27,30.36504554748535,0.0
2024-05-28,30.57302474975586,0.0
2024-05-29,30.40664291381836,0.0
2024-05-30,30.11547088623047,0.0
2024-05-31,30.36504554748535,0.0
2024-06-03,30.323450088500977,0.0
2024-06-04,30.65621757507324,0.0
2024-06-05,30.988985061645508,0.0
2024-06-06,30.739408493041992,0.0
2024-06-07,30.905792236328125,0.0
2024-06-11,30.947389602661133,0.0
2024-06-12,30.57302474975586,0.0
2024-06-13,30.905792236328125,0.0
2024-06-14,31.030580520629883,0.0
2024-06-17,31.82090377807617,0.0
2024-06-18,31.904096603393555,0.0
2024-06-19,31.65452003479004,0.0
2024-06-20,31.65452003479004,0.0
2024-06-21,31.488136291503903,0.0
2024-06-24,31.737712860107425,0.0
2024-06-25,31.612924575805664,0.0
2024-06-26,31.94569206237793,0.0
2024-06-27,32.15367126464844,0.0
2024-06-28,32.23686218261719,0.0
2024-07-01,32.36165237426758,0.0
2024-07-02,32.19526672363281,0.0
2024-07-03,32.27845764160156,0.0
2024-07-04,31.862499237060547,0.0
2024-07-05,31.82090377807617,0.0
2024-07-08,31.7793083190918,0.0
2024-07-09,31.36334800720215,0.0
2024-07-10,31.65452003479004,0.0
2024-07-11,31.612924575805664,0.0
2024-07-12,31.321752548217773,0.0
2024-07-15,31.238561630249023,0.0
2024-07-16,31.69611549377441,0.0
2024-07-17,31.65452003479004,0.0
2024-07-18,31.82090377807617,0.0
2024-07-19,31.2801570892334,0.0
2024-07-22,31.07217788696289,0.0
2024-07-23,31.571327209472656,0.0
2024-07-26,31.904096603393555,0.0
2024-07-29,31.69611549377441,0.0
2024-07-30,31.7793083190918,0.0
2024-07-31,31.82090377807617,0.0
2024-08-01,31.94569206237793,0.0
2024-08-02,31.52973175048828,0.0
2024-08-05,30.11547088623047,0.0
2024-08-06,30.03227806091309,0.0
2024-08-07,30.739408493041992,0.0
2024-08-08,30.157066345214844,0.0
2024-08-09,30.65621757507324,0.0
2024-08-12,30.781005859375,0.0
2024-08-13,30.739408493041992,0.0
2024-08-14,30.57302474975586,0.0
2024-08-15,30.40664291381836,0.0
2024-08-16,30.48983383178711,0.0
2024-08-19,30.40664291381836,0.0
2024-08-20,30.531429290771484,0.0
2024-08-21,30.531429290771484,0.0
2024-08-22,30.697813034057617,0.0
2024-08-23,30.739408493041992,0.0
2024-08-26,30.739408493041992,0.0
2024-08-27,30.86419677734375,0.0
2024-08-28,31.07217788696289,0.0
2024-08-29,31.030580520629883,0.0
2024-08-30,31.15536880493164,0.0
2024-09-02,31.238561630249023,0.0
2024-09-03,30.947389602661133,0.0
2024-09-04,29.200359344482425,0.898473
2024-09-05,28.930816650390625,0.0
2024-09-06,28.84096908569336,0.0
2024-09-09,28.751123428344727,0.0
2024-09-10,28.751123428344727,0.0
2024-09-11,28.796045303344727,0.0
2024-09-12,28.885892868041992,0.0
2024-09-13,29.02066421508789,0.0
2024-09-16,29.290206909179688,0.0
2024-09-18,29.42497634887696,0.0
2024-09-19,29.469900131225582,0.0
2024-09-20,29.51482391357422,0.0
2024-09-23,29.469900131225582,0.0
2024-09-24,29.33513069152832,0.0
2024-09-25,29.38005256652832,0.0
2024-09-26,29.38005256652832,0.0
2024-09-27,29.51482391357422,0.0
2024-09-30,29.42497634887696,0.0
2024-10-01,29.38005256652832,0.0
2024-10-04,29.51482391357422,0.0
2024-10-07,29.42497634887696,0.0
2024-10-08,29.33513069152832,0.0
2024-10-09,29.200359344482425,0.0
2024-10-11,28.52650451660156,0.0
2024-10-14,28.391733169555664,0.0
2024-10-15,27.897573471069336,0.0
2024-10-16,27.67295455932617,0.0
2024-10-17,27.76280212402344,0.0
2024-10-18,27.67295455932617,0.0
2024-10-21,28.077268600463867,0.0
2024-10-22,28.032344818115234,0.0
2024-10-23,27.9874210357666,0.0
2024-10-24,28.077268600463867,0.0
2024-10-25,27.852649688720703,0.0
2024-10-28,27.852649688720703,0.0
2024-10-29,27.67295455932617,0.0
2024-10-30,27.67295455932617,0.0
2024-11-01,27.67295455932617,0.0
2024-11-04,27.538185119628903,0.0
2024-11-05,27.538185119628903,0.0
2024-11-06,27.49326133728028,0.0
2024-11-07,27.538185119628903,0.0
2024-11-08,27.313566207885746,0.0
2024-11-11,27.538185119628903,0.0
2024-11-12,27.49326133728028,0.0
2024-11-13,27.403413772583008,0.0
2024-11-14,27.35848999023437,0.0
2024-11-15,27.35848999023437,0.0
2024-11-18,27.403413772583008,0.0
2024-11-19,27.67295455932617,0.0
2024-11-20,28.032344818115234,0.0
2024-11-21,27.94249725341797,0.0
2024-11-22,27.9874210357666,0.0
2024-11-25,27.9874210357666,0.0
2024-11-26,28.077268600463867,0.0
2024-11-27,27.852649688720703,0.0
2024-11-28,27.49326133728028,0.0
2024-11-29,27.717878341674805,0.0
2024-12-02,27.717878341674805,0.0
2024-12-03,27.852649688720703,0.0
2024-12-04,27.852649688720703,0.0
2024-12-05,27.80772590637207,0.0
2024-12-06,27.62803268432617,0.0
2024-12-09,27.49326133728028,0.0
2024-12-10,27.403413772583008,0.0
2024-12-11,26.999101638793945,0.0
2024-12-12,26.90925407409668,0.0
2024-12-13,26.23539924621582,0.0
2024-12-16,25.920934677124023,0.0
2024-12-17,25.74123954772949,0.0
2024-12-18,26.145551681518555,0.0
2024-12-19,26.145551681518555,0.0
2024-12-20,26.59478759765625,0.0
2024-12-23,26.32524681091309,0.0
2024-12-24,26.41509437561035,0.0
2024-12-25,26.41509437561035,0.0
2024-12-26,27.44833755493164,0.0
2024-12-27,27.62803268432617,0.0
2024-12-30,27.67295455932617,0.0
2024-12-31,28.032344818115234,0.0
2025-01-02,27.852649688720703,0.0
2025-01-03,27.94249725341797,0.0
2025-01-06,27.852649688720703,0.0
2025-01-07,27.94249725341797,0.0
2025-01-08,27.852649688720703,0.0
2025-01-09,28.032344818115234,0.0
2025-01-10,27.538185119628903,0.0
2025-01-13,27.44833755493164,0.0
2025-01-14,27.49326133728028,0.0
2025-01-15,27.538185119628903,0.0
2025-01-16,27.62803268432617,0.0
2025-01-17,27.67295455932617,0.0
2025-01-20,27.717878341674805,0.0
2025-01-21,27.62803268432617,0.0
2025-01-22,27.67295455932617,0.0
2025-02-03,27.76280212402344,0.0
2025-02-04,28.2569637298584,0.0
2025-02-05,28.1671142578125,0.0
2025-02-06,28.571428298950195,0.0
2025-02-07,28.34680938720703,0.0
2025-02-10,28.391733169555664,0.0
2025-02-11,27.9874210357666,0.0
2025-02-12,27.94249725341797,0.0
2025-02-13,28.032344818115234,0.0
2025-02-14,28.1671142578125,0.0
2025-02-17,28.2569637298584,0.0
2025-02-18,28.1671142578125,0.0
2025-02-19,28.3018856048584,0.0
2025-02-20,28.3018856048584,0.0
2025-02-21,28.391733169555664,0.0
2025-02-24,28.436656951904297,0.0
2025-02-25,28.2569637298584,0.0
2025-02-26,28.3018856048584,0.0
2025-02-27,28.2569637298584,0.0
2025-03-03,28.2569637298584,0.0
2025-03-04,28.1221923828125,0.0
2025-03-05,28.1671142578125,0.0
2025-03-06,28.34680938720703,0.0
2025-03-07,28.21203994750977,0.0
2025-03-10,28.48158073425293,0.0
2025-03-11,28.391733169555664,0.0
2025-03-12,28.391733169555664,0.0
2025-03-13,28.1671142578125,0.0
2025-03-14,28.34680938720703,0.0
2025-03-17,28.391733169555664,0.0
2025-03-18,28.436656951904297,0.0
2025-03-19,28.66127586364746,0.0
2025-03-20,28.84096908569336,0.0
2025-03-21,28.751123428344727,0.0
2025-03-24,28.706199645996094,0.0
2025-03-25,28.706199645996094,0.0
2025-03-26,28.751123428344727,0.0
2025-03-27,28.66127586364746,0.0
2025-03-28,28.48158073425293,0.0
2025-03-31,27.94249725341797,0.0
2025-04-01,27.897573471069336,0.0
2025-04-02,27.897573471069336,0.0
2025-04-07,25.247079849243164,0.0
2025-04-08,26.504941940307617,0.0
2025-04-09,26.10062789916992,0.0
2025-04-10,28.3018856048584,0.0
2025-04-11,27.897573471069336,0.0
2025-04-14,27.58310890197754,0.0
2025-04-15,27.76280212402344,0.0
2025-04-16,27.80772590637207,0.0
2025-04-17,27.80772590637207,0.0
2025-04-18,27.897573471069336,0.0
2025-04-21,27.62803268432617,0.0
2025-04-22,27.62803268432617,0.0
2025-04-23,28.032344818115234,0.0
2025-04-24,27.9874210357666,0.0
2025-04-25,28.077268600463867,0.0
2025-04-28,28.616352081298828,0.0
2025-04-29,28.66127586364746,0.0
2025-04-30,28.52650451660156,0.0
2025-05-02,28.616352081298828,0.0
2025-05-05,28.48158073425293,0.0
2025-05-06,28.751123428344727,0.0
2025-05-07,28.66127586364746,0.0
2025-05-08,28.66127586364746,0.0
2025-05-09,28.706199645996094,0.0
2025-05-12,29.11051177978516,0.0
2025-05-13,29.11051177978516,0.0
2025-05-14,29.200359344482425,0.0
2025-05-15,29.15543556213379,0.0
2025-05-16,29.42497634887696,0.0
2025-05-19,29.69451904296875,0.0
2025-05-20,30.09883117675781,0.0
2025-05-21,30.143754959106445,0.0
2025-05-22,30.143754959106445,0.0
2025-05-23,29.964061737060547,0.0
2025-05-26,29.82929039001465,0.0
2025-05-27,29.33513069152832,0.0
2025-05-28,29.64959526062012,0.0
2025-05-29,29.64959526062012,0.0
2025-06-02,29.42497634887696,0.0
2025-06-03,28.930816650390625,0.0
2025-06-04,29.739442825317383,0.0
2025-06-05,29.24528312683105,0.0
2025-06-06,29.290206909179688,0.0
2025-06-09,29.290206909179688,0.0
2025-06-10,29.33513069152832,0.0
2025-06-11,29.38005256652832,0.0
2025-06-12,29.200359344482425,0.0
2025-06-13,29.33513069152832,0.0
2025-06-16,29.290206909179688,0.0
2025-06-17,29.24528312683105,0.0
2025-06-18,28.885892868041992,0.0
2025-06-19,28.66127586364746,0.0
2025-06-20,29.02066421508789,0.0
2025-06-23,28.52650451660156,0.0
2025-06-24,28.930816650390625,0.0
2025-06-25,28.930816650390625,0.0
2025-06-26,29.02066421508789,0.0
2025-06-27,29.33513069152832,0.0
2025-06-30,29.290206909179688,0.0
2025-07-01,29.51482391357422,0.0
2025-07-02,29.469900131225582,0.0
2025-07-03,29.469900131225582,0.0
2025-07-04,29.38005256652832,0.0
2025-07-07,29.38005256652832,0.0
2025-07-08,29.02066421508789,0.0
2025-07-09,29.02066421508789,0.0
2025-07-10,29.24528312683105,0.0
2025-07-11,28.391733169555664,0.898473
2025-07-14,28.1671142578125,0.0
2025-07-15,28.3018856048584,0.0
2025-07-16,28.21203994750977,0.0
2025-07-17,28.48158073425293,0.0
2025-07-18,28.391733169555664,0.0
2025-07-21,28.436656951904297,0.0
2025-07-22,28.21203994750977,0.0
2025-07-23,28.2569637298584,0.0
2025-07-24,28.2569637298584,0.0
2025-07-25,28.34680938720703,0.0
2025-07-28,28.48158073425293,0.0
2025-07-29,28.21203994750977,0.0
2025-07-30,28.2569637298584,0.0
2025-07-31,28.1671142578125,0.0
2025-08-04,28.751123428344727,0.0
2025-08-05,28.796045303344727,0.0
2025-08-06,28.66127586364746,0.0
2025-08-07,28.52650451660156,0.0
2025-08-08,28.571428298950195,0.0
2025-08-11,28.48158073425293,0.0
2025-08-12,29.02066421508789,0.0
2025-08-13,28.48158073425293,0.0
2025-08-14,28.885892868041992,0.0
2025-08-15,28.706199645996094,0.0
2025-08-18,28.706199645996094,0.0
2025-08-19,28.84096908569336,0.0
2025-08-20,28.66127586364746,0.0
2025-08-21,28.84096908569336,0.0
2025-08-22,28.885892868041992,0.0
2025-08-25,29.065587997436523,0.0
2025-08-26,29.065587997436523,0.0
2025-08-27,29.15543556213379,0.0
2025-08-28,29.15543556213379,0.0
2025-08-29,29.15543556213379,0.0
2025-09-01,29.24528312683105,0.0
2025-09-02,29.528301239013672,0.0
2025-09-03,29.76415061950684,0.0
2025-09-04,29.76415061950684,0.0
2025-09-05,29.669811248779297,0.0
2025-09-08,29.433961868286133,0.0
2025-09-09,29.528301239013672,0.0
2025-09-10,29.386791229248047,0.0
2025-09-11,28.867923736572266,0.0
2025-09-12,28.867923736572266,0.0
2025-09-15,28.962263107299805,0.0
2025-09-16,28.867923736572266,0.0
2025-09-17,28.867923736572266,0.0
2025-09-18,28.773584365844727,0.0
2025-09-19,28.867923736572266,0.0
2025-09-22,28.91509437561035,0.0
2025-09-23,28.82075309753418,0.0
2025-09-24,28.962263107299805,0.0
2025-09-25,29.15094375610352,0.0
2025-09-26,28.867923736572266,0.0
2025-09-30,28.82075309753418,0.0
2025-10-01,29.00943374633789,0.0
2025-10-02,29.10377311706543,0.0
2025-10-03,28.867923736572266,0.0
2025-10-07,28.49056625366211,0.0
2025-10-08,28.6320743560791,0.0
2025-10-09,28.58490562438965,0.0
2025-10-13,29.10377311706543,0.0
2025-10-14,29.716981887817383,0.0
2025-10-15,30.18867874145508,0.0
2025-10-16,30.141508102416992,0.0
2025-10-17,30.235849380493164,0.0
2025-10-20,30.047168731689453,0.0
2025-10-21,29.85848999023437,0.0
2025-10-22,29.95282936096192,0.0
2025-10-23,29.76415061950684,0.0
2025-10-27,29.48113250732422,0.0
2025-10-28,29.48113250732422,0.0
2025-10-29,29.3396224975586,0.0
2025-10-30,29.386791229248047,0.0
2025-10-31,30.330188751220703,0.0
2025-11-03,30.42452812194824,0.0
2025-11-04,30.283018112182617,0.0
2025-11-05,30.18867874145508,0.0
2025-11-06,30.047168731689453,0.0
2025-11-07,30.18867874145508,0.0
2025-11-10,30.141508102416992,0.0
2025-11-11,29.716981887817383,0.0
2025-11-12,29.48113250732422,0.0
2025-11-13,29.292451858520508,0.0
2025-11-14,29.15094375610352,0.0
2025-11-17,28.82075309753418,0.0
2025-11-18,28.349056243896484,0.0
2025-11-19,28.6320743560791,0.0
2025-11-20,28.72641563415528,0.0
2025-11-21,28.773584365844727,0.0
2025-11-24,29.056602478027344,0.0
2025-11-25,28.91509437561035,0.0
2025-11-26,29.48113250732422,0.0
2025-11-27,29.386791229248047,0.0
2025-11-28,29.3396224975586,0.0
2025-12-01,29.19811248779297,0.0
2025-12-02,29.386791229248047,0.0
2025-12-03,29.292451858520508,0.0
2025-12-04,29.24528312683105,0.0
2025-12-05,29.00943374633789,0.0
2025-12-08,28.91509437561035,0.0
2025-12-09,28.962263107299805,0.0
2025-12-10,28.72641563415528,0.0
2025-12-11,28.773584365844727,0.0
2025-12-12,28.962263107299805,0.0
2025-12-15,29.056602478027344,0.0
2025-12-16,28.82075309753418,0.0
2025-12-17,28.72641563415528,0.0
2025-12-18,28.773584365844727,0.0
2025-12-19,28.773584365844727,0.0
2025-12-22,28.867923736572266,0.0
2025-12-23,28.773584365844727,0.0
2025-12-24,28.72641563415528,0.0
2025-12-26,28.679244995117188,0.0
2025-12-29,28.72641563415528,0.0
2025-12-30,28.82075309753418,0.0
2025-12-31,28.773584365844727,0.0
2026-01-02,28.773584365844727,0.0
2026-01-05,28.49056625366211,0.0
2026-01-06,28.49056625366211,0.0
2026-01-07,28.53773498535156,0.0
2026-01-08,28.6320743560791,0.0
2026-01-09,28.82075309753418,0.0
2026-01-12,28.867923736572266,0.0
2026-01-13,28.773584365844727,0.0
2026-01-14,29.10377311706543,0.0
2026-01-15,29.10377311706543,0.0
2026-01-16,29.24528312683105,0.0
2026-01-19,29.15094375610352,0.0
2026-01-20,29.056602478027344,0.0
2026-01-21,29.15094375610352,0.0
2026-01-22,29.19811248779297,0.0
2026-01-23,29.3396224975586,0.0
2026-01-26,29.24528312683105,0.0
2026-01-27,29.386791229248047,0.0
2026-01-28,29.528301239013672,0.0
2026-01-29,29.433961868286133,0.0
2026-01-30,29.292451858520508,0.0
2026-02-02,29.10377311706543,0.0
2026-02-03,28.962263107299805,0.0
2026-02-04,29.00943374633789,0.0
2026-02-05,29.00943374633789,0.0
2026-02-06,28.867923736572266,0.0
2026-02-09,28.91509437561035,0.0
2026-02-10,28.91509437561035,0.0
2026-02-11,28.82075309753418,0.0
2026-02-23,29.15094375610352,0.0
2026-02-24,29.10377311706543,0.0
2026-02-25,28.962263107299805,0.0
2026-02-26,29.00943374633789,0.0
2026-03-02,28.91509437561035,0.0
2026-03-03,28.679244995117188,0.0
2026-03-04,28.58490562438965,0.0
2026-03-05,29.00943374633789,0.0
2026-03-06,29.056602478027344,0.0
2026-03-09,28.867923736572266,0.0
2026-03-10,28.82075309753418,0.0
2026-03-11,29.3396224975586,0.0
2026-03-12,29.15094375610352,0.0
2026-03-13,29.10377311706543,0.0
2026-03-16,29.15094375610352,0.0
2026-03-17,29.433961868286133,0.0
2026-03-18,29.292451858520508,0.0
2026-03-19,28.962263107299805,0.0
2026-03-20,29.24528312683105,0.0
2026-03-23,29.19811248779297,0.0
2026-03-24,29.48113250732422,0.0
2026-03-25,29.528301239013672,0.0
2026-03-26,29.10377311706543,0.0
2026-03-27,29.24528312683105,0.0
2026-03-30,29.24528312683105,0.0
2026-03-31,28.962263107299805,0.0
2026-04-01,29.716981887817383,0.0
2026-04-02,29.528301239013672,0.0
2026-04-07,29.95282936096192,0.0
2026-04-08,29.85848999023437,0.0
2026-04-09,29.669811248779297,0.0
2026-04-10,29.81131935119629,0.0
2026-04-13,29.90566062927246,0.0
2026-04-14,29.95282936096192,0.0
2026-04-15,30.18867874145508,0.0
2026-04-16,30.283018112182617,0.0
2026-04-17,30.330188751220703,0.0
2026-04-20,30.37735748291016,0.0
2026-04-21,30.09433937072754,0.0
2026-04-22,30.471698760986328,0.0
2026-04-23,30.047168731689453,0.0
2026-04-24,29.85848999023437,0.0
2026-04-27,30.09433937072754,0.0
2026-04-28,29.95282936096192,0.0
2026-04-29,30.047168731689453,0.0
2026-04-30,29.716981887817383,0.0
2026-05-04,29.669811248779297,0.0
2026-05-05,29.716981887817383,0.0
2026-05-06,29.15094375610352,0.0
2026-05-07,29.00943374633789,0.0
2026-05-08,28.91509437561035,0.0
2026-05-11,28.82075309753418,0.0
2026-05-12,29.19811248779297,0.0
2026-05-13,29.056602478027344,0.0
2026-05-14,28.91509437561035,0.0
2026-05-15,28.867923736572266,0.0
2026-05-18,28.867923736572266,0.0
2026-05-19,28.82075309753418,0.0
2026-05-20,28.91509437561035,0.0
2026-05-21,29.056602478027344,0.0
2026-05-22,29.00943374633789,0.0
2026-05-25,28.773584365844727,0.0
2026-05-26,28.773584365844727,0.0
2026-05-27,28.867923736572266,0.0
2026-05-28,28.962263107299805,0.0
2026-05-29,28.962263107299805,0.0
2026-06-01,29.24528312683105,0.0
2026-06-02,29.528301239013672,0.0
2026-06-03,29.15094375610352,0.0
2026-06-04,29.57547187805176,0.0
2026-06-05,29.669811248779297,0.0
2026-06-08,29.57547187805176,0.0
2026-06-09,29.48113250732422,0.0
2026-06-10,29.528301239013672,0.0
2026-06-11,29.3396224975586,0.0
2026-06-12,29.716981887817383,0.0
2026-06-15,29.669811248779297,0.0
2026-06-16,29.85848999023437,0.0
2026-06-17,30.047168731689453,0.0
2026-06-18,30.09433937072754,0.0
2026-06-22,30.283018112182617,0.0
2026-06-23,30.047168731689453,0.0
2026-06-24,30.471698760986328,0.0
2026-06-25,30.51886749267578,0.0
2026-06-26,30.18867874145508,0.0
2026-06-29,30.849056243896484,0.0
2026-06-30,30.8018856048584,0.0
2026-07-01,30.943395614624023,0.0
2026-07-02,31.03773498535156,0.0
2026-07-03,31.69811248779297,0.0
2026-07-06,31.886791229248047,0.0
2026-07-07,31.74528312683105,0.0
2026-07-08,31.41509437561035,0.0
2026-07-09,31.22641563415528,0.0
2026-07-10,31.22641563415528,0.0
2026-07-13,31.08490562438965,0.0
2026-07-14,30.89622688293457,0.0
2026-07-15,30.99056625366211,0.0
2026-07-16,30.660377502441406,0.0
2026-07-17,30.42452812194824,0.0
2026-07-20,30.51886749267578,0.0
2026-07-21,30.849056243896484,0.0
2026-07-22,30.99056625366211,0.0
2026-07-23,30.70754623413086,0.0
2026-07-24,31.39999961853028,1.0
2026-07-27,31.549999237060547,0.0
2026-07-28,31.850000381469727,0.0
2026-07-29,31.950000762939453,0.0
2026-07-30,31.700000762939453,0.0
2026-07-31,31.700000762939453,0.0
2026-08-03,31.700000762939453,0.0
2026-08-04,31.75,0.0
2026-08-05,31.700000762939453,0.0
2026-08-06,31.700000762939453,0.0
2026-08-07,31.799999237060547,0.0
2026-08-10,31.89999961853028,0.0
2026-08-11,31.549999237060547,0.0
2026-08-12,31.700000762939453,0.0
2026-08-13,31.850000381469727,0.0
2026-08-14,31.75,0.0
2026-08-17,31.64999961853028,0.0
2026-08-18,31.64999961853028,0.0
2026-08-19,30.18867874145508,0.0
2026-08-20,30.660377502441406,0.0
2026-08-21,30.660377502441406,0.0
2026-08-24,30.70754623413086,0.0
2026-08-25,30.61320686340332,0.0
2026-08-26,30.660377502441406,0.0
2026-08-27,30.75,0.0
2026-08-28,30.75,0.0
2026-08-31,30.649999618530273,0.0
2026-09-01,30.600000381469727,0.0
2026-09-02,30.649999618530273,0.0
