Date,Close,Dividends
1993-01-05,0.7308030128479004,0.0
1993-01-06,0.7185199856758118,0.0
1993-01-07,0.7154499888420105,0.0
1993-01-08,0.6939550042152405,0.0
1993-01-11,0.6985610127449036,0.0
1993-01-12,0.7154499888420105,0.0
1993-01-13,0.7292670011520386,0.0
1993-01-14,0.7476909756660461,0.0
1993-01-15,0.7369440197944641,0.0
1993-01-18,0.7308030128479004,0.0
1993-01-19,0.7369440197944641,0.0
1993-01-20,0.7369440197944641,0.0
1993-01-21,0.7369440197944641,0.0
1993-01-22,0.7369440197944641,0.0
1993-01-25,0.7369440197944641,0.0
1993-01-26,0.7369440197944641,0.0
1993-01-27,0.7369440197944641,0.0
1993-01-28,0.7400149703025818,0.0
1993-01-29,0.7354090213775635,0.0
1993-02-01,0.7599729895591736,0.0
1993-02-02,0.7661150097846985,0.0
1993-02-03,0.7830029726028442,0.0
1993-02-04,0.7676500082015991,0.0
1993-02-05,0.7906789779663086,0.0
1993-02-08,0.7830029726028442,0.0
1993-02-09,0.7676500082015991,0.0
1993-02-10,0.7538319826126099,0.0
1993-02-11,0.7538319826126099,0.0
1993-02-12,0.7661150097846985,0.0
1993-02-15,0.7384790182113647,0.0
1993-02-16,0.7261970043182373,0.0
1993-02-17,0.7246609926223755,0.0
1993-02-18,0.7215909957885742,0.0
1993-02-19,0.7308030128479004,0.0
1993-02-22,0.7308030128479004,0.0
1993-02-23,0.7246609926223755,0.0
1993-02-24,0.7261970043182373,0.0
1993-02-25,0.7369440197944641,0.0
1993-02-26,0.7354090213775635,0.0
1993-03-01,0.7830029726028442,0.0
1993-03-02,0.813709020614624,0.0
1993-03-03,0.844415009021759,0.0
1993-03-04,0.8597679734230042,0.0
1993-03-05,0.8290619850158691,0.0
1993-03-08,0.8290619850158691,0.0
1993-03-09,0.813709020614624,0.0
1993-03-10,0.8290619850158691,0.0
1993-03-11,0.8674439787864685,0.0
1993-03-12,0.8827970027923584,0.0
1993-03-15,0.813709020614624,0.0
1993-03-16,0.813709020614624,0.0
1993-03-17,0.8060320019721985,0.0
1993-03-18,0.8290619850158691,0.0
1993-03-19,0.813709020614624,0.0
1993-03-22,0.8520910143852234,0.0
1993-03-23,0.844415009021759,0.0
1993-03-24,0.8367379903793335,0.0
1993-03-25,0.844415009021759,0.0
1993-03-26,0.844415009021759,0.0
1993-03-29,0.844415009021759,0.0
1993-03-30,0.875120997428894,0.0
1993-03-31,0.875120997428894,0.0
1993-04-01,0.8674439787864685,0.0
1993-04-02,0.8904740214347839,0.0
1993-04-05,0.8827970027923584,0.0
1993-04-06,0.8827970027923584,0.0
1993-04-07,0.8827970027923584,0.0
1993-04-08,0.8674439787864685,0.0
1993-04-09,0.8367379903793335,0.0
1993-04-12,0.7983559966087341,0.0
1993-04-13,0.7906789779663086,0.0
1993-04-14,0.7906789779663086,0.0
1993-04-15,0.8213850259780884,0.0
1993-04-16,0.7645789980888367,0.0
1993-04-19,0.7753260135650635,0.0
1993-04-20,0.7615090012550354,0.0
1993-04-21,0.7830029726028442,0.0
1993-04-22,0.7983559966087341,0.0
1993-04-23,0.813709020614624,0.0
1993-04-26,0.7983559966087341,0.0
1993-04-27,0.7753260135650635,0.0
1993-04-28,0.7906789779663086,0.0
1993-04-29,0.7983559966087341,0.0
1993-04-30,0.7983559966087341,0.0
1993-05-03,0.7676500082015991,0.0
1993-05-04,0.7645789980888367,0.0
1993-05-05,0.7676500082015991,0.0
1993-05-06,0.7676500082015991,0.0
1993-05-07,0.7753260135650635,0.0
1993-05-10,0.7830029726028442,0.0
1993-05-11,0.7753260135650635,0.0
1993-05-12,0.7830029726028442,0.0
1993-05-13,0.7753260135650635,0.0
1993-05-14,0.7599729895591736,0.0
1993-05-17,0.7446200251579285,0.0
1993-05-18,0.7400149703025818,0.0
1993-05-19,0.7369440197944641,0.0
1993-05-20,0.7277320027351379,0.0
1993-05-21,0.7231259942054749,0.0
1993-05-24,0.7139139771461487,0.0
1993-05-25,0.7154499888420105,0.0
1993-05-26,0.7231259942054749,0.0
1993-05-27,0.7139139771461487,0.0
1993-05-28,0.7277320027351379,0.0
1993-05-31,0.7139139771461487,0.0
1993-06-01,0.7154499888420105,0.0
1993-06-02,0.7215909957885742,0.0
1993-06-03,0.7415500283241272,0.0
1993-06-04,0.7446200251579285,0.0
1993-06-07,0.7369440197944641,0.0
1993-06-08,0.7292670011520386,0.0
1993-06-09,0.7338730096817017,0.0
1993-06-10,0.7292670011520386,0.0
1993-06-11,0.7185199856758118,0.0
1993-06-14,0.7169849872589111,0.0
1993-06-15,0.7200559973716736,0.0
1993-06-16,0.7246609926223755,0.0
1993-06-17,0.7215909957885742,0.0
1993-06-18,0.7369440197944641,0.0
1993-06-21,0.7292670011520386,0.0
1993-06-22,0.7231259942054749,0.0
1993-06-23,0.7415500283241272,0.0
1993-06-24,0.7415500283241272,0.0
1993-06-25,0.732338011264801,0.0
1993-06-28,0.7169849872589111,0.0
1993-06-29,0.707772970199585,0.0
1993-06-30,0.6954910159111023,0.0
1993-07-01,0.6954910159111023,0.0
1993-07-02,0.6954910159111023,0.0
1993-07-05,0.681672990322113,0.0
1993-07-06,0.7000970244407654,0.0
1993-07-07,0.6878139972686768,0.0
1993-07-08,0.6908850073814392,0.0
1993-07-09,0.6924200057983398,0.0
1993-07-12,0.6970260143280029,0.0
1993-07-13,0.6908850073814392,0.0
1993-07-14,0.6893500089645386,0.0
1993-07-15,0.6755319833755493,0.0
1993-07-16,0.6678550243377686,0.0
1993-07-19,0.6647850275039673,0.0
1993-07-20,0.6555730104446411,0.0
1993-07-21,0.6632490158081055,0.0
1993-07-22,0.6601790189743042,0.009212
1993-07-23,0.6755319833755493,0.0
1993-07-26,0.6908850073814392,0.0
1993-07-27,0.6878139972686768,0.0
1993-07-28,0.6832079887390137,0.0
1993-07-29,0.6847440004348755,0.0
1993-07-30,0.6832079887390137,0.0
1993-08-02,0.6755319833755493,0.0
1993-08-03,0.6801379919052124,0.0
1993-08-04,0.6985610127449036,0.0
1993-08-05,0.7047029733657837,0.0
1993-08-06,0.7093080282211304,0.0
1993-08-09,0.7169849872589111,0.0
1993-08-10,0.7215909957885742,0.0
1993-08-11,0.732338011264801,0.0
1993-08-12,0.732338011264801,0.0
1993-08-13,0.7231259942054749,0.0
1993-08-16,0.7215909957885742,0.0
1993-08-17,0.7246609926223755,0.0
1993-08-18,0.7185199856758118,0.0
1993-08-19,0.7093080282211304,0.0
1993-08-20,0.7000970244407654,0.0
1993-08-23,0.701632022857666,0.0
1993-08-24,0.6985610127449036,0.0
1993-08-25,0.7031670212745667,0.0
1993-08-26,0.7031670212745667,0.0
1993-08-27,0.6985610127449036,0.0
1993-08-30,0.7215909957885742,0.0
1993-08-31,0.707772970199585,0.0
1993-09-01,0.7062379717826843,0.0
1993-09-02,0.701632022857666,0.0
1993-09-03,0.6908850073814392,0.0
1993-09-06,0.6930959820747375,0.0
1993-09-07,0.7000970244407654,0.0
1993-09-08,0.7210999727249146,0.0
1993-09-09,0.7368519902229309,0.0
1993-09-10,0.7333509922027588,0.0
1993-09-13,0.7210999727249146,0.0
1993-09-14,0.7210999727249146,0.0
1993-09-15,0.7193490266799927,0.0
1993-09-16,0.7193490266799927,0.0
1993-09-17,0.7508540153503418,0.0
1993-09-20,0.7456030249595642,0.0
1993-09-21,0.7456030249595642,0.0
1993-09-22,0.743852972984314,0.0
1993-09-23,0.7456030249595642,0.0
1993-09-24,0.7508540153503418,0.0
1993-09-27,0.7543540000915527,0.0
1993-09-28,0.7543540000915527,0.0
1993-09-29,0.7718570232391357,0.0
1993-09-30,0.7718570232391357,0.0
1993-10-01,0.7631049752235413,0.0
1993-10-04,0.7701060175895691,0.0
1993-10-05,0.7788580060005188,0.0
1993-10-06,0.7823579907417297,0.0
1993-10-07,0.7963600158691406,0.0
1993-10-08,0.7998610138893127,0.0
1993-10-11,0.7893589735031128,0.0
1993-10-12,0.7946100234985352,0.0
1993-10-13,0.7928599715232849,0.0
1993-10-14,0.7841079831123352,0.0
1993-10-15,0.791109025478363,0.0
1993-10-18,0.7893589735031128,0.0
1993-10-19,0.7718570232391357,0.0
1993-10-20,0.7718570232391357,0.0
1993-10-21,0.7736070156097412,0.0
1993-10-22,0.7806079983711243,0.0
1993-10-25,0.7823579907417297,0.0
1993-10-26,0.7858589887619019,0.0
1993-10-27,0.7876089811325073,0.0
1993-10-28,0.7823579907417297,0.0
1993-10-29,0.8016110062599182,0.0
1993-11-01,0.8138620257377625,0.0
1993-11-02,0.8523679971694946,0.0
1993-11-03,0.8576189875602722,0.0
1993-11-04,0.8541179895401001,0.0
1993-11-05,0.8488669991493225,0.0
1993-11-08,0.8506180047988892,0.0
1993-11-09,0.847117006778717,0.0
1993-11-10,0.847117006778717,0.0
1993-11-11,0.875120997428894,0.0
1993-11-12,0.875120997428894,0.0
1993-11-15,0.8838719725608826,0.0
1993-11-16,0.9013749957084656,0.0
1993-11-17,0.9188770055770874,0.0
1993-11-18,0.910125970840454,0.0
1993-11-19,0.847117006778717,0.0
1993-11-22,0.8138620257377625,0.0
1993-11-23,0.8313649892807007,0.0
1993-11-24,0.8313649892807007,0.0
1993-11-25,0.847117006778717,0.0
1993-11-26,0.8541179895401001,0.0
1993-11-29,0.910125970840454,0.0
1993-11-30,0.9363790154457092,0.0
1993-12-01,0.9188770055770874,0.0
1993-12-02,0.9188770055770874,0.0
1993-12-03,0.9013749957084656,0.0
1993-12-06,0.9188770055770874,0.0
1993-12-07,0.8926230072975159,0.0
1993-12-08,0.910125970840454,0.0
1993-12-09,0.8926230072975159,0.0
1993-12-10,0.8838719725608826,0.0
1993-12-13,0.9363790154457092,0.0
1993-12-14,0.9451310038566588,0.0
1993-12-15,0.9451310038566588,0.0
1993-12-16,0.9888870120048524,0.0
1993-12-17,0.9538819789886476,0.0
1993-12-20,0.927627980709076,0.0
1993-12-21,0.9451310038566588,0.0
1993-12-22,1.006389021873474,0.0
1993-12-23,1.006389021873474,0.0
1993-12-24,1.0413939952850342,0.0
1993-12-27,1.1026530265808103,0.0
1993-12-28,1.1726620197296145,0.0
1993-12-29,1.1376570463180542,0.0
1993-12-30,1.2164180278778076,0.0
1993-12-31,1.295179009437561,0.0
1994-01-03,1.295179009437561,0.0
1994-01-04,1.295179009437561,0.0
1994-01-05,1.3651889562606812,0.0
1994-01-06,1.277677059173584,0.0
1994-01-07,1.1901650428771973,0.0
1994-01-10,1.1026530265808103,0.0
1994-01-11,1.0588959455490112,0.0
1994-01-12,1.0676480531692505,0.0
1994-01-13,0.9976379871368408,0.0
1994-01-14,0.9976379871368408,0.0
1994-01-17,1.0588959455490112,0.0
1994-01-18,0.9976379871368408,0.0
1994-01-19,1.006389021873474,0.0
1994-01-20,0.9888870120048524,0.0
1994-01-21,1.0238920450210571,0.0
1994-01-24,0.9976379871368408,0.0
1994-01-25,0.9888870120048524,0.0
1994-01-26,1.006389021873474,0.0
1994-01-27,1.0326429605484009,0.0
1994-01-28,1.0151400566101074,0.0
1994-01-31,1.006389021873474,0.0
1994-02-01,0.9888870120048524,0.0
1994-02-02,0.9888870120048524,0.0
1994-02-03,0.9976379871368408,0.0
1994-02-04,0.980135977268219,0.0
1994-02-07,0.980135977268219,0.0
1994-02-08,0.980135977268219,0.0
1994-02-09,0.980135977268219,0.0
1994-02-10,0.980135977268219,0.0
1994-02-11,0.980135977268219,0.0
1994-02-14,0.9363790154457092,0.0
1994-02-15,0.9451310038566588,0.0
1994-02-16,0.9363790154457092,0.0
1994-02-17,0.9451310038566588,0.0
1994-02-18,0.9363790154457092,0.0
1994-02-21,0.9451310038566588,0.0
1994-02-22,0.9451310038566588,0.0
1994-02-23,0.9363790154457092,0.0
1994-02-24,0.910125970840454,0.0
1994-02-25,0.8926230072975159,0.0
1994-02-28,0.910125970840454,0.0
1994-03-01,0.927627980709076,0.0
1994-03-02,0.9363790154457092,0.0
1994-03-03,0.9363790154457092,0.0
1994-03-04,0.980135977268219,0.0
1994-03-07,0.9538819789886476,0.0
1994-03-08,0.980135977268219,0.0
1994-03-09,0.9451310038566588,0.0
1994-03-10,0.9451310038566588,0.0
1994-03-11,0.9538819789886476,0.0
1994-03-14,0.9626330137252808,0.0
1994-03-15,0.9713839888572692,0.0
1994-03-16,0.9713839888572692,0.0
1994-03-17,0.980135977268219,0.0
1994-03-18,0.9538819789886476,0.0
1994-03-21,0.9713839888572692,0.0
1994-03-22,0.980135977268219,0.0
1994-03-23,0.9888870120048524,0.0
1994-03-24,0.9976379871368408,0.0
1994-03-25,1.006389021873474,0.0
1994-03-28,1.0326429605484009,0.0
1994-03-29,1.0326429605484009,0.0
1994-03-30,1.006389021873474,0.0
1994-03-31,0.9976379871368408,0.0
1994-04-01,1.0151400566101074,0.0
1994-04-04,1.0326429605484009,0.0
1994-04-05,1.0326429605484009,0.0
1994-04-06,1.0851500034332275,0.0
1994-04-07,1.0763989686965942,0.0
1994-04-08,1.1201549768447876,0.0
1994-04-11,1.198915958404541,0.0
1994-04-12,1.1901650428771973,0.0
1994-04-13,1.198915958404541,0.0
1994-04-14,1.163910984992981,0.0
1994-04-15,1.163910984992981,0.0
1994-04-18,1.1814130544662476,0.0
1994-04-19,1.1901650428771973,0.0
1994-04-20,1.1901650428771973,0.0
1994-04-21,1.1901650428771973,0.0
1994-04-22,1.225170016288757,0.0
1994-04-25,1.198915958404541,0.0
1994-04-26,1.1814130544662476,0.0
1994-04-27,1.1901650428771973,0.0
1994-04-28,1.1814130544662476,0.0
1994-04-29,1.163910984992981,0.0
1994-05-02,1.1901650428771973,0.0
1994-05-03,1.198915958404541,0.0
1994-05-04,1.2514230012893677,0.0
1994-05-05,1.2164180278778076,0.0
1994-05-06,1.198915958404541,0.0
1994-05-09,1.1814130544662476,0.0
1994-05-10,1.198915958404541,0.0
1994-05-11,1.2076669931411743,0.0
1994-05-12,1.2164180278778076,0.0
1994-05-13,1.2164180278778076,0.0
1994-05-16,1.2164180278778076,0.0
1994-05-17,1.1901650428771973,0.0
1994-05-18,1.1726620197296145,0.0
1994-05-19,1.163910984992981,0.0
1994-05-20,1.1726620197296145,0.0
1994-05-23,1.1814130544662476,0.0
1994-05-24,2.5697059631347656,0.0
1994-05-25,2.5697059631347656,0.0
1994-05-26,2.615912914276123,0.0
1994-05-27,2.5851080417633057,0.0
1994-05-30,2.692748069763184,0.0
1994-05-31,2.662118911743164,0.0
1994-06-01,2.754357099533081,0.0
1994-06-02,2.677345991134644,0.0
1994-06-03,2.646717071533203,0.0
1994-06-06,2.754357099533081,0.0
1994-06-07,2.754357099533081,0.014002
1994-06-08,2.754357099533081,0.0
1994-06-09,2.615912914276123,0.0
1994-06-10,2.692748069763184,0.0
1994-06-13,2.8467700481414795,0.0
1994-06-14,2.8467700481414795,0.0
1994-06-15,2.908202886581421,0.0
1994-06-16,2.923604965209961,0.0
1994-06-17,2.86199688911438,0.0
1994-06-20,2.815964937210083,0.0
1994-06-21,2.754357099533081,0.0
1994-06-22,2.692748069763184,0.0
1994-06-23,2.662118911743164,0.0
1994-06-24,2.738955020904541,0.0
1994-06-27,2.662118911743164,0.0
1994-06-28,2.662118911743164,0.0
1994-06-29,2.677345991134644,0.0
1994-06-30,2.692748069763184,0.0
1994-07-01,2.692748069763184,0.0
1994-07-04,2.86199688911438,0.0
1994-07-05,2.939007043838501,0.0
1994-07-06,3.01601791381836,0.0
1994-07-07,3.0006160736083984,0.0
1994-07-08,3.1544620990753174,0.0
1994-07-11,3.3391129970550537,0.0
1994-07-12,3.2929069995880127,0.0
1994-07-13,3.3699169158935547,0.0
1994-07-14,3.400722026824951,0.0
1994-07-15,3.431350946426392,0.0
1994-07-18,3.3699169158935547,0.0
1994-07-19,3.3237109184265137,0.0
1994-07-20,3.1698648929595947,0.0
1994-07-21,3.216070890426636,0.0
1994-07-22,3.0774519443511963,0.0
1994-07-25,3.2929069995880127,0.0
1994-07-26,3.3391129970550537,0.0
1994-07-27,3.262101888656616,0.0
1994-07-28,3.262101888656616,0.0
1994-07-29,3.4929590225219727,0.0
1994-08-01,3.462155103683472,0.0
1994-08-02,3.4929590225219727,0.0
1994-08-03,3.3391129970550537,0.0
1994-08-04,3.4159491062164307,0.0
1994-08-05,3.569969892501831,0.0
1994-08-08,3.662208080291748,0.0
1994-08-09,3.662208080291748,0.0
1994-08-10,3.508362054824829,0.0
1994-08-11,3.3391129970550537,0.0
1994-08-12,3.3391129970550537,0.0
1994-08-15,3.508362054824829,0.0
1994-08-16,3.53916597366333,0.0
1994-08-17,3.55456805229187,0.0
1994-08-18,3.585371971130371,0.0
1994-08-19,3.708414077758789,0.0
1994-08-22,3.816054105758667,0.0
1994-08-23,3.7392189502716064,0.0
1994-08-24,3.693011999130249,0.0
1994-08-25,3.893064975738525,0.0
1994-08-26,4.062313079833984,0.0
1994-08-29,3.708420991897583,0.0
1994-08-30,3.892983913421631,0.0
1994-08-31,3.985366106033325,0.0
1994-09-01,3.8161659240722656,0.0
1994-09-02,3.7391490936279297,0.0
1994-09-05,3.616039991378784,0.0
1994-09-06,3.56994891166687,0.0
1994-09-07,3.56994891166687,0.0
1994-09-08,3.616039991378784,0.0
1994-09-09,3.662329912185669,0.0
1994-09-12,3.616039991378784,0.0
1994-09-13,3.56994891166687,0.0
1994-09-14,3.585313081741333,0.0
1994-09-15,3.5545849800109863,0.0
1994-09-16,3.5082950592041016,0.0
1994-09-19,3.539222002029419,0.0
1994-09-20,3.539222002029419,0.0
1994-09-21,3.539222002029419,0.0
1994-09-22,3.4929308891296387,0.0
1994-09-23,3.56994891166687,0.0
1994-09-26,3.616039991378784,0.0
1994-09-27,3.662329912185669,0.0
1994-09-28,3.662329912185669,0.0
1994-09-29,3.662329912185669,0.0
1994-09-30,3.723784923553467,0.0
1994-10-03,3.785238981246948,0.0
1994-10-04,3.9700019359588623,0.0
1994-10-05,4.108473777770996,0.0
1994-10-06,3.9546380043029785,0.0
1994-10-07,3.985366106033325,0.0
1994-10-10,3.892983913421631,0.0
1994-10-11,3.892983913421631,0.0
1994-10-12,4.15456485748291,0.0
1994-10-13,4.370055198669434,0.0
1994-10-14,4.262310028076172,0.0
1994-10-17,4.32396411895752,0.0
1994-10-18,4.32396411895752,0.0
1994-10-19,4.216218948364258,0.0
1994-10-20,4.2008562088012695,0.0
1994-10-21,4.185492038726807,0.0
1994-10-24,3.9083480834960938,0.0
1994-10-25,3.9083480834960938,0.0
1994-10-26,3.9546380043029785,0.0
1994-10-27,3.9546380043029785,0.0
1994-10-28,4.06238317489624,0.0
1994-10-31,3.8161659240722656,0.0
1994-11-01,3.8161659240722656,0.0
1994-11-02,3.86225700378418,0.0
1994-11-03,3.9083480834960938,0.0
1994-11-04,4.000729084014893,0.0
1994-11-07,3.939275026321411,0.0
1994-11-08,3.985366106033325,0.0
1994-11-09,4.185492038726807,0.0
1994-11-10,4.108473777770996,0.0
1994-11-11,4.185492038726807,0.0
1994-11-14,4.139202117919922,0.0
1994-11-15,4.139202117919922,0.0
1994-11-16,4.123837947845459,0.0
1994-11-17,4.139202117919922,0.0
1994-11-18,4.15456485748291,0.0
1994-11-21,4.185492038726807,0.0
1994-11-22,4.15456485748291,0.0
1994-11-23,4.123837947845459,0.0
1994-11-24,4.06238317489624,0.0
1994-11-25,4.139202117919922,0.0
1994-11-28,4.077746868133545,0.0
1994-11-29,4.139202117919922,0.0
1994-11-30,4.123837947845459,0.0
1994-12-01,4.139202117919922,0.0
1994-12-02,4.216218948364258,0.0
1994-12-05,4.508526802062988,0.0
1994-12-06,4.708653926849365,0.0
1994-12-07,4.677727222442627,0.0
1994-12-08,4.477799892425537,0.0
1994-12-09,4.523890972137451,0.0
1994-12-12,4.32396411895752,0.0
1994-12-13,4.262310028076172,0.0
1994-12-14,4.216218948364258,0.0
1994-12-15,4.308600902557373,0.0
1994-12-16,4.262310028076172,0.0
1994-12-19,4.308600902557373,0.0
1994-12-20,4.370055198669434,0.0
1994-12-21,4.32396411895752,0.0
1994-12-22,4.385418891906738,0.0
1994-12-23,4.216218948364258,0.0
1994-12-26,4.32396411895752,0.0
1994-12-27,4.32396411895752,0.0
1994-12-28,4.32396411895752,0.0
1994-12-29,4.370055198669434,0.0
1994-12-30,4.400782108306885,0.0
1995-01-02,4.293036937713623,0.0
1995-01-03,4.293036937713623,0.0
1995-01-04,4.293036937713623,0.0
1995-01-05,4.293036937713623,0.0
1995-01-06,4.108473777770996,0.0
1995-01-09,4.047019958496094,0.0
1995-01-10,3.9546380043029785,0.0
1995-01-11,3.939275026321411,0.0
1995-01-12,3.800802946090698,0.0
1995-01-13,3.754512071609497,0.0
1995-01-16,3.5545849800109863,0.0
1995-01-17,3.5545849800109863,0.0
1995-01-18,3.56994891166687,0.0
1995-01-19,3.616039991378784,0.0
1995-01-20,3.477567911148072,0.0
1995-01-23,3.385185956954956,0.0
1995-01-24,3.262078046798706,0.0
1995-01-25,3.416112899780273,0.0
1995-01-26,3.3237318992614746,0.0
1995-01-27,3.3237318992614746,0.0
1995-01-30,3.3237318992614746,0.0
1995-01-31,3.3237318992614746,0.0
1995-02-01,3.3237318992614746,0.0
1995-02-02,3.3237318992614746,0.0
1995-02-03,3.3237318992614746,0.0
1995-02-06,3.062150955200196,0.0
1995-02-07,3.262078046798706,0.0
1995-02-08,3.339096069335937,0.0
1995-02-09,3.339096069335937,0.0
1995-02-10,3.539222002029419,0.0
1995-02-13,3.4622039794921875,0.0
1995-02-14,3.385185956954956,0.0
1995-02-15,3.4929308891296387,0.0
1995-02-16,3.539222002029419,0.0
1995-02-17,3.539222002029419,0.0
1995-02-20,3.4929308891296387,0.0
1995-02-21,3.539222002029419,0.0
1995-02-22,3.5082950592041016,0.0
1995-02-23,3.477567911148072,0.0
1995-02-24,3.5082950592041016,0.0
1995-02-27,3.4622039794921875,0.0
1995-02-28,3.477567911148072,0.0
1995-03-01,3.3698229789733887,0.0
1995-03-02,3.40054988861084,0.0
1995-03-03,3.40054988861084,0.0
1995-03-06,3.4314770698547363,0.0
1995-03-07,3.40054988861084,0.0
1995-03-08,3.339096069335937,0.0
1995-03-09,3.3237318992614746,0.0
1995-03-10,3.416112899780273,0.0
1995-03-13,3.5082950592041016,0.0
1995-03-14,3.56994891166687,0.0
1995-03-15,3.8161659240722656,0.0
1995-03-16,3.892983913421631,0.0
1995-03-17,3.86225700378418,0.0
1995-03-20,3.831530094146729,0.0
1995-03-21,3.785238981246948,0.0
1995-03-22,3.754512071609497,0.0
1995-03-23,3.723784923553467,0.0
1995-03-24,3.877620935440064,0.0
1995-03-27,4.108473777770996,0.0
1995-03-28,4.293036937713623,0.0
1995-03-29,4.293036937713623,0.0
1995-03-30,4.431708812713623,0.0
1995-03-31,4.32396411895752,0.0
1995-04-03,4.32396411895752,0.0
1995-04-04,4.32396411895752,0.0
1995-04-05,4.32396411895752,0.0
1995-04-06,4.32396411895752,0.0
1995-04-07,4.185492038726807,0.0
1995-04-10,4.32396411895752,0.0
1995-04-11,4.308600902557373,0.0
1995-04-12,4.277674198150635,0.0
1995-04-13,4.370055198669434,0.0
1995-04-14,4.15456485748291,0.0
1995-04-17,4.293036937713623,0.0
1995-04-18,4.2008562088012695,0.0
1995-04-19,4.308600902557373,0.0
1995-04-20,4.277674198150635,0.0
1995-04-21,4.370055198669434,0.0
1995-04-24,4.539255142211914,0.0
1995-04-25,4.400782108306885,0.0
1995-04-26,4.216218948364258,0.0
1995-04-27,4.32396411895752,0.0
1995-04-28,4.293036937713623,0.0
1995-05-01,4.385418891906738,0.0
1995-05-02,4.354691028594971,0.0
1995-05-03,4.370055198669434,0.0
1995-05-04,4.293036937713623,0.0
1995-05-05,4.000729084014893,0.0
1995-05-08,4.277674198150635,0.0
1995-05-09,4.32396411895752,0.0
1995-05-10,4.400782108306885,0.0
1995-05-11,4.385418891906738,0.0
1995-05-12,4.447072982788086,0.0
1995-05-15,4.539255142211914,0.0
1995-05-16,4.554617881774902,0.0
1995-05-17,4.554617881774902,0.0
1995-05-18,4.539255142211914,0.0
1995-05-19,4.523890972137451,0.0
1995-05-22,4.385418891906738,0.0
1995-05-23,4.385418891906738,0.0
1995-05-24,4.462436199188232,0.0
1995-05-25,4.477799892425537,0.0
1995-05-26,4.508526802062988,0.0
1995-05-29,4.385418891906738,0.0
1995-05-30,4.431708812713623,0.0
1995-05-31,4.447072982788086,0.0
1995-06-01,4.462436199188232,0.0
1995-06-02,4.462436199188232,0.0
1995-06-05,4.477799892425537,0.0
1995-06-06,4.539255142211914,0.0
1995-06-07,4.523890972137451,0.0
1995-06-08,4.523890972137451,0.0
1995-06-09,4.539255142211914,0.0
1995-06-12,4.523890972137451,0.0
1995-06-13,4.523890972137451,0.0
1995-06-14,4.447072982788086,0.0
1995-06-15,4.308600902557373,0.0
1995-06-16,4.400782108306885,0.0
1995-06-19,4.231583118438721,0.0
1995-06-20,4.293036937713623,0.0
1995-06-21,4.354691028594971,0.0
1995-06-22,4.400782108306885,0.0
1995-06-23,4.400782108306885,0.0
1995-06-26,4.508526802062988,0.0
1995-06-27,4.462436199188232,0.0
1995-06-28,4.508526802062988,0.0
1995-06-29,4.400782108306885,0.0
1995-06-30,4.462436199188232,0.0
1995-07-03,4.32396411895752,0.0
1995-07-04,4.400782108306885,0.0
1995-07-05,4.477799892425537,0.0
1995-07-06,4.523890972137451,0.0
1995-07-07,4.539255142211914,0.0
1995-07-10,4.554617881774902,0.0
1995-07-11,4.61627197265625,0.0
1995-07-12,4.61627197265625,0.0
1995-07-13,4.600909233093262,0.0
1995-07-14,4.400782108306885,0.0
1995-07-17,4.293036937713623,0.0
1995-07-18,4.293036937713623,0.0
1995-07-19,4.000729084014893,0.0
1995-07-20,3.7391490936279297,0.0
1995-07-21,3.723784923553467,0.0
1995-07-24,3.785238981246948,0.0
1995-07-25,3.539222002029419,0.0
1995-07-26,3.477567911148072,0.0
1995-07-27,3.662329912185669,0.0
1995-07-28,3.662329912185669,0.0
1995-07-31,3.56994891166687,0.0
1995-08-01,3.56994891166687,0.0
1995-08-02,3.3237318992614746,0.0
1995-08-03,3.308367967605591,0.0
1995-08-04,3.4622039794921875,0.0
1995-08-07,3.6467669010162354,0.0
1995-08-08,3.539222002029419,0.0
1995-08-09,3.5082950592041016,0.0
1995-08-10,3.585313081741333,0.0
1995-08-11,3.585313081741333,0.0
1995-08-14,3.4929308891296387,0.0
1995-08-15,3.56994891166687,0.0
1995-08-16,2.6003639698028564,0.0
1995-08-17,2.7542800903320312,0.0
1995-08-18,2.769643068313598,0.0
1995-08-21,2.7389159202575684,0.0
1995-08-22,2.7542800903320312,0.0
1995-08-23,2.6928250789642334,0.0
1995-08-24,2.616007089614868,0.0
1995-08-25,2.6928250789642334,0.0
1995-08-28,2.677462100982666,0.0
1995-08-29,2.662097930908203,0.0
1995-08-30,2.6928250789642334,0.0
1995-08-31,2.662097930908203,0.0
1995-09-01,2.723552942276001,0.0
1995-09-04,2.9235589504241943,0.0
1995-09-05,3.000657081604004,0.0
1995-09-06,3.0621109008789062,0.0
1995-09-07,3.1389288902282715,0.0
1995-09-08,3.30820894241333,0.0
1995-09-11,3.216027021408081,0.0
1995-09-12,3.30820894241333,0.0
1995-09-13,3.323571920394897,0.0
1995-09-14,3.385305881500244,0.0
1995-09-15,3.4160330295562744,0.0
1995-09-18,3.4621241092681885,0.0
1995-09-19,3.385305881500244,0.0
1995-09-20,3.323571920394897,0.0
1995-09-21,3.323571920394897,0.0
1995-09-22,3.323571920394897,0.0
1995-09-25,3.385305881500244,0.0
1995-09-26,3.385305881500244,0.0
1995-09-27,3.2928450107574463,0.0
1995-09-28,3.2928450107574463,0.0
1995-09-29,3.154572010040283,0.0
1995-10-02,3.18530011177063,0.0
1995-10-03,3.169935941696167,0.0
1995-10-04,3.216027021408081,0.0
1995-10-05,3.216027021408081,0.0
1995-10-06,3.339215040206909,0.0
1995-10-09,3.6467669010162354,0.0
1995-10-10,3.6467669010162354,0.0
1995-10-11,3.523858070373535,0.0
1995-10-12,3.508495092391968,0.0
1995-10-13,3.4621241092681885,0.0
1995-10-16,3.446760892868042,0.0
1995-10-17,3.539222002029419,0.0
1995-10-18,3.4774880409240723,0.0
1995-10-19,3.446760892868042,0.0
1995-10-20,3.4621241092681885,0.0
1995-10-23,3.4774880409240723,0.0
1995-10-24,3.4621241092681885,0.0
1995-10-25,3.4621241092681885,0.0
1995-10-26,3.508495092391968,0.0
1995-10-27,3.523858070373535,0.0
1995-10-30,3.339215040206909,0.0
1995-10-31,3.339215040206909,0.0
1995-11-01,3.216027021408081,0.0
1995-11-02,3.339215040206909,0.0
1995-11-03,3.30820894241333,0.0
1995-11-06,3.354578971862793,0.0
1995-11-07,3.323571920394897,0.0
1995-11-08,3.154572010040283,0.0
1995-11-09,3.154572010040283,0.0
1995-11-10,3.077475070953369,0.0
1995-11-13,2.938922882080078,0.0
1995-11-14,2.938922882080078,0.0
1995-11-15,2.800649881362915,0.0
1995-11-16,2.7542800903320312,0.0
1995-11-17,2.7542800903320312,0.0
1995-11-20,2.9081950187683105,0.0
1995-11-21,2.969928979873657,0.0
1995-11-22,2.9235589504241943,0.0
1995-11-23,2.816014051437378,0.0
1995-11-24,2.8313770294189453,0.0
1995-11-27,2.9235589504241943,0.0
1995-11-28,2.8313770294189453,0.0
1995-11-29,2.64673399925232,0.0
1995-11-30,2.662097930908203,0.0
1995-12-01,2.723552942276001,0.0
1995-12-04,2.662097930908203,0.0
1995-12-05,2.6928250789642334,0.0
1995-12-06,2.662097930908203,0.0
1995-12-07,2.708189010620117,0.0
1995-12-08,2.769643068313598,0.0
1995-12-11,2.87746810913086,0.0
1995-12-12,2.862104892730713,0.0
1995-12-13,2.87746810913086,0.0
1995-12-14,2.87746810913086,0.0
1995-12-15,2.87746810913086,0.0
1995-12-18,2.9081950187683105,0.0
1995-12-19,2.862104892730713,0.0
1995-12-20,2.9235589504241943,0.0
1995-12-21,2.9081950187683105,0.0
1995-12-22,3.046747922897339,0.0
1995-12-25,3.046747922897339,0.0
1995-12-26,3.046747922897339,0.0
1995-12-27,3.031383991241455,0.0
1995-12-28,3.077475070953369,0.0
1995-12-29,3.123565912246704,0.0
1996-01-01,3.0928380489349365,0.0
1996-01-02,3.0928380489349365,0.0
1996-01-03,3.0928380489349365,0.0
1996-01-04,3.0928380489349365,0.0
1996-01-05,2.87746810913086,0.0
1996-01-08,2.9081950187683105,0.0
1996-01-09,2.87746810913086,0.0
1996-01-10,2.800649881362915,0.0
1996-01-11,2.7542800903320312,0.0
1996-01-12,2.7542800903320312,0.0
1996-01-15,2.800649881362915,0.0
1996-01-16,2.800649881362915,0.0
1996-01-17,2.8313770294189453,0.0
1996-01-18,2.8313770294189453,0.0
1996-01-19,2.862104892730713,0.0
1996-01-22,2.9235589504241943,0.0
1996-01-23,2.87746810913086,0.0
1996-01-24,2.816014051437378,0.0
1996-01-25,2.7542800903320312,0.0
1996-01-26,2.7542800903320312,0.0
1996-01-29,2.616007089614868,0.0
1996-01-30,2.662097930908203,0.0
1996-01-31,2.662097930908203,0.0
1996-02-01,2.662097930908203,0.0
1996-02-02,2.662097930908203,0.0
1996-02-05,2.5081820487976074,0.0
1996-02-06,2.477454900741577,0.0
1996-02-07,2.338902950286865,0.0
1996-02-08,2.323539018630981,0.0
1996-02-09,2.338902950286865,0.0
1996-02-12,2.323539018630981,0.0
1996-02-13,2.2928121089935303,0.0
1996-02-14,2.277448892593384,0.0
1996-02-15,2.277448892593384,0.0
1996-02-16,2.277448892593384,0.0
1996-02-19,2.277448892593384,0.0
1996-02-20,2.277448892593384,0.0
1996-02-21,2.277448892593384,0.0
1996-02-22,2.277448892593384,0.0
1996-02-23,2.277448892593384,0.0
1996-02-26,2.2620849609375,0.0
1996-02-27,2.15425992012024,0.0
1996-02-28,2.1081690788269043,0.0
1996-02-29,2.1081690788269043,0.0
1996-03-01,2.138896942138672,0.0
1996-03-04,2.138896942138672,0.0
1996-03-05,2.169624090194702,0.0
1996-03-06,2.1081690788269043,0.0
1996-03-07,2.031071901321411,0.0
1996-03-08,2.015707969665528,0.0
1996-03-11,2.031071901321411,0.0
1996-03-12,2.015707969665528,0.0
1996-03-13,2.015707969665528,0.0
1996-03-14,2.0617990493774414,0.0
1996-03-15,2.138896942138672,0.0
1996-03-18,2.184987068176269,0.0
1996-03-19,2.2310779094696045,0.0
1996-03-20,2.2310779094696045,0.0
1996-03-21,2.2310779094696045,0.0
1996-03-22,2.2928121089935303,0.0
1996-03-25,2.323539018630981,0.0
1996-03-26,2.277448892593384,0.0
1996-03-27,2.2620849609375,0.0
1996-03-28,2.277448892593384,0.0
1996-03-29,2.277448892593384,0.0
1996-04-01,2.277448892593384,0.0
1996-04-02,2.323539018630981,0.0
1996-04-03,2.323539018630981,0.0
1996-04-04,2.323539018630981,0.0
1996-04-05,2.477454900741577,0.0
1996-04-08,2.49281907081604,0.0
1996-04-09,2.49281907081604,0.0
1996-04-10,2.49281907081604,0.0
1996-04-11,2.323539018630981,0.0
1996-04-12,2.38499402999878,0.0
1996-04-15,2.400357961654663,0.0
1996-04-16,2.431364059448242,0.0
1996-04-17,2.431364059448242,0.0
1996-04-18,2.538909912109375,0.0
1996-04-19,2.477454900741577,0.0
1996-04-22,2.431364059448242,0.0
1996-04-23,2.477454900741577,0.0
1996-04-24,2.5081820487976074,0.0
1996-04-25,2.538909912109375,0.0
1996-04-26,2.5081820487976074,0.0
1996-04-29,2.662097930908203,0.0
1996-04-30,2.616007089614868,0.0
1996-05-01,2.616007089614868,0.0
1996-05-02,2.6003639698028564,0.0
1996-05-03,2.708189010620117,0.0
1996-05-06,2.6003639698028564,0.0
1996-05-07,2.6003639698028564,0.0
1996-05-08,2.6928250789642334,0.0
1996-05-09,2.708189010620117,0.0
1996-05-10,2.723552942276001,0.0
1996-05-13,2.769643068313598,0.0
1996-05-14,2.800649881362915,0.0
1996-05-15,2.7542800903320312,0.0
1996-05-16,2.662097930908203,0.0
1996-05-17,2.662097930908203,0.0
1996-05-20,2.538909912109375,0.0
1996-05-21,2.5081820487976074,0.0
1996-05-22,2.5542728900909424,0.0
1996-05-23,2.662097930908203,0.0
1996-05-24,2.64673399925232,0.0
1996-05-27,2.585000991821289,0.0
1996-05-28,2.585000991821289,0.0
1996-05-29,2.6003639698028564,0.0
1996-05-30,2.6003639698028564,0.0
1996-05-31,2.662097930908203,0.0
1996-06-03,2.662097930908203,0.0
1996-06-04,2.662097930908203,0.0
1996-06-05,2.6928250789642334,0.0
1996-06-06,2.723552942276001,0.0
1996-06-07,2.816014051437378,0.0
1996-06-10,2.862104892730713,0.0
1996-06-11,2.9235589504241943,0.0
1996-06-12,3.123565912246704,0.0
1996-06-13,3.323571920394897,0.0
1996-06-14,3.4160330295562744,0.0
1996-06-17,3.262118101119995,0.0
1996-06-18,3.2006630897521973,0.0
1996-06-19,3.2006630897521973,0.0
1996-06-20,3.2006630897521973,0.0
1996-06-21,3.123565912246704,0.0
1996-06-24,3.18530011177063,0.0
1996-06-25,3.18530011177063,0.0
1996-06-26,3.2006630897521973,0.0
1996-06-27,3.262118101119995,0.0
1996-06-28,3.2006630897521973,0.0
1996-07-01,3.2313899993896484,0.0
1996-07-02,3.2313899993896484,0.0
1996-07-03,3.2928450107574463,0.0
1996-07-04,3.262118101119995,0.0
1996-07-05,3.262118101119995,0.0
1996-07-08,3.2006630897521973,0.0
1996-07-09,3.262118101119995,0.0
1996-07-10,3.246753931045532,0.0
1996-07-11,3.30820894241333,0.0
1996-07-12,3.323571920394897,0.0
1996-07-15,3.354578971862793,0.0
1996-07-16,3.262118101119995,0.0
1996-07-17,3.246753931045532,0.0
1996-07-18,3.2928450107574463,0.0
1996-07-19,3.30820894241333,0.0
1996-07-22,3.2928450107574463,0.0
1996-07-23,3.2928450107574463,0.0
1996-07-24,3.30820894241333,0.0
1996-07-25,3.323571920394897,0.0
1996-07-26,3.354578971862793,0.0
1996-07-29,3.400670051574707,0.0
1996-07-30,3.4160330295562744,0.0
1996-07-31,3.4160330295562744,0.0
1996-08-01,3.4160330295562744,0.0
1996-08-02,3.6467669010162354,0.0
1996-08-05,3.539222002029419,0.0
1996-08-06,3.539222002029419,0.0
1996-08-07,3.585313081741333,0.0
1996-08-08,3.523858070373535,0.0
1996-08-09,3.508495092391968,0.0
1996-08-12,3.508495092391968,0.0
1996-08-13,3.523858070373535,0.0
1996-08-14,3.523858070373535,0.0
1996-08-15,3.508495092391968,0.0
1996-08-16,3.4774880409240723,0.0
1996-08-19,3.354578971862793,0.0
1996-08-20,3.416172981262207,0.0
1996-08-21,3.64704704284668,0.0
1996-08-22,3.831409931182861,0.0
1996-08-23,3.970102071762085,0.0
1996-08-26,4.093289852142334,0.0
1996-08-27,4.123878002166748,0.0
1996-08-28,4.03169584274292,0.0
1996-08-29,3.9390950202941895,0.0
1996-08-30,3.9390950202941895,0.0
1996-09-02,3.8930039405822754,0.0
1996-09-03,3.862416982650757,0.0
1996-09-04,3.970102071762085,0.0
1996-09-05,3.9390950202941895,0.0
1996-09-06,3.8930039405822754,0.0
1996-09-09,3.9390950202941895,0.0
1996-09-10,3.9390950202941895,0.0
1996-09-11,4.000689029693604,0.0
1996-09-12,4.000689029693604,0.0
1996-09-13,3.970102071762085,0.0
1996-09-16,4.000689029693604,0.0
1996-09-17,4.093289852142334,0.0
1996-09-18,4.154465198516846,0.0
1996-09-19,4.262150764465332,0.0
1996-09-20,4.216060161590576,0.0
1996-09-23,4.29315710067749,0.0
1996-09-24,4.416346073150635,0.0
1996-09-25,4.323744773864746,0.0
1996-09-26,4.416346073150635,0.0
1996-09-27,4.416346073150635,0.0
1996-09-30,4.446932792663574,0.0
1996-10-01,4.7083940505981445,0.0
1996-10-02,4.862588882446289,0.0
1996-10-03,5.031868934631348,0.0
1996-10-04,5.154637813568115,0.0
1996-10-07,5.093462944030762,0.0
1996-10-08,5.154637813568115,0.0
1996-10-09,5.354924201965332,0.0
1996-10-10,5.354924201965332,0.0
1996-10-11,5.416518211364746,0.0
1996-10-14,5.124050140380859,0.0
1996-10-15,5.124050140380859,0.0
1996-10-16,5.093462944030762,0.0
1996-10-17,5.124050140380859,0.0
1996-10-18,5.293330192565918,0.0
1996-10-21,5.216231822967529,0.0
1996-10-22,5.323916912078857,0.0
1996-10-23,5.323916912078857,0.0
1996-10-24,5.385510921478272,0.0
1996-10-25,5.385510921478272,0.0
1996-10-28,5.293330192565918,0.0
1996-10-29,5.323916912078857,0.0
1996-10-30,5.154637813568115,0.0
1996-10-31,5.154637813568115,0.0
1996-11-01,5.031868934631348,0.0
1996-11-04,5.354924201965332,0.0
1996-11-05,5.385510921478272,0.0
1996-11-06,5.616384983062744,0.0
1996-11-07,5.6473917961120605,0.0
1996-11-08,5.47811222076416,0.0
1996-11-11,5.447105884552002,0.0
1996-11-12,5.447105884552002,0.0
1996-11-13,5.508699893951416,0.0
1996-11-14,5.416518211364746,0.0
1996-11-15,5.416518211364746,0.0
1996-11-18,5.416518211364746,0.0
1996-11-19,5.416518211364746,0.0
1996-11-20,5.57029390335083,0.0
1996-11-21,5.970447063446045,0.0
1996-11-22,6.155229091644287,0.0
1996-11-25,5.970447063446045,0.0
1996-11-26,5.970447063446045,0.0
1996-11-27,5.970447063446045,0.0
1996-11-28,5.6473917961120605,0.0
1996-11-29,5.354924201965332,0.0
1996-12-02,5.47811222076416,0.0
1996-12-03,5.323916912078857,0.0
1996-12-04,5.18564510345459,0.0
1996-12-05,5.062456130981445,0.0
1996-12-06,5.124050140380859,0.0
1996-12-09,5.124050140380859,0.0
1996-12-10,5.124050140380859,0.0
1996-12-11,5.062456130981445,0.0
1996-12-12,5.093462944030762,0.0
1996-12-13,5.124050140380859,0.0
1996-12-16,5.216231822967529,0.0
1996-12-17,5.216231822967529,0.0
1996-12-18,5.18564510345459,0.0
1996-12-19,5.093462944030762,0.0
1996-12-20,5.093462944030762,0.0
1996-12-23,5.216231822967529,0.0
1996-12-24,5.216231822967529,0.0
1996-12-25,5.216231822967529,0.0
1996-12-26,5.154637813568115,0.0
1996-12-27,5.18564510345459,0.0
1996-12-30,5.247239112854004,0.0
1996-12-31,5.247239112854004,0.0
1997-01-01,5.247239112854004,0.0
1997-01-02,5.247239112854004,0.0
1997-01-03,5.247239112854004,0.0
1997-01-06,5.216231822967529,0.0
1997-01-07,5.323916912078857,0.0
1997-01-08,5.416518211364746,0.0
1997-01-09,5.385510921478272,0.0
1997-01-10,5.385510921478272,0.0
1997-01-13,4.939268112182617,0.0
1997-01-14,4.647219181060791,0.0
1997-01-15,4.7083940505981445,0.0
1997-01-16,4.647219181060791,0.0
1997-01-17,4.739400863647461,0.0
1997-01-20,4.739400863647461,0.0
1997-01-21,4.893177032470703,0.0
1997-01-22,5.124050140380859,0.0
1997-01-23,4.939268112182617,0.0
1997-01-24,5.093462944030762,0.0
1997-01-27,4.939268112182617,0.0
1997-01-28,4.831583023071289,0.0
1997-01-29,4.831583023071289,0.0
1997-01-30,5.062456130981445,0.0
1997-01-31,5.18564510345459,0.0
1997-02-03,5.154637813568115,0.0
1997-02-04,5.154637813568115,0.0
1997-02-05,5.154637813568115,0.0
1997-02-06,5.154637813568115,0.0
1997-02-07,5.154637813568115,0.0
1997-02-10,5.154637813568115,0.0
1997-02-11,5.47811222076416,0.0
1997-02-12,5.57029390335083,0.0
1997-02-13,5.893349170684815,0.0
1997-02-14,5.677978992462158,0.0
1997-02-17,5.57029390335083,0.0
1997-02-18,5.677978992462158,0.0
1997-02-19,6.001033782958984,0.0
1997-02-20,6.416690826416016,0.0
1997-02-21,6.83192777633667,0.0
1997-02-24,7.001206874847412,0.0
1997-02-25,6.924528121948242,0.0
1997-02-26,6.447278022766113,0.0
1997-02-27,6.647563934326172,0.0
1997-02-28,6.416690826416016,0.0
1997-03-03,6.893521785736084,0.0
1997-03-04,7.001206874847412,0.0
1997-03-05,7.478456974029541,0.0
1997-03-06,7.739918231964111,0.0
1997-03-07,7.678324222564697,0.0
1997-03-10,7.893693923950195,0.0
1997-03-11,7.678324222564697,0.0
1997-03-12,7.647736072540283,0.0
1997-03-13,7.647736072540283,0.0
1997-03-14,8.093979835510254,0.0
1997-03-17,8.678497314453125,0.0
1997-03-18,8.247756004333496,0.0
1997-03-19,7.863107204437256,0.0
1997-03-20,8.155573844909668,0.0
1997-03-21,7.601645946502685,0.0
1997-03-24,7.678324222564697,0.0
1997-03-25,8.001379013061523,0.0
1997-03-26,8.324853897094727,0.0
1997-03-27,8.540224075317383,0.0
1997-03-28,8.893866539001465,0.0
1997-03-31,8.678497314453125,0.0
1997-04-01,9.09415340423584,0.0
1997-04-02,8.801685333251953,0.0
1997-04-03,9.417207717895508,0.0
1997-04-04,9.417207717895508,0.0
1997-04-07,10.063319206237791,0.0
1997-04-08,10.30969524383545,0.0
1997-04-09,10.63275146484375,0.0
1997-04-10,10.30969524383545,0.0
1997-04-11,10.248101234436035,0.0
1997-04-14,10.124913215637209,0.0
1997-04-15,10.18650722503662,0.0
1997-04-16,9.801856994628906,0.0
1997-04-17,9.863451957702637,0.0
1997-04-18,9.447795867919922,0.0
1997-04-21,9.355613708496094,0.0
1997-04-22,9.986639976501465,0.0
1997-04-23,10.124913215637209,0.0
1997-04-24,10.248101234436035,0.0
1997-04-25,10.955805778503418,0.0
1997-04-28,10.955805778503418,0.0
1997-04-29,10.771442413330078,0.0
1997-04-30,10.447967529296877,0.0
1997-05-01,10.447967529296877,0.0
1997-05-02,9.740262985229492,0.0
1997-05-05,9.863451957702637,0.0
1997-05-06,9.986639976501465,0.0
1997-05-07,10.38679313659668,0.0
1997-05-08,10.18650722503662,0.0
1997-05-09,10.509561538696287,0.0
1997-05-12,10.571155548095703,0.0
1997-05-13,10.709848403930664,0.0
1997-05-14,10.571155548095703,0.0
1997-05-15,9.863451957702637,0.0
1997-05-16,9.863451957702637,0.0
1997-05-19,9.540395736694336,0.0
1997-05-20,9.540395736694336,0.0
1997-05-21,9.678668975830078,0.0
1997-05-22,10.248101234436035,0.0
1997-05-23,10.063319206237791,0.0
1997-05-26,10.248101234436035,0.0
1997-05-27,9.92504596710205,0.0
1997-05-28,9.801856994628906,0.0
1997-05-29,9.863451957702637,0.0
1997-05-30,9.678668975830078,0.0
1997-06-02,10.509561538696287,0.0
1997-06-03,10.63275146484375,0.0
1997-06-04,10.894211769104004,0.0
1997-06-05,11.032902717590332,0.0
1997-06-06,11.740608215332031,0.0
1997-06-09,11.986985206604004,0.0
1997-06-10,11.986985206604004,0.0
1997-06-11,11.66392993927002,0.0
1997-06-12,12.063664436340332,0.0
1997-06-13,12.18685245513916,0.0
1997-06-16,12.694689750671388,0.0
1997-06-17,13.541086196899414,0.0
1997-06-18,14.125602722167969,0.0
1997-06-19,13.156436920166016,0.0
1997-06-20,13.094842910766602,0.0
1997-06-23,13.417898178100586,0.0
1997-06-24,12.956151008605955,0.0
1997-06-25,13.66427516937256,0.0
1997-06-26,13.541086196899414,0.0
1997-06-27,13.279624938964844,0.0
1997-06-30,13.21803092956543,0.0
1997-07-01,13.21803092956543,0.0
1997-07-02,12.894975662231444,0.0
1997-07-03,13.802547454833984,0.0
1997-07-04,14.695034980773926,0.0
1997-07-07,15.47983741760254,0.0
1997-07-08,15.541431427001951,0.0
1997-07-09,15.664620399475098,0.0
1997-07-10,16.43391990661621,0.0
1997-07-11,16.57219123840332,0.0
1997-07-14,18.572954177856445,0.0
1997-07-15,19.788497924804688,0.0
1997-07-16,21.01954460144043,0.0
1997-07-17,19.603715896606445,0.0
1997-07-18,19.40384864807129,0.0
1997-07-21,17.218721389770508,0.0
1997-07-22,16.756973266601562,0.0
1997-07-23,17.018434524536133,0.0
1997-07-24,18.18788719177246,0.0
1997-07-25,19.049619674682617,0.0
1997-07-28,21.66590690612793,0.0
1997-07-29,23.11190223693848,0.0
1997-07-30,24.096824645996094,0.0
1997-07-31,23.83519554138184,0.0
1997-08-01,24.635332107543945,0.0
1997-08-04,24.72801780700684,0.0
1997-08-05,23.558313369750977,0.0
1997-08-06,22.835023880004883,0.0
1997-08-07,23.11190223693848,0.0
1997-08-08,24.37370491027832,0.0
1997-08-11,23.466215133666992,0.0
1997-08-12,24.281606674194336,0.0
1997-08-13,23.927879333496094,0.0
1997-08-14,24.281606674194336,0.0
1997-08-15,24.37370491027832,0.0
1997-08-18,24.00472640991211,0.0
1997-08-19,24.00472640991211,0.0
1997-08-20,24.37370491027832,0.0
1997-08-21,25.989818572998047,0.0
1997-08-22,26.7125244140625,0.0
1997-08-25,26.80520820617676,0.0
1997-08-26,26.635677337646484,0.0
1997-08-27,25.543407440185547,0.0
1997-08-28,24.37370491027832,0.0
1997-08-29,24.37370491027832,0.0
1997-09-01,22.650239944458008,0.0
1997-09-02,21.127397537231445,0.0
1997-09-03,22.573394775390625,0.0
1997-09-04,21.034711837768555,0.0
1997-09-05,21.29634094238281,0.0
1997-09-08,19.311248779296875,0.0
1997-09-09,19.772911071777344,0.0
1997-09-10,20.57304954528809,0.0
1997-09-11,21.75800323486328,0.0
1997-09-12,21.927534103393555,0.0
1997-09-15,21.48112297058105,0.0
1997-09-16,21.48112297058105,0.0
1997-09-17,21.75800323486328,0.0
1997-09-18,22.01963233947754,0.0
1997-09-19,22.29651260375977,0.0
1997-09-22,21.927534103393555,0.0
1997-09-23,21.034711837768555,0.0
1997-09-24,20.40410423278809,0.0
1997-09-25,19.049619674682617,0.0
1997-09-26,19.403932571411133,0.0
1997-09-29,19.403932571411133,0.0
1997-09-30,19.403932571411133,0.0
1997-10-01,19.865596771240234,0.0
1997-10-02,20.12722396850586,0.0
1997-10-03,21.127397537231445,0.0
1997-10-06,20.57304954528809,0.0
1997-10-07,19.58812713623047,0.0
1997-10-08,20.757831573486328,0.0
1997-10-09,21.48112297058105,0.0
1997-10-10,21.48112297058105,0.0
1997-10-13,21.66590690612793,0.0
1997-10-14,21.3884391784668,0.0
1997-10-15,21.21949577331543,0.0
1997-10-16,19.942441940307617,0.0
1997-10-17,18.77273750305176,0.0
1997-10-20,16.341821670532227,0.0
1997-10-21,17.326154708862305,0.0
1997-10-22,16.15703773498535,0.0
1997-10-23,15.080018997192385,0.0
1997-10-24,14.264042854309082,0.0
1997-10-27,14.44882583618164,0.0
1997-10-28,13.448653221130373,0.0
1997-10-29,12.540578842163086,0.0
1997-10-30,11.817873001098633,0.0
1997-10-31,11.817873001098633,0.0
1997-11-03,12.633262634277344,0.0
1997-11-04,13.4949951171875,0.0
1997-11-05,14.356727600097656,0.0
1997-11-06,15.34164810180664,0.0
1997-11-07,16.341821670532227,0.0
1997-11-10,16.249135971069336,0.0
1997-11-11,16.60344886779785,0.0
1997-11-12,16.60344886779785,0.0
1997-11-13,16.064353942871094,0.0
1997-11-14,15.880157470703123,0.0
1997-11-17,17.064525604248047,0.0
1997-11-18,17.23405647277832,0.0
1997-11-19,17.418838500976562,0.0
1997-11-20,18.04944610595703,0.0
1997-11-21,18.04944610595703,0.0
1997-11-24,16.695547103881836,0.0
1997-11-25,15.972254753112791,0.0
1997-11-26,15.972254753112791,0.0
1997-11-27,15.880157470703123,0.0
1997-11-28,16.249135971069336,0.0
1997-12-01,15.172117233276367,0.0
1997-12-02,15.880157470703123,0.0
1997-12-03,15.433746337890623,0.0
1997-12-04,16.43391990661621,0.0
1997-12-05,16.43391990661621,0.0
1997-12-08,18.32632637023925,0.0
1997-12-09,17.95734977722168,0.0
1997-12-10,18.32632637023925,0.0
1997-12-11,17.157211303710938,0.0
1997-12-12,17.23405647277832,0.0
1997-12-15,16.341821670532227,0.0
1997-12-16,16.15703773498535,0.0
1997-12-17,16.43391990661621,0.0
1997-12-18,15.803311347961426,0.0
1997-12-19,14.710453987121582,0.0
1997-12-22,14.356727600097656,0.0
1997-12-23,14.356727600097656,0.0
1997-12-24,15.172117233276367,0.0
1997-12-25,15.172117233276367,0.0
1997-12-26,14.618355751037598,0.0
1997-12-29,14.710453987121582,0.0
1997-12-30,14.710453987121582,0.0
1997-12-31,14.89523696899414,0.0
1998-01-01,14.89523696899414,0.0
1998-01-02,14.89523696899414,0.0
1998-01-05,14.356727600097656,0.0
1998-01-06,14.52567195892334,0.0
1998-01-07,14.07984733581543,0.0
1998-01-08,13.98716163635254,0.0
1998-01-09,13.818218231201172,0.0
1998-01-12,12.863801956176758,0.0
1998-01-13,12.910143852233888,0.0
1998-01-14,13.818218231201172,0.0
1998-01-15,14.264042854309082,0.0
1998-01-16,14.802552223205566,0.0
1998-01-19,15.172117233276367,0.0
1998-01-20,16.15703773498535,0.0
1998-01-21,17.23405647277832,0.0
1998-01-22,16.972427368164062,0.0
1998-01-23,16.972427368164062,0.0
1998-01-26,16.972427368164062,0.0
1998-01-27,16.972427368164062,0.0
1998-01-28,16.972427368164062,0.0
1998-01-29,16.972427368164062,0.0
1998-01-30,16.972427368164062,0.0
1998-02-02,18.14213180541992,0.0
1998-02-03,18.95752143859864,0.0
1998-02-04,19.865596771240234,0.0
1998-02-05,20.49620246887207,0.0
1998-02-06,19.142303466796875,0.0
1998-02-09,19.772911071777344,0.0
1998-02-10,19.772911071777344,0.0
1998-02-11,19.772911071777344,0.0
1998-02-12,19.68081283569336,0.0
1998-02-13,19.68081283569336,0.0
1998-02-16,20.12722396850586,0.0
1998-02-17,21.21949577331543,0.0
1998-02-18,20.849929809570312,0.0
1998-02-19,22.111730575561523,0.0
1998-02-20,21.66590690612793,0.0
1998-02-23,21.48112297058105,0.0
1998-02-24,21.29634094238281,0.0
1998-02-25,20.40410423278809,0.0
1998-02-26,20.57304954528809,0.0
1998-02-27,20.12722396850586,0.0
1998-03-02,19.49603080749512,0.0
1998-03-03,20.219322204589844,0.0
1998-03-04,18.86542320251465,0.0
1998-03-05,17.603622436523438,0.0
1998-03-06,16.695547103881836,0.0
1998-03-09,15.525843620300291,0.0
1998-03-10,16.249135971069336,0.0
1998-03-11,16.510765075683594,0.0
1998-03-12,15.803311347961426,0.0
1998-03-13,16.60344886779785,0.0
1998-03-16,16.510765075683594,0.0
1998-03-17,16.695547103881836,0.0
1998-03-18,17.157211303710938,0.0
1998-03-19,17.418838500976562,0.0
1998-03-20,17.157211303710938,0.0
1998-03-23,16.695547103881836,0.0
1998-03-24,16.880329132080078,0.0
1998-03-25,18.04944610595703,0.0
1998-03-26,18.32632637023925,0.0
1998-03-27,18.32632637023925,0.0
1998-03-30,18.23422813415528,0.0
1998-03-31,17.787818908691406,0.0
1998-04-01,17.787818908691406,0.0
1998-04-02,16.880329132080078,0.0
1998-04-03,17.418838500976562,0.0
1998-04-06,18.32632637023925,0.0
1998-04-07,18.32632637023925,0.0
1998-04-08,18.511110305786133,0.0
1998-04-09,18.04944610595703,0.0
1998-04-10,17.95734977722168,0.0
1998-04-13,17.157211303710938,0.0
1998-04-14,16.972427368164062,0.0
1998-04-15,17.603622436523438,0.0
1998-04-16,17.157211303710938,0.0
1998-04-17,16.60344886779785,0.0
1998-04-20,16.510765075683594,0.0
1998-04-21,17.603622436523438,0.0
1998-04-22,18.77273750305176,0.0
1998-04-23,18.680639266967773,0.0
1998-04-24,19.142303466796875,0.0
1998-04-27,18.41901206970215,0.0
1998-04-28,18.41901206970215,0.0
1998-04-29,17.418838500976562,0.0
1998-04-30,17.326154708862305,0.0
1998-05-01,17.326154708862305,0.0
1998-05-04,18.32632637023925,0.0
1998-05-05,18.32632637023925,0.0
1998-05-06,18.32632637023925,0.0
1998-05-07,18.23422813415528,0.0
1998-05-08,18.14213180541992,0.0
1998-05-11,19.142303466796875,0.0
1998-05-12,18.86542320251465,0.0
1998-05-13,18.86542320251465,0.0
1998-05-14,18.86542320251465,0.0
1998-05-15,19.942441940307617,0.0
1998-05-18,19.403932571411133,0.0
1998-05-19,19.311248779296875,0.0
1998-05-20,19.403932571411133,0.0
1998-05-21,19.772911071777344,0.0
1998-05-22,19.865596771240234,0.0
1998-05-25,20.0345401763916,0.0
1998-05-26,19.865596771240234,0.0
1998-05-27,18.77273750305176,0.0
1998-05-28,18.77273750305176,0.0
1998-05-29,17.510936737060547,0.0
1998-06-01,16.341821670532227,0.0
1998-06-02,16.341821670532227,0.0
1998-06-03,16.341821670532227,0.0
1998-06-04,15.248964309692385,0.0
1998-06-05,14.52567195892334,0.0
1998-06-08,16.064353942871094,0.0
1998-06-09,15.710626602172852,0.0
1998-06-10,15.172117233276367,0.0
1998-06-11,15.433746337890623,0.0
1998-06-12,14.52567195892334,0.0
1998-06-15,14.52567195892334,0.0
1998-06-16,15.34164810180664,0.0
1998-06-17,15.080018997192385,0.0
1998-06-18,15.803311347961426,0.0
1998-06-19,16.510765075683594,0.0
1998-06-22,16.249135971069336,0.0
1998-06-23,16.249135971069336,0.0
1998-06-24,16.972427368164062,0.0
1998-06-25,16.695547103881836,0.0
1998-06-26,16.249135971069336,0.0
1998-06-29,15.433746337890623,0.0
1998-06-30,15.710626602172852,0.0
1998-07-01,15.710626602172852,0.0
1998-07-02,16.60344886779785,0.0
1998-07-03,16.15703773498535,0.0
1998-07-06,16.880329132080078,0.0
1998-07-07,16.695547103881836,0.0
1998-07-08,17.326154708862305,0.0
1998-07-09,17.787818908691406,0.0
1998-07-10,17.418838500976562,0.0
1998-07-13,17.787818908691406,0.0
1998-07-14,18.14213180541992,0.0
1998-07-15,19.049619674682617,0.0
1998-07-16,19.865596771240234,0.0
1998-07-17,20.0345401763916,0.0
1998-07-20,19.772911071777344,0.0
1998-07-21,19.403932571411133,0.0
1998-07-22,20.40410423278809,0.0
1998-07-23,20.57304954528809,0.0
1998-07-24,21.127397537231445,0.0
1998-07-27,21.66590690612793,0.0
1998-07-28,20.849929809570312,0.0
1998-07-29,20.849929809570312,0.0
1998-07-30,20.40410423278809,0.0
1998-07-31,20.57304954528809,0.0
1998-08-03,20.311420440673828,0.0
1998-08-04,20.849929809570312,0.0
1998-08-05,21.742752075195312,0.0
1998-08-06,21.480770111083984,0.0
1998-08-07,21.603960037231445,0.0
1998-08-10,21.096424102783203,0.0
1998-08-11,21.480770111083984,0.0
1998-08-12,21.742752075195312,0.0
1998-08-13,21.742752075195312,0.0
1998-08-14,21.98912811279297,0.0
1998-08-17,20.4656982421875,0.0
1998-08-18,20.4656982421875,0.0
1998-08-19,20.973234176635746,0.0
1998-08-20,20.85004615783692,0.0
1998-08-21,20.973234176635746,0.0
1998-08-24,19.972944259643555,0.0
1998-08-25,20.4656982421875,0.0
1998-08-26,20.096134185791016,0.0
1998-08-27,20.85004615783692,0.0
1998-08-28,20.60367012023925,0.0
1998-08-31,20.72685813903809,0.0
1998-09-01,20.4656982421875,0.0
1998-09-02,20.219322204589844,0.0
1998-09-03,18.95787239074707,0.0
1998-09-04,18.896278381347656,0.0
1998-09-07,19.203428268432617,0.0
1998-09-08,20.096134185791016,0.0
1998-09-09,20.342510223388672,0.0
1998-09-10,19.972944259643555,0.0
1998-09-11,19.588598251342773,0.0
1998-09-14,19.342220306396484,0.0
1998-09-15,19.08024024963379,0.0
1998-09-16,19.465408325195312,0.0
1998-09-17,19.588598251342773,0.0
1998-09-18,19.342220306396484,0.0
1998-09-21,19.08024024963379,0.0
1998-09-22,19.08024024963379,0.0
1998-09-23,19.465408325195312,0.0
1998-09-24,19.83497428894043,0.0
1998-09-25,19.7117862701416,0.0
1998-09-28,19.588598251342773,0.0
1998-09-29,19.465408325195312,0.0
1998-09-30,19.342220306396484,0.0
1998-10-01,18.572704315185547,0.0
1998-10-02,17.311254501342773,0.0
1998-10-05,16.557342529296875,0.0
1998-10-06,16.557342529296875,0.0
1998-10-07,16.37255859375,0.0
1998-10-08,17.496036529541016,0.0
1998-10-09,17.064878463745117,0.0
1998-10-12,16.557342529296875,0.0
1998-10-13,16.434152603149414,0.0
1998-10-14,16.61893653869629,0.0
1998-10-15,16.741302490234375,0.0
1998-10-16,16.741302490234375,0.0
1998-10-19,17.311254501342773,0.0
1998-10-20,17.003284454345703,0.0
1998-10-21,17.12647247314453,0.0
1998-10-22,17.12647247314453,0.0
1998-10-23,17.188066482543945,0.0
1998-10-26,17.311254501342773,0.0
1998-10-27,17.57241439819336,0.0
1998-10-28,18.387920379638672,0.0
1998-10-29,19.342220306396484,0.0
1998-10-30,19.7117862701416,0.0
1998-11-02,22.1123161315918,0.0
1998-11-03,21.86594009399414,0.0
1998-11-04,20.85004615783692,0.0
1998-11-05,21.35758209228516,0.0
1998-11-06,20.973234176635746,0.0
1998-11-09,21.603960037231445,0.0
1998-11-10,21.603960037231445,0.0
1998-11-11,21.23521614074707,0.0
1998-11-12,21.23521614074707,0.0
1998-11-13,22.23468399047852,0.0
1998-11-16,22.49666404724121,0.0
1998-11-17,23.00420188903809,0.0
1998-11-18,22.49666404724121,0.0
1998-11-19,23.00420188903809,0.0
1998-11-20,23.12738990783692,0.0
1998-11-23,22.49666404724121,0.0
1998-11-24,22.7430419921875,0.0
1998-11-25,22.373477935791016,0.0
1998-11-26,22.7430419921875,0.0
1998-11-27,22.23468399047852,0.0
1998-11-30,22.23468399047852,0.0
1998-12-01,22.23468399047852,0.0
1998-12-02,21.98912811279297,0.0
1998-12-03,22.1123161315918,0.0
1998-12-04,22.373477935791016,0.0
1998-12-07,23.63492584228516,0.0
1998-12-08,22.866230010986328,0.0
1998-12-09,22.49666404724121,0.0
1998-12-10,22.373477935791016,0.0
1998-12-11,21.742752075195312,0.0
1998-12-14,21.742752075195312,0.0
1998-12-15,22.373477935791016,0.0
1998-12-16,21.86594009399414,0.0
1998-12-17,21.603960037231445,0.0
1998-12-18,21.86594009399414,0.0
1998-12-21,21.86594009399414,0.0
1998-12-22,23.00420188903809,0.0
1998-12-23,22.619853973388672,0.0
1998-12-24,22.619853973388672,0.0
1998-12-25,22.619853973388672,0.0
1998-12-28,22.619853973388672,0.0
1998-12-29,22.49666404724121,0.0
1998-12-30,22.619853973388672,0.0
1998-12-31,22.49666404724121,0.0
1999-01-01,22.49666404724121,0.0
1999-01-04,22.49666404724121,0.0
1999-01-05,21.98912811279297,0.0
1999-01-06,21.98912811279297,0.0
1999-01-07,22.23468399047852,0.0
1999-01-08,22.23468399047852,0.0
1999-01-11,23.250577926635746,0.0
1999-01-12,23.758113861083984,0.0
1999-01-13,24.00449180603028,0.0
1999-01-14,22.866230010986328,0.0
1999-01-15,23.250577926635746,0.0
1999-01-18,22.49666404724121,0.0
1999-01-19,22.23468399047852,0.0
1999-01-20,21.98912811279297,0.0
1999-01-21,21.98912811279297,0.0
1999-01-22,22.1123161315918,0.0
1999-01-25,21.98912811279297,0.0
1999-01-26,22.49666404724121,0.0
1999-01-27,22.373477935791016,0.0
1999-01-28,21.98912811279297,0.0
1999-01-29,21.86594009399414,0.0
1999-02-01,20.342510223388672,0.0
1999-02-02,19.588598251342773,0.0
1999-02-03,20.342510223388672,0.0
1999-02-04,20.219322204589844,0.0
1999-02-05,20.60367012023925,0.0
1999-02-08,20.973234176635746,0.0
1999-02-09,20.85004615783692,0.0
1999-02-10,20.342510223388672,0.0
1999-02-11,20.342510223388672,0.0
1999-02-12,20.342510223388672,0.0
1999-02-15,20.342510223388672,0.0
1999-02-16,20.342510223388672,0.0
1999-02-17,20.342510223388672,0.0
1999-02-18,20.342510223388672,0.0
1999-02-19,20.342510223388672,0.0
1999-02-22,20.973234176635746,0.0
1999-02-23,19.83497428894043,0.0
1999-02-24,19.588598251342773,0.0
1999-02-25,19.465408325195312,0.0
1999-02-26,20.219322204589844,0.0
1999-03-01,20.342510223388672,0.0
1999-03-02,20.60367012023925,0.0
1999-03-03,20.4656982421875,0.0
1999-03-04,19.465408325195312,0.0
1999-03-05,19.588598251342773,0.0
1999-03-08,19.7117862701416,0.0
1999-03-09,20.973234176635746,0.0
1999-03-10,20.72685813903809,0.0
1999-03-11,20.72685813903809,0.0
1999-03-12,20.85004615783692,0.0
1999-03-15,21.23521614074707,0.0
1999-03-16,21.86594009399414,0.0
1999-03-17,21.98912811279297,0.0
1999-03-18,22.866230010986328,0.0
1999-03-19,23.00420188903809,0.0
1999-03-22,23.00420188903809,0.0
1999-03-23,23.12738990783692,0.0
1999-03-24,23.758113861083984,0.0
1999-03-25,23.51255989074707,0.0
1999-03-26,23.250577926635746,0.0
1999-03-29,22.49666404724121,0.0
1999-03-30,22.619853973388672,0.0
1999-03-31,22.373477935791016,0.0
1999-04-01,22.49666404724121,0.0
1999-04-02,22.7430419921875,0.0
1999-04-05,21.98912811279297,0.0
1999-04-06,21.98912811279297,0.0
1999-04-07,22.49666404724121,0.0
1999-04-08,22.619853973388672,0.0
1999-04-09,22.373477935791016,0.0
1999-04-12,23.00420188903809,0.0
1999-04-13,23.758113861083984,0.0
1999-04-14,24.635215759277344,0.0
1999-04-15,24.00449180603028,0.0
1999-04-16,23.250577926635746,0.0
1999-04-19,22.866230010986328,0.0
1999-04-20,22.373477935791016,0.0
1999-04-21,22.49666404724121,0.0
1999-04-22,22.49666404724121,0.0
1999-04-23,23.250577926635746,0.0
1999-04-26,23.250577926635746,0.0
1999-04-27,23.373767852783203,0.0
1999-04-28,23.12738990783692,0.0
1999-04-29,22.49666404724121,0.0
1999-04-30,22.49666404724121,0.0
1999-05-03,23.250577926635746,0.0
1999-05-04,23.250577926635746,0.0
1999-05-05,22.866230010986328,0.0
1999-05-06,22.619853973388672,0.0
1999-05-07,22.619853973388672,0.0
1999-05-10,22.49666404724121,0.0
1999-05-11,22.23468399047852,0.0
1999-05-12,22.619853973388672,0.0
1999-05-13,22.619853973388672,0.0
1999-05-14,22.619853973388672,0.0
1999-05-17,22.866230010986328,0.0
1999-05-18,23.758113861083984,0.0
1999-05-19,24.14328384399414,0.0
1999-05-20,23.51255989074707,0.0
1999-05-21,23.51255989074707,0.0
1999-05-24,24.14328384399414,0.0
1999-05-25,24.3896598815918,0.0
1999-05-26,23.63492584228516,0.0
1999-05-27,23.758113861083984,0.0
1999-05-28,24.26647186279297,0.0
1999-05-31,26.035457611083984,0.0
1999-06-01,25.281543731689453,0.0
1999-06-02,26.15864562988281,0.0
1999-06-03,25.65110969543457,0.0
1999-06-04,25.91226959228516,0.0
1999-06-07,26.912559509277344,0.0
1999-06-08,26.54381561279297,0.0
1999-06-09,28.31279945373535,0.0
1999-06-10,28.68236541748047,0.0
1999-06-11,28.31279945373535,0.0
1999-06-14,28.68236541748047,0.0
1999-06-15,29.18990135192871,0.0
1999-06-16,30.32898330688477,0.0
1999-06-17,32.34434509277344,0.0
1999-06-18,32.34434509277344,0.0
1999-06-21,33.483428955078125,0.0
1999-06-22,35.760772705078125,0.0
1999-06-23,35.006858825683594,0.0
1999-06-24,35.760772705078125,0.0
1999-06-25,34.25294494628906,0.0
1999-06-28,34.37613296508789,0.0
1999-06-29,36.51468276977539,0.0
1999-06-30,36.89903259277344,0.0
1999-07-01,36.89903259277344,0.0
1999-07-02,38.28448867797852,0.0
1999-07-05,36.65347671508789,0.0
1999-07-06,35.13004684448242,0.0
1999-07-07,34.25294494628906,0.0
1999-07-08,36.51468276977539,0.0
1999-07-09,35.391204833984375,0.0
1999-07-12,36.145118713378906,0.0
1999-07-13,34.744876861572266,0.0
1999-07-14,32.34434509277344,0.0
1999-07-15,31.221689224243164,0.0
1999-07-16,29.066713333129883,0.0
1999-07-19,30.32898330688477,0.0
1999-07-20,31.66779518127441,0.0
1999-07-21,33.79139709472656,0.0
1999-07-22,33.79139709472656,0.0
1999-07-23,33.62238311767578,0.0
1999-07-26,32.91413116455078,0.0
1999-07-27,30.95954322814941,0.0
1999-07-28,30.60541725158692,0.0
1999-07-29,29.37517738342285,0.0
1999-07-30,30.60541725158692,0.0
1999-08-02,29.898317337036133,0.0
1999-08-03,30.95954322814941,0.0
1999-08-04,30.95954322814941,0.0
1999-08-05,30.95954322814941,0.0
1999-08-06,30.60541725158692,0.0
1999-08-09,32.20588302612305,0.0
1999-08-10,33.62238311767578,0.0
1999-08-11,33.62238311767578,0.0
1999-08-12,33.62238311767578,0.0
1999-08-13,35.91500473022461,0.0
1999-08-16,37.49937057495117,0.0
1999-08-17,37.85349655151367,0.0
1999-08-18,36.97623062133789,0.0
1999-08-19,36.79111862182617,0.0
1999-08-20,38.20762252807617,0.0
1999-08-23,36.26797866821289,0.0
1999-08-24,35.74483871459961,0.0
1999-08-25,35.91500473022461,0.0
1999-08-26,35.39186477661133,0.0
1999-08-27,35.39186477661133,0.0
1999-08-30,34.85262680053711,0.0
1999-08-31,36.62210464477539,0.0
1999-09-01,37.33035659790039,0.0
1999-09-02,37.33035659790039,0.0
1999-09-03,36.45309066772461,0.0
1999-09-06,37.68448257446289,0.0
1999-09-07,36.26797866821289,0.0
1999-09-08,35.39186477661133,0.0
1999-09-09,35.39186477661133,0.0
1999-09-10,35.56087875366211,0.0
1999-09-13,35.56087875366211,0.0
1999-09-14,35.39186477661133,0.0
1999-09-15,35.03773880004883,0.0
1999-09-16,34.68361282348633,0.0
1999-09-17,35.20675277709961,0.0
1999-09-20,36.09896469116211,0.0
1999-09-21,36.09896469116211,0.0
1999-09-22,36.09896469116211,0.0
1999-09-23,36.09896469116211,0.0
1999-09-24,36.09896469116211,0.0
1999-09-27,34.85262680053711,0.0
1999-09-28,35.56087875366211,0.0
1999-09-29,35.56087875366211,0.0
1999-09-30,36.79111862182617,0.0
1999-10-01,36.45309066772461,0.0
1999-10-04,36.09896469116211,0.0
1999-10-05,35.56087875366211,0.0
1999-10-06,35.56087875366211,0.0
1999-10-07,35.91500473022461,0.0
1999-10-08,35.56087875366211,0.0
1999-10-11,35.74483871459961,0.0
1999-10-12,37.33035659790039,0.0
1999-10-13,37.33035659790039,0.0
1999-10-14,38.038604736328125,0.0
1999-10-15,38.038604736328125,0.0
1999-10-18,37.14524459838867,0.0
1999-10-19,36.97623062133789,0.0
1999-10-20,37.49937057495117,0.0
1999-10-21,36.97623062133789,0.0
1999-10-22,36.62210464477539,0.0
1999-10-25,37.14524459838867,0.0
1999-10-26,37.33035659790039,0.0
1999-10-27,37.33035659790039,0.0
1999-10-28,37.33035659790039,0.0
1999-10-29,38.39158248901367,0.0
1999-11-01,39.26884841918945,0.0
1999-11-02,38.561744689941406,0.0
1999-11-03,37.85349655151367,0.0
1999-11-04,37.49937057495117,0.0
1999-11-05,37.85349655151367,0.0
1999-11-08,38.038604736328125,0.0
1999-11-09,37.49937057495117,0.0
1999-11-10,37.85349655151367,0.0
1999-11-11,38.20762252807617,0.0
1999-11-12,38.20762252807617,0.0
1999-11-15,38.561744689941406,0.0
1999-11-16,39.26884841918945,0.0
1999-11-17,38.74570846557617,0.0
1999-11-18,39.26884841918945,0.0
1999-11-19,41.93168640136719,0.0
1999-11-22,43.87018203735352,0.0
1999-11-23,44.762393951416016,0.0
1999-11-24,44.9314079284668,0.0
1999-11-25,44.762393951416016,0.0
1999-11-26,41.746578216552734,0.0
1999-11-29,42.284664154052734,0.0
1999-11-30,39.97710037231445,0.0
1999-12-01,40.51518630981445,0.0
1999-12-02,40.33122634887695,0.0
1999-12-03,41.22343826293945,0.0
1999-12-06,40.86931228637695,0.0
1999-12-07,39.80808639526367,0.0
1999-12-08,39.80808639526367,0.0
1999-12-09,37.14524459838867,0.0
1999-12-10,38.038604736328125,0.0
1999-12-13,38.74570846557617,0.0
1999-12-14,38.038604736328125,0.0
1999-12-15,38.39158248901367,0.0
1999-12-16,37.68448257446289,0.0
1999-12-17,37.33035659790039,0.0
1999-12-20,37.68448257446289,0.0
1999-12-21,39.45396041870117,0.0
1999-12-22,40.16106033325195,0.0
1999-12-23,40.51518630981445,0.0
1999-12-24,41.22343826293945,0.0
1999-12-27,40.51518630981445,0.0
1999-12-28,41.39245223999024,0.0
1999-12-29,41.39245223999024,0.0
1999-12-30,41.39245223999024,0.0
1999-12-31,41.39245223999024,0.0
2000-01-03,41.39245223999024,0.0
2000-01-04,21.935089111328125,0.0
2000-01-05,21.935089111328125,0.0
2000-01-06,21.935089111328125,0.0
2000-01-07,21.049776077270508,0.0
2000-01-10,21.49588394165039,0.0
2000-01-11,21.319969177246094,0.0
2000-01-12,22.558258056640625,0.0
2000-01-13,22.558258056640625,0.0
2000-01-14,21.672945022583008,0.0
2000-01-17,22.466278076171875,0.0
2000-01-18,22.381196975708008,0.0
2000-01-19,21.85000801086425,0.0
2000-01-20,22.027070999145508,0.0
2000-01-21,21.935089111328125,0.0
2000-01-24,21.672945022583008,0.0
2000-01-25,21.49588394165039,0.0
2000-01-26,21.58096504211425,0.0
2000-01-27,21.49588394165039,0.0
2000-01-28,21.758026123046875,0.0
2000-01-31,22.027070999145508,0.0
2000-02-01,21.758026123046875,0.0
2000-02-02,21.758026123046875,0.0
2000-02-03,21.758026123046875,0.0
2000-02-04,21.758026123046875,0.0
2000-02-07,21.758026123046875,0.0
2000-02-08,21.758026123046875,0.0
2000-02-09,21.935089111328125,0.0
2000-02-10,22.381196975708008,0.0
2000-02-11,23.88163185119629,0.0
2000-02-14,23.88163185119629,0.0
2000-02-15,25.21305084228516,0.0
2000-02-16,24.85892677307129,0.0
2000-02-17,24.589881896972656,0.0
2000-02-18,24.32773780822754,0.0
2000-02-21,22.643341064453125,0.0
2000-02-22,22.99631690979004,0.0
2000-02-23,24.05869483947754,0.0
2000-02-24,24.68186378479004,0.0
2000-02-25,24.76579475402832,0.0
2000-02-28,24.76579475402832,0.0
2000-02-29,25.29698371887207,0.0
2000-03-01,24.85892677307129,0.0
2000-03-02,24.94285774230957,0.0
2000-03-03,24.94285774230957,0.0
2000-03-06,24.76579475402832,0.0
2000-03-07,25.29698371887207,0.0
2000-03-08,26.00523567199707,0.0
2000-03-09,26.71233558654785,0.0
2000-03-10,26.80546760559082,0.0
2000-03-13,25.03598976135254,0.0
2000-03-14,25.21305084228516,0.0
2000-03-15,24.50480079650879,0.0
2000-03-16,26.09721565246582,0.0
2000-03-17,26.45134162902832,0.0
2000-03-20,25.56602668762207,0.0
2000-03-21,26.80546760559082,0.0
2000-03-22,27.159591674804688,0.0
2000-03-23,29.013002395629883,0.0
2000-03-24,30.95954322814941,0.0
2000-03-27,32.46802520751953,0.0
2000-03-28,31.844858169555664,0.0
2000-03-29,31.844858169555664,0.0
2000-03-30,32.29096221923828,0.0
2000-03-31,31.22858619689941,0.0
2000-04-03,31.22858619689941,0.0
2000-04-04,31.22858619689941,0.0
2000-04-05,30.95954322814941,0.0
2000-04-06,29.013002395629883,0.0
2000-04-07,29.54419136047364,0.0
2000-04-10,30.075380325317383,0.0
2000-04-11,29.282045364379883,0.0
2000-04-12,28.83593940734864,0.0
2000-04-13,26.8893985748291,0.0
2000-04-14,25.47404670715332,0.0
2000-04-17,24.23575782775879,0.0
2000-04-18,25.03598976135254,0.0
2000-04-19,24.94285774230957,0.0
2000-04-20,24.94285774230957,0.0
2000-04-21,25.65110969543457,0.0
2000-04-24,24.32773780822754,0.0
2000-04-25,25.56602668762207,0.0
2000-04-26,24.50480079650879,0.0
2000-04-27,25.47404670715332,0.0
2000-04-28,26.09721565246582,0.0
2000-05-01,26.09721565246582,0.0
2000-05-02,24.41282081604004,0.0
2000-05-03,24.41282081604004,0.0
2000-05-04,23.52750587463379,0.0
2000-05-05,24.50480079650879,0.0
2000-05-08,23.88163185119629,0.0
2000-05-09,24.32773780822754,0.0
2000-05-10,23.88163185119629,0.0
2000-05-11,22.289215087890625,0.0
2000-05-12,21.85000801086425,0.0
2000-05-15,21.403902053833008,0.0
2000-05-16,22.81925392150879,0.0
2000-05-17,24.41282081604004,0.0
2000-05-18,25.47404670715332,0.0
2000-05-19,25.03598976135254,0.0
2000-05-22,24.50480079650879,0.0
2000-05-23,24.94285774230957,0.0
2000-05-24,24.32773780822754,0.0
2000-05-25,23.79654884338379,0.0
2000-05-26,23.70456886291504,0.0
2000-05-29,23.089448928833008,0.0
2000-05-30,23.35044288635254,0.0
2000-05-31,24.94285774230957,0.0
2000-06-01,25.38896369934082,0.0
2000-06-02,26.09721565246582,0.0
2000-06-05,27.5125675201416,0.0
2000-06-06,27.5125675201416,0.0
2000-06-07,28.3059024810791,0.0
2000-06-08,27.5125675201416,0.0
2000-06-09,27.5125675201416,0.0
2000-06-12,27.5125675201416,0.0
2000-06-13,26.80546760559082,0.0
2000-06-14,27.159591674804688,0.0
2000-06-15,26.00523567199707,0.0
2000-06-16,26.536422729492188,0.0
2000-06-19,26.27427864074707,0.0
2000-06-20,25.92015266418457,0.0
2000-06-21,25.82817268371582,0.0
2000-06-22,26.80546760559082,0.0
2000-06-23,26.09721565246582,0.0
2000-06-26,25.47404670715332,0.0
2000-06-27,24.85892677307129,0.0
2000-06-28,24.23575782775879,0.0
2000-06-29,24.41282081604004,0.0
2000-06-30,24.589881896972656,0.0
2000-07-03,25.03598976135254,0.0
2000-07-04,23.79654884338379,0.0
2000-07-05,25.38896369934082,0.0
2000-07-06,25.29698371887207,0.0
2000-07-07,25.21305084228516,0.0
2000-07-10,25.11992073059082,0.0
2000-07-11,24.94285774230957,0.0
2000-07-12,25.03598976135254,0.0
2000-07-13,25.38896369934082,0.0
2000-07-14,26.80546760559082,0.114976
2000-07-17,36.17737579345703,0.0
2000-07-18,35.576515197753906,0.0
2000-07-19,36.02641296386719,0.0
2000-07-20,35.576515197753906,0.0
2000-07-21,35.27608108520508,0.0
2000-07-24,35.13707733154297,0.0
2000-07-25,34.986114501953125,0.0
2000-07-26,35.13707733154297,0.0
2000-07-27,35.13707733154297,0.0
2000-07-28,35.42704391479492,0.0
2000-07-31,36.02641296386719,0.0
2000-08-01,35.87694549560547,0.0
2000-08-02,35.72747802734375,0.0
2000-08-03,35.576515197753906,0.0
2000-08-04,35.42704391479492,0.0
2000-08-07,32.436180114746094,0.0
2000-08-08,31.696308135986328,0.0
2000-08-09,33.486942291259766,0.0
2000-08-10,33.636409759521484,0.0
2000-08-11,33.03704071044922,0.0
2000-08-14,32.736610412597656,0.0
2000-08-15,32.436180114746094,0.0
2000-08-16,33.486942291259766,0.0
2000-08-17,35.27608108520508,0.0
2000-08-18,35.27608108520508,0.0
2000-08-21,36.17737579345703,0.0
2000-08-22,35.576515197753906,0.0
2000-08-23,35.576515197753906,0.0
2000-08-24,34.83664321899414,0.0
2000-08-25,34.237274169921875,0.0
2000-08-28,33.1865119934082,0.0
2000-08-29,34.38674545288086,0.0
2000-08-30,33.486942291259766,0.0
2000-08-31,35.42704391479492,0.0
2000-09-01,37.52708053588867,0.0
2000-09-04,37.67654800415039,0.0
2000-09-05,39.01728057861328,0.0
2000-09-06,38.86781311035156,0.0
2000-09-07,37.37760925292969,0.0
2000-09-08,35.13707733154297,0.0
2000-09-11,34.38674545288086,0.0
2000-09-12,34.38674545288086,0.0
2000-09-13,35.72747802734375,0.0
2000-09-14,34.83664321899414,0.0
2000-09-15,33.78588104248047,0.0
2000-09-18,33.03704071044922,0.0
2000-09-19,32.736610412597656,0.0
2000-09-20,34.237274169921875,0.0
2000-09-21,35.13707733154297,0.0
2000-09-22,32.886077880859375,0.0
2000-09-25,33.636409759521484,0.0
2000-09-26,34.986114501953125,0.0
2000-09-27,34.68717575073242,0.0
2000-09-28,33.03704071044922,0.0
2000-09-29,30.7965087890625,0.0
2000-10-02,26.7548770904541,0.0
2000-10-03,24.964244842529297,0.0
2000-10-04,24.213911056518555,0.0
2000-10-05,23.6250057220459,0.0
2000-10-06,25.26467514038086,0.0
2000-10-09,25.86553955078125,0.0
2000-10-10,25.86553955078125,0.0
2000-10-11,25.86553955078125,0.0
2000-10-12,26.0150089263916,0.0
2000-10-13,26.0150089263916,0.0
2000-10-16,25.11520767211914,0.0
2000-10-17,25.11520767211914,0.0
2000-10-18,23.47404289245605,0.0
2000-10-19,21.90462112426757,0.0
2000-10-20,23.324573516845703,0.0
2000-10-23,26.16447639465332,0.0
2000-10-24,27.95511054992676,0.0
2000-10-25,28.85491180419922,0.0
2000-10-26,27.95511054992676,0.0
2000-10-27,27.055309295654297,0.0
2000-10-30,26.16447639465332,0.0
2000-10-31,25.26467514038086,0.0
2000-11-01,24.814775466918945,0.0
2000-11-02,26.46490859985352,0.0
2000-11-03,28.25554275512696,0.0
2000-11-06,28.405010223388672,0.0
2000-11-07,30.34511375427246,0.0
2000-11-08,31.39587783813477,0.0
2000-11-09,31.24640846252441,0.0
2000-11-10,30.19564437866211,0.0
2000-11-13,29.30630683898925,0.0
2000-11-14,29.005874633789062,0.0
2000-11-15,29.30630683898925,0.0
2000-11-16,29.005874633789062,0.0
2000-11-17,29.596275329589844,0.0
2000-11-20,26.46490859985352,0.0
2000-11-21,28.25554275512696,0.0
2000-11-22,27.95511054992676,0.0
2000-11-23,28.55597305297852,0.0
2000-11-24,29.005874633789062,0.0
2000-11-27,28.405010223388672,0.0
2000-11-28,28.405010223388672,0.0
2000-11-29,28.85491180419922,0.0
2000-11-30,28.1060733795166,0.0
2000-12-01,28.705442428588867,0.0
2000-12-04,26.90584182739257,0.0
2000-12-05,26.0150089263916,0.0
2000-12-06,25.714576721191406,0.0
2000-12-07,25.714576721191406,0.0
2000-12-08,26.16447639465332,0.0
2000-12-11,26.315439224243164,0.0
2000-12-12,28.1060733795166,0.0
2000-12-13,28.55597305297852,0.0
2000-12-14,28.1060733795166,0.0
2000-12-15,27.505210876464844,0.0
2000-12-18,26.315439224243164,0.0
2000-12-19,25.86553955078125,0.0
2000-12-20,25.56510734558105,0.0
2000-12-21,24.814775466918945,0.0
2000-12-22,25.26467514038086,0.0
2000-12-25,25.26467514038086,0.0
2000-12-26,25.26467514038086,0.0
2000-12-27,24.51434326171875,0.0
2000-12-28,25.11520767211914,0.0
2000-12-29,25.11520767211914,0.0
2001-01-01,25.11520767211914,0.0
2001-01-02,26.0150089263916,0.0
2001-01-03,25.56510734558105,0.0
2001-01-04,27.20477867126465,0.0
2001-01-05,28.1060733795166,0.0
2001-01-08,26.90584182739257,0.0
2001-01-09,28.405010223388672,0.0
2001-01-10,28.405010223388672,0.0
2001-01-11,28.705442428588867,0.0
2001-01-12,28.55597305297852,0.0
2001-01-15,28.25554275512696,0.0
2001-01-16,29.30630683898925,0.0
2001-01-17,29.89521217346192,0.0
2001-01-18,29.30630683898925,0.0
2001-01-19,29.30630683898925,0.0
2001-01-22,29.30630683898925,0.0
2001-01-23,29.30630683898925,0.0
2001-01-24,29.30630683898925,0.0
2001-01-25,29.30630683898925,0.0
2001-01-26,29.30630683898925,0.0
2001-01-29,28.705442428588867,0.0
2001-01-30,30.645544052124023,0.0
2001-01-31,31.696308135986328,0.0
2001-02-01,31.09544563293457,0.0
2001-02-02,30.7965087890625,0.0
2001-02-05,29.596275329589844,0.0
2001-02-06,30.19564437866211,0.0
2001-02-07,29.455774307250977,0.0
2001-02-08,30.04617691040039,0.0
2001-02-09,30.94597625732422,0.0
2001-02-12,30.7965087890625,0.0
2001-02-13,31.24640846252441,0.0
2001-02-14,30.19564437866211,0.0
2001-02-15,31.24640846252441,0.0
2001-02-16,30.34511375427246,0.0
2001-02-19,29.596275329589844,0.0
2001-02-20,29.89521217346192,0.0
2001-02-21,30.7965087890625,0.0
2001-02-22,29.745744705200195,0.0
2001-02-23,30.04617691040039,0.0
2001-02-26,29.89521217346192,0.0
2001-02-27,30.04617691040039,0.0
2001-02-28,30.04617691040039,0.0
2001-03-01,29.596275329589844,0.0
2001-03-02,28.705442428588867,0.0
2001-03-05,28.705442428588867,0.0
2001-03-06,28.85491180419922,0.0
2001-03-07,30.34511375427246,0.0
2001-03-08,29.745744705200195,0.0
2001-03-09,29.596275329589844,0.0
2001-03-12,29.30630683898925,0.0
2001-03-13,30.34511375427246,0.0
2001-03-14,31.84577751159668,0.0
2001-03-15,31.996740341186523,0.0
2001-03-16,30.7965087890625,0.0
2001-03-19,30.34511375427246,0.0
2001-03-20,30.04617691040039,0.0
2001-03-21,29.30630683898925,0.0
2001-03-22,30.19564437866211,0.0
2001-03-23,30.19564437866211,0.0
2001-03-26,30.645544052124023,0.0
2001-03-27,30.496076583862305,0.0
2001-03-28,30.19564437866211,0.0
2001-03-29,29.89521217346192,0.0
2001-03-30,30.04617691040039,0.0
2001-04-02,29.596275329589844,0.0
2001-04-03,29.30630683898925,0.0
2001-04-04,29.30630683898925,0.0
2001-04-05,29.30630683898925,0.0
2001-04-06,29.596275329589844,0.0
2001-04-09,29.30630683898925,0.0
2001-04-10,29.005874633789062,0.0
2001-04-11,29.005874633789062,0.0
2001-04-12,29.596275329589844,0.0
2001-04-13,28.705442428588867,0.0
2001-04-16,28.705442428588867,0.0
2001-04-17,29.005874633789062,0.0
2001-04-18,29.30630683898925,0.0
2001-04-19,30.34511375427246,0.0
2001-04-20,30.34511375427246,0.0
2001-04-23,30.645544052124023,0.0
2001-04-24,30.04617691040039,0.0
2001-04-25,29.89521217346192,0.0
2001-04-26,29.455774307250977,0.0
2001-04-27,28.85491180419922,0.0
2001-04-30,28.85491180419922,0.0
2001-05-01,28.85491180419922,0.0
2001-05-02,28.55597305297852,0.0
2001-05-03,29.15534210205078,0.0
2001-05-04,28.405010223388672,0.0
2001-05-07,28.85491180419922,0.0
2001-05-08,28.85491180419922,0.0
2001-05-09,29.005874633789062,0.0
2001-05-10,28.55597305297852,0.0
2001-05-11,29.15534210205078,0.0
2001-05-14,29.15534210205078,0.0
2001-05-15,28.85491180419922,0.0
2001-05-16,28.85491180419922,0.0
2001-05-17,29.15534210205078,0.0
2001-05-18,29.30630683898925,0.0
2001-05-21,28.705442428588867,0.0
2001-05-22,29.005874633789062,0.0
2001-05-23,29.30630683898925,0.0
2001-05-24,29.455774307250977,0.0
2001-05-25,29.455774307250977,0.0
2001-05-28,28.85491180419922,0.0
2001-05-29,29.005874633789062,0.0
2001-05-30,28.85491180419922,0.0
2001-05-31,28.405010223388672,0.0
2001-06-01,27.055309295654297,0.0
2001-06-04,27.055309295654297,0.0
2001-06-05,26.90584182739257,0.0
2001-06-06,27.505210876464844,0.0
2001-06-07,27.055309295654297,0.0
2001-06-08,27.35574150085449,0.0
2001-06-11,28.405010223388672,0.0
2001-06-12,28.405010223388672,0.0
2001-06-13,27.95511054992676,0.0
2001-06-14,27.35574150085449,0.0
2001-06-15,27.805641174316406,0.0
2001-06-18,27.35574150085449,0.0
2001-06-19,27.20477867126465,0.0
2001-06-20,26.7548770904541,0.0
2001-06-21,26.90584182739257,0.0
2001-06-22,26.614376068115234,0.0
2001-06-25,26.614376068115234,0.0
2001-06-26,25.41414451599121,0.0
2001-06-27,26.0150089263916,0.0
2001-06-28,25.41414451599121,0.0
2001-06-29,27.055309295654297,0.0
2001-07-02,26.554590225219727,0.186836
2001-07-03,26.72498321533203,0.0
2001-07-04,26.46490859985352,0.0
2001-07-05,26.19586563110352,0.0
2001-07-06,26.72498321533203,0.0
2001-07-09,27.08550262451172,0.0
2001-07-10,27.625383377075195,0.0
2001-07-11,27.446020126342773,0.0
2001-07-12,27.804744720458984,0.0
2001-07-13,27.446020126342773,0.0
2001-07-16,27.625383377075195,0.0
2001-07-17,27.98590087890625,0.0
2001-07-18,27.264863967895508,0.0
2001-07-19,27.446020126342773,0.0
2001-07-20,27.804744720458984,0.0
2001-07-23,27.264863967895508,0.0
2001-07-24,26.72498321533203,0.0
2001-07-25,27.446020126342773,0.0
2001-07-26,28.34462547302246,0.0
2001-07-27,27.804744720458984,0.0
2001-07-30,27.804744720458984,0.0
2001-07-31,29.065662384033203,0.0
2001-08-01,29.775936126708984,0.0
2001-08-02,29.955299377441406,0.0
2001-08-03,29.42617988586425,0.0
2001-08-06,29.596574783325195,0.0
2001-08-07,29.42617988586425,0.0
2001-08-08,29.955299377441406,0.0
2001-08-09,29.955299377441406,0.0
2001-08-10,29.775936126708984,0.0
2001-08-13,29.775936126708984,0.0
2001-08-14,30.31581687927246,0.0
2001-08-15,30.31581687927246,0.0
2001-08-16,29.955299377441406,0.0
2001-08-17,29.596574783325195,0.0
2001-08-20,29.245023727416992,0.0
2001-08-21,29.596574783325195,0.0
2001-08-22,29.245023727416992,0.0
2001-08-23,29.245023727416992,0.0
2001-08-24,27.804744720458984,0.0
2001-08-27,28.16526222229004,0.0
2001-08-28,27.264863967895508,0.0
2001-08-29,26.72498321533203,0.0
2001-08-30,25.74566650390625,0.0
2001-08-31,23.944868087768555,0.0
2001-09-03,22.33419418334961,0.0
2001-09-04,22.15483283996582,0.0
2001-09-05,21.254432678222656,0.0
2001-09-06,20.2733211517334,0.0
2001-09-07,20.454477310180664,0.0
2001-09-10,20.2733211517334,0.0
2001-09-11,20.183639526367188,0.0
2001-09-12,20.183639526367188,0.0
2001-09-13,19.554079055786133,0.0
2001-09-14,18.29316139221192,0.0
2001-09-17,18.29316139221192,0.0
2001-09-18,18.29316139221192,0.0
2001-09-19,18.214242935180664,0.0
2001-09-20,17.582887649536133,0.0
2001-09-21,17.043006896972656,0.0
2001-09-24,17.582887649536133,0.0
2001-09-25,18.29316139221192,0.0
2001-09-26,19.554079055786133,0.0
2001-09-27,19.73344039916992,0.0
2001-09-28,19.554079055786133,0.0
2001-10-01,19.554079055786133,0.0
2001-10-02,18.83304214477539,0.0
2001-10-03,18.47431755065918,0.0
2001-10-04,19.193559646606445,0.0
2001-10-05,19.73344039916992,0.0
2001-10-08,19.103879928588867,0.0
2001-10-09,19.73344039916992,0.0
2001-10-10,19.73344039916992,0.0
2001-10-11,21.08403968811035,0.0
2001-10-12,22.51355743408203,0.0
2001-10-15,22.784393310546875,0.0
2001-10-16,22.87407493591309,0.0
2001-10-17,22.51355743408203,0.0
2001-10-18,21.704633712768555,0.0
2001-10-19,21.883995056152344,0.0
2001-10-22,21.883995056152344,0.0
2001-10-23,22.063356399536133,0.0
2001-10-24,22.605030059814453,0.0
2001-10-25,22.784393310546875,0.0
2001-10-26,22.963756561279297,0.0
2001-10-29,22.784393310546875,0.0
2001-10-30,21.883995056152344,0.0
2001-10-31,22.963756561279297,0.0
2001-11-01,23.864154815673828,0.0
2001-11-02,24.30538558959961,0.0
2001-11-05,24.66411018371582,0.0
2001-11-06,24.755586624145508,0.0
2001-11-07,25.74566650390625,0.0
2001-11-08,25.65419006347656,0.0
2001-11-09,25.74566650390625,0.0
2001-11-12,26.104389190673828,0.0
2001-11-13,25.835346221923828,0.0
2001-11-14,27.08550262451172,0.0
2001-11-15,27.625383377075195,0.0
2001-11-16,27.804744720458984,0.0
2001-11-19,28.34462547302246,0.0
2001-11-20,26.904346466064453,0.0
2001-11-21,27.625383377075195,0.0
2001-11-22,26.904346466064453,0.0
2001-11-23,27.08550262451172,0.0
2001-11-26,27.446020126342773,0.0
2001-11-27,26.644271850585938,0.0
2001-11-28,26.19586563110352,0.0
2001-11-29,26.72498321533203,0.0
2001-11-30,26.01470947265625,0.0
2001-12-03,27.804744720458984,0.0
2001-12-04,28.525781631469727,0.0
2001-12-05,29.065662384033203,0.0
2001-12-06,30.136455535888672,0.0
2001-12-07,29.596574783325195,0.0
2001-12-10,28.70514488220215,0.0
2001-12-11,28.525781631469727,0.0
2001-12-12,29.955299377441406,0.0
2001-12-13,29.775936126708984,0.0
2001-12-14,29.245023727416992,0.0
2001-12-17,27.804744720458984,0.0
2001-12-18,27.08550262451172,0.0
2001-12-19,26.554590225219727,0.0
2001-12-20,27.625383377075195,0.0
2001-12-21,27.08550262451172,0.0
2001-12-24,26.554590225219727,0.0
2001-12-25,27.98590087890625,0.0
2001-12-26,27.804744720458984,0.0
2001-12-27,29.065662384033203,0.0
2001-12-28,28.16526222229004,0.0
2001-12-31,28.70514488220215,0.0
2002-01-01,28.70514488220215,0.0
2002-01-02,29.245023727416992,0.0
2002-01-03,27.98590087890625,0.0
2002-01-04,29.245023727416992,0.0
2002-01-07,31.216215133666992,0.0
2002-01-08,33.36677169799805,0.0
2002-01-09,33.00625228881836,0.0
2002-01-10,33.90665054321289,0.0
2002-01-11,31.57673454284668,0.0
2002-01-14,31.93545913696289,0.0
2002-01-15,32.11661529541016,0.0
2002-01-16,31.39557838439941,0.0
2002-01-17,31.036853790283203,0.0
2002-01-18,31.036853790283203,0.0
2002-01-21,33.18561553955078,0.0
2002-01-22,32.64573287963867,0.0
2002-01-23,33.00625228881836,0.0
2002-01-24,32.29597854614258,0.0
2002-01-25,32.82688903808594,0.0
2002-01-28,33.5461311340332,0.0
2002-01-29,32.46636962890625,0.0
2002-01-30,31.57673454284668,0.0
2002-01-31,31.7560977935791,0.0
2002-02-01,31.7560977935791,0.0
2002-02-04,32.64573287963867,0.0
2002-02-05,33.00625228881836,0.0
2002-02-06,33.00625228881836,0.0
2002-02-07,33.00625228881836,0.0
2002-02-08,33.00625228881836,0.0
2002-02-11,33.00625228881836,0.0
2002-02-12,33.00625228881836,0.0
2002-02-13,33.00625228881836,0.0
2002-02-14,33.00625228881836,0.0
2002-02-15,33.00625228881836,0.0
2002-02-18,32.46636962890625,0.0
2002-02-19,31.57673454284668,0.0
2002-02-20,30.495180130004883,0.0
2002-02-21,30.136455535888672,0.0
2002-02-22,29.42617988586425,0.0
2002-02-25,28.70514488220215,0.0
2002-02-26,27.804744720458984,0.0
2002-02-27,28.70514488220215,0.0
2002-02-28,28.70514488220215,0.0
2002-03-01,27.804744720458984,0.0
2002-03-04,29.245023727416992,0.0
2002-03-05,30.136455535888672,0.0
2002-03-06,30.67633438110352,0.0
2002-03-07,29.955299377441406,0.0
2002-03-08,28.70514488220215,0.0
2002-03-11,29.955299377441406,0.0
2002-03-12,29.955299377441406,0.0
2002-03-13,29.42617988586425,0.0
2002-03-14,29.42617988586425,0.0
2002-03-15,28.88629913330078,0.0
2002-03-18,28.70514488220215,0.0
2002-03-19,28.16526222229004,0.0
2002-03-20,28.88629913330078,0.0
2002-03-21,28.525781631469727,0.0
2002-03-22,29.065662384033203,0.0
2002-03-25,29.245023727416992,0.0
2002-03-26,29.42617988586425,0.0
2002-03-27,28.70514488220215,0.0
2002-03-28,29.245023727416992,0.0
2002-03-29,28.88629913330078,0.0
2002-04-01,28.70514488220215,0.0
2002-04-02,28.88629913330078,0.0
2002-04-03,29.065662384033203,0.0
2002-04-04,28.16526222229004,0.0
2002-04-05,28.16526222229004,0.0
2002-04-08,26.72498321533203,0.0
2002-04-09,26.01470947265625,0.0
2002-04-10,27.08550262451172,0.0
2002-04-11,27.446020126342773,0.0
2002-04-12,27.804744720458984,0.0
2002-04-15,28.16526222229004,0.0
2002-04-16,27.98590087890625,0.0
2002-04-17,28.525781631469727,0.0
2002-04-18,28.88629913330078,0.0
2002-04-19,28.16526222229004,0.0
2002-04-22,28.525781631469727,0.0
2002-04-23,28.16526222229004,0.0
2002-04-24,28.525781631469727,0.0
2002-04-25,27.446020126342773,0.0
2002-04-26,27.446020126342773,0.0
2002-04-29,28.16526222229004,0.0
2002-04-30,27.264863967895508,0.0
2002-05-01,27.264863967895508,0.0
2002-05-02,27.08550262451172,0.0
2002-05-03,27.446020126342773,0.0
2002-05-06,26.644271850585938,0.0
2002-05-07,27.08550262451172,0.0
2002-05-08,26.554590225219727,0.0
2002-05-09,27.264863967895508,0.0
2002-05-10,28.34462547302246,0.0
2002-05-13,29.065662384033203,0.0
2002-05-14,29.596574783325195,0.0
2002-05-15,29.955299377441406,0.0
2002-05-16,29.596574783325195,0.0
2002-05-17,29.596574783325195,0.0
2002-05-20,29.065662384033203,0.0
2002-05-21,29.065662384033203,0.0
2002-05-22,29.42617988586425,0.0
2002-05-23,29.955299377441406,0.0
2002-05-24,30.67633438110352,0.0
2002-05-27,30.495180130004883,0.0
2002-05-28,29.596574783325195,0.0
2002-05-29,28.88629913330078,0.0
2002-05-30,29.065662384033203,0.0
2002-05-31,27.804744720458984,0.0
2002-06-03,27.625383377075195,0.0
2002-06-04,27.98590087890625,0.0
2002-06-05,28.525781631469727,0.0
2002-06-06,27.804744720458984,0.0
2002-06-07,27.804744720458984,0.0
2002-06-10,27.98590087890625,0.0
2002-06-11,27.446020126342773,0.0
2002-06-12,27.264863967895508,0.0
2002-06-13,27.446020126342773,0.0
2002-06-14,27.804744720458984,0.0
2002-06-17,27.625383377075195,0.0
2002-06-18,27.98590087890625,0.0
2002-06-19,27.804744720458984,0.0
2002-06-20,27.98590087890625,0.0
2002-06-21,27.804744720458984,0.0
2002-06-24,27.446020126342773,0.0
2002-06-25,27.625383377075195,0.0
2002-06-26,27.08550262451172,0.0
2002-06-27,25.203990936279297,0.0
2002-06-28,24.48474884033203,0.0
2002-07-01,23.503637313842773,0.0
2002-07-02,23.774473190307617,0.0
2002-07-03,23.774473190307617,0.0
2002-07-04,24.03454971313477,0.0
2002-07-05,25.29546546936035,0.0
2002-07-08,26.644271850585938,0.0
2002-07-09,26.375226974487305,0.0
2002-07-10,26.81466484069824,0.0
2002-07-11,26.19586563110352,0.0
2002-07-12,27.98590087890625,0.0
2002-07-15,27.625383377075195,0.0
2002-07-16,27.08550262451172,0.0
2002-07-17,25.65419006347656,0.0
2002-07-18,27.264863967895508,0.0
2002-07-19,27.446020126342773,0.0
2002-07-22,26.72498321533203,0.0
2002-07-23,27.02505683898925,0.233951
2002-07-24,26.614585876464844,0.0
2002-07-25,26.9260482788086,0.0
2002-07-26,26.81466484069824,0.0
2002-07-29,27.435527801513672,0.0
2002-07-30,28.675189971923828,0.0
2002-07-31,28.46479797363281,0.0
2002-08-01,27.54484939575196,0.0
2002-08-02,26.81466484069824,0.0
2002-08-05,24.96445274353028,0.0
2002-08-06,25.065523147583008,0.0
2002-08-07,25.7853946685791,0.0
2002-08-08,25.99578666687012,0.0
2002-08-09,26.71565628051757,0.0
2002-08-12,25.99578666687012,0.0
2002-08-13,25.894716262817383,0.0
2002-08-14,26.305185317993164,0.0
2002-08-15,27.23544883728028,0.0
2002-08-16,27.435527801513672,0.0
2002-08-19,26.81466484069824,0.0
2002-08-20,27.74492835998535,0.0
2002-08-21,27.435527801513672,0.0
2002-08-22,28.0563907623291,0.0
2002-08-23,28.0563907623291,0.0
2002-08-26,27.645919799804688,0.0
2002-08-27,27.435527801513672,0.0
2002-08-28,26.614585876464844,0.0
2002-08-29,27.23544883728028,0.0
2002-08-30,26.81466484069824,0.0
2002-09-02,27.435527801513672,0.0
2002-09-03,27.23544883728028,0.0
2002-09-04,26.9260482788086,0.0
2002-09-05,26.204116821289062,0.0
2002-09-06,26.204116821289062,0.0
2002-09-09,25.374923706054688,0.0
2002-09-10,25.7853946685791,0.0
2002-09-11,25.47393226623535,0.0
2002-09-12,25.47393226623535,0.0
2002-09-13,24.96445274353028,0.0
2002-09-16,24.75406074523925,0.0
2002-09-17,25.374923706054688,0.0
2002-09-18,24.6550521850586,0.0
2002-09-19,24.6550521850586,0.0
2002-09-20,24.13526153564453,0.0
2002-09-23,24.13526153564453,0.0
2002-09-24,23.935182571411133,0.0
2002-09-25,23.5143985748291,0.0
2002-09-26,24.034189224243164,0.0
2002-09-27,24.24458122253418,0.0
2002-09-30,24.034189224243164,0.0
2002-10-01,23.935182571411133,0.0
2002-10-02,24.44466018676757,0.0
2002-10-03,24.345653533935547,0.0
2002-10-04,24.345653533935547,0.0
2002-10-07,23.103927612304688,0.0
2002-10-08,22.90384864807129,0.0
2002-10-09,23.204998016357425,0.0
2002-10-10,23.204998016357425,0.0
2002-10-11,21.664186477661133,0.0
2002-10-14,23.004919052124023,0.0
2002-10-15,24.55398178100586,0.0
2002-10-16,25.374923706054688,0.0
2002-10-17,25.374923706054688,0.0
2002-10-18,26.404193878173828,0.0
2002-10-21,26.51557731628418,0.0
2002-10-22,26.09479331970215,0.0
2002-10-23,27.645919799804688,0.0
2002-10-24,27.334457397460938,0.0
2002-10-25,27.435527801513672,0.0
2002-10-28,27.02505683898925,0.0
2002-10-29,26.9260482788086,0.0
2002-10-30,26.51557731628418,0.0
2002-10-31,25.894716262817383,0.0
2002-11-01,25.894716262817383,0.0
2002-11-04,26.305185317993164,0.0
2002-11-05,26.305185317993164,0.0
2002-11-06,27.334457397460938,0.0
2002-11-07,27.645919799804688,0.0
2002-11-08,27.54484939575196,0.0
2002-11-11,26.614585876464844,0.0
2002-11-12,26.404193878173828,0.0
2002-11-13,26.204116821289062,0.0
2002-11-14,26.404193878173828,0.0
2002-11-15,26.9260482788086,0.0
2002-11-18,26.9260482788086,0.0
2002-11-19,26.9260482788086,0.0
2002-11-20,26.204116821289062,0.0
2002-11-21,25.894716262817383,0.0
2002-11-22,27.02505683898925,0.0
2002-11-25,27.334457397460938,0.0
2002-11-26,26.81466484069824,0.0
2002-11-27,26.51557731628418,0.0
2002-11-28,26.81466484069824,0.0
2002-11-29,26.9260482788086,0.0
2002-12-02,27.126127243041992,0.0
2002-12-03,27.645919799804688,0.0
2002-12-04,27.126127243041992,0.0
2002-12-05,27.23544883728028,0.0
2002-12-06,26.81466484069824,0.0
2002-12-09,26.9260482788086,0.0
2002-12-10,26.51557731628418,0.0
2002-12-11,26.51557731628418,0.0
2002-12-12,25.99578666687012,0.0
2002-12-13,25.894716262817383,0.0
2002-12-16,25.585315704345703,0.0
2002-12-17,26.204116821289062,0.0
2002-12-18,25.7853946685791,0.0
2002-12-19,25.374923706054688,0.0
2002-12-20,25.684324264526367,0.0
2002-12-23,25.684324264526367,0.0
2002-12-24,25.585315704345703,0.0
2002-12-25,25.27385330200196,0.0
2002-12-26,25.7853946685791,0.0
2002-12-27,25.374923706054688,0.0
2002-12-30,24.75406074523925,0.0
2002-12-31,24.75406074523925,0.0
2003-01-01,24.75406074523925,0.0
2003-01-02,24.96445274353028,0.0
2003-01-03,25.27385330200196,0.0
2003-01-06,25.27385330200196,0.0
2003-01-07,25.47393226623535,0.0
2003-01-08,26.09479331970215,0.0
2003-01-09,25.585315704345703,0.0
2003-01-10,25.7853946685791,0.0
2003-01-13,26.51557731628418,0.0
2003-01-14,27.23544883728028,0.0
2003-01-15,27.02505683898925,0.0
2003-01-16,26.51557731628418,0.0
2003-01-17,25.684324264526367,0.0
2003-01-20,25.585315704345703,0.0
2003-01-21,25.585315704345703,0.0
2003-01-22,23.82379722595215,0.0
2003-01-23,24.24458122253418,0.0
2003-01-24,24.345653533935547,0.0
2003-01-27,24.6550521850586,0.0
2003-01-28,24.55398178100586,0.0
2003-01-29,24.55398178100586,0.0
2003-01-30,24.55398178100586,0.0
2003-01-31,24.55398178100586,0.0
2003-02-03,24.55398178100586,0.0
2003-02-04,24.55398178100586,0.0
2003-02-05,24.55398178100586,0.0
2003-02-06,22.90384864807129,0.0
2003-02-07,22.69345664978028,0.0
2003-02-10,23.004919052124023,0.0
2003-02-11,23.314319610595703,0.0
2003-02-12,22.59444808959961,0.0
2003-02-13,21.86426544189453,0.0
2003-02-14,21.763193130493164,0.0
2003-02-17,23.204998016357425,0.0
2003-02-18,22.794527053833008,0.0
2003-02-19,22.794527053833008,0.0
2003-02-20,23.935182571411133,0.0
2003-02-21,24.034189224243164,0.0
2003-02-24,24.345653533935547,0.0
2003-02-25,23.314319610595703,0.0
2003-02-26,23.314319610595703,0.0
2003-02-27,23.103927612304688,0.0
2003-02-28,23.103927612304688,0.0
2003-03-03,23.103927612304688,0.0
2003-03-04,23.204998016357425,0.0
2003-03-05,22.90384864807129,0.0
2003-03-06,23.004919052124023,0.0
2003-03-07,23.204998016357425,0.0
2003-03-10,22.794527053833008,0.0
2003-03-11,22.59444808959961,0.0
2003-03-12,23.5143985748291,0.0
2003-03-13,23.623720169067383,0.0
2003-03-14,24.034189224243164,0.0
2003-03-17,23.103927612304688,0.0
2003-03-18,24.55398178100586,0.0
2003-03-19,24.55398178100586,0.0
2003-03-20,24.55398178100586,0.0
2003-03-21,24.55398178100586,0.0
2003-03-24,24.345653533935547,0.0
2003-03-25,23.623720169067383,0.0
2003-03-26,23.5143985748291,0.0
2003-03-27,23.935182571411133,0.0
2003-03-28,23.72479057312012,0.0
2003-03-31,22.794527053833008,0.0
2003-04-01,22.90384864807129,0.0
2003-04-02,23.204998016357425,0.0
2003-04-03,23.41539001464844,0.0
2003-04-04,23.935182571411133,0.0
2003-04-07,24.345653533935547,0.0
2003-04-08,24.345653533935547,0.0
2003-04-09,24.345653533935547,0.0
2003-04-10,24.13526153564453,0.0
2003-04-11,24.345653533935547,0.0
2003-04-14,23.935182571411133,0.0
2003-04-15,23.41539001464844,0.0
2003-04-16,23.935182571411133,0.0
2003-04-17,23.935182571411133,0.0
2003-04-18,24.44466018676757,0.0
2003-04-21,24.13526153564453,0.0
2003-04-22,23.623720169067383,0.0
2003-04-23,23.623720169067383,0.0
2003-04-24,22.69345664978028,0.0
2003-04-25,21.354785919189453,0.0
2003-04-28,21.25371551513672,0.0
2003-04-29,22.074657440185547,0.0
2003-04-30,22.48512840270996,0.0
2003-05-01,22.48512840270996,0.0
2003-05-02,22.48512840270996,0.0
2003-05-05,22.3840560913086,0.0
2003-05-06,22.48512840270996,0.0
2003-05-07,22.69345664978028,0.0
2003-05-08,22.074657440185547,0.0
2003-05-09,22.28504943847656,0.0
2003-05-12,22.69345664978028,0.0
2003-05-13,23.314319610595703,0.0
2003-05-14,23.5143985748291,0.0
2003-05-15,23.204998016357425,0.0
2003-05-16,23.204998016357425,0.0
2003-05-19,23.103927612304688,0.0
2003-05-20,23.103927612304688,0.0
2003-05-21,23.004919052124023,0.0
2003-05-22,23.204998016357425,0.0
2003-05-23,23.5143985748291,0.0
2003-05-26,23.82379722595215,0.0
2003-05-27,23.82379722595215,0.0
2003-05-28,23.82379722595215,0.0
2003-05-29,24.345653533935547,0.0
2003-05-30,23.935182571411133,0.0
2003-06-02,24.86544418334961,0.0
2003-06-03,24.6550521850586,0.0
2003-06-04,24.6550521850586,0.0
2003-06-05,24.24458122253418,0.0
2003-06-06,23.41539001464844,0.0
2003-06-09,24.96445274353028,0.0
2003-06-10,25.47393226623535,0.0
2003-06-11,25.7853946685791,0.0
2003-06-12,26.305185317993164,0.0
2003-06-13,26.204116821289062,0.0
2003-06-16,25.99578666687012,0.0
2003-06-17,26.51557731628418,0.0
2003-06-18,26.404193878173828,0.0
2003-06-19,26.51557731628418,0.0
2003-06-20,25.7853946685791,0.0
2003-06-23,25.684324264526367,0.0
2003-06-24,25.7853946685791,0.0
2003-06-25,26.305185317993164,0.0
2003-06-26,26.404193878173828,0.0
2003-06-27,26.614585876464844,0.0
2003-06-30,25.894716262817383,0.0
2003-07-01,26.305185317993164,0.0
2003-07-02,26.71565628051757,0.0
2003-07-03,26.71565628051757,0.0
2003-07-04,26.09479331970215,0.0
2003-07-07,26.81466484069824,0.0
2003-07-08,28.675189971923828,0.0
2003-07-09,29.605453491210938,0.0
2003-07-10,29.194982528686523,0.0
2003-07-11,30.114931106567383,0.0
2003-07-14,30.3253231048584,0.0
2003-07-15,30.22631454467773,0.0
2003-07-16,30.946186065673828,0.0
2003-07-17,30.946186065673828,0.0
2003-07-18,30.73579406738281,0.0
2003-07-21,30.3253231048584,0.0
2003-07-22,30.114931106567383,0.0
2003-07-23,30.946186065673828,0.0
2003-07-24,33.00679016113281,0.0
2003-07-25,33.21718215942383,0.0
2003-07-28,33.83598327636719,0.0
2003-07-29,33.21718215942383,0.0
2003-07-30,33.00679016113281,0.0
2003-07-31,32.38592529296875,0.0
2003-08-01,33.83598327636719,0.0
2003-08-04,33.62559127807617,0.0
2003-08-05,32.38592529296875,0.0
2003-08-06,31.56704902648925,0.0
2003-08-07,30.576143264770508,0.257833
2003-08-08,30.204864501953125,0.0
2003-08-11,30.326147079467773,0.0
2003-08-12,31.06623268127441,0.0
2003-08-13,33.17757797241211,0.0
2003-08-14,32.556304931640625,0.0
2003-08-15,33.04639434814453,0.0
2003-08-18,32.806297302246094,0.0
2003-08-19,33.29638671875,0.0
2003-08-20,33.427574157714844,0.0
2003-08-21,33.427574157714844,0.0
2003-08-22,33.667667388916016,0.0
2003-08-25,33.667667388916016,0.0
2003-08-26,32.92510986328125,0.0
2003-08-27,32.92510986328125,0.0
2003-08-28,32.67511367797852,0.0
2003-08-29,34.90774154663086,0.0
2003-09-01,36.016632080078125,0.0
2003-09-02,36.14781951904297,0.0
2003-09-03,35.897823333740234,0.0
2003-09-04,36.14781951904297,0.0
2003-09-05,36.26662826538086,0.0
2003-09-08,37.62798690795898,0.0
2003-09-09,37.13789749145508,0.0
2003-09-10,38.12797927856445,0.0
2003-09-11,38.12797927856445,0.0
2003-09-12,38.12797927856445,0.0
2003-09-15,37.38789367675781,0.0
2003-09-16,37.62798690795898,0.0
2003-09-17,38.12797927856445,0.0
2003-09-18,38.12797927856445,0.0
2003-09-19,38.86806488037109,0.0
2003-09-22,37.62798690795898,0.0
2003-09-23,36.63790893554688,0.0
2003-09-24,36.3978157043457,0.0
2003-09-25,36.3978157043457,0.0
2003-09-26,36.26662826538086,0.0
2003-09-29,36.14781951904297,0.0
2003-09-30,36.14781951904297,0.0
2003-10-01,36.3978157043457,0.0
2003-10-02,37.62798690795898,0.0
2003-10-03,37.62798690795898,0.0
2003-10-06,38.61806869506836,0.0
2003-10-07,38.61806869506836,0.0
2003-10-08,37.62798690795898,0.0
2003-10-09,37.87798309326172,0.0
2003-10-10,37.87798309326172,0.0
2003-10-13,38.12797927856445,0.0
2003-10-14,38.12797927856445,0.0
2003-10-15,38.37797546386719,0.0
2003-10-16,39.11805725097656,0.0
2003-10-17,39.11805725097656,0.0
2003-10-20,38.61806869506836,0.0
2003-10-21,39.3680534362793,0.0
2003-10-22,39.11805725097656,0.0
2003-10-23,38.12797927856445,0.0
2003-10-24,37.38789367675781,0.0
2003-10-27,37.62798690795898,0.0
2003-10-28,38.61806869506836,0.0
2003-10-29,38.37797546386719,0.0
2003-10-30,38.61806869506836,0.0
2003-10-31,37.62798690795898,0.0
2003-11-03,37.38789367675781,0.0
2003-11-04,37.87798309326172,0.0
2003-11-05,38.12797927856445,0.0
2003-11-06,38.12797927856445,0.0
2003-11-07,39.11805725097656,0.0
2003-11-10,38.61806869506836,0.0
2003-11-11,37.62798690795898,0.0
2003-11-12,36.88790130615234,0.0
2003-11-13,37.62798690795898,0.0
2003-11-14,37.62798690795898,0.0
2003-11-17,36.76662063598633,0.0
2003-11-18,36.5166244506836,0.0
2003-11-19,36.14781951904297,0.0
2003-11-20,34.65774917602539,0.0
2003-11-21,34.167659759521484,0.0
2003-11-24,33.91766357421875,0.0
2003-11-25,34.167659759521484,0.0
2003-11-26,33.79637908935547,0.0
2003-11-27,32.67511367797852,0.0
2003-11-28,32.67511367797852,0.0
2003-12-01,33.17757797241211,0.0
2003-12-02,33.667667388916016,0.0
2003-12-03,33.667667388916016,0.0
2003-12-04,33.667667388916016,0.0
2003-12-05,34.03647232055664,0.0
2003-12-08,33.79637908935547,0.0
2003-12-09,33.29638671875,0.0
2003-12-10,33.29638671875,0.0
2003-12-11,33.546382904052734,0.0
2003-12-12,33.546382904052734,0.0
2003-12-15,33.91766357421875,0.0
2003-12-16,33.79637908935547,0.0
2003-12-17,33.04639434814453,0.0
2003-12-18,33.29638671875,0.0
2003-12-19,32.67511367797852,0.0
2003-12-22,32.556304931640625,0.0
2003-12-23,32.92510986328125,0.0
2003-12-24,33.04639434814453,0.0
2003-12-25,33.79637908935547,0.0
2003-12-26,32.67511367797852,0.0
2003-12-29,32.556304931640625,0.0
2003-12-30,33.17757797241211,0.0
2003-12-31,33.04639434814453,0.0
2004-01-01,33.04639434814453,0.0
2004-01-02,33.79637908935547,0.0
2004-01-05,33.667667388916016,0.0
2004-01-06,33.79637908935547,0.0
2004-01-07,34.167659759521484,0.0
2004-01-08,34.41765213012695,0.0
2004-01-09,36.26662826538086,0.0
2004-01-12,37.38789367675781,0.0
2004-01-13,37.0067138671875,0.0
2004-01-14,37.87798309326172,0.0
2004-01-15,37.13789749145508,0.0
2004-01-16,37.0067138671875,0.0
2004-01-19,37.0067138671875,0.0
2004-01-20,37.0067138671875,0.0
2004-01-21,37.0067138671875,0.0
2004-01-22,37.0067138671875,0.0
2004-01-23,37.0067138671875,0.0
2004-01-26,37.0067138671875,0.0
2004-01-27,38.12797927856445,0.0
2004-01-28,38.37797546386719,0.0
2004-01-29,38.37797546386719,0.0
2004-01-30,38.37797546386719,0.0
2004-02-02,37.38789367675781,0.0
2004-02-03,36.88790130615234,0.0
2004-02-04,36.3978157043457,0.0
2004-02-05,36.3978157043457,0.0
2004-02-06,37.13789749145508,0.0
2004-02-09,37.87798309326172,0.0
2004-02-10,37.13789749145508,0.0
2004-02-11,36.63790893554688,0.0
2004-02-12,36.88790130615234,0.0
2004-02-13,37.87798309326172,0.0
2004-02-16,36.63790893554688,0.0
2004-02-17,36.3978157043457,0.0
2004-02-18,37.38789367675781,0.0
2004-02-19,37.62798690795898,0.0
2004-02-20,36.88790130615234,0.0
2004-02-23,37.13789749145508,0.0
2004-02-24,36.63790893554688,0.0
2004-02-25,36.63790893554688,0.0
2004-02-26,36.63790893554688,0.0
2004-02-27,36.63790893554688,0.0
2004-03-01,37.13789749145508,0.0
2004-03-02,37.13789749145508,0.0
2004-03-03,35.77653884887695,0.0
2004-03-04,35.6478271484375,0.0
2004-03-05,35.897823333740234,0.0
2004-03-08,36.016632080078125,0.0
2004-03-09,36.26662826538086,0.0
2004-03-10,36.3978157043457,0.0
2004-03-11,35.77653884887695,0.0
2004-03-12,34.90774154663086,0.0
2004-03-15,35.276546478271484,0.0
2004-03-16,35.157737731933594,0.0
2004-03-17,35.276546478271484,0.0
2004-03-18,36.63790893554688,0.0
2004-03-19,36.63790893554688,0.0
2004-03-22,34.167659759521484,0.0
2004-03-23,33.427574157714844,0.0
2004-03-24,34.90774154663086,0.0
2004-03-25,34.286468505859375,0.0
2004-03-26,34.65774917602539,0.0
2004-03-29,35.77653884887695,0.0
2004-03-30,35.157737731933594,0.0
2004-03-31,35.276546478271484,0.0
2004-04-01,36.14781951904297,0.0
2004-04-02,35.276546478271484,0.0
2004-04-05,35.897823333740234,0.0
2004-04-06,36.016632080078125,0.0
2004-04-07,36.5166244506836,0.0
2004-04-08,36.5166244506836,0.0
2004-04-09,36.26662826538086,0.0
2004-04-12,36.5166244506836,0.0
2004-04-13,36.5166244506836,0.0
2004-04-14,36.5166244506836,0.0
2004-04-15,36.14781951904297,0.0
2004-04-16,36.14781951904297,0.0
2004-04-19,36.26662826538086,0.0
2004-04-20,35.897823333740234,0.0
2004-04-21,35.40773391723633,0.0
2004-04-22,35.6478271484375,0.0
2004-04-23,35.897823333740234,0.0
2004-04-26,36.14781951904297,0.0
2004-04-27,35.40773391723633,0.0
2004-04-28,35.6478271484375,0.0
2004-04-29,34.53646469116211,0.0
2004-04-30,32.435020446777344,0.0
2004-05-03,32.18502426147461,0.0
2004-05-04,32.435020446777344,0.0
2004-05-05,31.44493865966797,0.0
2004-05-06,31.06623268127441,0.0
2004-05-07,31.935028076171875,0.0
2004-05-10,30.326147079467773,0.0
2004-05-11,30.944948196411133,0.0
2004-05-12,32.18502426147461,0.0
2004-05-13,32.806297302246094,0.0
2004-05-14,31.935028076171875,0.0
2004-05-17,30.69495391845703,0.0
2004-05-18,31.44493865966797,0.0
2004-05-19,32.806297302246094,0.0
2004-05-20,32.806297302246094,0.0
2004-05-21,32.92510986328125,0.0
2004-05-24,32.92510986328125,0.0
2004-05-25,33.17757797241211,0.0
2004-05-26,33.667667388916016,0.0
2004-05-27,32.92510986328125,0.0
2004-05-28,33.79637908935547,0.0
2004-05-31,33.04639434814453,0.0
2004-06-01,33.427574157714844,0.0
2004-06-02,32.92510986328125,0.0
2004-06-03,32.806297302246094,0.0
2004-06-04,33.667667388916016,0.0
2004-06-07,35.276546478271484,0.0
2004-06-08,34.65774917602539,0.0
2004-06-09,34.53646469116211,0.0
2004-06-10,33.04639434814453,0.0
2004-06-11,30.82613945007324,0.0
2004-06-14,28.84597969055176,0.0
2004-06-15,28.96478843688965,0.0
2004-06-16,29.214784622192383,0.0
2004-06-17,29.8360595703125,0.0
2004-06-18,29.704872131347656,0.0
2004-06-21,29.58606338500977,0.0
2004-06-22,29.58606338500977,0.0
2004-06-23,30.076152801513672,0.0
2004-06-24,30.204864501953125,0.0
2004-06-25,30.69495391845703,0.0
2004-06-28,29.95486831665039,0.0
2004-06-29,30.444957733154297,0.0
2004-06-30,30.944948196411133,0.0
2004-07-01,30.444957733154297,0.0
2004-07-02,30.076152801513672,0.0
2004-07-05,29.8360595703125,0.0
2004-07-06,29.95486831665039,0.0
2004-07-07,29.454877853393555,0.0
2004-07-08,29.214784622192383,0.0
2004-07-09,29.454877853393555,0.0
2004-07-12,29.454877853393555,0.0
2004-07-13,29.454877853393555,0.0
2004-07-14,29.95486831665039,0.0
2004-07-15,28.96478843688965,0.0
2004-07-16,28.71479225158692,0.0
2004-07-19,28.34598922729492,0.0
2004-07-20,27.2346248626709,0.0
2004-07-21,28.84597969055176,0.0
2004-07-22,29.454877853393555,0.0
2004-07-23,29.08607292175293,0.0
2004-07-26,29.58606338500977,0.0
2004-07-27,29.8360595703125,0.0
2004-07-28,29.704872131347656,0.0
2004-07-29,29.8360595703125,0.0
2004-07-30,30.326147079467773,0.0
2004-08-02,30.204864501953125,0.0
2004-08-03,30.204864501953125,0.0
2004-08-04,30.076152801513672,0.0
2004-08-05,30.944948196411133,0.0
2004-08-06,30.69495391845703,0.0
2004-08-09,30.576143264770508,0.0
2004-08-10,29.95486831665039,0.0
2004-08-11,30.204864501953125,0.0
2004-08-12,29.336069107055664,0.0
2004-08-13,29.58606338500977,0.0
2004-08-16,28.96478843688965,0.0
2004-08-17,28.595983505249023,0.0
2004-08-18,29.08607292175293,0.0
2004-08-19,30.204864501953125,0.0
2004-08-20,30.69495391845703,0.0
2004-08-23,31.746761322021484,0.495036
2004-08-24,31.746761322021484,0.0
2004-08-25,31.746761322021484,0.0
2004-08-26,32.025718688964844,0.0
2004-08-27,31.4564208984375,0.0
2004-08-30,30.887126922607425,0.0
2004-08-31,31.746761322021484,0.0
2004-09-01,32.885353088378906,0.0
2004-09-02,33.16715240478516,0.0
2004-09-03,32.17657852172852,0.0
2004-09-06,31.88623809814453,0.0
2004-09-07,32.737335205078125,0.0
2004-09-08,33.02767562866211,0.0
2004-09-09,32.59501266479492,0.0
2004-09-10,33.3066291809082,0.0
2004-09-13,34.026790618896484,0.0
2004-09-14,34.30574417114258,0.0
2004-09-15,33.3066291809082,0.0
2004-09-16,33.16715240478516,0.0
2004-09-17,33.3066291809082,0.0
2004-09-20,33.16715240478516,0.0
2004-09-21,34.026790618896484,0.0
2004-09-22,33.87592697143555,0.0
2004-09-23,33.59697341918945,0.0
2004-09-24,33.16715240478516,0.0
2004-09-27,32.455535888671875,0.0
2004-09-28,32.455535888671875,0.0
2004-09-29,32.737335205078125,0.0
2004-09-30,33.3066291809082,0.0
2004-10-01,33.7364501953125,0.0
2004-10-04,34.587547302246094,0.0
2004-10-05,34.587547302246094,0.0
2004-10-06,35.15684127807617,0.0
2004-10-07,35.44718170166016,0.0
2004-10-08,35.5866584777832,0.0
2004-10-11,35.30770492553711,0.0
2004-10-12,34.587547302246094,0.0
2004-10-13,34.30574417114258,0.0
2004-10-14,33.87592697143555,0.0
2004-10-15,33.59697341918945,0.0
2004-10-18,33.16715240478516,0.0
2004-10-19,34.16626739501953,0.0
2004-10-20,34.16626739501953,0.0
2004-10-21,34.30574417114258,0.0
2004-10-22,34.587547302246094,0.0
2004-10-25,34.587547302246094,0.0
2004-10-26,33.7364501953125,0.0
2004-10-27,33.457496643066406,0.0
2004-10-28,33.7364501953125,0.0
2004-10-29,35.017364501953125,0.0
2004-11-01,34.87788772583008,0.0
2004-11-02,35.30770492553711,0.0
2004-11-03,36.58577346801758,0.0
2004-11-04,36.29827880859375,0.0
2004-11-05,37.15791320800781,0.0
2004-11-08,37.297393798828125,0.0
2004-11-09,37.15791320800781,0.0
2004-11-10,37.15791320800781,0.0
2004-11-11,36.4377555847168,0.0
2004-11-12,36.58577346801758,0.0
2004-11-15,36.86757659912109,0.0
2004-11-16,37.15791320800781,0.0
2004-11-17,37.72721099853516,0.0
2004-11-18,38.00616455078125,0.0
2004-11-19,38.00616455078125,0.0
2004-11-22,36.29827880859375,0.0
2004-11-23,36.15595626831055,0.0
2004-11-24,36.4377555847168,0.0
2004-11-25,36.29827880859375,0.0
2004-11-26,36.0164794921875,0.0
2004-11-29,36.15595626831055,0.0
2004-11-30,37.00705337524414,0.0
2004-12-01,36.86757659912109,0.0
2004-12-02,37.15791320800781,0.0
2004-12-03,37.57634735107422,0.0
2004-12-06,37.57634735107422,0.0
2004-12-07,37.8666877746582,0.0
2004-12-08,37.57634735107422,0.0
2004-12-09,38.14849090576172,0.0
2004-12-10,38.296504974365234,0.0
2004-12-13,38.296504974365234,0.0
2004-12-14,38.14849090576172,0.0
2004-12-15,38.7177848815918,0.0
2004-12-16,39.00812530517578,0.0
2004-12-17,39.14760208129883,0.0
2004-12-20,39.42655944824219,0.0
2004-12-21,39.42655944824219,0.0
2004-12-22,39.71689987182617,0.0
2004-12-23,39.85637664794922,0.0
2004-12-24,39.57741928100586,0.0
2004-12-27,39.28707885742188,0.0
2004-12-28,39.85637664794922,0.0
2004-12-29,41.13729095458984,0.0
2004-12-30,41.13729095458984,0.0
2004-12-31,41.84891128540039,0.0
2005-01-03,41.42763137817383,0.0
2005-01-04,39.28707885742188,0.0
2005-01-05,38.43598556518555,0.0
2005-01-06,39.28707885742188,0.0
2005-01-07,39.00812530517578,0.0
2005-01-10,39.57741928100586,0.0
2005-01-11,39.57741928100586,0.0
2005-01-12,39.28707885742188,0.0
2005-01-13,38.57830810546875,0.0
2005-01-14,38.85726165771485,0.0
2005-01-17,39.57741928100586,0.0
2005-01-18,39.00812530517578,0.0
2005-01-19,39.85637664794922,0.0
2005-01-20,38.85726165771485,0.0
2005-01-21,38.7177848815918,0.0
2005-01-24,38.43598556518555,0.0
2005-01-25,38.296504974365234,0.0
2005-01-26,39.14760208129883,0.0
2005-01-27,39.00812530517578,0.0
2005-01-28,39.00812530517578,0.0
2005-01-31,39.85637664794922,0.0
2005-02-01,39.85637664794922,0.0
2005-02-02,40.42851638793945,0.0
2005-02-03,40.5679931640625,0.0
2005-02-04,40.5679931640625,0.0
2005-02-07,40.5679931640625,0.0
2005-02-08,40.5679931640625,0.0
2005-02-09,40.5679931640625,0.0
2005-02-10,40.5679931640625,0.0
2005-02-11,40.5679931640625,0.0
2005-02-14,41.13729095458984,0.0
2005-02-15,41.56710815429688,0.0
2005-02-16,41.42763137817383,0.0
2005-02-17,40.289039611816406,0.0
2005-02-18,41.42763137817383,0.0
2005-02-21,40.70747375488281,0.0
2005-02-22,40.42851638793945,0.0
2005-02-23,40.9978141784668,0.0
2005-02-24,41.13729095458984,0.0
2005-02-25,41.13729095458984,0.0
2005-02-28,41.13729095458984,0.0
2005-03-01,41.56710815429688,0.0
2005-03-02,41.84891128540039,0.0
2005-03-03,41.27676773071289,0.0
2005-03-04,41.70658493041992,0.0
2005-03-07,42.27872848510742,0.0
2005-03-08,41.27676773071289,0.0
2005-03-09,41.42763137817383,0.0
2005-03-10,41.42763137817383,0.0
2005-03-11,41.42763137817383,0.0
2005-03-14,40.9978141784668,0.0
2005-03-15,40.289039611816406,0.0
2005-03-16,40.70747375488281,0.0
2005-03-17,40.1467170715332,0.0
2005-03-18,39.28707885742188,0.0
2005-03-21,40.289039611816406,0.0
2005-03-22,39.57741928100586,0.0
2005-03-23,39.57741928100586,0.0
2005-03-24,39.28707885742188,0.0
2005-03-25,39.71689987182617,0.0
2005-03-28,39.42655944824219,0.0
2005-03-29,38.43598556518555,0.0
2005-03-30,39.00812530517578,0.0
2005-03-31,39.85637664794922,0.0
2005-04-01,39.71689987182617,0.0
2005-04-04,39.14760208129883,0.0
2005-04-05,39.14760208129883,0.0
2005-04-06,39.42655944824219,0.0
2005-04-07,39.14760208129883,0.0
2005-04-08,39.71689987182617,0.0
2005-04-11,40.1467170715332,0.0
2005-04-12,40.9978141784668,0.0
2005-04-13,40.5679931640625,0.0
2005-04-14,40.5679931640625,0.0
2005-04-15,40.5679931640625,0.0
2005-04-18,39.99869918823242,0.0
2005-04-19,39.85637664794922,0.0
2005-04-20,39.85637664794922,0.0
2005-04-21,39.85637664794922,0.0
2005-04-22,41.42763137817383,0.0
2005-04-25,41.13729095458984,0.0
2005-04-26,41.70658493041992,0.0
2005-04-27,41.99692535400391,0.0
2005-04-28,42.41820526123047,0.0
2005-04-29,42.27872848510742,0.0
2005-05-02,42.27872848510742,0.0
2005-05-03,40.85833740234375,0.0
2005-05-04,40.1467170715332,0.0
2005-05-05,41.13729095458984,0.0
2005-05-06,41.56710815429688,0.0
2005-05-09,41.99692535400391,0.0
2005-05-10,41.84891128540039,0.0
2005-05-11,42.139251708984375,0.0
2005-05-12,42.41820526123047,0.0
2005-05-13,43.2778434753418,0.0
2005-05-16,44.41927719116211,0.0
2005-05-17,43.98945999145508,0.0
2005-05-18,43.2778434753418,0.0
2005-05-19,44.41927719116211,0.0
2005-05-20,43.98945999145508,0.0
2005-05-23,42.98749923706055,0.0
2005-05-24,43.69911956787109,0.0
2005-05-25,43.69911956787109,0.0
2005-05-26,44.83771133422852,0.0
2005-05-27,45.979148864746094,0.0
2005-05-30,46.26948928833008,0.0
2005-05-31,46.83024597167969,0.0
2005-06-01,46.26948928833008,0.0
2005-06-02,46.54844284057617,0.0
2005-06-03,46.54844284057617,0.0
2005-06-06,46.68792343139648,0.0
2005-06-07,47.5504035949707,0.0
2005-06-08,47.5504035949707,0.0
2005-06-09,46.97826385498047,0.0
2005-06-10,47.11774063110352,0.0
2005-06-13,48.97079849243164,0.0
2005-06-14,47.8293571472168,0.0
2005-06-15,48.25917816162109,0.0
2005-06-16,47.68988037109375,0.0
2005-06-17,47.5504035949707,0.0
2005-06-20,46.83024597167969,0.0
2005-06-21,46.83024597167969,0.0
2005-06-22,47.8293571472168,0.0
2005-06-23,47.96883773803711,0.0
2005-06-24,48.68045425415039,0.0
2005-06-27,47.399539947509766,0.0
2005-06-28,47.5504035949707,0.0
2005-06-29,46.83024597167969,0.0
2005-06-30,46.83024597167969,0.0
2005-07-01,47.26006317138672,0.0
2005-07-04,47.11774063110352,0.0
2005-07-05,46.97826385498047,0.0
2005-07-06,46.97826385498047,0.0
2005-07-07,47.68988037109375,0.0
2005-07-08,47.5504035949707,0.0
2005-07-11,49.40061569213867,0.0
2005-07-12,50.24886322021485,0.0
2005-07-13,50.82100677490234,0.0
2005-07-14,52.09907531738281,0.0
2005-07-15,51.66925811767578,0.0
2005-07-18,51.66925811767578,0.0
2005-07-19,52.09907531738281,0.0
2005-07-20,51.66925811767578,0.0
2005-07-21,51.66925811767578,0.0
2005-07-22,49.96990966796875,0.0
2005-07-25,49.54009246826172,0.0
2005-07-26,49.81904602050781,0.0
2005-07-27,50.38834381103516,0.0
2005-07-28,51.82012176513672,0.0
2005-07-29,50.96048355102539,0.0
2005-08-01,50.38834381103516,0.0
2005-08-02,51.250823974609375,0.0
2005-08-03,51.529781341552734,0.0
2005-08-04,51.529781341552734,0.0
2005-08-05,51.529781341552734,0.0
2005-08-08,50.96048355102539,0.0
2005-08-09,50.67868423461914,0.0
2005-08-10,49.96990966796875,0.0
2005-08-11,49.96990966796875,0.0
2005-08-12,48.97079849243164,0.0
2005-08-15,46.97826385498047,0.0
2005-08-16,47.68988037109375,0.0
2005-08-17,48.11970138549805,0.0
2005-08-18,48.39865493774414,0.0
2005-08-19,48.97079849243164,0.0
2005-08-22,50.1093864440918,0.0
2005-08-23,49.24975204467773,0.0
2005-08-24,49.40061569213867,0.0
2005-08-25,49.40061569213867,0.0
2005-08-26,49.679569244384766,0.0
2005-08-29,48.97079849243164,0.0
2005-08-30,48.25917816162109,0.0
2005-08-31,48.11970138549805,0.0
2005-09-01,48.11970138549805,0.0
2005-09-02,49.8613166809082,0.696573
2005-09-05,51.39980316162109,0.0
2005-09-06,51.740177154541016,0.0
2005-09-07,50.88924407958984,0.0
2005-09-08,51.56998825073242,0.0
2005-09-09,51.740177154541016,0.0
2005-09-12,53.10166931152344,0.0
2005-09-13,53.608829498291016,0.0
2005-09-14,52.93148422241211,0.0
2005-09-15,52.250736236572266,0.0
2005-09-16,53.43864059448242,0.0
2005-09-19,53.26845550537109,0.0
2005-09-20,53.26845550537109,0.0
2005-09-21,52.76129913330078,0.0
2005-09-22,50.71905517578125,0.0
2005-09-23,49.8613166809082,0.0
2005-09-26,49.8613166809082,0.0
2005-09-27,51.39980316162109,0.0
2005-09-28,50.20849609375,0.0
2005-09-29,51.906959533691406,0.0
2005-09-30,52.58770751953125,0.0
2005-10-03,52.0771484375,0.0
2005-10-04,52.92808151245117,0.0
2005-10-05,52.92808151245117,0.0
2005-10-06,52.417518615722656,0.0
2005-10-07,51.906959533691406,0.0
2005-10-10,51.906959533691406,0.0
2005-10-11,52.417518615722656,0.0
2005-10-12,51.22621154785156,0.0
2005-10-13,50.37527847290039,0.0
2005-10-14,50.03490447998047,0.0
2005-10-17,49.01378631591797,0.0
2005-10-18,48.333038330078125,0.0
2005-10-19,47.31191635131836,0.0
2005-10-20,49.01378631591797,0.0
2005-10-21,48.67341232299805,0.0
2005-10-24,48.67341232299805,0.0
2005-10-25,49.52434539794922,0.0
2005-10-26,50.20509338378906,0.0
2005-10-27,49.69453048706055,0.0
2005-10-28,48.843597412109375,0.0
2005-10-31,49.35416030883789,0.0
2005-11-01,51.22621154785156,0.0
2005-11-02,52.0771484375,0.0
2005-11-03,52.0771484375,0.0
2005-11-04,53.0982666015625,0.0
2005-11-07,52.75789260864258,0.0
2005-11-08,52.92808151245117,0.0
2005-11-09,53.43864059448242,0.0
2005-11-10,53.26845550537109,0.0
2005-11-11,54.45976257324219,0.0
2005-11-14,55.65106964111328,0.0
2005-11-15,55.140506744384766,0.0
2005-11-16,56.331817626953125,0.0
2005-11-17,55.82125473022461,0.0
2005-11-18,56.842376708984375,0.0
2005-11-21,56.50200271606445,0.0
2005-11-22,54.97032165527344,0.0
2005-11-23,57.0125617980957,0.0
2005-11-24,56.331817626953125,0.0
2005-11-25,56.331817626953125,0.0
2005-11-28,56.842376708984375,0.0
2005-11-29,55.9914436340332,0.0
2005-11-30,57.69330978393555,0.0
2005-12-01,57.69330978393555,0.0
2005-12-02,58.54424285888672,0.0
2005-12-05,59.905738830566406,0.0
2005-12-06,60.416297912597656,0.0
2005-12-07,60.926856994628906,0.0
2005-12-08,59.56536483764648,0.0
2005-12-09,59.39517593383789,0.0
2005-12-12,59.39517593383789,0.0
2005-12-13,58.88461685180664,0.0
2005-12-14,58.03368377685547,0.0
2005-12-15,58.37405776977539,0.0
2005-12-16,59.905738830566406,0.0
2005-12-19,60.416297912597656,0.0
2005-12-20,60.926856994628906,0.0
2005-12-21,61.94797897338867,0.0
2005-12-22,61.94797897338867,0.0
2005-12-23,62.79891204833984,0.0
2005-12-26,62.79891204833984,0.0
2005-12-27,61.94797897338867,0.0
2005-12-28,61.26723098754883,0.0
2005-12-29,62.79891204833984,0.0
2005-12-30,61.26723098754883,0.0
2006-01-02,61.777793884277344,0.0
2006-01-03,63.30947113037109,0.0
2006-01-04,66.71321105957031,0.0
2006-01-05,69.0958251953125,0.0
2006-01-06,68.07469940185547,0.0
2006-01-09,67.39395141601562,0.0
2006-01-10,67.05358123779297,0.0
2006-01-11,67.39395141601562,0.0
2006-01-12,71.98899841308594,0.0
2006-01-13,71.81880950927734,0.0
2006-01-16,76.58403778076172,0.0
2006-01-17,75.22254943847656,0.0
2006-01-18,71.47843933105469,0.0
2006-01-19,70.79769134521484,0.0
2006-01-20,71.3082504272461,0.0
2006-01-23,71.3082504272461,0.0
2006-01-24,71.1380615234375,0.0
2006-01-25,73.18030548095703,0.0
2006-02-03,71.64862060546875,0.0
2006-02-06,71.98899841308594,0.0
2006-02-07,72.49955749511719,0.0
2006-02-08,72.15918731689453,0.0
2006-02-09,72.83992767333984,0.0
2006-02-10,70.79769134521484,0.0
2006-02-13,68.24488830566406,0.0
2006-02-14,68.75544738769531,0.0
2006-02-15,68.75544738769531,0.0
2006-02-16,71.81880950927734,0.0
2006-02-17,70.96788024902344,0.0
2006-02-20,71.3082504272461,0.0
2006-02-21,70.116943359375,0.0
2006-02-22,68.9256362915039,0.0
2006-02-23,67.73432922363281,0.0
2006-02-24,68.9256362915039,0.0
2006-02-27,70.116943359375,0.0
2006-03-01,68.41507720947266,0.0
2006-03-02,71.1380615234375,0.0
2006-03-03,69.77656555175781,0.0
2006-03-06,70.2871322631836,0.0
2006-03-07,69.77656555175781,0.0
2006-03-08,67.9045181274414,0.0
2006-03-09,68.24488830566406,0.0
2006-03-10,67.9045181274414,0.0
2006-03-13,67.56414031982422,0.0
2006-03-14,67.56414031982422,0.0
2006-03-15,68.07469940185547,0.0
2006-03-16,69.26600646972656,0.0
2006-03-17,68.58525848388672,0.0
2006-03-20,68.07469940185547,0.0
2006-03-21,67.05358123779297,0.0
2006-03-22,63.30947113037109,0.0
2006-03-23,63.99021911621094,0.0
2006-03-24,63.649845123291016,0.0
2006-03-27,64.50077819824219,0.0
2006-03-28,66.03246307373047,0.0
2006-03-29,66.71321105957031,0.0
2006-03-30,67.56414031982422,0.0
2006-03-31,68.41507720947266,0.0
2006-04-03,69.60638427734375,0.0
2006-04-04,69.0958251953125,0.0
2006-04-06,69.9467544555664,0.0
2006-04-07,70.96788024902344,0.0
2006-04-10,69.77656555175781,0.0
2006-04-11,69.43619537353516,0.0
2006-04-12,70.79769134521484,0.0
2006-04-13,71.3082504272461,0.0
2006-04-14,72.49955749511719,0.0
2006-04-17,72.15918731689453,0.0
2006-04-18,71.47843933105469,0.0
2006-04-19,73.01011657714844,0.0
2006-04-20,74.88217163085938,0.0
2006-04-21,76.9244155883789,0.0
2006-04-24,75.90328979492188,0.0
2006-04-25,74.20142364501953,0.0
2006-04-26,75.56291961669922,0.0
2006-04-27,73.52067565917969,0.0
2006-04-28,73.69086456298828,0.0
2006-05-02,73.35049438476562,0.0
2006-05-03,72.66974639892578,0.0
2006-05-04,77.60516357421875,0.0
2006-05-05,78.11572265625,0.0
2006-05-08,78.79647064208984,0.0
2006-05-09,77.60516357421875,0.0
2006-05-10,77.9455337524414,0.0
2006-05-11,78.9666519165039,0.0
2006-05-12,77.09459686279297,0.0
2006-05-15,74.88217163085938,0.0
2006-05-16,73.69086456298828,0.0
2006-05-17,74.54180145263672,0.0
2006-05-18,74.54180145263672,0.0
2006-05-19,74.54180145263672,0.0
2006-05-22,72.15918731689453,0.0
2006-05-23,69.43619537353516,0.0
2006-05-24,69.26600646972656,0.0
2006-05-25,67.39395141601562,0.0
2006-05-26,70.62750244140625,0.0
2006-05-29,70.62750244140625,0.0
2006-05-30,69.77656555175781,0.0
2006-06-01,68.07469940185547,0.0
2006-06-02,70.79769134521484,0.0
2006-06-05,68.07469940185547,0.0
2006-06-06,69.0958251953125,0.0
2006-06-07,68.07469940185547,0.0
2006-06-08,65.52189636230469,0.0
2006-06-09,65.52189636230469,0.0
2006-06-12,65.86227416992188,0.0
2006-06-13,66.03246307373047,0.0
2006-06-14,66.71321105957031,0.0
2006-06-15,68.41507720947266,0.0
2006-06-16,69.9467544555664,0.0
2006-06-19,69.43619537353516,0.0
2006-06-20,64.67096710205078,0.0
2006-06-21,64.67096710205078,0.0
2006-06-22,67.56414031982422,0.0
2006-06-23,67.05358123779297,0.0
2006-06-26,67.73432922363281,0.0
2006-06-27,67.56414031982422,0.0
2006-06-28,65.69208526611328,0.0
2006-06-29,66.37283325195312,0.0
2006-06-30,68.07469940185547,0.0
2006-07-03,68.07469940185547,0.0
2006-07-04,69.43619537353516,0.0
2006-07-05,68.07469940185547,0.0
2006-07-06,67.56414031982422,0.0
2006-07-07,68.07469940185547,0.0
2006-07-10,68.41507720947266,0.0
2006-07-11,67.73432922363281,0.0
2006-07-12,67.39395141601562,0.0
2006-07-13,65.69208526611328,0.0
2006-07-14,63.649845123291016,0.0
2006-07-17,60.926856994628906,0.0
2006-07-18,61.43741989135742,0.0
2006-07-19,61.26723098754883,0.0
2006-07-20,64.84115600585938,0.0
2006-07-21,63.99021911621094,0.0
2006-07-24,61.777793884277344,0.0
2006-07-25,62.1181640625,0.0
2006-07-26,62.1181640625,0.0
2006-07-27,62.1181640625,0.0
2006-07-28,65.35171508789062,0.0
2006-07-31,66.03246307373047,0.0
2006-08-01,65.18152618408203,0.0
2006-08-02,65.86227416992188,0.0
2006-08-03,66.71321105957031,0.0
2006-08-04,66.71321105957031,0.0
2006-08-07,66.03246307373047,0.0
2006-08-08,66.71321105957031,0.0
2006-08-09,67.73432922363281,0.0
2006-08-10,69.77656555175781,0.0
2006-08-11,70.2871322631836,0.0
2006-08-14,73.18030548095703,0.0
2006-08-15,73.01011657714844,0.0
2006-08-16,73.01011657714844,0.0
2006-08-17,78.21783447265625,1.021121
2006-08-18,76.58403778076172,0.0
2006-08-21,73.11222839355469,0.0
2006-08-22,74.33757019042969,0.0
2006-08-23,73.52067565917969,0.0
2006-08-24,73.92912292480469,0.0
2006-08-25,73.72489929199219,0.0
2006-08-28,72.70378112792969,0.0
2006-08-29,73.72489929199219,0.0
2006-08-30,75.35869598388672,0.0
2006-08-31,75.76714324951172,0.0
2006-09-01,78.01361083984375,0.0
2006-09-04,81.89386749267578,0.0
2006-09-05,81.07697296142578,0.0
2006-09-06,80.05584716796875,0.0
2006-09-07,79.23895263671875,0.0
2006-09-08,80.26007080078125,0.0
2006-09-11,80.46429443359375,0.0
2006-09-12,78.83050537109375,0.0
2006-09-13,80.05584716796875,0.0
2006-09-14,79.64739990234375,0.0
2006-09-15,80.87274932861328,0.0
2006-09-18,83.93610382080078,0.0
2006-09-19,83.11920928955078,0.0
2006-09-20,84.34455871582031,0.0
2006-09-21,83.32343292236328,0.0
2006-09-22,83.93610382080078,0.0
2006-09-25,83.93610382080078,0.0
2006-09-26,83.32343292236328,0.0
2006-09-27,82.91498565673828,0.0
2006-09-28,82.30231475830078,0.0
2006-09-29,82.30231475830078,0.0
2006-10-02,84.14033508300781,0.0
2006-10-03,85.36567687988281,0.0
2006-10-04,83.73188018798828,0.0
2006-10-05,86.59101867675781,0.0
2006-10-09,86.59101867675781,0.0
2006-10-11,84.95722961425781,0.0
2006-10-12,84.95722961425781,0.0
2006-10-13,86.99946594238281,0.0
2006-10-16,88.42903900146484,0.0
2006-10-17,87.81636810302734,0.0
2006-10-18,87.61214447021484,0.0
2006-10-19,88.22481536865234,0.0
2006-10-20,87.20368957519531,0.0
2006-10-23,87.81636810302734,0.0
2006-10-24,87.81636810302734,0.0
2006-10-25,87.61214447021484,0.0
2006-10-26,87.61214447021484,0.0
2006-10-27,89.65438079833984,0.0
2006-10-30,87.81636810302734,0.0
2006-10-31,88.02059173583984,0.0
2006-11-01,89.04170989990234,0.0
2006-11-02,91.49240112304688,0.0
2006-11-03,93.53463745117188,0.0
2006-11-06,94.3515396118164,0.0
2006-11-07,95.7811050415039,0.0
2006-11-08,95.5768814086914,0.0
2006-11-09,95.5768814086914,0.0
2006-11-10,96.8022232055664,0.0
2006-11-13,93.9430923461914,0.0
2006-11-14,92.92196655273438,0.0
2006-11-15,92.51351928710938,0.0
2006-11-16,92.92196655273438,0.0
2006-11-17,91.90084838867188,0.0
2006-11-20,98.02757263183594,0.0
2006-11-21,96.5979995727539,0.0
2006-11-22,98.64024353027344,0.0
2006-11-23,97.82334899902344,0.0
2006-11-24,96.5979995727539,0.0
2006-11-27,97.61912536621094,0.0
2006-11-28,95.9853286743164,0.0
2006-11-29,95.9853286743164,0.0
2006-11-30,96.1895523071289,0.0
2006-12-01,96.8022232055664,0.0
2006-12-04,95.1684341430664,0.0
2006-12-05,95.1684341430664,0.0
2006-12-06,96.1895523071289,0.0
2006-12-07,96.1895523071289,0.0
2006-12-08,96.1895523071289,0.0
2006-12-11,95.7811050415039,0.0
2006-12-12,93.9430923461914,0.0
2006-12-13,93.33041381835938,0.0
2006-12-14,92.30929565429688,0.0
2006-12-15,93.12619018554688,0.0
2006-12-18,94.5557632446289,0.0
2006-12-19,94.1473159790039,0.0
2006-12-20,94.1473159790039,0.0
2006-12-21,95.1684341430664,0.0
2006-12-22,95.1684341430664,0.0
2006-12-25,93.53463745117188,0.0
2006-12-26,93.53463745117188,0.0
2006-12-27,93.53463745117188,0.0
2006-12-28,94.3515396118164,0.0
2006-12-29,94.9642105102539,0.0
2007-01-02,97.0064468383789,0.0
2007-01-03,97.41490173339844,0.0
2007-01-04,98.64024353027344,0.0
2007-01-05,95.9853286743164,0.0
2007-01-08,94.7599868774414,0.0
2007-01-09,95.1684341430664,0.0
2007-01-10,95.5768814086914,0.0
2007-01-11,96.1895523071289,0.0
2007-01-12,97.41490173339844,0.0
2007-01-15,102.72472381591795,0.0
2007-01-16,101.29515838623048,0.0
2007-01-17,101.90782928466795,0.0
2007-01-18,102.92894744873048,0.0
2007-01-19,100.88671112060548,0.0
2007-01-22,100.27403259277344,0.0
2007-01-23,101.29515838623048,0.0
2007-01-24,101.09093475341795,0.0
2007-01-25,101.29515838623048,0.0
2007-01-26,98.23179626464844,0.0
2007-01-29,95.1684341430664,0.0
2007-01-30,79.30703735351562,0.0
2007-01-31,91.90084838867188,0.0
2007-02-01,91.69662475585938,0.0
2007-02-02,93.53463745117188,0.0
2007-02-05,93.12619018554688,0.0
2007-02-06,95.1684341430664,0.0
2007-02-07,95.9853286743164,0.0
2007-02-08,95.3726577758789,0.0
2007-02-09,95.1684341430664,0.0
2007-02-12,92.71774291992188,0.0
2007-02-13,89.45015716552734,0.0
2007-02-14,91.49240112304688,0.0
2007-02-26,93.33041381835938,0.0
2007-02-27,93.9430923461914,0.0
2007-03-01,88.42903900146484,0.0
2007-03-02,88.42903900146484,0.0
2007-03-05,82.09809112548828,0.0
2007-03-06,85.77412414550781,0.0
2007-03-07,87.61214447021484,0.0
2007-03-08,88.42903900146484,0.0
2007-03-09,86.59101867675781,0.0
2007-03-12,89.04170989990234,0.0
2007-03-13,90.26705169677734,0.0
2007-03-14,89.04170989990234,0.0
2007-03-15,89.65438079833984,0.0
2007-03-16,88.42903900146484,0.0
2007-03-19,88.02059173583984,0.0
2007-03-20,88.02059173583984,0.0
2007-03-21,88.02059173583984,0.0
2007-03-22,90.26705169677734,0.0
2007-03-23,91.28817749023438,0.0
2007-03-26,90.67550659179688,0.0
2007-03-27,90.67550659179688,0.0
2007-03-28,88.63326263427734,0.0
2007-03-29,89.85860443115234,0.0
2007-03-30,90.67550659179688,0.0
2007-04-02,89.65438079833984,0.0
2007-04-03,90.26705169677734,0.0
2007-04-04,92.30929565429688,0.0
2007-04-09,92.51351928710938,0.0
2007-04-10,91.90084838867188,0.0
2007-04-11,92.51351928710938,0.0
2007-04-12,92.51351928710938,0.0
2007-04-13,91.90084838867188,0.0
2007-04-16,91.90084838867188,0.0
2007-04-17,90.47127532958984,0.0
2007-04-18,90.47127532958984,0.0
2007-04-19,88.42903900146484,0.0
2007-04-20,88.42903900146484,0.0
2007-04-23,90.67550659179688,0.0
2007-04-24,90.26705169677734,0.0
2007-04-25,89.04170989990234,0.0
2007-04-26,90.26705169677734,0.0
2007-04-27,89.24593353271484,0.0
2007-04-30,90.47127532958984,0.0
2007-05-02,90.47127532958984,0.0
2007-05-03,98.23179626464844,0.0
2007-05-04,98.43601989746094,0.0
2007-05-07,99.66136169433594,0.0
2007-05-08,99.04869079589844,0.0
2007-05-09,98.84446716308594,0.0
2007-05-10,98.43601989746094,0.0
2007-05-11,97.41490173339844,0.0
2007-05-14,96.8022232055664,0.0
2007-05-15,95.3726577758789,0.0
2007-05-16,96.3937759399414,0.0
2007-05-17,95.7811050415039,0.0
2007-05-18,95.7811050415039,0.0
2007-05-21,98.64024353027344,0.0
2007-05-22,99.86558532714844,0.0
2007-05-23,100.68248748779295,0.0
2007-05-24,99.86558532714844,0.0
2007-05-25,98.84446716308594,0.0
2007-05-28,98.84446716308594,0.0
2007-05-29,98.84446716308594,0.0
2007-05-30,98.23179626464844,0.0
2007-05-31,95.3726577758789,0.0
2007-06-01,99.04869079589844,0.0
2007-06-04,100.47825622558594,0.0
2007-06-05,103.745849609375,0.0
2007-06-06,104.562744140625,0.0
2007-06-07,105.379638671875,0.0
2007-06-08,103.745849609375,0.0
2007-06-11,104.3585205078125,0.0
2007-06-12,107.42188262939452,0.0
2007-06-13,107.21765899658205,0.0
2007-06-14,112.11903381347656,0.0
2007-06-15,114.7739486694336,0.0
2007-06-20,117.63308715820312,0.0
2007-06-21,122.53446197509766,0.0
2007-06-22,118.04153442382812,0.0
2007-06-25,117.63308715820312,0.0
2007-06-26,115.3866195678711,0.0
2007-06-27,115.5908432006836,0.0
2007-06-28,116.81619262695312,0.0
2007-06-29,115.9992904663086,0.0
2007-07-02,117.63308715820312,0.0
2007-07-03,118.04153442382812,0.0
2007-07-04,119.47109985351562,0.0
2007-07-05,120.49222564697266,0.0
2007-07-06,120.49222564697266,0.0
2007-07-09,122.12601470947266,0.0
2007-07-10,101.77169036865234,0.0
2007-07-11,119.87954711914062,0.0
2007-07-12,118.44998168945312,0.0
2007-07-13,120.49222564697266,0.0
2007-07-16,115.5908432006836,0.0
2007-07-17,115.9992904663086,0.0
2007-07-18,115.9992904663086,0.0
2007-07-19,112.93592834472656,0.0
2007-07-20,98.36792755126952,0.0
2007-07-23,116.81619262695312,0.0
2007-07-24,120.08377075195312,0.0
2007-07-25,117.22463989257812,0.0
2007-07-26,114.5697250366211,0.0
2007-07-27,107.62610626220705,0.0
2007-07-30,107.42188262939452,0.0
2007-07-31,111.09791564941406,0.0
2007-08-01,104.562744140625,0.0
2007-08-02,109.46411895751952,0.0
2007-08-03,111.91481018066406,0.0
2007-08-06,112.32325744628906,0.0
2007-08-07,109.25989532470705,0.0
2007-08-08,112.11903381347656,0.0
2007-08-09,114.1612777709961,0.0
2007-08-10,109.66834259033205,0.0
2007-08-13,110.89369201660156,0.0
2007-08-14,111.09791564941406,0.0
2007-08-15,107.01343536376952,0.0
2007-08-16,99.86558532714844,0.0
2007-08-17,100.47825622558594,0.0
2007-08-20,107.42188262939452,0.0
2007-08-21,111.30213928222656,0.0
2007-08-22,109.05567169189452,0.0
2007-08-23,113.9570541381836,0.0
2007-08-24,115.3866195678711,0.0
2007-08-27,117.8781509399414,1.225345
2007-08-28,120.08377075195312,0.0
2007-08-29,120.57391357421876,0.0
2007-08-30,121.06404876708984,0.0
2007-08-31,120.08377075195312,0.0
2007-09-03,118.12322235107422,0.0
2007-09-04,117.63308715820312,0.0
2007-09-05,117.38801574707033,0.0
2007-09-06,115.9176025390625,0.0
2007-09-07,116.89788055419922,0.0
2007-09-10,115.67253112792967,0.0
2007-09-11,118.85842895507812,0.0
2007-09-12,117.63308715820312,0.0
2007-09-13,115.9176025390625,0.0
2007-09-14,115.9176025390625,0.0
2007-09-17,112.73170471191406,0.0
2007-09-18,112.73170471191406,0.0
2007-09-19,113.22184753417967,0.0
2007-09-20,116.6528091430664,0.0
2007-09-21,117.1429443359375,0.0
2007-09-26,117.1429443359375,0.0
2007-09-27,120.08377075195312,0.0
2007-09-28,120.57391357421876,0.0
2007-10-01,119.10350036621094,0.0
2007-10-02,122.53446197509766,0.0
2007-10-03,124.4950180053711,0.0
2007-10-04,124.24994659423828,0.0
2007-10-05,122.53446197509766,0.0
2007-10-08,124.4950180053711,0.0
2007-10-09,123.7598114013672,0.0
2007-10-11,124.00487518310548,0.0
2007-10-12,121.06404876708984,0.0
2007-10-15,119.59363555908205,0.0
2007-10-16,120.81897735595705,0.0
2007-10-17,120.08377075195312,0.0
2007-10-18,120.32884216308594,0.0
2007-10-19,119.10350036621094,0.0
2007-10-22,115.67253112792967,0.0
2007-10-23,119.10350036621094,0.0
2007-10-24,119.10350036621094,0.0
2007-10-25,121.30912017822266,0.0
2007-10-26,120.08377075195312,0.0
2007-10-29,122.53446197509766,0.0
2007-10-30,123.02460479736328,0.0
2007-10-31,120.57391357421876,0.0
2007-11-01,117.1429443359375,0.0
2007-11-02,110.28101348876952,0.0
2007-11-05,115.1823959350586,0.0
2007-11-06,112.73170471191406,0.0
2007-11-07,111.75143432617188,0.0
2007-11-08,106.1148452758789,0.0
2007-11-09,106.35991668701172,0.0
2007-11-12,100.47825622558594,0.0
2007-11-13,99.49798583984376,0.0
2007-11-14,102.92894744873048,0.0
2007-11-15,101.94867706298828,0.0
2007-11-16,99.25291442871094,0.0
2007-11-19,97.29236602783205,0.0
2007-11-20,97.04729461669922,0.0
2007-11-21,97.04729461669922,0.0
2007-11-22,98.02757263183594,0.0
2007-11-23,95.82195281982422,0.0
2007-11-26,99.00785064697266,0.0
2007-11-27,96.55715942382812,0.0
2007-11-28,98.51770782470705,0.0
2007-11-29,100.96839904785156,0.0
2007-11-30,100.96839904785156,0.0
2007-12-03,98.02757263183594,0.0
2007-12-04,99.49798583984376,0.0
2007-12-05,100.96839904785156,0.0
2007-12-06,100.72332763671876,0.0
2007-12-07,99.98812103271484,0.0
2007-12-10,98.02757263183594,0.0
2007-12-11,97.78250122070312,0.0
2007-12-12,95.5768814086914,0.0
2007-12-13,88.96002197265625,0.0
2007-12-14,86.75440216064453,0.0
2007-12-17,83.8135757446289,0.0
2007-12-18,87.24453735351562,0.0
2007-12-19,92.63605499267578,0.0
2007-12-20,91.90084838867188,0.0
2007-12-21,93.86139678955078,0.0
2007-12-24,98.02757263183594,0.0
2007-12-25,96.55715942382812,0.0
2007-12-26,96.0670166015625,0.0
2007-12-27,98.02757263183594,0.0
2007-12-28,98.27263641357422,0.0
2007-12-31,96.0670166015625,0.0
2008-01-02,95.3318099975586,0.0
2008-01-03,91.65577697753906,0.0
2008-01-04,89.69522857666016,0.0
2008-01-07,84.05863952636719,0.0
2008-01-08,83.32343292236328,0.0
2008-01-09,86.75440216064453,0.0
2008-01-10,86.75440216064453,0.0
2008-01-11,86.75440216064453,0.0
2008-01-14,87.48960876464844,0.0
2008-01-15,89.20508575439453,0.0
2008-01-16,84.3037109375,0.0
2008-01-17,84.7938461303711,0.0
2008-01-18,85.529052734375,0.0
2008-01-21,84.05863952636719,0.0
2008-01-22,78.17698669433594,0.0
2008-01-23,78.91219329833984,0.0
2008-01-24,77.68685150146484,0.0
2008-01-25,81.60795593261719,0.0
2008-01-28,78.42205810546875,0.0
2008-01-29,79.64739990234375,0.0
2008-01-30,79.89247131347656,0.0
2008-01-31,83.078369140625,0.0
2008-02-01,84.3037109375,0.0
2008-02-12,81.36288452148438,0.0
2008-02-13,80.13754272460938,0.0
2008-02-14,85.529052734375,0.0
2008-02-15,85.529052734375,0.0
2008-02-18,85.28398895263672,0.0
2008-02-19,86.01919555664062,0.0
2008-02-20,86.75440216064453,0.0
2008-02-21,88.96002197265625,0.0
2008-02-22,89.69522857666016,0.0
2008-02-25,93.37126159667967,0.0
2008-02-26,92.39098358154295,0.0
2008-02-27,94.1064682006836,0.0
2008-02-29,92.14591979980467,0.0
2008-03-03,87.73467254638672,0.0
2008-03-04,88.71495056152344,0.0
2008-03-05,87.48960876464844,0.0
2008-03-06,93.37126159667967,0.0
2008-03-07,92.63605499267578,0.0
2008-03-10,88.46988677978516,0.0
2008-03-11,87.97974395751953,0.0
2008-03-12,88.46988677978516,0.0
2008-03-13,86.50933074951172,0.0
2008-03-14,85.529052734375,0.0
2008-03-17,81.85301971435547,0.0
2008-03-18,82.3431625366211,0.0
2008-03-19,84.05863952636719,0.0
2008-03-20,84.05863952636719,0.0
2008-03-21,86.2642593383789,0.0
2008-03-24,90.92057037353516,0.0
2008-03-25,91.65577697753906,0.0
2008-03-26,91.41071319580078,0.0
2008-03-27,87.73467254638672,0.0
2008-03-28,85.529052734375,0.0
2008-03-31,85.28398895263672,0.0
2008-04-01,83.5685043334961,0.0
2008-04-02,85.28398895263672,0.0
2008-04-03,86.99946594238281,0.0
2008-04-07,89.45015716552734,0.0
2008-04-08,88.96002197265625,0.0
2008-04-09,88.22481536865234,0.0
2008-04-10,90.43043518066406,0.0
2008-04-11,92.14591979980467,0.0
2008-04-14,90.67550659179688,0.0
2008-04-15,89.94029235839844,0.0
2008-04-16,90.43043518066406,0.0
2008-04-17,93.37126159667967,0.0
2008-04-18,91.16564178466795,0.0
2008-04-21,93.12619018554688,0.0
2008-04-22,92.14591979980467,0.0
2008-04-23,88.71495056152344,0.0
2008-04-24,86.01919555664062,0.0
2008-04-25,86.2642593383789,0.0
2008-04-28,88.22481536865234,0.0
2008-04-29,86.2642593383789,0.0
2008-04-30,86.50933074951172,0.0
2008-05-02,82.83329772949219,0.0
2008-05-05,79.89247131347656,0.0
2008-05-06,80.87274932861328,0.0
2008-05-07,81.60795593261719,0.0
2008-05-08,80.87274932861328,0.0
2008-05-09,80.62767791748047,0.0
2008-05-12,80.87274932861328,0.0
2008-05-13,83.32343292236328,0.0
2008-05-14,86.99946594238281,0.0
2008-05-15,88.71495056152344,0.0
2008-05-16,89.20508575439453,0.0
2008-05-19,89.94029235839844,0.0
2008-05-20,86.75440216064453,0.0
2008-05-21,85.77412414550781,0.0
2008-05-22,87.97974395751953,0.0
2008-05-23,85.77412414550781,0.0
2008-05-26,84.7938461303711,0.0
2008-05-27,85.28398895263672,0.0
2008-05-28,83.5685043334961,0.0
2008-05-29,83.8135757446289,0.0
2008-05-30,84.3037109375,0.0
2008-06-02,88.22481536865234,0.0
2008-06-03,86.99946594238281,0.0
2008-06-04,88.46988677978516,0.0
2008-06-05,89.20508575439453,0.0
2008-06-06,88.71495056152344,0.0
2008-06-09,86.01919555664062,0.0
2008-06-10,84.7938461303711,0.0
2008-06-11,86.01919555664062,0.0
2008-06-12,84.3037109375,0.0
2008-06-13,84.3037109375,0.0
2008-06-16,83.8135757446289,0.0
2008-06-17,84.05863952636719,0.0
2008-06-18,83.32343292236328,0.0
2008-06-19,81.85301971435547,0.0
2008-06-20,80.87274932861328,0.0
2008-06-23,79.15726470947266,0.0
2008-06-24,77.68685150146484,0.0
2008-06-25,78.66712188720703,0.0
2008-06-26,78.42205810546875,0.0
2008-06-27,74.01081848144531,0.0
2008-06-30,73.2756118774414,0.0
2008-07-01,72.78546905517578,0.0
2008-07-02,72.78546905517578,0.0
2008-07-03,74.9910888671875,0.0
2008-07-04,72.5404052734375,0.0
2008-07-07,73.0305404663086,0.0
2008-07-08,71.56012725830078,0.0
2008-07-09,67.88409423828125,0.0
2008-07-10,66.41368103027344,0.0
2008-07-11,68.12916564941406,0.0
2008-07-14,68.61930084228516,0.0
2008-07-15,66.41368103027344,0.0
2008-07-16,66.65874481201172,0.0
2008-07-17,71.06999206542969,0.0
2008-07-18,70.33478546142578,0.0
2008-07-21,74.01081848144531,0.0
2008-07-22,73.0305404663086,0.0
2008-07-23,73.7657470703125,0.0
2008-07-24,74.74602508544922,0.0
2008-07-25,74.01081848144531,0.0
2008-07-28,74.01081848144531,0.0
2008-07-29,70.33478546142578,0.0
2008-07-30,72.5404052734375,0.0
2008-07-31,73.2756118774414,0.0
2008-08-01,74.01081848144531,0.0
2008-08-04,73.7657470703125,0.0
2008-08-05,72.5404052734375,0.0
2008-08-06,75.48123168945312,0.0
2008-08-07,75.48123168945312,0.0
2008-08-08,79.89247131347656,0.0
2008-08-11,85.28398895263672,0.0
2008-08-12,85.77412414550781,0.0
2008-08-13,86.2642593383789,0.0
2008-08-14,86.75440216064453,0.0
2008-08-15,82.3431625366211,0.0
2008-08-18,78.42205810546875,0.0
2008-08-19,77.93191528320312,0.0
2008-08-20,80.38260650634766,0.0
2008-08-21,79.40232849121094,0.0
2008-08-22,78.17698669433594,0.0
2008-08-25,80.87274932861328,0.0
2008-08-26,81.60795593261719,0.0
2008-08-27,83.8135757446289,0.0
2008-08-28,79.64739990234375,0.0
2008-08-29,78.42205810546875,0.0
2008-09-01,73.0305404663086,0.0
2008-09-02,69.10943603515625,0.0
2008-09-03,69.35450744628906,0.0
2008-09-04,69.35450744628906,0.0
2008-09-05,70.08971405029297,0.0
2008-09-08,74.9910888671875,0.0
2008-09-09,72.29533386230469,0.0
2008-09-10,71.8051986694336,0.0
2008-09-11,70.57984924316406,0.0
2008-09-12,71.8051986694336,0.0
2008-09-15,67.39395141601562,0.0
2008-09-16,63.975242614746094,1.47041
2008-09-17,66.51170349121094,0.0
2008-09-18,66.22987365722656,0.0
2008-09-19,70.73914337158203,0.0
2008-09-22,72.99378204345703,0.0
2008-09-23,74.40292358398438,0.0
2008-09-24,72.43012237548828,0.0
2008-09-25,69.61183166503906,0.0
2008-09-26,67.63902282714844,0.0
2008-09-29,67.63902282714844,0.0
2008-09-30,63.12975311279297,0.0
2008-10-01,63.12975311279297,0.0
2008-10-02,59.18414688110352,0.0
2008-10-03,59.18414688110352,0.0
2008-10-06,55.80219268798828,0.0
2008-10-07,55.85855865478516,0.0
2008-10-08,51.96931457519531,0.0
2008-10-09,51.96931457519531,0.0
2008-10-13,51.2365608215332,0.0
2008-10-14,54.7876091003418,0.0
2008-10-15,53.04026794433594,0.0
2008-10-16,51.2365608215332,0.0
2008-10-17,50.5601692199707,0.0
2008-10-20,49.03829193115234,0.0
2008-10-21,47.34731674194336,0.0
2008-10-22,45.71270751953125,0.0
2008-10-23,44.134464263916016,0.0
2008-10-24,42.61258316040039,0.0
2008-10-27,39.68156051635742,0.0
2008-10-28,40.97797393798828,0.0
2008-10-29,40.58341217041016,0.0
2008-10-30,43.40170669555664,0.0
2008-10-31,45.092681884765625,0.0
2008-11-03,45.092681884765625,0.0
2008-11-04,43.45807266235352,0.0
2008-11-05,42.781681060791016,0.0
2008-11-06,39.79429244995117,0.0
2008-11-07,40.24522018432617,0.0
2008-11-10,37.93421936035156,0.0
2008-11-11,38.04695129394531,0.0
2008-11-12,38.04695129394531,0.0
2008-11-13,35.39775466918945,0.0
2008-11-14,33.81951141357422,0.0
2008-11-17,34.38317108154297,0.0
2008-11-18,32.015804290771484,0.0
2008-11-19,32.692195892333984,0.0
2008-11-20,30.437559127807617,0.0
2008-11-21,32.52309799194336,0.0
2008-11-24,32.18490219116211,0.0
2008-11-25,33.59404754638672,0.0
2008-11-26,32.917659759521484,0.0
2008-11-27,35.17229080200195,0.0
2008-11-28,36.29961013793945,0.0
2008-12-01,36.80690383911133,0.0
2008-12-02,34.38317108154297,0.0
2008-12-03,32.917659759521484,0.0
2008-12-04,32.692195892333984,0.0
2008-12-05,32.97402572631836,0.0
2008-12-08,35.22865676879883,0.0
2008-12-09,36.58143615722656,0.0
2008-12-10,39.11790084838867,0.0
2008-12-11,38.66697311401367,0.0
2008-12-12,36.07414627075195,0.0
2008-12-15,38.55424118041992,0.0
2008-12-16,37.87785339355469,0.0
2008-12-17,37.53965759277344,0.0
2008-12-18,38.15968322753906,0.0
2008-12-19,38.6106071472168,0.0
2008-12-22,36.07414627075195,0.0
2008-12-23,34.66499710083008,0.0
2008-12-24,34.94683074951172,0.0
2008-12-25,34.777732849121094,0.0
2008-12-26,34.66499710083008,0.0
2008-12-29,34.49590301513672,0.0
2008-12-30,35.90504837036133,0.0
2008-12-31,36.1868782043457,0.0
2009-01-02,36.1868782043457,0.0
2009-01-05,38.66697311401367,0.0
2009-01-06,39.17426681518555,0.0
2009-01-07,40.13248825073242,0.0
2009-01-08,37.37055969238281,0.0
2009-01-09,35.62321853637695,0.0
2009-01-12,35.45412063598633,0.0
2009-01-13,36.58143615722656,0.0
2009-01-14,36.07414627075195,0.0
2009-01-15,34.66499710083008,0.0
2009-01-16,35.0595588684082,0.0
2009-01-19,34.890464782714844,0.0
2009-01-20,34.101341247558594,0.0
2009-01-21,33.25585174560547,0.0
2009-02-02,33.537681579589844,0.0
2009-02-03,34.27043914794922,0.0
2009-02-04,34.38317108154297,0.0
2009-02-05,34.101341247558594,0.0
2009-02-06,35.79231643676758,0.0
2009-02-09,36.29961013793945,0.0
2009-02-10,36.01778030395508,0.0
2009-02-11,36.35597610473633,0.0
2009-02-12,34.777732849121094,0.0
2009-02-13,35.67958450317383,0.0
2009-02-16,37.31419372558594,0.0
2009-02-17,36.01778030395508,0.0
2009-02-18,36.29961013793945,0.0
2009-02-19,37.08872985839844,0.0
2009-02-20,36.52507400512695,0.0
2009-02-23,37.20146179199219,0.0
2009-02-24,37.14509582519531,0.0
2009-02-25,38.10331726074219,0.0
2009-02-26,38.49787521362305,0.0
2009-02-27,39.2869987487793,0.0
2009-03-02,38.27241516113281,0.0
2009-03-03,38.38514709472656,0.0
2009-03-04,40.52704620361328,0.0
2009-03-05,42.55621719360352,0.0
2009-03-06,42.49985122680664,0.0
2009-03-09,39.56882858276367,0.0
2009-03-10,38.32878112792969,0.0
2009-03-11,38.38514709472656,0.0
2009-03-12,38.6106071472168,0.0
2009-03-13,40.01975631713867,0.0
2009-03-16,40.1888542175293,0.0
2009-03-17,41.54163360595703,0.0
2009-03-18,41.31616973876953,0.0
2009-03-19,40.921607971191406,0.0
2009-03-20,40.58341217041016,0.0
2009-03-23,41.99256134033203,0.0
2009-03-24,42.330753326416016,0.0
2009-03-25,44.6981201171875,0.0
2009-03-26,44.64175415039063,0.0
2009-03-27,44.07809829711914,0.0
2009-03-30,42.443485260009766,0.0
2009-03-31,43.232608795166016,0.0
2009-04-02,43.96536636352539,0.0
2009-04-03,44.52902221679688,0.0
2009-04-06,44.6981201171875,0.0
2009-04-07,46.33272933959961,0.0
2009-04-08,44.58538818359375,0.0
2009-04-09,45.71270751953125,0.0
2009-04-10,45.93817138671875,0.0
2009-04-13,48.36190032958984,0.0
2009-04-14,51.29292678833008,0.0
2009-04-15,49.99651336669922,0.0
2009-04-16,50.44743728637695,0.0
2009-04-17,50.67290115356445,0.0
2009-04-20,51.85658645629883,0.0
2009-04-21,51.85658645629883,0.0
2009-04-22,51.63112258911133,0.0
2009-04-23,51.2365608215332,0.0
2009-04-24,51.2365608215332,0.0
2009-04-27,49.71468353271485,0.0
2009-04-28,49.54558563232422,0.0
2009-04-29,50.39107131958008,0.0
2009-04-30,53.8857536315918,0.0
2009-05-04,57.49317169189453,0.0
2009-05-05,61.43878173828125,0.0
2009-05-06,65.38439178466797,0.0
2009-05-07,64.25707244873047,0.0
2009-05-08,65.1025619506836,0.0
2009-05-11,65.1025619506836,0.0
2009-05-12,60.593292236328125,0.0
2009-05-13,60.029632568359375,0.0
2009-05-14,58.33865737915039,0.0
2009-05-15,60.593292236328125,0.0
2009-05-18,64.82073211669922,0.0
2009-05-19,64.82073211669922,0.0
2009-05-20,65.38439178466797,0.0
2009-05-21,64.82073211669922,0.0
2009-05-22,65.66622161865234,0.0
2009-05-25,64.25707244873047,0.0
2009-05-26,64.82073211669922,0.0
2009-05-27,69.33000183105469,0.0
2009-06-01,62.84792709350586,0.0
2009-06-02,75.84025573730469,0.713028
2009-06-03,73.24742889404297,0.0
2009-06-04,70.00639343261719,0.0
2009-06-05,69.35818481445312,0.0
2009-06-08,69.68228912353516,0.0
2009-06-09,66.76535034179688,0.0
2009-06-10,67.73766326904297,0.0
2009-06-11,67.41355895996094,0.0
2009-06-12,65.46894073486328,0.0
2009-06-15,62.3575439453125,0.0
2009-06-16,63.718780517578125,0.0
2009-06-17,63.52431488037109,0.0
2009-06-18,63.394676208496094,0.0
2009-06-19,63.97806167602539,0.0
2009-06-22,67.73766326904297,0.0
2009-06-23,65.14483642578125,0.0
2009-06-24,66.11714935302734,0.0
2009-06-25,67.0894546508789,0.0
2009-06-26,66.11714935302734,0.0
2009-06-29,64.56144714355469,0.0
2009-06-30,65.79304504394531,0.0
2009-07-01,67.41355895996094,0.0
2009-07-02,67.73766326904297,0.0
2009-07-03,66.11714935302734,0.0
2009-07-06,65.79304504394531,0.0
2009-07-07,66.11714935302734,0.0
2009-07-08,67.0894546508789,0.0
2009-07-09,68.38587188720703,0.0
2009-07-10,70.97869873046875,0.0
2009-07-13,69.35818481445312,0.0
2009-07-14,71.30280303955078,0.0
2009-07-15,73.24742889404297,0.0
2009-07-16,73.8956298828125,0.0
2009-07-17,73.8956298828125,0.0
2009-07-20,74.54383850097656,0.0
2009-07-21,71.95101165771484,0.0
2009-07-22,73.571533203125,0.0
2009-07-23,72.27511596679688,0.0
2009-07-24,71.30280303955078,0.0
2009-07-27,70.65459442138672,0.0
2009-07-28,73.8956298828125,0.0
2009-07-29,72.27511596679688,0.0
2009-07-30,72.92332458496094,0.0
2009-07-31,73.24742889404297,0.0
2009-08-03,73.8956298828125,0.0
2009-08-04,71.95101165771484,0.0
2009-08-05,70.97869873046875,0.0
2009-08-06,70.65459442138672,0.0
2009-08-07,70.65459442138672,0.0
2009-08-10,69.35818481445312,0.0
2009-08-11,70.33049011230469,0.0
2009-08-12,68.70997619628906,0.0
2009-08-13,71.30280303955078,0.0
2009-08-14,70.00639343261719,0.0
2009-08-17,67.73766326904297,0.0
2009-08-18,68.061767578125,0.0
2009-08-19,68.70997619628906,0.0
2009-08-20,69.35818481445312,0.0
2009-08-21,68.061767578125,0.0
2009-08-24,71.30280303955078,0.0
2009-08-25,70.97869873046875,0.0
2009-08-26,69.68228912353516,0.0
2009-08-27,70.65459442138672,0.0
2009-08-28,71.95101165771484,0.0
2009-08-31,71.95101165771484,0.0
2009-09-01,76.81256866455078,0.0
2009-09-02,79.72949981689453,0.0
2009-09-03,78.4330825805664,0.0
2009-09-04,79.72949981689453,0.0
2009-09-07,80.05360412597656,0.0
2009-09-08,82.97053527832031,0.0
2009-09-09,81.67411804199219,0.0
2009-09-10,81.67411804199219,0.0
2009-09-11,80.3777084350586,0.0
2009-09-14,79.4053955078125,0.0
2009-09-15,81.35002136230469,0.0
2009-09-16,82.64643096923828,0.0
2009-09-17,83.61874389648438,0.0
2009-09-18,83.61874389648438,0.0
2009-09-21,81.99822235107422,0.0
2009-09-22,80.05360412597656,0.0
2009-09-23,81.02591705322266,0.0
2009-09-24,80.3777084350586,0.0
2009-09-25,80.3777084350586,0.0
2009-09-28,80.05360412597656,0.0
2009-09-29,82.32232666015625,0.0
2009-09-30,83.61874389648438,0.0
2009-10-01,83.61874389648438,0.0
2009-10-02,81.67411804199219,0.0
2009-10-05,81.02591705322266,0.0
2009-10-06,83.61874389648438,0.0
2009-10-07,83.61874389648438,0.0
2009-10-08,81.67411804199219,0.0
2009-10-09,81.67411804199219,0.0
2009-10-12,82.32232666015625,0.0
2009-10-13,82.64643096923828,0.0
2009-10-14,83.9428482055664,0.0
2009-10-15,84.9151611328125,0.0
2009-10-16,84.26695251464844,0.0
2009-10-19,86.2115707397461,0.0
2009-10-20,86.2115707397461,0.0
2009-10-21,85.2392578125,0.0
2009-10-22,85.56336212158203,0.0
2009-10-23,87.83209228515625,0.0
2009-10-26,89.12850189208984,0.0
2009-10-27,89.45260620117188,0.0
2009-10-28,87.50798797607422,0.0
2009-10-29,83.9428482055664,0.0
2009-10-30,84.26695251464844,0.0
2009-11-02,84.59105682373047,0.0
2009-11-03,83.29463958740234,0.0
2009-11-04,84.59105682373047,0.0
2009-11-05,85.56336212158203,0.0
2009-11-06,86.2115707397461,0.0
2009-11-09,87.18388366699219,0.0
2009-11-10,87.18388366699219,0.0
2009-11-11,86.2115707397461,0.0
2009-11-12,85.2392578125,0.0
2009-11-13,86.2115707397461,0.0
2009-11-16,89.12850189208984,0.0
2009-11-17,88.80440521240234,0.0
2009-11-18,89.45260620117188,0.0
2009-11-19,88.48030090332031,0.0
2009-11-20,87.50798797607422,0.0
2009-11-23,89.45260620117188,0.0
2009-11-24,89.45260620117188,0.0
2009-11-25,88.80440521240234,0.0
2009-11-26,89.7767105102539,0.0
2009-11-27,87.50798797607422,0.0
2009-11-30,88.15619659423828,0.0
2009-12-01,89.12850189208984,0.0
2009-12-02,89.45260620117188,0.0
2009-12-03,89.7767105102539,0.0
2009-12-04,89.45260620117188,0.0
2009-12-07,89.7767105102539,0.0
2009-12-08,90.42491912841795,0.0
2009-12-09,91.7213363647461,0.0
2009-12-10,90.10081481933594,0.0
2009-12-11,90.7490234375,0.0
2009-12-14,90.7490234375,0.0
2009-12-15,90.10081481933594,0.0
2009-12-16,89.7767105102539,0.0
2009-12-17,90.7490234375,0.0
2009-12-18,90.10081481933594,0.0
2009-12-21,89.7767105102539,0.0
2009-12-22,91.07312774658205,0.0
2009-12-23,93.66595458984376,0.0
2009-12-24,96.5828857421875,0.0
2009-12-25,95.61058044433594,0.0
2009-12-28,97.23109436035156,0.0
2009-12-29,97.23109436035156,0.0
2009-12-30,96.90699005126952,0.0
2009-12-31,98.20340728759766,0.0
2010-01-04,98.20340728759766,0.0
2010-01-05,98.85161590576172,0.0
2010-01-06,98.20340728759766,0.0
2010-01-07,97.23109436035156,0.0
2010-01-08,97.5551986694336,0.0
2010-01-11,96.2587890625,0.0
2010-01-12,95.93468475341795,0.0
2010-01-13,94.3141632080078,0.0
2010-01-14,96.90699005126952,0.0
2010-01-15,98.85161590576172,0.0
2010-01-18,97.87930297851562,0.0
2010-01-19,96.5828857421875,0.0
2010-01-20,95.61058044433594,0.0
2010-01-21,94.63826751708984,0.0
2010-01-22,89.45260620117188,0.0
2010-01-25,90.42491912841795,0.0
2010-01-26,88.48030090332031,0.0
2010-01-27,86.2115707397461,0.0
2010-01-28,88.15619659423828,0.0
2010-01-29,87.18388366699219,0.0
2010-02-01,85.2392578125,0.0
2010-02-02,86.85977935791016,0.0
2010-02-03,89.45260620117188,0.0
2010-02-04,88.48030090332031,0.0
2010-02-05,85.88746643066406,0.0
2010-02-08,86.85977935791016,0.0
2010-02-09,86.53567504882812,0.0
2010-02-10,87.18388366699219,0.0
2010-02-22,87.18388366699219,0.0
2010-02-23,87.18388366699219,0.0
2010-02-24,85.88746643066406,0.0
2010-02-25,82.97053527832031,0.0
2010-02-26,82.32232666015625,0.0
2010-03-01,84.59105682373047,0.0
2010-03-02,86.2115707397461,0.0
2010-03-03,86.53567504882812,0.0
2010-03-04,86.53567504882812,0.0
2010-03-05,86.85977935791016,0.0
2010-03-08,89.12850189208984,0.0
2010-03-09,89.45260620117188,0.0
2010-03-10,89.45260620117188,0.0
2010-03-11,89.12850189208984,0.0
2010-03-12,89.12850189208984,0.0
2010-03-15,86.85977935791016,0.0
2010-03-16,88.80440521240234,0.0
2010-03-17,90.42491912841795,0.0
2010-03-18,90.42491912841795,0.0
2010-03-19,90.42491912841795,0.0
2010-03-22,88.80440521240234,0.0
2010-03-23,89.45260620117188,0.0
2010-03-24,88.48030090332031,0.0
2010-03-25,88.48030090332031,0.0
2010-03-26,87.18388366699219,0.0
2010-03-29,89.12850189208984,0.0
2010-03-30,89.7767105102539,0.0
2010-03-31,89.12850189208984,0.0
2010-04-01,90.7490234375,0.0
2010-04-02,90.42491912841795,0.0
2010-04-06,93.01774597167967,0.0
2010-04-07,93.66595458984376,0.0
2010-04-08,92.36954498291016,0.0
2010-04-09,93.66595458984376,0.0
2010-04-12,93.66595458984376,0.0
2010-04-13,91.39723205566406,0.0
2010-04-14,92.04544067382812,0.0
2010-04-15,93.01774597167967,0.0
2010-04-16,91.39723205566406,0.0
2010-04-19,88.48030090332031,0.0
2010-04-20,89.7767105102539,0.0
2010-04-21,90.10081481933594,0.0
2010-04-22,92.36954498291016,0.0
2010-04-23,93.66595458984376,0.0
2010-04-26,95.93468475341795,0.0
2010-04-27,96.90699005126952,0.0
2010-04-28,99.17572021484376,0.0
2010-04-29,98.52751159667967,0.0
2010-04-30,96.2587890625,0.0
2010-05-03,95.2864761352539,0.0
2010-05-04,96.2587890625,0.0
2010-05-05,92.6936492919922,0.0
2010-05-06,91.39723205566406,0.0
2010-05-07,90.42491912841795,0.0
2010-05-10,91.7213363647461,0.0
2010-05-11,90.7490234375,0.0
2010-05-12,90.7490234375,0.0
2010-05-13,93.34185028076172,0.0
2010-05-14,93.01774597167967,0.0
2010-05-17,91.39723205566406,0.0
2010-05-18,91.39723205566406,0.0
2010-05-19,89.12850189208984,0.0
2010-05-20,86.85977935791016,0.0
2010-05-21,84.9151611328125,0.0
2010-05-24,85.88746643066406,0.0
2010-05-25,81.67411804199219,0.0
2010-05-26,83.61874389648438,0.0
2010-05-27,83.29463958740234,0.0
2010-05-28,82.32232666015625,0.0
2010-05-31,80.70181274414062,0.0
2010-06-01,80.70181274414062,0.0
2010-06-02,77.46077728271484,0.0
2010-06-03,81.02591705322266,0.0
2010-06-04,80.70181274414062,0.0
2010-06-07,76.16436004638672,0.0
2010-06-08,72.27511596679688,0.0
2010-06-09,73.571533203125,0.0
2010-06-10,76.16436004638672,0.0
2010-06-11,76.81256866455078,0.0
2010-06-14,78.10897827148438,0.0
2010-06-15,78.4330825805664,0.0
2010-06-17,79.72949981689453,0.0
2010-06-18,79.72949981689453,0.0
2010-06-21,81.99822235107422,0.0
2010-06-22,80.05360412597656,0.0
2010-06-23,79.4053955078125,0.0
2010-06-24,79.4053955078125,0.0
2010-06-25,78.10897827148438,0.0
2010-06-28,78.10897827148438,0.0
2010-06-29,78.4330825805664,0.0
2010-06-30,73.8956298828125,0.0
2010-07-01,73.571533203125,0.0
2010-07-02,72.5992202758789,0.0
2010-07-05,75.19204711914062,0.0
2010-07-06,75.51615142822266,0.0
2010-07-07,75.51615142822266,0.0
2010-07-08,77.78487396240234,0.0
2010-07-09,78.10897827148438,0.0
2010-07-12,78.4330825805664,0.0
2010-07-13,77.78487396240234,0.0
2010-07-14,80.05360412597656,0.0
2010-07-15,79.72949981689453,0.0
2010-07-16,78.10897827148438,0.0
2010-07-19,77.13667297363281,0.0
2010-07-20,77.46077728271484,0.0
2010-07-21,77.13667297363281,0.0
2010-07-22,77.13667297363281,0.0
2010-07-23,81.02591705322266,0.0
2010-07-26,83.61874389648438,0.0
2010-07-27,84.26695251464844,0.0
2010-07-28,84.9151611328125,0.0
2010-07-29,84.9151611328125,0.0
2010-07-30,83.61874389648438,0.0
2010-08-02,86.53567504882812,0.0
2010-08-03,88.15619659423828,0.0
2010-08-04,86.85977935791016,0.0
2010-08-05,86.85977935791016,0.0
2010-08-06,87.50798797607422,0.0
2010-08-09,88.15619659423828,0.0
2010-08-10,86.85977935791016,0.0
2010-08-11,84.9151611328125,0.0
2010-08-12,84.26695251464844,0.0
2010-08-13,84.59105682373047,0.0
2010-08-16,85.56336212158203,0.0
2010-08-17,85.2392578125,0.0
2010-08-18,84.9151611328125,0.0
2010-08-19,87.50798797607422,0.0
2010-08-20,87.18388366699219,0.0
2010-08-23,87.50798797607422,0.0
2010-08-24,86.2115707397461,0.0
2010-08-25,86.75606536865234,1.296414
2010-08-26,86.39306640625,0.0
2010-08-27,87.11906433105469,0.0
2010-08-30,87.84505462646484,0.0
2010-08-31,82.03711700439453,0.0
2010-09-01,78.77014923095703,0.0
2010-09-02,80.22213745117188,0.0
2010-09-03,80.94812774658203,0.0
2010-09-06,78.77014923095703,0.0
2010-09-07,78.04415893554688,0.0
2010-09-08,78.40715789794922,0.0
2010-09-09,77.68116760253906,0.0
2010-09-10,78.40715789794922,0.0
2010-09-13,83.48910522460938,0.0
2010-09-14,83.85209655761719,0.0
2010-09-15,83.85209655761719,0.0
2010-09-16,83.48910522460938,0.0
2010-09-17,83.48910522460938,0.0
2010-09-20,83.48910522460938,0.0
2010-09-21,84.21509552001953,0.0
2010-09-23,85.66707611083984,0.0
2010-09-24,85.30408477783203,0.0
2010-09-27,84.94108581542969,0.0
2010-09-28,85.30408477783203,0.0
2010-09-29,85.30408477783203,0.0
2010-09-30,85.30408477783203,0.0
2010-10-01,83.12610626220703,0.0
2010-10-04,84.57808685302734,0.0
2010-10-05,84.21509552001953,0.0
2010-10-06,85.66707611083984,0.0
2010-10-07,85.66707611083984,0.0
2010-10-08,86.03007507324219,0.0
2010-10-11,84.94108581542969,0.0
2010-10-12,82.03711700439453,0.0
2010-10-13,83.12610626220703,0.0
2010-10-14,83.85209655761719,0.0
2010-10-15,84.21509552001953,0.0
2010-10-18,82.03711700439453,0.0
2010-10-19,81.31112670898438,0.0
2010-10-20,82.76310729980469,0.0
2010-10-21,82.03711700439453,0.0
2010-10-22,82.76310729980469,0.0
2010-10-25,86.03007507324219,0.0
2010-10-26,85.66707611083984,0.0
2010-10-27,84.21509552001953,0.0
2010-10-28,84.57808685302734,0.0
2010-10-29,84.21509552001953,0.0
2010-11-01,84.94108581542969,0.0
2010-11-02,84.57808685302734,0.0
2010-11-03,83.48910522460938,0.0
2010-11-04,84.94108581542969,0.0
2010-11-05,84.94108581542969,0.0
2010-11-08,84.21509552001953,0.0
2010-11-09,83.48910522460938,0.0
2010-11-10,84.57808685302734,0.0
2010-11-11,83.85209655761719,0.0
2010-11-12,82.40011596679688,0.0
2010-11-15,81.31112670898438,0.0
2010-11-16,82.03711700439453,0.0
2010-11-17,81.67411804199219,0.0
2010-11-18,82.40011596679688,0.0
2010-11-19,82.76310729980469,0.0
2010-11-22,83.48910522460938,0.0
2010-11-23,82.03711700439453,0.0
2010-11-24,81.31112670898438,0.0
2010-11-25,81.31112670898438,0.0
2010-11-26,80.58513641357422,0.0
2010-11-29,79.85913848876953,0.0
2010-11-30,78.77014923095703,0.0
2010-12-01,80.22213745117188,0.0
2010-12-02,79.13314819335938,0.0
2010-12-03,81.67411804199219,0.0
2010-12-06,82.03711700439453,0.0
2010-12-07,82.40011596679688,0.0
2010-12-08,82.03711700439453,0.0
2010-12-09,82.40011596679688,0.0
2010-12-10,82.40011596679688,0.0
2010-12-13,81.67411804199219,0.0
2010-12-14,83.48910522460938,0.0
2010-12-15,83.48910522460938,0.0
2010-12-16,84.21509552001953,0.0
2010-12-17,83.48910522460938,0.0
2010-12-20,83.12610626220703,0.0
2010-12-21,83.85209655761719,0.0
2010-12-22,84.21509552001953,0.0
2010-12-23,85.66707611083984,0.0
2010-12-24,84.94108581542969,0.0
2010-12-27,84.94108581542969,0.0
2010-12-28,84.94108581542969,0.0
2010-12-29,83.85209655761719,0.0
2010-12-30,84.94108581542969,0.0
2010-12-31,85.30408477783203,0.0
2011-01-03,85.30408477783203,0.0
2011-01-04,85.30408477783203,0.0
2011-01-05,83.12610626220703,0.0
2011-01-06,83.12610626220703,0.0
2011-01-07,82.76310729980469,0.0
2011-01-10,82.40011596679688,0.0
2011-01-11,84.21509552001953,0.0
2011-01-12,84.21509552001953,0.0
2011-01-13,84.94108581542969,0.0
2011-01-14,84.94108581542969,0.0
2011-01-17,83.48910522460938,0.0
2011-01-18,83.48910522460938,0.0
2011-01-19,84.94108581542969,0.0
2011-01-20,85.30408477783203,0.0
2011-01-21,83.85209655761719,0.0
2011-01-24,84.21509552001953,0.0
2011-01-25,84.57808685302734,0.0
2011-01-26,87.4820556640625,0.0
2011-01-27,90.02303314208984,0.0
2011-01-28,90.7490234375,0.0
2011-02-08,90.38602447509766,0.0
2011-02-09,87.11906433105469,0.0
2011-02-10,86.39306640625,0.0
2011-02-11,84.21509552001953,0.0
2011-02-14,84.94108581542969,0.0
2011-02-15,83.48910522460938,0.0
2011-02-16,83.48910522460938,0.0
2011-02-17,83.48910522460938,0.0
2011-02-18,84.57808685302734,0.0
2011-02-21,82.76310729980469,0.0
2011-02-22,80.94812774658203,0.0
2011-02-23,79.85913848876953,0.0
2011-02-24,79.13314819335938,0.0
2011-02-25,79.13314819335938,0.0
2011-03-01,82.76310729980469,0.0
2011-03-02,81.31112670898438,0.0
2011-03-03,82.40011596679688,0.0
2011-03-04,85.30408477783203,0.0
2011-03-07,84.94108581542969,0.0
2011-03-08,84.21509552001953,0.0
2011-03-09,84.57808685302734,0.0
2011-03-10,82.40011596679688,0.0
2011-03-11,82.03711700439453,0.0
2011-03-14,81.67411804199219,0.0
2011-03-15,79.13314819335938,0.0
2011-03-16,76.59217834472656,0.0
2011-03-17,73.32521057128906,0.0
2011-03-18,72.96221160888672,0.0
2011-03-21,75.50318908691406,0.0
2011-03-22,75.86618041992188,0.0
2011-03-23,74.7771987915039,0.0
2011-03-24,75.86618041992188,0.0
2011-03-25,76.95516967773438,0.0
2011-03-28,76.22917938232422,0.0
2011-03-29,76.95516967773438,0.0
2011-03-30,75.86618041992188,0.0
2011-03-31,74.7771987915039,0.0
2011-04-01,76.95516967773438,0.0
2011-04-06,79.49614715576172,0.0
2011-04-07,79.49614715576172,0.0
2011-04-08,78.04415893554688,0.0
2011-04-11,79.13314819335938,0.0
2011-04-12,76.59217834472656,0.0
2011-04-13,77.31816864013672,0.0
2011-04-14,78.77014923095703,0.0
2011-04-15,76.22917938232422,0.0
2011-04-18,76.22917938232422,0.0
2011-04-19,75.14019012451172,0.0
2011-04-20,78.40715789794922,0.0
2011-04-21,79.49614715576172,0.0
2011-04-22,79.49614715576172,0.0
2011-04-25,78.04415893554688,0.0
2011-04-26,78.77014923095703,0.0
2011-04-27,79.13314819335938,0.0
2011-04-28,79.13314819335938,0.0
2011-04-29,78.77014923095703,0.0
2011-05-03,76.95516967773438,0.0
2011-05-04,76.95516967773438,0.0
2011-05-05,78.40715789794922,0.0
2011-05-06,78.04415893554688,0.0
2011-05-09,79.13314819335938,0.0
2011-05-10,79.13314819335938,0.0
2011-05-11,80.22213745117188,0.0
2011-05-12,79.13314819335938,0.0
2011-05-13,78.77014923095703,0.0
2011-05-16,76.95516967773438,0.0
2011-05-17,75.50318908691406,0.0
2011-05-18,76.95516967773438,0.0
2011-05-19,75.50318908691406,0.0
2011-05-20,74.7771987915039,0.0
2011-05-23,72.5992202758789,0.0
2011-05-24,74.7771987915039,0.0
2011-05-25,73.32521057128906,0.0
2011-05-26,73.6882095336914,0.0
2011-05-27,73.32521057128906,0.0
2011-05-30,72.5992202758789,0.0
2011-05-31,72.96221160888672,0.0
2011-06-01,74.05120086669922,0.0
2011-06-02,72.5992202758789,0.0
2011-06-03,72.96221160888672,0.0
2011-06-07,72.5992202758789,0.0
2011-06-08,72.96221160888672,0.0
2011-06-09,74.05120086669922,0.0
2011-06-10,72.5992202758789,0.0
2011-06-13,72.5992202758789,0.0
2011-06-14,72.96221160888672,0.0
2011-06-15,72.23622131347656,0.0
2011-06-16,71.43762969970703,0.0
2011-06-17,71.65542602539062,0.0
2011-06-20,71.43762969970703,0.0
2011-06-21,72.96221160888672,0.0
2011-06-22,71.87322998046875,0.0
2011-06-23,71.21983337402344,0.0
2011-06-24,70.8568344116211,0.0
2011-06-27,69.69525146484375,0.0
2011-06-28,68.9692611694336,0.0
2011-06-29,70.8568344116211,0.0
2011-06-30,71.5102310180664,0.0
2011-07-01,70.8568344116211,0.0
2011-07-04,70.05824279785156,0.0
2011-07-05,69.76785278320312,0.0
2011-07-06,71.5102310180664,0.0
2011-07-07,70.92943572998047,0.0
2011-07-08,70.92943572998047,0.0
2011-07-11,69.91304779052734,0.0
2011-07-12,69.11445617675781,0.0
2011-07-13,66.573486328125,0.0
2011-07-14,65.55709838867188,0.0
2011-07-15,66.93647766113281,0.0
2011-07-18,64.25031280517578,0.0
2011-07-19,64.68590545654297,0.0
2011-07-20,67.6624755859375,0.0
2011-07-21,67.00907897949219,0.0
2011-07-22,66.64608001708984,0.0
2011-07-25,66.50088500976562,0.0
2011-07-26,66.93647766113281,0.0
2011-07-27,66.7912826538086,0.0
2011-07-28,65.55709838867188,0.0
2011-07-29,65.72407531738281,0.725991
2011-08-01,67.8802719116211,0.0
2011-08-02,66.44280242919922,0.0
2011-08-03,64.36647033691406,0.0
2011-08-04,62.68942642211914,0.0
2011-08-05,58.37703323364258,0.0
2011-08-08,56.85970687866211,0.0
2011-08-09,56.699989318847656,0.0
2011-08-10,58.85618591308594,0.0
2011-08-11,58.85618591308594,0.0
2011-08-12,58.21731185913086,0.0
2011-08-15,59.65477752685547,0.0
2011-08-16,59.2554817199707,0.0
2011-08-17,59.17562484741211,0.0
2011-08-18,57.338863372802734,0.0
2011-08-19,54.30421447753906,0.0
2011-08-22,53.50562286376953,0.0
2011-08-23,52.70703125,0.0
2011-08-24,51.748722076416016,0.0
2011-08-25,49.35294723510742,0.0
2011-08-26,51.269569396972656,0.0
2011-08-29,51.269569396972656,0.0
2011-08-30,54.78337097167969,0.0
2011-08-31,58.53675079345703,0.0
2011-09-01,59.17562484741211,0.0
2011-09-02,60.69294738769531,0.0
2011-09-05,58.29717254638672,0.0
2011-09-06,57.57844161987305,0.0
2011-09-07,58.37703323364258,0.0
2011-09-08,56.77985000610352,0.0
2011-09-09,58.057594299316406,0.0
2011-09-13,55.342384338378906,0.0
2011-09-14,53.74520111083984,0.0
2011-09-15,55.82154083251953,0.0
2011-09-16,56.699989318847656,0.0
2011-09-19,57.01942443847656,0.0
2011-09-20,57.89787673950195,0.0
2011-09-21,58.137454986572266,0.0
2011-09-22,56.62013244628906,0.0
2011-09-23,55.102806091308594,0.0
2011-09-26,54.78337097167969,0.0
2011-09-27,54.38407516479492,0.0
2011-09-28,55.102806091308594,0.0
2011-09-29,55.901397705078125,0.0
2011-09-30,55.26252365112305,0.0
2011-10-03,54.14449691772461,0.0
2011-10-04,55.02294921875,0.0
2011-10-05,53.98477935791016,0.0
2011-10-06,55.901397705078125,0.0
2011-10-07,56.699989318847656,0.0
2011-10-11,58.45689010620117,0.0
2011-10-12,58.21731185913086,0.0
2011-10-13,57.49858093261719,0.0
2011-10-14,57.49858093261719,0.0
2011-10-17,59.89435577392578,0.0
2011-10-18,59.2554817199707,0.0
2011-10-19,59.495059967041016,0.0
2011-10-20,58.057594299316406,0.0
2011-10-21,58.616607666015625,0.0
2011-10-24,60.61308670043945,0.0
2011-10-25,62.92900466918945,0.0
2011-10-26,64.20674896240234,0.0
2011-10-27,64.60604858398438,0.0
2011-10-28,65.24491882324219,0.0
2011-10-31,66.52266693115234,0.0
2011-11-01,69.39759063720703,0.0
2011-11-02,69.39759063720703,0.0
2011-11-03,66.92195892333984,0.0
2011-11-04,67.56083679199219,0.0
2011-11-07,67.16153717041016,0.0
2011-11-08,67.24139404296875,0.0
2011-11-09,65.96365356445312,0.0
2011-11-10,63.1685791015625,0.0
2011-11-11,65.72407531738281,0.0
2011-11-14,66.92195892333984,0.0
2011-11-15,65.8837890625,0.0
2011-11-16,65.4844970703125,0.0
2011-11-17,65.40463256835938,0.0
2011-11-18,63.96717071533203,0.0
2011-11-21,62.44984817504883,0.0
2011-11-22,61.9706916809082,0.0
2011-11-23,60.05407333374024,0.0
2011-11-24,60.69294738769531,0.0
2011-11-25,60.453369140625,0.0
2011-11-28,62.21026992797852,0.0
2011-11-29,63.32830047607422,0.0
2011-11-30,63.647735595703125,0.0
2011-12-01,66.12336730957031,0.0
2011-12-02,65.32477569580078,0.0
2011-12-05,65.64421081542969,0.0
2011-12-06,63.88731384277344,0.0
2011-12-07,64.92548370361328,0.0
2011-12-08,65.1650619506836,0.0
2011-12-09,63.647735595703125,0.0
2011-12-12,65.40463256835938,0.0
2011-12-13,65.08519744873047,0.0
2011-12-14,65.40463256835938,0.0
2011-12-15,62.92900466918945,0.0
2011-12-16,63.88731384277344,0.0
2011-12-19,62.130409240722656,0.0
2011-12-20,62.290130615234375,0.0
2011-12-21,65.8837890625,0.0
2011-12-22,65.4844970703125,0.0
2011-12-23,66.20323181152344,0.0
2011-12-26,65.8837890625,0.0
2011-12-27,65.64421081542969,0.0
2011-12-28,65.8837890625,0.0
2011-12-29,66.20323181152344,0.0
2011-12-30,66.20323181152344,0.0
2012-01-02,65.00534057617188,0.0
2012-01-03,66.04351043701172,0.0
2012-01-04,66.44280242919922,0.0
2012-01-05,66.44280242919922,0.0
2012-01-06,67.00181579589844,0.0
2012-01-09,67.32125854492188,0.0
2012-01-10,68.99829864501953,0.0
2012-01-11,68.83857727050781,0.0
2012-01-12,69.15801239013672,0.0
2012-01-13,68.03998565673828,0.0
2012-01-16,66.68238067626953,0.0
2012-01-17,69.47745513916016,0.0
2012-01-18,70.03646850585938,0.0
2012-01-30,74.90787506103516,0.0
2012-01-31,76.10575866699219,0.0
2012-02-01,76.0259017944336,0.0
2012-02-02,77.22378540039062,0.0
2012-02-03,77.94252014160156,0.0
2012-02-06,75.06758880615234,0.0
2012-02-07,77.70294189453125,0.0
2012-02-08,81.0570297241211,0.0
2012-02-09,82.65421295166016,0.0
2012-02-10,81.4563217163086,0.0
2012-02-13,81.85562133789062,0.0
2012-02-14,80.65773010253906,0.0
2012-02-15,82.65421295166016,0.0
2012-02-16,81.4563217163086,0.0
2012-02-17,81.0570297241211,0.0
2012-02-20,79.61956024169922,0.0
2012-02-21,77.30364990234375,0.0
2012-02-22,77.94252014160156,0.0
2012-02-23,77.54322814941406,0.0
2012-02-24,79.060546875,0.0
2012-02-29,81.85562133789062,0.0
2012-03-01,81.85562133789062,0.0
2012-03-02,81.85562133789062,0.0
2012-03-05,80.25843811035156,0.0
2012-03-06,79.69942474365234,0.0
2012-03-07,78.90083312988281,0.0
2012-03-08,80.65773010253906,0.0
2012-03-09,81.0570297241211,0.0
2012-03-12,80.25843811035156,0.0
2012-03-13,81.85562133789062,0.0
2012-03-14,82.65421295166016,0.0
2012-03-15,83.05350494384766,0.0
2012-03-16,83.45280456542969,0.0
2012-03-19,83.05350494384766,0.0
2012-03-20,81.4563217163086,0.0
2012-03-21,81.85562133789062,0.0
2012-03-22,83.85209655761719,0.0
2012-03-23,84.65068817138672,0.0
2012-03-26,84.65068817138672,0.0
2012-03-27,86.24787139892578,0.0
2012-03-28,90.24082946777344,0.0
2012-03-29,92.63660430908205,0.0
2012-03-30,91.43871307373048,0.0
2012-04-02,88.64364624023438,0.0
2012-04-03,87.84505462646484,0.0
2012-04-05,88.64364624023438,0.0
2012-04-06,88.64364624023438,0.0
2012-04-09,87.44576263427734,0.0
2012-04-10,87.84505462646484,0.0
2012-04-11,90.64012145996094,0.0
2012-04-12,91.03942108154295,0.0
2012-04-13,91.43871307373048,0.0
2012-04-16,91.43871307373048,0.0
2012-04-17,87.84505462646484,0.0
2012-04-18,86.24787139892578,0.0
2012-04-19,84.25139617919922,0.0
2012-04-20,82.25491333007812,0.0
2012-04-23,79.77928161621094,0.0
2012-04-24,82.65421295166016,0.0
2012-04-25,84.65068817138672,0.0
2012-04-26,83.05350494384766,0.0
2012-04-27,79.30012512207031,0.0
2012-04-30,73.78984832763672,0.0
2012-05-02,71.55378723144531,0.0
2012-05-03,71.87322998046875,0.0
2012-05-04,71.87322998046875,0.0
2012-05-07,70.67533874511719,0.0
2012-05-08,70.67533874511719,0.0
2012-05-09,69.71703338623047,0.0
2012-05-10,70.03646850585938,0.0
2012-05-11,68.99829864501953,0.0
2012-05-14,69.39759063720703,0.0
2012-05-15,68.19970703125,0.0
2012-05-16,66.12336730957031,0.0
2012-05-17,68.43928527832031,0.0
2012-05-18,66.44280242919922,0.0
2012-05-21,66.44280242919922,0.0
2012-05-22,69.63716888427734,0.0
2012-05-23,69.47745513916016,0.0
2012-05-24,68.1198501586914,0.0
2012-05-25,67.16153717041016,0.0
2012-05-28,68.19970703125,0.0
2012-05-29,71.47393035888672,0.0
2012-05-30,70.9947738647461,0.0
2012-05-31,69.87674713134766,0.0
2012-06-01,68.1198501586914,0.0
2012-06-04,65.4844970703125,0.0
2012-06-05,65.64421081542969,0.0
2012-06-06,66.12336730957031,0.0
2012-06-07,67.00181579589844,0.0
2012-06-08,65.24491882324219,0.0
2012-06-11,66.92195892333984,0.0
2012-06-12,65.8837890625,0.0
2012-06-13,65.4844970703125,0.0
2012-06-14,65.5643539428711,0.0
2012-06-15,67.48097229003906,0.0
2012-06-18,69.07815551757812,0.0
2012-06-19,68.91844177246094,0.0
2012-06-20,69.47745513916016,0.0
2012-06-21,68.75872039794922,0.0
2012-06-22,69.15801239013672,0.0
2012-06-25,69.07815551757812,0.0
2012-06-26,68.67886352539062,0.0
2012-06-27,69.07815551757812,0.0
2012-06-28,70.19618225097656,0.0
2012-06-29,71.39407348632812,0.0
2012-07-02,71.07463836669922,0.0
2012-07-03,72.27252197265625,0.0
2012-07-04,73.47040557861328,0.0
2012-07-05,72.99125671386719,0.0
2012-07-06,72.99125671386719,0.0
2012-07-09,73.39054870605469,0.0
2012-07-10,71.95308685302734,0.0
2012-07-11,71.79336547851562,0.0
2012-07-12,69.55731201171875,0.0
2012-07-13,69.47745513916016,0.0
2012-07-16,69.87674713134766,0.0
2012-07-17,70.67533874511719,0.0
2012-07-18,69.47745513916016,0.0
2012-07-19,70.51561737060547,0.0
2012-07-20,71.55378723144531,0.0
2012-07-23,69.15801239013672,0.0
2012-07-24,68.35942077636719,0.0
2012-07-25,65.40463256835938,0.0
2012-07-26,64.28660583496094,0.0
2012-07-27,66.68238067626953,0.0
2012-07-30,66.12336730957031,0.0
2012-07-31,67.56083679199219,0.0
2012-08-01,67.72055053710938,0.0
2012-08-02,67.72055053710938,0.0
2012-08-03,65.1650619506836,0.0
2012-08-06,69.71703338623047,0.0
2012-08-07,69.71703338623047,0.0
2012-08-08,69.71703338623047,0.0
2012-08-09,72.67182159423828,0.0
2012-08-10,74.14122772216797,1.197887
2012-08-13,74.58045196533203,0.0
2012-08-14,74.66829681396484,0.0
2012-08-15,74.22907257080078,0.0
2012-08-16,73.87769317626953,0.0
2012-08-17,74.22907257080078,0.0
2012-08-20,74.49260711669922,0.0
2012-08-21,75.45890045166016,0.0
2012-08-22,75.63459014892578,0.0
2012-08-23,76.51304626464844,0.0
2012-08-24,76.33735656738281,0.0
2012-08-27,76.86442565917969,0.0
2012-08-28,73.96553802490234,0.0
2012-08-29,73.78984832763672,0.0
2012-08-30,75.1075210571289,0.0
2012-08-31,74.49260711669922,0.0
2012-09-03,79.060546875,0.0
2012-09-04,78.97270202636719,0.0
2012-09-05,78.00640869140625,0.0
2012-09-06,77.655029296875,0.0
2012-09-07,78.18209838867188,0.0
2012-09-10,78.00640869140625,0.0
2012-09-11,79.41192626953125,0.0
2012-09-12,81.6958999633789,0.0
2012-09-13,81.6958999633789,0.0
2012-09-14,85.20970153808594,0.0
2012-09-17,85.64892578125,0.0
2012-09-18,84.41909790039062,0.0
2012-09-19,85.12185668945312,0.0
2012-09-20,84.33125305175781,0.0
2012-09-21,85.03401184082031,0.0
2012-09-24,84.15556335449219,0.0
2012-09-25,82.13512420654297,0.0
2012-09-26,79.23623657226562,0.0
2012-09-27,79.23623657226562,0.0
2012-09-28,80.81745147705078,0.0
2012-10-01,80.2025375366211,0.0
2012-10-02,80.55391693115234,0.0
2012-10-03,80.2903823852539,0.0
2012-10-04,80.02684783935547,0.0
2012-10-05,79.41192626953125,0.0
2012-10-08,77.91856384277344,0.0
2012-10-09,78.44563293457031,0.0
2012-10-11,75.54674530029297,0.0
2012-10-12,76.24951171875,0.0
2012-10-15,76.86442565917969,0.0
2012-10-16,76.9522705078125,0.0
2012-10-17,76.77658081054688,0.0
2012-10-18,76.86442565917969,0.0
2012-10-19,75.37105560302734,0.0
2012-10-22,74.75614166259766,0.0
2012-10-23,74.4047622680664,0.0
2012-10-24,74.66829681396484,0.0
2012-10-25,74.84398651123047,0.0
2012-10-26,74.05338287353516,0.0
2012-10-29,73.78984832763672,0.0
2012-10-30,77.30364990234375,0.0
2012-10-31,77.91856384277344,0.0
2012-11-01,78.88485717773438,0.0
2012-11-02,77.83071899414062,0.0
2012-11-05,76.86442565917969,0.0
2012-11-06,78.88485717773438,0.0
2012-11-07,79.32408142089844,0.0
2012-11-08,79.85115814208984,0.0
2012-11-09,80.2903823852539,0.0
2012-11-12,79.060546875,0.0
2012-11-13,77.04011535644531,0.0
2012-11-14,78.88485717773438,0.0
2012-11-15,79.14839172363281,0.0
2012-11-16,78.79701232910156,0.0
2012-11-19,78.3577880859375,0.0
2012-11-20,78.97270202636719,0.0
2012-11-21,78.26994323730469,0.0
2012-11-22,78.18209838867188,0.0
2012-11-23,80.81745147705078,0.0
2012-11-26,81.52021026611328,0.0
2012-11-27,81.52021026611328,0.0
2012-11-28,81.95943450927734,0.0
2012-11-29,81.6958999633789,0.0
2012-11-30,81.87158966064453,0.0
2012-12-03,83.18927001953125,0.0
2012-12-04,83.71633911132812,0.0
2012-12-05,83.45280456542969,0.0
2012-12-06,83.01358032226562,0.0
2012-12-07,83.89202880859375,0.0
2012-12-10,84.41909790039062,0.0
2012-12-11,83.45280456542969,0.0
2012-12-12,83.97987365722656,0.0
2012-12-13,84.33125305175781,0.0
2012-12-14,80.37822723388672,0.0
2012-12-17,76.60089111328125,0.0
2012-12-18,77.655029296875,0.0
2012-12-19,77.83071899414062,0.0
2012-12-20,77.39149475097656,0.0
2012-12-21,76.42520141601562,0.0
2012-12-24,77.12796020507812,0.0
2012-12-25,78.00640869140625,0.0
2012-12-26,77.74287414550781,0.0
2012-12-27,78.18209838867188,0.0
2012-12-28,78.09425354003906,0.0
2013-01-02,77.91856384277344,0.0
2013-01-03,78.26994323730469,0.0
2013-01-04,77.30364990234375,0.0
2013-01-07,76.24951171875,0.0
2013-01-08,76.42520141601562,0.0
2013-01-09,77.12796020507812,0.0
2013-01-10,77.83071899414062,0.0
2013-01-11,77.83071899414062,0.0
2013-01-14,76.60089111328125,0.0
2013-01-15,73.96553802490234,0.0
2013-01-16,73.78984832763672,0.0
2013-01-17,73.7020034790039,0.0
2013-01-18,75.0196762084961,0.0
2013-01-21,74.3169174194336,0.0
2013-01-22,75.0196762084961,0.0
2013-01-23,74.66829681396484,0.0
2013-01-24,72.47216796875,0.0
2013-01-25,73.26277923583984,0.0
2013-01-28,73.43846893310547,0.0
2013-01-29,74.58045196533203,0.0
2013-01-30,74.58045196533203,0.0
2013-01-31,74.14122772216797,0.0
2013-02-01,74.3169174194336,0.0
2013-02-04,73.78984832763672,0.0
2013-02-05,72.9992446899414,0.0
2013-02-06,73.43846893310547,0.0
2013-02-18,72.73570251464844,0.0
2013-02-19,73.87769317626953,0.0
2013-02-20,74.49260711669922,0.0
2013-02-21,73.08708953857422,0.0
2013-02-22,73.08708953857422,0.0
2013-02-25,72.73570251464844,0.0
2013-02-26,71.7694091796875,0.0
2013-02-27,71.7694091796875,0.0
2013-03-01,71.68156433105469,0.0
2013-03-04,70.71527099609375,0.0
2013-03-05,70.27604675292969,0.0
2013-03-06,70.71527099609375,0.0
2013-03-07,70.62742614746094,0.0
2013-03-08,70.71527099609375,0.0
2013-03-11,70.71527099609375,0.0
2013-03-12,70.71527099609375,0.0
2013-03-13,70.27604675292969,0.0
2013-03-14,70.71527099609375,0.0
2013-03-15,70.89096069335938,0.0
2013-03-18,71.59371948242188,0.0
2013-03-19,73.08708953857422,0.0
2013-03-20,72.12078857421875,0.0
2013-03-21,72.12078857421875,0.0
2013-03-22,72.82354736328125,0.0
2013-03-25,72.38432312011719,0.0
2013-03-26,73.35062408447266,0.0
2013-03-27,73.35062408447266,0.0
2013-03-28,72.64785766601562,0.0
2013-03-29,73.17493438720703,0.0
2013-04-01,72.73570251464844,0.0
2013-04-02,72.9992446899414,0.0
2013-04-03,72.9992446899414,0.0
2013-04-08,70.97880554199219,0.0
2013-04-09,70.71527099609375,0.0
2013-04-10,70.80311584472656,0.0
2013-04-11,70.71527099609375,0.0
2013-04-12,69.04621124267578,0.0
2013-04-15,67.7285385131836,0.0
2013-04-16,67.64069366455078,0.0
2013-04-17,68.25560760498047,0.0
2013-04-18,67.37715911865234,0.0
2013-04-19,68.16776275634766,0.0
2013-04-22,67.55284881591797,0.0
2013-04-23,66.93793487548828,0.0
2013-04-24,68.60698699951172,0.0
2013-04-25,67.99207305908203,0.0
2013-04-26,66.93793487548828,0.0
2013-04-29,66.32301330566406,0.0
2013-04-30,66.93793487548828,0.0
2013-05-02,67.1136245727539,0.0
2013-05-03,68.07991790771484,0.0
2013-05-06,68.4312973022461,0.0
2013-05-07,68.07991790771484,0.0
2013-05-08,70.10035705566406,0.0
2013-05-09,71.68156433105469,0.0
2013-05-10,70.71527099609375,0.0
2013-05-13,69.92466735839844,0.0
2013-05-14,69.57328033447266,0.0
2013-05-15,68.69483184814453,0.0
2013-05-16,69.1340560913086,0.0
2013-05-17,68.16776275634766,0.0
2013-05-20,67.7285385131836,0.0
2013-05-21,67.90422821044922,0.0
2013-05-22,68.78267669677734,0.0
2013-05-23,67.7285385131836,0.0
2013-05-24,67.55284881591797,0.0
2013-05-27,67.90422821044922,0.0
2013-05-28,67.64069366455078,0.0
2013-05-29,68.78267669677734,0.0
2013-05-30,67.8163833618164,0.0
2013-05-31,67.37715911865234,0.0
2013-06-03,67.20146942138672,0.0
2013-06-04,66.93793487548828,0.0
2013-06-05,66.5865478515625,0.0
2013-06-06,65.8837890625,0.0
2013-06-07,66.05947875976562,0.0
2013-06-10,66.93793487548828,0.0
2013-06-11,65.8837890625,0.0
2013-06-13,64.478271484375,0.0
2013-06-14,63.775508880615234,0.0
2013-06-17,62.45783233642578,0.0
2013-06-18,62.8092155456543,0.0
2013-06-19,63.24843978881836,0.0
2013-06-20,62.10645294189453,0.0
2013-06-21,61.49153900146485,0.0
2013-06-24,61.75507354736328,0.0
2013-06-25,61.66722869873047,0.0
2013-06-26,64.12689208984375,0.0
2013-06-27,64.12689208984375,0.0
2013-06-28,65.00534057617188,0.0
2013-07-01,65.09318542480469,0.0
2013-07-02,64.39042663574219,0.0
2013-07-03,64.30258178710938,0.0
2013-07-04,63.775508880615234,0.0
2013-07-05,65.53240966796875,0.0
2013-07-08,64.478271484375,0.0
2013-07-09,65.44456481933594,0.0
2013-07-10,66.67440032958984,0.0
2013-07-11,68.5191421508789,0.0
2013-07-12,68.5191421508789,0.0
2013-07-15,68.95836639404297,0.0
2013-07-16,68.87052154541016,0.0
2013-07-17,67.99207305908203,0.0
2013-07-18,68.5191421508789,0.0
2013-07-19,67.99207305908203,0.0
2013-07-22,68.16776275634766,0.0
2013-07-23,68.4312973022461,0.0
2013-07-24,69.39759063720703,0.0
2013-07-25,69.57328033447266,0.0
2013-07-26,69.30974578857422,0.0
2013-07-29,69.04621124267578,0.0
2013-07-30,69.1340560913086,0.0
2013-07-31,68.34345245361328,0.0
2013-08-01,67.28931427001953,0.0
2013-08-02,67.55284881591797,0.0
2013-08-05,69.39759063720703,0.0
2013-08-06,68.60698699951172,0.0
2013-08-07,67.7285385131836,0.0
2013-08-08,67.64069366455078,0.0
2013-08-09,67.0257797241211,0.0
2013-08-12,68.07991790771484,0.0
2013-08-13,69.48543548583984,0.0
2013-08-14,69.48543548583984,0.0
2013-08-15,68.95836639404297,0.0
2013-08-16,69.48543548583984,0.0
2013-08-19,69.74897003173828,0.0
2013-08-20,70.3638916015625,0.0
2013-08-22,70.89096069335938,0.0
2013-08-23,70.71527099609375,0.0
2013-08-26,71.41802978515625,0.0
2013-08-27,70.27604675292969,0.0
2013-08-28,69.66112518310547,0.0
2013-08-29,70.10035705566406,0.0
2013-08-30,71.33018493652344,0.0
2013-09-02,71.68156433105469,0.0
2013-09-03,72.03294372558594,0.0
2013-09-04,72.03294372558594,0.0
2013-09-05,72.20863342285156,0.0
2013-09-06,72.82354736328125,0.0
2013-09-09,74.4047622680664,1.317675
2013-09-10,74.4047622680664,0.0
2013-09-11,73.43846893310547,0.0
2013-09-12,72.2789077758789,0.0
2013-09-13,72.47216796875,0.0
2013-09-16,73.43846893310547,0.0
2013-09-17,73.34183502197266,0.0
2013-09-18,73.34183502197266,0.0
2013-09-23,73.63172149658203,0.0
2013-09-24,74.3081283569336,0.0
2013-09-25,74.21150207519531,0.0
2013-09-26,73.24520874023438,0.0
2013-09-27,73.72835540771484,0.0
2013-09-30,73.34183502197266,0.0
2013-10-01,72.95531463623047,0.0
2013-10-02,72.47216796875,0.0
2013-10-03,73.43846893310547,0.0
2013-10-04,73.34183502197266,0.0
2013-10-07,72.6654281616211,0.0
2013-10-08,73.24520874023438,0.0
2013-10-09,72.7620620727539,0.0
2013-10-11,72.85868835449219,0.0
2013-10-14,71.50587463378906,0.0
2013-10-15,71.31261444091797,0.0
2013-10-16,71.0227279663086,0.0
2013-10-17,71.21598815917969,0.0
2013-10-18,72.47216796875,0.0
2013-10-21,72.56880187988281,0.0
2013-10-22,72.95531463623047,0.0
2013-10-23,72.7620620727539,0.0
2013-10-24,73.24520874023438,0.0
2013-10-25,72.6654281616211,0.0
2013-10-28,72.47216796875,0.0
2013-10-29,71.50587463378906,0.0
2013-10-30,72.47216796875,0.0
2013-10-31,71.98902130126953,0.0
2013-11-01,71.89239501953125,0.0
2013-11-04,71.50587463378906,0.0
2013-11-05,71.11935424804688,0.0
2013-11-06,71.89239501953125,0.0
2013-11-07,71.98902130126953,0.0
2013-11-08,71.40924835205078,0.0
2013-11-11,72.37554168701172,0.0
2013-11-12,71.98902130126953,0.0
2013-11-13,71.89239501953125,0.0
2013-11-14,72.85868835449219,0.0
2013-11-15,72.7620620727539,0.0
2013-11-18,73.05194854736328,0.0
2013-11-19,73.24520874023438,0.0
2013-11-20,73.24520874023438,0.0
2013-11-21,72.47216796875,0.0
2013-11-22,72.08565521240234,0.0
2013-11-25,72.56880187988281,0.0
2013-11-26,72.95531463623047,0.0
2013-11-27,72.85868835449219,0.0
2013-11-28,73.34183502197266,0.0
2013-11-29,75.37105560302734,0.0
2013-12-02,75.56431579589844,0.0
2013-12-03,75.46768951416016,0.0
2013-12-04,76.33735656738281,0.0
2013-12-05,75.75757598876953,0.0
2013-12-06,75.85420227050781,0.0
2013-12-09,76.91712951660156,0.0
2013-12-10,77.20701599121094,0.0
2013-12-11,75.56431579589844,0.0
2013-12-12,75.85420227050781,0.0
2013-12-13,75.85420227050781,0.0
2013-12-16,74.98453521728516,0.0
2013-12-17,75.46768951416016,0.0
2013-12-18,76.24072265625,0.0
2013-12-19,76.62724304199219,0.0
2013-12-20,76.33735656738281,0.0
2013-12-23,76.33735656738281,0.0
2013-12-24,76.4339828491211,0.0
2013-12-25,76.33735656738281,0.0
2013-12-26,76.62724304199219,0.0
2013-12-27,77.20701599121094,0.0
2013-12-30,77.59353637695312,0.0
2013-12-31,77.40027618408203,0.0
2014-01-02,77.6901626586914,0.0
2014-01-03,76.72386932373047,0.0
2014-01-06,76.33735656738281,0.0
2014-01-07,76.33735656738281,0.0
2014-01-08,76.82050323486328,0.0
2014-01-09,77.78679656982422,0.0
2014-01-10,78.46320343017578,0.0
2014-01-13,79.04297637939453,0.0
2014-01-14,79.52613067626953,0.0
2014-01-15,80.49242401123047,0.0
2014-01-16,81.07220458984375,0.0
2014-01-17,80.97557067871094,0.0
2014-01-20,82.32838439941406,0.0
2014-01-21,81.6519775390625,0.0
2014-01-22,81.36209106445312,0.0
2014-01-23,81.07220458984375,0.0
2014-01-24,82.13512420654297,0.0
2014-01-27,82.03849792480469,0.0
2014-02-05,78.55982971191406,0.0
2014-02-06,79.13961029052734,0.0
2014-02-07,78.65646362304688,0.0
2014-02-10,78.94635009765625,0.0
2014-02-11,77.6901626586914,0.0
2014-02-12,79.52613067626953,0.0
2014-02-13,79.91264343261719,0.0
2014-02-14,80.68568420410156,0.0
2014-02-17,80.68568420410156,0.0
2014-02-18,80.97557067871094,0.0
2014-02-19,81.16883087158203,0.0
2014-02-20,80.00927734375,0.0
2014-02-21,80.87894439697266,0.0
2014-02-24,79.91264343261719,0.0
2014-02-25,80.00927734375,0.0
2014-02-26,80.78231048583984,0.0
2014-02-27,81.16883087158203,0.0
2014-03-03,80.29916381835938,0.0
2014-03-04,80.00927734375,0.0
2014-03-05,80.2025375366211,0.0
2014-03-06,81.55535125732422,0.0
2014-03-07,81.8452377319336,0.0
2014-03-10,81.74861145019531,0.0
2014-03-11,81.36209106445312,0.0
2014-03-12,81.8452377319336,0.0
2014-03-13,83.19805145263672,0.0
2014-03-14,82.61827087402344,0.0
2014-03-17,83.77783203125,0.0
2014-03-18,83.10142517089844,0.0
2014-03-19,82.42501831054688,0.0
2014-03-20,81.55535125732422,0.0
2014-03-21,81.8452377319336,0.0
2014-03-24,83.10142517089844,0.0
2014-03-25,82.81153106689453,0.0
2014-03-26,83.10142517089844,0.0
2014-03-27,83.39131164550781,0.0
2014-03-28,83.39131164550781,0.0
2014-03-31,83.39131164550781,0.0
2014-04-01,83.294677734375,0.0
2014-04-02,83.294677734375,0.0
2014-04-03,83.294677734375,0.0
2014-04-07,83.39131164550781,0.0
2014-04-08,83.4879379272461,0.0
2014-04-09,83.5845718383789,0.0
2014-04-10,83.87445831298828,0.0
2014-04-11,83.19805145263672,0.0
2014-04-14,83.68119812011719,0.0
2014-04-15,84.26097869873047,0.0
2014-04-16,84.55086517333984,0.0
2014-04-17,84.93738555908203,0.0
2014-04-18,85.03401184082031,0.0
2014-04-21,84.93738555908203,0.0
2014-04-22,84.84075164794922,0.0
2014-04-23,85.6137924194336,0.0
2014-04-24,85.6137924194336,0.0
2014-04-25,84.06771850585938,0.0
2014-04-28,83.4879379272461,0.0
2014-04-29,84.84075164794922,0.0
2014-04-30,83.68119812011719,0.0
2014-05-02,85.80705261230469,0.0
2014-05-05,85.71041870117188,0.0
2014-05-06,86.00031280517578,0.0
2014-05-07,85.80705261230469,0.0
2014-05-08,86.09693908691406,0.0
2014-05-09,86.38682556152344,0.0
2014-05-12,84.74412536621094,0.0
2014-05-13,84.93738555908203,0.0
2014-05-14,85.2272720336914,0.0
2014-05-15,85.6137924194336,0.0
2014-05-16,85.80705261230469,0.0
2014-05-19,86.77334594726562,0.0
2014-05-20,87.54637908935547,0.0
2014-05-21,86.96660614013672,0.0
2014-05-22,88.8991928100586,0.0
2014-05-23,89.86549377441406,0.0
2014-05-26,89.38233947753906,0.0
2014-05-27,89.67223358154297,0.0
2014-05-28,90.25200653076172,0.0
2014-05-29,90.34864044189452,0.0
2014-05-30,89.28571319580078,0.0
2014-06-03,89.86549377441406,0.0
2014-06-04,89.96212005615234,0.0
2014-06-05,89.76885986328125,0.0
2014-06-06,90.05874633789062,0.0
2014-06-09,90.34864044189452,0.0
2014-06-10,90.92841339111328,0.0
2014-06-11,90.6385269165039,0.0
2014-06-12,90.25200653076172,0.0
2014-06-13,90.05874633789062,0.0
2014-06-16,89.57559967041016,0.0
2014-06-17,90.831787109375,0.0
2014-06-18,90.92841339111328,0.0
2014-06-19,90.7351531982422,0.0
2014-06-20,91.12167358398438,0.0
2014-06-23,94.3104476928711,0.0
2014-06-24,94.89022827148438,0.0
2014-06-25,93.24752807617188,0.0
2014-06-26,95.18011474609376,0.0
2014-06-27,95.27674865722656,0.0
2014-06-30,96.62956237792967,0.0
2014-07-01,98.56214904785156,0.0
2014-07-02,99.52845001220705,0.0
2014-07-03,100.49474334716795,0.0
2014-07-04,99.52845001220705,0.0
2014-07-07,100.0115966796875,0.0
2014-07-08,100.97789001464844,0.0
2014-07-09,101.4610366821289,0.0
2014-07-10,104.84307098388672,0.0
2014-07-11,105.3262176513672,0.0
2014-07-14,106.29251861572266,0.0
2014-07-15,107.2588119506836,0.0
2014-07-16,103.87677764892578,0.0
2014-07-17,102.91048431396484,0.0
2014-07-18,103.87677764892578,0.0
2014-07-21,106.77566528320312,0.0
2014-07-22,106.29251861572266,0.0
2014-07-23,106.29251861572266,0.0
2014-07-24,106.77566528320312,0.0
2014-07-25,104.35992431640624,0.0
2014-07-28,101.4610366821289,0.0
2014-07-29,101.4610366821289,0.0
2014-07-30,100.97789001464844,0.0
2014-07-31,100.0115966796875,0.0
2014-08-01,98.56214904785156,0.0
2014-08-04,101.94418334960938,0.0
2014-08-05,98.56214904785156,0.0
2014-08-06,100.0115966796875,0.0
2014-08-07,100.0115966796875,0.0
2014-08-08,99.04529571533205,0.0
2014-08-11,100.49474334716795,0.0
2014-08-12,100.97789001464844,0.0
2014-08-13,102.42733764648438,0.0
2014-08-14,105.3262176513672,0.0
2014-08-15,103.87677764892578,0.0
2014-08-18,103.87677764892578,0.0
2014-08-19,104.84307098388672,0.0
2014-08-20,104.84307098388672,0.0
2014-08-21,104.84307098388672,0.0
2014-08-22,106.29251861572266,0.0
2014-08-25,106.77566528320312,0.0
2014-08-26,106.29251861572266,0.0
2014-08-27,108.22510528564452,0.0
2014-08-28,110.38961029052734,1.739332
2014-08-29,110.38961029052734,0.0
2014-09-01,109.84848022460938,0.0
2014-09-02,108.7662353515625,0.0
2014-09-03,109.30735778808594,0.0
2014-09-04,108.11688232421876,0.0
2014-09-05,108.7662353515625,0.0
2014-09-09,110.38961029052734,0.0
2014-09-10,109.30735778808594,0.0
2014-09-11,108.22510528564452,0.0
2014-09-12,107.57575988769533,0.0
2014-09-15,109.30735778808594,0.0
2014-09-16,107.6839828491211,0.0
2014-09-17,109.30735778808594,0.0
2014-09-18,110.38961029052734,0.0
2014-09-19,109.30735778808594,0.0
2014-09-22,108.7662353515625,0.0
2014-09-23,108.7662353515625,0.0
2014-09-24,108.7662353515625,0.0
2014-09-25,108.22510528564452,0.0
2014-09-26,105.08657836914062,0.0
2014-09-29,105.6277084350586,0.0
2014-09-30,103.89610290527344,0.0
2014-10-01,106.4935073852539,0.0
2014-10-02,105.51947784423828,0.0
2014-10-03,107.467529296875,0.0
2014-10-06,106.60173034667967,0.0
2014-10-07,105.6277084350586,0.0
2014-10-08,104.65367889404295,0.0
2014-10-09,105.6277084350586,0.0
2014-10-13,103.67964935302734,0.0
2014-10-14,103.89610290527344,0.0
2014-10-15,101.1904754638672,0.0
2014-10-16,99.7835464477539,0.0
2014-10-17,96.32034301757812,0.0
2014-10-20,100.86579895019533,0.0
2014-10-21,101.1904754638672,0.0
2014-10-22,101.73159790039062,0.0
2014-10-23,102.81385040283205,0.0
2014-10-24,100.86579895019533,0.0
2014-10-27,101.73159790039062,0.0
2014-10-28,103.35498046875,0.0
2014-10-29,102.81385040283205,0.0
2014-10-30,103.03030395507812,0.0
2014-10-31,103.89610290527344,0.0
2014-11-03,106.16883087158205,0.0
2014-11-04,105.51947784423828,0.0
2014-11-05,106.2770538330078,0.0
2014-11-06,103.78787994384766,0.0
2014-11-07,104.22077941894533,0.0
2014-11-10,106.38528442382812,0.0
2014-11-11,105.73593139648438,0.0
2014-11-12,103.89610290527344,0.0
2014-11-13,106.06060791015624,0.0
2014-11-14,104.76190185546876,0.0
2014-11-17,103.46320343017578,0.0
2014-11-18,103.35498046875,0.0
2014-11-19,103.89610290527344,0.0
2014-11-20,104.65367889404295,0.0
2014-11-21,104.22077941894533,0.0
2014-11-24,104.43722534179688,0.0
2014-11-25,104.3290023803711,0.0
2014-11-26,105.30303192138672,0.0
2014-11-27,105.08657836914062,0.0
2014-11-28,104.97835540771484,0.0
2014-12-01,103.1385269165039,0.0
2014-12-02,100.32467651367188,0.0
2014-12-03,102.2727279663086,0.0
2014-12-04,103.1385269165039,0.0
2014-12-05,100.86579895019533,0.0
2014-12-08,99.45887756347656,0.0
2014-12-09,97.40259552001952,0.0
2014-12-10,96.96969604492188,0.0
2014-12-11,97.29437255859376,0.0
2014-12-12,96.96969604492188,0.0
2014-12-15,94.91342163085938,0.0
2014-12-16,93.07359313964844,0.0
2014-12-17,91.2337646484375,0.0
2014-12-18,91.77489471435548,0.0
2014-12-19,92.64069366455078,0.0
2014-12-22,95.23809814453124,0.0
2014-12-23,94.48052215576172,0.0
2014-12-24,95.02164459228516,0.0
2014-12-25,95.02164459228516,0.0
2014-12-26,95.23809814453124,0.0
2014-12-29,95.02164459228516,0.0
2014-12-30,95.02164459228516,0.0
2014-12-31,95.12986755371094,0.0
2015-01-05,94.3722915649414,0.0
2015-01-06,91.4502182006836,0.0
2015-01-07,92.20779418945312,0.0
2015-01-08,94.04762268066406,0.0
2015-01-09,93.61471557617188,0.0
2015-01-12,92.74891662597656,0.0
2015-01-13,93.39826965332033,0.0
2015-01-14,92.3160171508789,0.0
2015-01-15,91.77489471435548,0.0
2015-01-16,91.01731872558594,0.0
2015-01-19,90.58441162109376,0.0
2015-01-20,91.66666412353516,0.0
2015-01-21,92.3160171508789,0.0
2015-01-22,92.532470703125,0.0
2015-01-23,95.02164459228516,0.0
2015-01-26,96.10389709472656,0.0
2015-01-27,96.10389709472656,0.0
2015-01-28,95.12986755371094,0.0
2015-01-29,93.83116912841795,0.0
2015-01-30,93.83116912841795,0.0
2015-02-02,93.61471557617188,0.0
2015-02-03,94.5887451171875,0.0
2015-02-04,94.69696807861328,0.0
2015-02-05,94.48052215576172,0.0
2015-02-06,94.48052215576172,0.0
2015-02-09,94.15584564208984,0.0
2015-02-10,92.532470703125,0.0
2015-02-11,91.77489471435548,0.0
2015-02-12,93.29004669189452,0.0
2015-02-13,92.85713958740234,0.0
2015-02-24,92.85713958740234,0.0
2015-02-25,93.39826965332033,0.0
2015-02-26,94.26406860351562,0.0
2015-03-02,94.26406860351562,0.0
2015-03-03,93.39826965332033,0.0
2015-03-04,95.5627670288086,0.0
2015-03-05,95.77922058105467,0.0
2015-03-06,96.10389709472656,0.0
2015-03-09,95.02164459228516,0.0
2015-03-10,94.26406860351562,0.0
2015-03-11,94.48052215576172,0.0
2015-03-12,94.26406860351562,0.0
2015-03-13,95.23809814453124,0.0
2015-03-16,94.48052215576172,0.0
2015-03-17,94.48052215576172,0.0
2015-03-18,95.12986755371094,0.0
2015-03-19,98.59307098388672,0.0
2015-03-20,100.64935302734376,0.0
2015-03-23,101.1904754638672,0.0
2015-03-24,100.9740219116211,0.0
2015-03-25,102.1645050048828,0.0
2015-03-26,102.1645050048828,0.0
2015-03-27,100.64935302734376,0.0
2015-03-30,101.73159790039062,0.0
2015-03-31,99.13420104980467,0.0
2015-04-01,99.24242401123048,0.0
2015-04-02,100.86579895019533,0.0
2015-04-07,101.29869842529295,0.0
2015-04-08,101.40692901611328,0.0
2015-04-09,100.64935302734376,0.0
2015-04-10,100.75757598876952,0.0
2015-04-13,100.54112243652344,0.0
2015-04-14,101.51515197753906,0.0
2015-04-15,99.67532348632812,0.0
2015-04-16,100.9740219116211,0.0
2015-04-17,99.89177703857422,0.0
2015-04-20,100.43289947509766,0.0
2015-04-21,99.67532348632812,0.0
2015-04-22,99.56710052490234,0.0
2015-04-23,100.9740219116211,0.0
2015-04-24,102.38095092773438,0.0
2015-04-27,102.48917388916016,0.0
2015-04-28,101.29869842529295,0.0
2015-04-29,99.67532348632812,0.0
2015-04-30,99.56710052490234,0.0
2015-05-04,100.75757598876952,0.0
2015-05-05,100.75757598876952,0.0
2015-05-06,100.64935302734376,0.0
2015-05-07,99.67532348632812,0.0
2015-05-08,100.32467651367188,0.0
2015-05-11,100.86579895019533,0.0
2015-05-12,100.32467651367188,0.0
2015-05-13,102.2727279663086,0.0
2015-05-14,101.40692901611328,0.0
2015-05-15,100.75757598876952,0.0
2015-05-18,104.76190185546876,0.0
2015-05-19,106.4935073852539,0.0
2015-05-20,105.51947784423828,0.0
2015-05-21,104.97835540771484,0.0
2015-05-22,104.43722534179688,0.0
2015-05-25,104.87013244628906,0.0
2015-05-26,105.4112548828125,0.0
2015-05-27,105.4112548828125,0.0
2015-05-28,106.38528442382812,0.0
2015-05-29,107.25108337402344,0.0
2015-06-01,105.30303192138672,0.0
2015-06-02,105.84415435791016,0.0
2015-06-03,104.97835540771484,0.0
2015-06-04,102.2727279663086,0.0
2015-06-05,102.0562744140625,0.0
2015-06-08,102.70562744140624,0.0
2015-06-09,100.86579895019533,0.0
2015-06-10,103.46320343017578,0.0
2015-06-11,103.67964935302734,0.0
2015-06-12,102.81385040283205,0.0
2015-06-15,101.73159790039062,0.0
2015-06-16,102.59740447998048,0.0
2015-06-17,102.1645050048828,0.0
2015-06-18,102.38095092773438,0.0
2015-06-22,105.1948013305664,0.0
2015-06-23,105.08657836914062,0.0
2015-06-24,105.6277084350586,0.0
2015-06-25,107.14286041259766,0.0
2015-06-26,107.35930633544922,0.0
2015-06-29,104.87013244628906,0.0
2015-06-30,104.97835540771484,0.0
2015-07-01,106.06060791015624,0.0
2015-07-02,106.06060791015624,0.0
2015-07-03,105.30303192138672,0.0
2015-07-06,104.22077941894533,0.0
2015-07-07,105.30303192138672,0.0
2015-07-08,102.2727279663086,0.0
2015-07-09,101.0822525024414,0.0
2015-07-10,101.0822525024414,0.0
2015-07-13,104.11255645751952,0.0
2015-07-14,102.48917388916016,0.0
2015-07-15,103.57142639160156,0.0
2015-07-16,103.89610290527344,0.0
2015-07-17,102.9220733642578,0.0
2015-07-20,102.9220733642578,0.0
2015-07-21,104.22077941894533,0.0
2015-07-22,102.59740447998048,0.0
2015-07-23,97.9437255859375,0.0
2015-07-24,97.9437255859375,0.0
2015-07-27,97.51081848144533,0.0
2015-07-28,97.40259552001952,0.0
2015-07-29,99.02597045898438,0.0
2015-07-30,98.37662506103516,0.0
2015-07-31,98.16017150878906,0.0
2015-08-03,96.53679656982422,0.0
2015-08-04,96.8614730834961,0.0
2015-08-05,96.32034301757812,0.0
2015-08-06,95.77922058105467,0.0
2015-08-07,95.77922058105467,0.0
2015-08-10,95.77922058105467,0.0
2015-08-11,95.77922058105467,0.0
2015-08-12,93.61471557617188,0.0
2015-08-13,94.5887451171875,0.0
2015-08-14,95.99566650390624,0.0
2015-08-17,95.4545440673828,0.0
2015-08-18,95.5627670288086,0.0
2015-08-19,95.34632110595705,0.0
2015-08-20,94.5887451171875,0.0
2015-08-21,92.532470703125,0.0
2015-08-24,88.31169128417969,0.0
2015-08-25,91.99134063720705,0.0
2015-08-26,90.3679656982422,0.0
2015-08-27,91.55844116210938,0.0
2015-08-28,95.88744354248048,0.0
2015-08-31,100.10822296142578,0.0
2015-09-01,97.18614959716795,0.0
2015-09-02,98.05194854736328,0.0
2015-09-03,95.34091186523438,4.112555
2015-09-04,94.31818389892578,0.0
2015-09-07,94.2045440673828,0.0
2015-09-08,94.09091186523438,0.0
2015-09-09,97.15908813476562,0.0
2015-09-10,96.13636016845705,0.0
2015-09-11,96.25,0.0
2015-09-14,96.7045440673828,0.0
2015-09-15,96.25,0.0
2015-09-16,96.59091186523438,0.0
2015-09-17,97.15908813476562,0.0
2015-09-18,97.15908813476562,0.0
2015-09-21,95.68181610107422,0.0
2015-09-22,96.7045440673828,0.0
2015-09-23,95.56818389892578,0.0
2015-09-24,95.0,0.0
2015-09-25,95.7954559326172,0.0
2015-09-29,95.7954559326172,0.0
2015-09-30,97.2727279663086,0.0
2015-10-01,97.61363220214844,0.0
2015-10-02,97.38636016845705,0.0
2015-10-05,97.7272720336914,0.0
2015-10-06,98.18181610107422,0.0
2015-10-07,98.75,0.0
2015-10-08,98.5227279663086,0.0
2015-10-12,100.11363220214844,0.0
2015-10-13,99.43181610107422,0.0
2015-10-14,97.84091186523438,0.0
2015-10-15,98.5227279663086,0.0
2015-10-16,99.7727279663086,0.0
2015-10-19,99.65908813476562,0.0
2015-10-20,98.9772720336914,0.0
2015-10-21,98.18181610107422,0.0
2015-10-22,98.40908813476562,0.0
2015-10-23,99.31818389892578,0.0
2015-10-26,100.7954559326172,0.0
2015-10-27,100.68181610107422,0.0
2015-10-28,100.0,0.0
2015-10-29,98.63636016845705,0.0
2015-10-30,98.40908813476562,0.0
2015-11-02,99.31818389892578,0.0
2015-11-03,99.7727279663086,0.0
2015-11-04,100.7954559326172,0.0
2015-11-05,100.2272720336914,0.0
2015-11-06,98.40908813476562,0.0
2015-11-09,97.7272720336914,0.0
2015-11-10,96.0227279663086,0.0
2015-11-11,94.7727279663086,0.0
2015-11-12,95.34091186523438,0.0
2015-11-13,95.0,0.0
2015-11-16,94.09091186523438,0.0
2015-11-17,96.59091186523438,0.0
2015-11-18,96.36363220214844,0.0
2015-11-19,97.15908813476562,0.0
2015-11-20,97.7272720336914,0.0
2015-11-23,97.15908813476562,0.0
2015-11-24,95.7954559326172,0.0
2015-11-25,95.7954559326172,0.0
2015-11-26,97.0454559326172,0.0
2015-11-27,96.59091186523438,0.0
2015-11-30,95.4545440673828,0.0
2015-12-01,97.7272720336914,0.0
2015-12-02,97.38636016845705,0.0
2015-12-03,96.25,0.0
2015-12-04,95.68181610107422,0.0
2015-12-07,96.25,0.0
2015-12-08,95.34091186523438,0.0
2015-12-09,94.65908813476562,0.0
2015-12-10,94.2045440673828,0.0
2015-12-11,94.43181610107422,0.0
2015-12-14,91.81818389892578,0.0
2015-12-15,90.90908813476562,0.0
2015-12-16,91.13636016845705,0.0
2015-12-17,93.63636016845705,0.0
2015-12-18,92.2727279663086,0.0
2015-12-21,92.5,0.0
2015-12-22,91.7045440673828,0.0
2015-12-23,92.38636016845705,0.0
2015-12-24,92.7272720336914,0.0
2015-12-25,92.7272720336914,0.0
2015-12-28,92.0454559326172,0.0
2015-12-29,91.7045440673828,0.0
2015-12-30,91.93181610107422,0.0
2015-12-31,91.81818389892578,0.0
2016-01-04,89.7727279663086,0.0
2016-01-05,89.88636016845703,0.0
2016-01-06,89.7727279663086,0.0
2016-01-07,88.9772720336914,0.0
2016-01-08,88.63636016845703,0.0
2016-01-11,85.68181610107422,0.0
2016-01-12,86.70454406738281,0.0
2016-01-13,87.04545593261719,0.0
2016-01-14,86.36363220214844,0.0
2016-01-15,85.56818389892578,0.0
2016-01-18,85.11363220214844,0.0
2016-01-19,85.56818389892578,0.0
2016-01-20,83.06818389892578,0.0
2016-01-21,82.61363220214844,0.0
2016-01-22,85.0,0.0
2016-01-25,86.36363220214844,0.0
2016-01-26,85.79545593261719,0.0
2016-01-27,85.56818389892578,0.0
2016-01-28,85.34091186523438,0.0
2016-01-29,88.40908813476562,0.0
2016-02-01,90.34091186523438,0.0
2016-02-02,89.09091186523438,0.0
2016-02-03,87.04545593261719,0.0
2016-02-15,84.88636016845703,0.0
2016-02-16,87.04545593261719,0.0
2016-02-17,87.15908813476562,0.0
2016-02-18,88.29545593261719,0.0
2016-02-19,87.15908813476562,0.0
2016-02-22,87.15908813476562,0.0
2016-02-23,87.5,0.0
2016-02-24,86.93181610107422,0.0
2016-02-25,89.20454406738281,0.0
2016-02-26,88.63636016845703,0.0
2016-03-01,88.29545593261719,0.0
2016-03-02,90.34091186523438,0.0
2016-03-03,91.4772720336914,0.0
2016-03-04,94.2045440673828,0.0
2016-03-07,92.7272720336914,0.0
2016-03-08,94.31818389892578,0.0
2016-03-09,94.09091186523438,0.0
2016-03-10,94.31818389892578,0.0
2016-03-11,94.5454559326172,0.0
2016-03-14,95.4545440673828,0.0
2016-03-15,93.5227279663086,0.0
2016-03-16,94.31818389892578,0.0
2016-03-17,93.75,0.0
2016-03-18,95.4545440673828,0.0
2016-03-21,96.0227279663086,0.0
2016-03-22,95.7954559326172,0.0
2016-03-23,95.68181610107422,0.0
2016-03-24,96.0227279663086,0.0
2016-03-25,95.2272720336914,0.0
2016-03-28,96.0227279663086,0.0
2016-03-29,95.11363220214844,0.0
2016-03-30,95.11363220214844,0.0
2016-03-31,96.36363220214844,0.0
2016-04-01,94.31818389892578,0.0
2016-04-06,92.2727279663086,0.0
2016-04-07,92.61363220214844,0.0
2016-04-08,93.06818389892578,0.0
2016-04-11,92.2727279663086,0.0
2016-04-12,93.18181610107422,0.0
2016-04-13,95.11363220214844,0.0
2016-04-14,93.63636016845705,0.0
2016-04-15,94.2045440673828,0.0
2016-04-18,93.86363220214844,0.0
2016-04-19,92.61363220214844,0.0
2016-04-20,90.0,0.0
2016-04-21,91.25,0.0
2016-04-22,92.0454559326172,0.0
2016-04-25,91.25,0.0
2016-04-26,91.13636016845705,0.0
2016-04-27,90.34091186523438,0.0
2016-04-28,89.31818389892578,0.0
2016-04-29,87.61363220214844,0.0
2016-05-03,85.90908813476562,0.0
2016-05-04,86.0227279663086,0.0
2016-05-05,85.68181610107422,0.0
2016-05-06,83.86363220214844,0.0
2016-05-09,82.5,0.0
2016-05-10,85.0,0.0
2016-05-11,84.09091186523438,0.0
2016-05-12,83.29545593261719,0.0
2016-05-13,84.54545593261719,0.0
2016-05-16,84.09091186523438,0.0
2016-05-17,84.43181610107422,0.0
2016-05-18,84.54545593261719,0.0
2016-05-19,84.31818389892578,0.0
2016-05-20,84.09091186523438,0.0
2016-05-23,87.95454406738281,0.0
2016-05-24,86.81818389892578,0.0
2016-05-25,89.09091186523438,0.0
2016-05-26,88.75,0.0
2016-05-27,89.09091186523438,0.0
2016-05-30,90.34091186523438,0.0
2016-05-31,91.0227279663086,0.0
2016-06-01,91.59091186523438,0.0
2016-06-02,90.11363220214844,0.0
2016-06-03,90.90908813476562,0.0
2016-06-06,91.13636016845705,0.0
2016-06-07,92.15908813476562,0.0
2016-06-08,92.38636016845705,0.0
2016-06-13,89.31818389892578,0.0
2016-06-14,90.7954559326172,0.0
2016-06-15,91.13636016845705,0.0
2016-06-16,89.54545593261719,0.0
2016-06-17,90.11363220214844,0.0
2016-06-20,91.4772720336914,0.0
2016-06-21,91.7045440673828,0.0
2016-06-22,92.61363220214844,0.0
2016-06-23,94.2045440673828,0.0
2016-06-24,92.61363220214844,0.0
2016-06-27,93.18181610107422,0.0
2016-06-28,93.75,0.0
2016-06-29,93.75,0.0
2016-06-30,93.75,0.0
2016-07-01,93.9772720336914,0.0
2016-07-04,94.65908813476562,0.0
2016-07-05,94.31818389892578,0.0
2016-07-06,92.61363220214844,0.0
2016-07-07,93.2954559326172,0.0
2016-07-08,93.2954559326172,0.0
2016-07-11,93.75,0.0
2016-07-12,94.65908813476562,0.0
2016-07-13,94.88636016845705,0.0
2016-07-14,94.88636016845705,0.0
2016-07-15,96.0227279663086,0.0
2016-07-18,97.7272720336914,0.0
2016-07-19,97.9545440673828,0.0
2016-07-20,97.7272720336914,0.0
2016-07-21,99.31818389892578,0.0
2016-07-22,99.5454559326172,0.0
2016-07-25,99.5454559326172,0.0
2016-07-26,99.7727279663086,0.0
2016-07-27,101.13636016845705,0.0
2016-07-28,101.13636016845705,0.0
2016-07-29,99.88636016845705,0.0
2016-08-01,100.90908813476562,0.0
2016-08-02,100.56818389892578,0.0
2016-08-03,99.43181610107422,0.0
2016-08-04,100.0,0.0
2016-08-05,100.4545440673828,0.0
2016-08-08,102.2727279663086,0.0
2016-08-09,102.15908813476562,0.0
2016-08-10,102.2727279663086,0.0
2016-08-11,101.7045440673828,0.0
2016-08-12,97.9545440673828,0.0
2016-08-15,99.09091186523438,0.0
2016-08-16,97.9545440673828,0.0
2016-08-17,96.59091186523438,0.0
2016-08-18,97.38636016845705,0.0
2016-08-19,96.93181610107422,0.0
2016-08-22,97.0454559326172,0.0
2016-08-23,97.5,0.0
2016-08-24,98.86363220214844,0.0
2016-08-25,100.34091186523438,0.0
2016-08-26,100.56818389892578,0.0
2016-08-29,101.7045440673828,0.0
2016-08-30,101.25,0.0
2016-08-31,100.0,0.0
2016-09-01,99.43181610107422,0.0
2016-09-02,96.5,4.54545
2016-09-05,97.875,0.0
2016-09-06,99.625,0.0
2016-09-07,99.5,0.0
2016-09-08,98.25,0.0
2016-09-09,97.125,0.0
2016-09-12,97.125,0.0
2016-09-13,96.625,0.0
2016-09-14,97.125,0.0
2016-09-19,100.625,0.0
2016-09-20,100.25,0.0
2016-09-21,100.0,0.0
2016-09-22,99.625,0.0
2016-09-23,99.75,0.0
2016-09-26,98.75,0.0
2016-09-27,98.75,0.0
2016-09-28,98.75,0.0
2016-09-29,99.875,0.0
2016-09-30,99.0,0.0
2016-10-03,99.0,0.0
2016-10-04,99.375,0.0
2016-10-05,99.5,0.0
2016-10-06,100.25,0.0
2016-10-07,100.0,0.0
2016-10-11,101.375,0.0
2016-10-12,102.0,0.0
2016-10-13,102.25,0.0
2016-10-14,101.5,0.0
2016-10-17,102.375,0.0
2016-10-18,102.625,0.0
2016-10-19,103.0,0.0
2016-10-20,104.375,0.0
2016-10-21,105.375,0.0
2016-10-24,105.25,0.0
2016-10-25,107.125,0.0
2016-10-26,107.0,0.0
2016-10-27,106.75,0.0
2016-10-28,106.0,0.0
2016-10-31,106.625,0.0
2016-11-01,105.75,0.0
2016-11-02,103.25,0.0
2016-11-03,102.125,0.0
2016-11-04,102.5,0.0
2016-11-07,104.375,0.0
2016-11-08,103.75,0.0
2016-11-09,100.5,0.0
2016-11-10,101.875,0.0
2016-11-11,98.75,0.0
2016-11-14,98.75,0.0
2016-11-15,98.75,0.0
2016-11-16,98.75,0.0
2016-11-17,100.75,0.0
2016-11-18,101.125,0.0
2016-11-21,101.125,0.0
2016-11-22,101.5,0.0
2016-11-23,102.5,0.0
2016-11-24,101.375,0.0
2016-11-25,100.625,0.0
2016-11-28,101.625,0.0
2016-11-29,102.5,0.0
2016-11-30,102.5,0.0
2016-12-01,103.0,0.0
2016-12-02,102.125,0.0
2016-12-05,101.625,0.0
2016-12-06,102.875,0.0
2016-12-07,103.875,0.0
2016-12-08,106.0,0.0
2016-12-09,106.25,0.0
2016-12-12,104.25,0.0
2016-12-13,105.5,0.0
2016-12-14,104.625,0.0
2016-12-15,105.25,0.0
2016-12-16,104.5,0.0
2016-12-19,103.5,0.0
2016-12-20,104.625,0.0
2016-12-21,104.125,0.0
2016-12-22,103.5,0.0
2016-12-23,103.375,0.0
2016-12-26,104.125,0.0
2016-12-27,104.375,0.0
2016-12-28,105.0,0.0
2016-12-29,104.5,0.0
2016-12-30,105.25,0.0
2017-01-03,105.375,0.0
2017-01-04,105.25,0.0
2017-01-05,105.0,0.0
2017-01-06,104.75,0.0
2017-01-09,104.375,0.0
2017-01-10,105.0,0.0
2017-01-11,105.25,0.0
2017-01-12,105.375,0.0
2017-01-13,105.25,0.0
2017-01-16,104.375,0.0
2017-01-17,105.0,0.0
2017-01-18,104.125,0.0
2017-01-19,104.375,0.0
2017-01-20,104.25,0.0
2017-01-23,105.0,0.0
2017-01-24,104.625,0.0
2017-02-02,105.125,0.0
2017-02-03,104.625,0.0
2017-02-06,106.25,0.0
2017-02-07,107.25,0.0
2017-02-08,109.375,0.0
2017-02-09,111.125,0.0
2017-02-10,111.375,0.0
2017-02-13,112.375,0.0
2017-02-14,112.5,0.0
2017-02-15,113.625,0.0
2017-02-16,113.75,0.0
2017-02-17,112.5,0.0
2017-02-20,112.625,0.0
2017-02-21,113.125,0.0
2017-02-22,113.125,0.0
2017-02-23,112.875,0.0
2017-02-24,111.875,0.0
2017-03-01,111.25,0.0
2017-03-02,112.0,0.0
2017-03-03,111.0,0.0
2017-03-06,112.375,0.0
2017-03-07,113.125,0.0
2017-03-08,113.375,0.0
2017-03-09,111.625,0.0
2017-03-10,112.375,0.0
2017-03-13,112.5,0.0
2017-03-14,112.5,0.0
2017-03-15,112.625,0.0
2017-03-16,113.625,0.0
2017-03-17,114.25,0.0
2017-03-20,114.125,0.0
2017-03-21,114.375,0.0
2017-03-22,114.375,0.0
2017-03-23,114.125,0.0
2017-03-24,113.25,0.0
2017-03-27,113.125,0.0
2017-03-28,114.0,0.0
2017-03-29,114.375,0.0
2017-03-30,114.25,0.0
2017-03-31,113.75,0.0
2017-04-05,122.5,0.0
2017-04-06,121.625,0.0
2017-04-07,120.125,0.0
2017-04-10,120.625,0.0
2017-04-11,121.125,0.0
2017-04-12,121.625,0.0
2017-04-13,123.125,0.0
2017-04-14,120.875,0.0
2017-04-17,121.625,0.0
2017-04-18,121.25,0.0
2017-04-19,119.75,0.0
2017-04-20,120.0,0.0
2017-04-21,120.625,0.0
2017-04-24,121.25,0.0
2017-04-25,122.375,0.0
2017-04-26,122.75,0.0
2017-04-27,122.875,0.0
2017-04-28,123.5,0.0
2017-05-02,125.0,0.0
2017-05-03,125.625,0.0
2017-05-04,125.625,0.0
2017-05-05,125.0,0.0
2017-05-08,126.25,0.0
2017-05-09,130.0,0.0
2017-05-10,130.0,0.0
2017-05-11,130.0,0.0
2017-05-12,128.125,0.0
2017-05-15,130.0,0.0
2017-05-16,129.375,0.0
2017-05-17,128.75,0.0
2017-05-18,127.5,0.0
2017-05-19,126.875,0.0
2017-05-22,128.125,0.0
2017-05-23,130.0,0.0
2017-05-24,130.0,0.0
2017-05-25,131.25,0.0
2017-05-26,130.625,0.0
2017-05-31,128.75,0.0
2017-06-01,130.625,0.0
2017-06-02,131.875,0.0
2017-06-05,131.875,0.0
2017-06-06,131.25,0.0
2017-06-07,131.25,0.0
2017-06-08,131.25,0.0
2017-06-09,131.25,0.0
2017-06-12,127.5,0.0
2017-06-13,127.5,0.0
2017-06-14,127.5,0.0
2017-06-15,128.125,0.0
2017-06-16,131.25,0.0
2017-06-19,136.875,0.0
2017-06-20,143.125,0.0
2017-06-21,141.25,0.0
2017-06-22,140.625,0.0
2017-06-23,140.625,0.0
2017-06-26,150.0,0.0
2017-06-27,151.875,0.0
2017-06-28,147.5,0.0
2017-06-29,148.75,0.0
2017-06-30,146.25,0.0
2017-07-03,145.625,0.0
2017-07-04,141.25,0.0
2017-07-05,145.0,0.0
2017-07-06,144.375,0.0
2017-07-07,143.125,0.0
2017-07-10,144.375,0.0
2017-07-11,148.125,0.0
2017-07-12,148.125,0.0
2017-07-13,144.375,5.625
2017-07-14,144.375,0.0
2017-07-17,144.375,0.0
2017-07-18,146.25,0.0
2017-07-19,146.25,0.0
2017-07-20,145.625,0.0
2017-07-21,143.75,0.0
2017-07-24,145.0,0.0
2017-07-25,146.25,0.0
2017-07-26,144.375,0.0
2017-07-27,146.875,0.0
2017-07-28,146.875,0.0
2017-07-31,146.875,0.0
2017-08-01,145.625,0.0
2017-08-02,148.125,0.0
2017-08-03,148.75,0.0
2017-08-04,149.375,0.0
2017-08-07,151.875,0.0
2017-08-08,151.25,0.0
2017-08-09,147.5,0.0
2017-08-10,145.0,0.0
2017-08-11,145.625,0.0
2017-08-14,142.5,0.0
2017-08-15,144.375,0.0
2017-08-16,143.75,0.0
2017-08-17,145.0,0.0
2017-08-18,144.375,0.0
2017-08-21,143.75,0.0
2017-08-22,143.75,0.0
2017-08-23,143.75,0.0
2017-08-24,145.0,0.0
2017-08-25,145.0,0.0
2017-08-28,144.375,0.0
2017-08-29,144.375,0.0
2017-08-30,146.875,0.0
2017-08-31,146.875,0.0
2017-09-01,146.875,0.0
2017-09-04,145.625,0.0
2017-09-05,145.625,0.0
2017-09-06,144.375,0.0
2017-09-07,144.375,0.0
2017-09-08,146.25,0.0
2017-09-11,145.0,0.0
2017-09-12,146.25,0.0
2017-09-13,144.375,0.0
2017-09-14,143.125,0.0
2017-09-15,143.75,0.0
2017-09-18,142.5,0.0
2017-09-19,137.5,0.0
2017-09-20,133.125,0.0
2017-09-21,138.75,0.0
2017-09-22,135.0,0.0
2017-09-25,131.25,0.0
2017-09-26,129.375,0.0
2017-09-27,131.25,0.0
2017-09-28,130.625,0.0
2017-09-29,131.25,0.0
2017-10-02,133.75,0.0
2017-10-03,132.5,0.0
2017-10-05,132.5,0.0
2017-10-06,133.125,0.0
2017-10-11,133.75,0.0
2017-10-12,135.0,0.0
2017-10-13,135.0,0.0
2017-10-16,136.875,0.0
2017-10-17,138.125,0.0
2017-10-18,139.375,0.0
2017-10-19,141.25,0.0
2017-10-20,140.0,0.0
2017-10-23,136.875,0.0
2017-10-24,136.875,0.0
2017-10-25,138.75,0.0
2017-10-26,138.125,0.0
2017-10-27,137.5,0.0
2017-10-30,139.375,0.0
2017-10-31,140.0,0.0
2017-11-01,140.0,0.0
2017-11-02,140.625,0.0
2017-11-03,141.25,0.0
2017-11-06,141.25,0.0
2017-11-07,140.0,0.0
2017-11-08,138.75,0.0
2017-11-09,135.625,0.0
2017-11-10,134.375,0.0
2017-11-13,133.75,0.0
2017-11-14,132.5,0.0
2017-11-15,128.75,0.0
2017-11-16,130.0,0.0
2017-11-17,131.875,0.0
2017-11-20,130.0,0.0
2017-11-21,130.0,0.0
2017-11-22,130.0,0.0
2017-11-23,132.5,0.0
2017-11-24,130.625,0.0
2017-11-27,128.75,0.0
2017-11-28,128.125,0.0
2017-11-29,128.75,0.0
2017-11-30,125.0,0.0
2017-12-01,123.875,0.0
2017-12-04,123.75,0.0
2017-12-05,119.5,0.0
2017-12-06,116.25,0.0
2017-12-07,117.0,0.0
2017-12-08,117.0,0.0
2017-12-11,120.0,0.0
2017-12-12,117.625,0.0
2017-12-13,117.125,0.0
2017-12-14,118.625,0.0
2017-12-15,116.875,0.0
2017-12-18,117.0,0.0
2017-12-19,114.0,0.0
2017-12-20,115.875,0.0
2017-12-21,115.375,0.0
2017-12-22,116.125,0.0
2017-12-25,115.125,0.0
2017-12-26,114.0,0.0
2017-12-27,115.25,0.0
2017-12-28,117.875,0.0
2017-12-29,119.0,0.0
2018-01-02,118.75,0.0
2018-01-03,117.5,0.0
2018-01-04,115.75,0.0
2018-01-05,116.25,0.0
2018-01-08,114.75,0.0
2018-01-09,114.75,0.0
2018-01-10,113.5,0.0
2018-01-11,114.25,0.0
2018-01-12,114.75,0.0
2018-01-15,116.625,0.0
2018-01-16,116.75,0.0
2018-01-17,116.75,0.0
2018-01-18,117.25,0.0
2018-01-19,121.125,0.0
2018-01-22,120.75,0.0
2018-01-23,121.125,0.0
2018-01-24,119.875,0.0
2018-01-25,119.25,0.0
2018-01-26,119.25,0.0
2018-01-29,118.375,0.0
2018-01-30,117.0,0.0
2018-01-31,115.25,0.0
2018-02-01,116.875,0.0
2018-02-02,119.0,0.0
2018-02-05,116.0,0.0
2018-02-06,111.5,0.0
2018-02-07,112.5,0.0
2018-02-08,111.25,0.0
2018-02-09,109.375,0.0
2018-02-12,109.5,0.0
2018-02-21,110.25,0.0
2018-02-22,109.875,0.0
2018-02-23,111.125,0.0
2018-02-26,111.0,0.0
2018-02-27,110.125,0.0
2018-03-01,109.875,0.0
2018-03-02,109.75,0.0
2018-03-05,108.75,0.0
2018-03-06,110.25,0.0
2018-03-07,110.625,0.0
2018-03-08,111.75,0.0
2018-03-09,114.875,0.0
2018-03-12,117.875,0.0
2018-03-13,119.0,0.0
2018-03-14,116.625,0.0
2018-03-15,116.75,0.0
2018-03-16,116.0,0.0
2018-03-19,116.125,0.0
2018-03-20,115.75,0.0
2018-03-21,115.5,0.0
2018-03-22,116.0,0.0
2018-03-23,113.0,0.0
2018-03-26,112.75,0.0
2018-03-27,114.0,0.0
2018-03-28,112.625,0.0
2018-03-29,112.5,0.0
2018-03-30,114.25,0.0
2018-04-02,110.125,0.0
2018-04-03,109.0,0.0
2018-04-09,109.25,0.0
2018-04-10,108.75,0.0
2018-04-11,109.125,0.0
2018-04-12,108.5,0.0
2018-04-13,108.75,0.0
2018-04-16,109.5,0.0
2018-04-17,108.125,0.0
2018-04-18,106.0,0.0
2018-04-19,106.25,0.0
2018-04-20,105.0,0.0
2018-04-23,103.75,0.0
2018-04-24,100.75,0.0
2018-04-25,100.5,0.0
2018-04-26,100.75,0.0
2018-04-27,101.875,0.0
2018-04-30,103.625,0.0
2018-05-02,102.25,0.0
2018-05-03,100.125,0.0
2018-05-04,100.5,0.0
2018-05-07,102.0,0.0
2018-05-08,103.25,0.0
2018-05-09,102.25,0.0
2018-05-10,103.625,0.0
2018-05-11,106.25,0.0
2018-05-14,111.25,0.0
2018-05-15,107.5,0.0
2018-05-16,105.75,0.0
2018-05-17,105.25,0.0
2018-05-18,104.875,0.0
2018-05-21,106.25,0.0
2018-05-22,105.0,0.0
2018-05-23,104.5,0.0
2018-05-24,105.125,0.0
2018-05-25,108.125,0.0
2018-05-28,111.0,0.0
2018-05-29,109.5,0.0
2018-05-30,109.25,0.0
2018-05-31,107.125,0.0
2018-06-01,108.25,0.0
2018-06-04,109.75,0.0
2018-06-05,110.125,0.0
2018-06-06,111.375,0.0
2018-06-07,114.0,0.0
2018-06-08,110.375,0.0
2018-06-11,109.25,0.0
2018-06-12,109.625,0.0
2018-06-13,109.75,0.0
2018-06-14,106.875,0.0
2018-06-15,106.25,0.0
2018-06-19,103.75,0.0
2018-06-20,103.75,0.0
2018-06-21,103.375,0.0
2018-06-22,102.875,0.0
2018-06-25,101.875,0.0
2018-06-26,101.25,0.0
2018-06-27,101.125,0.0
2018-06-28,100.625,0.0
2018-06-29,104.0,0.0
2018-07-02,101.25,0.0
2018-07-03,100.875,0.0
2018-07-04,102.0,0.0
2018-07-05,101.5,0.0
2018-07-06,100.625,0.0
2018-07-09,101.0,0.0
2018-07-10,100.625,0.0
2018-07-11,102.0,0.0
2018-07-12,101.5,0.0
2018-07-13,103.625,0.0
2018-07-16,103.5,0.0
2018-07-17,103.625,0.0
2018-07-18,105.125,0.0
2018-07-19,106.5,0.0
2018-07-20,106.625,0.0
2018-07-23,106.875,0.0
2018-07-24,106.5,0.0
2018-07-25,103.375,2.5
2018-07-26,104.375,0.0
2018-07-27,104.0,0.0
2018-07-30,105.25,0.0
2018-07-31,104.75,0.0
2018-08-01,105.125,0.0
2018-08-02,103.5,0.0
2018-08-03,104.75,0.0
2018-08-06,105.75,0.0
2018-08-07,105.5,0.0
2018-08-08,106.25,0.0
2018-08-09,106.5,0.0
2018-08-10,107.375,0.0
2018-08-13,104.75,0.0
2018-08-14,101.625,0.0
2018-08-15,101.375,0.0
2018-08-16,101.5,0.0
2018-08-17,101.375,0.0
2018-08-20,101.25,0.0
2018-08-21,101.25,0.0
2018-08-22,102.125,0.0
2018-08-23,102.25,0.0
2018-08-24,101.375,0.0
2018-08-27,101.25,0.0
2018-08-28,101.5,0.0
2018-08-29,101.75,0.0
2018-08-30,101.125,0.0
2018-08-31,100.625,0.0
2018-09-03,100.125,0.0
2018-09-04,100.125,0.0
2018-09-05,100.125,0.0
2018-09-06,99.125,0.0
2018-09-07,97.125,0.0
2018-09-10,93.875,0.0
2018-09-11,97.125,0.0
2018-09-12,96.25,0.0
2018-09-13,95.0,0.0
2018-09-14,97.375,0.0
2018-09-17,97.25,0.0
2018-09-18,94.75,0.0
2018-09-19,95.5,0.0
2018-09-20,94.5,0.0
2018-09-21,94.75,0.0
2018-09-25,95.125,0.0
2018-09-26,96.625,0.0
2018-09-27,98.375,0.0
2018-09-28,99.0,0.0
2018-10-01,99.875,0.0
2018-10-02,97.625,0.0
2018-10-03,97.25,0.0
2018-10-04,95.25,0.0
2018-10-05,94.5,0.0
2018-10-08,94.375,0.0
2018-10-09,94.125,0.0
2018-10-11,87.625,0.0
2018-10-12,89.875,0.0
2018-10-15,88.125,0.0
2018-10-16,88.0,0.0
2018-10-17,85.125,0.0
2018-10-18,85.125,0.0
2018-10-19,85.125,0.0
2018-10-22,85.125,0.0
2018-10-23,85.125,0.0
2018-10-24,85.125,0.0
2018-10-25,85.125,0.0
2018-10-26,76.19999694824219,0.0
2018-10-29,75.5,0.0
2018-10-30,76.4000015258789,0.0
2018-10-31,78.80000305175781,0.0
2018-11-01,79.9000015258789,0.0
2018-11-02,81.0,0.0
2018-11-05,80.0,0.0
2018-11-06,77.30000305175781,0.0
2018-11-07,77.9000015258789,0.0
2018-11-08,76.5999984741211,0.0
2018-11-09,76.0999984741211,0.0
2018-11-12,76.19999694824219,0.0
2018-11-13,74.4000015258789,0.0
2018-11-14,73.30000305175781,0.0
2018-11-15,74.5,0.0
2018-11-16,74.30000305175781,0.0
2018-11-19,73.4000015258789,0.0
2018-11-20,71.0,0.0
2018-11-21,70.5999984741211,0.0
2018-11-22,69.5,0.0
2018-11-23,70.0,0.0
2018-11-26,71.0,0.0
2018-11-27,70.69999694824219,0.0
2018-11-28,73.0999984741211,0.0
2018-11-29,72.4000015258789,0.0
2018-11-30,71.9000015258789,0.0
2018-12-03,74.0,0.0
2018-12-04,73.4000015258789,0.0
2018-12-05,71.5999984741211,0.0
2018-12-06,69.0,0.0
2018-12-07,69.0999984741211,0.0
2018-12-10,67.69999694824219,0.0
2018-12-11,68.4000015258789,0.0
2018-12-12,71.19999694824219,0.0
2018-12-13,73.0,0.0
2018-12-14,71.5,0.0
2018-12-17,71.0999984741211,0.0
2018-12-18,70.80000305175781,0.0
2018-12-19,71.80000305175781,0.0
2018-12-20,71.5,0.0
2018-12-21,71.4000015258789,0.0
2018-12-24,71.4000015258789,0.0
2018-12-25,70.69999694824219,0.0
2018-12-26,70.19999694824219,0.0
2018-12-27,70.80000305175781,0.0
2018-12-28,70.80000305175781,0.0
2019-01-02,70.0999984741211,0.0
2019-01-03,68.9000015258789,0.0
2019-01-04,67.5999984741211,0.0
2019-01-07,69.30000305175781,0.0
2019-01-08,68.5999984741211,0.0
2019-01-09,69.9000015258789,0.0
2019-01-10,69.30000305175781,0.0
2019-01-11,69.4000015258789,0.0
2019-01-14,68.69999694824219,0.0
2019-01-15,70.30000305175781,0.0
2019-01-16,70.19999694824219,0.0
2019-01-17,70.4000015258789,0.0
2019-01-18,70.80000305175781,0.0
2019-01-21,71.19999694824219,0.0
2019-01-22,70.69999694824219,0.0
2019-01-23,69.69999694824219,0.0
2019-01-24,70.0,0.0
2019-01-25,70.69999694824219,0.0
2019-01-28,70.80000305175781,0.0
2019-01-29,69.9000015258789,0.0
2019-01-30,70.0,0.0
2019-02-11,69.9000015258789,0.0
2019-02-12,72.0,0.0
2019-02-13,72.0,0.0
2019-02-14,71.4000015258789,0.0
2019-02-15,70.30000305175781,0.0
2019-02-18,71.0,0.0
2019-02-19,72.0,0.0
2019-02-20,73.19999694824219,0.0
2019-02-21,73.80000305175781,0.0
2019-02-22,73.5,0.0
2019-02-25,73.4000015258789,0.0
2019-02-26,72.80000305175781,0.0
2019-02-27,72.69999694824219,0.0
2019-03-04,72.19999694824219,0.0
2019-03-05,71.9000015258789,0.0
2019-03-06,72.5,0.0
2019-03-07,71.5999984741211,0.0
2019-03-08,70.69999694824219,0.0
2019-03-11,70.4000015258789,0.0
2019-03-12,71.19999694824219,0.0
2019-03-13,70.69999694824219,0.0
2019-03-14,71.0999984741211,0.0
2019-03-15,70.5999984741211,0.0
2019-03-18,72.0,0.0
2019-03-19,72.30000305175781,0.0
2019-03-20,72.4000015258789,0.0
2019-03-21,73.0,0.0
2019-03-22,73.0,0.0
2019-03-25,71.19999694824219,0.0
2019-03-26,71.80000305175781,0.0
2019-03-27,71.9000015258789,0.0
2019-03-28,71.80000305175781,0.0
2019-03-29,73.5,0.0
2019-04-01,80.80000305175781,0.0
2019-04-02,82.0,0.0
2019-04-03,81.9000015258789,0.0
2019-04-08,82.4000015258789,0.0
2019-04-09,82.5,0.0
2019-04-10,83.0,0.0
2019-04-11,83.80000305175781,0.0
2019-04-12,86.5,0.0
2019-04-15,89.30000305175781,0.0
2019-04-16,89.9000015258789,0.0
2019-04-17,91.8000030517578,0.0
2019-04-18,91.5999984741211,0.0
2019-04-19,88.9000015258789,0.0
2019-04-22,87.80000305175781,0.0
2019-04-23,88.30000305175781,0.0
2019-04-24,86.9000015258789,0.0
2019-04-25,86.80000305175781,0.0
2019-04-26,87.4000015258789,0.0
2019-04-29,87.80000305175781,0.0
2019-04-30,86.9000015258789,0.0
2019-05-02,86.9000015258789,0.0
2019-05-03,88.19999694824219,0.0
2019-05-06,84.9000015258789,0.0
2019-05-07,86.5999984741211,0.0
2019-05-08,85.9000015258789,0.0
2019-05-09,84.30000305175781,0.0
2019-05-10,83.69999694824219,0.0
2019-05-13,81.19999694824219,0.0
2019-05-14,79.69999694824219,0.0
2019-05-15,77.80000305175781,0.0
2019-05-16,75.9000015258789,0.0
2019-05-17,74.69999694824219,0.0
2019-05-20,75.0,0.0
2019-05-21,75.0,0.0
2019-05-22,74.0,0.0
2019-05-23,71.5,0.0
2019-05-24,71.4000015258789,0.0
2019-05-27,71.4000015258789,0.0
2019-05-28,71.19999694824219,0.0
2019-05-29,72.19999694824219,0.0
2019-05-30,73.4000015258789,0.0
2019-05-31,73.9000015258789,0.0
2019-06-03,73.4000015258789,0.0
2019-06-04,71.80000305175781,0.0
2019-06-05,71.0,0.0
2019-06-06,71.0999984741211,0.0
2019-06-10,72.0999984741211,0.0
2019-06-11,72.4000015258789,0.0
2019-06-12,73.69999694824219,0.0
2019-06-13,74.19999694824219,0.0
2019-06-14,75.0999984741211,0.0
2019-06-17,76.4000015258789,0.0
2019-06-18,75.9000015258789,0.0
2019-06-19,77.19999694824219,0.0
2019-06-20,77.69999694824219,0.0
2019-06-21,76.80000305175781,0.0
2019-06-24,77.0999984741211,0.0
2019-06-25,76.4000015258789,0.0
2019-06-26,76.30000305175781,0.0
2019-06-27,77.4000015258789,0.0
2019-06-28,77.4000015258789,0.0
2019-07-01,79.4000015258789,0.0
2019-07-02,79.0999984741211,0.0
2019-07-03,77.5,0.0
2019-07-04,77.69999694824219,0.0
2019-07-05,78.19999694824219,0.0
2019-07-08,79.0,0.0
2019-07-09,77.9000015258789,0.0
2019-07-10,77.9000015258789,0.0
2019-07-11,78.19999694824219,0.0
2019-07-12,77.5999984741211,0.0
2019-07-15,78.0999984741211,0.0
2019-07-16,80.0,0.0
2019-07-17,79.30000305175781,0.0
2019-07-18,79.0,0.0
2019-07-19,79.30000305175781,0.0
2019-07-22,80.5999984741211,0.0
2019-07-23,80.9000015258789,0.0
2019-07-24,81.30000305175781,0.0
2019-07-25,78.5999984741211,4.0
2019-07-26,78.4000015258789,0.0
2019-07-29,78.4000015258789,0.0
2019-07-30,77.80000305175781,0.0
2019-07-31,78.5999984741211,0.0
2019-08-01,77.9000015258789,0.0
2019-08-02,75.5,0.0
2019-08-05,72.80000305175781,0.0
2019-08-06,73.30000305175781,0.0
2019-08-07,72.9000015258789,0.0
2019-08-08,73.0999984741211,0.0
2019-08-12,73.69999694824219,0.0
2019-08-13,72.9000015258789,0.0
2019-08-14,72.5999984741211,0.0
2019-08-15,71.5999984741211,0.0
2019-08-16,72.0,0.0
2019-08-19,72.4000015258789,0.0
2019-08-20,72.4000015258789,0.0
2019-08-21,73.5,0.0
2019-08-22,73.9000015258789,0.0
2019-08-23,73.30000305175781,0.0
2019-08-26,72.0,0.0
2019-08-27,72.19999694824219,0.0
2019-08-28,72.4000015258789,0.0
2019-08-29,71.9000015258789,0.0
2019-08-30,74.19999694824219,0.0
2019-09-02,74.0,0.0
2019-09-03,73.5999984741211,0.0
2019-09-04,74.30000305175781,0.0
2019-09-05,74.9000015258789,0.0
2019-09-06,75.0,0.0
2019-09-10,74.0999984741211,0.0
2019-09-11,74.5,0.0
2019-09-12,76.0,0.0
2019-09-16,76.0,0.0
2019-09-17,74.5999984741211,0.0
2019-09-18,74.4000015258789,0.0
2019-09-19,73.5,0.0
2019-09-20,74.5,0.0
2019-09-23,74.69999694824219,0.0
2019-09-24,74.9000015258789,0.0
2019-09-25,74.80000305175781,0.0
2019-09-26,74.0,0.0
2019-09-27,73.19999694824219,0.0
2019-10-01,72.5999984741211,0.0
2019-10-02,72.30000305175781,0.0
2019-10-03,72.0,0.0
2019-10-04,72.69999694824219,0.0
2019-10-07,73.4000015258789,0.0
2019-10-08,74.0,0.0
2019-10-09,72.9000015258789,0.0
2019-10-14,74.5,0.0
2019-10-15,74.69999694824219,0.0
2019-10-16,75.0,0.0
2019-10-17,77.19999694824219,0.0
2019-10-18,76.9000015258789,0.0
2019-10-21,77.5999984741211,0.0
2019-10-22,79.5,0.0
2019-10-23,80.5,0.0
2019-10-24,80.5,0.0
2019-10-25,80.19999694824219,0.0
2019-10-28,80.0999984741211,0.0
2019-10-29,80.80000305175781,0.0
2019-10-30,80.19999694824219,0.0
2019-10-31,80.5999984741211,0.0
2019-11-01,84.80000305175781,0.0
2019-11-04,89.0,0.0
2019-11-05,90.0,0.0
2019-11-06,90.4000015258789,0.0
2019-11-07,90.8000030517578,0.0
2019-11-08,90.9000015258789,0.0
2019-11-11,87.9000015258789,0.0
2019-11-12,91.0,0.0
2019-11-13,89.69999694824219,0.0
2019-11-14,89.30000305175781,0.0
2019-11-15,90.0999984741211,0.0
2019-11-18,90.5,0.0
2019-11-19,92.8000030517578,0.0
2019-11-20,91.9000015258789,0.0
2019-11-21,92.5,0.0
2019-11-22,91.4000015258789,0.0
2019-11-25,89.5999984741211,0.0
2019-11-26,89.9000015258789,0.0
2019-11-27,90.5999984741211,0.0
2019-11-28,89.80000305175781,0.0
2019-11-29,88.5,0.0
2019-12-02,88.5999984741211,0.0
2019-12-03,90.0,0.0
2019-12-04,89.5,0.0
2019-12-05,89.9000015258789,0.0
2019-12-06,90.5,0.0
2019-12-09,91.0,0.0
2019-12-10,90.3000030517578,0.0
2019-12-11,91.3000030517578,0.0
2019-12-12,91.0,0.0
2019-12-13,91.0,0.0
2019-12-16,91.5999984741211,0.0
2019-12-17,91.5999984741211,0.0
2019-12-18,92.4000015258789,0.0
2019-12-19,92.1999969482422,0.0
2019-12-20,91.0999984741211,0.0
2019-12-23,91.5,0.0
2019-12-24,90.9000015258789,0.0
2019-12-25,91.0,0.0
2019-12-26,90.8000030517578,0.0
2019-12-27,91.5,0.0
2019-12-30,90.9000015258789,0.0
2019-12-31,90.8000030517578,0.0
2020-01-02,90.8000030517578,0.0
2020-01-03,91.5999984741211,0.0
2020-01-06,90.5,0.0
2020-01-07,89.0999984741211,0.0
2020-01-08,86.5,0.0
2020-01-09,87.0999984741211,0.0
2020-01-10,89.0,0.0
2020-01-13,89.5999984741211,0.0
2020-01-14,90.0,0.0
2020-01-15,89.9000015258789,0.0
2020-01-16,90.0,0.0
2020-01-17,92.3000030517578,0.0
2020-01-20,92.3000030517578,0.0
2020-01-30,83.0999984741211,0.0
2020-01-31,83.19999694824219,0.0
2020-02-03,82.19999694824219,0.0
2020-02-04,82.19999694824219,0.0
2020-02-05,82.19999694824219,0.0
2020-02-06,83.5999984741211,0.0
2020-02-07,82.9000015258789,0.0
2020-02-10,82.0,0.0
2020-02-11,82.9000015258789,0.0
2020-02-12,85.5,0.0
2020-02-13,84.69999694824219,0.0
2020-02-14,84.9000015258789,0.0
2020-02-17,83.9000015258789,0.0
2020-02-18,83.4000015258789,0.0
2020-02-19,83.80000305175781,0.0
2020-02-20,82.80000305175781,0.0
2020-02-21,81.69999694824219,0.0
2020-02-24,80.69999694824219,0.0
2020-02-25,82.30000305175781,0.0
2020-02-26,81.0999984741211,0.0
2020-02-27,80.30000305175781,0.0
2020-03-02,79.19999694824219,0.0
2020-03-03,81.0,0.0
2020-03-04,81.69999694824219,0.0
2020-03-05,82.69999694824219,0.0
2020-03-06,80.80000305175781,0.0
2020-03-09,79.0999984741211,0.0
2020-03-10,79.4000015258789,0.0
2020-03-11,78.5999984741211,0.0
2020-03-12,74.69999694824219,0.0
2020-03-13,74.5999984741211,0.0
2020-03-16,71.0999984741211,0.0
2020-03-17,70.5999984741211,0.0
2020-03-18,70.0,0.0
2020-03-19,66.30000305175781,0.0
2020-03-20,70.80000305175781,0.0
2020-03-23,67.5,0.0
2020-03-24,69.4000015258789,0.0
2020-03-25,71.4000015258789,0.0
2020-03-26,71.0,0.0
2020-03-27,70.0999984741211,0.0
2020-03-30,70.0,0.0
2020-03-31,69.9000015258789,0.0
2020-04-01,70.0,0.0
2020-04-06,70.19999694824219,0.0
2020-04-07,71.19999694824219,0.0
2020-04-08,75.0,0.0
2020-04-09,74.0,0.0
2020-04-10,73.9000015258789,0.0
2020-04-13,73.0999984741211,0.0
2020-04-14,74.4000015258789,0.0
2020-04-15,74.0999984741211,0.0
2020-04-16,74.0,0.0
2020-04-17,75.80000305175781,0.0
2020-04-20,76.19999694824219,0.0
2020-04-21,73.5,0.0
2020-04-22,73.9000015258789,0.0
2020-04-23,74.0,0.0
2020-04-24,73.80000305175781,0.0
2020-04-27,74.9000015258789,0.0
2020-04-28,75.19999694824219,0.0
2020-04-29,75.5999984741211,0.0
2020-04-30,77.0,0.0
2020-05-04,74.5,0.0
2020-05-05,74.0999984741211,0.0
2020-05-06,74.30000305175781,0.0
2020-05-07,75.19999694824219,0.0
2020-05-08,76.19999694824219,0.0
2020-05-11,78.9000015258789,0.0
2020-05-12,77.30000305175781,0.0
2020-05-13,78.80000305175781,0.0
2020-05-14,78.19999694824219,0.0
2020-05-15,77.0999984741211,0.0
2020-05-18,75.0,0.0
2020-05-19,74.80000305175781,0.0
2020-05-20,74.5,0.0
2020-05-21,74.69999694824219,0.0
2020-05-22,73.5999984741211,0.0
2020-05-25,73.5999984741211,0.0
2020-05-26,74.80000305175781,0.0
2020-05-27,75.30000305175781,0.0
2020-05-28,75.30000305175781,0.0
2020-05-29,75.80000305175781,0.0
2020-06-01,76.19999694824219,0.0
2020-06-02,77.0999984741211,0.0
2020-06-03,78.0999984741211,0.0
2020-06-04,78.4000015258789,0.0
2020-06-05,78.5,0.0
2020-06-08,79.69999694824219,0.0
2020-06-09,79.5,0.0
2020-06-10,79.9000015258789,0.0
2020-06-11,78.5999984741211,0.0
2020-06-12,78.0,0.0
2020-06-15,77.0,0.0
2020-06-16,78.4000015258789,0.0
2020-06-17,78.19999694824219,0.0
2020-06-18,78.5,0.0
2020-06-19,78.80000305175781,0.0
2020-06-22,78.9000015258789,0.0
2020-06-23,80.19999694824219,0.0
2020-06-24,83.5,0.0
2020-06-29,85.19999694824219,0.0
2020-06-30,86.30000305175781,0.0
2020-07-01,85.9000015258789,0.0
2020-07-02,86.0,0.0
2020-07-03,85.30000305175781,0.0
2020-07-06,86.4000015258789,0.0
2020-07-07,87.0,0.0
2020-07-08,87.0,0.0
2020-07-09,86.19999694824219,0.0
2020-07-10,84.80000305175781,0.0
2020-07-13,86.69999694824219,0.0
2020-07-14,86.30000305175781,0.0
2020-07-15,86.5999984741211,0.0
2020-07-16,87.5999984741211,0.0
2020-07-17,88.0,0.0
2020-07-20,86.80000305175781,0.0
2020-07-21,85.30000305175781,0.0
2020-07-22,85.9000015258789,0.0
2020-07-23,82.0999984741211,4.2
2020-07-24,80.0,0.0
2020-07-27,78.0,0.0
2020-07-28,78.4000015258789,0.0
2020-07-29,78.0,0.0
2020-07-30,78.0,0.0
2020-07-31,78.4000015258789,0.0
2020-08-03,77.0999984741211,0.0
2020-08-04,78.0999984741211,0.0
2020-08-05,77.9000015258789,0.0
2020-08-06,79.0,0.0
2020-08-07,78.30000305175781,0.0
2020-08-10,80.5,0.0
2020-08-11,79.80000305175781,0.0
2020-08-12,81.4000015258789,0.0
2020-08-13,79.5,0.0
2020-08-14,80.4000015258789,0.0
2020-08-17,80.19999694824219,0.0
2020-08-18,79.80000305175781,0.0
2020-08-19,79.30000305175781,0.0
2020-08-20,77.0999984741211,0.0
2020-08-21,78.19999694824219,0.0
2020-08-24,77.5999984741211,0.0
2020-08-25,78.30000305175781,0.0
2020-08-26,78.19999694824219,0.0
2020-08-27,77.5,0.0
2020-08-28,77.5,0.0
2020-08-31,76.9000015258789,0.0
2020-09-01,77.0,0.0
2020-09-02,77.80000305175781,0.0
2020-09-03,77.69999694824219,0.0
2020-09-04,76.9000015258789,0.0
2020-09-07,77.30000305175781,0.0
2020-09-08,77.5,0.0
2020-09-09,77.9000015258789,0.0
2020-09-10,78.5,0.0
2020-09-11,78.5,0.0
2020-09-14,79.4000015258789,0.0
2020-09-15,79.0999984741211,0.0
2020-09-16,78.80000305175781,0.0
2020-09-17,78.0999984741211,0.0
2020-09-18,77.5999984741211,0.0
2020-09-21,77.4000015258789,0.0
2020-09-22,76.80000305175781,0.0
2020-09-23,76.69999694824219,0.0
2020-09-24,75.0,0.0
2020-09-25,74.30000305175781,0.0
2020-09-28,76.9000015258789,0.0
2020-09-29,77.0,0.0
2020-09-30,77.4000015258789,0.0
2020-10-05,77.69999694824219,0.0
2020-10-06,77.80000305175781,0.0
2020-10-07,77.4000015258789,0.0
2020-10-08,78.0,0.0
2020-10-12,78.69999694824219,0.0
2020-10-13,78.9000015258789,0.0
2020-10-14,78.0,0.0
2020-10-15,78.0999984741211,0.0
2020-10-16,78.5999984741211,0.0
2020-10-19,81.30000305175781,0.0
2020-10-20,81.4000015258789,0.0
2020-10-21,80.4000015258789,0.0
2020-10-22,80.80000305175781,0.0
2020-10-23,80.69999694824219,0.0
2020-10-26,80.19999694824219,0.0
2020-10-27,80.0,0.0
2020-10-28,78.30000305175781,0.0
2020-10-29,78.0,0.0
2020-10-30,77.5,0.0
2020-11-02,78.30000305175781,0.0
2020-11-03,78.30000305175781,0.0
2020-11-04,78.80000305175781,0.0
2020-11-05,79.0,0.0
2020-11-06,79.69999694824219,0.0
2020-11-09,81.19999694824219,0.0
2020-11-10,80.80000305175781,0.0
2020-11-11,81.5999984741211,0.0
2020-11-12,81.9000015258789,0.0
2020-11-13,81.4000015258789,0.0
2020-11-16,82.5999984741211,0.0
2020-11-17,83.0,0.0
2020-11-18,83.19999694824219,0.0
2020-11-19,82.9000015258789,0.0
2020-11-20,82.5,0.0
2020-11-23,82.9000015258789,0.0
2020-11-24,82.0,0.0
2020-11-25,82.0,0.0
2020-11-26,83.0,0.0
2020-11-27,82.5999984741211,0.0
2020-11-30,82.30000305175781,0.0
2020-12-01,82.9000015258789,0.0
2020-12-02,82.69999694824219,0.0
2020-12-03,82.0,0.0
2020-12-04,82.9000015258789,0.0
2020-12-07,87.9000015258789,0.0
2020-12-08,87.5999984741211,0.0
2020-12-09,89.0,0.0
2020-12-10,87.69999694824219,0.0
2020-12-11,87.5999984741211,0.0
2020-12-14,87.69999694824219,0.0
2020-12-15,87.0999984741211,0.0
2020-12-16,88.19999694824219,0.0
2020-12-17,87.80000305175781,0.0
2020-12-18,87.69999694824219,0.0
2020-12-21,88.0,0.0
2020-12-22,87.69999694824219,0.0
2020-12-23,88.80000305175781,0.0
2020-12-24,89.5999984741211,0.0
2020-12-25,91.8000030517578,0.0
2020-12-28,91.8000030517578,0.0
2020-12-29,90.4000015258789,0.0
2020-12-30,91.5999984741211,0.0
2020-12-31,92.0,0.0
2021-01-04,99.9000015258789,0.0
2021-01-05,104.0,0.0
2021-01-06,105.0,0.0
2021-01-07,107.0,0.0
2021-01-08,108.0,0.0
2021-01-11,107.5,0.0
2021-01-12,104.0,0.0
2021-01-13,106.5,0.0
2021-01-14,116.0,0.0
2021-01-15,115.5,0.0
2021-01-18,114.0,0.0
2021-01-19,115.0,0.0
2021-01-20,114.5,0.0
2021-01-21,117.0,0.0
2021-01-22,121.5,0.0
2021-01-25,123.0,0.0
2021-01-26,122.0,0.0
2021-01-27,123.0,0.0
2021-01-28,118.5,0.0
2021-01-29,111.5,0.0
2021-02-01,113.0,0.0
2021-02-02,116.5,0.0
2021-02-03,116.5,0.0
2021-02-04,114.0,0.0
2021-02-05,113.5,0.0
2021-02-17,114.0,0.0
2021-02-18,113.0,0.0
2021-02-19,110.0,0.0
2021-02-22,111.0,0.0
2021-02-23,111.5,0.0
2021-02-24,110.5,0.0
2021-02-25,116.5,0.0
2021-02-26,112.0,0.0
2021-03-02,112.0,0.0
2021-03-03,115.5,0.0
2021-03-04,114.5,0.0
2021-03-05,115.0,0.0
2021-03-08,113.5,0.0
2021-03-09,115.0,0.0
2021-03-10,115.5,0.0
2021-03-11,117.0,0.0
2021-03-12,120.0,0.0
2021-03-15,121.0,0.0
2021-03-16,123.0,0.0
2021-03-17,126.0,0.0
2021-03-18,129.5,0.0
2021-03-19,123.5,0.0
2021-03-22,130.0,0.0
2021-03-23,130.5,0.0
2021-03-24,128.0,0.0
2021-03-25,126.5,0.0
2021-03-26,126.5,0.0
2021-03-29,128.5,0.0
2021-03-30,129.5,0.0
2021-03-31,124.0,0.0
2021-04-01,121.5,0.0
2021-04-07,123.5,0.0
2021-04-08,122.5,0.0
2021-04-09,120.0,0.0
2021-04-12,120.5,0.0
2021-04-13,122.5,0.0
2021-04-14,121.5,0.0
2021-04-15,121.0,0.0
2021-04-16,123.5,0.0
2021-04-19,121.5,0.0
2021-04-20,122.0,0.0
2021-04-21,120.0,0.0
2021-04-22,117.5,0.0
2021-04-23,119.0,0.0
2021-04-26,117.5,0.0
2021-04-27,118.5,0.0
2021-04-28,117.0,0.0
2021-04-29,116.0,0.0
2021-05-03,112.5,0.0
2021-05-04,108.5,0.0
2021-05-05,110.0,0.0
2021-05-06,112.5,0.0
2021-05-07,117.5,0.0
2021-05-10,113.0,0.0
2021-05-11,107.0,0.0
2021-05-12,102.0,0.0
2021-05-13,103.0,0.0
2021-05-14,104.5,0.0
2021-05-17,98.1999969482422,0.0
2021-05-18,107.0,0.0
2021-05-19,105.0,0.0
2021-05-20,106.0,0.0
2021-05-21,109.5,0.0
2021-05-24,109.5,0.0
2021-05-25,112.0,0.0
2021-05-26,111.5,0.0
2021-05-27,109.5,0.0
2021-05-28,111.0,0.0
2021-05-31,113.5,0.0
2021-06-01,114.5,0.0
2021-06-02,112.0,0.0
2021-06-03,111.0,0.0
2021-06-04,112.0,0.0
2021-06-07,110.5,0.0
2021-06-08,110.5,0.0
2021-06-09,109.5,0.0
2021-06-10,110.5,0.0
2021-06-11,113.5,0.0
2021-06-15,113.0,0.0
2021-06-16,111.5,0.0
2021-06-17,113.0,0.0
2021-06-18,111.5,0.0
2021-06-21,108.5,0.0
2021-06-22,108.5,0.0
2021-06-23,111.5,0.0
2021-06-24,113.0,0.0
2021-06-25,113.0,0.0
2021-06-28,111.5,0.0
2021-06-29,111.5,0.0
2021-06-30,112.0,0.0
2021-07-01,112.0,0.0
2021-07-02,111.5,0.0
2021-07-05,117.0,0.0
2021-07-06,116.5,0.0
2021-07-07,115.0,0.0
2021-07-08,115.5,0.0
2021-07-09,114.0,0.0
2021-07-12,115.0,0.0
2021-07-13,116.5,0.0
2021-07-14,116.0,0.0
2021-07-15,119.5,0.0
2021-07-16,119.5,0.0
2021-07-19,116.5,0.0
2021-07-20,114.5,0.0
2021-07-21,112.5,0.0
2021-07-22,110.5,4.0
2021-07-23,110.5,0.0
2021-07-26,110.0,0.0
2021-07-27,111.5,0.0
2021-07-28,110.5,0.0
2021-07-29,111.0,0.0
2021-07-30,110.0,0.0
2021-08-02,113.0,0.0
2021-08-03,111.5,0.0
2021-08-04,112.0,0.0
2021-08-05,112.0,0.0
2021-08-06,112.5,0.0
2021-08-09,112.0,0.0
2021-08-10,108.5,0.0
2021-08-11,109.0,0.0
2021-08-12,109.0,0.0
2021-08-13,109.0,0.0
2021-08-16,107.5,0.0
2021-08-17,107.5,0.0
2021-08-18,107.0,0.0
2021-08-19,103.0,0.0
2021-08-20,104.5,0.0
2021-08-23,107.5,0.0
2021-08-24,109.0,0.0
2021-08-25,108.5,0.0
2021-08-26,107.5,0.0
2021-08-27,108.0,0.0
2021-08-30,109.0,0.0
2021-08-31,111.0,0.0
2021-09-01,111.0,0.0
2021-09-02,111.5,0.0
2021-09-03,112.5,0.0
2021-09-06,111.0,0.0
2021-09-07,108.5,0.0
2021-09-08,107.5,0.0
2021-09-09,107.0,0.0
2021-09-10,108.0,0.0
2021-09-13,106.5,0.0
2021-09-14,107.5,0.0
2021-09-15,108.5,0.0
2021-09-16,107.5,0.0
2021-09-17,108.5,0.0
2021-09-22,107.0,0.0
2021-09-23,106.5,0.0
2021-09-24,107.5,0.0
2021-09-27,107.5,0.0
2021-09-28,106.5,0.0
2021-09-29,105.0,0.0
2021-09-30,105.0,0.0
2021-10-01,103.0,0.0
2021-10-04,103.0,0.0
2021-10-05,101.5,0.0
2021-10-06,103.0,0.0
2021-10-07,107.0,0.0
2021-10-08,108.0,0.0
2021-10-12,105.0,0.0
2021-10-13,105.5,0.0
2021-10-14,106.5,0.0
2021-10-15,109.5,0.0
2021-10-18,107.5,0.0
2021-10-19,107.0,0.0
2021-10-20,107.5,0.0
2021-10-21,108.0,0.0
2021-10-22,107.5,0.0
2021-10-25,108.0,0.0
2021-10-26,109.0,0.0
2021-10-27,108.0,0.0
2021-10-28,108.5,0.0
2021-10-29,107.0,0.0
2021-11-01,106.5,0.0
2021-11-02,107.5,0.0
2021-11-03,107.5,0.0
2021-11-04,108.0,0.0
2021-11-05,109.0,0.0
2021-11-08,107.5,0.0
2021-11-09,108.0,0.0
2021-11-10,109.0,0.0
2021-11-11,107.5,0.0
2021-11-12,109.0,0.0
2021-11-15,108.0,0.0
2021-11-16,108.0,0.0
2021-11-17,107.0,0.0
2021-11-18,107.0,0.0
2021-11-19,106.5,0.0
2021-11-22,106.5,0.0
2021-11-23,106.0,0.0
2021-11-24,105.5,0.0
2021-11-25,105.0,0.0
2021-11-26,103.5,0.0
2021-11-29,103.5,0.0
2021-11-30,103.5,0.0
2021-12-01,105.5,0.0
2021-12-02,105.0,0.0
2021-12-03,105.0,0.0
2021-12-06,106.5,0.0
2021-12-07,106.0,0.0
2021-12-08,105.0,0.0
2021-12-09,106.0,0.0
2021-12-10,105.0,0.0
2021-12-13,104.5,0.0
2021-12-14,104.5,0.0
2021-12-15,105.0,0.0
2021-12-16,103.5,0.0
2021-12-17,103.5,0.0
2021-12-20,103.0,0.0
2021-12-21,104.5,0.0
2021-12-22,103.5,0.0
2021-12-23,104.0,0.0
2021-12-24,104.0,0.0
2021-12-27,104.5,0.0
2021-12-28,105.5,0.0
2021-12-29,105.0,0.0
2021-12-30,104.0,0.0
2022-01-03,103.0,0.0
2022-01-04,103.5,0.0
2022-01-05,109.0,0.0
2022-01-06,107.0,0.0
2022-01-07,106.5,0.0
2022-01-10,104.5,0.0
2022-01-11,104.5,0.0
2022-01-12,104.5,0.0
2022-01-13,105.5,0.0
2022-01-14,103.5,0.0
2022-01-17,103.5,0.0
2022-01-18,103.5,0.0
2022-01-19,103.5,0.0
2022-01-20,103.0,0.0
2022-01-21,102.0,0.0
2022-01-24,103.0,0.0
2022-01-25,103.0,0.0
2022-01-26,102.0,0.0
2022-02-07,103.0,0.0
2022-02-08,105.5,0.0
2022-02-09,106.5,0.0
2022-02-10,106.5,0.0
2022-02-11,106.0,0.0
2022-02-14,104.0,0.0
2022-02-15,104.0,0.0
2022-02-16,105.5,0.0
2022-02-17,106.0,0.0
2022-02-18,105.5,0.0
2022-02-21,106.0,0.0
2022-02-22,104.5,0.0
2022-02-23,105.0,0.0
2022-02-24,102.5,0.0
2022-02-25,103.0,0.0
2022-03-01,104.5,0.0
2022-03-02,104.5,0.0
2022-03-03,104.5,0.0
2022-03-04,105.0,0.0
2022-03-07,102.5,0.0
2022-03-08,101.5,0.0
2022-03-09,101.5,0.0
2022-03-10,103.0,0.0
2022-03-11,103.5,0.0
2022-03-14,102.5,0.0
2022-03-15,101.0,0.0
2022-03-16,101.5,0.0
2022-03-17,104.0,0.0
2022-03-18,106.0,0.0
2022-03-21,104.5,0.0
2022-03-22,104.0,0.0
2022-03-23,105.5,0.0
2022-03-24,106.5,0.0
2022-03-25,106.0,0.0
2022-03-28,106.0,0.0
2022-03-29,105.5,0.0
2022-03-30,105.5,0.0
2022-03-31,106.0,0.0
2022-04-01,104.5,0.0
2022-04-06,105.0,0.0
2022-04-07,103.0,0.0
2022-04-08,103.0,0.0
2022-04-11,102.0,0.0
2022-04-12,102.0,0.0
2022-04-13,104.0,0.0
2022-04-14,104.0,0.0
2022-04-15,103.0,0.0
2022-04-18,102.5,0.0
2022-04-19,102.0,0.0
2022-04-20,103.0,0.0
2022-04-21,103.0,0.0
2022-04-22,103.5,0.0
2022-04-25,100.5,0.0
2022-04-26,101.0,0.0
2022-04-27,100.0,0.0
2022-04-28,101.5,0.0
2022-04-29,102.0,0.0
2022-05-03,102.5,0.0
2022-05-04,104.0,0.0
2022-05-05,104.5,0.0
2022-05-06,104.0,0.0
2022-05-09,104.0,0.0
2022-05-10,104.0,0.0
2022-05-11,103.0,0.0
2022-05-12,102.0,0.0
2022-05-13,104.0,0.0
2022-05-16,104.5,0.0
2022-05-17,105.0,0.0
2022-05-18,107.0,0.0
2022-05-19,107.5,0.0
2022-05-20,107.0,0.0
2022-05-23,108.0,0.0
2022-05-24,108.0,0.0
2022-05-25,109.5,0.0
2022-05-26,109.0,0.0
2022-05-27,110.0,0.0
2022-05-30,110.5,0.0
2022-05-31,113.0,0.0
2022-06-01,114.5,0.0
2022-06-02,114.0,0.0
2022-06-06,115.5,0.0
2022-06-07,113.5,0.0
2022-06-08,114.0,0.0
2022-06-09,115.5,0.0
2022-06-10,114.0,0.0
2022-06-13,111.5,0.0
2022-06-14,111.5,0.0
2022-06-15,112.0,0.0
2022-06-16,111.5,0.0
2022-06-17,109.5,0.0
2022-06-20,109.0,0.0
2022-06-21,112.0,0.0
2022-06-22,109.5,0.0
2022-06-23,108.0,0.0
2022-06-24,110.0,0.0
2022-06-27,111.0,0.0
2022-06-28,112.0,0.0
2022-06-29,111.0,0.0
2022-06-30,109.0,0.0
2022-07-01,106.0,0.0
2022-07-04,100.0,5.2
2022-07-05,102.5,0.0
2022-07-06,100.5,0.0
2022-07-07,103.5,0.0
2022-07-08,102.0,0.0
2022-07-11,101.0,0.0
2022-07-12,100.5,0.0
2022-07-13,102.5,0.0
2022-07-14,105.0,0.0
2022-07-15,105.0,0.0
2022-07-18,105.0,0.0
2022-07-19,104.0,0.0
2022-07-20,103.5,0.0
2022-07-21,105.5,0.0
2022-07-22,106.0,0.0
2022-07-25,107.5,0.0
2022-07-26,108.0,0.0
2022-07-27,108.0,0.0
2022-07-28,108.5,0.0
2022-07-29,109.0,0.0
2022-08-01,109.0,0.0
2022-08-02,108.0,0.0
2022-08-03,108.5,0.0
2022-08-04,108.0,0.0
2022-08-05,108.0,0.0
2022-08-08,108.0,0.0
2022-08-09,109.0,0.0
2022-08-10,110.0,0.0
2022-08-11,113.0,0.0
2022-08-12,112.5,0.0
2022-08-15,112.0,0.0
2022-08-16,111.0,0.0
2022-08-17,112.5,0.0
2022-08-18,112.0,0.0
2022-08-19,111.0,0.0
2022-08-22,110.0,0.0
2022-08-23,110.0,0.0
2022-08-24,109.5,0.0
2022-08-25,109.5,0.0
2022-08-26,110.5,0.0
2022-08-29,108.0,0.0
2022-08-30,108.5,0.0
2022-08-31,109.0,0.0
2022-09-01,107.5,0.0
2022-09-02,107.5,0.0
2022-09-05,108.0,0.0
2022-09-06,108.5,0.0
2022-09-07,106.0,0.0
2022-09-08,107.0,0.0
2022-09-12,108.5,0.0
2022-09-13,110.0,0.0
2022-09-14,107.5,0.0
2022-09-15,108.0,0.0
2022-09-16,107.5,0.0
2022-09-19,107.0,0.0
2022-09-20,108.5,0.0
2022-09-21,107.0,0.0
2022-09-22,107.0,0.0
2022-09-23,106.5,0.0
2022-09-26,104.0,0.0
2022-09-27,103.5,0.0
2022-09-28,100.5,0.0
2022-09-29,101.5,0.0
2022-09-30,102.0,0.0
2022-10-03,101.0,0.0
2022-10-04,102.5,0.0
2022-10-05,107.0,0.0
2022-10-06,107.5,0.0
2022-10-07,107.5,0.0
2022-10-11,104.0,0.0
2022-10-12,103.0,0.0
2022-10-13,103.5,0.0
2022-10-14,105.0,0.0
2022-10-17,105.0,0.0
2022-10-18,103.5,0.0
2022-10-19,103.0,0.0
2022-10-20,102.5,0.0
2022-10-21,103.5,0.0
2022-10-24,103.0,0.0
2022-10-25,103.5,0.0
2022-10-26,104.0,0.0
2022-10-27,104.0,0.0
2022-10-28,104.0,0.0
2022-10-31,102.5,0.0
2022-11-01,101.5,0.0
2022-11-02,102.0,0.0
2022-11-03,101.0,0.0
2022-11-04,100.5,0.0
2022-11-07,100.0,0.0
2022-11-08,100.0,0.0
2022-11-09,102.5,0.0
2022-11-10,100.5,0.0
2022-11-11,100.0,0.0
2022-11-14,101.5,0.0
2022-11-15,101.5,0.0
2022-11-16,101.5,0.0
2022-11-17,101.5,0.0
2022-11-18,100.5,0.0
2022-11-21,100.0,0.0
2022-11-22,100.5,0.0
2022-11-23,100.5,0.0
2022-11-24,101.0,0.0
2022-11-25,100.5,0.0
2022-11-28,100.0,0.0
2022-11-29,100.0,0.0
2022-11-30,100.5,0.0
2022-12-01,103.0,0.0
2022-12-02,105.5,0.0
2022-12-05,105.5,0.0
2022-12-06,103.0,0.0
2022-12-07,102.0,0.0
2022-12-08,101.5,0.0
2022-12-09,102.0,0.0
2022-12-12,102.0,0.0
2022-12-13,101.0,0.0
2022-12-14,102.5,0.0
2022-12-15,101.5,0.0
2022-12-16,100.5,0.0
2022-12-19,101.5,0.0
2022-12-20,100.0,0.0
2022-12-21,100.0,0.0
2022-12-22,101.0,0.0
2022-12-23,101.0,0.0
2022-12-26,101.0,0.0
2022-12-27,100.5,0.0
2022-12-28,100.5,0.0
2022-12-29,99.6999969482422,0.0
2022-12-30,99.9000015258789,0.0
2023-01-03,99.0999984741211,0.0
2023-01-04,98.0999984741211,0.0
2023-01-05,98.0,0.0
2023-01-06,98.4000015258789,0.0
2023-01-09,99.0999984741211,0.0
2023-01-10,99.4000015258789,0.0
2023-01-11,99.0999984741211,0.0
2023-01-12,98.5999984741211,0.0
2023-01-13,98.5999984741211,0.0
2023-01-16,98.0999984741211,0.0
2023-01-17,98.0999984741211,0.0
2023-01-30,98.0999984741211,0.0
2023-01-31,99.6999969482422,0.0
2023-02-01,100.0,0.0
2023-02-02,100.0,0.0
2023-02-03,99.5999984741211,0.0
2023-02-06,101.5,0.0
2023-02-07,100.5,0.0
2023-02-08,100.5,0.0
2023-02-09,101.0,0.0
2023-02-10,101.5,0.0
2023-02-13,101.0,0.0
2023-02-14,102.0,0.0
2023-02-15,102.5,0.0
2023-02-16,103.5,0.0
2023-02-17,103.5,0.0
2023-02-20,103.0,0.0
2023-02-21,102.5,0.0
2023-02-22,102.0,0.0
2023-02-23,103.0,0.0
2023-02-24,101.0,0.0
2023-03-01,102.0,0.0
2023-03-02,102.5,0.0
2023-03-03,102.5,0.0
2023-03-06,103.5,0.0
2023-03-07,105.0,0.0
2023-03-08,104.0,0.0
2023-03-09,102.5,0.0
2023-03-10,102.0,0.0
2023-03-13,103.0,0.0
2023-03-14,102.0,0.0
2023-03-15,102.5,0.0
2023-03-16,102.0,0.0
2023-03-17,103.5,0.0
2023-03-20,102.5,0.0
2023-03-21,103.5,0.0
2023-03-22,103.5,0.0
2023-03-23,103.5,0.0
2023-03-24,105.5,0.0
2023-03-27,103.5,0.0
2023-03-28,103.0,0.0
2023-03-29,103.5,0.0
2023-03-30,104.5,0.0
2023-03-31,104.0,0.0
2023-04-06,103.5,0.0
2023-04-07,103.0,0.0
2023-04-10,103.0,0.0
2023-04-11,103.5,0.0
2023-04-12,102.5,0.0
2023-04-13,103.0,0.0
2023-04-14,104.5,0.0
2023-04-17,104.0,0.0
2023-04-18,104.5,0.0
2023-04-19,104.0,0.0
2023-04-20,104.5,0.0
2023-04-21,104.0,0.0
2023-04-24,103.5,0.0
2023-04-25,103.0,0.0
2023-04-26,103.5,0.0
2023-04-27,103.5,0.0
2023-04-28,104.5,0.0
2023-05-02,106.0,0.0
2023-05-03,105.5,0.0
2023-05-04,105.0,0.0
2023-05-05,105.0,0.0
2023-05-08,105.0,0.0
2023-05-09,106.5,0.0
2023-05-10,106.5,0.0
2023-05-11,105.0,0.0
2023-05-12,102.5,0.0
2023-05-15,102.0,0.0
2023-05-16,102.0,0.0
2023-05-17,102.5,0.0
2023-05-18,103.0,0.0
2023-05-19,103.0,0.0
2023-05-22,103.0,0.0
2023-05-23,102.5,0.0
2023-05-24,103.0,0.0
2023-05-25,102.5,0.0
2023-05-26,102.5,0.0
2023-05-29,105.5,0.0
2023-05-30,107.0,0.0
2023-05-31,106.5,0.0
2023-06-01,108.0,0.0
2023-06-02,108.0,0.0
2023-06-05,107.5,0.0
2023-06-06,107.0,0.0
2023-06-07,108.0,0.0
2023-06-08,107.0,0.0
2023-06-09,108.0,0.0
2023-06-12,110.5,0.0
2023-06-13,112.5,0.0
2023-06-14,112.5,0.0
2023-06-15,111.5,0.0
2023-06-16,111.0,0.0
2023-06-19,112.5,0.0
2023-06-20,112.5,0.0
2023-06-21,113.0,0.0
2023-06-26,115.5,0.0
2023-06-27,114.0,0.0
2023-06-28,115.0,0.0
2023-06-29,113.0,0.0
2023-06-30,113.0,0.0
2023-07-03,115.0,0.0
2023-07-04,110.0,5.3
2023-07-05,108.5,0.0
2023-07-06,105.5,0.0
2023-07-07,105.5,0.0
2023-07-10,104.5,0.0
2023-07-11,105.0,0.0
2023-07-12,107.5,0.0
2023-07-13,107.0,0.0
2023-07-14,109.5,0.0
2023-07-17,110.5,0.0
2023-07-18,112.0,0.0
2023-07-19,108.5,0.0
2023-07-20,108.0,0.0
2023-07-21,107.5,0.0
2023-07-24,108.0,0.0
2023-07-25,112.0,0.0
2023-07-26,111.5,0.0
2023-07-27,110.5,0.0
2023-07-28,109.5,0.0
2023-07-31,108.5,0.0
2023-08-01,110.5,0.0
2023-08-02,108.0,0.0
2023-08-04,111.0,0.0
2023-08-07,109.5,0.0
2023-08-08,110.5,0.0
2023-08-09,110.5,0.0
2023-08-10,110.0,0.0
2023-08-11,108.5,0.0
2023-08-14,110.0,0.0
2023-08-15,107.0,0.0
2023-08-16,105.5,0.0
2023-08-17,106.5,0.0
2023-08-18,106.0,0.0
2023-08-21,106.0,0.0
2023-08-22,106.5,0.0
2023-08-23,106.5,0.0
2023-08-24,109.5,0.0
2023-08-25,108.0,0.0
2023-08-28,108.0,0.0
2023-08-29,106.0,0.0
2023-08-30,106.0,0.0
2023-08-31,106.5,0.0
2023-09-01,107.5,0.0
2023-09-04,106.5,0.0
2023-09-05,107.0,0.0
2023-09-06,106.0,0.0
2023-09-07,105.5,0.0
2023-09-08,106.0,0.0
2023-09-11,105.0,0.0
2023-09-12,107.5,0.0
2023-09-13,106.0,0.0
2023-09-14,106.5,0.0
2023-09-15,106.0,0.0
2023-09-18,106.5,0.0
2023-09-19,106.5,0.0
2023-09-20,106.0,0.0
2023-09-21,105.0,0.0
2023-09-22,105.0,0.0
2023-09-25,105.5,0.0
2023-09-26,104.0,0.0
2023-09-27,104.0,0.0
2023-09-28,104.0,0.0
2023-10-02,104.5,0.0
2023-10-03,104.0,0.0
2023-10-04,103.0,0.0
2023-10-05,103.5,0.0
2023-10-06,105.5,0.0
2023-10-11,106.0,0.0
2023-10-12,107.0,0.0
2023-10-13,107.5,0.0
2023-10-16,107.0,0.0
2023-10-17,106.5,0.0
2023-10-18,105.5,0.0
2023-10-19,103.5,0.0
2023-10-20,103.5,0.0
2023-10-23,100.5,0.0
2023-10-24,98.3000030517578,0.0
2023-10-25,99.0,0.0
2023-10-26,98.5,0.0
2023-10-27,98.1999969482422,0.0
2023-10-30,94.5,0.0
2023-10-31,96.5,0.0
2023-11-01,95.5999984741211,0.0
2023-11-02,97.0,0.0
2023-11-03,95.8000030517578,0.0
2023-11-06,96.4000015258789,0.0
2023-11-07,96.0999984741211,0.0
2023-11-08,97.0,0.0
2023-11-09,97.9000015258789,0.0
2023-11-10,97.1999969482422,0.0
2023-11-13,97.6999969482422,0.0
2023-11-14,100.0,0.0
2023-11-15,100.5,0.0
2023-11-16,101.0,0.0
2023-11-17,102.5,0.0
2023-11-20,101.0,0.0
2023-11-21,102.5,0.0
2023-11-22,102.0,0.0
2023-11-23,101.5,0.0
2023-11-24,101.5,0.0
2023-11-27,101.5,0.0
2023-11-28,102.5,0.0
2023-11-29,102.0,0.0
2023-11-30,101.5,0.0
2023-12-01,100.5,0.0
2023-12-04,101.0,0.0
2023-12-05,101.0,0.0
2023-12-06,101.0,0.0
2023-12-07,101.0,0.0
2023-12-08,101.5,0.0
2023-12-11,101.0,0.0
2023-12-12,101.0,0.0
2023-12-13,101.0,0.0
2023-12-14,102.0,0.0
2023-12-15,101.5,0.0
2023-12-18,102.0,0.0
2023-12-19,102.5,0.0
2023-12-20,104.5,0.0
2023-12-21,103.5,0.0
2023-12-22,103.5,0.0
2023-12-25,103.5,0.0
2023-12-26,104.0,0.0
2023-12-27,103.5,0.0
2023-12-28,104.0,0.0
2023-12-29,104.5,0.0
2024-01-02,105.0,0.0
2024-01-03,104.5,0.0
2024-01-04,104.0,0.0
2024-01-05,104.0,0.0
2024-01-08,101.5,0.0
2024-01-09,101.0,0.0
2024-01-10,100.0,0.0
2024-01-11,100.5,0.0
2024-01-12,100.5,0.0
2024-01-15,100.0,0.0
2024-01-16,100.0,0.0
2024-01-17,98.5999984741211,0.0
2024-01-18,99.9000015258789,0.0
2024-01-19,100.5,0.0
2024-01-22,99.9000015258789,0.0
2024-01-23,101.0,0.0
2024-01-24,100.5,0.0
2024-01-25,102.0,0.0
2024-01-26,102.5,0.0
2024-01-29,102.5,0.0
2024-01-30,102.0,0.0
2024-01-31,102.5,0.0
2024-02-01,103.0,0.0
2024-02-02,102.0,0.0
2024-02-05,101.5,0.0
2024-02-15,101.0,0.0
2024-02-16,101.5,0.0
2024-02-19,103.0,0.0
2024-02-20,103.5,0.0
2024-02-21,103.0,0.0
2024-02-22,103.5,0.0
2024-02-23,103.0,0.0
2024-02-26,103.5,0.0
2024-02-27,103.5,0.0
2024-02-29,103.0,0.0
2024-03-01,102.0,0.0
2024-03-04,106.5,0.0
2024-03-05,106.5,0.0
2024-03-06,106.5,0.0
2024-03-07,107.5,0.0
2024-03-08,105.0,0.0
2024-03-11,109.5,0.0
2024-03-12,119.0,0.0
2024-03-13,120.5,0.0
2024-03-14,121.0,0.0
2024-03-15,132.0,0.0
2024-03-18,136.0,0.0
2024-03-19,136.0,0.0
2024-03-20,138.0,0.0
2024-03-21,142.5,0.0
2024-03-22,145.5,0.0
2024-03-25,145.5,0.0
2024-03-26,142.0,0.0
2024-03-27,148.5,0.0
2024-03-28,155.5,0.0
2024-03-29,151.5,0.0
2024-04-01,150.5,0.0
2024-04-02,159.0,0.0
2024-04-03,159.0,0.0
2024-04-08,158.0,0.0
2024-04-09,158.0,0.0
2024-04-10,154.5,0.0
2024-04-11,150.0,0.0
2024-04-12,150.5,0.0
2024-04-15,146.0,0.0
2024-04-16,141.0,0.0
2024-04-17,146.5,0.0
2024-04-18,148.0,0.0
2024-04-19,143.0,0.0
2024-04-22,143.0,0.0
2024-04-23,144.0,0.0
2024-04-24,156.0,0.0
2024-04-25,151.5,0.0
2024-04-26,155.0,0.0
2024-04-29,158.5,0.0
2024-04-30,156.0,0.0
2024-05-02,154.0,0.0
2024-05-03,156.0,0.0
2024-05-06,167.5,0.0
2024-05-07,169.5,0.0
2024-05-08,169.5,0.0
2024-05-09,170.5,0.0
2024-05-10,169.5,0.0
2024-05-13,169.5,0.0
2024-05-14,172.0,0.0
2024-05-15,170.5,0.0
2024-05-16,171.5,0.0
2024-05-17,170.0,0.0
2024-05-20,167.5,0.0
2024-05-21,166.0,0.0
2024-05-22,169.0,0.0
2024-05-23,173.0,0.0
2024-05-24,176.0,0.0
2024-05-27,185.0,0.0
2024-05-28,185.5,0.0
2024-05-29,180.5,0.0
2024-05-30,176.5,0.0
2024-05-31,172.0,0.0
2024-06-03,176.5,0.0
2024-06-04,171.0,0.0
2024-06-05,175.5,0.0
2024-06-06,177.5,0.0
2024-06-07,177.5,0.0
2024-06-11,180.5,0.0
2024-06-12,187.5,0.0
2024-06-13,192.0,0.0
2024-06-14,198.0,0.0
2024-06-17,200.0,0.0
2024-06-18,198.5,0.0
2024-06-19,203.0,0.0
2024-06-20,217.5,0.0
2024-06-21,212.0,0.0
2024-06-24,206.0,0.0
2024-06-25,211.0,0.0
2024-06-26,210.0,0.0
2024-06-27,212.5,0.0
2024-06-28,214.0,0.0
2024-07-01,216.0,0.0
2024-07-02,204.5,5.4
2024-07-03,203.0,0.0
2024-07-04,214.5,0.0
2024-07-05,214.5,0.0
2024-07-08,226.5,0.0
2024-07-09,225.5,0.0
2024-07-10,223.5,0.0
2024-07-11,225.5,0.0
2024-07-12,216.0,0.0
2024-07-15,216.5,0.0
2024-07-16,213.0,0.0
2024-07-17,212.0,0.0
2024-07-18,204.0,0.0
2024-07-19,204.0,0.0
2024-07-22,192.5,0.0
2024-07-23,201.5,0.0
2024-07-26,192.0,0.0
2024-07-29,193.0,0.0
2024-07-30,196.0,0.0
2024-07-31,198.0,0.0
2024-08-01,202.5,0.0
2024-08-02,186.5,0.0
2024-08-05,168.0,0.0
2024-08-06,167.5,0.0
2024-08-07,170.5,0.0
2024-08-08,163.5,0.0
2024-08-09,168.5,0.0
2024-08-12,176.0,0.0
2024-08-13,181.0,0.0
2024-08-14,185.5,0.0
2024-08-15,181.0,0.0
2024-08-16,184.0,0.0
2024-08-19,187.0,0.0
2024-08-20,186.5,0.0
2024-08-21,183.5,0.0
2024-08-22,179.5,0.0
2024-08-23,180.0,0.0
2024-08-26,182.0,0.0
2024-08-27,180.5,0.0
2024-08-28,185.5,0.0
2024-08-29,184.5,0.0
2024-08-30,184.5,0.0
2024-09-02,183.0,0.0
2024-09-03,185.0,0.0
2024-09-04,179.5,0.0
2024-09-05,175.0,0.0
2024-09-06,176.5,0.0
2024-09-09,172.0,0.0
2024-09-10,169.0,0.0
2024-09-11,169.5,0.0
2024-09-12,177.5,0.0
2024-09-13,176.0,0.0
2024-09-16,181.0,0.0
2024-09-18,174.0,0.0
2024-09-19,176.5,0.0
2024-09-20,177.0,0.0
2024-09-23,180.0,0.0
2024-09-24,183.0,0.0
2024-09-25,188.5,0.0
2024-09-26,189.5,0.0
2024-09-27,191.0,0.0
2024-09-30,187.5,0.0
2024-10-01,187.0,0.0
2024-10-04,194.0,0.0
2024-10-07,197.5,0.0
2024-10-08,194.0,0.0
2024-10-09,199.0,0.0
2024-10-11,200.0,0.0
2024-10-14,199.0,0.0
2024-10-15,207.0,0.0
2024-10-16,205.0,0.0
2024-10-17,208.5,0.0
2024-10-18,207.5,0.0
2024-10-21,210.0,0.0
2024-10-22,215.5,0.0
2024-10-23,216.0,0.0
2024-10-24,211.5,0.0
2024-10-25,216.0,0.0
2024-10-28,215.0,0.0
2024-10-29,209.5,0.0
2024-10-30,211.5,0.0
2024-11-01,208.0,0.0
2024-11-04,214.0,0.0
2024-11-05,214.0,0.0
2024-11-06,213.5,0.0
2024-11-07,217.0,0.0
2024-11-08,218.0,0.0
2024-11-11,220.0,0.0
2024-11-12,214.0,0.0
2024-11-13,214.5,0.0
2024-11-14,211.5,0.0
2024-11-15,207.0,0.0
2024-11-18,202.5,0.0
2024-11-19,203.5,0.0
2024-11-20,206.0,0.0
2024-11-21,202.5,0.0
2024-11-22,203.0,0.0
2024-11-25,210.5,0.0
2024-11-26,202.5,0.0
2024-11-27,196.5,0.0
2024-11-28,195.5,0.0
2024-11-29,195.5,0.0
2024-12-02,196.0,0.0
2024-12-03,196.5,0.0
2024-12-04,201.0,0.0
2024-12-05,199.0,0.0
2024-12-06,198.0,0.0
2024-12-09,195.0,0.0
2024-12-10,192.0,0.0
2024-12-11,189.0,0.0
2024-12-12,188.5,0.0
2024-12-13,186.5,0.0
2024-12-16,182.0,0.0
2024-12-17,183.0,0.0
2024-12-18,184.5,0.0
2024-12-19,181.0,0.0
2024-12-20,181.0,0.0
2024-12-23,185.5,0.0
2024-12-24,185.5,0.0
2024-12-25,186.5,0.0
2024-12-26,187.5,0.0
2024-12-27,186.5,0.0
2024-12-30,185.0,0.0
2024-12-31,184.0,0.0
2025-01-02,182.5,0.0
2025-01-03,181.0,0.0
2025-01-06,184.5,0.0
2025-01-07,190.0,0.0
2025-01-08,188.0,0.0
2025-01-09,183.0,0.0
2025-01-10,181.5,0.0
2025-01-13,171.5,0.0
2025-01-14,174.5,0.0
2025-01-15,171.0,0.0
2025-01-16,173.5,0.0
2025-01-17,173.5,0.0
2025-01-20,178.0,0.0
2025-01-21,178.5,0.0
2025-01-22,180.0,0.0
2025-02-03,165.5,0.0
2025-02-04,165.0,0.0
2025-02-05,171.0,0.0
2025-02-06,173.0,0.0
2025-02-07,178.0,0.0
2025-02-10,174.0,0.0
2025-02-11,179.0,0.0
2025-02-12,177.0,0.0
2025-02-13,180.0,0.0
2025-02-14,178.0,0.0
2025-02-17,182.5,0.0
2025-02-18,183.5,0.0
2025-02-19,183.0,0.0
2025-02-20,182.0,0.0
2025-02-21,183.0,0.0
2025-02-24,184.0,0.0
2025-02-25,177.5,0.0
2025-02-26,180.5,0.0
2025-02-27,174.0,0.0
2025-03-03,170.0,0.0
2025-03-04,170.5,0.0
2025-03-05,173.5,0.0
2025-03-06,173.5,0.0
2025-03-07,172.0,0.0
2025-03-10,172.0,0.0
2025-03-11,168.5,0.0
2025-03-12,170.5,0.0
2025-03-13,168.0,0.0
2025-03-14,170.0,0.0
2025-03-17,168.0,0.0
2025-03-18,167.5,0.0
2025-03-19,164.0,0.0
2025-03-20,166.0,0.0
2025-03-21,165.0,0.0
2025-03-24,163.0,0.0
2025-03-25,165.0,0.0
2025-03-26,166.0,0.0
2025-03-27,160.5,0.0
2025-03-28,154.0,0.0
2025-03-31,146.0,0.0
2025-04-01,152.0,0.0
2025-04-02,153.5,0.0
2025-04-07,138.5,0.0
2025-04-08,125.0,0.0
2025-04-09,112.5,0.0
2025-04-10,123.5,0.0
2025-04-11,134.5,0.0
2025-04-14,138.5,0.0
2025-04-15,139.5,0.0
2025-04-16,136.0,0.0
2025-04-17,134.5,0.0
2025-04-18,135.5,0.0
2025-04-21,136.5,0.0
2025-04-22,132.0,0.0
2025-04-23,139.0,0.0
2025-04-24,136.5,0.0
2025-04-25,139.0,0.0
2025-04-28,142.5,0.0
2025-04-29,143.0,0.0
2025-04-30,141.5,0.0
2025-05-02,147.5,0.0
2025-05-05,142.5,0.0
2025-05-06,146.0,0.0
2025-05-07,145.0,0.0
2025-05-08,146.0,0.0
2025-05-09,147.0,0.0
2025-05-12,153.0,0.0
2025-05-13,158.0,0.0
2025-05-14,163.0,0.0
2025-05-15,159.5,0.0
2025-05-16,158.0,0.0
2025-05-19,154.0,0.0
2025-05-20,154.0,0.0
2025-05-21,155.0,0.0
2025-05-22,153.0,0.0
2025-05-23,154.0,0.0
2025-05-26,153.0,0.0
2025-05-27,152.0,0.0
2025-05-28,152.0,0.0
2025-05-29,156.0,0.0
2025-06-02,152.5,0.0
2025-06-03,151.5,0.0
2025-06-04,156.0,0.0
2025-06-05,155.5,0.0
2025-06-06,153.0,0.0
2025-06-09,154.5,0.0
2025-06-10,155.5,0.0
2025-06-11,156.0,0.0
2025-06-12,157.5,0.0
2025-06-13,156.5,0.0
2025-06-16,155.0,0.0
2025-06-17,155.0,0.0
2025-06-18,156.0,0.0
2025-06-19,154.0,0.0
2025-06-20,155.5,0.0
2025-06-23,156.0,0.0
2025-06-24,160.5,0.0
2025-06-25,162.0,0.0
2025-06-26,163.0,0.0
2025-06-27,165.0,0.0
2025-06-30,161.0,0.0
2025-07-01,165.5,0.0
2025-07-02,162.0,5.799984
2025-07-03,164.0,0.0
2025-07-04,161.0,0.0
2025-07-07,161.0,0.0
2025-07-08,159.0,0.0
2025-07-09,161.0,0.0
2025-07-10,161.5,0.0
2025-07-11,161.5,0.0
2025-07-14,160.5,0.0
2025-07-15,163.0,0.0
2025-07-16,162.5,0.0
2025-07-17,164.0,0.0
2025-07-18,165.5,0.0
2025-07-21,165.0,0.0
2025-07-22,162.0,0.0
2025-07-23,166.0,0.0
2025-07-24,174.0,0.0
2025-07-25,174.5,0.0
2025-07-28,176.0,0.0
2025-07-29,171.5,0.0
2025-07-30,171.5,0.0
2025-07-31,178.0,0.0
2025-08-04,180.0,0.0
2025-08-05,184.5,0.0
2025-08-06,186.0,0.0
2025-08-07,194.5,0.0
2025-08-08,194.5,0.0
2025-08-11,198.0,0.0
2025-08-12,197.0,0.0
2025-08-13,198.5,0.0
2025-08-14,199.5,0.0
2025-08-15,207.0,0.0
2025-08-18,210.0,0.0
2025-08-19,208.0,0.0
2025-08-20,200.5,0.0
2025-08-21,206.0,0.0
2025-08-22,202.5,0.0
2025-08-25,207.5,0.0
2025-08-26,209.0,0.0
2025-08-27,208.0,0.0
2025-08-28,206.0,0.0
2025-08-29,203.5,0.0
2025-09-01,198.5,0.0
2025-09-02,198.5,0.0
2025-09-03,200.5,0.0
2025-09-04,203.0,0.0
2025-09-05,205.0,0.0
2025-09-08,203.5,0.0
2025-09-09,207.5,0.0
2025-09-10,210.0,0.0
2025-09-11,214.5,0.0
2025-09-12,217.5,0.0
2025-09-15,216.0,0.0
2025-09-16,215.5,0.0
2025-09-17,212.0,0.0
2025-09-18,215.0,0.0
2025-09-19,214.0,0.0
2025-09-22,216.0,0.0
2025-09-23,221.0,0.0
2025-09-24,223.0,0.0
2025-09-25,230.0,0.0
2025-09-26,219.5,0.0
2025-09-30,216.0,0.0
2025-10-01,219.0,0.0
2025-10-02,225.5,0.0
2025-10-03,226.5,0.0
2025-10-07,228.5,0.0
2025-10-08,225.0,0.0
2025-10-09,221.5,0.0
2025-10-13,213.0,0.0
2025-10-14,206.0,0.0
2025-10-15,206.5,0.0
2025-10-16,223.0,0.0
2025-10-17,226.5,0.0
2025-10-20,238.5,0.0
2025-10-21,239.0,0.0
2025-10-22,242.5,0.0
2025-10-23,239.0,0.0
2025-10-27,246.5,0.0
2025-10-28,250.0,0.0
2025-10-29,260.0,0.0
2025-10-30,262.0,0.0
2025-10-31,257.5,0.0
2025-11-03,251.5,0.0
2025-11-04,244.0,0.0
2025-11-05,247.0,0.0
2025-11-06,248.0,0.0
2025-11-07,244.0,0.0
2025-11-10,249.5,0.0
2025-11-11,246.5,0.0
2025-11-12,251.0,0.0
2025-11-13,252.0,0.0
2025-11-14,241.0,0.0
2025-11-17,236.0,0.0
2025-11-18,230.0,0.0
2025-11-19,229.0,0.0
2025-11-20,236.5,0.0
2025-11-21,225.0,0.0
2025-11-24,220.0,0.0
2025-11-25,219.0,0.0
2025-11-26,227.0,0.0
2025-11-27,231.0,0.0
2025-11-28,225.5,0.0
2025-12-01,222.0,0.0
2025-12-02,222.0,0.0
2025-12-03,227.0,0.0
2025-12-04,228.5,0.0
2025-12-05,231.0,0.0
2025-12-08,232.0,0.0
2025-12-09,235.0,0.0
2025-12-10,233.5,0.0
2025-12-11,226.0,0.0
2025-12-12,227.0,0.0
2025-12-15,221.5,0.0
2025-12-16,218.0,0.0
2025-12-17,216.5,0.0
2025-12-18,216.0,0.0
2025-12-19,221.5,0.0
2025-12-22,224.0,0.0
2025-12-23,224.0,0.0
2025-12-24,224.0,0.0
2025-12-26,225.5,0.0
2025-12-29,231.0,0.0
2025-12-30,228.0,0.0
2025-12-31,230.5,0.0
2026-01-02,232.0,0.0
2026-01-05,234.5,0.0
2026-01-06,236.0,0.0
2026-01-07,238.5,0.0
2026-01-08,229.5,0.0
2026-01-09,230.5,0.0
2026-01-12,228.5,0.0
2026-01-13,226.5,0.0
2026-01-14,234.5,0.0
2026-01-15,233.5,0.0
2026-01-16,234.5,0.0
2026-01-19,229.5,0.0
2026-01-20,223.5,0.0
2026-01-21,219.0,0.0
2026-01-22,223.5,0.0
2026-01-23,221.5,0.0
2026-01-26,224.0,0.0
2026-01-27,225.5,0.0
2026-01-28,225.5,0.0
2026-01-29,224.0,0.0
2026-01-30,220.5,0.0
2026-02-02,214.5,0.0
2026-02-03,216.5,0.0
2026-02-04,219.0,0.0
2026-02-05,215.5,0.0
2026-02-06,215.0,0.0
2026-02-09,218.5,0.0
2026-02-10,221.0,0.0
2026-02-11,227.0,0.0
2026-02-23,228.5,0.0
2026-02-24,232.0,0.0
2026-02-25,246.5,0.0
2026-02-26,243.0,0.0
2026-03-02,239.0,0.0
2026-03-03,229.0,0.0
2026-03-04,217.0,0.0
2026-03-05,224.0,0.0
2026-03-06,223.0,0.0
2026-03-09,210.5,0.0
2026-03-10,209.5,0.0
2026-03-11,219.0,0.0
2026-03-12,214.5,0.0
2026-03-13,214.5,0.0
2026-03-16,216.5,0.0
2026-03-17,212.0,0.0
2026-03-18,210.0,0.0
2026-03-19,205.0,0.0
2026-03-20,203.0,0.0
2026-03-23,196.0,0.0
2026-03-24,195.0,0.0
2026-03-25,200.0,0.0
2026-03-26,200.5,0.0
2026-03-27,199.5,0.0
2026-03-30,194.0,0.0
2026-03-31,187.5,0.0
2026-04-01,197.0,0.0
2026-04-02,193.0,0.0
2026-04-07,192.0,0.0
2026-04-08,201.5,0.0
2026-04-09,200.0,0.0
2026-04-10,200.5,0.0
2026-04-13,200.0,0.0
2026-04-14,207.5,0.0
2026-04-15,207.5,0.0
2026-04-16,207.0,0.0
2026-04-17,206.0,0.0
2026-04-20,207.5,0.0
2026-04-21,211.0,0.0
2026-04-22,221.0,0.0
2026-04-23,225.0,0.0
2026-04-24,221.5,0.0
2026-04-27,228.0,0.0
2026-04-28,225.5,0.0
2026-04-29,225.0,0.0
2026-04-30,219.5,0.0
2026-05-04,227.5,0.0
2026-05-05,239.5,0.0
2026-05-06,252.0,0.0
2026-05-07,253.5,0.0
2026-05-08,250.0,0.0
2026-05-11,252.0,0.0
2026-05-12,250.0,0.0
2026-05-13,251.0,0.0
2026-05-14,244.5,0.0
2026-05-15,248.5,0.0
2026-05-18,248.5,0.0
2026-05-19,245.0,0.0
2026-05-20,240.0,0.0
2026-05-21,247.5,0.0
2026-05-22,250.0,0.0
2026-05-25,261.0,0.0
2026-05-26,259.0,0.0
2026-05-27,264.0,0.0
2026-05-28,263.0,0.0
2026-05-29,289.0,0.0
2026-06-01,293.5,0.0
2026-06-02,301.5,0.0
2026-06-03,309.0,0.0
2026-06-04,293.0,0.0
2026-06-05,284.5,0.0
2026-06-08,269.5,0.0
2026-06-09,277.5,0.0
2026-06-10,263.0,0.0
2026-06-11,258.5,0.0
2026-06-12,260.5,0.0
2026-06-15,267.5,0.0
2026-06-16,269.0,0.0
2026-06-17,272.0,0.0
2026-06-18,268.5,0.0
2026-06-22,268.5,0.0
2026-06-23,259.5,0.0
2026-06-24,256.0,0.0
2026-06-25,257.5,0.0
2026-06-26,248.5,0.0
2026-06-29,246.5,0.0
2026-06-30,251.0,0.0
2026-07-01,248.0,0.0
2026-07-02,239.0,7.171792
2026-07-03,240.5,0.0
2026-07-06,242.0,0.0
2026-07-07,237.0,0.0
2026-07-08,237.5,0.0
2026-07-09,237.5,0.0
2026-07-10,237.5,0.0
2026-07-13,236.5,0.0
2026-07-14,235.5,0.0
2026-07-15,239.0,0.0
2026-07-16,242.5,0.0
2026-07-17,234.0,0.0
2026-07-20,234.5,0.0
2026-07-21,246.0,0.0
2026-07-22,251.5,0.0
2026-07-23,257.5,0.0
2026-07-24,252.5,0.0
2026-07-27,253.0,0.0
2026-07-28,238.0,0.0
2026-07-29,237.0,0.0
2026-07-30,229.5,0.0
2026-07-31,250.5,0.0
2026-08-03,253.0,0.0
2026-08-04,250.0,0.0
2026-08-05,258.5,0.0
2026-08-06,264.5,0.0
2026-08-07,260.0,0.0
2026-08-10,264.5,0.0
2026-08-11,263.0,0.0
2026-08-12,270.0,0.0
2026-08-13,262.0,0.0
2026-08-14,259.5,0.0
2026-08-17,255.0,0.0
2026-08-18,249.0,0.0
2026-08-19,245.0,0.0
2026-08-20,246.5,0.0
2026-08-21,245.5,0.0
2026-08-24,243.5,0.0
2026-08-25,243.0,0.0
2026-08-26,246.5,0.0
2026-08-27,,0.0
