Date,Close,Dividends
2000-01-04,69.64903259277344,0.0
2000-01-05,71.21404266357422,0.0
2000-01-06,69.64903259277344,0.0
2000-01-07,67.69248962402344,0.0
2000-01-10,70.04019165039062,0.0
2000-01-11,68.86634063720703,0.0
2000-01-12,70.82288360595703,0.0
2000-01-13,69.64903259277344,0.0
2000-01-14,71.21404266357422,0.0
2000-01-17,73.17057800292969,0.0
2000-01-18,71.99673461914062,0.0
2000-01-19,71.99673461914062,0.0
2000-01-20,71.21404266357422,0.0
2000-01-21,72.77904510498047,0.0
2000-01-24,73.56173706054688,0.0
2000-01-25,75.51828002929688,0.0
2000-01-26,80.6048355102539,0.0
2000-01-27,81.38752746582031,0.0
2000-01-28,79.82251739501953,0.0
2000-01-31,79.43098449707031,0.0
2000-02-01,79.03982543945312,0.0
2000-02-02,79.03982543945312,0.0
2000-02-03,79.03982543945312,0.0
2000-02-04,79.03982543945312,0.0
2000-02-07,79.03982543945312,0.0
2000-02-08,79.03982543945312,0.0
2000-02-09,82.5613784790039,0.0
2000-02-10,83.7352294921875,0.0
2000-02-11,85.6917724609375,0.0
2000-02-14,83.7352294921875,0.0
2000-02-15,84.12638854980469,0.0
2000-02-16,83.34407043457031,0.0
2000-02-17,82.5613784790039,0.0
2000-02-18,81.38752746582031,0.0
2000-02-21,76.30059814453125,0.0
2000-02-22,76.30059814453125,0.0
2000-02-23,75.90943908691406,0.0
2000-02-24,76.30059814453125,0.0
2000-02-25,77.86598205566406,0.0
2000-02-28,77.86598205566406,0.0
2000-02-29,78.6482925415039,0.0
2000-03-01,80.6048355102539,0.0
2000-03-02,79.43098449707031,0.0
2000-03-03,79.43098449707031,0.0
2000-03-06,78.25714111328125,0.0
2000-03-07,77.86598205566406,0.0
2000-03-08,77.47444915771484,0.0
2000-03-09,78.25714111328125,0.0
2000-03-10,76.30059814453125,0.0
2000-03-13,71.21404266357422,0.0
2000-03-14,72.77904510498047,0.0
2000-03-15,71.6052017211914,0.0
2000-03-16,71.99673461914062,0.0
2000-03-17,74.34442901611328,0.0
2000-03-20,71.99673461914062,0.0
2000-03-21,76.30059814453125,0.0
2000-03-22,75.12674713134766,0.0
2000-03-23,78.6482925415039,0.0
2000-03-24,77.47444915771484,0.0
2000-03-27,82.5613784790039,0.0
2000-03-28,81.7786865234375,0.0
2000-03-29,79.82251739501953,0.0
2000-03-30,81.38752746582031,0.0
2000-03-31,80.21367645263672,0.0
2000-04-03,80.21367645263672,0.0
2000-04-04,80.21367645263672,0.0
2000-04-05,81.38752746582031,0.0
2000-04-06,79.03982543945312,0.0
2000-04-07,78.25714111328125,0.0
2000-04-10,82.17021942138672,0.0
2000-04-11,80.21367645263672,0.0
2000-04-12,78.25714111328125,0.0
2000-04-13,75.12674713134766,0.0
2000-04-14,72.77904510498047,0.0
2000-04-17,70.04019165039062,0.0
2000-04-18,73.95289611816406,0.0
2000-04-19,71.6052017211914,0.0
2000-04-20,72.77904510498047,0.0
2000-04-21,72.77904510498047,0.0
2000-04-24,70.43135070800781,0.0
2000-04-25,73.17057800292969,0.0
2000-04-26,72.38789367675781,0.0
2000-04-27,73.56173706054688,0.0
2000-04-28,77.08329010009766,0.0
2000-05-01,77.08329010009766,0.0
2000-05-02,75.51828002929688,0.0
2000-05-03,73.56173706054688,0.0
2000-05-04,73.17057800292969,0.0
2000-05-05,75.12674713134766,0.0
2000-05-08,75.51828002929688,0.0
2000-05-09,75.51828002929688,0.0
2000-05-10,73.56173706054688,0.0
2000-05-11,70.04019165039062,0.0
2000-05-12,72.38789367675781,0.0
2000-05-15,70.61927032470703,0.0
2000-05-16,74.87627410888672,0.0
2000-05-17,79.63443756103516,0.0
2000-05-18,81.63812255859375,0.0
2000-05-19,81.136962890625,0.0
2000-05-22,79.13375091552734,0.0
2000-05-23,76.62937927246094,0.0
2000-05-24,74.3755874633789,0.0
2000-05-25,72.87306213378906,0.0
2000-05-26,72.87306213378906,0.0
2000-05-29,72.87306213378906,0.0
2000-05-30,72.87306213378906,0.0
2000-05-31,78.6325912475586,0.0
2000-06-01,76.62937927246094,0.0
2000-06-02,77.6312255859375,0.0
2000-06-05,79.13375091552734,0.0
2000-06-06,79.13375091552734,0.0
2000-06-07,80.63627624511719,0.0
2000-06-08,78.6325912475586,0.0
2000-06-09,79.13375091552734,0.0
2000-06-12,78.6325912475586,0.0
2000-06-13,77.6312255859375,0.0
2000-06-14,77.13005828857422,0.0
2000-06-15,75.1268539428711,0.0
2000-06-16,75.1268539428711,0.0
2000-06-19,74.12500762939453,0.0
2000-06-20,74.3755874633789,0.0
2000-06-21,73.62432861328125,0.0
2000-06-22,74.62616729736328,0.0
2000-06-23,73.12364196777344,0.0
2000-06-26,70.8698501586914,0.0
2000-06-27,70.8698501586914,0.0
2000-06-28,72.12179565429688,0.0
2000-06-29,71.37053680419922,0.0
2000-06-30,73.12364196777344,0.0
2000-07-03,71.8712158203125,0.0
2000-07-04,70.61927032470703,0.0
2000-07-05,74.62616729736328,0.0
2000-07-06,72.62248229980469,0.0
2000-07-07,71.11994934082031,0.0
2000-07-10,71.8712158203125,0.0
2000-07-11,72.12179565429688,0.0
2000-07-12,71.8712158203125,0.0
2000-07-13,72.62248229980469,0.0
2000-07-14,73.12364196777344,0.0
2000-07-17,71.8712158203125,0.0
2000-07-18,71.11994934082031,0.0
2000-07-19,71.11994934082031,0.0
2000-07-20,67.61421203613281,0.0
2000-07-21,65.1098403930664,0.0
2000-07-24,63.357215881347656,0.0
2000-07-25,62.85605239868164,0.0
2000-07-26,65.1098403930664,0.0
2000-07-27,64.60916137695312,0.0
2000-07-28,63.85789489746094,0.0
2000-07-31,63.60731506347656,0.0
2000-08-01,63.106632232666016,0.0
2000-08-02,62.60594940185547,0.0
2000-08-03,61.103424072265625,0.0
2000-08-04,62.85605239868164,0.0
2000-08-07,61.60410690307617,0.0
2000-08-08,62.85605239868164,0.0
2000-08-09,65.1098403930664,0.0
2000-08-10,66.61237335205078,0.0
2000-08-11,65.61100769042969,0.0
2000-08-14,65.1098403930664,0.0
2000-08-15,65.36042022705078,0.0
2000-08-16,67.61421203613281,0.0
2000-08-17,69.11674499511719,0.0
2000-08-18,69.86800384521484,0.0
2000-08-21,69.11674499511719,0.0
2000-08-22,68.61605834960938,0.0
2000-08-23,68.61605834960938,0.0
2000-08-24,69.86800384521484,0.0
2000-08-25,70.36869049072266,0.0
2000-08-28,69.11674499511719,0.0
2000-08-29,68.61605834960938,0.0
2000-08-30,67.61421203613281,0.0
2000-08-31,67.36363220214844,0.0
2000-09-01,65.1098403930664,0.0
2000-09-04,66.86295318603516,0.0
2000-09-05,67.11353302001953,0.0
2000-09-06,65.61100769042969,0.0
2000-09-07,62.85605239868164,0.0
2000-09-08,62.35536956787109,0.0
2000-09-11,62.10478973388672,0.0
2000-09-12,62.10478973388672,0.0
2000-09-13,62.10478973388672,0.0
2000-09-14,60.10157775878906,0.0
2000-09-15,61.35352325439453,0.0
2000-09-18,60.60226058959961,0.0
2000-09-19,56.59584045410156,0.0
2000-09-20,57.597206115722656,0.0
2000-09-21,57.346622467041016,0.0
2000-09-22,53.34020233154297,0.0
2000-09-25,53.34020233154297,0.0
2000-09-26,56.84594345092773,0.0
2000-09-27,55.593994140625,0.0
2000-09-28,53.34020233154297,0.0
2000-09-29,52.08777618408203,0.0
2000-10-02,49.33330535888672,0.0
2000-10-03,51.58709716796875,0.0
2000-10-04,49.83398818969727,0.0
2000-10-05,51.58709716796875,0.0
2000-10-06,55.09283447265625,0.0
2000-10-09,53.84088516235352,0.0
2000-10-10,53.84088516235352,0.0
2000-10-11,52.08777618408203,0.0
2000-10-12,48.5820426940918,0.0
2000-10-13,48.33145904541016,0.0
2000-10-16,48.33145904541016,0.0
2000-10-17,47.07951354980469,0.0
2000-10-18,43.823875427246094,0.0
2000-10-19,40.81882095336914,0.0
2000-10-20,43.57377624511719,0.0
2000-10-23,49.83398818969727,0.0
2000-10-24,53.089622497558594,0.0
2000-10-25,53.84088516235352,0.0
2000-10-26,52.83904266357422,0.0
2000-10-27,52.83904266357422,0.0
2000-10-30,49.33330535888672,0.0
2000-10-31,49.08272171020508,0.0
2000-11-01,48.5820426940918,0.0
2000-11-02,51.837677001953125,0.0
2000-11-03,54.84273147583008,0.0
2000-11-06,54.5921516418457,0.0
2000-11-07,58.34846878051758,0.0
2000-11-08,58.59904861450195,0.0
2000-11-09,57.597206115722656,0.0
2000-11-10,57.09652328491211,0.0
2000-11-13,53.34020233154297,0.0
2000-11-14,53.34020233154297,0.0
2000-11-15,53.59030532836914,0.0
2000-11-16,50.08456802368164,0.0
2000-11-17,49.33330535888672,0.0
2000-11-20,44.07445907592773,0.0
2000-11-21,47.07951354980469,0.0
2000-11-22,45.57698440551758,0.0
2000-11-23,44.57514190673828,0.0
2000-11-24,47.580196380615234,0.0
2000-11-27,47.33009338378906,0.0
2000-11-28,46.328250885009766,0.0
2000-11-29,45.3264045715332,0.0
2000-11-30,44.825721740722656,0.0
2000-12-01,45.82756805419922,0.0
2000-12-04,44.07445907592773,0.0
2000-12-05,44.32503890991211,0.0
2000-12-06,44.57514190673828,0.0
2000-12-07,45.57698440551758,0.0
2000-12-08,45.07630157470703,0.0
2000-12-11,45.07630157470703,0.0
2000-12-12,46.328250885009766,0.0
2000-12-13,46.077667236328125,0.0
2000-12-14,45.3264045715332,0.0
2000-12-15,44.07445907592773,0.0
2000-12-18,42.32135009765625,0.0
2000-12-19,42.07124710083008,0.0
2000-12-20,40.81882095336914,0.0
2000-12-21,39.56687545776367,0.0
2000-12-22,39.066192626953125,0.0
2000-12-25,39.066192626953125,0.0
2000-12-26,38.06434631347656,0.0
2000-12-27,37.56366729736328,0.0
2000-12-28,40.06755828857422,0.0
2000-12-29,39.81745529174805,0.0
2001-01-01,39.81745529174805,0.0
2001-01-02,41.8206672668457,0.0
2001-01-03,40.318138122558594,0.0
2001-01-04,42.57192993164063,0.0
2001-01-05,45.3264045715332,0.0
2001-01-08,44.825721740722656,0.0
2001-01-09,46.57883071899414,0.0
2001-01-10,47.07951354980469,0.0
2001-01-11,46.328250885009766,0.0
2001-01-12,47.07951354980469,0.0
2001-01-15,47.33009338378906,0.0
2001-01-16,50.58525085449219,0.0
2001-01-17,50.58525085449219,0.0
2001-01-18,51.0864143371582,0.0
2001-01-19,51.0864143371582,0.0
2001-01-22,51.0864143371582,0.0
2001-01-23,51.0864143371582,0.0
2001-01-24,51.0864143371582,0.0
2001-01-25,51.0864143371582,0.0
2001-01-26,51.0864143371582,0.0
2001-01-29,48.5820426940918,0.0
2001-01-30,49.58388519287109,0.0
2001-01-31,52.83904266357422,0.0
2001-02-01,50.83583068847656,0.0
2001-02-02,50.335147857666016,0.0
2001-02-05,49.33330535888672,0.0
2001-02-06,49.08272171020508,0.0
2001-02-07,45.82756805419922,0.0
2001-02-08,45.3264045715332,0.0
2001-02-09,45.82756805419922,0.0
2001-02-12,46.077667236328125,0.0
2001-02-13,49.08272171020508,0.0
2001-02-14,47.07951354980469,0.0
2001-02-15,50.335147857666016,0.0
2001-02-16,49.08272171020508,0.0
2001-02-19,48.08135986328125,0.0
2001-02-20,48.08135986328125,0.0
2001-02-21,48.83262252807617,0.0
2001-02-22,46.82893371582031,0.0
2001-02-23,45.57698440551758,0.0
2001-02-26,44.57514190673828,0.0
2001-02-27,45.07630157470703,0.0
2001-02-28,45.07630157470703,0.0
2001-03-01,42.07124710083008,0.0
2001-03-02,41.8206672668457,0.0
2001-03-05,42.32135009765625,0.0
2001-03-06,44.32503890991211,0.0
2001-03-07,46.077667236328125,0.0
2001-03-08,45.3264045715332,0.0
2001-03-09,44.07445907592773,0.0
2001-03-12,42.822513580322266,0.0
2001-03-13,43.57377624511719,0.0
2001-03-14,43.57377624511719,0.0
2001-03-15,44.07445907592773,0.0
2001-03-16,44.32503890991211,0.0
2001-03-19,43.57377624511719,0.0
2001-03-20,43.07261276245117,0.0
2001-03-21,42.57192993164063,0.0
2001-03-22,43.32319641113281,0.0
2001-03-23,45.3264045715332,0.0
2001-03-26,45.07630157470703,0.0
2001-03-27,44.825721740722656,0.0
2001-03-28,44.57514190673828,0.0
2001-03-29,44.07445907592773,0.0
2001-03-30,44.32503890991211,0.0
2001-04-02,42.57192993164063,0.0
2001-04-03,40.81882095336914,0.0
2001-04-04,39.81745529174805,0.0
2001-04-05,39.81745529174805,0.0
2001-04-06,41.31998443603516,0.0
2001-04-09,40.06755828857422,0.0
2001-04-10,39.56687545776367,0.0
2001-04-11,41.57008743286133,0.0
2001-04-12,43.07261276245117,0.0
2001-04-13,42.57192993164063,0.0
2001-04-16,42.07124710083008,0.0
2001-04-17,41.8206672668457,0.0
2001-04-18,42.57192993164063,0.0
2001-04-19,45.3264045715332,0.0
2001-04-20,45.3264045715332,0.0
2001-04-23,45.07630157470703,0.0
2001-04-24,44.07445907592773,0.0
2001-04-25,43.32319641113281,0.0
2001-04-26,43.32319641113281,0.0
2001-04-27,43.57377624511719,0.0
2001-04-30,45.57698440551758,0.0
2001-05-01,45.57698440551758,0.0
2001-05-02,48.08135986328125,0.0
2001-05-03,48.33145904541016,0.0
2001-05-04,46.57883071899414,0.0
2001-05-07,47.580196380615234,0.0
2001-05-08,47.33009338378906,0.0
2001-05-09,47.580196380615234,0.0
2001-05-10,46.328250885009766,0.0
2001-05-11,47.07951354980469,0.0
2001-05-14,46.328250885009766,0.0
2001-05-15,44.825721740722656,0.0
2001-05-16,44.07445907592773,0.0
2001-05-17,44.57514190673828,0.0
2001-05-18,45.3264045715332,0.0
2001-05-21,44.32503890991211,0.0
2001-05-22,45.07630157470703,0.0
2001-05-23,47.33009338378906,0.0
2001-05-24,47.07951354980469,0.0
2001-05-25,47.33009338378906,0.0
2001-05-28,46.57883071899414,0.0
2001-05-29,46.57883071899414,0.0
2001-05-30,45.07630157470703,0.0
2001-05-31,44.825721740722656,0.0
2001-06-01,44.57514190673828,0.0
2001-06-04,45.07630157470703,0.0
2001-06-05,45.57698440551758,0.0
2001-06-06,46.82893371582031,0.0
2001-06-07,46.57883071899414,0.0
2001-06-08,48.5820426940918,0.0
2001-06-11,49.58388519287109,0.0
2001-06-12,48.5820426940918,0.0
2001-06-13,47.07951354980469,0.0
2001-06-14,46.328250885009766,0.0
2001-06-15,46.82893371582031,0.0
2001-06-18,46.077667236328125,0.0
2001-06-19,45.3264045715332,0.0
2001-06-20,45.07630157470703,0.0
2001-06-21,43.07261276245117,0.0
2001-06-22,42.57192993164063,0.0
2001-06-25,42.57192993164063,0.0
2001-06-26,42.77239608764648,0.0
2001-06-27,44.52511978149414,0.0
2001-06-28,43.12253952026367,0.0
2001-06-29,44.87593460083008,0.0
2001-07-02,46.97947311401367,0.0
2001-07-03,46.62865829467773,0.0
2001-07-04,45.92770385742188,0.0
2001-07-05,45.92770385742188,0.0
2001-07-06,44.17430877685547,0.0
2001-07-09,42.77239608764648,0.0
2001-07-10,43.12253952026367,0.0
2001-07-11,43.12253952026367,0.0
2001-07-12,44.52511978149414,0.0
2001-07-13,44.17430877685547,0.0
2001-07-16,44.17430877685547,0.0
2001-07-17,43.82416534423828,0.0
2001-07-18,43.47335052490234,0.0
2001-07-19,42.77239608764648,0.0
2001-07-20,42.42158126831055,0.0
2001-07-23,40.66885757446289,0.0
2001-07-24,40.31804275512695,0.0
2001-07-25,41.36981201171875,0.0
2001-07-26,42.42158126831055,0.0
2001-07-27,44.52511978149414,0.0
2001-07-30,44.52511978149414,0.0
2001-07-31,46.2778434753418,0.0
2001-08-01,48.03124237060547,0.0
2001-08-02,49.4338264465332,0.0
2001-08-03,48.381385803222656,0.0
2001-08-06,47.68042755126953,0.0
2001-08-07,46.2778434753418,0.0
2001-08-08,47.3296127319336,0.0
2001-08-09,45.57688903808594,0.0
2001-08-10,48.03124237060547,0.0
2001-08-13,47.68042755126953,0.0
2001-08-14,48.381385803222656,0.0
2001-08-15,48.03124237060547,0.0
2001-08-16,47.68042755126953,0.0
2001-08-17,47.3296127319336,0.0
2001-08-20,46.2778434753418,0.0
2001-08-21,46.62865829467773,0.0
2001-08-22,43.47335052490234,0.0
2001-08-23,43.47335052490234,0.0
2001-08-24,42.42158126831055,0.0
2001-08-27,44.52511978149414,0.0
2001-08-28,44.17430877685547,0.0
2001-08-29,45.22607421875,0.0
2001-08-30,44.17430877685547,0.0
2001-08-31,44.87593460083008,0.0
2001-09-03,44.87593460083008,0.0
2001-09-04,46.2778434753418,0.0
2001-09-05,45.92770385742188,0.0
2001-09-06,44.87593460083008,0.0
2001-09-07,44.17430877685547,0.0
2001-09-10,44.87593460083008,0.0
2001-09-11,44.17430877685547,0.0
2001-09-12,44.17430877685547,0.0
2001-09-13,41.36981201171875,0.0
2001-09-14,38.91546249389648,0.0
2001-09-17,38.91546249389648,0.0
2001-09-18,38.91546249389648,0.0
2001-09-19,38.91546249389648,0.0
2001-09-20,36.811920166015625,0.0
2001-09-21,35.760154724121094,0.0
2001-09-24,35.760154724121094,0.0
2001-09-25,33.23590850830078,0.0
2001-09-26,34.00742721557617,0.0
2001-09-27,32.60484313964844,0.0
2001-09-28,32.60484313964844,0.0
2001-10-01,32.60484313964844,0.0
2001-10-02,31.55307579040528,0.0
2001-10-03,30.922014236450195,0.0
2001-10-04,31.06247329711914,0.0
2001-10-05,32.81520080566406,0.0
2001-10-08,32.25470352172852,0.0
2001-10-09,34.49803161621094,0.0
2001-10-10,34.49803161621094,0.0
2001-10-11,36.811920166015625,0.0
2001-10-12,38.5653190612793,0.0
2001-10-15,37.5135498046875,0.0
2001-10-16,38.91546249389648,0.0
2001-10-17,40.66885757446289,0.0
2001-10-18,41.72062683105469,0.0
2001-10-19,41.01899719238281,0.0
2001-10-22,40.66885757446289,0.0
2001-10-23,40.31804275512695,0.0
2001-10-24,43.12253952026367,0.0
2001-10-25,43.82416534423828,0.0
2001-10-26,44.17430877685547,0.0
2001-10-29,46.97947311401367,0.0
2001-10-30,43.82416534423828,0.0
2001-10-31,42.77239608764648,0.0
2001-11-01,42.77239608764648,0.0
2001-11-02,43.82416534423828,0.0
2001-11-05,45.57688903808594,0.0
2001-11-06,45.92770385742188,0.0
2001-11-07,46.97947311401367,0.0
2001-11-08,47.3296127319336,0.0
2001-11-09,47.3296127319336,0.0
2001-11-12,47.68042755126953,0.0
2001-11-13,47.3296127319336,0.0
2001-11-14,50.485595703125,0.0
2001-11-15,52.238319396972656,0.0
2001-11-16,54.34185791015625,0.0
2001-11-19,55.74443817138672,0.0
2001-11-20,52.238319396972656,0.0
2001-11-21,52.93927383422852,0.0
2001-11-22,51.18655014038086,0.0
2001-11-23,51.53736114501953,0.0
2001-11-26,51.88750457763672,0.0
2001-11-27,52.93927383422852,0.0
2001-11-28,51.88750457763672,0.0
2001-11-29,51.18655014038086,0.0
2001-11-30,51.18655014038086,0.0
2001-12-03,54.34185791015625,0.0
2001-12-04,55.04281234741211,0.0
2001-12-05,58.54893493652344,0.0
2001-12-06,62.40519714355469,0.0
2001-12-07,62.055057525634766,0.0
2001-12-10,58.899749755859375,0.0
2001-12-11,59.95151519775391,0.0
2001-12-12,62.055057525634766,0.0
2001-12-13,58.899749755859375,0.0
2001-12-14,58.54893493652344,0.0
2001-12-17,56.79620742797852,0.0
2001-12-18,57.84798049926758,0.0
2001-12-19,59.95151519775391,0.0
2001-12-20,59.95151519775391,0.0
2001-12-21,56.09458160400391,0.0
2001-12-24,56.79620742797852,0.0
2001-12-25,58.54893493652344,0.0
2001-12-26,57.84798049926758,0.0
2001-12-27,57.49716567993164,0.0
2001-12-28,59.600704193115234,0.0
2001-12-31,61.35342788696289,0.0
2002-01-01,61.35342788696289,0.0
2002-01-02,60.30165863037109,0.0
2002-01-03,60.30165863037109,0.0
2002-01-04,62.40519714355469,0.0
2002-01-07,64.85955047607422,0.0
2002-01-08,63.45696640014648,0.0
2002-01-09,64.1585922241211,0.0
2002-01-10,63.45696640014648,0.0
2002-01-11,61.35342788696289,0.0
2002-01-14,61.70424270629883,0.0
2002-01-15,61.35342788696289,0.0
2002-01-16,59.600704193115234,0.0
2002-01-17,59.2498893737793,0.0
2002-01-18,59.600704193115234,0.0
2002-01-21,63.45696640014648,0.0
2002-01-22,63.10682678222656,0.0
2002-01-23,62.055057525634766,0.0
2002-01-24,63.45696640014648,0.0
2002-01-25,64.50873565673828,0.0
2002-01-28,64.50873565673828,0.0
2002-01-29,62.40519714355469,0.0
2002-01-30,61.0032844543457,0.0
2002-01-31,61.0032844543457,0.0
2002-02-01,59.95151519775391,0.0
2002-02-04,60.30165863037109,0.0
2002-02-05,59.95151519775391,0.0
2002-02-06,60.65247344970703,0.0
2002-02-07,60.65247344970703,0.0
2002-02-08,60.65247344970703,0.0
2002-02-11,60.65247344970703,0.0
2002-02-12,60.65247344970703,0.0
2002-02-13,60.65247344970703,0.0
2002-02-14,60.65247344970703,0.0
2002-02-15,60.65247344970703,0.0
2002-02-18,61.35342788696289,0.0
2002-02-19,59.95151519775391,0.0
2002-02-20,57.49716567993164,0.0
2002-02-21,57.84798049926758,0.0
2002-02-22,57.1463508605957,0.0
2002-02-25,56.79620742797852,0.0
2002-02-26,56.09458160400391,0.0
2002-02-27,57.49716567993164,0.0
2002-02-28,57.49716567993164,0.0
2002-03-01,56.79620742797852,0.0
2002-03-04,60.65247344970703,0.0
2002-03-05,63.80778121948242,0.0
2002-03-06,66.26213073730469,0.0
2002-03-07,65.56050872802734,0.0
2002-03-08,64.1585922241211,0.0
2002-03-11,68.36566925048828,0.0
2002-03-12,66.61227416992188,0.0
2002-03-13,65.91131591796875,0.0
2002-03-14,65.21036529541016,0.0
2002-03-15,63.45696640014648,0.0
2002-03-18,64.1585922241211,0.0
2002-03-19,64.1585922241211,0.0
2002-03-20,67.31390380859375,0.0
2002-03-21,65.91131591796875,0.0
2002-03-22,66.61227416992188,0.0
2002-03-25,67.31390380859375,0.0
2002-03-26,66.26213073730469,0.0
2002-03-27,64.85955047607422,0.0
2002-03-28,66.61227416992188,0.0
2002-03-29,67.6640396118164,0.0
2002-04-01,66.96308898925781,0.0
2002-04-02,67.31390380859375,0.0
2002-04-03,66.61227416992188,0.0
2002-04-04,64.85955047607422,0.0
2002-04-05,64.85955047607422,0.0
2002-04-08,64.1585922241211,0.0
2002-04-09,64.1585922241211,0.0
2002-04-10,63.45696640014648,0.0
2002-04-11,63.10682678222656,0.0
2002-04-12,64.50873565673828,0.0
2002-04-15,64.1585922241211,0.0
2002-04-16,64.85955047607422,0.0
2002-04-17,67.31390380859375,0.0
2002-04-18,66.96308898925781,0.0
2002-04-19,66.26213073730469,0.0
2002-04-22,65.21036529541016,0.0
2002-04-23,65.91131591796875,0.0
2002-04-24,66.61227416992188,0.0
2002-04-25,64.50873565673828,0.0
2002-04-26,64.50873565673828,0.0
2002-04-29,62.40519714355469,0.0
2002-04-30,61.35342788696289,0.0
2002-05-01,61.35342788696289,0.0
2002-05-02,59.600704193115234,0.0
2002-05-03,59.600704193115234,0.0
2002-05-06,56.79620742797852,0.0
2002-05-07,57.49716567993164,0.0
2002-05-08,58.1981201171875,0.0
2002-05-09,59.600704193115234,0.0
2002-05-10,60.65247344970703,0.0
2002-05-13,59.600704193115234,0.0
2002-05-14,61.0032844543457,0.0
2002-05-15,63.10682678222656,0.0
2002-05-16,62.055057525634766,0.0
2002-05-17,62.75601196289063,0.0
2002-05-20,61.0032844543457,0.0
2002-05-21,60.65247344970703,0.0
2002-05-22,61.70424270629883,0.0
2002-05-23,61.0032844543457,0.0
2002-05-24,61.35342788696289,0.0
2002-05-27,60.65247344970703,0.0
2002-05-28,60.30165863037109,0.0
2002-05-29,59.95151519775391,0.0
2002-05-30,60.65247344970703,0.0
2002-05-31,59.95151519775391,0.0
2002-06-03,59.600704193115234,0.0
2002-06-04,57.1463508605957,0.0
2002-06-05,57.49716567993164,0.0
2002-06-06,56.44539642333984,0.0
2002-06-07,52.589134216308594,0.0
2002-06-10,52.589134216308594,0.0
2002-06-11,51.88750457763672,0.0
2002-06-12,50.485595703125,0.0
2002-06-13,52.93927383422852,0.0
2002-06-14,52.93927383422852,0.0
2002-06-17,51.88750457763672,0.0
2002-06-18,52.93927383422852,0.0
2002-06-19,52.83436584472656,0.0
2002-06-20,52.83436584472656,0.0
2002-06-21,53.22026062011719,0.0
2002-06-24,52.83436584472656,0.0
2002-06-25,53.60541534423828,0.0
2002-06-26,51.2915267944336,0.0
2002-06-27,51.2915267944336,0.0
2002-06-28,52.44847106933594,0.0
2002-07-01,51.67742156982422,0.0
2002-07-02,50.9056282043457,0.0
2002-07-03,48.97763442993164,0.0
2002-07-04,49.74868392944336,0.0
2002-07-05,51.67742156982422,0.0
2002-07-08,54.76236343383789,0.0
2002-07-09,55.14825820922852,0.0
2002-07-10,53.991310119628906,0.0
2002-07-11,52.06257629394531,0.0
2002-07-12,54.76236343383789,0.0
2002-07-15,53.60541534423828,0.0
2002-07-16,53.22026062011719,0.0
2002-07-17,51.67742156982422,0.0
2002-07-18,49.74868392944336,0.0
2002-07-19,47.434791564941406,0.0
2002-07-22,46.66373825073242,0.0
2002-07-23,47.82068634033203,0.0
2002-07-24,45.12089920043945,0.0
2002-07-25,44.73574447631836,0.0
2002-07-26,41.65006256103516,0.0
2002-07-29,38.95101165771485,0.0
2002-07-30,40.10795974731445,0.0
2002-07-31,38.95101165771485,0.0
2002-08-01,38.56511688232422,0.0
2002-08-02,38.48823547363281,0.0
2002-08-05,35.86532974243164,0.0
2002-08-06,35.55705642700195,0.0
2002-08-07,38.02545547485352,0.0
2002-08-08,37.87094879150391,0.0
2002-08-09,39.33616638183594,0.0
2002-08-12,38.95101165771485,0.0
2002-08-13,38.56511688232422,0.0
2002-08-14,39.33616638183594,0.0
2002-08-15,40.87900924682617,0.0
2002-08-16,41.2649040222168,0.0
2002-08-19,41.2649040222168,0.0
2002-08-20,42.03595733642578,0.0
2002-08-21,40.87900924682617,0.0
2002-08-22,40.87900924682617,0.0
2002-08-23,40.87900924682617,0.0
2002-08-26,40.49311447143555,0.0
2002-08-27,39.33616638183594,0.0
2002-08-28,38.56511688232422,0.0
2002-08-29,38.56511688232422,0.0
2002-08-30,38.48823547363281,0.0
2002-09-02,37.56267547607422,0.0
2002-09-03,37.56267547607422,0.0
2002-09-04,36.94539260864258,0.0
2002-09-05,36.63711929321289,0.0
2002-09-06,36.63711929321289,0.0
2002-09-09,37.40817260742188,0.0
2002-09-10,38.95101165771485,0.0
2002-09-11,38.95101165771485,0.0
2002-09-12,38.48823547363281,0.0
2002-09-13,37.09989929199219,0.0
2002-09-16,36.40573120117188,0.0
2002-09-17,37.7940673828125,0.0
2002-09-18,35.17116165161133,0.0
2002-09-19,35.17116165161133,0.0
2002-09-20,33.55143737792969,0.0
2002-09-23,32.47211456298828,0.0
2002-09-24,32.62588119506836,0.0
2002-09-25,32.39448928833008,0.0
2002-09-26,32.857269287109375,0.0
2002-09-27,32.39448928833008,0.0
2002-09-30,31.7003231048584,0.0
2002-10-01,30.92927360534668,0.0
2002-10-02,30.852388381958008,0.0
2002-10-03,29.07815933227539,0.0
2002-10-04,29.309547424316406,0.0
2002-10-07,27.766706466674805,0.0
2002-10-08,27.45843315124512,0.0
2002-10-09,27.766706466674805,0.0
2002-10-10,27.766706466674805,0.0
2002-10-11,27.53531837463379,0.0
2002-10-14,29.309547424316406,0.0
2002-10-15,31.315168380737305,0.0
2002-10-16,33.474552154541016,0.0
2002-10-17,33.55143737792969,0.0
2002-10-18,35.86532974243164,0.0
2002-10-21,35.09428024291992,0.0
2002-10-22,33.55143737792969,0.0
2002-10-23,34.7083854675293,0.0
2002-10-24,34.7083854675293,0.0
2002-10-25,35.48017501831055,0.0
2002-10-28,35.94295120239258,0.0
2002-10-29,36.096717834472656,0.0
2002-10-30,35.09428024291992,0.0
2002-10-31,35.86532974243164,0.0
2002-11-01,34.7083854675293,0.0
2002-11-04,36.251224517822266,0.0
2002-11-05,36.79088592529297,0.0
2002-11-06,39.33616638183594,0.0
2002-11-07,39.72206115722656,0.0
2002-11-08,39.33616638183594,0.0
2002-11-11,36.79088592529297,0.0
2002-11-12,36.096717834472656,0.0
2002-11-13,36.096717834472656,0.0
2002-11-14,35.788448333740234,0.0
2002-11-15,37.3312873840332,0.0
2002-11-18,37.1767807006836,0.0
2002-11-19,36.71400451660156,0.0
2002-11-20,35.55705642700195,0.0
2002-11-21,36.17434310913086,0.0
2002-11-22,38.56511688232422,0.0
2002-11-25,40.10795974731445,0.0
2002-11-26,38.95101165771485,0.0
2002-11-27,38.56511688232422,0.0
2002-11-28,38.95101165771485,0.0
2002-11-29,38.95101165771485,0.0
2002-12-02,38.95101165771485,0.0
2002-12-03,41.2649040222168,0.0
2002-12-04,40.10795974731445,0.0
2002-12-05,40.49311447143555,0.0
2002-12-06,39.72206115722656,0.0
2002-12-09,40.10795974731445,0.0
2002-12-10,38.56511688232422,0.0
2002-12-11,38.56511688232422,0.0
2002-12-12,37.7940673828125,0.0
2002-12-13,37.56267547607422,0.0
2002-12-16,36.94539260864258,0.0
2002-12-17,36.86850738525391,0.0
2002-12-18,37.02227783203125,0.0
2002-12-19,35.402549743652344,0.0
2002-12-20,35.48017501831055,0.0
2002-12-23,34.32322692871094,0.0
2002-12-24,34.55461883544922,0.0
2002-12-25,34.476993560791016,0.0
2002-12-26,35.48017501831055,0.0
2002-12-27,35.09428024291992,0.0
2002-12-30,33.32004928588867,0.0
2002-12-31,32.857269287109375,0.0
2003-01-01,32.857269287109375,0.0
2003-01-02,32.78038787841797,0.0
2003-01-03,34.55461883544922,0.0
2003-01-06,34.55461883544922,0.0
2003-01-07,35.01739501953125,0.0
2003-01-08,35.86532974243164,0.0
2003-01-09,35.48017501831055,0.0
2003-01-10,36.40573120117188,0.0
2003-01-13,38.95101165771485,0.0
2003-01-14,38.95101165771485,0.0
2003-01-15,38.95101165771485,0.0
2003-01-16,37.48505401611328,0.0
2003-01-17,37.63956069946289,0.0
2003-01-20,36.94539260864258,0.0
2003-01-21,36.71400451660156,0.0
2003-01-22,36.86850738525391,0.0
2003-01-23,38.95101165771485,0.0
2003-01-24,38.10234069824219,0.0
2003-01-27,37.7164421081543,0.0
2003-01-28,36.79088592529297,0.0
2003-01-29,36.79088592529297,0.0
2003-01-30,36.79088592529297,0.0
2003-01-31,36.79088592529297,0.0
2003-02-03,36.79088592529297,0.0
2003-02-04,36.79088592529297,0.0
2003-02-05,36.79088592529297,0.0
2003-02-06,34.24560546875,0.0
2003-02-07,32.39448928833008,0.0
2003-02-10,31.392051696777344,0.0
2003-02-11,32.009334564208984,0.0
2003-02-12,31.16066169738769,0.0
2003-02-13,31.00615692138672,0.0
2003-02-14,31.62343978881836,0.0
2003-02-17,33.7828254699707,0.0
2003-02-18,33.08865737915039,0.0
2003-02-19,33.166282653808594,0.0
2003-02-20,34.014217376708984,0.0
2003-02-21,34.631500244140625,0.0
2003-02-24,34.93977355957031,0.0
2003-02-25,33.166282653808594,0.0
2003-02-26,33.011775970458984,0.0
2003-02-27,32.39448928833008,0.0
2003-02-28,32.39448928833008,0.0
2003-03-03,33.93733215332031,0.0
2003-03-04,33.474552154541016,0.0
2003-03-05,32.086219787597656,0.0
2003-03-06,31.931713104248047,0.0
2003-03-07,32.086219787597656,0.0
2003-03-10,32.857269287109375,0.0
2003-03-11,32.78038787841797,0.0
2003-03-12,33.166282653808594,0.0
2003-03-13,34.014217376708984,0.0
2003-03-14,35.09428024291992,0.0
2003-03-17,33.93733215332031,0.0
2003-03-18,36.251224517822266,0.0
2003-03-19,36.94539260864258,0.0
2003-03-20,37.48505401611328,0.0
2003-03-21,37.40817260742188,0.0
2003-03-24,37.40817260742188,0.0
2003-03-25,35.94295120239258,0.0
2003-03-26,36.251224517822266,0.0
2003-03-27,34.631500244140625,0.0
2003-03-28,34.24560546875,0.0
2003-03-31,32.62588119506836,0.0
2003-04-01,32.54899597167969,0.0
2003-04-02,33.011775970458984,0.0
2003-04-03,33.860450744628906,0.0
2003-04-04,34.86288833618164,0.0
2003-04-07,35.633941650390625,0.0
2003-04-08,35.248783111572266,0.0
2003-04-09,34.55461883544922,0.0
2003-04-10,34.32322692871094,0.0
2003-04-11,34.55461883544922,0.0
2003-04-14,33.629058837890625,0.0
2003-04-15,34.476993560791016,0.0
2003-04-16,36.17434310913086,0.0
2003-04-17,35.32566833496094,0.0
2003-04-18,36.63711929321289,0.0
2003-04-21,37.253665924072266,0.0
2003-04-22,36.251224517822266,0.0
2003-04-23,37.253665924072266,0.0
2003-04-24,36.48261260986328,0.0
2003-04-25,35.09428024291992,0.0
2003-04-28,33.93733215332031,0.0
2003-04-29,34.786006927490234,0.0
2003-04-30,36.86850738525391,0.0
2003-05-01,36.86850738525391,0.0
2003-05-02,37.253665924072266,0.0
2003-05-05,37.40817260742188,0.0
2003-05-06,36.86850738525391,0.0
2003-05-07,36.79088592529297,0.0
2003-05-08,36.01983642578125,0.0
2003-05-09,36.63711929321289,0.0
2003-05-12,37.253665924072266,0.0
2003-05-13,37.94783401489258,0.0
2003-05-14,37.94783401489258,0.0
2003-05-15,38.1792221069336,0.0
2003-05-16,37.63956069946289,0.0
2003-05-19,37.7164421081543,0.0
2003-05-20,37.02227783203125,0.0
2003-05-21,37.02227783203125,0.0
2003-05-22,37.02227783203125,0.0
2003-05-23,37.87094879150391,0.0
2003-05-26,38.41061019897461,0.0
2003-05-27,38.02545547485352,0.0
2003-05-28,38.95101165771485,0.0
2003-05-29,40.10795974731445,0.0
2003-05-30,41.2649040222168,0.0
2003-06-02,43.57879638671875,0.0
2003-06-03,43.192901611328125,0.0
2003-06-04,43.192901611328125,0.0
2003-06-05,44.34984970092773,0.0
2003-06-06,45.12089920043945,0.0
2003-06-09,45.50679397583008,0.0
2003-06-10,44.34984970092773,0.0
2003-06-11,43.57879638671875,0.0
2003-06-12,45.12089920043945,0.0
2003-06-13,43.96395111083984,0.0
2003-06-16,43.192901611328125,0.0
2003-06-17,44.73574447631836,0.0
2003-06-18,45.50679397583008,0.0
2003-06-19,45.50679397583008,0.0
2003-06-20,45.12089920043945,0.0
2003-06-23,44.34984970092773,0.0
2003-06-24,43.96395111083984,0.0
2003-06-25,43.96395111083984,0.0
2003-06-26,43.96395111083984,0.0
2003-06-27,43.96395111083984,0.0
2003-06-30,43.96395111083984,0.0
2003-07-01,45.12089920043945,0.0
2003-07-02,46.2778434753418,0.0
2003-07-03,47.04963684082031,0.0
2003-07-04,47.82068634033203,0.0
2003-07-07,47.04913330078125,0.0
2003-07-08,47.82039260864258,0.0
2003-07-09,46.66350555419922,0.0
2003-07-10,44.3497314453125,0.0
2003-07-11,44.3497314453125,0.0
2003-07-14,45.89224624633789,0.0
2003-07-15,45.89224624633789,0.0
2003-07-16,45.89224624633789,0.0
2003-07-17,44.73535919189453,0.0
2003-07-18,44.73535919189453,0.0
2003-07-21,43.9640998840332,0.0
2003-07-22,43.57847213745117,0.0
2003-07-23,44.3497314453125,0.0
2003-07-24,45.12098693847656,0.0
2003-07-25,43.9640998840332,0.0
2003-07-28,44.73535919189453,0.0
2003-07-29,43.9640998840332,0.0
2003-07-30,43.9640998840332,0.0
2003-07-31,45.50661849975586,0.0
2003-08-01,46.27787399291992,0.0
2003-08-04,46.27787399291992,0.0
2003-08-05,45.12098693847656,0.0
2003-08-06,45.12098693847656,0.0
2003-08-07,46.27787399291992,0.0
2003-08-08,44.73535919189453,0.0
2003-08-11,43.9640998840332,0.0
2003-08-12,43.9640998840332,0.0
2003-08-13,45.50661849975586,0.0
2003-08-14,45.89224624633789,0.0
2003-08-15,47.04913330078125,0.0
2003-08-18,47.43476104736328,0.0
2003-08-19,48.206817626953125,0.0
2003-08-20,48.59244537353516,0.0
2003-08-21,49.36370468139648,0.0
2003-08-22,49.36370468139648,0.0
2003-08-25,49.74933242797852,0.0
2003-08-26,48.59244537353516,0.0
2003-08-27,49.36370468139648,0.0
2003-08-28,50.52059173583984,0.0
2003-08-29,51.6774787902832,0.0
2003-09-01,52.063106536865234,0.0
2003-09-02,51.6774787902832,0.0
2003-09-03,51.29185104370117,0.0
2003-09-04,50.90621948242188,0.0
2003-09-05,52.44873809814453,0.0
2003-09-08,54.76251220703125,0.0
2003-09-09,54.37688064575195,0.0
2003-09-10,53.60562515258789,0.0
2003-09-11,53.60562515258789,0.0
2003-09-12,52.44873809814453,0.0
2003-09-15,51.6774787902832,0.0
2003-09-16,52.83436584472656,0.0
2003-09-17,55.14813995361328,0.0
2003-09-18,54.37688064575195,0.0
2003-09-19,53.219993591308594,0.0
2003-09-22,52.063106536865234,0.0
2003-09-23,52.44873809814453,0.0
2003-09-24,52.44873809814453,0.0
2003-09-25,51.29185104370117,0.0
2003-09-26,50.90621948242188,0.0
2003-09-29,51.29185104370117,0.0
2003-09-30,51.29185104370117,0.0
2003-10-01,51.29185104370117,0.0
2003-10-02,52.83436584472656,0.0
2003-10-03,53.99125289916992,0.0
2003-10-06,54.76251220703125,0.0
2003-10-07,53.99125289916992,0.0
2003-10-08,53.60562515258789,0.0
2003-10-09,53.219993591308594,0.0
2003-10-10,53.219993591308594,0.0
2003-10-13,53.99125289916992,0.0
2003-10-14,52.83436584472656,0.0
2003-10-15,52.44873809814453,0.0
2003-10-16,53.60562515258789,0.0
2003-10-17,52.44873809814453,0.0
2003-10-20,52.44873809814453,0.0
2003-10-21,51.6774787902832,0.0
2003-10-22,50.90621948242188,0.0
2003-10-23,49.74933242797852,0.0
2003-10-24,49.74933242797852,0.0
2003-10-27,50.52059173583984,0.0
2003-10-28,52.44873809814453,0.0
2003-10-29,53.60562515258789,0.0
2003-10-30,53.60562515258789,0.0
2003-10-31,51.6774787902832,0.0
2003-11-03,51.6774787902832,0.0
2003-11-04,52.83436584472656,0.0
2003-11-05,53.60562515258789,0.0
2003-11-06,53.219993591308594,0.0
2003-11-07,53.219993591308594,0.0
2003-11-10,52.44873809814453,0.0
2003-11-11,50.90621948242188,0.0
2003-11-12,51.29185104370117,0.0
2003-11-13,52.063106536865234,0.0
2003-11-14,52.063106536865234,0.0
2003-11-17,51.29185104370117,0.0
2003-11-18,51.6774787902832,0.0
2003-11-19,50.90621948242188,0.0
2003-11-20,50.52059173583984,0.0
2003-11-21,50.13496398925781,0.0
2003-11-24,49.36370468139648,0.0
2003-11-25,50.52059173583984,0.0
2003-11-26,50.13496398925781,0.0
2003-11-27,48.59244537353516,0.0
2003-11-28,48.97807693481445,0.0
2003-12-01,49.36370468139648,0.0
2003-12-02,50.90621948242188,0.0
2003-12-03,51.29185104370117,0.0
2003-12-04,51.6774787902832,0.0
2003-12-05,50.13496398925781,0.0
2003-12-08,48.97807693481445,0.0
2003-12-09,49.74933242797852,0.0
2003-12-10,47.82039260864258,0.0
2003-12-11,48.206817626953125,0.0
2003-12-12,47.82039260864258,0.0
2003-12-15,48.59244537353516,0.0
2003-12-16,47.04913330078125,0.0
2003-12-17,45.89224624633789,0.0
2003-12-18,46.27787399291992,0.0
2003-12-19,46.27787399291992,0.0
2003-12-22,47.43476104736328,0.0
2003-12-23,47.82039260864258,0.0
2003-12-24,47.43476104736328,0.0
2003-12-25,47.82039260864258,0.0
2003-12-26,47.82039260864258,0.0
2003-12-29,47.82039260864258,0.0
2003-12-30,48.59244537353516,0.0
2003-12-31,48.97807693481445,0.0
2004-01-01,48.97807693481445,0.0
2004-01-02,50.52059173583984,0.0
2004-01-05,50.90621948242188,0.0
2004-01-06,50.90621948242188,0.0
2004-01-07,50.52059173583984,0.0
2004-01-08,50.52059173583984,0.0
2004-01-09,52.063106536865234,0.0
2004-01-12,52.063106536865234,0.0
2004-01-13,52.063106536865234,0.0
2004-01-14,51.6774787902832,0.0
2004-01-15,51.6774787902832,0.0
2004-01-16,51.29185104370117,0.0
2004-01-19,51.29185104370117,0.0
2004-01-20,51.29185104370117,0.0
2004-01-21,51.29185104370117,0.0
2004-01-22,51.29185104370117,0.0
2004-01-23,51.29185104370117,0.0
2004-01-26,51.29185104370117,0.0
2004-01-27,52.83436584472656,0.0
2004-01-28,52.063106536865234,0.0
2004-01-29,51.29185104370117,0.0
2004-01-30,50.90621948242188,0.0
2004-02-02,50.13496398925781,0.0
2004-02-03,48.97807693481445,0.0
2004-02-04,48.206817626953125,0.0
2004-02-05,48.206817626953125,0.0
2004-02-06,48.59244537353516,0.0
2004-02-09,50.13496398925781,0.0
2004-02-10,49.36370468139648,0.0
2004-02-11,49.36370468139648,0.0
2004-02-12,49.74933242797852,0.0
2004-02-13,49.36370468139648,0.0
2004-02-16,48.206817626953125,0.0
2004-02-17,48.206817626953125,0.0
2004-02-18,48.59244537353516,0.0
2004-02-19,48.97807693481445,0.0
2004-02-20,48.97807693481445,0.0
2004-02-23,48.206817626953125,0.0
2004-02-24,47.43476104736328,0.0
2004-02-25,47.43476104736328,0.0
2004-02-26,48.97807693481445,0.0
2004-02-27,48.97807693481445,0.0
2004-03-01,49.74933242797852,0.0
2004-03-02,51.6774787902832,0.0
2004-03-03,50.90621948242188,0.0
2004-03-04,51.6774787902832,0.0
2004-03-05,51.6774787902832,0.0
2004-03-08,50.90621948242188,0.0
2004-03-09,50.52059173583984,0.0
2004-03-10,48.59244537353516,0.0
2004-03-11,48.97807693481445,0.0
2004-03-12,47.82039260864258,0.0
2004-03-15,47.04913330078125,0.0
2004-03-16,46.66350555419922,0.0
2004-03-17,46.66350555419922,0.0
2004-03-18,47.82039260864258,0.0
2004-03-19,48.59244537353516,0.0
2004-03-22,45.50661849975586,0.0
2004-03-23,42.42158508300781,0.0
2004-03-24,44.73535919189453,0.0
2004-03-25,44.73535919189453,0.0
2004-03-26,45.12098693847656,0.0
2004-03-29,47.43476104736328,0.0
2004-03-30,46.27787399291992,0.0
2004-03-31,46.27787399291992,0.0
2004-04-01,45.89224624633789,0.0
2004-04-02,45.89224624633789,0.0
2004-04-05,47.82039260864258,0.0
2004-04-06,47.82039260864258,0.0
2004-04-07,47.43476104736328,0.0
2004-04-08,47.04913330078125,0.0
2004-04-09,46.27787399291992,0.0
2004-04-12,47.04913330078125,0.0
2004-04-13,46.66350555419922,0.0
2004-04-14,48.59244537353516,0.0
2004-04-15,47.04913330078125,0.0
2004-04-16,47.04913330078125,0.0
2004-04-19,45.89224624633789,0.0
2004-04-20,47.04913330078125,0.0
2004-04-21,47.43476104736328,0.0
2004-04-22,47.82039260864258,0.0
2004-04-23,49.36370468139648,0.0
2004-04-26,48.97807693481445,0.0
2004-04-27,48.97807693481445,0.0
2004-04-28,47.82039260864258,0.0
2004-04-29,46.66350555419922,0.0
2004-04-30,44.3497314453125,0.0
2004-05-03,44.73535919189453,0.0
2004-05-04,45.50661849975586,0.0
2004-05-05,42.42158508300781,0.0
2004-05-06,42.80721282958984,0.0
2004-05-07,43.9640998840332,0.0
2004-05-10,42.42158508300781,0.0
2004-05-11,44.3497314453125,0.0
2004-05-12,44.3497314453125,0.0
2004-05-13,43.9640998840332,0.0
2004-05-14,42.42158508300781,0.0
2004-05-17,39.72218322753906,0.0
2004-05-18,40.10781097412109,0.0
2004-05-19,42.80721282958984,0.0
2004-05-20,42.42158508300781,0.0
2004-05-21,42.42158508300781,0.0
2004-05-24,41.65032577514648,0.0
2004-05-25,42.03595733642578,0.0
2004-05-26,43.19284439086914,0.0
2004-05-27,43.9640998840332,0.0
2004-05-28,44.73535919189453,0.0
2004-05-31,43.19284439086914,0.0
2004-06-01,43.57847213745117,0.0
2004-06-02,42.80721282958984,0.0
2004-06-03,40.87907028198242,0.0
2004-06-04,40.87907028198242,0.0
2004-06-07,42.42158508300781,0.0
2004-06-08,43.57847213745117,0.0
2004-06-09,42.42158508300781,0.0
2004-06-10,40.87907028198242,0.0
2004-06-11,38.95092391967773,0.0
2004-06-14,38.1017951965332,0.481996
2004-06-15,37.83764266967773,0.0
2004-06-16,38.277591705322266,0.0
2004-06-17,38.98169708251953,0.0
2004-06-18,37.661842346191406,0.0
2004-06-21,38.277591705322266,0.0
2004-06-22,38.277591705322266,0.0
2004-06-23,40.21410751342773,0.0
2004-06-24,40.301551818847656,0.0
2004-06-25,40.65406036376953,0.0
2004-06-28,40.38990783691406,0.0
2004-06-29,40.565704345703125,0.0
2004-06-30,42.58966445922852,0.0
2004-07-01,42.58966445922852,0.0
2004-07-02,40.65406036376953,0.0
2004-07-05,39.42164993286133,0.0
2004-07-06,40.4782600402832,0.0
2004-07-07,39.334205627441406,0.0
2004-07-08,39.59835815429688,0.0
2004-07-09,40.4782600402832,0.0
2004-07-12,39.42164993286133,0.0
2004-07-13,38.89425277709961,0.0
2004-07-14,38.89425277709961,0.0
2004-07-15,37.83764266967773,0.0
2004-07-16,37.39768981933594,0.0
2004-07-19,37.13444900512695,0.0
2004-07-20,36.51778793334961,0.0
2004-07-21,38.19014739990234,0.0
2004-07-22,38.1017951965332,0.0
2004-07-23,37.661842346191406,0.0
2004-07-26,35.99039077758789,0.0
2004-07-27,36.69449615478516,0.0
2004-07-28,36.69449615478516,0.0
2004-07-29,36.07783508300781,0.0
2004-07-30,37.75019836425781,0.0
2004-08-02,37.661842346191406,0.0
2004-08-03,38.71754455566406,0.0
2004-08-04,38.54174423217773,0.0
2004-08-05,39.59835815429688,0.0
2004-08-06,38.71754455566406,0.0
2004-08-09,38.1017951965332,0.0
2004-08-10,38.1017951965332,0.0
2004-08-11,38.54174423217773,0.0
2004-08-12,38.54174423217773,0.0
2004-08-13,38.54174423217773,0.0
2004-08-16,38.19014739990234,0.0
2004-08-17,38.54174423217773,0.0
2004-08-18,39.42164993286133,0.0
2004-08-19,41.181453704833984,0.0
2004-08-20,40.829856872558594,0.0
2004-08-23,41.3581657409668,0.0
2004-08-24,41.3581657409668,0.0
2004-08-25,41.3581657409668,0.0
2004-08-26,42.76546096801758,0.0
2004-08-27,42.238067626953125,0.0
2004-08-30,42.32550811767578,0.0
2004-08-31,41.3581657409668,0.0
2004-09-01,41.44560623168945,0.0
2004-09-02,40.38990783691406,0.0
2004-09-03,39.07005310058594,0.0
2004-09-06,38.71754455566406,0.0
2004-09-07,39.07005310058594,0.0
2004-09-08,38.63010025024414,0.0
2004-09-09,38.45430374145508,0.0
2004-09-10,39.245849609375,0.0
2004-09-13,40.38990783691406,0.0
2004-09-14,40.03831100463867,0.0
2004-09-15,39.949954986572266,0.0
2004-09-16,39.949954986572266,0.0
2004-09-17,39.42164993286133,0.0
2004-09-20,39.7741584777832,0.0
2004-09-21,40.4782600402832,0.0
2004-09-22,40.301551818847656,0.0
2004-09-23,39.51000213623047,0.0
2004-09-24,38.45430374145508,0.0
2004-09-27,37.83764266967773,0.0
2004-09-28,37.83764266967773,0.0
2004-09-29,37.57440185546875,0.0
2004-09-30,38.1017951965332,0.0
2004-10-01,39.15749740600586,0.0
2004-10-04,40.03831100463867,0.0
2004-10-05,39.86159896850586,0.0
2004-10-06,39.59835815429688,0.0
2004-10-07,39.59835815429688,0.0
2004-10-08,38.1017951965332,0.0
2004-10-11,37.661842346191406,0.0
2004-10-12,37.48604583740234,0.0
2004-10-13,37.48604583740234,0.0
2004-10-14,37.57440185546875,0.0
2004-10-15,37.39768981933594,0.0
2004-10-18,37.13444900512695,0.0
2004-10-19,37.83764266967773,0.0
2004-10-20,37.661842346191406,0.0
2004-10-21,38.01435089111328,0.0
2004-10-22,38.01435089111328,0.0
2004-10-25,38.01435089111328,0.0
2004-10-26,37.13444900512695,0.0
2004-10-27,36.87029647827149,0.0
2004-10-28,37.83764266967773,0.0
2004-10-29,38.54174423217773,0.0
2004-11-01,38.63010025024414,0.0
2004-11-02,39.59835815429688,0.0
2004-11-03,41.26980972290039,0.0
2004-11-04,41.79811477661133,0.0
2004-11-05,41.973915100097656,0.0
2004-11-08,42.14971160888672,0.0
2004-11-09,42.06135559082031,0.0
2004-11-10,42.238067626953125,0.0
2004-11-11,40.74150466918945,0.0
2004-11-12,41.3581657409668,0.0
2004-11-15,41.79811477661133,0.0
2004-11-16,42.58966445922852,0.0
2004-11-17,43.73371887207031,0.0
2004-11-18,44.43782424926758,0.0
2004-11-19,44.43782424926758,0.0
2004-11-22,42.41386413574219,0.0
2004-11-23,42.58966445922852,0.0
2004-11-24,43.02961349487305,0.0
2004-11-25,42.502220153808594,0.0
2004-11-26,41.53396224975586,0.0
2004-11-29,41.26980972290039,0.0
2004-11-30,41.62140655517578,0.0
2004-12-01,40.829856872558594,0.0
2004-12-02,42.238067626953125,0.0
2004-12-03,43.02961349487305,0.0
2004-12-06,43.02961349487305,0.0
2004-12-07,43.29376983642578,0.0
2004-12-08,42.942169189453125,0.0
2004-12-09,42.41386413574219,0.0
2004-12-10,42.41386413574219,0.0
2004-12-13,41.88555908203125,0.0
2004-12-14,42.32550811767578,0.0
2004-12-15,43.82207489013672,0.0
2004-12-16,43.99787139892578,0.0
2004-12-17,43.82207489013672,0.0
2004-12-20,43.99787139892578,0.0
2004-12-21,43.38212203979492,0.0
2004-12-22,43.82207489013672,0.0
2004-12-23,43.99787139892578,0.0
2004-12-24,43.99787139892578,0.0
2004-12-27,43.90951919555664,0.0
2004-12-28,43.99787139892578,0.0
2004-12-29,44.43782424926758,0.0
2004-12-30,44.43782424926758,0.0
2004-12-31,44.43782424926758,0.0
2005-01-03,44.87777328491211,0.0
2005-01-04,43.64536666870117,0.0
2005-01-05,42.678016662597656,0.0
2005-01-06,42.238067626953125,0.0
2005-01-07,42.06135559082031,0.0
2005-01-10,42.678016662597656,0.0
2005-01-11,42.41386413574219,0.0
2005-01-12,41.3581657409668,0.0
2005-01-13,41.181453704833984,0.0
2005-01-14,41.3581657409668,0.0
2005-01-17,43.02961349487305,0.0
2005-01-18,43.205413818359375,0.0
2005-01-19,41.973915100097656,0.0
2005-01-20,42.238067626953125,0.0
2005-01-21,41.79811477661133,0.0
2005-01-24,41.3581657409668,0.0
2005-01-25,41.88555908203125,0.0
2005-01-26,43.29376983642578,0.0
2005-01-27,43.46956634521485,0.0
2005-01-28,43.99787139892578,0.0
2005-01-31,45.7576789855957,0.0
2005-02-01,46.19762802124024,0.0
2005-02-02,47.07753372192383,0.0
2005-02-03,47.07753372192383,0.0
2005-02-04,47.07753372192383,0.0
2005-02-07,47.07753372192383,0.0
2005-02-08,47.07753372192383,0.0
2005-02-09,47.07753372192383,0.0
2005-02-10,47.07753372192383,0.0
2005-02-11,47.07753372192383,0.0
2005-02-14,47.95743560791016,0.0
2005-02-15,48.39738464355469,0.0
2005-02-16,47.95743560791016,0.0
2005-02-17,47.07753372192383,0.0
2005-02-18,47.51748275756836,0.0
2005-02-21,47.95743560791016,0.0
2005-02-22,47.51748275756836,0.0
2005-02-23,47.07753372192383,0.0
2005-02-24,46.63758087158203,0.0
2005-02-25,48.39738464355469,0.0
2005-02-28,48.39738464355469,0.0
2005-03-01,47.78163528442383,0.0
2005-03-02,47.605838775634766,0.0
2005-03-03,47.07753372192383,0.0
2005-03-04,46.19762802124024,0.0
2005-03-07,46.4617805480957,0.0
2005-03-08,47.25333023071289,0.0
2005-03-09,46.63758087158203,0.0
2005-03-10,45.7576789855957,0.0
2005-03-11,46.19762802124024,0.0
2005-03-14,45.31772613525391,0.0
2005-03-15,44.96521759033203,0.0
2005-03-16,45.7576789855957,0.0
2005-03-17,44.78942108154297,0.0
2005-03-18,44.78942108154297,0.0
2005-03-21,44.5252685546875,0.0
2005-03-22,44.43782424926758,0.0
2005-03-23,44.26202392578125,0.0
2005-03-24,44.5252685546875,0.0
2005-03-25,45.31772613525391,0.0
2005-03-28,45.31772613525391,0.0
2005-03-29,44.96521759033203,0.0
2005-03-30,44.5252685546875,0.0
2005-03-31,45.31772613525391,0.0
2005-04-01,46.28598403930664,0.0
2005-04-04,45.933475494384766,0.0
2005-04-05,45.933475494384766,0.0
2005-04-06,45.31772613525391,0.0
2005-04-07,45.2293701171875,0.0
2005-04-08,46.02183151245117,0.0
2005-04-11,45.6693229675293,0.0
2005-04-12,46.02183151245117,0.0
2005-04-13,46.19762802124024,0.0
2005-04-14,45.14192962646485,0.0
2005-04-15,45.14192962646485,0.0
2005-04-18,44.26202392578125,0.0
2005-04-19,44.0853157043457,0.0
2005-04-20,44.0853157043457,0.0
2005-04-21,43.64536666870117,0.0
2005-04-22,43.64536666870117,0.0
2005-04-25,43.82207489013672,0.0
2005-04-26,45.40517044067383,0.0
2005-04-27,45.933475494384766,0.0
2005-04-28,46.63758087158203,0.0
2005-04-29,45.6693229675293,0.0
2005-05-02,45.6693229675293,0.0
2005-05-03,46.02183151245117,0.0
2005-05-04,46.19762802124024,0.0
2005-05-05,47.42913055419922,0.0
2005-05-06,48.0457878112793,0.0
2005-05-09,48.13323211669922,0.0
2005-05-10,48.13323211669922,0.0
2005-05-11,47.16588592529297,0.0
2005-05-12,47.95743560791016,0.0
2005-05-13,48.221588134765625,0.0
2005-05-16,48.221588134765625,0.0
2005-05-17,47.78163528442383,0.0
2005-05-18,48.30903244018555,0.0
2005-05-19,49.62979888916016,0.0
2005-05-20,49.71723937988281,0.0
2005-05-23,48.573184967041016,0.0
2005-05-24,49.62979888916016,0.0
2005-05-25,49.10149002075195,0.0
2005-05-26,49.27729034423828,0.0
2005-05-27,49.98139190673828,0.0
2005-05-30,49.89303970336914,0.0
2005-05-31,50.06974792480469,0.0
2005-06-01,49.18984603881836,0.0
2005-06-02,50.06974792480469,0.0
2005-06-03,50.77294158935547,0.0
2005-06-06,51.125450134277344,0.0
2005-06-07,50.59714126586914,0.0
2005-06-08,51.21289443969727,0.0
2005-06-09,51.03709411621094,0.0
2005-06-10,51.125450134277344,0.0
2005-06-13,50.35530853271485,1.821562
2005-06-14,50.35530853271485,0.0
2005-06-15,50.81725692749024,0.0
2005-06-16,51.648380279541016,0.0
2005-06-17,52.48046112060547,0.0
2005-06-20,52.57228088378906,0.0
2005-06-21,51.55656433105469,0.0
2005-06-22,52.57228088378906,0.0
2005-06-23,52.849639892578125,0.0
2005-06-24,52.295875549316406,0.0
2005-06-27,52.203102111816406,0.0
2005-06-28,52.110328674316406,0.0
2005-06-29,50.72448348999024,0.0
2005-06-30,50.91002655029297,0.0
2005-07-01,51.46379470825195,0.0
2005-07-04,50.91002655029297,0.0
2005-07-05,50.26253509521485,0.0
2005-07-06,50.44807815551758,0.0
2005-07-07,50.44807815551758,0.0
2005-07-08,49.708770751953125,0.0
2005-07-11,52.48046112060547,0.0
2005-07-12,52.7578239440918,0.0
2005-07-13,52.48046112060547,0.0
2005-07-14,52.6650505065918,0.0
2005-07-15,52.295875549316406,0.0
2005-07-18,52.295875549316406,0.0
2005-07-19,51.925743103027344,0.0
2005-07-20,52.110328674316406,0.0
2005-07-21,52.110328674316406,0.0
2005-07-22,52.57228088378906,0.0
2005-07-25,51.833927154541016,0.0
2005-07-26,51.371978759765625,0.0
2005-07-27,49.06127548217773,0.0
2005-07-28,49.80058670043945,0.0
2005-07-29,49.15404891967773,0.0
2005-08-01,49.24681854248047,0.0
2005-08-02,50.72448348999024,0.0
2005-08-03,51.648380279541016,0.0
2005-08-04,50.53989410400391,0.0
2005-08-05,50.53989410400391,0.0
2005-08-08,49.3386344909668,0.0
2005-08-09,48.969459533691406,0.0
2005-08-10,48.78487014770508,0.0
2005-08-11,49.523223876953125,0.0
2005-08-12,49.523223876953125,0.0
2005-08-15,48.969459533691406,0.0
2005-08-16,48.969459533691406,0.0
2005-08-17,48.69210052490234,0.0
2005-08-18,48.04556274414063,0.0
2005-08-19,47.67543029785156,0.0
2005-08-22,48.04556274414063,0.0
2005-08-23,48.04556274414063,0.0
2005-08-24,47.583614349365234,0.0
2005-08-25,47.8609733581543,0.0
2005-08-26,48.78487014770508,0.0
2005-08-29,47.399024963378906,0.0
2005-08-30,47.21348190307617,0.0
2005-08-31,49.89335632324219,0.0
2005-09-01,49.89335632324219,0.0
2005-09-02,48.59932708740234,0.0
2005-09-05,48.13737869262695,0.0
2005-09-06,48.23014831542969,0.0
2005-09-07,48.04556274414063,0.0
2005-09-08,47.95278930664063,0.0
2005-09-09,47.67543029785156,0.0
2005-09-12,48.69210052490234,0.0
2005-09-13,49.4314079284668,0.0
2005-09-14,49.80058670043945,0.0
2005-09-15,49.80058670043945,0.0
2005-09-16,48.59932708740234,0.0
2005-09-19,49.15404891967773,0.0
2005-09-20,49.523223876953125,0.0
2005-09-21,49.523223876953125,0.0
2005-09-22,48.13737869262695,0.0
2005-09-23,47.490840911865234,0.0
2005-09-26,47.12166213989258,0.0
2005-09-27,47.583614349365234,0.0
2005-09-28,47.306251525878906,0.0
2005-09-29,49.82927703857422,0.0
2005-09-30,50.97697830200195,0.0
2005-10-03,50.4987678527832,0.0
2005-10-04,51.64646911621094,0.0
2005-10-05,51.83774948120117,0.0
2005-10-06,51.35954284667969,0.0
2005-10-07,51.55082702636719,0.0
2005-10-10,51.55082702636719,0.0
2005-10-11,50.59440994262695,0.0
2005-10-12,49.54235458374024,0.0
2005-10-13,49.159786224365234,0.0
2005-10-14,48.87286376953125,0.0
2005-10-17,47.916446685791016,0.0
2005-10-18,48.29901123046875,0.0
2005-10-19,47.39041519165039,0.0
2005-10-20,48.10773086547852,0.0
2005-10-21,47.05567169189453,0.0
2005-10-24,48.10773086547852,0.0
2005-10-25,48.5859375,0.0
2005-10-26,48.5859375,0.0
2005-10-27,47.438236236572266,0.0
2005-10-28,48.203369140625,0.0
2005-10-31,49.73363494873047,0.0
2005-11-01,49.54235458374024,0.0
2005-11-02,50.40312576293945,0.0
2005-11-03,51.16825866699219,0.0
2005-11-04,51.83774948120117,0.0
2005-11-07,52.02903366088867,0.0
2005-11-08,52.12467575073242,0.0
2005-11-09,52.88980865478516,0.0
2005-11-10,53.46365737915039,0.0
2005-11-11,54.515716552734375,0.0
2005-11-14,54.515716552734375,0.0
2005-11-15,54.515716552734375,0.0
2005-11-16,54.32443237304688,0.0
2005-11-17,53.65494155883789,0.0
2005-11-18,54.611358642578125,0.0
2005-11-21,55.37649154663086,0.0
2005-11-22,55.47213363647461,0.0
2005-11-23,57.09804153442383,0.0
2005-11-24,57.09804153442383,0.0
2005-11-25,56.52418899536133,0.0
2005-11-28,56.90675735473633,0.0
2005-11-29,55.28084945678711,0.0
2005-11-30,56.90675735473633,0.0
2005-12-01,56.71547317504883,0.0
2005-12-02,57.95881271362305,0.0
2005-12-05,59.29779815673828,0.0
2005-12-06,59.776004791259766,0.0
2005-12-07,59.776004791259766,0.0
2005-12-08,59.01087188720703,0.0
2005-12-09,58.15009689331055,0.0
2005-12-12,58.53266525268555,0.0
2005-12-13,59.29779815673828,0.0
2005-12-14,58.4370231628418,0.0
2005-12-15,58.2457389831543,0.0
2005-12-16,59.29779815673828,0.0
2005-12-19,59.776004791259766,0.0
2005-12-20,59.584720611572266,0.0
2005-12-21,60.25421142578125,0.0
2005-12-22,57.5619010925293,0.0
2005-12-23,61.11498641967773,0.0
2005-12-26,58.947750091552734,0.0
2005-12-27,61.019344329833984,0.0
2005-12-28,60.732421875,0.0
2005-12-29,60.25421142578125,0.0
2005-12-30,59.776004791259766,0.0
2006-01-02,58.34138107299805,0.0
2006-01-03,60.1585693359375,0.0
2006-01-04,60.63677978515625,0.0
2006-01-05,61.21062850952149,0.0
2006-01-06,62.6452522277832,0.0
2006-01-09,65.1319351196289,0.0
2006-01-10,63.79295349121094,0.0
2006-01-11,62.93217849731445,0.0
2006-01-12,62.6452522277832,0.0
2006-01-13,61.68883514404297,0.0
2006-01-16,61.11498641967773,0.0
2006-01-17,61.78447723388672,0.0
2006-01-18,58.91522979736328,0.0
2006-01-19,59.29779815673828,0.0
2006-01-20,59.776004791259766,0.0
2006-01-23,59.10651397705078,0.0
2006-01-24,59.20215606689453,0.0
2006-01-25,60.732421875,0.0
2006-02-03,60.63677978515625,0.0
2006-02-06,63.60166931152344,0.0
2006-02-07,62.16704559326172,0.0
2006-02-08,60.349853515625,0.0
2006-02-09,60.25421142578125,0.0
2006-02-10,59.87164688110352,0.0
2006-02-13,59.680362701416016,0.0
2006-02-14,59.584720611572266,0.0
2006-02-15,58.6283073425293,0.0
2006-02-16,59.680362701416016,0.0
2006-02-17,59.01087188720703,0.0
2006-02-20,59.96728897094727,0.0
2006-02-21,59.39344024658203,0.0
2006-02-22,59.20215606689453,0.0
2006-02-23,58.15009689331055,0.0
2006-02-24,58.34138107299805,0.0
2006-02-27,58.2457389831543,0.0
2006-03-01,57.76753234863281,0.0
2006-03-02,59.96728897094727,0.0
2006-03-03,59.10651397705078,0.0
2006-03-06,58.2457389831543,0.0
2006-03-07,57.48060607910156,0.0
2006-03-08,56.42855072021485,0.0
2006-03-09,57.19368362426758,0.0
2006-03-10,58.72394561767578,0.0
2006-03-13,58.72394561767578,0.0
2006-03-14,57.38496398925781,0.0
2006-03-15,58.4370231628418,0.0
2006-03-16,57.86317443847656,0.0
2006-03-17,58.0544548034668,0.0
2006-03-20,57.57624816894531,0.0
2006-03-21,57.86317443847656,0.0
2006-03-22,57.00239944458008,0.0
2006-03-23,57.00239944458008,0.0
2006-03-24,57.19368362426758,0.0
2006-03-27,57.67189025878906,0.0
2006-03-28,58.72394561767578,0.0
2006-03-29,59.20215606689453,0.0
2006-03-30,60.1585693359375,0.0
2006-03-31,61.40191268920898,0.0
2006-04-03,61.97576141357422,0.0
2006-04-04,61.68883514404297,0.0
2006-04-06,63.0278205871582,0.0
2006-04-07,64.46244049072266,0.0
2006-04-10,64.07987976074219,0.0
2006-04-11,63.2191047668457,0.0
2006-04-12,63.88859558105469,0.0
2006-04-13,64.27116394042969,0.0
2006-04-14,65.03629302978516,0.0
2006-04-17,64.84500885009766,0.0
2006-04-18,64.9406509399414,0.0
2006-04-19,66.37527465820312,0.0
2006-04-20,66.85348510742188,0.0
2006-04-21,66.27963256835938,0.0
2006-04-24,65.22757720947266,0.0
2006-04-25,64.07987976074219,0.0
2006-04-26,65.99270629882812,0.0
2006-04-27,64.27116394042969,0.0
2006-04-28,65.1319351196289,0.0
2006-05-02,64.27116394042969,0.0
2006-05-03,64.07987976074219,0.0
2006-05-04,64.5580825805664,0.0
2006-05-05,65.5145034790039,0.0
2006-05-08,66.37527465820312,0.0
2006-05-09,65.03629302978516,0.0
2006-05-10,63.60166931152344,0.0
2006-05-11,63.69731140136719,0.0
2006-05-12,62.07140350341797,0.0
2006-05-15,60.44549560546875,0.0
2006-05-16,59.680362701416016,0.0
2006-05-17,60.92370223999024,0.0
2006-05-18,57.746490478515625,0.0
2006-05-19,57.746490478515625,0.0
2006-05-22,58.15009689331055,0.0
2006-05-23,58.4370231628418,0.0
2006-05-24,58.34138107299805,0.0
2006-05-25,57.19368362426758,0.0
2006-05-26,56.90675735473633,0.0
2006-05-29,55.62133407592773,0.0
2006-05-30,57.57624816894531,0.0
2006-06-01,58.72394561767578,0.0
2006-06-02,59.776004791259766,0.0
2006-06-05,57.76753234863281,0.0
2006-06-06,58.15009689331055,0.0
2006-06-07,57.48060607910156,0.0
2006-06-08,53.46365737915039,0.0
2006-06-09,55.950340270996094,0.0
2006-06-12,54.99392318725586,0.0
2006-06-13,53.75058364868164,0.0
2006-06-14,55.56777572631836,0.0
2006-06-15,54.32443237304688,0.0
2006-06-16,56.81111526489258,0.0
2006-06-19,56.81111526489258,0.0
2006-06-20,53.88543701171875,2.39018
2006-06-21,54.47650146484375,0.0
2006-06-22,56.840763092041016,0.0
2006-06-23,55.75714492797852,0.0
2006-06-26,56.15118789672852,0.0
2006-06-27,56.54523086547852,0.0
2006-06-28,55.264591217041016,0.0
2006-06-29,55.855655670166016,0.0
2006-06-30,57.53033828735352,0.0
2006-07-03,57.62885284423828,0.0
2006-07-04,57.92438125610352,0.0
2006-07-05,56.840763092041016,0.0
2006-07-06,56.249698638916016,0.0
2006-07-07,56.052677154541016,0.0
2006-07-10,56.052677154541016,0.0
2006-07-11,55.56012344360352,0.0
2006-07-12,56.249698638916016,0.0
2006-07-13,55.461612701416016,0.0
2006-07-14,54.279483795166016,0.0
2006-07-17,52.99884033203125,0.0
2006-07-18,53.29437255859375,0.0
2006-07-19,52.99884033203125,0.0
2006-07-20,55.36310195922852,0.0
2006-07-21,54.08245849609375,0.0
2006-07-24,52.11224365234375,0.0
2006-07-25,52.99884033203125,0.0
2006-07-26,52.833343505859375,0.0
2006-07-27,53.12690353393555,0.0
2006-07-28,53.58990478515625,0.0
2006-07-31,53.98394775390625,0.0
2006-08-01,54.279483795166016,0.0
2006-08-02,54.08245849609375,0.0
2006-08-03,54.08245849609375,0.0
2006-08-04,54.08245849609375,0.0
2006-08-07,53.78692626953125,0.0
2006-08-08,54.673526763916016,0.0
2006-08-09,54.96905899047852,0.0
2006-08-10,55.95416641235352,0.0
2006-08-11,56.54523086547852,0.0
2006-08-14,56.74225234985352,0.0
2006-08-15,56.74225234985352,0.0
2006-08-16,58.12140655517578,0.0
2006-08-17,58.81098175048828,0.0
2006-08-18,58.71247100830078,0.0
2006-08-21,57.037784576416016,0.0
2006-08-22,57.92438125610352,0.0
2006-08-23,57.234806060791016,0.0
2006-08-24,56.052677154541016,0.0
2006-08-25,56.15118789672852,0.0
2006-08-28,55.36310195922852,0.0
2006-08-29,55.658634185791016,0.0
2006-08-30,56.446720123291016,0.0
2006-08-31,57.234806060791016,0.0
2006-09-01,57.92438125610352,0.0
2006-09-04,58.41693878173828,0.0
2006-09-05,57.72736358642578,0.0
2006-09-06,56.93927383422852,0.0
2006-09-07,56.249698638916016,0.0
2006-09-08,55.57785415649414,0.0
2006-09-11,55.461612701416016,0.0
2006-09-12,55.855655670166016,0.0
2006-09-13,57.53033828735352,0.0
2006-09-14,57.53033828735352,0.0
2006-09-15,57.832767486572266,0.0
2006-09-18,59.00800323486328,0.0
2006-09-19,59.59906768798828,0.0
2006-09-20,59.00800323486328,0.0
2006-09-21,59.59906768798828,0.0
2006-09-22,58.81098175048828,0.0
2006-09-25,58.81098175048828,0.0
2006-09-26,59.59906768798828,0.0
2006-09-27,59.99311065673828,0.0
2006-09-28,59.99311065673828,0.0
2006-09-29,58.81098175048828,0.0
2006-10-02,59.30353546142578,0.0
2006-10-03,59.10651397705078,0.0
2006-10-04,57.62885284423828,0.0
2006-10-05,59.79608917236328,0.0
2006-10-09,59.79608917236328,0.0
2006-10-11,59.69757843017578,0.0
2006-10-12,60.09162139892578,0.0
2006-10-13,62.25886154174805,0.0
2006-10-16,64.03205871582031,0.0
2006-10-17,61.96332931518555,0.0
2006-10-18,61.07673263549805,0.0
2006-10-19,60.09162139892578,0.0
2006-10-20,60.87970733642578,0.0
2006-10-23,60.28864288330078,0.0
2006-10-24,62.06184005737305,0.0
2006-10-25,61.37226486206055,0.0
2006-10-26,60.28273391723633,0.0
2006-10-27,61.56928634643555,0.0
2006-10-30,59.79608917236328,0.0
2006-10-31,60.09162139892578,0.0
2006-11-01,59.30353546142578,0.0
2006-11-02,59.89459991455078,0.0
2006-11-03,60.19013214111328,0.0
2006-11-06,59.59906768798828,0.0
2006-11-07,59.69757843017578,0.0
2006-11-08,59.50055694580078,0.0
2006-11-09,59.59906768798828,0.0
2006-11-10,59.89459991455078,0.0
2006-11-13,59.10651397705078,0.0
2006-11-14,59.89459991455078,0.0
2006-11-15,60.87970733642578,0.0
2006-11-16,61.27375411987305,0.0
2006-11-17,61.47077560424805,0.0
2006-11-20,61.27375411987305,0.0
2006-11-21,62.06184005737305,0.0
2006-11-22,62.06184005737305,0.0
2006-11-23,62.55439376831055,0.0
2006-11-24,62.45588302612305,0.0
2006-11-27,63.63801193237305,0.0
2006-11-28,63.04694747924805,0.0
2006-11-29,63.53950119018555,0.0
2006-11-30,64.52461242675781,0.0
2006-12-01,65.50971984863281,0.0
2006-12-04,65.31269836425781,0.0
2006-12-05,65.90376281738281,0.0
2006-12-06,66.88887023925781,0.0
2006-12-07,66.00227355957031,0.0
2006-12-08,65.11567687988281,0.0
2006-12-11,65.50971984863281,0.0
2006-12-12,63.24396896362305,0.0
2006-12-13,63.93354415893555,0.0
2006-12-14,63.14545822143555,0.0
2006-12-15,63.93354415893555,0.0
2006-12-18,65.60823059082031,0.0
2006-12-19,64.13056945800781,0.0
2006-12-20,63.83503341674805,0.0
2006-12-21,63.93354415893555,0.0
2006-12-22,64.62312316894531,0.0
2006-12-25,64.13056945800781,0.0
2006-12-26,65.01716613769531,0.0
2006-12-27,65.41120910644531,0.0
2006-12-28,65.11567687988281,0.0
2006-12-29,66.49482727050781,0.0
2007-01-02,66.69184875488281,0.0
2007-01-03,66.98738098144531,0.0
2007-01-04,66.69184875488281,0.0
2007-01-05,65.90376281738281,0.0
2007-01-08,64.82014465332031,0.0
2007-01-09,65.01716613769531,0.0
2007-01-10,63.24396896362305,0.0
2007-01-11,64.82014465332031,0.0
2007-01-12,68.07099914550781,0.0
2007-01-15,68.16950988769531,0.0
2007-01-16,69.25313568115234,0.0
2007-01-17,69.84420013427734,0.0
2007-01-18,69.79100036621094,0.0
2007-01-19,68.76057434082031,0.0
2007-01-22,67.97248840332031,0.0
2007-01-23,67.77546691894531,0.0
2007-01-24,69.45015716552734,0.0
2007-01-25,69.94271087646484,0.0
2007-01-26,66.98738098144531,0.0
2007-01-29,67.57844543457031,0.0
2007-01-30,66.6544189453125,0.0
2007-01-31,66.39631652832031,0.0
2007-02-01,66.00227355957031,0.0
2007-02-02,66.79035949707031,0.0
2007-02-05,66.79035949707031,0.0
2007-02-06,67.87397766113281,0.0
2007-02-07,67.77546691894531,0.0
2007-02-08,67.38142395019531,0.0
2007-02-09,66.98738098144531,0.0
2007-02-12,66.00227355957031,0.0
2007-02-13,64.82014465332031,0.0
2007-02-14,66.29780578613281,0.0
2007-02-26,67.87397766113281,0.0
2007-02-27,68.26802062988281,0.0
2007-03-01,65.70674133300781,0.0
2007-03-02,65.47819519042969,0.0
2007-03-05,62.047061920166016,0.0
2007-03-06,64.13056945800781,0.0
2007-03-07,64.52461242675781,0.0
2007-03-08,64.91865539550781,0.0
2007-03-09,65.50971984863281,0.0
2007-03-12,66.19929504394531,0.0
2007-03-13,68.07099914550781,0.0
2007-03-14,66.88887023925781,0.0
2007-03-15,67.97248840332031,0.0
2007-03-16,67.97248840332031,0.0
2007-03-19,67.97248840332031,0.0
2007-03-20,68.16950988769531,0.0
2007-03-21,68.66206359863281,0.0
2007-03-22,69.15461730957031,0.0
2007-03-23,68.95759582519531,0.0
2007-03-26,68.95759582519531,0.0
2007-03-27,68.16950988769531,0.0
2007-03-28,67.28291320800781,0.0
2007-03-29,67.67695617675781,0.0
2007-03-30,66.88887023925781,0.0
2007-04-02,67.18440246582031,0.0
2007-04-03,66.98738098144531,0.0
2007-04-04,68.26802062988281,0.0
2007-04-09,67.97248840332031,0.0
2007-04-10,67.47993469238281,0.0
2007-04-11,68.26802062988281,0.0
2007-04-12,67.47993469238281,0.0
2007-04-13,67.28291320800781,0.0
2007-04-16,66.49482727050781,0.0
2007-04-17,66.98738098144531,0.0
2007-04-18,67.57844543457031,0.0
2007-04-19,66.39631652832031,0.0
2007-04-20,66.49482727050781,0.0
2007-04-23,67.57844543457031,0.0
2007-04-24,68.76057434082031,0.0
2007-04-25,68.26802062988281,0.0
2007-04-26,68.85909271240234,0.0
2007-04-27,67.97248840332031,0.0
2007-04-30,67.67695617675781,0.0
2007-05-02,66.98738098144531,0.0
2007-05-03,67.38142395019531,0.0
2007-05-04,68.07099914550781,0.0
2007-05-07,67.47993469238281,0.0
2007-05-08,66.98738098144531,0.0
2007-05-09,66.98738098144531,0.0
2007-05-10,67.47993469238281,0.0
2007-05-11,66.49482727050781,0.0
2007-05-14,66.19929504394531,0.0
2007-05-15,65.50971984863281,0.0
2007-05-16,65.60823059082031,0.0
2007-05-17,66.69184875488281,0.0
2007-05-18,67.47993469238281,0.0
2007-05-21,68.16950988769531,0.0
2007-05-22,67.38142395019531,0.0
2007-05-23,67.87397766113281,0.0
2007-05-24,67.47993469238281,0.0
2007-05-25,66.39631652832031,0.0
2007-05-28,66.59333801269531,0.0
2007-05-29,67.57844543457031,0.0
2007-05-30,66.98738098144531,0.0
2007-05-31,67.18440246582031,0.0
2007-06-01,67.77546691894531,0.0
2007-06-04,68.07099914550781,0.0
2007-06-05,67.97248840332031,0.0
2007-06-06,67.87397766113281,0.0
2007-06-07,67.97248840332031,0.0
2007-06-08,64.7481689453125,2.954838
2007-06-11,64.94617462158203,0.0
2007-06-12,64.15414428710938,0.0
2007-06-13,63.461124420166016,0.0
2007-06-14,64.3521499633789,0.0
2007-06-15,65.04517364501953,0.0
2007-06-20,67.6192626953125,0.0
2007-06-21,68.51029205322266,0.0
2007-06-22,68.31228637695312,0.0
2007-06-25,69.69833374023438,0.0
2007-06-26,68.41128540039062,0.0
2007-06-27,68.80730438232422,0.0
2007-06-28,69.69833374023438,0.0
2007-06-29,70.19335174560547,0.0
2007-07-02,70.29235076904297,0.0
2007-07-03,70.4903564453125,0.0
2007-07-04,71.18338012695312,0.0
2007-07-05,70.68836212158203,0.0
2007-07-06,69.79733276367188,0.0
2007-07-09,71.28238677978516,0.0
2007-07-10,71.28238677978516,0.0
2007-07-11,71.67839813232422,0.0
2007-07-12,70.9853744506836,0.0
2007-07-13,72.27241516113281,0.0
2007-07-16,71.77740478515625,0.0
2007-07-17,71.97541046142578,0.0
2007-07-18,70.29235076904297,0.0
2007-07-19,69.30232238769531,0.0
2007-07-20,68.70829772949219,0.0
2007-07-23,68.01527404785156,0.0
2007-07-24,70.58936309814453,0.0
2007-07-25,68.90630340576172,0.0
2007-07-26,67.52025604248047,0.0
2007-07-27,63.36212158203125,0.0
2007-07-30,64.3521499633789,0.0
2007-07-31,64.3521499633789,0.0
2007-08-01,60.68902969360352,0.0
2007-08-02,63.16411209106445,0.0
2007-08-03,63.26311492919922,0.0
2007-08-06,61.97607421875,0.0
2007-08-07,60.68902969360352,0.0
2007-08-08,62.17407989501953,0.0
2007-08-09,63.16411209106445,0.0
2007-08-10,60.88703536987305,0.0
2007-08-13,61.38205337524414,0.0
2007-08-14,61.283050537109375,0.0
2007-08-15,60.39202117919922,0.0
2007-08-16,58.51095581054688,0.0
2007-08-17,58.41195297241211,0.0
2007-08-20,61.58005905151367,0.0
2007-08-21,61.283050537109375,0.0
2007-08-22,60.29301834106445,0.0
2007-08-23,62.17407989501953,0.0
2007-08-24,60.98603820800781,0.0
2007-08-27,60.98603820800781,0.0
2007-08-28,60.78803253173828,0.0
2007-08-29,59.59999465942383,0.0
2007-08-30,59.897003173828125,0.0
2007-08-31,62.075077056884766,0.0
2007-09-03,61.97607421875,0.0
2007-09-04,60.98603820800781,0.0
2007-09-05,61.18404769897461,0.0
2007-09-06,61.58005905151367,0.0
2007-09-07,61.38205337524414,0.0
2007-09-10,60.59002685546875,0.0
2007-09-11,60.68902969360352,0.0
2007-09-12,60.88703536987305,0.0
2007-09-13,59.99600601196289,0.0
2007-09-14,61.18404769897461,0.0
2007-09-17,60.19401550292969,0.0
2007-09-18,60.19401550292969,0.0
2007-09-19,60.78803253173828,0.0
2007-09-20,60.39202117919922,0.0
2007-09-21,60.88703536987305,0.0
2007-09-26,60.88703536987305,0.0
2007-09-27,62.96610641479492,0.0
2007-09-28,62.96610641479492,0.0
2007-10-01,63.26311492919922,0.0
2007-10-02,64.2531509399414,0.0
2007-10-03,64.3521499633789,0.0
2007-10-04,63.56012725830078,0.0
2007-10-05,63.95613861083984,0.0
2007-10-08,64.3521499633789,0.0
2007-10-09,64.15414428710938,0.0
2007-10-11,62.66909790039063,0.0
2007-10-12,60.68902969360352,0.0
2007-10-15,62.2730827331543,0.0
2007-10-16,61.77806854248047,0.0
2007-10-17,61.38205337524414,0.0
2007-10-18,62.2730827331543,0.0
2007-10-19,61.38205337524414,0.0
2007-10-22,59.99600601196289,0.0
2007-10-23,60.88703536987305,0.0
2007-10-24,60.19401550292969,0.0
2007-10-25,60.491024017333984,0.0
2007-10-26,60.98603820800781,0.0
2007-10-29,63.26311492919922,0.0
2007-10-30,62.37208557128906,0.0
2007-10-31,63.16411209106445,0.0
2007-11-01,63.56012725830078,0.0
2007-11-02,60.98603820800781,0.0
2007-11-05,61.877071380615234,0.0
2007-11-06,61.97607421875,0.0
2007-11-07,62.37208557128906,0.0
2007-11-08,61.283050537109375,0.0
2007-11-09,61.67906188964844,0.0
2007-11-12,60.98603820800781,0.0
2007-11-13,61.08504486083984,0.0
2007-11-14,60.88703536987305,0.0
2007-11-15,60.29301834106445,0.0
2007-11-16,59.897003173828125,0.0
2007-11-19,59.897003173828125,0.0
2007-11-20,59.897003173828125,0.0
2007-11-21,58.01594161987305,0.0
2007-11-22,59.302982330322266,0.0
2007-11-23,59.00597381591797,0.0
2007-11-26,60.491024017333984,0.0
2007-11-27,58.51095581054688,0.0
2007-11-28,57.91693878173828,0.0
2007-11-29,59.40198516845703,0.0
2007-11-30,59.99600601196289,0.0
2007-12-03,59.2039794921875,0.0
2007-12-04,59.698997497558594,0.0
2007-12-05,60.29301834106445,0.0
2007-12-06,61.283050537109375,0.0
2007-12-07,61.97607421875,0.0
2007-12-10,60.491024017333984,0.0
2007-12-11,62.075077056884766,0.0
2007-12-12,60.68902969360352,0.0
2007-12-13,60.095008850097656,0.0
2007-12-14,59.2039794921875,0.0
2007-12-17,58.9069709777832,0.0
2007-12-18,58.21394729614258,0.0
2007-12-19,58.609962463378906,0.0
2007-12-20,58.41195297241211,0.0
2007-12-21,58.41195297241211,0.0
2007-12-24,58.609962463378906,0.0
2007-12-25,59.00597381591797,0.0
2007-12-26,58.9069709777832,0.0
2007-12-27,61.08504486083984,0.0
2007-12-28,59.897003173828125,0.0
2007-12-31,58.9069709777832,0.0
2008-01-02,59.897003173828125,0.0
2008-01-03,58.80796813964844,0.0
2008-01-04,59.40198516845703,0.0
2008-01-07,55.24384689331055,0.0
2008-01-08,55.441856384277344,0.0
2008-01-09,56.431888580322266,0.0
2008-01-10,55.14484405517578,0.0
2008-01-11,54.45182037353516,0.0
2008-01-14,54.35281753540039,0.0
2008-01-15,56.926902770996094,0.0
2008-01-16,54.84783554077149,0.0
2008-01-17,54.15481185913086,0.0
2008-01-18,54.055809020996094,0.0
2008-01-21,52.76876449584961,0.0
2008-01-22,49.10564422607422,0.0
2008-01-23,50.4916877746582,0.0
2008-01-24,53.16477966308594,0.0
2008-01-25,54.94683837890625,0.0
2008-01-28,53.659793853759766,0.0
2008-01-29,56.431888580322266,0.0
2008-01-30,57.223915100097656,0.0
2008-01-31,59.302982330322266,0.0
2008-02-01,60.78803253173828,0.0
2008-02-12,59.40198516845703,0.0
2008-02-13,59.302982330322266,0.0
2008-02-14,61.38205337524414,0.0
2008-02-15,60.88703536987305,0.0
2008-02-18,59.40198516845703,0.0
2008-02-19,60.88703536987305,0.0
2008-02-20,60.491024017333984,0.0
2008-02-21,61.283050537109375,0.0
2008-02-22,60.29301834106445,0.0
2008-02-25,60.59002685546875,0.0
2008-02-26,61.77806854248047,0.0
2008-02-27,62.96610641479492,0.0
2008-02-29,60.98603820800781,0.0
2008-03-03,60.095008850097656,0.0
2008-03-04,62.2730827331543,0.0
2008-03-05,62.66909790039063,0.0
2008-03-06,64.2531509399414,0.0
2008-03-07,63.36212158203125,0.0
2008-03-10,60.59002685546875,0.0
2008-03-11,61.77806854248047,0.0
2008-03-12,63.16411209106445,0.0
2008-03-13,61.38205337524414,0.0
2008-03-14,60.491024017333984,0.0
2008-03-17,59.302982330322266,0.0
2008-03-18,59.302982330322266,0.0
2008-03-19,61.481056213378906,0.0
2008-03-20,61.97607421875,0.0
2008-03-21,64.15414428710938,0.0
2008-03-24,66.72823333740234,0.0
2008-03-25,66.53022766113281,0.0
2008-03-26,66.33222198486328,0.0
2008-03-27,63.16411209106445,0.0
2008-03-28,61.67906188964844,0.0
2008-03-31,62.47108840942383,0.0
2008-04-01,61.18404769897461,0.0
2008-04-02,63.36212158203125,0.0
2008-04-03,63.75813293457031,0.0
2008-04-07,64.3521499633789,0.0
2008-04-08,63.75813293457031,0.0
2008-04-09,62.47108840942383,0.0
2008-04-10,63.85713577270508,0.0
2008-04-11,63.461124420166016,0.0
2008-04-14,62.37208557128906,0.0
2008-04-15,62.37208557128906,0.0
2008-04-16,64.55015563964844,0.0
2008-04-17,66.43122100830078,0.0
2008-04-18,66.13420867919922,0.0
2008-04-21,66.72823333740234,0.0
2008-04-22,66.62922668457031,0.0
2008-04-23,63.95613861083984,0.0
2008-04-24,63.26311492919922,0.0
2008-04-25,64.05514526367188,0.0
2008-04-28,65.83720397949219,0.0
2008-04-29,64.05514526367188,0.0
2008-04-30,66.03520965576172,0.0
2008-05-02,67.32225036621094,0.0
2008-05-05,66.53022766113281,0.0
2008-05-06,67.32225036621094,0.0
2008-05-07,67.52025604248047,0.0
2008-05-08,66.82723236083984,0.0
2008-05-09,65.63919830322266,0.0
2008-05-12,66.92623901367188,0.0
2008-05-13,68.2132797241211,0.0
2008-05-14,67.91627502441406,0.0
2008-05-15,67.91627502441406,0.0
2008-05-16,68.51029205322266,0.0
2008-05-19,68.70829772949219,0.0
2008-05-20,67.52025604248047,0.0
2008-05-21,66.62922668457031,0.0
2008-05-22,66.23321533203125,0.0
2008-05-23,64.84716796875,0.0
2008-05-26,64.84716796875,0.0
2008-05-27,65.14418029785156,0.0
2008-05-28,66.33222198486328,0.0
2008-05-29,66.43122100830078,0.0
2008-05-30,64.94617462158203,0.0
2008-06-02,66.92623901367188,0.0
2008-06-03,65.44119262695312,0.0
2008-06-04,66.43122100830078,0.0
2008-06-05,67.1242446899414,0.0
2008-06-06,67.71826171875,0.0
2008-06-09,64.64916229248047,0.0
2008-06-10,63.26311492919922,0.0
2008-06-11,65.24317932128906,0.0
2008-06-12,64.15414428710938,0.0
2008-06-13,64.15414428710938,0.0
2008-06-16,65.24317932128906,0.0
2008-06-17,64.55015563964844,0.0
2008-06-18,64.84716796875,0.0
2008-06-19,63.65913009643555,0.0
2008-06-20,63.06510925292969,0.0
2008-06-23,63.461124420166016,0.0
2008-06-24,63.56012725830078,0.0
2008-06-25,65.54019165039062,0.0
2008-06-26,64.3521499633789,0.0
2008-06-27,63.36212158203125,0.0
2008-06-30,64.3521499633789,0.0
2008-07-01,63.56012725830078,0.0
2008-07-02,61.18404769897461,0.0
2008-07-03,58.21394729614258,0.0
2008-07-04,58.41195297241211,0.0
2008-07-07,59.50099182128906,0.0
2008-07-08,58.312950134277344,0.0
2008-07-09,58.9069709777832,0.0
2008-07-10,58.9069709777832,0.0
2008-07-11,61.77806854248047,0.0
2008-07-14,59.99600601196289,0.0
2008-07-15,57.025909423828125,0.0
2008-07-16,53.5323371887207,2.994919
2008-07-17,57.21392822265625,0.0
2008-07-18,57.71144104003906,0.0
2008-07-21,59.50248718261719,0.0
2008-07-22,57.6119384765625,0.0
2008-07-23,57.31343078613281,0.0
2008-07-24,58.606964111328125,0.0
2008-07-25,57.51243591308594,0.0
2008-07-28,57.51243591308594,0.0
2008-07-29,54.72636795043945,0.0
2008-07-30,56.71641540527344,0.0
2008-07-31,55.9203987121582,0.0
2008-08-01,55.72139358520508,0.0
2008-08-04,55.42288589477539,0.0
2008-08-05,55.1243782043457,0.0
2008-08-06,58.50746154785156,0.0
2008-08-07,59.2039794921875,0.0
2008-08-08,60.199005126953125,0.0
2008-08-11,60.29850769042969,0.0
2008-08-12,60.89552307128906,0.0
2008-08-13,60.89552307128906,0.0
2008-08-14,60.199005126953125,0.0
2008-08-15,60.29850769042969,0.0
2008-08-18,59.80099487304688,0.0
2008-08-19,59.70149230957031,0.0
2008-08-20,59.70149230957031,0.0
2008-08-21,59.10447692871094,0.0
2008-08-22,59.90049743652344,0.0
2008-08-25,60.199005126953125,0.0
2008-08-26,59.70149230957031,0.0
2008-08-27,60.09950256347656,0.0
2008-08-28,59.80099487304688,0.0
2008-08-29,58.606964111328125,0.0
2008-09-01,56.31840515136719,0.0
2008-09-02,54.02985000610352,0.0
2008-09-03,54.72636795043945,0.0
2008-09-04,53.13432693481445,0.0
2008-09-05,52.7363166809082,0.0
2008-09-08,56.417911529541016,0.0
2008-09-09,54.02985000610352,0.0
2008-09-10,53.43283462524414,0.0
2008-09-11,52.039798736572266,0.0
2008-09-12,52.43780899047852,0.0
2008-09-15,51.44278717041016,0.0
2008-09-16,50.74626922607422,0.0
2008-09-17,52.63681411743164,0.0
2008-09-18,51.74129486083984,0.0
2008-09-19,55.32338333129883,0.0
2008-09-22,55.52238845825195,0.0
2008-09-23,54.72636795043945,0.0
2008-09-24,53.03482437133789,0.0
2008-09-25,52.7363166809082,0.0
2008-09-26,53.13432693481445,0.0
2008-09-29,53.13432693481445,0.0
2008-09-30,52.23880386352539,0.0
2008-10-01,52.23880386352539,0.0
2008-10-02,51.14427947998047,0.0
2008-10-03,51.14427947998047,0.0
2008-10-06,48.75621795654297,0.0
2008-10-07,49.452735900878906,0.0
2008-10-08,46.019901275634766,0.0
2008-10-09,45.87064743041992,0.0
2008-10-13,46.417911529541016,0.0
2008-10-14,49.65174102783203,0.0
2008-10-15,47.96019744873047,0.0
2008-10-16,46.31840515136719,0.0
2008-10-17,44.72636795043945,0.0
2008-10-20,43.980098724365234,0.0
2008-10-21,43.88059616088867,0.0
2008-10-22,42.38805770874024,0.0
2008-10-23,40.945274353027344,0.0
2008-10-24,39.55223846435547,0.0
2008-10-27,38.10945129394531,0.0
2008-10-28,39.50248718261719,0.0
2008-10-29,41.79104232788086,0.0
2008-10-30,44.67661666870117,0.0
2008-10-31,47.761192321777344,0.0
2008-11-03,46.76617050170898,0.0
2008-11-04,47.761192321777344,0.0
2008-11-05,47.761192321777344,0.0
2008-11-06,44.427860260009766,0.0
2008-11-07,43.2835807800293,0.0
2008-11-10,42.98507308959961,0.0
2008-11-11,42.88557052612305,0.0
2008-11-12,43.184078216552734,0.0
2008-11-13,40.29850769042969,0.0
2008-11-14,41.49253845214844,0.0
2008-11-17,40.597015380859375,0.0
2008-11-18,38.30845642089844,0.0
2008-11-19,37.810943603515625,0.0
2008-11-20,36.61691665649414,0.0
2008-11-21,38.30845642089844,0.0
2008-11-24,37.11442565917969,0.0
2008-11-25,39.70149230957031,0.0
2008-11-26,38.80596923828125,0.0
2008-11-27,40.69651794433594,0.0
2008-11-28,40.597015380859375,0.0
2008-12-01,40.597015380859375,0.0
2008-12-02,37.761192321777344,0.0
2008-12-03,36.96517562866211,0.0
2008-12-04,36.86566925048828,0.0
2008-12-05,37.014923095703125,0.0
2008-12-08,39.60198974609375,0.0
2008-12-09,40.597015380859375,0.0
2008-12-10,43.43283462524414,0.0
2008-12-11,44.67661666870117,0.0
2008-12-12,41.59203720092773,0.0
2008-12-15,43.233829498291016,0.0
2008-12-16,44.27860641479492,0.0
2008-12-17,45.77114486694336,0.0
2008-12-18,44.77611923217773,0.0
2008-12-19,44.72636795043945,0.0
2008-12-22,44.37810897827149,0.0
2008-12-23,43.63183975219727,0.0
2008-12-24,43.184078216552734,0.0
2008-12-25,42.88557052612305,0.0
2008-12-26,43.184078216552734,0.0
2008-12-29,43.13432693481445,0.0
2008-12-30,44.97512435913086,0.0
2008-12-31,44.17910385131836,0.0
2009-01-02,44.17910385131836,0.0
2009-01-05,46.019901275634766,0.0
2009-01-06,45.37313461303711,0.0
2009-01-07,44.3283576965332,0.0
2009-01-08,41.3432846069336,0.0
2009-01-09,40.7960205078125,0.0
2009-01-12,41.44278717041016,0.0
2009-01-13,43.58208847045898,0.0
2009-01-14,42.78606796264648,0.0
2009-01-15,40.7960205078125,0.0
2009-01-16,41.49253845214844,0.0
2009-01-19,40.7960205078125,0.0
2009-01-20,39.40298461914063,0.0
2009-01-21,40.0,0.0
2009-02-02,41.59203720092773,0.0
2009-02-03,42.63681411743164,0.0
2009-02-04,42.68656539916992,0.0
2009-02-05,42.18905258178711,0.0
2009-02-06,44.47761154174805,0.0
2009-02-09,45.27363204956055,0.0
2009-02-10,44.62686538696289,0.0
2009-02-11,45.82089614868164,0.0
2009-02-12,45.1243782043457,0.0
2009-02-13,45.72139358520508,0.0
2009-02-16,45.62189102172852,0.0
2009-02-17,43.58208847045898,0.0
2009-02-18,44.37810897827149,0.0
2009-02-19,45.174129486083984,0.0
2009-02-20,43.68159103393555,0.0
2009-02-23,44.77611923217773,0.0
2009-02-24,43.78109359741211,0.0
2009-02-25,44.47761154174805,0.0
2009-02-26,44.77611923217773,0.0
2009-02-27,44.72636795043945,0.0
2009-03-02,44.52736282348633,0.0
2009-03-03,44.37810897827149,0.0
2009-03-04,45.77114486694336,0.0
2009-03-05,46.368160247802734,0.0
2009-03-06,48.25870513916016,0.0
2009-03-09,48.00994873046875,0.0
2009-03-10,46.91542053222656,0.0
2009-03-11,48.45771026611328,0.0
2009-03-12,48.00994873046875,0.0
2009-03-13,49.25373077392578,0.0
2009-03-16,49.751243591308594,0.0
2009-03-17,49.751243591308594,0.0
2009-03-18,50.14925384521485,0.0
2009-03-19,48.955223083496094,0.0
2009-03-20,47.462684631347656,0.0
2009-03-23,50.04975128173828,0.0
2009-03-24,52.13930130004883,0.0
2009-03-25,51.9402961730957,0.0
2009-03-26,51.44278717041016,0.0
2009-03-27,51.64179229736328,0.0
2009-03-30,51.74129486083984,0.0
2009-03-31,51.14427947998047,0.0
2009-04-02,52.13930130004883,0.0
2009-04-03,52.33830642700195,0.0
2009-04-06,52.13930130004883,0.0
2009-04-07,51.840797424316406,0.0
2009-04-08,49.95024871826172,0.0
2009-04-09,52.13930130004883,0.0
2009-04-10,52.7363166809082,0.0
2009-04-13,52.43780899047852,0.0
2009-04-14,52.23880386352539,0.0
2009-04-15,51.74129486083984,0.0
2009-04-16,51.04477691650391,0.0
2009-04-17,50.14925384521485,0.0
2009-04-20,51.64179229736328,0.0
2009-04-21,51.3432846069336,0.0
2009-04-22,50.44776153564453,0.0
2009-04-23,51.04477691650391,0.0
2009-04-24,50.248756408691406,0.0
2009-04-27,50.248756408691406,0.0
2009-04-28,50.74626922607422,0.0
2009-04-29,51.3432846069336,0.0
2009-04-30,54.92537307739258,0.0
2009-05-04,58.70646667480469,0.0
2009-05-05,57.71144104003906,0.0
2009-05-06,57.21392822265625,0.0
2009-05-07,56.21890640258789,0.0
2009-05-08,56.019901275634766,0.0
2009-05-11,55.9203987121582,0.0
2009-05-12,55.1243782043457,0.0
2009-05-13,56.11940383911133,0.0
2009-05-14,54.22885513305664,0.0
2009-05-15,54.52736282348633,0.0
2009-05-18,55.72139358520508,0.0
2009-05-19,56.71641540527344,0.0
2009-05-20,55.9203987121582,0.0
2009-05-21,56.31840515136719,0.0
2009-05-22,55.9203987121582,0.0
2009-05-25,55.42288589477539,0.0
2009-05-26,56.31840515136719,0.0
2009-05-27,60.09950256347656,0.0
2009-06-01,58.70646667480469,0.0
2009-06-02,59.60198974609375,0.0
2009-06-03,59.50248718261719,0.0
2009-06-04,57.6119384765625,0.0
2009-06-05,57.11442565917969,0.0
2009-06-08,56.31840515136719,0.0
2009-06-09,55.82089614868164,0.0
2009-06-10,57.91044616699219,0.0
2009-06-11,58.00994873046875,0.0
2009-06-12,55.72139358520508,0.0
2009-06-15,53.03482437133789,0.0
2009-06-16,53.33333206176758,0.0
2009-06-17,51.74129486083984,0.0
2009-06-18,52.43780899047852,0.0
2009-06-19,52.039798736572266,0.0
2009-06-22,52.7363166809082,0.0
2009-06-23,51.04477691650391,0.0
2009-06-24,52.63681411743164,0.0
2009-06-25,53.43283462524414,0.0
2009-06-26,54.12935256958008,0.0
2009-06-29,53.13432693481445,0.0
2009-06-30,54.427860260009766,0.0
2009-07-01,54.72636795043945,0.0
2009-07-02,54.825870513916016,0.0
2009-07-03,54.72636795043945,0.0
2009-07-06,54.12935256958008,0.0
2009-07-07,55.1243782043457,0.0
2009-07-08,54.12935256958008,0.0
2009-07-09,55.02487564086914,0.0
2009-07-10,55.82089614868164,0.0
2009-07-13,54.72636795043945,0.0
2009-07-14,55.52238845825195,0.0
2009-07-15,53.59999847412109,2.984965
2009-07-16,54.09999847412109,0.0
2009-07-17,54.0,0.0
2009-07-20,54.79999923706055,0.0
2009-07-21,55.5,0.0
2009-07-22,55.29999923706055,0.0
2009-07-23,56.5,0.0
2009-07-24,57.20000076293945,0.0
2009-07-27,57.59999847412109,0.0
2009-07-28,57.900001525878906,0.0
2009-07-29,56.5,0.0
2009-07-30,56.0,0.0
2009-07-31,58.900001525878906,0.0
2009-08-03,58.29999923706055,0.0
2009-08-04,57.59999847412109,0.0
2009-08-05,56.900001525878906,0.0
2009-08-06,56.79999923706055,0.0
2009-08-07,56.79999923706055,0.0
2009-08-10,57.79999923706055,0.0
2009-08-11,57.09999847412109,0.0
2009-08-12,57.5,0.0
2009-08-13,58.59999847412109,0.0
2009-08-14,58.900001525878906,0.0
2009-08-17,57.79999923706055,0.0
2009-08-18,57.59999847412109,0.0
2009-08-19,57.400001525878906,0.0
2009-08-20,57.70000076293945,0.0
2009-08-21,56.79999923706055,0.0
2009-08-24,58.400001525878906,0.0
2009-08-25,58.70000076293945,0.0
2009-08-26,59.0,0.0
2009-08-27,58.79999923706055,0.0
2009-08-28,59.5,0.0
2009-08-31,59.20000076293945,0.0
2009-09-01,61.0,0.0
2009-09-02,59.59999847412109,0.0
2009-09-03,59.79999923706055,0.0
2009-09-04,60.0,0.0
2009-09-07,62.0,0.0
2009-09-08,62.70000076293945,0.0
2009-09-09,62.0,0.0
2009-09-10,63.5,0.0
2009-09-11,62.400001525878906,0.0
2009-09-14,61.5,0.0
2009-09-15,62.5,0.0
2009-09-16,62.70000076293945,0.0
2009-09-17,62.5,0.0
2009-09-18,62.70000076293945,0.0
2009-09-21,62.29999923706055,0.0
2009-09-22,62.5,0.0
2009-09-23,62.29999923706055,0.0
2009-09-24,60.79999923706055,0.0
2009-09-25,61.09999847412109,0.0
2009-09-28,60.70000076293945,0.0
2009-09-29,63.70000076293945,0.0
2009-09-30,64.5,0.0
2009-10-01,65.0,0.0
2009-10-02,62.70000076293945,0.0
2009-10-05,62.0,0.0
2009-10-06,62.400001525878906,0.0
2009-10-07,62.09999847412109,0.0
2009-10-08,60.900001525878906,0.0
2009-10-09,61.09999847412109,0.0
2009-10-12,61.20000076293945,0.0
2009-10-13,61.79999923706055,0.0
2009-10-14,63.5,0.0
2009-10-15,63.79999923706055,0.0
2009-10-16,61.900001525878906,0.0
2009-10-19,61.400001525878906,0.0
2009-10-20,62.0,0.0
2009-10-21,61.59999847412109,0.0
2009-10-22,61.79999923706055,0.0
2009-10-23,61.5,0.0
2009-10-26,61.5,0.0
2009-10-27,61.29999923706055,0.0
2009-10-28,60.5,0.0
2009-10-29,60.29999923706055,0.0
2009-10-30,60.0,0.0
2009-11-02,59.79999923706055,0.0
2009-11-03,59.20000076293945,0.0
2009-11-04,59.59999847412109,0.0
2009-11-05,59.70000076293945,0.0
2009-11-06,60.0,0.0
2009-11-09,60.0,0.0
2009-11-10,60.5,0.0
2009-11-11,62.20000076293945,0.0
2009-11-12,62.20000076293945,0.0
2009-11-13,61.79999923706055,0.0
2009-11-16,62.400001525878906,0.0
2009-11-17,62.59999847412109,0.0
2009-11-18,62.900001525878906,0.0
2009-11-19,62.900001525878906,0.0
2009-11-20,61.70000076293945,0.0
2009-11-23,62.0,0.0
2009-11-24,62.400001525878906,0.0
2009-11-25,62.70000076293945,0.0
2009-11-26,62.0,0.0
2009-11-27,60.0,0.0
2009-11-30,61.09999847412109,0.0
2009-12-01,60.70000076293945,0.0
2009-12-02,60.79999923706055,0.0
2009-12-03,61.5,0.0
2009-12-04,61.5,0.0
2009-12-07,62.5,0.0
2009-12-08,62.400001525878906,0.0
2009-12-09,62.400001525878906,0.0
2009-12-10,61.29999923706055,0.0
2009-12-11,62.59999847412109,0.0
2009-12-14,62.70000076293945,0.0
2009-12-15,62.70000076293945,0.0
2009-12-16,61.79999923706055,0.0
2009-12-17,62.20000076293945,0.0
2009-12-18,61.900001525878906,0.0
2009-12-21,62.20000076293945,0.0
2009-12-22,62.900001525878906,0.0
2009-12-23,63.400001525878906,0.0
2009-12-24,63.59999847412109,0.0
2009-12-25,63.400001525878906,0.0
2009-12-28,63.70000076293945,0.0
2009-12-29,63.29999923706055,0.0
2009-12-30,63.900001525878906,0.0
2009-12-31,64.5,0.0
2010-01-04,64.9000015258789,0.0
2010-01-05,64.5,0.0
2010-01-06,64.9000015258789,0.0
2010-01-07,64.19999694824219,0.0
2010-01-08,64.0,0.0
2010-01-11,64.5,0.0
2010-01-12,63.59999847412109,0.0
2010-01-13,62.79999923706055,0.0
2010-01-14,63.20000076293945,0.0
2010-01-15,63.5,0.0
2010-01-18,62.900001525878906,0.0
2010-01-19,62.5,0.0
2010-01-20,63.0,0.0
2010-01-21,62.59999847412109,0.0
2010-01-22,61.09999847412109,0.0
2010-01-25,60.400001525878906,0.0
2010-01-26,60.09999847412109,0.0
2010-01-27,59.59999847412109,0.0
2010-01-28,60.0,0.0
2010-01-29,61.5,0.0
2010-02-01,59.79999923706055,0.0
2010-02-02,59.0,0.0
2010-02-03,59.79999923706055,0.0
2010-02-04,59.09999847412109,0.0
2010-02-05,57.20000076293945,0.0
2010-02-08,57.400001525878906,0.0
2010-02-09,58.59999847412109,0.0
2010-02-10,58.400001525878906,0.0
2010-02-22,59.0,0.0
2010-02-23,59.79999923706055,0.0
2010-02-24,58.5,0.0
2010-02-25,58.20000076293945,0.0
2010-02-26,58.79999923706055,0.0
2010-03-01,59.59999847412109,0.0
2010-03-02,59.900001525878906,0.0
2010-03-03,60.0,0.0
2010-03-04,59.20000076293945,0.0
2010-03-05,60.400001525878906,0.0
2010-03-08,61.20000076293945,0.0
2010-03-09,61.29999923706055,0.0
2010-03-10,61.400001525878906,0.0
2010-03-11,61.400001525878906,0.0
2010-03-12,60.79999923706055,0.0
2010-03-15,59.79999923706055,0.0
2010-03-16,59.70000076293945,0.0
2010-03-17,60.5,0.0
2010-03-18,60.400001525878906,0.0
2010-03-19,60.0,0.0
2010-03-22,59.0,0.0
2010-03-23,59.59999847412109,0.0
2010-03-24,60.59999847412109,0.0
2010-03-25,61.5,0.0
2010-03-26,62.0,0.0
2010-03-29,62.20000076293945,0.0
2010-03-30,62.20000076293945,0.0
2010-03-31,61.5,0.0
2010-04-01,62.09999847412109,0.0
2010-04-02,62.400001525878906,0.0
2010-04-06,63.400001525878906,0.0
2010-04-07,63.5,0.0
2010-04-08,62.29999923706055,0.0
2010-04-09,62.70000076293945,0.0
2010-04-12,63.09999847412109,0.0
2010-04-13,62.900001525878906,0.0
2010-04-14,63.79999923706055,0.0
2010-04-15,64.4000015258789,0.0
2010-04-16,63.0,0.0
2010-04-19,62.59999847412109,0.0
2010-04-20,62.79999923706055,0.0
2010-04-21,62.400001525878906,0.0
2010-04-22,61.59999847412109,0.0
2010-04-23,61.70000076293945,0.0
2010-04-26,63.5,0.0
2010-04-27,63.70000076293945,0.0
2010-04-28,62.09999847412109,0.0
2010-04-29,61.59999847412109,0.0
2010-04-30,61.79999923706055,0.0
2010-05-03,61.59999847412109,0.0
2010-05-04,61.0,0.0
2010-05-05,59.79999923706055,0.0
2010-05-06,59.5,0.0
2010-05-07,59.400001525878906,0.0
2010-05-10,59.79999923706055,0.0
2010-05-11,60.09999847412109,0.0
2010-05-12,60.09999847412109,0.0
2010-05-13,61.20000076293945,0.0
2010-05-14,61.20000076293945,0.0
2010-05-17,59.20000076293945,0.0
2010-05-18,59.5,0.0
2010-05-19,59.29999923706055,0.0
2010-05-20,58.900001525878906,0.0
2010-05-21,58.79999923706055,0.0
2010-05-24,59.0,0.0
2010-05-25,58.400001525878906,0.0
2010-05-26,58.900001525878906,0.0
2010-05-27,58.70000076293945,0.0
2010-05-28,58.70000076293945,0.0
2010-05-31,60.20000076293945,0.0
2010-06-01,59.79999923706055,0.0
2010-06-02,59.79999923706055,0.0
2010-06-03,60.79999923706055,0.0
2010-06-04,61.0,0.0
2010-06-07,59.20000076293945,0.0
2010-06-08,58.5,0.0
2010-06-09,58.59999847412109,0.0
2010-06-10,59.400001525878906,0.0
2010-06-11,60.5,0.0
2010-06-14,61.09999847412109,0.0
2010-06-15,61.400001525878906,0.0
2010-06-17,62.09999847412109,0.0
2010-06-18,62.70000076293945,0.0
2010-06-21,63.29999923706055,0.0
2010-06-22,62.59999847412109,0.0
2010-06-23,62.09999847412109,0.0
2010-06-24,62.0,0.0
2010-06-25,61.400001525878906,0.0
2010-06-28,61.70000076293945,0.0
2010-06-29,61.0,0.0
2010-06-30,60.59999847412109,0.0
2010-07-01,60.20000076293945,0.0
2010-07-02,60.29999923706055,0.0
2010-07-05,61.400001525878906,0.0
2010-07-06,59.900001525878906,2.999732
2010-07-07,59.5,0.0
2010-07-08,60.400001525878906,0.0
2010-07-09,60.400001525878906,0.0
2010-07-12,59.79999923706055,0.0
2010-07-13,59.59999847412109,0.0
2010-07-14,60.400001525878906,0.0
2010-07-15,60.29999923706055,0.0
2010-07-16,59.900001525878906,0.0
2010-07-19,61.09999847412109,0.0
2010-07-20,61.5,0.0
2010-07-21,61.79999923706055,0.0
2010-07-22,62.0,0.0
2010-07-23,62.79999923706055,0.0
2010-07-26,62.59999847412109,0.0
2010-07-27,62.5,0.0
2010-07-28,63.0,0.0
2010-07-29,63.0,0.0
2010-07-30,62.400001525878906,0.0
2010-08-02,62.29999923706055,0.0
2010-08-03,62.0,0.0
2010-08-04,62.0,0.0
2010-08-05,61.900001525878906,0.0
2010-08-06,60.900001525878906,0.0
2010-08-09,60.70000076293945,0.0
2010-08-10,61.0,0.0
2010-08-11,61.0,0.0
2010-08-12,60.20000076293945,0.0
2010-08-13,60.09999847412109,0.0
2010-08-16,60.29999923706055,0.0
2010-08-17,59.79999923706055,0.0
2010-08-18,59.59999847412109,0.0
2010-08-19,60.09999847412109,0.0
2010-08-20,59.900001525878906,0.0
2010-08-23,60.09999847412109,0.0
2010-08-24,59.59999847412109,0.0
2010-08-25,58.70000076293945,0.0
2010-08-26,58.79999923706055,0.0
2010-08-27,58.79999923706055,0.0
2010-08-30,59.400001525878906,0.0
2010-08-31,58.900001525878906,0.0
2010-09-01,59.09999847412109,0.0
2010-09-02,59.5,0.0
2010-09-03,59.79999923706055,0.0
2010-09-06,60.5,0.0
2010-09-07,60.20000076293945,0.0
2010-09-08,59.29999923706055,0.0
2010-09-09,59.5,0.0
2010-09-10,59.29999923706055,0.0
2010-09-13,60.900001525878906,0.0
2010-09-14,61.0,0.0
2010-09-15,61.20000076293945,0.0
2010-09-16,60.5,0.0
2010-09-17,61.20000076293945,0.0
2010-09-20,62.0,0.0
2010-09-21,61.79999923706055,0.0
2010-09-23,60.0,0.0
2010-09-24,60.09999847412109,0.0
2010-09-27,60.70000076293945,0.0
2010-09-28,61.0,0.0
2010-09-29,61.5,0.0
2010-09-30,62.0,0.0
2010-10-01,62.0,0.0
2010-10-04,61.900001525878906,0.0
2010-10-05,61.09999847412109,0.0
2010-10-06,61.79999923706055,0.0
2010-10-07,61.29999923706055,0.0
2010-10-08,61.79999923706055,0.0
2010-10-11,61.5,0.0
2010-10-12,61.0,0.0
2010-10-13,61.0,0.0
2010-10-14,61.79999923706055,0.0
2010-10-15,61.900001525878906,0.0
2010-10-18,60.5,0.0
2010-10-19,60.70000076293945,0.0
2010-10-20,61.0,0.0
2010-10-21,61.0,0.0
2010-10-22,61.79999923706055,0.0
2010-10-25,62.0,0.0
2010-10-26,62.29999923706055,0.0
2010-10-27,62.0,0.0
2010-10-28,62.70000076293945,0.0
2010-10-29,62.79999923706055,0.0
2010-11-01,63.5,0.0
2010-11-02,63.29999923706055,0.0
2010-11-03,63.900001525878906,0.0
2010-11-04,63.900001525878906,0.0
2010-11-05,64.19999694824219,0.0
2010-11-08,63.29999923706055,0.0
2010-11-09,64.0,0.0
2010-11-10,64.19999694824219,0.0
2010-11-11,63.70000076293945,0.0
2010-11-12,63.0,0.0
2010-11-15,63.900001525878906,0.0
2010-11-16,64.5,0.0
2010-11-17,63.79999923706055,0.0
2010-11-18,63.29999923706055,0.0
2010-11-19,63.70000076293945,0.0
2010-11-22,63.79999923706055,0.0
2010-11-23,63.400001525878906,0.0
2010-11-24,63.20000076293945,0.0
2010-11-25,64.4000015258789,0.0
2010-11-26,64.4000015258789,0.0
2010-11-29,64.30000305175781,0.0
2010-11-30,63.400001525878906,0.0
2010-12-01,64.5999984741211,0.0
2010-12-02,66.19999694824219,0.0
2010-12-03,68.30000305175781,0.0
2010-12-06,68.5,0.0
2010-12-07,68.0,0.0
2010-12-08,68.0,0.0
2010-12-09,70.0,0.0
2010-12-10,69.69999694824219,0.0
2010-12-13,69.4000015258789,0.0
2010-12-14,69.0,0.0
2010-12-15,70.0,0.0
2010-12-16,71.19999694824219,0.0
2010-12-17,72.9000015258789,0.0
2010-12-20,71.19999694824219,0.0
2010-12-21,71.30000305175781,0.0
2010-12-22,71.19999694824219,0.0
2010-12-23,71.0,0.0
2010-12-24,70.80000305175781,0.0
2010-12-27,70.69999694824219,0.0
2010-12-28,70.9000015258789,0.0
2010-12-29,70.5999984741211,0.0
2010-12-30,70.5999984741211,0.0
2010-12-31,71.0,0.0
2011-01-03,71.0999984741211,0.0
2011-01-04,71.19999694824219,0.0
2011-01-05,69.80000305175781,0.0
2011-01-06,71.0,0.0
2011-01-07,72.5,0.0
2011-01-10,74.19999694824219,0.0
2011-01-11,74.5,0.0
2011-01-12,74.9000015258789,0.0
2011-01-13,74.5999984741211,0.0
2011-01-14,74.80000305175781,0.0
2011-01-17,75.80000305175781,0.0
2011-01-18,76.80000305175781,0.0
2011-01-19,78.0,0.0
2011-01-20,76.4000015258789,0.0
2011-01-21,74.5999984741211,0.0
2011-01-24,75.30000305175781,0.0
2011-01-25,75.0,0.0
2011-01-26,74.5999984741211,0.0
2011-01-27,75.19999694824219,0.0
2011-01-28,76.30000305175781,0.0
2011-02-08,75.5,0.0
2011-02-09,73.80000305175781,0.0
2011-02-10,72.0,0.0
2011-02-11,71.4000015258789,0.0
2011-02-14,72.5,0.0
2011-02-15,72.5,0.0
2011-02-16,72.0999984741211,0.0
2011-02-17,72.5,0.0
2011-02-18,73.0,0.0
2011-02-21,73.4000015258789,0.0
2011-02-22,72.5,0.0
2011-02-23,71.0,0.0
2011-02-24,70.5,0.0
2011-02-25,70.5,0.0
2011-03-01,71.4000015258789,0.0
2011-03-02,70.4000015258789,0.0
2011-03-03,70.80000305175781,0.0
2011-03-04,71.80000305175781,0.0
2011-03-07,70.9000015258789,0.0
2011-03-08,71.5,0.0
2011-03-09,71.4000015258789,0.0
2011-03-10,70.5,0.0
2011-03-11,70.0,0.0
2011-03-14,70.30000305175781,0.0
2011-03-15,68.0,0.0
2011-03-16,68.5,0.0
2011-03-17,67.4000015258789,0.0
2011-03-18,68.30000305175781,0.0
2011-03-21,69.0,0.0
2011-03-22,68.5999984741211,0.0
2011-03-23,68.69999694824219,0.0
2011-03-24,69.4000015258789,0.0
2011-03-25,71.19999694824219,0.0
2011-03-28,71.0,0.0
2011-03-29,70.80000305175781,0.0
2011-03-30,70.30000305175781,0.0
2011-03-31,70.5999984741211,0.0
2011-04-01,70.69999694824219,0.0
2011-04-06,72.9000015258789,0.0
2011-04-07,72.80000305175781,0.0
2011-04-08,72.9000015258789,0.0
2011-04-11,71.0999984741211,0.0
2011-04-12,70.0999984741211,0.0
2011-04-13,70.69999694824219,0.0
2011-04-14,69.80000305175781,0.0
2011-04-15,69.19999694824219,0.0
2011-04-18,69.0,0.0
2011-04-19,68.0999984741211,0.0
2011-04-20,69.80000305175781,0.0
2011-04-21,70.69999694824219,0.0
2011-04-22,70.9000015258789,0.0
2011-04-25,70.30000305175781,0.0
2011-04-26,70.30000305175781,0.0
2011-04-27,72.30000305175781,0.0
2011-04-28,73.0,0.0
2011-04-29,73.19999694824219,0.0
2011-05-03,74.5999984741211,0.0
2011-05-04,73.80000305175781,0.0
2011-05-05,74.80000305175781,0.0
2011-05-06,75.0,0.0
2011-05-09,75.5,0.0
2011-05-10,74.4000015258789,0.0
2011-05-11,75.0,0.0
2011-05-12,75.69999694824219,0.0
2011-05-13,75.9000015258789,0.0
2011-05-16,74.9000015258789,0.0
2011-05-17,75.5999984741211,0.0
2011-05-18,75.30000305175781,0.0
2011-05-19,75.19999694824219,0.0
2011-05-20,75.5,0.0
2011-05-23,75.0999984741211,0.0
2011-05-24,74.80000305175781,0.0
2011-05-25,74.5,0.0
2011-05-26,74.19999694824219,0.0
2011-05-27,74.0,0.0
2011-05-30,75.0999984741211,0.0
2011-05-31,76.69999694824219,0.0
2011-06-01,77.0,0.0
2011-06-02,76.4000015258789,0.0
2011-06-03,77.19999694824219,0.0
2011-06-07,77.5,0.0
2011-06-08,77.5,0.0
2011-06-09,76.9000015258789,0.0
2011-06-10,75.30000305175781,0.0
2011-06-13,74.69999694824219,0.0
2011-06-14,76.19999694824219,0.0
2011-06-15,77.0,0.0
2011-06-16,75.5,0.0
2011-06-17,74.19999694824219,0.0
2011-06-20,74.9000015258789,0.0
2011-06-21,75.9000015258789,0.0
2011-06-22,75.0,0.0
2011-06-23,74.19999694824219,0.0
2011-06-24,72.9000015258789,0.0
2011-06-27,72.0,0.0
2011-06-28,72.5,0.0
2011-06-29,71.4000015258789,2.999513
2011-06-30,72.19999694824219,0.0
2011-07-01,72.80000305175781,0.0
2011-07-04,73.5,0.0
2011-07-05,73.19999694824219,0.0
2011-07-06,72.80000305175781,0.0
2011-07-07,71.5999984741211,0.0
2011-07-08,72.5,0.0
2011-07-11,71.30000305175781,0.0
2011-07-12,70.30000305175781,0.0
2011-07-13,72.19999694824219,0.0
2011-07-14,70.69999694824219,0.0
2011-07-15,69.9000015258789,0.0
2011-07-18,69.69999694824219,0.0
2011-07-19,68.5,0.0
2011-07-20,71.5999984741211,0.0
2011-07-21,71.5999984741211,0.0
2011-07-22,72.0,0.0
2011-07-25,72.0,0.0
2011-07-26,73.69999694824219,0.0
2011-07-27,73.4000015258789,0.0
2011-07-28,73.0,0.0
2011-07-29,72.0,0.0
2011-08-01,72.5999984741211,0.0
2011-08-02,71.4000015258789,0.0
2011-08-03,70.0999984741211,0.0
2011-08-04,70.0,0.0
2011-08-05,66.5999984741211,0.0
2011-08-08,65.19999694824219,0.0
2011-08-09,63.29999923706055,0.0
2011-08-10,65.80000305175781,0.0
2011-08-11,66.4000015258789,0.0
2011-08-12,65.0999984741211,0.0
2011-08-15,66.80000305175781,0.0
2011-08-16,66.0,0.0
2011-08-17,65.80000305175781,0.0
2011-08-18,64.4000015258789,0.0
2011-08-19,63.900001525878906,0.0
2011-08-22,65.0,0.0
2011-08-23,66.80000305175781,0.0
2011-08-24,67.5,0.0
2011-08-25,67.0,0.0
2011-08-26,67.9000015258789,0.0
2011-08-29,69.4000015258789,0.0
2011-08-30,69.0,0.0
2011-08-31,69.4000015258789,0.0
2011-09-01,68.5999984741211,0.0
2011-09-02,67.5,0.0
2011-09-05,66.5999984741211,0.0
2011-09-06,66.0999984741211,0.0
2011-09-07,68.5999984741211,0.0
2011-09-08,68.69999694824219,0.0
2011-09-09,69.30000305175781,0.0
2011-09-13,68.4000015258789,0.0
2011-09-14,67.19999694824219,0.0
2011-09-15,69.0999984741211,0.0
2011-09-16,71.0999984741211,0.0
2011-09-19,71.19999694824219,0.0
2011-09-20,70.5,0.0
2011-09-21,72.0,0.0
2011-09-22,69.0,0.0
2011-09-23,67.5,0.0
2011-09-26,67.19999694824219,0.0
2011-09-27,69.9000015258789,0.0
2011-09-28,70.30000305175781,0.0
2011-09-29,70.30000305175781,0.0
2011-09-30,70.0,0.0
2011-10-03,68.5999984741211,0.0
2011-10-04,69.0999984741211,0.0
2011-10-05,69.0999984741211,0.0
2011-10-06,69.0,0.0
2011-10-07,69.0999984741211,0.0
2011-10-11,70.0,0.0
2011-10-12,70.4000015258789,0.0
2011-10-13,70.4000015258789,0.0
2011-10-14,70.30000305175781,0.0
2011-10-17,71.0999984741211,0.0
2011-10-18,70.69999694824219,0.0
2011-10-19,71.0999984741211,0.0
2011-10-20,69.69999694824219,0.0
2011-10-21,70.30000305175781,0.0
2011-10-24,71.69999694824219,0.0
2011-10-25,71.5,0.0
2011-10-26,71.9000015258789,0.0
2011-10-27,71.9000015258789,0.0
2011-10-28,73.0999984741211,0.0
2011-10-31,73.5999984741211,0.0
2011-11-01,73.80000305175781,0.0
2011-11-02,73.9000015258789,0.0
2011-11-03,73.5,0.0
2011-11-04,74.5999984741211,0.0
2011-11-07,75.0,0.0
2011-11-08,74.5,0.0
2011-11-09,74.0999984741211,0.0
2011-11-10,72.5999984741211,0.0
2011-11-11,73.4000015258789,0.0
2011-11-14,75.9000015258789,0.0
2011-11-15,76.0,0.0
2011-11-16,75.4000015258789,0.0
2011-11-17,75.69999694824219,0.0
2011-11-18,74.19999694824219,0.0
2011-11-21,73.30000305175781,0.0
2011-11-22,74.0,0.0
2011-11-23,73.4000015258789,0.0
2011-11-24,72.80000305175781,0.0
2011-11-25,71.5999984741211,0.0
2011-11-28,73.5999984741211,0.0
2011-11-29,73.5999984741211,0.0
2011-11-30,74.5999984741211,0.0
2011-12-01,76.5999984741211,0.0
2011-12-02,76.0,0.0
2011-12-05,76.30000305175781,0.0
2011-12-06,75.4000015258789,0.0
2011-12-07,76.4000015258789,0.0
2011-12-08,76.30000305175781,0.0
2011-12-09,74.0999984741211,0.0
2011-12-12,75.0,0.0
2011-12-13,75.19999694824219,0.0
2011-12-14,74.5,0.0
2011-12-15,72.5,0.0
2011-12-16,72.69999694824219,0.0
2011-12-19,72.5,0.0
2011-12-20,72.80000305175781,0.0
2011-12-21,76.0,0.0
2011-12-22,75.0,0.0
2011-12-23,75.4000015258789,0.0
2011-12-26,75.0,0.0
2011-12-27,75.5,0.0
2011-12-28,75.69999694824219,0.0
2011-12-29,75.80000305175781,0.0
2011-12-30,75.80000305175781,0.0
2012-01-02,69.80000305175781,0.0
2012-01-03,70.5,0.0
2012-01-04,70.5,0.0
2012-01-05,76.0,0.0
2012-01-06,75.5999984741211,0.0
2012-01-09,75.5999984741211,0.0
2012-01-10,76.5,0.0
2012-01-11,76.5,0.0
2012-01-12,77.0,0.0
2012-01-13,77.5,0.0
2012-01-16,75.30000305175781,0.0
2012-01-17,75.5999984741211,0.0
2012-01-18,76.69999694824219,0.0
2012-01-30,78.69999694824219,0.0
2012-01-31,78.5,0.0
2012-02-01,77.0,0.0
2012-02-02,76.80000305175781,0.0
2012-02-03,76.19999694824219,0.0
2012-02-06,77.4000015258789,0.0
2012-02-07,77.4000015258789,0.0
2012-02-08,77.5,0.0
2012-02-09,78.0,0.0
2012-02-10,76.9000015258789,0.0
2012-02-13,76.5999984741211,0.0
2012-02-14,77.30000305175781,0.0
2012-02-15,78.5,0.0
2012-02-16,78.5,0.0
2012-02-17,80.0,0.0
2012-02-20,80.0,0.0
2012-02-21,80.0,0.0
2012-02-22,79.69999694824219,0.0
2012-02-23,78.0999984741211,0.0
2012-02-24,79.0999984741211,0.0
2012-02-29,81.0999984741211,0.0
2012-03-01,80.0999984741211,0.0
2012-03-02,80.0,0.0
2012-03-05,78.9000015258789,0.0
2012-03-06,79.5,0.0
2012-03-07,79.0999984741211,0.0
2012-03-08,79.69999694824219,0.0
2012-03-09,80.0,0.0
2012-03-12,80.0,0.0
2012-03-13,81.30000305175781,0.0
2012-03-14,83.19999694824219,0.0
2012-03-15,83.19999694824219,0.0
2012-03-16,81.0999984741211,0.0
2012-03-19,83.69999694824219,0.0
2012-03-20,83.19999694824219,0.0
2012-03-21,84.9000015258789,0.0
2012-03-22,85.19999694824219,0.0
2012-03-23,85.4000015258789,0.0
2012-03-26,83.5999984741211,0.0
2012-03-27,85.80000305175781,0.0
2012-03-28,85.5,0.0
2012-03-29,84.0999984741211,0.0
2012-03-30,84.9000015258789,0.0
2012-04-02,85.0999984741211,0.0
2012-04-03,85.0,0.0
2012-04-05,83.0999984741211,0.0
2012-04-06,83.80000305175781,0.0
2012-04-09,83.0,0.0
2012-04-10,82.0,0.0
2012-04-11,82.4000015258789,0.0
2012-04-12,82.5999984741211,0.0
2012-04-13,84.9000015258789,0.0
2012-04-16,84.9000015258789,0.0
2012-04-17,83.80000305175781,0.0
2012-04-18,85.0,0.0
2012-04-19,85.80000305175781,0.0
2012-04-20,84.30000305175781,0.0
2012-04-23,84.30000305175781,0.0
2012-04-24,84.5999984741211,0.0
2012-04-25,84.19999694824219,0.0
2012-04-26,84.0,0.0
2012-04-27,86.0,0.0
2012-04-30,86.80000305175781,0.0
2012-05-02,88.4000015258789,0.0
2012-05-03,88.9000015258789,0.0
2012-05-04,87.5999984741211,0.0
2012-05-07,85.5999984741211,0.0
2012-05-08,84.4000015258789,0.0
2012-05-09,84.5999984741211,0.0
2012-05-10,85.30000305175781,0.0
2012-05-11,85.5,0.0
2012-05-14,85.4000015258789,0.0
2012-05-15,85.5,0.0
2012-05-16,83.4000015258789,0.0
2012-05-17,85.0999984741211,0.0
2012-05-18,81.80000305175781,0.0
2012-05-21,82.5,0.0
2012-05-22,82.19999694824219,0.0
2012-05-23,79.0999984741211,0.0
2012-05-24,80.5999984741211,0.0
2012-05-25,80.0,0.0
2012-05-28,81.5999984741211,0.0
2012-05-29,82.30000305175781,0.0
2012-05-30,81.69999694824219,0.0
2012-05-31,85.0999984741211,0.0
2012-06-01,79.9000015258789,0.0
2012-06-04,76.5,0.0
2012-06-05,78.19999694824219,0.0
2012-06-06,77.80000305175781,0.0
2012-06-07,79.80000305175781,0.0
2012-06-08,77.9000015258789,0.0
2012-06-11,80.4000015258789,0.0
2012-06-12,79.4000015258789,0.0
2012-06-13,80.0,0.0
2012-06-14,79.19999694824219,0.0
2012-06-15,78.0999984741211,0.0
2012-06-18,80.80000305175781,0.0
2012-06-19,80.5,0.0
2012-06-20,81.5999984741211,0.0
2012-06-21,80.5999984741211,0.0
2012-06-22,80.0999984741211,0.0
2012-06-25,79.5999984741211,0.0
2012-06-26,78.69999694824219,0.0
2012-06-27,79.30000305175781,0.0
2012-06-28,79.9000015258789,0.0
2012-06-29,81.30000305175781,0.0
2012-07-02,83.30000305175781,0.0
2012-07-03,84.19999694824219,0.0
2012-07-04,81.19999694824219,2.999481
2012-07-05,81.0,0.0
2012-07-06,80.9000015258789,0.0
2012-07-09,80.0,0.0
2012-07-10,79.0999984741211,0.0
2012-07-11,78.0999984741211,0.0
2012-07-12,75.69999694824219,0.0
2012-07-13,75.80000305175781,0.0
2012-07-16,75.5,0.0
2012-07-17,74.80000305175781,0.0
2012-07-18,74.80000305175781,0.0
2012-07-19,77.5,0.0
2012-07-20,76.69999694824219,0.0
2012-07-23,74.30000305175781,0.0
2012-07-24,74.80000305175781,0.0
2012-07-25,74.5999984741211,0.0
2012-07-26,76.30000305175781,0.0
2012-07-27,79.30000305175781,0.0
2012-07-30,79.0,0.0
2012-07-31,81.0,0.0
2012-08-01,80.0,0.0
2012-08-02,80.0,0.0
2012-08-03,79.80000305175781,0.0
2012-08-06,80.9000015258789,0.0
2012-08-07,81.4000015258789,0.0
2012-08-08,80.5,0.0
2012-08-09,82.30000305175781,0.0
2012-08-10,82.0,0.0
2012-08-13,82.69999694824219,0.0
2012-08-14,83.19999694824219,0.0
2012-08-15,83.0,0.0
2012-08-16,82.9000015258789,0.0
2012-08-17,82.0,0.0
2012-08-20,82.4000015258789,0.0
2012-08-21,83.5999984741211,0.0
2012-08-22,82.4000015258789,0.0
2012-08-23,82.69999694824219,0.0
2012-08-24,82.0,0.0
2012-08-27,83.0,0.0
2012-08-28,82.4000015258789,0.0
2012-08-29,82.69999694824219,0.0
2012-08-30,82.69999694824219,0.0
2012-08-31,83.30000305175781,0.0
2012-09-03,83.9000015258789,0.0
2012-09-04,84.0,0.0
2012-09-05,82.0,0.0
2012-09-06,81.0999984741211,0.0
2012-09-07,83.80000305175781,0.0
2012-09-10,83.5,0.0
2012-09-11,84.4000015258789,0.0
2012-09-12,84.5,0.0
2012-09-13,85.0,0.0
2012-09-14,86.5,0.0
2012-09-17,86.5,0.0
2012-09-18,85.69999694824219,0.0
2012-09-19,86.0,0.0
2012-09-20,85.30000305175781,0.0
2012-09-21,85.69999694824219,0.0
2012-09-24,86.0999984741211,0.0
2012-09-25,85.9000015258789,0.0
2012-09-26,86.4000015258789,0.0
2012-09-27,87.5999984741211,0.0
2012-09-28,89.80000305175781,0.0
2012-10-01,88.9000015258789,0.0
2012-10-02,89.5999984741211,0.0
2012-10-03,89.80000305175781,0.0
2012-10-04,90.5999984741211,0.0
2012-10-05,91.0,0.0
2012-10-08,89.0999984741211,0.0
2012-10-09,87.0999984741211,0.0
2012-10-11,85.5,0.0
2012-10-12,86.30000305175781,0.0
2012-10-15,86.4000015258789,0.0
2012-10-16,87.5,0.0
2012-10-17,87.4000015258789,0.0
2012-10-18,88.0999984741211,0.0
2012-10-19,86.69999694824219,0.0
2012-10-22,86.0,0.0
2012-10-23,85.69999694824219,0.0
2012-10-24,85.4000015258789,0.0
2012-10-25,84.80000305175781,0.0
2012-10-26,87.30000305175781,0.0
2012-10-29,88.0999984741211,0.0
2012-10-30,88.0,0.0
2012-10-31,88.69999694824219,0.0
2012-11-01,89.19999694824219,0.0
2012-11-02,89.9000015258789,0.0
2012-11-05,90.3000030517578,0.0
2012-11-06,90.4000015258789,0.0
2012-11-07,91.0,0.0
2012-11-08,90.5,0.0
2012-11-09,90.8000030517578,0.0
2012-11-12,91.3000030517578,0.0
2012-11-13,90.3000030517578,0.0
2012-11-14,90.5,0.0
2012-11-15,90.1999969482422,0.0
2012-11-16,90.1999969482422,0.0
2012-11-19,90.0,0.0
2012-11-20,90.4000015258789,0.0
2012-11-21,90.5,0.0
2012-11-22,91.3000030517578,0.0
2012-11-23,95.5,0.0
2012-11-26,95.3000030517578,0.0
2012-11-27,96.3000030517578,0.0
2012-11-28,95.9000015258789,0.0
2012-11-29,96.5,0.0
2012-11-30,98.6999969482422,0.0
2012-12-03,97.9000015258789,0.0
2012-12-04,96.5999984741211,0.0
2012-12-05,96.9000015258789,0.0
2012-12-06,96.5999984741211,0.0
2012-12-07,98.0999984741211,0.0
2012-12-10,96.5,0.0
2012-12-11,98.3000030517578,0.0
2012-12-12,98.4000015258789,0.0
2012-12-13,99.1999969482422,0.0
2012-12-14,98.4000015258789,0.0
2012-12-17,97.0,0.0
2012-12-18,96.6999969482422,0.0
2012-12-19,97.3000030517578,0.0
2012-12-20,96.0,0.0
2012-12-21,94.8000030517578,0.0
2012-12-24,95.1999969482422,0.0
2012-12-25,96.5,0.0
2012-12-26,96.0,0.0
2012-12-27,95.5999984741211,0.0
2012-12-28,97.0,0.0
2013-01-02,99.5999984741211,0.0
2013-01-03,101.0,0.0
2013-01-04,101.5,0.0
2013-01-07,100.5,0.0
2013-01-08,99.6999969482422,0.0
2013-01-09,100.0,0.0
2013-01-10,101.0,0.0
2013-01-11,101.0,0.0
2013-01-14,102.0,0.0
2013-01-15,100.5,0.0
2013-01-16,99.1999969482422,0.0
2013-01-17,99.3000030517578,0.0
2013-01-18,101.5,0.0
2013-01-21,100.5,0.0
2013-01-22,101.0,0.0
2013-01-23,101.0,0.0
2013-01-24,99.9000015258789,0.0
2013-01-25,99.0,0.0
2013-01-28,99.3000030517578,0.0
2013-01-29,101.0,0.0
2013-01-30,101.5,0.0
2013-01-31,101.5,0.0
2013-02-01,101.5,0.0
2013-02-04,103.0,0.0
2013-02-05,103.0,0.0
2013-02-06,105.0,0.0
2013-02-18,107.0,0.0
2013-02-19,107.0,0.0
2013-02-20,109.0,0.0
2013-02-21,107.0,0.0
2013-02-22,105.5,0.0
2013-02-25,105.0,0.0
2013-02-26,103.5,0.0
2013-02-27,104.5,0.0
2013-03-01,105.0,0.0
2013-03-04,102.0,0.0
2013-03-05,104.0,0.0
2013-03-06,104.0,0.0
2013-03-07,103.0,0.0
2013-03-08,103.5,0.0
2013-03-11,102.0,0.0
2013-03-12,102.5,0.0
2013-03-13,104.5,0.0
2013-03-14,104.0,0.0
2013-03-15,103.0,0.0
2013-03-18,100.5,0.0
2013-03-19,100.0,0.0
2013-03-20,98.8000030517578,0.0
2013-03-21,98.6999969482422,0.0
2013-03-22,98.0,0.0
2013-03-25,99.5,0.0
2013-03-26,99.0,0.0
2013-03-27,100.5,0.0
2013-03-28,100.0,0.0
2013-03-29,100.5,0.0
2013-04-01,101.0,0.0
2013-04-02,100.5,0.0
2013-04-03,100.5,0.0
2013-04-08,98.5,0.0
2013-04-09,97.5,0.0
2013-04-10,98.3000030517578,0.0
2013-04-11,101.5,0.0
2013-04-12,100.5,0.0
2013-04-15,99.4000015258789,0.0
2013-04-16,100.5,0.0
2013-04-17,100.0,0.0
2013-04-18,99.9000015258789,0.0
2013-04-19,106.5,0.0
2013-04-22,108.5,0.0
2013-04-23,106.0,0.0
2013-04-24,106.0,0.0
2013-04-25,107.0,0.0
2013-04-26,108.5,0.0
2013-04-29,108.0,0.0
2013-04-30,109.5,0.0
2013-05-02,110.5,0.0
2013-05-03,110.0,0.0
2013-05-06,111.5,0.0
2013-05-07,112.5,0.0
2013-05-08,114.5,0.0
2013-05-09,115.0,0.0
2013-05-10,114.5,0.0
2013-05-13,114.5,0.0
2013-05-14,115.5,0.0
2013-05-15,115.0,0.0
2013-05-16,113.5,0.0
2013-05-17,113.5,0.0
2013-05-20,114.0,0.0
2013-05-21,112.5,0.0
2013-05-22,112.0,0.0
2013-05-23,108.0,0.0
2013-05-24,109.5,0.0
2013-05-27,112.0,0.0
2013-05-28,109.5,0.0
2013-05-29,111.0,0.0
2013-05-30,110.0,0.0
2013-05-31,109.5,0.0
2013-06-03,107.5,0.0
2013-06-04,109.0,0.0
2013-06-05,109.5,0.0
2013-06-06,107.5,0.0
2013-06-07,108.5,0.0
2013-06-10,108.5,0.0
2013-06-11,108.0,0.0
2013-06-13,104.5,0.0
2013-06-14,106.0,0.0
2013-06-17,106.0,0.0
2013-06-18,106.5,0.0
2013-06-19,105.5,0.0
2013-06-20,104.0,0.0
2013-06-21,103.5,0.0
2013-06-24,101.0,0.0
2013-06-25,101.0,0.0
2013-06-26,101.5,0.0
2013-06-27,104.5,0.0
2013-06-28,111.0,0.0
2013-07-01,108.0,0.0
2013-07-02,110.0,0.0
2013-07-03,107.0,2.999552
2013-07-04,107.0,0.0
2013-07-05,109.0,0.0
2013-07-08,105.0,0.0
2013-07-09,106.0,0.0
2013-07-10,106.0,0.0
2013-07-11,109.5,0.0
2013-07-12,110.0,0.0
2013-07-15,109.5,0.0
2013-07-16,108.0,0.0
2013-07-17,109.0,0.0
2013-07-18,105.5,0.0
2013-07-19,98.1999969482422,0.0
2013-07-22,97.0,0.0
2013-07-23,100.0,0.0
2013-07-24,102.0,0.0
2013-07-25,102.5,0.0
2013-07-26,102.5,0.0
2013-07-29,100.0,0.0
2013-07-30,102.0,0.0
2013-07-31,102.5,0.0
2013-08-01,100.5,0.0
2013-08-02,100.5,0.0
2013-08-05,100.5,0.0
2013-08-06,98.8000030517578,0.0
2013-08-07,97.0,0.0
2013-08-08,96.4000015258789,0.0
2013-08-09,96.4000015258789,0.0
2013-08-12,96.0,0.0
2013-08-13,97.1999969482422,0.0
2013-08-14,96.8000030517578,0.0
2013-08-15,96.0,0.0
2013-08-16,96.5,0.0
2013-08-19,95.5,0.0
2013-08-20,94.4000015258789,0.0
2013-08-22,94.5,0.0
2013-08-23,97.0,0.0
2013-08-26,96.8000030517578,0.0
2013-08-27,95.5999984741211,0.0
2013-08-28,96.8000030517578,0.0
2013-08-29,98.6999969482422,0.0
2013-08-30,100.5,0.0
2013-09-02,102.0,0.0
2013-09-03,102.0,0.0
2013-09-04,100.5,0.0
2013-09-05,101.5,0.0
2013-09-06,102.0,0.0
2013-09-09,103.0,0.0
2013-09-10,104.5,0.0
2013-09-11,104.5,0.0
2013-09-12,103.5,0.0
2013-09-13,102.5,0.0
2013-09-16,105.5,0.0
2013-09-17,105.5,0.0
2013-09-18,103.0,0.0
2013-09-23,105.5,0.0
2013-09-24,105.0,0.0
2013-09-25,103.0,0.0
2013-09-26,101.5,0.0
2013-09-27,103.0,0.0
2013-09-30,100.5,0.0
2013-10-01,101.5,0.0
2013-10-02,103.0,0.0
2013-10-03,105.0,0.0
2013-10-04,104.0,0.0
2013-10-07,103.0,0.0
2013-10-08,105.0,0.0
2013-10-09,105.0,0.0
2013-10-11,106.5,0.0
2013-10-14,105.0,0.0
2013-10-15,107.0,0.0
2013-10-16,106.0,0.0
2013-10-17,107.0,0.0
2013-10-18,110.0,0.0
2013-10-21,110.0,0.0
2013-10-22,111.5,0.0
2013-10-23,111.0,0.0
2013-10-24,110.0,0.0
2013-10-25,107.0,0.0
2013-10-28,109.5,0.0
2013-10-29,109.5,0.0
2013-10-30,110.0,0.0
2013-10-31,109.5,0.0
2013-11-01,109.5,0.0
2013-11-04,109.0,0.0
2013-11-05,106.5,0.0
2013-11-06,107.0,0.0
2013-11-07,107.0,0.0
2013-11-08,106.0,0.0
2013-11-11,104.5,0.0
2013-11-12,105.0,0.0
2013-11-13,103.0,0.0
2013-11-14,103.5,0.0
2013-11-15,104.0,0.0
2013-11-18,104.0,0.0
2013-11-19,105.0,0.0
2013-11-20,103.0,0.0
2013-11-21,101.0,0.0
2013-11-22,100.0,0.0
2013-11-25,101.0,0.0
2013-11-26,103.5,0.0
2013-11-27,105.0,0.0
2013-11-28,105.0,0.0
2013-11-29,105.0,0.0
2013-12-02,104.5,0.0
2013-12-03,104.0,0.0
2013-12-04,105.0,0.0
2013-12-05,104.0,0.0
2013-12-06,103.0,0.0
2013-12-09,105.0,0.0
2013-12-10,104.0,0.0
2013-12-11,105.0,0.0
2013-12-12,103.0,0.0
2013-12-13,102.5,0.0
2013-12-16,102.0,0.0
2013-12-17,103.5,0.0
2013-12-18,101.0,0.0
2013-12-19,102.5,0.0
2013-12-20,102.0,0.0
2013-12-23,104.0,0.0
2013-12-24,103.0,0.0
2013-12-25,103.0,0.0
2013-12-26,104.0,0.0
2013-12-27,104.5,0.0
2013-12-30,106.0,0.0
2013-12-31,105.5,0.0
2014-01-02,104.5,0.0
2014-01-03,102.5,0.0
2014-01-06,102.5,0.0
2014-01-07,102.0,0.0
2014-01-08,104.0,0.0
2014-01-09,101.0,0.0
2014-01-10,102.0,0.0
2014-01-13,103.0,0.0
2014-01-14,103.5,0.0
2014-01-15,105.0,0.0
2014-01-16,107.0,0.0
2014-01-17,107.5,0.0
2014-01-20,107.5,0.0
2014-01-21,106.5,0.0
2014-01-22,107.5,0.0
2014-01-23,107.5,0.0
2014-01-24,108.0,0.0
2014-01-27,105.0,0.0
2014-02-05,100.5,0.0
2014-02-06,102.0,0.0
2014-02-07,104.0,0.0
2014-02-10,103.0,0.0
2014-02-11,104.5,0.0
2014-02-12,105.0,0.0
2014-02-13,105.0,0.0
2014-02-14,107.5,0.0
2014-02-17,108.5,0.0
2014-02-18,108.0,0.0
2014-02-19,108.0,0.0
2014-02-20,106.5,0.0
2014-02-21,107.5,0.0
2014-02-24,107.0,0.0
2014-02-25,108.0,0.0
2014-02-26,107.5,0.0
2014-02-27,108.0,0.0
2014-03-03,108.0,0.0
2014-03-04,107.5,0.0
2014-03-05,110.0,0.0
2014-03-06,113.0,0.0
2014-03-07,114.5,0.0
2014-03-10,113.0,0.0
2014-03-11,114.0,0.0
2014-03-12,113.0,0.0
2014-03-13,116.5,0.0
2014-03-14,115.0,0.0
2014-03-17,114.0,0.0
2014-03-18,114.5,0.0
2014-03-19,114.5,0.0
2014-03-20,112.0,0.0
2014-03-21,112.5,0.0
2014-03-24,112.5,0.0
2014-03-25,113.5,0.0
2014-03-26,115.5,0.0
2014-03-27,116.0,0.0
2014-03-28,117.5,0.0
2014-03-31,118.5,0.0
2014-04-01,119.5,0.0
2014-04-02,120.0,0.0
2014-04-03,118.5,0.0
2014-04-07,117.5,0.0
2014-04-08,119.0,0.0
2014-04-09,119.0,0.0
2014-04-10,119.5,0.0
2014-04-11,120.0,0.0
2014-04-14,120.5,0.0
2014-04-15,122.5,0.0
2014-04-16,121.0,0.0
2014-04-17,120.0,0.0
2014-04-18,123.0,0.0
2014-04-21,121.5,0.0
2014-04-22,121.5,0.0
2014-04-23,121.0,0.0
2014-04-24,121.0,0.0
2014-04-25,118.5,0.0
2014-04-28,119.0,0.0
2014-04-29,120.5,0.0
2014-04-30,118.5,0.0
2014-05-02,118.0,0.0
2014-05-05,117.0,0.0
2014-05-06,118.0,0.0
2014-05-07,118.5,0.0
2014-05-08,119.5,0.0
2014-05-09,120.0,0.0
2014-05-12,118.5,0.0
2014-05-13,120.5,0.0
2014-05-14,122.0,0.0
2014-05-15,122.0,0.0
2014-05-16,122.0,0.0
2014-05-19,121.0,0.0
2014-05-20,121.0,0.0
2014-05-21,120.5,0.0
2014-05-22,122.0,0.0
2014-05-23,122.0,0.0
2014-05-26,123.0,0.0
2014-05-27,123.5,0.0
2014-05-28,124.0,0.0
2014-05-29,122.0,0.0
2014-05-30,119.5,0.0
2014-06-03,122.5,0.0
2014-06-04,123.5,0.0
2014-06-05,123.0,0.0
2014-06-06,122.5,0.0
2014-06-09,123.0,0.0
2014-06-10,124.5,0.0
2014-06-11,125.0,0.0
2014-06-12,123.5,0.0
2014-06-13,123.0,0.0
2014-06-16,124.0,0.0
2014-06-17,125.0,0.0
2014-06-18,125.5,0.0
2014-06-19,126.0,0.0
2014-06-20,124.5,0.0
2014-06-23,123.0,0.0
2014-06-24,123.0,0.0
2014-06-25,123.5,0.0
2014-06-26,124.5,0.0
2014-06-27,125.5,0.0
2014-06-30,126.5,0.0
2014-07-01,128.0,0.0
2014-07-02,132.5,0.0
2014-07-03,134.5,0.0
2014-07-04,135.0,0.0
2014-07-07,136.0,0.0
2014-07-08,134.5,0.0
2014-07-09,134.0,0.0
2014-07-10,134.5,0.0
2014-07-11,136.5,0.0
2014-07-14,132.5,2.999912
2014-07-15,133.0,0.0
2014-07-16,130.5,0.0
2014-07-17,124.5,0.0
2014-07-18,123.5,0.0
2014-07-21,123.5,0.0
2014-07-22,124.5,0.0
2014-07-23,124.5,0.0
2014-07-24,125.0,0.0
2014-07-25,123.0,0.0
2014-07-28,121.5,0.0
2014-07-29,124.0,0.0
2014-07-30,124.5,0.0
2014-07-31,121.0,0.0
2014-08-01,120.0,0.0
2014-08-04,123.5,0.0
2014-08-05,119.5,0.0
2014-08-06,120.5,0.0
2014-08-07,121.5,0.0
2014-08-08,120.5,0.0
2014-08-11,120.5,0.0
2014-08-12,121.5,0.0
2014-08-13,122.5,0.0
2014-08-14,124.0,0.0
2014-08-15,124.0,0.0
2014-08-18,123.0,0.0
2014-08-19,124.0,0.0
2014-08-20,125.5,0.0
2014-08-21,124.5,0.0
2014-08-22,125.5,0.0
2014-08-25,125.0,0.0
2014-08-26,124.5,0.0
2014-08-27,125.5,0.0
2014-08-28,125.0,0.0
2014-08-29,124.0,0.0
2014-09-01,128.5,0.0
2014-09-02,126.0,0.0
2014-09-03,128.0,0.0
2014-09-04,127.5,0.0
2014-09-05,127.0,0.0
2014-09-09,127.0,0.0
2014-09-10,125.0,0.0
2014-09-11,125.0,0.0
2014-09-12,123.0,0.0
2014-09-15,123.5,0.0
2014-09-16,122.5,0.0
2014-09-17,124.5,0.0
2014-09-18,125.0,0.0
2014-09-19,125.0,0.0
2014-09-22,122.0,0.0
2014-09-23,122.5,0.0
2014-09-24,123.0,0.0
2014-09-25,122.0,0.0
2014-09-26,121.0,0.0
2014-09-29,120.5,0.0
2014-09-30,120.0,0.0
2014-10-01,121.5,0.0
2014-10-02,121.0,0.0
2014-10-03,124.5,0.0
2014-10-06,126.0,0.0
2014-10-07,125.0,0.0
2014-10-08,122.5,0.0
2014-10-09,125.0,0.0
2014-10-13,120.5,0.0
2014-10-14,121.0,0.0
2014-10-15,121.5,0.0
2014-10-16,121.5,0.0
2014-10-17,123.5,0.0
2014-10-20,126.0,0.0
2014-10-21,125.0,0.0
2014-10-22,129.0,0.0
2014-10-23,127.5,0.0
2014-10-24,125.5,0.0
2014-10-27,128.0,0.0
2014-10-28,128.0,0.0
2014-10-29,129.0,0.0
2014-10-30,128.5,0.0
2014-10-31,130.5,0.0
2014-11-03,131.0,0.0
2014-11-04,132.0,0.0
2014-11-05,132.0,0.0
2014-11-06,132.0,0.0
2014-11-07,131.0,0.0
2014-11-10,134.5,0.0
2014-11-11,134.0,0.0
2014-11-12,132.0,0.0
2014-11-13,134.0,0.0
2014-11-14,135.0,0.0
2014-11-17,133.0,0.0
2014-11-18,131.5,0.0
2014-11-19,136.0,0.0
2014-11-20,139.0,0.0
2014-11-21,138.5,0.0
2014-11-24,138.5,0.0
2014-11-25,139.0,0.0
2014-11-26,139.0,0.0
2014-11-27,140.0,0.0
2014-11-28,141.5,0.0
2014-12-01,140.0,0.0
2014-12-02,137.5,0.0
2014-12-03,138.0,0.0
2014-12-04,139.0,0.0
2014-12-05,137.5,0.0
2014-12-08,138.0,0.0
2014-12-09,138.0,0.0
2014-12-10,136.0,0.0
2014-12-11,134.5,0.0
2014-12-12,135.0,0.0
2014-12-15,136.0,0.0
2014-12-16,133.0,0.0
2014-12-17,130.5,0.0
2014-12-18,131.5,0.0
2014-12-19,138.0,0.0
2014-12-22,138.5,0.0
2014-12-23,137.5,0.0
2014-12-24,138.0,0.0
2014-12-25,137.5,0.0
2014-12-26,139.0,0.0
2014-12-29,141.0,0.0
2014-12-30,140.0,0.0
2014-12-31,141.0,0.0
2015-01-05,139.5,0.0
2015-01-06,133.5,0.0
2015-01-07,134.0,0.0
2015-01-08,138.0,0.0
2015-01-09,134.0,0.0
2015-01-12,132.0,0.0
2015-01-13,132.5,0.0
2015-01-14,130.0,0.0
2015-01-15,131.5,0.0
2015-01-16,137.0,0.0
2015-01-19,139.0,0.0
2015-01-20,138.0,0.0
2015-01-21,141.0,0.0
2015-01-22,140.0,0.0
2015-01-23,145.0,0.0
2015-01-26,145.0,0.0
2015-01-27,147.0,0.0
2015-01-28,146.5,0.0
2015-01-29,143.5,0.0
2015-01-30,141.0,0.0
2015-02-02,142.5,0.0
2015-02-03,144.5,0.0
2015-02-04,146.0,0.0
2015-02-05,145.5,0.0
2015-02-06,143.0,0.0
2015-02-09,142.0,0.0
2015-02-10,142.5,0.0
2015-02-11,148.0,0.0
2015-02-12,148.5,0.0
2015-02-13,148.5,0.0
2015-02-24,151.0,0.0
2015-02-25,154.5,0.0
2015-02-26,150.5,0.0
2015-03-02,149.0,0.0
2015-03-03,150.5,0.0
2015-03-04,150.5,0.0
2015-03-05,150.0,0.0
2015-03-06,149.0,0.0
2015-03-09,145.5,0.0
2015-03-10,144.0,0.0
2015-03-11,146.0,0.0
2015-03-12,148.0,0.0
2015-03-13,149.0,0.0
2015-03-16,146.0,0.0
2015-03-17,149.0,0.0
2015-03-18,153.5,0.0
2015-03-19,154.0,0.0
2015-03-20,154.0,0.0
2015-03-23,153.5,0.0
2015-03-24,151.5,0.0
2015-03-25,151.0,0.0
2015-03-26,145.5,0.0
2015-03-27,142.5,0.0
2015-03-30,142.5,0.0
2015-03-31,145.5,0.0
2015-04-01,144.0,0.0
2015-04-02,147.0,0.0
2015-04-07,146.0,0.0
2015-04-08,143.0,0.0
2015-04-09,143.0,0.0
2015-04-10,147.0,0.0
2015-04-13,147.0,0.0
2015-04-14,144.0,0.0
2015-04-15,143.0,0.0
2015-04-16,147.0,0.0
2015-04-17,142.5,0.0
2015-04-20,143.0,0.0
2015-04-21,142.5,0.0
2015-04-22,143.5,0.0
2015-04-23,147.0,0.0
2015-04-24,152.5,0.0
2015-04-27,151.5,0.0
2015-04-28,151.5,0.0
2015-04-29,148.5,0.0
2015-04-30,147.0,0.0
2015-05-04,147.5,0.0
2015-05-05,147.0,0.0
2015-05-06,147.5,0.0
2015-05-07,146.5,0.0
2015-05-08,146.5,0.0
2015-05-11,148.5,0.0
2015-05-12,147.5,0.0
2015-05-13,148.0,0.0
2015-05-14,146.0,0.0
2015-05-15,146.5,0.0
2015-05-18,146.5,0.0
2015-05-19,146.5,0.0
2015-05-20,146.5,0.0
2015-05-21,145.5,0.0
2015-05-22,145.5,0.0
2015-05-25,147.5,0.0
2015-05-26,146.5,0.0
2015-05-27,145.0,0.0
2015-05-28,147.0,0.0
2015-05-29,146.0,0.0
2015-06-01,145.0,0.0
2015-06-02,144.0,0.0
2015-06-03,143.0,0.0
2015-06-04,141.0,0.0
2015-06-05,140.0,0.0
2015-06-08,138.5,0.0
2015-06-09,139.0,0.0
2015-06-10,139.5,0.0
2015-06-11,143.5,0.0
2015-06-12,144.5,0.0
2015-06-15,143.0,0.0
2015-06-16,142.0,0.0
2015-06-17,142.5,0.0
2015-06-18,142.0,0.0
2015-06-22,142.0,0.0
2015-06-23,144.5,0.0
2015-06-24,145.0,0.0
2015-06-25,146.5,0.0
2015-06-26,146.0,0.0
2015-06-29,138.5,4.499875
2015-06-30,140.5,0.0
2015-07-01,141.0,0.0
2015-07-02,141.5,0.0
2015-07-03,142.5,0.0
2015-07-06,140.5,0.0
2015-07-07,140.5,0.0
2015-07-08,138.0,0.0
2015-07-09,136.5,0.0
2015-07-10,136.5,0.0
2015-07-13,138.5,0.0
2015-07-14,138.5,0.0
2015-07-15,138.5,0.0
2015-07-16,136.5,0.0
2015-07-17,140.0,0.0
2015-07-20,139.0,0.0
2015-07-21,140.5,0.0
2015-07-22,139.0,0.0
2015-07-23,136.0,0.0
2015-07-24,137.0,0.0
2015-07-27,134.0,0.0
2015-07-28,134.0,0.0
2015-07-29,135.5,0.0
2015-07-30,138.5,0.0
2015-07-31,139.5,0.0
2015-08-03,134.5,0.0
2015-08-04,136.5,0.0
2015-08-05,134.0,0.0
2015-08-06,134.0,0.0
2015-08-07,133.0,0.0
2015-08-10,129.0,0.0
2015-08-11,130.5,0.0
2015-08-12,128.5,0.0
2015-08-13,128.0,0.0
2015-08-14,126.0,0.0
2015-08-17,124.0,0.0
2015-08-18,126.0,0.0
2015-08-19,125.0,0.0
2015-08-20,126.0,0.0
2015-08-21,121.0,0.0
2015-08-24,115.0,0.0
2015-08-25,123.5,0.0
2015-08-26,122.5,0.0
2015-08-27,124.0,0.0
2015-08-28,125.0,0.0
2015-08-31,129.0,0.0
2015-09-01,124.0,0.0
2015-09-02,125.5,0.0
2015-09-03,127.0,0.0
2015-09-04,125.0,0.0
2015-09-07,122.5,0.0
2015-09-08,123.0,0.0
2015-09-09,129.0,0.0
2015-09-10,125.0,0.0
2015-09-11,127.5,0.0
2015-09-14,127.5,0.0
2015-09-15,126.0,0.0
2015-09-16,129.5,0.0
2015-09-17,131.0,0.0
2015-09-18,131.5,0.0
2015-09-21,129.5,0.0
2015-09-22,129.0,0.0
2015-09-23,124.5,0.0
2015-09-24,127.0,0.0
2015-09-25,127.0,0.0
2015-09-29,127.0,0.0
2015-09-30,130.0,0.0
2015-10-01,133.5,0.0
2015-10-02,132.0,0.0
2015-10-05,132.5,0.0
2015-10-06,133.0,0.0
2015-10-07,135.0,0.0
2015-10-08,136.0,0.0
2015-10-12,138.5,0.0
2015-10-13,137.5,0.0
2015-10-14,136.5,0.0
2015-10-15,140.0,0.0
2015-10-16,137.5,0.0
2015-10-19,138.0,0.0
2015-10-20,139.0,0.0
2015-10-21,138.5,0.0
2015-10-22,137.5,0.0
2015-10-23,140.0,0.0
2015-10-26,140.0,0.0
2015-10-27,139.0,0.0
2015-10-28,138.0,0.0
2015-10-29,136.5,0.0
2015-10-30,136.5,0.0
2015-11-02,137.5,0.0
2015-11-03,139.5,0.0
2015-11-04,144.5,0.0
2015-11-05,142.5,0.0
2015-11-06,140.0,0.0
2015-11-09,142.0,0.0
2015-11-10,139.5,0.0
2015-11-11,137.5,0.0
2015-11-12,138.5,0.0
2015-11-13,136.0,0.0
2015-11-16,135.0,0.0
2015-11-17,138.5,0.0
2015-11-18,137.0,0.0
2015-11-19,140.5,0.0
2015-11-20,141.0,0.0
2015-11-23,141.0,0.0
2015-11-24,139.5,0.0
2015-11-25,141.0,0.0
2015-11-26,142.5,0.0
2015-11-27,139.0,0.0
2015-11-30,139.0,0.0
2015-12-01,142.5,0.0
2015-12-02,142.5,0.0
2015-12-03,142.5,0.0
2015-12-04,140.5,0.0
2015-12-07,143.5,0.0
2015-12-08,142.5,0.0
2015-12-09,140.5,0.0
2015-12-10,141.0,0.0
2015-12-11,139.5,0.0
2015-12-14,139.0,0.0
2015-12-15,138.0,0.0
2015-12-16,143.5,0.0
2015-12-17,145.0,0.0
2015-12-18,142.0,0.0
2015-12-21,141.5,0.0
2015-12-22,142.0,0.0
2015-12-23,141.5,0.0
2015-12-24,142.0,0.0
2015-12-25,143.0,0.0
2015-12-28,143.5,0.0
2015-12-29,142.0,0.0
2015-12-30,142.5,0.0
2015-12-31,143.0,0.0
2016-01-04,139.5,0.0
2016-01-05,138.0,0.0
2016-01-06,135.5,0.0
2016-01-07,133.0,0.0
2016-01-08,134.0,0.0
2016-01-11,133.0,0.0
2016-01-12,133.0,0.0
2016-01-13,133.5,0.0
2016-01-14,131.5,0.0
2016-01-15,137.0,0.0
2016-01-18,137.0,0.0
2016-01-19,138.0,0.0
2016-01-20,134.5,0.0
2016-01-21,135.0,0.0
2016-01-22,138.5,0.0
2016-01-25,139.5,0.0
2016-01-26,137.5,0.0
2016-01-27,139.5,0.0
2016-01-28,140.0,0.0
2016-01-29,143.0,0.0
2016-02-01,144.0,0.0
2016-02-02,142.5,0.0
2016-02-03,146.0,0.0
2016-02-15,145.0,0.0
2016-02-16,147.5,0.0
2016-02-17,148.0,0.0
2016-02-18,151.0,0.0
2016-02-19,151.0,0.0
2016-02-22,151.0,0.0
2016-02-23,149.5,0.0
2016-02-24,148.0,0.0
2016-02-25,150.5,0.0
2016-02-26,149.0,0.0
2016-03-01,152.0,0.0
2016-03-02,153.0,0.0
2016-03-03,154.0,0.0
2016-03-04,152.5,0.0
2016-03-07,152.0,0.0
2016-03-08,152.0,0.0
2016-03-09,153.0,0.0
2016-03-10,154.5,0.0
2016-03-11,155.0,0.0
2016-03-14,156.0,0.0
2016-03-15,154.5,0.0
2016-03-16,156.0,0.0
2016-03-17,158.5,0.0
2016-03-18,159.5,0.0
2016-03-21,160.0,0.0
2016-03-22,158.5,0.0
2016-03-23,159.5,0.0
2016-03-24,158.5,0.0
2016-03-25,158.0,0.0
2016-03-28,159.0,0.0
2016-03-29,159.0,0.0
2016-03-30,161.5,0.0
2016-03-31,162.0,0.0
2016-04-01,158.5,0.0
2016-04-06,153.5,0.0
2016-04-07,154.5,0.0
2016-04-08,157.5,0.0
2016-04-11,158.5,0.0
2016-04-12,158.5,0.0
2016-04-13,161.5,0.0
2016-04-14,161.5,0.0
2016-04-15,159.5,0.0
2016-04-18,158.0,0.0
2016-04-19,157.5,0.0
2016-04-20,154.0,0.0
2016-04-21,157.0,0.0
2016-04-22,156.5,0.0
2016-04-25,157.5,0.0
2016-04-26,158.0,0.0
2016-04-27,156.5,0.0
2016-04-28,153.0,0.0
2016-04-29,150.0,0.0
2016-05-03,147.5,0.0
2016-05-04,147.0,0.0
2016-05-05,147.5,0.0
2016-05-06,148.0,0.0
2016-05-09,147.5,0.0
2016-05-10,147.0,0.0
2016-05-11,147.0,0.0
2016-05-12,146.0,0.0
2016-05-13,144.0,0.0
2016-05-16,144.5,0.0
2016-05-17,147.0,0.0
2016-05-18,147.0,0.0
2016-05-19,147.0,0.0
2016-05-20,148.5,0.0
2016-05-23,154.0,0.0
2016-05-24,151.0,0.0
2016-05-25,154.5,0.0
2016-05-26,155.0,0.0
2016-05-27,156.5,0.0
2016-05-30,157.0,0.0
2016-05-31,156.5,0.0
2016-06-01,159.0,0.0
2016-06-02,159.0,0.0
2016-06-03,160.5,0.0
2016-06-06,161.0,0.0
2016-06-07,162.0,0.0
2016-06-08,165.5,0.0
2016-06-13,162.0,0.0
2016-06-14,162.0,0.0
2016-06-15,163.0,0.0
2016-06-16,160.5,0.0
2016-06-17,163.0,0.0
2016-06-20,163.0,0.0
2016-06-21,165.5,0.0
2016-06-22,166.0,0.0
2016-06-23,164.0,0.0
2016-06-24,159.0,0.0
2016-06-27,155.5,6.0
2016-06-28,157.0,0.0
2016-06-29,159.0,0.0
2016-06-30,162.5,0.0
2016-07-01,166.0,0.0
2016-07-04,166.0,0.0
2016-07-05,164.0,0.0
2016-07-06,161.5,0.0
2016-07-07,164.5,0.0
2016-07-08,164.5,0.0
2016-07-11,170.0,0.0
2016-07-12,171.0,0.0
2016-07-13,168.5,0.0
2016-07-14,169.0,0.0
2016-07-15,169.5,0.0
2016-07-18,169.5,0.0
2016-07-19,170.5,0.0
2016-07-20,170.0,0.0
2016-07-21,172.0,0.0
2016-07-22,171.0,0.0
2016-07-25,171.5,0.0
2016-07-26,173.0,0.0
2016-07-27,175.0,0.0
2016-07-28,176.5,0.0
2016-07-29,172.5,0.0
2016-08-01,177.0,0.0
2016-08-02,176.0,0.0
2016-08-03,172.5,0.0
2016-08-04,174.5,0.0
2016-08-05,177.0,0.0
2016-08-08,178.0,0.0
2016-08-09,178.5,0.0
2016-08-10,179.5,0.0
2016-08-11,176.5,0.0
2016-08-12,177.5,0.0
2016-08-15,179.0,0.0
2016-08-16,175.5,0.0
2016-08-17,177.0,0.0
2016-08-18,176.0,0.0
2016-08-19,174.5,0.0
2016-08-22,172.5,0.0
2016-08-23,175.0,0.0
2016-08-24,173.5,0.0
2016-08-25,176.5,0.0
2016-08-26,177.0,0.0
2016-08-29,176.0,0.0
2016-08-30,174.0,0.0
2016-08-31,176.5,0.0
2016-09-01,174.0,0.0
2016-09-02,174.0,0.0
2016-09-05,177.0,0.0
2016-09-06,178.0,0.0
2016-09-07,185.0,0.0
2016-09-08,183.0,0.0
2016-09-09,180.5,0.0
2016-09-12,175.5,0.0
2016-09-13,175.5,0.0
2016-09-14,174.0,0.0
2016-09-19,183.0,0.0
2016-09-20,183.5,0.0
2016-09-21,184.0,0.0
2016-09-22,185.0,0.0
2016-09-23,187.0,0.0
2016-09-26,183.5,0.0
2016-09-27,183.5,0.0
2016-09-28,183.5,0.0
2016-09-29,187.0,0.0
2016-09-30,184.0,0.0
2016-10-03,186.0,0.0
2016-10-04,187.0,0.0
2016-10-05,186.0,0.0
2016-10-06,187.5,0.0
2016-10-07,188.0,0.0
2016-10-11,187.5,0.0
2016-10-12,189.5,0.0
2016-10-13,188.5,0.0
2016-10-14,188.0,0.0
2016-10-17,186.5,0.0
2016-10-18,187.0,0.0
2016-10-19,189.5,0.0
2016-10-20,190.5,0.0
2016-10-21,188.5,0.0
2016-10-24,191.0,0.0
2016-10-25,193.0,0.0
2016-10-26,191.5,0.0
2016-10-27,188.5,0.0
2016-10-28,189.5,0.0
2016-10-31,188.5,0.0
2016-11-01,189.5,0.0
2016-11-02,186.0,0.0
2016-11-03,184.5,0.0
2016-11-04,184.5,0.0
2016-11-07,189.0,0.0
2016-11-08,188.5,0.0
2016-11-09,182.0,0.0
2016-11-10,185.5,0.0
2016-11-11,181.5,0.0
2016-11-14,180.5,0.0
2016-11-15,180.0,0.0
2016-11-16,180.0,0.0
2016-11-17,181.5,0.0
2016-11-18,181.0,0.0
2016-11-21,181.0,0.0
2016-11-22,184.0,0.0
2016-11-23,185.5,0.0
2016-11-24,183.0,0.0
2016-11-25,182.0,0.0
2016-11-28,184.0,0.0
2016-11-29,182.0,0.0
2016-11-30,183.0,0.0
2016-12-01,183.0,0.0
2016-12-02,178.0,0.0
2016-12-05,179.0,0.0
2016-12-06,182.0,0.0
2016-12-07,181.5,0.0
2016-12-08,185.5,0.0
2016-12-09,186.0,0.0
2016-12-12,185.0,0.0
2016-12-13,186.0,0.0
2016-12-14,187.5,0.0
2016-12-15,187.0,0.0
2016-12-16,185.0,0.0
2016-12-19,182.5,0.0
2016-12-20,182.5,0.0
2016-12-21,180.0,0.0
2016-12-22,179.0,0.0
2016-12-23,178.5,0.0
2016-12-26,179.5,0.0
2016-12-27,180.0,0.0
2016-12-28,182.0,0.0
2016-12-29,180.0,0.0
2016-12-30,181.5,0.0
2017-01-03,183.0,0.0
2017-01-04,183.0,0.0
2017-01-05,183.5,0.0
2017-01-06,184.0,0.0
2017-01-09,184.0,0.0
2017-01-10,184.0,0.0
2017-01-11,182.0,0.0
2017-01-12,184.5,0.0
2017-01-13,181.5,0.0
2017-01-16,179.5,0.0
2017-01-17,181.0,0.0
2017-01-18,181.0,0.0
2017-01-19,180.5,0.0
2017-01-20,181.0,0.0
2017-01-23,185.0,0.0
2017-01-24,185.5,0.0
2017-02-02,184.5,0.0
2017-02-03,184.5,0.0
2017-02-06,184.5,0.0
2017-02-07,184.5,0.0
2017-02-08,183.5,0.0
2017-02-09,184.0,0.0
2017-02-10,185.5,0.0
2017-02-13,187.5,0.0
2017-02-14,187.5,0.0
2017-02-15,189.0,0.0
2017-02-16,189.0,0.0
2017-02-17,189.5,0.0
2017-02-20,190.0,0.0
2017-02-21,190.0,0.0
2017-02-22,188.5,0.0
2017-02-23,188.5,0.0
2017-02-24,189.0,0.0
2017-03-01,186.0,0.0
2017-03-02,186.0,0.0
2017-03-03,184.0,0.0
2017-03-06,183.5,0.0
2017-03-07,185.5,0.0
2017-03-08,187.0,0.0
2017-03-09,184.5,0.0
2017-03-10,183.5,0.0
2017-03-13,186.5,0.0
2017-03-14,186.0,0.0
2017-03-15,186.5,0.0
2017-03-16,190.0,0.0
2017-03-17,191.5,0.0
2017-03-20,191.5,0.0
2017-03-21,195.0,0.0
2017-03-22,193.5,0.0
2017-03-23,193.5,0.0
2017-03-24,192.5,0.0
2017-03-27,193.0,0.0
2017-03-28,194.5,0.0
2017-03-29,191.5,0.0
2017-03-30,191.5,0.0
2017-03-31,189.0,0.0
2017-04-05,193.0,0.0
2017-04-06,191.5,0.0
2017-04-07,191.0,0.0
2017-04-10,190.0,0.0
2017-04-11,191.0,0.0
2017-04-12,191.0,0.0
2017-04-13,191.5,0.0
2017-04-14,189.0,0.0
2017-04-17,187.5,0.0
2017-04-18,188.0,0.0
2017-04-19,186.5,0.0
2017-04-20,187.0,0.0
2017-04-21,190.0,0.0
2017-04-24,190.0,0.0
2017-04-25,192.0,0.0
2017-04-26,191.0,0.0
2017-04-27,193.0,0.0
2017-04-28,194.5,0.0
2017-05-02,196.5,0.0
2017-05-03,198.0,0.0
2017-05-04,198.0,0.0
2017-05-05,197.5,0.0
2017-05-08,202.5,0.0
2017-05-09,203.5,0.0
2017-05-10,205.5,0.0
2017-05-11,207.5,0.0
2017-05-12,206.0,0.0
2017-05-15,206.0,0.0
2017-05-16,204.5,0.0
2017-05-17,204.0,0.0
2017-05-18,203.5,0.0
2017-05-19,203.0,0.0
2017-05-22,205.0,0.0
2017-05-23,205.0,0.0
2017-05-24,205.5,0.0
2017-05-25,207.0,0.0
2017-05-26,207.0,0.0
2017-05-31,203.0,0.0
2017-06-01,207.0,0.0
2017-06-02,209.0,0.0
2017-06-05,212.0,0.0
2017-06-06,210.5,0.0
2017-06-07,211.5,0.0
2017-06-08,213.0,0.0
2017-06-09,212.0,0.0
2017-06-12,207.5,0.0
2017-06-13,208.0,0.0
2017-06-14,207.0,0.0
2017-06-15,208.0,0.0
2017-06-16,211.5,0.0
2017-06-19,213.0,0.0
2017-06-20,216.5,0.0
2017-06-21,215.5,0.0
2017-06-22,218.0,0.0
2017-06-23,217.0,0.0
2017-06-26,215.0,7.0
2017-06-27,211.5,0.0
2017-06-28,208.5,0.0
2017-06-29,210.0,0.0
2017-06-30,208.5,0.0
2017-07-03,209.0,0.0
2017-07-04,207.0,0.0
2017-07-05,208.5,0.0
2017-07-06,207.5,0.0
2017-07-07,206.0,0.0
2017-07-10,206.0,0.0
2017-07-11,212.0,0.0
2017-07-12,210.5,0.0
2017-07-13,214.5,0.0
2017-07-14,213.0,0.0
2017-07-17,213.0,0.0
2017-07-18,214.0,0.0
2017-07-19,214.5,0.0
2017-07-20,215.5,0.0
2017-07-21,214.0,0.0
2017-07-24,214.5,0.0
2017-07-25,214.0,0.0
2017-07-26,213.0,0.0
2017-07-27,215.5,0.0
2017-07-28,213.0,0.0
2017-07-31,214.5,0.0
2017-08-01,212.0,0.0
2017-08-02,216.0,0.0
2017-08-03,213.5,0.0
2017-08-04,213.0,0.0
2017-08-07,216.0,0.0
2017-08-08,217.5,0.0
2017-08-09,214.5,0.0
2017-08-10,214.0,0.0
2017-08-11,212.5,0.0
2017-08-14,211.0,0.0
2017-08-15,214.0,0.0
2017-08-16,213.0,0.0
2017-08-17,214.0,0.0
2017-08-18,212.5,0.0
2017-08-21,211.5,0.0
2017-08-22,214.5,0.0
2017-08-23,215.5,0.0
2017-08-24,217.0,0.0
2017-08-25,217.5,0.0
2017-08-28,216.0,0.0
2017-08-29,216.0,0.0
2017-08-30,217.5,0.0
2017-08-31,216.5,0.0
2017-09-01,216.5,0.0
2017-09-04,217.5,0.0
2017-09-05,218.0,0.0
2017-09-06,217.0,0.0
2017-09-07,217.0,0.0
2017-09-08,218.0,0.0
2017-09-11,217.0,0.0
2017-09-12,219.0,0.0
2017-09-13,218.0,0.0
2017-09-14,218.5,0.0
2017-09-15,218.5,0.0
2017-09-18,219.5,0.0
2017-09-19,221.5,0.0
2017-09-20,221.5,0.0
2017-09-21,221.0,0.0
2017-09-22,218.5,0.0
2017-09-25,217.0,0.0
2017-09-26,214.0,0.0
2017-09-27,215.0,0.0
2017-09-28,214.0,0.0
2017-09-29,216.5,0.0
2017-10-02,220.5,0.0
2017-10-03,222.5,0.0
2017-10-05,224.5,0.0
2017-10-06,224.5,0.0
2017-10-11,233.0,0.0
2017-10-12,237.5,0.0
2017-10-13,237.5,0.0
2017-10-16,238.0,0.0
2017-10-17,235.5,0.0
2017-10-18,237.5,0.0
2017-10-19,239.0,0.0
2017-10-20,237.5,0.0
2017-10-23,239.0,0.0
2017-10-24,238.0,0.0
2017-10-25,238.0,0.0
2017-10-26,236.0,0.0
2017-10-27,239.0,0.0
2017-10-30,243.0,0.0
2017-10-31,243.0,0.0
2017-11-01,242.5,0.0
2017-11-02,241.0,0.0
2017-11-03,239.0,0.0
2017-11-06,239.5,0.0
2017-11-07,244.0,0.0
2017-11-08,242.5,0.0
2017-11-09,241.0,0.0
2017-11-10,240.5,0.0
2017-11-13,239.5,0.0
2017-11-14,240.0,0.0
2017-11-15,237.5,0.0
2017-11-16,238.0,0.0
2017-11-17,241.5,0.0
2017-11-20,238.5,0.0
2017-11-21,243.0,0.0
2017-11-22,242.0,0.0
2017-11-23,242.5,0.0
2017-11-24,244.0,0.0
2017-11-27,237.0,0.0
2017-11-28,234.0,0.0
2017-11-29,234.5,0.0
2017-11-30,226.0,0.0
2017-12-01,231.0,0.0
2017-12-04,234.0,0.0
2017-12-05,229.5,0.0
2017-12-06,227.0,0.0
2017-12-07,226.5,0.0
2017-12-08,227.0,0.0
2017-12-11,227.5,0.0
2017-12-12,227.5,0.0
2017-12-13,227.0,0.0
2017-12-14,230.5,0.0
2017-12-15,230.0,0.0
2017-12-18,227.0,0.0
2017-12-19,225.0,0.0
2017-12-20,224.5,0.0
2017-12-21,225.0,0.0
2017-12-22,227.5,0.0
2017-12-25,228.5,0.0
2017-12-26,226.0,0.0
2017-12-27,225.0,0.0
2017-12-28,226.0,0.0
2017-12-29,229.5,0.0
2018-01-02,232.5,0.0
2018-01-03,237.0,0.0
2018-01-04,239.5,0.0
2018-01-05,240.0,0.0
2018-01-08,242.0,0.0
2018-01-09,242.0,0.0
2018-01-10,236.5,0.0
2018-01-11,235.0,0.0
2018-01-12,237.0,0.0
2018-01-15,240.0,0.0
2018-01-16,240.5,0.0
2018-01-17,242.0,0.0
2018-01-18,248.5,0.0
2018-01-19,255.5,0.0
2018-01-22,261.5,0.0
2018-01-23,266.0,0.0
2018-01-24,258.0,0.0
2018-01-25,258.0,0.0
2018-01-26,255.0,0.0
2018-01-29,258.5,0.0
2018-01-30,253.0,0.0
2018-01-31,255.0,0.0
2018-02-01,259.5,0.0
2018-02-02,259.5,0.0
2018-02-05,253.0,0.0
2018-02-06,239.0,0.0
2018-02-07,240.0,0.0
2018-02-08,238.5,0.0
2018-02-09,232.5,0.0
2018-02-12,236.5,0.0
2018-02-21,242.5,0.0
2018-02-22,239.5,0.0
2018-02-23,245.0,0.0
2018-02-26,246.5,0.0
2018-02-27,246.0,0.0
2018-03-01,243.0,0.0
2018-03-02,240.0,0.0
2018-03-05,241.5,0.0
2018-03-06,250.0,0.0
2018-03-07,247.0,0.0
2018-03-08,249.5,0.0
2018-03-09,250.5,0.0
2018-03-12,254.0,0.0
2018-03-13,259.0,0.0
2018-03-14,257.0,0.0
2018-03-15,255.0,0.0
2018-03-16,255.0,0.0
2018-03-19,255.0,0.0
2018-03-20,253.0,0.0
2018-03-21,252.5,0.0
2018-03-22,251.5,0.0
2018-03-23,245.0,0.0
2018-03-26,243.5,0.0
2018-03-27,251.0,0.0
2018-03-28,245.0,0.0
2018-03-29,244.0,0.0
2018-03-30,246.0,0.0
2018-04-02,246.5,0.0
2018-04-03,244.0,0.0
2018-04-09,245.0,0.0
2018-04-10,245.5,0.0
2018-04-11,248.0,0.0
2018-04-12,245.0,0.0
2018-04-13,244.5,0.0
2018-04-16,243.5,0.0
2018-04-17,238.0,0.0
2018-04-18,238.0,0.0
2018-04-19,244.5,0.0
2018-04-20,229.0,0.0
2018-04-23,226.5,0.0
2018-04-24,227.0,0.0
2018-04-25,225.0,0.0
2018-04-26,222.0,0.0
2018-04-27,223.5,0.0
2018-04-30,227.0,0.0
2018-05-02,223.0,0.0
2018-05-03,220.5,0.0
2018-05-04,223.0,0.0
2018-05-07,223.5,0.0
2018-05-08,228.0,0.0
2018-05-09,229.5,0.0
2018-05-10,229.5,0.0
2018-05-11,233.0,0.0
2018-05-14,233.0,0.0
2018-05-15,230.5,0.0
2018-05-16,230.5,0.0
2018-05-17,226.5,0.0
2018-05-18,223.5,0.0
2018-05-21,229.0,0.0
2018-05-22,229.0,0.0
2018-05-23,228.5,0.0
2018-05-24,229.0,0.0
2018-05-25,228.5,0.0
2018-05-28,227.0,0.0
2018-05-29,225.0,0.0
2018-05-30,221.0,0.0
2018-05-31,224.0,0.0
2018-06-01,224.0,0.0
2018-06-04,229.0,0.0
2018-06-05,229.0,0.0
2018-06-06,230.0,0.0
2018-06-07,230.0,0.0
2018-06-08,227.0,0.0
2018-06-11,226.0,0.0
2018-06-12,229.0,0.0
2018-06-13,232.0,0.0
2018-06-14,226.5,0.0
2018-06-15,231.0,0.0
2018-06-19,225.0,0.0
2018-06-20,226.0,0.0
2018-06-21,226.5,0.0
2018-06-22,227.5,0.0
2018-06-25,218.0,8.0
2018-06-26,214.5,0.0
2018-06-27,213.0,0.0
2018-06-28,212.0,0.0
2018-06-29,216.5,0.0
2018-07-02,214.0,0.0
2018-07-03,214.5,0.0
2018-07-04,216.0,0.0
2018-07-05,214.5,0.0
2018-07-06,217.0,0.0
2018-07-09,221.5,0.0
2018-07-10,222.0,0.0
2018-07-11,220.0,0.0
2018-07-12,220.5,0.0
2018-07-13,224.5,0.0
2018-07-16,223.5,0.0
2018-07-17,221.5,0.0
2018-07-18,223.0,0.0
2018-07-19,224.5,0.0
2018-07-20,237.5,0.0
2018-07-23,241.0,0.0
2018-07-24,241.0,0.0
2018-07-25,240.5,0.0
2018-07-26,241.0,0.0
2018-07-27,244.5,0.0
2018-07-30,245.5,0.0
2018-07-31,246.0,0.0
2018-08-01,248.0,0.0
2018-08-02,244.5,0.0
2018-08-03,247.0,0.0
2018-08-06,245.5,0.0
2018-08-07,241.5,0.0
2018-08-08,247.5,0.0
2018-08-09,247.0,0.0
2018-08-10,245.0,0.0
2018-08-13,240.5,0.0
2018-08-14,243.5,0.0
2018-08-15,241.5,0.0
2018-08-16,239.0,0.0
2018-08-17,239.5,0.0
2018-08-20,239.5,0.0
2018-08-21,241.0,0.0
2018-08-22,242.0,0.0
2018-08-23,244.5,0.0
2018-08-24,243.5,0.0
2018-08-27,245.0,0.0
2018-08-28,249.5,0.0
2018-08-29,259.0,0.0
2018-08-30,263.5,0.0
2018-08-31,256.0,0.0
2018-09-03,257.0,0.0
2018-09-04,257.5,0.0
2018-09-05,264.0,0.0
2018-09-06,261.0,0.0
2018-09-07,264.0,0.0
2018-09-10,264.5,0.0
2018-09-11,260.0,0.0
2018-09-12,260.5,0.0
2018-09-13,255.0,0.0
2018-09-14,261.0,0.0
2018-09-17,258.0,0.0
2018-09-18,254.5,0.0
2018-09-19,258.0,0.0
2018-09-20,260.0,0.0
2018-09-21,261.5,0.0
2018-09-25,263.5,0.0
2018-09-26,263.5,0.0
2018-09-27,265.0,0.0
2018-09-28,262.5,0.0
2018-10-01,263.0,0.0
2018-10-02,257.5,0.0
2018-10-03,260.0,0.0
2018-10-04,254.0,0.0
2018-10-05,250.0,0.0
2018-10-08,243.5,0.0
2018-10-09,244.0,0.0
2018-10-11,227.5,0.0
2018-10-12,237.0,0.0
2018-10-15,230.5,0.0
2018-10-16,237.0,0.0
2018-10-17,238.5,0.0
2018-10-18,236.5,0.0
2018-10-19,236.0,0.0
2018-10-22,237.0,0.0
2018-10-23,230.0,0.0
2018-10-24,229.5,0.0
2018-10-25,219.5,0.0
2018-10-26,221.0,0.0
2018-10-29,222.5,0.0
2018-10-30,223.0,0.0
2018-10-31,234.0,0.0
2018-11-01,235.5,0.0
2018-11-02,236.5,0.0
2018-11-05,235.0,0.0
2018-11-06,234.5,0.0
2018-11-07,234.0,0.0
2018-11-08,236.5,0.0
2018-11-09,231.0,0.0
2018-11-12,231.5,0.0
2018-11-13,227.5,0.0
2018-11-14,228.5,0.0
2018-11-15,231.0,0.0
2018-11-16,226.0,0.0
2018-11-19,222.0,0.0
2018-11-20,218.0,0.0
2018-11-21,219.0,0.0
2018-11-22,219.0,0.0
2018-11-23,218.5,0.0
2018-11-26,223.0,0.0
2018-11-27,224.0,0.0
2018-11-28,226.5,0.0
2018-11-29,229.0,0.0
2018-11-30,225.5,0.0
2018-12-03,235.0,0.0
2018-12-04,234.0,0.0
2018-12-05,226.0,0.0
2018-12-06,220.0,0.0
2018-12-07,221.0,0.0
2018-12-10,219.0,0.0
2018-12-11,222.5,0.0
2018-12-12,226.5,0.0
2018-12-13,226.0,0.0
2018-12-14,222.5,0.0
2018-12-17,223.5,0.0
2018-12-18,222.5,0.0
2018-12-19,225.5,0.0
2018-12-20,221.0,0.0
2018-12-21,223.5,0.0
2018-12-24,220.0,0.0
2018-12-25,217.5,0.0
2018-12-26,216.5,0.0
2018-12-27,223.0,0.0
2018-12-28,225.5,0.0
2019-01-02,219.5,0.0
2019-01-03,215.5,0.0
2019-01-04,208.0,0.0
2019-01-07,213.0,0.0
2019-01-08,211.0,0.0
2019-01-09,215.5,0.0
2019-01-10,216.0,0.0
2019-01-11,220.5,0.0
2019-01-14,218.5,0.0
2019-01-15,221.0,0.0
2019-01-16,217.5,0.0
2019-01-17,220.5,0.0
2019-01-18,218.5,0.0
2019-01-21,221.0,0.0
2019-01-22,223.0,0.0
2019-01-23,220.5,0.0
2019-01-24,222.5,0.0
2019-01-25,226.0,0.0
2019-01-28,229.0,0.0
2019-01-29,222.5,0.0
2019-01-30,221.0,0.0
2019-02-11,228.0,0.0
2019-02-12,230.0,0.0
2019-02-13,229.0,0.0
2019-02-14,227.0,0.0
2019-02-15,227.0,0.0
2019-02-18,230.0,0.0
2019-02-19,229.0,0.0
2019-02-20,234.5,0.0
2019-02-21,236.5,0.0
2019-02-22,236.5,0.0
2019-02-25,238.0,0.0
2019-02-26,239.5,0.0
2019-02-27,239.0,0.0
2019-03-04,235.5,0.0
2019-03-05,233.0,0.0
2019-03-06,234.0,0.0
2019-03-07,234.0,0.0
2019-03-08,230.0,0.0
2019-03-11,230.5,0.0
2019-03-12,235.5,0.0
2019-03-13,237.0,0.0
2019-03-14,234.5,0.0
2019-03-15,239.0,0.0
2019-03-18,241.0,0.0
2019-03-19,240.5,0.0
2019-03-20,242.0,0.0
2019-03-21,245.5,0.0
2019-03-22,248.5,0.0
2019-03-25,241.5,0.0
2019-03-26,244.0,0.0
2019-03-27,241.5,0.0
2019-03-28,242.0,0.0
2019-03-29,245.5,0.0
2019-04-01,245.5,0.0
2019-04-02,246.0,0.0
2019-04-03,246.5,0.0
2019-04-08,253.0,0.0
2019-04-09,254.0,0.0
2019-04-10,254.0,0.0
2019-04-11,252.0,0.0
2019-04-12,252.0,0.0
2019-04-15,255.5,0.0
2019-04-16,257.0,0.0
2019-04-17,261.5,0.0
2019-04-18,264.5,0.0
2019-04-19,264.5,0.0
2019-04-22,266.0,0.0
2019-04-23,268.0,0.0
2019-04-24,269.0,0.0
2019-04-25,267.5,0.0
2019-04-26,260.0,0.0
2019-04-29,259.5,0.0
2019-04-30,259.0,0.0
2019-05-02,259.0,0.0
2019-05-03,265.0,0.0
2019-05-06,259.0,0.0
2019-05-07,262.5,0.0
2019-05-08,260.0,0.0
2019-05-09,256.5,0.0
2019-05-10,256.0,0.0
2019-05-13,250.5,0.0
2019-05-14,248.5,0.0
2019-05-15,249.0,0.0
2019-05-16,247.0,0.0
2019-05-17,241.5,0.0
2019-05-20,238.0,0.0
2019-05-21,234.0,0.0
2019-05-22,238.0,0.0
2019-05-23,230.0,0.0
2019-05-24,233.0,0.0
2019-05-27,231.0,0.0
2019-05-28,230.5,0.0
2019-05-29,229.5,0.0
2019-05-30,231.0,0.0
2019-05-31,235.5,0.0
2019-06-03,238.0,0.0
2019-06-04,233.0,0.0
2019-06-05,235.0,0.0
2019-06-06,232.0,0.0
2019-06-10,240.0,0.0
2019-06-11,244.5,0.0
2019-06-12,246.0,0.0
2019-06-13,240.0,0.0
2019-06-14,236.0,0.0
2019-06-17,233.0,0.0
2019-06-18,235.5,0.0
2019-06-19,244.0,0.0
2019-06-20,245.0,0.0
2019-06-21,248.5,0.0
2019-06-24,241.0,8.0
2019-06-25,238.5,0.0
2019-06-26,234.5,0.0
2019-06-27,240.5,0.0
2019-06-28,239.0,0.0
2019-07-01,248.5,0.0
2019-07-02,249.0,0.0
2019-07-03,242.5,0.0
2019-07-04,244.0,0.0
2019-07-05,243.0,0.0
2019-07-08,242.5,0.0
2019-07-09,242.0,0.0
2019-07-10,247.0,0.0
2019-07-11,250.0,0.0
2019-07-12,250.5,0.0
2019-07-15,254.5,0.0
2019-07-16,256.0,0.0
2019-07-17,252.0,0.0
2019-07-18,254.0,0.0
2019-07-19,259.0,0.0
2019-07-22,264.0,0.0
2019-07-23,264.0,0.0
2019-07-24,265.0,0.0
2019-07-25,265.0,0.0
2019-07-26,261.0,0.0
2019-07-29,261.0,0.0
2019-07-30,260.0,0.0
2019-07-31,259.5,0.0
2019-08-01,256.5,0.0
2019-08-02,251.5,0.0
2019-08-05,246.5,0.0
2019-08-06,248.5,0.0
2019-08-07,248.0,0.0
2019-08-08,253.5,0.0
2019-08-12,251.0,0.0
2019-08-13,246.5,0.0
2019-08-14,249.5,0.0
2019-08-15,248.0,0.0
2019-08-16,250.0,0.0
2019-08-19,252.0,0.0
2019-08-20,254.5,0.0
2019-08-21,254.5,0.0
2019-08-22,254.0,0.0
2019-08-23,254.0,0.0
2019-08-26,248.5,0.0
2019-08-27,250.0,0.0
2019-08-28,252.0,0.0
2019-08-29,254.0,0.0
2019-08-30,259.0,0.0
2019-09-02,257.5,0.0
2019-09-03,254.0,0.0
2019-09-04,257.5,0.0
2019-09-05,263.0,0.0
2019-09-06,263.5,0.0
2019-09-10,261.5,0.0
2019-09-11,263.0,0.0
2019-09-12,262.5,0.0
2019-09-16,265.5,0.0
2019-09-17,265.0,0.0
2019-09-18,267.0,0.0
2019-09-19,265.0,2.0
2019-09-20,264.0,0.0
2019-09-23,264.0,0.0
2019-09-24,265.0,0.0
2019-09-25,266.0,0.0
2019-09-26,268.0,0.0
2019-09-27,272.0,0.0
2019-10-01,280.0,0.0
2019-10-02,279.5,0.0
2019-10-03,276.5,0.0
2019-10-04,276.5,0.0
2019-10-07,278.0,0.0
2019-10-08,286.5,0.0
2019-10-09,282.0,0.0
2019-10-14,290.0,0.0
2019-10-15,293.5,0.0
2019-10-16,296.5,0.0
2019-10-17,293.5,0.0
2019-10-18,293.0,0.0
2019-10-21,290.0,0.0
2019-10-22,294.0,0.0
2019-10-23,293.0,0.0
2019-10-24,293.0,0.0
2019-10-25,293.5,0.0
2019-10-28,294.5,0.0
2019-10-29,298.5,0.0
2019-10-30,299.5,0.0
2019-10-31,298.5,0.0
2019-11-01,299.0,0.0
2019-11-04,307.0,0.0
2019-11-05,310.5,0.0
2019-11-06,311.0,0.0
2019-11-07,309.0,0.0
2019-11-08,305.5,0.0
2019-11-11,301.0,0.0
2019-11-12,305.0,0.0
2019-11-13,304.0,0.0
2019-11-14,303.5,0.0
2019-11-15,307.0,0.0
2019-11-18,311.0,0.0
2019-11-19,315.0,0.0
2019-11-20,313.5,0.0
2019-11-21,311.0,0.0
2019-11-22,309.0,0.0
2019-11-25,307.0,0.0
2019-11-26,307.0,0.0
2019-11-27,311.0,0.0
2019-11-28,309.5,0.0
2019-11-29,305.0,0.0
2019-12-02,307.5,0.0
2019-12-03,307.0,0.0
2019-12-04,306.0,0.0
2019-12-05,312.0,0.0
2019-12-06,313.0,0.0
2019-12-09,316.0,0.0
2019-12-10,313.5,0.0
2019-12-11,319.0,0.0
2019-12-12,331.5,0.0
2019-12-13,339.0,0.0
2019-12-16,336.0,0.0
2019-12-17,345.0,0.0
2019-12-18,344.5,0.0
2019-12-19,335.0,2.5
2019-12-20,329.0,0.0
2019-12-23,334.0,0.0
2019-12-24,332.0,0.0
2019-12-25,333.0,0.0
2019-12-26,333.0,0.0
2019-12-27,338.0,0.0
2019-12-30,334.5,0.0
2019-12-31,331.0,0.0
2020-01-02,339.0,0.0
2020-01-03,339.5,0.0
2020-01-06,332.0,0.0
2020-01-07,329.5,0.0
2020-01-08,329.5,0.0
2020-01-09,337.5,0.0
2020-01-10,339.5,0.0
2020-01-13,341.5,0.0
2020-01-14,346.0,0.0
2020-01-15,340.0,0.0
2020-01-16,334.5,0.0
2020-01-17,333.0,0.0
2020-01-20,333.0,0.0
2020-01-30,316.5,0.0
2020-01-31,320.0,0.0
2020-02-03,315.0,0.0
2020-02-04,325.0,0.0
2020-02-05,327.5,0.0
2020-02-06,332.5,0.0
2020-02-07,328.0,0.0
2020-02-10,327.5,0.0
2020-02-11,331.5,0.0
2020-02-12,335.0,0.0
2020-02-13,335.0,0.0
2020-02-14,335.0,0.0
2020-02-17,331.5,0.0
2020-02-18,322.0,0.0
2020-02-19,326.5,0.0
2020-02-20,325.5,0.0
2020-02-21,325.0,0.0
2020-02-24,320.0,0.0
2020-02-25,322.0,0.0
2020-02-26,318.5,0.0
2020-02-27,316.0,0.0
2020-03-02,311.0,0.0
2020-03-03,317.5,0.0
2020-03-04,320.5,0.0
2020-03-05,323.0,0.0
2020-03-06,315.0,0.0
2020-03-09,305.5,0.0
2020-03-10,307.0,0.0
2020-03-11,302.0,0.0
2020-03-12,294.0,0.0
2020-03-13,290.0,0.0
2020-03-16,276.5,0.0
2020-03-17,268.0,0.0
2020-03-18,260.0,0.0
2020-03-19,248.0,2.5
2020-03-20,270.0,0.0
2020-03-23,255.0,0.0
2020-03-24,267.5,0.0
2020-03-25,277.0,0.0
2020-03-26,280.0,0.0
2020-03-27,273.0,0.0
2020-03-30,267.5,0.0
2020-03-31,274.0,0.0
2020-04-01,271.5,0.0
2020-04-06,275.5,0.0
2020-04-07,283.0,0.0
2020-04-08,285.0,0.0
2020-04-09,283.0,0.0
2020-04-10,279.5,0.0
2020-04-13,278.5,0.0
2020-04-14,285.0,0.0
2020-04-15,287.5,0.0
2020-04-16,286.5,0.0
2020-04-17,306.5,0.0
2020-04-20,304.0,0.0
2020-04-21,295.0,0.0
2020-04-22,294.0,0.0
2020-04-23,295.5,0.0
2020-04-24,294.0,0.0
2020-04-27,298.0,0.0
2020-04-28,296.5,0.0
2020-04-29,299.0,0.0
2020-04-30,304.5,0.0
2020-05-04,295.0,0.0
2020-05-05,295.5,0.0
2020-05-06,296.0,0.0
2020-05-07,297.5,0.0
2020-05-08,297.5,0.0
2020-05-11,301.0,0.0
2020-05-12,295.0,0.0
2020-05-13,297.0,0.0
2020-05-14,293.0,0.0
2020-05-15,298.0,0.0
2020-05-18,290.0,0.0
2020-05-19,291.5,0.0
2020-05-20,294.0,0.0
2020-05-21,297.5,0.0
2020-05-22,292.0,0.0
2020-05-25,292.0,0.0
2020-05-26,295.5,0.0
2020-05-27,296.5,0.0
2020-05-28,294.0,0.0
2020-05-29,292.0,0.0
2020-06-01,295.5,0.0
2020-06-02,296.5,0.0
2020-06-03,301.0,0.0
2020-06-04,306.0,0.0
2020-06-05,311.5,0.0
2020-06-08,318.0,0.0
2020-06-09,319.0,0.0
2020-06-10,322.5,0.0
2020-06-11,320.5,0.0
2020-06-12,316.0,0.0
2020-06-15,309.5,0.0
2020-06-16,315.0,0.0
2020-06-17,315.0,0.0
2020-06-18,314.5,2.5
2020-06-19,314.5,0.0
2020-06-22,312.0,0.0
2020-06-23,315.0,0.0
2020-06-24,317.5,0.0
2020-06-29,312.0,0.0
2020-06-30,313.0,0.0
2020-07-01,317.5,0.0
2020-07-02,322.0,0.0
2020-07-03,329.5,0.0
2020-07-06,338.0,0.0
2020-07-07,338.5,0.0
2020-07-08,341.0,0.0
2020-07-09,345.0,0.0
2020-07-10,348.5,0.0
2020-07-13,354.5,0.0
2020-07-14,363.5,0.0
2020-07-15,363.0,0.0
2020-07-16,357.5,0.0
2020-07-17,367.0,0.0
2020-07-20,366.0,0.0
2020-07-21,383.0,0.0
2020-07-22,384.0,0.0
2020-07-23,381.5,0.0
2020-07-24,386.0,0.0
2020-07-27,424.5,0.0
2020-07-28,435.0,0.0
2020-07-29,422.0,0.0
2020-07-30,434.0,0.0
2020-07-31,425.5,0.0
2020-08-03,416.0,0.0
2020-08-04,425.5,0.0
2020-08-05,429.0,0.0
2020-08-06,435.0,0.0
2020-08-07,433.0,0.0
2020-08-10,435.5,0.0
2020-08-11,429.0,0.0
2020-08-12,419.0,0.0
2020-08-13,429.0,0.0
2020-08-14,427.0,0.0
2020-08-17,435.0,0.0
2020-08-18,433.0,0.0
2020-08-19,427.5,0.0
2020-08-20,415.0,0.0
2020-08-21,424.5,0.0
2020-08-24,428.0,0.0
2020-08-25,434.5,0.0
2020-08-26,442.0,0.0
2020-08-27,444.0,0.0
2020-08-28,435.0,0.0
2020-08-31,426.5,0.0
2020-09-01,435.0,0.0
2020-09-02,433.0,0.0
2020-09-03,436.0,0.0
2020-09-04,429.0,0.0
2020-09-07,426.0,0.0
2020-09-08,431.0,0.0
2020-09-09,427.0,0.0
2020-09-10,435.0,0.0
2020-09-11,436.5,0.0
2020-09-14,441.0,0.0
2020-09-15,445.0,0.0
2020-09-16,458.0,0.0
2020-09-17,448.5,2.5
2020-09-18,444.0,0.0
2020-09-21,440.0,0.0
2020-09-22,437.0,0.0
2020-09-23,433.5,0.0
2020-09-24,423.0,0.0
2020-09-25,424.0,0.0
2020-09-28,431.5,0.0
2020-09-29,431.0,0.0
2020-09-30,433.0,0.0
2020-10-05,432.5,0.0
2020-10-06,439.5,0.0
2020-10-07,443.0,0.0
2020-10-08,453.0,0.0
2020-10-12,460.0,0.0
2020-10-13,462.0,0.0
2020-10-14,459.0,0.0
2020-10-15,453.0,0.0
2020-10-16,449.0,0.0
2020-10-19,457.5,0.0
2020-10-20,451.0,0.0
2020-10-21,453.0,0.0
2020-10-22,455.0,0.0
2020-10-23,452.0,0.0
2020-10-26,450.0,0.0
2020-10-27,447.0,0.0
2020-10-28,444.0,0.0
2020-10-29,437.0,0.0
2020-10-30,432.0,0.0
2020-11-02,435.5,0.0
2020-11-03,441.0,0.0
2020-11-04,450.0,0.0
2020-11-05,451.0,0.0
2020-11-06,452.5,0.0
2020-11-09,458.5,0.0
2020-11-10,451.0,0.0
2020-11-11,457.0,0.0
2020-11-12,458.0,0.0
2020-11-13,462.0,0.0
2020-11-16,484.0,0.0
2020-11-17,485.5,0.0
2020-11-18,497.0,0.0
2020-11-19,490.0,0.0
2020-11-20,488.0,0.0
2020-11-23,496.5,0.0
2020-11-24,492.0,0.0
2020-11-25,487.0,0.0
2020-11-26,489.0,0.0
2020-11-27,489.0,0.0
2020-11-30,480.5,0.0
2020-12-01,490.0,0.0
2020-12-02,499.0,0.0
2020-12-03,497.0,0.0
2020-12-04,503.0,0.0
2020-12-07,514.0,0.0
2020-12-08,524.0,0.0
2020-12-09,520.0,0.0
2020-12-10,512.0,0.0
2020-12-11,516.0,0.0
2020-12-14,508.0,0.0
2020-12-15,504.0,0.0
2020-12-16,512.0,0.0
2020-12-17,508.0,2.5
2020-12-18,510.0,0.0
2020-12-21,516.0,0.0
2020-12-22,509.0,0.0
2020-12-23,509.0,0.0
2020-12-24,510.0,0.0
2020-12-25,511.0,0.0
2020-12-28,515.0,0.0
2020-12-29,515.0,0.0
2020-12-30,525.0,0.0
2020-12-31,530.0,0.0
2021-01-04,536.0,0.0
2021-01-05,542.0,0.0
2021-01-06,549.0,0.0
2021-01-07,565.0,0.0
2021-01-08,580.0,0.0
2021-01-11,584.0,0.0
2021-01-12,591.0,0.0
2021-01-13,605.0,0.0
2021-01-14,592.0,0.0
2021-01-15,601.0,0.0
2021-01-18,607.0,0.0
2021-01-19,627.0,0.0
2021-01-20,647.0,0.0
2021-01-21,673.0,0.0
2021-01-22,649.0,0.0
2021-01-25,633.0,0.0
2021-01-26,617.0,0.0
2021-01-27,615.0,0.0
2021-01-28,601.0,0.0
2021-01-29,591.0,0.0
2021-02-01,611.0,0.0
2021-02-02,632.0,0.0
2021-02-03,630.0,0.0
2021-02-04,627.0,0.0
2021-02-05,632.0,0.0
2021-02-17,663.0,0.0
2021-02-18,660.0,0.0
2021-02-19,652.0,0.0
2021-02-22,650.0,0.0
2021-02-23,641.0,0.0
2021-02-24,625.0,0.0
2021-02-25,635.0,0.0
2021-02-26,606.0,0.0
2021-03-02,609.0,0.0
2021-03-03,622.0,0.0
2021-03-04,601.0,0.0
2021-03-05,601.0,0.0
2021-03-08,598.0,0.0
2021-03-09,595.0,0.0
2021-03-10,597.0,0.0
2021-03-11,609.0,0.0
2021-03-12,614.0,0.0
2021-03-15,611.0,0.0
2021-03-16,613.0,0.0
2021-03-17,604.0,2.5
2021-03-18,602.0,0.0
2021-03-19,591.0,0.0
2021-03-22,593.0,0.0
2021-03-23,594.0,0.0
2021-03-24,576.0,0.0
2021-03-25,575.0,0.0
2021-03-26,590.0,0.0
2021-03-29,599.0,0.0
2021-03-30,597.0,0.0
2021-03-31,587.0,0.0
2021-04-01,602.0,0.0
2021-04-07,610.0,0.0
2021-04-08,613.0,0.0
2021-04-09,610.0,0.0
2021-04-12,605.0,0.0
2021-04-13,605.0,0.0
2021-04-14,612.0,0.0
2021-04-15,619.0,0.0
2021-04-16,610.0,0.0
2021-04-19,603.0,0.0
2021-04-20,602.0,0.0
2021-04-21,592.0,0.0
2021-04-22,591.0,0.0
2021-04-23,602.0,0.0
2021-04-26,610.0,0.0
2021-04-27,610.0,0.0
2021-04-28,602.0,0.0
2021-04-29,600.0,0.0
2021-05-03,588.0,0.0
2021-05-04,591.0,0.0
2021-05-05,585.0,0.0
2021-05-06,587.0,0.0
2021-05-07,599.0,0.0
2021-05-10,589.0,0.0
2021-05-11,571.0,0.0
2021-05-12,560.0,0.0
2021-05-13,547.0,0.0
2021-05-14,557.0,0.0
2021-05-17,549.0,0.0
2021-05-18,572.0,0.0
2021-05-19,567.0,0.0
2021-05-20,567.0,0.0
2021-05-21,573.0,0.0
2021-05-24,568.0,0.0
2021-05-25,583.0,0.0
2021-05-26,585.0,0.0
2021-05-27,582.0,0.0
2021-05-28,590.0,0.0
2021-05-31,597.0,0.0
2021-06-01,598.0,0.0
2021-06-02,595.0,0.0
2021-06-03,596.0,0.0
2021-06-04,595.0,0.0
2021-06-07,592.0,0.0
2021-06-08,589.0,0.0
2021-06-09,586.0,0.0
2021-06-10,599.0,0.0
2021-06-11,602.0,0.0
2021-06-15,609.0,0.0
2021-06-16,605.0,0.0
2021-06-17,606.0,2.5
2021-06-18,603.0,0.0
2021-06-21,583.0,0.0
2021-06-22,578.0,0.0
2021-06-23,595.0,0.0
2021-06-24,590.0,0.0
2021-06-25,591.0,0.0
2021-06-28,590.0,0.0
2021-06-29,595.0,0.0
2021-06-30,595.0,0.0
2021-07-01,593.0,0.0
2021-07-02,588.0,0.0
2021-07-05,591.0,0.0
2021-07-06,592.0,0.0
2021-07-07,594.0,0.0
2021-07-08,588.0,0.0
2021-07-09,584.0,0.0
2021-07-12,593.0,0.0
2021-07-13,607.0,0.0
2021-07-14,613.0,0.0
2021-07-15,614.0,0.0
2021-07-16,589.0,0.0
2021-07-19,582.0,0.0
2021-07-20,581.0,0.0
2021-07-21,585.0,0.0
2021-07-22,591.0,0.0
2021-07-23,585.0,0.0
2021-07-26,580.0,0.0
2021-07-27,580.0,0.0
2021-07-28,579.0,0.0
2021-07-29,583.0,0.0
2021-07-30,580.0,0.0
2021-08-02,590.0,0.0
2021-08-03,594.0,0.0
2021-08-04,596.0,0.0
2021-08-05,596.0,0.0
2021-08-06,591.0,0.0
2021-08-09,595.0,0.0
2021-08-10,591.0,0.0
2021-08-11,590.0,0.0
2021-08-12,586.0,0.0
2021-08-13,581.0,0.0
2021-08-16,584.0,0.0
2021-08-17,584.0,0.0
2021-08-18,574.0,0.0
2021-08-19,559.0,0.0
2021-08-20,552.0,0.0
2021-08-23,566.0,0.0
2021-08-24,572.0,0.0
2021-08-25,585.0,0.0
2021-08-26,594.0,0.0
2021-08-27,599.0,0.0
2021-08-30,605.0,0.0
2021-08-31,614.0,0.0
2021-09-01,613.0,0.0
2021-09-02,607.0,0.0
2021-09-03,620.0,0.0
2021-09-06,631.0,0.0
2021-09-07,623.0,0.0
2021-09-08,619.0,0.0
2021-09-09,619.0,0.0
2021-09-10,622.0,0.0
2021-09-13,615.0,0.0
2021-09-14,613.0,0.0
2021-09-15,607.0,0.0
2021-09-16,600.0,2.75
2021-09-17,600.0,0.0
2021-09-22,586.0,0.0
2021-09-23,588.0,0.0
2021-09-24,598.0,0.0
2021-09-27,602.0,0.0
2021-09-28,594.0,0.0
2021-09-29,580.0,0.0
2021-09-30,580.0,0.0
2021-10-01,574.0,0.0
2021-10-04,572.0,0.0
2021-10-05,572.0,0.0
2021-10-06,571.0,0.0
2021-10-07,580.0,0.0
2021-10-08,575.0,0.0
2021-10-12,575.0,0.0
2021-10-13,571.0,0.0
2021-10-14,573.0,0.0
2021-10-15,600.0,0.0
2021-10-18,590.0,0.0
2021-10-19,600.0,0.0
2021-10-20,598.0,0.0
2021-10-21,596.0,0.0
2021-10-22,600.0,0.0
2021-10-25,593.0,0.0
2021-10-26,599.0,0.0
2021-10-27,599.0,0.0
2021-10-28,595.0,0.0
2021-10-29,590.0,0.0
2021-11-01,590.0,0.0
2021-11-02,592.0,0.0
2021-11-03,592.0,0.0
2021-11-04,587.0,0.0
2021-11-05,600.0,0.0
2021-11-08,602.0,0.0
2021-11-09,611.0,0.0
2021-11-10,612.0,0.0
2021-11-11,606.0,0.0
2021-11-12,604.0,0.0
2021-11-15,608.0,0.0
2021-11-16,610.0,0.0
2021-11-17,610.0,0.0
2021-11-18,613.0,0.0
2021-11-19,618.0,0.0
2021-11-22,615.0,0.0
2021-11-23,612.0,0.0
2021-11-24,603.0,0.0
2021-11-25,603.0,0.0
2021-11-26,596.0,0.0
2021-11-29,593.0,0.0
2021-11-30,596.0,0.0
2021-12-01,600.0,0.0
2021-12-02,615.0,0.0
2021-12-03,608.0,0.0
2021-12-06,600.0,0.0
2021-12-07,607.0,0.0
2021-12-08,602.0,0.0
2021-12-09,608.0,0.0
2021-12-10,605.0,0.0
2021-12-13,601.0,0.0
2021-12-14,599.0,0.0
2021-12-15,600.0,0.0
2021-12-16,605.0,2.75
2021-12-17,607.0,0.0
2021-12-20,598.0,0.0
2021-12-21,597.0,0.0
2021-12-22,600.0,0.0
2021-12-23,606.0,0.0
2021-12-24,604.0,0.0
2021-12-27,606.0,0.0
2021-12-28,615.0,0.0
2021-12-29,616.0,0.0
2021-12-30,615.0,0.0
2022-01-03,631.0,0.0
2022-01-04,656.0,0.0
2022-01-05,650.0,0.0
2022-01-06,644.0,0.0
2022-01-07,634.0,0.0
2022-01-10,643.0,0.0
2022-01-11,651.0,0.0
2022-01-12,660.0,0.0
2022-01-13,661.0,0.0
2022-01-14,672.0,0.0
2022-01-17,683.0,0.0
2022-01-18,662.0,0.0
2022-01-19,654.0,0.0
2022-01-20,651.0,0.0
2022-01-21,641.0,0.0
2022-01-24,653.0,0.0
2022-01-25,641.0,0.0
2022-01-26,636.0,0.0
2022-02-07,635.0,0.0
2022-02-08,628.0,0.0
2022-02-09,633.0,0.0
2022-02-10,649.0,0.0
2022-02-11,650.0,0.0
2022-02-14,637.0,0.0
2022-02-15,633.0,0.0
2022-02-16,646.0,0.0
2022-02-17,645.0,0.0
2022-02-18,637.0,0.0
2022-02-21,632.0,0.0
2022-02-22,627.0,0.0
2022-02-23,625.0,0.0
2022-02-24,604.0,0.0
2022-02-25,604.0,0.0
2022-03-01,604.0,0.0
2022-03-02,601.0,0.0
2022-03-03,602.0,0.0
2022-03-04,595.0,0.0
2022-03-07,576.0,0.0
2022-03-08,563.0,0.0
2022-03-09,568.0,0.0
2022-03-10,587.0,0.0
2022-03-11,575.0,0.0
2022-03-14,572.0,0.0
2022-03-15,558.0,0.0
2022-03-16,558.0,2.75
2022-03-17,582.0,0.0
2022-03-18,581.0,0.0
2022-03-21,586.0,0.0
2022-03-22,583.0,0.0
2022-03-23,590.0,0.0
2022-03-24,591.0,0.0
2022-03-25,598.0,0.0
2022-03-28,584.0,0.0
2022-03-29,589.0,0.0
2022-03-30,600.0,0.0
2022-03-31,597.0,0.0
2022-04-01,589.0,0.0
2022-04-06,578.0,0.0
2022-04-07,566.0,0.0
2022-04-08,567.0,0.0
2022-04-11,558.0,0.0
2022-04-12,557.0,0.0
2022-04-13,573.0,0.0
2022-04-14,573.0,0.0
2022-04-15,562.0,0.0
2022-04-18,561.0,0.0
2022-04-19,565.0,0.0
2022-04-20,570.0,0.0
2022-04-21,565.0,0.0
2022-04-22,558.0,0.0
2022-04-25,547.0,0.0
2022-04-26,546.0,0.0
2022-04-27,526.0,0.0
2022-04-28,531.0,0.0
2022-04-29,538.0,0.0
2022-05-03,531.0,0.0
2022-05-04,534.0,0.0
2022-05-05,542.0,0.0
2022-05-06,528.0,0.0
2022-05-09,520.0,0.0
2022-05-10,518.0,0.0
2022-05-11,521.0,0.0
2022-05-12,505.0,0.0
2022-05-13,511.0,0.0
2022-05-16,520.0,0.0
2022-05-17,530.0,0.0
2022-05-18,538.0,0.0
2022-05-19,522.0,0.0
2022-05-20,530.0,0.0
2022-05-23,528.0,0.0
2022-05-24,520.0,0.0
2022-05-25,524.0,0.0
2022-05-26,514.0,0.0
2022-05-27,530.0,0.0
2022-05-30,547.0,0.0
2022-05-31,560.0,0.0
2022-06-01,549.0,0.0
2022-06-02,540.0,0.0
2022-06-06,540.0,0.0
2022-06-07,535.0,0.0
2022-06-08,544.0,0.0
2022-06-09,541.0,0.0
2022-06-10,530.0,0.0
2022-06-13,516.0,0.0
2022-06-14,513.0,0.0
2022-06-15,509.0,0.0
2022-06-16,508.0,2.75
2022-06-17,501.0,0.0
2022-06-20,498.0,0.0
2022-06-21,505.0,0.0
2022-06-22,494.5,0.0
2022-06-23,485.5,0.0
2022-06-24,486.5,0.0
2022-06-27,498.5,0.0
2022-06-28,497.5,0.0
2022-06-29,491.0,0.0
2022-06-30,476.0,0.0
2022-07-01,453.5,0.0
2022-07-04,440.0,0.0
2022-07-05,446.0,0.0
2022-07-06,435.5,0.0
2022-07-07,457.5,0.0
2022-07-08,467.0,0.0
2022-07-11,462.0,0.0
2022-07-12,449.5,0.0
2022-07-13,470.5,0.0
2022-07-14,475.0,0.0
2022-07-15,492.5,0.0
2022-07-18,495.5,0.0
2022-07-19,491.0,0.0
2022-07-20,495.0,0.0
2022-07-21,501.0,0.0
2022-07-22,503.0,0.0
2022-07-25,499.5,0.0
2022-07-26,495.0,0.0
2022-07-27,502.0,0.0
2022-07-28,501.0,0.0
2022-07-29,509.0,0.0
2022-08-01,504.0,0.0
2022-08-02,492.0,0.0
2022-08-03,501.0,0.0
2022-08-04,500.0,0.0
2022-08-05,516.0,0.0
2022-08-08,512.0,0.0
2022-08-09,510.0,0.0
2022-08-10,500.0,0.0
2022-08-11,514.0,0.0
2022-08-12,517.0,0.0
2022-08-15,523.0,0.0
2022-08-16,525.0,0.0
2022-08-17,527.0,0.0
2022-08-18,520.0,0.0
2022-08-19,519.0,0.0
2022-08-22,512.0,0.0
2022-08-23,504.0,0.0
2022-08-24,503.0,0.0
2022-08-25,508.0,0.0
2022-08-26,512.0,0.0
2022-08-29,498.5,0.0
2022-08-30,496.0,0.0
2022-08-31,505.0,0.0
2022-09-01,490.5,0.0
2022-09-02,485.0,0.0
2022-09-05,486.0,0.0
2022-09-06,489.0,0.0
2022-09-07,472.5,0.0
2022-09-08,475.0,0.0
2022-09-12,486.5,0.0
2022-09-13,493.0,0.0
2022-09-14,480.0,0.0
2022-09-15,476.5,2.75
2022-09-16,472.0,0.0
2022-09-19,467.0,0.0
2022-09-20,476.5,0.0
2022-09-21,471.0,0.0
2022-09-22,464.5,0.0
2022-09-23,455.0,0.0
2022-09-26,446.5,0.0
2022-09-27,448.0,0.0
2022-09-28,438.0,0.0
2022-09-29,435.0,0.0
2022-09-30,422.0,0.0
2022-10-03,417.0,0.0
2022-10-04,429.0,0.0
2022-10-05,445.0,0.0
2022-10-06,451.0,0.0
2022-10-07,438.0,0.0
2022-10-11,401.5,0.0
2022-10-12,397.5,0.0
2022-10-13,395.0,0.0
2022-10-14,412.0,0.0
2022-10-17,397.0,0.0
2022-10-18,407.0,0.0
2022-10-19,395.5,0.0
2022-10-20,397.5,0.0
2022-10-21,389.5,0.0
2022-10-24,387.0,0.0
2022-10-25,371.0,0.0
2022-10-26,376.0,0.0
2022-10-27,385.5,0.0
2022-10-28,379.5,0.0
2022-10-31,390.0,0.0
2022-11-01,391.5,0.0
2022-11-02,395.0,0.0
2022-11-03,384.0,0.0
2022-11-04,382.0,0.0
2022-11-07,390.0,0.0
2022-11-08,399.0,0.0
2022-11-09,417.0,0.0
2022-11-10,407.5,0.0
2022-11-11,441.5,0.0
2022-11-14,445.0,0.0
2022-11-15,480.0,0.0
2022-11-16,487.0,0.0
2022-11-17,485.0,0.0
2022-11-18,487.0,0.0
2022-11-21,482.0,0.0
2022-11-22,491.0,0.0
2022-11-23,492.0,0.0
2022-11-24,496.0,0.0
2022-11-25,498.0,0.0
2022-11-28,480.5,0.0
2022-11-29,487.0,0.0
2022-11-30,490.0,0.0
2022-12-01,498.5,0.0
2022-12-02,492.5,0.0
2022-12-05,489.0,0.0
2022-12-06,478.0,0.0
2022-12-07,475.0,0.0
2022-12-08,471.5,0.0
2022-12-09,481.5,0.0
2022-12-12,475.0,0.0
2022-12-13,471.5,0.0
2022-12-14,480.5,0.0
2022-12-15,480.5,2.75
2022-12-16,471.0,0.0
2022-12-19,466.5,0.0
2022-12-20,457.5,0.0
2022-12-21,459.0,0.0
2022-12-22,468.0,0.0
2022-12-23,455.0,0.0
2022-12-26,456.5,0.0
2022-12-27,457.0,0.0
2022-12-28,451.0,0.0
2022-12-29,446.0,0.0
2022-12-30,448.5,0.0
2023-01-03,453.0,0.0
2023-01-04,449.5,0.0
2023-01-05,458.5,0.0
2023-01-06,458.5,0.0
2023-01-09,481.0,0.0
2023-01-10,486.0,0.0
2023-01-11,484.5,0.0
2023-01-12,486.5,0.0
2023-01-13,500.0,0.0
2023-01-16,505.0,0.0
2023-01-17,503.0,0.0
2023-01-30,543.0,0.0
2023-01-31,522.0,0.0
2023-02-01,530.0,0.0
2023-02-02,540.0,0.0
2023-02-03,542.0,0.0
2023-02-06,526.0,0.0
2023-02-07,523.0,0.0
2023-02-08,540.0,0.0
2023-02-09,540.0,0.0
2023-02-10,545.0,0.0
2023-02-13,541.0,0.0
2023-02-14,545.0,0.0
2023-02-15,525.0,0.0
2023-02-16,528.0,0.0
2023-02-17,518.0,0.0
2023-02-20,517.0,0.0
2023-02-21,516.0,0.0
2023-02-22,507.0,0.0
2023-02-23,518.0,0.0
2023-02-24,511.0,0.0
2023-03-01,522.0,0.0
2023-03-02,519.0,0.0
2023-03-03,516.0,0.0
2023-03-06,521.0,0.0
2023-03-07,524.0,0.0
2023-03-08,521.0,0.0
2023-03-09,522.0,0.0
2023-03-10,513.0,0.0
2023-03-13,516.0,0.0
2023-03-14,510.0,0.0
2023-03-15,511.0,0.0
2023-03-16,505.0,2.749821
2023-03-17,518.0,0.0
2023-03-20,512.0,0.0
2023-03-21,517.0,0.0
2023-03-22,533.0,0.0
2023-03-23,538.0,0.0
2023-03-24,539.0,0.0
2023-03-27,531.0,0.0
2023-03-28,525.0,0.0
2023-03-29,530.0,0.0
2023-03-30,535.0,0.0
2023-03-31,533.0,0.0
2023-04-06,530.0,0.0
2023-04-07,531.0,0.0
2023-04-10,529.0,0.0
2023-04-11,524.0,0.0
2023-04-12,520.0,0.0
2023-04-13,510.0,0.0
2023-04-14,516.0,0.0
2023-04-17,520.0,0.0
2023-04-18,515.0,0.0
2023-04-19,510.0,0.0
2023-04-20,513.0,0.0
2023-04-21,511.0,0.0
2023-04-24,507.0,0.0
2023-04-25,498.0,0.0
2023-04-26,491.5,0.0
2023-04-27,493.5,0.0
2023-04-28,502.0,0.0
2023-05-02,501.0,0.0
2023-05-03,496.0,0.0
2023-05-04,498.0,0.0
2023-05-05,500.0,0.0
2023-05-08,504.0,0.0
2023-05-09,510.0,0.0
2023-05-10,503.0,0.0
2023-05-11,499.0,0.0
2023-05-12,496.0,0.0
2023-05-15,495.5,0.0
2023-05-16,505.0,0.0
2023-05-17,519.0,0.0
2023-05-18,530.0,0.0
2023-05-19,532.0,0.0
2023-05-22,531.0,0.0
2023-05-23,530.0,0.0
2023-05-24,525.0,0.0
2023-05-25,543.0,0.0
2023-05-26,566.0,0.0
2023-05-29,568.0,0.0
2023-05-30,566.0,0.0
2023-05-31,558.0,0.0
2023-06-01,551.0,0.0
2023-06-02,562.0,0.0
2023-06-05,555.0,0.0
2023-06-06,560.0,0.0
2023-06-07,568.0,0.0
2023-06-08,559.0,0.0
2023-06-09,565.0,0.0
2023-06-12,574.0,0.0
2023-06-13,593.0,0.0
2023-06-14,590.0,0.0
2023-06-15,591.0,2.749821
2023-06-16,589.0,0.0
2023-06-19,583.0,0.0
2023-06-20,583.0,0.0
2023-06-21,581.0,0.0
2023-06-26,574.0,0.0
2023-06-27,572.0,0.0
2023-06-28,574.0,0.0
2023-06-29,573.0,0.0
2023-06-30,576.0,0.0
2023-07-03,579.0,0.0
2023-07-04,585.0,0.0
2023-07-05,582.0,0.0
2023-07-06,565.0,0.0
2023-07-07,565.0,0.0
2023-07-10,565.0,0.0
2023-07-11,577.0,0.0
2023-07-12,578.0,0.0
2023-07-13,585.0,0.0
2023-07-14,591.0,0.0
2023-07-17,591.0,0.0
2023-07-18,581.0,0.0
2023-07-19,581.0,0.0
2023-07-20,579.0,0.0
2023-07-21,560.0,0.0
2023-07-24,558.0,0.0
2023-07-25,569.0,0.0
2023-07-26,566.0,0.0
2023-07-27,569.0,0.0
2023-07-28,567.0,0.0
2023-07-31,565.0,0.0
2023-08-01,567.0,0.0
2023-08-02,561.0,0.0
2023-08-04,554.0,0.0
2023-08-07,558.0,0.0
2023-08-08,552.0,0.0
2023-08-09,554.0,0.0
2023-08-10,551.0,0.0
2023-08-11,546.0,0.0
2023-08-14,541.0,0.0
2023-08-15,542.0,0.0
2023-08-16,542.0,0.0
2023-08-17,544.0,0.0
2023-08-18,539.0,0.0
2023-08-21,537.0,0.0
2023-08-22,541.0,0.0
2023-08-23,552.0,0.0
2023-08-24,564.0,0.0
2023-08-25,546.0,0.0
2023-08-28,549.0,0.0
2023-08-29,552.0,0.0
2023-08-30,555.0,0.0
2023-08-31,549.0,0.0
2023-09-01,548.0,0.0
2023-09-04,557.0,0.0
2023-09-05,552.0,0.0
2023-09-06,550.0,0.0
2023-09-07,542.0,0.0
2023-09-08,539.0,0.0
2023-09-11,536.0,0.0
2023-09-12,544.0,0.0
2023-09-13,541.0,0.0
2023-09-14,550.0,3.0
2023-09-15,558.0,0.0
2023-09-18,540.0,0.0
2023-09-19,538.0,0.0
2023-09-20,535.0,0.0
2023-09-21,527.0,0.0
2023-09-22,522.0,0.0
2023-09-25,525.0,0.0
2023-09-26,519.0,0.0
2023-09-27,522.0,0.0
2023-09-28,523.0,0.0
2023-10-02,533.0,0.0
2023-10-03,529.0,0.0
2023-10-04,520.0,0.0
2023-10-05,528.0,0.0
2023-10-06,532.0,0.0
2023-10-11,544.0,0.0
2023-10-12,550.0,0.0
2023-10-13,553.0,0.0
2023-10-16,545.0,0.0
2023-10-17,551.0,0.0
2023-10-18,540.0,0.0
2023-10-19,546.0,0.0
2023-10-20,556.0,0.0
2023-10-23,544.0,0.0
2023-10-24,544.0,0.0
2023-10-25,544.0,0.0
2023-10-26,531.0,0.0
2023-10-27,533.0,0.0
2023-10-30,532.0,0.0
2023-10-31,529.0,0.0
2023-11-01,528.0,0.0
2023-11-02,547.0,0.0
2023-11-03,549.0,0.0
2023-11-06,550.0,0.0
2023-11-07,555.0,0.0
2023-11-08,556.0,0.0
2023-11-09,557.0,0.0
2023-11-10,557.0,0.0
2023-11-13,571.0,0.0
2023-11-14,572.0,0.0
2023-11-15,581.0,0.0
2023-11-16,583.0,0.0
2023-11-17,580.0,0.0
2023-11-20,577.0,0.0
2023-11-21,585.0,0.0
2023-11-22,577.0,0.0
2023-11-23,578.0,0.0
2023-11-24,575.0,0.0
2023-11-27,568.0,0.0
2023-11-28,575.0,0.0
2023-11-29,574.0,0.0
2023-11-30,577.0,0.0
2023-12-01,579.0,0.0
2023-12-04,574.0,0.0
2023-12-05,570.0,0.0
2023-12-06,570.0,0.0
2023-12-07,566.0,0.0
2023-12-08,570.0,0.0
2023-12-11,574.0,0.0
2023-12-12,578.0,0.0
2023-12-13,577.0,0.0
2023-12-14,582.0,3.0
2023-12-15,585.0,0.0
2023-12-18,585.0,0.0
2023-12-19,585.0,0.0
2023-12-20,585.0,0.0
2023-12-21,577.0,0.0
2023-12-22,582.0,0.0
2023-12-25,581.0,0.0
2023-12-26,586.0,0.0
2023-12-27,592.0,0.0
2023-12-28,593.0,0.0
2023-12-29,593.0,0.0
2024-01-02,593.0,0.0
2024-01-03,578.0,0.0
2024-01-04,580.0,0.0
2024-01-05,576.0,0.0
2024-01-08,583.0,0.0
2024-01-09,586.0,0.0
2024-01-10,584.0,0.0
2024-01-11,586.0,0.0
2024-01-12,584.0,0.0
2024-01-15,586.0,0.0
2024-01-16,580.0,0.0
2024-01-17,581.0,0.0
2024-01-18,588.0,0.0
2024-01-19,626.0,0.0
2024-01-22,626.0,0.0
2024-01-23,628.0,0.0
2024-01-24,627.0,0.0
2024-01-25,642.0,0.0
2024-01-26,644.0,0.0
2024-01-29,648.0,0.0
2024-01-30,642.0,0.0
2024-01-31,628.0,0.0
2024-02-01,628.0,0.0
2024-02-02,635.0,0.0
2024-02-05,646.0,0.0
2024-02-15,697.0,0.0
2024-02-16,683.0,0.0
2024-02-19,678.0,0.0
2024-02-20,687.0,0.0
2024-02-21,681.0,0.0
2024-02-22,692.0,0.0
2024-02-23,697.0,0.0
2024-02-26,698.0,0.0
2024-02-27,698.0,0.0
2024-02-29,690.0,0.0
2024-03-01,689.0,0.0
2024-03-04,725.0,0.0
2024-03-05,730.0,0.0
2024-03-06,735.0,0.0
2024-03-07,760.0,0.0
2024-03-08,784.0,0.0
2024-03-11,766.0,0.0
2024-03-12,770.0,0.0
2024-03-13,779.0,0.0
2024-03-14,784.0,0.0
2024-03-15,753.0,0.0
2024-03-18,764.0,3.49979
2024-03-19,762.0,0.0
2024-03-20,758.0,0.0
2024-03-21,784.0,0.0
2024-03-22,785.0,0.0
2024-03-25,780.0,0.0
2024-03-26,782.0,0.0
2024-03-27,779.0,0.0
2024-03-28,769.0,0.0
2024-03-29,776.0,0.0
2024-04-01,770.0,0.0
2024-04-02,790.0,0.0
2024-04-03,780.0,0.0
2024-04-08,783.0,0.0
2024-04-09,819.0,0.0
2024-04-10,815.0,0.0
2024-04-11,820.0,0.0
2024-04-12,818.0,0.0
2024-04-15,806.0,0.0
2024-04-16,788.0,0.0
2024-04-17,804.0,0.0
2024-04-18,804.0,0.0
2024-04-19,750.0,0.0
2024-04-22,742.0,0.0
2024-04-23,754.0,0.0
2024-04-24,783.0,0.0
2024-04-25,766.0,0.0
2024-04-26,782.0,0.0
2024-04-29,795.0,0.0
2024-04-30,790.0,0.0
2024-05-02,772.0,0.0
2024-05-03,780.0,0.0
2024-05-06,786.0,0.0
2024-05-07,800.0,0.0
2024-05-08,802.0,0.0
2024-05-09,796.0,0.0
2024-05-10,802.0,0.0
2024-05-13,819.0,0.0
2024-05-14,825.0,0.0
2024-05-15,839.0,0.0
2024-05-16,841.0,0.0
2024-05-17,835.0,0.0
2024-05-20,835.0,0.0
2024-05-21,841.0,0.0
2024-05-22,864.0,0.0
2024-05-23,875.0,0.0
2024-05-24,867.0,0.0
2024-05-27,869.0,0.0
2024-05-28,865.0,0.0
2024-05-29,857.0,0.0
2024-05-30,838.0,0.0
2024-05-31,821.0,0.0
2024-06-03,846.0,0.0
2024-06-04,839.0,0.0
2024-06-05,854.0,0.0
2024-06-06,894.0,0.0
2024-06-07,879.0,0.0
2024-06-11,883.0,0.0
2024-06-12,909.0,0.0
2024-06-13,919.0,3.49979
2024-06-14,922.0,0.0
2024-06-17,921.0,0.0
2024-06-18,943.0,0.0
2024-06-19,981.0,0.0
2024-06-20,981.0,0.0
2024-06-21,970.0,0.0
2024-06-24,940.0,0.0
2024-06-25,945.0,0.0
2024-06-26,960.0,0.0
2024-06-27,960.0,0.0
2024-06-28,966.0,0.0
2024-07-01,968.0,0.0
2024-07-02,960.0,0.0
2024-07-03,979.0,0.0
2024-07-04,1005.0,0.0
2024-07-05,1005.0,0.0
2024-07-08,1035.0,0.0
2024-07-09,1040.0,0.0
2024-07-10,1045.0,0.0
2024-07-11,1080.0,0.0
2024-07-12,1040.0,0.0
2024-07-15,1040.0,0.0
2024-07-16,1055.0,0.0
2024-07-17,1030.0,0.0
2024-07-18,1005.0,0.0
2024-07-19,970.0,0.0
2024-07-22,939.0,0.0
2024-07-23,979.0,0.0
2024-07-26,924.0,0.0
2024-07-29,944.0,0.0
2024-07-30,940.0,0.0
2024-07-31,934.0,0.0
2024-08-01,960.0,0.0
2024-08-02,903.0,0.0
2024-08-05,815.0,0.0
2024-08-06,880.0,0.0
2024-08-07,920.0,0.0
2024-08-08,896.0,0.0
2024-08-09,934.0,0.0
2024-08-12,940.0,0.0
2024-08-13,941.0,0.0
2024-08-14,948.0,0.0
2024-08-15,943.0,0.0
2024-08-16,969.0,0.0
2024-08-19,973.0,0.0
2024-08-20,973.0,0.0
2024-08-21,958.0,0.0
2024-08-22,951.0,0.0
2024-08-23,949.0,0.0
2024-08-26,950.0,0.0
2024-08-27,942.0,0.0
2024-08-28,964.0,0.0
2024-08-29,943.0,0.0
2024-08-30,944.0,0.0
2024-09-02,948.0,0.0
2024-09-03,940.0,0.0
2024-09-04,889.0,0.0
2024-09-05,902.0,0.0
2024-09-06,918.0,0.0
2024-09-09,899.0,0.0
2024-09-10,904.0,0.0
2024-09-11,901.0,0.0
2024-09-12,940.0,4.000138
2024-09-13,947.0,0.0
2024-09-16,947.0,0.0
2024-09-18,941.0,0.0
2024-09-19,960.0,0.0
2024-09-20,973.0,0.0
2024-09-23,977.0,0.0
2024-09-24,987.0,0.0
2024-09-25,1005.0,0.0
2024-09-26,1015.0,0.0
2024-09-27,1000.0,0.0
2024-09-30,957.0,0.0
2024-10-01,972.0,0.0
2024-10-04,977.0,0.0
2024-10-07,1005.0,0.0
2024-10-08,1010.0,0.0
2024-10-09,1020.0,0.0
2024-10-11,1045.0,0.0
2024-10-14,1045.0,0.0
2024-10-15,1070.0,0.0
2024-10-16,1045.0,0.0
2024-10-17,1035.0,0.0
2024-10-18,1085.0,0.0
2024-10-21,1085.0,0.0
2024-10-22,1075.0,0.0
2024-10-23,1060.0,0.0
2024-10-24,1060.0,0.0
2024-10-25,1065.0,0.0
2024-10-28,1050.0,0.0
2024-10-29,1040.0,0.0
2024-10-30,1030.0,0.0
2024-11-01,1025.0,0.0
2024-11-04,1040.0,0.0
2024-11-05,1050.0,0.0
2024-11-06,1060.0,0.0
2024-11-07,1065.0,0.0
2024-11-08,1090.0,0.0
2024-11-11,1085.0,0.0
2024-11-12,1050.0,0.0
2024-11-13,1035.0,0.0
2024-11-14,1035.0,0.0
2024-11-15,1035.0,0.0
2024-11-18,1025.0,0.0
2024-11-19,1040.0,0.0
2024-11-20,1025.0,0.0
2024-11-21,1010.0,0.0
2024-11-22,1040.0,0.0
2024-11-25,1030.0,0.0
2024-11-26,1010.0,0.0
2024-11-27,1000.0,0.0
2024-11-28,1005.0,0.0
2024-11-29,996.0,0.0
2024-12-02,1035.0,0.0
2024-12-03,1055.0,0.0
2024-12-04,1070.0,0.0
2024-12-05,1075.0,0.0
2024-12-06,1065.0,0.0
2024-12-09,1075.0,0.0
2024-12-10,1065.0,0.0
2024-12-11,1045.0,0.0
2024-12-12,1060.0,3.999637
2024-12-13,1065.0,0.0
2024-12-16,1085.0,0.0
2024-12-17,1075.0,0.0
2024-12-18,1085.0,0.0
2024-12-19,1070.0,0.0
2024-12-20,1035.0,0.0
2024-12-23,1080.0,0.0
2024-12-24,1080.0,0.0
2024-12-25,1085.0,0.0
2024-12-26,1085.0,0.0
2024-12-27,1090.0,0.0
2024-12-30,1090.0,0.0
2024-12-31,1075.0,0.0
2025-01-02,1065.0,0.0
2025-01-03,1075.0,0.0
2025-01-06,1125.0,0.0
2025-01-07,1130.0,0.0
2025-01-08,1105.0,0.0
2025-01-09,1100.0,0.0
2025-01-10,1100.0,0.0
2025-01-13,1075.0,0.0
2025-01-14,1090.0,0.0
2025-01-15,1065.0,0.0
2025-01-16,1105.0,0.0
2025-01-17,1120.0,0.0
2025-01-20,1120.0,0.0
2025-01-21,1120.0,0.0
2025-01-22,1135.0,0.0
2025-02-03,1070.0,0.0
2025-02-04,1095.0,0.0
2025-02-05,1110.0,0.0
2025-02-06,1115.0,0.0
2025-02-07,1125.0,0.0
2025-02-10,1105.0,0.0
2025-02-11,1110.0,0.0
2025-02-12,1100.0,0.0
2025-02-13,1090.0,0.0
2025-02-14,1060.0,0.0
2025-02-17,1085.0,0.0
2025-02-18,1100.0,0.0
2025-02-19,1090.0,0.0
2025-02-20,1080.0,0.0
2025-02-21,1095.0,0.0
2025-02-24,1075.0,0.0
2025-02-25,1055.0,0.0
2025-02-26,1060.0,0.0
2025-02-27,1040.0,0.0
2025-03-03,1020.0,0.0
2025-03-04,1000.0,0.0
2025-03-05,1020.0,0.0
2025-03-06,1005.0,0.0
2025-03-07,1005.0,0.0
2025-03-10,998.0,0.0
2025-03-11,971.0,0.0
2025-03-12,988.0,0.0
2025-03-13,965.0,0.0
2025-03-14,959.0,0.0
2025-03-17,970.0,0.0
2025-03-18,971.0,4.50002
2025-03-19,952.0,0.0
2025-03-20,985.0,0.0
2025-03-21,972.0,0.0
2025-03-24,972.0,0.0
2025-03-25,990.0,0.0
2025-03-26,980.0,0.0
2025-03-27,958.0,0.0
2025-03-28,952.0,0.0
2025-03-31,910.0,0.0
2025-04-01,944.0,0.0
2025-04-02,942.0,0.0
2025-04-07,848.0,0.0
2025-04-08,816.0,0.0
2025-04-09,785.0,0.0
2025-04-10,863.0,0.0
2025-04-11,889.0,0.0
2025-04-14,865.0,0.0
2025-04-15,877.0,0.0
2025-04-16,855.0,0.0
2025-04-17,847.0,0.0
2025-04-18,850.0,0.0
2025-04-21,835.0,0.0
2025-04-22,816.0,0.0
2025-04-23,873.0,0.0
2025-04-24,864.0,0.0
2025-04-25,888.0,0.0
2025-04-28,897.0,0.0
2025-04-29,902.0,0.0
2025-04-30,908.0,0.0
2025-05-02,950.0,0.0
2025-05-05,938.0,0.0
2025-05-06,920.0,0.0
2025-05-07,928.0,0.0
2025-05-08,918.0,0.0
2025-05-09,949.0,0.0
2025-05-12,957.0,0.0
2025-05-13,969.0,0.0
2025-05-14,999.0,0.0
2025-05-15,993.0,0.0
2025-05-16,998.0,0.0
2025-05-19,984.0,0.0
2025-05-20,978.0,0.0
2025-05-21,990.0,0.0
2025-05-22,982.0,0.0
2025-05-23,984.0,0.0
2025-05-26,976.0,0.0
2025-05-27,965.0,0.0
2025-05-28,967.0,0.0
2025-05-29,967.0,0.0
2025-06-02,946.0,0.0
2025-06-03,950.0,0.0
2025-06-04,990.0,0.0
2025-06-05,998.0,0.0
2025-06-06,995.0,0.0
2025-06-09,1005.0,0.0
2025-06-10,1045.0,0.0
2025-06-11,1065.0,0.0
2025-06-12,1045.0,4.50002
2025-06-13,1030.0,0.0
2025-06-16,1025.0,0.0
2025-06-17,1045.0,0.0
2025-06-18,1055.0,0.0
2025-06-19,1035.0,0.0
2025-06-20,1055.0,0.0
2025-06-23,1020.0,0.0
2025-06-24,1050.0,0.0
2025-06-25,1070.0,0.0
2025-06-26,1075.0,0.0
2025-06-27,1080.0,0.0
2025-06-30,1060.0,0.0
2025-07-01,1085.0,0.0
2025-07-02,1085.0,0.0
2025-07-03,1090.0,0.0
2025-07-04,1085.0,0.0
2025-07-07,1080.0,0.0
2025-07-08,1080.0,0.0
2025-07-09,1090.0,0.0
2025-07-10,1100.0,0.0
2025-07-11,1100.0,0.0
2025-07-14,1095.0,0.0
2025-07-15,1110.0,0.0
2025-07-16,1130.0,0.0
2025-07-17,1130.0,0.0
2025-07-18,1155.0,0.0
2025-07-21,1150.0,0.0
2025-07-22,1130.0,0.0
2025-07-23,1145.0,0.0
2025-07-24,1145.0,0.0
2025-07-25,1145.0,0.0
2025-07-28,1145.0,0.0
2025-07-29,1135.0,0.0
2025-07-30,1155.0,0.0
2025-07-31,1160.0,0.0
2025-08-04,1135.0,0.0
2025-08-05,1150.0,0.0
2025-08-06,1125.0,0.0
2025-08-07,1180.0,0.0
2025-08-08,1175.0,0.0
2025-08-11,1180.0,0.0
2025-08-12,1180.0,0.0
2025-08-13,1200.0,0.0
2025-08-14,1175.0,0.0
2025-08-15,1180.0,0.0
2025-08-18,1180.0,0.0
2025-08-19,1185.0,0.0
2025-08-20,1135.0,0.0
2025-08-21,1150.0,0.0
2025-08-22,1135.0,0.0
2025-08-25,1170.0,0.0
2025-08-26,1175.0,0.0
2025-08-27,1190.0,0.0
2025-08-28,1160.0,0.0
2025-08-29,1160.0,0.0
2025-09-01,1165.0,0.0
2025-09-02,1160.0,0.0
2025-09-03,1160.0,0.0
2025-09-04,1160.0,0.0
2025-09-05,1180.0,0.0
2025-09-08,1180.0,0.0
2025-09-09,1200.0,0.0
2025-09-10,1225.0,0.0
2025-09-11,1240.0,0.0
2025-09-12,1260.0,0.0
2025-09-15,1255.0,0.0
2025-09-16,1280.0,5.000018
2025-09-17,1265.0,0.0
2025-09-18,1285.0,0.0
2025-09-19,1265.0,0.0
2025-09-22,1295.0,0.0
2025-09-23,1340.0,0.0
2025-09-24,1340.0,0.0
2025-09-25,1320.0,0.0
2025-09-26,1300.0,0.0
2025-09-30,1305.0,0.0
2025-10-01,1325.0,0.0
2025-10-02,1365.0,0.0
2025-10-03,1400.0,0.0
2025-10-07,1435.0,0.0
2025-10-08,1415.0,0.0
2025-10-09,1440.0,0.0
2025-10-13,1415.0,0.0
2025-10-14,1425.0,0.0
2025-10-15,1465.0,0.0
2025-10-16,1485.0,0.0
2025-10-17,1450.0,0.0
2025-10-20,1480.0,0.0
2025-10-21,1480.0,0.0
2025-10-22,1460.0,0.0
2025-10-23,1450.0,0.0
2025-10-27,1480.0,0.0
2025-10-28,1475.0,0.0
2025-10-29,1505.0,0.0
2025-10-30,1505.0,0.0
2025-10-31,1500.0,0.0
2025-11-03,1510.0,0.0
2025-11-04,1505.0,0.0
2025-11-05,1460.0,0.0
2025-11-06,1465.0,0.0
2025-11-07,1460.0,0.0
2025-11-10,1475.0,0.0
2025-11-11,1465.0,0.0
2025-11-12,1475.0,0.0
2025-11-13,1460.0,0.0
2025-11-14,1430.0,0.0
2025-11-17,1445.0,0.0
2025-11-18,1405.0,0.0
2025-11-19,1395.0,0.0
2025-11-20,1455.0,0.0
2025-11-21,1385.0,0.0
2025-11-24,1375.0,0.0
2025-11-25,1415.0,0.0
2025-11-26,1440.0,0.0
2025-11-27,1435.0,0.0
2025-11-28,1440.0,0.0
2025-12-01,1410.0,0.0
2025-12-02,1430.0,0.0
2025-12-03,1450.0,0.0
2025-12-04,1445.0,0.0
2025-12-05,1460.0,0.0
2025-12-08,1495.0,0.0
2025-12-09,1480.0,0.0
2025-12-10,1505.0,0.0
2025-12-11,1470.0,5.000011
2025-12-12,1480.0,0.0
2025-12-15,1450.0,0.0
2025-12-16,1435.0,0.0
2025-12-17,1430.0,0.0
2025-12-18,1430.0,0.0
2025-12-19,1430.0,0.0
2025-12-22,1465.0,0.0
2025-12-23,1490.0,0.0
2025-12-24,1495.0,0.0
2025-12-26,1510.0,0.0
2025-12-29,1530.0,0.0
2025-12-30,1520.0,0.0
2025-12-31,1550.0,0.0
2026-01-02,1585.0,0.0
2026-01-05,1670.0,0.0
2026-01-06,1705.0,0.0
2026-01-07,1675.0,0.0
2026-01-08,1685.0,0.0
2026-01-09,1680.0,0.0
2026-01-12,1690.0,0.0
2026-01-13,1710.0,0.0
2026-01-14,1710.0,0.0
2026-01-15,1690.0,0.0
2026-01-16,1740.0,0.0
2026-01-19,1760.0,0.0
2026-01-20,1775.0,0.0
2026-01-21,1740.0,0.0
2026-01-22,1760.0,0.0
2026-01-23,1770.0,0.0
2026-01-26,1755.0,0.0
2026-01-27,1780.0,0.0
2026-01-28,1820.0,0.0
2026-01-29,1805.0,0.0
2026-01-30,1775.0,0.0
2026-02-02,1765.0,0.0
2026-02-03,1800.0,0.0
2026-02-04,1785.0,0.0
2026-02-05,1765.0,0.0
2026-02-06,1780.0,0.0
2026-02-09,1815.0,0.0
2026-02-10,1880.0,0.0
2026-02-11,1915.0,0.0
2026-02-23,1900.0,0.0
2026-02-24,1965.0,0.0
2026-02-25,2015.0,0.0
2026-02-26,1995.0,0.0
2026-03-02,1975.0,0.0
2026-03-03,1935.0,0.0
2026-03-04,1865.0,0.0
2026-03-05,1900.0,0.0
2026-03-06,1890.0,0.0
2026-03-09,1810.0,0.0
2026-03-10,1850.0,0.0
2026-03-11,1940.0,0.0
2026-03-12,1885.0,0.0
2026-03-13,1865.0,0.0
2026-03-16,1845.0,0.0
2026-03-17,1870.0,6.000036
2026-03-18,1905.0,0.0
2026-03-19,1850.0,0.0
2026-03-20,1840.0,0.0
2026-03-23,1810.0,0.0
2026-03-24,1810.0,0.0
2026-03-25,1845.0,0.0
2026-03-26,1840.0,0.0
2026-03-27,1820.0,0.0
2026-03-30,1780.0,0.0
2026-03-31,1760.0,0.0
2026-04-01,1855.0,0.0
2026-04-02,1810.0,0.0
2026-04-07,1860.0,0.0
2026-04-08,1950.0,0.0
2026-04-09,1955.0,0.0
2026-04-10,2000.0,0.0
2026-04-13,1990.0,0.0
2026-04-14,2055.0,0.0
2026-04-15,2080.0,0.0
2026-04-16,2085.0,0.0
2026-04-17,2030.0,0.0
2026-04-20,2025.0,0.0
2026-04-21,2050.0,0.0
2026-04-22,2050.0,0.0
2026-04-23,2080.0,0.0
2026-04-24,2185.0,0.0
2026-04-27,2265.0,0.0
2026-04-28,2215.0,0.0
2026-04-29,2180.0,0.0
2026-04-30,2135.0,0.0
2026-05-04,2275.0,0.0
2026-05-05,2250.0,0.0
2026-05-06,2250.0,0.0
2026-05-07,2310.0,0.0
2026-05-08,2290.0,0.0
2026-05-11,2235.0,0.0
2026-05-12,2255.0,0.0
2026-05-13,2220.0,0.0
2026-05-14,2270.0,0.0
2026-05-15,2265.0,0.0
2026-05-18,2240.0,0.0
2026-05-19,2205.0,0.0
2026-05-20,2185.0,0.0
2026-05-21,2230.0,0.0
2026-05-22,2255.0,0.0
2026-05-25,2310.0,0.0
2026-05-26,2270.0,0.0
2026-05-27,2300.0,0.0
2026-05-28,2295.0,0.0
2026-05-29,2355.0,0.0
2026-06-01,2355.0,0.0
2026-06-02,2380.0,0.0
2026-06-03,2425.0,0.0
2026-06-04,2385.0,0.0
2026-06-05,2365.0,0.0
2026-06-08,2295.0,0.0
2026-06-09,2305.0,0.0
2026-06-10,2255.0,0.0
2026-06-11,2250.0,6.000036
2026-06-12,2310.0,0.0
2026-06-15,2375.0,0.0
2026-06-16,2400.0,0.0
2026-06-17,2385.0,0.0
2026-06-18,2410.0,0.0
2026-06-22,2510.0,0.0
2026-06-23,2490.0,0.0
2026-06-24,2390.0,0.0
2026-06-25,2390.0,0.0
2026-06-26,2340.0,0.0
2026-06-29,2370.0,0.0
2026-06-30,2410.0,0.0
2026-07-01,2505.0,0.0
2026-07-02,2465.0,0.0
2026-07-03,2445.0,0.0
2026-07-06,2460.0,0.0
2026-07-07,2440.0,0.0
2026-07-08,2465.0,0.0
2026-07-09,2415.0,0.0
2026-07-10,2415.0,0.0
2026-07-13,2440.0,0.0
2026-07-14,2420.0,0.0
2026-07-15,2440.0,0.0
2026-07-16,2470.0,0.0
2026-07-17,2290.0,0.0
2026-07-20,2320.0,0.0
2026-07-21,2410.0,0.0
2026-07-22,2400.0,0.0
2026-07-23,2405.0,0.0
2026-07-24,2350.0,0.0
2026-07-27,2350.0,0.0
2026-07-28,2280.0,0.0
2026-07-29,2200.0,0.0
2026-07-30,2205.0,0.0
2026-07-31,2425.0,0.0
2026-08-03,2370.0,0.0
2026-08-04,2320.0,0.0
2026-08-05,2405.0,0.0
2026-08-06,2365.0,0.0
2026-08-07,2370.0,0.0
2026-08-10,2380.0,0.0
