Date,Close,Dividends
2000-11-15,91.8529052734375,0.0
2000-11-16,92.39321899414062,0.0
2000-11-17,95.63508605957033,0.0
2000-11-20,94.55445861816406,0.0
2000-11-21,101.03820037841795,0.0
2000-11-22,98.33663940429688,0.0
2000-11-23,99.41726684570312,0.0
2000-11-24,101.57850646972656,0.0
2000-11-27,99.95757293701172,0.0
2000-11-28,102.65912628173828,0.0
2000-11-29,104.82038116455078,0.0
2000-11-30,102.65912628173828,0.0
2000-12-01,104.28005981445312,0.0
2000-12-04,99.41726684570312,0.0
2000-12-05,97.25602722167967,0.0
2000-12-06,95.63508605957033,0.0
2000-12-07,97.25602722167967,0.0
2000-12-08,97.25602722167967,0.0
2000-12-11,95.09476470947266,0.0
2000-12-12,95.63508605957033,0.0
2000-12-13,94.01415252685548,0.0
2000-12-14,92.93352508544922,0.0
2000-12-15,91.8529052734375,0.0
2000-12-18,92.93352508544922,0.0
2000-12-19,94.01415252685548,0.0
2000-12-20,92.39321899414062,0.0
2000-12-21,89.691650390625,0.0
2000-12-22,88.07073211669922,0.0
2000-12-25,88.07073211669922,0.0
2000-12-26,85.3691635131836,0.0
2000-12-27,82.66761779785156,0.0
2000-12-28,84.828857421875,0.0
2000-12-29,82.1272964477539,0.0
2001-01-01,82.1272964477539,0.0
2001-01-02,84.828857421875,0.0
2001-01-03,83.20792388916016,0.0
2001-01-04,88.61103820800781,0.0
2001-01-05,90.77227783203124,0.0
2001-01-08,84.828857421875,0.0
2001-01-09,86.44979858398438,0.0
2001-01-10,87.53041076660156,0.0
2001-01-11,88.07073211669922,0.0
2001-01-12,86.44979858398438,0.0
2001-01-15,85.3691635131836,0.0
2001-01-16,89.691650390625,0.0
2001-01-17,88.61103820800781,0.0
2001-01-18,90.77227783203124,0.0
2001-01-19,90.77227783203124,0.0
2001-01-22,90.77227783203124,0.0
2001-01-23,90.77227783203124,0.0
2001-01-24,90.77227783203124,0.0
2001-01-25,90.77227783203124,0.0
2001-01-26,90.77227783203124,0.0
2001-01-29,85.3691635131836,0.0
2001-01-30,83.20792388916016,0.0
2001-01-31,83.74822998046875,0.0
2001-02-01,83.74822998046875,0.0
2001-02-02,86.99010467529297,0.0
2001-02-05,85.90947723388672,0.0
2001-02-06,86.99010467529297,0.0
2001-02-07,84.828857421875,0.0
2001-02-08,85.3691635131836,0.0
2001-02-09,84.828857421875,0.0
2001-02-12,84.28853607177734,0.0
2001-02-13,84.828857421875,0.0
2001-02-14,83.20792388916016,0.0
2001-02-15,84.28853607177734,0.0
2001-02-16,84.828857421875,0.0
2001-02-19,81.58699035644531,0.0
2001-02-20,82.1272964477539,0.0
2001-02-21,81.04667663574219,0.0
2001-02-22,78.88543701171875,0.0
2001-02-23,76.72418975830078,0.0
2001-02-26,74.56295013427734,0.0
2001-02-27,72.40169525146484,0.0
2001-02-28,72.40169525146484,0.0
2001-03-01,70.24044799804688,0.0
2001-03-02,72.40169525146484,0.0
2001-03-05,72.40169525146484,0.0
2001-03-06,72.40169525146484,0.0
2001-03-07,74.56295013427734,0.0
2001-03-08,72.40169525146484,0.0
2001-03-09,72.9420166015625,0.0
2001-03-12,70.78076934814453,0.0
2001-03-13,69.70014190673828,0.0
2001-03-14,69.70014190673828,0.0
2001-03-15,68.61951446533203,0.0
2001-03-16,69.70014190673828,0.0
2001-03-19,68.07920837402344,0.0
2001-03-20,68.61951446533203,0.0
2001-03-21,66.99858856201172,0.0
2001-03-22,65.91796875,0.0
2001-03-23,66.99858856201172,0.0
2001-03-26,68.07920837402344,0.0
2001-03-27,67.53890228271484,0.0
2001-03-28,66.45828247070312,0.0
2001-03-29,66.45828247070312,0.0
2001-03-30,67.53890228271484,0.0
2001-04-02,66.45828247070312,0.0
2001-04-03,64.83734893798828,0.0
2001-04-04,64.83734893798828,0.0
2001-04-05,64.83734893798828,0.0
2001-04-06,64.29702758789062,0.0
2001-04-09,62.13578414916992,0.0
2001-04-10,66.45828247070312,0.0
2001-04-11,70.78076934814453,0.0
2001-04-12,70.78076934814453,0.0
2001-04-13,69.15983581542969,0.0
2001-04-16,69.70014190673828,0.0
2001-04-17,69.15983581542969,0.0
2001-04-18,69.70014190673828,0.0
2001-04-19,69.15983581542969,0.0
2001-04-20,68.07920837402344,0.0
2001-04-23,68.07920837402344,0.0
2001-04-24,70.24044799804688,0.0
2001-04-25,68.61951446533203,0.0
2001-04-26,68.61951446533203,0.0
2001-04-27,69.15983581542969,0.0
2001-04-30,70.24044799804688,0.0
2001-05-01,70.24044799804688,0.0
2001-05-02,69.15983581542969,0.0
2001-05-03,70.24044799804688,0.0
2001-05-04,70.78076934814453,0.0
2001-05-07,69.70014190673828,0.0
2001-05-08,70.24044799804688,0.0
2001-05-09,71.32107543945312,0.0
2001-05-10,70.24044799804688,0.0
2001-05-11,70.78076934814453,0.0
2001-05-14,71.86138916015625,0.0
2001-05-15,74.02262878417969,0.0
2001-05-16,72.40169525146484,0.0
2001-05-17,72.40169525146484,0.0
2001-05-18,72.9420166015625,0.0
2001-05-21,68.07920837402344,0.0
2001-05-22,68.07920837402344,0.0
2001-05-23,69.70014190673828,0.0
2001-05-24,68.61951446533203,0.0
2001-05-25,66.99858856201172,0.0
2001-05-28,65.91796875,0.0
2001-05-29,66.45828247070312,0.0
2001-05-30,65.91796875,0.0
2001-05-31,65.91796875,0.0
2001-06-01,64.83734893798828,0.0
2001-06-04,65.91796875,0.0
2001-06-05,66.45828247070312,0.0
2001-06-06,68.61951446533203,0.0
2001-06-07,66.45828247070312,0.0
2001-06-08,65.91796875,0.0
2001-06-11,65.91796875,0.0
2001-06-12,63.75672149658203,0.0
2001-06-13,62.67610549926758,0.0
2001-06-14,63.21641159057617,0.0
2001-06-15,63.75672149658203,0.0
2001-06-18,62.67610549926758,0.0
2001-06-19,62.13578414916992,0.0
2001-06-20,62.67610549926758,0.0
2001-06-21,63.21641159057617,0.0
2001-06-22,54.03112030029297,7.032258
2001-06-25,54.03112030029297,0.0
2001-06-26,53.70693206787109,0.0
2001-06-27,52.51824951171875,0.0
2001-06-28,51.869876861572266,0.0
2001-06-29,50.14087677001953,0.0
2001-07-02,49.38444519042969,0.0
2001-07-03,51.11343765258789,0.0
2001-07-04,50.35700607299805,0.0
2001-07-05,50.14087677001953,0.0
2001-07-06,50.14087677001953,0.0
2001-07-09,49.70863342285156,0.0
2001-07-10,50.35700607299805,0.0
2001-07-11,51.22150039672852,0.0
2001-07-12,51.11343765258789,0.0
2001-07-13,49.06026077270508,0.0
2001-07-16,46.899017333984375,0.0
2001-07-17,46.899017333984375,0.0
2001-07-18,44.30551910400391,0.0
2001-07-19,42.79264831542969,0.0
2001-07-20,44.197452545166016,0.0
2001-07-23,46.682884216308594,0.0
2001-07-24,46.682884216308594,0.0
2001-07-25,47.11513519287109,0.0
2001-07-26,48.95219421386719,0.0
2001-07-27,48.195762634277344,0.0
2001-07-30,48.195762634277344,0.0
2001-07-31,48.08769989013672,0.0
2001-08-01,49.1683235168457,0.0
2001-08-02,51.32955551147461,0.0
2001-08-03,50.46506118774414,0.0
2001-08-06,48.62800598144531,0.0
2001-08-07,47.76351165771485,0.0
2001-08-08,48.84413909912109,0.0
2001-08-09,47.97962951660156,0.0
2001-08-10,48.08769989013672,0.0
2001-08-13,48.41188430786133,0.0
2001-08-14,48.7360725402832,0.0
2001-08-15,48.51995086669922,0.0
2001-08-16,49.38444519042969,0.0
2001-08-17,48.62800598144531,0.0
2001-08-20,47.33125686645508,0.0
2001-08-21,47.43932342529297,0.0
2001-08-22,46.46676254272461,0.0
2001-08-23,46.25064086914063,0.0
2001-08-24,45.38614654541016,0.0
2001-08-27,46.03450775146485,0.0
2001-08-28,45.49420166015625,0.0
2001-08-29,46.35869598388672,0.0
2001-08-30,45.818389892578125,0.0
2001-08-31,48.95219421386719,0.0
2001-09-03,49.1683235168457,0.0
2001-09-04,48.41188430786133,0.0
2001-09-05,48.08769989013672,0.0
2001-09-06,47.97962951660156,0.0
2001-09-07,49.06026077270508,0.0
2001-09-10,49.38444519042969,0.0
2001-09-11,47.871578216552734,0.0
2001-09-12,47.871578216552734,0.0
2001-09-13,46.25064086914063,0.0
2001-09-14,46.682884216308594,0.0
2001-09-17,46.682884216308594,0.0
2001-09-18,46.682884216308594,0.0
2001-09-19,46.682884216308594,0.0
2001-09-20,46.79095077514648,0.0
2001-09-21,45.170013427734375,0.0
2001-09-24,45.170013427734375,0.0
2001-09-25,45.38614654541016,0.0
2001-09-26,46.899017333984375,0.0
2001-09-27,47.43932342529297,0.0
2001-09-28,47.43932342529297,0.0
2001-10-01,47.43932342529297,0.0
2001-10-02,47.54738998413086,0.0
2001-10-03,47.65544509887695,0.0
2001-10-04,48.08769989013672,0.0
2001-10-05,48.62800598144531,0.0
2001-10-08,47.54738998413086,0.0
2001-10-09,48.62800598144531,0.0
2001-10-10,48.62800598144531,0.0
2001-10-11,50.68119430541992,0.0
2001-10-12,49.60056686401367,0.0
2001-10-15,49.1683235168457,0.0
2001-10-16,50.57312774658203,0.0
2001-10-17,51.54568862915039,0.0
2001-10-18,50.89731597900391,0.0
2001-10-19,50.89731597900391,0.0
2001-10-22,50.57312774658203,0.0
2001-10-23,50.46506118774414,0.0
2001-10-24,50.68119430541992,0.0
2001-10-25,50.89731597900391,0.0
2001-10-26,50.789249420166016,0.0
2001-10-29,49.81669998168945,0.0
2001-10-30,49.38444519042969,0.0
2001-10-31,50.68119430541992,0.0
2001-11-01,50.35700607299805,0.0
2001-11-02,50.24893951416016,0.0
2001-11-05,50.03282165527344,0.0
2001-11-06,50.35700607299805,0.0
2001-11-07,50.35700607299805,0.0
2001-11-08,49.60056686401367,0.0
2001-11-09,49.60056686401367,0.0
2001-11-12,49.1683235168457,0.0
2001-11-13,48.30381774902344,0.0
2001-11-14,49.49251174926758,0.0
2001-11-15,52.41018295288086,0.0
2001-11-16,51.65374374389648,0.0
2001-11-19,51.32955551147461,0.0
2001-11-20,51.65374374389648,0.0
2001-11-21,52.41018295288086,0.0
2001-11-22,51.22150039672852,0.0
2001-11-23,51.869876861572266,0.0
2001-11-26,51.54568862915039,0.0
2001-11-27,50.57312774658203,0.0
2001-11-28,49.1683235168457,0.0
2001-11-29,49.81669998168945,0.0
2001-11-30,49.81669998168945,0.0
2001-12-03,51.97794342041016,0.0
2001-12-04,55.11173629760742,0.0
2001-12-05,57.81329727172852,0.0
2001-12-06,59.97454071044922,0.0
2001-12-07,59.43423461914063,0.0
2001-12-10,60.51485061645508,0.0
2001-12-11,57.81329727172852,0.0
2001-12-12,59.43423461914063,0.0
2001-12-13,57.27299118041992,0.0
2001-12-14,60.51485061645508,0.0
2001-12-17,60.51485061645508,0.0
2001-12-18,60.51485061645508,0.0
2001-12-19,58.353607177734375,0.0
2001-12-20,57.81329727172852,0.0
2001-12-21,54.57142639160156,0.0
2001-12-24,54.03112030029297,0.0
2001-12-25,55.65205764770508,0.0
2001-12-26,55.11173629760742,0.0
2001-12-27,56.19236373901367,0.0
2001-12-28,55.65205764770508,0.0
2001-12-31,56.19236373901367,0.0
2002-01-01,56.19236373901367,0.0
2002-01-02,56.732669830322266,0.0
2002-01-03,56.732669830322266,0.0
2002-01-04,56.19236373901367,0.0
2002-01-07,56.732669830322266,0.0
2002-01-08,55.65205764770508,0.0
2002-01-09,55.11173629760742,0.0
2002-01-10,54.57142639160156,0.0
2002-01-11,54.57142639160156,0.0
2002-01-14,53.70693206787109,0.0
2002-01-15,52.734371185302734,0.0
2002-01-16,53.1666259765625,0.0
2002-01-17,53.1666259765625,0.0
2002-01-18,53.49081039428711,0.0
2002-01-21,54.57142639160156,0.0
2002-01-22,54.57142639160156,0.0
2002-01-23,54.57142639160156,0.0
2002-01-24,54.57142639160156,0.0
2002-01-25,55.65205764770508,0.0
2002-01-28,55.11173629760742,0.0
2002-01-29,54.57142639160156,0.0
2002-01-30,54.03112030029297,0.0
2002-01-31,54.03112030029297,0.0
2002-02-01,55.65205764770508,0.0
2002-02-04,54.57142639160156,0.0
2002-02-05,54.57142639160156,0.0
2002-02-06,54.57142639160156,0.0
2002-02-07,54.57142639160156,0.0
2002-02-08,54.57142639160156,0.0
2002-02-11,54.57142639160156,0.0
2002-02-12,54.57142639160156,0.0
2002-02-13,54.57142639160156,0.0
2002-02-14,54.57142639160156,0.0
2002-02-15,54.57142639160156,0.0
2002-02-18,55.11173629760742,0.0
2002-02-19,54.57142639160156,0.0
2002-02-20,54.57142639160156,0.0
2002-02-21,54.03112030029297,0.0
2002-02-22,54.03112030029297,0.0
2002-02-25,54.03112030029297,0.0
2002-02-26,54.03112030029297,0.0
2002-02-27,53.81499862670898,0.0
2002-02-28,53.81499862670898,0.0
2002-03-01,53.81499862670898,0.0
2002-03-04,54.03112030029297,0.0
2002-03-05,54.03112030029297,0.0
2002-03-06,54.57142639160156,0.0
2002-03-07,54.03112030029297,0.0
2002-03-08,54.57142639160156,0.0
2002-03-11,54.57142639160156,0.0
2002-03-12,54.03112030029297,0.0
2002-03-13,54.57142639160156,0.0
2002-03-14,54.03112030029297,0.0
2002-03-15,54.03112030029297,0.0
2002-03-18,54.03112030029297,0.0
2002-03-19,54.57142639160156,0.0
2002-03-20,54.03112030029297,0.0
2002-03-21,54.03112030029297,0.0
2002-03-22,54.03112030029297,0.0
2002-03-25,54.03112030029297,0.0
2002-03-26,54.03112030029297,0.0
2002-03-27,55.65205764770508,0.0
2002-03-28,55.11173629760742,0.0
2002-03-29,54.57142639160156,0.0
2002-04-01,54.03112030029297,0.0
2002-04-02,54.57142639160156,0.0
2002-04-03,54.57142639160156,0.0
2002-04-04,54.03112030029297,0.0
2002-04-05,54.03112030029297,0.0
2002-04-08,54.03112030029297,0.0
2002-04-09,54.03112030029297,0.0
2002-04-10,54.57142639160156,0.0
2002-04-11,54.03112030029297,0.0
2002-04-12,54.03112030029297,0.0
2002-04-15,53.92306518554688,0.0
2002-04-16,53.92306518554688,0.0
2002-04-17,54.03112030029297,0.0
2002-04-18,54.03112030029297,0.0
2002-04-19,56.19236373901367,0.0
2002-04-22,56.19236373901367,0.0
2002-04-23,55.11173629760742,0.0
2002-04-24,55.65205764770508,0.0
2002-04-25,55.11173629760742,0.0
2002-04-26,55.11173629760742,0.0
2002-04-29,54.57142639160156,0.0
2002-04-30,55.65205764770508,0.0
2002-05-01,55.65205764770508,0.0
2002-05-02,56.732669830322266,0.0
2002-05-03,55.65205764770508,0.0
2002-05-06,54.57142639160156,0.0
2002-05-07,55.11173629760742,0.0
2002-05-08,56.19236373901367,0.0
2002-05-09,55.65205764770508,0.0
2002-05-10,55.65205764770508,0.0
2002-05-13,55.11173629760742,0.0
2002-05-14,55.65205764770508,0.0
2002-05-15,55.65205764770508,0.0
2002-05-16,55.11173629760742,0.0
2002-05-17,54.57142639160156,0.0
2002-05-20,54.03112030029297,0.0
2002-05-21,54.03112030029297,0.0
2002-05-22,54.57142639160156,0.0
2002-05-23,54.57142639160156,0.0
2002-05-24,55.11173629760742,0.0
2002-05-27,56.19236373901367,0.0
2002-05-28,55.11173629760742,0.0
2002-05-29,57.81329727172852,0.0
2002-05-30,58.89391326904297,0.0
2002-05-31,57.81329727172852,0.0
2002-06-03,57.27299118041992,0.0
2002-06-04,56.19236373901367,0.0
2002-06-05,56.732669830322266,0.0
2002-06-06,56.732669830322266,0.0
2002-06-07,57.27299118041992,0.0
2002-06-10,56.732669830322266,0.0
2002-06-11,56.732669830322266,0.0
2002-06-12,58.89391326904297,0.0
2002-06-13,59.43423461914063,0.0
2002-06-14,57.81329727172852,0.0
2002-06-17,57.81329727172852,0.0
2002-06-18,57.81329727172852,0.0
2002-06-19,57.27299118041992,0.0
2002-06-20,56.732669830322266,0.0
2002-06-21,57.27299118041992,0.0
2002-06-24,57.27299118041992,0.0
2002-06-25,58.89391326904297,0.0
2002-06-26,58.89391326904297,0.0
2002-06-27,59.43423461914063,0.0
2002-06-28,58.353607177734375,0.0
2002-07-01,57.27299118041992,0.0
2002-07-02,58.353607177734375,0.0
2002-07-03,58.89391326904297,0.0
2002-07-04,58.353607177734375,0.0
2002-07-05,57.81329727172852,0.0
2002-07-08,57.81329727172852,0.0
2002-07-09,59.43423461914063,0.0
2002-07-10,55.11173629760742,4.243604
2002-07-11,55.65205764770508,0.0
2002-07-12,55.65205764770508,0.0
2002-07-15,54.57142639160156,0.0
2002-07-16,53.38274765014648,0.0
2002-07-17,53.1666259765625,0.0
2002-07-18,53.27469253540039,0.0
2002-07-19,53.05855941772461,0.0
2002-07-22,53.70693206787109,0.0
2002-07-23,53.92306518554688,0.0
2002-07-24,53.598880767822266,0.0
2002-07-25,52.08599853515625,0.0
2002-07-26,50.68119430541992,0.0
2002-07-29,51.761810302734375,0.0
2002-07-30,51.65374374389648,0.0
2002-07-31,51.65374374389648,0.0
2002-08-01,51.22150039672852,0.0
2002-08-02,51.11343765258789,0.0
2002-08-05,50.14087677001953,0.0
2002-08-06,49.70863342285156,0.0
2002-08-07,49.60056686401367,0.0
2002-08-08,47.871578216552734,0.0
2002-08-09,48.08769989013672,0.0
2002-08-12,48.08769989013672,0.0
2002-08-13,48.08769989013672,0.0
2002-08-14,48.195762634277344,0.0
2002-08-15,48.08769989013672,0.0
2002-08-16,47.54738998413086,0.0
2002-08-19,47.54738998413086,0.0
2002-08-20,47.76351165771485,0.0
2002-08-21,47.76351165771485,0.0
2002-08-22,47.97962951660156,0.0
2002-08-23,47.97962951660156,0.0
2002-08-26,48.30381774902344,0.0
2002-08-27,48.30381774902344,0.0
2002-08-28,48.08769989013672,0.0
2002-08-29,47.76351165771485,0.0
2002-08-30,47.54738998413086,0.0
2002-09-02,47.0070686340332,0.0
2002-09-03,46.682884216308594,0.0
2002-09-04,47.76351165771485,0.0
2002-09-05,48.30381774902344,0.0
2002-09-06,48.30381774902344,0.0
2002-09-09,48.30381774902344,0.0
2002-09-10,48.84413909912109,0.0
2002-09-11,48.84413909912109,0.0
2002-09-12,48.41188430786133,0.0
2002-09-13,48.195762634277344,0.0
2002-09-16,47.65544509887695,0.0
2002-09-17,49.1683235168457,0.0
2002-09-18,48.95219421386719,0.0
2002-09-19,48.41188430786133,0.0
2002-09-20,49.60056686401367,0.0
2002-09-23,50.57312774658203,0.0
2002-09-24,51.869876861572266,0.0
2002-09-25,51.32955551147461,0.0
2002-09-26,50.789249420166016,0.0
2002-09-27,51.869876861572266,0.0
2002-09-30,51.22150039672852,0.0
2002-10-01,51.65374374389648,0.0
2002-10-02,51.0053825378418,0.0
2002-10-03,51.4376220703125,0.0
2002-10-04,51.869876861572266,0.0
2002-10-07,51.869876861572266,0.0
2002-10-08,51.54568862915039,0.0
2002-10-09,51.4376220703125,0.0
2002-10-10,51.4376220703125,0.0
2002-10-11,50.03282165527344,0.0
2002-10-14,49.38444519042969,0.0
2002-10-15,51.4376220703125,0.0
2002-10-16,50.35700607299805,0.0
2002-10-17,50.789249420166016,0.0
2002-10-18,50.89731597900391,0.0
2002-10-21,49.81669998168945,0.0
2002-10-22,50.57312774658203,0.0
2002-10-23,50.789249420166016,0.0
2002-10-24,51.54568862915039,0.0
2002-10-25,51.22150039672852,0.0
2002-10-28,53.1666259765625,0.0
2002-10-29,52.19406509399414,0.0
2002-10-30,51.761810302734375,0.0
2002-10-31,52.41018295288086,0.0
2002-11-01,53.70693206787109,0.0
2002-11-04,54.03112030029297,0.0
2002-11-05,53.92306518554688,0.0
2002-11-06,54.57142639160156,0.0
2002-11-07,54.03112030029297,0.0
2002-11-08,54.57142639160156,0.0
2002-11-11,54.03112030029297,0.0
2002-11-12,53.49081039428711,0.0
2002-11-13,52.51824951171875,0.0
2002-11-14,52.734371185302734,0.0
2002-11-15,53.05855941772461,0.0
2002-11-18,52.30213165283203,0.0
2002-11-19,52.95050430297852,0.0
2002-11-20,52.84243774414063,0.0
2002-11-21,52.95050430297852,0.0
2002-11-22,53.05855941772461,0.0
2002-11-25,52.84243774414063,0.0
2002-11-26,52.95050430297852,0.0
2002-11-27,53.49081039428711,0.0
2002-11-28,53.49081039428711,0.0
2002-11-29,53.38274765014648,0.0
2002-12-02,53.38274765014648,0.0
2002-12-03,53.1666259765625,0.0
2002-12-04,52.30213165283203,0.0
2002-12-05,52.62631607055664,0.0
2002-12-06,52.08599853515625,0.0
2002-12-09,51.97794342041016,0.0
2002-12-10,51.54568862915039,0.0
2002-12-11,51.761810302734375,0.0
2002-12-12,52.08599853515625,0.0
2002-12-13,52.30213165283203,0.0
2002-12-16,53.05855941772461,0.0
2002-12-17,53.27469253540039,0.0
2002-12-18,53.598880767822266,0.0
2002-12-19,54.03112030029297,0.0
2002-12-20,55.65205764770508,0.0
2002-12-23,55.65205764770508,0.0
2002-12-24,55.65205764770508,0.0
2002-12-25,55.11173629760742,0.0
2002-12-26,55.11173629760742,0.0
2002-12-27,54.57142639160156,0.0
2002-12-30,55.11173629760742,0.0
2002-12-31,55.65205764770508,0.0
2003-01-01,55.65205764770508,0.0
2003-01-02,55.11173629760742,0.0
2003-01-03,55.11173629760742,0.0
2003-01-06,54.57142639160156,0.0
2003-01-07,54.03112030029297,0.0
2003-01-08,56.732669830322266,0.0
2003-01-09,55.65205764770508,0.0
2003-01-10,55.11173629760742,0.0
2003-01-13,56.19236373901367,0.0
2003-01-14,55.65205764770508,0.0
2003-01-15,55.65205764770508,0.0
2003-01-16,56.732669830322266,0.0
2003-01-17,57.27299118041992,0.0
2003-01-20,57.81329727172852,0.0
2003-01-21,59.43423461914063,0.0
2003-01-22,60.51485061645508,0.0
2003-01-23,61.59547805786133,0.0
2003-01-24,61.59547805786133,0.0
2003-01-27,61.59547805786133,0.0
2003-01-28,61.59547805786133,0.0
2003-01-29,61.59547805786133,0.0
2003-01-30,61.59547805786133,0.0
2003-01-31,61.59547805786133,0.0
2003-02-03,61.59547805786133,0.0
2003-02-04,61.59547805786133,0.0
2003-02-05,61.59547805786133,0.0
2003-02-06,61.05516815185547,0.0
2003-02-07,62.67610549926758,0.0
2003-02-10,61.59547805786133,0.0
2003-02-11,59.43423461914063,0.0
2003-02-12,59.43423461914063,0.0
2003-02-13,57.81329727172852,0.0
2003-02-14,57.81329727172852,0.0
2003-02-17,58.353607177734375,0.0
2003-02-18,57.27299118041992,0.0
2003-02-19,57.27299118041992,0.0
2003-02-20,58.353607177734375,0.0
2003-02-21,57.27299118041992,0.0
2003-02-24,57.27299118041992,0.0
2003-02-25,56.19236373901367,0.0
2003-02-26,56.19236373901367,0.0
2003-02-27,56.732669830322266,0.0
2003-02-28,56.732669830322266,0.0
2003-03-03,56.732669830322266,0.0
2003-03-04,56.19236373901367,0.0
2003-03-05,56.19236373901367,0.0
2003-03-06,55.65205764770508,0.0
2003-03-07,56.19236373901367,0.0
2003-03-10,57.27299118041992,0.0
2003-03-11,57.27299118041992,0.0
2003-03-12,57.27299118041992,0.0
2003-03-13,56.19236373901367,0.0
2003-03-14,56.19236373901367,0.0
2003-03-17,55.65205764770508,0.0
2003-03-18,56.732669830322266,0.0
2003-03-19,56.732669830322266,0.0
2003-03-20,58.353607177734375,0.0
2003-03-21,58.353607177734375,0.0
2003-03-24,57.81329727172852,0.0
2003-03-25,57.81329727172852,0.0
2003-03-26,58.353607177734375,0.0
2003-03-27,58.353607177734375,0.0
2003-03-28,57.27299118041992,0.0
2003-03-31,58.353607177734375,0.0
2003-04-01,58.89391326904297,0.0
2003-04-02,58.353607177734375,0.0
2003-04-03,58.89391326904297,0.0
2003-04-04,58.353607177734375,0.0
2003-04-07,57.81329727172852,0.0
2003-04-08,57.27299118041992,0.0
2003-04-09,57.81329727172852,0.0
2003-04-10,56.732669830322266,0.0
2003-04-11,54.03112030029297,0.0
2003-04-14,54.57142639160156,0.0
2003-04-15,54.03112030029297,0.0
2003-04-16,54.57142639160156,0.0
2003-04-17,54.57142639160156,0.0
2003-04-18,54.03112030029297,0.0
2003-04-21,54.03112030029297,0.0
2003-04-22,54.03112030029297,0.0
2003-04-23,54.57142639160156,0.0
2003-04-24,54.57142639160156,0.0
2003-04-25,55.11173629760742,0.0
2003-04-28,55.11173629760742,0.0
2003-04-29,54.57142639160156,0.0
2003-04-30,55.65205764770508,0.0
2003-05-01,55.65205764770508,0.0
2003-05-02,55.65205764770508,0.0
2003-05-05,54.57142639160156,0.0
2003-05-06,54.57142639160156,0.0
2003-05-07,54.57142639160156,0.0
2003-05-08,54.03112030029297,0.0
2003-05-09,54.57142639160156,0.0
2003-05-12,54.57142639160156,0.0
2003-05-13,54.57142639160156,0.0
2003-05-14,54.03112030029297,0.0
2003-05-15,54.57142639160156,0.0
2003-05-16,54.03112030029297,0.0
2003-05-19,54.57142639160156,0.0
2003-05-20,54.03112030029297,0.0
2003-05-21,54.03112030029297,0.0
2003-05-22,54.03112030029297,0.0
2003-05-23,54.57142639160156,0.0
2003-05-26,54.57142639160156,0.0
2003-05-27,54.03112030029297,0.0
2003-05-28,53.92306518554688,0.0
2003-05-29,54.03112030029297,0.0
2003-05-30,53.81499862670898,0.0
2003-06-02,53.70693206787109,0.0
2003-06-03,53.81499862670898,0.0
2003-06-04,53.81499862670898,0.0
2003-06-05,53.92306518554688,0.0
2003-06-06,54.03112030029297,0.0
2003-06-09,54.57142639160156,0.0
2003-06-10,54.57142639160156,0.0
2003-06-11,55.11173629760742,0.0
2003-06-12,54.57142639160156,0.0
2003-06-13,54.57142639160156,0.0
2003-06-16,54.57142639160156,0.0
2003-06-17,56.19236373901367,0.0
2003-06-18,56.19236373901367,0.0
2003-06-19,56.19236373901367,0.0
2003-06-20,56.732669830322266,0.0
2003-06-23,57.27299118041992,0.0
2003-06-24,56.19236373901367,0.0
2003-06-25,55.65205764770508,0.0
2003-06-26,55.65205764770508,0.0
2003-06-27,55.65205764770508,0.0
2003-06-30,55.11173629760742,0.0
2003-07-01,56.19236373901367,0.0
2003-07-02,56.19236373901367,0.0
2003-07-03,56.19236373901367,0.0
2003-07-04,55.65205764770508,0.0
2003-07-07,55.65205764770508,0.0
2003-07-08,56.19236373901367,0.0
2003-07-09,56.19236373901367,0.0
2003-07-10,55.65205764770508,0.0
2003-07-11,55.11173629760742,0.0
2003-07-14,55.11173629760742,0.0
2003-07-15,55.11173629760742,0.0
2003-07-16,54.57142639160156,0.0
2003-07-17,54.03112030029297,0.0
2003-07-18,55.65205764770508,0.0
2003-07-21,55.11173629760742,0.0
2003-07-22,56.19236373901367,0.0
2003-07-23,56.19236373901367,0.0
2003-07-24,55.65205764770508,0.0
2003-07-25,55.65205764770508,0.0
2003-07-28,56.732669830322266,0.0
2003-07-29,56.732669830322266,0.0
2003-07-30,51.869876861572266,4.849833
2003-07-31,51.54568862915039,0.0
2003-08-01,50.789249420166016,0.0
2003-08-04,50.24893951416016,0.0
2003-08-05,49.70863342285156,0.0
2003-08-06,49.92475509643555,0.0
2003-08-07,50.35700607299805,0.0
2003-08-08,51.22150039672852,0.0
2003-08-11,51.22150039672852,0.0
2003-08-12,51.4376220703125,0.0
2003-08-13,52.19406509399414,0.0
2003-08-14,51.869876861572266,0.0
2003-08-15,51.54568862915039,0.0
2003-08-18,51.11343765258789,0.0
2003-08-19,51.32955551147461,0.0
2003-08-20,51.97794342041016,0.0
2003-08-21,52.41018295288086,0.0
2003-08-22,51.97794342041016,0.0
2003-08-25,51.54568862915039,0.0
2003-08-26,51.32955551147461,0.0
2003-08-27,52.41018295288086,0.0
2003-08-28,52.95050430297852,0.0
2003-08-29,52.84243774414063,0.0
2003-09-01,52.51824951171875,0.0
2003-09-02,52.51824951171875,0.0
2003-09-03,52.51824951171875,0.0
2003-09-04,52.19406509399414,0.0
2003-09-05,52.19406509399414,0.0
2003-09-08,52.08599853515625,0.0
2003-09-09,51.869876861572266,0.0
2003-09-10,51.32955551147461,0.0
2003-09-11,51.32955551147461,0.0
2003-09-12,51.54568862915039,0.0
2003-09-15,51.761810302734375,0.0
2003-09-16,52.19406509399414,0.0
2003-09-17,51.761810302734375,0.0
2003-09-18,51.761810302734375,0.0
2003-09-19,52.41018295288086,0.0
2003-09-22,52.08599853515625,0.0
2003-09-23,52.51824951171875,0.0
2003-09-24,52.41018295288086,0.0
2003-09-25,52.19406509399414,0.0
2003-09-26,52.08599853515625,0.0
2003-09-29,51.869876861572266,0.0
2003-09-30,51.761810302734375,0.0
2003-10-01,51.65374374389648,0.0
2003-10-02,51.761810302734375,0.0
2003-10-03,52.08599853515625,0.0
2003-10-06,51.97794342041016,0.0
2003-10-07,52.41018295288086,0.0
2003-10-08,52.734371185302734,0.0
2003-10-09,53.81499862670898,0.0
2003-10-10,53.81499862670898,0.0
2003-10-13,55.65205764770508,0.0
2003-10-14,56.19236373901367,0.0
2003-10-15,55.65205764770508,0.0
2003-10-16,56.19236373901367,0.0
2003-10-17,56.19236373901367,0.0
2003-10-20,55.65205764770508,0.0
2003-10-21,55.65205764770508,0.0
2003-10-22,55.65205764770508,0.0
2003-10-23,55.65205764770508,0.0
2003-10-24,56.19236373901367,0.0
2003-10-27,56.732669830322266,0.0
2003-10-28,56.732669830322266,0.0
2003-10-29,57.27299118041992,0.0
2003-10-30,58.353607177734375,0.0
2003-10-31,57.81329727172852,0.0
2003-11-03,56.732669830322266,0.0
2003-11-04,55.65205764770508,0.0
2003-11-05,56.19236373901367,0.0
2003-11-06,55.65205764770508,0.0
2003-11-07,55.65205764770508,0.0
2003-11-10,55.65205764770508,0.0
2003-11-11,56.19236373901367,0.0
2003-11-12,56.19236373901367,0.0
2003-11-13,56.19236373901367,0.0
2003-11-14,55.65205764770508,0.0
2003-11-17,54.57142639160156,0.0
2003-11-18,54.57142639160156,0.0
2003-11-19,54.57142639160156,0.0
2003-11-20,54.03112030029297,0.0
2003-11-21,53.598880767822266,0.0
2003-11-24,54.03112030029297,0.0
2003-11-25,54.03112030029297,0.0
2003-11-26,54.03112030029297,0.0
2003-11-27,53.598880767822266,0.0
2003-11-28,54.57142639160156,0.0
2003-12-01,54.03112030029297,0.0
2003-12-02,54.03112030029297,0.0
2003-12-03,53.92306518554688,0.0
2003-12-04,53.81499862670898,0.0
2003-12-05,53.1666259765625,0.0
2003-12-08,52.62631607055664,0.0
2003-12-09,51.869876861572266,0.0
2003-12-10,52.30213165283203,0.0
2003-12-11,52.41018295288086,0.0
2003-12-12,52.19406509399414,0.0
2003-12-15,52.95050430297852,0.0
2003-12-16,52.62631607055664,0.0
2003-12-17,52.08599853515625,0.0
2003-12-18,51.97794342041016,0.0
2003-12-19,52.51824951171875,0.0
2003-12-22,53.05855941772461,0.0
2003-12-23,52.95050430297852,0.0
2003-12-24,52.84243774414063,0.0
2003-12-25,52.84243774414063,0.0
2003-12-26,52.95050430297852,0.0
2003-12-29,52.95050430297852,0.0
2003-12-30,53.1666259765625,0.0
2003-12-31,53.27469253540039,0.0
2004-01-01,53.27469253540039,0.0
2004-01-02,54.57142639160156,0.0
2004-01-05,55.65205764770508,0.0
2004-01-06,56.19236373901367,0.0
2004-01-07,56.19236373901367,0.0
2004-01-08,55.11173629760742,0.0
2004-01-09,55.11173629760742,0.0
2004-01-12,55.11173629760742,0.0
2004-01-13,55.65205764770508,0.0
2004-01-14,56.19236373901367,0.0
2004-01-15,56.19236373901367,0.0
2004-01-16,56.19236373901367,0.0
2004-01-19,56.19236373901367,0.0
2004-01-20,56.19236373901367,0.0
2004-01-21,56.19236373901367,0.0
2004-01-22,56.19236373901367,0.0
2004-01-23,56.19236373901367,0.0
2004-01-26,56.19236373901367,0.0
2004-01-27,56.732669830322266,0.0
2004-01-28,56.732669830322266,0.0
2004-01-29,56.732669830322266,0.0
2004-01-30,57.27299118041992,0.0
2004-02-02,57.27299118041992,0.0
2004-02-03,57.27299118041992,0.0
2004-02-04,56.19236373901367,0.0
2004-02-05,56.19236373901367,0.0
2004-02-06,56.19236373901367,0.0
2004-02-09,57.81329727172852,0.0
2004-02-10,57.81329727172852,0.0
2004-02-11,57.27299118041992,0.0
2004-02-12,58.89391326904297,0.0
2004-02-13,58.89391326904297,0.0
2004-02-16,59.43423461914063,0.0
2004-02-17,58.89391326904297,0.0
2004-02-18,59.43423461914063,0.0
2004-02-19,58.89391326904297,0.0
2004-02-20,59.97454071044922,0.0
2004-02-23,59.97454071044922,0.0
2004-02-24,58.89391326904297,0.0
2004-02-25,59.97454071044922,0.0
2004-02-26,59.43423461914063,0.0
2004-02-27,58.89391326904297,0.0
2004-03-01,60.51485061645508,0.0
2004-03-02,61.05516815185547,0.0
2004-03-03,60.51485061645508,0.0
2004-03-04,63.21641159057617,0.0
2004-03-05,62.67610549926758,0.0
2004-03-08,63.75672149658203,0.0
2004-03-09,64.29702758789062,0.0
2004-03-10,63.21641159057617,0.0
2004-03-11,63.21641159057617,0.0
2004-03-12,62.67610549926758,0.0
2004-03-15,61.59547805786133,0.0
2004-03-16,61.05516815185547,0.0
2004-03-17,60.51485061645508,0.0
2004-03-18,62.67610549926758,0.0
2004-03-19,63.75672149658203,0.0
2004-03-22,59.43423461914063,0.0
2004-03-23,62.67610549926758,0.0
2004-03-24,61.59547805786133,0.0
2004-03-25,61.05516815185547,0.0
2004-03-26,60.51485061645508,0.0
2004-03-29,61.59547805786133,0.0
2004-03-30,61.05516815185547,0.0
2004-03-31,61.05516815185547,0.0
2004-04-01,61.05516815185547,0.0
2004-04-02,61.05516815185547,0.0
2004-04-05,61.59547805786133,0.0
2004-04-06,61.05516815185547,0.0
2004-04-07,61.59547805786133,0.0
2004-04-08,61.59547805786133,0.0
2004-04-09,61.59547805786133,0.0
2004-04-12,61.59547805786133,0.0
2004-04-13,61.05516815185547,0.0
2004-04-14,61.59547805786133,0.0
2004-04-15,61.05516815185547,0.0
2004-04-16,61.59547805786133,0.0
2004-04-19,62.13578414916992,0.0
2004-04-20,62.67610549926758,0.0
2004-04-21,60.51485061645508,0.0
2004-04-22,59.97454071044922,0.0
2004-04-23,60.51485061645508,0.0
2004-04-26,59.97454071044922,0.0
2004-04-27,60.51485061645508,0.0
2004-04-28,61.05516815185547,0.0
2004-04-29,60.51485061645508,0.0
2004-04-30,57.81329727172852,0.0
2004-05-03,58.89391326904297,0.0
2004-05-04,59.97454071044922,0.0
2004-05-05,57.81329727172852,0.0
2004-05-06,58.353607177734375,0.0
2004-05-07,59.97454071044922,0.0
2004-05-10,58.89391326904297,0.0
2004-05-11,58.89391326904297,0.0
2004-05-12,59.97454071044922,0.0
2004-05-13,61.05516815185547,0.0
2004-05-14,59.97454071044922,0.0
2004-05-17,58.89391326904297,0.0
2004-05-18,60.51485061645508,0.0
2004-05-19,60.51485061645508,0.0
2004-05-20,59.97454071044922,0.0
2004-05-21,59.43423461914063,0.0
2004-05-24,58.353607177734375,0.0
2004-05-25,58.89391326904297,0.0
2004-05-26,59.97454071044922,0.0
2004-05-27,58.89391326904297,0.0
2004-05-28,59.43423461914063,0.0
2004-05-31,58.353607177734375,0.0
2004-06-01,59.43423461914063,0.0
2004-06-02,59.43423461914063,0.0
2004-06-03,58.353607177734375,0.0
2004-06-04,59.97454071044922,0.0
2004-06-07,61.05516815185547,0.0
2004-06-08,61.05516815185547,0.0
2004-06-09,60.51485061645508,0.0
2004-06-10,59.43423461914063,0.0
2004-06-11,58.89391326904297,0.0
2004-06-14,59.43423461914063,0.0
2004-06-15,59.97454071044922,0.0
2004-06-16,59.97454071044922,0.0
2004-06-17,59.97454071044922,0.0
2004-06-18,59.97454071044922,0.0
2004-06-21,61.05516815185547,0.0
2004-06-22,61.05516815185547,0.0
2004-06-23,61.59547805786133,0.0
2004-06-24,62.13578414916992,0.0
2004-06-25,61.05516815185547,0.0
2004-06-28,61.59547805786133,0.0
2004-06-29,62.13578414916992,0.0
2004-06-30,62.67610549926758,0.0
2004-07-01,62.67610549926758,0.0
2004-07-02,62.13578414916992,0.0
2004-07-05,61.59547805786133,0.0
2004-07-06,62.67610549926758,0.0
2004-07-07,63.21641159057617,0.0
2004-07-08,62.13578414916992,0.0
2004-07-09,62.67610549926758,0.0
2004-07-12,62.67610549926758,0.0
2004-07-13,56.732669830322266,5.456063
2004-07-14,57.27299118041992,0.0
2004-07-15,57.27299118041992,0.0
2004-07-16,57.27299118041992,0.0
2004-07-19,58.353607177734375,0.0
2004-07-20,58.89391326904297,0.0
2004-07-21,57.81329727172852,0.0
2004-07-22,58.353607177734375,0.0
2004-07-23,57.81329727172852,0.0
2004-07-26,57.81329727172852,0.0
2004-07-27,57.81329727172852,0.0
2004-07-28,58.353607177734375,0.0
2004-07-29,57.81329727172852,0.0
2004-07-30,57.81329727172852,0.0
2004-08-02,57.81329727172852,0.0
2004-08-03,58.353607177734375,0.0
2004-08-04,58.353607177734375,0.0
2004-08-05,57.81329727172852,0.0
2004-08-06,57.27299118041992,0.0
2004-08-09,57.27299118041992,0.0
2004-08-10,57.27299118041992,0.0
2004-08-11,57.81329727172852,0.0
2004-08-12,57.81329727172852,0.0
2004-08-13,58.353607177734375,0.0
2004-08-16,58.353607177734375,0.0
2004-08-17,58.353607177734375,0.0
2004-08-18,58.353607177734375,0.0
2004-08-19,57.27299118041992,0.0
2004-08-20,57.27299118041992,0.0
2004-08-23,57.27299118041992,0.0
2004-08-24,57.27299118041992,0.0
2004-08-25,57.27299118041992,0.0
2004-08-26,57.81329727172852,0.0
2004-08-27,57.81329727172852,0.0
2004-08-30,58.353607177734375,0.0
2004-08-31,58.353607177734375,0.0
2004-09-01,58.89391326904297,0.0
2004-09-02,58.89391326904297,0.0
2004-09-03,58.353607177734375,0.0
2004-09-06,58.353607177734375,0.0
2004-09-07,57.81329727172852,0.0
2004-09-08,57.81329727172852,0.0
2004-09-09,57.81329727172852,0.0
2004-09-10,58.353607177734375,0.0
2004-09-13,58.353607177734375,0.0
2004-09-14,58.353607177734375,0.0
2004-09-15,58.353607177734375,0.0
2004-09-16,58.353607177734375,0.0
2004-09-17,58.89391326904297,0.0
2004-09-20,59.43423461914063,0.0
2004-09-21,61.05516815185547,0.0
2004-09-22,59.97454071044922,0.0
2004-09-23,59.97454071044922,0.0
2004-09-24,59.43423461914063,0.0
2004-09-27,59.97454071044922,0.0
2004-09-28,59.97454071044922,0.0
2004-09-29,59.97454071044922,0.0
2004-09-30,61.05516815185547,0.0
2004-10-01,61.59547805786133,0.0
2004-10-04,61.59547805786133,0.0
2004-10-05,61.05516815185547,0.0
2004-10-06,61.05516815185547,0.0
2004-10-07,61.05516815185547,0.0
2004-10-08,61.59547805786133,0.0
2004-10-11,62.13578414916992,0.0
2004-10-12,62.67610549926758,0.0
2004-10-13,61.59547805786133,0.0
2004-10-14,61.05516815185547,0.0
2004-10-15,60.51485061645508,0.0
2004-10-18,60.51485061645508,0.0
2004-10-19,60.51485061645508,0.0
2004-10-20,60.51485061645508,0.0
2004-10-21,62.13578414916992,0.0
2004-10-22,62.67610549926758,0.0
2004-10-25,62.67610549926758,0.0
2004-10-26,62.67610549926758,0.0
2004-10-27,62.13578414916992,0.0
2004-10-28,62.67610549926758,0.0
2004-10-29,62.67610549926758,0.0
2004-11-01,63.21641159057617,0.0
2004-11-02,63.75672149658203,0.0
2004-11-03,66.99858856201172,0.0
2004-11-04,66.45828247070312,0.0
2004-11-05,65.91796875,0.0
2004-11-08,66.45828247070312,0.0
2004-11-09,66.45828247070312,0.0
2004-11-10,66.99858856201172,0.0
2004-11-11,66.45828247070312,0.0
2004-11-12,65.37765502929688,0.0
2004-11-15,65.37765502929688,0.0
2004-11-16,64.83734893798828,0.0
2004-11-17,64.83734893798828,0.0
2004-11-18,64.83734893798828,0.0
2004-11-19,64.83734893798828,0.0
2004-11-22,64.29702758789062,0.0
2004-11-23,64.83734893798828,0.0
2004-11-24,66.99858856201172,0.0
2004-11-25,66.45828247070312,0.0
2004-11-26,66.99858856201172,0.0
2004-11-29,67.53890228271484,0.0
2004-11-30,69.15983581542969,0.0
2004-12-01,68.07920837402344,0.0
2004-12-02,69.15983581542969,0.0
2004-12-03,68.61951446533203,0.0
2004-12-06,68.61951446533203,0.0
2004-12-07,68.61951446533203,0.0
2004-12-08,67.53890228271484,0.0
2004-12-09,68.07920837402344,0.0
2004-12-10,68.61951446533203,0.0
2004-12-13,68.07920837402344,0.0
2004-12-14,68.07920837402344,0.0
2004-12-15,67.53890228271484,0.0
2004-12-16,66.99858856201172,0.0
2004-12-17,66.45828247070312,0.0
2004-12-20,66.45828247070312,0.0
2004-12-21,65.91796875,0.0
2004-12-22,66.99858856201172,0.0
2004-12-23,67.53890228271484,0.0
2004-12-24,67.53890228271484,0.0
2004-12-27,66.99858856201172,0.0
2004-12-28,68.07920837402344,0.0
2004-12-29,67.53890228271484,0.0
2004-12-30,68.07920837402344,0.0
2004-12-31,67.53890228271484,0.0
2005-01-03,67.53890228271484,0.0
2005-01-04,68.07920837402344,0.0
2005-01-05,68.07920837402344,0.0
2005-01-06,68.07920837402344,0.0
2005-01-07,68.61951446533203,0.0
2005-01-10,69.70014190673828,0.0
2005-01-11,70.78076934814453,0.0
2005-01-12,69.70014190673828,0.0
2005-01-13,68.61951446533203,0.0
2005-01-14,68.61951446533203,0.0
2005-01-17,68.07920837402344,0.0
2005-01-18,68.61951446533203,0.0
2005-01-19,68.61951446533203,0.0
2005-01-20,69.15983581542969,0.0
2005-01-21,68.07920837402344,0.0
2005-01-24,68.61951446533203,0.0
2005-01-25,69.15983581542969,0.0
2005-01-26,70.78076934814453,0.0
2005-01-27,70.24044799804688,0.0
2005-01-28,70.78076934814453,0.0
2005-01-31,69.15983581542969,0.0
2005-02-01,68.61951446533203,0.0
2005-02-02,68.07920837402344,0.0
2005-02-03,68.07920837402344,0.0
2005-02-04,68.07920837402344,0.0
2005-02-07,68.07920837402344,0.0
2005-02-08,68.07920837402344,0.0
2005-02-09,68.07920837402344,0.0
2005-02-10,68.07920837402344,0.0
2005-02-11,68.07920837402344,0.0
2005-02-14,69.70014190673828,0.0
2005-02-15,68.61951446533203,0.0
2005-02-16,69.15983581542969,0.0
2005-02-17,68.61951446533203,0.0
2005-02-18,68.07920837402344,0.0
2005-02-21,68.07920837402344,0.0
2005-02-22,68.07920837402344,0.0
2005-02-23,68.61951446533203,0.0
2005-02-24,69.70014190673828,0.0
2005-02-25,69.15983581542969,0.0
2005-02-28,69.15983581542969,0.0
2005-03-01,68.40339660644531,0.0
2005-03-02,69.26789093017578,0.0
2005-03-03,69.59208679199219,0.0
2005-03-04,69.80821228027344,0.0
2005-03-07,69.05176544189453,0.0
2005-03-08,68.9437026977539,0.0
2005-03-09,69.3759536743164,0.0
2005-03-10,69.26789093017578,0.0
2005-03-11,68.83564758300781,0.0
2005-03-14,68.61951446533203,0.0
2005-03-15,68.51145935058594,0.0
2005-03-16,68.9437026977539,0.0
2005-03-17,68.29532623291016,0.0
2005-03-18,69.70014190673828,0.0
2005-03-21,69.26789093017578,0.0
2005-03-22,69.26789093017578,0.0
2005-03-23,69.80821228027344,0.0
2005-03-24,69.26789093017578,0.0
2005-03-25,69.70014190673828,0.0
2005-03-28,69.48402404785156,0.0
2005-03-29,69.70014190673828,0.0
2005-03-30,70.34851837158203,0.0
2005-03-31,70.45658111572266,0.0
2005-04-01,69.80821228027344,0.0
2005-04-04,69.80821228027344,0.0
2005-04-05,69.80821228027344,0.0
2005-04-06,70.02433013916016,0.0
2005-04-07,69.70014190673828,0.0
2005-04-08,70.56463623046875,0.0
2005-04-11,69.70014190673828,0.0
2005-04-12,69.15983581542969,0.0
2005-04-13,68.72758483886719,0.0
2005-04-14,68.83564758300781,0.0
2005-04-15,67.53890228271484,0.0
2005-04-18,66.45828247070312,0.0
2005-04-19,66.99858856201172,0.0
2005-04-20,66.56633758544922,0.0
2005-04-21,66.56633758544922,0.0
2005-04-22,65.70184326171875,0.0
2005-04-25,65.8099136352539,0.0
2005-04-26,66.8905258178711,0.0
2005-04-27,66.02603149414062,0.0
2005-04-28,65.91796875,0.0
2005-04-29,66.45828247070312,0.0
2005-05-02,66.45828247070312,0.0
2005-05-03,65.59378051757812,0.0
2005-05-04,65.59378051757812,0.0
2005-05-05,65.91796875,0.0
2005-05-06,65.8099136352539,0.0
2005-05-09,65.91796875,0.0
2005-05-10,65.91796875,0.0
2005-05-11,66.13409423828125,0.0
2005-05-12,66.3502197265625,0.0
2005-05-13,66.56633758544922,0.0
2005-05-16,66.24214935302734,0.0
2005-05-17,65.59378051757812,0.0
2005-05-18,64.83734893798828,0.0
2005-05-19,65.91796875,0.0
2005-05-20,65.91796875,0.0
2005-05-23,65.053466796875,0.0
2005-05-24,63.75672149658203,0.0
2005-05-25,63.972843170166016,0.0
2005-05-26,65.59378051757812,0.0
2005-05-27,65.70184326171875,0.0
2005-05-30,66.24214935302734,0.0
2005-05-31,66.782470703125,0.0
2005-06-01,66.782470703125,0.0
2005-06-02,67.75502014160156,0.0
2005-06-03,68.29532623291016,0.0
2005-06-06,68.07920837402344,0.0
2005-06-07,68.07920837402344,0.0
2005-06-08,68.29532623291016,0.0
2005-06-09,68.07920837402344,0.0
2005-06-10,68.40339660644531,0.0
2005-06-13,68.61951446533203,0.0
2005-06-14,68.18727111816406,0.0
2005-06-15,68.72758483886719,0.0
2005-06-16,69.59208679199219,0.0
2005-06-17,69.70014190673828,0.0
2005-06-20,68.83564758300781,0.0
2005-06-21,68.83564758300781,0.0
2005-06-22,69.91627502441406,0.0
2005-06-23,69.80821228027344,0.0
2005-06-24,69.3759536743164,0.0
2005-06-27,69.48402404785156,0.0
2005-06-28,69.48402404785156,0.0
2005-06-29,64.83734893798828,0.0
2005-06-30,69.3759536743164,0.0
2005-07-01,70.24044799804688,0.0
2005-07-04,70.78076934814453,0.0
2005-07-05,70.6727066040039,0.0
2005-07-06,70.13240051269531,0.0
2005-07-07,68.51145935058594,0.0
2005-07-08,68.61951446533203,0.0
2005-07-11,69.15983581542969,0.0
2005-07-12,69.15983581542969,0.0
2005-07-13,70.13240051269531,0.0
2005-07-14,70.24044799804688,0.0
2005-07-15,69.15983581542969,0.0
2005-07-18,69.15983581542969,0.0
2005-07-19,69.59208679199219,0.0
2005-07-20,70.24044799804688,0.0
2005-07-21,69.15983581542969,0.0
2005-07-22,70.24044799804688,0.0
2005-07-25,70.99689483642578,0.0
2005-07-26,71.2130126953125,0.0
2005-07-27,71.32107543945312,0.0
2005-07-28,70.24044799804688,0.0
2005-07-29,70.24044799804688,0.0
2005-08-01,70.6727066040039,0.0
2005-08-02,71.32107543945312,0.0
2005-08-03,71.2130126953125,0.0
2005-08-04,68.51145935058594,0.0
2005-08-05,68.51145935058594,0.0
2005-08-08,66.45828247070312,0.0
2005-08-09,65.91796875,0.0
2005-08-10,67.53890228271484,0.0
2005-08-11,63.75672149658203,5.698554
2005-08-12,64.18897247314453,0.0
2005-08-15,64.18897247314453,0.0
2005-08-16,63.75672149658203,0.0
2005-08-17,64.29702758789062,0.0
2005-08-18,64.18897247314453,0.0
2005-08-19,63.972843170166016,0.0
2005-08-22,63.75672149658203,0.0
2005-08-23,63.324466705322266,0.0
2005-08-24,62.13578414916992,0.0
2005-08-25,62.56803894042969,0.0
2005-08-26,63.324466705322266,0.0
2005-08-29,63.324466705322266,0.0
2005-08-30,63.86478805541992,0.0
2005-08-31,65.91796875,0.0
2005-09-01,65.91796875,0.0
2005-09-02,64.5131607055664,0.0
2005-09-05,63.43253326416016,0.0
2005-09-06,63.21641159057617,0.0
2005-09-07,63.21641159057617,0.0
2005-09-08,63.64865493774414,0.0
2005-09-09,63.43253326416016,0.0
2005-09-12,63.64865493774414,0.0
2005-09-13,63.43253326416016,0.0
2005-09-14,63.43253326416016,0.0
2005-09-15,63.10834884643555,0.0
2005-09-16,62.56803894042969,0.0
2005-09-19,62.02773284912109,0.0
2005-09-20,62.13578414916992,0.0
2005-09-21,61.70354461669922,0.0
2005-09-22,61.05516815185547,0.0
2005-09-23,61.27128982543945,0.0
2005-09-26,62.24385070800781,0.0
2005-09-27,62.89222717285156,0.0
2005-09-28,62.67610549926758,0.0
2005-09-29,70.44383239746094,0.0
2005-09-30,70.32258605957031,0.0
2005-10-03,70.44383239746094,0.0
2005-10-04,70.32258605957031,0.0
2005-10-05,70.08009338378906,0.0
2005-10-06,69.47386169433594,0.0
2005-10-07,69.11012268066406,0.0
2005-10-10,61.59547805786133,0.0
2005-10-11,69.23136901855469,0.0
2005-10-12,68.50389862060547,0.0
2005-10-13,68.1401596069336,0.0
2005-10-14,68.26140594482422,0.0
2005-10-17,68.50389862060547,0.0
2005-10-18,68.38265228271484,0.0
2005-10-19,68.26140594482422,0.0
2005-10-20,68.26140594482422,0.0
2005-10-21,68.26140594482422,0.0
2005-10-24,68.01891326904297,0.0
2005-10-25,68.26140594482422,0.0
2005-10-26,69.11012268066406,0.0
2005-10-27,69.71635437011719,0.0
2005-10-28,68.86763000488281,0.0
2005-10-31,68.86763000488281,0.0
2005-11-01,69.83760070800781,0.0
2005-11-02,70.32258605957031,0.0
2005-11-03,69.95884704589844,0.0
2005-11-04,69.95884704589844,0.0
2005-11-07,69.83760070800781,0.0
2005-11-08,70.20133972167969,0.0
2005-11-09,70.44383239746094,0.0
2005-11-10,69.71635437011719,0.0
2005-11-11,70.20133972167969,0.0
2005-11-14,69.83760070800781,0.0
2005-11-15,68.86763000488281,0.0
2005-11-16,68.86763000488281,0.0
2005-11-17,69.35261535644531,0.0
2005-11-18,69.71635437011719,0.0
2005-11-21,68.6251449584961,0.0
2005-11-22,69.35261535644531,0.0
2005-11-23,69.71635437011719,0.0
2005-11-24,69.11012268066406,0.0
2005-11-25,68.50389862060547,0.0
2005-11-28,68.98887634277344,0.0
2005-11-29,68.50389862060547,0.0
2005-11-30,69.11012268066406,0.0
2005-12-01,69.59510803222656,0.0
2005-12-02,69.23136901855469,0.0
2005-12-05,69.71635437011719,0.0
2005-12-06,69.23136901855469,0.0
2005-12-07,69.47386169433594,0.0
2005-12-08,69.11012268066406,0.0
2005-12-09,69.35261535644531,0.0
2005-12-12,69.35261535644531,0.0
2005-12-13,69.23136901855469,0.0
2005-12-14,69.35261535644531,0.0
2005-12-15,69.47386169433594,0.0
2005-12-16,69.59510803222656,0.0
2005-12-19,69.59510803222656,0.0
2005-12-20,69.11012268066406,0.0
2005-12-21,69.23136901855469,0.0
2005-12-22,61.16318893432617,0.0
2005-12-23,68.74638366699219,0.0
2005-12-26,61.27128982543945,0.0
2005-12-27,69.11012268066406,0.0
2005-12-28,68.74638366699219,0.0
2005-12-29,68.86763000488281,0.0
2005-12-30,68.86763000488281,0.0
2006-01-02,68.6251449584961,0.0
2006-01-03,68.98887634277344,0.0
2006-01-04,69.59510803222656,0.0
2006-01-05,69.71635437011719,0.0
2006-01-06,69.71635437011719,0.0
2006-01-09,69.83760070800781,0.0
2006-01-10,69.83760070800781,0.0
2006-01-11,70.80756378173828,0.0
2006-01-12,70.32258605957031,0.0
2006-01-13,69.83760070800781,0.0
2006-01-16,69.23136901855469,0.0
2006-01-17,68.98887634277344,0.0
2006-01-18,68.38265228271484,0.0
2006-01-19,68.26140594482422,0.0
2006-01-20,68.01891326904297,0.0
2006-01-23,67.6551742553711,0.0
2006-01-24,68.38265228271484,0.0
2006-01-25,68.38265228271484,0.0
2006-02-03,67.29143524169922,0.0
2006-02-06,67.77642059326172,0.0
2006-02-07,68.01891326904297,0.0
2006-02-08,66.80645751953125,0.0
2006-02-09,66.92769622802734,0.0
2006-02-10,68.86763000488281,0.0
2006-02-13,69.47386169433594,0.0
2006-02-14,70.08009338378906,0.0
2006-02-15,70.9288101196289,0.0
2006-02-16,71.65628814697266,0.0
2006-02-17,71.65628814697266,0.0
2006-02-20,71.29254913330078,0.0
2006-02-21,70.9288101196289,0.0
2006-02-22,71.05005645751953,0.0
2006-02-23,72.38375854492188,0.0
2006-02-24,71.77753448486328,0.0
2006-02-27,71.8987808227539,0.0
2006-03-01,71.77753448486328,0.0
2006-03-02,71.29254913330078,0.0
2006-03-03,71.77753448486328,0.0
2006-03-06,71.65628814697266,0.0
2006-03-07,71.53504180908203,0.0
2006-03-08,71.77753448486328,0.0
2006-03-09,71.8987808227539,0.0
2006-03-10,71.8987808227539,0.0
2006-03-13,72.02002716064453,0.0
2006-03-14,71.8987808227539,0.0
2006-03-15,72.38375854492188,0.0
2006-03-16,72.74749755859375,0.0
2006-03-17,72.74749755859375,0.0
2006-03-20,72.989990234375,0.0
2006-03-21,73.35372924804688,0.0
2006-03-22,72.989990234375,0.0
2006-03-23,73.35372924804688,0.0
2006-03-24,73.71746826171875,0.0
2006-03-27,73.59622192382812,0.0
2006-03-28,73.9599609375,0.0
2006-03-29,74.32369232177734,0.0
2006-03-30,73.83871459960938,0.0
2006-03-31,74.20245361328125,0.0
2006-04-03,73.83871459960938,0.0
2006-04-04,72.62625122070312,0.0
2006-04-06,72.74749755859375,0.0
2006-04-07,72.14127349853516,0.0
2006-04-10,72.14127349853516,0.0
2006-04-11,72.62625122070312,0.0
2006-04-12,72.74749755859375,0.0
2006-04-13,72.74749755859375,0.0
2006-04-14,72.62625122070312,0.0
2006-04-17,73.11123657226562,0.0
2006-04-18,73.9599609375,0.0
2006-04-19,74.44493865966797,0.0
2006-04-20,74.32369232177734,0.0
2006-04-21,73.23248291015625,0.0
2006-04-24,73.35372924804688,0.0
2006-04-25,73.35372924804688,0.0
2006-04-26,73.71746826171875,0.0
2006-04-27,73.83871459960938,0.0
2006-04-28,74.32369232177734,0.0
2006-05-02,74.44493865966797,0.0
2006-05-03,74.32369232177734,0.0
2006-05-04,74.80867767333984,0.0
2006-05-05,74.44493865966797,0.0
2006-05-08,74.80867767333984,0.0
2006-05-09,74.20245361328125,0.0
2006-05-10,74.20245361328125,0.0
2006-05-11,74.32369232177734,0.0
2006-05-12,73.9599609375,0.0
2006-05-15,74.32369232177734,0.0
2006-05-16,73.71746826171875,0.0
2006-05-17,73.9599609375,0.0
2006-05-18,65.59375,0.0
2006-05-19,65.91796875,0.0
2006-05-22,73.9599609375,0.0
2006-05-23,75.17241668701172,0.0
2006-05-24,74.44493865966797,0.0
2006-05-25,73.23248291015625,0.0
2006-05-26,74.80867767333984,0.0
2006-05-29,65.37765502929688,0.0
2006-05-30,73.35372924804688,0.0
2006-06-01,73.59622192382812,0.0
2006-06-02,73.59622192382812,0.0
2006-06-05,72.989990234375,0.0
2006-06-06,72.5050048828125,0.0
2006-06-07,73.23248291015625,0.0
2006-06-08,71.77753448486328,0.0
2006-06-09,73.11123657226562,0.0
2006-06-12,72.86874389648438,0.0
2006-06-13,72.74749755859375,0.0
2006-06-14,72.5050048828125,0.0
2006-06-15,71.77753448486328,0.0
2006-06-16,71.05005645751953,0.0
2006-06-19,72.02002716064453,0.0
2006-06-20,71.4137954711914,0.0
2006-06-21,71.29254913330078,0.0
2006-06-22,71.4137954711914,0.0
2006-06-23,71.05005645751953,0.0
2006-06-26,71.05005645751953,0.0
2006-06-27,71.65628814697266,0.0
2006-06-28,71.8987808227539,0.0
2006-06-29,71.05005645751953,0.0
2006-06-30,70.9288101196289,0.0
2006-07-03,71.77753448486328,0.0
2006-07-04,72.02002716064453,0.0
2006-07-05,71.53504180908203,0.0
2006-07-06,73.35372924804688,0.0
2006-07-07,71.65628814697266,0.0
2006-07-10,72.02002716064453,0.0
2006-07-11,72.5050048828125,0.0
2006-07-12,71.53504180908203,0.0
2006-07-13,70.9288101196289,0.0
2006-07-14,70.08009338378906,0.0
2006-07-17,69.59510803222656,0.0
2006-07-18,69.59510803222656,0.0
2006-07-19,70.08009338378906,0.0
2006-07-20,70.08009338378906,0.0
2006-07-21,70.32258605957031,0.0
2006-07-24,70.44383239746094,0.0
2006-07-25,70.68631744384766,0.0
2006-07-26,63.21641159057617,0.0
2006-07-27,65.16153717041016,0.0
2006-07-28,73.9599609375,0.0
2006-07-31,73.11123657226562,0.0
2006-08-01,73.23248291015625,0.0
2006-08-02,73.35372924804688,0.0
2006-08-03,72.74749755859375,0.0
2006-08-04,72.74749755859375,0.0
2006-08-07,72.14127349853516,0.0
2006-08-08,72.989990234375,0.0
2006-08-09,73.83871459960938,0.0
2006-08-10,68.26625061035156,5.213571
2006-08-11,68.01891326904297,0.0
2006-08-14,67.40055847167969,0.0
2006-08-15,67.52423095703125,0.0
2006-08-16,67.27688598632812,0.0
2006-08-17,66.90587615966797,0.0
2006-08-18,66.65853118896484,0.0
2006-08-21,66.41119384765625,0.0
2006-08-22,67.02954864501953,0.0
2006-08-23,67.02954864501953,0.0
2006-08-24,67.02954864501953,0.0
2006-08-25,66.90587615966797,0.0
2006-08-28,66.53486633300781,0.0
2006-08-29,66.41119384765625,0.0
2006-08-30,66.90587615966797,0.0
2006-08-31,66.7822036743164,0.0
2006-09-01,67.40055847167969,0.0
2006-09-04,67.40055847167969,0.0
2006-09-05,67.15321350097656,0.0
2006-09-06,66.90587615966797,0.0
2006-09-07,67.15321350097656,0.0
2006-09-08,66.90587615966797,0.0
2006-09-11,66.90587615966797,0.0
2006-09-12,66.90587615966797,0.0
2006-09-13,67.52423095703125,0.0
2006-09-14,67.27688598632812,0.0
2006-09-15,67.40055847167969,0.0
2006-09-18,67.40055847167969,0.0
2006-09-19,68.01891326904297,0.0
2006-09-20,67.77156829833984,0.0
2006-09-21,67.64790344238281,0.0
2006-09-22,67.8952407836914,0.0
2006-09-25,67.77156829833984,0.0
2006-09-26,67.77156829833984,0.0
2006-09-27,67.52423095703125,0.0
2006-09-28,66.41119384765625,0.0
2006-09-29,67.8952407836914,0.0
2006-10-02,68.01891326904297,0.0
2006-10-03,67.64790344238281,0.0
2006-10-04,68.26625061035156,0.0
2006-10-05,70.24498748779297,0.0
2006-10-09,63.859073638916016,0.0
2006-10-11,69.25562286376953,0.0
2006-10-12,69.0082778930664,0.0
2006-10-13,69.50296020507812,0.0
2006-10-16,69.75030517578125,0.0
2006-10-17,69.75030517578125,0.0
2006-10-18,69.50296020507812,0.0
2006-10-19,69.25562286376953,0.0
2006-10-20,70.49232482910156,0.0
2006-10-23,70.36865997314453,0.0
2006-10-24,71.11067962646484,0.0
2006-10-25,71.72903442382812,0.0
2006-10-26,64.53364562988281,0.0
2006-10-27,70.61599731445312,0.0
2006-10-30,69.62663269042969,0.0
2006-10-31,70.49232482910156,0.0
2006-11-01,70.49232482910156,0.0
2006-11-02,71.2343521118164,0.0
2006-11-03,71.60536193847656,0.0
2006-11-06,71.35802459716797,0.0
2006-11-07,71.35802459716797,0.0
2006-11-08,71.2343521118164,0.0
2006-11-09,70.36865997314453,0.0
2006-11-10,70.36865997314453,0.0
2006-11-13,70.36865997314453,0.0
2006-11-14,70.98700714111328,0.0
2006-11-15,71.72903442382812,0.0
2006-11-16,72.96574401855469,0.0
2006-11-17,73.4604263305664,0.0
2006-11-20,72.22371673583984,0.0
2006-11-21,72.84207153320312,0.0
2006-11-22,72.3473892211914,0.0
2006-11-23,72.47106170654297,0.0
2006-11-24,71.85270690917969,0.0
2006-11-27,71.72903442382812,0.0
2006-11-28,71.481689453125,0.0
2006-11-29,71.35802459716797,0.0
2006-11-30,72.71839904785156,0.0
2006-12-01,73.58409881591797,0.0
2006-12-04,73.21308135986328,0.0
2006-12-05,73.95510864257812,0.0
2006-12-06,74.32611846923828,0.0
2006-12-07,74.44979095458984,0.0
2006-12-08,74.32611846923828,0.0
2006-12-11,74.69713592529297,0.0
2006-12-12,74.20245361328125,0.0
2006-12-13,74.5734634399414,0.0
2006-12-14,74.07878112792969,0.0
2006-12-15,74.44979095458984,0.0
2006-12-18,74.69713592529297,0.0
2006-12-19,74.69713592529297,0.0
2006-12-20,74.69713592529297,0.0
2006-12-21,74.20245361328125,0.0
2006-12-22,73.58409881591797,0.0
2006-12-25,73.4604263305664,0.0
2006-12-26,74.20245361328125,0.0
2006-12-27,74.20245361328125,0.0
2006-12-28,74.32611846923828,0.0
2006-12-29,74.94447326660156,0.0
2007-01-02,75.31549072265625,0.0
2007-01-03,74.82080078125,0.0
2007-01-04,75.19181823730469,0.0
2007-01-05,74.20245361328125,0.0
2007-01-08,73.707763671875,0.0
2007-01-09,74.69713592529297,0.0
2007-01-10,73.95510864257812,0.0
2007-01-11,73.707763671875,0.0
2007-01-12,74.82080078125,0.0
2007-01-15,74.44979095458984,0.0
2007-01-16,74.44979095458984,0.0
2007-01-17,75.56282806396484,0.0
2007-01-18,75.56282806396484,0.0
2007-01-19,74.69713592529297,0.0
2007-01-22,75.43915557861328,0.0
2007-01-23,75.31549072265625,0.0
2007-01-24,75.933837890625,0.0
2007-01-25,76.18118286132812,0.0
2007-01-26,76.92320251464844,0.0
2007-01-29,77.9125747680664,0.0
2007-01-30,77.41789245605469,0.0
2007-01-31,78.159912109375,0.0
2007-02-01,78.28358459472656,0.0
2007-02-02,79.27294921875,0.0
2007-02-05,79.14927673339844,0.0
2007-02-06,79.39662170410156,0.0
2007-02-07,78.77826690673828,0.0
2007-02-08,78.90193939208984,0.0
2007-02-09,79.27294921875,0.0
2007-02-12,77.17054748535156,0.0
2007-02-13,78.159912109375,0.0
2007-02-14,79.0256118774414,0.0
2007-02-26,78.40725708007812,0.0
2007-02-27,76.7995376586914,0.0
2007-03-01,68.356201171875,0.0
2007-03-02,75.43915557861328,0.0
2007-03-05,75.56282806396484,0.0
2007-03-06,75.6865005493164,0.0
2007-03-07,76.18118286132812,0.0
2007-03-08,77.046875,0.0
2007-03-09,76.18118286132812,0.0
2007-03-12,76.67586517333984,0.0
2007-03-13,76.7995376586914,0.0
2007-03-14,76.30485534667969,0.0
2007-03-15,76.67586517333984,0.0
2007-03-16,77.29421997070312,0.0
2007-03-19,76.67586517333984,0.0
2007-03-20,76.30485534667969,0.0
2007-03-21,77.54155731201172,0.0
2007-03-22,78.65459442138672,0.0
2007-03-23,79.27294921875,0.0
2007-03-26,79.0256118774414,0.0
2007-03-27,78.90193939208984,0.0
2007-03-28,77.78890228271484,0.0
2007-03-29,78.77826690673828,0.0
2007-03-30,79.27294921875,0.0
2007-04-02,78.40725708007812,0.0
2007-04-03,78.90193939208984,0.0
2007-04-04,79.52029418945312,0.0
2007-04-09,78.90193939208984,0.0
2007-04-10,80.63333129882812,0.0
2007-04-11,79.64396667480469,0.0
2007-04-12,79.27294921875,0.0
2007-04-13,79.14927673339844,0.0
2007-04-16,80.385986328125,0.0
2007-04-17,80.26231384277344,0.0
2007-04-18,80.1386489868164,0.0
2007-04-19,78.77826690673828,0.0
2007-04-20,79.14927673339844,0.0
2007-04-23,79.89130401611328,0.0
2007-04-24,79.89130401611328,0.0
2007-04-25,78.90193939208984,0.0
2007-04-26,78.03623962402344,0.0
2007-04-27,78.28358459472656,0.0
2007-04-30,78.03623962402344,0.0
2007-05-02,77.78890228271484,0.0
2007-05-03,78.28358459472656,0.0
2007-05-04,78.28358459472656,0.0
2007-05-07,77.9125747680664,0.0
2007-05-08,77.9125747680664,0.0
2007-05-09,78.90193939208984,0.0
2007-05-10,78.65459442138672,0.0
2007-05-11,78.159912109375,0.0
2007-05-14,78.28358459472656,0.0
2007-05-15,78.53092956542969,0.0
2007-05-16,78.53092956542969,0.0
2007-05-17,78.65459442138672,0.0
2007-05-18,78.28358459472656,0.0
2007-05-21,77.78890228271484,0.0
2007-05-22,77.9125747680664,0.0
2007-05-23,78.03623962402344,0.0
2007-05-24,77.66522979736328,0.0
2007-05-25,77.17054748535156,0.0
2007-05-28,77.29421997070312,0.0
2007-05-29,77.41789245605469,0.0
2007-05-30,77.54155731201172,0.0
2007-05-31,76.67586517333984,0.0
2007-06-01,77.29421997070312,0.0
2007-06-04,77.29421997070312,0.0
2007-06-05,76.92320251464844,0.0
2007-06-06,76.92320251464844,0.0
2007-06-07,76.92320251464844,0.0
2007-06-08,76.55219268798828,0.0
2007-06-11,76.55219268798828,0.0
2007-06-12,76.05751037597656,0.0
2007-06-13,76.67586517333984,0.0
2007-06-14,76.55219268798828,0.0
2007-06-15,77.41789245605469,0.0
2007-06-20,77.41789245605469,0.0
2007-06-21,78.03623962402344,0.0
2007-06-22,77.41789245605469,0.0
2007-06-25,77.41789245605469,0.0
2007-06-26,77.17054748535156,0.0
2007-06-27,77.046875,0.0
2007-06-28,77.046875,0.0
2007-06-29,77.54155731201172,0.0
2007-07-02,77.9125747680664,0.0
2007-07-03,78.28358459472656,0.0
2007-07-04,78.28358459472656,0.0
2007-07-05,78.65459442138672,0.0
2007-07-06,78.28358459472656,0.0
2007-07-09,78.53092956542969,0.0
2007-07-10,78.40725708007812,0.0
2007-07-11,77.9125747680664,0.0
2007-07-12,77.78890228271484,0.0
2007-07-13,78.03623962402344,0.0
2007-07-16,78.28358459472656,0.0
2007-07-17,79.14927673339844,0.0
2007-07-18,78.53092956542969,0.0
2007-07-19,78.53092956542969,0.0
2007-07-20,79.64396667480469,0.0
2007-07-23,80.26231384277344,0.0
2007-07-24,82.36471557617188,0.0
2007-07-25,83.10674285888672,0.0
2007-07-26,79.7181625366211,4.870154
2007-07-27,76.18118286132812,0.0
2007-07-30,74.82080078125,0.0
2007-07-31,75.50099182128906,0.0
2007-08-01,73.4604263305664,0.0
2007-08-02,74.27664947509766,0.0
2007-08-03,75.36495208740234,0.0
2007-08-06,74.27664947509766,0.0
2007-08-07,74.27664947509766,0.0
2007-08-08,74.82080078125,0.0
2007-08-09,74.95684051513672,0.0
2007-08-10,73.4604263305664,0.0
2007-08-13,73.59646606445312,0.0
2007-08-14,73.4604263305664,0.0
2007-08-15,71.9640121459961,0.0
2007-08-16,70.73966979980469,0.0
2007-08-17,69.37928771972656,0.0
2007-08-20,73.32438659667969,0.0
2007-08-21,72.50816345214844,0.0
2007-08-22,71.82797241210938,0.0
2007-08-23,73.86853790283203,0.0
2007-08-24,74.27664947509766,0.0
2007-08-27,75.09288024902344,0.0
2007-08-28,74.5487289428711,0.0
2007-08-29,76.72533416748047,0.0
2007-08-30,78.22174835205078,0.0
2007-08-31,79.7181625366211,0.0
2007-09-03,78.3577880859375,0.0
2007-09-04,78.90193939208984,0.0
2007-09-05,79.31005096435547,0.0
2007-09-06,78.90193939208984,0.0
2007-09-07,78.76589965820312,0.0
2007-09-10,78.90193939208984,0.0
2007-09-11,78.76589965820312,0.0
2007-09-12,79.5821304321289,0.0
2007-09-13,79.44609069824219,0.0
2007-09-14,79.99024200439453,0.0
2007-09-17,79.85420227050781,0.0
2007-09-18,79.85420227050781,0.0
2007-09-19,81.62269592285156,0.0
2007-09-20,82.1668472290039,0.0
2007-09-21,82.30288696289062,0.0
2007-09-26,84.20741271972656,0.0
2007-09-27,84.61552429199219,0.0
2007-09-28,82.98307037353516,0.0
2007-10-01,82.98307037353516,0.0
2007-10-02,83.93534088134766,0.0
2007-10-03,83.93534088134766,0.0
2007-10-04,83.79930114746094,0.0
2007-10-05,83.93534088134766,0.0
2007-10-08,84.34345245361328,0.0
2007-10-09,83.79930114746094,0.0
2007-10-11,83.39118957519531,0.0
2007-10-12,83.2551498413086,0.0
2007-10-15,82.98307037353516,0.0
2007-10-16,83.11911010742188,0.0
2007-10-17,82.84703826904297,0.0
2007-10-18,82.84703826904297,0.0
2007-10-19,82.98307037353516,0.0
2007-10-22,81.62269592285156,0.0
2007-10-23,83.5272216796875,0.0
2007-10-24,83.2551498413086,0.0
2007-10-25,83.2551498413086,0.0
2007-10-26,84.20741271972656,0.0
2007-10-29,85.70382690429688,0.0
2007-10-30,85.56779479980469,0.0
2007-10-31,84.4794921875,0.0
2007-11-01,85.29571533203125,0.0
2007-11-02,83.66326141357422,0.0
2007-11-05,82.98307037353516,0.0
2007-11-06,83.2551498413086,0.0
2007-11-07,82.03080749511719,0.0
2007-11-08,80.39835357666016,0.0
2007-11-09,81.21458435058594,0.0
2007-11-12,79.5821304321289,0.0
2007-11-13,79.5821304321289,0.0
2007-11-14,81.62269592285156,0.0
2007-11-15,81.48665618896484,0.0
2007-11-16,80.26231384277344,0.0
2007-11-19,80.26231384277344,0.0
2007-11-20,82.03080749511719,0.0
2007-11-21,79.7181625366211,0.0
2007-11-22,80.9425048828125,0.0
2007-11-23,81.62269592285156,0.0
2007-11-26,84.34345245361328,0.0
2007-11-27,84.07137298583984,0.0
2007-11-28,84.4794921875,0.0
2007-11-29,86.24797821044922,0.0
2007-11-30,87.60836029052734,0.0
2007-12-03,85.29571533203125,0.0
2007-12-04,85.43175506591797,0.0
2007-12-05,84.4794921875,0.0
2007-12-06,85.70382690429688,0.0
2007-12-07,86.79212951660156,0.0
2007-12-10,84.7515640258789,0.0
2007-12-11,85.70382690429688,0.0
2007-12-12,84.07137298583984,0.0
2007-12-13,82.71099853515625,0.0
2007-12-14,83.66326141357422,0.0
2007-12-17,83.39118957519531,0.0
2007-12-18,82.98307037353516,0.0
2007-12-19,81.48665618896484,0.0
2007-12-20,81.48665618896484,0.0
2007-12-21,74.07878875732422,0.0
2007-12-24,74.07878875732422,0.0
2007-12-25,74.07878875732422,0.0
2007-12-26,74.07878875732422,0.0
2007-12-27,74.07878875732422,0.0
2007-12-28,74.07878875732422,0.0
2007-12-31,74.07878875732422,0.0
2008-01-02,74.07878875732422,0.0
2008-01-03,74.07878875732422,0.0
2008-01-04,74.07878875732422,0.0
2008-01-07,74.07878875732422,0.0
2008-01-08,74.07878875732422,0.0
2008-01-09,84.34346008300781,0.0
2008-01-10,84.34346008300781,0.0
2008-01-11,85.08548736572266,0.0
2008-01-14,85.45649719238281,0.0
2008-01-15,87.55889892578125,0.0
2008-01-16,87.1878890991211,0.0
2008-01-17,85.08548736572266,0.0
2008-01-18,84.83814239501953,0.0
2008-01-21,88.79560852050781,0.0
2008-01-22,86.8168716430664,0.0
2008-01-23,87.31156158447266,0.0
2008-01-24,87.1878890991211,0.0
2008-01-25,85.7038345336914,0.0
2008-01-28,84.09611511230469,0.0
2008-01-29,84.09611511230469,0.0
2008-01-30,83.97245025634766,0.0
2008-01-31,84.09611511230469,0.0
2008-02-01,83.97245025634766,0.0
2008-02-12,85.95117950439453,0.0
2008-02-13,86.32218933105469,0.0
2008-02-14,86.69320678710938,0.0
2008-02-15,86.32218933105469,0.0
2008-02-18,86.56953430175781,0.0
2008-02-19,86.44586181640625,0.0
2008-02-20,86.19852447509766,0.0
2008-02-21,87.43522644042969,0.0
2008-02-22,89.0429458618164,0.0
2008-02-25,95.22648620605467,0.0
2008-02-26,96.46319580078124,0.0
2008-02-27,94.11344909667967,0.0
2008-02-29,95.84484100341795,0.0
2008-03-03,95.22648620605467,0.0
2008-03-04,95.7211685180664,0.0
2008-03-05,94.97914123535156,0.0
2008-03-06,97.6999053955078,0.0
2008-03-07,94.23712158203124,0.0
2008-03-10,91.51636505126952,0.0
2008-03-11,94.23712158203124,0.0
2008-03-12,93.74243927001952,0.0
2008-03-13,92.25839233398438,0.0
2008-03-14,94.73180389404295,0.0
2008-03-17,92.7530746459961,0.0
2008-03-18,93.8661117553711,0.0
2008-03-19,95.35015869140624,0.0
2008-03-20,93.61876678466795,0.0
2008-03-21,93.98977661132812,0.0
2008-03-24,97.82357025146484,0.0
2008-03-25,97.6999053955078,0.0
2008-03-26,97.08155059814452,0.0
2008-03-27,96.46319580078124,0.0
2008-03-28,98.8129425048828,0.0
2008-03-31,98.8129425048828,0.0
2008-04-01,96.21585083007812,0.0
2008-04-02,96.8342056274414,0.0
2008-04-03,96.8342056274414,0.0
2008-04-07,97.57623291015624,0.0
2008-04-08,95.84484100341795,0.0
2008-04-09,94.11344909667967,0.0
2008-04-10,95.22648620605467,0.0
2008-04-11,93.74243927001952,0.0
2008-04-14,93.4950942993164,0.0
2008-04-15,94.23712158203124,0.0
2008-04-16,97.6999053955078,0.0
2008-04-17,98.31825256347656,0.0
2008-04-18,97.6999053955078,0.0
2008-04-21,96.46319580078124,0.0
2008-04-22,96.95787811279295,0.0
2008-04-23,101.41002655029295,0.0
2008-04-24,98.93660736083984,0.0
2008-04-25,98.07091522216795,0.0
2008-04-28,100.91534423828124,0.0
2008-04-29,99.9259796142578,0.0
2008-04-30,97.08155059814452,0.0
2008-05-02,96.33952331542967,0.0
2008-05-05,94.85547637939452,0.0
2008-05-06,95.96851348876952,0.0
2008-05-07,96.46319580078124,0.0
2008-05-08,94.85547637939452,0.0
2008-05-09,96.21585083007812,0.0
2008-05-12,95.35015869140624,0.0
2008-05-13,96.5868682861328,0.0
2008-05-14,97.08155059814452,0.0
2008-05-15,97.45256042480467,0.0
2008-05-16,97.57623291015624,0.0
2008-05-19,98.8129425048828,0.0
2008-05-20,96.46319580078124,0.0
2008-05-21,95.22648620605467,0.0
2008-05-22,95.7211685180664,0.0
2008-05-23,94.23712158203124,0.0
2008-05-26,93.98977661132812,0.0
2008-05-27,94.85547637939452,0.0
2008-05-28,93.8661117553711,0.0
2008-05-29,93.8661117553711,0.0
2008-05-30,93.2477569580078,0.0
2008-06-02,93.8661117553711,0.0
2008-06-03,92.3820571899414,0.0
2008-06-04,93.12408447265624,0.0
2008-06-05,94.6081314086914,0.0
2008-06-06,95.59749603271484,0.0
2008-06-09,94.6081314086914,0.0
2008-06-10,92.01104736328124,0.0
2008-06-11,94.6081314086914,0.0
2008-06-12,92.25839233398438,0.0
2008-06-13,92.7530746459961,0.0
2008-06-16,93.00041198730467,0.0
2008-06-17,94.97914123535156,0.0
2008-06-18,94.85547637939452,0.0
2008-06-19,93.98977661132812,0.0
2008-06-20,93.37142944335938,0.0
2008-06-23,92.50572967529295,0.0
2008-06-24,92.3820571899414,0.0
2008-06-25,93.8661117553711,0.0
2008-06-26,92.87673950195312,0.0
2008-06-27,92.7530746459961,0.0
2008-06-30,97.08155059814452,0.0
2008-07-01,94.11344909667967,0.0
2008-07-02,93.8661117553711,0.0
2008-07-03,94.3607940673828,0.0
2008-07-04,93.61876678466795,0.0
2008-07-07,93.98977661132812,0.0
2008-07-08,91.88737487792967,0.0
2008-07-09,92.25839233398438,0.0
2008-07-10,92.1347198486328,0.0
2008-07-11,92.3820571899414,0.0
2008-07-14,90.65066528320312,0.0
2008-07-15,89.0429458618164,0.0
2008-07-16,89.0429458618164,0.0
2008-07-17,89.78497314453125,0.0
2008-07-18,89.0429458618164,0.0
2008-07-21,94.23712158203124,0.0
2008-07-22,93.98977661132812,0.0
2008-07-23,94.85547637939452,0.0
2008-07-24,94.97914123535156,0.0
2008-07-25,93.98977661132812,0.0
2008-07-28,93.98977661132812,0.0
2008-07-29,94.85547637939452,0.0
2008-07-30,95.7211685180664,0.0
2008-07-31,96.09217834472656,0.0
2008-08-01,96.09217834472656,0.0
2008-08-04,97.08155059814452,0.0
2008-08-05,96.8342056274414,0.0
2008-08-06,96.46319580078124,0.0
2008-08-07,96.46319580078124,0.0
2008-08-08,96.71053314208984,0.0
2008-08-11,97.6999053955078,0.0
2008-08-12,96.46319580078124,0.0
2008-08-13,96.46319580078124,0.0
2008-08-14,96.71053314208984,0.0
2008-08-15,97.6999053955078,0.0
2008-08-18,97.45256042480467,0.0
2008-08-19,96.71053314208984,0.0
2008-08-20,95.4738311767578,0.0
2008-08-21,93.12408447265624,0.0
2008-08-22,93.8661117553711,0.0
2008-08-25,95.96851348876952,0.0
2008-08-26,95.35015869140624,0.0
2008-08-27,96.21585083007812,0.0
2008-08-28,95.96851348876952,0.0
2008-08-29,97.32888793945312,0.0
2008-09-01,96.46319580078124,0.0
2008-09-02,95.96851348876952,0.0
2008-09-03,97.9472427368164,0.0
2008-09-04,96.95787811279295,0.0
2008-09-05,97.08155059814452,0.0
2008-09-08,98.68927001953124,0.0
2008-09-09,97.45256042480467,0.0
2008-09-10,96.95787811279295,0.0
2008-09-11,95.84484100341795,0.0
2008-09-12,95.84484100341795,0.0
2008-09-15,95.22648620605467,0.0
2008-09-16,89.4139633178711,0.0
2008-09-17,90.27965545654295,0.0
2008-09-18,92.87673950195312,0.0
2008-09-19,92.62940216064452,0.0
2008-09-22,90.89801025390624,0.0
2008-09-23,90.77433776855467,0.0
2008-09-24,91.51636505126952,0.0
2008-09-25,92.1347198486328,0.0
2008-09-26,93.8661117553711,0.0
2008-09-29,93.8661117553711,0.0
2008-09-30,92.3820571899414,0.0
2008-10-01,91.76370239257812,0.0
2008-10-02,92.87673950195312,0.0
2008-10-03,92.01104736328124,0.0
2008-10-06,92.01104736328124,0.0
2008-10-07,93.37142944335938,0.0
2008-10-08,91.0216827392578,0.0
2008-10-09,89.29029083251953,0.0
2008-10-13,86.19852447509766,0.0
2008-10-14,83.60143280029297,0.0
2008-10-15,80.75701141357422,0.0
2008-10-16,78.03624725341797,0.0
2008-10-17,70.40637969970703,5.268374
2008-10-20,70.63084411621094,0.0
2008-10-21,74.22224426269531,0.0
2008-10-22,76.46686553955078,0.0
2008-10-23,74.67117309570312,0.0
2008-10-24,72.35172271728516,0.0
2008-10-27,72.05244445800781,0.0
2008-10-28,71.07977294921875,0.0
2008-10-29,71.22940826416016,0.0
2008-10-30,76.16758728027344,0.0
2008-10-31,81.40504455566406,0.0
2008-11-03,80.80647277832031,0.0
2008-11-04,80.2079086303711,0.0
2008-11-05,77.81364440917969,0.0
2008-11-06,76.16758728027344,0.0
2008-11-07,75.56901550292969,0.0
2008-11-10,74.97045135498047,0.0
2008-11-11,74.97045135498047,0.0
2008-11-12,76.61650848388672,0.0
2008-11-13,77.21508026123047,0.0
2008-11-14,79.90862274169922,0.0
2008-11-17,81.5546875,0.0
2008-11-18,79.75898742675781,0.0
2008-11-19,77.66400146484375,0.0
2008-11-20,76.61650848388672,0.0
2008-11-21,77.36471557617188,0.0
2008-11-24,78.56185150146484,0.0
2008-11-25,80.80647277832031,0.0
2008-11-26,77.81364440917969,0.0
2008-11-27,78.11293029785156,0.0
2008-11-28,78.56185150146484,0.0
2008-12-01,77.36471557617188,0.0
2008-12-02,76.0179443359375,0.0
2008-12-03,76.61650848388672,0.0
2008-12-04,78.71149444580078,0.0
2008-12-05,78.56185150146484,0.0
2008-12-08,79.01078033447266,0.0
2008-12-09,77.96328735351562,0.0
2008-12-10,78.71149444580078,0.0
2008-12-11,77.81364440917969,0.0
2008-12-12,76.16758728027344,0.0
2008-12-15,76.31723022460938,0.0
2008-12-16,76.16758728027344,0.0
2008-12-17,76.76615142822266,0.0
2008-12-18,77.66400146484375,0.0
2008-12-19,77.21508026123047,0.0
2008-12-22,76.16758728027344,0.0
2008-12-23,75.86830139160156,0.0
2008-12-24,75.86830139160156,0.0
2008-12-25,76.16758728027344,0.0
2008-12-26,76.0179443359375,0.0
2008-12-29,76.61650848388672,0.0
2008-12-30,76.76615142822266,0.0
2008-12-31,80.05826568603516,0.0
2009-01-02,80.05826568603516,0.0
2009-01-05,76.61650848388672,0.0
2009-01-06,75.71865844726562,0.0
2009-01-07,75.56901550292969,0.0
2009-01-08,74.82080841064453,0.0
2009-01-09,75.26973724365234,0.0
2009-01-12,77.21508026123047,0.0
2009-01-13,77.81364440917969,0.0
2009-01-14,77.06543731689453,0.0
2009-01-15,76.16758728027344,0.0
2009-01-16,76.61650848388672,0.0
2009-01-19,76.46686553955078,0.0
2009-01-20,76.46686553955078,0.0
2009-01-21,76.46686553955078,0.0
2009-02-02,76.16758728027344,0.0
2009-02-03,76.31723022460938,0.0
2009-02-04,76.76615142822266,0.0
2009-02-05,76.0179443359375,0.0
2009-02-06,76.46686553955078,0.0
2009-02-09,76.0179443359375,0.0
2009-02-10,76.16758728027344,0.0
2009-02-11,76.46686553955078,0.0
2009-02-12,76.0179443359375,0.0
2009-02-13,76.76615142822266,0.0
2009-02-16,76.16758728027344,0.0
2009-02-17,76.61650848388672,0.0
2009-02-18,77.06543731689453,0.0
2009-02-19,77.51435852050781,0.0
2009-02-20,77.36471557617188,0.0
2009-02-23,78.11293029785156,0.0
2009-02-24,78.4122085571289,0.0
2009-02-25,79.31005859375,0.0
2009-02-26,80.05826568603516,0.0
2009-02-27,80.6568374633789,0.0
2009-03-02,82.15325164794922,0.0
2009-03-03,68.62499237060547,0.0
2009-03-04,68.62499237060547,0.0
2009-03-05,68.62499237060547,0.0
2009-03-06,68.62499237060547,0.0
2009-03-09,68.62499237060547,0.0
2009-03-10,68.62499237060547,0.0
2009-03-11,68.62499237060547,0.0
2009-03-12,68.62499237060547,0.0
2009-03-13,68.62499237060547,0.0
2009-03-16,68.62499237060547,0.0
2009-03-17,68.62499237060547,0.0
2009-03-18,68.62499237060547,0.0
2009-03-19,68.62499237060547,0.0
2009-03-20,81.87499237060547,0.0
2009-03-23,80.99999237060547,0.0
2009-03-24,79.49999237060547,0.0
2009-03-25,79.37499237060547,0.0
2009-03-26,79.12499237060547,0.0
2009-03-27,78.12499237060547,0.0
2009-03-30,76.87499237060547,0.0
2009-03-31,77.37499237060547,0.0
2009-04-02,76.12499237060547,0.0
2009-04-03,76.12499237060547,0.0
2009-04-06,77.87499237060547,0.0
2009-04-07,78.49999237060547,0.0
2009-04-08,77.74999237060547,0.0
2009-04-09,78.24999237060547,0.0
2009-04-10,77.74999237060547,0.0
2009-04-13,78.99999237060547,0.0
2009-04-14,78.24999237060547,0.0
2009-04-15,77.12499237060547,0.0
2009-04-16,77.74999237060547,0.0
2009-04-17,76.12499237060547,0.0
2009-04-20,76.49999237060547,0.0
2009-04-21,76.37499237060547,0.0
2009-04-22,75.37499237060547,0.0
2009-04-23,75.37499237060547,0.0
2009-04-24,74.37499237060547,0.0
2009-04-27,73.12499237060547,0.0
2009-04-28,73.24999237060547,0.0
2009-04-29,76.62499237060547,0.0
2009-04-30,78.74999237060547,0.0
2009-05-04,78.49999237060547,0.0
2009-05-05,77.12499237060547,0.0
2009-05-06,77.87499237060547,0.0
2009-05-07,78.37499237060547,0.0
2009-05-08,77.24999237060547,0.0
2009-05-11,76.74999237060547,0.0
2009-05-12,75.99999237060547,0.0
2009-05-13,76.24999237060547,0.0
2009-05-14,75.49999237060547,0.0
2009-05-15,75.74999237060547,0.0
2009-05-18,74.99999237060547,0.0
2009-05-19,76.49999237060547,0.0
2009-05-20,76.37499237060547,0.0
2009-05-21,75.74999237060547,0.0
2009-05-22,75.74999237060547,0.0
2009-05-25,76.24999237060547,0.0
2009-05-26,77.24999237060547,0.0
2009-05-27,77.49999237060547,0.0
2009-06-01,78.62499237060547,0.0
2009-06-02,78.87499237060547,0.0
2009-06-03,79.12499237060547,0.0
2009-06-04,79.74999237060547,0.0
2009-06-05,80.37499237060547,0.0
2009-06-08,78.74999237060547,0.0
2009-06-09,78.87499237060547,0.0
2009-06-10,78.74999237060547,0.0
2009-06-11,79.37499237060547,0.0
2009-06-12,80.37499237060547,0.0
2009-06-15,81.24999237060547,0.0
2009-06-16,81.49999237060547,0.0
2009-06-17,79.49999237060547,0.0
2009-06-18,79.87499237060547,0.0
2009-06-19,80.37499237060547,0.0
2009-06-22,81.24999237060547,0.0
2009-06-23,81.24999237060547,0.0
2009-06-24,81.62499237060547,0.0
2009-06-25,81.74999237060547,0.0
2009-06-26,81.37499237060547,0.0
2009-06-29,81.24999237060547,0.0
2009-06-30,81.87499237060547,0.0
2009-07-01,82.12499237060547,0.0
2009-07-02,81.87499237060547,0.0
2009-07-03,81.24999237060547,0.0
2009-07-06,81.37499237060547,0.0
2009-07-07,80.87499237060547,0.0
2009-07-08,79.87499237060547,0.0
2009-07-09,80.37499237060547,0.0
2009-07-10,79.99999237060547,0.0
2009-07-13,79.74999237060547,0.0
2009-07-14,79.87499237060547,0.0
2009-07-15,79.49999237060547,0.0
2009-07-16,78.99999237060547,0.0
2009-07-17,80.37499237060547,0.0
2009-07-20,80.74999237060547,0.0
2009-07-21,80.62499237060547,0.0
2009-07-22,80.12499237060547,0.0
2009-07-23,80.74999237060547,0.0
2009-07-24,80.37499237060547,0.0
2009-07-27,81.24999237060547,0.0
2009-07-28,81.74999237060547,0.0
2009-07-29,80.99999237060547,0.0
2009-07-30,82.24999237060547,0.0
2009-07-31,82.24999237060547,0.0
2009-08-03,79.61249542236328,4.787499
2009-08-04,78.51248931884766,0.0
2009-08-05,78.64999389648438,0.0
2009-08-06,78.51248931884766,0.0
2009-08-07,78.51248931884766,0.0
2009-08-10,77.54999542236328,0.0
2009-08-11,76.86249542236328,0.0
2009-08-12,76.99999237060547,0.0
2009-08-13,77.68749237060547,0.0
2009-08-14,77.68749237060547,0.0
2009-08-17,76.99999237060547,0.0
2009-08-18,76.99999237060547,0.0
2009-08-19,76.58749389648438,0.0
2009-08-20,76.86249542236328,0.0
2009-08-21,77.13748931884766,0.0
2009-08-24,76.99999237060547,0.0
2009-08-25,76.44998931884766,0.0
2009-08-26,76.86249542236328,0.0
2009-08-27,77.41249084472656,0.0
2009-08-28,78.09999084472656,0.0
2009-08-31,77.54999542236328,0.0
2009-09-01,78.23749542236328,0.0
2009-09-02,77.54999542236328,0.0
2009-09-03,77.82498931884766,0.0
2009-09-04,77.96249389648438,0.0
2009-09-07,77.96249389648438,0.0
2009-09-08,78.37499237060547,0.0
2009-09-09,78.09999084472656,0.0
2009-09-10,78.37499237060547,0.0
2009-09-11,77.96249389648438,0.0
2009-09-14,78.23749542236328,0.0
2009-09-15,78.23749542236328,0.0
2009-09-16,78.37499237060547,0.0
2009-09-17,78.23749542236328,0.0
2009-09-18,78.37499237060547,0.0
2009-09-21,77.82498931884766,0.0
2009-09-22,77.82498931884766,0.0
2009-09-23,77.96249389648438,0.0
2009-09-24,78.09999084472656,0.0
2009-09-25,78.64999389648438,0.0
2009-09-28,79.19998931884766,0.0
2009-09-29,79.88748931884766,0.0
2009-09-30,79.61249542236328,0.0
2009-10-01,79.33749389648438,0.0
2009-10-02,78.51248931884766,0.0
2009-10-05,78.23749542236328,0.0
2009-10-06,78.37499237060547,0.0
2009-10-07,78.92499542236328,0.0
2009-10-08,79.19998931884766,0.0
2009-10-09,79.33749389648438,0.0
2009-10-12,79.33749389648438,0.0
2009-10-13,79.06249237060547,0.0
2009-10-14,79.33749389648438,0.0
2009-10-15,79.61249542236328,0.0
2009-10-16,79.61249542236328,0.0
2009-10-19,79.06249237060547,0.0
2009-10-20,79.33749389648438,0.0
2009-10-21,79.33749389648438,0.0
2009-10-22,78.78749084472656,0.0
2009-10-23,79.06249237060547,0.0
2009-10-26,79.61249542236328,0.0
2009-10-27,79.88748931884766,0.0
2009-10-28,79.33749389648438,0.0
2009-10-29,79.19998931884766,0.0
2009-10-30,79.19998931884766,0.0
2009-11-02,78.64999389648438,0.0
2009-11-03,78.51248931884766,0.0
2009-11-04,78.78749084472656,0.0
2009-11-05,78.37499237060547,0.0
2009-11-06,78.92499542236328,0.0
2009-11-09,79.47499084472656,0.0
2009-11-10,79.47499084472656,0.0
2009-11-11,79.19998931884766,0.0
2009-11-12,79.19998931884766,0.0
2009-11-13,79.33749389648438,0.0
2009-11-16,79.61249542236328,0.0
2009-11-17,79.47499084472656,0.0
2009-11-18,79.74999237060547,0.0
2009-11-19,79.19998931884766,0.0
2009-11-20,79.33749389648438,0.0
2009-11-23,79.61249542236328,0.0
2009-11-24,79.61249542236328,0.0
2009-11-25,79.74999237060547,0.0
2009-11-26,79.61249542236328,0.0
2009-11-27,78.92499542236328,0.0
2009-11-30,79.19998931884766,0.0
2009-12-01,79.61249542236328,0.0
2009-12-02,79.19998931884766,0.0
2009-12-03,79.61249542236328,0.0
2009-12-04,79.74999237060547,0.0
2009-12-07,79.61249542236328,0.0
2009-12-08,79.74999237060547,0.0
2009-12-09,79.74999237060547,0.0
2009-12-10,79.61249542236328,0.0
2009-12-11,79.74999237060547,0.0
2009-12-14,79.88748931884766,0.0
2009-12-15,80.29998779296875,0.0
2009-12-16,80.02499389648438,0.0
2009-12-17,79.88748931884766,0.0
2009-12-18,80.16249084472656,0.0
2009-12-21,80.16249084472656,0.0
2009-12-22,80.02499389648438,0.0
2009-12-23,80.29998779296875,0.0
2009-12-24,80.98748779296875,0.0
2009-12-25,81.94998931884766,0.0
2009-12-28,82.08749389648438,0.0
2009-12-29,81.67498779296875,0.0
2009-12-30,81.67498779296875,0.0
2009-12-31,81.81249237060547,0.0
2010-01-04,81.53749084472656,0.0
2010-01-05,81.67498779296875,0.0
2010-01-06,81.94998931884766,0.0
2010-01-07,80.29998779296875,0.0
2010-01-08,79.88748931884766,0.0
2010-01-11,80.43749237060547,0.0
2010-01-12,80.71249389648438,0.0
2010-01-13,80.57498931884766,0.0
2010-01-14,80.29998779296875,0.0
2010-01-15,80.29998779296875,0.0
2010-01-18,80.29998779296875,0.0
2010-01-19,80.16249084472656,0.0
2010-01-20,79.88748931884766,0.0
2010-01-21,72.625,0.0
2010-01-22,72.625,0.0
2010-01-25,72.625,0.0
2010-01-26,72.625,0.0
2010-01-27,72.625,0.0
2010-01-28,72.625,0.0
2010-01-29,72.625,0.0
2010-02-01,72.625,0.0
2010-02-02,72.625,0.0
2010-02-03,72.625,0.0
2010-02-04,72.625,0.0
2010-02-05,72.625,0.0
2010-02-08,74.625,0.0
2010-02-09,74.75,0.0
2010-02-10,74.125,0.0
2010-02-22,74.5,0.0
2010-02-23,75.0,0.0
2010-02-24,74.25,0.0
2010-02-25,74.125,0.0
2010-02-26,74.75,0.0
2010-03-01,77.5,0.0
2010-03-02,76.875,0.0
2010-03-03,76.25,0.0
2010-03-04,75.75,0.0
2010-03-05,75.875,0.0
2010-03-08,75.875,0.0
2010-03-09,75.625,0.0
2010-03-10,75.75,0.0
2010-03-11,76.0,0.0
2010-03-12,76.5,0.0
2010-03-15,76.0,0.0
2010-03-16,76.0,0.0
2010-03-17,76.625,0.0
2010-03-18,76.5,0.0
2010-03-19,76.875,0.0
2010-03-22,76.0,0.0
2010-03-23,76.125,0.0
2010-03-24,76.125,0.0
2010-03-25,76.25,0.0
2010-03-26,76.375,0.0
2010-03-29,76.625,0.0
2010-03-30,77.625,0.0
2010-03-31,77.625,0.0
2010-04-01,77.375,0.0
2010-04-02,77.25,0.0
2010-04-06,77.125,0.0
2010-04-07,77.25,0.0
2010-04-08,77.0,0.0
2010-04-09,77.125,0.0
2010-04-12,76.875,0.0
2010-04-13,77.125,0.0
2010-04-14,77.125,0.0
2010-04-15,77.375,0.0
2010-04-16,77.375,0.0
2010-04-19,76.875,0.0
2010-04-20,76.625,0.0
2010-04-21,76.5,0.0
2010-04-22,76.875,0.0
2010-04-23,76.875,0.0
2010-04-26,77.375,0.0
2010-04-27,77.125,0.0
2010-04-28,77.0,0.0
2010-04-29,76.875,0.0
2010-04-30,76.875,0.0
2010-05-03,77.25,0.0
2010-05-04,76.875,0.0
2010-05-05,75.625,0.0
2010-05-06,76.25,0.0
2010-05-07,76.0,0.0
2010-05-10,76.875,0.0
2010-05-11,76.375,0.0
2010-05-12,77.125,0.0
2010-05-13,77.375,0.0
2010-05-14,77.0,0.0
2010-05-17,77.25,0.0
2010-05-18,77.25,0.0
2010-05-19,77.25,0.0
2010-05-20,77.25,0.0
2010-05-21,77.25,0.0
2010-05-24,77.0,0.0
2010-05-25,76.5,0.0
2010-05-26,77.625,0.0
2010-05-27,76.75,0.0
2010-05-28,76.625,0.0
2010-05-31,77.375,0.0
2010-06-01,77.125,0.0
2010-06-02,76.875,0.0
2010-06-03,77.125,0.0
2010-06-04,77.25,0.0
2010-06-07,77.25,0.0
2010-06-08,77.0,0.0
2010-06-09,77.25,0.0
2010-06-10,78.0,0.0
2010-06-11,78.5,0.0
2010-06-14,78.75,0.0
2010-06-15,79.625,0.0
2010-06-17,79.125,0.0
2010-06-18,79.875,0.0
2010-06-21,79.625,0.0
2010-06-22,79.375,0.0
2010-06-23,79.75,0.0
2010-06-24,79.75,0.0
2010-06-25,79.125,0.0
2010-06-28,79.75,0.0
2010-06-29,79.625,0.0
2010-06-30,79.875,0.0
2010-07-01,80.0,0.0
2010-07-02,81.25,0.0
2010-07-05,81.75,0.0
2010-07-06,82.5,0.0
2010-07-07,82.125,0.0
2010-07-08,82.5,0.0
2010-07-09,82.5,0.0
2010-07-12,82.5,0.0
2010-07-13,82.5,0.0
2010-07-14,83.0,0.0
2010-07-15,82.25,0.0
2010-07-16,82.375,0.0
2010-07-19,82.625,0.0
2010-07-20,82.875,0.0
2010-07-21,83.375,0.0
2010-07-22,83.25,0.0
2010-07-23,84.25,0.0
2010-07-26,84.0,0.0
2010-07-27,83.625,0.0
2010-07-28,83.625,0.0
2010-07-29,84.375,0.0
2010-07-30,84.875,0.0
2010-08-02,85.625,0.0
2010-08-03,86.0,0.0
2010-08-04,86.25,0.0
2010-08-05,86.125,0.0
2010-08-06,86.25,0.0
2010-08-09,85.5,0.0
2010-08-10,84.5,0.0
2010-08-11,84.625,0.0
2010-08-12,79.75,5.075
2010-08-13,80.0,0.0
2010-08-16,80.25,0.0
2010-08-17,81.125,0.0
2010-08-18,81.625,0.0
2010-08-19,81.25,0.0
2010-08-20,81.125,0.0
2010-08-23,81.125,0.0
2010-08-24,80.5,0.0
2010-08-25,80.125,0.0
2010-08-26,80.75,0.0
2010-08-27,80.875,0.0
2010-08-30,81.25,0.0
2010-08-31,81.875,0.0
2010-09-01,83.375,0.0
2010-09-02,83.375,0.0
2010-09-03,83.75,0.0
2010-09-06,84.125,0.0
2010-09-07,83.75,0.0
2010-09-08,84.25,0.0
2010-09-09,84.875,0.0
2010-09-10,84.75,0.0
2010-09-13,86.0,0.0
2010-09-14,86.25,0.0
2010-09-15,86.375,0.0
2010-09-16,85.625,0.0
2010-09-17,86.0,0.0
2010-09-20,86.125,0.0
2010-09-21,86.125,0.0
2010-09-23,86.125,0.0
2010-09-24,86.625,0.0
2010-09-27,87.5,0.0
2010-09-28,87.5,0.0
2010-09-29,87.5,0.0
2010-09-30,87.5,0.0
2010-10-01,87.5,0.0
2010-10-04,87.125,0.0
2010-10-05,87.25,0.0
2010-10-06,87.375,0.0
2010-10-07,88.0,0.0
2010-10-08,89.75,0.0
2010-10-11,88.75,0.0
2010-10-12,88.125,0.0
2010-10-13,87.875,0.0
2010-10-14,88.125,0.0
2010-10-15,88.75,0.0
2010-10-18,89.25,0.0
2010-10-19,89.0,0.0
2010-10-20,89.0,0.0
2010-10-21,89.0,0.0
2010-10-22,89.0,0.0
2010-10-25,90.0,0.0
2010-10-26,89.625,0.0
2010-10-27,89.125,0.0
2010-10-28,89.625,0.0
2010-10-29,89.5,0.0
2010-11-01,90.0,0.0
2010-11-02,89.875,0.0
2010-11-03,90.75,0.0
2010-11-04,91.0,0.0
2010-11-05,92.125,0.0
2010-11-08,93.5,0.0
2010-11-09,95.875,0.0
2010-11-10,95.375,0.0
2010-11-11,94.0,0.0
2010-11-12,92.75,0.0
2010-11-15,93.0,0.0
2010-11-16,93.25,0.0
2010-11-17,93.0,0.0
2010-11-18,92.5,0.0
2010-11-19,94.0,0.0
2010-11-22,93.75,0.0
2010-11-23,93.625,0.0
2010-11-24,93.0,0.0
2010-11-25,92.625,0.0
2010-11-26,91.375,0.0
2010-11-29,92.0,0.0
2010-11-30,92.5,0.0
2010-12-01,92.75,0.0
2010-12-02,92.875,0.0
2010-12-03,92.25,0.0
2010-12-06,91.875,0.0
2010-12-07,91.875,0.0
2010-12-08,92.125,0.0
2010-12-09,92.375,0.0
2010-12-10,91.875,0.0
2010-12-13,91.375,0.0
2010-12-14,90.625,0.0
2010-12-15,90.0,0.0
2010-12-16,91.125,0.0
2010-12-17,93.125,0.0
2010-12-20,92.5,0.0
2010-12-21,92.75,0.0
2010-12-22,93.0,0.0
2010-12-23,93.25,0.0
2010-12-24,93.5,0.0
2010-12-27,93.75,0.0
2010-12-28,93.5,0.0
2010-12-29,93.0,0.0
2010-12-30,92.625,0.0
2010-12-31,92.625,0.0
2011-01-03,92.0,0.0
2011-01-04,91.625,0.0
2011-01-05,91.25,0.0
2011-01-06,91.375,0.0
2011-01-07,73.0999984741211,0.0
2011-01-10,73.0999984741211,0.0
2011-01-11,73.0999984741211,0.0
2011-01-12,73.0999984741211,0.0
2011-01-13,73.0999984741211,0.0
2011-01-14,73.0999984741211,0.0
2011-01-17,73.0999984741211,0.0
2011-01-18,73.0999984741211,0.0
2011-01-19,73.0999984741211,0.0
2011-01-20,73.0999984741211,0.0
2011-01-21,73.0999984741211,0.0
2011-01-24,73.0999984741211,0.0
2011-01-25,89.19999694824219,0.0
2011-01-26,88.69999694824219,0.0
2011-01-27,88.69999694824219,0.0
2011-01-28,89.19999694824219,0.0
2011-02-08,87.9000015258789,0.0
2011-02-09,88.30000305175781,0.0
2011-02-10,87.30000305175781,0.0
2011-02-11,86.69999694824219,0.0
2011-02-14,87.5,0.0
2011-02-15,86.80000305175781,0.0
2011-02-16,87.4000015258789,0.0
2011-02-17,87.0,0.0
2011-02-18,87.69999694824219,0.0
2011-02-21,87.69999694824219,0.0
2011-02-22,87.5,0.0
2011-02-23,87.69999694824219,0.0
2011-02-24,87.9000015258789,0.0
2011-02-25,88.0999984741211,0.0
2011-03-01,88.5999984741211,0.0
2011-03-02,87.80000305175781,0.0
2011-03-03,88.69999694824219,0.0
2011-03-04,89.0,0.0
2011-03-07,88.5,0.0
2011-03-08,89.0,0.0
2011-03-09,88.30000305175781,0.0
2011-03-10,88.0999984741211,0.0
2011-03-11,88.30000305175781,0.0
2011-03-14,88.4000015258789,0.0
2011-03-15,88.0999984741211,0.0
2011-03-16,88.19999694824219,0.0
2011-03-17,87.5999984741211,0.0
2011-03-18,87.4000015258789,0.0
2011-03-21,87.69999694824219,0.0
2011-03-22,88.4000015258789,0.0
2011-03-23,89.0,0.0
2011-03-24,89.19999694824219,0.0
2011-03-25,89.0,0.0
2011-03-28,89.5999984741211,0.0
2011-03-29,89.9000015258789,0.0
2011-03-30,91.0999984741211,0.0
2011-03-31,91.5999984741211,0.0
2011-04-01,91.4000015258789,0.0
2011-04-06,91.8000030517578,0.0
2011-04-07,91.5999984741211,0.0
2011-04-08,91.5999984741211,0.0
2011-04-11,91.5,0.0
2011-04-12,91.0999984741211,0.0
2011-04-13,90.4000015258789,0.0
2011-04-14,90.9000015258789,0.0
2011-04-15,90.9000015258789,0.0
2011-04-18,91.4000015258789,0.0
2011-04-19,91.6999969482422,0.0
2011-04-20,91.9000015258789,0.0
2011-04-21,92.0,0.0
2011-04-22,92.0,0.0
2011-04-25,91.3000030517578,0.0
2011-04-26,91.8000030517578,0.0
2011-04-27,91.5999984741211,0.0
2011-04-28,91.1999969482422,0.0
2011-04-29,91.0999984741211,0.0
2011-05-03,91.3000030517578,0.0
2011-05-04,91.0999984741211,0.0
2011-05-05,91.3000030517578,0.0
2011-05-06,91.3000030517578,0.0
2011-05-09,91.9000015258789,0.0
2011-05-10,92.0999984741211,0.0
2011-05-11,92.8000030517578,0.0
2011-05-12,93.8000030517578,0.0
2011-05-13,92.5,0.0
2011-05-16,92.5999984741211,0.0
2011-05-17,92.3000030517578,0.0
2011-05-18,93.1999969482422,0.0
2011-05-19,93.0999984741211,0.0
2011-05-20,92.6999969482422,0.0
2011-05-23,92.8000030517578,0.0
2011-05-24,92.8000030517578,0.0
2011-05-25,93.3000030517578,0.0
2011-05-26,93.1999969482422,0.0
2011-05-27,93.1999969482422,0.0
2011-05-30,93.0999984741211,0.0
2011-05-31,93.5999984741211,0.0
2011-06-01,94.5999984741211,0.0
2011-06-02,95.1999969482422,0.0
2011-06-03,96.0999984741211,0.0
2011-06-07,97.8000030517578,0.0
2011-06-08,97.8000030517578,0.0
2011-06-09,97.0,0.0
2011-06-10,96.8000030517578,0.0
2011-06-13,97.8000030517578,0.0
2011-06-14,98.5999984741211,0.0
2011-06-15,99.4000015258789,0.0
2011-06-16,99.0,0.0
2011-06-17,99.0,0.0
2011-06-20,97.6999969482422,0.0
2011-06-21,98.8000030517578,0.0
2011-06-22,98.3000030517578,0.0
2011-06-23,98.5,0.0
2011-06-24,98.1999969482422,0.0
2011-06-27,97.4000015258789,0.0
2011-06-28,97.0999984741211,0.0
2011-06-29,98.3000030517578,0.0
2011-06-30,98.8000030517578,0.0
2011-07-01,101.0,0.0
2011-07-04,101.0,0.0
2011-07-05,102.0,0.0
2011-07-06,103.5,0.0
2011-07-07,103.0,0.0
2011-07-08,103.5,0.0
2011-07-11,102.0,0.0
2011-07-12,103.0,0.0
2011-07-13,105.0,0.0
2011-07-14,104.5,0.0
2011-07-15,105.5,0.0
2011-07-18,108.0,0.0
2011-07-19,109.5,0.0
2011-07-20,110.0,0.0
2011-07-21,104.0,5.5243
2011-07-22,99.5999984741211,0.0
2011-07-25,98.0999984741211,0.0
2011-07-26,99.8000030517578,0.0
2011-07-27,99.4000015258789,0.0
2011-07-28,100.0,0.0
2011-07-29,100.0,0.0
2011-08-01,100.0,0.0
2011-08-02,99.8000030517578,0.0
2011-08-03,99.6999969482422,0.0
2011-08-04,100.0,0.0
2011-08-05,98.0999984741211,0.0
2011-08-08,94.6999969482422,0.0
2011-08-09,94.6999969482422,0.0
2011-08-10,95.8000030517578,0.0
2011-08-11,95.8000030517578,0.0
2011-08-12,95.9000015258789,0.0
2011-08-15,98.5,0.0
2011-08-16,98.0,0.0
2011-08-17,98.0,0.0
2011-08-18,98.0999984741211,0.0
2011-08-19,98.0,0.0
2011-08-22,99.0999984741211,0.0
2011-08-23,101.5,0.0
2011-08-24,101.5,0.0
2011-08-25,101.5,0.0
2011-08-26,101.0,0.0
2011-08-29,101.0,0.0
2011-08-30,100.0,0.0
2011-08-31,99.9000015258789,0.0
2011-09-01,100.0,0.0
2011-09-02,99.5,0.0
2011-09-05,98.8000030517578,0.0
2011-09-06,98.1999969482422,0.0
2011-09-07,100.5,0.0
2011-09-08,99.5999984741211,0.0
2011-09-09,100.0,0.0
2011-09-13,99.5999984741211,0.0
2011-09-14,99.8000030517578,0.0
2011-09-15,100.5,0.0
2011-09-16,100.5,0.0
2011-09-19,100.0,0.0
2011-09-20,99.8000030517578,0.0
2011-09-21,99.0,0.0
2011-09-22,98.5,0.0
2011-09-23,97.6999969482422,0.0
2011-09-26,98.5,0.0
2011-09-27,99.8000030517578,0.0
2011-09-28,100.5,0.0
2011-09-29,101.0,0.0
2011-09-30,101.5,0.0
2011-10-03,101.5,0.0
2011-10-04,102.0,0.0
2011-10-05,100.5,0.0
2011-10-06,102.0,0.0
2011-10-07,100.0,0.0
2011-10-11,99.0999984741211,0.0
2011-10-12,99.0,0.0
2011-10-13,98.9000015258789,0.0
2011-10-14,98.5,0.0
2011-10-17,99.3000030517578,0.0
2011-10-18,99.0,0.0
2011-10-19,99.5,0.0
2011-10-20,99.4000015258789,0.0
2011-10-21,99.6999969482422,0.0
2011-10-24,101.0,0.0
2011-10-25,100.5,0.0
2011-10-26,100.5,0.0
2011-10-27,99.5,0.0
2011-10-28,99.5999984741211,0.0
2011-10-31,100.5,0.0
2011-11-01,100.0,0.0
2011-11-02,100.5,0.0
2011-11-03,100.0,0.0
2011-11-04,99.8000030517578,0.0
2011-11-07,99.9000015258789,0.0
2011-11-08,100.5,0.0
2011-11-09,100.5,0.0
2011-11-10,100.5,0.0
2011-11-11,100.5,0.0
2011-11-14,101.0,0.0
2011-11-15,101.5,0.0
2011-11-16,102.0,0.0
2011-11-17,103.5,0.0
2011-11-18,102.0,0.0
2011-11-21,100.0,0.0
2011-11-22,100.5,0.0
2011-11-23,100.0,0.0
2011-11-24,100.5,0.0
2011-11-25,99.5,0.0
2011-11-28,100.0,0.0
2011-11-29,99.5999984741211,0.0
2011-11-30,99.5999984741211,0.0
2011-12-01,101.5,0.0
2011-12-02,101.0,0.0
2011-12-05,100.5,0.0
2011-12-06,100.0,0.0
2011-12-07,101.5,0.0
2011-12-08,101.5,0.0
2011-12-09,101.0,0.0
2011-12-12,101.5,0.0
2011-12-13,101.0,0.0
2011-12-14,101.0,0.0
2011-12-15,100.0,0.0
2011-12-16,100.5,0.0
2011-12-19,100.5,0.0
2011-12-20,101.0,0.0
2011-12-21,101.5,0.0
2011-12-22,101.0,0.0
2011-12-23,100.5,0.0
2011-12-26,99.6999969482422,0.0
2011-12-27,100.5,0.0
2011-12-28,100.0,0.0
2011-12-29,100.5,0.0
2011-12-30,100.0,0.0
2012-01-02,99.6999969482422,0.0
2012-01-03,100.0,0.0
2012-01-04,100.0,0.0
2012-01-05,100.0,0.0
2012-01-06,99.9000015258789,0.0
2012-01-09,99.0,0.0
2012-01-10,98.5,0.0
2012-01-11,99.0,0.0
2012-01-12,99.0,0.0
2012-01-13,99.0,0.0
2012-01-16,98.9000015258789,0.0
2012-01-17,97.0,0.0
2012-01-18,95.9000015258789,0.0
2012-01-30,94.9000015258789,0.0
2012-01-31,96.1999969482422,0.0
2012-02-01,96.5,0.0
2012-02-02,96.0999984741211,0.0
2012-02-03,95.5,0.0
2012-02-06,95.6999969482422,0.0
2012-02-07,95.3000030517578,0.0
2012-02-08,95.8000030517578,0.0
2012-02-09,95.3000030517578,0.0
2012-02-10,94.5999984741211,0.0
2012-02-13,93.5999984741211,0.0
2012-02-14,93.9000015258789,0.0
2012-02-15,93.9000015258789,0.0
2012-02-16,94.5,0.0
2012-02-17,94.5999984741211,0.0
2012-02-20,94.5999984741211,0.0
2012-02-21,94.5999984741211,0.0
2012-02-22,92.8000030517578,0.0
2012-02-23,91.5,0.0
2012-02-24,90.0999984741211,0.0
2012-02-29,90.4000015258789,0.0
2012-03-01,91.8000030517578,0.0
2012-03-02,92.1999969482422,0.0
2012-03-05,92.0999984741211,0.0
2012-03-06,92.5,0.0
2012-03-07,92.0,0.0
2012-03-08,91.5999984741211,0.0
2012-03-09,91.3000030517578,0.0
2012-03-12,91.0,0.0
2012-03-13,91.4000015258789,0.0
2012-03-14,91.8000030517578,0.0
2012-03-15,91.0,0.0
2012-03-16,90.5,0.0
2012-03-19,90.9000015258789,0.0
2012-03-20,90.1999969482422,0.0
2012-03-21,90.1999969482422,0.0
2012-03-22,91.1999969482422,0.0
2012-03-23,91.3000030517578,0.0
2012-03-26,90.5,0.0
2012-03-27,91.0999984741211,0.0
2012-03-28,91.4000015258789,0.0
2012-03-29,90.8000030517578,0.0
2012-03-30,90.9000015258789,0.0
2012-04-02,90.9000015258789,0.0
2012-04-03,90.8000030517578,0.0
2012-04-05,90.5,0.0
2012-04-06,90.6999969482422,0.0
2012-04-09,90.8000030517578,0.0
2012-04-10,90.5,0.0
2012-04-11,90.4000015258789,0.0
2012-04-12,90.4000015258789,0.0
2012-04-13,90.5999984741211,0.0
2012-04-16,90.3000030517578,0.0
2012-04-17,90.0,0.0
2012-04-18,89.5,0.0
2012-04-19,88.30000305175781,0.0
2012-04-20,87.5999984741211,0.0
2012-04-23,88.30000305175781,0.0
2012-04-24,89.69999694824219,0.0
2012-04-25,90.5,0.0
2012-04-26,90.5999984741211,0.0
2012-04-27,91.3000030517578,0.0
2012-04-30,91.4000015258789,0.0
2012-05-02,90.8000030517578,0.0
2012-05-03,91.0999984741211,0.0
2012-05-04,91.5,0.0
2012-05-07,90.5,0.0
2012-05-08,91.0999984741211,0.0
2012-05-09,90.1999969482422,0.0
2012-05-10,89.4000015258789,0.0
2012-05-11,90.0,0.0
2012-05-14,90.0,0.0
2012-05-15,91.4000015258789,0.0
2012-05-16,90.3000030517578,0.0
2012-05-17,91.0,0.0
2012-05-18,90.3000030517578,0.0
2012-05-21,90.8000030517578,0.0
2012-05-22,91.4000015258789,0.0
2012-05-23,91.3000030517578,0.0
2012-05-24,91.4000015258789,0.0
2012-05-25,91.1999969482422,0.0
2012-05-28,90.9000015258789,0.0
2012-05-29,90.9000015258789,0.0
2012-05-30,90.0,0.0
2012-05-31,90.1999969482422,0.0
2012-06-01,90.0,0.0
2012-06-04,89.69999694824219,0.0
2012-06-05,90.0,0.0
2012-06-06,90.6999969482422,0.0
2012-06-07,90.8000030517578,0.0
2012-06-08,90.1999969482422,0.0
2012-06-11,91.0,0.0
2012-06-12,90.5,0.0
2012-06-13,90.4000015258789,0.0
2012-06-14,90.3000030517578,0.0
2012-06-15,90.0999984741211,0.0
2012-06-18,90.6999969482422,0.0
2012-06-19,90.9000015258789,0.0
2012-06-20,91.5,0.0
2012-06-21,91.6999969482422,0.0
2012-06-22,91.3000030517578,0.0
2012-06-25,91.1999969482422,0.0
2012-06-26,92.0,0.0
2012-06-27,93.0,0.0
2012-06-28,92.8000030517578,0.0
2012-06-29,94.0,0.0
2012-07-02,93.9000015258789,0.0
2012-07-03,94.6999969482422,0.0
2012-07-04,95.0,0.0
2012-07-05,95.0999984741211,0.0
2012-07-06,95.1999969482422,0.0
2012-07-09,95.4000015258789,0.0
2012-07-10,95.5999984741211,0.0
2012-07-11,95.4000015258789,0.0
2012-07-12,93.5999984741211,0.0
2012-07-13,93.8000030517578,0.0
2012-07-16,93.8000030517578,0.0
2012-07-17,89.5,5.4608
2012-07-18,89.4000015258789,0.0
2012-07-19,89.5999984741211,0.0
2012-07-20,89.5999984741211,0.0
2012-07-23,89.30000305175781,0.0
2012-07-24,88.80000305175781,0.0
2012-07-25,89.0999984741211,0.0
2012-07-26,88.30000305175781,0.0
2012-07-27,88.0999984741211,0.0
2012-07-30,88.4000015258789,0.0
2012-07-31,90.0,0.0
2012-08-01,88.9000015258789,0.0
2012-08-02,88.9000015258789,0.0
2012-08-03,89.5,0.0
2012-08-06,89.5,0.0
2012-08-07,89.0,0.0
2012-08-08,88.5999984741211,0.0
2012-08-09,89.80000305175781,0.0
2012-08-10,89.9000015258789,0.0
2012-08-13,90.0,0.0
2012-08-14,90.1999969482422,0.0
2012-08-15,90.5999984741211,0.0
2012-08-16,90.4000015258789,0.0
2012-08-17,90.0,0.0
2012-08-20,89.69999694824219,0.0
2012-08-21,90.3000030517578,0.0
2012-08-22,90.5,0.0
2012-08-23,90.5999984741211,0.0
2012-08-24,90.0999984741211,0.0
2012-08-27,90.0999984741211,0.0
2012-08-28,90.0,0.0
2012-08-29,90.1999969482422,0.0
2012-08-30,90.5,0.0
2012-08-31,90.5,0.0
2012-09-03,90.0999984741211,0.0
2012-09-04,90.0,0.0
2012-09-05,90.0,0.0
2012-09-06,90.4000015258789,0.0
2012-09-07,90.5,0.0
2012-09-10,90.5999984741211,0.0
2012-09-11,90.5999984741211,0.0
2012-09-12,90.9000015258789,0.0
2012-09-13,90.9000015258789,0.0
2012-09-14,92.0,0.0
2012-09-17,92.5,0.0
2012-09-18,92.5,0.0
2012-09-19,93.1999969482422,0.0
2012-09-20,92.5,0.0
2012-09-21,93.0,0.0
2012-09-24,92.9000015258789,0.0
2012-09-25,93.1999969482422,0.0
2012-09-26,93.1999969482422,0.0
2012-09-27,93.6999969482422,0.0
2012-09-28,93.9000015258789,0.0
2012-10-01,93.3000030517578,0.0
2012-10-02,93.5,0.0
2012-10-03,92.8000030517578,0.0
2012-10-04,93.0,0.0
2012-10-05,93.0,0.0
2012-10-08,92.6999969482422,0.0
2012-10-09,93.5999984741211,0.0
2012-10-11,93.4000015258789,0.0
2012-10-12,92.8000030517578,0.0
2012-10-15,92.0999984741211,0.0
2012-10-16,92.3000030517578,0.0
2012-10-17,91.8000030517578,0.0
2012-10-18,92.4000015258789,0.0
2012-10-19,92.0,0.0
2012-10-22,92.0999984741211,0.0
2012-10-23,92.1999969482422,0.0
2012-10-24,92.1999969482422,0.0
2012-10-25,92.0,0.0
2012-10-26,91.5,0.0
2012-10-29,91.0,0.0
2012-10-30,91.8000030517578,0.0
2012-10-31,91.5999984741211,0.0
2012-11-01,91.4000015258789,0.0
2012-11-02,91.6999969482422,0.0
2012-11-05,92.4000015258789,0.0
2012-11-06,93.3000030517578,0.0
2012-11-07,92.5,0.0
2012-11-08,93.0,0.0
2012-11-09,92.5,0.0
2012-11-12,92.1999969482422,0.0
2012-11-13,92.0999984741211,0.0
2012-11-14,92.1999969482422,0.0
2012-11-15,92.5999984741211,0.0
2012-11-16,92.5999984741211,0.0
2012-11-19,92.5999984741211,0.0
2012-11-20,92.6999969482422,0.0
2012-11-21,92.5999984741211,0.0
2012-11-22,92.6999969482422,0.0
2012-11-23,92.9000015258789,0.0
2012-11-26,93.0,0.0
2012-11-27,93.5,0.0
2012-11-28,93.5,0.0
2012-11-29,93.8000030517578,0.0
2012-11-30,93.9000015258789,0.0
2012-12-03,93.9000015258789,0.0
2012-12-04,93.6999969482422,0.0
2012-12-05,94.0,0.0
2012-12-06,94.0,0.0
2012-12-07,94.1999969482422,0.0
2012-12-10,94.5,0.0
2012-12-11,95.0,0.0
2012-12-12,94.8000030517578,0.0
2012-12-13,94.4000015258789,0.0
2012-12-14,93.6999969482422,0.0
2012-12-17,93.6999969482422,0.0
2012-12-18,93.6999969482422,0.0
2012-12-19,93.6999969482422,0.0
2012-12-20,93.5999984741211,0.0
2012-12-21,93.3000030517578,0.0
2012-12-24,92.8000030517578,0.0
2012-12-25,93.6999969482422,0.0
2012-12-26,92.5,0.0
2012-12-27,93.5,0.0
2012-12-28,94.5,0.0
2013-01-02,94.0,0.0
2013-01-03,93.0,0.0
2013-01-04,93.9000015258789,0.0
2013-01-07,93.9000015258789,0.0
2013-01-08,94.1999969482422,0.0
2013-01-09,94.0999984741211,0.0
2013-01-10,94.5,0.0
2013-01-11,94.1999969482422,0.0
2013-01-14,94.4000015258789,0.0
2013-01-15,94.6999969482422,0.0
2013-01-16,93.8000030517578,0.0
2013-01-17,93.9000015258789,0.0
2013-01-18,94.6999969482422,0.0
2013-01-21,94.5999984741211,0.0
2013-01-22,94.9000015258789,0.0
2013-01-23,95.0,0.0
2013-01-24,94.5,0.0
2013-01-25,94.4000015258789,0.0
2013-01-28,94.5,0.0
2013-01-29,94.5,0.0
2013-01-30,93.8000030517578,0.0
2013-01-31,94.0,0.0
2013-02-01,93.8000030517578,0.0
2013-02-04,93.9000015258789,0.0
2013-02-05,93.9000015258789,0.0
2013-02-06,93.9000015258789,0.0
2013-02-18,92.5,0.0
2013-02-19,92.3000030517578,0.0
2013-02-20,92.5,0.0
2013-02-21,92.9000015258789,0.0
2013-02-22,93.0,0.0
2013-02-25,93.0,0.0
2013-02-26,92.5999984741211,0.0
2013-02-27,92.1999969482422,0.0
2013-03-01,92.4000015258789,0.0
2013-03-04,91.6999969482422,0.0
2013-03-05,91.6999969482422,0.0
2013-03-06,91.8000030517578,0.0
2013-03-07,92.0,0.0
2013-03-08,92.3000030517578,0.0
2013-03-11,92.0,0.0
2013-03-12,92.5999984741211,0.0
2013-03-13,92.6999969482422,0.0
2013-03-14,92.4000015258789,0.0
2013-03-15,93.0,0.0
2013-03-18,92.3000030517578,0.0
2013-03-19,92.3000030517578,0.0
2013-03-20,92.0,0.0
2013-03-21,92.0,0.0
2013-03-22,92.0,0.0
2013-03-25,92.0999984741211,0.0
2013-03-26,92.1999969482422,0.0
2013-03-27,92.0999984741211,0.0
2013-03-28,92.1999969482422,0.0
2013-03-29,92.8000030517578,0.0
2013-04-01,93.0,0.0
2013-04-02,93.0999984741211,0.0
2013-04-03,93.0999984741211,0.0
2013-04-08,92.3000030517578,0.0
2013-04-09,92.3000030517578,0.0
2013-04-10,92.3000030517578,0.0
2013-04-11,92.9000015258789,0.0
2013-04-12,93.1999969482422,0.0
2013-04-15,93.3000030517578,0.0
2013-04-16,93.5999984741211,0.0
2013-04-17,93.5999984741211,0.0
2013-04-18,93.1999969482422,0.0
2013-04-19,93.5999984741211,0.0
2013-04-22,93.8000030517578,0.0
2013-04-23,93.9000015258789,0.0
2013-04-24,93.8000030517578,0.0
2013-04-25,93.8000030517578,0.0
2013-04-26,94.0999984741211,0.0
2013-04-29,94.5,0.0
2013-04-30,93.8000030517578,0.0
2013-05-02,95.0,0.0
2013-05-03,95.1999969482422,0.0
2013-05-06,95.0999984741211,0.0
2013-05-07,95.0999984741211,0.0
2013-05-08,95.6999969482422,0.0
2013-05-09,96.0,0.0
2013-05-10,96.0,0.0
2013-05-13,95.9000015258789,0.0
2013-05-14,96.0,0.0
2013-05-15,97.1999969482422,0.0
2013-05-16,97.5,0.0
2013-05-17,97.5,0.0
2013-05-20,97.5,0.0
2013-05-21,98.0999984741211,0.0
2013-05-22,98.1999969482422,0.0
2013-05-23,97.5999984741211,0.0
2013-05-24,96.5,0.0
2013-05-27,97.0,0.0
2013-05-28,97.0,0.0
2013-05-29,97.0999984741211,0.0
2013-05-30,95.5999984741211,0.0
2013-05-31,95.5,0.0
2013-06-03,95.0,0.0
2013-06-04,94.9000015258789,0.0
2013-06-05,94.5,0.0
2013-06-06,94.5,0.0
2013-06-07,95.0,0.0
2013-06-10,95.1999969482422,0.0
2013-06-11,95.1999969482422,0.0
2013-06-13,94.5,0.0
2013-06-14,94.5999984741211,0.0
2013-06-17,95.1999969482422,0.0
2013-06-18,96.0,0.0
2013-06-19,95.6999969482422,0.0
2013-06-20,95.3000030517578,0.0
2013-06-21,95.0,0.0
2013-06-24,95.0999984741211,0.0
2013-06-25,95.5,0.0
2013-06-26,95.3000030517578,0.0
2013-06-27,95.9000015258789,0.0
2013-06-28,102.0,0.0
2013-07-01,98.0,0.0
2013-07-02,97.9000015258789,0.0
2013-07-03,97.8000030517578,0.0
2013-07-04,98.0999984741211,0.0
2013-07-05,99.1999969482422,0.0
2013-07-08,98.6999969482422,0.0
2013-07-09,99.4000015258789,0.0
2013-07-10,99.4000015258789,0.0
2013-07-11,99.8000030517578,0.0
2013-07-12,100.0,0.0
2013-07-15,99.9000015258789,0.0
2013-07-16,99.8000030517578,0.0
2013-07-17,95.4000015258789,0.0
2013-07-18,95.6999969482422,0.0
2013-07-19,95.5,0.0
2013-07-22,96.5,0.0
2013-07-23,96.6999969482422,0.0
2013-07-24,95.8000030517578,0.0
2013-07-25,95.5999984741211,0.0
2013-07-26,95.5999984741211,0.0
2013-07-29,95.6999969482422,0.0
2013-07-30,95.5,0.0
2013-07-31,95.9000015258789,0.0
2013-08-01,94.9000015258789,0.0
2013-08-02,95.0,0.0
2013-08-05,95.1999969482422,0.0
2013-08-06,94.4000015258789,0.0
2013-08-07,93.8000030517578,0.0
2013-08-08,93.5999984741211,0.0
2013-08-09,93.5,0.0
2013-08-12,94.0,0.0
2013-08-13,94.0,0.0
2013-08-14,93.8000030517578,0.0
2013-08-15,93.4000015258789,0.0
2013-08-16,94.0,0.0
2013-08-19,93.4000015258789,0.0
2013-08-20,93.4000015258789,0.0
2013-08-22,93.0999984741211,0.0
2013-08-23,93.1999969482422,0.0
2013-08-26,93.6999969482422,0.0
2013-08-27,94.0,0.0
2013-08-28,93.5,0.0
2013-08-29,93.8000030517578,0.0
2013-08-30,94.5999984741211,0.0
2013-09-02,94.3000030517578,0.0
2013-09-03,94.0999984741211,0.0
2013-09-04,94.5999984741211,0.0
2013-09-05,94.8000030517578,0.0
2013-09-06,94.4000015258789,0.0
2013-09-09,94.5999984741211,0.0
2013-09-10,94.9000015258789,0.0
2013-09-11,94.4000015258789,0.0
2013-09-12,94.0,0.0
2013-09-13,94.3000030517578,0.0
2013-09-16,94.9000015258789,0.0
2013-09-17,94.8000030517578,0.0
2013-09-18,94.9000015258789,0.0
2013-09-23,94.6999969482422,0.0
2013-09-24,94.0,0.0
2013-09-25,94.3000030517578,0.0
2013-09-26,93.5999984741211,0.0
2013-09-27,93.9000015258789,0.0
2013-09-30,94.6999969482422,0.0
2013-10-01,94.0,0.0
2013-10-02,93.5,0.0
2013-10-03,93.8000030517578,0.0
2013-10-04,94.0,0.0
2013-10-07,93.6999969482422,0.0
2013-10-08,93.1999969482422,0.0
2013-10-09,93.0999984741211,0.0
2013-10-11,92.8000030517578,0.0
2013-10-14,93.1999969482422,0.0
2013-10-15,93.0,0.0
2013-10-16,93.5,0.0
2013-10-17,93.5,0.0
2013-10-18,93.4000015258789,0.0
2013-10-21,92.4000015258789,0.0
2013-10-22,90.5999984741211,0.0
2013-10-23,92.3000030517578,0.0
2013-10-24,92.6999969482422,0.0
2013-10-25,92.3000030517578,0.0
2013-10-28,93.1999969482422,0.0
2013-10-29,93.1999969482422,0.0
2013-10-30,94.4000015258789,0.0
2013-10-31,94.5999984741211,0.0
2013-11-01,93.3000030517578,0.0
2013-11-04,92.5,0.0
2013-11-05,93.0,0.0
2013-11-06,93.3000030517578,0.0
2013-11-07,93.0,0.0
2013-11-08,93.0,0.0
2013-11-11,92.4000015258789,0.0
2013-11-12,93.0,0.0
2013-11-13,92.4000015258789,0.0
2013-11-14,91.9000015258789,0.0
2013-11-15,91.9000015258789,0.0
2013-11-18,91.9000015258789,0.0
2013-11-19,92.3000030517578,0.0
2013-11-20,91.8000030517578,0.0
2013-11-21,91.4000015258789,0.0
2013-11-22,91.5,0.0
2013-11-25,91.5,0.0
2013-11-26,92.8000030517578,0.0
2013-11-27,92.5,0.0
2013-11-28,92.5,0.0
2013-11-29,92.8000030517578,0.0
2013-12-02,92.6999969482422,0.0
2013-12-03,92.3000030517578,0.0
2013-12-04,91.9000015258789,0.0
2013-12-05,91.8000030517578,0.0
2013-12-06,91.9000015258789,0.0
2013-12-09,92.6999969482422,0.0
2013-12-10,92.5,0.0
2013-12-11,92.9000015258789,0.0
2013-12-12,92.5,0.0
2013-12-13,92.3000030517578,0.0
2013-12-16,91.9000015258789,0.0
2013-12-17,92.0,0.0
2013-12-18,92.0,0.0
2013-12-19,92.3000030517578,0.0
2013-12-20,92.5999984741211,0.0
2013-12-23,92.4000015258789,0.0
2013-12-24,92.4000015258789,0.0
2013-12-25,92.5999984741211,0.0
2013-12-26,93.0,0.0
2013-12-27,93.4000015258789,0.0
2013-12-30,93.1999969482422,0.0
2013-12-31,93.0999984741211,0.0
2014-01-02,92.8000030517578,0.0
2014-01-03,92.8000030517578,0.0
2014-01-06,92.3000030517578,0.0
2014-01-07,92.0999984741211,0.0
2014-01-08,92.0999984741211,0.0
2014-01-09,92.0999984741211,0.0
2014-01-10,91.9000015258789,0.0
2014-01-13,92.0,0.0
2014-01-14,92.0,0.0
2014-01-15,92.0,0.0
2014-01-16,92.0,0.0
2014-01-17,92.0,0.0
2014-01-20,91.8000030517578,0.0
2014-01-21,91.9000015258789,0.0
2014-01-22,91.9000015258789,0.0
2014-01-23,91.8000030517578,0.0
2014-01-24,91.6999969482422,0.0
2014-01-27,91.9000015258789,0.0
2014-02-05,90.3000030517578,0.0
2014-02-06,90.3000030517578,0.0
2014-02-07,90.4000015258789,0.0
2014-02-10,90.3000030517578,0.0
2014-02-11,90.0999984741211,0.0
2014-02-12,90.6999969482422,0.0
2014-02-13,90.6999969482422,0.0
2014-02-14,91.1999969482422,0.0
2014-02-17,91.1999969482422,0.0
2014-02-18,91.3000030517578,0.0
2014-02-19,91.8000030517578,0.0
2014-02-20,91.3000030517578,0.0
2014-02-21,91.6999969482422,0.0
2014-02-24,91.8000030517578,0.0
2014-02-25,91.4000015258789,0.0
2014-02-26,91.4000015258789,0.0
2014-02-27,92.0,0.0
2014-03-03,91.6999969482422,0.0
2014-03-04,91.3000030517578,0.0
2014-03-05,91.9000015258789,0.0
2014-03-06,92.3000030517578,0.0
2014-03-07,92.4000015258789,0.0
2014-03-10,92.4000015258789,0.0
2014-03-11,93.0,0.0
2014-03-12,93.0,0.0
2014-03-13,93.1999969482422,0.0
2014-03-14,92.1999969482422,0.0
2014-03-17,92.5,0.0
2014-03-18,93.0,0.0
2014-03-19,93.3000030517578,0.0
2014-03-20,92.9000015258789,0.0
2014-03-21,93.0,0.0
2014-03-24,92.9000015258789,0.0
2014-03-25,93.6999969482422,0.0
2014-03-26,92.8000030517578,0.0
2014-03-27,93.3000030517578,0.0
2014-03-28,93.4000015258789,0.0
2014-03-31,93.6999969482422,0.0
2014-04-01,93.6999969482422,0.0
2014-04-02,93.6999969482422,0.0
2014-04-03,93.4000015258789,0.0
2014-04-07,93.5,0.0
2014-04-08,93.1999969482422,0.0
2014-04-09,93.4000015258789,0.0
2014-04-10,93.6999969482422,0.0
2014-04-11,93.6999969482422,0.0
2014-04-14,93.6999969482422,0.0
2014-04-15,94.0,0.0
2014-04-16,94.0,0.0
2014-04-17,94.3000030517578,0.0
2014-04-18,94.5,0.0
2014-04-21,94.4000015258789,0.0
2014-04-22,94.4000015258789,0.0
2014-04-23,94.5,0.0
2014-04-24,94.5,0.0
2014-04-25,93.6999969482422,0.0
2014-04-28,94.0,0.0
2014-04-29,94.0999984741211,0.0
2014-04-30,94.1999969482422,0.0
2014-05-02,94.4000015258789,0.0
2014-05-05,94.0,0.0
2014-05-06,94.0,0.0
2014-05-07,94.0,0.0
2014-05-08,94.0999984741211,0.0
2014-05-09,94.8000030517578,0.0
2014-05-12,94.0,0.0
2014-05-13,94.4000015258789,0.0
2014-05-14,94.8000030517578,0.0
2014-05-15,94.5999984741211,0.0
2014-05-16,94.9000015258789,0.0
2014-05-19,95.0,0.0
2014-05-20,95.0999984741211,0.0
2014-05-21,95.4000015258789,0.0
2014-05-22,96.0,0.0
2014-05-23,96.5,0.0
2014-05-26,96.8000030517578,0.0
2014-05-27,96.1999969482422,0.0
2014-05-28,96.6999969482422,0.0
2014-05-29,96.5,0.0
2014-05-30,96.0,0.0
2014-06-03,96.5,0.0
2014-06-04,95.5,0.0
2014-06-05,95.0,0.0
2014-06-06,95.4000015258789,0.0
2014-06-09,96.0,0.0
2014-06-10,96.5999984741211,0.0
2014-06-11,96.5,0.0
2014-06-12,96.0999984741211,0.0
2014-06-13,96.1999969482422,0.0
2014-06-16,96.4000015258789,0.0
2014-06-17,96.1999969482422,0.0
2014-06-18,96.5,0.0
2014-06-19,96.9000015258789,0.0
2014-06-20,96.4000015258789,0.0
2014-06-23,96.4000015258789,0.0
2014-06-24,96.4000015258789,0.0
2014-06-25,96.0999984741211,0.0
2014-06-26,96.0,0.0
2014-06-27,96.5,0.0
2014-06-30,96.1999969482422,0.0
2014-07-01,96.0999984741211,0.0
2014-07-02,96.0,0.0
2014-07-03,95.8000030517578,0.0
2014-07-04,95.5999984741211,0.0
2014-07-07,95.5999984741211,0.0
2014-07-08,96.0999984741211,0.0
2014-07-09,96.0999984741211,0.0
2014-07-10,96.0,0.0
2014-07-11,95.8000030517578,0.0
2014-07-14,95.8000030517578,0.0
2014-07-15,95.9000015258789,0.0
2014-07-16,95.5999984741211,0.0
2014-07-17,92.0,4.5251
2014-07-18,92.0,0.0
2014-07-21,91.5999984741211,0.0
2014-07-22,91.9000015258789,0.0
2014-07-23,91.9000015258789,0.0
2014-07-24,92.0,0.0
2014-07-25,91.5999984741211,0.0
2014-07-28,91.3000030517578,0.0
2014-07-29,91.5999984741211,0.0
2014-07-30,91.5999984741211,0.0
2014-07-31,91.5,0.0
2014-08-01,92.0,0.0
2014-08-04,91.5,0.0
2014-08-05,91.0999984741211,0.0
2014-08-06,91.0999984741211,0.0
2014-08-07,91.8000030517578,0.0
2014-08-08,91.5,0.0
2014-08-11,91.8000030517578,0.0
2014-08-12,91.8000030517578,0.0
2014-08-13,92.1999969482422,0.0
2014-08-14,92.0,0.0
2014-08-15,92.0,0.0
2014-08-18,91.9000015258789,0.0
2014-08-19,93.0,0.0
2014-08-20,93.3000030517578,0.0
2014-08-21,93.1999969482422,0.0
2014-08-22,93.5999984741211,0.0
2014-08-25,93.5,0.0
2014-08-26,93.5,0.0
2014-08-27,93.5,0.0
2014-08-28,93.6999969482422,0.0
2014-08-29,92.9000015258789,0.0
2014-09-01,92.1999969482422,0.0
2014-09-02,91.9000015258789,0.0
2014-09-03,92.9000015258789,0.0
2014-09-04,92.5,0.0
2014-09-05,92.0,0.0
2014-09-09,92.3000030517578,0.0
2014-09-10,91.9000015258789,0.0
2014-09-11,91.8000030517578,0.0
2014-09-12,92.0999984741211,0.0
2014-09-15,91.5999984741211,0.0
2014-09-16,91.4000015258789,0.0
2014-09-17,91.6999969482422,0.0
2014-09-18,92.0,0.0
2014-09-19,92.0,0.0
2014-09-22,91.5999984741211,0.0
2014-09-23,91.6999969482422,0.0
2014-09-24,91.8000030517578,0.0
2014-09-25,91.5,0.0
2014-09-26,91.5,0.0
2014-09-29,91.0,0.0
2014-09-30,91.6999969482422,0.0
2014-10-01,91.6999969482422,0.0
2014-10-02,91.5,0.0
2014-10-03,91.8000030517578,0.0
2014-10-06,91.0999984741211,0.0
2014-10-07,91.0999984741211,0.0
2014-10-08,91.5,0.0
2014-10-09,91.4000015258789,0.0
2014-10-13,91.0999984741211,0.0
2014-10-14,91.4000015258789,0.0
2014-10-15,91.5,0.0
2014-10-16,91.5,0.0
2014-10-17,90.3000030517578,0.0
2014-10-20,91.0999984741211,0.0
2014-10-21,91.6999969482422,0.0
2014-10-22,91.5999984741211,0.0
2014-10-23,91.4000015258789,0.0
2014-10-24,91.6999969482422,0.0
2014-10-27,91.5999984741211,0.0
2014-10-28,92.0,0.0
2014-10-29,92.4000015258789,0.0
2014-10-30,92.6999969482422,0.0
2014-10-31,92.6999969482422,0.0
2014-11-03,92.5,0.0
2014-11-04,92.5,0.0
2014-11-05,92.4000015258789,0.0
2014-11-06,92.5,0.0
2014-11-07,92.1999969482422,0.0
2014-11-10,92.6999969482422,0.0
2014-11-11,92.8000030517578,0.0
2014-11-12,92.4000015258789,0.0
2014-11-13,92.5,0.0
2014-11-14,92.9000015258789,0.0
2014-11-17,92.5999984741211,0.0
2014-11-18,92.6999969482422,0.0
2014-11-19,93.1999969482422,0.0
2014-11-20,93.5999984741211,0.0
2014-11-21,93.5,0.0
2014-11-24,93.1999969482422,0.0
2014-11-25,92.4000015258789,0.0
2014-11-26,92.5999984741211,0.0
2014-11-27,92.5999984741211,0.0
2014-11-28,93.0,0.0
2014-12-01,92.4000015258789,0.0
2014-12-02,92.1999969482422,0.0
2014-12-03,92.6999969482422,0.0
2014-12-04,92.8000030517578,0.0
2014-12-05,92.8000030517578,0.0
2014-12-08,93.0,0.0
2014-12-09,92.6999969482422,0.0
2014-12-10,92.0999984741211,0.0
2014-12-11,91.8000030517578,0.0
2014-12-12,91.9000015258789,0.0
2014-12-15,91.5999984741211,0.0
2014-12-16,92.0,0.0
2014-12-17,91.8000030517578,0.0
2014-12-18,92.0,0.0
2014-12-19,92.5,0.0
2014-12-22,92.5999984741211,0.0
2014-12-23,92.0,0.0
2014-12-24,93.0,0.0
2014-12-25,92.9000015258789,0.0
2014-12-26,93.0,0.0
2014-12-29,93.1999969482422,0.0
2014-12-30,93.1999969482422,0.0
2014-12-31,94.0,0.0
2015-01-05,93.0,0.0
2015-01-06,92.5,0.0
2015-01-07,92.5,0.0
2015-01-08,92.8000030517578,0.0
2015-01-09,93.0,0.0
2015-01-12,93.6999969482422,0.0
2015-01-13,94.0999984741211,0.0
2015-01-14,93.9000015258789,0.0
2015-01-15,93.5,0.0
2015-01-16,93.8000030517578,0.0
2015-01-19,93.9000015258789,0.0
2015-01-20,94.4000015258789,0.0
2015-01-21,95.0,0.0
2015-01-22,95.3000030517578,0.0
2015-01-23,95.5,0.0
2015-01-26,95.3000030517578,0.0
2015-01-27,95.5,0.0
2015-01-28,95.5,0.0
2015-01-29,95.0,0.0
2015-01-30,95.5,0.0
2015-02-02,95.4000015258789,0.0
2015-02-03,95.5,0.0
2015-02-04,95.8000030517578,0.0
2015-02-05,96.0,0.0
2015-02-06,96.0,0.0
2015-02-09,95.5999984741211,0.0
2015-02-10,96.0,0.0
2015-02-11,96.0,0.0
2015-02-12,96.5,0.0
2015-02-13,96.9000015258789,0.0
2015-02-24,98.5999984741211,0.0
2015-02-25,98.9000015258789,0.0
2015-02-26,98.1999969482422,0.0
2015-03-02,98.0,0.0
2015-03-03,98.0,0.0
2015-03-04,98.0,0.0
2015-03-05,98.0,0.0
2015-03-06,98.0,0.0
2015-03-09,97.1999969482422,0.0
2015-03-10,97.3000030517578,0.0
2015-03-11,97.3000030517578,0.0
2015-03-12,97.5,0.0
2015-03-13,98.5,0.0
2015-03-16,98.0,0.0
2015-03-17,98.4000015258789,0.0
2015-03-18,98.5999984741211,0.0
2015-03-19,99.0,0.0
2015-03-20,99.0999984741211,0.0
2015-03-23,98.8000030517578,0.0
2015-03-24,99.6999969482422,0.0
2015-03-25,99.5,0.0
2015-03-26,99.8000030517578,0.0
2015-03-27,99.5,0.0
2015-03-30,99.5,0.0
2015-03-31,99.5,0.0
2015-04-01,98.6999969482422,0.0
2015-04-02,99.3000030517578,0.0
2015-04-07,98.8000030517578,0.0
2015-04-08,98.8000030517578,0.0
2015-04-09,99.0999984741211,0.0
2015-04-10,99.5,0.0
2015-04-13,99.5999984741211,0.0
2015-04-14,99.0,0.0
2015-04-15,97.5,0.0
2015-04-16,98.0999984741211,0.0
2015-04-17,97.5999984741211,0.0
2015-04-20,97.8000030517578,0.0
2015-04-21,98.0,0.0
2015-04-22,98.0,0.0
2015-04-23,98.8000030517578,0.0
2015-04-24,99.4000015258789,0.0
2015-04-27,99.3000030517578,0.0
2015-04-28,99.3000030517578,0.0
2015-04-29,99.4000015258789,0.0
2015-04-30,99.0,0.0
2015-05-04,99.0,0.0
2015-05-05,99.3000030517578,0.0
2015-05-06,99.4000015258789,0.0
2015-05-07,98.6999969482422,0.0
2015-05-08,98.9000015258789,0.0
2015-05-11,99.0999984741211,0.0
2015-05-12,99.0999984741211,0.0
2015-05-13,98.6999969482422,0.0
2015-05-14,98.4000015258789,0.0
2015-05-15,98.4000015258789,0.0
2015-05-18,98.4000015258789,0.0
2015-05-19,99.0,0.0
2015-05-20,98.5,0.0
2015-05-21,97.5999984741211,0.0
2015-05-22,98.1999969482422,0.0
2015-05-25,98.0,0.0
2015-05-26,97.8000030517578,0.0
2015-05-27,97.8000030517578,0.0
2015-05-28,97.3000030517578,0.0
2015-05-29,97.0,0.0
2015-06-01,97.0999984741211,0.0
2015-06-02,96.9000015258789,0.0
2015-06-03,96.5999984741211,0.0
2015-06-04,95.8000030517578,0.0
2015-06-05,96.0,0.0
2015-06-08,97.6999969482422,0.0
2015-06-09,97.0,0.0
2015-06-10,97.0,0.0
2015-06-11,97.5,0.0
2015-06-12,97.0,0.0
2015-06-15,96.5999984741211,0.0
2015-06-16,96.0,0.0
2015-06-17,95.6999969482422,0.0
2015-06-18,95.9000015258789,0.0
2015-06-22,96.6999969482422,0.0
2015-06-23,97.0,0.0
2015-06-24,97.1999969482422,0.0
2015-06-25,97.5,0.0
2015-06-26,97.5,0.0
2015-06-29,97.5,0.0
2015-06-30,98.4000015258789,0.0
2015-07-01,98.0,0.0
2015-07-02,98.0999984741211,0.0
2015-07-03,98.3000030517578,0.0
2015-07-06,98.3000030517578,0.0
2015-07-07,98.6999969482422,0.0
2015-07-08,98.0,0.0
2015-07-09,97.6999969482422,0.0
2015-07-10,97.6999969482422,0.0
2015-07-13,98.1999969482422,0.0
2015-07-14,98.1999969482422,0.0
2015-07-15,98.1999969482422,0.0
2015-07-16,94.9000015258789,4.8564
2015-07-17,95.0999984741211,0.0
2015-07-20,95.0,0.0
2015-07-21,95.0999984741211,0.0
2015-07-22,95.3000030517578,0.0
2015-07-23,95.4000015258789,0.0
2015-07-24,95.5,0.0
2015-07-27,96.0,0.0
2015-07-28,95.5,0.0
2015-07-29,96.0,0.0
2015-07-30,96.5,0.0
2015-07-31,98.0,0.0
2015-08-03,97.8000030517578,0.0
2015-08-04,98.9000015258789,0.0
2015-08-05,99.3000030517578,0.0
2015-08-06,98.5999984741211,0.0
2015-08-07,98.0,0.0
2015-08-10,98.1999969482422,0.0
2015-08-11,98.6999969482422,0.0
2015-08-12,99.0,0.0
2015-08-13,98.4000015258789,0.0
2015-08-14,97.5,0.0
2015-08-17,97.4000015258789,0.0
2015-08-18,98.4000015258789,0.0
2015-08-19,98.4000015258789,0.0
2015-08-20,97.9000015258789,0.0
2015-08-21,97.5,0.0
2015-08-24,95.0999984741211,0.0
2015-08-25,95.3000030517578,0.0
2015-08-26,95.0999984741211,0.0
2015-08-27,96.0999984741211,0.0
2015-08-28,96.0999984741211,0.0
2015-08-31,98.8000030517578,0.0
2015-09-01,97.4000015258789,0.0
2015-09-02,97.0,0.0
2015-09-03,97.3000030517578,0.0
2015-09-04,97.5,0.0
2015-09-07,97.5,0.0
2015-09-08,96.5,0.0
2015-09-09,97.5,0.0
2015-09-10,97.5,0.0
2015-09-11,98.0,0.0
2015-09-14,98.0,0.0
2015-09-15,98.4000015258789,0.0
2015-09-16,98.4000015258789,0.0
2015-09-17,98.5,0.0
2015-09-18,98.5,0.0
2015-09-21,97.5,0.0
2015-09-22,98.3000030517578,0.0
2015-09-23,97.6999969482422,0.0
2015-09-24,98.0999984741211,0.0
2015-09-25,98.0,0.0
2015-09-29,98.0,0.0
2015-09-30,98.8000030517578,0.0
2015-10-01,98.6999969482422,0.0
2015-10-02,99.0,0.0
2015-10-05,98.5999984741211,0.0
2015-10-06,98.5999984741211,0.0
2015-10-07,98.5,0.0
2015-10-08,98.5,0.0
2015-10-12,99.0,0.0
2015-10-13,98.9000015258789,0.0
2015-10-14,98.9000015258789,0.0
2015-10-15,99.3000030517578,0.0
2015-10-16,98.6999969482422,0.0
2015-10-19,99.8000030517578,0.0
2015-10-20,100.0,0.0
2015-10-21,99.8000030517578,0.0
2015-10-22,99.9000015258789,0.0
2015-10-23,100.0,0.0
2015-10-26,100.5,0.0
2015-10-27,100.5,0.0
2015-10-28,100.5,0.0
2015-10-29,100.5,0.0
2015-10-30,99.6999969482422,0.0
2015-11-02,100.5,0.0
2015-11-03,100.0,0.0
2015-11-04,100.0,0.0
2015-11-05,100.0,0.0
2015-11-06,99.0,0.0
2015-11-09,99.1999969482422,0.0
2015-11-10,98.5,0.0
2015-11-11,98.5,0.0
2015-11-12,99.0,0.0
2015-11-13,98.0999984741211,0.0
2015-11-16,97.3000030517578,0.0
2015-11-17,99.5,0.0
2015-11-18,98.8000030517578,0.0
2015-11-19,100.0,0.0
2015-11-20,99.3000030517578,0.0
2015-11-23,99.4000015258789,0.0
2015-11-24,99.0,0.0
2015-11-25,99.0,0.0
2015-11-26,99.3000030517578,0.0
2015-11-27,99.0,0.0
2015-11-30,99.8000030517578,0.0
2015-12-01,99.9000015258789,0.0
2015-12-02,99.0999984741211,0.0
2015-12-03,98.6999969482422,0.0
2015-12-04,99.0,0.0
2015-12-07,99.0,0.0
2015-12-08,98.5999984741211,0.0
2015-12-09,98.4000015258789,0.0
2015-12-10,98.5,0.0
2015-12-11,98.0,0.0
2015-12-14,97.8000030517578,0.0
2015-12-15,98.0,0.0
2015-12-16,98.0,0.0
2015-12-17,98.4000015258789,0.0
2015-12-18,98.5,0.0
2015-12-21,98.1999969482422,0.0
2015-12-22,99.4000015258789,0.0
2015-12-23,99.4000015258789,0.0
2015-12-24,99.4000015258789,0.0
2015-12-25,99.5,0.0
2015-12-28,99.5,0.0
2015-12-29,99.0,0.0
2015-12-30,99.0999984741211,0.0
2015-12-31,99.0999984741211,0.0
2016-01-04,98.1999969482422,0.0
2016-01-05,98.8000030517578,0.0
2016-01-06,98.6999969482422,0.0
2016-01-07,99.1999969482422,0.0
2016-01-08,99.4000015258789,0.0
2016-01-11,100.0,0.0
2016-01-12,101.0,0.0
2016-01-13,101.5,0.0
2016-01-14,102.5,0.0
2016-01-15,101.0,0.0
2016-01-18,100.0,0.0
2016-01-19,101.5,0.0
2016-01-20,101.5,0.0
2016-01-21,100.5,0.0
2016-01-22,100.5,0.0
2016-01-25,102.0,0.0
2016-01-26,102.0,0.0
2016-01-27,102.0,0.0
2016-01-28,102.5,0.0
2016-01-29,103.0,0.0
2016-02-01,103.0,0.0
2016-02-02,103.0,0.0
2016-02-03,103.0,0.0
2016-02-15,104.5,0.0
2016-02-16,105.0,0.0
2016-02-17,105.5,0.0
2016-02-18,104.5,0.0
2016-02-19,105.0,0.0
2016-02-22,104.0,0.0
2016-02-23,104.0,0.0
2016-02-24,103.0,0.0
2016-02-25,104.5,0.0
2016-02-26,104.5,0.0
2016-03-01,105.5,0.0
2016-03-02,105.5,0.0
2016-03-03,106.0,0.0
2016-03-04,106.0,0.0
2016-03-07,106.0,0.0
2016-03-08,105.0,0.0
2016-03-09,105.5,0.0
2016-03-10,106.0,0.0
2016-03-11,106.0,0.0
2016-03-14,106.0,0.0
2016-03-15,107.0,0.0
2016-03-16,107.5,0.0
2016-03-17,108.0,0.0
2016-03-18,108.5,0.0
2016-03-21,108.0,0.0
2016-03-22,109.0,0.0
2016-03-23,109.0,0.0
2016-03-24,110.0,0.0
2016-03-25,110.5,0.0
2016-03-28,109.5,0.0
2016-03-29,109.0,0.0
2016-03-30,110.5,0.0
2016-03-31,109.5,0.0
2016-04-01,109.5,0.0
2016-04-06,107.0,0.0
2016-04-07,108.0,0.0
2016-04-08,108.5,0.0
2016-04-11,109.5,0.0
2016-04-12,109.5,0.0
2016-04-13,110.0,0.0
2016-04-14,109.5,0.0
2016-04-15,110.5,0.0
2016-04-18,111.0,0.0
2016-04-19,109.5,0.0
2016-04-20,109.0,0.0
2016-04-21,110.0,0.0
2016-04-22,110.5,0.0
2016-04-25,111.5,0.0
2016-04-26,110.0,0.0
2016-04-27,110.0,0.0
2016-04-28,109.0,0.0
2016-04-29,109.0,0.0
2016-05-03,110.5,0.0
2016-05-04,110.5,0.0
2016-05-05,109.5,0.0
2016-05-06,110.0,0.0
2016-05-09,110.5,0.0
2016-05-10,111.0,0.0
2016-05-11,110.5,0.0
2016-05-12,111.5,0.0
2016-05-13,112.0,0.0
2016-05-16,110.5,0.0
2016-05-17,110.5,0.0
2016-05-18,111.0,0.0
2016-05-19,109.5,0.0
2016-05-20,110.0,0.0
2016-05-23,110.0,0.0
2016-05-24,110.5,0.0
2016-05-25,110.5,0.0
2016-05-26,110.0,0.0
2016-05-27,110.5,0.0
2016-05-30,110.0,0.0
2016-05-31,110.0,0.0
2016-06-01,110.5,0.0
2016-06-02,111.0,0.0
2016-06-03,112.0,0.0
2016-06-06,112.0,0.0
2016-06-07,112.5,0.0
2016-06-08,113.0,0.0
2016-06-13,112.0,0.0
2016-06-14,112.0,0.0
2016-06-15,112.5,0.0
2016-06-16,112.0,0.0
2016-06-17,112.5,0.0
2016-06-20,113.0,0.0
2016-06-21,113.0,0.0
2016-06-22,113.5,0.0
2016-06-23,113.0,0.0
2016-06-24,112.5,0.0
2016-06-27,112.0,0.0
2016-06-28,112.5,0.0
2016-06-29,114.0,0.0
2016-06-30,116.5,0.0
2016-07-01,118.0,0.0
2016-07-04,119.0,0.0
2016-07-05,118.0,0.0
2016-07-06,117.5,0.0
2016-07-07,118.0,0.0
2016-07-08,118.0,0.0
2016-07-11,122.5,0.0
2016-07-12,123.5,0.0
2016-07-13,121.5,0.0
2016-07-14,120.0,0.0
2016-07-15,123.0,0.0
2016-07-18,124.0,0.0
2016-07-19,123.5,0.0
2016-07-20,123.0,0.0
2016-07-21,118.5,5.4852
2016-07-22,116.0,0.0
2016-07-25,116.0,0.0
2016-07-26,116.0,0.0
2016-07-27,116.5,0.0
2016-07-28,116.5,0.0
2016-07-29,113.5,0.0
2016-08-01,115.0,0.0
2016-08-02,115.0,0.0
2016-08-03,115.5,0.0
2016-08-04,115.5,0.0
2016-08-05,115.0,0.0
2016-08-08,116.5,0.0
2016-08-09,116.5,0.0
2016-08-10,116.5,0.0
2016-08-11,116.5,0.0
2016-08-12,115.0,0.0
2016-08-15,115.5,0.0
2016-08-16,115.0,0.0
2016-08-17,113.5,0.0
2016-08-18,113.5,0.0
2016-08-19,113.5,0.0
2016-08-22,114.0,0.0
2016-08-23,115.0,0.0
2016-08-24,115.5,0.0
2016-08-25,116.5,0.0
2016-08-26,116.0,0.0
2016-08-29,115.5,0.0
2016-08-30,115.0,0.0
2016-08-31,114.5,0.0
2016-09-01,113.0,0.0
2016-09-02,113.0,0.0
2016-09-05,114.0,0.0
2016-09-06,114.5,0.0
2016-09-07,114.5,0.0
2016-09-08,114.0,0.0
2016-09-09,113.5,0.0
2016-09-12,113.0,0.0
2016-09-13,112.0,0.0
2016-09-14,111.5,0.0
2016-09-19,111.5,0.0
2016-09-20,111.5,0.0
2016-09-21,111.5,0.0
2016-09-22,111.5,0.0
2016-09-23,111.5,0.0
2016-09-26,112.0,0.0
2016-09-27,112.0,0.0
2016-09-28,112.0,0.0
2016-09-29,112.0,0.0
2016-09-30,111.0,0.0
2016-10-03,111.0,0.0
2016-10-04,112.0,0.0
2016-10-05,112.0,0.0
2016-10-06,112.5,0.0
2016-10-07,112.0,0.0
2016-10-11,112.0,0.0
2016-10-12,112.0,0.0
2016-10-13,112.0,0.0
2016-10-14,111.5,0.0
2016-10-17,112.5,0.0
2016-10-18,112.5,0.0
2016-10-19,111.5,0.0
2016-10-20,111.5,0.0
2016-10-21,112.0,0.0
2016-10-24,112.5,0.0
2016-10-25,111.5,0.0
2016-10-26,111.5,0.0
2016-10-27,111.0,0.0
2016-10-28,110.5,0.0
2016-10-31,108.0,0.0
2016-11-01,109.0,0.0
2016-11-02,108.0,0.0
2016-11-03,108.5,0.0
2016-11-04,108.0,0.0
2016-11-07,108.5,0.0
2016-11-08,110.0,0.0
2016-11-09,109.0,0.0
2016-11-10,109.0,0.0
2016-11-11,107.0,0.0
2016-11-14,105.0,0.0
2016-11-15,104.0,0.0
2016-11-16,106.0,0.0
2016-11-17,105.5,0.0
2016-11-18,105.5,0.0
2016-11-21,105.0,0.0
2016-11-22,106.0,0.0
2016-11-23,107.5,0.0
2016-11-24,107.5,0.0
2016-11-25,107.5,0.0
2016-11-28,107.5,0.0
2016-11-29,107.5,0.0
2016-11-30,107.5,0.0
2016-12-01,106.5,0.0
2016-12-02,106.0,0.0
2016-12-05,106.0,0.0
2016-12-06,106.0,0.0
2016-12-07,106.0,0.0
2016-12-08,106.0,0.0
2016-12-09,105.0,0.0
2016-12-12,105.0,0.0
2016-12-13,104.5,0.0
2016-12-14,104.5,0.0
2016-12-15,104.0,0.0
2016-12-16,103.0,0.0
2016-12-19,101.5,0.0
2016-12-20,101.5,0.0
2016-12-21,101.0,0.0
2016-12-22,101.0,0.0
2016-12-23,101.0,0.0
2016-12-26,101.0,0.0
2016-12-27,101.0,0.0
2016-12-28,101.5,0.0
2016-12-29,101.5,0.0
2016-12-30,101.5,0.0
2017-01-03,102.5,0.0
2017-01-04,103.5,0.0
2017-01-05,104.5,0.0
2017-01-06,103.0,0.0
2017-01-09,102.0,0.0
2017-01-10,102.0,0.0
2017-01-11,101.5,0.0
2017-01-12,102.0,0.0
2017-01-13,102.0,0.0
2017-01-16,102.0,0.0
2017-01-17,102.5,0.0
2017-01-18,101.5,0.0
2017-01-19,101.0,0.0
2017-01-20,101.5,0.0
2017-01-23,101.5,0.0
2017-01-24,102.0,0.0
2017-02-02,100.0,0.0
2017-02-03,100.0,0.0
2017-02-06,100.5,0.0
2017-02-07,101.0,0.0
2017-02-08,100.5,0.0
2017-02-09,100.0,0.0
2017-02-10,101.0,0.0
2017-02-13,101.0,0.0
2017-02-14,101.0,0.0
2017-02-15,101.0,0.0
2017-02-16,101.0,0.0
2017-02-17,101.0,0.0
2017-02-20,101.5,0.0
2017-02-21,101.0,0.0
2017-02-22,101.0,0.0
2017-02-23,102.0,0.0
2017-02-24,102.0,0.0
2017-03-01,101.5,0.0
2017-03-02,102.0,0.0
2017-03-03,102.5,0.0
2017-03-06,102.5,0.0
2017-03-07,102.5,0.0
2017-03-08,103.0,0.0
2017-03-09,103.5,0.0
2017-03-10,103.0,0.0
2017-03-13,103.5,0.0
2017-03-14,103.5,0.0
2017-03-15,103.0,0.0
2017-03-16,104.0,0.0
2017-03-17,105.0,0.0
2017-03-20,106.0,0.0
2017-03-21,106.0,0.0
2017-03-22,104.5,0.0
2017-03-23,104.5,0.0
2017-03-24,104.5,0.0
2017-03-27,105.0,0.0
2017-03-28,105.0,0.0
2017-03-29,104.0,0.0
2017-03-30,104.0,0.0
2017-03-31,103.0,0.0
2017-04-05,103.5,0.0
2017-04-06,104.0,0.0
2017-04-07,104.5,0.0
2017-04-10,104.0,0.0
2017-04-11,103.5,0.0
2017-04-12,103.5,0.0
2017-04-13,103.5,0.0
2017-04-14,103.5,0.0
2017-04-17,104.5,0.0
2017-04-18,104.0,0.0
2017-04-19,103.0,0.0
2017-04-20,102.5,0.0
2017-04-21,103.0,0.0
2017-04-24,103.0,0.0
2017-04-25,103.5,0.0
2017-04-26,103.0,0.0
2017-04-27,103.0,0.0
2017-04-28,102.0,0.0
2017-05-02,103.0,0.0
2017-05-03,103.5,0.0
2017-05-04,104.0,0.0
2017-05-05,103.5,0.0
2017-05-08,104.5,0.0
2017-05-09,105.0,0.0
2017-05-10,104.5,0.0
2017-05-11,104.5,0.0
2017-05-12,105.5,0.0
2017-05-15,106.0,0.0
2017-05-16,106.0,0.0
2017-05-17,106.0,0.0
2017-05-18,106.0,0.0
2017-05-19,105.5,0.0
2017-05-22,106.0,0.0
2017-05-23,106.0,0.0
2017-05-24,106.0,0.0
2017-05-25,107.0,0.0
2017-05-26,107.0,0.0
2017-05-31,107.5,0.0
2017-06-01,108.0,0.0
2017-06-02,108.0,0.0
2017-06-05,108.0,0.0
2017-06-06,108.0,0.0
2017-06-07,107.5,0.0
2017-06-08,108.5,0.0
2017-06-09,108.0,0.0
2017-06-12,108.0,0.0
2017-06-13,108.0,0.0
2017-06-14,108.0,0.0
2017-06-15,108.5,0.0
2017-06-16,107.5,0.0
2017-06-19,108.0,0.0
2017-06-20,107.5,0.0
2017-06-21,107.5,0.0
2017-06-22,108.5,0.0
2017-06-23,108.5,0.0
2017-06-26,109.0,0.0
2017-06-27,109.0,0.0
2017-06-28,108.5,0.0
2017-06-29,108.0,0.0
2017-06-30,108.0,0.0
2017-07-03,109.0,0.0
2017-07-04,108.0,0.0
2017-07-05,109.0,0.0
2017-07-06,108.5,0.0
2017-07-07,108.5,0.0
2017-07-10,108.5,0.0
2017-07-11,109.0,0.0
2017-07-12,109.0,0.0
2017-07-13,109.5,0.0
2017-07-14,109.5,0.0
2017-07-17,110.0,0.0
2017-07-18,110.5,0.0
2017-07-19,110.0,0.0
2017-07-20,109.5,0.0
2017-07-21,103.5,4.9419
2017-07-24,103.5,0.0
2017-07-25,103.5,0.0
2017-07-26,103.5,0.0
2017-07-27,103.5,0.0
2017-07-28,103.0,0.0
2017-07-31,102.0,0.0
2017-08-01,102.0,0.0
2017-08-02,102.0,0.0
2017-08-03,102.0,0.0
2017-08-04,102.5,0.0
2017-08-07,102.0,0.0
2017-08-08,102.5,0.0
2017-08-09,102.0,0.0
2017-08-10,102.0,0.0
2017-08-11,102.0,0.0
2017-08-14,102.0,0.0
2017-08-15,102.5,0.0
2017-08-16,102.5,0.0
2017-08-17,102.5,0.0
2017-08-18,102.5,0.0
2017-08-21,102.5,0.0
2017-08-22,103.0,0.0
2017-08-23,103.0,0.0
2017-08-24,103.0,0.0
2017-08-25,103.5,0.0
2017-08-28,104.0,0.0
2017-08-29,104.0,0.0
2017-08-30,104.5,0.0
2017-08-31,105.0,0.0
2017-09-01,104.5,0.0
2017-09-04,105.0,0.0
2017-09-05,104.5,0.0
2017-09-06,104.0,0.0
2017-09-07,104.5,0.0
2017-09-08,105.0,0.0
2017-09-11,104.5,0.0
2017-09-12,104.5,0.0
2017-09-13,104.0,0.0
2017-09-14,104.0,0.0
2017-09-15,104.5,0.0
2017-09-18,104.0,0.0
2017-09-19,104.0,0.0
2017-09-20,104.0,0.0
2017-09-21,103.5,0.0
2017-09-22,103.5,0.0
2017-09-25,103.0,0.0
2017-09-26,103.0,0.0
2017-09-27,103.0,0.0
2017-09-28,103.0,0.0
2017-09-29,104.5,0.0
2017-10-02,103.5,0.0
2017-10-03,103.0,0.0
2017-10-05,103.0,0.0
2017-10-06,103.0,0.0
2017-10-11,103.0,0.0
2017-10-12,103.0,0.0
2017-10-13,103.5,0.0
2017-10-16,103.0,0.0
2017-10-17,103.5,0.0
2017-10-18,103.0,0.0
2017-10-19,102.5,0.0
2017-10-20,102.5,0.0
2017-10-23,103.0,0.0
2017-10-24,102.5,0.0
2017-10-25,102.5,0.0
2017-10-26,102.5,0.0
2017-10-27,103.0,0.0
2017-10-30,102.5,0.0
2017-10-31,103.0,0.0
2017-11-01,102.5,0.0
2017-11-02,102.0,0.0
2017-11-03,102.0,0.0
2017-11-06,102.0,0.0
2017-11-07,102.5,0.0
2017-11-08,103.0,0.0
2017-11-09,103.0,0.0
2017-11-10,103.5,0.0
2017-11-13,102.5,0.0
2017-11-14,103.0,0.0
2017-11-15,102.5,0.0
2017-11-16,102.5,0.0
2017-11-17,103.0,0.0
2017-11-20,102.5,0.0
2017-11-21,103.0,0.0
2017-11-22,103.5,0.0
2017-11-23,103.5,0.0
2017-11-24,104.0,0.0
2017-11-27,104.0,0.0
2017-11-28,104.5,0.0
2017-11-29,104.5,0.0
2017-11-30,103.5,0.0
2017-12-01,104.0,0.0
2017-12-04,104.0,0.0
2017-12-05,104.0,0.0
2017-12-06,104.0,0.0
2017-12-07,104.5,0.0
2017-12-08,104.5,0.0
2017-12-11,104.5,0.0
2017-12-12,104.5,0.0
2017-12-13,104.5,0.0
2017-12-14,105.0,0.0
2017-12-15,105.5,0.0
2017-12-18,105.0,0.0
2017-12-19,105.0,0.0
2017-12-20,105.5,0.0
2017-12-21,105.0,0.0
2017-12-22,105.5,0.0
2017-12-25,106.0,0.0
2017-12-26,105.5,0.0
2017-12-27,106.0,0.0
2017-12-28,105.5,0.0
2017-12-29,106.0,0.0
2018-01-02,107.5,0.0
2018-01-03,108.0,0.0
2018-01-04,108.0,0.0
2018-01-05,108.5,0.0
2018-01-08,108.5,0.0
2018-01-09,109.0,0.0
2018-01-10,108.5,0.0
2018-01-11,108.5,0.0
2018-01-12,108.5,0.0
2018-01-15,109.0,0.0
2018-01-16,109.0,0.0
2018-01-17,109.0,0.0
2018-01-18,107.5,0.0
2018-01-19,109.0,0.0
2018-01-22,108.5,0.0
2018-01-23,109.0,0.0
2018-01-24,108.5,0.0
2018-01-25,108.5,0.0
2018-01-26,108.5,0.0
2018-01-29,109.5,0.0
2018-01-30,108.0,0.0
2018-01-31,108.5,0.0
2018-02-01,109.0,0.0
2018-02-02,109.0,0.0
2018-02-05,108.0,0.0
2018-02-06,106.5,0.0
2018-02-07,107.5,0.0
2018-02-08,108.0,0.0
2018-02-09,107.5,0.0
2018-02-12,106.5,0.0
2018-02-21,109.0,0.0
2018-02-22,108.5,0.0
2018-02-23,109.5,0.0
2018-02-26,110.0,0.0
2018-02-27,109.5,0.0
2018-03-01,108.5,0.0
2018-03-02,108.0,0.0
2018-03-05,108.0,0.0
2018-03-06,109.5,0.0
2018-03-07,109.5,0.0
2018-03-08,109.5,0.0
2018-03-09,109.5,0.0
2018-03-12,109.0,0.0
2018-03-13,109.0,0.0
2018-03-14,109.0,0.0
2018-03-15,109.0,0.0
2018-03-16,110.0,0.0
2018-03-19,110.0,0.0
2018-03-20,109.5,0.0
2018-03-21,110.5,0.0
2018-03-22,111.5,0.0
2018-03-23,110.0,0.0
2018-03-26,111.0,0.0
2018-03-27,112.0,0.0
2018-03-28,112.5,0.0
2018-03-29,111.5,0.0
2018-03-30,113.0,0.0
2018-04-02,112.5,0.0
2018-04-03,112.0,0.0
2018-04-09,114.0,0.0
2018-04-10,114.5,0.0
2018-04-11,114.0,0.0
2018-04-12,114.0,0.0
2018-04-13,113.5,0.0
2018-04-16,113.0,0.0
2018-04-17,113.5,0.0
2018-04-18,114.5,0.0
2018-04-19,114.0,0.0
2018-04-20,113.5,0.0
2018-04-23,112.5,0.0
2018-04-24,111.0,0.0
2018-04-25,110.5,0.0
2018-04-26,111.5,0.0
2018-04-27,113.0,0.0
2018-04-30,113.0,0.0
2018-05-02,112.0,0.0
2018-05-03,111.5,0.0
2018-05-04,111.5,0.0
2018-05-07,112.0,0.0
2018-05-08,112.0,0.0
2018-05-09,110.0,0.0
2018-05-10,108.5,0.0
2018-05-11,109.0,0.0
2018-05-14,109.0,0.0
2018-05-15,108.5,0.0
2018-05-16,108.0,0.0
2018-05-17,108.5,0.0
2018-05-18,110.0,0.0
2018-05-21,110.0,0.0
2018-05-22,109.5,0.0
2018-05-23,109.5,0.0
2018-05-24,109.5,0.0
2018-05-25,110.0,0.0
2018-05-28,111.0,0.0
2018-05-29,109.5,0.0
2018-05-30,108.5,0.0
2018-05-31,109.0,0.0
2018-06-01,110.0,0.0
2018-06-04,110.0,0.0
2018-06-05,110.0,0.0
2018-06-06,110.5,0.0
2018-06-07,110.0,0.0
2018-06-08,110.0,0.0
2018-06-11,109.5,0.0
2018-06-12,109.5,0.0
2018-06-13,110.0,0.0
2018-06-14,109.0,0.0
2018-06-15,109.5,0.0
2018-06-19,109.0,0.0
2018-06-20,110.0,0.0
2018-06-21,109.5,0.0
2018-06-22,110.0,0.0
2018-06-25,109.5,0.0
2018-06-26,109.5,0.0
2018-06-27,109.5,0.0
2018-06-28,110.0,0.0
2018-06-29,110.0,0.0
2018-07-02,109.5,0.0
2018-07-03,111.0,0.0
2018-07-04,111.5,0.0
2018-07-05,112.0,0.0
2018-07-06,112.0,0.0
2018-07-09,112.0,0.0
2018-07-10,112.5,0.0
2018-07-11,112.0,0.0
2018-07-12,111.5,0.0
2018-07-13,111.5,0.0
2018-07-16,111.5,0.0
2018-07-17,112.0,0.0
2018-07-18,112.0,0.0
2018-07-19,111.5,0.0
2018-07-20,111.5,0.0
2018-07-23,106.5,4.796
2018-07-24,105.5,0.0
2018-07-25,105.0,0.0
2018-07-26,105.5,0.0
2018-07-27,105.5,0.0
2018-07-30,106.0,0.0
2018-07-31,106.0,0.0
2018-08-01,106.0,0.0
2018-08-02,105.5,0.0
2018-08-03,106.0,0.0
2018-08-06,106.5,0.0
2018-08-07,106.5,0.0
2018-08-08,107.0,0.0
2018-08-09,107.0,0.0
2018-08-10,107.5,0.0
2018-08-13,106.5,0.0
2018-08-14,107.0,0.0
2018-08-15,107.0,0.0
2018-08-16,106.5,0.0
2018-08-17,107.0,0.0
2018-08-20,107.0,0.0
2018-08-21,108.5,0.0
2018-08-22,108.0,0.0
2018-08-23,108.5,0.0
2018-08-24,107.5,0.0
2018-08-27,108.0,0.0
2018-08-28,108.5,0.0
2018-08-29,108.5,0.0
2018-08-30,107.5,0.0
2018-08-31,108.5,0.0
2018-09-03,108.0,0.0
2018-09-04,108.5,0.0
2018-09-05,108.0,0.0
2018-09-06,107.5,0.0
2018-09-07,108.0,0.0
2018-09-10,108.5,0.0
2018-09-11,110.0,0.0
2018-09-12,110.0,0.0
2018-09-13,109.5,0.0
2018-09-14,108.5,0.0
2018-09-17,108.5,0.0
2018-09-18,110.0,0.0
2018-09-19,110.5,0.0
2018-09-20,110.0,0.0
2018-09-21,109.5,0.0
2018-09-25,109.5,0.0
2018-09-26,109.5,0.0
2018-09-27,110.0,0.0
2018-09-28,110.0,0.0
2018-10-01,110.5,0.0
2018-10-02,109.5,0.0
2018-10-03,109.0,0.0
2018-10-04,108.0,0.0
2018-10-05,109.0,0.0
2018-10-08,108.5,0.0
2018-10-09,109.5,0.0
2018-10-11,108.5,0.0
2018-10-12,108.0,0.0
2018-10-15,106.5,0.0
2018-10-16,107.0,0.0
2018-10-17,107.0,0.0
2018-10-18,107.5,0.0
2018-10-19,106.5,0.0
2018-10-22,107.5,0.0
2018-10-23,106.5,0.0
2018-10-24,107.0,0.0
2018-10-25,108.0,0.0
2018-10-26,109.0,0.0
2018-10-29,109.5,0.0
2018-10-30,108.5,0.0
2018-10-31,109.5,0.0
2018-11-01,107.0,0.0
2018-11-02,106.0,0.0
2018-11-05,105.5,0.0
2018-11-06,106.0,0.0
2018-11-07,107.0,0.0
2018-11-08,107.0,0.0
2018-11-09,107.0,0.0
2018-11-12,106.5,0.0
2018-11-13,107.0,0.0
2018-11-14,107.0,0.0
2018-11-15,107.0,0.0
2018-11-16,106.0,0.0
2018-11-19,106.5,0.0
2018-11-20,107.0,0.0
2018-11-21,107.0,0.0
2018-11-22,107.5,0.0
2018-11-23,108.0,0.0
2018-11-26,107.5,0.0
2018-11-27,107.5,0.0
2018-11-28,107.5,0.0
2018-11-29,106.5,0.0
2018-11-30,107.0,0.0
2018-12-03,106.0,0.0
2018-12-04,106.0,0.0
2018-12-05,106.5,0.0
2018-12-06,106.5,0.0
2018-12-07,107.0,0.0
2018-12-10,107.0,0.0
2018-12-11,107.5,0.0
2018-12-12,107.5,0.0
2018-12-13,107.5,0.0
2018-12-14,107.5,0.0
2018-12-17,107.5,0.0
2018-12-18,106.5,0.0
2018-12-19,107.5,0.0
2018-12-20,107.5,0.0
2018-12-21,107.5,0.0
2018-12-24,107.0,0.0
2018-12-25,106.5,0.0
2018-12-26,106.0,0.0
2018-12-27,106.5,0.0
2018-12-28,113.0,0.0
2019-01-02,107.0,0.0
2019-01-03,107.0,0.0
2019-01-04,107.5,0.0
2019-01-07,108.0,0.0
2019-01-08,107.0,0.0
2019-01-09,107.5,0.0
2019-01-10,107.0,0.0
2019-01-11,107.0,0.0
2019-01-14,106.5,0.0
2019-01-15,107.0,0.0
2019-01-16,107.0,0.0
2019-01-17,107.0,0.0
2019-01-18,107.0,0.0
2019-01-21,106.5,0.0
2019-01-22,107.5,0.0
2019-01-23,107.0,0.0
2019-01-24,107.0,0.0
2019-01-25,107.0,0.0
2019-01-28,106.5,0.0
2019-01-29,107.0,0.0
2019-01-30,107.0,0.0
2019-02-11,106.5,0.0
2019-02-12,107.0,0.0
2019-02-13,106.0,0.0
2019-02-14,106.0,0.0
2019-02-15,106.5,0.0
2019-02-18,106.5,0.0
2019-02-19,106.0,0.0
2019-02-20,106.5,0.0
2019-02-21,106.5,0.0
2019-02-22,107.0,0.0
2019-02-25,107.0,0.0
2019-02-26,106.5,0.0
2019-02-27,107.0,0.0
2019-03-04,107.0,0.0
2019-03-05,107.0,0.0
2019-03-06,107.5,0.0
2019-03-07,107.0,0.0
2019-03-08,107.5,0.0
2019-03-11,107.0,0.0
2019-03-12,108.0,0.0
2019-03-13,108.0,0.0
2019-03-14,107.5,0.0
2019-03-15,108.0,0.0
2019-03-18,108.0,0.0
2019-03-19,108.0,0.0
2019-03-20,108.0,0.0
2019-03-21,108.0,0.0
2019-03-22,108.5,0.0
2019-03-25,107.5,0.0
2019-03-26,108.5,0.0
2019-03-27,108.5,0.0
2019-03-28,109.0,0.0
2019-03-29,109.5,0.0
2019-04-01,110.5,0.0
2019-04-02,109.5,0.0
2019-04-03,108.5,0.0
2019-04-08,108.5,0.0
2019-04-09,109.5,0.0
2019-04-10,109.5,0.0
2019-04-11,109.0,0.0
2019-04-12,109.5,0.0
2019-04-15,109.5,0.0
2019-04-16,110.0,0.0
2019-04-17,109.5,0.0
2019-04-18,110.0,0.0
2019-04-19,109.5,0.0
2019-04-22,110.0,0.0
2019-04-23,110.5,0.0
2019-04-24,110.5,0.0
2019-04-25,110.5,0.0
2019-04-26,110.5,0.0
2019-04-29,111.0,0.0
2019-04-30,111.0,0.0
2019-05-02,111.0,0.0
2019-05-03,111.0,0.0
2019-05-06,110.5,0.0
2019-05-07,110.5,0.0
2019-05-08,111.5,0.0
2019-05-09,110.0,0.0
2019-05-10,110.0,0.0
2019-05-13,110.0,0.0
2019-05-14,111.5,0.0
2019-05-15,110.5,0.0
2019-05-16,110.5,0.0
2019-05-17,111.0,0.0
2019-05-20,111.5,0.0
2019-05-21,112.5,0.0
2019-05-22,112.0,0.0
2019-05-23,112.0,0.0
2019-05-24,112.0,0.0
2019-05-27,112.0,0.0
2019-05-28,111.5,0.0
2019-05-29,112.0,0.0
2019-05-30,112.5,0.0
2019-05-31,112.5,0.0
2019-06-03,113.0,0.0
2019-06-04,113.0,0.0
2019-06-05,113.5,0.0
2019-06-06,113.5,0.0
2019-06-10,114.0,0.0
2019-06-11,113.5,0.0
2019-06-12,113.0,0.0
2019-06-13,113.0,0.0
2019-06-14,112.5,0.0
2019-06-17,112.0,0.0
2019-06-18,112.0,0.0
2019-06-19,113.5,0.0
2019-06-20,112.5,0.0
2019-06-21,113.5,0.0
2019-06-24,114.0,0.0
2019-06-25,114.0,0.0
2019-06-26,114.0,0.0
2019-06-27,113.5,0.0
2019-06-28,113.0,0.0
2019-07-01,113.0,0.0
2019-07-02,113.5,0.0
2019-07-03,113.5,0.0
2019-07-04,113.0,0.0
2019-07-05,113.5,0.0
2019-07-08,114.0,0.0
2019-07-09,113.5,0.0
2019-07-10,113.5,0.0
2019-07-11,113.5,0.0
2019-07-12,113.0,0.0
2019-07-15,112.5,0.0
2019-07-16,111.5,0.0
2019-07-17,112.0,0.0
2019-07-18,112.0,0.0
2019-07-19,112.0,0.0
2019-07-22,112.5,0.0
2019-07-23,112.0,0.0
2019-07-24,112.0,0.0
2019-07-25,107.0,4.479
2019-07-26,107.5,0.0
2019-07-29,107.5,0.0
2019-07-30,107.5,0.0
2019-07-31,108.0,0.0
2019-08-01,107.0,0.0
2019-08-02,107.0,0.0
2019-08-05,107.5,0.0
2019-08-06,106.5,0.0
2019-08-07,106.5,0.0
2019-08-08,107.5,0.0
2019-08-12,107.5,0.0
2019-08-13,107.0,0.0
2019-08-14,107.0,0.0
2019-08-15,106.5,0.0
2019-08-16,108.0,0.0
2019-08-19,107.5,0.0
2019-08-20,107.0,0.0
2019-08-21,107.5,0.0
2019-08-22,107.0,0.0
2019-08-23,107.5,0.0
2019-08-26,107.0,0.0
2019-08-27,107.5,0.0
2019-08-28,108.0,0.0
2019-08-29,108.5,0.0
2019-08-30,109.0,0.0
2019-09-02,110.0,0.0
2019-09-03,109.5,0.0
2019-09-04,110.0,0.0
2019-09-05,110.0,0.0
2019-09-06,110.0,0.0
2019-09-10,111.0,0.0
2019-09-11,111.0,0.0
2019-09-12,111.0,0.0
2019-09-16,111.5,0.0
2019-09-17,111.5,0.0
2019-09-18,111.5,0.0
2019-09-19,112.0,0.0
2019-09-20,112.5,0.0
2019-09-23,112.0,0.0
2019-09-24,111.5,0.0
2019-09-25,110.5,0.0
2019-09-26,110.0,0.0
2019-09-27,111.0,0.0
2019-10-01,112.0,0.0
2019-10-02,112.0,0.0
2019-10-03,111.5,0.0
2019-10-04,112.0,0.0
2019-10-07,112.5,0.0
2019-10-08,112.5,0.0
2019-10-09,111.5,0.0
2019-10-14,112.0,0.0
2019-10-15,112.0,0.0
2019-10-16,112.5,0.0
2019-10-17,112.5,0.0
2019-10-18,112.5,0.0
2019-10-21,112.5,0.0
2019-10-22,113.0,0.0
2019-10-23,112.5,0.0
2019-10-24,113.0,0.0
2019-10-25,112.5,0.0
2019-10-28,113.0,0.0
2019-10-29,112.5,0.0
2019-10-30,113.0,0.0
2019-10-31,112.0,0.0
2019-11-01,113.0,0.0
2019-11-04,113.0,0.0
2019-11-05,113.0,0.0
2019-11-06,113.5,0.0
2019-11-07,113.0,0.0
2019-11-08,113.5,0.0
2019-11-11,114.0,0.0
2019-11-12,113.5,0.0
2019-11-13,112.5,0.0
2019-11-14,113.0,0.0
2019-11-15,113.5,0.0
2019-11-18,113.5,0.0
2019-11-19,113.0,0.0
2019-11-20,114.0,0.0
2019-11-21,113.0,0.0
2019-11-22,114.0,0.0
2019-11-25,113.5,0.0
2019-11-26,112.5,0.0
2019-11-27,113.0,0.0
2019-11-28,112.5,0.0
2019-11-29,113.0,0.0
2019-12-02,113.0,0.0
2019-12-03,113.0,0.0
2019-12-04,113.0,0.0
2019-12-05,113.0,0.0
2019-12-06,112.5,0.0
2019-12-09,112.0,0.0
2019-12-10,111.5,0.0
2019-12-11,111.0,0.0
2019-12-12,111.5,0.0
2019-12-13,112.0,0.0
2019-12-16,110.5,0.0
2019-12-17,110.5,0.0
2019-12-18,110.5,0.0
2019-12-19,110.0,0.0
2019-12-20,111.0,0.0
2019-12-23,111.5,0.0
2019-12-24,110.5,0.0
2019-12-25,110.5,0.0
2019-12-26,111.0,0.0
2019-12-27,111.5,0.0
2019-12-30,111.0,0.0
2019-12-31,110.0,0.0
2020-01-02,109.5,0.0
2020-01-03,110.5,0.0
2020-01-06,110.0,0.0
2020-01-07,109.5,0.0
2020-01-08,109.0,0.0
2020-01-09,109.5,0.0
2020-01-10,109.5,0.0
2020-01-13,110.0,0.0
2020-01-14,109.5,0.0
2020-01-15,109.0,0.0
2020-01-16,109.5,0.0
2020-01-17,109.5,0.0
2020-01-20,109.5,0.0
2020-01-30,108.5,0.0
2020-01-31,108.0,0.0
2020-02-03,108.0,0.0
2020-02-04,108.0,0.0
2020-02-05,108.0,0.0
2020-02-06,108.5,0.0
2020-02-07,109.0,0.0
2020-02-10,109.0,0.0
2020-02-11,108.5,0.0
2020-02-12,108.5,0.0
2020-02-13,109.5,0.0
2020-02-14,109.0,0.0
2020-02-17,110.0,0.0
2020-02-18,109.5,0.0
2020-02-19,110.0,0.0
2020-02-20,109.5,0.0
2020-02-21,109.5,0.0
2020-02-24,108.5,0.0
2020-02-25,108.5,0.0
2020-02-26,108.0,0.0
2020-02-27,108.0,0.0
2020-03-02,108.0,0.0
2020-03-03,108.0,0.0
2020-03-04,109.0,0.0
2020-03-05,110.0,0.0
2020-03-06,108.5,0.0
2020-03-09,107.5,0.0
2020-03-10,107.5,0.0
2020-03-11,108.5,0.0
2020-03-12,107.5,0.0
2020-03-13,106.0,0.0
2020-03-16,105.0,0.0
2020-03-17,107.0,0.0
2020-03-18,106.5,0.0
2020-03-19,105.5,0.0
2020-03-20,106.5,0.0
2020-03-23,105.5,0.0
2020-03-24,107.0,0.0
2020-03-25,108.0,0.0
2020-03-26,107.5,0.0
2020-03-27,107.5,0.0
2020-03-30,106.5,0.0
2020-03-31,107.5,0.0
2020-04-01,107.0,0.0
2020-04-06,108.0,0.0
2020-04-07,107.5,0.0
2020-04-08,108.0,0.0
2020-04-09,107.0,0.0
2020-04-10,108.0,0.0
2020-04-13,108.0,0.0
2020-04-14,108.5,0.0
2020-04-15,109.0,0.0
2020-04-16,108.0,0.0
2020-04-17,108.5,0.0
2020-04-20,109.0,0.0
2020-04-21,108.5,0.0
2020-04-22,109.0,0.0
2020-04-23,109.0,0.0
2020-04-24,108.5,0.0
2020-04-27,109.5,0.0
2020-04-28,109.5,0.0
2020-04-29,110.0,0.0
2020-04-30,109.5,0.0
2020-05-04,109.0,0.0
2020-05-05,109.0,0.0
2020-05-06,109.5,0.0
2020-05-07,109.0,0.0
2020-05-08,110.0,0.0
2020-05-11,110.0,0.0
2020-05-12,110.0,0.0
2020-05-13,110.0,0.0
2020-05-14,110.0,0.0
2020-05-15,109.5,0.0
2020-05-18,110.5,0.0
2020-05-19,111.0,0.0
2020-05-20,111.5,0.0
2020-05-21,111.5,0.0
2020-05-22,111.0,0.0
2020-05-25,110.5,0.0
2020-05-26,111.0,0.0
2020-05-27,110.0,0.0
2020-05-28,110.5,0.0
2020-05-29,110.5,0.0
2020-06-01,111.5,0.0
2020-06-02,112.0,0.0
2020-06-03,112.5,0.0
2020-06-04,113.0,0.0
2020-06-05,112.5,0.0
2020-06-08,113.0,0.0
2020-06-09,113.0,0.0
2020-06-10,113.0,0.0
2020-06-11,112.5,0.0
2020-06-12,113.0,0.0
2020-06-15,111.5,0.0
2020-06-16,112.5,0.0
2020-06-17,113.0,0.0
2020-06-18,112.5,0.0
2020-06-19,113.0,0.0
2020-06-22,113.5,0.0
2020-06-23,114.0,0.0
2020-06-24,114.5,0.0
2020-06-29,115.0,0.0
2020-06-30,117.0,0.0
2020-07-01,116.5,0.0
2020-07-02,114.0,4.226
2020-07-03,112.0,0.0
2020-07-06,112.0,0.0
2020-07-07,111.5,0.0
2020-07-08,112.0,0.0
2020-07-09,110.5,0.0
2020-07-10,111.0,0.0
2020-07-13,110.5,0.0
2020-07-14,110.0,0.0
2020-07-15,109.5,0.0
2020-07-16,109.5,0.0
2020-07-17,109.5,0.0
2020-07-20,110.0,0.0
2020-07-21,110.0,0.0
2020-07-22,110.0,0.0
2020-07-23,109.0,0.0
2020-07-24,109.0,0.0
2020-07-27,108.0,0.0
2020-07-28,108.5,0.0
2020-07-29,108.5,0.0
2020-07-30,108.5,0.0
2020-07-31,109.5,0.0
2020-08-03,108.0,0.0
2020-08-04,108.5,0.0
2020-08-05,108.0,0.0
2020-08-06,109.0,0.0
2020-08-07,109.0,0.0
2020-08-10,108.5,0.0
2020-08-11,108.5,0.0
2020-08-12,109.0,0.0
2020-08-13,109.5,0.0
2020-08-14,109.0,0.0
2020-08-17,108.5,0.0
2020-08-18,109.0,0.0
2020-08-19,109.0,0.0
2020-08-20,109.0,0.0
2020-08-21,109.5,0.0
2020-08-24,109.0,0.0
2020-08-25,109.0,0.0
2020-08-26,109.0,0.0
2020-08-27,109.5,0.0
2020-08-28,109.0,0.0
2020-08-31,108.5,0.0
2020-09-01,109.0,0.0
2020-09-02,108.5,0.0
2020-09-03,109.0,0.0
2020-09-04,108.5,0.0
2020-09-07,108.5,0.0
2020-09-08,109.0,0.0
2020-09-09,108.5,0.0
2020-09-10,109.0,0.0
2020-09-11,109.0,0.0
2020-09-14,109.0,0.0
2020-09-15,109.0,0.0
2020-09-16,109.0,0.0
2020-09-17,109.0,0.0
2020-09-18,109.0,0.0
2020-09-21,108.5,0.0
2020-09-22,108.0,0.0
2020-09-23,107.5,0.0
2020-09-24,107.0,0.0
2020-09-25,107.5,0.0
2020-09-28,108.0,0.0
2020-09-29,108.5,0.0
2020-09-30,107.0,0.0
2020-10-05,107.0,0.0
2020-10-06,108.0,0.0
2020-10-07,106.5,0.0
2020-10-08,107.5,0.0
2020-10-12,107.0,0.0
2020-10-13,107.5,0.0
2020-10-14,107.5,0.0
2020-10-15,106.5,0.0
2020-10-16,106.5,0.0
2020-10-19,107.0,0.0
2020-10-20,106.5,0.0
2020-10-21,107.0,0.0
2020-10-22,107.0,0.0
2020-10-23,107.5,0.0
2020-10-26,108.5,0.0
2020-10-27,109.0,0.0
2020-10-28,108.5,0.0
2020-10-29,107.5,0.0
2020-10-30,107.0,0.0
2020-11-02,109.5,0.0
2020-11-03,109.5,0.0
2020-11-04,109.5,0.0
2020-11-05,110.0,0.0
2020-11-06,109.5,0.0
2020-11-09,110.0,0.0
2020-11-10,110.0,0.0
2020-11-11,110.0,0.0
2020-11-12,110.0,0.0
2020-11-13,110.0,0.0
2020-11-16,109.5,0.0
2020-11-17,110.0,0.0
2020-11-18,110.0,0.0
2020-11-19,110.0,0.0
2020-11-20,109.5,0.0
2020-11-23,110.5,0.0
2020-11-24,109.5,0.0
2020-11-25,109.0,0.0
2020-11-26,109.5,0.0
2020-11-27,109.5,0.0
2020-11-30,108.5,0.0
2020-12-01,109.0,0.0
2020-12-02,109.0,0.0
2020-12-03,108.5,0.0
2020-12-04,109.5,0.0
2020-12-07,108.5,0.0
2020-12-08,109.5,0.0
2020-12-09,108.5,0.0
2020-12-10,108.5,0.0
2020-12-11,108.5,0.0
2020-12-14,108.5,0.0
2020-12-15,109.0,0.0
2020-12-16,109.5,0.0
2020-12-17,109.5,0.0
2020-12-18,109.5,0.0
2020-12-21,109.5,0.0
2020-12-22,109.0,0.0
2020-12-23,108.5,0.0
2020-12-24,108.0,0.0
2020-12-25,108.5,0.0
2020-12-28,109.5,0.0
2020-12-29,109.0,0.0
2020-12-30,110.0,0.0
2020-12-31,109.0,0.0
2021-01-04,109.0,0.0
2021-01-05,109.5,0.0
2021-01-06,109.5,0.0
2021-01-07,109.0,0.0
2021-01-08,110.0,0.0
2021-01-11,111.0,0.0
2021-01-12,111.0,0.0
2021-01-13,111.5,0.0
2021-01-14,112.0,0.0
2021-01-15,111.0,0.0
2021-01-18,111.0,0.0
2021-01-19,111.0,0.0
2021-01-20,109.0,0.0
2021-01-21,108.5,0.0
2021-01-22,108.5,0.0
2021-01-25,109.0,0.0
2021-01-26,108.5,0.0
2021-01-27,109.0,0.0
2021-01-28,109.0,0.0
2021-01-29,108.0,0.0
2021-02-01,109.0,0.0
2021-02-02,109.0,0.0
2021-02-03,109.0,0.0
2021-02-04,108.0,0.0
2021-02-05,108.5,0.0
2021-02-17,108.5,0.0
2021-02-18,108.5,0.0
2021-02-19,109.0,0.0
2021-02-22,108.5,0.0
2021-02-23,109.5,0.0
2021-02-24,109.5,0.0
2021-02-25,110.5,0.0
2021-02-26,109.5,0.0
2021-03-02,109.5,0.0
2021-03-03,109.5,0.0
2021-03-04,109.5,0.0
2021-03-05,110.0,0.0
2021-03-08,110.0,0.0
2021-03-09,110.5,0.0
2021-03-10,110.5,0.0
2021-03-11,111.0,0.0
2021-03-12,111.0,0.0
2021-03-15,110.5,0.0
2021-03-16,110.5,0.0
2021-03-17,110.5,0.0
2021-03-18,111.0,0.0
2021-03-19,110.0,0.0
2021-03-22,110.5,0.0
2021-03-23,111.0,0.0
2021-03-24,111.0,0.0
2021-03-25,111.5,0.0
2021-03-26,111.5,0.0
2021-03-29,112.0,0.0
2021-03-30,111.5,0.0
2021-03-31,111.5,0.0
2021-04-01,111.5,0.0
2021-04-07,112.0,0.0
2021-04-08,111.0,0.0
2021-04-09,112.0,0.0
2021-04-12,111.0,0.0
2021-04-13,112.0,0.0
2021-04-14,113.0,0.0
2021-04-15,114.0,0.0
2021-04-16,114.0,0.0
2021-04-19,114.5,0.0
2021-04-20,115.0,0.0
2021-04-21,114.5,0.0
2021-04-22,114.5,0.0
2021-04-23,114.0,0.0
2021-04-26,114.0,0.0
2021-04-27,114.0,0.0
2021-04-28,114.0,0.0
2021-04-29,114.0,0.0
2021-05-03,113.0,0.0
2021-05-04,112.5,0.0
2021-05-05,112.0,0.0
2021-05-06,113.0,0.0
2021-05-07,113.5,0.0
2021-05-10,114.0,0.0
2021-05-11,114.5,0.0
2021-05-12,112.5,0.0
2021-05-13,111.0,0.0
2021-05-14,113.5,0.0
2021-05-17,112.5,0.0
2021-05-18,113.5,0.0
2021-05-19,112.5,0.0
2021-05-20,113.5,0.0
2021-05-21,114.5,0.0
2021-05-24,113.0,0.0
2021-05-25,114.0,0.0
2021-05-26,113.0,0.0
2021-05-27,112.0,0.0
2021-05-28,113.0,0.0
2021-05-31,113.5,0.0
2021-06-01,113.5,0.0
2021-06-02,114.0,0.0
2021-06-03,114.0,0.0
2021-06-04,114.0,0.0
2021-06-07,114.0,0.0
2021-06-08,114.5,0.0
2021-06-09,114.0,0.0
2021-06-10,114.5,0.0
2021-06-11,114.5,0.0
2021-06-15,114.5,0.0
2021-06-16,115.0,0.0
2021-06-17,114.5,0.0
2021-06-18,113.5,0.0
2021-06-21,113.5,0.0
2021-06-22,114.0,0.0
2021-06-23,114.5,0.0
2021-06-24,114.0,0.0
2021-06-25,114.5,0.0
2021-06-28,114.0,0.0
2021-06-29,114.0,0.0
2021-06-30,114.0,0.0
2021-07-01,113.5,0.0
2021-07-02,114.0,0.0
2021-07-05,114.5,0.0
2021-07-06,114.0,0.0
2021-07-07,114.0,0.0
2021-07-08,114.0,0.0
2021-07-09,114.5,0.0
2021-07-12,113.5,0.0
2021-07-13,114.5,0.0
2021-07-14,114.5,0.0
2021-07-15,114.5,0.0
2021-07-16,115.0,0.0
2021-07-19,115.0,0.0
2021-07-20,115.0,0.0
2021-07-21,115.0,0.0
2021-07-22,116.0,0.0
2021-07-23,115.0,0.0
2021-07-26,115.0,0.0
2021-07-27,115.5,0.0
2021-07-28,116.0,0.0
2021-07-29,116.5,0.0
2021-07-30,115.0,0.0
2021-08-02,116.5,0.0
2021-08-03,117.0,0.0
2021-08-04,117.5,0.0
2021-08-05,118.0,0.0
2021-08-06,117.5,0.0
2021-08-09,117.5,0.0
2021-08-10,118.0,0.0
2021-08-11,118.0,0.0
2021-08-12,118.0,0.0
2021-08-13,117.5,0.0
2021-08-16,117.5,0.0
2021-08-17,117.5,0.0
2021-08-18,117.5,0.0
2021-08-19,116.5,0.0
2021-08-20,116.0,0.0
2021-08-23,115.5,0.0
2021-08-24,115.5,0.0
2021-08-25,110.0,4.306
2021-08-26,110.0,0.0
2021-08-27,110.0,0.0
2021-08-30,111.0,0.0
2021-08-31,112.0,0.0
2021-09-01,110.5,0.0
2021-09-02,111.0,0.0
2021-09-03,111.0,0.0
2021-09-06,111.0,0.0
2021-09-07,111.0,0.0
2021-09-08,111.0,0.0
2021-09-09,110.5,0.0
2021-09-10,110.5,0.0
2021-09-13,111.0,0.0
2021-09-14,111.0,0.0
2021-09-15,111.0,0.0
2021-09-16,111.5,0.0
2021-09-17,111.0,0.0
2021-09-22,111.0,0.0
2021-09-23,111.0,0.0
2021-09-24,111.5,0.0
2021-09-27,111.0,0.0
2021-09-28,111.0,0.0
2021-09-29,111.5,0.0
2021-09-30,110.5,0.0
2021-10-01,110.5,0.0
2021-10-04,111.0,0.0
2021-10-05,110.5,0.0
2021-10-06,111.0,0.0
2021-10-07,111.5,0.0
2021-10-08,111.5,0.0
2021-10-12,111.5,0.0
2021-10-13,111.5,0.0
2021-10-14,110.5,0.0
2021-10-15,111.0,0.0
2021-10-18,111.0,0.0
2021-10-19,111.5,0.0
2021-10-20,111.0,0.0
2021-10-21,110.5,0.0
2021-10-22,111.5,0.0
2021-10-25,111.0,0.0
2021-10-26,110.5,0.0
2021-10-27,110.5,0.0
2021-10-28,110.0,0.0
2021-10-29,110.5,0.0
2021-11-01,111.0,0.0
2021-11-02,110.5,0.0
2021-11-03,110.5,0.0
2021-11-04,111.0,0.0
2021-11-05,111.0,0.0
2021-11-08,111.5,0.0
2021-11-09,111.5,0.0
2021-11-10,112.0,0.0
2021-11-11,112.5,0.0
2021-11-12,112.5,0.0
2021-11-15,113.0,0.0
2021-11-16,114.0,0.0
2021-11-17,114.5,0.0
2021-11-18,115.0,0.0
2021-11-19,113.0,0.0
2021-11-22,112.5,0.0
2021-11-23,113.5,0.0
2021-11-24,113.5,0.0
2021-11-25,113.5,0.0
2021-11-26,113.0,0.0
2021-11-29,112.5,0.0
2021-11-30,112.0,0.0
2021-12-01,113.0,0.0
2021-12-02,114.0,0.0
2021-12-03,113.5,0.0
2021-12-06,114.0,0.0
2021-12-07,114.0,0.0
2021-12-08,114.0,0.0
2021-12-09,114.5,0.0
2021-12-10,114.0,0.0
2021-12-13,113.5,0.0
2021-12-14,114.0,0.0
2021-12-15,114.0,0.0
2021-12-16,114.5,0.0
2021-12-17,115.0,0.0
2021-12-20,115.0,0.0
2021-12-21,115.5,0.0
2021-12-22,115.5,0.0
2021-12-23,115.5,0.0
2021-12-24,115.5,0.0
2021-12-27,116.0,0.0
2021-12-28,116.0,0.0
2021-12-29,116.5,0.0
2021-12-30,116.5,0.0
2022-01-03,115.5,0.0
2022-01-04,115.5,0.0
2022-01-05,115.5,0.0
2022-01-06,115.5,0.0
2022-01-07,115.5,0.0
2022-01-10,116.5,0.0
2022-01-11,116.5,0.0
2022-01-12,117.0,0.0
2022-01-13,117.5,0.0
2022-01-14,117.5,0.0
2022-01-17,117.0,0.0
2022-01-18,117.5,0.0
2022-01-19,117.0,0.0
2022-01-20,116.5,0.0
2022-01-21,117.0,0.0
2022-01-24,117.0,0.0
2022-01-25,117.0,0.0
2022-01-26,117.5,0.0
2022-02-07,118.5,0.0
2022-02-08,118.0,0.0
2022-02-09,118.5,0.0
2022-02-10,119.5,0.0
2022-02-11,119.5,0.0
2022-02-14,120.0,0.0
2022-02-15,120.0,0.0
2022-02-16,121.0,0.0
2022-02-17,121.5,0.0
2022-02-18,122.0,0.0
2022-02-21,123.5,0.0
2022-02-22,123.5,0.0
2022-02-23,125.5,0.0
2022-02-24,124.5,0.0
2022-02-25,124.5,0.0
2022-03-01,124.5,0.0
2022-03-02,123.5,0.0
2022-03-03,122.5,0.0
2022-03-04,123.0,0.0
2022-03-07,121.0,0.0
2022-03-08,122.0,0.0
2022-03-09,122.5,0.0
2022-03-10,123.0,0.0
2022-03-11,122.5,0.0
2022-03-14,123.0,0.0
2022-03-15,125.0,0.0
2022-03-16,126.0,0.0
2022-03-17,125.5,0.0
2022-03-18,126.5,0.0
2022-03-21,126.5,0.0
2022-03-22,126.5,0.0
2022-03-23,126.5,0.0
2022-03-24,127.0,0.0
2022-03-25,128.0,0.0
2022-03-28,128.0,0.0
2022-03-29,127.0,0.0
2022-03-30,127.0,0.0
2022-03-31,127.0,0.0
2022-04-01,127.0,0.0
2022-04-06,127.0,0.0
2022-04-07,127.0,0.0
2022-04-08,128.0,0.0
2022-04-11,130.0,0.0
2022-04-12,128.5,0.0
2022-04-13,128.5,0.0
2022-04-14,130.0,0.0
2022-04-15,129.5,0.0
2022-04-18,130.0,0.0
2022-04-19,129.5,0.0
2022-04-20,131.0,0.0
2022-04-21,131.0,0.0
2022-04-22,131.5,0.0
2022-04-25,131.5,0.0
2022-04-26,132.0,0.0
2022-04-27,132.0,0.0
2022-04-28,131.5,0.0
2022-04-29,131.0,0.0
2022-05-03,127.5,0.0
2022-05-04,124.0,0.0
2022-05-05,125.0,0.0
2022-05-06,126.5,0.0
2022-05-09,125.0,0.0
2022-05-10,124.5,0.0
2022-05-11,125.0,0.0
2022-05-12,124.0,0.0
2022-05-13,124.0,0.0
2022-05-16,124.0,0.0
2022-05-17,123.5,0.0
2022-05-18,125.0,0.0
2022-05-19,124.5,0.0
2022-05-20,124.5,0.0
2022-05-23,123.5,0.0
2022-05-24,124.0,0.0
2022-05-25,125.0,0.0
2022-05-26,127.5,0.0
2022-05-27,125.5,0.0
2022-05-30,127.0,0.0
2022-05-31,127.0,0.0
2022-06-01,125.0,0.0
2022-06-02,125.0,0.0
2022-06-06,126.0,0.0
2022-06-07,125.5,0.0
2022-06-08,126.5,0.0
2022-06-09,126.0,0.0
2022-06-10,125.0,0.0
2022-06-13,125.0,0.0
2022-06-14,124.5,0.0
2022-06-15,125.0,0.0
2022-06-16,124.0,0.0
2022-06-17,125.0,0.0
2022-06-20,125.0,0.0
2022-06-21,126.5,0.0
2022-06-22,125.5,0.0
2022-06-23,127.0,0.0
2022-06-24,129.0,0.0
2022-06-27,128.5,0.0
2022-06-28,129.0,0.0
2022-06-29,130.5,0.0
2022-06-30,122.0,4.608
2022-07-01,124.0,0.0
2022-07-04,126.5,0.0
2022-07-05,127.0,0.0
2022-07-06,128.0,0.0
2022-07-07,127.5,0.0
2022-07-08,124.5,0.0
2022-07-11,124.0,0.0
2022-07-12,122.5,0.0
2022-07-13,124.0,0.0
2022-07-14,123.0,0.0
2022-07-15,123.0,0.0
2022-07-18,123.0,0.0
2022-07-19,121.5,0.0
2022-07-20,120.0,0.0
2022-07-21,119.5,0.0
2022-07-22,118.5,0.0
2022-07-25,120.0,0.0
2022-07-26,120.0,0.0
2022-07-27,121.5,0.0
2022-07-28,121.5,0.0
2022-07-29,121.5,0.0
2022-08-01,122.0,0.0
2022-08-02,122.5,0.0
2022-08-03,121.5,0.0
2022-08-04,120.5,0.0
2022-08-05,122.0,0.0
2022-08-08,122.5,0.0
2022-08-09,122.5,0.0
2022-08-10,122.5,0.0
2022-08-11,125.0,0.0
2022-08-12,125.0,0.0
2022-08-15,124.5,0.0
2022-08-16,123.5,0.0
2022-08-17,123.0,0.0
2022-08-18,122.5,0.0
2022-08-19,121.5,0.0
2022-08-22,122.0,0.0
2022-08-23,122.5,0.0
2022-08-24,122.0,0.0
2022-08-25,122.0,0.0
2022-08-26,122.0,0.0
2022-08-29,123.0,0.0
2022-08-30,122.5,0.0
2022-08-31,121.0,0.0
2022-09-01,121.0,0.0
2022-09-02,121.0,0.0
2022-09-05,122.0,0.0
2022-09-06,121.5,0.0
2022-09-07,120.5,0.0
2022-09-08,121.0,0.0
2022-09-12,121.0,0.0
2022-09-13,121.0,0.0
2022-09-14,119.5,0.0
2022-09-15,119.0,0.0
2022-09-16,118.0,0.0
2022-09-19,118.0,0.0
2022-09-20,118.0,0.0
2022-09-21,117.5,0.0
2022-09-22,116.0,0.0
2022-09-23,115.0,0.0
2022-09-26,116.5,0.0
2022-09-27,116.0,0.0
2022-09-28,116.5,0.0
2022-09-29,116.0,0.0
2022-09-30,114.0,0.0
2022-10-03,111.5,0.0
2022-10-04,112.0,0.0
2022-10-05,111.5,0.0
2022-10-06,110.5,0.0
2022-10-07,110.5,0.0
2022-10-11,109.0,0.0
2022-10-12,110.0,0.0
2022-10-13,109.0,0.0
2022-10-14,109.0,0.0
2022-10-17,109.0,0.0
2022-10-18,108.5,0.0
2022-10-19,107.5,0.0
2022-10-20,107.0,0.0
2022-10-21,108.0,0.0
2022-10-24,107.5,0.0
2022-10-25,110.5,0.0
2022-10-26,108.5,0.0
2022-10-27,109.5,0.0
2022-10-28,109.0,0.0
2022-10-31,111.0,0.0
2022-11-01,109.5,0.0
2022-11-02,108.5,0.0
2022-11-03,108.5,0.0
2022-11-04,108.5,0.0
2022-11-07,108.0,0.0
2022-11-08,108.5,0.0
2022-11-09,109.0,0.0
2022-11-10,108.5,0.0
2022-11-11,109.5,0.0
2022-11-14,109.5,0.0
2022-11-15,109.0,0.0
2022-11-16,108.5,0.0
2022-11-17,108.0,0.0
2022-11-18,109.0,0.0
2022-11-21,109.0,0.0
2022-11-22,108.5,0.0
2022-11-23,109.0,0.0
2022-11-24,110.0,0.0
2022-11-25,112.5,0.0
2022-11-28,110.5,0.0
2022-11-29,112.0,0.0
2022-11-30,113.5,0.0
2022-12-01,111.5,0.0
2022-12-02,112.0,0.0
2022-12-05,112.5,0.0
2022-12-06,112.0,0.0
2022-12-07,112.5,0.0
2022-12-08,111.0,0.0
2022-12-09,112.0,0.0
2022-12-12,112.5,0.0
2022-12-13,111.0,0.0
2022-12-14,111.5,0.0
2022-12-15,112.0,0.0
2022-12-16,110.5,0.0
2022-12-19,111.5,0.0
2022-12-20,111.5,0.0
2022-12-21,111.5,0.0
2022-12-22,113.0,0.0
2022-12-23,112.5,0.0
2022-12-26,113.0,0.0
2022-12-27,113.0,0.0
2022-12-28,114.0,0.0
2022-12-29,113.0,0.0
2022-12-30,113.0,0.0
2023-01-03,113.0,0.0
2023-01-04,113.5,0.0
2023-01-05,114.0,0.0
2023-01-06,114.0,0.0
2023-01-09,115.0,0.0
2023-01-10,115.0,0.0
2023-01-11,114.0,0.0
2023-01-12,113.5,0.0
2023-01-13,114.0,0.0
2023-01-16,115.0,0.0
2023-01-17,114.0,0.0
2023-01-30,114.5,0.0
2023-01-31,112.5,0.0
2023-02-01,112.5,0.0
2023-02-02,112.0,0.0
2023-02-03,113.0,0.0
2023-02-06,112.5,0.0
2023-02-07,112.5,0.0
2023-02-08,112.5,0.0
2023-02-09,112.5,0.0
2023-02-10,113.0,0.0
2023-02-13,113.5,0.0
2023-02-14,114.0,0.0
2023-02-15,113.5,0.0
2023-02-16,114.0,0.0
2023-02-17,113.5,0.0
2023-02-20,115.0,0.0
2023-02-21,114.5,0.0
2023-02-22,115.0,0.0
2023-02-23,115.5,0.0
2023-02-24,115.5,0.0
2023-03-01,115.0,0.0
2023-03-02,116.5,0.0
2023-03-03,117.5,0.0
2023-03-06,118.0,0.0
2023-03-07,118.5,0.0
2023-03-08,119.0,0.0
2023-03-09,118.5,0.0
2023-03-10,117.5,0.0
2023-03-13,119.0,0.0
2023-03-14,117.5,0.0
2023-03-15,119.0,0.0
2023-03-16,119.0,0.0
2023-03-17,118.0,0.0
2023-03-20,119.0,0.0
2023-03-21,118.5,0.0
2023-03-22,119.5,0.0
2023-03-23,120.0,0.0
2023-03-24,119.5,0.0
2023-03-27,120.0,0.0
2023-03-28,119.5,0.0
2023-03-29,120.0,0.0
2023-03-30,120.0,0.0
2023-03-31,119.5,0.0
2023-04-06,120.5,0.0
2023-04-07,121.0,0.0
2023-04-10,122.5,0.0
2023-04-11,123.0,0.0
2023-04-12,123.0,0.0
2023-04-13,124.0,0.0
2023-04-14,124.5,0.0
2023-04-17,125.5,0.0
2023-04-18,126.0,0.0
2023-04-19,124.5,0.0
2023-04-20,125.0,0.0
2023-04-21,126.0,0.0
2023-04-24,126.0,0.0
2023-04-25,126.0,0.0
2023-04-26,127.0,0.0
2023-04-27,126.5,0.0
2023-04-28,127.0,0.0
2023-05-02,125.5,0.0
2023-05-03,125.5,0.0
2023-05-04,126.5,0.0
2023-05-05,126.5,0.0
2023-05-08,126.5,0.0
2023-05-09,126.5,0.0
2023-05-10,126.0,0.0
2023-05-11,126.0,0.0
2023-05-12,125.0,0.0
2023-05-15,125.5,0.0
2023-05-16,126.0,0.0
2023-05-17,127.0,0.0
2023-05-18,126.5,0.0
2023-05-19,127.5,0.0
2023-05-22,125.5,0.0
2023-05-23,126.5,0.0
2023-05-24,126.5,0.0
2023-05-25,128.0,0.0
2023-05-26,127.0,0.0
2023-05-29,126.0,0.0
2023-05-30,125.5,0.0
2023-05-31,126.0,0.0
2023-06-01,125.0,0.0
2023-06-02,125.5,0.0
2023-06-05,125.0,0.0
2023-06-06,125.5,0.0
2023-06-07,125.0,0.0
2023-06-08,125.0,0.0
2023-06-09,125.5,0.0
2023-06-12,125.0,0.0
2023-06-13,125.5,0.0
2023-06-14,125.5,0.0
2023-06-15,125.5,0.0
2023-06-16,125.5,0.0
2023-06-19,125.5,0.0
2023-06-20,126.0,0.0
2023-06-21,126.0,0.0
2023-06-26,124.0,0.0
2023-06-27,122.0,0.0
2023-06-28,121.5,0.0
2023-06-29,117.5,4.702
2023-06-30,116.5,0.0
2023-07-03,115.0,0.0
2023-07-04,115.5,0.0
2023-07-05,115.0,0.0
2023-07-06,115.0,0.0
2023-07-07,114.5,0.0
2023-07-10,114.0,0.0
2023-07-11,115.0,0.0
2023-07-12,115.0,0.0
2023-07-13,115.0,0.0
2023-07-14,116.5,0.0
2023-07-17,116.5,0.0
2023-07-18,115.0,0.0
2023-07-19,115.0,0.0
2023-07-20,115.5,0.0
2023-07-21,115.5,0.0
2023-07-24,116.0,0.0
2023-07-25,116.5,0.0
2023-07-26,117.0,0.0
2023-07-27,116.5,0.0
2023-07-28,116.5,0.0
2023-07-31,116.0,0.0
2023-08-01,116.5,0.0
2023-08-02,116.0,0.0
2023-08-04,116.5,0.0
2023-08-07,116.0,0.0
2023-08-08,116.5,0.0
2023-08-09,117.0,0.0
2023-08-10,118.0,0.0
2023-08-11,118.0,0.0
2023-08-14,117.0,0.0
2023-08-15,117.0,0.0
2023-08-16,118.0,0.0
2023-08-17,116.5,0.0
2023-08-18,117.5,0.0
2023-08-21,117.0,0.0
2023-08-22,116.5,0.0
2023-08-23,116.5,0.0
2023-08-24,117.5,0.0
2023-08-25,116.5,0.0
2023-08-28,117.0,0.0
2023-08-29,117.5,0.0
2023-08-30,117.0,0.0
2023-08-31,116.0,0.0
2023-09-01,116.5,0.0
2023-09-04,117.5,0.0
2023-09-05,117.0,0.0
2023-09-06,117.0,0.0
2023-09-07,117.0,0.0
2023-09-08,116.5,0.0
2023-09-11,117.0,0.0
2023-09-12,117.0,0.0
2023-09-13,116.5,0.0
2023-09-14,117.0,0.0
2023-09-15,117.5,0.0
2023-09-18,117.0,0.0
2023-09-19,117.0,0.0
2023-09-20,117.0,0.0
2023-09-21,116.5,0.0
2023-09-22,117.0,0.0
2023-09-25,116.5,0.0
2023-09-26,116.0,0.0
2023-09-27,116.5,0.0
2023-09-28,116.0,0.0
2023-10-02,116.5,0.0
2023-10-03,116.0,0.0
2023-10-04,115.0,0.0
2023-10-05,115.0,0.0
2023-10-06,115.5,0.0
2023-10-11,116.5,0.0
2023-10-12,116.5,0.0
2023-10-13,116.0,0.0
2023-10-16,116.5,0.0
2023-10-17,116.5,0.0
2023-10-18,116.0,0.0
2023-10-19,116.0,0.0
2023-10-20,115.5,0.0
2023-10-23,115.5,0.0
2023-10-24,115.5,0.0
2023-10-25,115.5,0.0
2023-10-26,115.0,0.0
2023-10-27,115.5,0.0
2023-10-30,115.5,0.0
2023-10-31,116.0,0.0
2023-11-01,117.0,0.0
2023-11-02,118.0,0.0
2023-11-03,117.5,0.0
2023-11-06,117.5,0.0
2023-11-07,118.0,0.0
2023-11-08,118.5,0.0
2023-11-09,117.5,0.0
2023-11-10,117.0,0.0
2023-11-13,116.5,0.0
2023-11-14,116.5,0.0
2023-11-15,118.0,0.0
2023-11-16,117.0,0.0
2023-11-17,117.0,0.0
2023-11-20,118.0,0.0
2023-11-21,118.0,0.0
2023-11-22,118.0,0.0
2023-11-23,118.5,0.0
2023-11-24,119.0,0.0
2023-11-27,120.0,0.0
2023-11-28,119.5,0.0
2023-11-29,120.0,0.0
2023-11-30,119.5,0.0
2023-12-01,120.0,0.0
2023-12-04,121.0,0.0
2023-12-05,121.5,0.0
2023-12-06,122.0,0.0
2023-12-07,121.0,0.0
2023-12-08,120.5,0.0
2023-12-11,120.0,0.0
2023-12-12,120.0,0.0
2023-12-13,119.5,0.0
2023-12-14,119.5,0.0
2023-12-15,118.5,0.0
2023-12-18,118.5,0.0
2023-12-19,118.5,0.0
2023-12-20,118.5,0.0
2023-12-21,118.0,0.0
2023-12-22,117.5,0.0
2023-12-25,118.0,0.0
2023-12-26,119.0,0.0
2023-12-27,119.5,0.0
2023-12-28,120.0,0.0
2023-12-29,120.0,0.0
2024-01-02,120.5,0.0
2024-01-03,120.0,0.0
2024-01-04,119.0,0.0
2024-01-05,119.5,0.0
2024-01-08,120.5,0.0
2024-01-09,120.0,0.0
2024-01-10,120.0,0.0
2024-01-11,120.5,0.0
2024-01-12,120.0,0.0
2024-01-15,120.5,0.0
2024-01-16,119.0,0.0
2024-01-17,118.5,0.0
2024-01-18,118.5,0.0
2024-01-19,119.0,0.0
2024-01-22,119.0,0.0
2024-01-23,119.5,0.0
2024-01-24,120.0,0.0
2024-01-25,120.0,0.0
2024-01-26,119.5,0.0
2024-01-29,120.0,0.0
2024-01-30,119.5,0.0
2024-01-31,119.0,0.0
2024-02-01,120.0,0.0
2024-02-02,120.5,0.0
2024-02-05,121.5,0.0
2024-02-15,121.0,0.0
2024-02-16,122.0,0.0
2024-02-19,122.0,0.0
2024-02-20,122.5,0.0
2024-02-21,122.5,0.0
2024-02-22,122.0,0.0
2024-02-23,122.0,0.0
2024-02-26,122.0,0.0
2024-02-27,121.0,0.0
2024-02-29,120.5,0.0
2024-03-01,121.0,0.0
2024-03-04,121.5,0.0
2024-03-05,121.0,0.0
2024-03-06,121.5,0.0
2024-03-07,121.0,0.0
2024-03-08,120.5,0.0
2024-03-11,121.5,0.0
2024-03-12,121.5,0.0
2024-03-13,121.0,0.0
2024-03-14,122.0,0.0
2024-03-15,122.5,0.0
2024-03-18,123.0,0.0
2024-03-19,123.0,0.0
2024-03-20,123.0,0.0
2024-03-21,123.5,0.0
2024-03-22,124.0,0.0
2024-03-25,124.5,0.0
2024-03-26,125.5,0.0
2024-03-27,127.0,0.0
2024-03-28,125.5,0.0
2024-03-29,127.0,0.0
2024-04-01,126.5,0.0
2024-04-02,126.5,0.0
2024-04-03,125.0,0.0
2024-04-08,126.5,0.0
2024-04-09,125.5,0.0
2024-04-10,126.0,0.0
2024-04-11,126.5,0.0
2024-04-12,125.5,0.0
2024-04-15,126.0,0.0
2024-04-16,124.5,0.0
2024-04-17,123.5,0.0
2024-04-18,124.0,0.0
2024-04-19,123.0,0.0
2024-04-22,125.5,0.0
2024-04-23,125.0,0.0
2024-04-24,124.5,0.0
2024-04-25,123.5,0.0
2024-04-26,123.5,0.0
2024-04-29,124.5,0.0
2024-04-30,124.0,0.0
2024-05-02,124.0,0.0
2024-05-03,124.0,0.0
2024-05-06,124.5,0.0
2024-05-07,125.5,0.0
2024-05-08,126.5,0.0
2024-05-09,126.0,0.0
2024-05-10,125.5,0.0
2024-05-13,126.5,0.0
2024-05-14,125.5,0.0
2024-05-15,125.5,0.0
2024-05-16,125.5,0.0
2024-05-17,126.0,0.0
2024-05-20,126.5,0.0
2024-05-21,126.5,0.0
2024-05-22,127.0,0.0
2024-05-23,127.0,0.0
2024-05-24,127.0,0.0
2024-05-27,125.0,0.0
2024-05-28,126.0,0.0
2024-05-29,125.0,0.0
2024-05-30,126.0,0.0
2024-05-31,128.0,0.0
2024-06-03,127.0,0.0
2024-06-04,127.0,0.0
2024-06-05,127.0,0.0
2024-06-06,127.5,0.0
2024-06-07,126.5,0.0
2024-06-11,126.5,0.0
2024-06-12,126.5,0.0
2024-06-13,126.5,0.0
2024-06-14,128.0,0.0
2024-06-17,127.5,0.0
2024-06-18,128.0,0.0
2024-06-19,127.5,0.0
2024-06-20,126.5,0.0
2024-06-21,125.5,0.0
2024-06-24,126.5,0.0
2024-06-25,126.0,0.0
2024-06-26,125.5,0.0
2024-06-27,126.0,0.0
2024-06-28,125.5,0.0
2024-07-01,126.5,0.0
2024-07-02,125.5,0.0
2024-07-03,125.5,0.0
2024-07-04,118.5,4.758
2024-07-05,120.0,0.0
2024-07-08,119.0,0.0
2024-07-09,119.0,0.0
2024-07-10,118.5,0.0
2024-07-11,118.5,0.0
2024-07-12,118.5,0.0
2024-07-15,119.5,0.0
2024-07-16,119.5,0.0
2024-07-17,119.5,0.0
2024-07-18,120.5,0.0
2024-07-19,121.0,0.0
2024-07-22,120.5,0.0
2024-07-23,121.5,0.0
2024-07-26,122.5,0.0
2024-07-29,121.5,0.0
2024-07-30,121.0,0.0
2024-07-31,121.5,0.0
2024-08-01,121.5,0.0
2024-08-02,123.0,0.0
2024-08-05,121.5,0.0
2024-08-06,122.0,0.0
2024-08-07,121.5,0.0
2024-08-08,121.5,0.0
2024-08-09,122.0,0.0
2024-08-12,121.5,0.0
2024-08-13,122.0,0.0
2024-08-14,122.5,0.0
2024-08-15,123.0,0.0
2024-08-16,124.0,0.0
2024-08-19,123.5,0.0
2024-08-20,123.5,0.0
2024-08-21,123.5,0.0
2024-08-22,124.0,0.0
2024-08-23,124.0,0.0
2024-08-26,124.0,0.0
2024-08-27,124.5,0.0
2024-08-28,124.0,0.0
2024-08-29,123.5,0.0
2024-08-30,124.0,0.0
2024-09-02,124.0,0.0
2024-09-03,124.0,0.0
2024-09-04,122.0,0.0
2024-09-05,123.0,0.0
2024-09-06,124.0,0.0
2024-09-09,123.5,0.0
2024-09-10,124.0,0.0
2024-09-11,123.5,0.0
2024-09-12,124.5,0.0
2024-09-13,124.5,0.0
2024-09-16,125.0,0.0
2024-09-18,125.0,0.0
2024-09-19,125.0,0.0
2024-09-20,126.0,0.0
2024-09-23,126.5,0.0
2024-09-24,126.5,0.0
2024-09-25,126.5,0.0
2024-09-26,127.0,0.0
2024-09-27,126.5,0.0
2024-09-30,125.5,0.0
2024-10-01,126.0,0.0
2024-10-04,124.5,0.0
2024-10-07,124.0,0.0
2024-10-08,122.5,0.0
2024-10-09,122.5,0.0
2024-10-11,122.5,0.0
2024-10-14,122.5,0.0
2024-10-15,123.5,0.0
2024-10-16,122.5,0.0
2024-10-17,122.5,0.0
2024-10-18,124.0,0.0
2024-10-21,122.5,0.0
2024-10-22,123.0,0.0
2024-10-23,122.0,0.0
2024-10-24,122.0,0.0
2024-10-25,122.0,0.0
2024-10-28,122.5,0.0
2024-10-29,122.5,0.0
2024-10-30,122.0,0.0
2024-11-01,122.0,0.0
2024-11-04,122.5,0.0
2024-11-05,123.0,0.0
2024-11-06,122.5,0.0
2024-11-07,123.0,0.0
2024-11-08,123.0,0.0
2024-11-11,123.0,0.0
2024-11-12,122.5,0.0
2024-11-13,123.5,0.0
2024-11-14,122.5,0.0
2024-11-15,122.5,0.0
2024-11-18,122.5,0.0
2024-11-19,123.5,0.0
2024-11-20,122.5,0.0
2024-11-21,123.0,0.0
2024-11-22,123.0,0.0
2024-11-25,123.5,0.0
2024-11-26,124.0,0.0
2024-11-27,123.5,0.0
2024-11-28,123.5,0.0
2024-11-29,123.0,0.0
2024-12-02,123.0,0.0
2024-12-03,123.5,0.0
2024-12-04,124.5,0.0
2024-12-05,124.0,0.0
2024-12-06,124.5,0.0
2024-12-09,124.5,0.0
2024-12-10,124.5,0.0
2024-12-11,123.5,0.0
2024-12-12,123.5,0.0
2024-12-13,123.5,0.0
2024-12-16,123.0,0.0
2024-12-17,123.5,0.0
2024-12-18,124.0,0.0
2024-12-19,123.5,0.0
2024-12-20,123.0,0.0
2024-12-23,124.5,0.0
2024-12-24,123.5,0.0
2024-12-25,124.0,0.0
2024-12-26,124.0,0.0
2024-12-27,124.5,0.0
2024-12-30,124.0,0.0
2024-12-31,123.5,0.0
2025-01-02,123.0,0.0
2025-01-03,122.5,0.0
2025-01-06,123.5,0.0
2025-01-07,123.0,0.0
2025-01-08,123.5,0.0
2025-01-09,123.0,0.0
2025-01-10,123.0,0.0
2025-01-13,123.0,0.0
2025-01-14,123.5,0.0
2025-01-15,123.5,0.0
2025-01-16,124.0,0.0
2025-01-17,124.0,0.0
2025-01-20,123.5,0.0
2025-01-21,123.5,0.0
2025-01-22,124.5,0.0
2025-02-03,125.5,0.0
2025-02-04,125.0,0.0
2025-02-05,126.0,0.0
2025-02-06,126.0,0.0
2025-02-07,126.0,0.0
2025-02-10,125.5,0.0
2025-02-11,125.5,0.0
2025-02-12,126.0,0.0
2025-02-13,125.5,0.0
2025-02-14,125.5,0.0
2025-02-17,126.0,0.0
2025-02-18,126.5,0.0
2025-02-19,126.5,0.0
2025-02-20,126.5,0.0
2025-02-21,127.0,0.0
2025-02-24,127.0,0.0
2025-02-25,126.5,0.0
2025-02-26,127.5,0.0
2025-02-27,128.0,0.0
2025-03-03,128.5,0.0
2025-03-04,127.0,0.0
2025-03-05,127.5,0.0
2025-03-06,128.0,0.0
2025-03-07,128.0,0.0
2025-03-10,128.0,0.0
2025-03-11,127.5,0.0
2025-03-12,128.0,0.0
2025-03-13,128.5,0.0
2025-03-14,128.5,0.0
2025-03-17,128.0,0.0
2025-03-18,129.0,0.0
2025-03-19,128.5,0.0
2025-03-20,129.0,0.0
2025-03-21,130.0,0.0
2025-03-24,129.0,0.0
2025-03-25,129.0,0.0
2025-03-26,129.0,0.0
2025-03-27,130.0,0.0
2025-03-28,130.0,0.0
2025-03-31,128.5,0.0
2025-04-01,130.0,0.0
2025-04-02,130.0,0.0
2025-04-07,124.0,0.0
2025-04-08,127.0,0.0
2025-04-09,126.0,0.0
2025-04-10,127.0,0.0
2025-04-11,128.5,0.0
2025-04-14,127.5,0.0
2025-04-15,129.0,0.0
2025-04-16,128.5,0.0
2025-04-17,128.0,0.0
2025-04-18,128.0,0.0
2025-04-21,127.0,0.0
2025-04-22,128.0,0.0
2025-04-23,127.5,0.0
2025-04-24,127.0,0.0
2025-04-25,126.5,0.0
2025-04-28,128.0,0.0
2025-04-29,129.0,0.0
2025-04-30,129.5,0.0
2025-05-02,128.5,0.0
2025-05-05,129.5,0.0
2025-05-06,130.0,0.0
2025-05-07,131.0,0.0
2025-05-08,129.5,0.0
2025-05-09,131.0,0.0
2025-05-12,131.0,0.0
2025-05-13,130.0,0.0
2025-05-14,129.5,0.0
2025-05-15,131.0,0.0
2025-05-16,131.0,0.0
2025-05-19,131.0,0.0
2025-05-20,131.5,0.0
2025-05-21,132.5,0.0
2025-05-22,133.0,0.0
2025-05-23,133.0,0.0
2025-05-26,133.0,0.0
2025-05-27,131.5,0.0
2025-05-28,132.0,0.0
2025-05-29,129.5,0.0
2025-06-02,131.5,0.0
2025-06-03,130.0,0.0
2025-06-04,129.5,0.0
2025-06-05,130.0,0.0
2025-06-06,130.0,0.0
2025-06-09,132.5,0.0
2025-06-10,133.0,0.0
2025-06-11,133.0,0.0
2025-06-12,134.0,0.0
2025-06-13,135.0,0.0
2025-06-16,136.0,0.0
2025-06-17,136.5,0.0
2025-06-18,137.0,0.0
2025-06-19,136.5,0.0
2025-06-20,136.5,0.0
2025-06-23,136.5,0.0
2025-06-24,135.5,0.0
2025-06-25,137.0,0.0
2025-06-26,137.0,0.0
2025-06-27,136.5,0.0
2025-06-30,135.0,0.0
2025-07-01,135.0,0.0
2025-07-02,134.5,0.0
2025-07-03,131.0,5.0
2025-07-04,130.5,0.0
2025-07-07,130.0,0.0
2025-07-08,129.0,0.0
2025-07-09,128.0,0.0
2025-07-10,130.0,0.0
2025-07-11,130.5,0.0
2025-07-14,130.5,0.0
2025-07-15,129.5,0.0
2025-07-16,130.5,0.0
2025-07-17,130.5,0.0
2025-07-18,129.0,0.0
2025-07-21,129.0,0.0
2025-07-22,130.5,0.0
2025-07-23,130.0,0.0
2025-07-24,129.5,0.0
2025-07-25,129.0,0.0
2025-07-28,129.5,0.0
2025-07-29,129.0,0.0
2025-07-30,129.5,0.0
2025-07-31,129.0,0.0
2025-08-04,131.0,0.0
2025-08-05,132.0,0.0
2025-08-06,132.5,0.0
2025-08-07,132.5,0.0
2025-08-08,134.0,0.0
2025-08-11,134.5,0.0
2025-08-12,135.0,0.0
2025-08-13,134.5,0.0
2025-08-14,134.5,0.0
2025-08-15,135.0,0.0
2025-08-18,137.0,0.0
2025-08-19,138.0,0.0
2025-08-20,136.5,0.0
2025-08-21,137.5,0.0
2025-08-22,136.0,0.0
2025-08-25,135.5,0.0
2025-08-26,133.5,0.0
2025-08-27,134.0,0.0
2025-08-28,133.0,0.0
2025-08-29,132.5,0.0
2025-09-01,134.0,0.0
2025-09-02,135.0,0.0
2025-09-03,134.0,0.0
2025-09-04,135.0,0.0
2025-09-05,134.5,0.0
2025-09-08,134.5,0.0
2025-09-09,135.5,0.0
2025-09-10,135.5,0.0
2025-09-11,134.5,0.0
2025-09-12,135.5,0.0
2025-09-15,135.0,0.0
2025-09-16,134.0,0.0
2025-09-17,134.5,0.0
2025-09-18,134.0,0.0
2025-09-19,134.0,0.0
2025-09-22,133.5,0.0
2025-09-23,133.5,0.0
2025-09-24,134.5,0.0
2025-09-25,133.5,0.0
2025-09-26,134.5,0.0
2025-09-30,133.5,0.0
2025-10-01,134.5,0.0
2025-10-02,133.0,0.0
2025-10-03,133.0,0.0
2025-10-07,133.0,0.0
2025-10-08,133.5,0.0
2025-10-09,133.0,0.0
2025-10-13,132.5,0.0
2025-10-14,132.5,0.0
2025-10-15,131.5,0.0
2025-10-16,132.0,0.0
2025-10-17,133.0,0.0
2025-10-20,133.0,0.0
2025-10-21,133.0,0.0
2025-10-22,133.5,0.0
2025-10-23,134.0,0.0
2025-10-27,132.0,0.0
2025-10-28,132.0,0.0
2025-10-29,132.0,0.0
2025-10-30,131.5,0.0
2025-10-31,131.0,0.0
2025-11-03,131.5,0.0
2025-11-04,131.0,0.0
2025-11-05,132.0,0.0
2025-11-06,131.5,0.0
2025-11-07,132.5,0.0
2025-11-10,133.0,0.0
2025-11-11,132.0,0.0
2025-11-12,132.0,0.0
2025-11-13,131.5,0.0
2025-11-14,131.5,0.0
2025-11-17,132.0,0.0
2025-11-18,131.0,0.0
2025-11-19,130.5,0.0
2025-11-20,132.0,0.0
2025-11-21,131.5,0.0
2025-11-24,132.0,0.0
2025-11-25,131.0,0.0
2025-11-26,131.0,0.0
2025-11-27,131.0,0.0
2025-11-28,130.5,0.0
2025-12-01,130.0,0.0
2025-12-02,130.0,0.0
2025-12-03,130.0,0.0
2025-12-04,129.5,0.0
2025-12-05,130.0,0.0
2025-12-08,129.5,0.0
2025-12-09,130.0,0.0
2025-12-10,129.5,0.0
2025-12-11,130.0,0.0
2025-12-12,130.5,0.0
2025-12-15,130.5,0.0
2025-12-16,130.5,0.0
2025-12-17,129.5,0.0
2025-12-18,130.0,0.0
2025-12-19,131.0,0.0
2025-12-22,130.5,0.0
2025-12-23,130.5,0.0
2025-12-24,130.5,0.0
2025-12-26,131.5,0.0
2025-12-29,132.0,0.0
2025-12-30,131.0,0.0
2025-12-31,130.5,0.0
2026-01-02,132.0,0.0
2026-01-05,133.0,0.0
2026-01-06,132.5,0.0
2026-01-07,133.0,0.0
2026-01-08,133.5,0.0
2026-01-09,133.5,0.0
2026-01-12,133.5,0.0
2026-01-13,133.5,0.0
2026-01-14,133.0,0.0
2026-01-15,133.5,0.0
2026-01-16,133.0,0.0
2026-01-19,134.0,0.0
2026-01-20,133.0,0.0
2026-01-21,133.0,0.0
2026-01-22,133.0,0.0
2026-01-23,134.0,0.0
2026-01-26,134.0,0.0
2026-01-27,133.0,0.0
2026-01-28,133.5,0.0
2026-01-29,133.5,0.0
2026-01-30,133.5,0.0
2026-02-02,133.0,0.0
2026-02-03,133.5,0.0
2026-02-04,133.0,0.0
2026-02-05,132.5,0.0
2026-02-06,133.0,0.0
2026-02-09,132.0,0.0
2026-02-10,132.5,0.0
2026-02-11,133.0,0.0
2026-02-23,135.0,0.0
2026-02-24,135.5,0.0
2026-02-25,136.0,0.0
2026-02-26,134.0,0.0
2026-03-02,138.0,0.0
2026-03-03,138.0,0.0
2026-03-04,135.5,0.0
2026-03-05,137.0,0.0
2026-03-06,136.5,0.0
2026-03-09,136.0,0.0
2026-03-10,135.0,0.0
2026-03-11,135.5,0.0
2026-03-12,136.0,0.0
2026-03-13,136.0,0.0
2026-03-16,136.5,0.0
2026-03-17,137.0,0.0
2026-03-18,137.5,0.0
2026-03-19,135.5,0.0
2026-03-20,134.0,0.0
2026-03-23,134.0,0.0
2026-03-24,134.0,0.0
2026-03-25,135.0,0.0
2026-03-26,134.5,0.0
2026-03-27,134.0,0.0
2026-03-30,134.0,0.0
2026-03-31,133.0,0.0
2026-04-01,134.0,0.0
2026-04-02,134.0,0.0
2026-04-07,134.0,0.0
2026-04-08,134.0,0.0
2026-04-09,135.0,0.0
2026-04-10,135.5,0.0
2026-04-13,134.5,0.0
2026-04-14,135.0,0.0
2026-04-15,135.5,0.0
2026-04-16,136.5,0.0
2026-04-17,137.5,0.0
2026-04-20,137.0,0.0
2026-04-21,137.0,0.0
2026-04-22,136.5,0.0
2026-04-23,136.0,0.0
2026-04-24,135.5,0.0
2026-04-27,137.0,0.0
2026-04-28,137.0,0.0
2026-04-29,136.5,0.0
2026-04-30,136.0,0.0
2026-05-04,135.5,0.0
2026-05-05,136.0,0.0
2026-05-06,136.0,0.0
2026-05-07,135.5,0.0
2026-05-08,136.5,0.0
2026-05-11,135.5,0.0
2026-05-12,135.5,0.0
2026-05-13,137.5,0.0
2026-05-14,137.5,0.0
2026-05-15,138.0,0.0
2026-05-18,137.0,0.0
2026-05-19,142.5,0.0
2026-05-20,139.0,0.0
2026-05-21,137.5,0.0
2026-05-22,137.0,0.0
2026-05-25,136.5,0.0
2026-05-26,136.0,0.0
2026-05-27,137.0,0.0
2026-05-28,136.5,0.0
2026-05-29,137.0,0.0
2026-06-01,140.5,0.0
2026-06-02,142.0,0.0
2026-06-03,141.0,0.0
2026-06-04,141.5,0.0
2026-06-05,141.0,0.0
2026-06-08,138.5,0.0
2026-06-09,142.0,0.0
2026-06-10,144.0,0.0
2026-06-11,145.0,0.0
2026-06-12,145.0,0.0
2026-06-15,145.5,0.0
2026-06-16,146.5,0.0
2026-06-17,145.5,0.0
2026-06-18,144.0,0.0
2026-06-22,144.5,0.0
2026-06-23,144.0,0.0
2026-06-24,143.5,0.0
2026-06-25,144.0,0.0
2026-06-26,143.0,0.0
2026-06-29,142.0,0.0
2026-06-30,141.5,0.0
2026-07-01,141.5,0.0
2026-07-02,141.0,0.0
2026-07-03,141.0,0.0
2026-07-06,141.5,0.0
2026-07-07,141.0,0.0
2026-07-08,139.5,0.0
2026-07-09,133.5,5.2
2026-07-10,133.5,0.0
2026-07-13,133.5,0.0
2026-07-14,133.0,0.0
2026-07-15,133.0,0.0
2026-07-16,136.0,0.0
2026-07-17,138.0,0.0
2026-07-20,139.0,0.0
2026-07-21,139.0,0.0
2026-07-22,138.5,0.0
2026-07-23,138.0,0.0
2026-07-24,139.0,0.0
2026-07-27,140.5,0.0
2026-07-28,141.0,0.0
2026-07-29,140.5,0.0
2026-07-30,140.5,0.0
2026-07-31,139.5,0.0
2026-08-03,139.0,0.0
2026-08-04,136.5,0.0
2026-08-05,137.0,0.0
2026-08-06,137.0,0.0
2026-08-07,137.5,0.0
2026-08-10,136.5,0.0
2026-08-11,136.0,0.0
2026-08-12,136.0,0.0
2026-08-13,136.0,0.0
2026-08-14,135.0,0.0
2026-08-17,136.0,0.0
2026-08-18,137.0,0.0
2026-08-19,136.0,0.0
2026-08-20,136.5,0.0
2026-08-21,136.5,0.0
2026-08-24,136.5,0.0
2026-08-25,136.5,0.0
2026-08-26,136.0,0.0
2026-08-27,135.5,0.0
2026-08-28,135.5,0.0
2026-08-31,136.0,0.0
2026-09-01,136.0,0.0
2026-09-02,137.5,0.0
2026-09-03,138.0,0.0
2026-09-04,137.5,0.0
