Date,Close,Dividends
2001-07-23,72.47098541259766,0.0
2001-07-24,77.1069107055664,0.0
2001-07-25,82.48051452636719,0.0
2001-07-26,88.08989715576172,0.0
2001-07-27,87.84430694580078,0.0
2001-07-30,87.84430694580078,0.0
2001-07-31,93.94487762451172,0.0
2001-08-01,90.04483795166016,0.0
2001-08-02,92.72673034667967,0.0
2001-08-03,94.43606567382812,0.0
2001-08-06,97.36355590820312,0.0
2001-08-07,95.65421295166016,0.0
2001-08-08,97.36355590820312,0.0
2001-08-09,95.89981079101562,0.0
2001-08-10,94.92725372314452,0.0
2001-08-13,94.1904754638672,0.0
2001-08-14,95.65421295166016,0.0
2001-08-15,95.89981079101562,0.0
2001-08-16,92.97232055664062,0.0
2001-08-17,93.69927978515624,0.0
2001-08-20,98.09051513671876,0.0
2001-08-21,99.55426025390624,0.0
2001-08-22,95.65421295166016,0.0
2001-08-23,95.16302490234376,0.0
2001-08-24,92.72673034667967,0.0
2001-08-27,94.1904754638672,0.0
2001-08-28,91.9899444580078,0.0
2001-08-29,93.45368957519533,0.0
2001-08-30,95.65422058105467,0.124495
2001-08-31,98.72905731201172,0.0
2001-09-03,97.01972198486328,0.0
2001-09-04,99.75074005126952,0.0
2001-09-05,95.998046875,0.0
2001-09-06,92.5793685913086,0.0
2001-09-07,94.966552734375,0.0
2001-09-10,95.31037902832033,0.0
2001-09-11,88.8266830444336,0.0
2001-09-12,88.8266830444336,0.0
2001-09-13,82.67699432373047,0.0
2001-09-14,77.20514678955078,0.0
2001-09-17,77.20514678955078,0.0
2001-09-18,77.20514678955078,0.0
2001-09-19,80.27999114990234,0.0
2001-09-20,77.5489730834961,0.0
2001-09-21,75.16179656982422,0.0
2001-09-24,79.6021499633789,0.0
2001-09-25,81.30166625976562,0.0
2001-09-26,86.77351379394531,0.0
2001-09-27,88.1390151977539,0.0
2001-09-28,86.08584594726562,0.0
2001-10-01,86.08584594726562,0.0
2001-10-02,80.9676513671875,0.0
2001-10-03,79.25831604003906,0.0
2001-10-04,81.64549255371094,0.0
2001-10-05,81.98932647705078,0.0
2001-10-08,81.30166625976562,0.0
2001-10-09,83.69866943359375,0.0
2001-10-10,83.69866943359375,0.0
2001-10-11,87.45135498046875,0.0
2001-10-12,86.77351379394531,0.0
2001-10-15,88.1390151977539,0.0
2001-10-16,88.1390151977539,0.0
2001-10-17,85.40800476074219,0.0
2001-10-18,87.11734771728516,0.0
2001-10-19,87.7951889038086,0.0
2001-10-22,93.26703643798828,0.0
2001-10-23,93.26703643798828,0.0
2001-10-24,95.31037902832033,0.0
2001-10-25,98.72905731201172,0.0
2001-10-26,105.56642150878906,0.0
2001-10-29,104.19108581542967,0.0
2001-10-30,99.4167251586914,0.0
2001-10-31,101.46007537841795,0.0
2001-11-01,107.95359802246094,0.0
2001-11-02,112.05011749267578,0.0
2001-11-05,113.4156265258789,0.0
2001-11-06,111.70628356933594,0.0
2001-11-07,112.73778533935548,0.0
2001-11-08,110.00676727294922,0.0
2001-11-09,111.37227630615234,0.0
2001-11-12,113.08161163330078,0.0
2001-11-13,112.73778533935548,0.0
2001-11-14,116.49047088623048,0.0
2001-11-15,121.96231842041016,0.0
2001-11-16,119.23130798339844,0.0
2001-11-19,122.98399353027344,0.0
2001-11-20,120.2529754638672,0.0
2001-11-21,124.69332885742188,0.0
2001-11-22,130.1553497314453,0.0
2001-11-23,135.2833709716797,0.0
2001-11-26,142.79856872558594,0.0
2001-11-27,143.1424102783203,0.0
2001-11-28,138.35821533203125,0.0
2001-11-29,140.7454071044922,0.0
2001-11-30,138.35821533203125,0.0
2001-12-03,147.9265899658203,0.0
2001-12-04,148.60443115234375,0.0
2001-12-05,158.8506317138672,0.0
2001-12-06,169.78451538085938,0.0
2001-12-07,176.6218719482422,0.0
2001-12-10,168.07518005371094,0.0
2001-12-11,179.35289001464844,0.0
2001-12-12,183.44940185546875,0.0
2001-12-13,177.64353942871094,0.0
2001-12-14,174.22486877441406,0.0
2001-12-17,175.5903778076172,0.0
2001-12-18,171.8376922607422,0.0
2001-12-19,171.8376922607422,0.0
2001-12-20,173.89085388183594,0.0
2001-12-21,163.29100036621094,0.0
2001-12-24,165.68800354003906,0.0
2001-12-25,176.9558868408203,0.0
2001-12-26,179.35289001464844,0.0
2001-12-27,181.06222534179688,0.0
2001-12-28,189.25526428222656,0.0
2001-12-31,200.8768005371093,0.0
2002-01-01,200.8768005371093,0.0
2002-01-02,203.9516448974609,0.0
2002-01-03,194.72711181640625,0.0
2002-01-04,197.11428833007807,0.0
2002-01-07,199.1674652099609,0.0
2002-01-08,206.6826629638672,0.0
2002-01-09,203.6078186035156,0.0
2002-01-10,206.6826629638672,0.0
2002-01-11,196.0926208496093,0.0
2002-01-14,201.2206268310547,0.0
2002-01-15,210.1013336181641,0.0
2002-01-16,223.42239379882807,0.0
2002-01-17,221.3692169189453,0.0
2002-01-18,232.9907684326172,0.0
2002-01-21,242.5493011474609,0.0
2002-01-22,256.2142028808594,0.0
2002-01-23,239.1404571533203,0.0
2002-01-24,241.5276336669922,0.0
2002-01-25,242.8931427001953,0.0
2002-01-28,236.3996124267578,0.0
2002-01-29,237.4311065673828,0.0
2002-01-30,232.9907684326172,0.0
2002-01-31,223.76622009277344,0.0
2002-02-01,222.056884765625,0.0
2002-02-04,225.13172912597656,0.0
2002-02-05,232.9907684326172,0.0
2002-02-06,242.5493011474609,0.0
2002-02-07,242.5493011474609,0.0
2002-02-08,242.5493011474609,0.0
2002-02-11,242.5493011474609,0.0
2002-02-12,242.5493011474609,0.0
2002-02-13,242.5493011474609,0.0
2002-02-14,242.5493011474609,0.0
2002-02-15,242.5493011474609,0.0
2002-02-18,236.06561279296875,0.0
2002-02-19,234.012435913086,0.0
2002-02-20,234.012435913086,0.0
2002-02-21,224.44406127929688,0.0
2002-02-22,223.0785675048828,0.0
2002-02-25,215.90719604492188,0.0
2002-02-26,221.7130584716797,0.0
2002-02-27,232.6469268798828,0.0
2002-02-28,232.6469268798828,0.0
2002-03-01,231.95925903320312,0.0
2002-03-04,243.23696899414065,0.0
2002-03-05,247.6773223876953,0.0
2002-03-06,247.6773223876953,0.0
2002-03-07,242.5493011474609,0.0
2002-03-08,239.1404571533203,0.0
2002-03-11,248.69900512695312,0.0
2002-03-12,247.6773223876953,0.0
2002-03-13,250.0644989013672,0.0
2002-03-14,254.1708526611328,0.0
2002-03-15,249.73049926757807,0.0
2002-03-18,248.69900512695312,0.0
2002-03-19,240.16212463378903,0.0
2002-03-20,243.23696899414065,0.0
2002-03-21,240.8399658203125,0.0
2002-03-22,244.6024780273437,0.0
2002-03-25,242.8931427001953,0.0
2002-03-26,259.63287353515625,0.0
2002-03-27,251.4300079345703,0.0
2002-03-28,263.7294006347656,0.0
2002-03-29,259.2890319824219,0.0
2002-04-01,258.6112060546875,0.0
2002-04-02,262.70770263671875,0.0
2002-04-03,254.50485229492188,0.0
2002-04-04,243.580810546875,0.0
2002-04-05,243.580810546875,0.0
2002-04-08,239.4744567871093,0.0
2002-04-09,241.5276336669922,0.0
2002-04-10,242.5493011474609,0.0
2002-04-11,244.6024780273437,0.0
2002-04-12,249.73049926757807,0.0
2002-04-15,242.5493011474609,0.0
2002-04-16,244.25865173339844,0.0
2002-04-17,248.35516357421875,0.0
2002-04-18,241.5276336669922,0.0
2002-04-19,238.796615600586,0.0
2002-04-22,224.78790283203125,0.0
2002-04-23,225.4755706787109,0.0
2002-04-24,226.1534118652344,0.0
2002-04-25,220.00372314453125,0.0
2002-04-26,216.9288787841797,0.0
2002-04-29,215.56336975097656,0.0
2002-04-30,223.0785675048828,0.0
2002-05-01,223.0785675048828,0.0
2002-05-02,209.4136657714844,0.0
2002-05-03,214.19786071777344,0.0
2002-05-06,199.51129150390625,0.0
2002-05-07,205.3171539306641,0.0
2002-05-08,193.0177764892578,0.0
2002-05-09,191.6522674560547,0.0
2002-05-10,201.2206268310547,0.0
2002-05-13,192.67393493652344,0.0
2002-05-14,186.8680725097656,0.0
2002-05-15,190.6207733154297,0.0
2002-05-16,182.427734375,0.0
2002-05-17,181.06222534179688,0.0
2002-05-20,179.00904846191406,0.0
2002-05-21,178.66522216796875,0.0
2002-05-22,181.7400665283203,0.0
2002-05-23,177.9873809814453,0.0
2002-05-24,186.180419921875,0.0
2002-05-27,183.10557556152344,0.0
2002-05-28,180.7183837890625,0.0
2002-05-29,178.33120727539062,0.0
2002-05-30,171.1500244140625,0.0
2002-05-31,167.3973388671875,0.0
2002-06-03,165.68800354003906,0.0
2002-06-04,171.4938507080078,0.0
2002-06-05,171.4938507080078,0.0
2002-06-06,168.76284790039062,0.0
2002-06-07,157.48513793945312,0.0
2002-06-10,159.19447326660156,0.0
2002-06-11,148.26060485839844,0.0
2002-06-12,143.1424102783203,0.0
2002-06-13,152.70094299316406,0.0
2002-06-14,152.70094299316406,0.0
2002-06-17,152.366943359375,0.0
2002-06-18,153.73245239257812,0.0
2002-06-19,149.29209899902344,0.0
2002-06-20,153.04478454589844,0.0
2002-06-21,158.51663208007812,0.0
2002-06-24,160.22596740722656,0.0
2002-06-25,158.51663208007812,0.0
2002-06-26,147.58274841308594,0.0
2002-06-27,145.5295867919922,0.0
2002-06-28,146.21725463867188,0.0
2002-07-01,136.3050537109375,0.0
2002-07-02,132.8961944580078,0.0
2002-07-03,138.01438903808594,0.0
2002-07-04,140.7454071044922,0.0
2002-07-05,138.35821533203125,0.0
2002-07-08,147.9265899658203,0.0
2002-07-09,154.41029357910156,0.0
2002-07-10,149.6260986328125,0.0
2002-07-11,139.37989807128906,0.0
2002-07-12,143.82025146484375,0.0
2002-07-15,143.82025146484375,0.0
2002-07-16,140.7454071044922,0.0
2002-07-17,133.23019409179688,0.0
2002-07-18,131.8647003173828,0.0
2002-07-19,128.78985595703125,0.0
2002-07-22,128.78985595703125,0.0
2002-07-23,132.20852661132812,0.0
2002-07-24,125.37117767333984,0.0
2002-07-25,126.40267181396484,0.0
2002-07-26,118.8874740600586,0.0
2002-07-29,127.08051300048828,0.0
2002-07-30,135.96121215820312,0.0
2002-07-31,136.6488800048828,0.0
2002-08-01,136.3050537109375,0.0
2002-08-02,142.79856872558594,0.0
2002-08-05,132.8961944580078,0.0
2002-08-06,132.20852661132812,0.0
2002-08-07,139.0360565185547,0.0
2002-08-08,143.1424102783203,0.0
2002-08-09,148.60443115234375,0.0
2002-08-12,145.5295867919922,0.0
2002-08-13,144.85174560546875,0.0
2002-08-14,154.75411987304688,0.0
2002-08-15,154.75411987304688,0.0
2002-08-16,155.44178771972656,0.0
2002-08-19,144.85174560546875,0.0
2002-08-20,143.48623657226562,0.0
2002-08-21,145.5295867919922,0.0
2002-08-22,150.3137664794922,0.0
2002-08-23,150.3137664794922,0.0
2002-08-26,150.65760803222656,0.0
2002-08-27,149.29209899902344,0.0
2002-08-28,148.26060485839844,0.0
2002-08-29,146.3547821044922,0.976041
2002-08-30,143.00486755371094,0.0
2002-09-02,141.5706024169922,0.0
2002-09-03,144.43914794921875,0.0
2002-09-04,144.92051696777344,0.0
2002-09-05,147.3076934814453,0.0
2002-09-06,147.3076934814453,0.0
2002-09-09,157.34759521484375,0.0
2002-09-10,165.00033569335938,0.0
2002-09-11,165.00033569335938,0.0
2002-09-12,169.78451538085938,0.0
2002-09-13,163.56605529785156,0.0
2002-09-16,156.3946990966797,0.0
2002-09-17,166.43460083007812,0.0
2002-09-18,159.74461364746094,0.0
2002-09-19,163.56605529785156,0.0
2002-09-20,162.61314392089844,0.0
2002-09-23,158.78187561035156,0.0
2002-09-24,152.5732421875,0.0
2002-09-25,142.04214477539062,0.0
2002-09-26,142.5235137939453,0.0
2002-09-27,143.00486755371094,0.0
2002-09-30,144.43914794921875,0.0
2002-10-01,143.48623657226562,0.0
2002-10-02,144.92051696777344,0.0
2002-10-03,141.0892333984375,0.0
2002-10-04,135.35214233398438,0.0
2002-10-07,126.26513671875,0.0
2002-10-08,129.13368225097656,0.0
2002-10-09,123.39659118652344,0.0
2002-10-10,123.39659118652344,0.0
2002-10-11,117.17813110351562,0.0
2002-10-14,116.21540069580078,0.0
2002-10-15,124.34950256347656,0.0
2002-10-16,132.95513916015625,0.0
2002-10-17,142.04214477539062,0.0
2002-10-18,150.17623901367188,0.0
2002-10-21,154.4790496826172,0.0
2002-10-22,150.17623901367188,0.0
2002-10-23,160.22596740722656,0.0
2002-10-24,165.481689453125,0.0
2002-10-25,160.22596740722656,0.0
2002-10-28,155.44178771972656,0.0
2002-10-29,154.00750732421875,0.0
2002-10-30,153.04478454589844,0.0
2002-10-31,155.44178771972656,0.0
2002-11-01,152.5732421875,0.0
2002-11-04,147.7890625,0.0
2002-11-05,150.17623901367188,0.0
2002-11-06,159.26324462890625,0.0
2002-11-07,154.96041870117188,0.0
2002-11-08,154.4790496826172,0.0
2002-11-11,146.3547821044922,0.0
2002-11-12,147.7890625,0.0
2002-11-13,143.00486755371094,0.0
2002-11-14,142.5235137939453,0.0
2002-11-15,143.48623657226562,0.0
2002-11-18,142.5235137939453,0.0
2002-11-19,141.5706024169922,0.0
2002-11-20,137.2677764892578,0.0
2002-11-21,136.3050537109375,0.0
2002-11-22,143.95777893066406,0.0
2002-11-25,141.0892333984375,0.0
2002-11-26,136.3050537109375,0.0
2002-11-27,133.43650817871094,0.0
2002-11-28,136.3050537109375,0.0
2002-11-29,139.6549530029297,0.0
2002-12-02,141.0892333984375,0.0
2002-12-03,143.00486755371094,0.0
2002-12-04,139.6549530029297,0.0
2002-12-05,141.5706024169922,0.0
2002-12-06,143.95777893066406,0.0
2002-12-09,143.48623657226562,0.0
2002-12-10,140.13632202148438,0.0
2002-12-11,139.17359924316406,0.0
2002-12-12,134.39923095703125,0.0
2002-12-13,133.91787719726562,0.0
2002-12-16,134.8707733154297,0.0
2002-12-17,135.35214233398438,0.0
2002-12-18,137.73931884765625,0.0
2002-12-19,141.5706024169922,0.0
2002-12-20,146.82632446289062,0.0
2002-12-23,143.48623657226562,0.0
2002-12-24,141.5706024169922,0.0
2002-12-25,139.17359924316406,0.0
2002-12-26,144.43914794921875,0.0
2002-12-27,140.13632202148438,0.0
2002-12-30,136.3050537109375,0.0
2002-12-31,136.3050537109375,0.0
2003-01-01,136.3050537109375,0.0
2003-01-02,137.2677764892578,0.0
2003-01-03,141.0892333984375,0.0
2003-01-06,140.6078643798828,0.0
2003-01-07,139.6549530029297,0.0
2003-01-08,139.6549530029297,0.0
2003-01-09,139.17359924316406,0.0
2003-01-10,140.13632202148438,0.0
2003-01-13,147.7890625,0.0
2003-01-14,144.43914794921875,0.0
2003-01-15,142.04214477539062,0.0
2003-01-16,138.70205688476562,0.0
2003-01-17,136.78640747070312,0.0
2003-01-20,137.73931884765625,0.0
2003-01-21,138.22068786621094,0.0
2003-01-22,135.35214233398438,0.0
2003-01-23,135.83351135253906,0.0
2003-01-24,135.83351135253906,0.0
2003-01-27,135.35214233398438,0.0
2003-01-28,134.39923095703125,0.0
2003-01-29,134.39923095703125,0.0
2003-01-30,134.39923095703125,0.0
2003-01-31,134.39923095703125,0.0
2003-02-03,134.39923095703125,0.0
2003-02-04,134.39923095703125,0.0
2003-02-05,134.39923095703125,0.0
2003-02-06,125.30240631103516,0.0
2003-02-07,124.83086395263672,0.0
2003-02-10,124.83086395263672,0.0
2003-02-11,124.83086395263672,0.0
2003-02-12,122.4338607788086,0.0
2003-02-13,122.4338607788086,0.0
2003-02-14,124.83086395263672,0.0
2003-02-17,128.18077087402344,0.0
2003-02-18,123.39659118652344,0.0
2003-02-19,122.4338607788086,0.0
2003-02-20,124.34950256347656,0.0
2003-02-21,123.86813354492188,0.0
2003-02-24,124.83086395263672,0.0
2003-02-25,121.96231842041016,0.0
2003-02-26,122.91522979736328,0.0
2003-02-27,122.4338607788086,0.0
2003-02-28,122.4338607788086,0.0
2003-03-03,130.0865936279297,0.0
2003-03-04,129.13368225097656,0.0
2003-03-05,125.78377532958984,0.0
2003-03-06,124.83086395263672,0.0
2003-03-07,124.83086395263672,0.0
2003-03-10,127.2180404663086,0.0
2003-03-11,127.2180404663086,0.0
2003-03-12,130.56796264648438,0.0
2003-03-13,127.69940948486328,0.0
2003-03-14,127.69940948486328,0.0
2003-03-17,126.26513671875,0.0
2003-03-18,130.56796264648438,0.0
2003-03-19,128.65231323242188,0.0
2003-03-20,131.52085876464844,0.0
2003-03-21,131.04931640625,0.0
2003-03-24,131.04931640625,0.0
2003-03-25,129.13368225097656,0.0
2003-03-26,127.69940948486328,0.0
2003-03-27,129.13368225097656,0.0
2003-03-28,129.61505126953125,0.0
2003-03-31,125.30240631103516,0.0
2003-04-01,125.78377532958984,0.0
2003-04-02,125.78377532958984,0.0
2003-04-03,127.69940948486328,0.0
2003-04-04,128.65231323242188,0.0
2003-04-07,135.35214233398438,0.0
2003-04-08,134.8707733154297,0.0
2003-04-09,136.78640747070312,0.0
2003-04-10,133.91787719726562,0.0
2003-04-11,134.8707733154297,0.0
2003-04-14,132.95513916015625,0.0
2003-04-15,133.43650817871094,0.0
2003-04-16,136.78640747070312,0.0
2003-04-17,137.73931884765625,0.0
2003-04-18,140.6078643798828,0.0
2003-04-21,143.00486755371094,0.0
2003-04-22,139.6549530029297,0.0
2003-04-23,142.04214477539062,0.0
2003-04-24,138.22068786621094,0.0
2003-04-25,132.95513916015625,0.0
2003-04-28,129.61505126953125,0.0
2003-04-29,136.3050537109375,0.0
2003-04-30,136.3050537109375,0.0
2003-05-01,136.3050537109375,0.0
2003-05-02,137.73931884765625,0.0
2003-05-05,136.78640747070312,0.0
2003-05-06,138.22068786621094,0.0
2003-05-07,138.70205688476562,0.0
2003-05-08,136.78640747070312,0.0
2003-05-09,137.73931884765625,0.0
2003-05-12,137.73931884765625,0.0
2003-05-13,139.6549530029297,0.0
2003-05-14,138.70205688476562,0.0
2003-05-15,137.73931884765625,0.0
2003-05-16,137.73931884765625,0.0
2003-05-19,137.2677764892578,0.0
2003-05-20,137.73931884765625,0.0
2003-05-21,136.78640747070312,0.0
2003-05-22,138.70205688476562,0.0
2003-05-23,141.0892333984375,0.0
2003-05-26,142.04214477539062,0.0
2003-05-27,141.0892333984375,0.0
2003-05-28,142.04214477539062,0.0
2003-05-29,142.04214477539062,0.0
2003-05-30,147.3076934814453,0.0
2003-06-02,157.34759521484375,0.0
2003-06-03,161.66024780273438,0.0
2003-06-04,161.66024780273438,0.0
2003-06-05,158.78187561035156,0.0
2003-06-06,156.3946990966797,0.0
2003-06-09,152.0918731689453,0.0
2003-06-10,152.0918731689453,0.0
2003-06-11,156.8760528564453,0.0
2003-06-12,157.82896423339844,0.0
2003-06-13,160.697509765625,0.0
2003-06-16,160.697509765625,0.0
2003-06-17,161.1788787841797,0.0
2003-06-18,162.61314392089844,0.0
2003-06-19,168.35025024414062,0.0
2003-06-20,161.66024780273438,0.0
2003-06-23,161.66024780273438,0.0
2003-06-24,161.66024780273438,0.0
2003-06-25,163.56605529785156,0.0
2003-06-26,165.00033569335938,0.0
2003-06-27,164.04742431640625,0.0
2003-06-30,165.9630584716797,0.0
2003-07-01,171.2187957763672,0.0
2003-07-02,168.35025024414062,0.0
2003-07-03,169.78451538085938,0.0
2003-07-04,172.65306091308594,0.0
2003-07-07,184.60861206054688,0.0
2003-07-08,186.05270385742188,0.0
2003-07-09,181.26852416992188,0.0
2003-07-10,181.26852416992188,0.0
2003-07-11,181.26852416992188,0.0
2003-07-14,185.0899810791016,0.0
2003-07-15,184.13706970214844,0.0
2003-07-16,184.60861206054688,0.0
2003-07-17,177.43724060058594,0.0
2003-07-18,177.43724060058594,0.0
2003-07-21,176.0029754638672,0.0
2003-07-22,176.0029754638672,0.0
2003-07-23,182.70278930664065,0.0
2003-07-24,195.13970947265625,0.0
2003-07-25,199.44253540039065,0.0
2003-07-28,197.52688598632807,0.0
2003-07-29,198.0082550048828,0.0
2003-07-30,196.0926208496093,0.0
2003-07-31,196.573974609375,0.0
2003-08-01,200.8768005371093,0.0
2003-08-04,204.22671508789065,0.0
2003-08-05,193.69561767578125,0.0
2003-08-06,191.3084259033203,0.0
2003-08-07,187.4869842529297,0.0
2003-08-08,184.60861206054688,0.0
2003-08-11,183.17433166503903,0.0
2003-08-12,188.4398803710937,0.0
2003-08-13,146.67279052734375,0.0
2003-08-14,145.6103515625,0.0
2003-08-15,147.37863159179688,0.0
2003-08-18,147.73521423339844,0.0
2003-08-19,202.74331665039065,2.834132
2003-08-20,203.38186645507807,0.0
2003-08-21,206.6138916015625,0.0
2003-08-22,215.6517791748047,0.0
2003-08-25,222.1060028076172,0.0
2003-08-26,215.6517791748047,0.0
2003-08-27,215.0034027099609,0.0
2003-08-28,211.13284301757807,0.0
2003-08-29,219.52235412597656,0.0
2003-09-01,222.1060028076172,0.0
2003-09-02,228.570053100586,0.0
2003-09-03,225.9864044189453,0.0
2003-09-04,225.9864044189453,0.0
2003-09-05,226.6249389648437,0.0
2003-09-08,237.60794067382807,0.0
2003-09-09,247.294189453125,0.0
2003-09-10,247.294189453125,0.0
2003-09-11,247.294189453125,0.0
2003-09-12,244.0621795654297,0.0
2003-09-15,242.77525329589844,0.0
2003-09-16,247.9327392578125,0.0
2003-09-17,248.58111572265625,0.0
2003-09-18,248.58111572265625,0.0
2003-09-19,254.39678955078125,0.0
2003-09-22,245.9974670410156,0.0
2003-09-23,244.0621795654297,0.0
2003-09-24,243.413803100586,0.0
2003-09-25,240.1916046142578,0.0
2003-09-26,240.1916046142578,0.0
2003-09-29,243.413803100586,0.0
2003-09-30,239.5432281494141,0.0
2003-10-01,239.5432281494141,0.0
2003-10-02,246.6458282470703,0.0
2003-10-03,245.9974670410156,0.0
2003-10-06,247.294189453125,0.0
2003-10-07,249.2294769287109,0.0
2003-10-08,245.34909057617188,0.0
2003-10-09,245.34909057617188,0.0
2003-10-10,245.34909057617188,0.0
2003-10-13,242.1268920898437,0.0
2003-10-14,236.3112030029297,0.0
2003-10-15,231.1537170410156,0.0
2003-10-16,233.72755432128903,0.0
2003-10-17,236.9595642089844,0.0
2003-10-20,240.1916046142578,0.0
2003-10-21,240.1916046142578,0.0
2003-10-22,241.478515625,0.0
2003-10-23,242.77525329589844,0.0
2003-10-24,239.5432281494141,0.0
2003-10-27,236.3112030029297,0.0
2003-10-28,235.6726531982422,0.0
2003-10-29,236.9595642089844,0.0
2003-10-30,234.3759155273437,0.0
2003-10-31,225.9864044189453,0.0
2003-11-03,220.17071533203125,0.0
2003-11-04,215.0034027099609,0.0
2003-11-05,219.52235412597656,0.0
2003-11-06,217.58706665039065,0.0
2003-11-07,218.88380432128903,0.0
2003-11-10,218.2354278564453,0.0
2003-11-11,216.3001403808593,0.0
2003-11-12,215.0034027099609,0.0
2003-11-13,215.0034027099609,0.0
2003-11-14,220.819091796875,0.0
2003-11-17,216.3001403808593,0.0
2003-11-18,216.94851684570312,0.0
2003-11-19,216.3001403808593,0.0
2003-11-20,215.0034027099609,0.0
2003-11-21,213.71649169921875,0.0
2003-11-24,210.4844665527344,0.0
2003-11-25,209.84591674804688,0.0
2003-11-26,211.13284301757807,0.0
2003-11-27,207.26226806640625,0.0
2003-11-28,194.9923553466797,0.0
2003-12-01,192.40869140625,0.0
2003-12-02,202.74331665039065,0.0
2003-12-03,198.8629302978516,0.0
2003-12-04,209.84591674804688,0.0
2003-12-05,215.6517791748047,0.0
2003-12-08,209.84591674804688,0.0
2003-12-09,209.84591674804688,0.0
2003-12-10,206.6138916015625,0.0
2003-12-11,204.0302276611328,0.0
2003-12-12,204.0302276611328,0.0
2003-12-15,213.71649169921875,0.0
2003-12-16,208.54917907714844,0.0
2003-12-17,202.094955444336,0.0
2003-12-18,201.4465789794922,0.0
2003-12-19,200.15966796875,0.0
2003-12-22,202.74331665039065,0.0
2003-12-23,203.38186645507807,0.0
2003-12-24,203.38186645507807,0.0
2003-12-25,202.094955444336,0.0
2003-12-26,202.74331665039065,0.0
2003-12-29,201.4465789794922,0.0
2003-12-30,206.6138916015625,0.0
2003-12-31,205.96551513671875,0.0
2004-01-01,205.96551513671875,0.0
2004-01-02,211.13284301757807,0.0
2004-01-05,212.4197540283203,0.0
2004-01-06,208.54917907714844,0.0
2004-01-07,211.13284301757807,0.0
2004-01-08,212.4197540283203,0.0
2004-01-09,213.0681304931641,0.0
2004-01-12,213.0681304931641,0.0
2004-01-13,218.2354278564453,0.0
2004-01-14,224.0511169433593,0.0
2004-01-15,223.4027557373047,0.0
2004-01-16,225.9864044189453,0.0
2004-01-19,225.9864044189453,0.0
2004-01-20,225.9864044189453,0.0
2004-01-21,225.9864044189453,0.0
2004-01-22,225.9864044189453,0.0
2004-01-23,225.9864044189453,0.0
2004-01-26,225.9864044189453,0.0
2004-01-27,223.4027557373047,0.0
2004-01-28,223.4027557373047,0.0
2004-01-29,234.3759155273437,0.0
2004-01-30,240.1916046142578,0.0
2004-02-02,236.3112030029297,0.0
2004-02-03,237.60794067382807,0.0
2004-02-04,240.83013916015625,0.0
2004-02-05,238.8948516845703,0.0
2004-02-06,235.6726531982422,0.0
2004-02-09,235.6726531982422,0.0
2004-02-10,231.79226684570312,0.0
2004-02-11,230.50534057617188,0.0
2004-02-12,237.60794067382807,0.0
2004-02-13,237.60794067382807,0.0
2004-02-16,235.0242919921875,0.0
2004-02-17,235.0242919921875,0.0
2004-02-18,240.1916046142578,0.0
2004-02-19,245.34909057617188,0.0
2004-02-20,242.77525329589844,0.0
2004-02-23,244.0621795654297,0.0
2004-02-24,242.1268920898437,0.0
2004-02-25,240.83013916015625,0.0
2004-02-26,240.83013916015625,0.0
2004-02-27,244.0621795654297,0.0
2004-03-01,248.58111572265625,0.0
2004-03-02,251.81314086914065,0.0
2004-03-03,247.294189453125,0.0
2004-03-04,251.16476440429688,0.0
2004-03-05,246.6458282470703,0.0
2004-03-08,242.77525329589844,0.0
2004-03-09,238.2464904785156,0.0
2004-03-10,231.79226684570312,0.0
2004-03-11,233.0890045166016,0.0
2004-03-12,229.8569793701172,0.0
2004-03-15,221.46746826171875,0.0
2004-03-16,220.819091796875,0.0
2004-03-17,218.88380432128903,0.0
2004-03-18,226.6249389648437,0.0
2004-03-19,227.92169189453125,0.0
2004-03-22,212.4197540283203,0.0
2004-03-23,204.0302276611328,0.0
2004-03-24,204.67860412597656,0.0
2004-03-25,203.38186645507807,0.0
2004-03-26,208.54917907714844,0.0
2004-03-29,222.7543792724609,0.0
2004-03-30,224.6896514892578,0.0
2004-03-31,218.88380432128903,0.0
2004-04-01,220.819091796875,0.0
2004-04-02,216.94851684570312,0.0
2004-04-05,216.94851684570312,0.0
2004-04-06,218.2354278564453,0.0
2004-04-07,220.17071533203125,0.0
2004-04-08,221.46746826171875,0.0
2004-04-09,218.2354278564453,0.0
2004-04-12,220.17071533203125,0.0
2004-04-13,222.7543792724609,0.0
2004-04-14,223.4027557373047,0.0
2004-04-15,223.4027557373047,0.0
2004-04-16,224.6896514892578,0.0
2004-04-19,223.4027557373047,0.0
2004-04-20,218.88380432128903,0.0
2004-04-21,217.58706665039065,0.0
2004-04-22,219.52235412597656,0.0
2004-04-23,220.17071533203125,0.0
2004-04-26,220.17071533203125,0.0
2004-04-27,207.9008178710937,0.0
2004-04-28,205.3269805908203,0.0
2004-04-29,208.54917907714844,0.0
2004-04-30,204.67860412597656,0.0
2004-05-03,200.15966796875,0.0
2004-05-04,206.6138916015625,0.0
2004-05-05,192.40869140625,0.0
2004-05-06,189.8250427246093,0.0
2004-05-07,187.24139404296875,0.0
2004-05-10,179.500244140625,0.0
2004-05-11,181.4355316162109,0.0
2004-05-12,189.1766815185547,0.0
2004-05-13,187.88975524902344,0.0
2004-05-14,185.9544677734375,0.0
2004-05-17,184.0191802978516,0.0
2004-05-18,186.593017578125,0.0
2004-05-19,199.51129150390625,0.0
2004-05-20,198.8629302978516,0.0
2004-05-21,204.0302276611328,0.0
2004-05-24,204.0302276611328,0.0
2004-05-25,204.67860412597656,0.0
2004-05-26,204.0302276611328,0.0
2004-05-27,201.4465789794922,0.0
2004-05-28,206.6138916015625,0.0
2004-05-31,200.15966796875,0.0
2004-06-01,202.094955444336,0.0
2004-06-02,197.5760040283203,0.0
2004-06-03,187.24139404296875,0.0
2004-06-04,188.5381317138672,0.0
2004-06-07,193.69561767578125,0.0
2004-06-08,187.24139404296875,0.0
2004-06-09,185.9544677734375,0.0
2004-06-10,180.7871551513672,0.0
2004-06-11,170.45252990722656,0.0
2004-06-14,170.45252990722656,0.0
2004-06-15,171.1009063720703,0.0
2004-06-16,161.41464233398438,0.0
2004-06-17,172.39764404296875,0.0
2004-06-18,164.6466827392578,0.0
2004-06-21,161.41464233398438,0.0
2004-06-22,161.41464233398438,0.0
2004-06-23,167.23033142089844,0.0
2004-06-24,170.45252990722656,0.0
2004-06-25,171.749267578125,0.0
2004-06-28,169.81398010253906,0.0
2004-06-29,170.45252990722656,0.0
2004-06-30,173.03619384765625,0.0
2004-07-01,173.03619384765625,0.0
2004-07-02,170.45252990722656,0.0
2004-07-05,167.23033142089844,0.0
2004-07-06,169.81398010253906,0.0
2004-07-07,169.81398010253906,0.0
2004-07-08,168.51724243164062,0.0
2004-07-09,169.16561889648438,0.0
2004-07-12,169.16561889648438,0.0
2004-07-13,161.41464233398438,0.0
2004-07-14,159.47935485839844,0.0
2004-07-15,156.24732971191406,0.0
2004-07-16,147.20944213867188,0.0
2004-07-19,139.4683074951172,0.0
2004-07-20,139.4683074951172,0.0
2004-07-21,149.1447296142578,0.0
2004-07-22,154.96041870117188,0.0
2004-07-23,154.96041870117188,0.0
2004-07-26,152.37677001953125,0.0
2004-07-27,151.08984375,0.0
2004-07-28,149.1447296142578,0.0
2004-07-29,147.92269897460938,4.672038
2004-07-30,149.44534301757812,0.0
2004-08-02,147.92269897460938,0.0
2004-08-03,147.92269897460938,0.0
2004-08-04,144.87741088867188,0.0
2004-08-05,154.7893524169922,0.0
2004-08-06,157.07823181152344,0.0
2004-08-09,160.12353515625,0.0
2004-08-10,156.31199645996094,0.0
2004-08-11,155.54576110839844,0.0
2004-08-12,156.31199645996094,0.0
2004-08-13,156.31199645996094,0.0
2004-08-16,155.54576110839844,0.0
2004-08-17,155.54576110839844,0.0
2004-08-18,160.8897705078125,0.0
2004-08-19,171.55812072753906,0.0
2004-08-20,174.6132354736328,0.0
2004-08-23,174.6132354736328,0.0
2004-08-24,174.6132354736328,0.0
2004-08-25,174.6132354736328,0.0
2004-08-26,177.6585235595703,0.0
2004-08-27,181.4700622558593,0.0
2004-08-30,179.18118286132812,0.0
2004-08-31,183.0025329589844,0.0
2004-09-01,186.8140563964844,0.0
2004-09-02,189.85934448242188,0.0
2004-09-03,178.4247589111328,0.0
2004-09-06,175.36964416503906,0.0
2004-09-07,184.52517700195312,0.0
2004-09-08,182.23629760742188,0.0
2004-09-09,182.23629760742188,0.0
2004-09-10,183.0025329589844,0.0
2004-09-13,186.04782104492188,0.0
2004-09-14,186.04782104492188,0.0
2004-09-15,186.04782104492188,0.0
2004-09-16,189.1029357910156,0.0
2004-09-17,183.75894165039065,0.0
2004-09-20,182.23629760742188,0.0
2004-09-21,182.23629760742188,0.0
2004-09-22,179.18118286132812,0.0
2004-09-23,177.6585235595703,0.0
2004-09-24,169.26922607421875,0.0
2004-09-27,162.41241455078125,0.0
2004-09-28,162.41241455078125,0.0
2004-09-29,166.22393798828125,0.0
2004-09-30,173.8470001220703,0.0
2004-10-01,173.8470001220703,0.0
2004-10-04,182.23629760742188,0.0
2004-10-05,177.6585235595703,0.0
2004-10-06,180.71365356445312,0.0
2004-10-07,180.71365356445312,0.0
2004-10-08,177.6585235595703,0.0
2004-10-11,176.90211486816406,0.0
2004-10-12,171.55812072753906,0.0
2004-10-13,170.8017120361328,0.0
2004-10-14,167.74658203125,0.0
2004-10-15,167.74658203125,0.0
2004-10-18,167.74658203125,0.0
2004-10-19,170.03546142578125,0.0
2004-10-20,166.99017333984375,0.0
2004-10-21,166.22393798828125,0.0
2004-10-22,167.74658203125,0.0
2004-10-25,167.74658203125,0.0
2004-10-26,168.5128173828125,0.0
2004-10-27,163.93505859375,0.0
2004-10-28,165.45770263671875,0.0
2004-10-29,170.8017120361328,0.0
2004-11-01,168.5128173828125,0.0
2004-11-02,171.55812072753906,0.0
2004-11-03,178.4247589111328,0.0
2004-11-04,178.4247589111328,0.0
2004-11-05,177.6585235595703,0.0
2004-11-08,174.6132354736328,0.0
2004-11-09,178.4247589111328,0.0
2004-11-10,175.36964416503906,0.0
2004-11-11,174.6132354736328,0.0
2004-11-12,177.6585235595703,0.0
2004-11-15,179.18118286132812,0.0
2004-11-16,179.94740295410156,0.0
2004-11-17,186.04782104492188,0.0
2004-11-18,184.52517700195312,0.0
2004-11-19,183.0025329589844,0.0
2004-11-22,175.36964416503906,0.0
2004-11-23,176.13587951660156,0.0
2004-11-24,171.55812072753906,0.0
2004-11-25,166.99017333984375,0.0
2004-11-26,164.7012939453125,0.0
2004-11-29,161.64617919921875,0.0
2004-11-30,157.8346405029297,0.0
2004-12-01,159.35728454589844,0.0
2004-12-02,159.35728454589844,0.0
2004-12-03,159.35728454589844,0.0
2004-12-06,161.64617919921875,0.0
2004-12-07,159.35728454589844,0.0
2004-12-08,159.35728454589844,0.0
2004-12-09,161.64617919921875,0.0
2004-12-10,159.35728454589844,0.0
2004-12-13,159.35728454589844,0.0
2004-12-14,160.12353515625,0.0
2004-12-15,160.8897705078125,0.0
2004-12-16,163.93505859375,0.0
2004-12-17,163.1688232421875,0.0
2004-12-20,165.45770263671875,0.0
2004-12-21,163.93505859375,0.0
2004-12-22,161.64617919921875,0.0
2004-12-23,160.8897705078125,0.0
2004-12-24,161.64617919921875,0.0
2004-12-27,158.6008758544922,0.0
2004-12-28,160.8897705078125,0.0
2004-12-29,161.64617919921875,0.0
2004-12-30,164.7012939453125,0.0
2004-12-31,164.7012939453125,0.0
2005-01-03,163.93505859375,0.0
2005-01-04,160.12353515625,0.0
2005-01-05,155.54576110839844,0.0
2005-01-06,151.73423767089844,0.0
2005-01-07,152.50047302246094,0.0
2005-01-10,149.44534301757812,0.0
2005-01-11,151.73423767089844,0.0
2005-01-12,146.40005493164062,0.0
2005-01-13,144.87741088867188,0.0
2005-01-14,140.29965209960938,0.0
2005-01-17,142.58853149414062,0.0
2005-01-18,137.24452209472656,0.0
2005-01-19,133.43299865722656,0.0
2005-01-20,135.7218780517578,0.0
2005-01-21,137.24452209472656,0.0
2005-01-24,134.19923400878906,0.0
2005-01-25,135.7218780517578,0.0
2005-01-26,135.7218780517578,0.0
2005-01-27,131.9103546142578,0.0
2005-01-28,133.43299865722656,0.0
2005-01-31,142.58853149414062,0.0
2005-02-01,142.58853149414062,0.0
2005-02-02,145.63381958007812,0.0
2005-02-03,146.40005493164062,0.0
2005-02-04,146.40005493164062,0.0
2005-02-07,146.40005493164062,0.0
2005-02-08,146.40005493164062,0.0
2005-02-09,146.40005493164062,0.0
2005-02-10,146.40005493164062,0.0
2005-02-11,146.40005493164062,0.0
2005-02-14,148.68893432617188,0.0
2005-02-15,154.0231170654297,0.0
2005-02-16,160.8897705078125,0.0
2005-02-17,157.8346405029297,0.0
2005-02-18,162.41241455078125,0.0
2005-02-21,162.41241455078125,0.0
2005-02-22,157.8346405029297,0.0
2005-02-23,163.93505859375,0.0
2005-02-24,175.36964416503906,0.0
2005-02-25,177.6585235595703,0.0
2005-02-28,177.6585235595703,0.0
2005-03-01,184.52517700195312,0.0
2005-03-02,180.71365356445312,0.0
2005-03-03,178.80787658691406,0.0
2005-03-04,175.36964416503906,0.0
2005-03-07,172.32435607910156,0.0
2005-03-08,174.6132354736328,0.0
2005-03-09,177.6585235595703,0.0
2005-03-10,174.6132354736328,0.0
2005-03-11,177.27540588378906,0.0
2005-03-14,175.36964416503906,0.0
2005-03-15,169.65235900878906,0.0
2005-03-16,170.41859436035156,0.0
2005-03-17,168.89593505859375,0.0
2005-03-18,170.03546142578125,0.0
2005-03-21,179.18118286132812,0.0
2005-03-22,171.9412384033203,0.0
2005-03-23,173.46388244628906,0.0
2005-03-24,173.09059143066406,0.0
2005-03-25,175.36964416503906,0.0
2005-03-28,174.23011779785156,0.0
2005-03-29,168.89593505859375,0.0
2005-03-30,167.36346435546875,0.0
2005-03-31,170.8017120361328,0.0
2005-04-01,175.36964416503906,0.0
2005-04-04,173.8470001220703,0.0
2005-04-05,173.8470001220703,0.0
2005-04-06,173.09059143066406,0.0
2005-04-07,172.32435607910156,0.0
2005-04-08,177.6585235595703,0.0
2005-04-11,177.6585235595703,0.0
2005-04-12,180.71365356445312,0.0
2005-04-13,181.4700622558593,0.0
2005-04-14,192.1482391357422,0.0
2005-04-15,192.1482391357422,0.0
2005-04-18,184.52517700195312,0.0
2005-04-19,186.8140563964844,0.0
2005-04-20,181.85317993164065,0.0
2005-04-21,183.3758239746093,0.0
2005-04-22,184.52517700195312,0.0
2005-04-25,185.2815856933593,0.0
2005-04-26,180.33053588867188,0.0
2005-04-27,181.0967559814453,0.0
2005-04-28,179.56430053710938,0.0
2005-04-29,180.33053588867188,0.0
2005-05-02,180.33053588867188,0.0
2005-05-03,186.8140563964844,0.0
2005-05-04,189.4762420654297,0.0
2005-05-05,198.24864196777344,0.0
2005-05-06,207.39434814453125,0.0
2005-05-09,206.2548217773437,0.0
2005-05-10,203.58282470703125,0.0
2005-05-11,204.3490600585937,0.0
2005-05-12,205.11529541015625,0.0
2005-05-13,205.11529541015625,0.0
2005-05-16,205.8717041015625,0.0
2005-05-17,205.48858642578125,0.0
2005-05-18,203.58282470703125,0.0
2005-05-19,208.1605834960937,0.0
2005-05-20,207.7774658203125,0.0
2005-05-23,199.38818359375,0.0
2005-05-24,195.5766448974609,0.0
2005-05-25,195.5766448974609,0.0
2005-05-26,194.8202362060547,0.0
2005-05-27,202.0601806640625,0.0
2005-05-30,204.732177734375,0.0
2005-05-31,206.637939453125,0.0
2005-06-01,204.3490600585937,0.0
2005-06-02,205.8717041015625,0.0
2005-06-03,205.8717041015625,0.0
2005-06-06,205.8717041015625,0.0
2005-06-07,203.9659423828125,0.0
2005-06-08,213.1214599609375,0.0
2005-06-09,209.6832275390625,0.0
2005-06-10,219.97830200195312,0.0
2005-06-13,220.3614044189453,0.0
2005-06-14,212.7383575439453,0.0
2005-06-15,219.2120513916016,0.0
2005-06-16,219.5951690673828,0.0
2005-06-17,217.30630493164065,0.0
2005-06-20,214.2610015869141,0.0
2005-06-21,212.7383575439453,0.0
2005-06-22,216.93299865722656,0.0
2005-06-23,215.4005279541016,0.0
2005-06-24,211.9721221923828,0.0
2005-06-27,209.6832275390625,0.0
2005-06-28,211.2058868408203,0.0
2005-06-29,209.6832275390625,0.0
2005-06-30,209.3001251220703,0.0
2005-07-01,215.7836456298828,0.0
2005-07-04,217.30630493164065,0.0
2005-07-05,220.7445373535156,0.0
2005-07-06,218.0725250244141,0.0
2005-07-07,218.83876037597656,0.0
2005-07-08,221.50094604492188,0.0
2005-07-11,227.60134887695312,0.0
2005-07-12,228.75070190429688,0.0
2005-07-13,233.3186492919922,0.0
2005-07-14,237.8964080810547,0.0
2005-07-15,233.3186492919922,0.0
2005-07-18,233.3186492919922,0.0
2005-07-19,239.41905212402344,0.0
2005-07-20,234.8511199951172,0.0
2005-07-21,240.95152282714844,0.0
2005-07-22,232.94534301757807,0.0
2005-07-25,248.95770263671875,0.0
2005-07-26,240.95152282714844,0.0
2005-07-27,238.279525756836,0.0
2005-07-28,252.7692413330078,0.0
2005-07-29,256.5807800292969,0.0
2005-08-01,257.72027587890625,0.0
2005-08-02,248.95770263671875,0.0
2005-08-03,266.1095886230469,0.0
2005-08-04,284.41082763671875,0.0
2005-08-05,284.41082763671875,0.0
2005-08-08,284.41082763671875,0.0
2005-08-09,281.73883056640625,0.0
2005-08-10,257.4943542480469,6.931757
2005-08-11,257.4943542480469,0.0
2005-08-12,244.07540893554688,0.0
2005-08-15,233.1712951660156,0.0
2005-08-16,239.04576110839844,0.0
2005-08-17,247.0126495361328,0.0
2005-08-18,241.13818359375,0.0
2005-08-19,237.36593627929688,0.0
2005-08-22,242.3955841064453,0.0
2005-08-23,248.2700653076172,0.0
2005-08-24,248.2700653076172,0.0
2005-08-25,252.04229736328125,0.0
2005-08-26,247.4252319335937,0.0
2005-08-29,245.75523376464844,0.0
2005-08-30,239.04576110839844,0.0
2005-08-31,232.33628845214844,0.0
2005-09-01,232.33628845214844,0.0
2005-09-02,242.8179931640625,0.0
2005-09-05,237.7883453369141,0.0
2005-09-06,248.2700653076172,0.0
2005-09-07,254.9795379638672,0.0
2005-09-08,258.75177001953125,0.0
2005-09-09,260.4315795898437,0.0
2005-09-12,263.3688049316406,0.0
2005-09-13,260.0091857910156,0.0
2005-09-14,257.9167785644531,0.0
2005-09-15,254.9795379638672,0.0
2005-09-16,252.04229736328125,0.0
2005-09-19,257.9167785644531,0.0
2005-09-20,267.9760437011719,0.0
2005-09-21,266.7186584472656,0.0
2005-09-22,265.8836364746094,0.0
2005-09-23,255.8145294189453,0.0
2005-09-26,251.619873046875,0.0
2005-09-27,257.4943542480469,0.0
2005-09-28,256.65936279296875,0.0
2005-09-29,255.39715576171875,0.0
2005-09-30,262.5264587402344,0.0
2005-10-03,270.0751342773437,0.0
2005-10-04,269.23638916015625,0.0
2005-10-05,275.10760498046875,0.0
2005-10-06,270.91387939453125,0.0
2005-10-07,267.5589294433594,0.0
2005-10-10,231.6527557373047,0.0
2005-10-11,265.8814392089844,0.0
2005-10-12,263.3652038574219,0.0
2005-10-13,258.3327331542969,0.0
2005-10-14,255.81651306152344,0.0
2005-10-17,238.2029266357422,0.0
2005-10-18,241.55789184570312,0.0
2005-10-19,237.3641815185547,0.0
2005-10-20,242.39663696289065,0.0
2005-10-21,240.7191467285156,0.0
2005-10-24,236.5254364013672,0.0
2005-10-25,237.3641815185547,0.0
2005-10-26,232.7510986328125,0.0
2005-10-27,231.912353515625,0.0
2005-10-28,227.2992706298828,0.0
2005-10-31,242.8160095214844,0.0
2005-11-01,244.91287231445312,0.0
2005-11-02,260.4295959472656,0.0
2005-11-03,255.39715576171875,0.0
2005-11-04,264.2039489746094,0.0
2005-11-07,265.8814392089844,0.0
2005-11-08,258.7521057128906,0.0
2005-11-09,266.3008117675781,0.0
2005-11-10,266.3008117675781,0.0
2005-11-11,267.5589294433594,0.0
2005-11-14,268.8170471191406,0.0
2005-11-15,263.7845764160156,0.0
2005-11-16,265.8814392089844,0.0
2005-11-17,260.8489685058594,0.0
2005-11-18,270.91387939453125,0.0
2005-11-21,277.62384033203125,0.0
2005-11-22,269.23638916015625,0.0
2005-11-23,275.10760498046875,0.0
2005-11-24,273.0107421875,0.0
2005-11-25,283.4950256347656,0.0
2005-11-28,297.753662109375,0.0
2005-11-29,291.043701171875,0.0
2005-11-30,293.97930908203125,0.0
2005-12-01,293.1405639648437,0.0
2005-12-02,301.9473571777344,0.0
2005-12-05,315.36724853515625,0.0
2005-12-06,312.8510131835937,0.0
2005-12-07,291.043701171875,0.0
2005-12-08,288.5274963378906,0.0
2005-12-09,292.72119140625,0.0
2005-12-12,284.3337707519531,0.0
2005-12-13,285.5918884277344,0.0
2005-12-14,291.043701171875,0.0
2005-12-15,289.7856140136719,0.0
2005-12-16,298.17303466796875,0.0
2005-12-19,301.1086120605469,0.0
2005-12-20,297.753662109375,0.0
2005-12-21,297.753662109375,0.0
2005-12-22,256.3429870605469,0.0
2005-12-23,304.0442199707031,0.0
2005-12-26,272.31903076171875,0.0
2005-12-27,312.8510131835937,0.0
2005-12-28,317.04473876953125,0.0
2005-12-29,330.8840026855469,0.0
2005-12-30,324.5934143066406,0.0
2006-01-02,334.23895263671875,0.0
2006-01-03,335.4970703125,0.0
2006-01-04,325.4321594238281,0.0
2006-01-05,329.6258850097656,0.0
2006-01-06,310.3348083496094,0.0
2006-01-09,306.1410827636719,0.0
2006-01-10,299.43115234375,0.0
2006-01-11,303.2054748535156,0.0
2006-01-12,293.5599365234375,0.0
2006-01-13,291.043701171875,0.0
2006-01-16,291.043701171875,0.0
2006-01-17,293.97930908203125,0.0
2006-01-18,281.3981628417969,0.0
2006-01-19,273.0107421875,0.0
2006-01-20,272.59136962890625,0.0
2006-01-23,274.26885986328125,0.0
2006-01-24,275.94635009765625,0.0
2006-01-25,267.9783020019531,0.0
2006-02-03,275.94635009765625,0.0
2006-02-06,280.9787902832031,0.0
2006-02-07,281.8175354003906,0.0
2006-02-08,280.9787902832031,0.0
2006-02-09,278.043212890625,0.0
2006-02-10,268.8170471191406,0.0
2006-02-13,275.10760498046875,0.0
2006-02-14,278.8819580078125,0.0
2006-02-15,288.5274963378906,0.0
2006-02-16,289.3662414550781,0.0
2006-02-17,285.1725158691406,0.0
2006-02-20,285.1725158691406,0.0
2006-02-21,282.6562805175781,0.0
2006-02-22,275.10760498046875,0.0
2006-02-23,267.5589294433594,0.0
2006-02-24,275.10760498046875,0.0
2006-02-27,281.3981628417969,0.0
2006-03-01,293.1405639648437,0.0
2006-03-02,286.0112609863281,0.0
2006-03-03,286.4306335449219,0.0
2006-03-06,293.97930908203125,0.0
2006-03-07,286.8500061035156,0.0
2006-03-08,280.9787902832031,0.0
2006-03-09,282.6562805175781,0.0
2006-03-10,279.7206726074219,0.0
2006-03-13,287.6887512207031,0.0
2006-03-14,281.3981628417969,0.0
2006-03-15,296.076171875,0.0
2006-03-16,300.2698974609375,0.0
2006-03-17,309.0766906738281,0.0
2006-03-20,309.4960632324219,0.0
2006-03-21,296.9149169921875,0.0
2006-03-22,297.33428955078125,0.0
2006-03-23,298.5924072265625,0.0
2006-03-24,299.43115234375,0.0
2006-03-27,301.9473571777344,0.0
2006-03-28,302.3667297363281,0.0
2006-03-29,313.2703857421875,0.0
2006-03-30,309.4960632324219,0.0
2006-03-31,314.9478759765625,0.0
2006-04-03,314.9478759765625,0.0
2006-04-04,315.36724853515625,0.0
2006-04-06,318.72222900390625,0.0
2006-04-07,314.52850341796875,0.0
2006-04-10,312.8510131835937,0.0
2006-04-11,316.2059936523437,0.0
2006-04-12,320.39971923828125,0.0
2006-04-13,312.01226806640625,0.0
2006-04-14,317.04473876953125,0.0
2006-04-17,306.1410827636719,0.0
2006-04-18,307.3992004394531,0.0
2006-04-19,306.9798278808594,0.0
2006-04-20,310.3348083496094,0.0
2006-04-21,325.8515319824219,0.0
2006-04-24,327.1096496582031,0.0
2006-04-25,323.7546691894531,0.0
2006-04-26,308.6573181152344,0.0
2006-04-27,308.2379455566406,0.0
2006-04-28,312.431640625,0.0
2006-05-02,310.3348083496094,0.0
2006-05-03,315.78662109375,0.0
2006-05-04,317.88348388671875,0.0
2006-05-05,320.39971923828125,0.0
2006-05-08,342.6264038085937,0.0
2006-05-09,338.0133056640625,0.0
2006-05-10,338.43267822265625,0.0
2006-05-11,347.6588439941406,0.0
2006-05-12,335.4970703125,0.0
2006-05-15,327.1096496582031,0.0
2006-05-16,327.5290222167969,0.0
2006-05-17,326.2709045410156,0.0
2006-05-18,274.8606872558594,0.0
2006-05-19,271.2297668457031,0.0
2006-05-22,301.9473571777344,0.0
2006-05-23,290.2049560546875,0.0
2006-05-24,301.9473571777344,0.0
2006-05-25,297.753662109375,0.0
2006-05-26,293.5599365234375,0.0
2006-05-29,256.3429870605469,0.0
2006-05-30,296.076171875,0.0
2006-06-01,310.7541809082031,0.0
2006-06-02,314.109130859375,0.0
2006-06-05,301.1086120605469,0.0
2006-06-06,314.109130859375,0.0
2006-06-07,294.398681640625,0.0
2006-06-08,274.26885986328125,0.0
2006-06-09,279.30133056640625,0.0
2006-06-12,275.10760498046875,0.0
2006-06-13,258.3327331542969,0.0
2006-06-14,253.7196655273437,0.0
2006-06-15,253.30029296875,0.0
2006-06-16,258.3327331542969,0.0
2006-06-19,251.20343017578125,0.0
2006-06-20,239.88040161132807,0.0
2006-06-21,234.8479461669922,0.0
2006-06-22,251.20343017578125,0.0
2006-06-23,256.23590087890625,0.0
2006-06-26,256.6552734375,0.0
2006-06-27,251.622802734375,0.0
2006-06-28,245.7516021728516,0.0
2006-06-29,248.2678375244141,0.0
2006-06-30,251.622802734375,0.0
2006-07-03,250.3647003173828,0.0
2006-07-04,257.0746459960937,0.0
2006-07-05,252.4615478515625,0.0
2006-07-06,253.30029296875,0.0
2006-07-07,257.91339111328125,0.0
2006-07-10,260.4295959472656,0.0
2006-07-11,254.1390380859375,0.0
2006-07-12,252.4615478515625,0.0
2006-07-13,251.20343017578125,0.0
2006-07-14,241.55789184570312,0.0
2006-07-17,232.7510986328125,0.0
2006-07-18,236.10606384277344,0.0
2006-07-19,233.17047119140625,0.0
2006-07-20,242.39663696289065,0.0
2006-07-21,239.88040161132807,0.0
2006-07-24,239.88040161132807,0.0
2006-07-25,244.91287231445312,0.0
2006-07-26,208.4148101806641,0.0
2006-07-27,217.12908935546875,0.0
2006-07-28,251.622802734375,0.0
2006-07-31,250.3647003173828,0.0
2006-08-01,247.42909240722656,0.0
2006-08-02,243.5708770751953,7.624933
2006-08-03,239.88040161132807,0.0
2006-08-04,247.2613525390625,0.0
2006-08-07,253.7196655273437,0.0
2006-08-08,258.3327331542969,0.0
2006-08-09,262.9458312988281,0.0
2006-08-10,262.9458312988281,0.0
2006-08-11,262.4845275878906,0.0
2006-08-14,263.4071350097656,0.0
2006-08-15,266.17498779296875,0.0
2006-08-16,271.2493896484375,0.0
2006-08-17,276.7850952148437,0.0
2006-08-18,277.70770263671875,0.0
2006-08-21,261.5619201660156,0.0
2006-08-22,270.3267822265625,0.0
2006-08-23,272.1719970703125,0.0
2006-08-24,272.63330078125,0.0
2006-08-25,267.5589294433594,0.0
2006-08-28,267.5589294433594,0.0
2006-08-29,267.5589294433594,0.0
2006-08-30,276.32379150390625,0.0
2006-08-31,276.7850952148437,0.0
2006-09-01,291.5469665527344,0.0
2006-09-04,287.3293151855469,0.0
2006-09-05,296.621337890625,0.0
2006-09-06,296.621337890625,0.0
2006-09-07,304.4635925292969,0.0
2006-09-08,294.3587341308594,0.0
2006-09-11,301.6957397460937,0.0
2006-09-12,296.1600341796875,0.0
2006-09-13,292.4695739746094,0.0
2006-09-14,286.0112609863281,0.0
2006-09-15,293.3921813964844,0.0
2006-09-18,302.61834716796875,0.0
2006-09-19,296.1600341796875,0.0
2006-09-20,298.9278869628906,0.0
2006-09-21,293.853515625,0.0
2006-09-22,294.3148193359375,0.0
2006-09-25,290.62432861328125,0.0
2006-09-26,287.8564758300781,0.0
2006-09-27,293.3921813964844,0.0
2006-09-28,287.3951721191406,0.0
2006-09-29,289.70172119140625,0.0
2006-10-02,294.3148193359375,0.0
2006-10-03,293.853515625,0.0
2006-10-04,298.0052795410156,0.0
2006-10-05,307.6927490234375,0.0
2006-10-09,293.0406799316406,0.0
2006-10-11,316.4576110839844,0.0
2006-10-12,308.6153869628906,0.0
2006-10-13,306.7701416015625,0.0
2006-10-16,310.9219055175781,0.0
2006-10-17,296.1600341796875,0.0
2006-10-18,286.9338684082031,0.0
2006-10-19,285.5499572753906,0.0
2006-10-20,287.8564758300781,0.0
2006-10-23,294.3148193359375,0.0
2006-10-24,301.23443603515625,0.0
2006-10-25,299.8505249023437,0.0
2006-10-26,289.08660888671875,0.0
2006-10-27,303.0796813964844,0.0
2006-10-30,300.77313232421875,0.0
2006-10-31,299.3891906738281,0.0
2006-11-01,301.23443603515625,0.0
2006-11-02,301.23443603515625,0.0
2006-11-03,302.61834716796875,0.0
2006-11-06,293.853515625,0.0
2006-11-07,295.2374267578125,0.0
2006-11-08,295.2374267578125,0.0
2006-11-09,290.62432861328125,0.0
2006-11-10,290.62432861328125,0.0
2006-11-13,285.0886535644531,0.0
2006-11-14,286.0112609863281,0.0
2006-11-15,292.4695739746094,0.0
2006-11-16,297.5439758300781,0.0
2006-11-17,298.0052795410156,0.0
2006-11-20,302.15704345703125,0.0
2006-11-21,305.3861999511719,0.0
2006-11-22,301.6957397460937,0.0
2006-11-23,298.9278869628906,0.0
2006-11-24,298.9278869628906,0.0
2006-11-27,307.6927490234375,0.0
2006-11-28,304.0022888183594,0.0
2006-11-29,301.6957397460937,0.0
2006-11-30,305.3861999511719,0.0
2006-12-01,307.2314453125,0.0
2006-12-04,311.3832092285156,0.0
2006-12-05,320.1480712890625,0.0
2006-12-06,323.37725830078125,0.0
2006-12-07,314.15106201171875,0.0
2006-12-08,309.9992980957031,0.0
2006-12-11,309.0766906738281,0.0
2006-12-12,300.77313232421875,0.0
2006-12-13,300.77313232421875,0.0
2006-12-14,305.8475341796875,0.0
2006-12-15,309.5379943847656,0.0
2006-12-18,309.9992980957031,0.0
2006-12-19,305.3861999511719,0.0
2006-12-20,309.9992980957031,0.0
2006-12-21,305.8475341796875,0.0
2006-12-22,308.154052734375,0.0
2006-12-25,305.3861999511719,0.0
2006-12-26,309.9992980957031,0.0
2006-12-27,309.5379943847656,0.0
2006-12-28,313.68975830078125,0.0
2006-12-29,310.9219055175781,0.0
2007-01-02,332.6034240722656,0.0
2007-01-03,345.0587463378906,0.0
2007-01-04,349.6718139648437,0.0
2007-01-05,344.1361389160156,0.0
2007-01-08,331.219482421875,0.0
2007-01-09,330.7581787109375,0.0
2007-01-10,333.0647277832031,0.0
2007-01-11,327.5290222167969,0.0
2007-01-12,327.5290222167969,0.0
2007-01-15,336.75518798828125,0.0
2007-01-16,338.6004333496094,0.0
2007-01-17,342.2908935546875,0.0
2007-01-18,351.9783630371094,0.0
2007-01-19,349.21051025390625,0.0
2007-01-22,350.5944519042969,0.0
2007-01-23,343.6748046875,0.0
2007-01-24,347.8265991210937,0.0
2007-01-25,345.9813537597656,0.0
2007-01-26,341.3682861328125,0.0
2007-01-29,333.9873352050781,0.0
2007-01-30,339.5230407714844,0.0
2007-01-31,331.219482421875,0.0
2007-02-01,331.219482421875,0.0
2007-02-02,332.6034240722656,0.0
2007-02-05,331.219482421875,0.0
2007-02-06,333.9873352050781,0.0
2007-02-07,343.2135009765625,0.0
2007-02-08,343.2135009765625,0.0
2007-02-09,335.83258056640625,0.0
2007-02-12,327.9903259277344,0.0
2007-02-13,326.14508056640625,0.0
2007-02-14,334.9099426269531,0.0
2007-02-26,338.6004333496094,0.0
2007-02-27,325.1127014160156,0.0
2007-03-01,332.14208984375,0.0
2007-03-02,327.0677185058594,0.0
2007-03-05,301.23443603515625,0.0
2007-03-06,306.7701416015625,0.0
2007-03-07,306.308837890625,0.0
2007-03-08,316.4576110839844,0.0
2007-03-09,313.68975830078125,0.0
2007-03-12,311.84454345703125,0.0
2007-03-13,327.5290222167969,0.0
2007-03-14,321.9933166503906,0.0
2007-03-15,332.14208984375,0.0
2007-03-16,327.5290222167969,0.0
2007-03-19,326.6064147949219,0.0
2007-03-20,326.14508056640625,0.0
2007-03-21,333.9873352050781,0.0
2007-03-22,344.1361389160156,0.0
2007-03-23,346.4426574707031,0.0
2007-03-26,344.5974426269531,0.0
2007-03-27,345.9813537597656,0.0
2007-03-28,337.67779541015625,0.0
2007-03-29,345.9813537597656,0.0
2007-03-30,350.5944519042969,0.0
2007-04-02,346.90399169921875,0.0
2007-04-03,356.1301574707031,0.0
2007-04-04,355.20751953125,0.0
2007-04-09,357.5140686035156,0.0
2007-04-10,361.6658630371094,0.0
2007-04-11,363.0497741699219,0.0
2007-04-12,366.740234375,0.0
2007-04-13,358.89801025390625,0.0
2007-04-16,359.82061767578125,0.0
2007-04-17,354.284912109375,0.0
2007-04-18,361.6658630371094,0.0
2007-04-19,352.4396667480469,0.0
2007-04-20,357.9753723144531,0.0
2007-04-23,369.0467834472656,0.0
2007-04-24,377.350341796875,0.0
2007-04-25,377.8116455078125,0.0
2007-04-26,374.5824890136719,0.0
2007-04-27,374.5824890136719,0.0
2007-04-30,385.6539001464844,0.0
2007-05-02,397.6479187011719,0.0
2007-05-03,398.1092224121094,0.0
2007-05-04,425.326416015625,0.0
2007-05-07,433.6299743652344,0.0
2007-05-08,436.3978271484375,0.0
2007-05-09,420.71331787109375,0.0
2007-05-10,433.6299743652344,0.0
2007-05-11,435.4752197265625,0.0
2007-05-14,460.84716796875,0.0
2007-05-15,443.31744384765625,0.0
2007-05-16,434.0912780761719,0.0
2007-05-17,429.93951416015625,0.0
2007-05-18,435.0138854980469,0.0
2007-05-21,438.2430419921875,0.0
2007-05-22,454.8501586914063,0.0
2007-05-23,448.391845703125,0.0
2007-05-24,477.9155883789063,0.0
2007-05-25,486.2191467285156,0.0
2007-05-28,472.3798828125,0.0
2007-05-29,477.9155883789063,0.0
2007-05-30,478.8381958007813,0.0
2007-05-31,482.5286560058594,0.0
2007-06-01,489.90960693359375,0.0
2007-06-04,493.6000671386719,0.0
2007-06-05,479.7608337402344,0.0
2007-06-06,477.9155883789063,0.0
2007-06-07,484.3739013671875,0.0
2007-06-08,477.9155883789063,0.0
2007-06-11,480.6834411621094,0.0
2007-06-12,465.9215698242188,0.0
2007-06-13,452.0823059082031,0.0
2007-06-14,466.84417724609375,0.0
2007-06-15,484.3739013671875,0.0
2007-06-20,473.302490234375,0.0
2007-06-21,457.1567077636719,0.0
2007-06-22,465.9215698242188,0.0
2007-06-25,449.8855590820313,0.0
2007-06-26,469.6120300292969,0.0
2007-06-27,465.9215698242188,0.0
2007-06-28,466.84417724609375,0.0
2007-06-29,472.3798828125,0.0
2007-07-02,473.302490234375,0.0
2007-07-03,476.9929809570313,0.0
2007-07-04,506.5167236328125,0.0
2007-07-05,531.4273681640625,0.0
2007-07-06,546.1892700195312,0.0
2007-07-09,573.8677368164062,0.0
2007-07-10,541.2686767578125,0.0
2007-07-11,551.7249145507812,0.0
2007-07-12,531.4273681640625,0.0
2007-07-13,543.42138671875,0.0
2007-07-16,522.201171875,0.0
2007-07-17,539.7308959960938,0.0
2007-07-18,530.5047607421875,0.0
2007-07-19,552.6475830078125,0.0
2007-07-20,565.564208984375,0.0
2007-07-23,571.0999145507812,0.0
2007-07-24,579.4034423828125,0.0
2007-07-25,580.2799072265625,13.18024
2007-07-26,564.7799682617188,0.0
2007-07-27,541.530029296875,0.0
2007-07-30,537.655029296875,0.0
2007-07-31,574.4674682617188,0.0
2007-08-01,551.217529296875,0.0
2007-08-02,571.5612182617188,0.0
2007-08-03,581.2486572265625,0.0
2007-08-06,557.0299682617188,0.0
2007-08-07,532.811279296875,0.0
2007-08-08,561.8737182617188,0.0
2007-08-09,555.0924682617188,0.0
2007-08-10,530.873779296875,0.0
2007-08-13,513.4363403320312,0.0
2007-08-14,495.9988708496094,0.0
2007-08-15,470.8114318847656,0.0
2007-08-16,472.7489318847656,0.0
2007-08-17,483.4051513671875,0.0
2007-08-20,491.1551513671875,0.0
2007-08-21,472.2645568847656,0.0
2007-08-22,489.2176513671875,0.0
2007-08-23,513.4363403320312,0.0
2007-08-24,509.5613403320313,0.0
2007-08-27,513.4363403320312,0.0
2007-08-28,523.1238403320312,0.0
2007-08-29,521.1863403320312,0.0
2007-08-30,541.530029296875,0.0
2007-08-31,542.498779296875,0.0
2007-09-03,538.623779296875,0.0
2007-09-04,546.373779296875,0.0
2007-09-05,557.9987182617188,0.0
2007-09-06,581.2486572265625,0.0
2007-09-07,571.5612182617188,0.0
2007-09-10,581.2486572265625,0.0
2007-09-11,581.2486572265625,0.0
2007-09-12,571.5612182617188,0.0
2007-09-13,572.5299682617188,0.0
2007-09-14,577.3737182617188,0.0
2007-09-17,552.186279296875,0.0
2007-09-18,552.186279296875,0.0
2007-09-19,542.498779296875,0.0
2007-09-20,535.717529296875,0.0
2007-09-21,555.0924682617188,0.0
2007-09-26,561.8737182617188,0.0
2007-09-27,569.6237182617188,0.0
2007-09-28,569.6237182617188,0.0
2007-10-01,572.5299682617188,0.0
2007-10-02,590.9361572265625,0.0
2007-10-03,600.6236572265625,0.0
2007-10-04,585.1236572265625,0.0
2007-10-05,562.8424682617188,0.0
2007-10-08,571.5612182617188,0.0
2007-10-09,575.4362182617188,0.0
2007-10-11,580.2799072265625,0.0
2007-10-12,552.186279296875,0.0
2007-10-15,556.0612182617188,0.0
2007-10-16,584.1549072265625,0.0
2007-10-17,592.8736572265625,0.0
2007-10-18,592.8736572265625,0.0
2007-10-19,588.0299072265625,0.0
2007-10-22,571.5612182617188,0.0
2007-10-23,600.6236572265625,0.0
2007-10-24,592.8736572265625,0.0
2007-10-25,619.9985961914062,0.0
2007-10-26,618.0610961914062,0.0
2007-10-29,618.0610961914062,0.0
2007-10-30,619.9985961914062,0.0
2007-10-31,613.2173461914062,0.0
2007-11-01,617.0923461914062,0.0
2007-11-02,574.4674682617188,0.0
2007-11-05,534.748779296875,0.0
2007-11-06,505.6863403320313,0.0
2007-11-07,504.7176208496094,0.0
2007-11-08,491.1551513671875,0.0
2007-11-09,484.3739013671875,0.0
2007-11-12,485.3426513671875,0.0
2007-11-13,485.3426513671875,0.0
2007-11-14,510.5300903320313,0.0
2007-11-15,492.1238708496094,0.0
2007-11-16,484.3739013671875,0.0
2007-11-19,480.4989013671875,0.0
2007-11-20,484.3739013671875,0.0
2007-11-21,460.15521240234375,0.0
2007-11-22,436.9052734375,0.0
2007-11-23,423.3428039550781,0.0
2007-11-26,437.8740234375,0.0
2007-11-27,427.7021484375,0.0
2007-11-28,417.5303039550781,0.0
2007-11-29,392.3428649902344,0.0
2007-11-30,406.87408447265625,0.0
2007-12-03,412.6865539550781,0.0
2007-12-04,416.5615539550781,0.0
2007-12-05,426.2490234375,0.0
2007-12-06,414.1396789550781,0.0
2007-12-07,415.1084289550781,0.0
2007-12-10,411.2334289550781,0.0
2007-12-11,399.12408447265625,0.0
2007-12-12,382.6553955078125,0.0
2007-12-13,372.9678955078125,0.0
2007-12-14,358.9210510253906,0.0
2007-12-17,358.4366760253906,0.0
2007-12-18,368.1241760253906,0.0
2007-12-19,390.4053649902344,0.0
2007-12-20,378.7803955078125,0.0
2007-12-21,391.3741149902344,0.0
2007-12-24,414.6240539550781,0.0
2007-12-25,409.78033447265625,0.0
2007-12-26,381.2022705078125,0.0
2007-12-27,387.9834899902344,0.0
2007-12-28,389.9209899902344,0.0
2007-12-31,407.84283447265625,0.0
2008-01-02,397.1866149902344,0.0
2008-01-03,377.8116455078125,0.0
2008-01-04,355.53045654296875,0.0
2008-01-07,330.8273620605469,0.0
2008-01-08,313.3899230957031,0.0
2008-01-09,326.952392578125,0.0
2008-01-10,332.2804870605469,0.0
2008-01-11,337.1242370605469,0.0
2008-01-14,324.046142578125,0.0
2008-01-15,326.468017578125,0.0
2008-01-16,310.9680480957031,0.0
2008-01-17,313.8742980957031,0.0
2008-01-18,315.8117980957031,0.0
2008-01-21,318.718017578125,0.0
2008-01-22,296.43682861328125,0.0
2008-01-23,284.8118591308594,0.0
2008-01-24,286.7493591308594,0.0
2008-01-25,306.6086730957031,0.0
2008-01-28,323.561767578125,0.0
2008-01-29,325.499267578125,0.0
2008-01-30,326.468017578125,0.0
2008-01-31,303.7024230957031,0.0
2008-02-01,286.7493591308594,0.0
2008-02-12,266.8900146484375,0.0
2008-02-13,276.0931396484375,0.0
2008-02-14,294.98370361328125,0.0
2008-02-15,315.3274230957031,0.0
2008-02-18,325.499267578125,0.0
2008-02-19,323.561767578125,0.0
2008-02-20,318.718017578125,0.0
2008-02-21,334.2179870605469,0.0
2008-02-22,333.7336120605469,0.0
2008-02-25,330.3429870605469,0.0
2008-02-26,334.2179870605469,0.0
2008-02-27,344.87420654296875,0.0
2008-02-29,344.87420654296875,0.0
2008-03-03,328.889892578125,0.0
2008-03-04,346.81170654296875,0.0
2008-03-05,341.9679870605469,0.0
2008-03-06,364.2491760253906,0.0
2008-03-07,366.1866760253906,0.0
2008-03-10,356.49920654296875,0.0
2008-03-11,367.1554260253906,0.0
2008-03-12,368.1241760253906,0.0
2008-03-13,356.98358154296875,0.0
2008-03-14,357.4679260253906,0.0
2008-03-17,339.0617370605469,0.0
2008-03-18,346.81170654296875,0.0
2008-03-19,362.3116760253906,0.0
2008-03-20,367.1554260253906,0.0
2008-03-21,384.5928649902344,0.0
2008-03-24,394.2803649902344,0.0
2008-03-25,397.1866149902344,0.0
2008-03-26,382.6553955078125,0.0
2008-03-27,389.4366149902344,0.0
2008-03-28,391.3741149902344,0.0
2008-03-31,387.4991149902344,0.0
2008-04-01,387.4991149902344,0.0
2008-04-02,403.96783447265625,0.0
2008-04-03,400.09283447265625,0.0
2008-04-07,389.9209899902344,0.0
2008-04-08,394.7647399902344,0.0
2008-04-09,393.3116149902344,0.0
2008-04-10,399.12408447265625,0.0
2008-04-11,402.03033447265625,0.0
2008-04-14,402.99908447265625,0.0
2008-04-15,419.9521789550781,0.0
2008-04-16,407.35845947265625,0.0
2008-04-17,382.6553955078125,0.0
2008-04-18,360.3741760253906,0.0
2008-04-21,374.9053955078125,0.0
2008-04-22,378.7803955078125,0.0
2008-04-23,384.5928649902344,0.0
2008-04-24,377.8116455078125,0.0
2008-04-25,378.7803955078125,0.0
2008-04-28,385.5616149902344,0.0
2008-04-29,387.4991149902344,0.0
2008-04-30,382.6553955078125,0.0
2008-05-02,404.45220947265625,0.0
2008-05-05,399.12408447265625,0.0
2008-05-06,399.12408447265625,0.0
2008-05-07,403.48345947265625,0.0
2008-05-08,401.54595947265625,0.0
2008-05-09,388.4678649902344,0.0
2008-05-12,385.5616149902344,0.0
2008-05-13,397.1866149902344,0.0
2008-05-14,394.2803649902344,0.0
2008-05-15,400.09283447265625,0.0
2008-05-16,403.96783447265625,0.0
2008-05-19,404.93658447265625,0.0
2008-05-20,397.1866149902344,0.0
2008-05-21,395.2491149902344,0.0
2008-05-22,389.9209899902344,0.0
2008-05-23,368.1241760253906,0.0
2008-05-26,356.98358154296875,0.0
2008-05-27,371.0303955078125,0.0
2008-05-28,363.7648010253906,0.0
2008-05-29,368.1241760253906,0.0
2008-05-30,368.1241760253906,0.0
2008-06-02,356.49920654296875,0.0
2008-06-03,349.71795654296875,0.0
2008-06-04,353.59295654296875,0.0
2008-06-05,358.4366760253906,0.0
2008-06-06,361.3429260253906,0.0
2008-06-09,358.4366760253906,0.0
2008-06-10,348.74920654296875,0.0
2008-06-11,341.4836120605469,0.0
2008-06-12,318.718017578125,0.0
2008-06-13,315.8117980957031,0.0
2008-06-16,310.9680480957031,0.0
2008-06-17,328.405517578125,0.0
2008-06-18,330.3429870605469,0.0
2008-06-19,320.655517578125,0.0
2008-06-20,323.077392578125,0.0
2008-06-23,325.014892578125,0.0
2008-06-24,309.0305480957031,0.0
2008-06-25,322.593017578125,0.0
2008-06-26,334.7023620605469,0.0
2008-06-27,335.6711120605469,0.0
2008-06-30,339.0617370605469,0.0
2008-07-01,327.436767578125,0.0
2008-07-02,311.9367980957031,0.0
2008-07-03,320.171142578125,0.0
2008-07-04,312.9055480957031,0.0
2008-07-07,308.5461730957031,0.0
2008-07-08,287.7181091308594,0.0
2008-07-09,294.49932861328125,0.0
2008-07-10,292.07745361328125,0.0
2008-07-11,297.40557861328125,0.0
2008-07-14,297.40557861328125,0.0
2008-07-15,278.9993591308594,0.0
2008-07-16,263.1990966796875,18.223965
2008-07-17,281.3001403808594,0.0
2008-07-18,297.4443359375,0.0
2008-07-21,316.5238037109375,0.0
2008-07-22,317.991455078125,0.0
2008-07-23,318.96990966796875,0.0
2008-07-24,319.9483337402344,0.0
2008-07-25,317.50225830078125,0.0
2008-07-28,318.1372375488281,0.0
2008-07-29,313.09930419921875,0.0
2008-07-30,311.63165283203125,0.0
2008-07-31,313.09930419921875,0.0
2008-08-01,317.991455078125,0.0
2008-08-04,315.5453796386719,0.0
2008-08-05,319.9483337402344,0.0
2008-08-06,339.5170288085937,0.0
2008-08-07,341.17645263671875,0.0
2008-08-08,352.2366943359375,0.0
2008-08-11,362.0210571289063,0.0
2008-08-12,366.9132385253906,0.0
2008-08-13,360.5534057617188,0.0
2008-08-14,357.1288757324219,0.0
2008-08-15,348.3229675292969,0.0
2008-08-18,344.4092102050781,0.0
2008-08-19,346.3660888671875,0.0
2008-08-20,353.704345703125,0.0
2008-08-21,346.3660888671875,0.0
2008-08-22,350.27984619140625,0.0
2008-08-25,357.1288757324219,0.0
2008-08-26,353.704345703125,0.0
2008-08-27,369.8485412597656,0.0
2008-08-28,362.9994812011719,0.0
2008-08-29,358.5965270996094,0.0
2008-09-01,344.4092102050781,0.0
2008-09-02,342.9415588378906,0.0
2008-09-03,332.6679992675781,0.0
2008-09-04,332.6679992675781,0.0
2008-09-05,333.6464233398437,0.0
2008-09-08,354.1935729980469,0.0
2008-09-09,337.5601806640625,0.0
2008-09-10,342.4523620605469,0.0
2008-09-11,328.2650451660156,0.0
2008-09-12,326.7973937988281,0.0
2008-09-15,314.56695556640625,0.0
2008-09-16,308.6963195800781,0.0
2008-09-17,316.0346069335937,0.0
2008-09-18,318.4806823730469,0.0
2008-09-19,340.4954833984375,0.0
2008-09-22,340.4954833984375,0.0
2008-09-23,342.9415588378906,0.0
2008-09-24,340.4954833984375,0.0
2008-09-25,342.9415588378906,0.0
2008-09-26,330.71112060546875,0.0
2008-09-29,331.3725280761719,0.0
2008-09-30,317.991455078125,0.0
2008-10-01,317.991455078125,0.0
2008-10-02,303.31494140625,0.0
2008-10-03,312.6100769042969,0.0
2008-10-06,291.0845031738281,0.0
2008-10-07,292.5521545410156,0.0
2008-10-08,272.9834289550781,0.0
2008-10-09,275.91876220703125,0.0
2008-10-13,270.537353515625,0.0
2008-10-14,289.12762451171875,0.0
2008-10-15,299.40118408203125,0.0
2008-10-16,289.12762451171875,0.0
2008-10-17,289.12762451171875,0.0
2008-10-20,297.9335327148437,0.0
2008-10-21,300.86883544921875,0.0
2008-10-22,298.4227600097656,0.0
2008-10-23,293.53057861328125,0.0
2008-10-24,283.25701904296875,0.0
2008-10-27,263.6883239746094,0.0
2008-10-28,269.0697021484375,0.0
2008-10-29,272.0050048828125,0.0
2008-10-30,288.6383972167969,0.0
2008-10-31,289.6168518066406,0.0
2008-11-03,289.6168518066406,0.0
2008-11-04,282.7677917480469,0.0
2008-11-05,273.9618835449219,0.0
2008-11-06,254.88238525390625,0.0
2008-11-07,243.63038635253903,0.0
2008-11-10,245.09803771972656,0.0
2008-11-11,231.88916015625,0.0
2008-11-12,232.8675994873047,0.0
2008-11-13,216.72341918945312,0.0
2008-11-14,216.23419189453125,0.0
2008-11-17,213.78811645507807,0.0
2008-11-18,199.1115875244141,0.0
2008-11-19,198.6223602294922,0.0
2008-11-20,184.9242706298828,0.0
2008-11-21,196.66549682617188,0.0
2008-11-24,187.370361328125,0.0
2008-11-25,200.0900115966797,0.0
2008-11-26,205.96063232421875,0.0
2008-11-27,217.7018585205078,0.0
2008-11-28,217.212631225586,0.0
2008-12-01,219.65872192382807,0.0
2008-12-02,204.49298095703125,0.0
2008-12-03,190.3056640625,0.0
2008-12-04,190.7948760986328,0.0
2008-12-05,177.58599853515625,0.0
2008-12-08,187.8595733642578,0.0
2008-12-09,188.8380126953125,0.0
2008-12-10,202.04689025878903,0.0
2008-12-11,205.47140502929688,0.0
2008-12-12,204.9821929931641,0.0
2008-12-15,219.1695098876953,0.0
2008-12-16,221.61558532714844,0.0
2008-12-17,224.06167602539065,0.0
2008-12-18,231.88916015625,0.0
2008-12-19,229.9322967529297,0.0
2008-12-22,231.88916015625,0.0
2008-12-23,215.74497985839844,0.0
2008-12-24,215.74497985839844,0.0
2008-12-25,210.36358642578125,0.0
2008-12-26,213.78811645507807,0.0
2008-12-29,209.38514709472656,0.0
2008-12-30,217.212631225586,0.0
2008-12-31,215.74497985839844,0.0
2009-01-02,215.74497985839844,0.0
2009-01-05,230.4215087890625,0.0
2009-01-06,236.7813415527344,0.0
2009-01-07,251.94708251953125,0.0
2009-01-08,237.75978088378903,0.0
2009-01-09,242.6519470214844,0.0
2009-01-12,245.5872497558593,0.0
2009-01-13,258.3069152832031,0.0
2009-01-14,242.6519470214844,0.0
2009-01-15,229.9322967529297,0.0
2009-01-16,235.31369018554688,0.0
2009-01-19,244.6088256835937,0.0
2009-01-20,238.7382049560547,0.0
2009-01-21,234.824462890625,0.0
2009-02-02,246.5656890869141,0.0
2009-02-03,244.6088256835937,0.0
2009-02-04,240.6950836181641,0.0
2009-02-05,240.6950836181641,0.0
2009-02-06,249.9902191162109,0.0
2009-02-09,267.1128234863281,0.0
2009-02-10,269.0697021484375,0.0
2009-02-11,276.8971862792969,0.0
2009-02-12,266.6236267089844,0.0
2009-02-13,284.72467041015625,0.0
2009-02-16,283.7462463378906,0.0
2009-02-17,270.0481262207031,0.0
2009-02-18,276.407958984375,0.0
2009-02-19,281.78936767578125,0.0
2009-02-20,274.9403076171875,0.0
2009-02-23,285.2138977050781,0.0
2009-02-24,285.7030944824219,0.0
2009-02-25,284.72467041015625,0.0
2009-02-26,285.7030944824219,0.0
2009-02-27,297.4443359375,0.0
2009-03-02,284.72467041015625,0.0
2009-03-03,288.1492004394531,0.0
2009-03-04,294.0198059082031,0.0
2009-03-05,291.5736999511719,0.0
2009-03-06,291.5736999511719,0.0
2009-03-09,285.7030944824219,0.0
2009-03-10,286.6815490722656,0.0
2009-03-11,292.5521545410156,0.0
2009-03-12,296.46588134765625,0.0
2009-03-13,299.40118408203125,0.0
2009-03-16,298.9119873046875,0.0
2009-03-17,303.8041687011719,0.0
2009-03-18,299.8904113769531,0.0
2009-03-19,301.3580627441406,0.0
2009-03-20,294.509033203125,0.0
2009-03-23,301.3580627441406,0.0
2009-03-24,314.0777282714844,0.0
2009-03-25,332.17877197265625,0.0
2009-03-26,326.30816650390625,0.0
2009-03-27,317.0130310058594,0.0
2009-03-30,306.7394714355469,0.0
2009-03-31,312.120849609375,0.0
2009-04-02,312.120849609375,0.0
2009-04-03,313.5885009765625,0.0
2009-04-06,296.9551086425781,0.0
2009-04-07,297.9335327148437,0.0
2009-04-08,287.1707458496094,0.0
2009-04-09,307.2286682128906,0.0
2009-04-10,302.3365173339844,0.0
2009-04-13,305.2718200683594,0.0
2009-04-14,316.5238037109375,0.0
2009-04-15,310.1639709472656,0.0
2009-04-16,316.0346069335937,0.0
2009-04-17,304.2933654785156,0.0
2009-04-20,312.6100769042969,0.0
2009-04-21,311.1424255371094,0.0
2009-04-22,306.250244140625,0.0
2009-04-23,304.2933654785156,0.0
2009-04-24,308.2071228027344,0.0
2009-04-27,311.1424255371094,0.0
2009-04-28,320.9267578125,0.0
2009-04-29,315.05615234375,0.0
2009-04-30,337.0709533691406,0.0
2009-05-04,360.5534057617188,0.0
2009-05-05,385.5035095214844,0.0
2009-05-06,396.2662963867188,0.0
2009-05-07,389.9064636230469,0.0
2009-05-08,391.3741149902344,0.0
2009-05-11,391.86334228515625,0.0
2009-05-12,372.2946166992188,0.0
2009-05-13,372.7838439941406,0.0
2009-05-14,372.7838439941406,0.0
2009-05-15,374.74072265625,0.0
2009-05-18,384.0358581542969,0.0
2009-05-19,388.4388122558594,0.0
2009-05-20,394.3094177246094,0.0
2009-05-21,394.3094177246094,0.0
2009-05-22,407.518310546875,0.0
2009-05-25,392.3525390625,0.0
2009-05-26,386.48193359375,0.0
2009-05-27,391.3741149902344,0.0
2009-06-01,398.2231750488281,0.0
2009-06-02,398.2231750488281,0.0
2009-06-03,399.20159912109375,0.0
2009-06-04,392.3525390625,0.0
2009-06-05,398.2231750488281,0.0
2009-06-08,388.4388122558594,0.0
2009-06-09,373.7622680664063,0.0
2009-06-10,380.611328125,0.0
2009-06-11,380.611328125,0.0
2009-06-12,371.805419921875,0.0
2009-06-15,360.5534057617188,0.0
2009-06-16,343.4307861328125,0.0
2009-06-17,345.3876647949219,0.0
2009-06-18,360.0641784667969,0.0
2009-06-19,370.8269653320313,0.0
2009-06-22,372.7838439941406,0.0
2009-06-23,366.9132385253906,0.0
2009-06-24,378.1652526855469,0.0
2009-06-25,383.0574035644531,0.0
2009-06-26,381.5897521972656,0.0
2009-06-29,372.2946166992188,0.0
2009-06-30,383.546630859375,0.0
2009-07-01,390.3956909179688,0.0
2009-07-02,396.7554931640625,0.0
2009-07-03,399.20159912109375,0.0
2009-07-06,406.0506286621094,0.0
2009-07-07,426.5977783203125,0.0
2009-07-08,435.4037170410156,0.0
2009-07-09,426.5977783203125,0.0
2009-07-10,416.32421875,0.0
2009-07-13,420.7271728515625,0.0
2009-07-14,431.4899597167969,0.0
2009-07-15,436.3821411132813,0.0
2009-07-16,437.8497924804688,0.0
2009-07-17,436.76470947265625,13.72549
2009-07-20,434.313720703125,0.0
2009-07-21,443.1372680664063,0.0
2009-07-22,443.1372680664063,0.0
2009-07-23,439.2156982421875,0.0
2009-07-24,431.86273193359375,0.0
2009-07-27,441.1764831542969,0.0
2009-07-28,453.9215698242188,0.0
2009-07-29,468.1372680664063,0.0
2009-07-30,474.5097961425781,0.0
2009-07-31,462.2549133300781,0.0
2009-08-03,465.686279296875,0.0
2009-08-04,444.1176452636719,0.0
2009-08-05,464.7058715820313,0.0
2009-08-06,463.7254943847656,0.0
2009-08-07,463.7254943847656,0.0
2009-08-10,485.2941284179688,0.0
2009-08-11,490.1960754394531,0.0
2009-08-12,489.2156982421875,0.0
2009-08-13,489.2156982421875,0.0
2009-08-14,474.01959228515625,0.0
2009-08-17,471.5686340332031,0.0
2009-08-18,463.7254943847656,0.0
2009-08-19,462.7450866699219,0.0
2009-08-20,467.6470642089844,0.0
2009-08-21,451.9607849121094,0.0
2009-08-24,452.4509887695313,0.0
2009-08-25,458.8235168457031,0.0
2009-08-26,448.0392150878906,0.0
2009-08-27,453.4313659667969,0.0
2009-08-28,464.7058715820313,0.0
2009-08-31,468.62744140625,0.0
2009-09-01,500.9803771972656,0.0
2009-09-02,494.1176452636719,0.0
2009-09-03,506.86273193359375,0.0
2009-09-04,518.62744140625,0.0
2009-09-07,507.8431396484375,0.0
2009-09-08,498.0392150878906,0.0
2009-09-09,485.2941284179688,0.0
2009-09-10,490.1960754394531,0.0
2009-09-11,482.3529357910156,0.0
2009-09-14,492.1568603515625,0.0
2009-09-15,496.0784301757813,0.0
2009-09-16,500.0,0.0
2009-09-17,501.9607849121094,0.0
2009-09-18,504.9019470214844,0.0
2009-09-21,493.1372680664063,0.0
2009-09-22,491.1764831542969,0.0
2009-09-23,497.058837890625,0.0
2009-09-24,497.058837890625,0.0
2009-09-25,499.01959228515625,0.0
2009-09-28,498.0392150878906,0.0
2009-09-29,507.8431396484375,0.0
2009-09-30,525.4901733398438,0.0
2009-10-01,525.4901733398438,0.0
2009-10-02,513.7254638671875,0.0
2009-10-05,517.6470336914062,0.0
2009-10-06,519.6078491210938,0.0
2009-10-07,502.941162109375,0.0
2009-10-08,480.8823547363281,0.0
2009-10-09,494.1176452636719,0.0
2009-10-12,492.1568603515625,0.0
2009-10-13,492.1568603515625,0.0
2009-10-14,498.0392150878906,0.0
2009-10-15,501.9607849121094,0.0
2009-10-16,516.6666870117188,0.0
2009-10-19,507.8431396484375,0.0
2009-10-20,509.8039245605469,0.0
2009-10-21,505.8823547363281,0.0
2009-10-22,483.8235168457031,0.0
2009-10-23,466.1764831542969,0.0
2009-10-26,457.8431396484375,0.0
2009-10-27,461.2745056152344,0.0
2009-10-28,460.7843017578125,0.0
2009-10-29,462.2549133300781,0.0
2009-10-30,455.8823547363281,0.0
2009-11-02,476.9607849121094,0.0
2009-11-03,475.4902038574219,0.0
2009-11-04,479.9019470214844,0.0
2009-11-05,470.5882263183594,0.0
2009-11-06,468.1372680664063,0.0
2009-11-09,475.4902038574219,0.0
2009-11-10,493.1372680664063,0.0
2009-11-11,504.9019470214844,0.0
2009-11-12,499.01959228515625,0.0
2009-11-13,498.0392150878906,0.0
2009-11-16,509.8039245605469,0.0
2009-11-17,495.0980529785156,0.0
2009-11-18,499.01959228515625,0.0
2009-11-19,509.8039245605469,0.0
2009-11-20,518.62744140625,0.0
2009-11-23,514.7058715820312,0.0
2009-11-24,504.9019470214844,0.0
2009-11-25,500.9803771972656,0.0
2009-11-26,506.86273193359375,0.0
2009-11-27,494.1176452636719,0.0
2009-11-30,497.058837890625,0.0
2009-12-01,500.0,0.0
2009-12-02,500.0,0.0
2009-12-03,496.0784301757813,0.0
2009-12-04,493.1372680664063,0.0
2009-12-07,518.62744140625,0.0
2009-12-08,520.5882568359375,0.0
2009-12-09,517.6470336914062,0.0
2009-12-10,507.8431396484375,0.0
2009-12-11,509.8039245605469,0.0
2009-12-14,514.7058715820312,0.0
2009-12-15,512.7451171875,0.0
2009-12-16,514.7058715820312,0.0
2009-12-17,517.6470336914062,0.0
2009-12-18,518.62744140625,0.0
2009-12-21,517.6470336914062,0.0
2009-12-22,525.4901733398438,0.0
2009-12-23,529.4117431640625,0.0
2009-12-24,534.313720703125,0.0
2009-12-25,534.313720703125,0.0
2009-12-28,534.313720703125,0.0
2009-12-29,531.37255859375,0.0
2009-12-30,544.11767578125,0.0
2009-12-31,547.058837890625,0.0
2010-01-04,555.88232421875,0.0
2010-01-05,556.8627319335938,0.0
2010-01-06,563.7254638671875,0.0
2010-01-07,550.0,0.0
2010-01-08,539.2156982421875,0.0
2010-01-11,547.058837890625,0.0
2010-01-12,547.058837890625,0.0
2010-01-13,536.2745361328125,0.0
2010-01-14,561.7647094726562,0.0
2010-01-15,572.5490112304688,0.0
2010-01-18,574.5098266601562,0.0
2010-01-19,558.8235473632812,0.0
2010-01-20,564.7058715820312,0.0
2010-01-21,539.2156982421875,0.0
2010-01-22,512.7451171875,0.0
2010-01-25,515.686279296875,0.0
2010-01-26,505.8823547363281,0.0
2010-01-27,511.76470947265625,0.0
2010-01-28,512.7451171875,0.0
2010-01-29,509.8039245605469,0.0
2010-02-01,495.0980529785156,0.0
2010-02-02,488.23529052734375,0.0
2010-02-03,499.01959228515625,0.0
2010-02-04,504.9019470214844,0.0
2010-02-05,500.9803771972656,0.0
2010-02-08,496.0784301757813,0.0
2010-02-09,501.9607849121094,0.0
2010-02-10,507.8431396484375,0.0
2010-02-22,518.62744140625,0.0
2010-02-23,523.5294189453125,0.0
2010-02-24,517.6470336914062,0.0
2010-02-25,497.058837890625,0.0
2010-02-26,495.0980529785156,0.0
2010-03-01,507.8431396484375,0.0
2010-03-02,505.8823547363281,0.0
2010-03-03,514.7058715820312,0.0
2010-03-04,503.9215698242188,0.0
2010-03-05,499.01959228515625,0.0
2010-03-08,517.6470336914062,0.0
2010-03-09,521.568603515625,0.0
2010-03-10,527.4509887695312,0.0
2010-03-11,535.2941284179688,0.0
2010-03-12,527.4509887695312,0.0
2010-03-15,519.6078491210938,0.0
2010-03-16,521.568603515625,0.0
2010-03-17,536.2745361328125,0.0
2010-03-18,530.3921508789062,0.0
2010-03-19,528.431396484375,0.0
2010-03-22,519.6078491210938,0.0
2010-03-23,508.8235168457031,0.0
2010-03-24,509.8039245605469,0.0
2010-03-25,524.5098266601562,0.0
2010-03-26,549.0195922851562,0.0
2010-03-29,547.058837890625,0.0
2010-03-30,539.2156982421875,0.0
2010-03-31,540.1961059570312,0.0
2010-04-01,554.9019775390625,0.0
2010-04-02,549.0195922851562,0.0
2010-04-06,558.8235473632812,0.0
2010-04-07,555.88232421875,0.0
2010-04-08,539.2156982421875,0.0
2010-04-09,546.0784301757812,0.0
2010-04-12,539.2156982421875,0.0
2010-04-13,533.3333129882812,0.0
2010-04-14,540.1961059570312,0.0
2010-04-15,543.1372680664062,0.0
2010-04-16,535.2941284179688,0.0
2010-04-19,520.5882568359375,0.0
2010-04-20,514.7058715820312,0.0
2010-04-21,539.2156982421875,0.0
2010-04-22,549.0195922851562,0.0
2010-04-23,551.9607543945312,0.0
2010-04-26,567.6470336914062,0.0
2010-04-27,564.7058715820312,0.0
2010-04-28,557.8431396484375,0.0
2010-04-29,539.2156982421875,0.0
2010-04-30,523.5294189453125,0.0
2010-05-03,527.4509887695312,0.0
2010-05-04,529.4117431640625,0.0
2010-05-05,524.5098266601562,0.0
2010-05-06,513.7254638671875,0.0
2010-05-07,518.62744140625,0.0
2010-05-10,522.5490112304688,0.0
2010-05-11,513.7254638671875,0.0
2010-05-12,511.76470947265625,0.0
2010-05-13,516.6666870117188,0.0
2010-05-14,514.7058715820312,0.0
2010-05-17,509.8039245605469,0.0
2010-05-18,505.8823547363281,0.0
2010-05-19,504.9019470214844,0.0
2010-05-20,493.1372680664063,0.0
2010-05-21,483.3333435058594,0.0
2010-05-24,489.2156982421875,0.0
2010-05-25,481.86273193359375,0.0
2010-05-26,495.0980529785156,0.0
2010-05-27,500.9803771972656,0.0
2010-05-28,503.9215698242188,0.0
2010-05-31,512.7451171875,0.0
2010-06-01,505.8823547363281,0.0
2010-06-02,505.8823547363281,0.0
2010-06-03,524.5098266601562,0.0
2010-06-04,516.6666870117188,0.0
2010-06-07,509.8039245605469,0.0
2010-06-08,504.9019470214844,0.0
2010-06-09,505.8823547363281,0.0
2010-06-10,504.9019470214844,0.0
2010-06-11,510.7843017578125,0.0
2010-06-14,506.86273193359375,0.0
2010-06-15,505.8823547363281,0.0
2010-06-17,491.1764831542969,0.0
2010-06-18,486.2745056152344,0.0
2010-06-21,497.058837890625,0.0
2010-06-22,497.058837890625,0.0
2010-06-23,496.0784301757813,0.0
2010-06-24,489.2156982421875,0.0
2010-06-25,472.5490112304688,0.0
2010-06-28,455.8823547363281,0.0
2010-06-29,452.941162109375,0.0
2010-06-30,443.62744140625,0.0
2010-07-01,433.3333435058594,0.0
2010-07-02,417.1568603515625,0.0
2010-07-05,431.37255859375,0.0
2010-07-06,444.1176452636719,0.0
2010-07-07,439.2156982421875,0.0
2010-07-08,445.0980529785156,0.0
2010-07-09,462.2549133300781,0.0
2010-07-12,458.8235168457031,0.0
2010-07-13,453.4313659667969,0.0
2010-07-14,465.686279296875,0.0
2010-07-15,453.9215698242188,0.0
2010-07-16,459.8039245605469,0.0
2010-07-19,454.9019470214844,0.0
2010-07-20,458.8235168457031,0.0
2010-07-21,452.941162109375,0.0
2010-07-22,444.1176452636719,0.0
2010-07-23,460.7843017578125,0.0
2010-07-26,470.5882263183594,0.0
2010-07-27,473.5294189453125,0.0
2010-07-28,442.0,24.98839
2010-07-29,427.0,0.0
2010-07-30,433.5,0.0
2010-08-02,430.5,0.0
2010-08-03,438.0,0.0
2010-08-04,438.5,0.0
2010-08-05,438.0,0.0
2010-08-06,444.5,0.0
2010-08-09,463.0,0.0
2010-08-10,453.0,0.0
2010-08-11,455.0,0.0
2010-08-12,459.0,0.0
2010-08-13,460.0,0.0
2010-08-16,460.0,0.0
2010-08-17,456.0,0.0
2010-08-18,457.0,0.0
2010-08-19,458.0,0.0
2010-08-20,453.0,0.0
2010-08-23,448.0,0.0
2010-08-24,447.0,0.0
2010-08-25,431.0,0.0
2010-08-26,438.0,0.0
2010-08-27,436.5,0.0
2010-08-30,435.5,0.0
2010-08-31,436.5,0.0
2010-09-01,437.5,0.0
2010-09-02,445.0,0.0
2010-09-03,475.0,0.0
2010-09-06,477.0,0.0
2010-09-07,472.0,0.0
2010-09-08,467.0,0.0
2010-09-09,461.5,0.0
2010-09-10,475.0,0.0
2010-09-13,480.0,0.0
2010-09-14,485.0,0.0
2010-09-15,478.0,0.0
2010-09-16,475.0,0.0
2010-09-17,478.5,0.0
2010-09-20,473.5,0.0
2010-09-21,472.0,0.0
2010-09-23,465.0,0.0
2010-09-24,446.0,0.0
2010-09-27,452.0,0.0
2010-09-28,454.5,0.0
2010-09-29,449.0,0.0
2010-09-30,439.0,0.0
2010-10-01,449.0,0.0
2010-10-04,428.0,0.0
2010-10-05,415.5,0.0
2010-10-06,412.5,0.0
2010-10-07,414.5,0.0
2010-10-08,410.0,0.0
2010-10-11,410.0,0.0
2010-10-12,401.0,0.0
2010-10-13,405.0,0.0
2010-10-14,404.0,0.0
2010-10-15,390.0,0.0
2010-10-18,376.0,0.0
2010-10-19,380.5,0.0
2010-10-20,392.5,0.0
2010-10-21,387.0,0.0
2010-10-22,387.0,0.0
2010-10-25,395.0,0.0
2010-10-26,393.0,0.0
2010-10-27,383.0,0.0
2010-10-28,391.0,0.0
2010-10-29,385.0,0.0
2010-11-01,393.5,0.0
2010-11-02,387.5,0.0
2010-11-03,393.0,0.0
2010-11-04,402.0,0.0
2010-11-05,396.0,0.0
2010-11-08,385.0,0.0
2010-11-09,382.5,0.0
2010-11-10,381.0,0.0
2010-11-11,382.0,0.0
2010-11-12,378.0,0.0
2010-11-15,380.0,0.0
2010-11-16,385.0,0.0
2010-11-17,383.0,0.0
2010-11-18,380.5,0.0
2010-11-19,382.5,0.0
2010-11-22,396.0,0.0
2010-11-23,399.0,0.0
2010-11-24,400.0,0.0
2010-11-25,397.0,0.0
2010-11-26,398.0,0.0
2010-11-29,395.0,0.0
2010-11-30,390.5,0.0
2010-12-01,391.5,0.0
2010-12-02,395.0,0.0
2010-12-03,422.5,0.0
2010-12-06,423.5,0.0
2010-12-07,419.5,0.0
2010-12-08,424.0,0.0
2010-12-09,426.0,0.0
2010-12-10,418.0,0.0
2010-12-13,428.0,0.0
2010-12-14,431.0,0.0
2010-12-15,427.0,0.0
2010-12-16,421.5,0.0
2010-12-17,432.0,0.0
2010-12-20,430.0,0.0
2010-12-21,434.0,0.0
2010-12-22,428.5,0.0
2010-12-23,431.5,0.0
2010-12-24,423.5,0.0
2010-12-27,413.0,0.0
2010-12-28,414.0,0.0
2010-12-29,410.0,0.0
2010-12-30,407.5,0.0
2010-12-31,417.5,0.0
2011-01-03,415.0,0.0
2011-01-04,418.0,0.0
2011-01-05,420.0,0.0
2011-01-06,411.0,0.0
2011-01-07,390.0,0.0
2011-01-10,385.0,0.0
2011-01-11,398.0,0.0
2011-01-12,415.0,0.0
2011-01-13,411.0,0.0
2011-01-14,405.5,0.0
2011-01-17,397.5,0.0
2011-01-18,400.0,0.0
2011-01-19,401.5,0.0
2011-01-20,398.0,0.0
2011-01-21,395.5,0.0
2011-01-24,394.0,0.0
2011-01-25,396.0,0.0
2011-01-26,401.0,0.0
2011-01-27,406.0,0.0
2011-01-28,396.0,0.0
2011-02-08,368.5,0.0
2011-02-09,345.5,0.0
2011-02-10,353.5,0.0
2011-02-11,345.0,0.0
2011-02-14,348.0,0.0
2011-02-15,351.5,0.0
2011-02-16,348.0,0.0
2011-02-17,339.0,0.0
2011-02-18,343.0,0.0
2011-02-21,339.0,0.0
2011-02-22,331.5,0.0
2011-02-23,334.0,0.0
2011-02-24,334.0,0.0
2011-02-25,334.0,0.0
2011-03-01,328.0,0.0
2011-03-02,345.5,0.0
2011-03-03,340.5,0.0
2011-03-04,335.5,0.0
2011-03-07,332.0,0.0
2011-03-08,341.0,0.0
2011-03-09,343.0,0.0
2011-03-10,348.0,0.0
2011-03-11,345.0,0.0
2011-03-14,336.0,0.0
2011-03-15,318.5,0.0
2011-03-16,328.5,0.0
2011-03-17,344.0,0.0
2011-03-18,346.5,0.0
2011-03-21,341.0,0.0
2011-03-22,348.0,0.0
2011-03-23,348.0,0.0
2011-03-24,342.5,0.0
2011-03-25,343.0,0.0
2011-03-28,340.5,0.0
2011-03-29,341.0,0.0
2011-03-30,335.5,0.0
2011-03-31,338.0,0.0
2011-04-01,343.0,0.0
2011-04-06,349.5,0.0
2011-04-07,351.0,0.0
2011-04-08,350.0,0.0
2011-04-11,354.0,0.0
2011-04-12,346.0,0.0
2011-04-13,347.5,0.0
2011-04-14,339.0,0.0
2011-04-15,336.0,0.0
2011-04-18,320.0,0.0
2011-04-19,309.0,0.0
2011-04-20,308.0,0.0
2011-04-21,314.5,0.0
2011-04-22,311.0,0.0
2011-04-25,305.5,0.0
2011-04-26,313.0,0.0
2011-04-27,320.5,0.0
2011-04-28,314.5,0.0
2011-04-29,316.5,0.0
2011-05-03,337.5,0.0
2011-05-04,344.0,0.0
2011-05-05,347.5,0.0
2011-05-06,347.5,0.0
2011-05-09,360.0,0.0
2011-05-10,352.5,0.0
2011-05-11,350.0,0.0
2011-05-12,352.5,0.0
2011-05-13,352.5,0.0
2011-05-16,345.5,0.0
2011-05-17,334.5,0.0
2011-05-18,340.0,0.0
2011-05-19,330.0,0.0
2011-05-20,318.0,0.0
2011-05-23,310.0,0.0
2011-05-24,314.0,0.0
2011-05-25,310.0,0.0
2011-05-26,307.5,0.0
2011-05-27,309.5,0.0
2011-05-30,317.0,0.0
2011-05-31,320.0,0.0
2011-06-01,330.0,0.0
2011-06-02,320.5,0.0
2011-06-03,319.5,0.0
2011-06-07,313.5,0.0
2011-06-08,316.0,0.0
2011-06-09,312.5,0.0
2011-06-10,306.0,0.0
2011-06-13,302.0,0.0
2011-06-14,304.0,0.0
2011-06-15,304.0,0.0
2011-06-16,297.5,0.0
2011-06-17,301.5,0.0
2011-06-20,295.0,0.0
2011-06-21,312.0,0.0
2011-06-22,321.0,0.0
2011-06-23,318.0,0.0
2011-06-24,311.0,0.0
2011-06-27,311.0,0.0
2011-06-28,309.0,0.0
2011-06-29,317.0,0.0
2011-06-30,312.0,0.0
2011-07-01,313.5,0.0
2011-07-04,314.0,0.0
2011-07-05,309.0,0.0
2011-07-06,309.0,0.0
2011-07-07,304.5,0.0
2011-07-08,288.5,19.99992
2011-07-11,275.0,0.0
2011-07-12,262.0,0.0
2011-07-13,247.0,0.0
2011-07-14,258.0,0.0
2011-07-15,263.0,0.0
2011-07-18,251.0,0.0
2011-07-19,259.5,0.0
2011-07-20,272.0,0.0
2011-07-21,271.0,0.0
2011-07-22,277.0,0.0
2011-07-25,270.5,0.0
2011-07-26,281.0,0.0
2011-07-27,277.0,0.0
2011-07-28,266.0,0.0
2011-07-29,258.5,0.0
2011-08-01,255.0,0.0
2011-08-02,258.5,0.0
2011-08-03,251.5,0.0
2011-08-04,237.5,0.0
2011-08-05,224.0,0.0
2011-08-08,231.0,0.0
2011-08-09,247.0,0.0
2011-08-10,256.0,0.0
2011-08-11,264.0,0.0
2011-08-12,257.0,0.0
2011-08-15,266.5,0.0
2011-08-16,262.5,0.0
2011-08-17,256.0,0.0
2011-08-18,254.0,0.0
2011-08-19,252.0,0.0
2011-08-22,269.0,0.0
2011-08-23,272.0,0.0
2011-08-24,280.0,0.0
2011-08-25,281.0,0.0
2011-08-26,292.5,0.0
2011-08-29,289.0,0.0
2011-08-30,290.0,0.0
2011-08-31,291.5,0.0
2011-09-01,290.0,0.0
2011-09-02,293.5,0.0
2011-09-05,285.0,0.0
2011-09-06,274.0,0.0
2011-09-07,282.5,0.0
2011-09-08,283.5,0.0
2011-09-09,282.5,0.0
2011-09-13,283.5,0.0
2011-09-14,279.5,0.0
2011-09-15,296.5,0.0
2011-09-16,311.0,0.0
2011-09-19,309.5,0.0
2011-09-20,326.5,0.0
2011-09-21,339.0,0.0
2011-09-22,348.0,0.0
2011-09-23,324.0,0.0
2011-09-26,306.0,0.0
2011-09-27,327.0,0.0
2011-09-28,333.0,0.0
2011-09-29,328.5,0.0
2011-09-30,337.5,0.0
2011-10-03,325.0,0.0
2011-10-04,327.0,0.0
2011-10-05,328.5,0.0
2011-10-06,330.0,0.0
2011-10-07,310.5,0.0
2011-10-11,320.0,0.0
2011-10-12,329.0,0.0
2011-10-13,336.0,0.0
2011-10-14,336.5,0.0
2011-10-17,336.0,0.0
2011-10-18,339.0,0.0
2011-10-19,328.0,0.0
2011-10-20,326.5,0.0
2011-10-21,332.0,0.0
2011-10-24,344.0,0.0
2011-10-25,339.0,0.0
2011-10-26,338.0,0.0
2011-10-27,327.0,0.0
2011-10-28,324.0,0.0
2011-10-31,318.0,0.0
2011-11-01,319.5,0.0
2011-11-02,326.0,0.0
2011-11-03,311.0,0.0
2011-11-04,321.0,0.0
2011-11-07,317.5,0.0
2011-11-08,317.0,0.0
2011-11-09,318.0,0.0
2011-11-10,309.5,0.0
2011-11-11,312.5,0.0
2011-11-14,321.0,0.0
2011-11-15,315.0,0.0
2011-11-16,306.0,0.0
2011-11-17,308.5,0.0
2011-11-18,308.0,0.0
2011-11-21,301.0,0.0
2011-11-22,289.0,0.0
2011-11-23,284.0,0.0
2011-11-24,273.5,0.0
2011-11-25,273.5,0.0
2011-11-28,281.0,0.0
2011-11-29,282.5,0.0
2011-11-30,279.5,0.0
2011-12-01,287.5,0.0
2011-12-02,289.0,0.0
2011-12-05,280.5,0.0
2011-12-06,262.0,0.0
2011-12-07,263.5,0.0
2011-12-08,257.0,0.0
2011-12-09,260.0,0.0
2011-12-12,261.0,0.0
2011-12-13,269.0,0.0
2011-12-14,267.5,0.0
2011-12-15,256.5,0.0
2011-12-16,255.0,0.0
2011-12-19,243.5,0.0
2011-12-20,251.0,0.0
2011-12-21,268.5,0.0
2011-12-22,268.0,0.0
2011-12-23,281.5,0.0
2011-12-26,281.0,0.0
2011-12-27,279.0,0.0
2011-12-28,275.5,0.0
2011-12-29,277.5,0.0
2011-12-30,277.5,0.0
2012-01-02,254.0,0.0
2012-01-03,260.5,0.0
2012-01-04,261.0,0.0
2012-01-05,282.0,0.0
2012-01-06,278.5,0.0
2012-01-09,267.0,0.0
2012-01-10,270.0,0.0
2012-01-11,274.5,0.0
2012-01-12,272.0,0.0
2012-01-13,272.0,0.0
2012-01-16,260.0,0.0
2012-01-17,263.0,0.0
2012-01-18,263.0,0.0
2012-01-30,279.5,0.0
2012-01-31,282.5,0.0
2012-02-01,288.0,0.0
2012-02-02,286.5,0.0
2012-02-03,292.5,0.0
2012-02-06,285.0,0.0
2012-02-07,285.0,0.0
2012-02-08,291.0,0.0
2012-02-09,292.5,0.0
2012-02-10,291.5,0.0
2012-02-13,311.5,0.0
2012-02-14,316.0,0.0
2012-02-15,317.5,0.0
2012-02-16,303.0,0.0
2012-02-17,303.0,0.0
2012-02-20,308.0,0.0
2012-02-21,306.0,0.0
2012-02-22,313.0,0.0
2012-02-23,304.0,0.0
2012-02-24,302.0,0.0
2012-02-29,301.0,0.0
2012-03-01,303.5,0.0
2012-03-02,315.0,0.0
2012-03-05,308.0,0.0
2012-03-06,314.0,0.0
2012-03-07,317.5,0.0
2012-03-08,312.0,0.0
2012-03-09,310.0,0.0
2012-03-12,303.0,0.0
2012-03-13,303.5,0.0
2012-03-14,306.0,0.0
2012-03-15,313.5,0.0
2012-03-16,309.0,0.0
2012-03-19,307.0,0.0
2012-03-20,304.0,0.0
2012-03-21,302.5,0.0
2012-03-22,300.0,0.0
2012-03-23,296.0,0.0
2012-03-26,296.0,0.0
2012-03-27,295.0,0.0
2012-03-28,286.5,0.0
2012-03-29,274.0,0.0
2012-03-30,282.5,0.0
2012-04-02,276.5,0.0
2012-04-03,277.0,0.0
2012-04-05,274.5,0.0
2012-04-06,279.0,0.0
2012-04-09,273.0,0.0
2012-04-10,275.5,0.0
2012-04-11,277.0,0.0
2012-04-12,278.0,0.0
2012-04-13,279.5,0.0
2012-04-16,282.0,0.0
2012-04-17,274.0,0.0
2012-04-18,277.5,0.0
2012-04-19,276.5,0.0
2012-04-20,260.0,0.0
2012-04-23,260.5,0.0
2012-04-24,258.0,0.0
2012-04-25,263.0,0.0
2012-04-26,257.0,0.0
2012-04-27,240.5,0.0
2012-04-30,253.0,0.0
2012-05-02,267.0,0.0
2012-05-03,265.5,0.0
2012-05-04,271.0,0.0
2012-05-07,273.5,0.0
2012-05-08,265.0,0.0
2012-05-09,265.0,0.0
2012-05-10,264.0,0.0
2012-05-11,263.0,0.0
2012-05-14,264.0,0.0
2012-05-15,269.0,0.0
2012-05-16,262.0,0.0
2012-05-17,272.5,0.0
2012-05-18,262.0,0.0
2012-05-21,262.0,0.0
2012-05-22,262.5,0.0
2012-05-23,253.0,0.0
2012-05-24,256.5,0.0
2012-05-25,254.5,0.0
2012-05-28,259.0,0.0
2012-05-29,272.5,0.0
2012-05-30,267.0,0.0
2012-05-31,264.0,0.0
2012-06-01,257.5,0.0
2012-06-04,245.0,0.0
2012-06-05,254.0,0.0
2012-06-06,257.5,0.0
2012-06-07,260.5,0.0
2012-06-08,254.0,0.0
2012-06-11,258.0,0.0
2012-06-12,255.0,0.0
2012-06-13,258.0,0.0
2012-06-14,261.0,0.0
2012-06-15,265.0,0.0
2012-06-18,276.5,0.0
2012-06-19,274.5,0.0
2012-06-20,276.0,0.0
2012-06-21,271.0,0.0
2012-06-22,274.0,0.0
2012-06-25,280.5,0.0
2012-06-26,274.5,0.0
2012-06-27,272.0,0.0
2012-06-28,272.0,0.0
2012-06-29,273.0,0.0
2012-07-02,269.0,0.0
2012-07-03,273.5,0.0
2012-07-04,274.5,0.0
2012-07-05,274.0,0.0
2012-07-06,273.0,0.0
2012-07-09,275.0,0.0
2012-07-10,265.0,0.0
2012-07-11,264.5,0.0
2012-07-12,256.0,0.0
2012-07-13,248.0,0.0
2012-07-16,243.5,8.999803
2012-07-17,250.5,0.0
2012-07-18,246.0,0.0
2012-07-19,248.0,0.0
2012-07-20,250.0,0.0
2012-07-23,243.5,0.0
2012-07-24,243.5,0.0
2012-07-25,241.0,0.0
2012-07-26,236.5,0.0
2012-07-27,240.0,0.0
2012-07-30,247.0,0.0
2012-07-31,255.0,0.0
2012-08-01,272.5,0.0
2012-08-02,272.5,0.0
2012-08-03,279.0,0.0
2012-08-06,275.0,0.0
2012-08-07,281.0,0.0
2012-08-08,282.0,0.0
2012-08-09,282.0,0.0
2012-08-10,284.0,0.0
2012-08-13,293.5,0.0
2012-08-14,291.0,0.0
2012-08-15,284.5,0.0
2012-08-16,292.0,0.0
2012-08-17,294.5,0.0
2012-08-20,298.0,0.0
2012-08-21,300.0,0.0
2012-08-22,302.5,0.0
2012-08-23,312.0,0.0
2012-08-24,318.0,0.0
2012-08-27,319.0,0.0
2012-08-28,315.0,0.0
2012-08-29,320.0,0.0
2012-08-30,316.5,0.0
2012-08-31,320.0,0.0
2012-09-03,320.0,0.0
2012-09-04,325.0,0.0
2012-09-05,321.0,0.0
2012-09-06,314.0,0.0
2012-09-07,322.0,0.0
2012-09-10,337.0,0.0
2012-09-11,339.0,0.0
2012-09-12,336.5,0.0
2012-09-13,334.5,0.0
2012-09-14,339.0,0.0
2012-09-17,331.5,0.0
2012-09-18,331.0,0.0
2012-09-19,326.5,0.0
2012-09-20,325.0,0.0
2012-09-21,321.5,0.0
2012-09-24,330.0,0.0
2012-09-25,326.0,0.0
2012-09-26,322.0,0.0
2012-09-27,325.0,0.0
2012-09-28,309.5,0.0
2012-10-01,312.5,0.0
2012-10-02,322.0,0.0
2012-10-03,321.5,0.0
2012-10-04,318.5,0.0
2012-10-05,325.0,0.0
2012-10-08,327.0,0.0
2012-10-09,324.0,0.0
2012-10-11,325.5,0.0
2012-10-12,320.0,0.0
2012-10-15,315.0,0.0
2012-10-16,317.5,0.0
2012-10-17,317.0,0.0
2012-10-18,320.0,0.0
2012-10-19,323.5,0.0
2012-10-22,326.0,0.0
2012-10-23,322.5,0.0
2012-10-24,326.5,0.0
2012-10-25,321.0,0.0
2012-10-26,318.5,0.0
2012-10-29,329.5,0.0
2012-10-30,325.0,0.0
2012-10-31,324.5,0.0
2012-11-01,326.5,0.0
2012-11-02,325.0,0.0
2012-11-05,318.0,0.0
2012-11-06,310.0,0.0
2012-11-07,315.0,0.0
2012-11-08,317.0,0.0
2012-11-09,325.0,0.0
2012-11-12,322.0,0.0
2012-11-13,320.0,0.0
2012-11-14,318.0,0.0
2012-11-15,318.0,0.0
2012-11-16,315.0,0.0
2012-11-19,312.0,0.0
2012-11-20,308.0,0.0
2012-11-21,310.5,0.0
2012-11-22,313.0,0.0
2012-11-23,320.0,0.0
2012-11-26,325.0,0.0
2012-11-27,324.5,0.0
2012-11-28,324.0,0.0
2012-11-29,327.5,0.0
2012-11-30,330.5,0.0
2012-12-03,335.0,0.0
2012-12-04,332.0,0.0
2012-12-05,330.0,0.0
2012-12-06,323.5,0.0
2012-12-07,323.5,0.0
2012-12-10,318.0,0.0
2012-12-11,322.0,0.0
2012-12-12,340.5,0.0
2012-12-13,339.5,0.0
2012-12-14,339.5,0.0
2012-12-17,338.0,0.0
2012-12-18,335.5,0.0
2012-12-19,327.0,0.0
2012-12-20,323.0,0.0
2012-12-21,321.0,0.0
2012-12-24,317.5,0.0
2012-12-25,322.0,0.0
2012-12-26,321.5,0.0
2012-12-27,324.0,0.0
2012-12-28,323.5,0.0
2013-01-02,325.0,0.0
2013-01-03,326.0,0.0
2013-01-04,305.5,0.0
2013-01-07,301.5,0.0
2013-01-08,302.5,0.0
2013-01-09,312.0,0.0
2013-01-10,314.0,0.0
2013-01-11,312.5,0.0
2013-01-14,312.0,0.0
2013-01-15,311.5,0.0
2013-01-16,309.5,0.0
2013-01-17,307.0,0.0
2013-01-18,309.0,0.0
2013-01-21,316.5,0.0
2013-01-22,318.5,0.0
2013-01-23,317.5,0.0
2013-01-24,319.0,0.0
2013-01-25,322.0,0.0
2013-01-28,325.0,0.0
2013-01-29,325.0,0.0
2013-01-30,325.0,0.0
2013-01-31,323.0,0.0
2013-02-01,324.5,0.0
2013-02-04,325.0,0.0
2013-02-05,326.0,0.0
2013-02-06,325.0,0.0
2013-02-18,325.0,0.0
2013-02-19,324.0,0.0
2013-02-20,326.0,0.0
2013-02-21,326.0,0.0
2013-02-22,327.0,0.0
2013-02-25,336.5,0.0
2013-02-26,330.0,0.0
2013-02-27,333.5,0.0
2013-03-01,338.5,0.0
2013-03-04,341.5,0.0
2013-03-05,347.5,0.0
2013-03-06,346.0,0.0
2013-03-07,346.0,0.0
2013-03-08,348.0,0.0
2013-03-11,350.0,0.0
2013-03-12,355.0,0.0
2013-03-13,352.5,0.0
2013-03-14,343.0,0.0
2013-03-15,341.5,0.0
2013-03-18,338.5,0.0
2013-03-19,340.0,0.0
2013-03-20,339.0,0.0
2013-03-21,332.0,0.0
2013-03-22,333.0,0.0
2013-03-25,338.5,0.0
2013-03-26,340.0,0.0
2013-03-27,342.5,0.0
2013-03-28,340.0,0.0
2013-03-29,342.0,0.0
2013-04-01,341.0,0.0
2013-04-02,348.0,0.0
2013-04-03,356.0,0.0
2013-04-08,350.0,0.0
2013-04-09,349.5,0.0
2013-04-10,352.5,0.0
2013-04-11,351.0,0.0
2013-04-12,345.5,0.0
2013-04-15,337.5,0.0
2013-04-16,340.5,0.0
2013-04-17,347.0,0.0
2013-04-18,346.0,0.0
2013-04-19,358.0,0.0
2013-04-22,363.0,0.0
2013-04-23,365.0,0.0
2013-04-24,365.0,0.0
2013-04-25,362.0,0.0
2013-04-26,355.0,0.0
2013-04-29,361.5,0.0
2013-04-30,360.0,0.0
2013-05-02,366.0,0.0
2013-05-03,366.5,0.0
2013-05-06,372.5,0.0
2013-05-07,371.0,0.0
2013-05-08,376.0,0.0
2013-05-09,375.0,0.0
2013-05-10,369.0,0.0
2013-05-13,369.0,0.0
2013-05-14,367.0,0.0
2013-05-15,367.5,0.0
2013-05-16,374.0,0.0
2013-05-17,379.0,0.0
2013-05-20,378.5,0.0
2013-05-21,377.5,0.0
2013-05-22,382.0,0.0
2013-05-23,370.0,0.0
2013-05-24,363.0,0.0
2013-05-27,360.0,0.0
2013-05-28,363.0,0.0
2013-05-29,364.0,0.0
2013-05-30,361.5,0.0
2013-05-31,372.0,0.0
2013-06-03,368.0,0.0
2013-06-04,369.0,0.0
2013-06-05,364.5,0.0
2013-06-06,366.5,0.0
2013-06-07,370.0,0.0
2013-06-10,376.0,0.0
2013-06-11,366.5,0.0
2013-06-13,361.0,0.0
2013-06-14,352.0,0.0
2013-06-17,354.0,0.0
2013-06-18,355.5,0.0
2013-06-19,351.5,0.0
2013-06-20,342.5,0.0
2013-06-21,330.0,0.0
2013-06-24,309.0,0.0
2013-06-25,314.0,0.0
2013-06-26,328.0,0.0
2013-06-27,328.0,0.0
2013-06-28,348.5,0.0
2013-07-01,345.0,0.0
2013-07-02,341.5,0.0
2013-07-03,335.5,0.0
2013-07-04,330.0,0.0
2013-07-05,345.5,0.0
2013-07-08,349.0,0.0
2013-07-09,353.5,0.0
2013-07-10,351.5,0.0
2013-07-11,350.0,0.0
2013-07-12,360.0,0.0
2013-07-15,358.0,0.0
2013-07-16,349.5,9.0
2013-07-17,340.0,0.0
2013-07-18,331.0,0.0
2013-07-19,322.5,0.0
2013-07-22,330.5,0.0
2013-07-23,343.5,0.0
2013-07-24,346.5,0.0
2013-07-25,355.0,0.0
2013-07-26,358.0,0.0
2013-07-29,361.0,0.0
2013-07-30,355.5,0.0
2013-07-31,360.0,0.0
2013-08-01,362.0,0.0
2013-08-02,363.0,0.0
2013-08-05,358.5,0.0
2013-08-06,351.0,0.0
2013-08-07,350.0,0.0
2013-08-08,354.0,0.0
2013-08-09,351.0,0.0
2013-08-12,352.5,0.0
2013-08-13,366.0,0.0
2013-08-14,363.0,0.0
2013-08-15,360.0,0.0
2013-08-16,360.0,0.0
2013-08-19,375.0,0.0
2013-08-20,370.0,0.0
2013-08-22,368.0,0.0
2013-08-23,367.0,0.0
2013-08-26,367.5,0.0
2013-08-27,367.5,0.0
2013-08-28,366.0,0.0
2013-08-29,363.5,0.0
2013-08-30,367.0,0.0
2013-09-02,358.0,0.0
2013-09-03,363.5,0.0
2013-09-04,365.0,0.0
2013-09-05,367.5,0.0
2013-09-06,369.5,0.0
2013-09-09,370.0,0.0
2013-09-10,369.0,0.0
2013-09-11,370.0,0.0
2013-09-12,374.0,0.0
2013-09-13,370.5,0.0
2013-09-16,370.0,0.0
2013-09-17,372.0,0.0
2013-09-18,370.0,0.0
2013-09-23,371.0,0.0
2013-09-24,369.5,0.0
2013-09-25,371.5,0.0
2013-09-26,372.0,0.0
2013-09-27,370.5,0.0
2013-09-30,365.5,0.0
2013-10-01,365.5,0.0
2013-10-02,368.0,0.0
2013-10-03,376.0,0.0
2013-10-04,379.5,0.0
2013-10-07,373.0,0.0
2013-10-08,378.5,0.0
2013-10-09,382.0,0.0
2013-10-11,384.5,0.0
2013-10-14,384.5,0.0
2013-10-15,394.0,0.0
2013-10-16,389.5,0.0
2013-10-17,394.0,0.0
2013-10-18,395.0,0.0
2013-10-21,391.5,0.0
2013-10-22,391.5,0.0
2013-10-23,396.0,0.0
2013-10-24,394.0,0.0
2013-10-25,388.5,0.0
2013-10-28,391.0,0.0
2013-10-29,395.0,0.0
2013-10-30,395.0,0.0
2013-10-31,402.0,0.0
2013-11-01,404.5,0.0
2013-11-04,432.5,0.0
2013-11-05,430.0,0.0
2013-11-06,432.0,0.0
2013-11-07,429.5,0.0
2013-11-08,428.0,0.0
2013-11-11,426.0,0.0
2013-11-12,415.0,0.0
2013-11-13,412.5,0.0
2013-11-14,410.5,0.0
2013-11-15,410.5,0.0
2013-11-18,414.0,0.0
2013-11-19,431.5,0.0
2013-11-20,419.0,0.0
2013-11-21,415.0,0.0
2013-11-22,424.0,0.0
2013-11-25,428.0,0.0
2013-11-26,431.5,0.0
2013-11-27,428.5,0.0
2013-11-28,435.0,0.0
2013-11-29,436.0,0.0
2013-12-02,430.0,0.0
2013-12-03,434.5,0.0
2013-12-04,435.0,0.0
2013-12-05,430.5,0.0
2013-12-06,430.0,0.0
2013-12-09,428.0,0.0
2013-12-10,429.5,0.0
2013-12-11,430.0,0.0
2013-12-12,421.0,0.0
2013-12-13,417.0,0.0
2013-12-16,417.0,0.0
2013-12-17,423.5,0.0
2013-12-18,418.0,0.0
2013-12-19,429.0,0.0
2013-12-20,432.5,0.0
2013-12-23,431.5,0.0
2013-12-24,427.5,0.0
2013-12-25,430.0,0.0
2013-12-26,428.5,0.0
2013-12-27,436.0,0.0
2013-12-30,444.5,0.0
2013-12-31,443.5,0.0
2014-01-02,441.0,0.0
2014-01-03,435.5,0.0
2014-01-06,431.5,0.0
2014-01-07,418.5,0.0
2014-01-08,407.0,0.0
2014-01-09,412.0,0.0
2014-01-10,417.0,0.0
2014-01-13,415.5,0.0
2014-01-14,415.5,0.0
2014-01-15,419.0,0.0
2014-01-16,418.0,0.0
2014-01-17,415.0,0.0
2014-01-20,410.0,0.0
2014-01-21,388.0,0.0
2014-01-22,399.0,0.0
2014-01-23,402.0,0.0
2014-01-24,407.5,0.0
2014-01-27,400.5,0.0
2014-02-05,401.0,0.0
2014-02-06,407.5,0.0
2014-02-07,409.5,0.0
2014-02-10,410.0,0.0
2014-02-11,419.0,0.0
2014-02-12,434.0,0.0
2014-02-13,429.0,0.0
2014-02-14,431.5,0.0
2014-02-17,429.0,0.0
2014-02-18,433.5,0.0
2014-02-19,435.0,0.0
2014-02-20,435.0,0.0
2014-02-21,436.0,0.0
2014-02-24,436.0,0.0
2014-02-25,445.5,0.0
2014-02-26,445.5,0.0
2014-02-27,445.0,0.0
2014-03-03,450.0,0.0
2014-03-04,445.0,0.0
2014-03-05,450.5,0.0
2014-03-06,465.0,0.0
2014-03-07,473.0,0.0
2014-03-10,472.0,0.0
2014-03-11,474.5,0.0
2014-03-12,456.0,0.0
2014-03-13,452.0,0.0
2014-03-14,460.0,0.0
2014-03-17,453.0,0.0
2014-03-18,453.0,0.0
2014-03-19,440.0,0.0
2014-03-20,443.5,0.0
2014-03-21,442.5,0.0
2014-03-24,444.0,0.0
2014-03-25,451.0,0.0
2014-03-26,457.5,0.0
2014-03-27,452.0,0.0
2014-03-28,445.0,0.0
2014-03-31,449.5,0.0
2014-04-01,463.5,0.0
2014-04-02,467.0,0.0
2014-04-03,458.0,0.0
2014-04-07,461.0,0.0
2014-04-08,460.0,0.0
2014-04-09,461.5,0.0
2014-04-10,469.5,0.0
2014-04-11,465.0,0.0
2014-04-14,460.0,0.0
2014-04-15,456.5,0.0
2014-04-16,452.0,0.0
2014-04-17,461.5,0.0
2014-04-18,457.0,0.0
2014-04-21,469.0,0.0
2014-04-22,470.0,0.0
2014-04-23,472.5,0.0
2014-04-24,477.0,0.0
2014-04-25,469.0,0.0
2014-04-28,485.5,0.0
2014-04-29,483.5,0.0
2014-04-30,472.0,0.0
2014-05-02,505.0,0.0
2014-05-05,513.0,0.0
2014-05-06,509.0,0.0
2014-05-07,518.0,0.0
2014-05-08,512.0,0.0
2014-05-09,506.0,0.0
2014-05-12,493.5,0.0
2014-05-13,491.5,0.0
2014-05-14,504.0,0.0
2014-05-15,500.0,0.0
2014-05-16,502.0,0.0
2014-05-19,492.0,0.0
2014-05-20,492.0,0.0
2014-05-21,488.5,0.0
2014-05-22,505.0,0.0
2014-05-23,498.5,0.0
2014-05-26,494.5,0.0
2014-05-27,509.0,0.0
2014-05-28,508.0,0.0
2014-05-29,498.0,0.0
2014-05-30,487.0,0.0
2014-06-03,492.0,0.0
2014-06-04,490.5,0.0
2014-06-05,507.0,0.0
2014-06-06,500.0,0.0
2014-06-09,509.0,0.0
2014-06-10,510.0,0.0
2014-06-11,506.0,0.0
2014-06-12,500.0,0.0
2014-06-13,500.0,0.0
2014-06-16,496.5,0.0
2014-06-17,510.0,0.0
2014-06-18,513.0,0.0
2014-06-19,518.0,0.0
2014-06-20,509.0,0.0
2014-06-23,511.0,0.0
2014-06-24,505.0,0.0
2014-06-25,505.0,0.0
2014-06-26,515.0,0.0
2014-06-27,501.0,0.0
2014-06-30,505.0,0.0
2014-07-01,508.0,0.0
2014-07-02,518.0,0.0
2014-07-03,535.0,0.0
2014-07-04,526.0,15.0
2014-07-07,531.0,0.0
2014-07-08,522.0,0.0
2014-07-09,519.0,0.0
2014-07-10,515.0,0.0
2014-07-11,501.0,0.0
2014-07-14,503.0,0.0
2014-07-15,496.0,0.0
2014-07-16,497.0,0.0
2014-07-17,495.0,0.0
2014-07-18,504.0,0.0
2014-07-21,507.0,0.0
2014-07-22,517.0,0.0
2014-07-23,517.0,0.0
2014-07-24,513.0,0.0
2014-07-25,507.0,0.0
2014-07-28,503.0,0.0
2014-07-29,498.0,0.0
2014-07-30,502.0,0.0
2014-07-31,469.0,0.0
2014-08-01,496.5,0.0
2014-08-04,492.0,0.0
2014-08-05,487.0,0.0
2014-08-06,503.0,0.0
2014-08-07,492.0,0.0
2014-08-08,490.5,0.0
2014-08-11,495.0,0.0
2014-08-12,489.5,0.0
2014-08-13,498.5,0.0
2014-08-14,500.0,0.0
2014-08-15,500.0,0.0
2014-08-18,500.0,0.0
2014-08-19,510.0,0.0
2014-08-20,512.0,0.0
2014-08-21,513.0,0.0
2014-08-22,509.0,0.0
2014-08-25,501.0,0.0
2014-08-26,495.0,0.0
2014-08-27,501.0,0.0
2014-08-28,496.5,0.0
2014-08-29,499.5,0.0
2014-09-01,515.0,0.0
2014-09-02,515.0,0.0
2014-09-03,514.0,0.0
2014-09-04,515.0,0.0
2014-09-05,513.0,0.0
2014-09-09,520.0,0.0
2014-09-10,513.0,0.0
2014-09-11,510.0,0.0
2014-09-12,506.0,0.0
2014-09-15,501.0,0.0
2014-09-16,497.0,0.0
2014-09-17,497.5,0.0
2014-09-18,500.0,0.0
2014-09-19,497.0,0.0
2014-09-22,494.0,0.0
2014-09-23,473.0,0.0
2014-09-24,448.0,0.0
2014-09-25,450.5,0.0
2014-09-26,455.0,0.0
2014-09-29,445.0,0.0
2014-09-30,450.5,0.0
2014-10-01,457.5,0.0
2014-10-02,456.0,0.0
2014-10-03,455.0,0.0
2014-10-06,466.0,0.0
2014-10-07,455.5,0.0
2014-10-08,443.0,0.0
2014-10-09,420.0,0.0
2014-10-13,403.0,0.0
2014-10-14,418.5,0.0
2014-10-15,427.0,0.0
2014-10-16,422.0,0.0
2014-10-17,420.0,0.0
2014-10-20,418.0,0.0
2014-10-21,420.0,0.0
2014-10-22,425.5,0.0
2014-10-23,420.0,0.0
2014-10-24,419.0,0.0
2014-10-27,418.0,0.0
2014-10-28,425.0,0.0
2014-10-29,435.5,0.0
2014-10-30,428.5,0.0
2014-10-31,433.0,0.0
2014-11-03,437.5,0.0
2014-11-04,434.0,0.0
2014-11-05,426.5,0.0
2014-11-06,413.0,0.0
2014-11-07,427.0,0.0
2014-11-10,452.0,0.0
2014-11-11,445.5,0.0
2014-11-12,448.0,0.0
2014-11-13,454.0,0.0
2014-11-14,455.5,0.0
2014-11-17,448.0,0.0
2014-11-18,437.5,0.0
2014-11-19,440.0,0.0
2014-11-20,440.0,0.0
2014-11-21,445.0,0.0
2014-11-24,450.0,0.0
2014-11-25,450.0,0.0
2014-11-26,457.0,0.0
2014-11-27,465.0,0.0
2014-11-28,465.0,0.0
2014-12-01,463.0,0.0
2014-12-02,453.0,0.0
2014-12-03,462.0,0.0
2014-12-04,467.0,0.0
2014-12-05,458.0,0.0
2014-12-08,436.0,0.0
2014-12-09,438.0,0.0
2014-12-10,430.0,0.0
2014-12-11,434.0,0.0
2014-12-12,440.5,0.0
2014-12-15,439.5,0.0
2014-12-16,438.0,0.0
2014-12-17,440.0,0.0
2014-12-18,445.5,0.0
2014-12-19,457.0,0.0
2014-12-22,455.0,0.0
2014-12-23,458.0,0.0
2014-12-24,464.5,0.0
2014-12-25,461.5,0.0
2014-12-26,464.0,0.0
2014-12-29,467.5,0.0
2014-12-30,462.0,0.0
2014-12-31,462.0,0.0
2015-01-05,462.0,0.0
2015-01-06,458.0,0.0
2015-01-07,486.5,0.0
2015-01-08,485.0,0.0
2015-01-09,488.0,0.0
2015-01-12,488.0,0.0
2015-01-13,483.0,0.0
2015-01-14,488.0,0.0
2015-01-15,486.0,0.0
2015-01-16,475.5,0.0
2015-01-19,487.0,0.0
2015-01-20,490.0,0.0
2015-01-21,493.5,0.0
2015-01-22,495.5,0.0
2015-01-23,494.5,0.0
2015-01-26,504.0,0.0
2015-01-27,502.0,0.0
2015-01-28,502.0,0.0
2015-01-29,497.5,0.0
2015-01-30,483.0,0.0
2015-02-02,482.5,0.0
2015-02-03,485.0,0.0
2015-02-04,485.0,0.0
2015-02-05,485.0,0.0
2015-02-06,479.0,0.0
2015-02-09,488.0,0.0
2015-02-10,454.0,0.0
2015-02-11,454.0,0.0
2015-02-12,458.0,0.0
2015-02-13,459.0,0.0
2015-02-24,470.0,0.0
2015-02-25,473.5,0.0
2015-02-26,473.0,0.0
2015-03-02,477.0,0.0
2015-03-03,478.5,0.0
2015-03-04,475.5,0.0
2015-03-05,475.5,0.0
2015-03-06,470.5,0.0
2015-03-09,460.0,0.0
2015-03-10,460.0,0.0
2015-03-11,453.5,0.0
2015-03-12,453.5,0.0
2015-03-13,448.0,0.0
2015-03-16,432.0,0.0
2015-03-17,430.0,0.0
2015-03-18,435.5,0.0
2015-03-19,434.0,0.0
2015-03-20,436.0,0.0
2015-03-23,438.5,0.0
2015-03-24,446.0,0.0
2015-03-25,443.0,0.0
2015-03-26,440.0,0.0
2015-03-27,419.0,0.0
2015-03-30,418.0,0.0
2015-03-31,423.5,0.0
2015-04-01,419.5,0.0
2015-04-02,412.0,0.0
2015-04-07,421.0,0.0
2015-04-08,421.0,0.0
2015-04-09,422.0,0.0
2015-04-10,421.5,0.0
2015-04-13,419.5,0.0
2015-04-14,415.0,0.0
2015-04-15,398.5,0.0
2015-04-16,409.0,0.0
2015-04-17,401.0,0.0
2015-04-20,390.0,0.0
2015-04-21,391.0,0.0
2015-04-22,402.0,0.0
2015-04-23,403.0,0.0
2015-04-24,419.0,0.0
2015-04-27,410.5,0.0
2015-04-28,399.0,0.0
2015-04-29,400.5,0.0
2015-04-30,395.0,0.0
2015-05-04,380.0,0.0
2015-05-05,374.5,0.0
2015-05-06,370.0,0.0
2015-05-07,368.5,0.0
2015-05-08,376.5,0.0
2015-05-11,370.0,0.0
2015-05-12,371.5,0.0
2015-05-13,397.5,0.0
2015-05-14,393.0,0.0
2015-05-15,390.0,0.0
2015-05-18,391.5,0.0
2015-05-19,392.0,0.0
2015-05-20,399.5,0.0
2015-05-21,400.0,0.0
2015-05-22,410.0,0.0
2015-05-25,397.5,0.0
2015-05-26,399.5,0.0
2015-05-27,400.0,0.0
2015-05-28,409.0,0.0
2015-05-29,414.5,0.0
2015-06-01,410.0,0.0
2015-06-02,410.0,0.0
2015-06-03,410.0,0.0
2015-06-04,403.0,0.0
2015-06-05,400.5,0.0
2015-06-08,400.5,0.0
2015-06-09,401.5,0.0
2015-06-10,403.5,0.0
2015-06-11,403.5,0.0
2015-06-12,416.0,0.0
2015-06-15,409.0,0.0
2015-06-16,412.5,0.0
2015-06-17,424.5,0.0
2015-06-18,422.5,0.0
2015-06-22,434.0,0.0
2015-06-23,426.0,0.0
2015-06-24,421.5,0.0
2015-06-25,432.5,0.0
2015-06-26,425.0,0.0
2015-06-29,426.0,0.0
2015-06-30,422.0,0.0
2015-07-01,427.5,0.0
2015-07-02,421.0,0.0
2015-07-03,426.0,0.0
2015-07-06,419.0,0.0
2015-07-07,418.0,0.0
2015-07-08,403.0,0.0
2015-07-09,400.0,0.0
2015-07-10,400.0,0.0
2015-07-13,398.0,0.0
2015-07-14,389.0,0.0
2015-07-15,373.0,21.99993
2015-07-16,369.0,0.0
2015-07-17,365.0,0.0
2015-07-20,346.5,0.0
2015-07-21,357.0,0.0
2015-07-22,350.5,0.0
2015-07-23,342.0,0.0
2015-07-24,326.0,0.0
2015-07-27,317.5,0.0
2015-07-28,321.5,0.0
2015-07-29,322.5,0.0
2015-07-30,327.0,0.0
2015-07-31,332.0,0.0
2015-08-03,299.0,0.0
2015-08-04,280.0,0.0
2015-08-05,270.0,0.0
2015-08-06,275.0,0.0
2015-08-07,278.0,0.0
2015-08-10,288.0,0.0
2015-08-11,284.0,0.0
2015-08-12,280.0,0.0
2015-08-13,279.5,0.0
2015-08-14,270.0,0.0
2015-08-17,265.0,0.0
2015-08-18,267.0,0.0
2015-08-19,261.0,0.0
2015-08-20,260.0,0.0
2015-08-21,254.0,0.0
2015-08-24,229.0,0.0
2015-08-25,235.0,0.0
2015-08-26,229.5,0.0
2015-08-27,230.0,0.0
2015-08-28,253.0,0.0
2015-08-31,251.0,0.0
2015-09-01,245.0,0.0
2015-09-02,243.0,0.0
2015-09-03,242.0,0.0
2015-09-04,242.0,0.0
2015-09-07,246.5,0.0
2015-09-08,255.0,0.0
2015-09-09,280.0,0.0
2015-09-10,273.0,0.0
2015-09-11,277.0,0.0
2015-09-14,277.0,0.0
2015-09-15,271.0,0.0
2015-09-16,276.0,0.0
2015-09-17,277.0,0.0
2015-09-18,278.5,0.0
2015-09-21,263.5,0.0
2015-09-22,260.0,0.0
2015-09-23,251.0,0.0
2015-09-24,236.0,0.0
2015-09-25,237.0,0.0
2015-09-29,237.0,0.0
2015-09-30,243.5,0.0
2015-10-01,250.5,0.0
2015-10-02,249.5,0.0
2015-10-05,243.0,0.0
2015-10-06,245.0,0.0
2015-10-07,258.0,0.0
2015-10-08,265.5,0.0
2015-10-12,266.5,0.0
2015-10-13,277.0,0.0
2015-10-14,272.5,0.0
2015-10-15,276.0,0.0
2015-10-16,276.0,0.0
2015-10-19,274.0,0.0
2015-10-20,275.0,0.0
2015-10-21,264.5,0.0
2015-10-22,267.0,0.0
2015-10-23,267.0,0.0
2015-10-26,271.5,0.0
2015-10-27,264.5,0.0
2015-10-28,256.0,0.0
2015-10-29,253.0,0.0
2015-10-30,254.5,0.0
2015-11-02,270.0,0.0
2015-11-03,276.0,0.0
2015-11-04,302.5,0.0
2015-11-05,297.0,0.0
2015-11-06,288.0,0.0
2015-11-09,286.0,0.0
2015-11-10,285.5,0.0
2015-11-11,275.0,0.0
2015-11-12,272.0,0.0
2015-11-13,265.5,0.0
2015-11-16,270.5,0.0
2015-11-17,265.5,0.0
2015-11-18,258.0,0.0
2015-11-19,265.0,0.0
2015-11-20,261.5,0.0
2015-11-23,275.0,0.0
2015-11-24,268.0,0.0
2015-11-25,262.5,0.0
2015-11-26,274.0,0.0
2015-11-27,267.0,0.0
2015-11-30,260.5,0.0
2015-12-01,261.0,0.0
2015-12-02,269.0,0.0
2015-12-03,274.0,0.0
2015-12-04,269.0,0.0
2015-12-07,275.0,0.0
2015-12-08,270.0,0.0
2015-12-09,264.0,0.0
2015-12-10,260.0,0.0
2015-12-11,257.5,0.0
2015-12-14,255.0,0.0
2015-12-15,259.0,0.0
2015-12-16,253.0,0.0
2015-12-17,259.0,0.0
2015-12-18,259.0,0.0
2015-12-21,254.0,0.0
2015-12-22,260.5,0.0
2015-12-23,257.0,0.0
2015-12-24,254.5,0.0
2015-12-25,256.5,0.0
2015-12-28,259.5,0.0
2015-12-29,250.0,0.0
2015-12-30,248.5,0.0
2015-12-31,250.0,0.0
2016-01-04,245.0,0.0
2016-01-05,242.5,0.0
2016-01-06,227.0,0.0
2016-01-07,206.0,0.0
2016-01-08,213.5,0.0
2016-01-11,209.0,0.0
2016-01-12,206.5,0.0
2016-01-13,206.5,0.0
2016-01-14,208.0,0.0
2016-01-15,205.0,0.0
2016-01-18,210.0,0.0
2016-01-19,216.5,0.0
2016-01-20,210.0,0.0
2016-01-21,210.0,0.0
2016-01-22,212.0,0.0
2016-01-25,214.5,0.0
2016-01-26,209.0,0.0
2016-01-27,211.0,0.0
2016-01-28,208.0,0.0
2016-01-29,214.0,0.0
2016-02-01,210.0,0.0
2016-02-02,212.0,0.0
2016-02-03,200.0,0.0
2016-02-15,205.5,0.0
2016-02-16,211.5,0.0
2016-02-17,210.0,0.0
2016-02-18,220.0,0.0
2016-02-19,220.5,0.0
2016-02-22,229.0,0.0
2016-02-23,231.0,0.0
2016-02-24,227.0,0.0
2016-02-25,234.5,0.0
2016-02-26,236.0,0.0
2016-03-01,232.5,0.0
2016-03-02,234.0,0.0
2016-03-03,240.0,0.0
2016-03-04,240.0,0.0
2016-03-07,235.0,0.0
2016-03-08,235.0,0.0
2016-03-09,238.5,0.0
2016-03-10,232.5,0.0
2016-03-11,241.0,0.0
2016-03-14,260.0,0.0
2016-03-15,248.0,0.0
2016-03-16,252.5,0.0
2016-03-17,252.5,0.0
2016-03-18,258.0,0.0
2016-03-21,257.0,0.0
2016-03-22,248.0,0.0
2016-03-23,243.5,0.0
2016-03-24,246.0,0.0
2016-03-25,243.5,0.0
2016-03-28,240.0,0.0
2016-03-29,244.0,0.0
2016-03-30,249.5,0.0
2016-03-31,247.0,0.0
2016-04-01,241.0,0.0
2016-04-06,231.0,0.0
2016-04-07,229.0,0.0
2016-04-08,229.5,0.0
2016-04-11,232.0,0.0
2016-04-12,222.0,0.0
2016-04-13,225.5,0.0
2016-04-14,231.0,0.0
2016-04-15,234.0,0.0
2016-04-18,234.5,0.0
2016-04-19,232.5,0.0
2016-04-20,232.0,0.0
2016-04-21,234.0,0.0
2016-04-22,230.0,0.0
2016-04-25,228.0,0.0
2016-04-26,236.5,0.0
2016-04-27,242.0,0.0
2016-04-28,236.0,0.0
2016-04-29,230.0,0.0
2016-05-03,211.0,0.0
2016-05-04,201.5,0.0
2016-05-05,203.0,0.0
2016-05-06,192.0,0.0
2016-05-09,196.0,0.0
2016-05-10,204.0,0.0
2016-05-11,200.0,0.0
2016-05-12,200.0,0.0
2016-05-13,200.0,0.0
2016-05-16,201.5,0.0
2016-05-17,202.5,0.0
2016-05-18,203.5,0.0
2016-05-19,200.0,0.0
2016-05-20,202.0,0.0
2016-05-23,210.0,0.0
2016-05-24,209.0,0.0
2016-05-25,211.0,0.0
2016-05-26,214.0,0.0
2016-05-27,212.5,0.0
2016-05-30,216.5,0.0
2016-05-31,220.0,0.0
2016-06-01,222.0,0.0
2016-06-02,215.0,0.0
2016-06-03,219.0,0.0
2016-06-06,229.5,0.0
2016-06-07,233.0,0.0
2016-06-08,230.0,0.0
2016-06-13,220.0,0.0
2016-06-14,225.0,0.0
2016-06-15,230.5,0.0
2016-06-16,226.0,0.0
2016-06-17,227.0,0.0
2016-06-20,227.5,0.0
2016-06-21,229.5,0.0
2016-06-22,229.0,0.0
2016-06-23,228.0,0.0
2016-06-24,223.5,0.0
2016-06-27,226.5,0.0
2016-06-28,229.0,0.0
2016-06-29,237.5,0.0
2016-06-30,244.0,0.0
2016-07-01,245.0,0.0
2016-07-04,255.5,0.0
2016-07-05,245.0,0.0
2016-07-06,237.0,0.0
2016-07-07,238.0,0.0
2016-07-08,238.0,0.0
2016-07-11,247.0,0.0
2016-07-12,248.0,0.0
2016-07-13,247.0,0.0
2016-07-14,246.0,0.0
2016-07-15,239.5,11.0
2016-07-18,240.0,0.0
2016-07-19,240.0,0.0
2016-07-20,238.0,0.0
2016-07-21,235.5,0.0
2016-07-22,236.0,0.0
2016-07-25,236.0,0.0
2016-07-26,241.0,0.0
2016-07-27,240.0,0.0
2016-07-28,244.0,0.0
2016-07-29,243.5,0.0
2016-08-01,249.0,0.0
2016-08-02,250.0,0.0
2016-08-03,249.0,0.0
2016-08-04,242.5,0.0
2016-08-05,249.0,0.0
2016-08-08,248.5,0.0
2016-08-09,250.0,0.0
2016-08-10,250.0,0.0
2016-08-11,248.5,0.0
2016-08-12,249.0,0.0
2016-08-15,249.0,0.0
2016-08-16,249.5,0.0
2016-08-17,250.5,0.0
2016-08-18,250.0,0.0
2016-08-19,245.0,0.0
2016-08-22,243.0,0.0
2016-08-23,244.0,0.0
2016-08-24,241.0,0.0
2016-08-25,243.0,0.0
2016-08-26,243.5,0.0
2016-08-29,244.5,0.0
2016-08-30,249.5,0.0
2016-08-31,250.0,0.0
2016-09-01,250.5,0.0
2016-09-02,245.0,0.0
2016-09-05,256.5,0.0
2016-09-06,253.5,0.0
2016-09-07,254.0,0.0
2016-09-08,251.0,0.0
2016-09-09,245.0,0.0
2016-09-12,238.5,0.0
2016-09-13,239.5,0.0
2016-09-14,240.0,0.0
2016-09-19,242.0,0.0
2016-09-20,245.5,0.0
2016-09-21,246.0,0.0
2016-09-22,245.5,0.0
2016-09-23,246.5,0.0
2016-09-26,244.0,0.0
2016-09-27,244.0,0.0
2016-09-28,244.0,0.0
2016-09-29,245.0,0.0
2016-09-30,240.5,0.0
2016-10-03,241.0,0.0
2016-10-04,243.0,0.0
2016-10-05,247.0,0.0
2016-10-06,243.5,0.0
2016-10-07,241.0,0.0
2016-10-11,241.0,0.0
2016-10-12,240.0,0.0
2016-10-13,237.5,0.0
2016-10-14,236.5,0.0
2016-10-17,241.0,0.0
2016-10-18,240.0,0.0
2016-10-19,238.0,0.0
2016-10-20,236.0,0.0
2016-10-21,235.5,0.0
2016-10-24,238.0,0.0
2016-10-25,243.0,0.0
2016-10-26,240.5,0.0
2016-10-27,239.0,0.0
2016-10-28,237.5,0.0
2016-10-31,240.0,0.0
2016-11-01,237.5,0.0
2016-11-02,236.5,0.0
2016-11-03,236.5,0.0
2016-11-04,226.0,0.0
2016-11-07,231.0,0.0
2016-11-08,228.0,0.0
2016-11-09,220.5,0.0
2016-11-10,222.0,0.0
2016-11-11,215.0,0.0
2016-11-14,218.5,0.0
2016-11-15,216.0,0.0
2016-11-16,216.0,0.0
2016-11-17,221.5,0.0
2016-11-18,227.0,0.0
2016-11-21,223.0,0.0
2016-11-22,228.5,0.0
2016-11-23,226.0,0.0
2016-11-24,222.0,0.0
2016-11-25,221.5,0.0
2016-11-28,223.5,0.0
2016-11-29,221.5,0.0
2016-11-30,221.5,0.0
2016-12-01,224.5,0.0
2016-12-02,225.0,0.0
2016-12-05,223.5,0.0
2016-12-06,226.0,0.0
2016-12-07,225.0,0.0
2016-12-08,230.0,0.0
2016-12-09,230.5,0.0
2016-12-12,229.5,0.0
2016-12-13,228.5,0.0
2016-12-14,225.0,0.0
2016-12-15,228.0,0.0
2016-12-16,226.0,0.0
2016-12-19,224.0,0.0
2016-12-20,219.5,0.0
2016-12-21,216.5,0.0
2016-12-22,217.0,0.0
2016-12-23,216.5,0.0
2016-12-26,216.0,0.0
2016-12-27,218.0,0.0
2016-12-28,218.5,0.0
2016-12-29,216.5,0.0
2016-12-30,216.5,0.0
2017-01-03,218.0,0.0
2017-01-04,216.0,0.0
2017-01-05,218.0,0.0
2017-01-06,220.0,0.0
2017-01-09,217.0,0.0
2017-01-10,214.5,0.0
2017-01-11,215.5,0.0
2017-01-12,217.0,0.0
2017-01-13,215.0,0.0
2017-01-16,210.5,0.0
2017-01-17,213.5,0.0
2017-01-18,211.5,0.0
2017-01-19,213.0,0.0
2017-01-20,211.5,0.0
2017-01-23,214.5,0.0
2017-01-24,213.5,0.0
2017-02-02,204.5,0.0
2017-02-03,207.0,0.0
2017-02-06,212.0,0.0
2017-02-07,218.0,0.0
2017-02-08,213.5,0.0
2017-02-09,215.0,0.0
2017-02-10,215.5,0.0
2017-02-13,217.0,0.0
2017-02-14,217.0,0.0
2017-02-15,216.5,0.0
2017-02-16,217.0,0.0
2017-02-17,225.0,0.0
2017-02-20,224.5,0.0
2017-02-21,225.5,0.0
2017-02-22,225.5,0.0
2017-02-23,224.5,0.0
2017-02-24,224.0,0.0
2017-03-01,225.0,0.0
2017-03-02,223.5,0.0
2017-03-03,219.5,0.0
2017-03-06,218.0,0.0
2017-03-07,218.0,0.0
2017-03-08,222.0,0.0
2017-03-09,218.0,0.0
2017-03-10,222.0,0.0
2017-03-13,222.5,0.0
2017-03-14,223.0,0.0
2017-03-15,221.5,0.0
2017-03-16,224.5,0.0
2017-03-17,225.5,0.0
2017-03-20,226.0,0.0
2017-03-21,230.0,0.0
2017-03-22,227.5,0.0
2017-03-23,224.0,0.0
2017-03-24,223.0,0.0
2017-03-27,224.0,0.0
2017-03-28,223.0,0.0
2017-03-29,219.0,0.0
2017-03-30,218.5,0.0
2017-03-31,215.0,0.0
2017-04-05,220.0,0.0
2017-04-06,217.0,0.0
2017-04-07,216.5,0.0
2017-04-10,217.0,0.0
2017-04-11,212.0,0.0
2017-04-12,214.0,0.0
2017-04-13,213.0,0.0
2017-04-14,212.0,0.0
2017-04-17,211.0,0.0
2017-04-18,212.5,0.0
2017-04-19,214.0,0.0
2017-04-20,215.0,0.0
2017-04-21,215.0,0.0
2017-04-24,215.0,0.0
2017-04-25,215.0,0.0
2017-04-26,213.5,0.0
2017-04-27,217.0,0.0
2017-04-28,217.0,0.0
2017-05-02,221.5,0.0
2017-05-03,218.5,0.0
2017-05-04,218.0,0.0
2017-05-05,216.0,0.0
2017-05-08,212.5,0.0
2017-05-09,208.0,0.0
2017-05-10,209.0,0.0
2017-05-11,213.5,0.0
2017-05-12,214.5,0.0
2017-05-15,214.5,0.0
2017-05-16,211.5,0.0
2017-05-17,213.0,0.0
2017-05-18,213.0,0.0
2017-05-19,212.5,0.0
2017-05-22,209.0,0.0
2017-05-23,208.0,0.0
2017-05-24,216.5,0.0
2017-05-25,228.5,0.0
2017-05-26,229.5,0.0
2017-05-31,230.0,0.0
2017-06-01,228.0,0.0
2017-06-02,234.0,0.0
2017-06-05,243.0,0.0
2017-06-06,245.0,0.0
2017-06-07,252.0,0.0
2017-06-08,254.0,0.0
2017-06-09,250.5,0.0
2017-06-12,248.5,0.0
2017-06-13,247.0,0.0
2017-06-14,250.0,0.0
2017-06-15,251.0,0.0
2017-06-16,253.0,0.0
2017-06-19,255.5,0.0
2017-06-20,257.5,0.0
2017-06-21,269.5,0.0
2017-06-22,271.0,0.0
2017-06-23,265.5,0.0
2017-06-26,269.5,0.0
2017-06-27,270.0,0.0
2017-06-28,264.0,0.0
2017-06-29,267.5,0.0
2017-06-30,260.5,0.0
2017-07-03,267.5,0.0
2017-07-04,263.5,0.0
2017-07-05,265.0,0.0
2017-07-06,253.0,8.0
2017-07-07,250.0,0.0
2017-07-10,247.0,0.0
2017-07-11,254.0,0.0
2017-07-12,254.5,0.0
2017-07-13,252.0,0.0
2017-07-14,254.5,0.0
2017-07-17,254.5,0.0
2017-07-18,251.0,0.0
2017-07-19,261.0,0.0
2017-07-20,259.0,0.0
2017-07-21,255.5,0.0
2017-07-24,253.5,0.0
2017-07-25,256.0,0.0
2017-07-26,259.0,0.0
2017-07-27,263.0,0.0
2017-07-28,266.5,0.0
2017-07-31,266.0,0.0
2017-08-01,292.5,0.0
2017-08-02,300.0,0.0
2017-08-03,291.0,0.0
2017-08-04,290.0,0.0
2017-08-07,289.0,0.0
2017-08-08,287.0,0.0
2017-08-09,284.0,0.0
2017-08-10,280.0,0.0
2017-08-11,286.0,0.0
2017-08-14,280.0,0.0
2017-08-15,271.5,0.0
2017-08-16,273.0,0.0
2017-08-17,272.0,0.0
2017-08-18,267.5,0.0
2017-08-21,272.0,0.0
2017-08-22,270.5,0.0
2017-08-23,271.0,0.0
2017-08-24,273.0,0.0
2017-08-25,269.0,0.0
2017-08-28,271.5,0.0
2017-08-29,267.0,0.0
2017-08-30,268.5,0.0
2017-08-31,270.5,0.0
2017-09-01,272.0,0.0
2017-09-04,271.0,0.0
2017-09-05,279.5,0.0
2017-09-06,271.5,0.0
2017-09-07,272.5,0.0
2017-09-08,274.5,0.0
2017-09-11,279.0,0.0
2017-09-12,275.5,0.0
2017-09-13,275.0,0.0
2017-09-14,287.0,0.0
2017-09-15,292.0,0.0
2017-09-18,292.5,0.0
2017-09-19,293.0,0.0
2017-09-20,290.0,0.0
2017-09-21,293.5,0.0
2017-09-22,286.0,0.0
2017-09-25,285.5,0.0
2017-09-26,282.0,0.0
2017-09-27,287.5,0.0
2017-09-28,291.0,0.0
2017-09-29,284.5,0.0
2017-10-02,288.0,0.0
2017-10-03,288.0,0.0
2017-10-05,285.0,0.0
2017-10-06,291.0,0.0
2017-10-11,306.0,0.0
2017-10-12,303.5,0.0
2017-10-13,322.0,0.0
2017-10-16,326.0,0.0
2017-10-17,321.0,0.0
2017-10-18,314.5,0.0
2017-10-19,316.5,0.0
2017-10-20,313.0,0.0
2017-10-23,320.5,0.0
2017-10-24,321.5,0.0
2017-10-25,328.0,0.0
2017-10-26,338.5,0.0
2017-10-27,330.0,0.0
2017-10-30,334.5,0.0
2017-10-31,342.5,0.0
2017-11-01,338.0,0.0
2017-11-02,336.0,0.0
2017-11-03,335.0,0.0
2017-11-06,328.0,0.0
2017-11-07,337.5,0.0
2017-11-08,336.5,0.0
2017-11-09,331.0,0.0
2017-11-10,326.0,0.0
2017-11-13,317.5,0.0
2017-11-14,326.0,0.0
2017-11-15,322.0,0.0
2017-11-16,320.5,0.0
2017-11-17,329.5,0.0
2017-11-20,320.0,0.0
2017-11-21,322.0,0.0
2017-11-22,327.0,0.0
2017-11-23,327.0,0.0
2017-11-24,326.0,0.0
2017-11-27,330.5,0.0
2017-11-28,331.0,0.0
2017-11-29,334.5,0.0
2017-11-30,326.0,0.0
2017-12-01,315.0,0.0
2017-12-04,320.0,0.0
2017-12-05,318.0,0.0
2017-12-06,286.5,0.0
2017-12-07,287.5,0.0
2017-12-08,296.0,0.0
2017-12-11,299.5,0.0
2017-12-12,296.0,0.0
2017-12-13,291.0,0.0
2017-12-14,289.5,0.0
2017-12-15,285.0,0.0
2017-12-18,287.5,0.0
2017-12-19,294.0,0.0
2017-12-20,292.5,0.0
2017-12-21,290.0,0.0
2017-12-22,290.5,0.0
2017-12-25,287.0,0.0
2017-12-26,280.0,0.0
2017-12-27,283.0,0.0
2017-12-28,286.0,0.0
2017-12-29,294.0,0.0
2018-01-02,291.5,0.0
2018-01-03,300.5,0.0
2018-01-04,307.0,0.0
2018-01-05,300.0,0.0
2018-01-08,298.0,0.0
2018-01-09,304.0,0.0
2018-01-10,309.5,0.0
2018-01-11,306.0,0.0
2018-01-12,309.5,0.0
2018-01-15,313.0,0.0
2018-01-16,312.0,0.0
2018-01-17,306.5,0.0
2018-01-18,319.5,0.0
2018-01-19,319.0,0.0
2018-01-22,319.0,0.0
2018-01-23,318.0,0.0
2018-01-24,307.5,0.0
2018-01-25,305.5,0.0
2018-01-26,308.0,0.0
2018-01-29,308.0,0.0
2018-01-30,299.0,0.0
2018-01-31,299.0,0.0
2018-02-01,307.0,0.0
2018-02-02,304.5,0.0
2018-02-05,299.0,0.0
2018-02-06,286.5,0.0
2018-02-07,284.5,0.0
2018-02-08,286.0,0.0
2018-02-09,283.0,0.0
2018-02-12,285.0,0.0
2018-02-21,304.5,0.0
2018-02-22,302.0,0.0
2018-02-23,300.5,0.0
2018-02-26,296.5,0.0
2018-02-27,301.0,0.0
2018-03-01,299.5,0.0
2018-03-02,302.5,0.0
2018-03-05,295.0,0.0
2018-03-06,301.0,0.0
2018-03-07,300.0,0.0
2018-03-08,309.5,0.0
2018-03-09,310.5,0.0
2018-03-12,317.0,0.0
2018-03-13,319.0,0.0
2018-03-14,313.5,0.0
2018-03-15,318.0,0.0
2018-03-16,317.0,0.0
2018-03-19,334.0,0.0
2018-03-20,342.5,0.0
2018-03-21,336.0,0.0
2018-03-22,336.0,0.0
2018-03-23,328.0,0.0
2018-03-26,347.0,0.0
2018-03-27,342.5,0.0
2018-03-28,333.0,0.0
2018-03-29,331.0,0.0
2018-03-30,340.0,0.0
2018-04-02,336.5,0.0
2018-04-03,328.0,0.0
2018-04-09,327.5,0.0
2018-04-10,327.0,0.0
2018-04-11,339.0,0.0
2018-04-12,331.5,0.0
2018-04-13,336.0,0.0
2018-04-16,342.0,0.0
2018-04-17,340.0,0.0
2018-04-18,362.0,0.0
2018-04-19,360.5,0.0
2018-04-20,354.5,0.0
2018-04-23,350.5,0.0
2018-04-24,341.5,0.0
2018-04-25,337.0,0.0
2018-04-26,323.5,0.0
2018-04-27,339.5,0.0
2018-04-30,340.0,0.0
2018-05-02,331.0,0.0
2018-05-03,320.0,0.0
2018-05-04,325.5,0.0
2018-05-07,318.5,0.0
2018-05-08,325.0,0.0
2018-05-09,328.0,0.0
2018-05-10,329.5,0.0
2018-05-11,319.5,0.0
2018-05-14,320.0,0.0
2018-05-15,319.0,0.0
2018-05-16,319.0,0.0
2018-05-17,310.0,0.0
2018-05-18,313.0,0.0
2018-05-21,314.0,0.0
2018-05-22,320.5,0.0
2018-05-23,320.0,0.0
2018-05-24,322.0,0.0
2018-05-25,324.0,0.0
2018-05-28,318.5,0.0
2018-05-29,315.0,0.0
2018-05-30,310.0,0.0
2018-05-31,311.5,0.0
2018-06-01,319.0,0.0
2018-06-04,329.5,0.0
2018-06-05,325.0,0.0
2018-06-06,331.0,0.0
2018-06-07,331.0,0.0
2018-06-08,330.0,0.0
2018-06-11,332.5,0.0
2018-06-12,324.0,0.0
2018-06-13,320.5,0.0
2018-06-14,315.0,0.0
2018-06-15,315.0,0.0
2018-06-19,312.0,0.0
2018-06-20,310.0,0.0
2018-06-21,312.0,0.0
2018-06-22,310.5,0.0
2018-06-25,310.0,0.0
2018-06-26,296.5,0.0
2018-06-27,296.5,0.0
2018-06-28,297.0,0.0
2018-06-29,300.0,0.0
2018-07-02,305.0,0.0
2018-07-03,304.5,0.0
2018-07-04,298.0,0.0
2018-07-05,281.5,0.0
2018-07-06,285.0,0.0
2018-07-09,272.5,10.0
2018-07-10,280.0,0.0
2018-07-11,276.0,0.0
2018-07-12,283.0,0.0
2018-07-13,285.0,0.0
2018-07-16,282.5,0.0
2018-07-17,285.5,0.0
2018-07-18,281.0,0.0
2018-07-19,284.0,0.0
2018-07-20,280.0,0.0
2018-07-23,271.5,0.0
2018-07-24,255.0,0.0
2018-07-25,262.5,0.0
2018-07-26,263.0,0.0
2018-07-27,267.5,0.0
2018-07-30,260.0,0.0
2018-07-31,254.0,0.0
2018-08-01,275.0,0.0
2018-08-02,269.0,0.0
2018-08-03,274.0,0.0
2018-08-06,273.0,0.0
2018-08-07,275.5,0.0
2018-08-08,277.5,0.0
2018-08-09,275.0,0.0
2018-08-10,274.5,0.0
2018-08-13,263.5,0.0
2018-08-14,265.0,0.0
2018-08-15,260.0,0.0
2018-08-16,247.5,0.0
2018-08-17,247.0,0.0
2018-08-20,247.0,0.0
2018-08-21,245.5,0.0
2018-08-22,247.5,0.0
2018-08-23,253.0,0.0
2018-08-24,250.0,0.0
2018-08-27,247.5,0.0
2018-08-28,252.0,0.0
2018-08-29,256.0,0.0
2018-08-30,256.0,0.0
2018-08-31,251.5,0.0
2018-09-03,249.5,0.0
2018-09-04,253.5,0.0
2018-09-05,254.0,0.0
2018-09-06,255.0,0.0
2018-09-07,248.0,0.0
2018-09-10,242.5,0.0
2018-09-11,244.0,0.0
2018-09-12,244.0,0.0
2018-09-13,242.0,0.0
2018-09-14,245.5,0.0
2018-09-17,243.5,0.0
2018-09-18,244.5,0.0
2018-09-19,245.0,0.0
2018-09-20,238.0,0.0
2018-09-21,243.0,0.0
2018-09-25,243.5,0.0
2018-09-26,241.5,0.0
2018-09-27,241.5,0.0
2018-09-28,246.5,0.0
2018-10-01,250.0,0.0
2018-10-02,245.0,0.0
2018-10-03,246.0,0.0
2018-10-04,242.0,0.0
2018-10-05,234.5,0.0
2018-10-08,233.5,0.0
2018-10-09,228.5,0.0
2018-10-11,210.5,0.0
2018-10-12,220.0,0.0
2018-10-15,221.0,0.0
2018-10-16,222.0,0.0
2018-10-17,224.5,0.0
2018-10-18,225.0,0.0
2018-10-19,222.5,0.0
2018-10-22,221.5,0.0
2018-10-23,214.0,0.0
2018-10-24,214.0,0.0
2018-10-25,210.0,0.0
2018-10-26,202.0,0.0
2018-10-29,208.0,0.0
2018-10-30,207.0,0.0
2018-10-31,227.5,0.0
2018-11-01,223.5,0.0
2018-11-02,227.5,0.0
2018-11-05,230.0,0.0
2018-11-06,230.0,0.0
2018-11-07,235.0,0.0
2018-11-08,235.0,0.0
2018-11-09,228.5,0.0
2018-11-12,234.5,0.0
2018-11-13,231.0,0.0
2018-11-14,230.0,0.0
2018-11-15,231.5,0.0
2018-11-16,220.0,0.0
2018-11-19,223.5,0.0
2018-11-20,225.0,0.0
2018-11-21,223.0,0.0
2018-11-22,222.5,0.0
2018-11-23,222.0,0.0
2018-11-26,228.0,0.0
2018-11-27,232.0,0.0
2018-11-28,236.5,0.0
2018-11-29,231.5,0.0
2018-11-30,237.5,0.0
2018-12-03,245.5,0.0
2018-12-04,252.0,0.0
2018-12-05,244.5,0.0
2018-12-06,229.5,0.0
2018-12-07,233.5,0.0
2018-12-10,229.0,0.0
2018-12-11,228.0,0.0
2018-12-12,233.0,0.0
2018-12-13,237.5,0.0
2018-12-14,236.0,0.0
2018-12-17,235.0,0.0
2018-12-18,234.5,0.0
2018-12-19,236.0,0.0
2018-12-20,225.0,0.0
2018-12-21,223.5,0.0
2018-12-24,225.0,0.0
2018-12-25,221.0,0.0
2018-12-26,220.0,0.0
2018-12-27,225.0,0.0
2018-12-28,229.5,0.0
2019-01-02,220.5,0.0
2019-01-03,223.5,0.0
2019-01-04,217.0,0.0
2019-01-07,219.0,0.0
2019-01-08,222.0,0.0
2019-01-09,226.0,0.0
2019-01-10,226.0,0.0
2019-01-11,227.5,0.0
2019-01-14,231.5,0.0
2019-01-15,233.0,0.0
2019-01-16,237.0,0.0
2019-01-17,237.0,0.0
2019-01-18,244.0,0.0
2019-01-21,244.5,0.0
2019-01-22,242.0,0.0
2019-01-23,241.0,0.0
2019-01-24,244.5,0.0
2019-01-25,248.0,0.0
2019-01-28,248.5,0.0
2019-01-29,245.5,0.0
2019-01-30,243.0,0.0
2019-02-11,259.5,0.0
2019-02-12,257.5,0.0
2019-02-13,259.0,0.0
2019-02-14,255.5,0.0
2019-02-15,252.0,0.0
2019-02-18,253.5,0.0
2019-02-19,250.0,0.0
2019-02-20,255.5,0.0
2019-02-21,259.0,0.0
2019-02-22,264.0,0.0
2019-02-25,282.5,0.0
2019-02-26,276.5,0.0
2019-02-27,280.0,0.0
2019-03-04,277.0,0.0
2019-03-05,273.0,0.0
2019-03-06,280.0,0.0
2019-03-07,274.0,0.0
2019-03-08,267.5,0.0
2019-03-11,270.0,0.0
2019-03-12,270.5,0.0
2019-03-13,273.0,0.0
2019-03-14,272.5,0.0
2019-03-15,276.0,0.0
2019-03-18,278.0,0.0
2019-03-19,275.5,0.0
2019-03-20,274.5,0.0
2019-03-21,277.5,0.0
2019-03-22,284.0,0.0
2019-03-25,276.5,0.0
2019-03-26,281.0,0.0
2019-03-27,279.5,0.0
2019-03-28,276.5,0.0
2019-03-29,282.5,0.0
2019-04-01,285.5,0.0
2019-04-02,290.5,0.0
2019-04-03,290.5,0.0
2019-04-08,294.5,0.0
2019-04-09,299.5,0.0
2019-04-10,300.0,0.0
2019-04-11,291.5,0.0
2019-04-12,293.5,0.0
2019-04-15,296.5,0.0
2019-04-16,300.0,0.0
2019-04-17,288.5,0.0
2019-04-18,291.0,0.0
2019-04-19,290.0,0.0
2019-04-22,289.0,0.0
2019-04-23,290.0,0.0
2019-04-24,289.5,0.0
2019-04-25,288.0,0.0
2019-04-26,290.0,0.0
2019-04-29,287.5,0.0
2019-04-30,295.5,0.0
2019-05-02,298.0,0.0
2019-05-03,309.0,0.0
2019-05-06,306.0,0.0
2019-05-07,311.0,0.0
2019-05-08,310.0,0.0
2019-05-09,300.0,0.0
2019-05-10,298.5,0.0
2019-05-13,286.5,0.0
2019-05-14,289.0,0.0
2019-05-15,290.0,0.0
2019-05-16,288.0,0.0
2019-05-17,291.0,0.0
2019-05-20,290.0,0.0
2019-05-21,290.5,0.0
2019-05-22,287.5,0.0
2019-05-23,292.0,0.0
2019-05-24,287.0,0.0
2019-05-27,281.0,0.0
2019-05-28,280.5,0.0
2019-05-29,280.5,0.0
2019-05-30,296.5,0.0
2019-05-31,311.0,0.0
2019-06-03,314.0,0.0
2019-06-04,311.0,0.0
2019-06-05,313.0,0.0
2019-06-06,307.0,0.0
2019-06-10,316.0,0.0
2019-06-11,308.0,0.0
2019-06-12,309.5,0.0
2019-06-13,309.5,0.0
2019-06-14,307.0,0.0
2019-06-17,300.5,0.0
2019-06-18,308.5,0.0
2019-06-19,308.5,0.0
2019-06-20,310.0,0.0
2019-06-21,313.5,0.0
2019-06-24,315.5,0.0
2019-06-25,311.5,0.0
2019-06-26,310.5,0.0
2019-06-27,313.0,0.0
2019-06-28,314.0,0.0
2019-07-01,314.0,0.0
2019-07-02,319.0,0.0
2019-07-03,317.5,0.0
2019-07-04,319.0,0.0
2019-07-05,321.0,0.0
2019-07-08,314.0,9.0
2019-07-09,313.5,0.0
2019-07-10,318.0,0.0
2019-07-11,322.5,0.0
2019-07-12,318.0,0.0
2019-07-15,314.5,0.0
2019-07-16,314.0,0.0
2019-07-17,310.0,0.0
2019-07-18,302.0,0.0
2019-07-19,304.5,0.0
2019-07-22,308.5,0.0
2019-07-23,314.5,0.0
2019-07-24,308.0,0.0
2019-07-25,313.0,0.0
2019-07-26,313.5,0.0
2019-07-29,319.0,0.0
2019-07-30,325.5,0.0
2019-07-31,314.5,0.0
2019-08-01,314.0,0.0
2019-08-02,316.0,0.0
2019-08-05,312.0,0.0
2019-08-06,309.0,0.0
2019-08-07,318.0,0.0
2019-08-08,316.5,0.0
2019-08-12,323.0,0.0
2019-08-13,318.0,0.0
2019-08-14,319.5,0.0
2019-08-15,316.5,0.0
2019-08-16,322.0,0.0
2019-08-19,353.0,0.0
2019-08-20,351.0,0.0
2019-08-21,347.0,0.0
2019-08-22,345.0,0.0
2019-08-23,342.5,0.0
2019-08-26,343.0,0.0
2019-08-27,345.5,0.0
2019-08-28,366.0,0.0
2019-08-29,365.5,0.0
2019-08-30,367.5,0.0
2019-09-02,370.5,0.0
2019-09-03,364.0,0.0
2019-09-04,365.0,0.0
2019-09-05,367.5,0.0
2019-09-06,374.5,0.0
2019-09-10,378.0,0.0
2019-09-11,374.5,0.0
2019-09-12,375.0,0.0
2019-09-16,382.0,0.0
2019-09-17,383.0,0.0
2019-09-18,382.0,0.0
2019-09-19,380.5,0.0
2019-09-20,386.5,0.0
2019-09-23,388.0,0.0
2019-09-24,387.0,0.0
2019-09-25,380.0,0.0
2019-09-26,376.0,0.0
2019-09-27,369.0,0.0
2019-10-01,376.5,0.0
2019-10-02,372.0,0.0
2019-10-03,379.5,0.0
2019-10-04,385.5,0.0
2019-10-07,384.0,0.0
2019-10-08,384.5,0.0
2019-10-09,372.0,0.0
2019-10-14,370.5,0.0
2019-10-15,367.0,0.0
2019-10-16,360.0,0.0
2019-10-17,371.0,0.0
2019-10-18,370.0,0.0
2019-10-21,369.0,0.0
2019-10-22,371.5,0.0
2019-10-23,372.0,0.0
2019-10-24,381.5,0.0
2019-10-25,379.0,0.0
2019-10-28,387.0,0.0
2019-10-29,393.0,0.0
2019-10-30,396.5,0.0
2019-10-31,408.0,0.0
2019-11-01,405.0,0.0
2019-11-04,412.0,0.0
2019-11-05,425.0,0.0
2019-11-06,434.0,0.0
2019-11-07,425.0,0.0
2019-11-08,414.0,0.0
2019-11-11,403.5,0.0
2019-11-12,410.0,0.0
2019-11-13,408.0,0.0
2019-11-14,410.5,0.0
2019-11-15,422.0,0.0
2019-11-18,419.5,0.0
2019-11-19,421.0,0.0
2019-11-20,414.5,0.0
2019-11-21,407.0,0.0
2019-11-22,411.0,0.0
2019-11-25,418.5,0.0
2019-11-26,420.0,0.0
2019-11-27,422.5,0.0
2019-11-28,431.5,0.0
2019-11-29,421.5,0.0
2019-12-02,416.5,0.0
2019-12-03,418.0,0.0
2019-12-04,424.5,0.0
2019-12-05,420.0,0.0
2019-12-06,415.0,0.0
2019-12-09,426.5,0.0
2019-12-10,425.0,0.0
2019-12-11,429.0,0.0
2019-12-12,427.5,0.0
2019-12-13,432.5,0.0
2019-12-16,442.0,0.0
2019-12-17,460.5,0.0
2019-12-18,456.5,0.0
2019-12-19,454.5,0.0
2019-12-20,446.0,0.0
2019-12-23,449.0,0.0
2019-12-24,445.0,0.0
2019-12-25,452.0,0.0
2019-12-26,449.0,0.0
2019-12-27,446.5,0.0
2019-12-30,446.5,0.0
2019-12-31,443.5,0.0
2020-01-02,441.5,0.0
2020-01-03,434.5,0.0
2020-01-06,424.0,0.0
2020-01-07,426.0,0.0
2020-01-08,430.5,0.0
2020-01-09,437.0,0.0
2020-01-10,432.0,0.0
2020-01-13,422.0,0.0
2020-01-14,416.0,0.0
2020-01-15,416.0,0.0
2020-01-16,421.0,0.0
2020-01-17,420.5,0.0
2020-01-20,419.0,0.0
2020-01-30,383.5,0.0
2020-01-31,388.0,0.0
2020-02-03,382.0,0.0
2020-02-04,390.5,0.0
2020-02-05,381.0,0.0
2020-02-06,382.0,0.0
2020-02-07,381.0,0.0
2020-02-10,380.0,0.0
2020-02-11,390.0,0.0
2020-02-12,401.5,0.0
2020-02-13,408.5,0.0
2020-02-14,405.5,0.0
2020-02-17,398.0,0.0
2020-02-18,392.0,0.0
2020-02-19,388.5,0.0
2020-02-20,394.0,0.0
2020-02-21,388.0,0.0
2020-02-24,377.0,0.0
2020-02-25,378.5,0.0
2020-02-26,375.0,0.0
2020-02-27,360.0,0.0
2020-03-02,363.0,0.0
2020-03-03,372.0,0.0
2020-03-04,370.5,0.0
2020-03-05,385.0,0.0
2020-03-06,378.5,0.0
2020-03-09,366.5,0.0
2020-03-10,373.5,0.0
2020-03-11,363.0,0.0
2020-03-12,336.0,0.0
2020-03-13,341.0,0.0
2020-03-16,320.0,0.0
2020-03-17,315.5,0.0
2020-03-18,301.5,0.0
2020-03-19,274.0,0.0
2020-03-20,301.0,0.0
2020-03-23,308.0,0.0
2020-03-24,330.0,0.0
2020-03-25,334.5,0.0
2020-03-26,343.5,0.0
2020-03-27,340.0,0.0
2020-03-30,336.5,0.0
2020-03-31,327.5,0.0
2020-04-01,334.0,0.0
2020-04-06,341.0,0.0
2020-04-07,347.0,0.0
2020-04-08,349.5,0.0
2020-04-09,351.5,0.0
2020-04-10,350.0,0.0
2020-04-13,351.5,0.0
2020-04-14,365.5,0.0
2020-04-15,365.5,0.0
2020-04-16,361.5,0.0
2020-04-17,368.0,0.0
2020-04-20,370.0,0.0
2020-04-21,353.5,0.0
2020-04-22,346.0,0.0
2020-04-23,351.0,0.0
2020-04-24,348.5,0.0
2020-04-27,372.0,0.0
2020-04-28,375.0,0.0
2020-04-29,398.0,0.0
2020-04-30,415.0,0.0
2020-05-04,399.5,0.0
2020-05-05,401.5,0.0
2020-05-06,408.0,0.0
2020-05-07,411.0,0.0
2020-05-08,411.5,0.0
2020-05-11,410.0,0.0
2020-05-12,407.0,0.0
2020-05-13,420.0,0.0
2020-05-14,411.0,0.0
2020-05-15,411.0,0.0
2020-05-18,440.5,0.0
2020-05-19,462.0,0.0
2020-05-20,470.0,0.0
2020-05-21,464.5,0.0
2020-05-22,442.0,0.0
2020-05-25,460.0,0.0
2020-05-26,460.0,0.0
2020-05-27,464.5,0.0
2020-05-28,460.0,0.0
2020-05-29,463.0,0.0
2020-06-01,461.5,0.0
2020-06-02,485.0,0.0
2020-06-03,490.0,0.0
2020-06-04,490.0,0.0
2020-06-05,494.0,0.0
2020-06-08,494.5,0.0
2020-06-09,497.5,0.0
2020-06-10,500.0,0.0
2020-06-11,496.5,0.0
2020-06-12,492.5,0.0
2020-06-15,492.5,0.0
2020-06-16,510.0,0.0
2020-06-17,510.0,0.0
2020-06-18,513.0,0.0
2020-06-19,546.0,0.0
2020-06-22,576.0,0.0
2020-06-23,574.0,0.0
2020-06-24,580.0,0.0
2020-06-29,565.0,0.0
2020-06-30,579.0,0.0
2020-07-01,577.0,0.0
2020-07-02,574.0,0.0
2020-07-03,585.0,0.0
2020-07-06,589.0,10.500859
2020-07-07,618.0,0.0
2020-07-08,661.0,0.0
2020-07-09,651.0,0.0
2020-07-10,616.0,0.0
2020-07-13,629.0,0.0
2020-07-14,611.0,0.0
2020-07-15,609.0,0.0
2020-07-16,599.0,0.0
2020-07-17,607.0,0.0
2020-07-20,601.0,0.0
2020-07-21,637.0,0.0
2020-07-22,664.0,0.0
2020-07-23,677.0,0.0
2020-07-24,675.0,0.0
2020-07-27,728.0,0.0
2020-07-28,680.0,0.0
2020-07-29,682.0,0.0
2020-07-30,683.0,0.0
2020-07-31,701.0,0.0
2020-08-03,696.0,0.0
2020-08-04,732.0,0.0
2020-08-05,730.0,0.0
2020-08-06,732.0,0.0
2020-08-07,705.0,0.0
2020-08-10,706.0,0.0
2020-08-11,693.0,0.0
2020-08-12,680.0,0.0
2020-08-13,684.0,0.0
2020-08-14,680.0,0.0
2020-08-17,685.0,0.0
2020-08-18,617.0,0.0
2020-08-19,609.0,0.0
2020-08-20,565.0,0.0
2020-08-21,604.0,0.0
2020-08-24,585.0,0.0
2020-08-25,589.0,0.0
2020-08-26,578.0,0.0
2020-08-27,558.0,0.0
2020-08-28,574.0,0.0
2020-08-31,556.0,0.0
2020-09-01,576.0,0.0
2020-09-02,596.0,0.0
2020-09-03,603.0,0.0
2020-09-04,603.0,0.0
2020-09-07,598.0,0.0
2020-09-08,604.0,0.0
2020-09-09,595.0,0.0
2020-09-10,599.0,0.0
2020-09-11,595.0,0.0
2020-09-14,609.0,0.0
2020-09-15,611.0,0.0
2020-09-16,617.0,0.0
2020-09-17,599.0,0.0
2020-09-18,611.0,0.0
2020-09-21,616.0,0.0
2020-09-22,603.0,0.0
2020-09-23,617.0,0.0
2020-09-24,600.0,0.0
2020-09-25,585.0,0.0
2020-09-28,603.0,0.0
2020-09-29,610.0,0.0
2020-09-30,607.0,0.0
2020-10-05,611.0,0.0
2020-10-06,615.0,0.0
2020-10-07,647.0,0.0
2020-10-08,670.0,0.0
2020-10-12,714.0,0.0
2020-10-13,699.0,0.0
2020-10-14,689.0,0.0
2020-10-15,689.0,0.0
2020-10-16,680.0,0.0
2020-10-19,692.0,0.0
2020-10-20,697.0,0.0
2020-10-21,691.0,0.0
2020-10-22,688.0,0.0
2020-10-23,678.0,0.0
2020-10-26,674.0,0.0
2020-10-27,685.0,0.0
2020-10-28,681.0,0.0
2020-10-29,684.0,0.0
2020-10-30,678.0,0.0
2020-11-02,653.0,0.0
2020-11-03,665.0,0.0
2020-11-04,677.0,0.0
2020-11-05,696.0,0.0
2020-11-06,700.0,0.0
2020-11-09,702.0,0.0
2020-11-10,686.0,0.0
2020-11-11,676.0,0.0
2020-11-12,673.0,0.0
2020-11-13,675.0,0.0
2020-11-16,694.0,0.0
2020-11-17,696.0,0.0
2020-11-18,728.0,0.0
2020-11-19,733.0,0.0
2020-11-20,747.0,0.0
2020-11-23,743.0,0.0
2020-11-24,742.0,0.0
2020-11-25,724.0,0.0
2020-11-26,730.0,0.0
2020-11-27,725.0,0.0
2020-11-30,704.0,0.0
2020-12-01,697.0,0.0
2020-12-02,712.0,0.0
2020-12-03,700.0,0.0
2020-12-04,705.0,0.0
2020-12-07,704.0,0.0
2020-12-08,730.0,0.0
2020-12-09,734.0,0.0
2020-12-10,709.0,0.0
2020-12-11,707.0,0.0
2020-12-14,702.0,0.0
2020-12-15,701.0,0.0
2020-12-16,701.0,0.0
2020-12-17,704.0,0.0
2020-12-18,699.0,0.0
2020-12-21,708.0,0.0
2020-12-22,703.0,0.0
2020-12-23,720.0,0.0
2020-12-24,714.0,0.0
2020-12-25,715.0,0.0
2020-12-28,740.0,0.0
2020-12-29,734.0,0.0
2020-12-30,746.0,0.0
2020-12-31,747.0,0.0
2021-01-04,792.0,0.0
2021-01-05,797.0,0.0
2021-01-06,792.0,0.0
2021-01-07,799.0,0.0
2021-01-08,838.0,0.0
2021-01-11,851.0,0.0
2021-01-12,846.0,0.0
2021-01-13,884.0,0.0
2021-01-14,861.0,0.0
2021-01-15,850.0,0.0
2021-01-18,844.0,0.0
2021-01-19,879.0,0.0
2021-01-20,872.0,0.0
2021-01-21,934.0,0.0
2021-01-22,917.0,0.0
2021-01-25,910.0,0.0
2021-01-26,871.0,0.0
2021-01-27,897.0,0.0
2021-01-28,869.0,0.0
2021-01-29,875.0,0.0
2021-02-01,905.0,0.0
2021-02-02,931.0,0.0
2021-02-03,950.0,0.0
2021-02-04,946.0,0.0
2021-02-05,950.0,0.0
2021-02-17,980.0,0.0
2021-02-18,978.0,0.0
2021-02-19,964.0,0.0
2021-02-22,951.0,0.0
2021-02-23,965.0,0.0
2021-02-24,940.0,0.0
2021-02-25,944.0,0.0
2021-02-26,896.0,0.0
2021-03-02,900.0,0.0
2021-03-03,930.0,0.0
2021-03-04,897.0,0.0
2021-03-05,883.0,0.0
2021-03-08,867.0,0.0
2021-03-09,879.0,0.0
2021-03-10,864.0,0.0
2021-03-11,888.0,0.0
2021-03-12,899.0,0.0
2021-03-15,907.0,0.0
2021-03-16,919.0,0.0
2021-03-17,908.0,0.0
2021-03-18,903.0,0.0
2021-03-19,885.0,0.0
2021-03-22,881.0,0.0
2021-03-23,870.0,0.0
2021-03-24,894.0,0.0
2021-03-25,949.0,0.0
2021-03-26,943.0,0.0
2021-03-29,941.0,0.0
2021-03-30,971.0,0.0
2021-03-31,969.0,0.0
2021-04-01,961.0,0.0
2021-04-07,998.0,0.0
2021-04-08,1020.0,0.0
2021-04-09,999.0,0.0
2021-04-12,960.0,0.0
2021-04-13,961.0,0.0
2021-04-14,965.0,0.0
2021-04-15,985.0,0.0
2021-04-16,975.0,0.0
2021-04-19,963.0,0.0
2021-04-20,998.0,0.0
2021-04-21,988.0,0.0
2021-04-22,984.0,0.0
2021-04-23,1035.0,0.0
2021-04-26,1070.0,0.0
2021-04-27,1065.0,0.0
2021-04-28,1080.0,0.0
2021-04-29,1185.0,0.0
2021-05-03,1105.0,0.0
2021-05-04,1085.0,0.0
2021-05-05,1005.0,0.0
2021-05-06,1055.0,0.0
2021-05-07,1060.0,0.0
2021-05-10,979.0,0.0
2021-05-11,911.0,0.0
2021-05-12,888.0,0.0
2021-05-13,873.0,0.0
2021-05-14,895.0,0.0
2021-05-17,914.0,0.0
2021-05-18,994.0,0.0
2021-05-19,943.0,0.0
2021-05-20,930.0,0.0
2021-05-21,955.0,0.0
2021-05-24,943.0,0.0
2021-05-25,952.0,0.0
2021-05-26,951.0,0.0
2021-05-27,935.0,0.0
2021-05-28,961.0,0.0
2021-05-31,995.0,0.0
2021-06-01,977.0,0.0
2021-06-02,959.0,0.0
2021-06-03,981.0,0.0
2021-06-04,977.0,0.0
2021-06-07,973.0,0.0
2021-06-08,966.0,0.0
2021-06-09,967.0,0.0
2021-06-10,998.0,0.0
2021-06-11,980.0,0.0
2021-06-15,989.0,0.0
2021-06-16,985.0,0.0
2021-06-17,978.0,0.0
2021-06-18,965.0,0.0
2021-06-21,918.0,0.0
2021-06-22,903.0,0.0
2021-06-23,941.0,0.0
2021-06-24,929.0,0.0
2021-06-25,927.0,0.0
2021-06-28,935.0,0.0
2021-06-29,935.0,0.0
2021-06-30,962.0,0.0
2021-07-01,955.0,0.0
2021-07-02,957.0,0.0
2021-07-05,957.0,0.0
2021-07-06,922.0,37.0
2021-07-07,917.0,0.0
2021-07-08,920.0,0.0
2021-07-09,919.0,0.0
2021-07-12,935.0,0.0
2021-07-13,926.0,0.0
2021-07-14,930.0,0.0
2021-07-15,951.0,0.0
2021-07-16,957.0,0.0
2021-07-19,919.0,0.0
2021-07-20,920.0,0.0
2021-07-21,912.0,0.0
2021-07-22,919.0,0.0
2021-07-23,933.0,0.0
2021-07-26,923.0,0.0
2021-07-27,938.0,0.0
2021-07-28,890.0,0.0
2021-07-29,933.0,0.0
2021-07-30,910.0,0.0
2021-08-02,934.0,0.0
2021-08-03,938.0,0.0
2021-08-04,950.0,0.0
2021-08-05,961.0,0.0
2021-08-06,936.0,0.0
2021-08-09,921.0,0.0
2021-08-10,922.0,0.0
2021-08-11,910.0,0.0
2021-08-12,904.0,0.0
2021-08-13,910.0,0.0
2021-08-16,901.0,0.0
2021-08-17,901.0,0.0
2021-08-18,912.0,0.0
2021-08-19,888.0,0.0
2021-08-20,873.0,0.0
2021-08-23,911.0,0.0
2021-08-24,909.0,0.0
2021-08-25,911.0,0.0
2021-08-26,888.0,0.0
2021-08-27,896.0,0.0
2021-08-30,912.0,0.0
2021-08-31,901.0,0.0
2021-09-01,927.0,0.0
2021-09-02,933.0,0.0
2021-09-03,919.0,0.0
2021-09-06,896.0,0.0
2021-09-07,903.0,0.0
2021-09-08,912.0,0.0
2021-09-09,901.0,0.0
2021-09-10,925.0,0.0
2021-09-13,927.0,0.0
2021-09-14,947.0,0.0
2021-09-15,935.0,0.0
2021-09-16,936.0,0.0
2021-09-17,940.0,0.0
2021-09-22,911.0,0.0
2021-09-23,915.0,0.0
2021-09-24,920.0,0.0
2021-09-27,959.0,0.0
2021-09-28,957.0,0.0
2021-09-29,913.0,0.0
2021-09-30,905.0,0.0
2021-10-01,885.0,0.0
2021-10-04,892.0,0.0
2021-10-05,867.0,0.0
2021-10-06,871.0,0.0
2021-10-07,911.0,0.0
2021-10-08,910.0,0.0
2021-10-12,887.0,0.0
2021-10-13,862.0,0.0
2021-10-14,840.0,0.0
2021-10-15,857.0,0.0
2021-10-18,867.0,0.0
2021-10-19,898.0,0.0
2021-10-20,901.0,0.0
2021-10-21,913.0,0.0
2021-10-22,926.0,0.0
2021-10-25,938.0,0.0
2021-10-26,946.0,0.0
2021-10-27,942.0,0.0
2021-10-28,936.0,0.0
2021-10-29,913.0,0.0
2021-11-01,922.0,0.0
2021-11-02,928.0,0.0
2021-11-03,932.0,0.0
2021-11-04,928.0,0.0
2021-11-05,940.0,0.0
2021-11-08,980.0,0.0
2021-11-09,978.0,0.0
2021-11-10,958.0,0.0
2021-11-11,954.0,0.0
2021-11-12,983.0,0.0
2021-11-15,1025.0,0.0
2021-11-16,1035.0,0.0
2021-11-17,1030.0,0.0
2021-11-18,1085.0,0.0
2021-11-19,1090.0,0.0
2021-11-22,1080.0,0.0
2021-11-23,1055.0,0.0
2021-11-24,1040.0,0.0
2021-11-25,1035.0,0.0
2021-11-26,1005.0,0.0
2021-11-29,1030.0,0.0
2021-11-30,1010.0,0.0
2021-12-01,1065.0,0.0
2021-12-02,1080.0,0.0
2021-12-03,1060.0,0.0
2021-12-06,1085.0,0.0
2021-12-07,1065.0,0.0
2021-12-08,1095.0,0.0
2021-12-09,1085.0,0.0
2021-12-10,1075.0,0.0
2021-12-13,1075.0,0.0
2021-12-14,1070.0,0.0
2021-12-15,1060.0,0.0
2021-12-16,1090.0,0.0
2021-12-17,1075.0,0.0
2021-12-20,1055.0,0.0
2021-12-21,1090.0,0.0
2021-12-22,1085.0,0.0
2021-12-23,1095.0,0.0
2021-12-24,1120.0,0.0
2021-12-27,1145.0,0.0
2021-12-28,1175.0,0.0
2021-12-29,1185.0,0.0
2021-12-30,1190.0,0.0
2022-01-03,1150.0,0.0
2022-01-04,1165.0,0.0
2022-01-05,1175.0,0.0
2022-01-06,1135.0,0.0
2022-01-07,1100.0,0.0
2022-01-10,1095.0,0.0
2022-01-11,1080.0,0.0
2022-01-12,1085.0,0.0
2022-01-13,1100.0,0.0
2022-01-14,1065.0,0.0
2022-01-17,1115.0,0.0
2022-01-18,1105.0,0.0
2022-01-19,1100.0,0.0
2022-01-20,1090.0,0.0
2022-01-21,1070.0,0.0
2022-01-24,1090.0,0.0
2022-01-25,1085.0,0.0
2022-01-26,1075.0,0.0
2022-02-07,1100.0,0.0
2022-02-08,1095.0,0.0
2022-02-09,1130.0,0.0
2022-02-10,1160.0,0.0
2022-02-11,1150.0,0.0
2022-02-14,1105.0,0.0
2022-02-15,1100.0,0.0
2022-02-16,1130.0,0.0
2022-02-17,1130.0,0.0
2022-02-18,1120.0,0.0
2022-02-21,1130.0,0.0
2022-02-22,1110.0,0.0
2022-02-23,1120.0,0.0
2022-02-24,1060.0,0.0
2022-02-25,1085.0,0.0
2022-03-01,1100.0,0.0
2022-03-02,1080.0,0.0
2022-03-03,1080.0,0.0
2022-03-04,1025.0,0.0
2022-03-07,972.0,0.0
2022-03-08,963.0,0.0
2022-03-09,966.0,0.0
2022-03-10,995.0,0.0
2022-03-11,963.0,0.0
2022-03-14,944.0,0.0
2022-03-15,904.0,0.0
2022-03-16,907.0,0.0
2022-03-17,968.0,0.0
2022-03-18,969.0,0.0
2022-03-21,978.0,0.0
2022-03-22,975.0,0.0
2022-03-23,977.0,0.0
2022-03-24,972.0,0.0
2022-03-25,971.0,0.0
2022-03-28,964.0,0.0
2022-03-29,912.0,0.0
2022-03-30,915.0,0.0
2022-03-31,905.0,0.0
2022-04-01,900.0,0.0
2022-04-06,882.0,0.0
2022-04-07,850.0,0.0
2022-04-08,840.0,0.0
2022-04-11,836.0,0.0
2022-04-12,842.0,0.0
2022-04-13,880.0,0.0
2022-04-14,861.0,0.0
2022-04-15,832.0,0.0
2022-04-18,833.0,0.0
2022-04-19,838.0,0.0
2022-04-20,856.0,0.0
2022-04-21,868.0,0.0
2022-04-22,854.0,0.0
2022-04-25,837.0,0.0
2022-04-26,833.0,0.0
2022-04-27,808.0,0.0
2022-04-28,828.0,0.0
2022-04-29,830.0,0.0
2022-05-03,820.0,0.0
2022-05-04,829.0,0.0
2022-05-05,841.0,0.0
2022-05-06,834.0,0.0
2022-05-09,813.0,0.0
2022-05-10,820.0,0.0
2022-05-11,829.0,0.0
2022-05-12,820.0,0.0
2022-05-13,843.0,0.0
2022-05-16,825.0,0.0
2022-05-17,841.0,0.0
2022-05-18,855.0,0.0
2022-05-19,845.0,0.0
2022-05-20,846.0,0.0
2022-05-23,843.0,0.0
2022-05-24,830.0,0.0
2022-05-25,843.0,0.0
2022-05-26,833.0,0.0
2022-05-27,851.0,0.0
2022-05-30,878.0,0.0
2022-05-31,905.0,0.0
2022-06-01,905.0,0.0
2022-06-02,898.0,0.0
2022-06-06,905.0,0.0
2022-06-07,890.0,0.0
2022-06-08,930.0,0.0
2022-06-09,924.0,0.0
2022-06-10,930.0,0.0
2022-06-13,887.0,0.0
2022-06-14,880.0,0.0
2022-06-15,884.0,0.0
2022-06-16,873.0,0.0
2022-06-17,831.0,0.0
2022-06-20,840.0,0.0
2022-06-21,868.0,0.0
2022-06-22,807.0,0.0
2022-06-23,689.0,73.00106
2022-06-24,670.0,0.0
2022-06-27,678.0,0.0
2022-06-28,651.0,0.0
2022-06-29,661.0,0.0
2022-06-30,651.0,0.0
2022-07-01,612.0,0.0
2022-07-04,611.0,0.0
2022-07-05,615.0,0.0
2022-07-06,605.0,0.0
2022-07-07,636.0,0.0
2022-07-08,651.0,0.0
2022-07-11,637.0,0.0
2022-07-12,614.0,0.0
2022-07-13,634.0,0.0
2022-07-14,646.0,0.0
2022-07-15,648.0,0.0
2022-07-18,661.0,0.0
2022-07-19,662.0,0.0
2022-07-20,671.0,0.0
2022-07-21,716.0,0.0
2022-07-22,705.0,0.0
2022-07-25,688.0,0.0
2022-07-26,681.0,0.0
2022-07-27,677.0,0.0
2022-07-28,682.0,0.0
2022-07-29,683.0,0.0
2022-08-01,694.0,0.0
2022-08-02,683.0,0.0
2022-08-03,686.0,0.0
2022-08-04,684.0,0.0
2022-08-05,717.0,0.0
2022-08-08,709.0,0.0
2022-08-09,694.0,0.0
2022-08-10,668.0,0.0
2022-08-11,670.0,0.0
2022-08-12,684.0,0.0
2022-08-15,706.0,0.0
2022-08-16,706.0,0.0
2022-08-17,703.0,0.0
2022-08-18,702.0,0.0
2022-08-19,693.0,0.0
2022-08-22,677.0,0.0
2022-08-23,676.0,0.0
2022-08-24,667.0,0.0
2022-08-25,670.0,0.0
2022-08-26,678.0,0.0
2022-08-29,653.0,0.0
2022-08-30,657.0,0.0
2022-08-31,667.0,0.0
2022-09-01,648.0,0.0
2022-09-02,620.0,0.0
2022-09-05,631.0,0.0
2022-09-06,629.0,0.0
2022-09-07,619.0,0.0
2022-09-08,623.0,0.0
2022-09-12,627.0,0.0
2022-09-13,626.0,0.0
2022-09-14,615.0,0.0
2022-09-15,616.0,0.0
2022-09-16,600.0,0.0
2022-09-19,604.0,0.0
2022-09-20,605.0,0.0
2022-09-21,605.0,0.0
2022-09-22,591.0,0.0
2022-09-23,580.0,0.0
2022-09-26,569.0,0.0
2022-09-27,568.0,0.0
2022-09-28,545.0,0.0
2022-09-29,543.0,0.0
2022-09-30,551.0,0.0
2022-10-03,548.0,0.0
2022-10-04,573.0,0.0
2022-10-05,599.0,0.0
2022-10-06,587.0,0.0
2022-10-07,566.0,0.0
2022-10-11,553.0,0.0
2022-10-12,549.0,0.0
2022-10-13,544.0,0.0
2022-10-14,585.0,0.0
2022-10-17,578.0,0.0
2022-10-18,588.0,0.0
2022-10-19,577.0,0.0
2022-10-20,570.0,0.0
2022-10-21,567.0,0.0
2022-10-24,588.0,0.0
2022-10-25,563.0,0.0
2022-10-26,579.0,0.0
2022-10-27,589.0,0.0
2022-10-28,565.0,0.0
2022-10-31,590.0,0.0
2022-11-01,599.0,0.0
2022-11-02,599.0,0.0
2022-11-03,600.0,0.0
2022-11-04,597.0,0.0
2022-11-07,620.0,0.0
2022-11-08,620.0,0.0
2022-11-09,650.0,0.0
2022-11-10,660.0,0.0
2022-11-11,700.0,0.0
2022-11-14,697.0,0.0
2022-11-15,722.0,0.0
2022-11-16,729.0,0.0
2022-11-17,725.0,0.0
2022-11-18,722.0,0.0
2022-11-21,720.0,0.0
2022-11-22,713.0,0.0
2022-11-23,705.0,0.0
2022-11-24,728.0,0.0
2022-11-25,727.0,0.0
2022-11-28,703.0,0.0
2022-11-29,713.0,0.0
2022-11-30,733.0,0.0
2022-12-01,741.0,0.0
2022-12-02,739.0,0.0
2022-12-05,739.0,0.0
2022-12-06,725.0,0.0
2022-12-07,716.0,0.0
2022-12-08,705.0,0.0
2022-12-09,729.0,0.0
2022-12-12,712.0,0.0
2022-12-13,709.0,0.0
2022-12-14,718.0,0.0
2022-12-15,681.0,0.0
2022-12-16,660.0,0.0
2022-12-19,656.0,0.0
2022-12-20,646.0,0.0
2022-12-21,654.0,0.0
2022-12-22,661.0,0.0
2022-12-23,660.0,0.0
2022-12-26,651.0,0.0
2022-12-27,656.0,0.0
2022-12-28,638.0,0.0
2022-12-29,629.0,0.0
2022-12-30,625.0,0.0
2023-01-03,644.0,0.0
2023-01-04,636.0,0.0
2023-01-05,631.0,0.0
2023-01-06,660.0,0.0
2023-01-09,675.0,0.0
2023-01-10,694.0,0.0
2023-01-11,707.0,0.0
2023-01-12,715.0,0.0
2023-01-13,694.0,0.0
2023-01-16,704.0,0.0
2023-01-17,693.0,0.0
2023-01-30,739.0,0.0
2023-01-31,718.0,0.0
2023-02-01,724.0,0.0
2023-02-02,747.0,0.0
2023-02-03,751.0,0.0
2023-02-06,731.0,0.0
2023-02-07,717.0,0.0
2023-02-08,744.0,0.0
2023-02-09,749.0,0.0
2023-02-10,740.0,0.0
2023-02-13,731.0,0.0
2023-02-14,732.0,0.0
2023-02-15,710.0,0.0
2023-02-16,711.0,0.0
2023-02-17,723.0,0.0
2023-02-20,726.0,0.0
2023-02-21,725.0,0.0
2023-02-22,713.0,0.0
2023-02-23,745.0,0.0
2023-02-24,723.0,0.0
2023-03-01,791.0,0.0
2023-03-02,775.0,0.0
2023-03-03,775.0,0.0
2023-03-06,784.0,0.0
2023-03-07,788.0,0.0
2023-03-08,768.0,0.0
2023-03-09,767.0,0.0
2023-03-10,756.0,0.0
2023-03-13,764.0,0.0
2023-03-14,761.0,0.0
2023-03-15,758.0,0.0
2023-03-16,756.0,0.0
2023-03-17,773.0,0.0
2023-03-20,770.0,0.0
2023-03-21,771.0,0.0
2023-03-22,781.0,0.0
2023-03-23,793.0,0.0
2023-03-24,790.0,0.0
2023-03-27,780.0,0.0
2023-03-28,766.0,0.0
2023-03-29,773.0,0.0
2023-03-30,778.0,0.0
2023-03-31,787.0,0.0
2023-04-06,753.0,0.0
2023-04-07,749.0,0.0
2023-04-10,742.0,0.0
2023-04-11,756.0,0.0
2023-04-12,758.0,0.0
2023-04-13,750.0,0.0
2023-04-14,748.0,0.0
2023-04-17,709.0,0.0
2023-04-18,688.0,0.0
2023-04-19,675.0,0.0
2023-04-20,673.0,0.0
2023-04-21,665.0,0.0
2023-04-24,676.0,0.0
2023-04-25,650.0,0.0
2023-04-26,649.0,0.0
2023-04-27,662.0,0.0
2023-04-28,665.0,0.0
2023-05-02,671.0,0.0
2023-05-03,680.0,0.0
2023-05-04,668.0,0.0
2023-05-05,675.0,0.0
2023-05-08,675.0,0.0
2023-05-09,677.0,0.0
2023-05-10,668.0,0.0
2023-05-11,668.0,0.0
2023-05-12,673.0,0.0
2023-05-15,680.0,0.0
2023-05-16,680.0,0.0
2023-05-17,685.0,0.0
2023-05-18,689.0,0.0
2023-05-19,698.0,0.0
2023-05-22,705.0,0.0
2023-05-23,716.0,0.0
2023-05-24,711.0,0.0
2023-05-25,708.0,0.0
2023-05-26,730.0,0.0
2023-05-29,738.0,0.0
2023-05-30,763.0,0.0
2023-05-31,759.0,0.0
2023-06-01,748.0,0.0
2023-06-02,751.0,0.0
2023-06-05,759.0,0.0
2023-06-06,757.0,0.0
2023-06-07,768.0,0.0
2023-06-08,768.0,0.0
2023-06-09,764.0,0.0
2023-06-12,767.0,0.0
2023-06-13,779.0,0.0
2023-06-14,780.0,0.0
2023-06-15,766.0,0.0
2023-06-16,751.0,0.0
2023-06-19,785.0,0.0
2023-06-20,691.0,76.00661
2023-06-21,693.0,0.0
2023-06-26,685.0,0.0
2023-06-27,681.0,0.0
2023-06-28,695.0,0.0
2023-06-29,696.0,0.0
2023-06-30,688.0,0.0
2023-07-03,691.0,0.0
2023-07-04,700.0,0.0
2023-07-05,697.0,0.0
2023-07-06,690.0,0.0
2023-07-07,682.0,0.0
2023-07-10,673.0,0.0
2023-07-11,686.0,0.0
2023-07-12,685.0,0.0
2023-07-13,680.0,0.0
2023-07-14,692.0,0.0
2023-07-17,683.0,0.0
2023-07-18,683.0,0.0
2023-07-19,696.0,0.0
2023-07-20,692.0,0.0
2023-07-21,682.0,0.0
2023-07-24,675.0,0.0
2023-07-25,665.0,0.0
2023-07-26,655.0,0.0
2023-07-27,658.0,0.0
2023-07-28,658.0,0.0
2023-07-31,690.0,0.0
2023-08-01,713.0,0.0
2023-08-02,709.0,0.0
2023-08-04,706.0,0.0
2023-08-07,706.0,0.0
2023-08-08,690.0,0.0
2023-08-09,701.0,0.0
2023-08-10,693.0,0.0
2023-08-11,679.0,0.0
2023-08-14,672.0,0.0
2023-08-15,678.0,0.0
2023-08-16,689.0,0.0
2023-08-17,674.0,0.0
2023-08-18,674.0,0.0
2023-08-21,669.0,0.0
2023-08-22,672.0,0.0
2023-08-23,671.0,0.0
2023-08-24,691.0,0.0
2023-08-25,694.0,0.0
2023-08-28,701.0,0.0
2023-08-29,710.0,0.0
2023-08-30,709.0,0.0
2023-08-31,705.0,0.0
2023-09-01,710.0,0.0
2023-09-04,711.0,0.0
2023-09-05,718.0,0.0
2023-09-06,712.0,0.0
2023-09-07,717.0,0.0
2023-09-08,709.0,0.0
2023-09-11,714.0,0.0
2023-09-12,728.0,0.0
2023-09-13,732.0,0.0
2023-09-14,733.0,0.0
2023-09-15,763.0,0.0
2023-09-18,782.0,0.0
2023-09-19,773.0,0.0
2023-09-20,759.0,0.0
2023-09-21,746.0,0.0
2023-09-22,746.0,0.0
2023-09-25,755.0,0.0
2023-09-26,737.0,0.0
2023-09-27,737.0,0.0
2023-09-28,735.0,0.0
2023-10-02,745.0,0.0
2023-10-03,772.0,0.0
2023-10-04,780.0,0.0
2023-10-05,786.0,0.0
2023-10-06,786.0,0.0
2023-10-11,814.0,0.0
2023-10-12,815.0,0.0
2023-10-13,842.0,0.0
2023-10-16,840.0,0.0
2023-10-17,825.0,0.0
2023-10-18,813.0,0.0
2023-10-19,830.0,0.0
2023-10-20,828.0,0.0
2023-10-23,821.0,0.0
2023-10-24,816.0,0.0
2023-10-25,822.0,0.0
2023-10-26,817.0,0.0
2023-10-27,801.0,0.0
2023-10-30,857.0,0.0
2023-10-31,842.0,0.0
2023-11-01,846.0,0.0
2023-11-02,868.0,0.0
2023-11-03,870.0,0.0
2023-11-06,882.0,0.0
2023-11-07,888.0,0.0
2023-11-08,914.0,0.0
2023-11-09,905.0,0.0
2023-11-10,884.0,0.0
2023-11-13,906.0,0.0
2023-11-14,905.0,0.0
2023-11-15,908.0,0.0
2023-11-16,893.0,0.0
2023-11-17,904.0,0.0
2023-11-20,912.0,0.0
2023-11-21,926.0,0.0
2023-11-22,942.0,0.0
2023-11-23,930.0,0.0
2023-11-24,945.0,0.0
2023-11-27,931.0,0.0
2023-11-28,942.0,0.0
2023-11-29,948.0,0.0
2023-11-30,945.0,0.0
2023-12-01,947.0,0.0
2023-12-04,933.0,0.0
2023-12-05,929.0,0.0
2023-12-06,927.0,0.0
2023-12-07,931.0,0.0
2023-12-08,943.0,0.0
2023-12-11,941.0,0.0
2023-12-12,939.0,0.0
2023-12-13,955.0,0.0
2023-12-14,966.0,0.0
2023-12-15,996.0,0.0
2023-12-18,989.0,0.0
2023-12-19,992.0,0.0
2023-12-20,983.0,0.0
2023-12-21,976.0,0.0
2023-12-22,990.0,0.0
2023-12-25,995.0,0.0
2023-12-26,1000.0,0.0
2023-12-27,1040.0,0.0
2023-12-28,1025.0,0.0
2023-12-29,1015.0,0.0
2024-01-02,981.0,0.0
2024-01-03,953.0,0.0
2024-01-04,928.0,24.6
2024-01-05,921.0,0.0
2024-01-08,920.0,0.0
2024-01-09,928.0,0.0
2024-01-10,924.0,0.0
2024-01-11,920.0,0.0
2024-01-12,926.0,0.0
2024-01-15,922.0,0.0
2024-01-16,895.0,0.0
2024-01-17,879.0,0.0
2024-01-18,897.0,0.0
2024-01-19,920.0,0.0
2024-01-22,922.0,0.0
2024-01-23,911.0,0.0
2024-01-24,936.0,0.0
2024-01-25,943.0,0.0
2024-01-26,936.0,0.0
2024-01-29,938.0,0.0
2024-01-30,963.0,0.0
2024-01-31,966.0,0.0
2024-02-01,930.0,0.0
2024-02-02,936.0,0.0
2024-02-05,937.0,0.0
2024-02-15,972.0,0.0
2024-02-16,970.0,0.0
2024-02-19,963.0,0.0
2024-02-20,982.0,0.0
2024-02-21,981.0,0.0
2024-02-22,1015.0,0.0
2024-02-23,1100.0,0.0
2024-02-26,1115.0,0.0
2024-02-27,1115.0,0.0
2024-02-29,1140.0,0.0
2024-03-01,1105.0,0.0
2024-03-04,1150.0,0.0
2024-03-05,1155.0,0.0
2024-03-06,1190.0,0.0
2024-03-07,1230.0,0.0
2024-03-08,1230.0,0.0
2024-03-11,1225.0,0.0
2024-03-12,1215.0,0.0
2024-03-13,1215.0,0.0
2024-03-14,1150.0,0.0
2024-03-15,1135.0,0.0
2024-03-18,1170.0,0.0
2024-03-19,1150.0,0.0
2024-03-20,1130.0,0.0
2024-03-21,1140.0,0.0
2024-03-22,1125.0,0.0
2024-03-25,1120.0,0.0
2024-03-26,1130.0,0.0
2024-03-27,1165.0,0.0
2024-03-28,1160.0,0.0
2024-03-29,1185.0,0.0
2024-04-01,1160.0,0.0
2024-04-02,1165.0,0.0
2024-04-03,1160.0,0.0
2024-04-08,1150.0,0.0
2024-04-09,1160.0,0.0
2024-04-10,1195.0,0.0
2024-04-11,1200.0,0.0
2024-04-12,1180.0,0.0
2024-04-15,1110.0,0.0
2024-04-16,1055.0,0.0
2024-04-17,1050.0,0.0
2024-04-18,1050.0,0.0
2024-04-19,993.0,0.0
2024-04-22,966.0,0.0
2024-04-23,972.0,0.0
2024-04-24,1010.0,0.0
2024-04-25,981.0,0.0
2024-04-26,1005.0,0.0
2024-04-29,1015.0,0.0
2024-04-30,992.0,0.0
2024-05-02,1000.0,0.0
2024-05-03,1040.0,0.0
2024-05-06,1035.0,0.0
2024-05-07,1045.0,0.0
2024-05-08,1095.0,0.0
2024-05-09,1095.0,0.0
2024-05-10,1095.0,0.0
2024-05-13,1115.0,0.0
2024-05-14,1155.0,0.0
2024-05-15,1155.0,0.0
2024-05-16,1190.0,0.0
2024-05-17,1165.0,0.0
2024-05-20,1190.0,0.0
2024-05-21,1175.0,0.0
2024-05-22,1185.0,0.0
2024-05-23,1205.0,0.0
2024-05-24,1195.0,0.0
2024-05-27,1285.0,0.0
2024-05-28,1310.0,0.0
2024-05-29,1290.0,0.0
2024-05-30,1290.0,0.0
2024-05-31,1235.0,0.0
2024-06-03,1270.0,0.0
2024-06-04,1240.0,0.0
2024-06-05,1230.0,0.0
2024-06-06,1290.0,0.0
2024-06-07,1275.0,0.0
2024-06-11,1270.0,0.0
2024-06-12,1300.0,0.0
2024-06-13,1385.0,0.0
2024-06-14,1395.0,0.0
2024-06-17,1380.0,0.0
2024-06-18,1405.0,0.0
2024-06-19,1485.0,0.0
2024-06-20,1500.0,0.0
2024-06-21,1490.0,0.0
2024-06-24,1410.0,0.0
2024-06-25,1385.0,0.0
2024-06-26,1405.0,0.0
2024-06-27,1395.0,0.0
2024-06-28,1400.0,0.0
2024-07-01,1415.0,0.0
2024-07-02,1410.0,0.0
2024-07-03,1405.0,0.0
2024-07-04,1375.0,30.40531
2024-07-05,1350.0,0.0
2024-07-08,1420.0,0.0
2024-07-09,1460.0,0.0
2024-07-10,1435.0,0.0
2024-07-11,1420.0,0.0
2024-07-12,1360.0,0.0
2024-07-15,1355.0,0.0
2024-07-16,1345.0,0.0
2024-07-17,1325.0,0.0
2024-07-18,1280.0,0.0
2024-07-19,1260.0,0.0
2024-07-22,1225.0,0.0
2024-07-23,1275.0,0.0
2024-07-26,1245.0,0.0
2024-07-29,1240.0,0.0
2024-07-30,1255.0,0.0
2024-07-31,1220.0,0.0
2024-08-01,1180.0,0.0
2024-08-02,1090.0,0.0
2024-08-05,991.0,0.0
2024-08-06,1075.0,0.0
2024-08-07,1150.0,0.0
2024-08-08,1115.0,0.0
2024-08-09,1125.0,0.0
2024-08-12,1175.0,0.0
2024-08-13,1160.0,0.0
2024-08-14,1185.0,0.0
2024-08-15,1155.0,0.0
2024-08-16,1230.0,0.0
2024-08-19,1255.0,0.0
2024-08-20,1250.0,0.0
2024-08-21,1220.0,0.0
2024-08-22,1230.0,0.0
2024-08-23,1225.0,0.0
2024-08-26,1215.0,0.0
2024-08-27,1210.0,0.0
2024-08-28,1200.0,0.0
2024-08-29,1250.0,0.0
2024-08-30,1240.0,0.0
2024-09-02,1225.0,0.0
2024-09-03,1220.0,0.0
2024-09-04,1135.0,0.0
2024-09-05,1110.0,0.0
2024-09-06,1145.0,0.0
2024-09-09,1105.0,0.0
2024-09-10,1130.0,0.0
2024-09-11,1110.0,0.0
2024-09-12,1155.0,0.0
2024-09-13,1125.0,0.0
2024-09-16,1130.0,0.0
2024-09-18,1105.0,0.0
2024-09-19,1120.0,0.0
2024-09-20,1125.0,0.0
2024-09-23,1145.0,0.0
2024-09-24,1195.0,0.0
2024-09-25,1225.0,0.0
2024-09-26,1270.0,0.0
2024-09-27,1260.0,0.0
2024-09-30,1175.0,0.0
2024-10-01,1210.0,0.0
2024-10-04,1230.0,0.0
2024-10-07,1250.0,0.0
2024-10-08,1225.0,0.0
2024-10-09,1245.0,0.0
2024-10-11,1300.0,0.0
2024-10-14,1290.0,0.0
2024-10-15,1300.0,0.0
2024-10-16,1275.0,0.0
2024-10-17,1275.0,0.0
2024-10-18,1305.0,0.0
2024-10-21,1330.0,0.0
2024-10-22,1310.0,0.0
2024-10-23,1300.0,0.0
2024-10-24,1270.0,0.0
2024-10-25,1315.0,0.0
2024-10-28,1335.0,0.0
2024-10-29,1300.0,0.0
2024-10-30,1290.0,0.0
2024-11-01,1290.0,0.0
2024-11-04,1295.0,0.0
2024-11-05,1290.0,0.0
2024-11-06,1305.0,0.0
2024-11-07,1305.0,0.0
2024-11-08,1280.0,0.0
2024-11-11,1295.0,0.0
2024-11-12,1265.0,0.0
2024-11-13,1255.0,0.0
2024-11-14,1235.0,0.0
2024-11-15,1270.0,0.0
2024-11-18,1240.0,0.0
2024-11-19,1285.0,0.0
2024-11-20,1275.0,0.0
2024-11-21,1265.0,0.0
2024-11-22,1310.0,0.0
2024-11-25,1280.0,0.0
2024-11-26,1280.0,0.0
2024-11-27,1250.0,0.0
2024-11-28,1255.0,0.0
2024-11-29,1255.0,0.0
2024-12-02,1310.0,0.0
2024-12-03,1315.0,0.0
2024-12-04,1320.0,0.0
2024-12-05,1325.0,0.0
2024-12-06,1305.0,0.0
2024-12-09,1325.0,0.0
2024-12-10,1350.0,0.0
2024-12-11,1350.0,0.0
2024-12-12,1380.0,0.0
2024-12-13,1410.0,0.0
2024-12-16,1385.0,0.0
2024-12-17,1425.0,0.0
2024-12-18,1420.0,0.0
2024-12-19,1420.0,0.0
2024-12-20,1390.0,0.0
2024-12-23,1410.0,0.0
2024-12-24,1405.0,0.0
2024-12-25,1410.0,0.0
2024-12-26,1420.0,0.0
2024-12-27,1430.0,0.0
2024-12-30,1420.0,0.0
2024-12-31,1415.0,0.0
2025-01-02,1350.0,29.0
2025-01-03,1365.0,0.0
2025-01-06,1425.0,0.0
2025-01-07,1490.0,0.0
2025-01-08,1470.0,0.0
2025-01-09,1440.0,0.0
2025-01-10,1465.0,0.0
2025-01-13,1390.0,0.0
2025-01-14,1400.0,0.0
2025-01-15,1420.0,0.0
2025-01-16,1460.0,0.0
2025-01-17,1430.0,0.0
2025-01-20,1445.0,0.0
2025-01-21,1465.0,0.0
2025-01-22,1465.0,0.0
2025-02-03,1500.0,0.0
2025-02-04,1490.0,0.0
2025-02-05,1525.0,0.0
2025-02-06,1525.0,0.0
2025-02-07,1525.0,0.0
2025-02-10,1480.0,0.0
2025-02-11,1510.0,0.0
2025-02-12,1485.0,0.0
2025-02-13,1520.0,0.0
2025-02-14,1505.0,0.0
2025-02-17,1545.0,0.0
2025-02-18,1535.0,0.0
2025-02-19,1540.0,0.0
2025-02-20,1500.0,0.0
2025-02-21,1510.0,0.0
2025-02-24,1545.0,0.0
2025-02-25,1550.0,0.0
2025-02-26,1560.0,0.0
2025-02-27,1515.0,0.0
2025-03-03,1470.0,0.0
2025-03-04,1505.0,0.0
2025-03-05,1505.0,0.0
2025-03-06,1495.0,0.0
2025-03-07,1465.0,0.0
2025-03-10,1395.0,0.0
2025-03-11,1385.0,0.0
2025-03-12,1410.0,0.0
2025-03-13,1390.0,0.0
2025-03-14,1400.0,0.0
2025-03-17,1425.0,0.0
2025-03-18,1475.0,0.0
2025-03-19,1465.0,0.0
2025-03-20,1485.0,0.0
2025-03-21,1480.0,0.0
2025-03-24,1480.0,0.0
2025-03-25,1525.0,0.0
2025-03-26,1515.0,0.0
2025-03-27,1485.0,0.0
2025-03-28,1465.0,0.0
2025-03-31,1390.0,0.0
2025-04-01,1460.0,0.0
2025-04-02,1435.0,0.0
2025-04-07,1295.0,0.0
2025-04-08,1260.0,0.0
2025-04-09,1185.0,0.0
2025-04-10,1300.0,0.0
2025-04-11,1385.0,0.0
2025-04-14,1400.0,0.0
2025-04-15,1385.0,0.0
2025-04-16,1365.0,0.0
2025-04-17,1340.0,0.0
2025-04-18,1365.0,0.0
2025-04-21,1345.0,0.0
2025-04-22,1300.0,0.0
2025-04-23,1370.0,0.0
2025-04-24,1330.0,0.0
2025-04-25,1380.0,0.0
2025-04-28,1350.0,0.0
2025-04-29,1370.0,0.0
2025-04-30,1350.0,0.0
2025-05-02,1300.0,0.0
2025-05-05,1295.0,0.0
2025-05-06,1280.0,0.0
2025-05-07,1275.0,0.0
2025-05-08,1290.0,0.0
2025-05-09,1325.0,0.0
2025-05-12,1315.0,0.0
2025-05-13,1355.0,0.0
2025-05-14,1360.0,0.0
2025-05-15,1370.0,0.0
2025-05-16,1365.0,0.0
2025-05-19,1310.0,0.0
2025-05-20,1315.0,0.0
2025-05-21,1340.0,0.0
2025-05-22,1325.0,0.0
2025-05-23,1315.0,0.0
2025-05-26,1280.0,0.0
2025-05-27,1280.0,0.0
2025-05-28,1280.0,0.0
2025-05-29,1260.0,0.0
2025-06-02,1260.0,0.0
2025-06-03,1275.0,0.0
2025-06-04,1275.0,0.0
2025-06-05,1245.0,0.0
2025-06-06,1280.0,0.0
2025-06-09,1285.0,0.0
2025-06-10,1335.0,0.0
2025-06-11,1315.0,0.0
2025-06-12,1285.0,0.0
2025-06-13,1250.0,0.0
2025-06-16,1255.0,0.0
2025-06-17,1275.0,0.0
2025-06-18,1285.0,0.0
2025-06-19,1265.0,0.0
2025-06-20,1250.0,0.0
2025-06-23,1255.0,0.0
2025-06-24,1270.0,0.0
2025-06-25,1295.0,0.0
2025-06-26,1290.0,0.0
2025-06-27,1285.0,0.0
2025-06-30,1250.0,0.0
2025-07-01,1275.0,0.0
2025-07-02,1295.0,0.0
2025-07-03,1270.0,25.000217
2025-07-04,1290.0,0.0
2025-07-07,1280.0,0.0
2025-07-08,1270.0,0.0
2025-07-09,1355.0,0.0
2025-07-10,1400.0,0.0
2025-07-11,1420.0,0.0
2025-07-14,1385.0,0.0
2025-07-15,1395.0,0.0
2025-07-16,1410.0,0.0
2025-07-17,1390.0,0.0
2025-07-18,1410.0,0.0
2025-07-21,1425.0,0.0
2025-07-22,1430.0,0.0
2025-07-23,1430.0,0.0
2025-07-24,1430.0,0.0
2025-07-25,1430.0,0.0
2025-07-28,1400.0,0.0
2025-07-29,1360.0,0.0
2025-07-30,1380.0,0.0
2025-07-31,1370.0,0.0
2025-08-04,1330.0,0.0
2025-08-05,1340.0,0.0
2025-08-06,1320.0,0.0
2025-08-07,1355.0,0.0
2025-08-08,1350.0,0.0
2025-08-11,1355.0,0.0
2025-08-12,1360.0,0.0
2025-08-13,1370.0,0.0
2025-08-14,1390.0,0.0
2025-08-15,1370.0,0.0
2025-08-18,1410.0,0.0
2025-08-19,1390.0,0.0
2025-08-20,1355.0,0.0
2025-08-21,1365.0,0.0
2025-08-22,1365.0,0.0
2025-08-25,1410.0,0.0
2025-08-26,1400.0,0.0
2025-08-27,1400.0,0.0
2025-08-28,1385.0,0.0
2025-08-29,1370.0,0.0
2025-09-01,1360.0,0.0
2025-09-02,1360.0,0.0
2025-09-03,1395.0,0.0
2025-09-04,1385.0,0.0
2025-09-05,1435.0,0.0
2025-09-08,1430.0,0.0
2025-09-09,1510.0,0.0
2025-09-10,1490.0,0.0
2025-09-11,1480.0,0.0
2025-09-12,1485.0,0.0
2025-09-15,1485.0,0.0
2025-09-16,1535.0,0.0
2025-09-17,1510.0,0.0
2025-09-18,1510.0,0.0
2025-09-19,1440.0,0.0
2025-09-22,1405.0,0.0
2025-09-23,1375.0,0.0
2025-09-24,1330.0,0.0
2025-09-25,1345.0,0.0
2025-09-26,1310.0,0.0
2025-09-30,1315.0,0.0
2025-10-01,1285.0,0.0
2025-10-02,1280.0,0.0
2025-10-03,1320.0,0.0
2025-10-07,1325.0,0.0
2025-10-08,1335.0,0.0
2025-10-09,1345.0,0.0
2025-10-13,1315.0,0.0
2025-10-14,1305.0,0.0
2025-10-15,1315.0,0.0
2025-10-16,1330.0,0.0
2025-10-17,1330.0,0.0
2025-10-20,1340.0,0.0
2025-10-21,1340.0,0.0
2025-10-22,1330.0,0.0
2025-10-23,1295.0,0.0
2025-10-27,1335.0,0.0
2025-10-28,1315.0,0.0
2025-10-29,1300.0,0.0
2025-10-30,1310.0,0.0
2025-10-31,1310.0,0.0
2025-11-03,1300.0,0.0
2025-11-04,1315.0,0.0
2025-11-05,1330.0,0.0
2025-11-06,1290.0,0.0
2025-11-07,1260.0,0.0
2025-11-10,1250.0,0.0
2025-11-11,1240.0,0.0
2025-11-12,1245.0,0.0
2025-11-13,1245.0,0.0
2025-11-14,1230.0,0.0
2025-11-17,1230.0,0.0
2025-11-18,1170.0,0.0
2025-11-19,1160.0,0.0
2025-11-20,1185.0,0.0
2025-11-21,1145.0,0.0
2025-11-24,1150.0,0.0
2025-11-25,1185.0,0.0
2025-11-26,1300.0,0.0
2025-11-27,1340.0,0.0
2025-11-28,1395.0,0.0
2025-12-01,1445.0,0.0
2025-12-02,1415.0,0.0
2025-12-03,1400.0,0.0
2025-12-04,1405.0,0.0
2025-12-05,1425.0,0.0
2025-12-08,1440.0,0.0
2025-12-09,1420.0,0.0
2025-12-10,1460.0,0.0
2025-12-11,1395.0,0.0
2025-12-12,1405.0,0.0
2025-12-15,1420.0,0.0
2025-12-16,1420.0,0.0
2025-12-17,1425.0,0.0
2025-12-18,1420.0,0.0
2025-12-19,1410.0,0.0
2025-12-22,1400.0,0.0
2025-12-23,1390.0,0.0
2025-12-24,1380.0,0.0
2025-12-26,1385.0,0.0
2025-12-29,1420.0,0.0
2025-12-30,1420.0,0.0
2025-12-31,1430.0,0.0
2026-01-02,1470.0,0.0
2026-01-05,1525.0,0.0
2026-01-06,1485.0,29.0
2026-01-07,1490.0,0.0
2026-01-08,1445.0,0.0
2026-01-09,1420.0,0.0
2026-01-12,1445.0,0.0
2026-01-13,1485.0,0.0
2026-01-14,1500.0,0.0
2026-01-15,1490.0,0.0
2026-01-16,1505.0,0.0
2026-01-19,1485.0,0.0
2026-01-20,1485.0,0.0
2026-01-21,1465.0,0.0
2026-01-22,1485.0,0.0
2026-01-23,1630.0,0.0
2026-01-26,1770.0,0.0
2026-01-27,1775.0,0.0
2026-01-28,1780.0,0.0
2026-01-29,1780.0,0.0
2026-01-30,1760.0,0.0
2026-02-02,1705.0,0.0
2026-02-03,1795.0,0.0
2026-02-04,1800.0,0.0
2026-02-05,1770.0,0.0
2026-02-06,1710.0,0.0
2026-02-09,1830.0,0.0
2026-02-10,1845.0,0.0
2026-02-11,1855.0,0.0
2026-02-23,1795.0,0.0
2026-02-24,1825.0,0.0
2026-02-25,1870.0,0.0
2026-02-26,1945.0,0.0
2026-03-02,1900.0,0.0
2026-03-03,1815.0,0.0
2026-03-04,1720.0,0.0
2026-03-05,1775.0,0.0
2026-03-06,1765.0,0.0
2026-03-09,1665.0,0.0
2026-03-10,1705.0,0.0
2026-03-11,1765.0,0.0
2026-03-12,1785.0,0.0
2026-03-13,1720.0,0.0
2026-03-16,1710.0,0.0
2026-03-17,1730.0,0.0
2026-03-18,1730.0,0.0
2026-03-19,1680.0,0.0
2026-03-20,1700.0,0.0
2026-03-23,1625.0,0.0
2026-03-24,1620.0,0.0
2026-03-25,1620.0,0.0
2026-03-26,1590.0,0.0
2026-03-27,1585.0,0.0
2026-03-30,1510.0,0.0
2026-03-31,1490.0,0.0
2026-04-01,1465.0,0.0
2026-04-02,1465.0,0.0
2026-04-07,1470.0,0.0
2026-04-08,1580.0,0.0
2026-04-09,1575.0,0.0
2026-04-10,1575.0,0.0
2026-04-13,1620.0,0.0
2026-04-14,1720.0,0.0
2026-04-15,1790.0,0.0
2026-04-16,1895.0,0.0
2026-04-17,1925.0,0.0
2026-04-20,1900.0,0.0
2026-04-21,2090.0,0.0
2026-04-22,2295.0,0.0
2026-04-23,2215.0,0.0
2026-04-24,2435.0,0.0
2026-04-27,2435.0,0.0
2026-04-28,2615.0,0.0
2026-04-29,2575.0,0.0
2026-04-30,2610.0,0.0
2026-05-04,2870.0,0.0
2026-05-05,3155.0,0.0
2026-05-06,3430.0,0.0
2026-05-07,3420.0,0.0
2026-05-08,3630.0,0.0
2026-05-11,3880.0,0.0
2026-05-12,3700.0,0.0
2026-05-13,3495.0,0.0
2026-05-14,3405.0,0.0
2026-05-15,3260.0,0.0
2026-05-18,3400.0,0.0
2026-05-19,3155.0,0.0
2026-05-20,3230.0,0.0
2026-05-21,3550.0,0.0
2026-05-22,3860.0,0.0
2026-05-25,4245.0,0.0
2026-05-26,4265.0,0.0
2026-05-27,4640.0,0.0
2026-05-28,4410.0,0.0
2026-05-29,4310.0,0.0
2026-06-01,4555.0,0.0
2026-06-02,4525.0,0.0
2026-06-03,4545.0,0.0
2026-06-04,4430.0,0.0
2026-06-05,4300.0,0.0
2026-06-08,4070.0,0.0
2026-06-09,4475.0,0.0
2026-06-10,4155.0,0.0
2026-06-11,4085.0,0.0
2026-06-12,4180.0,0.0
2026-06-15,4470.0,0.0
2026-06-16,4560.0,0.0
2026-06-17,4460.0,0.0
2026-06-18,4390.0,0.0
2026-06-22,4465.0,0.0
2026-06-23,4535.0,0.0
2026-06-24,4285.0,0.0
2026-06-25,4310.0,0.0
2026-06-26,3880.0,0.0
2026-06-29,3910.0,0.0
2026-06-30,4245.0,0.0
2026-07-01,4335.0,0.0
2026-07-02,4345.0,0.0
2026-07-03,4195.0,0.0
2026-07-06,4125.0,0.0
2026-07-07,4030.0,24.500216
2026-07-08,3995.0,0.0
2026-07-09,3925.0,0.0
2026-07-10,3925.0,0.0
2026-07-13,3825.0,0.0
2026-07-14,3660.0,0.0
2026-07-15,3740.0,0.0
2026-07-16,3700.0,0.0
2026-07-17,3370.0,0.0
2026-07-20,3340.0,0.0
2026-07-21,3670.0,0.0
2026-07-22,3850.0,0.0
2026-07-23,3875.0,0.0
2026-07-24,3750.0,0.0
2026-07-27,3680.0,0.0
2026-07-28,3315.0,0.0
2026-07-29,3150.0,0.0
2026-07-30,3235.0,0.0
2026-07-31,3555.0,0.0
2026-08-03,3910.0,0.0
2026-08-04,3865.0,0.0
2026-08-05,4000.0,0.0
2026-08-06,3920.0,0.0
2026-08-07,3900.0,0.0
2026-08-10,3960.0,0.0
2026-08-11,4020.0,0.0
2026-08-12,4015.0,0.0
2026-08-13,4225.0,0.0
