Date,Close,Dividends
2002-03-26,37.52992248535156,0.0
2002-03-27,40.118194580078125,0.0
2002-03-28,42.92215347290039,0.0
2002-03-29,45.72611618041992,0.0
2002-04-01,48.74576568603516,0.0
2002-04-02,51.981101989746094,0.0
2002-04-03,55.43212890625,0.0
2002-04-04,58.23609161376953,0.0
2002-04-05,58.23609161376953,0.0
2002-04-08,54.35368347167969,0.0
2002-04-09,53.922306060791016,0.0
2002-04-10,53.922306060791016,0.0
2002-04-11,54.137996673583984,0.0
2002-04-12,56.51057815551758,0.0
2002-04-15,54.785064697265625,0.0
2002-04-16,54.137996673583984,0.0
2002-04-17,54.35368347167969,0.0
2002-04-18,54.137996673583984,0.0
2002-04-19,53.922306060791016,0.0
2002-04-22,53.922306060791016,0.0
2002-04-23,54.35368347167969,0.0
2002-04-24,54.137996673583984,0.0
2002-04-25,50.47127914428711,0.0
2002-04-26,48.31438446044922,0.0
2002-04-29,48.74576568603516,0.0
2002-04-30,48.74576568603516,0.0
2002-05-01,48.74576568603516,0.0
2002-05-02,47.45162963867188,0.0
2002-05-03,48.31438446044922,0.0
2002-05-06,46.58887100219727,0.0
2002-05-07,45.51042556762695,0.0
2002-05-08,45.07904815673828,0.0
2002-05-09,46.37318420410156,0.0
2002-05-10,46.58887100219727,0.0
2002-05-13,44.86335754394531,0.0
2002-05-14,43.35353469848633,0.0
2002-05-15,43.13784408569336,0.0
2002-05-16,40.118194580078125,0.0
2002-05-17,40.5495719909668,0.0
2002-05-20,40.118194580078125,0.0
2002-05-21,38.82405853271485,0.0
2002-05-22,39.25543975830078,0.0
2002-05-23,38.60837173461914,0.0
2002-05-24,39.25543975830078,0.0
2002-05-27,40.118194580078125,0.0
2002-05-28,39.25543975830078,0.0
2002-05-29,37.31423568725586,0.0
2002-05-30,36.02009963989258,0.0
2002-05-31,37.09854507446289,0.0
2002-06-03,36.66716766357422,0.0
2002-06-04,37.31423568725586,0.0
2002-06-05,38.82405853271485,0.0
2002-06-06,41.19664001464844,0.0
2002-06-07,38.82405853271485,0.0
2002-06-10,38.82405853271485,0.142652
2002-06-11,39.34171295166016,0.0
2002-06-12,37.52992248535156,0.0
2002-06-13,38.82405853271485,0.0
2002-06-14,37.78874969482422,0.0
2002-06-17,37.01226806640625,0.0
2002-06-18,38.30640411376953,0.0
2002-06-19,37.01226806640625,0.0
2002-06-20,38.04757690429688,0.0
2002-06-21,37.78874969482422,0.0
2002-06-24,35.20048141479492,0.0
2002-06-25,32.871036529541016,0.0
2002-06-26,31.059246063232425,0.0
2002-06-27,30.0239372253418,0.0
2002-06-28,29.765111923217773,0.0
2002-07-01,27.69449615478516,0.0
2002-07-02,25.88270568847656,0.0
2002-07-03,25.49446678161621,0.0
2002-07-04,27.17684364318848,0.0
2002-07-05,28.98863220214844,0.0
2002-07-08,30.54159164428711,0.0
2002-07-09,29.765111923217773,0.0
2002-07-10,28.98863220214844,0.0
2002-07-11,29.50628662109375,0.0
2002-07-12,30.282764434814453,0.0
2002-07-15,30.54159164428711,0.0
2002-07-16,30.54159164428711,0.0
2002-07-17,29.50628662109375,0.0
2002-07-18,30.67100524902344,0.0
2002-07-19,31.576902389526367,0.0
2002-07-22,32.61220932006836,0.0
2002-07-23,34.42399978637695,0.0
2002-07-24,33.388694763183594,0.0
2002-07-25,33.25927734375,0.0
2002-07-26,31.576902389526367,0.0
2002-07-29,33.12986373901367,0.0
2002-07-30,33.647518157958984,0.0
2002-07-31,32.48279571533203,0.0
2002-08-01,32.74162673950195,0.0
2002-08-02,31.83572769165039,0.0
2002-08-05,30.8004207611084,0.0
2002-08-06,30.54159164428711,0.0
2002-08-07,31.31807327270508,0.0
2002-08-08,30.54159164428711,0.0
2002-08-09,30.412181854248047,0.0
2002-08-12,30.92983627319336,0.0
2002-08-13,31.18865966796875,0.0
2002-08-14,30.8004207611084,0.0
2002-08-15,31.576902389526367,0.0
2002-08-16,30.8004207611084,0.0
2002-08-19,31.31807327270508,0.0
2002-08-20,30.92983627319336,0.0
2002-08-21,30.282764434814453,0.0
2002-08-22,29.765111923217773,0.0
2002-08-23,29.765111923217773,0.0
2002-08-26,26.91801643371582,0.0
2002-08-27,27.565080642700195,0.0
2002-08-28,27.565080642700195,0.0
2002-08-29,28.082738876342773,0.0
2002-08-30,28.72980499267578,0.0
2002-09-02,28.98863220214844,0.0
2002-09-03,29.37687110900879,0.0
2002-09-04,29.24745750427246,0.0
2002-09-05,28.72980499267578,0.0
2002-09-06,28.72980499267578,0.0
2002-09-09,29.635698318481445,0.0
2002-09-10,29.50628662109375,0.0
2002-09-11,28.21214866638184,0.0
2002-09-12,28.082738876342773,0.0
2002-09-13,28.3415641784668,0.0
2002-09-16,28.600391387939453,0.0
2002-09-17,29.118043899536133,0.0
2002-09-18,29.635698318481445,0.0
2002-09-19,29.118043899536133,0.0
2002-09-20,29.765111923217773,0.0
2002-09-23,29.8945255279541,0.0
2002-09-24,29.50628662109375,0.0
2002-09-25,29.24745750427246,0.0
2002-09-26,29.50628662109375,0.0
2002-09-27,29.8945255279541,0.0
2002-09-30,29.50628662109375,0.0
2002-10-01,29.24745750427246,0.0
2002-10-02,29.765111923217773,0.0
2002-10-03,30.15335273742676,0.0
2002-10-04,30.15335273742676,0.0
2002-10-07,28.21214866638184,0.0
2002-10-08,29.24745750427246,0.0
2002-10-09,28.600391387939453,0.0
2002-10-10,28.600391387939453,0.0
2002-10-11,28.470977783203125,0.0
2002-10-14,28.600391387939453,0.0
2002-10-15,29.37687110900879,0.0
2002-10-16,28.98863220214844,0.0
2002-10-17,29.118043899536133,0.0
2002-10-18,29.24745750427246,0.0
2002-10-21,29.50628662109375,0.0
2002-10-22,29.635698318481445,0.0
2002-10-23,31.706314086914062,0.0
2002-10-24,33.90634536743164,0.0
2002-10-25,34.42399978637695,0.0
2002-10-28,36.7534408569336,0.0
2002-10-29,34.68282699584961,0.0
2002-10-30,35.20048141479492,0.0
2002-10-31,34.68282699584961,0.0
2002-11-01,33.647518157958984,0.0
2002-11-04,33.77693176269531,0.0
2002-11-05,34.03575897216797,0.0
2002-11-06,34.55341339111328,0.0
2002-11-07,33.77693176269531,0.0
2002-11-08,33.77693176269531,0.0
2002-11-11,31.83572769165039,0.0
2002-11-12,31.576902389526367,0.0
2002-11-13,31.059246063232425,0.0
2002-11-14,32.09455490112305,0.0
2002-11-15,32.35338592529297,0.0
2002-11-18,31.96514320373535,0.0
2002-11-19,33.25927734375,0.0
2002-11-20,33.647518157958984,0.0
2002-11-21,35.976959228515625,0.0
2002-11-22,37.271095275878906,0.0
2002-11-25,38.04757690429688,0.0
2002-11-26,38.30640411376953,0.0
2002-11-27,38.30640411376953,0.0
2002-11-28,38.04757690429688,0.0
2002-11-29,37.52992248535156,0.0
2002-12-02,37.52992248535156,0.0
2002-12-03,40.118194580078125,0.0
2002-12-04,42.70646667480469,0.0
2002-12-05,43.74177551269531,0.0
2002-12-06,42.70646667480469,0.0
2002-12-09,42.70646667480469,0.0
2002-12-10,42.70646667480469,0.0
2002-12-11,44.77708053588867,0.0
2002-12-12,44.77708053588867,0.0
2002-12-13,42.188812255859375,0.0
2002-12-16,42.188812255859375,0.0
2002-12-17,42.70646667480469,0.0
2002-12-18,43.74177551269531,0.0
2002-12-19,42.188812255859375,0.0
2002-12-20,42.188812255859375,0.0
2002-12-23,41.92998504638672,0.0
2002-12-24,41.412330627441406,0.0
2002-12-25,40.118194580078125,0.0
2002-12-26,40.37702178955078,0.0
2002-12-27,39.0828857421875,0.0
2002-12-30,37.271095275878906,0.0
2002-12-31,38.30640411376953,0.0
2003-01-01,38.30640411376953,0.0
2003-01-02,38.82405853271485,0.0
2003-01-03,41.412330627441406,0.0
2003-01-06,44.25942611694336,0.0
2003-01-07,45.55356216430664,0.0
2003-01-08,44.77708053588867,0.0
2003-01-09,46.33004379272461,0.0
2003-01-10,46.07121658325195,0.0
2003-01-13,46.33004379272461,0.0
2003-01-14,46.33004379272461,0.0
2003-01-15,46.07121658325195,0.0
2003-01-16,46.58887100219727,0.0
2003-01-17,46.07121658325195,0.0
2003-01-20,46.07121658325195,0.0
2003-01-21,45.294734954833984,0.0
2003-01-22,45.03590774536133,0.0
2003-01-23,45.03590774536133,0.0
2003-01-24,43.482948303222656,0.0
2003-01-27,42.44763946533203,0.0
2003-01-28,41.67115783691406,0.0
2003-01-29,41.67115783691406,0.0
2003-01-30,41.67115783691406,0.0
2003-01-31,41.67115783691406,0.0
2003-02-03,41.67115783691406,0.0
2003-02-04,41.67115783691406,0.0
2003-02-05,41.67115783691406,0.0
2003-02-06,41.67115783691406,0.0
2003-02-07,42.44763946533203,0.0
2003-02-10,41.412330627441406,0.0
2003-02-11,44.25942611694336,0.0
2003-02-12,45.8123893737793,0.0
2003-02-13,45.55356216430664,0.0
2003-02-14,45.55356216430664,0.0
2003-02-17,46.33004379272461,0.0
2003-02-18,45.8123893737793,0.0
2003-02-19,45.294734954833984,0.0
2003-02-20,45.294734954833984,0.0
2003-02-21,43.224117279052734,0.0
2003-02-24,45.294734954833984,0.0
2003-02-25,43.74177551269531,0.0
2003-02-26,43.74177551269531,0.0
2003-02-27,44.25942611694336,0.0
2003-02-28,44.25942611694336,0.0
2003-03-03,43.74177551269531,0.0
2003-03-04,44.25942611694336,0.0
2003-03-05,42.70646667480469,0.0
2003-03-06,39.85936737060547,0.0
2003-03-07,37.14168167114258,0.0
2003-03-10,37.14168167114258,0.0
2003-03-11,34.55341339111328,0.0
2003-03-12,32.61220932006836,0.0
2003-03-13,34.81224060058594,0.0
2003-03-14,36.23578643798828,0.0
2003-03-17,36.23578643798828,0.0
2003-03-18,37.78874969482422,0.0
2003-03-19,39.60054016113281,0.0
2003-03-20,41.412330627441406,0.0
2003-03-21,41.412330627441406,0.0
2003-03-24,40.118194580078125,0.0
2003-03-25,38.30640411376953,0.0
2003-03-26,38.30640411376953,0.0
2003-03-27,38.43581771850586,0.0
2003-03-28,37.78874969482422,0.0
2003-03-31,36.36520385742188,0.0
2003-04-01,37.78874969482422,0.0
2003-04-02,39.0828857421875,0.0
2003-04-03,40.118194580078125,0.0
2003-04-04,40.118194580078125,0.0
2003-04-07,37.4005126953125,0.0
2003-04-08,34.81224060058594,0.0
2003-04-09,34.81224060058594,0.0
2003-04-10,34.03575897216797,0.0
2003-04-11,33.647518157958984,0.0
2003-04-14,33.77693176269531,0.0
2003-04-15,33.90634536743164,0.0
2003-04-16,34.68282699584961,0.0
2003-04-17,34.941654205322266,0.0
2003-04-18,35.071067810058594,0.0
2003-04-21,35.071067810058594,0.0
2003-04-22,33.90634536743164,0.0
2003-04-23,34.03575897216797,0.0
2003-04-24,33.90634536743164,0.0
2003-04-25,31.706314086914062,0.0
2003-04-28,29.50628662109375,0.0
2003-04-29,28.72980499267578,0.0
2003-04-30,29.765111923217773,0.0
2003-05-01,29.765111923217773,0.0
2003-05-02,30.92983627319336,0.0
2003-05-05,30.282764434814453,0.0
2003-05-06,30.0239372253418,0.0
2003-05-07,30.15335273742676,0.0
2003-05-08,29.37687110900879,0.0
2003-05-09,29.765111923217773,0.0
2003-05-12,29.50628662109375,0.0
2003-05-13,29.765111923217773,0.0
2003-05-14,29.24745750427246,0.0
2003-05-15,27.82391166687012,0.0
2003-05-16,27.435670852661133,0.0
2003-05-19,26.270946502685547,0.0
2003-05-20,25.753293991088867,0.0
2003-05-21,26.012121200561523,0.0
2003-05-22,25.49446678161621,0.0
2003-05-23,26.78860282897949,0.0
2003-05-26,28.470977783203125,0.0
2003-05-27,28.470977783203125,0.0
2003-05-28,30.412181854248047,0.0
2003-05-29,30.282764434814453,0.0
2003-05-30,30.67100524902344,0.0
2003-06-02,31.83572769165039,0.0
2003-06-03,30.67100524902344,0.0
2003-06-04,30.67100524902344,0.0
2003-06-05,31.059246063232425,0.0
2003-06-06,31.18865966796875,0.0
2003-06-09,31.576902389526367,0.0
2003-06-10,31.18865966796875,0.0
2003-06-11,30.0239372253418,0.0
2003-06-12,29.765111923217773,0.0
2003-06-13,31.83572769165039,0.0
2003-06-16,31.31807327270508,0.0
2003-06-17,30.92983627319336,0.0
2003-06-18,31.18865966796875,0.0
2003-06-19,31.059246063232425,0.0
2003-06-20,30.8004207611084,0.0
2003-06-23,30.92983627319336,0.0
2003-06-24,30.8004207611084,0.0
2003-06-25,32.09455490112305,0.0
2003-06-26,31.31807327270508,0.0
2003-06-27,31.706314086914062,0.0
2003-06-30,31.447486877441406,0.0
2003-07-01,32.09455490112305,0.0
2003-07-02,34.294586181640625,0.0
2003-07-03,34.55341339111328,0.0
2003-07-04,35.588722229003906,0.0
2003-07-07,36.62402725219727,0.0
2003-07-08,34.81224060058594,0.0
2003-07-09,33.647518157958984,0.0
2003-07-10,33.647518157958984,0.0
2003-07-11,34.68282699584961,0.0
2003-07-14,37.01226806640625,0.0
2003-07-15,37.01226806640625,0.0
2003-07-16,36.88285446166992,0.0
2003-07-17,35.45930862426758,0.0
2003-07-18,35.588722229003906,0.0
2003-07-21,34.1651725769043,0.0
2003-07-22,34.941654205322266,0.0
2003-07-23,35.588722229003906,0.0
2003-07-24,36.4946174621582,0.0
2003-07-25,36.62402725219727,0.0
2003-07-28,37.01226806640625,0.0
2003-07-29,36.4946174621582,0.0
2003-07-30,35.45930862426758,0.0
2003-07-31,35.20048141479492,0.0
2003-08-01,36.4946174621582,0.0
2003-08-04,35.84754943847656,0.0
2003-08-05,34.68282699584961,0.0
2003-08-06,34.68282699584961,0.0
2003-08-07,34.81224060058594,0.0
2003-08-08,34.55341339111328,0.0
2003-08-11,33.77693176269531,0.0
2003-08-12,33.90634536743164,0.0
2003-08-13,34.294586181640625,0.0
2003-08-14,33.25927734375,0.0
2003-08-15,32.48279571533203,0.0
2003-08-18,34.68282699584961,0.0
2003-08-19,34.68282699584961,0.0
2003-08-20,34.55341339111328,0.0
2003-08-21,34.55341339111328,0.0
2003-08-22,36.10637664794922,0.0
2003-08-25,35.718135833740234,0.0
2003-08-26,34.81224060058594,0.0
2003-08-27,34.1651725769043,0.0
2003-08-28,32.612213134765625,0.410837
2003-08-29,32.92280578613281,0.0
2003-09-01,34.78635787963867,0.0
2003-09-02,34.475765228271484,0.0
2003-09-03,33.69928359985352,0.0
2003-09-04,33.69928359985352,0.0
2003-09-05,33.69928359985352,0.0
2003-09-08,34.32046890258789,0.0
2003-09-09,36.64990997314453,0.0
2003-09-10,37.271095275878906,0.0
2003-09-11,37.271095275878906,0.0
2003-09-12,37.271095275878906,0.0
2003-09-15,39.28995132446289,0.0
2003-09-16,38.82406234741211,0.0
2003-09-17,38.513465881347656,0.0
2003-09-18,38.513465881347656,0.0
2003-09-19,38.82406234741211,0.0
2003-09-22,37.581687927246094,0.0
2003-09-23,38.04757690429688,0.0
2003-09-24,38.66876220703125,0.0
2003-09-25,38.04757690429688,0.0
2003-09-26,38.20287322998047,0.0
2003-09-29,38.66876220703125,0.0
2003-09-30,38.04757690429688,0.0
2003-10-01,37.89228439331055,0.0
2003-10-02,39.13465118408203,0.0
2003-10-03,38.82406234741211,0.0
2003-10-06,38.97935485839844,0.0
2003-10-07,38.97935485839844,0.0
2003-10-08,38.66876220703125,0.0
2003-10-09,37.271095275878906,0.0
2003-10-10,37.271095275878906,0.0
2003-10-13,36.96050262451172,0.0
2003-10-14,37.271095275878906,0.0
2003-10-15,37.73698425292969,0.0
2003-10-16,40.37702178955078,0.0
2003-10-17,41.61939239501953,0.0
2003-10-20,40.37702178955078,0.0
2003-10-21,39.13465118408203,0.0
2003-10-22,39.13465118408203,0.0
2003-10-23,38.97935485839844,0.0
2003-10-24,39.44524383544922,0.0
2003-10-27,39.755836486816406,0.0
2003-10-28,39.755836486816406,0.0
2003-10-29,40.532318115234375,0.0
2003-10-30,40.0664291381836,0.0
2003-10-31,39.13465118408203,0.0
2003-11-03,39.44524383544922,0.0
2003-11-04,39.44524383544922,0.0
2003-11-05,39.755836486816406,0.0
2003-11-06,40.22172927856445,0.0
2003-11-07,43.01705551147461,0.0
2003-11-10,43.79353713989258,0.0
2003-11-11,43.48294448852539,0.0
2003-11-12,42.70646667480469,0.0
2003-11-13,43.01705551147461,0.0
2003-11-14,42.861759185791016,0.0
2003-11-17,41.61939239501953,0.0
2003-11-18,42.861759185791016,0.0
2003-11-19,43.48294448852539,0.0
2003-11-20,43.48294448852539,0.0
2003-11-21,41.46409606933594,0.0
2003-11-24,39.44524383544922,0.0
2003-11-25,39.9111328125,0.0
2003-11-26,40.37702178955078,0.0
2003-11-27,40.0664291381836,0.0
2003-11-28,39.755836486816406,0.0
2003-12-01,39.60054397583008,0.0
2003-12-02,40.532318115234375,0.0
2003-12-03,40.84291076660156,0.0
2003-12-04,42.08528137207031,0.0
2003-12-05,42.24057769775391,0.0
2003-12-08,41.46409606933594,0.0
2003-12-09,40.22172927856445,0.0
2003-12-10,39.755836486816406,0.0
2003-12-11,40.0664291381836,0.0
2003-12-12,40.0664291381836,0.0
2003-12-15,39.28995132446289,0.0
2003-12-16,37.73698425292969,0.0
2003-12-17,37.73698425292969,0.0
2003-12-18,37.581687927246094,0.0
2003-12-19,37.11579895019531,0.0
2003-12-22,37.271095275878906,0.0
2003-12-23,38.20287322998047,0.0
2003-12-24,38.35816955566406,0.0
2003-12-25,38.35816955566406,0.0
2003-12-26,38.35816955566406,0.0
2003-12-29,38.35816955566406,0.0
2003-12-30,38.66876220703125,0.0
2003-12-31,38.66876220703125,0.0
2004-01-01,38.66876220703125,0.0
2004-01-02,38.513465881347656,0.0
2004-01-05,37.4263916015625,0.0
2004-01-06,37.4263916015625,0.0
2004-01-07,38.04757690429688,0.0
2004-01-08,38.20287322998047,0.0
2004-01-09,40.84291076660156,0.0
2004-01-12,41.30879974365234,0.0
2004-01-13,41.30879974365234,0.0
2004-01-14,42.39587020874024,0.0
2004-01-15,42.24057769775391,0.0
2004-01-16,41.92998504638672,0.0
2004-01-19,41.92998504638672,0.0
2004-01-20,41.92998504638672,0.0
2004-01-21,41.92998504638672,0.0
2004-01-22,41.92998504638672,0.0
2004-01-23,41.92998504638672,0.0
2004-01-26,41.92998504638672,0.0
2004-01-27,42.39587020874024,0.0
2004-01-28,43.3276481628418,0.0
2004-01-29,42.70646667480469,0.0
2004-01-30,43.48294448852539,0.0
2004-02-02,42.08528137207031,0.0
2004-02-03,41.15350341796875,0.0
2004-02-04,41.30879974365234,0.0
2004-02-05,41.30879974365234,0.0
2004-02-06,41.15350341796875,0.0
2004-02-09,41.46409606933594,0.0
2004-02-10,41.61939239501953,0.0
2004-02-11,41.92998504638672,0.0
2004-02-12,42.24057769775391,0.0
2004-02-13,42.861759185791016,0.0
2004-02-16,42.24057769775391,0.0
2004-02-17,41.61939239501953,0.0
2004-02-18,42.24057769775391,0.0
2004-02-19,42.861759185791016,0.0
2004-02-20,42.24057769775391,0.0
2004-02-23,42.24057769775391,0.0
2004-02-24,41.61939239501953,0.0
2004-02-25,42.24057769775391,0.0
2004-02-26,42.55117034912109,0.0
2004-02-27,42.24057769775391,0.0
2004-03-01,41.61939239501953,0.0
2004-03-02,42.39587020874024,0.0
2004-03-03,41.774688720703125,0.0
2004-03-04,42.39587020874024,0.0
2004-03-05,42.861759185791016,0.0
2004-03-08,43.48294448852539,0.0
2004-03-09,43.3276481628418,0.0
2004-03-10,43.48294448852539,0.0
2004-03-11,42.55117034912109,0.0
2004-03-12,41.774688720703125,0.0
2004-03-15,40.37702178955078,0.0
2004-03-16,39.755836486816406,0.0
2004-03-17,39.44524383544922,0.0
2004-03-18,40.99820709228516,0.0
2004-03-19,40.68761444091797,0.0
2004-03-22,37.89228439331055,0.0
2004-03-23,39.44524383544922,0.0
2004-03-24,39.44524383544922,0.0
2004-03-25,39.755836486816406,0.0
2004-03-26,39.28995132446289,0.0
2004-03-29,40.37702178955078,0.0
2004-03-30,41.30879974365234,0.0
2004-03-31,41.46409606933594,0.0
2004-04-01,41.15350341796875,0.0
2004-04-02,41.61939239501953,0.0
2004-04-05,42.24057769775391,0.0
2004-04-06,42.55117034912109,0.0
2004-04-07,43.63824081420898,0.0
2004-04-08,46.12298202514648,0.0
2004-04-09,45.50179672241211,0.0
2004-04-12,45.8123893737793,0.0
2004-04-13,46.58887100219727,0.0
2004-04-14,46.89946365356445,0.0
2004-04-15,46.89946365356445,0.0
2004-04-16,45.96768569946289,0.0
2004-04-19,45.34650039672852,0.0
2004-04-20,47.21005630493164,0.0
2004-04-21,47.831241607666016,0.0
2004-04-22,46.89946365356445,0.0
2004-04-23,46.89946365356445,0.0
2004-04-26,47.52064895629883,0.0
2004-04-27,46.12298202514648,0.0
2004-04-28,47.21005630493164,0.0
2004-04-29,45.6570930480957,0.0
2004-04-30,44.72531509399414,0.0
2004-05-03,44.57001876831055,0.0
2004-05-04,45.6570930480957,0.0
2004-05-05,44.25942611694336,0.0
2004-05-06,44.57001876831055,0.0
2004-05-07,45.03590774536133,0.0
2004-05-10,43.48294448852539,0.0
2004-05-11,44.104129791259766,0.0
2004-05-12,45.03590774536133,0.0
2004-05-13,43.94883346557617,0.0
2004-05-14,43.79353713989258,0.0
2004-05-17,42.55117034912109,0.0
2004-05-18,43.3276481628418,0.0
2004-05-19,44.41472244262695,0.0
2004-05-20,43.63824081420898,0.0
2004-05-21,43.48294448852539,0.0
2004-05-24,43.3276481628418,0.0
2004-05-25,43.48294448852539,0.0
2004-05-26,43.3276481628418,0.0
2004-05-27,44.104129791259766,0.0
2004-05-28,44.72531509399414,0.0
2004-05-31,45.8123893737793,0.0
2004-06-01,46.89946365356445,0.0
2004-06-02,47.21005630493164,0.0
2004-06-03,46.27827835083008,0.0
2004-06-04,46.58887100219727,0.0
2004-06-07,46.89946365356445,0.0
2004-06-08,47.831241607666016,0.0
2004-06-09,48.76301956176758,0.0
2004-06-10,48.76301956176758,0.0
2004-06-11,48.1418342590332,0.0
2004-06-14,46.27827835083008,0.0
2004-06-15,43.3276481628418,0.0
2004-06-16,43.3276481628418,0.0
2004-06-17,43.48294448852539,0.0
2004-06-18,43.3276481628418,0.0
2004-06-21,42.24057769775391,0.0
2004-06-22,42.24057769775391,0.0
2004-06-23,42.39587020874024,0.0
2004-06-24,43.17235565185547,0.0
2004-06-25,43.63824081420898,0.0
2004-06-28,43.17235565185547,0.0
2004-06-29,43.48294448852539,0.0
2004-06-30,45.6570930480957,0.0
2004-07-01,43.17235565185547,0.0
2004-07-02,41.774688720703125,0.0
2004-07-05,39.44524383544922,0.0
2004-07-06,39.755836486816406,0.0
2004-07-07,40.37702178955078,0.0
2004-07-08,40.99820709228516,0.0
2004-07-09,41.15350341796875,0.0
2004-07-12,42.24057769775391,0.0
2004-07-13,42.39587020874024,0.0
2004-07-14,42.24057769775391,0.0
2004-07-15,41.30879974365234,0.0
2004-07-16,41.774688720703125,0.0
2004-07-19,42.55117034912109,0.0
2004-07-20,41.15350341796875,0.0
2004-07-21,41.61939239501953,0.0
2004-07-22,40.37702178955078,0.0
2004-07-23,40.0664291381836,0.0
2004-07-26,39.755836486816406,0.0
2004-07-27,39.44524383544922,0.0
2004-07-28,38.97935485839844,0.0
2004-07-29,38.20287322998047,0.0
2004-07-30,37.271095275878906,0.0
2004-08-02,35.562835693359375,0.0
2004-08-03,36.64990997314453,0.0
2004-08-04,36.64990997314453,0.0
2004-08-05,38.35816955566406,0.0
2004-08-06,37.89228439331055,0.0
2004-08-09,37.581687927246094,0.0
2004-08-10,37.271095275878906,0.0
2004-08-11,38.20287322998047,0.0
2004-08-12,37.6438102722168,0.739506
2004-08-13,38.76194381713867,0.0
2004-08-16,40.25278854370117,0.0
2004-08-17,40.25278854370117,0.0
2004-08-18,41.557273864746094,0.0
2004-08-19,43.607181549072266,0.0
2004-08-20,43.23447036743164,0.0
2004-08-23,43.607181549072266,0.0
2004-08-24,43.607181549072266,0.0
2004-08-25,43.607181549072266,0.0
2004-08-26,44.72531509399414,0.0
2004-08-27,43.42082595825195,0.0
2004-08-30,43.23447036743164,0.0
2004-08-31,42.861759185791016,0.0
2004-09-01,44.1662483215332,0.0
2004-09-02,43.607181549072266,0.0
2004-09-03,42.48904800415039,0.0
2004-09-06,42.116336822509766,0.0
2004-09-07,43.607181549072266,0.0
2004-09-08,44.72531509399414,0.0
2004-09-09,44.1662483215332,0.0
2004-09-10,44.53895950317383,0.0
2004-09-13,45.843448638916016,0.0
2004-09-14,44.72531509399414,0.0
2004-09-15,44.72531509399414,0.0
2004-09-16,45.843448638916016,0.0
2004-09-17,46.96158218383789,0.0
2004-09-20,45.843448638916016,0.0
2004-09-21,46.77522659301758,0.0
2004-09-22,48.452423095703125,0.0
2004-09-23,49.197845458984375,0.0
2004-09-24,48.452423095703125,0.0
2004-09-27,47.70700454711914,0.0
2004-09-28,47.70700454711914,0.0
2004-09-29,47.520652770996094,0.0
2004-09-30,48.26607131958008,0.0
2004-10-01,48.82513427734375,0.0
2004-10-04,50.87504577636719,0.0
2004-10-05,50.68869018554688,0.0
2004-10-06,51.80682373046875,0.0
2004-10-07,51.434112548828125,0.0
2004-10-08,48.82513427734375,0.0
2004-10-11,47.70700454711914,0.0
2004-10-12,47.70700454711914,0.0
2004-10-13,48.26607131958008,0.0
2004-10-14,48.452423095703125,0.0
2004-10-15,48.079715728759766,0.0
2004-10-18,48.82513427734375,0.0
2004-10-19,49.570556640625,0.0
2004-10-20,50.12962341308594,0.0
2004-10-21,49.570556640625,0.0
2004-10-22,49.570556640625,0.0
2004-10-25,49.570556640625,0.0
2004-10-26,49.01149368286133,0.0
2004-10-27,49.01149368286133,0.0
2004-10-28,51.0614013671875,0.0
2004-10-29,51.80682373046875,0.0
2004-11-01,54.0430908203125,0.0
2004-11-02,54.415802001953125,0.0
2004-11-03,55.34757995605469,0.0
2004-11-04,54.415802001953125,0.0
2004-11-05,54.60215759277344,0.0
2004-11-08,55.34757995605469,0.0
2004-11-09,56.27935409545898,0.0
2004-11-10,56.27935409545898,0.0
2004-11-11,55.161224365234375,0.0
2004-11-12,53.67037963867188,0.0
2004-11-15,53.67037963867188,0.0
2004-11-16,53.48402404785156,0.0
2004-11-17,52.92495727539063,0.0
2004-11-18,54.0430908203125,0.0
2004-11-19,53.48402404785156,0.0
2004-11-22,52.179534912109375,0.0
2004-11-23,53.67037963867188,0.0
2004-11-24,52.92495727539063,0.0
2004-11-25,53.48402404785156,0.0
2004-11-26,51.62046813964844,0.0
2004-11-29,49.197845458984375,0.0
2004-11-30,48.452423095703125,0.0
2004-12-01,49.197845458984375,0.0
2004-12-02,51.99317932128906,0.0
2004-12-03,52.92495727539063,0.0
2004-12-06,53.11131286621094,0.0
2004-12-07,52.73860168457031,0.0
2004-12-08,54.78851318359375,0.0
2004-12-09,55.161224365234375,0.0
2004-12-10,54.78851318359375,0.0
2004-12-13,53.29766845703125,0.0
2004-12-14,52.179534912109375,0.0
2004-12-15,55.34757995605469,0.0
2004-12-16,55.906646728515625,0.0
2004-12-17,56.65206527709961,0.0
2004-12-20,56.65206527709961,0.0
2004-12-21,55.533935546875,0.0
2004-12-22,54.97486877441406,0.0
2004-12-23,55.161224365234375,0.0
2004-12-24,55.34757995605469,0.0
2004-12-27,55.533935546875,0.0
2004-12-28,55.161224365234375,0.0
2004-12-29,55.72029113769531,0.0
2004-12-30,57.02477645874024,0.0
2004-12-31,57.02477645874024,0.0
2005-01-03,56.27935409545898,0.0
2005-01-04,54.60215759277344,0.0
2005-01-05,53.29766845703125,0.0
2005-01-06,54.78851318359375,0.0
2005-01-07,54.60215759277344,0.0
2005-01-10,55.161224365234375,0.0
2005-01-11,54.415802001953125,0.0
2005-01-12,53.67037963867188,0.0
2005-01-13,54.0430908203125,0.0
2005-01-14,56.27935409545898,0.0
2005-01-17,56.65206527709961,0.0
2005-01-18,57.02477645874024,0.0
2005-01-19,57.02477645874024,0.0
2005-01-20,57.02477645874024,0.0
2005-01-21,55.533935546875,0.0
2005-01-24,56.27935409545898,0.0
2005-01-25,55.906646728515625,0.0
2005-01-26,55.906646728515625,0.0
2005-01-27,57.77019882202149,0.0
2005-01-28,57.77019882202149,0.0
2005-01-31,60.006465911865234,0.0
2005-02-01,60.75188827514648,0.0
2005-02-02,59.63375473022461,0.0
2005-02-03,60.006465911865234,0.0
2005-02-04,60.006465911865234,0.0
2005-02-07,60.006465911865234,0.0
2005-02-08,60.006465911865234,0.0
2005-02-09,60.006465911865234,0.0
2005-02-10,60.006465911865234,0.0
2005-02-11,60.006465911865234,0.0
2005-02-14,64.10628509521484,0.0
2005-02-15,65.22441864013672,0.0
2005-02-16,66.3425521850586,0.0
2005-02-17,64.8517074584961,0.0
2005-02-18,68.20610809326172,0.0
2005-02-21,66.71526336669922,0.0
2005-02-22,66.71526336669922,0.0
2005-02-23,70.06966400146484,0.0
2005-02-24,71.18779754638672,0.0
2005-02-25,69.3242416381836,0.0
2005-02-28,69.3242416381836,0.0
2005-03-01,68.57881927490234,0.0
2005-03-02,68.57881927490234,0.0
2005-03-03,72.11957550048828,0.0
2005-03-04,72.3059310913086,0.0
2005-03-07,72.11957550048828,0.0
2005-03-08,74.91490936279297,0.0
2005-03-09,76.03303527832031,0.0
2005-03-10,74.91490936279297,0.0
2005-03-11,80.13285827636719,0.0
2005-03-14,85.35081481933594,0.0
2005-03-15,81.99641418457031,0.0
2005-03-16,80.13285827636719,0.0
2005-03-17,77.89659118652344,0.0
2005-03-18,83.11454772949219,0.0
2005-03-21,84.791748046875,0.0
2005-03-22,83.48725891113281,0.0
2005-03-23,84.791748046875,0.0
2005-03-24,82.92819213867188,0.0
2005-03-25,84.97810363769531,0.0
2005-03-28,84.23268127441406,0.0
2005-03-29,80.50556945800781,0.0
2005-03-30,79.76014709472656,0.0
2005-03-31,84.97810363769531,0.0
2005-04-01,85.72352600097656,0.0
2005-04-04,87.40072631835938,0.0
2005-04-05,87.40072631835938,0.0
2005-04-06,85.35081481933594,0.0
2005-04-07,85.35081481933594,0.0
2005-04-08,87.02801513671875,0.0
2005-04-11,85.72352600097656,0.0
2005-04-12,83.85997009277344,0.0
2005-04-13,83.67361450195312,0.0
2005-04-14,83.3009033203125,0.0
2005-04-15,82.18276977539062,0.0
2005-04-18,78.45565795898438,0.0
2005-04-19,81.25099182128906,0.0
2005-04-20,76.40574645996094,0.0
2005-04-21,75.10126495361328,0.0
2005-04-22,76.77845764160156,0.0
2005-04-25,78.828369140625,0.0
2005-04-26,79.01472473144531,0.0
2005-04-27,78.64201354980469,0.0
2005-04-28,81.81005859375,0.0
2005-04-29,81.81005859375,0.0
2005-05-02,81.81005859375,0.0
2005-05-03,87.40072631835938,0.0
2005-05-04,91.68689727783205,0.0
2005-05-05,94.2958755493164,0.0
2005-05-06,97.83663177490234,0.0
2005-05-09,99.88654327392578,0.0
2005-05-10,100.63196563720705,0.0
2005-05-11,104.35907745361328,0.0
2005-05-12,102.49552154541016,0.0
2005-05-13,101.7500991821289,0.0
2005-05-16,101.00467681884766,0.0
2005-05-17,101.00467681884766,0.0
2005-05-18,103.2409439086914,0.0
2005-05-19,104.35907745361328,0.0
2005-05-20,104.35907745361328,0.0
2005-05-23,101.5637435913086,0.0
2005-05-24,98.7684097290039,0.0
2005-05-25,97.65027618408205,0.0
2005-05-26,99.14112091064452,0.0
2005-05-27,99.70018768310548,0.0
2005-05-30,102.68187713623048,0.0
2005-05-31,103.42729949951172,0.0
2005-06-01,100.63196563720705,0.0
2005-06-02,98.20934295654295,0.0
2005-06-03,98.39569854736328,0.0
2005-06-06,97.46392059326172,0.0
2005-06-07,97.65027618408205,0.0
2005-06-08,100.2592544555664,0.0
2005-06-09,101.5637435913086,0.0
2005-06-10,103.98636627197266,0.0
2005-06-13,104.91814422607422,0.0
2005-06-14,101.93645477294922,0.0
2005-06-15,105.66356658935548,0.0
2005-06-16,105.66356658935548,0.0
2005-06-17,103.61365509033205,0.0
2005-06-20,103.2409439086914,0.0
2005-06-21,102.68187713623048,0.0
2005-06-22,104.35907745361328,0.0
2005-06-23,105.10449981689452,0.0
2005-06-24,103.42729949951172,0.0
2005-06-27,101.19103240966795,0.0
2005-06-28,101.7500991821289,0.0
2005-06-29,99.88654327392578,0.0
2005-06-30,99.88654327392578,0.0
2005-07-01,105.84992218017578,0.0
2005-07-04,110.13609313964844,0.0
2005-07-05,111.99964904785156,0.0
2005-07-06,110.13609313964844,0.0
2005-07-07,110.50880432128906,0.0
2005-07-08,112.5587158203125,0.0
2005-07-11,115.3540496826172,0.0
2005-07-12,123.3673324584961,0.0
2005-07-13,123.18097686767578,0.0
2005-07-14,128.2125701904297,0.0
2005-07-15,132.6851043701172,0.0
2005-07-18,132.6851043701172,0.0
2005-07-19,141.25746154785156,0.0
2005-07-20,144.05279541015625,0.0
2005-07-21,154.11598205566406,0.0
2005-07-22,156.53860473632812,0.0
2005-07-25,167.34722900390625,0.0
2005-07-26,162.87469482421875,0.0
2005-07-27,166.97451782226562,0.0
2005-07-28,178.528564453125,0.0
2005-07-29,172.00611877441406,0.0
2005-08-01,175.91958618164062,0.0
2005-08-02,163.6201171875,0.0
2005-08-03,174.98780822753906,0.0
2005-08-04,179.7957763671875,1.479012
2005-08-05,179.7957763671875,0.0
2005-08-08,177.55950927734375,0.0
2005-08-09,171.0743408203125,0.0
2005-08-10,167.71994018554688,0.0
2005-08-11,156.53860473632812,0.0
2005-08-12,147.5935516357422,0.0
2005-08-15,146.2517852783203,0.0
2005-08-16,152.28970336914062,0.0
2005-08-17,156.53860473632812,0.0
2005-08-18,149.82980346679688,0.0
2005-08-19,140.66111755371094,0.0
2005-08-22,146.92266845703125,0.0
2005-08-23,144.4627685546875,0.0
2005-08-24,150.5006866455078,0.0
2005-08-25,157.88037109375,0.0
2005-08-26,156.53860473632812,0.0
2005-08-29,159.89300537109375,0.0
2005-08-30,156.0913543701172,0.0
2005-08-31,160.5638885498047,0.0
2005-09-01,160.5638885498047,0.0
2005-09-02,171.74522399902344,0.0
2005-09-05,165.0364227294922,0.0
2005-09-06,165.70730590820312,0.0
2005-09-07,161.01113891601562,0.0
2005-09-08,163.24740600585938,0.0
2005-09-09,166.15455627441406,0.0
2005-09-12,175.3232421875,0.0
2005-09-13,168.1671905517578,0.0
2005-09-14,167.27268981933594,0.0
2005-09-15,167.27268981933594,0.0
2005-09-16,162.3529052734375,0.0
2005-09-19,165.48367309570312,0.0
2005-09-20,176.8886260986328,0.0
2005-09-21,173.5342254638672,0.0
2005-09-22,172.6397247314453,0.0
2005-09-23,166.378173828125,0.0
2005-09-26,166.378173828125,0.0
2005-09-27,167.71994018554688,0.0
2005-09-28,170.8507080078125,0.0
2005-09-29,165.6966552734375,0.0
2005-09-30,172.29896545410156,0.0
2005-10-03,178.47532653808594,0.0
2005-10-04,180.39212036132807,0.0
2005-10-05,177.83639526367188,0.0
2005-10-06,170.80812072753906,0.0
2005-10-07,175.91958618164062,0.0
2005-10-10,175.91958618164062,0.0
2005-10-11,172.93789672851562,0.0
2005-10-12,172.08599853515625,0.0
2005-10-13,164.63177490234375,0.0
2005-10-14,165.2707061767578,0.0
2005-10-17,153.76991271972656,0.0
2005-10-18,152.0660858154297,0.0
2005-10-19,142.695068359375,0.0
2005-10-20,152.49203491210938,0.0
2005-10-21,156.11265563964844,0.0
2005-10-24,152.49203491210938,0.0
2005-10-25,153.76991271972656,0.0
2005-10-26,145.25079345703125,0.0
2005-10-27,146.52867126464844,0.0
2005-10-28,143.97293090820312,0.0
2005-10-31,151.64013671875,0.0
2005-11-01,158.88137817382812,0.0
2005-11-02,169.95620727539062,0.0
2005-11-03,166.97451782226562,0.0
2005-11-04,171.2340850830078,0.0
2005-11-07,170.169189453125,0.0
2005-11-08,168.46536254882812,0.0
2005-11-09,178.90127563476562,0.0
2005-11-10,179.5402069091797,0.0
2005-11-11,180.1791381835937,0.0
2005-11-14,184.438705444336,0.0
2005-11-15,180.8180694580078,0.0
2005-11-16,186.35549926757807,0.0
2005-11-17,199.34713745117188,0.0
2005-11-18,212.9777069091797,0.0
2005-11-21,208.9311370849609,0.0
2005-11-22,198.49522399902344,0.0
2005-11-23,204.88455200195312,0.0
2005-11-24,201.2639312744141,0.0
2005-11-25,204.0326538085937,0.0
2005-11-28,213.40367126464844,0.0
2005-11-29,207.44029235839844,0.0
2005-11-30,212.12579345703125,0.0
2005-12-01,215.10748291015625,0.0
2005-12-02,218.51513671875,0.0
2005-12-05,233.423568725586,0.0
2005-12-06,230.01593017578125,0.0
2005-12-07,215.533447265625,0.0
2005-12-08,222.77468872070312,0.0
2005-12-09,230.01593017578125,0.0
2005-12-12,221.9227752685547,0.0
2005-12-13,211.27389526367188,0.0
2005-12-14,215.10748291015625,0.0
2005-12-15,219.36705017089844,0.0
2005-12-16,234.7014312744141,0.0
2005-12-19,242.3686370849609,0.0
2005-12-20,245.7762756347656,0.0
2005-12-21,243.2205505371093,0.0
2005-12-22,254.934310913086,0.0
2005-12-23,254.29537963867188,0.0
2005-12-26,262.98486328125,0.0
2005-12-27,260.6847229003906,0.0
2005-12-28,267.07403564453125,0.0
2005-12-29,268.3519287109375,0.0
2005-12-30,262.3885498046875,0.0
2006-01-02,270.05572509765625,0.0
2006-01-03,269.6297912597656,0.0
2006-01-04,271.7595520019531,0.0
2006-01-05,290.5015869140625,0.0
2006-01-06,296.0390319824219,0.0
2006-01-09,299.4466552734375,0.0
2006-01-10,298.1687927246094,0.0
2006-01-11,283.2603454589844,0.0
2006-01-12,279.00079345703125,0.0
2006-01-13,280.7046203613281,0.0
2006-01-16,291.7794494628906,0.0
2006-01-17,295.1871032714844,0.0
2006-01-18,278.1488952636719,0.0
2006-01-19,287.5198974609375,0.0
2006-01-20,279.00079345703125,0.0
2006-01-23,268.3519287109375,0.0
2006-01-24,287.0939636230469,0.0
2006-01-25,289.2237243652344,0.0
2006-02-03,306.6878967285156,0.0
2006-02-06,305.83599853515625,0.0
2006-02-07,298.1687927246094,0.0
2006-02-08,292.6313781738281,0.0
2006-02-09,284.1122741699219,0.0
2006-02-10,279.00079345703125,0.0
2006-02-13,281.1305847167969,0.0
2006-02-14,298.1687927246094,0.0
2006-02-15,294.335205078125,0.0
2006-02-16,304.1321716308594,0.0
2006-02-17,303.2802734375,0.0
2006-02-20,306.6878967285156,0.0
2006-02-21,304.98406982421875,0.0
2006-02-22,291.7794494628906,0.0
2006-02-23,289.6496887207031,0.0
2006-02-24,293.0573425292969,0.0
2006-02-27,301.1504821777344,0.0
2006-03-01,313.0772399902344,0.0
2006-03-02,313.0772399902344,0.0
2006-03-03,313.0772399902344,0.0
2006-03-06,334.80096435546875,0.0
2006-03-07,331.8192749023437,0.0
2006-03-08,333.0971374511719,0.0
2006-03-09,327.5597229003906,0.0
2006-03-10,341.1903076171875,0.0
2006-03-13,365.0437927246094,0.0
2006-03-14,369.7293090820313,0.0
2006-03-15,395.28662109375,0.0
2006-03-16,371.8590698242188,0.0
2006-03-17,381.2301025390625,0.0
2006-03-20,383.3598937988281,0.0
2006-03-21,367.173583984375,0.0
2006-03-22,370.5812072753906,0.0
2006-03-23,356.0987243652344,0.0
2006-03-24,331.393310546875,0.0
2006-03-27,350.1353454589844,0.0
2006-03-28,356.0987243652344,0.0
2006-03-29,362.4880676269531,0.0
2006-03-30,356.0987243652344,0.0
2006-03-31,378.2484130859375,0.0
2006-04-03,386.3415832519531,0.0
2006-04-04,379.5262756347656,0.0
2006-04-06,388.4713439941406,0.0
2006-04-07,378.2484130859375,0.0
2006-04-10,389.7492065429688,0.0
2006-04-11,385.9156188964844,0.0
2006-04-12,398.69427490234375,0.0
2006-04-13,384.63775634765625,0.0
2006-04-14,391.8789978027344,0.0
2006-04-17,385.9156188964844,0.0
2006-04-18,404.231689453125,0.0
2006-04-19,411.0469970703125,0.0
2006-04-20,417.4363098144531,0.0
2006-04-21,422.9737243652344,0.0
2006-04-24,423.3996887207031,0.0
2006-04-25,416.158447265625,0.0
2006-04-26,428.085205078125,0.0
2006-04-27,423.3996887207031,0.0
2006-04-28,434.4745178222656,0.0
2006-05-02,464.2914123535156,0.0
2006-05-03,496.2380676269531,0.0
2006-05-04,502.6274108886719,0.0
2006-05-05,489.8487243652344,0.0
2006-05-08,498.3678588867188,0.0
2006-05-09,487.7189636230469,0.0
2006-05-10,481.3296203613281,0.0
2006-05-11,494.1082763671875,0.0
2006-05-12,462.16162109375,0.0
2006-05-15,474.9403076171875,0.0
2006-05-16,481.3296203613281,0.0
2006-05-17,479.1998596191406,0.0
2006-05-18,500.9235534667969,0.0
2006-05-19,518.8136596679688,0.0
2006-05-22,460.0318603515625,0.0
2006-05-23,428.085205078125,0.0
2006-05-24,415.3065490722656,0.0
2006-05-25,421.6958618164063,0.0
2006-05-26,392.304931640625,0.0
2006-05-29,398.0553283691406,0.0
2006-05-30,379.1003112792969,0.0
2006-06-01,428.085205078125,0.0
2006-06-02,442.99365234375,0.0
2006-06-05,412.3248596191406,0.0
2006-06-06,387.6194458007813,0.0
2006-06-07,370.5812072753906,0.0
2006-06-08,345.0238952636719,0.0
2006-06-09,353.5429992675781,0.0
2006-06-12,372.71099853515625,0.0
2006-06-13,355.6727905273437,0.0
2006-06-14,380.3782043457031,0.0
2006-06-15,379.1003112792969,0.0
2006-06-16,352.69110107421875,0.0
2006-06-19,328.41162109375,0.0
2006-06-20,327.9856872558594,0.0
2006-06-21,317.3367919921875,0.0
2006-06-22,339.4864807128906,0.0
2006-06-23,353.5429992675781,0.0
2006-06-26,358.65447998046875,0.0
2006-06-27,362.0621032714844,0.0
2006-06-28,372.71099853515625,0.0
2006-06-29,362.0621032714844,0.0
2006-06-30,379.1003112792969,0.0
2006-07-03,386.76751708984375,0.0
2006-07-04,388.4713439941406,0.0
2006-07-05,385.9156188964844,0.0
2006-07-06,400.3981018066406,0.0
2006-07-07,397.4164123535156,0.0
2006-07-10,419.14013671875,0.0
2006-07-11,390.1751708984375,0.0
2006-07-12,376.9705505371094,0.0
2006-07-13,381.2301025390625,0.0
2006-07-14,366.7476196289063,0.0
2006-07-17,341.1903076171875,0.0
2006-07-18,353.1170349121094,0.0
2006-07-19,351.83917236328125,0.0
2006-07-20,370.5812072753906,0.0
2006-07-21,379.1003112792969,0.0
2006-07-24,374.84075927734375,0.0
2006-07-25,383.3598937988281,0.0
2006-07-26,401.99114990234375,4.969481
2006-07-27,405.21136474609375,0.0
2006-07-28,391.0270690917969,0.0
2006-07-31,372.1146545410156,0.0
2006-08-01,377.2261352539063,0.0
2006-08-02,375.6926879882813,0.0
2006-08-03,358.8248596191406,0.0
2006-08-04,360.3582763671875,0.0
2006-08-07,377.2261352539063,0.0
2006-08-08,381.3153076171875,0.0
2006-08-09,397.6719970703125,0.0
2006-08-10,398.1831359863281,0.0
2006-08-11,390.0047912597656,0.0
2006-08-14,399.2054138183594,0.0
2006-08-15,401.76116943359375,0.0
2006-08-16,409.93951416015625,0.0
2006-08-17,424.2515869140625,0.0
2006-08-18,420.1624145507813,0.0
2006-08-21,395.1162414550781,0.0
2006-08-22,406.8726196289063,0.0
2006-08-23,416.58441162109375,0.0
2006-08-24,416.58441162109375,0.0
2006-08-25,412.4952392578125,0.0
2006-08-28,403.8057556152344,0.0
2006-08-29,410.9617919921875,0.0
2006-08-30,424.2515869140625,0.0
2006-08-31,424.2515869140625,0.0
2006-09-01,426.2961730957031,0.0
2006-09-04,439.58599853515625,0.0
2006-09-05,435.496826171875,0.0
2006-09-06,426.8073425292969,0.0
2006-09-07,432.429931640625,0.0
2006-09-08,432.429931640625,0.0
2006-09-11,463.7120971679688,0.0
2006-09-12,427.8296203613281,0.0
2006-09-13,430.3853454589844,0.0
2006-09-14,436.0079650878906,0.0
2006-09-15,447.2532043457031,0.0
2006-09-18,477.9219970703125,0.0
2006-09-19,475.3662414550781,0.0
2006-09-20,483.5445861816406,0.0
2006-09-21,483.033447265625,0.0
2006-09-22,476.3885498046875,0.0
2006-09-25,477.4108276367188,0.0
2006-09-26,468.7213439941406,0.0
2006-09-27,467.6990661621094,0.0
2006-09-28,436.0079650878906,0.0
2006-09-29,447.7643432617188,0.0
2006-10-02,442.6528625488281,0.0
2006-10-03,450.8312072753906,0.0
2006-10-04,446.23089599609375,0.0
2006-10-05,445.7197570800781,0.0
2006-10-09,445.7197570800781,0.0
2006-10-11,415.5621032714844,0.0
2006-10-12,397.6719970703125,0.0
2006-10-13,414.5398254394531,0.0
2006-10-16,419.6512756347656,0.0
2006-10-17,419.6512756347656,0.0
2006-10-18,416.58441162109375,0.0
2006-10-19,418.1178283691406,0.0
2006-10-20,418.6289978027344,0.0
2006-10-23,404.8280334472656,0.0
2006-10-24,400.7388610839844,0.0
2006-10-25,409.4283447265625,0.0
2006-10-26,443.3173522949219,0.0
2006-10-27,425.7850341796875,0.0
2006-10-30,430.8965148925781,0.0
2006-10-31,421.6958618164063,0.0
2006-11-01,428.8519287109375,0.0
2006-11-02,433.4522399902344,0.0
2006-11-03,437.0302734375,0.0
2006-11-06,429.3630676269531,0.0
2006-11-07,431.9187927246094,0.0
2006-11-08,424.2515869140625,0.0
2006-11-09,395.6274108886719,0.0
2006-11-10,401.25,0.0
2006-11-13,395.6274108886719,0.0
2006-11-14,401.25,0.0
2006-11-15,396.1385498046875,0.0
2006-11-16,378.7595520019531,0.0
2006-11-17,361.3805847167969,0.0
2006-11-20,362.9140319824219,0.0
2006-11-21,384.893310546875,0.0
2006-11-22,375.6926879882813,0.0
2006-11-23,368.0254821777344,0.0
2006-11-24,373.136962890625,0.0
2006-11-27,371.0923767089844,0.0
2006-11-28,393.4039001464844,0.0
2006-11-29,382.3375854492188,0.0
2006-11-30,382.3375854492188,0.0
2006-12-01,384.893310546875,0.0
2006-12-04,372.6257934570313,0.0
2006-12-05,376.7149658203125,0.0
2006-12-06,360.8694458007813,0.0
2006-12-07,371.0923767089844,0.0
2006-12-08,354.7356872558594,0.0
2006-12-11,330.2006530761719,0.0
2006-12-12,307.1990661621094,0.0
2006-12-13,324.5780334472656,0.0
2006-12-14,342.4681701660156,0.0
2006-12-15,332.7563781738281,0.0
2006-12-18,338.3789978027344,0.0
2006-12-19,332.2452392578125,0.0
2006-12-20,335.3121032714844,0.0
2006-12-21,333.7786560058594,0.0
2006-12-22,332.2452392578125,0.0
2006-12-25,329.6894836425781,0.0
2006-12-26,328.15606689453125,0.0
2006-12-27,331.2229309082031,0.0
2006-12-28,328.6672058105469,0.0
2006-12-29,329.6894836425781,0.0
2007-01-02,339.4012756347656,0.0
2007-01-03,342.4681701660156,0.0
2007-01-04,342.4681701660156,0.0
2007-01-05,345.5350341796875,0.0
2007-01-08,322.0223083496094,0.0
2007-01-09,314.3551025390625,0.0
2007-01-10,301.5764465332031,0.0
2007-01-11,280.61944580078125,0.0
2007-01-12,264.26275634765625,0.0
2007-01-15,268.3519287109375,0.0
2007-01-16,262.2181701660156,0.0
2007-01-17,275.5079650878906,0.0
2007-01-18,270.9076538085937,0.0
2007-01-19,270.9076538085937,0.0
2007-01-22,251.99522399902344,0.0
2007-01-23,240.4944305419922,0.0
2007-01-24,248.9283447265625,0.0
2007-01-25,249.695068359375,0.0
2007-01-26,249.4394989013672,0.0
2007-01-29,248.41720581054688,0.0
2007-01-30,243.8168792724609,0.0
2007-01-31,261.6430969238281,0.0
2007-02-01,256.0844116210937,0.0
2007-02-02,253.0175170898437,0.0
2007-02-05,247.9060516357422,0.0
2007-02-06,244.3280334472656,0.0
2007-02-07,251.4840850830078,0.0
2007-02-08,244.83917236328125,0.0
2007-02-09,243.56130981445312,0.0
2007-02-12,245.8614654541016,0.0
2007-02-13,257.6178283691406,0.0
2007-02-14,256.0844116210937,0.0
2007-02-26,247.39491271972656,0.0
2007-02-27,247.6504821777344,0.0
2007-03-01,240.75,0.0
2007-03-02,231.2937927246093,0.0
2007-03-05,220.81529235839844,0.0
2007-03-06,220.3041381835937,0.0
2007-03-07,234.27120971679688,0.0
2007-03-08,233.33837890625,0.0
2007-03-09,238.83319091796875,0.0
2007-03-12,225.6711883544922,0.0
2007-03-13,233.33837890625,0.0
2007-03-14,230.01593017578125,0.0
2007-03-15,246.11705017089844,0.0
2007-03-16,248.9283447265625,0.0
2007-03-19,253.2730865478516,0.0
2007-03-20,248.9283447265625,0.0
2007-03-21,249.9506378173828,0.0
2007-03-22,249.695068359375,0.0
2007-03-23,250.7173614501953,0.0
2007-03-26,253.0175170898437,0.0
2007-03-27,258.1289978027344,0.0
2007-03-28,258.1289978027344,0.0
2007-03-29,258.64013671875,0.0
2007-03-30,260.6847229003906,0.0
2007-04-02,253.0175170898437,0.0
2007-04-03,259.1512756347656,0.0
2007-04-04,258.64013671875,0.0
2007-04-09,264.7738952636719,0.0
2007-04-10,266.8184814453125,0.0
2007-04-11,266.3073425292969,0.0
2007-04-12,264.7738952636719,0.0
2007-04-13,259.66241455078125,0.0
2007-04-16,257.106689453125,0.0
2007-04-17,249.4394989013672,0.0
2007-04-18,253.0175170898437,0.0
2007-04-19,253.0175170898437,0.0
2007-04-20,257.106689453125,0.0
2007-04-23,254.29537963867188,0.0
2007-04-24,250.7173614501953,0.0
2007-04-25,253.2730865478516,0.0
2007-04-26,259.1512756347656,0.0
2007-04-27,256.0844116210937,0.0
2007-04-30,255.57325744628903,0.0
2007-05-02,267.3296203613281,0.0
2007-05-03,285.7308959960937,0.0
2007-05-04,294.4203796386719,0.0
2007-05-07,294.4203796386719,0.0
2007-05-08,295.44268798828125,0.0
2007-05-09,275.5079650878906,0.0
2007-05-10,281.6417236328125,0.0
2007-05-11,283.1751708984375,0.0
2007-05-14,277.55255126953125,0.0
2007-05-15,273.9745178222656,0.0
2007-05-16,275.5079650878906,0.0
2007-05-17,278.5748596191406,0.0
2007-05-18,284.19744873046875,0.0
2007-05-21,291.8646545410156,0.0
2007-05-22,293.90924072265625,0.0
2007-05-23,297.4872741699219,0.0
2007-05-24,300.0429992675781,0.0
2007-05-25,296.4649658203125,0.0
2007-05-28,298.5095520019531,0.0
2007-05-29,303.1098937988281,0.0
2007-05-30,304.1321716308594,0.0
2007-05-31,314.8662414550781,0.0
2007-06-01,313.8439636230469,0.0
2007-06-04,322.533447265625,0.0
2007-06-05,320.4888610839844,0.0
2007-06-06,311.2882080078125,0.0
2007-06-07,320.4888610839844,0.0
2007-06-08,321.5111389160156,0.0
2007-06-11,325.08917236328125,0.0
2007-06-12,325.6003112792969,0.0
2007-06-13,321.5111389160156,0.0
2007-06-14,319.466552734375,0.0
2007-06-15,321.0,0.0
2007-06-20,314.3551025390625,0.0
2007-06-21,315.3773803710937,0.0
2007-06-22,335.3121032714844,0.0
2007-06-25,328.6672058105469,0.0
2007-06-26,314.8662414550781,0.0
2007-06-27,307.710205078125,0.0
2007-06-28,304.1321716308594,0.0
2007-06-29,300.0429992675781,0.0
2007-07-02,285.2197570800781,0.0
2007-07-03,286.7532043457031,0.0
2007-07-04,294.4203796386719,0.0
2007-07-05,292.37579345703125,0.0
2007-07-06,303.6210327148437,0.0
2007-07-09,310.7770690917969,0.0
2007-07-10,314.8662414550781,0.0
2007-07-11,308.2213439941406,0.0
2007-07-12,308.2213439941406,0.0
2007-07-13,306.1767578125,0.0
2007-07-16,299.0207214355469,0.0
2007-07-17,304.643310546875,0.0
2007-07-18,296.4649658203125,0.0
2007-07-19,295.9538269042969,0.0
2007-07-20,300.5541381835937,0.0
2007-07-23,297.9984130859375,0.0
2007-07-24,318.4442749023437,0.0
2007-07-25,324.5780334472656,0.0
2007-07-26,317.9331359863281,0.0
2007-07-27,308.2213439941406,0.0
2007-07-30,316.91082763671875,0.0
2007-07-31,307.1990661621094,0.0
2007-08-01,293.90924072265625,0.0
2007-08-02,295.44268798828125,0.0
2007-08-03,294.9315490722656,0.0
2007-08-06,298.5095520019531,0.0
2007-08-07,305.15447998046875,0.0
2007-08-08,306.1767578125,0.0
2007-08-09,300.0429992675781,0.0
2007-08-10,293.3981018066406,0.0
2007-08-13,289.3089294433594,0.0
2007-08-14,287.724365234375,10.616119
2007-08-15,279.08599853515625,0.0
2007-08-16,265.1316833496094,0.0
2007-08-17,265.7961730957031,0.0
2007-08-20,277.75701904296875,0.0
2007-08-21,267.1251525878906,0.0
2007-08-22,268.12188720703125,0.0
2007-08-23,277.092529296875,0.0
2007-08-24,279.08599853515625,0.0
2007-08-27,285.06640625,0.0
2007-08-28,280.4149780273437,0.0
2007-08-29,273.77008056640625,0.0
2007-08-30,278.0892639160156,0.0
2007-08-31,297.3594665527344,0.0
2007-09-03,317.95867919921875,0.0
2007-09-04,320.9488830566406,0.0
2007-09-05,316.9619445800781,0.0
2007-09-06,324.9358215332031,0.0
2007-09-07,312.9750061035156,0.0
2007-09-10,304.00439453125,0.0
2007-09-11,297.69171142578125,0.0
2007-09-12,303.33990478515625,0.0
2007-09-13,300.0174560546875,0.0
2007-09-14,307.9913330078125,0.0
2007-09-17,299.0207214355469,0.0
2007-09-18,299.0207214355469,0.0
2007-09-19,307.32684326171875,0.0
2007-09-20,309.6525573730469,0.0
2007-09-21,313.97174072265625,0.0
2007-09-26,308.3235778808594,0.0
2007-09-27,314.63623046875,0.0
2007-09-28,317.95867919921875,0.0
2007-10-01,328.9227905273437,0.0
2007-10-02,351.51544189453125,0.0
2007-10-03,370.7856750488281,0.0
2007-10-04,385.4044799804688,0.0
2007-10-05,395.371826171875,0.0
2007-10-08,392.0493774414063,0.0
2007-10-09,392.7138671875,0.0
2007-10-11,397.36529541015625,0.0
2007-10-12,386.0689697265625,0.0
2007-10-15,392.0493774414063,0.0
2007-10-16,408.66162109375,0.0
2007-10-17,404.6746826171875,0.0
2007-10-18,406.003662109375,0.0
2007-10-19,416.6355285644531,0.0
2007-10-22,416.6355285644531,0.0
2007-10-23,445.2086181640625,0.0
2007-10-24,435.9057312011719,0.0
2007-10-25,441.88616943359375,0.0
2007-10-26,457.83392333984375,0.0
2007-10-29,452.51800537109375,0.0
2007-10-30,456.50494384765625,0.0
2007-10-31,439.2281799316406,0.0
2007-11-01,439.2281799316406,0.0
2007-11-02,408.66162109375,0.0
2007-11-05,418.6289978027344,0.0
2007-11-06,413.3130798339844,0.0
2007-11-07,417.3000183105469,0.0
2007-11-08,395.371826171875,0.0
2007-11-09,417.3000183105469,0.0
2007-11-12,408.66162109375,0.0
2007-11-13,398.69427490234375,0.0
2007-11-14,426.6028747558594,0.0
2007-11-15,421.9514465332031,0.0
2007-11-16,413.3130798339844,0.0
2007-11-19,417.3000183105469,0.0
2007-11-20,426.6028747558594,0.0
2007-11-21,398.69427490234375,0.0
2007-11-22,396.7008056640625,0.0
2007-11-23,376.7660827636719,0.0
2007-11-26,382.0820007324219,0.0
2007-11-27,395.371826171875,0.0
2007-11-28,385.4044799804688,0.0
2007-11-29,388.7269287109375,0.0
2007-11-30,398.02978515625,0.0
2007-12-03,392.0493774414063,0.0
2007-12-04,411.9840698242188,0.0
2007-12-05,420.6224670410156,0.0
2007-12-06,422.6159362792969,0.0
2007-12-07,415.3065490722656,0.0
2007-12-10,407.99713134765625,0.0
2007-12-11,401.3522338867188,0.0
2007-12-12,406.003662109375,0.0
2007-12-13,382.7464904785156,0.0
2007-12-14,384.0755004882813,0.0
2007-12-17,357.4958801269531,0.0
2007-12-18,332.90972900390625,0.0
2007-12-19,356.1669006347656,0.0
2007-12-20,348.85748291015625,0.0
2007-12-21,358.8248596191406,0.0
2007-12-24,357.4958801269531,0.0
2007-12-25,359.4893493652344,0.0
2007-12-26,365.4697570800781,0.0
2007-12-27,372.7791442871094,0.0
2007-12-28,385.4044799804688,0.0
2007-12-31,417.9312438964844,0.0
2008-01-02,384.739990234375,0.0
2008-01-03,358.1603698730469,0.0
2008-01-04,353.5089111328125,0.0
2008-01-07,334.2387084960937,0.0
2008-01-08,357.4958801269531,0.0
2008-01-09,364.8052673339844,0.0
2008-01-10,369.4566955566406,0.0
2008-01-11,377.4305725097656,0.0
2008-01-14,370.1211853027344,0.0
2008-01-15,382.0820007324219,0.0
2008-01-16,362.8117980957031,0.0
2008-01-17,368.1277160644531,0.0
2008-01-18,385.4044799804688,0.0
2008-01-21,394.0428466796875,0.0
2008-01-22,366.7987365722656,0.0
2008-01-23,359.4893493652344,0.0
2008-01-24,369.4566955566406,0.0
2008-01-25,394.7073364257813,0.0
2008-01-28,378.7595520019531,0.0
2008-01-29,382.7464904785156,0.0
2008-01-30,378.7595520019531,0.0
2008-01-31,394.7073364257813,0.0
2008-02-01,398.02978515625,0.0
2008-02-12,404.01019287109375,0.0
2008-02-13,419.9579772949219,0.0
2008-02-14,423.9449157714844,0.0
2008-02-15,423.9449157714844,0.0
2008-02-18,427.9318542480469,0.0
2008-02-19,425.9383850097656,0.0
2008-02-20,429.9253234863281,0.0
2008-02-21,451.853515625,0.0
2008-02-22,450.5245361328125,0.0
2008-02-25,455.1759643554688,0.0
2008-02-26,453.8469848632813,0.0
2008-02-27,442.5506591796875,0.0
2008-02-29,437.2347106933594,0.0
2008-03-03,422.6159362792969,0.0
2008-03-04,437.2347106933594,0.0
2008-03-05,441.88616943359375,0.0
2008-03-06,458.4984130859375,0.0
2008-03-07,449.195556640625,0.0
2008-03-10,439.2281799316406,0.0
2008-03-11,441.88616943359375,0.0
2008-03-12,441.88616943359375,0.0
2008-03-13,432.5832824707031,0.0
2008-03-14,429.9253234863281,0.0
2008-03-17,415.3065490722656,0.0
2008-03-18,417.3000183105469,0.0
2008-03-19,425.9383850097656,0.0
2008-03-20,421.9514465332031,0.0
2008-03-21,435.9057312011719,0.0
2008-03-24,435.2412414550781,0.0
2008-03-25,454.511474609375,0.0
2008-03-26,449.195556640625,0.0
2008-03-27,438.5636901855469,0.0
2008-03-28,450.5245361328125,0.0
2008-03-31,453.8469848632813,0.0
2008-04-01,442.5506591796875,0.0
2008-04-02,452.51800537109375,0.0
2008-04-03,449.8600463867188,0.0
2008-04-07,456.50494384765625,0.0
2008-04-08,479.7621154785156,0.0
2008-04-09,495.7098693847656,0.0
2008-04-10,498.3678588867188,0.0
2008-04-11,530.9278564453125,0.0
2008-04-14,532.9213256835938,0.0
2008-04-15,528.9343872070312,0.0
2008-04-16,536.2437744140625,0.0
2008-04-17,522.2894897460938,0.0
2008-04-18,502.3547973632813,0.0
2008-04-21,520.2960205078125,0.0
2008-04-22,514.9801025390625,0.0
2008-04-23,521.625,0.0
2008-04-24,526.94091796875,0.0
2008-04-25,518.3025512695312,0.0
2008-04-28,528.2698974609375,0.0
2008-04-29,520.9605102539062,0.0
2008-04-30,521.625,0.0
2008-05-02,533.5858154296875,0.0
2008-05-05,543.55322265625,0.0
2008-05-06,551.527099609375,0.0
2008-05-07,552.8560791015625,0.0
2008-05-08,542.8887329101562,0.0
2008-05-09,547.5401611328125,0.0
2008-05-12,561.4944458007812,0.0
2008-05-13,562.8234252929688,0.0
2008-05-14,551.527099609375,0.0
2008-05-15,562.158935546875,0.0
2008-05-16,587.4095458984375,0.0
2008-05-19,589.4030151367188,0.0
2008-05-20,574.7842407226562,0.0
2008-05-21,563.4879150390625,0.0
2008-05-22,562.158935546875,0.0
2008-05-23,551.527099609375,0.0
2008-05-26,512.9866333007812,0.0
2008-05-27,507.0062255859375,0.0
2008-05-28,511.65765380859375,0.0
2008-05-29,536.2437744140625,0.0
2008-05-30,537.57275390625,0.0
2008-06-02,561.4944458007812,0.0
2008-06-03,548.2046508789062,0.0
2008-06-04,551.527099609375,0.0
2008-06-05,567.474853515625,0.0
2008-06-06,558.8364868164062,0.0
2008-06-09,546.211181640625,0.0
2008-06-10,508.335205078125,0.0
2008-06-11,494.3808898925781,0.0
2008-06-12,475.7751770019531,0.0
2008-06-13,478.4331359863281,0.0
2008-06-16,460.4918823242188,0.0
2008-06-17,481.7555847167969,0.0
2008-06-18,496.3743591308594,0.0
2008-06-19,481.0910949707031,0.0
2008-06-20,468.46575927734375,0.0
2008-06-23,481.7555847167969,0.0
2008-06-24,467.80126953125,0.0
2008-06-25,451.853515625,0.0
2008-06-26,440.5571899414063,0.0
2008-06-27,441.88616943359375,0.0
2008-06-30,451.853515625,0.0
2008-07-01,465.143310546875,0.0
2008-07-02,471.7882385253906,0.0
2008-07-03,478.4331359863281,0.0
2008-07-04,445.2086181640625,0.0
2008-07-07,433.2477722167969,0.0
2008-07-08,420.6224670410156,0.0
2008-07-09,423.9449157714844,0.0
2008-07-10,428.5963439941406,0.0
2008-07-11,456.50494384765625,0.0
2008-07-14,455.1759643554688,0.0
2008-07-15,418.9612426757813,17.378986
2008-07-16,395.63763427734375,0.0
2008-07-17,423.2804260253906,0.0
2008-07-18,418.097412109375,0.0
2008-07-21,431.0549621582031,0.0
2008-07-22,423.71234130859375,0.0
2008-07-23,425.4400024414063,0.0
2008-07-24,454.3785705566406,0.0
2008-07-25,444.8763732910156,0.0
2008-07-28,444.8763732910156,0.0
2008-07-29,427.599609375,0.0
2008-07-30,424.1442565917969,0.0
2008-07-31,419.8250732421875,0.0
2008-08-01,432.7826232910156,0.0
2008-08-04,436.2379760742188,0.0
2008-08-05,431.9187927246094,0.0
2008-08-06,462.1531066894531,0.0
2008-08-07,486.1677856445313,0.0
2008-08-08,491.5235900878906,0.0
2008-08-11,504.4811706542969,0.0
2008-08-12,503.6173095703125,0.0
2008-08-13,501.8896484375,0.0
2008-08-14,502.7534790039063,0.0
2008-08-15,505.3450012207031,0.0
2008-08-18,492.3874206542969,0.0
2008-08-19,471.65533447265625,0.0
2008-08-20,488.0682373046875,0.0
2008-08-21,475.1106872558594,0.0
2008-08-22,487.2044067382813,0.0
2008-08-25,496.7066040039063,0.0
2008-08-26,509.6641845703125,0.0
2008-08-27,525.2132568359375,0.0
2008-08-28,518.3025512695312,0.0
2008-08-29,510.5280151367188,0.0
2008-09-01,489.7959289550781,0.0
2008-09-02,488.93206787109375,0.0
2008-09-03,488.0682373046875,0.0
2008-09-04,465.60845947265625,0.0
2008-09-05,452.6509094238281,0.0
2008-09-08,483.7490539550781,0.0
2008-09-09,467.3361511230469,0.0
2008-09-10,482.0213928222656,0.0
2008-09-11,466.4722900390625,0.0
2008-09-12,451.7870788574219,0.0
2008-09-15,458.69775390625,0.0
2008-09-16,437.1018371582031,0.0
2008-09-17,446.6040344238281,0.0
2008-09-18,464.74462890625,0.0
2008-09-19,482.0213928222656,0.0
2008-09-22,475.9745178222656,0.0
2008-09-23,494.97894287109375,0.0
2008-09-24,484.6128845214844,0.0
2008-09-25,483.7490539550781,0.0
2008-09-26,450.0593872070313,0.0
2008-09-29,450.0593872070313,0.0
2008-09-30,418.9612426757813,0.0
2008-10-01,421.552734375,0.0
2008-10-02,392.1822814941406,0.0
2008-10-03,383.9757995605469,0.0
2008-10-06,357.19683837890625,0.0
2008-10-07,358.9245300292969,0.0
2008-10-08,352.4457397460937,0.0
2008-10-09,355.0372619628906,0.0
2008-10-13,344.67120361328125,0.0
2008-10-14,368.4267272949219,0.0
2008-10-15,384.4077453613281,0.0
2008-10-16,371.0182495117188,0.0
2008-10-17,367.9948120117188,0.0
2008-10-20,378.3608703613281,0.0
2008-10-21,375.7693481445313,0.0
2008-10-22,362.8117980957031,0.0
2008-10-23,350.2861328125,0.0
2008-10-24,338.1924133300781,0.0
2008-10-27,314.8688049316406,0.0
2008-10-28,310.54962158203125,0.0
2008-10-29,304.0708312988281,0.0
2008-10-30,325.23486328125,0.0
2008-10-31,339.92010498046875,0.0
2008-11-03,349.8542175292969,0.0
2008-11-04,345.1031188964844,0.0
2008-11-05,342.5115966796875,0.0
2008-11-06,318.7560729980469,0.0
2008-11-07,338.62432861328125,0.0
2008-11-10,321.3475952148437,0.0
2008-11-11,322.21142578125,0.0
2008-11-12,328.25830078125,0.0
2008-11-13,305.79852294921875,0.0
2008-11-14,311.8453674316406,0.0
2008-11-17,293.70477294921875,0.0
2008-11-18,273.40460205078125,0.0
2008-11-19,254.83209228515625,0.0
2008-11-20,237.1234130859375,0.0
2008-11-21,250.51290893554688,0.0
2008-11-24,259.1512756347656,0.0
2008-11-25,264.3343200683594,0.0
2008-11-26,272.1088562011719,0.0
2008-11-27,288.5217590332031,0.0
2008-11-28,284.2025756835937,0.0
2008-12-01,285.93023681640625,0.0
2008-12-02,267.7896423339844,0.0
2008-12-03,259.1512756347656,0.0
2008-12-04,263.0385437011719,0.0
2008-12-05,255.6959228515625,0.0
2008-12-08,273.40460205078125,0.0
2008-12-09,285.93023681640625,0.0
2008-12-10,304.9346618652344,0.0
2008-12-11,299.75164794921875,0.0
2008-12-12,280.7472229003906,0.0
2008-12-15,300.1835632324219,0.0
2008-12-16,300.1835632324219,0.0
2008-12-17,300.1835632324219,0.0
2008-12-18,300.1835632324219,0.0
2008-12-19,298.4559020996094,0.0
2008-12-22,291.11328125,0.0
2008-12-23,283.3387451171875,0.0
2008-12-24,280.7472229003906,0.0
2008-12-25,272.1088562011719,0.0
2008-12-26,272.1088562011719,0.0
2008-12-29,266.9258117675781,0.0
2008-12-30,285.06640625,0.0
2008-12-31,282.4748840332031,0.0
2009-01-02,282.4748840332031,0.0
2009-01-05,295.4324645996094,0.0
2009-01-06,293.70477294921875,0.0
2009-01-07,299.75164794921875,0.0
2009-01-08,279.01953125,0.0
2009-01-09,286.7940673828125,0.0
2009-01-12,281.1791381835937,0.0
2009-01-13,286.3621520996094,0.0
2009-01-14,282.4748840332031,0.0
2009-01-15,270.38116455078125,0.0
2009-01-16,272.9726867675781,0.0
2009-01-19,278.5876159667969,0.0
2009-01-20,271.2449951171875,0.0
2009-01-21,273.8365173339844,0.0
2009-02-02,278.1557006835937,0.0
2009-02-03,287.6579284667969,0.0
2009-02-04,291.97711181640625,0.0
2009-02-05,272.1088562011719,0.0
2009-02-06,285.06640625,0.0
2009-02-09,304.9346618652344,0.0
2009-02-10,316.16455078125,0.0
2009-02-11,336.4647521972656,0.0
2009-02-12,320.4837341308594,0.0
2009-02-13,341.2158508300781,0.0
2009-02-16,336.89666748046875,0.0
2009-02-17,321.7795104980469,0.0
2009-02-18,321.7795104980469,0.0
2009-02-19,330.84979248046875,0.0
2009-02-20,319.6199035644531,0.0
2009-02-23,329.9859619140625,0.0
2009-02-24,324.3710327148437,0.0
2009-02-25,323.5071716308594,0.0
2009-02-26,326.9625244140625,0.0
2009-02-27,332.5774841308594,0.0
2009-03-02,324.8029479980469,0.0
2009-03-03,326.5306091308594,0.0
2009-03-04,330.4178771972656,0.0
2009-03-05,337.760498046875,0.0
2009-03-06,339.0562438964844,0.0
2009-03-09,324.8029479980469,0.0
2009-03-10,323.9390869140625,0.0
2009-03-11,324.8029479980469,0.0
2009-03-12,331.713623046875,0.0
2009-03-13,354.6053466796875,0.0
2009-03-16,357.19683837890625,0.0
2009-03-17,365.4032897949219,0.0
2009-03-18,363.2437133789063,0.0
2009-03-19,376.2012634277344,0.0
2009-03-20,370.5863342285156,0.0
2009-03-23,374.0416870117188,0.0
2009-03-24,370.5863342285156,0.0
2009-03-25,376.2012634277344,0.0
2009-03-26,378.3608703613281,0.0
2009-03-27,373.1778564453125,0.0
2009-03-30,359.3564453125,0.0
2009-03-31,360.22027587890625,0.0
2009-04-02,373.1778564453125,0.0
2009-04-03,375.7693481445313,0.0
2009-04-06,357.6287536621094,0.0
2009-04-07,347.2627258300781,0.0
2009-04-08,345.5350341796875,0.0
2009-04-09,358.4926147460937,0.0
2009-04-10,357.6287536621094,0.0
2009-04-13,359.3564453125,0.0
2009-04-14,355.9010925292969,0.0
2009-04-15,359.3564453125,0.0
2009-04-16,381.8162231445313,0.0
2009-04-17,360.22027587890625,0.0
2009-04-20,367.1309814453125,0.0
2009-04-21,367.1309814453125,0.0
2009-04-22,365.4032897949219,0.0
2009-04-23,360.6521911621094,0.0
2009-04-24,358.4926147460937,0.0
2009-04-27,359.7883605957031,0.0
2009-04-28,364.5394592285156,0.0
2009-04-29,361.9479675292969,0.0
2009-04-30,386.9992370605469,0.0
2009-05-04,413.7781982421875,0.0
2009-05-05,401.6844787597656,0.0
2009-05-06,398.2291259765625,0.0
2009-05-07,380.0885314941406,0.0
2009-05-08,388.7269287109375,0.0
2009-05-11,394.34185791015625,0.0
2009-05-12,393.9099426269531,0.0
2009-05-13,402.5483093261719,0.0
2009-05-14,400.38873291015625,0.0
2009-05-15,397.36529541015625,0.0
2009-05-18,397.36529541015625,0.0
2009-05-19,422.4165954589844,0.0
2009-05-20,443.148681640625,0.0
2009-05-21,437.9656677246094,0.0
2009-05-22,442.2848510742188,0.0
2009-05-25,430.623046875,0.0
2009-05-26,423.71234130859375,0.0
2009-05-27,452.6509094238281,0.0
2009-06-01,463.88079833984375,0.0
2009-06-02,447.4678649902344,0.0
2009-06-03,435.3741455078125,0.0
2009-06-04,417.2335510253906,0.0
2009-06-05,413.3462829589844,0.0
2009-06-08,397.36529541015625,0.0
2009-06-09,377.0651245117188,0.0
2009-06-10,375.7693481445313,0.0
2009-06-11,400.8206481933594,0.0
2009-06-12,390.45458984375,0.0
2009-06-15,373.1778564453125,0.0
2009-06-16,375.7693481445313,0.0
2009-06-17,358.4926147460937,0.0
2009-06-18,359.7883605957031,0.0
2009-06-19,369.2905578613281,0.0
2009-06-22,383.54388427734375,0.0
2009-06-23,371.4501647949219,0.0
2009-06-24,386.9992370605469,0.0
2009-06-25,393.0461120605469,0.0
2009-06-26,393.9099426269531,0.0
2009-06-29,390.0226745605469,0.0
2009-06-30,400.8206481933594,0.0
2009-07-01,418.9612426757813,0.0
2009-07-02,411.1867065429688,0.0
2009-07-03,406.003662109375,0.0
2009-07-06,399.0929565429688,0.0
2009-07-07,412.050537109375,0.0
2009-07-08,402.5483093261719,0.0
2009-07-09,397.36529541015625,0.0
2009-07-10,395.2056884765625,0.0
2009-07-13,384.4077453613281,0.0
2009-07-14,392.61419677734375,0.0
2009-07-15,394.34185791015625,0.0
2009-07-16,404.2760009765625,0.0
2009-07-17,407.2994384765625,0.0
2009-07-20,421.9846801757813,0.0
2009-07-21,423.2804260253906,0.0
2009-07-22,421.552734375,0.0
2009-07-23,415.073974609375,0.0
2009-07-24,409.4590148925781,0.0
2009-07-27,416.8016357421875,0.0
2009-07-28,424.1442565917969,0.0
2009-07-29,397.36529541015625,0.0
2009-07-30,386.9992370605469,0.0
2009-07-31,386.56732177734375,0.0
2009-08-03,337.86846923828125,22.212961
2009-08-04,314.28570556640625,0.0
2009-08-05,297.50567626953125,0.0
2009-08-06,311.1111145019531,0.0
2009-08-07,311.1111145019531,0.0
2009-08-10,308.3900146484375,0.0
2009-08-11,317.4603271484375,0.0
2009-08-12,312.01812744140625,0.0
2009-08-13,315.6462707519531,0.0
2009-08-14,312.9251708984375,0.0
2009-08-17,307.4830017089844,0.0
2009-08-18,302.9478454589844,0.0
2009-08-19,307.02947998046875,0.0
2009-08-20,302.9478454589844,0.0
2009-08-21,301.1337890625,0.0
2009-08-24,306.5759582519531,0.0
2009-08-25,301.1337890625,0.0
2009-08-26,294.7845764160156,0.0
2009-08-27,295.6916198730469,0.0
2009-08-28,301.5873107910156,0.0
2009-08-31,300.22674560546875,0.0
2009-09-01,313.3786926269531,0.0
2009-09-02,316.0997619628906,0.0
2009-09-03,314.28570556640625,0.0
2009-09-04,332.8798217773437,0.0
2009-09-07,335.6009216308594,0.0
2009-09-08,330.1587219238281,0.0
2009-09-09,317.4603271484375,0.0
2009-09-10,315.6462707519531,0.0
2009-09-11,318.3673400878906,0.0
2009-09-14,319.2743835449219,0.0
2009-09-15,321.08843994140625,0.0
2009-09-16,324.2630310058594,0.0
2009-09-17,326.5306091308594,0.0
2009-09-18,327.4376525878906,0.0
2009-09-21,331.0657653808594,0.0
2009-09-22,326.5306091308594,0.0
2009-09-23,327.4376525878906,0.0
2009-09-24,325.1700744628906,0.0
2009-09-25,318.3673400878906,0.0
2009-09-28,308.3900146484375,0.0
2009-09-29,318.3673400878906,0.0
2009-09-30,320.181396484375,0.0
2009-10-01,316.0997619628906,0.0
2009-10-02,314.7392272949219,0.0
2009-10-05,319.7279052734375,0.0
2009-10-06,321.9954528808594,0.0
2009-10-07,326.5306091308594,0.0
2009-10-08,315.6462707519531,0.0
2009-10-09,315.6462707519531,0.0
2009-10-12,313.8321838378906,0.0
2009-10-13,310.6575927734375,0.0
2009-10-14,313.8321838378906,0.0
2009-10-15,313.8321838378906,0.0
2009-10-16,321.08843994140625,0.0
2009-10-19,320.181396484375,0.0
2009-10-20,314.7392272949219,0.0
2009-10-21,312.9251708984375,0.0
2009-10-22,303.4013671875,0.0
2009-10-23,299.3197326660156,0.0
2009-10-26,293.8775634765625,0.0
2009-10-27,302.9478454589844,0.0
2009-10-28,302.0408020019531,0.0
2009-10-29,297.50567626953125,0.0
2009-10-30,299.3197326660156,0.0
2009-11-02,307.9364929199219,0.0
2009-11-03,303.8548889160156,0.0
2009-11-04,305.2154235839844,0.0
2009-11-05,308.3900146484375,0.0
2009-11-06,311.1111145019531,0.0
2009-11-09,317.4603271484375,0.0
2009-11-10,328.3446655273437,0.0
2009-11-11,328.3446655273437,0.0
2009-11-12,324.2630310058594,0.0
2009-11-13,330.1587219238281,0.0
2009-11-16,336.5079345703125,0.0
2009-11-17,331.0657653808594,0.0
2009-11-18,337.4149780273437,0.0
2009-11-19,341.0430908203125,0.0
2009-11-20,333.7868347167969,0.0
2009-11-23,333.7868347167969,0.0
2009-11-24,331.0657653808594,0.0
2009-11-25,332.8798217773437,0.0
2009-11-26,339.2290344238281,0.0
2009-11-27,328.7981872558594,0.0
2009-11-30,331.0657653808594,0.0
2009-12-01,334.6938781738281,0.0
2009-12-02,333.3333435058594,0.0
2009-12-03,331.519287109375,0.0
2009-12-04,323.8095092773437,0.0
2009-12-07,315.1927490234375,0.0
2009-12-08,315.1927490234375,0.0
2009-12-09,311.1111145019531,0.0
2009-12-10,312.9251708984375,0.0
2009-12-11,312.01812744140625,0.0
2009-12-14,313.8321838378906,0.0
2009-12-15,312.01812744140625,0.0
2009-12-16,310.6575927734375,0.0
2009-12-17,312.01812744140625,0.0
2009-12-18,310.2040710449219,0.0
2009-12-21,313.3786926269531,0.0
2009-12-22,313.3786926269531,0.0
2009-12-23,313.3786926269531,0.0
2009-12-24,312.9251708984375,0.0
2009-12-25,321.5419616699219,0.0
2009-12-28,318.82086181640625,0.0
2009-12-29,317.913818359375,0.0
2009-12-30,320.6349182128906,0.0
2009-12-31,332.4263000488281,0.0
2010-01-04,331.519287109375,0.0
2010-01-05,337.4149780273437,0.0
2010-01-06,338.7755126953125,0.0
2010-01-07,324.716552734375,0.0
2010-01-08,332.4263000488281,0.0
2010-01-11,334.6938781738281,0.0
2010-01-12,340.5895690917969,0.0
2010-01-13,339.6825256347656,0.0
2010-01-14,343.3106689453125,0.0
2010-01-15,342.40362548828125,0.0
2010-01-18,340.13604736328125,0.0
2010-01-19,337.4149780273437,0.0
2010-01-20,333.7868347167969,0.0
2010-01-21,334.2403564453125,0.0
2010-01-22,332.8798217773437,0.0
2010-01-25,332.4263000488281,0.0
2010-01-26,326.0770874023437,0.0
2010-01-27,303.4013671875,0.0
2010-01-28,295.6916198730469,0.0
2010-01-29,285.7142944335937,0.0
2010-02-01,285.2607727050781,0.0
2010-02-02,288.43536376953125,0.0
2010-02-03,286.16778564453125,0.0
2010-02-04,286.16778564453125,0.0
2010-02-05,272.1088562011719,0.0
2010-02-08,252.15419006347656,0.0
2010-02-09,269.38775634765625,0.0
2010-02-10,278.9115600585937,0.0
2010-02-22,290.2494201660156,0.0
2010-02-23,292.97052001953125,0.0
2010-02-24,291.1564636230469,0.0
2010-02-25,288.8888854980469,0.0
2010-02-26,293.8775634765625,0.0
2010-03-01,294.7845764160156,0.0
2010-03-02,299.3197326660156,0.0
2010-03-03,293.4240417480469,0.0
2010-03-04,290.2494201660156,0.0
2010-03-05,292.5169982910156,0.0
2010-03-08,307.02947998046875,0.0
2010-03-09,306.1224365234375,0.0
2010-03-10,306.1224365234375,0.0
2010-03-11,306.5759582519531,0.0
2010-03-12,310.2040710449219,0.0
2010-03-15,303.8548889160156,0.0
2010-03-16,305.2154235839844,0.0
2010-03-17,312.9251708984375,0.0
2010-03-18,317.4603271484375,0.0
2010-03-19,320.181396484375,0.0
2010-03-22,317.913818359375,0.0
2010-03-23,322.9024963378906,0.0
2010-03-24,320.6349182128906,0.0
2010-03-25,326.984130859375,0.0
2010-03-26,335.1473999023437,0.0
2010-03-29,334.2403564453125,0.0
2010-03-30,329.251708984375,0.0
2010-03-31,336.5079345703125,0.0
2010-04-01,341.0430908203125,0.0
2010-04-02,340.13604736328125,0.0
2010-04-06,345.5782165527344,0.0
2010-04-07,364.6258544921875,0.0
2010-04-08,354.19500732421875,0.0
2010-04-09,351.4739074707031,0.0
2010-04-12,357.8231201171875,0.0
2010-04-13,352.83447265625,0.0
2010-04-14,358.2766418457031,0.0
2010-04-15,358.73016357421875,0.0
2010-04-16,355.5555419921875,0.0
2010-04-19,350.56689453125,0.0
2010-04-20,358.73016357421875,0.0
2010-04-21,360.9977416992188,0.0
2010-04-22,365.5328674316406,0.0
2010-04-23,368.25396728515625,0.0
2010-04-26,374.6031799316406,0.0
2010-04-27,378.684814453125,0.0
2010-04-28,374.6031799316406,0.0
2010-04-29,376.8707580566406,0.0
2010-04-30,384.1269836425781,0.0
2010-05-03,391.3832092285156,0.0
2010-05-04,404.53515625,0.0
2010-05-05,399.0929565429688,0.0
2010-05-06,380.952392578125,0.0
2010-05-07,380.952392578125,0.0
2010-05-10,379.1383361816406,0.0
2010-05-11,377.3242492675781,0.0
2010-05-12,377.3242492675781,0.0
2010-05-13,391.8367309570313,0.0
2010-05-14,388.6621398925781,0.0
2010-05-17,386.3945617675781,0.0
2010-05-18,399.0929565429688,0.0
2010-05-19,405.4421691894531,0.0
2010-05-20,397.2789001464844,0.0
2010-05-21,382.31292724609375,0.0
2010-05-24,403.6281127929688,0.0
2010-05-25,390.4761962890625,0.0
2010-05-26,385.0340270996094,0.0
2010-05-27,385.4875183105469,0.0
2010-05-28,394.5578308105469,0.0
2010-05-31,394.5578308105469,0.0
2010-06-01,388.6621398925781,0.0
2010-06-02,373.24261474609375,0.0
2010-06-03,379.1383361816406,0.0
2010-06-04,375.51019287109375,0.0
2010-06-07,368.25396728515625,0.0
2010-06-08,385.4875183105469,0.0
2010-06-09,377.77777099609375,0.0
2010-06-10,378.2312927246094,0.0
2010-06-11,379.5918273925781,0.0
2010-06-14,383.6734619140625,0.0
2010-06-15,391.3832092285156,0.0
2010-06-17,392.2902526855469,0.0
2010-06-18,392.7437744140625,0.0
2010-06-21,399.0929565429688,0.0
2010-06-22,392.7437744140625,0.0
2010-06-23,390.0226745605469,0.0
2010-06-24,386.84808349609375,0.0
2010-06-25,382.7664489746094,0.0
2010-06-28,383.6734619140625,0.0
2010-06-29,380.952392578125,0.0
2010-06-30,390.0226745605469,0.0
2010-07-01,390.0226745605469,0.0
2010-07-02,400.0,0.0
2010-07-05,427.6643981933594,0.0
2010-07-06,448.9795837402344,0.0
2010-07-07,454.4217529296875,0.0
2010-07-08,478.91156005859375,0.0
2010-07-09,477.0975036621094,0.0
2010-07-12,504.3083801269531,0.0
2010-07-13,494.3310546875,0.0
2010-07-14,497.9591979980469,0.0
2010-07-15,517.913818359375,0.0
2010-07-16,512.4716796875,0.0
2010-07-19,513.378662109375,0.0
2010-07-20,523.3560180664062,0.0
2010-07-21,507.9364929199219,0.0
2010-07-22,503.4013671875,0.0
2010-07-23,499.7732543945313,0.0
2010-07-26,517.0067749023438,0.0
2010-07-27,517.913818359375,0.0
2010-07-28,507.6190490722656,23.58277
2010-07-29,542.8571166992188,0.0
2010-07-30,560.0,0.0
2010-08-02,580.0,0.0
2010-08-03,555.2380981445312,0.0
2010-08-04,556.1904907226562,0.0
2010-08-05,573.3333129882812,0.0
2010-08-06,574.2857055664062,0.0
2010-08-09,571.4285888671875,0.0
2010-08-10,573.3333129882812,0.0
2010-08-11,560.952392578125,0.0
2010-08-12,556.1904907226562,0.0
2010-08-13,561.90478515625,0.0
2010-08-16,593.3333129882812,0.0
2010-08-17,581.90478515625,0.0
2010-08-18,582.8571166992188,0.0
2010-08-19,580.0,0.0
2010-08-20,589.5238037109375,0.0
2010-08-23,613.3333129882812,0.0
2010-08-24,609.5238037109375,0.0
2010-08-25,606.6666870117188,0.0
2010-08-26,599.047607421875,0.0
2010-08-27,594.2857055664062,0.0
2010-08-30,594.2857055664062,0.0
2010-08-31,557.1428833007812,0.0
2010-09-01,567.6190185546875,0.0
2010-09-02,561.90478515625,0.0
2010-09-03,585.7142944335938,0.0
2010-09-06,594.2857055664062,0.0
2010-09-07,620.0,0.0
2010-09-08,615.2380981445312,0.0
2010-09-09,625.7142944335938,0.0
2010-09-10,638.09521484375,0.0
2010-09-13,681.90478515625,0.0
2010-09-14,719.047607421875,0.0
2010-09-15,695.2380981445312,0.0
2010-09-16,697.1428833007812,0.0
2010-09-17,710.4761962890625,0.0
2010-09-20,695.2380981445312,0.0
2010-09-21,682.8571166992188,0.0
2010-09-23,700.952392578125,0.0
2010-09-24,689.5238037109375,0.0
2010-09-27,687.6190185546875,0.0
2010-09-28,682.8571166992188,0.0
2010-09-29,682.8571166992188,0.0
2010-09-30,675.2380981445312,0.0
2010-10-01,673.3333129882812,0.0
2010-10-04,664.7619018554688,0.0
2010-10-05,664.7619018554688,0.0
2010-10-06,684.7619018554688,0.0
2010-10-07,692.3809814453125,0.0
2010-10-08,678.09521484375,0.0
2010-10-11,680.952392578125,0.0
2010-10-12,665.7142944335938,0.0
2010-10-13,637.1428833007812,0.0
2010-10-14,651.4285888671875,0.0
2010-10-15,638.09521484375,0.0
2010-10-18,594.2857055664062,0.0
2010-10-19,608.5714111328125,0.0
2010-10-20,639.047607421875,0.0
2010-10-21,659.047607421875,0.0
2010-10-22,644.7619018554688,0.0
2010-10-25,639.047607421875,0.0
2010-10-26,643.8095092773438,0.0
2010-10-27,643.8095092773438,0.0
2010-10-28,674.2857055664062,0.0
2010-10-29,658.09521484375,0.0
2010-11-01,703.8095092773438,0.0
2010-11-02,702.8571166992188,0.0
2010-11-03,709.5238037109375,0.0
2010-11-04,720.0,0.0
2010-11-05,723.8095092773438,0.0
2010-11-08,737.1428833007812,0.0
2010-11-09,740.0,0.0
2010-11-10,742.8571166992188,0.0
2010-11-11,727.6190185546875,0.0
2010-11-12,727.6190185546875,0.0
2010-11-15,741.90478515625,0.0
2010-11-16,759.047607421875,0.0
2010-11-17,752.3809814453125,0.0
2010-11-18,764.7619018554688,0.0
2010-11-19,787.6190185546875,0.0
2010-11-22,834.2857055664062,0.0
2010-11-23,821.90478515625,0.0
2010-11-24,787.6190185546875,0.0
2010-11-25,804.7619018554688,0.0
2010-11-26,796.1904907226562,0.0
2010-11-29,804.7619018554688,0.0
2010-11-30,804.7619018554688,0.0
2010-12-01,819.047607421875,0.0
2010-12-02,849.5238037109375,0.0
2010-12-03,840.952392578125,0.0
2010-12-06,839.047607421875,0.0
2010-12-07,824.7619018554688,0.0
2010-12-08,834.2857055664062,0.0
2010-12-09,829.5238037109375,0.0
2010-12-10,854.2857055664062,0.0
2010-12-13,857.1428833007812,0.0
2010-12-14,865.7142944335938,0.0
2010-12-15,860.0,0.0
2010-12-16,850.4761962890625,0.0
2010-12-17,830.4761962890625,0.0
2010-12-20,823.8095092773438,0.0
2010-12-21,836.1904907226562,0.0
2010-12-22,870.4761962890625,0.0
2010-12-23,870.4761962890625,0.0
2010-12-24,857.1428833007812,0.0
2010-12-27,857.1428833007812,0.0
2010-12-28,850.4761962890625,0.0
2010-12-29,838.09521484375,0.0
2010-12-30,855.2380981445312,0.0
2010-12-31,857.1428833007812,0.0
2011-01-03,877.1428833007812,0.0
2011-01-04,875.2380981445312,0.0
2011-01-05,853.3333129882812,0.0
2011-01-06,863.8095092773438,0.0
2011-01-07,847.6190185546875,0.0
2011-01-10,847.6190185546875,0.0
2011-01-11,851.4285888671875,0.0
2011-01-12,835.2380981445312,0.0
2011-01-13,823.8095092773438,0.0
2011-01-14,807.6190185546875,0.0
2011-01-17,835.2380981445312,0.0
2011-01-18,833.3333129882812,0.0
2011-01-19,847.6190185546875,0.0
2011-01-20,851.4285888671875,0.0
2011-01-21,845.7142944335938,0.0
2011-01-24,852.3809814453125,0.0
2011-01-25,882.8571166992188,0.0
2011-01-26,904.7619018554688,0.0
2011-01-27,928.5714111328124,0.0
2011-01-28,932.3809814453124,0.0
2011-02-08,942.8571166992188,0.0
2011-02-09,945.7142944335938,0.0
2011-02-10,903.8095092773438,0.0
2011-02-11,883.8095092773438,0.0
2011-02-14,895.2380981445312,0.0
2011-02-15,926.6666870117188,0.0
2011-02-16,922.8571166992188,0.0
2011-02-17,918.09521484375,0.0
2011-02-18,945.7142944335938,0.0
2011-02-21,952.3809814453124,0.0
2011-02-22,942.8571166992188,0.0
2011-02-23,945.7142944335938,0.0
2011-02-24,949.5238037109376,0.0
2011-02-25,1014.2857055664062,0.0
2011-03-01,1038.09521484375,0.0
2011-03-02,1047.6190185546875,0.0
2011-03-03,1047.6190185546875,0.0
2011-03-04,1061.90478515625,0.0
2011-03-07,1033.3333740234375,0.0
2011-03-08,1047.6190185546875,0.0
2011-03-09,1071.4285888671875,0.0
2011-03-10,1042.857177734375,0.0
2011-03-11,985.7142944335938,0.0
2011-03-14,976.1904907226562,0.0
2011-03-15,919.047607421875,0.0
2011-03-16,980.952392578125,0.0
2011-03-17,961.90478515625,0.0
2011-03-18,990.4761962890624,0.0
2011-03-21,990.4761962890624,0.0
2011-03-22,990.4761962890624,0.0
2011-03-23,961.90478515625,0.0
2011-03-24,1000.0,0.0
2011-03-25,1009.5238037109376,0.0
2011-03-28,1004.7619018554688,0.0
2011-03-29,1028.5714111328125,0.0
2011-03-30,1042.857177734375,0.0
2011-03-31,1095.238037109375,0.0
2011-04-01,1085.7142333984375,0.0
2011-04-06,1142.857177734375,0.0
2011-04-07,1142.857177734375,0.0
2011-04-08,1104.761962890625,0.0
2011-04-11,1142.857177734375,0.0
2011-04-12,1095.238037109375,0.0
2011-04-13,1119.047607421875,0.0
2011-04-14,1161.90478515625,0.0
2011-04-15,1161.90478515625,0.0
2011-04-18,1161.90478515625,0.0
2011-04-19,1147.6190185546875,0.0
2011-04-20,1204.761962890625,0.0
2011-04-21,1195.238037109375,0.0
2011-04-22,1195.238037109375,0.0
2011-04-25,1219.047607421875,0.0
2011-04-26,1223.8095703125,0.0
2011-04-27,1209.5238037109375,0.0
2011-04-28,1238.09521484375,0.0
2011-04-29,1238.09521484375,0.0
2011-05-03,1152.3809814453125,0.0
2011-05-04,1147.6190185546875,0.0
2011-05-05,1190.4761962890625,0.0
2011-05-06,1171.4285888671875,0.0
2011-05-09,1152.3809814453125,0.0
2011-05-10,1123.8095703125,0.0
2011-05-11,1119.047607421875,0.0
2011-05-12,1180.952392578125,0.0
2011-05-13,1142.857177734375,0.0
2011-05-16,1104.761962890625,0.0
2011-05-17,1114.2857666015625,0.0
2011-05-18,1128.5714111328125,0.0
2011-05-19,1142.857177734375,0.0
2011-05-20,1147.6190185546875,0.0
2011-05-23,1138.09521484375,0.0
2011-05-24,1114.2857666015625,0.0
2011-05-25,1104.761962890625,0.0
2011-05-26,1138.09521484375,0.0
2011-05-27,1123.8095703125,0.0
2011-05-30,1114.2857666015625,0.0
2011-05-31,1161.90478515625,0.0
2011-06-01,1185.7142333984375,0.0
2011-06-02,1147.6190185546875,0.0
2011-06-03,1180.952392578125,0.0
2011-06-07,1223.8095703125,0.0
2011-06-08,1190.4761962890625,0.0
2011-06-09,1190.4761962890625,0.0
2011-06-10,1109.5238037109375,0.0
2011-06-13,1033.3333740234375,0.0
2011-06-14,1095.238037109375,0.0
2011-06-15,1019.047607421875,0.0
2011-06-16,949.5238037109376,0.0
2011-06-17,950.4761962890624,0.0
2011-06-20,949.5238037109376,0.0
2011-06-21,971.4285888671876,0.0
2011-06-22,1023.8095092773438,0.0
2011-06-23,1038.09521484375,0.0
2011-06-24,1009.5238037109376,0.0
2011-06-27,1009.5238037109376,0.0
2011-06-28,990.4761962890624,0.0
2011-06-29,941.90478515625,0.0
2011-06-30,920.0,0.0
2011-07-01,961.90478515625,0.0
2011-07-04,1004.7619018554688,0.0
2011-07-05,1009.5238037109376,0.0
2011-07-06,1042.857177734375,0.0
2011-07-07,971.4285888671876,0.0
2011-07-08,923.8095092773438,0.0
2011-07-11,936.1904907226562,0.0
2011-07-12,871.4285888671875,0.0
2011-07-13,828.5714111328125,0.0
2011-07-14,884.7619018554688,0.0
2011-07-15,863.8095092773438,0.0
2011-07-18,829.5238037109375,0.0
2011-07-19,850.4761962890625,0.0
2011-07-20,872.0,35.23809
2011-07-21,920.0,0.0
2011-07-22,922.0,0.0
2011-07-25,918.0,0.0
2011-07-26,970.0,0.0
2011-07-27,962.0,0.0
2011-07-28,901.0,0.0
2011-07-29,858.0,0.0
2011-08-01,860.0,0.0
2011-08-02,898.0,0.0
2011-08-03,871.0,0.0
2011-08-04,852.0,0.0
2011-08-05,798.0,0.0
2011-08-08,796.0,0.0
2011-08-09,786.0,0.0
2011-08-10,820.0,0.0
2011-08-11,825.0,0.0
2011-08-12,800.0,0.0
2011-08-15,827.0,0.0
2011-08-16,827.0,0.0
2011-08-17,801.0,0.0
2011-08-18,773.0,0.0
2011-08-19,719.0,0.0
2011-08-22,708.0,0.0
2011-08-23,749.0,0.0
2011-08-24,740.0,0.0
2011-08-25,750.0,0.0
2011-08-26,767.0,0.0
2011-08-29,768.0,0.0
2011-08-30,762.0,0.0
2011-08-31,756.0,0.0
2011-09-01,766.0,0.0
2011-09-02,741.0,0.0
2011-09-05,707.0,0.0
2011-09-06,708.0,0.0
2011-09-07,757.0,0.0
2011-09-08,783.0,0.0
2011-09-09,810.0,0.0
2011-09-13,770.0,0.0
2011-09-14,760.0,0.0
2011-09-15,763.0,0.0
2011-09-16,788.0,0.0
2011-09-19,748.0,0.0
2011-09-20,762.0,0.0
2011-09-21,750.0,0.0
2011-09-22,710.0,0.0
2011-09-23,679.0,0.0
2011-09-26,638.0,0.0
2011-09-27,646.0,0.0
2011-09-28,691.0,0.0
2011-09-29,679.0,0.0
2011-09-30,685.0,0.0
2011-10-03,663.0,0.0
2011-10-04,672.0,0.0
2011-10-05,676.0,0.0
2011-10-06,687.0,0.0
2011-10-07,687.0,0.0
2011-10-11,735.0,0.0
2011-10-12,736.0,0.0
2011-10-13,755.0,0.0
2011-10-14,736.0,0.0
2011-10-17,742.0,0.0
2011-10-18,707.0,0.0
2011-10-19,687.0,0.0
2011-10-20,681.0,0.0
2011-10-21,662.0,0.0
2011-10-24,686.0,0.0
2011-10-25,680.0,0.0
2011-10-26,687.0,0.0
2011-10-27,691.0,0.0
2011-10-28,692.0,0.0
2011-10-31,686.0,0.0
2011-11-01,657.0,0.0
2011-11-02,653.0,0.0
2011-11-03,626.0,0.0
2011-11-04,640.0,0.0
2011-11-07,653.0,0.0
2011-11-08,650.0,0.0
2011-11-09,655.0,0.0
2011-11-10,635.0,0.0
2011-11-11,643.0,0.0
2011-11-14,688.0,0.0
2011-11-15,690.0,0.0
2011-11-16,683.0,0.0
2011-11-17,689.0,0.0
2011-11-18,660.0,0.0
2011-11-21,637.0,0.0
2011-11-22,600.0,0.0
2011-11-23,565.0,0.0
2011-11-24,526.0,0.0
2011-11-25,489.5,0.0
2011-11-28,471.5,0.0
2011-11-29,494.0,0.0
2011-11-30,477.0,0.0
2011-12-01,489.5,0.0
2011-12-02,482.0,0.0
2011-12-05,448.5,0.0
2011-12-06,458.0,0.0
2011-12-07,428.0,0.0
2011-12-08,414.5,0.0
2011-12-09,405.5,0.0
2011-12-12,415.0,0.0
2011-12-13,426.0,0.0
2011-12-14,446.0,0.0
2011-12-15,441.5,0.0
2011-12-16,439.5,0.0
2011-12-19,445.0,0.0
2011-12-20,476.0,0.0
2011-12-21,509.0,0.0
2011-12-22,509.0,0.0
2011-12-23,513.0,0.0
2011-12-26,521.0,0.0
2011-12-27,496.0,0.0
2011-12-28,496.5,0.0
2011-12-29,494.0,0.0
2011-12-30,497.0,0.0
2012-01-02,477.5,0.0
2012-01-03,492.5,0.0
2012-01-04,495.5,0.0
2012-01-05,485.5,0.0
2012-01-06,482.0,0.0
2012-01-09,457.0,0.0
2012-01-10,449.5,0.0
2012-01-11,460.0,0.0
2012-01-12,463.5,0.0
2012-01-13,481.0,0.0
2012-01-16,485.5,0.0
2012-01-17,495.5,0.0
2012-01-18,488.5,0.0
2012-01-30,493.0,0.0
2012-01-31,485.5,0.0
2012-02-01,519.0,0.0
2012-02-02,555.0,0.0
2012-02-03,565.0,0.0
2012-02-06,551.0,0.0
2012-02-07,513.0,0.0
2012-02-08,548.0,0.0
2012-02-09,570.0,0.0
2012-02-10,562.0,0.0
2012-02-13,563.0,0.0
2012-02-14,580.0,0.0
2012-02-15,587.0,0.0
2012-02-16,568.0,0.0
2012-02-17,574.0,0.0
2012-02-20,580.0,0.0
2012-02-21,590.0,0.0
2012-02-22,623.0,0.0
2012-02-23,628.0,0.0
2012-02-24,629.0,0.0
2012-02-29,661.0,0.0
2012-03-01,651.0,0.0
2012-03-02,644.0,0.0
2012-03-05,631.0,0.0
2012-03-06,618.0,0.0
2012-03-07,621.0,0.0
2012-03-08,619.0,0.0
2012-03-09,619.0,0.0
2012-03-12,598.0,0.0
2012-03-13,625.0,0.0
2012-03-14,631.0,0.0
2012-03-15,611.0,0.0
2012-03-16,610.0,0.0
2012-03-19,620.0,0.0
2012-03-20,610.0,0.0
2012-03-21,625.0,0.0
2012-03-22,622.0,0.0
2012-03-23,629.0,0.0
2012-03-26,633.0,0.0
2012-03-27,631.0,0.0
2012-03-28,630.0,0.0
2012-03-29,600.0,0.0
2012-03-30,597.0,0.0
2012-04-02,587.0,0.0
2012-04-03,555.0,0.0
2012-04-05,569.0,0.0
2012-04-06,585.0,0.0
2012-04-09,545.0,0.0
2012-04-10,526.0,0.0
2012-04-11,520.0,0.0
2012-04-12,520.0,0.0
2012-04-13,532.0,0.0
2012-04-16,517.0,0.0
2012-04-17,485.0,0.0
2012-04-18,480.0,0.0
2012-04-19,462.0,0.0
2012-04-20,462.0,0.0
2012-04-23,473.0,0.0
2012-04-24,478.5,0.0
2012-04-25,470.5,0.0
2012-04-26,453.0,0.0
2012-04-27,425.0,0.0
2012-04-30,443.0,0.0
2012-05-02,472.5,0.0
2012-05-03,452.0,0.0
2012-05-04,471.5,0.0
2012-05-07,451.0,0.0
2012-05-08,450.0,0.0
2012-05-09,452.5,0.0
2012-05-10,449.0,0.0
2012-05-11,430.0,0.0
2012-05-14,425.0,0.0
2012-05-15,440.0,0.0
2012-05-16,411.0,0.0
2012-05-17,414.0,0.0
2012-05-18,400.5,0.0
2012-05-21,407.0,0.0
2012-05-22,431.5,0.0
2012-05-23,422.5,0.0
2012-05-24,430.0,0.0
2012-05-25,413.0,0.0
2012-05-28,415.0,0.0
2012-05-29,432.0,0.0
2012-05-30,424.0,0.0
2012-05-31,430.0,0.0
2012-06-01,414.0,0.0
2012-06-04,387.0,0.0
2012-06-05,393.5,0.0
2012-06-06,406.0,0.0
2012-06-07,378.0,0.0
2012-06-08,352.0,0.0
2012-06-11,347.0,0.0
2012-06-12,345.0,0.0
2012-06-13,350.0,0.0
2012-06-14,361.5,0.0
2012-06-15,369.0,0.0
2012-06-18,371.5,0.0
2012-06-19,386.0,0.0
2012-06-20,391.0,0.0
2012-06-21,380.0,0.0
2012-06-22,386.0,0.0
2012-06-25,378.5,0.0
2012-06-26,367.5,0.0
2012-06-27,376.0,0.0
2012-06-28,375.0,0.0
2012-06-29,389.5,0.0
2012-07-02,390.5,0.0
2012-07-03,395.0,0.0
2012-07-04,397.0,0.0
2012-07-05,339.5,40.0
2012-07-06,322.0,0.0
2012-07-09,304.0,0.0
2012-07-10,305.0,0.0
2012-07-11,313.0,0.0
2012-07-12,301.0,0.0
2012-07-13,288.0,0.0
2012-07-16,287.0,0.0
2012-07-17,298.0,0.0
2012-07-18,293.0,0.0
2012-07-19,297.0,0.0
2012-07-20,300.0,0.0
2012-07-23,287.0,0.0
2012-07-24,280.5,0.0
2012-07-25,282.0,0.0
2012-07-26,279.0,0.0
2012-07-27,290.0,0.0
2012-07-30,284.5,0.0
2012-07-31,292.0,0.0
2012-08-01,288.0,0.0
2012-08-02,288.0,0.0
2012-08-03,277.5,0.0
2012-08-06,258.5,0.0
2012-08-07,240.5,0.0
2012-08-08,236.0,0.0
2012-08-09,245.0,0.0
2012-08-10,248.0,0.0
2012-08-13,240.0,0.0
2012-08-14,254.0,0.0
2012-08-15,243.5,0.0
2012-08-16,250.0,0.0
2012-08-17,250.0,0.0
2012-08-20,239.5,0.0
2012-08-21,242.0,0.0
2012-08-22,252.0,0.0
2012-08-23,250.5,0.0
2012-08-24,262.5,0.0
2012-08-27,257.5,0.0
2012-08-28,248.5,0.0
2012-08-29,253.5,0.0
2012-08-30,253.5,0.0
2012-08-31,258.0,0.0
2012-09-03,261.5,0.0
2012-09-04,256.0,0.0
2012-09-05,257.0,0.0
2012-09-06,254.0,0.0
2012-09-07,262.0,0.0
2012-09-10,263.0,0.0
2012-09-11,263.0,0.0
2012-09-12,280.0,0.0
2012-09-13,277.5,0.0
2012-09-14,296.5,0.0
2012-09-17,314.0,0.0
2012-09-18,318.0,0.0
2012-09-19,310.5,0.0
2012-09-20,306.0,0.0
2012-09-21,317.0,0.0
2012-09-24,312.0,0.0
2012-09-25,311.0,0.0
2012-09-26,301.0,0.0
2012-09-27,291.0,0.0
2012-09-28,284.0,0.0
2012-10-01,290.5,0.0
2012-10-02,295.0,0.0
2012-10-03,293.5,0.0
2012-10-04,287.0,0.0
2012-10-05,289.5,0.0
2012-10-08,287.0,0.0
2012-10-09,267.0,0.0
2012-10-11,248.5,0.0
2012-10-12,252.0,0.0
2012-10-15,250.0,0.0
2012-10-16,250.5,0.0
2012-10-17,258.5,0.0
2012-10-18,255.5,0.0
2012-10-19,257.0,0.0
2012-10-22,258.0,0.0
2012-10-23,258.0,0.0
2012-10-24,263.5,0.0
2012-10-25,248.0,0.0
2012-10-26,236.0,0.0
2012-10-29,219.5,0.0
2012-10-30,204.5,0.0
2012-10-31,211.0,0.0
2012-11-01,209.0,0.0
2012-11-02,197.0,0.0
2012-11-05,194.0,0.0
2012-11-06,200.5,0.0
2012-11-07,208.5,0.0
2012-11-08,211.5,0.0
2012-11-09,226.0,0.0
2012-11-12,241.5,0.0
2012-11-13,225.0,0.0
2012-11-14,234.0,0.0
2012-11-15,237.5,0.0
2012-11-16,248.5,0.0
2012-11-19,243.5,0.0
2012-11-20,236.0,0.0
2012-11-21,241.5,0.0
2012-11-22,236.5,0.0
2012-11-23,240.0,0.0
2012-11-26,251.0,0.0
2012-11-27,248.5,0.0
2012-11-28,256.0,0.0
2012-11-29,259.0,0.0
2012-11-30,266.0,0.0
2012-12-03,266.5,0.0
2012-12-04,278.5,0.0
2012-12-05,283.0,0.0
2012-12-06,277.0,0.0
2012-12-07,267.0,0.0
2012-12-10,278.0,0.0
2012-12-11,271.5,0.0
2012-12-12,282.5,0.0
2012-12-13,285.0,0.0
2012-12-14,283.0,0.0
2012-12-17,274.0,0.0
2012-12-18,278.5,0.0
2012-12-19,274.5,0.0
2012-12-20,275.5,0.0
2012-12-21,280.0,0.0
2012-12-24,277.0,0.0
2012-12-25,282.5,0.0
2012-12-26,279.5,0.0
2012-12-27,296.0,0.0
2012-12-28,300.5,0.0
2013-01-02,303.0,0.0
2013-01-03,294.0,0.0
2013-01-04,287.0,0.0
2013-01-07,288.0,0.0
2013-01-08,276.5,0.0
2013-01-09,281.0,0.0
2013-01-10,275.0,0.0
2013-01-11,277.0,0.0
2013-01-14,291.0,0.0
2013-01-15,287.5,0.0
2013-01-16,289.0,0.0
2013-01-17,279.5,0.0
2013-01-18,288.0,0.0
2013-01-21,286.5,0.0
2013-01-22,289.5,0.0
2013-01-23,283.5,0.0
2013-01-24,281.0,0.0
2013-01-25,284.0,0.0
2013-01-28,280.5,0.0
2013-01-29,284.5,0.0
2013-01-30,290.0,0.0
2013-01-31,291.5,0.0
2013-02-01,290.0,0.0
2013-02-04,285.5,0.0
2013-02-05,266.0,0.0
2013-02-06,271.5,0.0
2013-02-18,272.0,0.0
2013-02-19,282.0,0.0
2013-02-20,277.5,0.0
2013-02-21,279.0,0.0
2013-02-22,278.0,0.0
2013-02-25,275.5,0.0
2013-02-26,276.5,0.0
2013-02-27,277.0,0.0
2013-03-01,280.0,0.0
2013-03-04,280.5,0.0
2013-03-05,273.0,0.0
2013-03-06,255.5,0.0
2013-03-07,266.0,0.0
2013-03-08,259.5,0.0
2013-03-11,252.5,0.0
2013-03-12,251.0,0.0
2013-03-13,241.0,0.0
2013-03-14,241.0,0.0
2013-03-15,234.5,0.0
2013-03-18,240.0,0.0
2013-03-19,249.0,0.0
2013-03-20,246.5,0.0
2013-03-21,239.0,0.0
2013-03-22,240.0,0.0
2013-03-25,243.5,0.0
2013-03-26,246.5,0.0
2013-03-27,248.5,0.0
2013-03-28,244.0,0.0
2013-03-29,244.5,0.0
2013-04-01,240.5,0.0
2013-04-02,243.0,0.0
2013-04-03,246.5,0.0
2013-04-08,241.0,0.0
2013-04-09,244.5,0.0
2013-04-10,247.5,0.0
2013-04-11,256.5,0.0
2013-04-12,261.5,0.0
2013-04-15,258.0,0.0
2013-04-16,263.5,0.0
2013-04-17,272.0,0.0
2013-04-18,282.0,0.0
2013-04-19,279.5,0.0
2013-04-22,277.0,0.0
2013-04-23,268.0,0.0
2013-04-24,278.5,0.0
2013-04-25,282.0,0.0
2013-04-26,277.5,0.0
2013-04-29,290.0,0.0
2013-04-30,301.0,0.0
2013-05-02,295.0,0.0
2013-05-03,279.5,0.0
2013-05-06,280.5,0.0
2013-05-07,279.5,0.0
2013-05-08,278.0,0.0
2013-05-09,284.0,0.0
2013-05-10,279.0,0.0
2013-05-13,281.0,0.0
2013-05-14,280.5,0.0
2013-05-15,282.0,0.0
2013-05-16,290.0,0.0
2013-05-17,285.0,0.0
2013-05-20,292.0,0.0
2013-05-21,288.5,0.0
2013-05-22,288.5,0.0
2013-05-23,282.5,0.0
2013-05-24,279.0,0.0
2013-05-27,279.5,0.0
2013-05-28,282.5,0.0
2013-05-29,279.0,0.0
2013-05-30,280.0,0.0
2013-05-31,276.5,0.0
2013-06-03,290.5,0.0
2013-06-04,287.5,0.0
2013-06-05,285.0,0.0
2013-06-06,281.0,0.0
2013-06-07,274.0,0.0
2013-06-10,273.5,0.0
2013-06-11,271.5,0.0
2013-06-13,265.0,0.0
2013-06-14,260.5,0.0
2013-06-17,266.0,0.0
2013-06-18,266.5,0.0
2013-06-19,260.5,0.0
2013-06-20,250.0,0.0
2013-06-21,248.5,0.0
2013-06-24,238.0,0.0
2013-06-25,243.5,0.0
2013-06-26,245.5,0.0
2013-06-27,240.5,0.0
2013-06-28,239.0,0.0
2013-07-01,231.0,0.0
2013-07-02,218.5,0.0
2013-07-03,207.5,0.0
2013-07-04,201.0,0.0
2013-07-05,203.0,0.0
2013-07-08,189.0,0.0
2013-07-09,188.5,0.0
2013-07-10,191.0,0.0
2013-07-11,193.5,0.0
2013-07-12,191.5,0.0
2013-07-15,192.0,0.0
2013-07-16,192.5,0.0
2013-07-17,193.5,0.0
2013-07-18,181.0,0.0
2013-07-19,168.5,0.0
2013-07-22,168.5,0.0
2013-07-23,175.5,2.0
2013-07-24,170.5,0.0
2013-07-25,176.5,0.0
2013-07-26,175.0,0.0
2013-07-29,168.5,0.0
2013-07-30,171.0,0.0
2013-07-31,159.5,0.0
2013-08-01,148.5,0.0
2013-08-02,143.0,0.0
2013-08-05,153.0,0.0
2013-08-06,148.5,0.0
2013-08-07,150.0,0.0
2013-08-08,150.0,0.0
2013-08-09,159.0,0.0
2013-08-12,158.0,0.0
2013-08-13,159.5,0.0
2013-08-14,156.0,0.0
2013-08-15,158.0,0.0
2013-08-16,154.0,0.0
2013-08-19,153.0,0.0
2013-08-20,149.5,0.0
2013-08-22,149.5,0.0
2013-08-23,155.0,0.0
2013-08-26,152.5,0.0
2013-08-27,150.0,0.0
2013-08-28,148.0,0.0
2013-08-29,148.0,0.0
2013-08-30,156.5,0.0
2013-09-02,147.5,0.0
2013-09-03,147.5,0.0
2013-09-04,137.5,0.0
2013-09-05,131.0,0.0
2013-09-06,131.0,0.0
2013-09-09,126.0,0.0
2013-09-10,132.5,0.0
2013-09-11,135.0,0.0
2013-09-12,141.0,0.0
2013-09-13,138.0,0.0
2013-09-16,137.0,0.0
2013-09-17,140.0,0.0
2013-09-18,138.5,0.0
2013-09-23,139.0,0.0
2013-09-24,140.0,0.0
2013-09-25,135.0,0.0
2013-09-26,134.0,0.0
2013-09-27,130.0,0.0
2013-09-30,132.0,0.0
2013-10-01,133.0,0.0
2013-10-02,132.5,0.0
2013-10-03,133.0,0.0
2013-10-04,135.0,0.0
2013-10-07,126.0,0.0
2013-10-08,126.5,0.0
2013-10-09,128.5,0.0
2013-10-11,126.0,0.0
2013-10-14,126.0,0.0
2013-10-15,127.5,0.0
2013-10-16,125.5,0.0
2013-10-17,132.0,0.0
2013-10-18,133.0,0.0
2013-10-21,130.5,0.0
2013-10-22,139.5,0.0
2013-10-23,136.0,0.0
2013-10-24,145.5,0.0
2013-10-25,150.0,0.0
2013-10-28,148.5,0.0
2013-10-29,145.0,0.0
2013-10-30,145.0,0.0
2013-10-31,144.5,0.0
2013-11-01,144.0,0.0
2013-11-04,151.0,0.0
2013-11-05,140.5,0.0
2013-11-06,146.0,0.0
2013-11-07,152.5,0.0
2013-11-08,152.5,0.0
2013-11-11,149.0,0.0
2013-11-12,155.0,0.0
2013-11-13,154.0,0.0
2013-11-14,153.5,0.0
2013-11-15,152.0,0.0
2013-11-18,152.5,0.0
2013-11-19,154.5,0.0
2013-11-20,157.0,0.0
2013-11-21,155.5,0.0
2013-11-22,155.0,0.0
2013-11-25,158.0,0.0
2013-11-26,159.5,0.0
2013-11-27,157.0,0.0
2013-11-28,153.0,0.0
2013-11-29,151.0,0.0
2013-12-02,152.5,0.0
2013-12-03,151.5,0.0
2013-12-04,146.5,0.0
2013-12-05,147.0,0.0
2013-12-06,147.5,0.0
2013-12-09,147.5,0.0
2013-12-10,147.5,0.0
2013-12-11,142.5,0.0
2013-12-12,143.0,0.0
2013-12-13,145.5,0.0
2013-12-16,145.0,0.0
2013-12-17,145.5,0.0
2013-12-18,145.5,0.0
2013-12-19,141.0,0.0
2013-12-20,138.0,0.0
2013-12-23,135.5,0.0
2013-12-24,141.0,0.0
2013-12-25,141.0,0.0
2013-12-26,141.5,0.0
2013-12-27,143.0,0.0
2013-12-30,141.5,0.0
2013-12-31,141.0,0.0
2014-01-02,138.5,0.0
2014-01-03,138.5,0.0
2014-01-06,133.5,0.0
2014-01-07,131.0,0.0
2014-01-08,130.0,0.0
2014-01-09,128.5,0.0
2014-01-10,128.0,0.0
2014-01-13,131.0,0.0
2014-01-14,130.5,0.0
2014-01-15,138.5,0.0
2014-01-16,134.0,0.0
2014-01-17,135.5,0.0
2014-01-20,136.0,0.0
2014-01-21,145.0,0.0
2014-01-22,145.0,0.0
2014-01-23,141.0,0.0
2014-01-24,139.5,0.0
2014-01-27,136.0,0.0
2014-02-05,129.0,0.0
2014-02-06,129.5,0.0
2014-02-07,132.0,0.0
2014-02-10,127.0,0.0
2014-02-11,130.0,0.0
2014-02-12,129.5,0.0
2014-02-13,129.0,0.0
2014-02-14,128.0,0.0
2014-02-17,131.0,0.0
2014-02-18,130.5,0.0
2014-02-19,131.0,0.0
2014-02-20,133.5,0.0
2014-02-21,132.5,0.0
2014-02-24,129.5,0.0
2014-02-25,132.0,0.0
2014-02-26,138.5,0.0
2014-02-27,136.0,0.0
2014-03-03,136.5,0.0
2014-03-04,135.0,0.0
2014-03-05,139.0,0.0
2014-03-06,140.0,0.0
2014-03-07,138.0,0.0
2014-03-10,140.5,0.0
2014-03-11,146.5,0.0
2014-03-12,148.5,0.0
2014-03-13,148.0,0.0
2014-03-14,149.0,0.0
2014-03-17,151.0,0.0
2014-03-18,150.0,0.0
2014-03-19,148.0,0.0
2014-03-20,147.0,0.0
2014-03-21,152.0,0.0
2014-03-24,153.5,0.0
2014-03-25,152.5,0.0
2014-03-26,155.0,0.0
2014-03-27,152.5,0.0
2014-03-28,148.5,0.0
2014-03-31,153.0,0.0
2014-04-01,154.0,0.0
2014-04-02,153.5,0.0
2014-04-03,154.0,0.0
2014-04-07,159.5,0.0
2014-04-08,155.5,0.0
2014-04-09,156.5,0.0
2014-04-10,155.0,0.0
2014-04-11,156.0,0.0
2014-04-14,153.0,0.0
2014-04-15,153.5,0.0
2014-04-16,158.5,0.0
2014-04-17,157.0,0.0
2014-04-18,157.5,0.0
2014-04-21,158.0,0.0
2014-04-22,160.5,0.0
2014-04-23,159.0,0.0
2014-04-24,159.5,0.0
2014-04-25,154.0,0.0
2014-04-28,152.0,0.0
2014-04-29,153.0,0.0
2014-04-30,155.0,0.0
2014-05-02,158.0,0.0
2014-05-05,169.0,0.0
2014-05-06,175.0,0.0
2014-05-07,172.0,0.0
2014-05-08,169.5,0.0
2014-05-09,164.5,0.0
2014-05-12,165.5,0.0
2014-05-13,161.5,0.0
2014-05-14,163.0,0.0
2014-05-15,162.5,0.0
2014-05-16,163.0,0.0
2014-05-19,163.5,0.0
2014-05-20,165.0,0.0
2014-05-21,162.5,0.0
2014-05-22,163.5,0.0
2014-05-23,165.5,0.0
2014-05-26,163.0,0.0
2014-05-27,163.0,0.0
2014-05-28,163.0,0.0
2014-05-29,163.5,0.0
2014-05-30,160.0,0.0
2014-06-03,150.0,0.0
2014-06-04,143.5,0.0
2014-06-05,142.5,0.0
2014-06-06,143.0,0.0
2014-06-09,138.5,0.0
2014-06-10,145.0,0.0
2014-06-11,141.5,0.0
2014-06-12,140.0,0.0
2014-06-13,140.5,0.0
2014-06-16,138.5,0.0
2014-06-17,138.5,0.0
2014-06-18,133.0,0.0
2014-06-19,133.0,0.0
2014-06-20,136.0,0.0
2014-06-23,133.0,0.0
2014-06-24,135.0,0.0
2014-06-25,132.0,0.0
2014-06-26,134.0,0.0
2014-06-27,135.0,0.0
2014-06-30,138.0,0.0
2014-07-01,138.0,0.0
2014-07-02,136.5,0.0
2014-07-03,137.0,0.0
2014-07-04,138.5,0.0
2014-07-07,134.0,0.0
2014-07-08,136.5,0.0
2014-07-09,135.0,0.0
2014-07-10,134.5,0.0
2014-07-11,132.5,0.0
2014-07-14,139.0,0.0
2014-07-15,137.5,0.0
2014-07-16,137.0,0.0
2014-07-17,136.0,0.0
2014-07-18,140.0,0.0
2014-07-21,138.0,0.0
2014-07-22,141.5,0.0
2014-07-23,141.5,0.0
2014-07-24,141.0,0.0
2014-07-25,137.5,0.0
2014-07-28,136.5,0.0
2014-07-29,135.0,0.0
2014-07-30,135.0,0.0
2014-07-31,132.5,0.0
2014-08-01,136.0,0.0
2014-08-04,135.0,0.0
2014-08-05,129.0,0.0
2014-08-06,121.5,0.0
2014-08-07,124.5,0.0
2014-08-08,126.5,0.0
2014-08-11,126.5,0.0
2014-08-12,125.5,0.0
2014-08-13,127.0,0.0
2014-08-14,126.5,0.0
2014-08-15,127.0,0.0
2014-08-18,128.0,0.0
2014-08-19,129.0,0.0
2014-08-20,129.0,0.0
2014-08-21,127.0,0.0
2014-08-22,128.0,0.0
2014-08-25,134.5,0.0
2014-08-26,133.0,0.0
2014-08-27,135.0,0.0
2014-08-28,135.5,0.0
2014-08-29,137.5,0.0
2014-09-01,135.5,0.0
2014-09-02,137.5,0.0
2014-09-03,135.5,0.0
2014-09-04,135.0,0.0
2014-09-05,132.0,0.0
2014-09-09,132.5,0.0
2014-09-10,132.0,0.0
2014-09-11,131.0,0.0
2014-09-12,131.0,0.0
2014-09-15,131.5,0.0
2014-09-16,127.0,0.0
2014-09-17,132.0,0.0
2014-09-18,132.0,0.0
2014-09-19,131.0,0.0
2014-09-22,131.0,0.0
2014-09-23,132.0,0.0
2014-09-24,133.5,0.0
2014-09-25,130.5,0.0
2014-09-26,131.0,0.0
2014-09-29,130.0,0.0
2014-09-30,132.0,0.0
2014-10-01,130.5,0.0
2014-10-02,128.5,0.0
2014-10-03,131.5,0.0
2014-10-06,131.0,0.0
2014-10-07,130.5,0.0
2014-10-08,130.0,0.0
2014-10-09,130.0,0.0
2014-10-13,127.5,0.0
2014-10-14,129.5,0.0
2014-10-15,128.5,0.0
2014-10-16,132.0,0.0
2014-10-17,129.0,0.0
2014-10-20,133.0,0.0
2014-10-21,133.0,0.0
2014-10-22,133.0,0.0
2014-10-23,132.0,0.0
2014-10-24,130.5,0.0
2014-10-27,129.0,0.0
2014-10-28,132.0,0.0
2014-10-29,131.5,0.0
2014-10-30,133.0,0.0
2014-10-31,134.5,0.0
2014-11-03,138.0,0.0
2014-11-04,137.0,0.0
2014-11-05,138.5,0.0
2014-11-06,136.5,0.0
2014-11-07,137.0,0.0
2014-11-10,136.0,0.0
2014-11-11,138.5,0.0
2014-11-12,137.0,0.0
2014-11-13,138.5,0.0
2014-11-14,138.5,0.0
2014-11-17,137.5,0.0
2014-11-18,132.0,0.0
2014-11-19,133.5,0.0
2014-11-20,137.0,0.0
2014-11-21,135.5,0.0
2014-11-24,135.5,0.0
2014-11-25,135.0,0.0
2014-11-26,134.0,0.0
2014-11-27,134.5,0.0
2014-11-28,137.0,0.0
2014-12-01,136.0,0.0
2014-12-02,135.0,0.0
2014-12-03,144.0,0.0
2014-12-04,142.5,0.0
2014-12-05,145.0,0.0
2014-12-08,143.0,0.0
2014-12-09,142.0,0.0
2014-12-10,143.5,0.0
2014-12-11,148.0,0.0
2014-12-12,146.0,0.0
2014-12-15,145.5,0.0
2014-12-16,143.0,0.0
2014-12-17,141.0,0.0
2014-12-18,134.0,0.0
2014-12-19,132.0,0.0
2014-12-22,136.5,0.0
2014-12-23,135.0,0.0
2014-12-24,133.5,0.0
2014-12-25,135.0,0.0
2014-12-26,137.5,0.0
2014-12-29,137.5,0.0
2014-12-30,140.5,0.0
2014-12-31,142.0,0.0
2015-01-05,143.0,0.0
2015-01-06,141.0,0.0
2015-01-07,144.0,0.0
2015-01-08,146.0,0.0
2015-01-09,148.0,0.0
2015-01-12,152.0,0.0
2015-01-13,147.5,0.0
2015-01-14,149.0,0.0
2015-01-15,147.5,0.0
2015-01-16,147.5,0.0
2015-01-19,155.5,0.0
2015-01-20,158.0,0.0
2015-01-21,159.0,0.0
2015-01-22,158.0,0.0
2015-01-23,156.0,0.0
2015-01-26,159.0,0.0
2015-01-27,158.0,0.0
2015-01-28,158.5,0.0
2015-01-29,158.0,0.0
2015-01-30,157.0,0.0
2015-02-02,158.0,0.0
2015-02-03,158.5,0.0
2015-02-04,158.5,0.0
2015-02-05,157.0,0.0
2015-02-06,158.5,0.0
2015-02-09,147.5,0.0
2015-02-10,146.5,0.0
2015-02-11,148.5,0.0
2015-02-12,147.5,0.0
2015-02-13,148.5,0.0
2015-02-24,149.0,0.0
2015-02-25,147.5,0.0
2015-02-26,153.0,0.0
2015-03-02,149.0,0.0
2015-03-03,144.5,0.0
2015-03-04,144.5,0.0
2015-03-05,143.0,0.0
2015-03-06,145.0,0.0
2015-03-09,145.0,0.0
2015-03-10,143.5,0.0
2015-03-11,143.0,0.0
2015-03-12,144.0,0.0
2015-03-13,145.0,0.0
2015-03-16,143.0,0.0
2015-03-17,141.5,0.0
2015-03-18,140.0,0.0
2015-03-19,141.5,0.0
2015-03-20,141.5,0.0
2015-03-23,144.0,0.0
2015-03-24,142.0,0.0
2015-03-25,141.0,0.0
2015-03-26,140.5,0.0
2015-03-27,138.0,0.0
2015-03-30,139.0,0.0
2015-03-31,139.5,0.0
2015-04-01,136.0,0.0
2015-04-02,136.5,0.0
2015-04-07,140.5,0.0
2015-04-08,137.0,0.0
2015-04-09,135.0,0.0
2015-04-10,133.5,0.0
2015-04-13,135.0,0.0
2015-04-14,133.0,0.0
2015-04-15,130.5,0.0
2015-04-16,132.5,0.0
2015-04-17,129.0,0.0
2015-04-20,129.5,0.0
2015-04-21,129.0,0.0
2015-04-22,128.0,0.0
2015-04-23,130.0,0.0
2015-04-24,133.5,0.0
2015-04-27,133.0,0.0
2015-04-28,131.5,0.0
2015-04-29,124.0,0.0
2015-04-30,126.5,0.0
2015-05-04,124.0,0.0
2015-05-05,121.0,0.0
2015-05-06,122.5,0.0
2015-05-07,120.0,0.0
2015-05-08,119.0,0.0
2015-05-11,111.0,0.0
2015-05-12,110.5,0.0
2015-05-13,114.0,0.0
2015-05-14,112.0,0.0
2015-05-15,111.0,0.0
2015-05-18,104.5,0.0
2015-05-19,105.0,0.0
2015-05-20,103.5,0.0
2015-05-21,104.0,0.0
2015-05-22,104.0,0.0
2015-05-25,102.5,0.0
2015-05-26,103.0,0.0
2015-05-27,104.5,0.0
2015-05-28,104.5,0.0
2015-05-29,103.0,0.0
2015-06-01,98.0,0.0
2015-06-02,98.5,0.0
2015-06-03,92.8000030517578,0.0
2015-06-04,94.5,0.0
2015-06-05,92.8000030517578,0.0
2015-06-08,83.5999984741211,0.0
2015-06-09,75.30000305175781,0.0
2015-06-10,76.30000305175781,0.0
2015-06-11,75.5,0.0
2015-06-12,76.0,0.0
2015-06-15,83.5999984741211,0.0
2015-06-16,78.69999694824219,0.0
2015-06-17,79.69999694824219,0.0
2015-06-18,80.30000305175781,0.0
2015-06-22,77.9000015258789,0.0
2015-06-23,78.0,0.0
2015-06-24,75.0,0.0
2015-06-25,75.69999694824219,0.0
2015-06-26,76.19999694824219,0.0
2015-06-29,74.19999694824219,0.0
2015-06-30,72.0,0.0
2015-07-01,75.19999694824219,0.0
2015-07-02,73.80000305175781,0.0
2015-07-03,73.80000305175781,0.0
2015-07-06,73.80000305175781,0.0
2015-07-07,72.80000305175781,0.0
2015-07-08,68.5,0.0
2015-07-09,67.80000305175781,0.0
2015-07-10,67.80000305175781,0.0
2015-07-13,70.0,0.0
2015-07-14,69.69999694824219,0.0
2015-07-15,71.0999984741211,0.0
2015-07-16,71.0999984741211,0.0
2015-07-17,70.5999984741211,0.0
2015-07-20,69.19999694824219,0.0
2015-07-21,70.80000305175781,0.0
2015-07-22,69.0999984741211,0.0
2015-07-23,68.19999694824219,0.0
2015-07-24,68.19999694824219,0.0
2015-07-27,67.0999984741211,0.0
2015-07-28,68.4000015258789,0.0
2015-07-29,68.19999694824219,0.0
2015-07-30,72.19999694824219,0.0
2015-07-31,69.30000305175781,0.0
2015-08-03,69.0,0.0
2015-08-04,69.0,0.0
2015-08-05,71.19999694824219,0.0
2015-08-06,70.0,0.0
2015-08-07,63.0,0.0
2015-08-10,57.5,0.0
2015-08-11,54.5,0.38
2015-08-12,55.0,0.0
2015-08-13,50.70000076293945,0.0
2015-08-14,52.09999847412109,0.0
2015-08-17,50.59999847412109,0.0
2015-08-18,49.45000076293945,0.0
2015-08-19,49.34999847412109,0.0
2015-08-20,49.5,0.0
2015-08-21,44.54999923706055,0.0
2015-08-24,40.34999847412109,0.0
2015-08-25,44.34999847412109,0.0
2015-08-26,47.95000076293945,0.0
2015-08-27,46.84999847412109,0.0
2015-08-28,47.09999847412109,0.0
2015-08-31,46.04999923706055,0.0
2015-09-01,46.04999923706055,0.0
2015-09-02,45.900001525878906,0.0
2015-09-03,46.59999847412109,0.0
2015-09-04,47.5,0.0
2015-09-07,47.84999847412109,0.0
2015-09-08,52.59999847412109,0.0
2015-09-09,53.900001525878906,0.0
2015-09-10,56.900001525878906,0.0
2015-09-11,59.79999923706055,0.0
2015-09-14,63.70000076293945,0.0
2015-09-15,60.0,0.0
2015-09-16,63.0,0.0
2015-09-17,62.59999847412109,0.0
2015-09-18,61.70000076293945,0.0
2015-09-21,61.400001525878906,0.0
2015-09-22,64.5,0.0
2015-09-23,63.59999847412109,0.0
2015-09-24,60.59999847412109,0.0
2015-09-25,63.59999847412109,0.0
2015-09-29,63.59999847412109,0.0
2015-09-30,63.5,0.0
2015-10-01,63.79999923706055,0.0
2015-10-02,65.5999984741211,0.0
2015-10-05,65.69999694824219,0.0
2015-10-06,63.59999847412109,0.0
2015-10-07,64.0,0.0
2015-10-08,64.4000015258789,0.0
2015-10-12,67.0,0.0
2015-10-13,73.69999694824219,0.0
2015-10-14,72.19999694824219,0.0
2015-10-15,70.69999694824219,0.0
2015-10-16,74.80000305175781,0.0
2015-10-19,81.0,0.0
2015-10-20,81.0999984741211,0.0
2015-10-21,75.9000015258789,0.0
2015-10-22,79.19999694824219,0.0
2015-10-23,77.0,0.0
2015-10-26,77.5,0.0
2015-10-27,78.9000015258789,0.0
2015-10-28,80.5,0.0
2015-10-29,77.19999694824219,0.0
2015-10-30,78.5,0.0
2015-11-02,78.9000015258789,0.0
2015-11-03,78.0,0.0
2015-11-04,79.30000305175781,0.0
2015-11-05,81.5,0.0
2015-11-06,81.69999694824219,0.0
2015-11-09,81.0,0.0
2015-11-10,82.5999984741211,0.0
2015-11-11,80.0,0.0
2015-11-12,77.5999984741211,0.0
2015-11-13,77.5999984741211,0.0
2015-11-16,78.0,0.0
2015-11-17,79.5999984741211,0.0
2015-11-18,79.5,0.0
2015-11-19,80.4000015258789,0.0
2015-11-20,86.0,0.0
2015-11-23,84.5,0.0
2015-11-24,84.5,0.0
2015-11-25,85.30000305175781,0.0
2015-11-26,86.0,0.0
2015-11-27,85.5999984741211,0.0
2015-11-30,81.0999984741211,0.0
2015-12-01,84.0999984741211,0.0
2015-12-02,82.0,0.0
2015-12-03,81.5,0.0
2015-12-04,82.4000015258789,0.0
2015-12-07,82.19999694824219,0.0
2015-12-08,81.0,0.0
2015-12-09,77.9000015258789,0.0
2015-12-10,71.5999984741211,0.0
2015-12-11,69.0,0.0
2015-12-14,72.0999984741211,0.0
2015-12-15,72.5,0.0
2015-12-16,73.0999984741211,0.0
2015-12-17,73.5,0.0
2015-12-18,75.30000305175781,0.0
2015-12-21,75.0999984741211,0.0
2015-12-22,75.0,0.0
2015-12-23,76.19999694824219,0.0
2015-12-24,74.19999694824219,0.0
2015-12-25,75.5,0.0
2015-12-28,79.0,0.0
2015-12-29,79.5,0.0
2015-12-30,77.30000305175781,0.0
2015-12-31,78.0,0.0
2016-01-04,79.0,0.0
2016-01-05,77.80000305175781,0.0
2016-01-06,76.80000305175781,0.0
2016-01-07,77.0,0.0
2016-01-08,77.80000305175781,0.0
2016-01-11,73.0,0.0
2016-01-12,70.69999694824219,0.0
2016-01-13,72.30000305175781,0.0
2016-01-14,72.80000305175781,0.0
2016-01-15,72.69999694824219,0.0
2016-01-18,76.5,0.0
2016-01-19,76.5,0.0
2016-01-20,74.5,0.0
2016-01-21,73.9000015258789,0.0
2016-01-22,74.0999984741211,0.0
2016-01-25,76.80000305175781,0.0
2016-01-26,76.19999694824219,0.0
2016-01-27,76.30000305175781,0.0
2016-01-28,76.69999694824219,0.0
2016-01-29,78.80000305175781,0.0
2016-02-01,76.5,0.0
2016-02-02,77.0,0.0
2016-02-03,75.0,0.0
2016-02-15,74.9000015258789,0.0
2016-02-16,80.0,0.0
2016-02-17,78.0999984741211,0.0
2016-02-18,78.19999694824219,0.0
2016-02-19,79.30000305175781,0.0
2016-02-22,77.80000305175781,0.0
2016-02-23,77.30000305175781,0.0
2016-02-24,78.0999984741211,0.0
2016-02-25,82.5999984741211,0.0
2016-02-26,80.30000305175781,0.0
2016-03-01,81.80000305175781,0.0
2016-03-02,81.0,0.0
2016-03-03,81.9000015258789,0.0
2016-03-04,90.0,0.0
2016-03-07,99.0,0.0
2016-03-08,98.0999984741211,0.0
2016-03-09,104.5,0.0
2016-03-10,104.5,0.0
2016-03-11,114.5,0.0
2016-03-14,125.5,0.0
2016-03-15,114.5,0.0
2016-03-16,118.5,0.0
2016-03-17,111.5,0.0
2016-03-18,113.0,0.0
2016-03-21,112.5,0.0
2016-03-22,101.5,0.0
2016-03-23,95.0999984741211,0.0
2016-03-24,95.0999984741211,0.0
2016-03-25,95.3000030517578,0.0
2016-03-28,90.5,0.0
2016-03-29,91.8000030517578,0.0
2016-03-30,92.0,0.0
2016-03-31,92.1999969482422,0.0
2016-04-01,88.0999984741211,0.0
2016-04-06,86.5,0.0
2016-04-07,79.30000305175781,0.0
2016-04-08,76.5,0.0
2016-04-11,84.0999984741211,0.0
2016-04-12,81.19999694824219,0.0
2016-04-13,83.0999984741211,0.0
2016-04-14,82.4000015258789,0.0
2016-04-15,83.9000015258789,0.0
2016-04-18,83.0,0.0
2016-04-19,81.69999694824219,0.0
2016-04-20,85.9000015258789,0.0
2016-04-21,87.0,0.0
2016-04-22,84.9000015258789,0.0
2016-04-25,86.19999694824219,0.0
2016-04-26,85.30000305175781,0.0
2016-04-27,87.80000305175781,0.0
2016-04-28,86.19999694824219,0.0
2016-04-29,82.4000015258789,0.0
2016-05-03,81.80000305175781,0.0
2016-05-04,82.5999984741211,0.0
2016-05-05,74.4000015258789,0.0
2016-05-06,72.0,0.0
2016-05-09,66.30000305175781,0.0
2016-05-10,69.0,0.0
2016-05-11,62.09999847412109,0.0
2016-05-12,60.29999923706055,0.0
2016-05-13,58.0,0.0
2016-05-16,62.59999847412109,0.0
2016-05-17,61.5,0.0
2016-05-18,61.5,0.0
2016-05-19,61.900001525878906,0.0
2016-05-20,62.29999923706055,0.0
2016-05-23,67.30000305175781,0.0
2016-05-24,67.30000305175781,0.0
2016-05-25,74.0,0.0
2016-05-26,81.19999694824219,0.0
2016-05-27,81.19999694824219,0.0
2016-05-30,81.9000015258789,0.0
2016-05-31,85.0,0.0
2016-06-01,87.30000305175781,0.0
2016-06-02,91.0,0.0
2016-06-03,96.0999984741211,0.0
2016-06-06,98.5,0.0
2016-06-07,88.69999694824219,0.0
2016-06-08,95.5999984741211,0.0
2016-06-13,91.0,0.0
2016-06-14,93.5,0.0
2016-06-15,93.6999969482422,0.0
2016-06-16,88.19999694824219,0.0
2016-06-17,88.19999694824219,0.0
2016-06-20,92.5999984741211,0.0
2016-06-21,93.5,0.0
2016-06-22,94.1999969482422,0.0
2016-06-23,92.4000015258789,0.0
2016-06-24,90.8000030517578,0.0
2016-06-27,98.5,0.0
2016-06-28,108.0,0.0
2016-06-29,101.0,0.0
2016-06-30,103.5,0.0
2016-07-01,106.0,0.0
2016-07-04,103.5,0.0
2016-07-05,104.0,0.0
2016-07-06,96.5,0.0
2016-07-07,98.0999984741211,0.0
2016-07-08,98.0999984741211,0.0
2016-07-11,98.4000015258789,0.0
2016-07-12,101.5,0.0
2016-07-13,100.0,0.0
2016-07-14,100.5,0.0
2016-07-15,99.5999984741211,0.0
2016-07-18,96.9000015258789,0.0
2016-07-19,97.4000015258789,0.0
2016-07-20,97.0,0.0
2016-07-21,96.0,0.0
2016-07-22,96.5,0.0
2016-07-25,96.0999984741211,0.0
2016-07-26,96.4000015258789,0.0
2016-07-27,97.0999984741211,0.0
2016-07-28,96.0,0.0
2016-07-29,95.0999984741211,0.0
2016-08-01,95.6999969482422,0.0
2016-08-02,97.9000015258789,0.0
2016-08-03,97.9000015258789,0.0
2016-08-04,98.3000030517578,0.0
2016-08-05,102.5,0.0
2016-08-08,101.0,0.0
2016-08-09,98.5,0.0
2016-08-10,98.1999969482422,0.0
2016-08-11,97.3000030517578,0.0
2016-08-12,97.3000030517578,0.0
2016-08-15,98.4000015258789,0.0
2016-08-16,99.1999969482422,0.0
2016-08-17,99.0,0.0
2016-08-18,97.9000015258789,0.0
2016-08-19,96.0,0.0
2016-08-22,90.4000015258789,0.0
2016-08-23,89.19999694824219,0.0
2016-08-24,87.9000015258789,0.0
2016-08-25,86.5999984741211,0.0
2016-08-26,87.5,0.0
2016-08-29,83.9000015258789,0.0
2016-08-30,84.19999694824219,0.0
2016-08-31,83.69999694824219,0.0
2016-09-01,84.9000015258789,0.0
2016-09-02,82.5999984741211,0.0
2016-09-05,83.80000305175781,0.0
2016-09-06,84.19999694824219,0.0
2016-09-07,85.19999694824219,0.0
2016-09-08,85.0,0.0
2016-09-09,83.9000015258789,0.0
2016-09-12,81.4000015258789,0.0
2016-09-13,79.19999694824219,0.0
2016-09-14,75.5999984741211,0.0
2016-09-19,82.80000305175781,0.0
2016-09-20,80.4000015258789,0.0
2016-09-21,85.0999984741211,0.0
2016-09-22,84.80000305175781,0.0
2016-09-23,84.4000015258789,0.0
2016-09-26,83.5999984741211,0.0
2016-09-27,83.5999984741211,0.0
2016-09-28,83.5999984741211,0.0
2016-09-29,86.4000015258789,0.0
2016-09-30,87.30000305175781,0.0
2016-10-03,87.0999984741211,0.0
2016-10-04,87.30000305175781,0.0
2016-10-05,86.4000015258789,0.0
2016-10-06,89.0999984741211,0.0
2016-10-07,89.69999694824219,0.0
2016-10-11,94.8000030517578,0.0
2016-10-12,93.1999969482422,0.0
2016-10-13,90.3000030517578,0.0
2016-10-14,91.1999969482422,0.0
2016-10-17,91.1999969482422,0.0
2016-10-18,92.1999969482422,0.0
2016-10-19,94.6999969482422,0.0
2016-10-20,93.5999984741211,0.0
2016-10-21,94.6999969482422,0.0
2016-10-24,94.4000015258789,0.0
2016-10-25,91.9000015258789,0.0
2016-10-26,93.6999969482422,0.0
2016-10-27,92.5,0.0
2016-10-28,92.4000015258789,0.0
2016-10-31,92.4000015258789,0.0
2016-11-01,91.8000030517578,0.0
2016-11-02,92.4000015258789,0.0
2016-11-03,86.19999694824219,0.0
2016-11-04,85.5,0.0
2016-11-07,84.4000015258789,0.0
2016-11-08,85.69999694824219,0.0
2016-11-09,80.5999984741211,0.0
2016-11-10,84.30000305175781,0.0
2016-11-11,80.4000015258789,0.0
2016-11-14,76.80000305175781,0.0
2016-11-15,78.4000015258789,0.0
2016-11-16,79.30000305175781,0.0
2016-11-17,79.30000305175781,0.0
2016-11-18,84.0,0.0
2016-11-21,82.5,0.0
2016-11-22,81.69999694824219,0.0
2016-11-23,82.69999694824219,0.0
2016-11-24,83.5,0.0
2016-11-25,82.69999694824219,0.0
2016-11-28,83.9000015258789,0.0
2016-11-29,84.5999984741211,0.0
2016-11-30,84.30000305175781,0.0
2016-12-01,84.4000015258789,0.0
2016-12-02,82.4000015258789,0.0
2016-12-05,82.5999984741211,0.0
2016-12-06,82.80000305175781,0.0
2016-12-07,80.0999984741211,0.0
2016-12-08,80.30000305175781,0.0
2016-12-09,81.9000015258789,0.0
2016-12-12,81.0999984741211,0.0
2016-12-13,80.5999984741211,0.0
2016-12-14,80.0,0.0
2016-12-15,79.80000305175781,0.0
2016-12-16,79.5,0.0
2016-12-19,79.0999984741211,0.0
2016-12-20,80.5,0.0
2016-12-21,79.9000015258789,0.0
2016-12-22,78.0999984741211,0.0
2016-12-23,77.19999694824219,0.0
2016-12-26,78.0,0.0
2016-12-27,78.0999984741211,0.0
2016-12-28,78.30000305175781,0.0
2016-12-29,77.80000305175781,0.0
2016-12-30,79.0,0.0
2017-01-03,79.19999694824219,0.0
2017-01-04,81.80000305175781,0.0
2017-01-05,81.30000305175781,0.0
2017-01-06,81.19999694824219,0.0
2017-01-09,79.19999694824219,0.0
2017-01-10,78.5999984741211,0.0
2017-01-11,79.4000015258789,0.0
2017-01-12,79.5,0.0
2017-01-13,79.0999984741211,0.0
2017-01-16,78.80000305175781,0.0
2017-01-17,79.5,0.0
2017-01-18,82.0999984741211,0.0
2017-01-19,80.4000015258789,0.0
2017-01-20,79.5999984741211,0.0
2017-01-23,78.69999694824219,0.0
2017-01-24,79.30000305175781,0.0
2017-02-02,78.30000305175781,0.0
2017-02-03,78.19999694824219,0.0
2017-02-06,78.5999984741211,0.0
2017-02-07,76.9000015258789,0.0
2017-02-08,76.80000305175781,0.0
2017-02-09,76.80000305175781,0.0
2017-02-10,77.0,0.0
2017-02-13,77.19999694824219,0.0
2017-02-14,76.19999694824219,0.0
2017-02-15,78.9000015258789,0.0
2017-02-16,78.5,0.0
2017-02-17,77.5,0.0
2017-02-20,79.0999984741211,0.0
2017-02-21,79.4000015258789,0.0
2017-02-22,78.4000015258789,0.0
2017-02-23,77.69999694824219,0.0
2017-02-24,78.9000015258789,0.0
2017-03-01,77.9000015258789,0.0
2017-03-02,77.69999694824219,0.0
2017-03-03,77.80000305175781,0.0
2017-03-06,76.4000015258789,0.0
2017-03-07,77.19999694824219,0.0
2017-03-08,76.9000015258789,0.0
2017-03-09,76.19999694824219,0.0
2017-03-10,76.5,0.0
2017-03-13,75.9000015258789,0.0
2017-03-14,76.19999694824219,0.0
2017-03-15,75.9000015258789,0.0
2017-03-16,75.80000305175781,0.0
2017-03-17,75.5,0.0
2017-03-20,76.5,0.0
2017-03-21,76.4000015258789,0.0
2017-03-22,76.80000305175781,0.0
2017-03-23,77.5999984741211,0.0
2017-03-24,77.0999984741211,0.0
2017-03-27,76.69999694824219,0.0
2017-03-28,77.5999984741211,0.0
2017-03-29,78.0,0.0
2017-03-30,77.5,0.0
2017-03-31,77.5,0.0
2017-04-05,79.0,0.0
2017-04-06,79.19999694824219,0.0
2017-04-07,79.5,0.0
2017-04-10,78.5,0.0
2017-04-11,77.80000305175781,0.0
2017-04-12,77.9000015258789,0.0
2017-04-13,76.5,0.0
2017-04-14,74.5,0.0
2017-04-17,72.0,0.0
2017-04-18,72.19999694824219,0.0
2017-04-19,70.80000305175781,0.0
2017-04-20,70.30000305175781,0.0
2017-04-21,70.69999694824219,0.0
2017-04-24,71.0,0.0
2017-04-25,71.5,0.0
2017-04-26,71.5999984741211,0.0
2017-04-27,72.69999694824219,0.0
2017-04-28,72.4000015258789,0.0
2017-05-02,70.9000015258789,0.0
2017-05-03,70.9000015258789,0.0
2017-05-04,71.69999694824219,0.0
2017-05-05,71.0,0.0
2017-05-08,67.9000015258789,0.0
2017-05-09,63.0,0.0
2017-05-10,69.30000305175781,0.0
2017-05-11,69.0,0.0
2017-05-12,70.4000015258789,0.0
2017-05-15,70.4000015258789,0.0
2017-05-16,69.80000305175781,0.0
2017-05-17,71.19999694824219,0.0
2017-05-18,71.69999694824219,0.0
2017-05-19,70.5,0.0
2017-05-22,70.5999984741211,0.0
2017-05-23,70.4000015258789,0.0
2017-05-24,70.5,0.0
2017-05-25,71.30000305175781,0.0
2017-05-26,71.5999984741211,0.0
2017-05-31,72.69999694824219,0.0
2017-06-01,71.5999984741211,0.0
2017-06-02,71.5,0.0
2017-06-05,72.0,0.0
2017-06-06,72.80000305175781,0.0
2017-06-07,71.69999694824219,0.0
2017-06-08,70.80000305175781,0.0
2017-06-09,70.69999694824219,0.0
2017-06-12,70.19999694824219,0.0
2017-06-13,70.0,0.0
2017-06-14,68.19999694824219,0.0
2017-06-15,68.5999984741211,0.0
2017-06-16,69.80000305175781,0.0
2017-06-19,69.4000015258789,0.0
2017-06-20,69.80000305175781,0.0
2017-06-21,69.80000305175781,0.0
2017-06-22,69.69999694824219,0.0
2017-06-23,69.0,0.0
2017-06-26,69.5999984741211,0.0
2017-06-27,72.80000305175781,0.0
2017-06-28,73.9000015258789,0.0
2017-06-29,72.80000305175781,0.0
2017-06-30,72.5999984741211,0.0
2017-07-03,71.69999694824219,0.0
2017-07-04,71.9000015258789,0.0
2017-07-05,71.5999984741211,0.0
2017-07-06,72.0,0.0
2017-07-07,73.0999984741211,0.0
2017-07-10,71.19999694824219,0.0
2017-07-11,72.4000015258789,0.0
2017-07-12,72.0999984741211,0.0
2017-07-13,72.0999984741211,0.0
2017-07-14,71.69999694824219,0.0
2017-07-17,73.0,0.0
2017-07-18,72.0999984741211,0.0
2017-07-19,72.30000305175781,0.0
2017-07-20,73.4000015258789,0.0
2017-07-21,73.19999694824219,0.0
2017-07-24,72.69999694824219,0.0
2017-07-25,72.19999694824219,0.0
2017-07-26,71.5,0.0
2017-07-27,71.80000305175781,0.0
2017-07-28,71.19999694824219,0.0
2017-07-31,71.69999694824219,0.0
2017-08-01,71.5999984741211,0.0
2017-08-02,72.5999984741211,0.0
2017-08-03,70.9000015258789,0.0
2017-08-04,71.30000305175781,0.0
2017-08-07,70.69999694824219,0.0
2017-08-08,70.69999694824219,0.0
2017-08-09,69.19999694824219,0.0
2017-08-10,68.5999984741211,0.0
2017-08-11,68.4000015258789,0.0
2017-08-14,62.20000076293945,0.0
2017-08-15,63.29999923706055,0.0
2017-08-16,62.79999923706055,0.0
2017-08-17,62.70000076293945,0.0
2017-08-18,62.5,0.0
2017-08-21,61.59999847412109,0.0
2017-08-22,67.19999694824219,0.0
2017-08-23,65.30000305175781,0.0
2017-08-24,65.5999984741211,0.0
2017-08-25,68.69999694824219,0.0
2017-08-28,71.0,0.0
2017-08-29,70.9000015258789,0.0
2017-08-30,70.0,0.0
2017-08-31,68.69999694824219,0.0
2017-09-01,68.9000015258789,0.0
2017-09-04,68.5999984741211,0.0
2017-09-05,69.0,0.0
2017-09-06,68.5,0.0
2017-09-07,64.0,0.0
2017-09-08,66.69999694824219,0.0
2017-09-11,65.9000015258789,0.0
2017-09-12,65.9000015258789,0.0
2017-09-13,71.5,0.0
2017-09-14,70.0,0.0
2017-09-15,67.4000015258789,0.0
2017-09-18,67.5,0.0
2017-09-19,67.5999984741211,0.0
2017-09-20,69.30000305175781,0.0
2017-09-21,69.30000305175781,0.0
2017-09-22,76.19999694824219,0.0
2017-09-25,81.0,0.0
2017-09-26,78.0,0.0
2017-09-27,74.0,0.0
2017-09-28,75.5,0.0
2017-09-29,75.80000305175781,0.0
2017-10-02,74.30000305175781,0.0
2017-10-03,72.5,0.0
2017-10-05,71.5999984741211,0.0
2017-10-06,71.9000015258789,0.0
2017-10-11,71.5999984741211,0.0
2017-10-12,71.5999984741211,0.0
2017-10-13,73.0999984741211,0.0
2017-10-16,72.80000305175781,0.0
2017-10-17,69.80000305175781,0.0
2017-10-18,69.5,0.0
2017-10-19,71.0999984741211,0.0
2017-10-20,70.4000015258789,0.0
2017-10-23,70.0,0.0
2017-10-24,70.5999984741211,0.0
2017-10-25,69.80000305175781,0.0
2017-10-26,70.0,0.0
2017-10-27,69.0999984741211,0.0
2017-10-30,67.5999984741211,0.0
2017-10-31,67.5999984741211,0.0
2017-11-01,69.0999984741211,0.0
2017-11-02,68.5,0.0
2017-11-03,68.0999984741211,0.0
2017-11-06,67.4000015258789,0.0
2017-11-07,67.30000305175781,0.0
2017-11-08,67.30000305175781,0.0
2017-11-09,67.4000015258789,0.0
2017-11-10,66.69999694824219,0.0
2017-11-13,64.5999984741211,0.0
2017-11-14,65.0999984741211,0.0
2017-11-15,66.0999984741211,0.0
2017-11-16,66.0,0.0
2017-11-17,67.5,0.0
2017-11-20,67.9000015258789,0.0
2017-11-21,68.0999984741211,0.0
2017-11-22,67.5,0.0
2017-11-23,68.80000305175781,0.0
2017-11-24,69.80000305175781,0.0
2017-11-27,68.30000305175781,0.0
2017-11-28,67.69999694824219,0.0
2017-11-29,68.5999984741211,0.0
2017-11-30,67.4000015258789,0.0
2017-12-01,68.4000015258789,0.0
2017-12-04,68.5999984741211,0.0
2017-12-05,68.0999984741211,0.0
2017-12-06,66.4000015258789,0.0
2017-12-07,64.80000305175781,0.0
2017-12-08,65.0,0.0
2017-12-11,66.0,0.0
2017-12-12,64.30000305175781,0.0
2017-12-13,65.0999984741211,0.0
2017-12-14,67.80000305175781,0.0
2017-12-15,68.9000015258789,0.0
2017-12-18,73.0,0.0
2017-12-19,71.69999694824219,0.0
2017-12-20,72.69999694824219,0.0
2017-12-21,72.0,0.0
2017-12-22,75.0999984741211,0.0
2017-12-25,74.0,0.0
2017-12-26,72.4000015258789,0.0
2017-12-27,72.80000305175781,0.0
2017-12-28,73.5999984741211,0.0
2017-12-29,73.0999984741211,0.0
2018-01-02,73.9000015258789,0.0
2018-01-03,74.19999694824219,0.0
2018-01-04,75.5999984741211,0.0
2018-01-05,75.19999694824219,0.0
2018-01-08,72.0,0.0
2018-01-09,72.30000305175781,0.0
2018-01-10,70.80000305175781,0.0
2018-01-11,70.19999694824219,0.0
2018-01-12,71.30000305175781,0.0
2018-01-15,71.80000305175781,0.0
2018-01-16,72.5999984741211,0.0
2018-01-17,73.0,0.0
2018-01-18,72.0,0.0
2018-01-19,71.0999984741211,0.0
2018-01-22,71.19999694824219,0.0
2018-01-23,69.5,0.0
2018-01-24,69.19999694824219,0.0
2018-01-25,68.5999984741211,0.0
2018-01-26,69.30000305175781,0.0
2018-01-29,70.19999694824219,0.0
2018-01-30,71.4000015258789,0.0
2018-01-31,71.0,0.0
2018-02-01,70.5,0.0
2018-02-02,70.5999984741211,0.0
2018-02-05,68.5999984741211,0.0
2018-02-06,62.29999923706055,0.0
2018-02-07,63.5,0.0
2018-02-08,62.09999847412109,0.0
2018-02-09,60.0,0.0
2018-02-12,59.900001525878906,0.0
2018-02-21,63.0,0.0
2018-02-22,62.0,0.0
2018-02-23,62.5,0.0
2018-02-26,62.20000076293945,0.0
2018-02-27,61.0,0.0
2018-03-01,61.400001525878906,0.0
2018-03-02,61.0,0.0
2018-03-05,60.5,0.0
2018-03-06,60.5,0.0
2018-03-07,60.5,0.0
2018-03-08,61.09999847412109,0.0
2018-03-09,61.09999847412109,0.0
2018-03-12,62.0,0.0
2018-03-13,63.0,0.0
2018-03-14,62.29999923706055,0.0
2018-03-15,61.79999923706055,0.0
2018-03-16,62.29999923706055,0.0
2018-03-19,62.400001525878906,0.0
2018-03-20,62.0,0.0
2018-03-21,67.5999984741211,0.0
2018-03-22,66.0,0.0
2018-03-23,63.900001525878906,0.0
2018-03-26,63.0,0.0
2018-03-27,67.0,0.0
2018-03-28,66.19999694824219,0.0
2018-03-29,66.30000305175781,0.0
2018-03-30,66.30000305175781,0.0
2018-04-02,67.30000305175781,0.0
2018-04-03,67.5999984741211,0.0
2018-04-09,66.5,0.0
2018-04-10,64.5,0.0
2018-04-11,63.70000076293945,0.0
2018-04-12,63.59999847412109,0.0
2018-04-13,63.0,0.0
2018-04-16,62.09999847412109,0.0
2018-04-17,61.79999923706055,0.0
2018-04-18,61.79999923706055,0.0
2018-04-19,61.5,0.0
2018-04-20,62.5,0.0
2018-04-23,61.20000076293945,0.0
2018-04-24,60.0,0.0
2018-04-25,60.70000076293945,0.0
2018-04-26,57.400001525878906,0.0
2018-04-27,55.0,0.0
2018-04-30,60.5,0.0
2018-05-02,58.400001525878906,0.0
2018-05-03,58.09999847412109,0.0
2018-05-04,58.5,0.0
2018-05-07,56.70000076293945,0.0
2018-05-08,57.5,0.0
2018-05-09,56.400001525878906,0.0
2018-05-10,56.5,0.0
2018-05-11,56.400001525878906,0.0
2018-05-14,56.79999923706055,0.0
2018-05-15,57.79999923706055,0.0
2018-05-16,58.400001525878906,0.0
2018-05-17,59.5,0.0
2018-05-18,58.29999923706055,0.0
2018-05-21,58.70000076293945,0.0
2018-05-22,58.09999847412109,0.0
2018-05-23,57.20000076293945,0.0
2018-05-24,59.09999847412109,0.0
2018-05-25,58.20000076293945,0.0
2018-05-28,58.59999847412109,0.0
2018-05-29,58.29999923706055,0.0
2018-05-30,58.5,0.0
2018-05-31,58.59999847412109,0.0
2018-06-01,58.5,0.0
2018-06-04,59.20000076293945,0.0
2018-06-05,59.900001525878906,0.0
2018-06-06,60.59999847412109,0.0
2018-06-07,59.70000076293945,0.0
2018-06-08,60.20000076293945,0.0
2018-06-11,59.59999847412109,0.0
2018-06-12,59.20000076293945,0.0
2018-06-13,59.900001525878906,0.0
2018-06-14,59.5,0.0
2018-06-15,59.29999923706055,0.0
2018-06-19,59.0,0.0
2018-06-20,56.900001525878906,0.0
2018-06-21,56.5,0.0
2018-06-22,56.70000076293945,0.0
2018-06-25,56.59999847412109,0.0
2018-06-26,56.0,0.0
2018-06-27,56.900001525878906,0.0
2018-06-28,55.79999923706055,0.0
2018-06-29,56.900001525878906,0.0
2018-07-02,56.59999847412109,0.0
2018-07-03,52.79999923706055,0.0
2018-07-04,50.59999847412109,0.0
2018-07-05,51.29999923706055,0.0
2018-07-06,51.70000076293945,0.0
2018-07-09,51.900001525878906,0.0
2018-07-10,51.20000076293945,0.0
2018-07-11,51.09999847412109,0.0
2018-07-12,51.400001525878906,0.0
2018-07-13,52.79999923706055,0.0
2018-07-16,52.79999923706055,0.0
2018-07-17,52.5,0.0
2018-07-18,55.0,0.0
2018-07-19,53.70000076293945,0.0
2018-07-20,53.70000076293945,0.0
2018-07-23,53.400001525878906,0.0
2018-07-24,53.29999923706055,0.0
2018-07-25,53.400001525878906,0.0
2018-07-26,53.20000076293945,0.0
2018-07-27,54.79999923706055,0.0
2018-07-30,53.900001525878906,0.0
2018-07-31,53.900001525878906,0.0
2018-08-01,54.59999847412109,0.0
2018-08-02,54.0,0.0
2018-08-03,54.79999923706055,0.0
2018-08-06,55.400001525878906,0.0
2018-08-07,52.400001525878906,0.0
2018-08-08,52.59999847412109,0.0
2018-08-09,51.59999847412109,0.0
2018-08-10,47.04999923706055,0.0
2018-08-13,47.04999923706055,0.0
2018-08-14,46.150001525878906,0.0
2018-08-15,42.84999847412109,0.0
2018-08-16,43.54999923706055,0.0
2018-08-17,43.20000076293945,0.0
2018-08-20,42.09999847412109,0.0
2018-08-21,42.04999923706055,0.0
2018-08-22,44.34999847412109,0.0
2018-08-23,44.150001525878906,0.0
2018-08-24,43.54999923706055,0.0
2018-08-27,44.09999847412109,0.0
2018-08-28,44.400001525878906,0.0
2018-08-29,44.650001525878906,0.0
2018-08-30,44.09999847412109,0.0
2018-08-31,44.59999847412109,0.0
2018-09-03,43.45000076293945,0.0
2018-09-04,44.34999847412109,0.0
2018-09-05,43.45000076293945,0.0
2018-09-06,42.70000076293945,0.0
2018-09-07,39.900001525878906,0.0
2018-09-10,37.20000076293945,0.0
2018-09-11,38.79999923706055,0.0
2018-09-12,39.29999923706055,0.0
2018-09-13,39.29999923706055,0.0
2018-09-14,40.09999847412109,0.0
2018-09-17,39.29999923706055,0.0
2018-09-18,38.5,0.0
2018-09-19,40.04999923706055,0.0
2018-09-20,39.400001525878906,0.0
2018-09-21,39.900001525878906,0.0
2018-09-25,40.34999847412109,0.0
2018-09-26,43.04999923706055,0.0
2018-09-27,42.20000076293945,0.0
2018-09-28,40.59999847412109,0.0
2018-10-01,39.900001525878906,0.0
2018-10-02,39.5,0.0
2018-10-03,38.900001525878906,0.0
2018-10-04,39.04999923706055,0.0
2018-10-05,38.400001525878906,0.0
2018-10-08,35.5,0.0
2018-10-09,33.75,0.0
2018-10-11,30.39999961853028,0.0
2018-10-12,31.100000381469727,0.0
2018-10-15,32.099998474121094,0.0
2018-10-16,31.850000381469727,0.0
2018-10-17,31.100000381469727,0.0
2018-10-18,31.64999961853028,0.0
2018-10-19,32.20000076293945,0.0
2018-10-22,33.79999923706055,0.0
2018-10-23,33.0,0.0
2018-10-24,33.400001525878906,0.0
2018-10-25,31.700000762939453,0.0
2018-10-26,31.14999961853028,0.0
2018-10-29,31.700000762939453,0.0
2018-10-30,32.70000076293945,0.0
2018-10-31,33.599998474121094,0.0
2018-11-01,34.900001525878906,0.0
2018-11-02,35.70000076293945,0.0
2018-11-05,34.849998474121094,0.0
2018-11-06,33.79999923706055,0.0
2018-11-07,37.150001525878906,0.0
2018-11-08,39.09999847412109,0.0
2018-11-09,38.5,0.0
2018-11-12,42.34999847412109,0.0
2018-11-13,44.54999923706055,0.0
2018-11-14,43.0,0.0
2018-11-15,42.900001525878906,0.0
2018-11-16,43.0,0.0
2018-11-19,41.84999847412109,0.0
2018-11-20,42.79999923706055,0.0
2018-11-21,43.0,0.0
2018-11-22,42.59999847412109,0.0
2018-11-23,41.900001525878906,0.0
2018-11-26,41.400001525878906,0.0
2018-11-27,43.150001525878906,0.0
2018-11-28,45.29999923706055,0.0
2018-11-29,47.0,0.0
2018-11-30,45.54999923706055,0.0
2018-12-03,47.25,0.0
2018-12-04,46.34999847412109,0.0
2018-12-05,46.45000076293945,0.0
2018-12-06,42.54999923706055,0.0
2018-12-07,42.79999923706055,0.0
2018-12-10,39.5,0.0
2018-12-11,39.150001525878906,0.0
2018-12-12,39.45000076293945,0.0
2018-12-13,38.900001525878906,0.0
2018-12-14,38.650001525878906,0.0
2018-12-17,37.75,0.0
2018-12-18,38.79999923706055,0.0
2018-12-19,38.150001525878906,0.0
2018-12-20,35.900001525878906,0.0
2018-12-21,36.29999923706055,0.0
2018-12-24,36.59999847412109,0.0
2018-12-25,36.04999923706055,0.0
2018-12-26,36.20000076293945,0.0
2018-12-27,36.5,0.0
2018-12-28,35.349998474121094,0.0
2019-01-02,36.09999847412109,0.0
2019-01-03,36.09999847412109,0.0
2019-01-04,36.5,0.0
2019-01-07,36.70000076293945,0.0
2019-01-08,37.0,0.0
2019-01-09,35.349998474121094,0.0
2019-01-10,34.599998474121094,0.0
2019-01-11,33.599998474121094,0.0
2019-01-14,33.599998474121094,0.0
2019-01-15,33.79999923706055,0.0
2019-01-16,34.04999923706055,0.0
2019-01-17,32.849998474121094,0.0
2019-01-18,32.95000076293945,0.0
2019-01-21,34.099998474121094,0.0
2019-01-22,34.0,0.0
2019-01-23,34.5,0.0
2019-01-24,34.45000076293945,0.0
2019-01-25,34.79999923706055,0.0
2019-01-28,37.95000076293945,0.0
2019-01-29,37.0,0.0
2019-01-30,36.54999923706055,0.0
2019-02-11,36.79999923706055,0.0
2019-02-12,37.09999847412109,0.0
2019-02-13,36.20000076293945,0.0
2019-02-14,36.5,0.0
2019-02-15,35.349998474121094,0.0
2019-02-18,35.900001525878906,0.0
2019-02-19,36.54999923706055,0.0
2019-02-20,37.0,0.0
2019-02-21,36.54999923706055,0.0
2019-02-22,37.09999847412109,0.0
2019-02-25,38.0,0.0
2019-02-26,37.45000076293945,0.0
2019-02-27,36.79999923706055,0.0
2019-03-04,37.900001525878906,0.0
2019-03-05,37.5,0.0
2019-03-06,37.25,0.0
2019-03-07,35.599998474121094,0.0
2019-03-08,36.0,0.0
2019-03-11,36.25,0.0
2019-03-12,36.0,0.0
2019-03-13,36.20000076293945,0.0
2019-03-14,36.79999923706055,0.0
2019-03-15,37.45000076293945,0.0
2019-03-18,41.150001525878906,0.0
2019-03-19,39.54999923706055,0.0
2019-03-20,40.34999847412109,0.0
2019-03-21,40.09999847412109,0.0
2019-03-22,40.59999847412109,0.0
2019-03-25,38.84999847412109,0.0
2019-03-26,39.20000076293945,0.0
2019-03-27,39.84999847412109,0.0
2019-03-28,39.54999923706055,0.0
2019-03-29,39.95000076293945,0.0
2019-04-01,40.150001525878906,0.0
2019-04-02,40.79999923706055,0.0
2019-04-03,40.45000076293945,0.0
2019-04-08,40.900001525878906,0.0
2019-04-09,42.0,0.0
2019-04-10,44.25,0.0
2019-04-11,43.0,0.0
2019-04-12,43.75,0.0
2019-04-15,43.900001525878906,0.0
2019-04-16,44.5,0.0
2019-04-17,44.29999923706055,0.0
2019-04-18,42.150001525878906,0.0
2019-04-19,42.70000076293945,0.0
2019-04-22,43.150001525878906,0.0
2019-04-23,42.59999847412109,0.0
2019-04-24,42.45000076293945,0.0
2019-04-25,42.0,0.0
2019-04-26,41.20000076293945,0.0
2019-04-29,41.20000076293945,0.0
2019-04-30,41.79999923706055,0.0
2019-05-02,43.04999923706055,0.0
2019-05-03,42.900001525878906,0.0
2019-05-06,41.5,0.0
2019-05-07,39.20000076293945,0.0
2019-05-08,37.5,0.0
2019-05-09,37.20000076293945,0.0
2019-05-10,36.45000076293945,0.0
2019-05-13,35.400001525878906,0.0
2019-05-14,35.650001525878906,0.0
2019-05-15,36.70000076293945,0.0
2019-05-16,35.5,0.0
2019-05-17,34.54999923706055,0.0
2019-05-20,34.54999923706055,0.0
2019-05-21,36.650001525878906,0.0
2019-05-22,36.09999847412109,0.0
2019-05-23,35.650001525878906,0.0
2019-05-24,36.150001525878906,0.0
2019-05-27,35.79999923706055,0.0
2019-05-28,36.04999923706055,0.0
2019-05-29,35.70000076293945,0.0
2019-05-30,36.25,0.0
2019-05-31,36.09999847412109,0.0
2019-06-03,35.099998474121094,0.0
2019-06-04,35.150001525878906,0.0
2019-06-05,34.849998474121094,0.0
2019-06-06,34.95000076293945,0.0
2019-06-10,35.5,0.0
2019-06-11,36.0,0.0
2019-06-12,36.25,0.0
2019-06-13,36.79999923706055,0.0
2019-06-14,36.900001525878906,0.0
2019-06-17,36.5,0.0
2019-06-18,36.09999847412109,0.0
2019-06-19,37.04999923706055,0.0
2019-06-20,37.09999847412109,0.0
2019-06-21,37.20000076293945,0.0
2019-06-24,37.400001525878906,0.0
2019-06-25,36.75,0.0
2019-06-26,36.79999923706055,0.0
2019-06-27,36.70000076293945,0.0
2019-06-28,36.54999923706055,0.0
2019-07-01,36.84999847412109,0.0
2019-07-02,37.34999847412109,0.0
2019-07-03,37.0,0.0
2019-07-04,37.09999847412109,0.0
2019-07-05,37.5,0.0
2019-07-08,39.0,0.0
2019-07-09,38.650001525878906,0.0
2019-07-10,38.650001525878906,0.0
2019-07-11,39.20000076293945,0.0
2019-07-12,38.900001525878906,0.0
2019-07-15,38.95000076293945,0.0
2019-07-16,39.400001525878906,0.0
2019-07-17,40.54999923706055,0.0
2019-07-18,39.54999923706055,0.0
2019-07-19,39.150001525878906,0.0
2019-07-22,39.25,0.0
2019-07-23,39.5,0.0
2019-07-24,39.34999847412109,0.0
2019-07-25,40.25,0.0
2019-07-26,40.25,0.0
2019-07-29,40.09999847412109,0.0
2019-07-30,38.75,0.0
2019-07-31,38.84999847412109,0.0
2019-08-01,37.95000076293945,0.0
2019-08-02,36.79999923706055,0.0
2019-08-05,36.400001525878906,0.0
2019-08-06,35.849998474121094,0.0
2019-08-07,33.0,0.0
2019-08-08,32.849998474121094,0.0
2019-08-12,33.25,0.0
2019-08-13,32.650001525878906,0.0
2019-08-14,33.25,0.0
2019-08-15,33.70000076293945,0.0
2019-08-16,34.20000076293945,0.0
2019-08-19,33.95000076293945,0.38
2019-08-20,33.75,0.0
2019-08-21,33.95000076293945,0.0
2019-08-22,34.04999923706055,0.0
2019-08-23,34.099998474121094,0.0
2019-08-26,33.849998474121094,0.0
2019-08-27,34.400001525878906,0.0
2019-08-28,34.75,0.0
2019-08-29,34.599998474121094,0.0
2019-08-30,34.75,0.0
2019-09-02,34.900001525878906,0.0
2019-09-03,34.75,0.0
2019-09-04,35.25,0.0
2019-09-05,35.5,0.0
2019-09-06,36.20000076293945,0.0
2019-09-10,35.849998474121094,0.0
2019-09-11,37.25,0.0
2019-09-12,37.04999923706055,0.0
2019-09-16,37.09999847412109,0.0
2019-09-17,36.650001525878906,0.0
2019-09-18,38.54999923706055,0.0
2019-09-19,37.5,0.0
2019-09-20,37.70000076293945,0.0
2019-09-23,37.650001525878906,0.0
2019-09-24,37.59999847412109,0.0
2019-09-25,36.650001525878906,0.0
2019-09-26,36.70000076293945,0.0
2019-09-27,35.5,0.0
2019-10-01,36.150001525878906,0.0
2019-10-02,36.04999923706055,0.0
2019-10-03,36.45000076293945,0.0
2019-10-04,36.84999847412109,0.0
2019-10-07,37.5,0.0
2019-10-08,38.25,0.0
2019-10-09,37.70000076293945,0.0
2019-10-14,38.25,0.0
2019-10-15,37.95000076293945,0.0
2019-10-16,37.5,0.0
2019-10-17,38.09999847412109,0.0
2019-10-18,37.900001525878906,0.0
2019-10-21,38.09999847412109,0.0
2019-10-22,38.0,0.0
2019-10-23,38.5,0.0
2019-10-24,39.25,0.0
2019-10-25,38.75,0.0
2019-10-28,37.900001525878906,0.0
2019-10-29,37.5,0.0
2019-10-30,37.5,0.0
2019-10-31,36.79999923706055,0.0
2019-11-01,37.29999923706055,0.0
2019-11-04,37.29999923706055,0.0
2019-11-05,37.5,0.0
2019-11-06,36.900001525878906,0.0
2019-11-07,36.09999847412109,0.0
2019-11-08,35.75,0.0
2019-11-11,34.650001525878906,0.0
2019-11-12,35.04999923706055,0.0
2019-11-13,34.95000076293945,0.0
2019-11-14,34.349998474121094,0.0
2019-11-15,34.849998474121094,0.0
2019-11-18,35.5,0.0
2019-11-19,35.099998474121094,0.0
2019-11-20,34.75,0.0
2019-11-21,34.75,0.0
2019-11-22,34.849998474121094,0.0
2019-11-25,35.0,0.0
2019-11-26,35.20000076293945,0.0
2019-11-27,35.900001525878906,0.0
2019-11-28,35.349998474121094,0.0
2019-11-29,35.04999923706055,0.0
2019-12-02,35.400001525878906,0.0
2019-12-03,35.45000076293945,0.0
2019-12-04,35.150001525878906,0.0
2019-12-05,35.849998474121094,0.0
2019-12-06,35.5,0.0
2019-12-09,35.099998474121094,0.0
2019-12-10,35.45000076293945,0.0
2019-12-11,35.70000076293945,0.0
2019-12-12,36.400001525878906,0.0
2019-12-13,35.54999923706055,0.0
2019-12-16,39.09999847412109,0.0
2019-12-17,38.0,0.0
2019-12-18,38.09999847412109,0.0
2019-12-19,38.5,0.0
2019-12-20,39.0,0.0
2019-12-23,39.20000076293945,0.0
2019-12-24,38.75,0.0
2019-12-25,38.900001525878906,0.0
2019-12-26,38.400001525878906,0.0
2019-12-27,38.5,0.0
2019-12-30,38.34999847412109,0.0
2019-12-31,38.45000076293945,0.0
2020-01-02,38.34999847412109,0.0
2020-01-03,38.150001525878906,0.0
2020-01-06,38.20000076293945,0.0
2020-01-07,37.0,0.0
2020-01-08,36.150001525878906,0.0
2020-01-09,36.95000076293945,0.0
2020-01-10,36.650001525878906,0.0
2020-01-13,37.5,0.0
2020-01-14,37.79999923706055,0.0
2020-01-15,37.34999847412109,0.0
2020-01-16,37.70000076293945,0.0
2020-01-17,37.79999923706055,0.0
2020-01-20,37.54999923706055,0.0
2020-01-30,34.20000076293945,0.0
2020-01-31,34.25,0.0
2020-02-03,33.0,0.0
2020-02-04,33.5,0.0
2020-02-05,33.599998474121094,0.0
2020-02-06,34.20000076293945,0.0
2020-02-07,33.349998474121094,0.0
2020-02-10,33.04999923706055,0.0
2020-02-11,34.0,0.0
2020-02-12,34.150001525878906,0.0
2020-02-13,34.150001525878906,0.0
2020-02-14,34.400001525878906,0.0
2020-02-17,34.599998474121094,0.0
2020-02-18,34.75,0.0
2020-02-19,34.70000076293945,0.0
2020-02-20,35.29999923706055,0.0
2020-02-21,35.45000076293945,0.0
2020-02-24,34.900001525878906,0.0
2020-02-25,34.900001525878906,0.0
2020-02-26,36.5,0.0
2020-02-27,35.0,0.0
2020-03-02,36.400001525878906,0.0
2020-03-03,37.45000076293945,0.0
2020-03-04,37.650001525878906,0.0
2020-03-05,36.900001525878906,0.0
2020-03-06,37.54999923706055,0.0
2020-03-09,35.599998474121094,0.0
2020-03-10,35.79999923706055,0.0
2020-03-11,34.849998474121094,0.0
2020-03-12,32.099998474121094,0.0
2020-03-13,29.75,0.0
2020-03-16,27.0,0.0
2020-03-17,26.950000762939453,0.0
2020-03-18,26.950000762939453,0.0
2020-03-19,28.39999961853028,0.0
2020-03-20,29.450000762939453,0.0
2020-03-23,27.700000762939453,0.0
2020-03-24,28.39999961853028,0.0
2020-03-25,28.89999961853028,0.0
2020-03-26,28.850000381469727,0.0
2020-03-27,27.950000762939453,0.0
2020-03-30,28.299999237060547,0.0
2020-03-31,28.39999961853028,0.0
2020-04-01,28.89999961853028,0.0
2020-04-06,29.350000381469727,0.0
2020-04-07,29.25,0.0
2020-04-08,30.350000381469727,0.0
2020-04-09,29.700000762939453,0.0
2020-04-10,30.39999961853028,0.0
2020-04-13,30.600000381469727,0.0
2020-04-14,30.600000381469727,0.0
2020-04-15,31.200000762939453,0.0
2020-04-16,31.200000762939453,0.0
2020-04-17,30.049999237060547,0.0
2020-04-20,30.049999237060547,0.0
2020-04-21,28.799999237060547,0.0
2020-04-22,28.600000381469727,0.0
2020-04-23,28.799999237060547,0.0
2020-04-24,29.14999961853028,0.0
2020-04-27,30.0,0.0
2020-04-28,29.950000762939453,0.0
2020-04-29,29.850000381469727,0.0
2020-04-30,30.0,0.0
2020-05-04,29.25,0.0
2020-05-05,29.39999961853028,0.0
2020-05-06,29.700000762939453,0.0
2020-05-07,29.100000381469727,0.0
2020-05-08,28.89999961853028,0.0
2020-05-11,28.89999961853028,0.0
2020-05-12,29.100000381469727,0.0
2020-05-13,29.14999961853028,0.0
2020-05-14,28.200000762939453,0.0
2020-05-15,28.299999237060547,0.0
2020-05-18,27.950000762939453,0.0
2020-05-19,28.64999961853028,0.0
2020-05-20,28.700000762939453,0.0
2020-05-21,28.799999237060547,0.0
2020-05-22,28.100000381469727,0.0
2020-05-25,29.5,0.0
2020-05-26,30.0,0.0
2020-05-27,30.700000762939453,0.0
2020-05-28,29.600000381469727,0.0
2020-05-29,30.5,0.0
2020-06-01,30.549999237060547,0.0
2020-06-02,30.0,0.0
2020-06-03,30.14999961853028,0.0
2020-06-04,30.200000762939453,0.0
2020-06-05,30.14999961853028,0.0
2020-06-08,30.450000762939453,0.0
2020-06-09,30.14999961853028,0.0
2020-06-10,30.049999237060547,0.0
2020-06-11,29.850000381469727,0.0
2020-06-12,29.14999961853028,0.0
2020-06-15,29.700000762939453,0.0
2020-06-16,30.0,0.0
2020-06-17,30.75,0.0
2020-06-18,30.799999237060547,0.0
2020-06-19,30.299999237060547,0.0
2020-06-22,30.5,0.0
2020-06-23,30.600000381469727,0.0
2020-06-24,30.5,0.0
2020-06-29,30.14999961853028,0.0
2020-06-30,33.150001525878906,0.0
2020-07-01,32.349998474121094,0.0
2020-07-02,32.5,0.0
2020-07-03,32.400001525878906,0.0
2020-07-06,33.099998474121094,0.0
2020-07-07,32.95000076293945,0.0
2020-07-08,33.45000076293945,0.0
2020-07-09,32.900001525878906,0.0
2020-07-10,31.299999237060547,0.0
2020-07-13,31.799999237060547,0.0
2020-07-14,31.0,0.0
2020-07-15,30.700000762939453,0.0
2020-07-16,31.14999961853028,0.0
2020-07-17,31.0,0.0
2020-07-20,31.5,0.0
2020-07-21,31.200000762939453,0.0
2020-07-22,31.25,0.0
2020-07-23,30.89999961853028,0.0
2020-07-24,30.75,0.0
2020-07-27,30.049999237060547,0.0
2020-07-28,28.950000762939453,0.0
2020-07-29,29.5,0.0
2020-07-30,29.89999961853028,0.0
2020-07-31,29.89999961853028,0.0
2020-08-03,29.850000381469727,0.0
2020-08-04,30.350000381469727,0.0
2020-08-05,30.25,0.0
2020-08-06,31.049999237060547,0.0
2020-08-07,30.100000381469727,0.0
2020-08-10,30.450000762939453,0.0
2020-08-11,30.14999961853028,0.0
2020-08-12,29.75,0.0
2020-08-13,29.450000762939453,0.0
2020-08-14,30.0,0.0
2020-08-17,30.200000762939453,0.0
2020-08-18,29.75,0.0
2020-08-19,29.39999961853028,0.0
2020-08-20,28.100000381469727,0.0
2020-08-21,28.799999237060547,0.0
2020-08-24,28.89999961853028,0.0
2020-08-25,28.950000762939453,0.0
2020-08-26,30.049999237060547,0.0
2020-08-27,29.799999237060547,0.0
2020-08-28,30.0,0.0
2020-08-31,30.100000381469727,0.0
2020-09-01,30.450000762939453,0.0
2020-09-02,30.799999237060547,0.0
2020-09-03,30.549999237060547,0.0
2020-09-04,30.600000381469727,0.0
2020-09-07,31.0,0.0
2020-09-08,30.450000762939453,0.0
2020-09-09,31.0,0.0
2020-09-10,30.549999237060547,0.0
2020-09-11,30.25,0.0
2020-09-14,30.450000762939453,0.0
2020-09-15,30.700000762939453,0.0
2020-09-16,30.5,0.0
2020-09-17,30.25,0.0
2020-09-18,30.100000381469727,0.0
2020-09-21,30.14999961853028,0.0
2020-09-22,29.600000381469727,0.0
2020-09-23,29.299999237060547,0.0
2020-09-24,28.350000381469727,0.0
2020-09-25,28.350000381469727,0.0
2020-09-28,28.450000762939453,0.0
2020-09-29,28.600000381469727,0.0
2020-09-30,28.600000381469727,0.0
2020-10-05,28.89999961853028,0.0
2020-10-06,29.0,0.0
2020-10-07,29.5,0.0
2020-10-08,29.200000762939453,0.0
2020-10-12,29.200000762939453,0.0
2020-10-13,29.14999961853028,0.0
2020-10-14,29.450000762939453,0.0
2020-10-15,29.0,0.0
2020-10-16,28.600000381469727,0.0
2020-10-19,28.799999237060547,0.0
2020-10-20,28.700000762939453,0.0
2020-10-21,28.75,0.0
2020-10-22,28.700000762939453,0.0
2020-10-23,28.75,0.0
2020-10-26,28.89999961853028,0.0
2020-10-27,29.25,0.0
2020-10-28,29.0,0.0
2020-10-29,28.799999237060547,0.0
2020-10-30,28.700000762939453,0.0
2020-11-02,28.39999961853028,0.0
2020-11-03,28.64999961853028,0.0
2020-11-04,28.64999961853028,0.0
2020-11-05,28.950000762939453,0.0
2020-11-06,28.799999237060547,0.0
2020-11-09,28.600000381469727,0.0
2020-11-10,29.299999237060547,0.0
2020-11-11,29.14999961853028,0.0
2020-11-12,28.799999237060547,0.0
2020-11-13,28.600000381469727,0.0
2020-11-16,28.549999237060547,0.0
2020-11-17,28.549999237060547,0.0
2020-11-18,29.39999961853028,0.0
2020-11-19,29.5,0.0
2020-11-20,30.450000762939453,0.0
2020-11-23,30.25,0.0
2020-11-24,30.100000381469727,0.0
2020-11-25,30.600000381469727,0.0
2020-11-26,30.950000762939453,0.0
2020-11-27,31.0,0.0
2020-11-30,31.299999237060547,0.0
2020-12-01,31.299999237060547,0.0
2020-12-02,31.5,0.0
2020-12-03,32.04999923706055,0.0
2020-12-04,31.299999237060547,0.0
2020-12-07,31.700000762939453,0.0
2020-12-08,31.799999237060547,0.0
2020-12-09,32.45000076293945,0.0
2020-12-10,31.600000381469727,0.0
2020-12-11,30.89999961853028,0.0
2020-12-14,31.450000762939453,0.0
2020-12-15,30.549999237060547,0.0
2020-12-16,31.25,0.0
2020-12-17,31.200000762939453,0.0
2020-12-18,31.350000381469727,0.0
2020-12-21,30.700000762939453,0.0
2020-12-22,30.049999237060547,0.0
2020-12-23,30.299999237060547,0.0
2020-12-24,30.299999237060547,0.0
2020-12-25,30.549999237060547,0.0
2020-12-28,31.200000762939453,0.0
2020-12-29,31.299999237060547,0.0
2020-12-30,31.25,0.0
2020-12-31,30.75,0.0
2021-01-04,31.39999961853028,0.0
2021-01-05,30.850000381469727,0.0
2021-01-06,30.0,0.0
2021-01-07,29.950000762939453,0.0
2021-01-08,29.549999237060547,0.0
2021-01-11,30.100000381469727,0.0
2021-01-12,29.39999961853028,0.0
2021-01-13,29.75,0.0
2021-01-14,30.100000381469727,0.0
2021-01-15,29.799999237060547,0.0
2021-01-18,29.39999961853028,0.0
2021-01-19,29.14999961853028,0.0
2021-01-20,28.299999237060547,0.0
2021-01-21,28.0,0.0
2021-01-22,27.850000381469727,0.0
2021-01-25,28.25,0.0
2021-01-26,28.0,0.0
2021-01-27,28.200000762939453,0.0
2021-01-28,28.0,0.0
2021-01-29,28.450000762939453,0.0
2021-02-01,28.0,0.0
2021-02-02,28.299999237060547,0.0
2021-02-03,28.350000381469727,0.0
2021-02-04,28.14999961853028,0.0
2021-02-05,28.0,0.0
2021-02-17,28.549999237060547,0.0
2021-02-18,28.600000381469727,0.0
2021-02-19,28.299999237060547,0.0
2021-02-22,29.350000381469727,0.0
2021-02-23,29.049999237060547,0.0
2021-02-24,28.75,0.0
2021-02-25,29.14999961853028,0.0
2021-02-26,29.0,0.0
2021-03-02,28.600000381469727,0.0
2021-03-03,29.299999237060547,0.0
2021-03-04,28.799999237060547,0.0
2021-03-05,28.549999237060547,0.0
2021-03-08,28.100000381469727,0.0
2021-03-09,28.049999237060547,0.0
2021-03-10,28.5,0.0
2021-03-11,29.0,0.0
2021-03-12,28.75,0.0
2021-03-15,28.700000762939453,0.0
2021-03-16,28.799999237060547,0.0
2021-03-17,28.5,0.0
2021-03-18,28.549999237060547,0.0
2021-03-19,29.100000381469727,0.0
2021-03-22,29.200000762939453,0.0
2021-03-23,29.0,0.0
2021-03-24,29.049999237060547,0.0
2021-03-25,28.89999961853028,0.0
2021-03-26,28.850000381469727,0.0
2021-03-29,29.700000762939453,0.0
2021-03-30,29.700000762939453,0.0
2021-03-31,30.850000381469727,0.0
2021-04-01,31.200000762939453,0.0
2021-04-07,31.450000762939453,0.0
2021-04-08,31.450000762939453,0.0
2021-04-09,31.5,0.0
2021-04-12,32.79999923706055,0.0
2021-04-13,33.099998474121094,0.0
2021-04-14,32.650001525878906,0.0
2021-04-15,35.900001525878906,0.0
2021-04-16,39.45000076293945,0.0
2021-04-19,40.09999847412109,0.0
2021-04-20,39.95000076293945,0.0
2021-04-21,40.59999847412109,0.0
2021-04-22,38.0,0.0
2021-04-23,41.79999923706055,0.0
2021-04-26,44.70000076293945,0.0
2021-04-27,43.150001525878906,0.0
2021-04-28,43.09999847412109,0.0
2021-04-29,41.59999847412109,0.0
2021-05-03,42.150001525878906,0.0
2021-05-04,40.59999847412109,0.0
2021-05-05,39.45000076293945,0.0
2021-05-06,39.650001525878906,0.0
2021-05-07,40.5,0.0
2021-05-10,40.54999923706055,0.0
2021-05-11,38.0,0.0
2021-05-12,36.25,0.0
2021-05-13,35.04999923706055,0.0
2021-05-14,34.5,0.0
2021-05-17,32.099998474121094,0.0
2021-05-18,34.25,0.0
2021-05-19,34.25,0.0
2021-05-20,33.70000076293945,0.0
2021-05-21,34.650001525878906,0.0
2021-05-24,35.25,0.0
2021-05-25,35.5,0.0
2021-05-26,35.75,0.0
2021-05-27,36.20000076293945,0.0
2021-05-28,36.400001525878906,0.0
2021-05-31,37.04999923706055,0.0
2021-06-01,37.25,0.0
2021-06-02,36.400001525878906,0.0
2021-06-03,37.25,0.0
2021-06-04,36.650001525878906,0.0
2021-06-07,35.849998474121094,0.0
2021-06-08,36.29999923706055,0.0
2021-06-09,37.20000076293945,0.0
2021-06-10,38.150001525878906,0.0
2021-06-11,40.0,0.0
2021-06-15,41.95000076293945,0.0
2021-06-16,40.09999847412109,0.0
2021-06-17,40.59999847412109,0.0
2021-06-18,39.95000076293945,0.0
2021-06-21,40.34999847412109,0.0
2021-06-22,39.5,0.0
2021-06-23,40.79999923706055,0.0
2021-06-24,40.84999847412109,0.0
2021-06-25,40.5,0.0
2021-06-28,41.04999923706055,0.0
2021-06-29,39.20000076293945,0.0
2021-06-30,39.29999923706055,0.0
2021-07-01,38.45000076293945,0.0
2021-07-02,38.84999847412109,0.0
2021-07-05,39.75,0.0
2021-07-06,38.29999923706055,0.0
2021-07-07,38.150001525878906,0.0
2021-07-08,37.95000076293945,0.0
2021-07-09,37.79999923706055,0.0
2021-07-12,37.79999923706055,0.0
2021-07-13,37.400001525878906,0.0
2021-07-14,36.59999847412109,0.0
2021-07-15,38.04999923706055,0.0
2021-07-16,37.59999847412109,0.0
2021-07-19,37.5,0.0
2021-07-20,36.84999847412109,0.0
2021-07-21,36.45000076293945,0.0
2021-07-22,36.79999923706055,0.0
2021-07-23,37.20000076293945,0.0
2021-07-26,38.0,0.0
2021-07-27,36.75,0.0
2021-07-28,35.349998474121094,0.0
2021-07-29,37.900001525878906,0.0
2021-07-30,39.25,0.0
2021-08-02,39.95000076293945,0.0
2021-08-03,41.45000076293945,0.0
2021-08-04,41.54999923706055,0.0
2021-08-05,41.900001525878906,0.0
2021-08-06,40.34999847412109,0.0
2021-08-09,38.59999847412109,0.0
2021-08-10,38.900001525878906,0.0
2021-08-11,37.79999923706055,0.0
2021-08-12,37.70000076293945,0.0
2021-08-13,37.0,0.0
2021-08-16,36.400001525878906,0.0
2021-08-17,36.400001525878906,0.0
2021-08-18,36.09999847412109,0.0
2021-08-19,34.650001525878906,0.0
2021-08-20,34.650001525878906,0.0
2021-08-23,35.5,0.0
2021-08-24,35.25,0.0
2021-08-25,35.75,0.0
2021-08-26,35.150001525878906,0.0
2021-08-27,35.150001525878906,0.0
2021-08-30,35.849998474121094,0.0
2021-08-31,35.54999923706055,0.0
2021-09-01,36.04999923706055,0.0
2021-09-02,35.54999923706055,0.0
2021-09-03,36.0,0.0
2021-09-06,35.29999923706055,0.0
2021-09-07,34.70000076293945,0.0
2021-09-08,34.400001525878906,0.0
2021-09-09,34.599998474121094,0.0
2021-09-10,34.849998474121094,0.0
2021-09-13,37.84999847412109,0.0
2021-09-14,36.900001525878906,0.0
2021-09-15,36.150001525878906,0.0
2021-09-16,38.400001525878906,0.0
2021-09-17,37.400001525878906,0.0
2021-09-22,36.150001525878906,0.0
2021-09-23,36.95000076293945,0.0
2021-09-24,37.09999847412109,0.0
2021-09-27,37.84999847412109,0.0
2021-09-28,38.34999847412109,0.0
2021-09-29,36.650001525878906,0.0
2021-09-30,36.79999923706055,0.0
2021-10-01,34.900001525878906,0.0
2021-10-04,33.95000076293945,0.0
2021-10-05,35.0,0.0
2021-10-06,34.95000076293945,0.0
2021-10-07,35.95000076293945,0.0
2021-10-08,34.849998474121094,0.0
2021-10-12,34.349998474121094,0.0
2021-10-13,33.95000076293945,0.0
2021-10-14,34.04999923706055,0.0
2021-10-15,34.95000076293945,0.0
2021-10-18,38.400001525878906,0.0
2021-10-19,39.95000076293945,0.0
2021-10-20,43.900001525878906,0.0
2021-10-21,48.25,0.0
2021-10-22,52.5,0.0
2021-10-25,53.0,0.0
2021-10-26,58.29999923706055,0.0
2021-10-27,60.0,0.0
2021-10-28,59.70000076293945,0.0
2021-10-29,65.5999984741211,0.0
2021-11-01,72.0999984741211,0.0
2021-11-02,68.19999694824219,0.0
2021-11-03,71.19999694824219,0.0
2021-11-04,67.0,0.0
2021-11-05,70.0,0.0
2021-11-08,77.0,0.0
2021-11-09,81.5,0.0
2021-11-10,89.5999984741211,0.0
2021-11-11,82.69999694824219,0.0
2021-11-12,90.9000015258789,0.0
2021-11-15,90.9000015258789,0.0
2021-11-16,82.0999984741211,0.0
2021-11-17,87.5,0.0
2021-11-18,86.0999984741211,0.0
2021-11-19,87.5999984741211,0.0
2021-11-22,86.69999694824219,0.0
2021-11-23,78.4000015258789,0.0
2021-11-24,79.4000015258789,0.0
2021-11-25,81.0,0.0
2021-11-26,77.80000305175781,0.0
2021-11-29,78.0,0.0
2021-11-30,77.5,0.0
2021-12-01,83.4000015258789,0.0
2021-12-02,80.19999694824219,0.0
2021-12-03,85.19999694824219,0.0
2021-12-06,86.0999984741211,0.0
2021-12-07,84.0,0.0
2021-12-08,81.30000305175781,0.0
2021-12-09,81.30000305175781,0.0
2021-12-10,80.69999694824219,0.0
2021-12-13,80.0999984741211,0.0
2021-12-14,75.69999694824219,0.0
2021-12-15,80.0999984741211,0.0
2021-12-16,83.30000305175781,0.0
2021-12-17,80.80000305175781,0.0
2021-12-20,84.9000015258789,0.0
2021-12-21,83.0,0.0
2021-12-22,83.80000305175781,0.0
2021-12-23,87.0999984741211,0.0
2021-12-24,86.4000015258789,0.0
2021-12-27,85.5999984741211,0.0
2021-12-28,83.0,0.0
2021-12-29,85.80000305175781,0.0
2021-12-30,84.80000305175781,0.0
2022-01-03,86.0,0.0
2022-01-04,84.5999984741211,0.0
2022-01-05,81.5999984741211,0.0
2022-01-06,82.0,0.0
2022-01-07,78.0,0.0
2022-01-10,79.5999984741211,0.0
2022-01-11,72.30000305175781,0.0
2022-01-12,72.0,0.0
2022-01-13,71.0,0.0
2022-01-14,69.0,0.0
2022-01-17,70.5999984741211,0.0
2022-01-18,70.5,0.0
2022-01-19,69.9000015258789,0.0
2022-01-20,69.19999694824219,0.0
2022-01-21,69.0999984741211,0.0
2022-01-24,67.0,0.0
2022-01-25,62.59999847412109,0.0
2022-01-26,63.79999923706055,0.0
2022-02-07,67.0,0.0
2022-02-08,66.9000015258789,0.0
2022-02-09,67.9000015258789,0.0
2022-02-10,67.69999694824219,0.0
2022-02-11,68.30000305175781,0.0
2022-02-14,63.900001525878906,0.0
2022-02-15,63.0,0.0
2022-02-16,64.4000015258789,0.0
2022-02-17,65.19999694824219,0.0
2022-02-18,65.80000305175781,0.0
2022-02-21,64.4000015258789,0.0
2022-02-22,61.5,0.0
2022-02-23,62.09999847412109,0.0
2022-02-24,57.70000076293945,0.0
2022-02-25,57.900001525878906,0.0
2022-03-01,60.900001525878906,0.0
2022-03-02,66.9000015258789,0.0
2022-03-03,65.4000015258789,0.0
2022-03-04,64.30000305175781,0.0
2022-03-07,60.09999847412109,0.0
2022-03-08,56.79999923706055,0.0
2022-03-09,56.09999847412109,0.0
2022-03-10,58.09999847412109,0.0
2022-03-11,57.79999923706055,0.0
2022-03-14,57.70000076293945,0.0
2022-03-15,55.59999847412109,0.0
2022-03-16,56.20000076293945,0.0
2022-03-17,58.59999847412109,0.0
2022-03-18,58.5,0.0
2022-03-21,58.5,0.0
2022-03-22,59.29999923706055,0.0
2022-03-23,59.70000076293945,0.0
2022-03-24,61.79999923706055,0.0
2022-03-25,59.29999923706055,0.0
2022-03-28,59.70000076293945,0.0
2022-03-29,59.79999923706055,0.0
2022-03-30,60.29999923706055,0.0
2022-03-31,59.20000076293945,0.0
2022-04-01,60.0,0.0
2022-04-06,58.79999923706055,0.0
2022-04-07,55.70000076293945,0.0
2022-04-08,56.70000076293945,0.0
2022-04-11,54.0,0.0
2022-04-12,54.0,0.0
2022-04-13,56.59999847412109,0.0
2022-04-14,56.09999847412109,0.0
2022-04-15,54.20000076293945,0.0
2022-04-18,53.20000076293945,0.0
2022-04-19,53.20000076293945,0.0
2022-04-20,53.09999847412109,0.0
2022-04-21,53.0,0.0
2022-04-22,51.09999847412109,0.0
2022-04-25,48.75,0.0
2022-04-26,49.79999923706055,0.0
2022-04-27,48.59999847412109,0.0
2022-04-28,48.59999847412109,0.0
2022-04-29,47.59999847412109,0.0
2022-05-03,48.45000076293945,0.0
2022-05-04,49.29999923706055,0.0
2022-05-05,51.0,0.0
2022-05-06,49.95000076293945,0.0
2022-05-09,45.650001525878906,0.0
2022-05-10,46.45000076293945,0.0
2022-05-11,46.150001525878906,0.0
2022-05-12,44.95000076293945,0.0
2022-05-13,45.900001525878906,0.0
2022-05-16,45.70000076293945,0.0
2022-05-17,47.20000076293945,0.0
2022-05-18,47.20000076293945,0.0
2022-05-19,46.70000076293945,0.0
2022-05-20,47.0,0.0
2022-05-23,47.29999923706055,0.0
2022-05-24,45.95000076293945,0.0
2022-05-25,46.0,0.0
2022-05-26,45.900001525878906,0.0
2022-05-27,47.04999923706055,0.0
2022-05-30,48.150001525878906,0.0
2022-05-31,50.0,0.0
2022-06-01,49.54999923706055,0.0
2022-06-02,49.25,0.0
2022-06-06,49.0,0.0
2022-06-07,48.150001525878906,0.0
2022-06-08,48.04999923706055,0.0
2022-06-09,48.20000076293945,0.0
2022-06-10,47.400001525878906,0.0
2022-06-13,45.59999847412109,0.0
2022-06-14,46.45000076293945,0.0
2022-06-15,45.75,0.0
2022-06-16,45.04999923706055,0.0
2022-06-17,44.0,0.0
2022-06-20,42.09999847412109,0.0
2022-06-21,46.29999923706055,0.0
2022-06-22,49.70000076293945,0.0
2022-06-23,47.900001525878906,0.0
2022-06-24,52.59999847412109,0.0
2022-06-27,57.79999923706055,0.0
2022-06-28,57.70000076293945,0.0
2022-06-29,52.0,0.0
2022-06-30,48.900001525878906,0.0
2022-07-01,50.20000076293945,0.0
2022-07-04,55.20000076293945,0.0
2022-07-05,60.70000076293945,0.0
2022-07-06,56.900001525878906,0.0
2022-07-07,61.70000076293945,0.0
2022-07-08,60.5,0.0
2022-07-11,60.900001525878906,0.0
2022-07-12,57.59999847412109,0.0
2022-07-13,58.400001525878906,0.0
2022-07-14,60.70000076293945,0.0
2022-07-15,58.900001525878906,0.0
2022-07-18,59.09999847412109,0.0
2022-07-19,58.09999847412109,0.0
2022-07-20,59.70000076293945,0.0
2022-07-21,65.5999984741211,0.0
2022-07-22,64.69999694824219,0.0
2022-07-25,66.5999984741211,0.0
2022-07-26,64.19999694824219,0.0
2022-07-27,64.69999694824219,0.0
2022-07-28,65.4000015258789,0.0
2022-07-29,65.0999984741211,0.0
2022-08-01,65.80000305175781,0.0
2022-08-02,64.30000305175781,0.0
2022-08-03,63.29999923706055,0.0
2022-08-04,58.29999923706055,0.0
2022-08-05,62.0,0.0
2022-08-08,60.400001525878906,0.0
2022-08-09,59.70000076293945,0.0
2022-08-10,62.0,0.0
2022-08-11,63.79999923706055,0.0
2022-08-12,63.20000076293945,0.0
2022-08-15,64.5,0.0
2022-08-16,62.5,0.0
2022-08-17,65.5,0.0
2022-08-18,64.19999694824219,0.0
2022-08-19,63.900001525878906,0.0
2022-08-22,62.09999847412109,0.0
2022-08-23,60.20000076293945,0.0
2022-08-24,59.5,0.0
2022-08-25,61.0,0.0
2022-08-26,61.59999847412109,0.0
2022-08-29,58.70000076293945,0.0
2022-08-30,59.09999847412109,0.0
2022-08-31,62.29999923706055,0.0
2022-09-01,60.20000076293945,0.0
2022-09-02,63.900001525878906,0.0
2022-09-05,63.400001525878906,0.0
2022-09-06,60.09999847412109,0.0
2022-09-07,60.400001525878906,0.0
2022-09-08,60.79999923706055,0.0
2022-09-12,63.29999923706055,0.0
2022-09-13,62.20000076293945,0.0
2022-09-14,62.59999847412109,0.0
2022-09-15,61.29999923706055,0.0
2022-09-16,61.20000076293945,0.0
2022-09-19,61.29999923706055,0.0
2022-09-20,62.79999923706055,0.0
2022-09-21,64.5,0.0
2022-09-22,62.70000076293945,0.0
2022-09-23,60.79999923706055,0.0
2022-09-26,56.0,0.0
2022-09-27,56.59999847412109,0.0
2022-09-28,52.0,0.0
2022-09-29,53.29999923706055,0.0
2022-09-30,54.79999923706055,0.0
2022-10-03,54.29999923706055,0.0
2022-10-04,55.900001525878906,0.0
2022-10-05,55.0,0.0
2022-10-06,56.5,0.0
2022-10-07,55.900001525878906,0.0
2022-10-11,51.59999847412109,0.0
2022-10-12,53.0,0.0
2022-10-13,49.04999923706055,0.0
2022-10-14,51.70000076293945,0.0
2022-10-17,52.5,0.0
2022-10-18,52.0,0.0
2022-10-19,51.70000076293945,0.0
2022-10-20,51.0,0.0
2022-10-21,49.25,0.0
2022-10-24,49.650001525878906,0.0
2022-10-25,49.04999923706055,0.0
2022-10-26,48.400001525878906,0.0
2022-10-27,50.29999923706055,0.0
2022-10-28,48.29999923706055,0.0
2022-10-31,50.5,0.0
2022-11-01,50.900001525878906,0.0
2022-11-02,50.5,0.0
2022-11-03,52.70000076293945,0.0
2022-11-04,53.5,0.0
2022-11-07,52.5,0.0
2022-11-08,51.79999923706055,0.0
2022-11-09,53.400001525878906,0.0
2022-11-10,52.70000076293945,0.0
2022-11-11,52.400001525878906,0.0
2022-11-14,54.29999923706055,0.0
2022-11-15,54.29999923706055,0.0
2022-11-16,54.5,0.0
2022-11-17,54.70000076293945,0.0
2022-11-18,53.400001525878906,0.0
2022-11-21,52.79999923706055,0.0
2022-11-22,52.79999923706055,0.0
2022-11-23,52.400001525878906,0.0
2022-11-24,53.400001525878906,0.0
2022-11-25,52.70000076293945,0.0
2022-11-28,51.5,0.0
2022-11-29,52.400001525878906,0.0
2022-11-30,57.59999847412109,0.0
2022-12-01,57.79999923706055,0.0
2022-12-02,59.09999847412109,0.0
2022-12-05,60.400001525878906,0.0
2022-12-06,59.900001525878906,0.0
2022-12-07,58.0,0.0
2022-12-08,59.900001525878906,0.0
2022-12-09,59.400001525878906,0.0
2022-12-12,58.900001525878906,0.0
2022-12-13,58.400001525878906,0.0
2022-12-14,58.400001525878906,0.0
2022-12-15,58.20000076293945,0.0
2022-12-16,57.20000076293945,0.0
2022-12-19,56.400001525878906,0.0
2022-12-20,54.400001525878906,0.0
2022-12-21,55.79999923706055,0.0
2022-12-22,55.400001525878906,0.0
2022-12-23,55.0,0.0
2022-12-26,55.70000076293945,0.0
2022-12-27,57.09999847412109,0.0
2022-12-28,55.70000076293945,0.0
2022-12-29,55.70000076293945,0.0
2022-12-30,55.70000076293945,0.0
2023-01-03,58.09999847412109,0.0
2023-01-04,58.79999923706055,0.0
2023-01-05,58.70000076293945,0.0
2023-01-06,58.5,0.0
2023-01-09,58.70000076293945,0.0
2023-01-10,58.79999923706055,0.0
2023-01-11,59.0,0.0
2023-01-12,59.5,0.0
2023-01-13,57.29999923706055,0.0
2023-01-16,57.20000076293945,0.0
2023-01-17,57.20000076293945,0.0
2023-01-30,59.5,0.0
2023-01-31,60.79999923706055,0.0
2023-02-01,60.900001525878906,0.0
2023-02-02,66.9000015258789,0.0
2023-02-03,65.0999984741211,0.0
2023-02-06,68.69999694824219,0.0
2023-02-07,66.0999984741211,0.0
2023-02-08,66.30000305175781,0.0
2023-02-09,67.69999694824219,0.0
2023-02-10,65.5,0.0
2023-02-13,65.19999694824219,0.0
2023-02-14,65.5,0.0
2023-02-15,64.5,0.0
2023-02-16,65.5999984741211,0.0
2023-02-17,65.80000305175781,0.0
2023-02-20,66.9000015258789,0.0
2023-02-21,66.69999694824219,0.0
2023-02-22,64.5999984741211,0.0
2023-02-23,66.69999694824219,0.0
2023-02-24,65.4000015258789,0.0
2023-03-01,66.0999984741211,0.0
2023-03-02,64.80000305175781,0.0
2023-03-03,63.59999847412109,0.0
2023-03-06,64.80000305175781,0.0
2023-03-07,64.9000015258789,0.0
2023-03-08,63.400001525878906,0.0
2023-03-09,64.4000015258789,0.0
2023-03-10,62.59999847412109,0.0
2023-03-13,62.59999847412109,0.0
2023-03-14,62.5,0.0
2023-03-15,63.0,0.0
2023-03-16,61.09999847412109,0.0
2023-03-17,62.20000076293945,0.0
2023-03-20,63.20000076293945,0.0
2023-03-21,62.70000076293945,0.0
2023-03-22,63.29999923706055,0.0
2023-03-23,63.09999847412109,0.0
2023-03-24,63.0,0.0
2023-03-27,63.59999847412109,0.0
2023-03-28,61.70000076293945,0.0
2023-03-29,61.59999847412109,0.0
2023-03-30,62.0,0.0
2023-03-31,62.59999847412109,0.0
2023-04-06,63.59999847412109,0.0
2023-04-07,64.0999984741211,0.0
2023-04-10,65.19999694824219,0.0
2023-04-11,64.30000305175781,0.0
2023-04-12,64.69999694824219,0.0
2023-04-13,63.70000076293945,0.0
2023-04-14,64.30000305175781,0.0
2023-04-17,64.5999984741211,0.0
2023-04-18,63.29999923706055,0.0
2023-04-19,61.70000076293945,0.0
2023-04-20,59.59999847412109,0.0
2023-04-21,58.09999847412109,0.0
2023-04-24,58.0,0.0
2023-04-25,55.900001525878906,0.0
2023-04-26,56.5,0.0
2023-04-27,56.20000076293945,0.0
2023-04-28,56.70000076293945,0.0
2023-05-02,57.5,0.0
2023-05-03,56.5,0.0
2023-05-04,56.79999923706055,0.0
2023-05-05,57.29999923706055,0.0
2023-05-08,57.400001525878906,0.0
2023-05-09,56.79999923706055,0.0
2023-05-10,57.5,0.0
2023-05-11,56.0,0.0
2023-05-12,57.20000076293945,0.0
2023-05-15,56.59999847412109,0.0
2023-05-16,57.59999847412109,0.0
2023-05-17,58.400001525878906,0.0
2023-05-18,58.900001525878906,0.0
2023-05-19,59.0,0.0
2023-05-22,60.29999923706055,0.0
2023-05-23,60.09999847412109,0.0
2023-05-24,59.59999847412109,0.0
2023-05-25,59.400001525878906,0.0
2023-05-26,58.400001525878906,0.0
2023-05-29,61.5,0.0
2023-05-30,61.79999923706055,0.0
2023-05-31,61.79999923706055,0.0
2023-06-01,62.400001525878906,0.0
2023-06-02,62.900001525878906,0.0
2023-06-05,63.59999847412109,0.0
2023-06-06,61.0,0.0
2023-06-07,62.0,0.0
2023-06-08,60.400001525878906,0.0
2023-06-09,60.400001525878906,0.0
2023-06-12,60.20000076293945,0.0
2023-06-13,61.0,0.0
2023-06-14,60.20000076293945,0.0
2023-06-15,60.20000076293945,0.0
2023-06-16,60.5,0.0
2023-06-19,58.900001525878906,0.0
2023-06-20,58.70000076293945,0.0
2023-06-21,58.70000076293945,0.0
2023-06-26,57.400001525878906,0.0
2023-06-27,56.400001525878906,0.0
2023-06-28,56.400001525878906,0.0
2023-06-29,57.0,0.0
2023-06-30,57.09999847412109,0.0
2023-07-03,57.09999847412109,0.0
2023-07-04,57.20000076293945,0.0
2023-07-05,56.79999923706055,0.0
2023-07-06,56.79999923706055,0.0
2023-07-07,55.900001525878906,0.0
2023-07-10,55.29999923706055,0.0
2023-07-11,58.0,0.0
2023-07-12,57.70000076293945,0.0
2023-07-13,58.400001525878906,0.0
2023-07-14,58.79999923706055,0.0
2023-07-17,58.5,0.0
2023-07-18,56.70000076293945,0.0
2023-07-19,55.59999847412109,0.0
2023-07-20,57.0,0.0
2023-07-21,57.79999923706055,0.0
2023-07-24,56.29999923706055,0.0
2023-07-25,55.70000076293945,0.0
2023-07-26,55.5,0.0
2023-07-27,57.20000076293945,0.0
2023-07-28,56.0,0.0
2023-07-31,55.79999923706055,0.0
2023-08-01,55.59999847412109,0.0
2023-08-02,52.5,0.0
2023-08-04,51.09999847412109,0.0
2023-08-07,52.29999923706055,0.0
2023-08-08,51.900001525878906,0.0
2023-08-09,51.900001525878906,0.0
2023-08-10,50.5,0.0
2023-08-11,50.09999847412109,0.0
2023-08-14,49.09999847412109,0.0
2023-08-15,50.0,0.0
2023-08-16,50.400001525878906,0.0
2023-08-17,51.0,0.0
2023-08-18,50.70000076293945,0.0
2023-08-21,51.20000076293945,0.0
2023-08-22,50.70000076293945,0.0
2023-08-23,51.5,0.0
2023-08-24,51.09999847412109,0.0
2023-08-25,51.09999847412109,0.0
2023-08-28,50.400001525878906,0.0
2023-08-29,51.79999923706055,0.0
2023-08-30,52.5,0.0
2023-08-31,52.79999923706055,0.0
2023-09-01,52.09999847412109,0.0
2023-09-04,52.70000076293945,0.0
2023-09-05,53.0,0.0
2023-09-06,51.79999923706055,0.0
2023-09-07,51.0,0.0
2023-09-08,50.09999847412109,0.0
2023-09-11,49.29999923706055,0.0
2023-09-12,49.79999923706055,0.0
2023-09-13,49.5,0.0
2023-09-14,50.900001525878906,0.0
2023-09-15,50.400001525878906,0.0
2023-09-18,50.5,0.0
2023-09-19,49.45000076293945,0.0
2023-09-20,49.20000076293945,0.0
2023-09-21,48.45000076293945,0.0
2023-09-22,49.650001525878906,0.0
2023-09-25,49.45000076293945,0.0
2023-09-26,48.650001525878906,0.0
2023-09-27,48.59999847412109,0.0
2023-09-28,48.09999847412109,0.0
2023-10-02,49.09999847412109,0.0
2023-10-03,48.75,0.0
2023-10-04,47.45000076293945,0.0
2023-10-05,50.29999923706055,0.0
2023-10-06,49.650001525878906,0.0
2023-10-11,49.25,0.0
2023-10-12,50.29999923706055,0.0
2023-10-13,50.09999847412109,0.0
2023-10-16,49.04999923706055,0.0
2023-10-17,48.09999847412109,0.0
2023-10-18,46.59999847412109,0.0
2023-10-19,45.84999847412109,0.0
2023-10-20,45.70000076293945,0.0
2023-10-23,45.29999923706055,0.0
2023-10-24,45.70000076293945,0.0
2023-10-25,46.59999847412109,0.0
2023-10-26,45.150001525878906,0.0
2023-10-27,46.0,0.0
2023-10-30,45.75,0.0
2023-10-31,44.09999847412109,0.0
2023-11-01,44.75,0.0
2023-11-02,45.84999847412109,0.0
2023-11-03,47.400001525878906,0.0
2023-11-06,48.09999847412109,0.0
2023-11-07,46.04999923706055,0.0
2023-11-08,47.400001525878906,0.0
2023-11-09,46.29999923706055,0.0
2023-11-10,45.900001525878906,0.0
2023-11-13,46.75,0.0
2023-11-14,47.20000076293945,0.0
2023-11-15,48.0,0.0
2023-11-16,48.150001525878906,0.0
2023-11-17,49.45000076293945,0.0
2023-11-20,49.150001525878906,0.0
2023-11-21,49.29999923706055,0.0
2023-11-22,50.0,0.0
2023-11-23,50.09999847412109,0.0
2023-11-24,49.04999923706055,0.0
2023-11-27,48.45000076293945,0.0
2023-11-28,50.0,0.0
2023-11-29,49.650001525878906,0.0
2023-11-30,50.20000076293945,0.0
2023-12-01,49.45000076293945,0.0
2023-12-04,49.75,0.0
2023-12-05,49.20000076293945,0.0
2023-12-06,48.900001525878906,0.0
2023-12-07,48.400001525878906,0.0
2023-12-08,48.84999847412109,0.0
2023-12-11,48.70000076293945,0.0
2023-12-12,48.29999923706055,0.0
2023-12-13,48.29999923706055,0.0
2023-12-14,52.0,0.0
2023-12-15,50.79999923706055,0.0
2023-12-18,49.25,0.0
2023-12-19,48.650001525878906,0.0
2023-12-20,49.54999923706055,0.0
2023-12-21,49.150001525878906,0.0
2023-12-22,51.20000076293945,0.0
2023-12-25,52.0,0.0
2023-12-26,51.5,0.0
2023-12-27,52.09999847412109,0.0
2023-12-28,51.59999847412109,0.0
2023-12-29,51.29999923706055,0.0
2024-01-02,50.70000076293945,0.0
2024-01-03,49.400001525878906,0.0
2024-01-04,48.650001525878906,0.0
2024-01-05,48.900001525878906,0.0
2024-01-08,52.900001525878906,0.0
2024-01-09,54.70000076293945,0.0
2024-01-10,52.20000076293945,0.0
2024-01-11,52.09999847412109,0.0
2024-01-12,51.59999847412109,0.0
2024-01-15,51.29999923706055,0.0
2024-01-16,50.29999923706055,0.0
2024-01-17,49.150001525878906,0.0
2024-01-18,50.400001525878906,0.0
2024-01-19,50.29999923706055,0.0
2024-01-22,51.5,0.0
2024-01-23,51.70000076293945,0.0
2024-01-24,51.400001525878906,0.0
2024-01-25,50.5,0.0
2024-01-26,50.0,0.0
2024-01-29,50.5,0.0
2024-01-30,49.5,0.0
2024-01-31,49.09999847412109,0.0
2024-02-01,50.70000076293945,0.0
2024-02-02,50.0,0.0
2024-02-05,49.04999923706055,0.0
2024-02-15,49.34999847412109,0.0
2024-02-16,50.0,0.0
2024-02-19,50.0,0.0
2024-02-20,49.20000076293945,0.0
2024-02-21,49.54999923706055,0.0
2024-02-22,49.0,0.0
2024-02-23,48.5,0.0
2024-02-26,49.0,0.0
2024-02-27,48.59999847412109,0.0
2024-02-29,48.75,0.0
2024-03-01,48.95000076293945,0.0
2024-03-04,49.20000076293945,0.0
2024-03-05,48.900001525878906,0.0
2024-03-06,47.09999847412109,0.0
2024-03-07,47.0,0.0
2024-03-08,45.900001525878906,0.0
2024-03-11,46.20000076293945,0.0
2024-03-12,47.25,0.0
2024-03-13,45.900001525878906,0.0
2024-03-14,45.5,0.0
2024-03-15,45.150001525878906,0.0
2024-03-18,45.79999923706055,0.0
2024-03-19,45.650001525878906,0.0
2024-03-20,46.0,0.0
2024-03-21,47.04999923706055,0.0
2024-03-22,47.45000076293945,0.0
2024-03-25,48.0,0.0
2024-03-26,47.84999847412109,0.0
2024-03-27,47.650001525878906,0.0
2024-03-28,47.650001525878906,0.0
2024-03-29,47.400001525878906,0.0
2024-04-01,48.25,0.0
2024-04-02,47.5,0.0
2024-04-03,47.20000076293945,0.0
2024-04-08,47.45000076293945,0.0
2024-04-09,46.650001525878906,0.0
2024-04-10,46.400001525878906,0.0
2024-04-11,45.54999923706055,0.0
2024-04-12,46.04999923706055,0.0
2024-04-15,45.150001525878906,0.0
2024-04-16,42.900001525878906,0.0
2024-04-17,42.79999923706055,0.0
2024-04-18,43.25,0.0
2024-04-19,41.45000076293945,0.0
2024-04-22,41.45000076293945,0.0
2024-04-23,42.150001525878906,0.0
2024-04-24,42.400001525878906,0.0
2024-04-25,41.70000076293945,0.0
2024-04-26,42.04999923706055,0.0
2024-04-29,43.400001525878906,0.0
2024-04-30,42.650001525878906,0.0
2024-05-02,42.650001525878906,0.0
2024-05-03,42.84999847412109,0.0
2024-05-06,42.79999923706055,0.0
2024-05-07,42.0,0.0
2024-05-08,42.45000076293945,0.0
2024-05-09,41.59999847412109,0.0
2024-05-10,41.59999847412109,0.0
2024-05-13,42.0,0.0
2024-05-14,42.25,0.0
2024-05-15,42.59999847412109,0.0
2024-05-16,43.25,0.0
2024-05-17,43.20000076293945,0.0
2024-05-20,43.400001525878906,0.0
2024-05-21,42.70000076293945,0.0
2024-05-22,43.5,0.0
2024-05-23,42.5,0.0
2024-05-24,42.04999923706055,0.0
2024-05-27,43.29999923706055,0.0
2024-05-28,43.400001525878906,0.0
2024-05-29,43.29999923706055,0.0
2024-05-30,43.150001525878906,0.0
2024-05-31,43.59999847412109,0.0
2024-06-03,44.0,0.0
2024-06-04,43.70000076293945,0.0
2024-06-05,43.150001525878906,0.0
2024-06-06,42.84999847412109,0.0
2024-06-07,46.150001525878906,0.0
2024-06-11,45.400001525878906,0.0
2024-06-12,45.650001525878906,0.0
2024-06-13,45.20000076293945,0.0
2024-06-14,45.20000076293945,0.0
2024-06-17,46.04999923706055,0.0
2024-06-18,45.70000076293945,0.0
2024-06-19,45.400001525878906,0.0
2024-06-20,48.04999923706055,0.0
2024-06-21,49.25,0.0
2024-06-24,47.5,0.0
2024-06-25,47.54999923706055,0.0
2024-06-26,46.59999847412109,0.0
2024-06-27,45.95000076293945,0.0
2024-06-28,46.150001525878906,0.0
2024-07-01,45.70000076293945,0.0
2024-07-02,45.20000076293945,0.0
2024-07-03,45.45000076293945,0.0
2024-07-04,45.900001525878906,0.0
2024-07-05,48.0,0.0
2024-07-08,47.5,0.0
2024-07-09,46.79999923706055,0.0
2024-07-10,47.150001525878906,0.0
2024-07-11,46.70000076293945,0.0
2024-07-12,46.900001525878906,0.0
2024-07-15,45.79999923706055,0.0
2024-07-16,46.45000076293945,0.0
2024-07-17,46.09999847412109,0.0
2024-07-18,46.150001525878906,0.0
2024-07-19,45.09999847412109,0.0
2024-07-22,43.900001525878906,0.0
2024-07-23,44.34999847412109,0.0
2024-07-26,43.25,0.0
2024-07-29,42.29999923706055,0.0
2024-07-30,43.20000076293945,0.0
2024-07-31,44.04999923706055,0.0
2024-08-01,45.0,0.0
2024-08-02,42.95000076293945,0.0
2024-08-05,38.70000076293945,0.0
2024-08-06,37.79999923706055,0.0
2024-08-07,39.45000076293945,0.0
2024-08-08,39.04999923706055,0.0
2024-08-09,38.75,0.0
2024-08-12,39.5,0.0
2024-08-13,39.75,0.0
2024-08-14,40.79999923706055,0.0
2024-08-15,41.25,0.0
2024-08-16,42.09999847412109,0.0
2024-08-19,42.04999923706055,0.0
2024-08-20,42.70000076293945,0.0
2024-08-21,42.95000076293945,0.0
2024-08-22,44.29999923706055,0.0
2024-08-23,43.95000076293945,0.0
2024-08-26,45.5,0.0
2024-08-27,45.5,0.0
2024-08-28,45.0,0.0
2024-08-29,44.650001525878906,0.0
2024-08-30,44.5,0.0
2024-09-02,44.45000076293945,0.0
2024-09-03,43.95000076293945,0.0
2024-09-04,42.04999923706055,0.0
2024-09-05,44.150001525878906,0.0
2024-09-06,44.54999923706055,0.0
2024-09-09,43.900001525878906,0.0
2024-09-10,42.45000076293945,0.0
2024-09-11,43.400001525878906,0.0
2024-09-12,44.150001525878906,0.0
2024-09-13,45.45000076293945,0.0
2024-09-16,45.650001525878906,0.0
2024-09-18,44.79999923706055,0.0
2024-09-19,45.25,0.0
2024-09-20,44.650001525878906,0.0
2024-09-23,44.5,0.0
2024-09-24,44.0,0.0
2024-09-25,44.0,0.0
2024-09-26,44.20000076293945,0.0
2024-09-27,45.25,0.0
2024-09-30,47.34999847412109,0.0
2024-10-01,52.0,0.0
2024-10-04,52.0,0.0
2024-10-07,51.5,0.0
2024-10-08,49.70000076293945,0.0
2024-10-09,48.20000076293945,0.0
2024-10-11,47.5,0.0
2024-10-14,47.650001525878906,0.0
2024-10-15,48.59999847412109,0.0
2024-10-16,47.79999923706055,0.0
2024-10-17,48.650001525878906,0.0
2024-10-18,48.400001525878906,0.0
2024-10-21,48.0,0.0
2024-10-22,47.900001525878906,0.0
2024-10-23,47.59999847412109,0.0
2024-10-24,45.84999847412109,0.0
2024-10-25,45.59999847412109,0.0
2024-10-28,45.70000076293945,0.0
2024-10-29,44.29999923706055,0.0
2024-10-30,44.0,0.0
2024-11-01,43.09999847412109,0.0
2024-11-04,43.54999923706055,0.0
2024-11-05,44.09999847412109,0.0
2024-11-06,43.79999923706055,0.0
2024-11-07,44.95000076293945,0.0
2024-11-08,44.34999847412109,0.0
2024-11-11,45.09999847412109,0.0
2024-11-12,44.75,0.0
2024-11-13,43.900001525878906,0.0
2024-11-14,42.5,0.0
2024-11-15,42.95000076293945,0.0
2024-11-18,42.84999847412109,0.0
2024-11-19,43.29999923706055,0.0
2024-11-20,42.95000076293945,0.0
2024-11-21,43.04999923706055,0.0
2024-11-22,43.0,0.0
2024-11-25,47.29999923706055,0.0
2024-11-26,46.95000076293945,0.0
2024-11-27,45.70000076293945,0.0
2024-11-28,44.54999923706055,0.0
2024-11-29,45.09999847412109,0.0
2024-12-02,44.25,0.0
2024-12-03,44.34999847412109,0.0
2024-12-04,45.5,0.0
2024-12-05,44.95000076293945,0.0
2024-12-06,44.34999847412109,0.0
2024-12-09,43.400001525878906,0.0
2024-12-10,43.70000076293945,0.0
2024-12-11,43.59999847412109,0.0
2024-12-12,43.150001525878906,0.0
2024-12-13,42.29999923706055,0.0
2024-12-16,40.75,0.0
2024-12-17,42.09999847412109,0.0
2024-12-18,41.54999923706055,0.0
2024-12-19,41.59999847412109,0.0
2024-12-20,41.25,0.0
2024-12-23,43.650001525878906,0.0
2024-12-24,42.29999923706055,0.0
2024-12-25,44.5,0.0
2024-12-26,48.95000076293945,0.0
2024-12-27,49.0,0.0
2024-12-30,51.20000076293945,0.0
2024-12-31,49.20000076293945,0.0
2025-01-02,47.70000076293945,0.0
2025-01-03,47.79999923706055,0.0
2025-01-06,49.20000076293945,0.0
2025-01-07,46.25,0.0
2025-01-08,48.400001525878906,0.0
2025-01-09,47.59999847412109,0.0
2025-01-10,46.45000076293945,0.0
2025-01-13,45.29999923706055,0.0
2025-01-14,45.650001525878906,0.0
2025-01-15,48.79999923706055,0.0
2025-01-16,48.79999923706055,0.0
2025-01-17,51.400001525878906,0.0
2025-01-20,55.59999847412109,0.0
2025-01-21,57.0,0.0
2025-01-22,59.20000076293945,0.0
2025-02-03,53.29999923706055,0.0
2025-02-04,48.0,0.0
2025-02-05,48.04999923706055,0.0
2025-02-06,49.20000076293945,0.0
2025-02-07,47.25,0.0
2025-02-10,47.70000076293945,0.0
2025-02-11,46.84999847412109,0.0
2025-02-12,46.900001525878906,0.0
2025-02-13,47.84999847412109,0.0
2025-02-14,47.54999923706055,0.0
2025-02-17,47.70000076293945,0.0
2025-02-18,47.5,0.0
2025-02-19,48.0,0.0
2025-02-20,47.650001525878906,0.0
2025-02-21,46.95000076293945,0.0
2025-02-24,46.79999923706055,0.0
2025-02-25,46.5,0.0
2025-02-26,46.79999923706055,0.0
2025-02-27,46.34999847412109,0.0
2025-03-03,44.70000076293945,0.0
2025-03-04,44.5,0.0
2025-03-05,45.29999923706055,0.0
2025-03-06,44.5,0.0
2025-03-07,44.25,0.0
2025-03-10,44.84999847412109,0.0
2025-03-11,44.70000076293945,0.0
2025-03-12,44.54999923706055,0.0
2025-03-13,44.29999923706055,0.0
2025-03-14,45.75,0.0
2025-03-17,44.900001525878906,0.0
2025-03-18,45.59999847412109,0.0
2025-03-19,45.34999847412109,0.0
2025-03-20,45.59999847412109,0.0
2025-03-21,45.0,0.0
2025-03-24,44.54999923706055,0.0
2025-03-25,42.84999847412109,0.0
2025-03-26,43.45000076293945,0.0
2025-03-27,43.25,0.0
2025-03-28,41.84999847412109,0.0
2025-03-31,39.20000076293945,0.0
2025-04-01,40.70000076293945,0.0
2025-04-02,41.34999847412109,0.0
2025-04-07,37.25,0.0
2025-04-08,35.150001525878906,0.0
2025-04-09,31.75,0.0
2025-04-10,34.900001525878906,0.0
2025-04-11,36.150001525878906,0.0
2025-04-14,36.79999923706055,0.0
2025-04-15,37.75,0.0
2025-04-16,37.04999923706055,0.0
2025-04-17,36.900001525878906,0.0
2025-04-18,36.75,0.0
2025-04-21,35.45000076293945,0.0
2025-04-22,35.79999923706055,0.0
2025-04-23,36.5,0.0
2025-04-24,38.29999923706055,0.0
2025-04-25,38.0,0.0
2025-04-28,39.400001525878906,0.0
2025-04-29,39.650001525878906,0.0
2025-04-30,38.70000076293945,0.0
2025-05-02,39.09999847412109,0.0
2025-05-05,38.0,0.0
2025-05-06,38.5,0.0
2025-05-07,38.09999847412109,0.0
2025-05-08,39.20000076293945,0.0
2025-05-09,38.0,0.0
2025-05-12,40.150001525878906,0.0
2025-05-13,39.5,0.0
2025-05-14,40.09999847412109,0.0
2025-05-15,40.0,0.0
2025-05-16,40.34999847412109,0.0
2025-05-19,39.150001525878906,0.0
2025-05-20,40.0,0.0
2025-05-21,42.20000076293945,0.0
2025-05-22,40.75,0.0
2025-05-23,40.09999847412109,0.0
2025-05-26,40.0,0.0
2025-05-27,39.29999923706055,0.0
2025-05-28,38.79999923706055,0.0
2025-05-29,38.84999847412109,0.0
2025-06-02,37.20000076293945,0.0
2025-06-03,37.5,0.0
2025-06-04,38.150001525878906,0.0
2025-06-05,37.95000076293945,0.0
2025-06-06,38.5,0.0
2025-06-09,38.25,0.0
2025-06-10,38.45000076293945,0.0
2025-06-11,39.5,0.0
2025-06-12,39.29999923706055,0.0
2025-06-13,38.20000076293945,0.0
2025-06-16,38.79999923706055,0.0
2025-06-17,39.29999923706055,0.0
2025-06-18,40.04999923706055,0.0
2025-06-19,38.79999923706055,0.0
2025-06-20,38.29999923706055,0.0
2025-06-23,37.95000076293945,0.0
2025-06-24,39.650001525878906,0.0
2025-06-25,39.34999847412109,0.0
2025-06-26,39.0,0.0
2025-06-27,39.400001525878906,0.0
2025-06-30,39.45000076293945,0.0
2025-07-01,39.04999923706055,0.0
2025-07-02,38.400001525878906,0.0
2025-07-03,39.09999847412109,0.0
2025-07-04,38.04999923706055,0.0
2025-07-07,37.650001525878906,0.0
2025-07-08,37.75,0.0
2025-07-09,37.59999847412109,0.0
2025-07-10,37.29999923706055,0.0
2025-07-11,37.79999923706055,0.0
2025-07-14,37.400001525878906,0.0
2025-07-15,37.75,0.0
2025-07-16,41.5,0.0
2025-07-17,42.70000076293945,0.0
2025-07-18,41.79999923706055,0.0
2025-07-21,41.0,0.0
2025-07-22,39.09999847412109,0.0
2025-07-23,39.95000076293945,0.0
2025-07-24,40.09999847412109,0.0
2025-07-25,40.04999923706055,0.0
2025-07-28,40.400001525878906,0.0
2025-07-29,41.0,0.0
2025-07-30,40.84999847412109,0.0
2025-07-31,40.34999847412109,0.0
2025-08-04,41.79999923706055,0.0
2025-08-05,41.5,0.0
2025-08-06,41.75,0.0
2025-08-07,40.70000076293945,0.0
2025-08-08,41.25,0.0
2025-08-11,42.650001525878906,0.0
2025-08-12,43.25,0.0
2025-08-13,42.650001525878906,0.0
2025-08-14,42.70000076293945,0.0
2025-08-15,46.95000076293945,0.0
2025-08-18,51.59999847412109,0.0
2025-08-19,56.70000076293945,0.0
2025-08-20,54.59999847412109,0.0
2025-08-21,60.0,0.0
2025-08-22,61.0,0.0
2025-08-25,60.0,0.0
2025-08-26,58.900001525878906,0.0
2025-08-27,64.69999694824219,0.0
2025-08-28,66.5,0.0
2025-08-29,70.4000015258789,0.0
2025-09-01,72.9000015258789,0.0
2025-09-02,70.5999984741211,0.0
2025-09-03,74.5,0.0
2025-09-04,72.0,0.0
2025-09-05,72.69999694824219,0.0
2025-09-08,70.19999694824219,0.0
2025-09-09,67.4000015258789,0.0
2025-09-10,67.5,0.0
2025-09-11,66.80000305175781,0.0
2025-09-12,66.5,0.0
2025-09-15,63.09999847412109,0.0
2025-09-16,66.19999694824219,0.0
2025-09-17,68.80000305175781,0.0
2025-09-18,69.5,0.0
2025-09-19,68.30000305175781,0.0
2025-09-22,64.5999984741211,0.0
2025-09-23,64.5999984741211,0.0
2025-09-24,63.5,0.0
2025-09-25,61.09999847412109,0.0
2025-09-26,59.400001525878906,0.0
2025-09-30,59.59999847412109,0.0
2025-10-01,60.0,0.0
2025-10-02,61.0,0.0
2025-10-03,62.5,0.0
2025-10-07,62.20000076293945,0.0
2025-10-08,57.0,0.0
2025-10-09,55.59999847412109,0.0
2025-10-13,54.59999847412109,0.0
2025-10-14,52.0,0.0
2025-10-15,53.59999847412109,0.0
2025-10-16,52.900001525878906,0.0
2025-10-17,51.59999847412109,0.0
2025-10-20,52.0,0.0
2025-10-21,52.70000076293945,0.0
2025-10-22,52.59999847412109,0.0
2025-10-23,51.5,0.0
2025-10-27,52.20000076293945,0.0
2025-10-28,52.29999923706055,0.0
2025-10-29,51.29999923706055,0.0
2025-10-30,50.400001525878906,0.0
2025-10-31,50.5,0.0
2025-11-03,51.70000076293945,0.0
2025-11-04,49.70000076293945,0.0
2025-11-05,50.29999923706055,0.0
2025-11-06,50.70000076293945,0.0
2025-11-07,47.5,0.0
2025-11-10,47.29999923706055,0.0
2025-11-11,47.0,0.0
2025-11-12,51.70000076293945,0.0
2025-11-13,50.79999923706055,0.0
2025-11-14,50.79999923706055,0.0
2025-11-17,51.29999923706055,0.0
2025-11-18,48.84999847412109,0.0
2025-11-19,49.04999923706055,0.0
2025-11-20,48.70000076293945,0.0
2025-11-21,47.79999923706055,0.0
2025-11-24,47.650001525878906,0.0
2025-11-25,48.34999847412109,0.0
2025-11-26,49.09999847412109,0.0
2025-11-27,49.09999847412109,0.0
2025-11-28,49.95000076293945,0.0
2025-12-01,48.95000076293945,0.0
2025-12-02,48.5,0.0
2025-12-03,49.25,0.0
2025-12-04,49.20000076293945,0.0
2025-12-05,50.400001525878906,0.0
2025-12-08,51.59999847412109,0.0
2025-12-09,51.79999923706055,0.0
2025-12-10,50.900001525878906,0.0
2025-12-11,52.0,0.0
2025-12-12,51.0,0.0
2025-12-15,50.09999847412109,0.0
2025-12-16,49.400001525878906,0.0
2025-12-17,49.45000076293945,0.0
2025-12-18,48.54999923706055,0.0
2025-12-19,49.29999923706055,0.0
2025-12-22,49.95000076293945,0.0
2025-12-23,49.75,0.0
2025-12-24,50.09999847412109,0.0
2025-12-26,49.29999923706055,0.0
2025-12-29,49.400001525878906,0.0
2025-12-30,49.5,0.0
2025-12-31,49.20000076293945,0.0
2026-01-02,49.25,0.0
2026-01-05,49.09999847412109,0.0
2026-01-06,48.70000076293945,0.0
2026-01-07,47.79999923706055,0.0
2026-01-08,46.29999923706055,0.0
2026-01-09,45.95000076293945,0.0
2026-01-12,46.25,0.0
2026-01-13,45.04999923706055,0.0
2026-01-14,46.95000076293945,0.0
2026-01-15,46.29999923706055,0.0
2026-01-16,46.150001525878906,0.0
2026-01-19,46.650001525878906,0.0
2026-01-20,46.84999847412109,0.0
2026-01-21,46.150001525878906,0.0
2026-01-22,47.25,0.0
2026-01-23,46.45000076293945,0.0
2026-01-26,47.75,0.0
2026-01-27,46.400001525878906,0.0
2026-01-28,46.34999847412109,0.0
2026-01-29,45.5,0.0
2026-01-30,44.84999847412109,0.0
2026-02-02,43.59999847412109,0.0
2026-02-03,44.45000076293945,0.0
2026-02-04,45.79999923706055,0.0
2026-02-05,44.79999923706055,0.0
2026-02-06,44.900001525878906,0.0
2026-02-09,44.84999847412109,0.0
2026-02-10,44.70000076293945,0.0
2026-02-11,44.25,0.0
2026-02-23,45.09999847412109,0.0
2026-02-24,45.25,0.0
2026-02-25,45.150001525878906,0.0
2026-02-26,45.400001525878906,0.0
2026-03-02,44.650001525878906,0.0
2026-03-03,43.0,0.0
2026-03-04,40.400001525878906,0.0
2026-03-05,41.54999923706055,0.0
2026-03-06,42.95000076293945,0.0
2026-03-09,40.400001525878906,0.0
2026-03-10,41.400001525878906,0.0
2026-03-11,43.75,0.0
2026-03-12,42.75,0.0
2026-03-13,42.0,0.0
2026-03-16,42.70000076293945,0.0
2026-03-17,42.34999847412109,0.0
2026-03-18,43.04999923706055,0.0
2026-03-19,41.20000076293945,0.0
2026-03-20,41.70000076293945,0.0
2026-03-23,40.900001525878906,0.0
2026-03-24,40.34999847412109,0.0
2026-03-25,41.04999923706055,0.0
2026-03-26,40.150001525878906,0.0
2026-03-27,40.900001525878906,0.0
2026-03-30,40.04999923706055,0.0
2026-03-31,39.20000076293945,0.0
2026-04-01,40.09999847412109,0.0
2026-04-02,39.400001525878906,0.0
2026-04-07,39.25,0.0
2026-04-08,40.70000076293945,0.0
2026-04-09,40.09999847412109,0.0
2026-04-10,39.79999923706055,0.0
2026-04-13,39.75,0.0
2026-04-14,40.400001525878906,0.0
2026-04-15,41.0,0.0
2026-04-16,41.400001525878906,0.0
2026-04-17,41.29999923706055,0.0
2026-04-20,40.45000076293945,0.0
2026-04-21,41.150001525878906,0.0
2026-04-22,41.84999847412109,0.0
2026-04-23,40.0,0.0
2026-04-24,40.0,0.0
2026-04-27,39.75,0.0
2026-04-28,39.70000076293945,0.0
2026-04-29,39.79999923706055,0.0
2026-04-30,40.150001525878906,0.0
2026-05-04,41.09999847412109,0.0
2026-05-05,41.0,0.0
2026-05-06,40.09999847412109,0.0
2026-05-07,40.45000076293945,0.0
2026-05-08,39.34999847412109,0.0
2026-05-11,40.25,0.0
2026-05-12,41.29999923706055,0.0
2026-05-13,40.09999847412109,0.0
2026-05-14,44.09999847412109,0.0
2026-05-15,45.29999923706055,0.0
2026-05-18,44.20000076293945,0.0
2026-05-19,45.650001525878906,0.0
2026-05-20,45.45000076293945,0.0
2026-05-21,45.45000076293945,0.0
2026-05-22,46.400001525878906,0.0
2026-05-25,46.20000076293945,0.0
2026-05-26,44.34999847412109,0.0
2026-05-27,44.650001525878906,0.0
2026-05-28,43.900001525878906,0.0
2026-05-29,45.25,0.0
2026-06-01,45.5,0.0
2026-06-02,50.0,0.0
2026-06-03,49.95000076293945,0.0
2026-06-04,47.70000076293945,0.0
2026-06-05,45.900001525878906,0.0
2026-06-08,42.59999847412109,0.0
2026-06-09,43.20000076293945,0.0
2026-06-10,41.79999923706055,0.0
2026-06-11,42.0,0.0
2026-06-12,43.25,0.0
2026-06-15,45.900001525878906,0.0
2026-06-16,44.09999847412109,0.0
2026-06-17,47.5,0.0
2026-06-18,46.400001525878906,0.0
2026-06-22,50.400001525878906,0.5
2026-06-23,46.900001525878906,0.0
2026-06-24,46.650001525878906,0.0
2026-06-25,45.900001525878906,0.0
2026-06-26,42.900001525878906,0.0
2026-06-29,43.20000076293945,0.0
2026-06-30,45.34999847412109,0.0
2026-07-01,43.45000076293945,0.0
2026-07-02,43.5,0.0
2026-07-03,44.45000076293945,0.0
2026-07-06,45.0,0.0
2026-07-07,44.25,0.0
2026-07-08,44.95000076293945,0.0
2026-07-09,45.150001525878906,0.0
2026-07-10,45.150001525878906,0.0
2026-07-13,43.79999923706055,0.0
2026-07-14,43.0,0.0
2026-07-15,44.29999923706055,0.0
2026-07-16,43.34999847412109,0.0
2026-07-17,41.04999923706055,0.0
2026-07-20,41.59999847412109,0.0
2026-07-21,41.84999847412109,0.0
2026-07-22,41.84999847412109,0.0
2026-07-23,41.900001525878906,0.0
2026-07-24,41.75,0.0
2026-07-27,41.59999847412109,0.0
2026-07-28,39.900001525878906,0.0
2026-07-29,38.54999923706055,0.0
2026-07-30,37.84999847412109,0.0
2026-07-31,39.95000076293945,0.0
2026-08-03,39.900001525878906,0.0
2026-08-04,40.09999847412109,0.0
2026-08-05,40.45000076293945,0.0
2026-08-06,40.599998474121094,0.0
2026-08-07,39.900001525878906,0.0
2026-08-10,40.70000076293945,0.0
2026-08-11,40.5,0.0
2026-08-12,40.5,0.0
2026-08-13,40.099998474121094,0.0
