Date,Close,Dividends
2000-01-04,28.745336532592773,0.0
2000-01-05,28.42593574523925,0.0
2000-01-06,29.171186447143555,0.0
2000-01-07,31.19401741027832,0.0
2000-01-10,30.874616622924805,0.0
2000-01-11,29.5970516204834,0.0
2000-01-12,29.5970516204834,0.0
2000-01-13,30.129364013671875,0.0
2000-01-14,29.703514099121094,0.0
2000-01-17,30.66169166564941,0.0
2000-01-18,30.02290153503418,0.0
2000-01-19,29.80997657775879,0.0
2000-01-20,28.85179901123047,0.0
2000-01-21,29.171186447143555,0.0
2000-01-24,30.23582649230957,0.0
2000-01-25,29.490589141845703,0.0
2000-01-26,30.02290153503418,0.0
2000-01-27,30.34230232238769,0.0
2000-01-28,31.19401741027832,0.0
2000-01-31,32.15219497680664,0.0
2000-02-01,31.7263298034668,0.0
2000-02-02,31.7263298034668,0.0
2000-02-03,31.7263298034668,0.0
2000-02-04,31.7263298034668,0.0
2000-02-07,31.7263298034668,0.0
2000-02-08,31.7263298034668,0.0
2000-02-09,31.19401741027832,0.0
2000-02-10,33.32329559326172,0.0
2000-02-11,32.36511993408203,0.0
2000-02-14,32.15219497680664,0.0
2000-02-15,32.15219497680664,0.0
2000-02-16,33.003910064697266,0.0
2000-02-17,34.81380081176758,0.0
2000-02-18,33.42975997924805,0.0
2000-02-21,33.64268493652344,0.0
2000-02-22,32.04571914672852,0.0
2000-02-23,31.19401741027832,0.0
2000-02-24,31.300479888916016,0.0
2000-02-25,30.981077194213867,0.0
2000-02-28,30.981077194213867,0.0
2000-02-29,30.76815223693848,0.0
2000-03-01,31.300479888916016,0.0
2000-03-02,30.981077194213867,0.0
2000-03-03,30.874616622924805,0.0
2000-03-06,29.490589141845703,0.0
2000-03-07,28.532411575317383,0.0
2000-03-08,28.10654640197754,0.0
2000-03-09,28.42593574523925,0.0
2000-03-10,27.78716087341309,0.0
2000-03-13,26.616043090820312,0.0
2000-03-14,27.68069648742676,0.0
2000-03-15,26.93544578552246,0.0
2000-03-16,27.467758178710938,0.0
2000-03-17,29.384126663208008,0.0
2000-03-20,31.40694236755371,0.0
2000-03-21,33.53622055053711,0.0
2000-03-22,35.13318634033203,0.0
2000-03-23,35.13318634033203,0.0
2000-03-24,33.96208572387695,0.0
2000-03-27,33.96208572387695,0.0
2000-03-28,33.42975997924805,0.0
2000-03-29,32.471580505371094,0.0
2000-03-30,31.7263298034668,0.0
2000-03-31,31.087541580200195,0.0
2000-04-03,31.087541580200195,0.0
2000-04-04,31.087541580200195,0.0
2000-04-05,32.2586555480957,0.0
2000-04-06,31.40694236755371,0.0
2000-04-07,30.874616622924805,0.0
2000-04-10,30.981077194213867,0.0
2000-04-11,30.981077194213867,0.0
2000-04-12,30.874616622924805,0.0
2000-04-13,30.02290153503418,0.0
2000-04-14,29.27764892578125,0.0
2000-04-17,27.68069648742676,0.0
2000-04-18,28.42593574523925,0.0
2000-04-19,27.89362144470215,0.0
2000-04-20,27.78716087341309,0.0
2000-04-21,28.10654640197754,0.0
2000-04-24,27.68069648742676,0.0
2000-04-25,27.36129570007324,0.0
2000-04-26,26.296655654907227,0.0
2000-04-27,25.870805740356445,0.0
2000-04-28,25.55140495300293,0.0
2000-05-01,25.55140495300293,0.0
2000-05-02,25.23201560974121,0.0
2000-05-03,24.699689865112305,0.0
2000-05-04,25.55140495300293,0.0
2000-05-05,27.254833221435547,0.0
2000-05-08,27.254833221435547,0.0
2000-05-09,27.254833221435547,0.0
2000-05-10,28.31947135925293,0.0
2000-05-11,27.68069648742676,0.0
2000-05-12,28.42593574523925,0.0
2000-05-15,28.532411575317383,0.0
2000-05-16,29.171186447143555,0.0
2000-05-17,30.76815223693848,0.0
2000-05-18,30.448766708374023,0.0
2000-05-19,32.57804489135742,0.0
2000-05-22,28.745336532592773,0.0
2000-05-23,27.68069648742676,0.0
2000-05-24,26.93544578552246,0.0
2000-05-25,27.04190826416016,0.0
2000-05-26,28.42593574523925,0.0
2000-05-29,28.10654640197754,0.0
2000-05-30,28.10654640197754,0.0
2000-05-31,28.31947135925293,0.0
2000-06-01,28.00008583068848,0.0
2000-06-02,28.10654640197754,0.0
2000-06-05,28.42593574523925,0.0
2000-06-06,28.42593574523925,0.0
2000-06-07,27.68069648742676,0.0
2000-06-08,27.78716087341309,0.0
2000-06-09,27.467758178710938,0.0
2000-06-12,26.82898330688477,0.0
2000-06-13,27.04190826416016,0.0
2000-06-14,27.04190826416016,0.0
2000-06-15,26.93544578552246,0.0
2000-06-16,26.93544578552246,0.0
2000-06-19,26.93544578552246,0.0
2000-06-20,26.82898330688477,0.0
2000-06-21,26.72252082824707,0.0
2000-06-22,27.04190826416016,0.0
2000-06-23,27.57423591613769,0.0
2000-06-26,26.40311813354492,0.0
2000-06-27,25.76434326171875,0.0
2000-06-28,25.23201560974121,0.0
2000-06-29,24.48676490783692,0.0
2000-06-30,25.338478088378903,0.0
2000-07-03,25.4449405670166,0.0
2000-07-04,24.48676490783692,0.0
2000-07-05,25.55140495300293,0.0
2000-07-06,25.55140495300293,0.0
2000-07-07,24.699689865112305,0.0
2000-07-10,24.699689865112305,0.0
2000-07-11,24.060914993286133,0.0
2000-07-12,22.88979721069336,0.0
2000-07-13,23.209199905395508,0.0
2000-07-14,24.48676490783692,0.0
2000-07-17,25.4449405670166,0.0
2000-07-18,24.273839950561523,0.0
2000-07-19,24.273839950561523,0.0
2000-07-20,25.019092559814453,0.0
2000-07-21,24.806167602539062,0.0
2000-07-24,24.806167602539062,0.0
2000-07-25,24.060914993286133,0.0
2000-07-26,24.060914993286133,0.0
2000-07-27,23.741512298583984,0.0
2000-07-28,25.338478088378903,0.0
2000-07-31,25.4449405670166,0.0
2000-08-01,24.806167602539062,0.0
2000-08-02,24.48676490783692,0.0
2000-08-03,24.38030242919922,0.0
2000-08-04,24.38030242919922,0.0
2000-08-07,23.5285873413086,0.0
2000-08-08,23.741512298583984,0.0
2000-08-09,24.59322738647461,0.0
2000-08-10,24.060914993286133,0.0
2000-08-11,23.741512298583984,0.0
2000-08-14,23.63504981994629,0.0
2000-08-15,23.5285873413086,0.0
2000-08-16,23.63504981994629,0.0
2000-08-17,24.699689865112305,0.0
2000-08-18,27.443744659423828,0.0
2000-08-21,27.94046974182129,0.0
2000-08-22,27.692108154296875,0.0
2000-08-23,27.692108154296875,0.0
2000-08-24,26.822847366333008,0.0
2000-08-25,26.4503116607666,0.0
2000-08-28,25.82941246032715,0.0
2000-08-29,25.82941246032715,0.0
2000-08-30,24.339252471923828,0.0
2000-08-31,24.835962295532227,0.0
2000-09-01,23.842527389526367,0.0
2000-09-04,25.08432388305664,0.0
2000-09-05,24.835962295532227,0.0
2000-09-06,24.09088897705078,0.0
2000-09-07,24.09088897705078,0.0
2000-09-08,24.339252471923828,0.0
2000-09-11,24.215063095092773,0.0
2000-09-12,24.215063095092773,0.0
2000-09-13,23.842527389526367,0.0
2000-09-14,22.352367401123047,0.0
2000-09-15,22.4765567779541,0.0
2000-09-18,23.09745407104492,0.0
2000-09-19,22.352367401123047,0.0
2000-09-20,22.72491836547852,0.0
2000-09-21,23.09745407104492,0.0
2000-09-22,22.352367401123047,0.0
2000-09-25,23.842527389526367,0.0
2000-09-26,23.71835327148437,0.0
2000-09-27,23.966716766357425,0.0
2000-09-28,23.22162818908692,0.0
2000-09-29,23.22162818908692,0.0
2000-10-02,23.594179153442383,0.0
2000-10-03,24.463424682617188,0.0
2000-10-04,26.07777404785156,0.0
2000-10-05,25.456876754760746,0.0
2000-10-06,25.705223083496094,0.0
2000-10-09,24.835962295532227,0.0
2000-10-10,24.835962295532227,0.0
2000-10-11,24.96015167236328,0.0
2000-10-12,23.966716766357425,0.0
2000-10-13,22.9732666015625,0.0
2000-10-16,22.9732666015625,0.0
2000-10-17,22.22819328308105,0.0
2000-10-18,21.358932495117188,0.0
2000-10-19,19.868772506713867,0.0
2000-10-20,21.234758377075195,0.0
2000-10-23,22.4765567779541,0.0
2000-10-24,22.72491836547852,0.0
2000-10-25,23.09745407104492,0.0
2000-10-26,23.966716766357425,0.0
2000-10-27,23.966716766357425,0.0
2000-10-30,25.332687377929688,0.0
2000-10-31,25.08432388305664,0.0
2000-11-01,25.08432388305664,0.0
2000-11-02,26.822847366333008,0.0
2000-11-03,28.68554306030273,0.0
2000-11-06,27.567934036254883,0.0
2000-11-07,28.06464385986328,0.0
2000-11-08,27.94046974182129,0.0
2000-11-09,27.443744659423828,0.0
2000-11-10,27.692108154296875,0.0
2000-11-13,27.816280364990234,0.0
2000-11-14,28.437179565429688,0.0
2000-11-15,29.43062973022461,0.0
2000-11-16,27.443744659423828,0.0
2000-11-17,27.071208953857425,0.0
2000-11-20,24.711788177490234,0.0
2000-11-21,26.32613754272461,0.0
2000-11-22,28.06464385986328,0.0
2000-11-23,28.06464385986328,0.0
2000-11-24,29.43062973022461,0.0
2000-11-27,29.306440353393555,0.0
2000-11-28,28.561368942260746,0.0
2000-11-29,28.313007354736328,0.0
2000-11-30,28.313007354736328,0.0
2000-12-01,30.17570304870605,0.0
2000-12-04,29.67897605895996,0.0
2000-12-05,30.42406463623047,0.0
2000-12-06,29.803165435791016,0.0
2000-12-07,29.927339553833008,0.0
2000-12-08,30.29989242553711,0.0
2000-12-11,30.051528930664062,0.0
2000-12-12,30.29989242553711,0.0
2000-12-13,30.051528930664062,0.0
2000-12-14,30.29989242553711,0.0
2000-12-15,29.43062973022461,0.0
2000-12-18,28.06464385986328,0.0
2000-12-19,29.43062973022461,0.0
2000-12-20,29.182268142700195,0.0
2000-12-21,28.80973243713379,0.0
2000-12-22,28.80973243713379,0.0
2000-12-25,28.80973243713379,0.0
2000-12-26,27.816280364990234,0.0
2000-12-27,26.947036743164062,0.0
2000-12-28,26.947036743164062,0.0
2000-12-29,26.57448387145996,0.0
2001-01-01,26.57448387145996,0.0
2001-01-02,27.692108154296875,0.0
2001-01-03,27.443744659423828,0.0
2001-01-04,28.561368942260746,0.0
2001-01-05,28.313007354736328,0.0
2001-01-08,28.437179565429688,0.0
2001-01-09,28.80973243713379,0.0
2001-01-10,28.561368942260746,0.0
2001-01-11,28.561368942260746,0.0
2001-01-12,28.06464385986328,0.0
2001-01-15,29.43062973022461,0.0
2001-01-16,30.67242813110352,0.0
2001-01-17,29.927339553833008,0.0
2001-01-18,28.93390464782715,0.0
2001-01-19,28.93390464782715,0.0
2001-01-22,28.93390464782715,0.0
2001-01-23,28.93390464782715,0.0
2001-01-24,28.93390464782715,0.0
2001-01-25,28.93390464782715,0.0
2001-01-26,28.93390464782715,0.0
2001-01-29,28.188833236694336,0.0
2001-01-30,28.437179565429688,0.0
2001-01-31,28.80973243713379,0.0
2001-02-01,28.188833236694336,0.0
2001-02-02,28.68554306030273,0.0
2001-02-05,29.927339553833008,0.0
2001-02-06,28.68554306030273,0.0
2001-02-07,28.80973243713379,0.0
2001-02-08,28.561368942260746,0.0
2001-02-09,29.182268142700195,0.0
2001-02-12,29.306440353393555,0.0
2001-02-13,29.182268142700195,0.0
2001-02-14,28.93390464782715,0.0
2001-02-15,28.93390464782715,0.0
2001-02-16,29.5548038482666,0.0
2001-02-19,28.437179565429688,0.0
2001-02-20,29.182268142700195,0.0
2001-02-21,29.306440353393555,0.0
2001-02-22,28.561368942260746,0.0
2001-02-23,28.188833236694336,0.0
2001-02-26,28.313007354736328,0.0
2001-02-27,27.692108154296875,0.0
2001-02-28,27.692108154296875,0.0
2001-03-01,27.071208953857425,0.0
2001-03-02,26.698673248291016,0.0
2001-03-05,26.4503116607666,0.0
2001-03-06,26.32613754272461,0.0
2001-03-07,26.4503116607666,0.0
2001-03-08,26.822847366333008,0.0
2001-03-09,26.32613754272461,0.0
2001-03-12,25.20851325988769,0.0
2001-03-13,24.711788177490234,0.0
2001-03-14,24.711788177490234,0.0
2001-03-15,24.835962295532227,0.0
2001-03-16,25.332687377929688,0.0
2001-03-19,24.58761405944824,0.0
2001-03-20,24.711788177490234,0.0
2001-03-21,24.58761405944824,0.0
2001-03-22,24.711788177490234,0.0
2001-03-23,24.463424682617188,0.0
2001-03-26,24.711788177490234,0.0
2001-03-27,24.711788177490234,0.0
2001-03-28,24.96015167236328,0.0
2001-03-29,24.96015167236328,0.0
2001-03-30,24.463424682617188,0.0
2001-04-02,23.842527389526367,0.0
2001-04-03,23.594179153442383,0.0
2001-04-04,22.849092483520508,0.0
2001-04-05,22.849092483520508,0.0
2001-04-06,22.4765567779541,0.0
2001-04-09,20.98639678955078,0.0
2001-04-10,21.110570907592773,0.0
2001-04-11,21.234758377075195,0.0
2001-04-12,21.234758377075195,0.0
2001-04-13,21.48310661315918,0.0
2001-04-16,21.97983169555664,0.0
2001-04-17,21.85565757751465,0.0
2001-04-18,21.234758377075195,0.0
2001-04-19,21.358932495117188,0.0
2001-04-20,21.234758377075195,0.0
2001-04-23,21.358932495117188,0.0
2001-04-24,21.234758377075195,0.0
2001-04-25,20.98639678955078,0.0
2001-04-26,20.98639678955078,0.0
2001-04-27,19.99296188354492,0.0
2001-04-30,20.11713409423828,0.0
2001-05-01,20.11713409423828,0.0
2001-05-02,19.123699188232425,0.0
2001-05-03,19.744598388671875,0.0
2001-05-04,19.372047424316406,0.0
2001-05-07,19.744598388671875,0.0
2001-05-08,19.49623680114746,0.0
2001-05-09,19.868772506713867,0.0
2001-05-10,19.744598388671875,0.0
2001-05-11,20.613859176635746,0.0
2001-05-14,20.48967170715332,0.0
2001-05-15,20.365497589111328,0.0
2001-05-16,20.862207412719727,0.0
2001-05-17,20.98639678955078,0.0
2001-05-18,20.613859176635746,0.0
2001-05-21,19.868772506713867,0.0
2001-05-22,19.868772506713867,0.0
2001-05-23,20.365497589111328,0.0
2001-05-24,20.48967170715332,0.0
2001-05-25,20.24130821228028,0.0
2001-05-28,20.11713409423828,0.0
2001-05-29,20.365497589111328,0.0
2001-05-30,20.11713409423828,0.0
2001-05-31,20.24130821228028,0.0
2001-06-01,20.11713409423828,0.0
2001-06-04,19.868772506713867,0.0
2001-06-05,19.99296188354492,0.0
2001-06-06,20.613859176635746,0.0
2001-06-07,20.48967170715332,0.0
2001-06-08,20.613859176635746,0.0
2001-06-11,20.862207412719727,0.0
2001-06-12,20.48967170715332,0.0
2001-06-13,20.11713409423828,0.0
2001-06-14,20.365497589111328,0.0
2001-06-15,20.613859176635746,0.0
2001-06-18,20.24130821228028,0.0
2001-06-19,20.73803329467773,0.0
2001-06-20,20.48967170715332,0.0
2001-06-21,19.99296188354492,0.0
2001-06-22,18.875337600708008,0.0
2001-06-25,18.875337600708008,0.0
2001-06-26,19.123699188232425,0.0
2001-06-27,18.875337600708008,0.0
2001-06-28,18.378612518310547,0.0
2001-06-29,19.123699188232425,0.0
2001-07-02,19.123699188232425,0.0
2001-07-03,18.44071578979492,0.0
2001-07-04,17.757713317871094,0.0
2001-07-05,17.13681411743164,0.0
2001-07-06,16.391742706298828,0.0
2001-07-09,16.51591682434082,0.0
2001-07-10,15.646671295166016,0.0
2001-07-11,15.149946212768556,0.0
2001-07-12,15.398307800292969,0.0
2001-07-13,14.963669776916504,0.0
2001-07-16,14.653220176696776,0.0
2001-07-17,14.03232192993164,0.0
2001-07-18,13.163060188293455,0.0
2001-07-19,13.597699165344238,0.0
2001-07-20,14.529047012329102,0.0
2001-07-23,15.025755882263184,0.0
2001-07-24,14.77739429473877,0.0
2001-07-25,14.09440803527832,0.0
2001-07-26,15.025755882263184,0.0
2001-07-27,15.025755882263184,0.0
2001-07-30,15.025755882263184,0.0
2001-07-31,14.529047012329102,0.0
2001-08-01,14.03232192993164,0.0
2001-08-02,14.404857635498049,0.0
2001-08-03,14.653220176696776,0.0
2001-08-06,15.646671295166016,0.0
2001-08-07,16.702192306518555,0.0
2001-08-08,17.819799423217773,0.0
2001-08-09,17.385177612304688,0.0
2001-08-10,17.819799423217773,0.0
2001-08-13,18.875337600708008,0.0
2001-08-14,18.751163482666016,0.0
2001-08-15,19.868772506713867,0.0
2001-08-16,21.234758377075195,0.0
2001-08-17,21.358932495117188,0.0
2001-08-20,21.358932495117188,0.0
2001-08-21,21.110570907592773,0.0
2001-08-22,20.862207412719727,0.0
2001-08-23,20.48967170715332,0.0
2001-08-24,20.365497589111328,0.0
2001-08-27,19.99296188354492,0.0
2001-08-28,19.99296188354492,0.0
2001-08-29,21.234758377075195,0.0
2001-08-30,21.48310661315918,0.0
2001-08-31,21.358932495117188,0.0
2001-09-03,20.98639678955078,0.0
2001-09-04,19.620410919189453,0.0
2001-09-05,19.868772506713867,0.0
2001-09-06,19.372047424316406,0.0
2001-09-07,19.250303268432617,0.639036
2001-09-10,19.12110710144043,0.0
2001-09-11,19.12110710144043,0.0
2001-09-12,19.12110710144043,0.0
2001-09-13,17.829151153564453,0.0
2001-09-14,16.601770401000977,0.0
2001-09-17,16.601770401000977,0.0
2001-09-18,16.601770401000977,0.0
2001-09-19,16.601770401000977,0.0
2001-09-20,16.47257423400879,0.0
2001-09-21,15.955801963806152,0.0
2001-09-24,15.955801963806152,0.0
2001-09-25,13.824042320251465,0.0
2001-09-26,13.824042320251465,0.0
2001-09-27,12.919677734375,0.0
2001-09-28,12.919677734375,0.0
2001-10-01,12.919677734375,0.0
2001-10-02,12.27369213104248,0.0
2001-10-03,11.433918952941896,0.0
2001-10-04,11.304705619812012,0.0
2001-10-05,11.950692176818848,0.0
2001-10-08,11.498510360717772,0.0
2001-10-09,11.756903648376465,0.0
2001-10-10,11.756903648376465,0.0
2001-10-11,12.532087326049805,0.0
2001-10-12,13.371859550476074,0.0
2001-10-15,12.467479705810549,0.0
2001-10-16,13.113466262817385,0.0
2001-10-17,13.113466262817385,0.0
2001-10-18,14.017845153808594,0.0
2001-10-19,14.340829849243164,0.0
2001-10-22,14.082435607910156,0.0
2001-10-23,13.824042320251465,0.0
2001-10-24,13.953239440917969,0.0
2001-10-25,13.630253791809082,0.0
2001-10-26,13.501056671142578,0.0
2001-10-29,13.178071975708008,0.0
2001-10-30,12.790480613708496,0.0
2001-10-31,12.790480613708496,0.0
2001-11-01,13.630253791809082,0.0
2001-11-02,13.630253791809082,0.0
2001-11-05,13.565648078918455,0.0
2001-11-06,14.340829849243164,0.0
2001-11-07,14.92222499847412,0.0
2001-11-08,14.663830757141112,0.0
2001-11-09,14.663830757141112,0.0
2001-11-12,15.56821060180664,0.0
2001-11-13,14.599224090576172,0.0
2001-11-14,14.599224090576172,0.0
2001-11-15,14.728421211242676,0.0
2001-11-16,15.245209693908691,0.0
2001-11-19,16.084983825683594,0.0
2001-11-20,16.14958953857422,0.0
2001-11-21,16.21417999267578,0.0
2001-11-22,15.761998176574709,0.0
2001-11-23,15.697407722473145,0.0
2001-11-26,15.955801963806152,0.0
2001-11-27,15.439014434814451,0.0
2001-11-28,15.116012573242188,0.0
2001-11-29,15.761998176574709,0.0
2001-11-30,15.761998176574709,0.0
2001-12-03,16.860166549682617,0.0
2001-12-04,16.795574188232422,0.0
2001-12-05,17.05396842956543,0.0
2001-12-06,18.08754539489746,0.0
2001-12-07,18.08754539489746,0.0
2001-12-10,18.60433578491211,0.0
2001-12-11,17.50615119934082,0.0
2001-12-12,17.958349227905273,0.0
2001-12-13,17.958349227905273,0.0
2001-12-14,17.958349227905273,0.0
2001-12-17,18.66892433166504,0.0
2001-12-18,17.958349227905273,0.0
2001-12-19,16.989362716674805,0.0
2001-12-20,16.989362716674805,0.0
2001-12-21,16.21417999267578,0.0
2001-12-24,16.407983779907227,0.0
2001-12-25,16.601770401000977,0.0
2001-12-26,16.601770401000977,0.0
2001-12-27,15.56821060180664,0.0
2001-12-28,15.826604843139648,0.0
2001-12-31,16.27878761291504,0.0
2002-01-01,16.27878761291504,0.0
2002-01-02,16.795574188232422,0.0
2002-01-03,16.795574188232422,0.0
2002-01-04,16.924772262573242,0.0
2002-01-07,17.05396842956543,0.0
2002-01-08,16.795574188232422,0.0
2002-01-09,17.05396842956543,0.0
2002-01-10,17.635347366333008,0.0
2002-01-11,16.795574188232422,0.0
2002-01-14,16.601770401000977,0.0
2002-01-15,16.601770401000977,0.0
2002-01-16,16.47257423400879,0.0
2002-01-17,16.666378021240234,0.0
2002-01-18,16.795574188232422,0.0
2002-01-21,17.05396842956543,0.0
2002-01-22,16.860166549682617,0.0
2002-01-23,16.924772262573242,0.0
2002-01-24,16.924772262573242,0.0
2002-01-25,17.958349227905273,0.0
2002-01-28,18.02293968200684,0.0
2002-01-29,17.247756958007812,0.0
2002-01-30,17.89374351501465,0.0
2002-01-31,17.89374351501465,0.0
2002-02-01,20.02548789978028,0.0
2002-02-04,19.896289825439453,0.0
2002-02-05,19.896289825439453,0.0
2002-02-06,19.37950134277344,0.0
2002-02-07,19.37950134277344,0.0
2002-02-08,19.37950134277344,0.0
2002-02-11,19.37950134277344,0.0
2002-02-12,19.37950134277344,0.0
2002-02-13,19.37950134277344,0.0
2002-02-14,19.37950134277344,0.0
2002-02-15,19.37950134277344,0.0
2002-02-18,20.67147254943848,0.0
2002-02-19,21.83424568176269,0.0
2002-02-20,21.4466552734375,0.0
2002-02-21,22.48023223876953,0.0
2002-02-22,21.31745719909668,0.0
2002-02-25,21.4466552734375,0.0
2002-02-26,21.575851440429688,0.0
2002-02-27,22.867822647094727,0.0
2002-02-28,22.867822647094727,0.0
2002-03-01,22.997020721435547,0.0
2002-03-04,23.25541305541992,0.0
2002-03-05,23.51380920410156,0.0
2002-03-06,23.384611129760746,0.0
2002-03-07,23.25541305541992,0.0
2002-03-08,23.25541305541992,0.0
2002-03-11,23.12621688842773,0.0
2002-03-12,21.96344375610352,0.0
2002-03-13,21.31745719909668,0.0
2002-03-14,21.18826103210449,0.0
2002-03-15,21.575851440429688,0.0
2002-03-18,21.4466552734375,0.0
2002-03-19,21.575851440429688,0.0
2002-03-20,21.4466552734375,0.0
2002-03-21,21.4466552734375,0.0
2002-03-22,21.4466552734375,0.0
2002-03-25,21.575851440429688,0.0
2002-03-26,21.575851440429688,0.0
2002-03-27,21.96344375610352,0.0
2002-03-28,22.221837997436523,0.0
2002-03-29,21.31745719909668,0.0
2002-04-01,21.18826103210449,0.0
2002-04-02,20.02548789978028,0.0
2002-04-03,20.15468406677246,0.0
2002-04-04,19.896289825439453,0.0
2002-04-05,19.896289825439453,0.0
2002-04-08,19.896289825439453,0.0
2002-04-09,19.767093658447266,0.0
2002-04-10,18.862712860107425,0.0
2002-04-11,18.53972816467285,0.0
2002-04-12,19.314910888671875,0.0
2002-04-15,19.314910888671875,0.0
2002-04-16,20.02548789978028,0.0
2002-04-17,20.28388023376465,0.0
2002-04-18,20.41307830810547,0.0
2002-04-19,21.83424568176269,0.0
2002-04-22,21.83424568176269,0.0
2002-04-23,21.31745719909668,0.0
2002-04-24,22.48023223876953,0.0
2002-04-25,23.25541305541992,0.0
2002-04-26,23.25541305541992,0.0
2002-04-29,21.96344375610352,0.0
2002-04-30,21.31745719909668,0.0
2002-05-01,21.31745719909668,0.0
2002-05-02,21.059064865112305,0.0
2002-05-03,21.83424568176269,0.0
2002-05-06,23.25541305541992,0.0
2002-05-07,22.73862648010254,0.0
2002-05-08,23.384611129760746,0.0
2002-05-09,24.67656707763672,0.0
2002-05-10,23.51380920410156,0.0
2002-05-13,22.997020721435547,0.0
2002-05-14,22.35103416442871,0.0
2002-05-15,22.60942840576172,0.0
2002-05-16,22.48023223876953,0.0
2002-05-17,23.25541305541992,0.0
2002-05-20,21.83424568176269,0.0
2002-05-21,20.41307830810547,0.0
2002-05-22,21.83424568176269,0.0
2002-05-23,23.25541305541992,0.0
2002-05-24,22.997020721435547,0.0
2002-05-27,22.997020721435547,0.0
2002-05-28,23.384611129760746,0.0
2002-05-29,23.384611129760746,0.0
2002-05-30,23.25541305541992,0.0
2002-05-31,22.997020721435547,0.0
2002-06-03,22.997020721435547,0.0
2002-06-04,22.997020721435547,0.0
2002-06-05,22.997020721435547,0.0
2002-06-06,22.73862648010254,0.0
2002-06-07,22.221837997436523,0.0
2002-06-10,22.60942840576172,0.0
2002-06-11,22.221837997436523,0.0
2002-06-12,22.092639923095703,0.0
2002-06-13,22.48023223876953,0.0
2002-06-14,22.48023223876953,0.0
2002-06-17,22.48023223876953,0.0
2002-06-18,22.35103416442871,0.0
2002-06-19,21.31745719909668,0.0
2002-06-20,21.4466552734375,0.0
2002-06-21,21.83424568176269,0.0
2002-06-24,21.575851440429688,0.0
2002-06-25,21.575851440429688,0.0
2002-06-26,21.575851440429688,0.0
2002-06-27,21.31745719909668,0.0
2002-06-28,21.059064865112305,0.0
2002-07-01,19.637895584106445,0.0
2002-07-02,19.250303268432617,0.0
2002-07-03,19.767093658447266,0.0
2002-07-04,20.41307830810547,0.0
2002-07-05,20.929866790771484,0.0
2002-07-08,21.31745719909668,0.0
2002-07-09,20.929866790771484,0.0
2002-07-10,20.800668716430664,0.0
2002-07-11,21.059064865112305,0.0
2002-07-12,21.31745719909668,0.0
2002-07-15,21.575851440429688,0.0
2002-07-16,21.31745719909668,0.0
2002-07-17,20.929866790771484,0.0
2002-07-18,20.800668716430664,0.0
2002-07-19,21.31745719909668,0.0
2002-07-22,21.059064865112305,0.0
2002-07-23,21.31745719909668,0.0
2002-07-24,20.542274475097656,0.0
2002-07-25,20.15468406677246,0.0
2002-07-26,19.314910888671875,0.0
2002-07-29,19.37950134277344,0.0
2002-07-30,20.542274475097656,0.0
2002-07-31,21.93037414550781,0.493655
2002-08-01,20.97090530395508,0.0
2002-08-02,20.559722900390625,0.0
2002-08-05,19.12053680419922,0.0
2002-08-06,17.818422317504883,0.0
2002-08-07,17.955493927001953,0.0
2002-08-08,18.092548370361328,0.0
2002-08-09,18.50374794006348,0.0
2002-08-12,18.22962188720703,0.0
2002-08-13,18.366676330566406,0.0
2002-08-14,18.640819549560547,0.0
2002-08-15,19.052001953125,0.0
2002-08-16,19.12053680419922,0.0
2002-08-19,19.18907356262207,0.0
2002-08-20,19.18907356262207,0.0
2002-08-21,19.052001953125,0.0
2002-08-22,18.983482360839844,0.0
2002-08-23,18.983482360839844,0.0
2002-08-26,19.18907356262207,0.0
2002-08-27,19.052001953125,0.0
2002-08-28,18.914945602416992,0.0
2002-08-29,18.914945602416992,0.0
2002-08-30,18.70933723449707,0.0
2002-09-02,17.818422317504883,0.0
2002-09-03,17.27016830444336,0.0
2002-09-04,16.31071662902832,0.0
2002-09-05,15.762447357177734,0.0
2002-09-06,15.762447357177734,0.0
2002-09-09,15.693926811218262,0.0
2002-09-10,16.036590576171875,0.0
2002-09-11,16.036590576171875,0.0
2002-09-12,16.17364501953125,0.0
2002-09-13,16.17364501953125,0.0
2002-09-16,15.762447357177734,0.0
2002-09-17,16.790433883666992,0.0
2002-09-18,16.1051082611084,0.0
2002-09-19,16.036590576171875,0.0
2002-09-20,15.968053817749023,0.0
2002-09-23,15.282729148864746,0.0
2002-09-24,15.077120780944824,0.0
2002-09-25,15.077120780944824,0.0
2002-09-26,15.077120780944824,0.0
2002-09-27,14.323277473449709,0.0
2002-09-30,14.323277473449709,0.0
2002-10-01,13.980613708496094,0.0
2002-10-02,14.18620491027832,0.0
2002-10-03,13.84354305267334,0.0
2002-10-04,13.84354305267334,0.0
2002-10-07,13.775007247924805,0.0
2002-10-08,14.391796112060549,0.0
2002-10-09,14.871529579162598,0.0
2002-10-10,14.871529579162598,0.0
2002-10-11,13.84354305267334,0.0
2002-10-14,14.391796112060549,0.0
2002-10-15,14.80299472808838,0.0
2002-10-16,15.077120780944824,0.0
2002-10-17,16.1051082611084,0.0
2002-10-18,17.20163345336914,0.0
2002-10-21,18.366676330566406,0.0
2002-10-22,17.475759506225586,0.0
2002-10-23,18.640819549560547,0.0
2002-10-24,18.092548370361328,0.0
2002-10-25,18.22962188720703,0.0
2002-10-28,18.50374794006348,0.0
2002-10-29,17.818422317504883,0.0
2002-10-30,18.366676330566406,0.0
2002-10-31,19.600271224975582,0.0
2002-11-01,19.052001953125,0.0
2002-11-04,19.052001953125,0.0
2002-11-05,18.70933723449707,0.0
2002-11-06,19.18907356262207,0.0
2002-11-07,19.12053680419922,0.0
2002-11-08,20.422651290893555,0.0
2002-11-11,20.833850860595703,0.0
2002-11-12,20.833850860595703,0.0
2002-11-13,20.14852523803711,0.0
2002-11-14,19.394664764404297,0.0
2002-11-15,20.69677734375,0.0
2002-11-18,20.97090530395508,0.0
2002-11-19,20.14852523803711,0.0
2002-11-20,19.25760841369629,0.0
2002-11-21,18.914945602416992,0.0
2002-11-22,19.326128005981445,0.0
2002-11-25,19.600271224975582,0.0
2002-11-26,19.394664764404297,0.0
2002-11-27,20.01145362854004,0.0
2002-11-28,20.559722900390625,0.0
2002-11-29,20.14852523803711,0.0
2002-12-02,20.14852523803711,0.0
2002-12-03,20.28559684753418,0.0
2002-12-04,20.28559684753418,0.0
2002-12-05,21.656230926513672,0.0
2002-12-06,22.75275421142578,0.0
2002-12-09,24.260475158691406,0.0
2002-12-10,25.90525245666504,0.0
2002-12-11,24.123403549194336,0.0
2002-12-12,25.356983184814453,0.0
2002-12-13,24.94580078125,0.0
2002-12-16,23.301006317138672,0.0
2002-12-17,23.575151443481445,0.0
2002-12-18,23.301006317138672,0.0
2002-12-19,24.80872917175293,0.0
2002-12-20,26.17938041687012,0.0
2002-12-23,27.961212158203125,0.0
2002-12-24,28.235355377197266,0.0
2002-12-25,28.235355377197266,0.0
2002-12-26,28.37241172790528,0.0
2002-12-27,30.29131507873535,0.0
2002-12-30,29.60598945617676,0.0
2002-12-31,29.60598945617676,0.0
2003-01-01,29.60598945617676,0.0
2003-01-02,31.661964416503903,0.0
2003-01-03,33.85501480102539,0.0
2003-01-06,35.22564697265625,0.0
2003-01-07,35.77391815185547,0.0
2003-01-08,37.55574798583984,0.0
2003-01-09,34.95151901245117,0.0
2003-01-10,34.1291389465332,0.0
2003-01-13,34.95151901245117,0.0
2003-01-14,36.32217025756836,0.0
2003-01-15,38.789344787597656,0.0
2003-01-16,37.14456558227539,0.0
2003-01-17,35.22564697265625,0.0
2003-01-20,37.55574798583984,0.0
2003-01-21,36.45924377441406,0.0
2003-01-22,38.92639923095703,0.0
2003-01-23,37.41869354248047,0.0
2003-01-24,36.59629821777344,0.0
2003-01-27,34.1291389465332,0.0
2003-01-28,34.40326690673828,0.0
2003-01-29,34.40326690673828,0.0
2003-01-30,34.40326690673828,0.0
2003-01-31,34.40326690673828,0.0
2003-02-03,34.40326690673828,0.0
2003-02-04,34.40326690673828,0.0
2003-02-05,34.40326690673828,0.0
2003-02-06,35.088592529296875,0.0
2003-02-07,34.95151901245117,0.0
2003-02-10,32.62141799926758,0.0
2003-02-11,30.428386688232425,0.0
2003-02-12,30.976640701293945,0.0
2003-02-13,30.428386688232425,0.0
2003-02-14,30.29131507873535,0.0
2003-02-17,32.3472900390625,0.0
2003-02-18,32.4843635559082,0.0
2003-02-19,31.52490997314453,0.0
2003-02-20,30.01718711853028,0.0
2003-02-21,30.154260635375977,0.0
2003-02-24,32.210235595703125,0.0
2003-02-25,32.210235595703125,0.0
2003-02-26,34.26619338989258,0.0
2003-02-27,32.3472900390625,0.0
2003-02-28,32.3472900390625,0.0
2003-03-03,32.89554214477539,0.0
2003-03-04,34.1291389465332,0.0
2003-03-05,34.1291389465332,0.0
2003-03-06,33.85501480102539,0.0
2003-03-07,31.936092376708984,0.0
2003-03-10,29.743061065673828,0.0
2003-03-11,28.098283767700195,0.0
2003-03-12,30.01718711853028,0.0
2003-03-13,31.79903793334961,0.0
2003-03-14,33.85501480102539,0.0
2003-03-17,32.07316589355469,0.0
2003-03-18,34.26619338989258,0.0
2003-03-19,34.67739486694336,0.0
2003-03-20,37.00749588012695,0.0
2003-03-21,36.59629821777344,0.0
2003-03-24,35.77391815185547,0.0
2003-03-25,35.77391815185547,0.0
2003-03-26,35.22564697265625,0.0
2003-03-27,36.18510055541992,0.0
2003-03-28,35.910972595214844,0.0
2003-03-31,33.44381332397461,0.0
2003-04-01,33.16967010498047,0.0
2003-04-02,32.210235595703125,0.0
2003-04-03,33.44381332397461,0.0
2003-04-04,35.77391815185547,0.0
2003-04-07,37.41869354248047,0.0
2003-04-08,37.41869354248047,0.0
2003-04-09,36.59629821777344,0.0
2003-04-10,36.32217025756836,0.0
2003-04-11,35.49979019165039,0.0
2003-04-14,33.30674362182617,0.0
2003-04-15,34.40326690673828,0.0
2003-04-16,35.088592529296875,0.0
2003-04-17,35.77391815185547,0.0
2003-04-18,34.95151901245117,0.0
2003-04-21,33.992069244384766,0.0
2003-04-22,32.89554214477539,0.0
2003-04-23,32.89554214477539,0.0
2003-04-24,30.702512741088867,0.0
2003-04-25,28.78360939025879,0.0
2003-04-28,30.154260635375977,0.0
2003-04-29,31.38783836364746,0.0
2003-04-30,29.194807052612305,0.0
2003-05-01,29.194807052612305,0.0
2003-05-02,29.743061065673828,0.0
2003-05-05,31.25076675415039,0.0
2003-05-06,31.79903793334961,0.0
2003-05-07,33.992069244384766,0.0
2003-05-08,33.71794128417969,0.0
2003-05-09,35.088592529296875,0.0
2003-05-12,34.26619338989258,0.0
2003-05-13,34.540321350097656,0.0
2003-05-14,35.910972595214844,0.0
2003-05-15,34.8144645690918,0.0
2003-05-16,33.992069244384766,0.0
2003-05-19,33.44381332397461,0.0
2003-05-20,34.26619338989258,0.0
2003-05-21,33.30674362182617,0.0
2003-05-22,34.1291389465332,0.0
2003-05-23,34.67739486694336,0.0
2003-05-26,34.67739486694336,0.0
2003-05-27,34.95151901245117,0.0
2003-05-28,34.67739486694336,0.0
2003-05-29,35.49979019165039,0.0
2003-05-30,35.77391815185547,0.0
2003-06-02,36.73336791992188,0.0
2003-06-03,36.59629821777344,0.0
2003-06-04,36.59629821777344,0.0
2003-06-05,35.49979019165039,0.0
2003-06-06,34.95151901245117,0.0
2003-06-09,36.45924377441406,0.0
2003-06-10,36.04804229736328,0.0
2003-06-11,35.22564697265625,0.0
2003-06-12,36.45924377441406,0.0
2003-06-13,35.910972595214844,0.0
2003-06-16,36.87042236328125,0.0
2003-06-17,37.28162384033203,0.0
2003-06-18,37.28162384033203,0.0
2003-06-19,36.45924377441406,0.0
2003-06-20,35.088592529296875,0.0
2003-06-23,34.67739486694336,0.0
2003-06-24,33.992069244384766,0.0
2003-06-25,33.71794128417969,0.0
2003-06-26,33.580867767333984,0.0
2003-06-27,33.580867767333984,0.0
2003-06-30,33.71794128417969,0.0
2003-07-01,34.540321350097656,0.0
2003-07-02,34.8144645690918,0.0
2003-07-03,34.8144645690918,0.0
2003-07-04,34.67739486694336,0.0
2003-07-07,34.26619338989258,0.0
2003-07-08,33.71794128417969,0.0
2003-07-09,32.3472900390625,0.0
2003-07-10,33.032615661621094,0.0
2003-07-11,32.3472900390625,0.0
2003-07-14,32.3472900390625,0.0
2003-07-15,33.44381332397461,0.0
2003-07-16,34.8144645690918,0.0
2003-07-17,34.8144645690918,0.0
2003-07-18,32.62141799926758,0.0
2003-07-21,31.25076675415039,0.0
2003-07-22,31.38783836364746,0.0
2003-07-23,30.839584350585938,0.0
2003-07-24,31.52490997314453,0.0
2003-07-25,31.113712310791016,0.0
2003-07-28,31.936092376708984,0.0
2003-07-29,32.3472900390625,0.0
2003-07-30,33.71794128417969,0.0
2003-07-31,33.032615661621094,0.0
2003-08-01,32.3472900390625,0.0
2003-08-04,32.07316589355469,0.0
2003-08-05,31.38783836364746,0.0
2003-08-06,31.94290351867676,0.335686
2003-08-07,32.655914306640625,0.0
2003-08-08,32.22809982299805,0.0
2003-08-11,32.08550262451172,0.0
2003-08-12,31.94290351867676,0.0
2003-08-13,33.08371353149414,0.0
2003-08-14,34.22452545166016,0.0
2003-08-15,34.22452545166016,0.0
2003-08-18,34.22452545166016,0.0
2003-08-19,34.652339935302734,0.0
2003-08-20,33.65412521362305,0.0
2003-08-21,33.939327239990234,0.0
2003-08-22,33.511512756347656,0.0
2003-08-25,33.511512756347656,0.0
2003-08-26,33.36891174316406,0.0
2003-08-27,33.79672622680664,0.0
2003-08-28,33.79672622680664,0.0
2003-08-29,33.511512756347656,0.0
2003-09-01,33.939327239990234,0.0
2003-09-02,34.22452545166016,0.0
2003-09-03,34.08192443847656,0.0
2003-09-04,33.226314544677734,0.0
2003-09-05,33.65412521362305,0.0
2003-09-08,33.36891174316406,0.0
2003-09-09,33.511512756347656,0.0
2003-09-10,32.513301849365234,0.0
2003-09-11,32.513301849365234,0.0
2003-09-12,32.655914306640625,0.0
2003-09-15,32.37070083618164,0.0
2003-09-16,32.94111251831055,0.0
2003-09-17,34.652339935302734,0.0
2003-09-18,35.50794982910156,0.0
2003-09-19,35.50794982910156,0.0
2003-09-22,35.080135345458984,0.0
2003-09-23,35.080135345458984,0.0
2003-09-24,35.365352630615234,0.0
2003-09-25,37.64699172973633,0.0
2003-09-26,38.36000442504883,0.0
2003-09-29,38.64520263671875,0.0
2003-09-30,38.21738815307617,0.0
2003-10-01,37.36177444458008,0.0
2003-10-02,37.504390716552734,0.0
2003-10-03,40.07122802734375,0.0
2003-10-06,42.78066253662109,0.0
2003-10-07,41.49723815917969,0.0
2003-10-08,42.21025085449219,0.0
2003-10-09,42.78066253662109,0.0
2003-10-10,42.78066253662109,0.0
2003-10-13,43.35107803344727,0.0
2003-10-14,42.49546432495117,0.0
2003-10-15,40.07122802734375,0.0
2003-10-16,42.067649841308594,0.0
2003-10-17,42.49546432495117,0.0
2003-10-20,42.35284805297852,0.0
2003-10-21,41.06943893432617,0.0
2003-10-22,40.4990234375,0.0
2003-10-23,40.21382522583008,0.0
2003-10-24,40.6416244506836,0.0
2003-10-27,40.78422546386719,0.0
2003-10-28,42.49546432495117,0.0
2003-10-29,42.49546432495117,0.0
2003-10-30,42.78066253662109,0.0
2003-10-31,42.49546432495117,0.0
2003-11-03,43.77887344360352,0.0
2003-11-04,45.63271713256836,0.0
2003-11-05,46.06051254272461,0.0
2003-11-06,42.92326354980469,0.0
2003-11-07,42.35284805297852,0.0
2003-11-10,42.35284805297852,0.0
2003-11-11,41.49723815917969,0.0
2003-11-12,41.63985443115234,0.0
2003-11-13,41.49723815917969,0.0
2003-11-14,41.2120361328125,0.0
2003-11-17,41.2120361328125,0.0
2003-11-18,40.78422546386719,0.0
2003-11-19,41.925052642822266,0.0
2003-11-20,41.925052642822266,0.0
2003-11-21,41.63985443115234,0.0
2003-11-24,41.63985443115234,0.0
2003-11-25,40.07122802734375,0.0
2003-11-26,40.21382522583008,0.0
2003-11-27,39.215614318847656,0.0
2003-11-28,39.35821533203125,0.0
2003-12-01,39.50081253051758,0.0
2003-12-02,38.50260162353516,0.0
2003-12-03,38.36000442504883,0.0
2003-12-04,38.36000442504883,0.0
2003-12-05,38.21738815307617,0.0
2003-12-08,39.072998046875,0.0
2003-12-09,39.92861175537109,0.0
2003-12-10,40.78422546386719,0.0
2003-12-11,41.354637145996094,0.0
2003-12-12,42.49546432495117,0.0
2003-12-15,42.067649841308594,0.0
2003-12-16,42.78066253662109,0.0
2003-12-17,40.4990234375,0.0
2003-12-18,40.4990234375,0.0
2003-12-19,41.2120361328125,0.0
2003-12-22,41.49723815917969,0.0
2003-12-23,43.20847702026367,0.0
2003-12-24,42.49546432495117,0.0
2003-12-25,41.925052642822266,0.0
2003-12-26,42.067649841308594,0.0
2003-12-29,41.354637145996094,0.0
2003-12-30,42.21025085449219,0.0
2003-12-31,42.21025085449219,0.0
2004-01-01,42.21025085449219,0.0
2004-01-02,43.065860748291016,0.0
2004-01-05,43.77887344360352,0.0
2004-01-06,45.20490264892578,0.0
2004-01-07,45.91791534423828,0.0
2004-01-08,45.63271713256836,0.0
2004-01-09,45.91791534423828,0.0
2004-01-12,44.20669174194336,0.0
2004-01-13,43.77887344360352,0.0
2004-01-14,45.34749984741211,0.0
2004-01-15,44.91970443725586,0.0
2004-01-16,46.77352523803711,0.0
2004-01-19,46.77352523803711,0.0
2004-01-20,46.77352523803711,0.0
2004-01-21,46.77352523803711,0.0
2004-01-22,46.77352523803711,0.0
2004-01-23,46.77352523803711,0.0
2004-01-26,46.77352523803711,0.0
2004-01-27,49.48296356201172,0.0
2004-01-28,48.4847526550293,0.0
2004-01-29,48.4847526550293,0.0
2004-01-30,49.340362548828125,0.0
2004-02-02,49.1977653503418,0.0
2004-02-03,48.05695343017578,0.0
2004-02-04,49.7681770324707,0.0
2004-02-05,49.340362548828125,0.0
2004-02-06,49.340362548828125,0.0
2004-02-09,50.05337524414063,0.0
2004-02-10,50.05337524414063,0.0
2004-02-11,50.90898895263672,0.0
2004-02-12,49.48296356201172,0.0
2004-02-13,49.0551643371582,0.0
2004-02-16,49.0551643371582,0.0
2004-02-17,49.62556076049805,0.0
2004-02-18,49.9107780456543,0.0
2004-02-19,50.4811897277832,0.0
2004-02-20,49.9107780456543,0.0
2004-02-23,49.9107780456543,0.0
2004-02-24,49.48296356201172,0.0
2004-02-25,50.05337524414063,0.0
2004-02-26,49.9107780456543,0.0
2004-02-27,51.90719985961914,0.0
2004-03-01,53.47582626342773,0.0
2004-03-02,53.33322525024414,0.0
2004-03-03,53.47582626342773,0.0
2004-03-04,53.19062805175781,0.0
2004-03-05,52.33501434326172,0.0
2004-03-08,52.62021255493164,0.0
2004-03-09,53.90364074707031,0.0
2004-03-10,53.90364074707031,0.0
2004-03-11,53.47582626342773,0.0
2004-03-12,52.47761535644531,0.0
2004-03-15,53.19062805175781,0.0
2004-03-16,52.47761535644531,0.0
2004-03-17,53.61842346191406,0.0
2004-03-18,56.613075256347656,0.0
2004-03-19,57.32608795166016,0.0
2004-03-22,53.33322525024414,0.0
2004-03-23,49.62556076049805,0.0
2004-03-24,47.05872344970703,0.0
2004-03-25,46.34572982788086,0.0
2004-03-26,43.4936752319336,0.0
2004-03-29,46.48832702636719,0.0
2004-03-30,47.48654174804688,0.0
2004-03-31,47.48654174804688,0.0
2004-04-01,45.77531433105469,0.0
2004-04-02,46.2031135559082,0.0
2004-04-05,46.63092803955078,0.0
2004-04-06,47.20132446289063,0.0
2004-04-07,47.05872344970703,0.0
2004-04-08,46.2031135559082,0.0
2004-04-09,44.34928894042969,0.0
2004-04-12,45.63271713256836,0.0
2004-04-13,46.06051254272461,0.0
2004-04-14,46.06051254272461,0.0
2004-04-15,44.34928894042969,0.0
2004-04-16,44.20669174194336,0.0
2004-04-19,42.638065338134766,0.0
2004-04-20,45.06230163574219,0.0
2004-04-21,45.06230163574219,0.0
2004-04-22,44.491886138916016,0.0
2004-04-23,44.491886138916016,0.0
2004-04-26,43.77887344360352,0.0
2004-04-27,41.78245162963867,0.0
2004-04-28,41.49723815917969,0.0
2004-04-29,38.93040084838867,0.0
2004-04-30,36.363563537597656,0.0
2004-05-03,36.64876174926758,0.0
2004-05-04,39.072998046875,0.0
2004-05-05,38.50260162353516,0.0
2004-05-06,40.07122802734375,0.0
2004-05-07,40.35642623901367,0.0
2004-05-10,40.35642623901367,0.0
2004-05-11,40.4990234375,0.0
2004-05-12,40.78422546386719,0.0
2004-05-13,37.93218612670898,0.0
2004-05-14,35.365352630615234,0.0
2004-05-17,32.94111251831055,0.0
2004-05-18,31.80028533935547,0.0
2004-05-19,33.939327239990234,0.0
2004-05-20,35.65055084228516,0.0
2004-05-21,37.07657623291016,0.0
2004-05-24,36.93397521972656,0.0
2004-05-25,35.65055084228516,0.0
2004-05-26,36.363563537597656,0.0
2004-05-27,37.504390716552734,0.0
2004-05-28,38.50260162353516,0.0
2004-05-31,37.504390716552734,0.0
2004-06-01,38.36000442504883,0.0
2004-06-02,37.504390716552734,0.0
2004-06-03,36.22096252441406,0.0
2004-06-04,36.07836532592773,0.0
2004-06-07,37.36177444458008,0.0
2004-06-08,37.93218612670898,0.0
2004-06-09,38.36000442504883,0.0
2004-06-10,38.50260162353516,0.0
2004-06-11,38.07478713989258,0.0
2004-06-14,36.363563537597656,0.0
2004-06-15,37.36177444458008,0.0
2004-06-16,35.93574905395508,0.0
2004-06-17,36.64876174926758,0.0
2004-06-18,35.93574905395508,0.0
2004-06-21,35.93574905395508,0.0
2004-06-22,35.93574905395508,0.0
2004-06-23,37.07657623291016,0.0
2004-06-24,38.36000442504883,0.0
2004-06-25,38.93040084838867,0.0
2004-06-28,39.50081253051758,0.0
2004-06-29,39.7860107421875,0.0
2004-06-30,40.4990234375,0.0
2004-07-01,41.49723815917969,0.0
2004-07-02,42.35284805297852,0.0
2004-07-05,41.354637145996094,0.0
2004-07-06,41.354637145996094,0.0
2004-07-07,40.78422546386719,0.0
2004-07-08,40.92684173583984,0.0
2004-07-09,40.21382522583008,0.0
2004-07-12,41.06943893432617,0.0
2004-07-13,41.49723815917969,0.0
2004-07-14,40.07122802734375,0.0
2004-07-15,38.07478713989258,0.0
2004-07-16,37.64699172973633,0.0
2004-07-19,37.21917343139648,0.0
2004-07-20,35.793148040771484,0.0
2004-07-21,36.93397521972656,0.0
2004-07-22,37.07657623291016,0.0
2004-07-23,36.363563537597656,0.0
2004-07-26,35.793148040771484,0.0
2004-07-27,35.50794982910156,0.0
2004-07-28,35.22275161743164,0.0
2004-07-29,35.22275161743164,0.0
2004-07-30,35.65055084228516,0.0
2004-08-02,35.93574905395508,0.0
2004-08-03,35.65055084228516,0.0
2004-08-04,36.64876174926758,0.0
2004-08-05,38.36000442504883,0.0
2004-08-06,38.21738815307617,0.0
2004-08-09,38.64520263671875,0.0
2004-08-10,38.21738815307617,0.0
2004-08-11,37.64699172973633,0.0
2004-08-12,38.50260162353516,0.0
2004-08-13,39.35821533203125,0.0
2004-08-16,38.93040084838867,0.0
2004-08-17,38.50260162353516,0.0
2004-08-18,38.64520263671875,0.0
2004-08-19,39.7860107421875,0.0
2004-08-20,39.35821533203125,0.0
2004-08-23,41.354637145996094,0.0
2004-08-24,41.354637145996094,0.0
2004-08-25,41.354637145996094,0.0
2004-08-26,42.78066253662109,0.0
2004-08-27,42.638065338134766,0.0
2004-08-30,44.491886138916016,0.0
2004-08-31,44.064090728759766,0.0
2004-09-01,47.05872344970703,0.0
2004-09-02,47.48654174804688,0.0
2004-09-03,46.34572982788086,0.0
2004-09-06,47.48654174804688,0.0
2004-09-07,47.6291389465332,0.0
2004-09-08,49.9107780456543,0.0
2004-09-09,49.1977653503418,0.0
2004-09-10,49.48296356201172,0.0
2004-09-13,50.05337524414063,0.0
2004-09-14,47.31255722045898,1.007052
2004-09-15,46.25445175170898,0.0
2004-09-16,46.5567626953125,0.0
2004-09-17,46.5567626953125,0.0
2004-09-20,49.12647247314453,0.0
2004-09-21,49.12647247314453,0.0
2004-09-22,49.42878341674805,0.0
2004-09-23,49.12647247314453,0.0
2004-09-24,50.78919982910156,0.0
2004-09-27,51.09152603149414,0.0
2004-09-28,51.09152603149414,0.0
2004-09-29,49.73109436035156,0.0
2004-09-30,50.335731506347656,0.0
2004-10-01,53.51006317138672,0.0
2004-10-04,53.66121673583984,0.0
2004-10-05,53.66121673583984,0.0
2004-10-06,52.45193862915039,0.0
2004-10-07,53.20773315429688,0.0
2004-10-08,52.90542221069336,0.0
2004-10-11,53.51006317138672,0.0
2004-10-12,53.05657958984375,0.0
2004-10-13,51.54499053955078,0.0
2004-10-14,48.06835174560547,0.0
2004-10-15,47.31255722045898,0.0
2004-10-18,47.161399841308594,0.0
2004-10-19,45.4986572265625,0.0
2004-10-20,44.894020080566406,0.0
2004-10-21,44.894020080566406,0.0
2004-10-22,43.835914611816406,0.0
2004-10-25,43.835914611816406,0.0
2004-10-26,44.74286651611328,0.0
2004-10-27,46.405609130859375,0.0
2004-10-28,46.10329818725586,0.0
2004-10-29,43.53360366821289,0.0
2004-11-01,44.894020080566406,0.0
2004-11-02,46.85909271240234,0.0
2004-11-03,46.85909271240234,0.0
2004-11-04,46.70793533325195,0.0
2004-11-05,47.46372985839844,0.0
2004-11-08,48.06835174560547,0.0
2004-11-09,47.91719436645508,0.0
2004-11-10,46.85909271240234,0.0
2004-11-11,46.405609130859375,0.0
2004-11-12,46.10329818725586,0.0
2004-11-15,45.4986572265625,0.0
2004-11-16,44.440555572509766,0.0
2004-11-17,45.80098724365234,0.0
2004-11-18,46.405609130859375,0.0
2004-11-19,45.95214080810547,0.0
2004-11-22,44.59170913696289,0.0
2004-11-23,44.74286651611328,0.0
2004-11-24,46.405609130859375,0.0
2004-11-25,46.10329818725586,0.0
2004-11-26,45.04519271850586,0.0
2004-11-29,45.04519271850586,0.0
2004-11-30,45.95214080810547,0.0
2004-12-01,46.10329818725586,0.0
2004-12-02,46.25445175170898,0.0
2004-12-03,46.25445175170898,0.0
2004-12-06,46.25445175170898,0.0
2004-12-07,46.85909271240234,0.0
2004-12-08,46.85909271240234,0.0
2004-12-09,47.46372985839844,0.0
2004-12-10,47.76604080200195,0.0
2004-12-13,47.46372985839844,0.0
2004-12-14,47.161399841308594,0.0
2004-12-15,47.91719436645508,0.0
2004-12-16,48.06835174560547,0.0
2004-12-17,47.91719436645508,0.0
2004-12-20,46.70793533325195,0.0
2004-12-21,47.76604080200195,0.0
2004-12-22,48.219505310058594,0.0
2004-12-23,48.06835174560547,0.0
2004-12-24,48.52183532714844,0.0
2004-12-27,48.06835174560547,0.0
2004-12-28,48.219505310058594,0.0
2004-12-29,49.88224792480469,0.0
2004-12-30,49.12647247314453,0.0
2004-12-31,48.52183532714844,0.0
2005-01-03,49.42878341674805,0.0
2005-01-04,48.82414245605469,0.0
2005-01-05,48.06835174560547,0.0
2005-01-06,47.76604080200195,0.0
2005-01-07,46.25445175170898,0.0
2005-01-10,45.80098724365234,0.0
2005-01-11,46.405609130859375,0.0
2005-01-12,45.4986572265625,0.0
2005-01-13,45.64981460571289,0.0
2005-01-14,46.25445175170898,0.0
2005-01-17,46.25445175170898,0.0
2005-01-18,45.95214080810547,0.0
2005-01-19,44.74286651611328,0.0
2005-01-20,44.440555572509766,0.0
2005-01-21,43.835914611816406,0.0
2005-01-24,42.62665557861328,0.0
2005-01-25,42.62665557861328,0.0
2005-01-26,43.382450103759766,0.0
2005-01-27,42.77781295776367,0.0
2005-01-28,43.53360366821289,0.0
2005-01-31,45.95214080810547,0.0
2005-02-01,45.19634628295898,0.0
2005-02-02,44.59170913696289,0.0
2005-02-03,44.59170913696289,0.0
2005-02-04,44.59170913696289,0.0
2005-02-07,44.59170913696289,0.0
2005-02-08,44.59170913696289,0.0
2005-02-09,44.59170913696289,0.0
2005-02-10,44.59170913696289,0.0
2005-02-11,44.59170913696289,0.0
2005-02-14,45.19634628295898,0.0
2005-02-15,45.347503662109375,0.0
2005-02-16,45.80098724365234,0.0
2005-02-17,45.04519271850586,0.0
2005-02-18,45.04519271850586,0.0
2005-02-21,45.95214080810547,0.0
2005-02-22,45.80098724365234,0.0
2005-02-23,46.405609130859375,0.0
2005-02-24,47.46372985839844,0.0
2005-02-25,48.52183532714844,0.0
2005-02-28,48.52183532714844,0.0
2005-03-01,49.88224792480469,0.0
2005-03-02,48.748565673828125,0.0
2005-03-03,48.37067794799805,0.0
2005-03-04,48.37067794799805,0.0
2005-03-07,50.86479187011719,0.0
2005-03-08,49.12647247314453,0.0
2005-03-09,49.73109436035156,0.0
2005-03-10,49.57993698120117,0.0
2005-03-11,48.748565673828125,0.0
2005-03-14,48.14392852783203,0.0
2005-03-15,46.85909271240234,0.0
2005-03-16,46.405609130859375,0.0
2005-03-17,46.78351211547852,0.0
2005-03-18,47.01024627685547,0.0
2005-03-21,47.01024627685547,0.0
2005-03-22,46.934669494628906,0.0
2005-03-23,47.61488342285156,0.0
2005-03-24,47.91719436645508,0.0
2005-03-25,47.91719436645508,0.0
2005-03-28,47.76604080200195,0.0
2005-03-29,47.01024627685547,0.0
2005-03-30,46.63235855102539,0.0
2005-03-31,46.70793533325195,0.0
2005-04-01,45.80098724365234,0.0
2005-04-04,46.5567626953125,0.0
2005-04-05,46.5567626953125,0.0
2005-04-06,45.72541046142578,0.0
2005-04-07,45.347503662109375,0.0
2005-04-08,46.934669494628906,0.0
2005-04-11,47.46372985839844,0.0
2005-04-12,47.46372985839844,0.0
2005-04-13,47.46372985839844,0.0
2005-04-14,47.31255722045898,0.0
2005-04-15,46.85909271240234,0.0
2005-04-18,45.04519271850586,0.0
2005-04-19,45.95214080810547,0.0
2005-04-20,45.64981460571289,0.0
2005-04-21,45.64981460571289,0.0
2005-04-22,45.64981460571289,0.0
2005-04-25,46.10329818725586,0.0
2005-04-26,46.25445175170898,0.0
2005-04-27,46.0277214050293,0.0
2005-04-28,45.80098724365234,0.0
2005-04-29,45.19634628295898,0.0
2005-05-02,45.19634628295898,0.0
2005-05-03,46.10329818725586,0.0
2005-05-04,46.33002853393555,0.0
2005-05-05,47.91719436645508,0.0
2005-05-06,47.91719436645508,0.0
2005-05-09,47.46372985839844,0.0
2005-05-10,47.76604080200195,0.0
2005-05-11,47.76604080200195,0.0
2005-05-12,47.61488342285156,0.0
2005-05-13,46.70793533325195,0.0
2005-05-16,43.45802688598633,0.0
2005-05-17,43.382450103759766,0.0
2005-05-18,43.53360366821289,0.0
2005-05-19,43.835914611816406,0.0
2005-05-20,43.08012390136719,0.0
2005-05-23,43.08012390136719,0.0
2005-05-24,43.835914611816406,0.0
2005-05-25,43.08012390136719,0.0
2005-05-26,43.08012390136719,0.0
2005-05-27,43.53360366821289,0.0
2005-05-30,42.62665557861328,0.0
2005-05-31,42.55107879638672,0.0
2005-06-01,42.9289665222168,0.0
2005-06-02,43.382450103759766,0.0
2005-06-03,43.60918426513672,0.0
2005-06-06,43.08012390136719,0.0
2005-06-07,42.77781295776367,0.0
2005-06-08,43.23127746582031,0.0
2005-06-09,42.62665557861328,0.0
2005-06-10,42.47550201416016,0.0
2005-06-13,42.3999252319336,0.0
2005-06-14,42.77781295776367,0.0
2005-06-15,42.85338973999024,0.0
2005-06-16,42.77781295776367,0.0
2005-06-17,42.70223236083984,0.0
2005-06-20,43.00454330444336,0.0
2005-06-21,43.53360366821289,0.0
2005-06-22,44.21382141113281,0.0
2005-06-23,44.289398193359375,0.0
2005-06-24,43.9870719909668,0.0
2005-06-27,43.382450103759766,0.0
2005-06-28,43.53360366821289,0.0
2005-06-29,43.00454330444336,0.0
2005-06-30,42.62665557861328,0.0
2005-07-01,42.9289665222168,0.0
2005-07-04,42.47550201416016,0.0
2005-07-05,42.24875259399414,0.0
2005-07-06,41.34180068969727,0.0
2005-07-07,40.13254165649414,0.0
2005-07-08,39.981388092041016,0.0
2005-07-11,40.51042938232422,0.0
2005-07-12,41.492958068847656,0.0
2005-07-13,41.56855010986328,0.0
2005-07-14,41.56855010986328,0.0
2005-07-15,41.79528427124024,0.0
2005-07-18,41.79528427124024,0.0
2005-07-19,41.71970748901367,0.0
2005-07-20,41.2662239074707,0.0
2005-07-21,41.2662239074707,0.0
2005-07-22,41.19064712524414,0.0
2005-07-25,41.2662239074707,0.0
2005-07-26,41.11507034301758,0.0
2005-07-27,40.88833618164063,0.0
2005-07-28,40.81275939941406,0.0
2005-07-29,39.75465393066406,0.0
2005-08-01,39.981388092041016,0.0
2005-08-02,41.56855010986328,0.0
2005-08-03,41.11507034301758,0.0
2005-08-04,42.02201843261719,0.0
2005-08-05,42.02201843261719,0.0
2005-08-08,41.71970748901367,0.0
2005-08-09,42.17317199707031,0.0
2005-08-10,41.94644165039063,0.0
2005-08-11,41.64413070678711,0.0
2005-08-12,41.94644165039063,0.0
2005-08-15,41.492958068847656,0.0
2005-08-16,41.41737747192383,0.0
2005-08-17,40.88833618164063,0.0
2005-08-18,42.98188018798828,3.558268
2005-08-19,42.25027847290039,0.0
2005-08-22,43.073333740234375,0.0
2005-08-23,43.16476821899414,0.0
2005-08-24,42.25027847290039,0.0
2005-08-25,42.25027847290039,0.0
2005-08-26,41.88446807861328,0.0
2005-08-29,41.0614128112793,0.0
2005-08-30,41.88446807861328,0.0
2005-08-31,41.0614128112793,0.0
2005-09-01,41.0614128112793,0.0
2005-09-02,42.52461624145508,0.0
2005-09-05,42.52461624145508,0.0
2005-09-06,42.43316650390625,0.0
2005-09-07,42.25027847290039,0.0
2005-09-08,42.52461624145508,0.0
2005-09-09,42.61606979370117,0.0
2005-09-12,42.61606979370117,0.0
2005-09-13,42.52461624145508,0.0
2005-09-14,42.52461624145508,0.0
2005-09-15,41.79301452636719,0.0
2005-09-16,41.51865768432617,0.0
2005-09-19,41.335750579833984,0.0
2005-09-20,41.51865768432617,0.0
2005-09-21,41.15286636352539,0.0
2005-09-22,39.87254333496094,0.0
2005-09-23,38.40933990478516,0.0
2005-09-26,38.04352951049805,0.0
2005-09-27,37.40337753295898,0.0
2005-09-28,36.39741516113281,0.0
2005-09-29,39.63020324707031,0.0
2005-09-30,41.978660583496094,0.0
2005-10-03,41.68510437011719,0.0
2005-10-04,41.587249755859375,0.0
2005-10-05,41.391544342041016,0.0
2005-10-06,41.09798812866211,0.0
2005-10-07,41.09798812866211,0.0
2005-10-10,38.40933990478516,0.0
2005-10-11,40.706581115722656,0.0
2005-10-12,41.78295516967773,0.0
2005-10-13,41.09798812866211,0.0
2005-10-14,41.29369354248047,0.0
2005-10-17,39.728057861328125,0.0
2005-10-18,39.336647033691406,0.0
2005-10-19,38.84738540649414,0.0
2005-10-20,38.35812377929688,0.0
2005-10-21,38.35812377929688,0.0
2005-10-24,38.94523620605469,0.0
2005-10-25,38.553829193115234,0.0
2005-10-26,38.94523620605469,0.0
2005-10-27,38.94523620605469,0.0
2005-10-28,38.06456756591797,0.0
2005-10-31,40.5108757019043,0.0
2005-11-01,41.19584274291992,0.0
2005-11-02,41.19584274291992,0.0
2005-11-03,40.02161407470703,0.0
2005-11-04,40.02161407470703,0.0
2005-11-07,40.02161407470703,0.0
2005-11-08,39.14094161987305,0.0
2005-11-09,40.02161407470703,0.0
2005-11-10,40.5108757019043,0.0
2005-11-11,40.8044319152832,0.0
2005-11-14,41.29369354248047,0.0
2005-11-15,40.31517028808594,0.0
2005-11-16,40.11946487426758,0.0
2005-11-17,40.02161407470703,0.0
2005-11-18,40.5108757019043,0.0
2005-11-21,40.11946487426758,0.0
2005-11-22,40.02161407470703,0.0
2005-11-23,40.41302490234375,0.0
2005-11-24,40.706581115722656,0.0
2005-11-25,41.09798812866211,0.0
2005-11-28,41.29369354248047,0.0
2005-11-29,40.706581115722656,0.0
2005-11-30,41.68510437011719,0.0
2005-12-01,42.17436599731445,0.0
2005-12-02,43.93570709228516,0.0
2005-12-05,44.22926330566406,0.0
2005-12-06,42.95718383789063,0.0
2005-12-07,43.7400016784668,0.0
2005-12-08,43.15288925170898,0.0
2005-12-09,42.46792221069336,0.0
2005-12-12,42.46792221069336,0.0
2005-12-13,42.56577301025391,0.0
2005-12-14,42.37007141113281,0.0
2005-12-15,42.37007141113281,0.0
2005-12-16,42.85933303833008,0.0
2005-12-19,45.79490280151367,0.0
2005-12-20,45.79490280151367,0.0
2005-12-21,45.89275360107422,0.0
2005-12-22,42.0673713684082,0.0
2005-12-23,45.59919738769531,0.0
2005-12-26,42.25027847290039,0.0
2005-12-27,45.01208114624024,0.0
2005-12-28,45.40349197387695,0.0
2005-12-29,45.79490280151367,0.0
2005-12-30,46.57772064208984,0.0
2006-01-02,43.54429626464844,0.0
2006-01-03,43.83785629272461,0.0
2006-01-04,43.44644546508789,0.0
2006-01-05,44.03356170654297,0.0
2006-01-06,43.44644546508789,0.0
2006-01-09,43.64215087890625,0.0
2006-01-10,43.7400016784668,0.0
2006-01-11,44.22926330566406,0.0
2006-01-12,45.01208114624024,0.0
2006-01-13,44.52282333374024,0.0
2006-01-16,44.13141250610352,0.0
2006-01-17,42.66362762451172,0.0
2006-01-18,40.90228271484375,0.0
2006-01-19,41.29369354248047,0.0
2006-01-20,40.5108757019043,0.0
2006-01-23,39.43449783325195,0.0
2006-01-24,40.11946487426758,0.0
2006-01-25,40.21731948852539,0.0
2006-02-03,41.29369354248047,0.0
2006-02-06,43.25074005126953,0.0
2006-02-07,42.85933303833008,0.0
2006-02-08,42.85933303833008,0.0
2006-02-09,42.66362762451172,0.0
2006-02-10,43.05503463745117,0.0
2006-02-13,43.348594665527344,0.0
2006-02-14,43.25074005126953,0.0
2006-02-15,42.37007141113281,0.0
2006-02-16,42.66362762451172,0.0
2006-02-17,42.46792221069336,0.0
2006-02-20,43.25074005126953,0.0
2006-02-21,42.37007141113281,0.0
2006-02-22,41.78295516967773,0.0
2006-02-23,41.391544342041016,0.0
2006-02-24,41.68510437011719,0.0
2006-02-27,41.29369354248047,0.0
2006-03-01,41.09798812866211,0.0
2006-03-02,41.09798812866211,0.0
2006-03-03,40.21731948852539,0.0
2006-03-06,39.82590866088867,0.0
2006-03-07,39.728057861328125,0.0
2006-03-08,39.63020324707031,0.0
2006-03-09,40.02161407470703,0.0
2006-03-10,39.92375946044922,0.0
2006-03-13,40.02161407470703,0.0
2006-03-14,39.336647033691406,0.0
2006-03-15,39.336647033691406,0.0
2006-03-16,39.14094161987305,0.0
2006-03-17,39.336647033691406,0.0
2006-03-20,39.2387924194336,0.0
2006-03-21,39.2387924194336,0.0
2006-03-22,39.14094161987305,0.0
2006-03-23,38.7495346069336,0.0
2006-03-24,39.336647033691406,0.0
2006-03-27,39.728057861328125,0.0
2006-03-28,39.336647033691406,0.0
2006-03-29,39.2387924194336,0.0
2006-03-30,39.43449783325195,0.0
2006-03-31,39.728057861328125,0.0
2006-04-03,40.31517028808594,0.0
2006-04-04,40.5108757019043,0.0
2006-04-06,40.90228271484375,0.0
2006-04-07,40.8044319152832,0.0
2006-04-10,41.29369354248047,0.0
2006-04-11,40.90228271484375,0.0
2006-04-12,41.29369354248047,0.0
2006-04-13,42.272216796875,0.0
2006-04-14,43.44644546508789,0.0
2006-04-17,44.81637954711914,0.0
2006-04-18,43.64215087890625,0.0
2006-04-19,42.761478424072266,0.0
2006-04-20,43.25074005126953,0.0
2006-04-21,42.95718383789063,0.0
2006-04-24,43.05503463745117,0.0
2006-04-25,43.93570709228516,0.0
2006-04-26,43.64215087890625,0.0
2006-04-27,43.83785629272461,0.0
2006-04-28,43.54429626464844,0.0
2006-05-02,44.13141250610352,0.0
2006-05-03,43.44644546508789,0.0
2006-05-04,44.13141250610352,0.0
2006-05-05,47.16483688354492,0.0
2006-05-08,47.360538482666016,0.0
2006-05-09,45.99060821533203,0.0
2006-05-10,47.16483688354492,0.0
2006-05-11,46.18631362915039,0.0
2006-05-12,46.7734260559082,0.0
2006-05-15,46.87127685546875,0.0
2006-05-16,45.10993576049805,0.0
2006-05-17,44.13141250610352,0.0
2006-05-18,41.15286636352539,0.0
2006-05-19,40.87850570678711,0.0
2006-05-22,42.761478424072266,0.0
2006-05-23,42.46792221069336,0.0
2006-05-24,42.761478424072266,0.0
2006-05-25,43.83785629272461,0.0
2006-05-26,44.32711791992188,0.0
2006-05-29,40.9699592590332,0.0
2006-05-30,43.83785629272461,0.0
2006-06-01,42.56577301025391,0.0
2006-06-02,43.93570709228516,0.0
2006-06-05,42.46792221069336,0.0
2006-06-06,43.05503463745117,0.0
2006-06-07,42.56577301025391,0.0
2006-06-08,41.29369354248047,0.0
2006-06-09,42.46792221069336,0.0
2006-06-12,41.48939895629883,0.0
2006-06-13,41.48939895629883,0.0
2006-06-14,43.44644546508789,0.0
2006-06-15,42.85933303833008,0.0
2006-06-16,43.348594665527344,0.0
2006-06-19,43.64215087890625,0.0
2006-06-20,42.56577301025391,0.0
2006-06-21,41.587249755859375,0.0
2006-06-22,42.85933303833008,0.0
2006-06-23,42.95718383789063,0.0
2006-06-26,43.44644546508789,0.0
2006-06-27,43.64215087890625,0.0
2006-06-28,44.03356170654297,0.0
2006-06-29,44.22926330566406,0.0
2006-06-30,44.22926330566406,0.0
2006-07-03,44.62067413330078,0.0
2006-07-04,44.81637954711914,0.0
2006-07-05,43.7400016784668,0.0
2006-07-06,43.64215087890625,0.0
2006-07-07,43.64215087890625,0.0
2006-07-10,44.03356170654297,0.0
2006-07-11,43.93570709228516,0.0
2006-07-12,43.64215087890625,0.0
2006-07-13,43.64215087890625,0.0
2006-07-14,43.05503463745117,0.0
2006-07-17,42.272216796875,0.0
2006-07-18,42.46792221069336,0.0
2006-07-19,42.66362762451172,0.0
2006-07-20,43.25074005126953,0.0
2006-07-21,42.95718383789063,0.0
2006-07-24,42.85933303833008,0.0
2006-07-25,42.761478424072266,0.0
2006-07-26,39.96399688720703,0.0
2006-07-27,40.42124176025391,0.0
2006-07-28,43.348594665527344,0.0
2006-07-31,43.44644546508789,0.0
2006-08-01,43.64215087890625,0.0
2006-08-02,43.348594665527344,0.0
2006-08-03,43.348594665527344,0.0
2006-08-04,42.85933303833008,0.0
2006-08-07,42.272216796875,0.0
2006-08-08,42.85933303833008,0.0
2006-08-09,43.15288925170898,0.0
2006-08-10,43.25074005126953,0.0
2006-08-11,43.44644546508789,0.0
2006-08-14,40.414981842041016,3.769273
2006-08-15,40.414981842041016,0.0
2006-08-16,40.414981842041016,0.0
2006-08-17,40.310279846191406,0.0
2006-08-18,40.51968383789063,0.0
2006-08-21,39.99617385864258,0.0
2006-08-22,39.99617385864258,0.0
2006-08-23,39.367958068847656,0.0
2006-08-24,39.367958068847656,0.0
2006-08-25,38.94915008544922,0.0
2006-08-28,38.21623611450195,0.0
2006-08-29,38.32093811035156,0.0
2006-08-30,38.73974609375,0.0
2006-08-31,38.21623611450195,0.0
2006-09-01,37.16921615600586,0.0
2006-09-04,36.64570617675781,0.0
2006-09-05,36.64570617675781,0.0
2006-09-06,36.226898193359375,0.0
2006-09-07,36.226898193359375,0.0
2006-09-08,36.436302185058594,0.0
2006-09-11,36.64570617675781,0.0
2006-09-12,36.64570617675781,0.0
2006-09-13,36.64570617675781,0.0
2006-09-14,36.436302185058594,0.0
2006-09-15,36.122196197509766,0.0
2006-09-18,36.95981216430664,0.0
2006-09-19,37.16921615600586,0.0
2006-09-20,37.69272613525391,0.0
2006-09-21,37.902130126953125,0.0
2006-09-22,37.69272613525391,0.0
2006-09-25,37.79742813110352,0.0
2006-09-26,38.11153411865234,0.0
2006-09-27,39.05385208129883,0.0
2006-09-28,38.84444808959961,0.0
2006-09-29,39.47266006469727,0.0
2006-10-02,39.78676986694336,0.0
2006-10-03,39.68206787109375,0.0
2006-10-04,39.367958068847656,0.0
2006-10-05,39.57736587524414,0.0
2006-10-09,39.57736587524414,0.0
2006-10-11,39.78676986694336,0.0
2006-10-12,39.78676986694336,0.0
2006-10-13,40.62438583374024,0.0
2006-10-16,41.04319381713867,0.0
2006-10-17,39.78676986694336,0.0
2006-10-18,39.99617385864258,0.0
2006-10-19,39.367958068847656,0.0
2006-10-20,39.47266006469727,0.0
2006-10-23,39.78676986694336,0.0
2006-10-24,39.78676986694336,0.0
2006-10-25,39.99617385864258,0.0
2006-10-26,40.2055778503418,0.0
2006-10-27,40.2055778503418,0.0
2006-10-30,39.78676986694336,0.0
2006-10-31,39.99617385864258,0.0
2006-11-01,38.94915008544922,0.0
2006-11-02,38.21623611450195,0.0
2006-11-03,38.73974609375,0.0
2006-11-06,38.53034210205078,0.0
2006-11-07,37.902130126953125,0.0
2006-11-08,37.5880241394043,0.0
2006-11-09,38.53034210205078,0.0
2006-11-10,38.53034210205078,0.0
2006-11-13,39.05385208129883,0.0
2006-11-14,39.05385208129883,0.0
2006-11-15,38.42564010620117,0.0
2006-11-16,38.84444808959961,0.0
2006-11-17,38.11153411865234,0.0
2006-11-20,37.69272613525391,0.0
2006-11-21,37.902130126953125,0.0
2006-11-22,37.69272613525391,0.0
2006-11-23,38.11153411865234,0.0
2006-11-24,38.32093811035156,0.0
2006-11-27,40.2055778503418,0.0
2006-11-28,40.414981842041016,0.0
2006-11-29,39.78676986694336,0.0
2006-11-30,39.99617385864258,0.0
2006-12-01,40.83378982543945,0.0
2006-12-04,41.04319381713867,0.0
2006-12-05,40.2055778503418,0.0
2006-12-06,40.310279846191406,0.0
2006-12-07,40.10087585449219,0.0
2006-12-08,40.310279846191406,0.0
2006-12-11,39.68206787109375,0.0
2006-12-12,38.94915008544922,0.0
2006-12-13,38.73974609375,0.0
2006-12-14,39.05385208129883,0.0
2006-12-15,39.26325607299805,0.0
2006-12-18,39.26325607299805,0.0
2006-12-19,39.05385208129883,0.0
2006-12-20,39.15855407714844,0.0
2006-12-21,38.94915008544922,0.0
2006-12-22,38.84444808959961,0.0
2006-12-25,38.94915008544922,0.0
2006-12-26,39.47266006469727,0.0
2006-12-27,39.15855407714844,0.0
2006-12-28,39.15855407714844,0.0
2006-12-29,39.47266006469727,0.0
2007-01-02,39.99617385864258,0.0
2007-01-03,39.78676986694336,0.0
2007-01-04,39.57736587524414,0.0
2007-01-05,39.05385208129883,0.0
2007-01-08,38.53034210205078,0.0
2007-01-09,38.94915008544922,0.0
2007-01-10,38.94915008544922,0.0
2007-01-11,39.26325607299805,0.0
2007-01-12,39.68206787109375,0.0
2007-01-15,39.367958068847656,0.0
2007-01-16,39.15855407714844,0.0
2007-01-17,39.367958068847656,0.0
2007-01-18,39.57736587524414,0.0
2007-01-19,40.10087585449219,0.0
2007-01-22,39.99617385864258,0.0
2007-01-23,39.68206787109375,0.0
2007-01-24,39.57736587524414,0.0
2007-01-25,39.47266006469727,0.0
2007-01-26,39.15855407714844,0.0
2007-01-29,38.73974609375,0.0
2007-01-30,38.32093811035156,0.0
2007-01-31,38.32093811035156,0.0
2007-02-01,38.63504409790039,0.0
2007-02-02,39.26325607299805,0.0
2007-02-05,41.46200180053711,0.0
2007-02-06,44.28895568847656,0.0
2007-02-07,45.23127365112305,0.0
2007-02-08,44.81246566772461,0.0
2007-02-09,44.81246566772461,0.0
2007-02-12,43.870147705078125,0.0
2007-02-13,44.60306167602539,0.0
2007-02-14,44.49835968017578,0.0
2007-02-26,45.335975646972656,0.0
2007-02-27,45.02186965942383,0.0
2007-03-01,43.660743713378906,0.0
2007-03-02,42.92782974243164,0.0
2007-03-05,40.83378982543945,0.0
2007-03-06,41.14789581298828,0.0
2007-03-07,43.97484970092773,0.0
2007-03-08,44.39365768432617,0.0
2007-03-09,44.60306167602539,0.0
2007-03-12,43.660743713378906,0.0
2007-03-13,44.91716766357422,0.0
2007-03-14,44.18425369262695,0.0
2007-03-15,44.49835968017578,0.0
2007-03-16,44.707763671875,0.0
2007-03-19,44.60306167602539,0.0
2007-03-20,44.81246566772461,0.0
2007-03-21,44.81246566772461,0.0
2007-03-22,45.02186965942383,0.0
2007-03-23,44.91716766357422,0.0
2007-03-26,45.02186965942383,0.0
2007-03-27,44.81246566772461,0.0
2007-03-28,44.28895568847656,0.0
2007-03-29,43.870147705078125,0.0
2007-03-30,44.18425369262695,0.0
2007-04-02,43.870147705078125,0.0
2007-04-03,43.97484970092773,0.0
2007-04-04,44.81246566772461,0.0
2007-04-09,44.39365768432617,0.0
2007-04-10,45.75478363037109,0.0
2007-04-11,45.96418762207031,0.0
2007-04-12,45.65008163452149,0.0
2007-04-13,45.02186965942383,0.0
2007-04-16,46.38299560546875,0.0
2007-04-17,45.75478363037109,0.0
2007-04-18,45.96418762207031,0.0
2007-04-19,45.65008163452149,0.0
2007-04-20,45.12657165527344,0.0
2007-04-23,45.02186965942383,0.0
2007-04-24,44.81246566772461,0.0
2007-04-25,43.76544570922852,0.0
2007-04-26,43.97484970092773,0.0
2007-04-27,43.97484970092773,0.0
2007-04-30,42.82312774658203,0.0
2007-05-02,42.299617767333984,0.0
2007-05-03,41.88080978393555,0.0
2007-05-04,43.03253173828125,0.0
2007-05-07,43.76544570922852,0.0
2007-05-08,43.5560417175293,0.0
2007-05-09,42.92782974243164,0.0
2007-05-10,42.92782974243164,0.0
2007-05-11,42.92782974243164,0.0
2007-05-14,41.88080978393555,0.0
2007-05-15,41.77610778808594,0.0
2007-05-16,41.46200180053711,0.0
2007-05-17,41.88080978393555,0.0
2007-05-18,42.194915771484375,0.0
2007-05-21,43.5560417175293,0.0
2007-05-22,45.12657165527344,0.0
2007-05-23,44.91716766357422,0.0
2007-05-24,44.91716766357422,0.0
2007-05-25,43.870147705078125,0.0
2007-05-28,43.45133972167969,0.0
2007-05-29,43.870147705078125,0.0
2007-05-30,42.92782974243164,0.0
2007-05-31,43.24193572998047,0.0
2007-06-01,43.45133972167969,0.0
2007-06-04,43.76544570922852,0.0
2007-06-05,43.97484970092773,0.0
2007-06-06,43.660743713378906,0.0
2007-06-07,43.13723373413086,0.0
2007-06-08,42.71842575073242,0.0
2007-06-11,42.92782974243164,0.0
2007-06-12,42.92782974243164,0.0
2007-06-13,42.71842575073242,0.0
2007-06-14,43.13723373413086,0.0
2007-06-15,43.24193572998047,0.0
2007-06-20,44.28895568847656,0.0
2007-06-21,44.49835968017578,0.0
2007-06-22,44.39365768432617,0.0
2007-06-25,43.76544570922852,0.0
2007-06-26,43.5560417175293,0.0
2007-06-27,43.76544570922852,0.0
2007-06-28,45.75478363037109,0.0
2007-06-29,45.54537963867188,0.0
2007-07-02,45.02186965942383,0.0
2007-07-03,45.65008163452149,0.0
2007-07-04,46.06888961791992,0.0
2007-07-05,46.17359161376953,0.0
2007-07-06,45.65008163452149,0.0
2007-07-09,47.84882354736328,0.0
2007-07-10,47.84882354736328,0.0
2007-07-11,46.38299560546875,0.0
2007-07-12,46.17359161376953,0.0
2007-07-13,47.325313568115234,0.0
2007-07-16,47.74412155151367,0.0
2007-07-17,48.37233352661133,0.0
2007-07-18,50.675777435302734,0.0
2007-07-19,48.791141510009766,0.0
2007-07-20,49.83816146850586,0.0
2007-07-23,49.73345947265625,0.0
2007-07-24,50.04756546020508,0.0
2007-07-25,50.46637344360352,0.0
2007-07-26,50.2569694519043,0.0
2007-07-27,46.80180358886719,0.0
2007-07-30,44.39365768432617,0.0
2007-07-31,46.80180358886719,0.628097
2007-08-01,47.84882354736328,0.0
2007-08-02,47.74412155151367,0.0
2007-08-03,49.41935348510742,0.0
2007-08-06,48.68643951416016,0.0
2007-08-07,48.16292953491211,0.0
2007-08-08,47.74412155151367,0.0
2007-08-09,48.16292953491211,0.0
2007-08-10,45.75478363037109,0.0
2007-08-13,46.48769760131836,0.0
2007-08-14,46.38299560546875,0.0
2007-08-15,43.34663772583008,0.0
2007-08-16,40.72908782958984,0.0
2007-08-17,40.51968383789063,0.0
2007-08-20,41.98551177978516,0.0
2007-08-21,41.46200180053711,0.0
2007-08-22,41.46200180053711,0.0
2007-08-23,42.92782974243164,0.0
2007-08-24,43.5560417175293,0.0
2007-08-27,43.76544570922852,0.0
2007-08-28,43.97484970092773,0.0
2007-08-29,43.45133972167969,0.0
2007-08-30,44.81246566772461,0.0
2007-08-31,44.81246566772461,0.0
2007-09-03,44.079551696777344,0.0
2007-09-04,45.440677642822266,0.0
2007-09-05,45.12657165527344,0.0
2007-09-06,48.26763153076172,0.0
2007-09-07,50.46637344360352,0.0
2007-09-10,48.791141510009766,0.0
2007-09-11,48.791141510009766,0.0
2007-09-12,48.58173751831055,0.0
2007-09-13,48.16292953491211,0.0
2007-09-14,49.00054550170898,0.0
2007-09-17,48.791141510009766,0.0
2007-09-18,48.791141510009766,0.0
2007-09-19,50.88518142700195,0.0
2007-09-20,53.6074333190918,0.0
2007-09-21,53.816837310791016,0.0
2007-09-26,57.481407165527344,0.0
2007-09-27,57.481407165527344,0.0
2007-09-28,59.15663909912109,0.0
2007-10-01,61.774192810058594,0.0
2007-10-02,66.06697845458984,0.0
2007-10-03,66.06697845458984,0.0
2007-10-04,64.07763671875,0.0
2007-10-05,67.00929260253906,0.0
2007-10-08,69.10333251953125,0.0
2007-10-09,67.00929260253906,0.0
2007-10-11,68.68452453613281,0.0
2007-10-12,69.52214050292969,0.0
2007-10-15,70.045654296875,0.0
2007-10-16,69.31273651123047,0.0
2007-10-17,68.05631256103516,0.0
2007-10-18,70.25505828857422,0.0
2007-10-19,68.9986343383789,0.0
2007-10-22,64.28704071044922,0.0
2007-10-23,63.86823272705078,0.0
2007-10-24,63.86823272705078,0.0
2007-10-25,63.13531875610352,0.0
2007-10-26,62.71651077270508,0.0
2007-10-29,67.00929260253906,0.0
2007-10-30,67.00929260253906,0.0
2007-10-31,66.3810806274414,0.0
2007-11-01,64.49644470214844,0.0
2007-11-02,59.994258880615234,0.0
2007-11-05,60.41306686401367,0.0
2007-11-06,61.66949081420898,0.0
2007-11-07,61.66949081420898,0.0
2007-11-08,57.37670516967773,0.0
2007-11-09,57.37670516967773,0.0
2007-11-12,56.01557922363281,0.0
2007-11-13,56.22498321533203,0.0
2007-11-14,60.09896087646485,0.0
2007-11-15,61.460086822509766,0.0
2007-11-16,59.994258880615234,0.0
2007-11-19,59.47074890136719,0.0
2007-11-20,57.58610916137695,0.0
2007-11-21,55.492069244384766,0.0
2007-11-22,56.32968521118164,0.0
2007-11-23,52.5604133605957,0.0
2007-11-26,53.18862533569336,0.0
2007-11-27,52.24630737304688,0.0
2007-11-28,50.78047943115234,0.0
2007-11-29,54.23564529418945,0.0
2007-11-30,58.00491714477539,0.0
2007-12-03,58.52842712402344,0.0
2007-12-04,57.062599182128906,0.0
2007-12-05,57.58610916137695,0.0
2007-12-06,57.58610916137695,0.0
2007-12-07,57.69081115722656,0.0
2007-12-10,58.842533111572266,0.0
2007-12-11,58.21432113647461,0.0
2007-12-12,57.062599182128906,0.0
2007-12-13,55.9108772277832,0.0
2007-12-14,54.02624130249024,0.0
2007-12-17,52.14160537719727,0.0
2007-12-18,52.14160537719727,0.0
2007-12-19,55.701473236083984,0.0
2007-12-20,54.13094329833984,0.0
2007-12-21,55.701473236083984,0.0
2007-12-24,55.9108772277832,0.0
2007-12-25,55.701473236083984,0.0
2007-12-26,56.74849319458008,0.0
2007-12-27,58.42372512817383,0.0
2007-12-28,59.2613410949707,0.0
2007-12-31,61.98359680175781,0.0
2008-01-02,60.30836486816406,0.0
2008-01-03,61.98359680175781,0.0
2008-01-04,63.55412673950195,0.0
2008-01-07,59.784854888916016,0.0
2008-01-08,63.86823272705078,0.0
2008-01-09,63.03061676025391,0.0
2008-01-10,66.06697845458984,0.0
2008-01-11,62.50710678100586,0.0
2008-01-14,65.75286865234375,0.0
2008-01-15,66.79988861083984,0.0
2008-01-16,62.19300079345703,0.0
2008-01-17,59.47074890136719,0.0
2008-01-18,56.64379119873047,0.0
2008-01-21,58.00491714477539,0.0
2008-01-22,54.02624130249024,0.0
2008-01-23,50.2569694519043,0.0
2008-01-24,49.83816146850586,0.0
2008-01-25,49.2099494934082,0.0
2008-01-28,47.011207580566406,0.0
2008-01-29,49.105247497558594,0.0
2008-01-30,50.2569694519043,0.0
2008-01-31,49.83816146850586,0.0
2008-02-01,50.36167144775391,0.0
2008-02-12,51.51339340209961,0.0
2008-02-13,50.675777435302734,0.0
2008-02-14,52.036903381347656,0.0
2008-02-15,52.35100936889648,0.0
2008-02-18,53.6074333190918,0.0
2008-02-19,54.7591552734375,0.0
2008-02-20,51.19928741455078,0.0
2008-02-21,52.35100936889648,0.0
2008-02-22,51.51339340209961,0.0
2008-02-25,53.50273132324219,0.0
2008-02-26,52.76981735229492,0.0
2008-02-27,53.39802932739258,0.0
2008-02-29,54.44504928588867,0.0
2008-03-03,54.13094329833984,0.0
2008-03-04,55.9108772277832,0.0
2008-03-05,58.52842712402344,0.0
2008-03-06,57.16730117797852,0.0
2008-03-07,56.12028121948242,0.0
2008-03-10,54.02624130249024,0.0
2008-03-11,54.96855926513672,0.0
2008-03-12,55.701473236083984,0.0
2008-03-13,54.86385726928711,0.0
2008-03-14,54.02624130249024,0.0
2008-03-17,54.02624130249024,0.0
2008-03-18,57.16730117797852,0.0
2008-03-19,58.63312911987305,0.0
2008-03-20,62.61180877685547,0.0
2008-03-21,61.460086822509766,0.0
2008-03-24,62.82121276855469,0.0
2008-03-25,60.09896087646485,0.0
2008-03-26,61.14598083496094,0.0
2008-03-27,59.5754508972168,0.0
2008-03-28,63.240020751953125,0.0
2008-03-31,62.82121276855469,0.0
2008-04-01,60.7271728515625,0.0
2008-04-02,60.7271728515625,0.0
2008-04-03,59.36604690551758,0.0
2008-04-07,62.82121276855469,0.0
2008-04-08,62.71651077270508,0.0
2008-04-09,64.91525268554688,0.0
2008-04-10,64.28704071044922,0.0
2008-04-11,65.54346466064453,0.0
2008-04-14,67.00929260253906,0.0
2008-04-15,64.70584869384766,0.0
2008-04-16,65.54346466064453,0.0
2008-04-17,62.82121276855469,0.0
2008-04-18,62.40240478515625,0.0
2008-04-21,63.44942474365234,0.0
2008-04-22,62.50710678100586,0.0
2008-04-23,62.82121276855469,0.0
2008-04-24,62.61180877685547,0.0
2008-04-25,60.7271728515625,0.0
2008-04-28,61.774192810058594,0.0
2008-04-29,59.889556884765625,0.0
2008-04-30,60.83187484741211,0.0
2008-05-02,58.842533111572266,0.0
2008-05-05,58.21432113647461,0.0
2008-05-06,58.31902313232422,0.0
2008-05-07,59.2613410949707,0.0
2008-05-08,59.36604690551758,0.0
2008-05-09,58.737831115722656,0.0
2008-05-12,58.842533111572266,0.0
2008-05-13,60.09896087646485,0.0
2008-05-14,60.20366287231445,0.0
2008-05-15,62.71651077270508,0.0
2008-05-16,63.240020751953125,0.0
2008-05-19,62.61180877685547,0.0
2008-05-20,60.30836486816406,0.0
2008-05-21,60.09896087646485,0.0
2008-05-22,59.994258880615234,0.0
2008-05-23,58.842533111572266,0.0
2008-05-26,59.994258880615234,0.0
2008-05-27,60.09896087646485,0.0
2008-05-28,58.63312911987305,0.0
2008-05-29,57.481407165527344,0.0
2008-05-30,56.01557922363281,0.0
2008-06-02,57.062599182128906,0.0
2008-06-03,56.74849319458008,0.0
2008-06-04,57.90021514892578,0.0
2008-06-05,58.21432113647461,0.0
2008-06-06,58.31902313232422,0.0
2008-06-09,57.90021514892578,0.0
2008-06-10,57.16730117797852,0.0
2008-06-11,53.18862533569336,0.0
2008-06-12,53.816837310791016,0.0
2008-06-13,53.18862533569336,0.0
2008-06-16,53.6074333190918,0.0
2008-06-17,53.6074333190918,0.0
2008-06-18,53.816837310791016,0.0
2008-06-19,52.76981735229492,0.0
2008-06-20,51.51339340209961,0.0
2008-06-23,51.93220138549805,0.0
2008-06-24,52.036903381347656,0.0
2008-06-25,52.35100936889648,0.0
2008-06-26,52.35100936889648,0.0
2008-06-27,51.30398941040039,0.0
2008-06-30,50.46637344360352,0.0
2008-07-01,47.115909576416016,0.0
2008-07-02,47.115909576416016,0.0
2008-07-03,48.16292953491211,0.0
2008-07-04,48.26763153076172,0.0
2008-07-07,48.16292953491211,0.0
2008-07-08,47.325313568115234,0.0
2008-07-09,46.06888961791992,0.0
2008-07-10,47.74412155151367,0.0
2008-07-11,49.52405548095703,0.0
2008-07-14,47.95352554321289,0.0
2008-07-15,44.60306167602539,0.0
2008-07-16,41.56670379638672,0.0
2008-07-17,43.13723373413086,0.0
2008-07-18,41.04319381713867,0.0
2008-07-21,42.61372375488281,0.0
2008-07-22,42.5090217590332,0.0
2008-07-23,45.440677642822266,0.0
2008-07-24,46.06888961791992,0.0
2008-07-25,47.011207580566406,0.0
2008-07-28,47.011207580566406,0.0
2008-07-29,46.48769760131836,0.0
2008-07-30,42.92782974243164,3.558403
2008-07-31,41.88080978393555,0.0
2008-08-01,41.56670379638672,0.0
2008-08-04,41.67140579223633,0.0
2008-08-05,41.67140579223633,0.0
2008-08-06,42.92782974243164,0.0
2008-08-07,43.34663772583008,0.0
2008-08-08,42.92782974243164,0.0
2008-08-11,42.82312774658203,0.0
2008-08-12,41.67140579223633,0.0
2008-08-13,42.090213775634766,0.0
2008-08-14,42.299617767333984,0.0
2008-08-15,42.5090217590332,0.0
2008-08-18,41.46200180053711,0.0
2008-08-19,40.62438583374024,0.0
2008-08-20,39.15855407714844,0.0
2008-08-21,37.69272613525391,0.0
2008-08-22,37.902130126953125,0.0
2008-08-25,38.63504409790039,0.0
2008-08-26,38.63504409790039,0.0
2008-08-27,38.63504409790039,0.0
2008-08-28,38.84444808959961,0.0
2008-08-29,37.69272613525391,0.0
2008-09-01,36.64570617675781,0.0
2008-09-02,35.70338821411133,0.0
2008-09-03,33.71405029296875,0.0
2008-09-04,32.876434326171875,0.0
2008-09-05,32.24822235107422,0.0
2008-09-08,34.446964263916016,0.0
2008-09-09,33.81875228881836,0.0
2008-09-10,34.761070251464844,0.0
2008-09-11,33.71405029296875,0.0
2008-09-12,34.761070251464844,0.0
2008-09-15,33.71405029296875,0.0
2008-09-16,31.410606384277344,0.0
2008-09-17,31.410606384277344,0.0
2008-09-18,29.316564559936523,0.0
2008-09-19,31.30590438842773,0.0
2008-09-22,33.39994430541992,0.0
2008-09-23,34.2375602722168,0.0
2008-09-24,34.2375602722168,0.0
2008-09-25,33.50464630126953,0.0
2008-09-26,31.62001037597656,0.0
2008-09-29,31.62001037597656,0.0
2008-09-30,29.94477844238281,0.0
2008-10-01,31.09650039672852,0.0
2008-10-02,30.15418243408203,0.0
2008-10-03,31.09650039672852,0.0
2008-10-06,29.94477844238281,0.0
2008-10-07,30.782394409179688,0.0
2008-10-08,29.421266555786133,0.0
2008-10-09,30.782394409179688,0.0
2008-10-13,29.7353744506836,0.0
2008-10-14,31.410606384277344,0.0
2008-10-15,30.57299041748047,0.0
2008-10-16,29.7353744506836,0.0
2008-10-17,29.525968551635746,0.0
2008-10-20,29.525968551635746,0.0
2008-10-21,30.991798400878903,0.0
2008-10-22,30.991798400878903,0.0
2008-10-23,29.94477844238281,0.0
2008-10-24,28.89775657653809,0.0
2008-10-27,29.107160568237305,0.0
2008-10-28,29.107160568237305,0.0
2008-10-29,31.09650039672852,0.0
2008-10-30,33.1905403137207,0.0
2008-10-31,35.49398422241211,0.0
2008-11-03,37.69272613525391,0.0
2008-11-04,37.48332214355469,0.0
2008-11-05,34.97047424316406,0.0
2008-11-06,35.59868621826172,0.0
2008-11-07,37.69272613525391,0.0
2008-11-10,37.48332214355469,0.0
2008-11-11,36.122196197509766,0.0
2008-11-12,36.122196197509766,0.0
2008-11-13,36.122196197509766,0.0
2008-11-14,36.122196197509766,0.0
2008-11-17,35.3892822265625,0.0
2008-11-18,35.3892822265625,0.0
2008-11-19,35.3892822265625,0.0
2008-11-20,33.71405029296875,0.0
2008-11-21,33.71405029296875,0.0
2008-11-24,33.71405029296875,0.0
2008-11-25,33.71405029296875,0.0
2008-11-26,33.71405029296875,0.0
2008-11-27,34.656368255615234,0.0
2008-11-28,34.13285827636719,0.0
2008-12-01,35.28458023071289,0.0
2008-12-02,35.07517623901367,0.0
2008-12-03,34.97047424316406,0.0
2008-12-04,34.551666259765625,0.0
2008-12-05,33.39994430541992,0.0
2008-12-08,33.81875228881836,0.0
2008-12-09,33.085838317871094,0.0
2008-12-10,34.551666259765625,0.0
2008-12-11,33.92345428466797,0.0
2008-12-12,33.50464630126953,0.0
2008-12-15,33.71405029296875,0.0
2008-12-16,33.60934829711914,0.0
2008-12-17,32.876434326171875,0.0
2008-12-18,32.56232833862305,0.0
2008-12-19,32.45762634277344,0.0
2008-12-22,32.56232833862305,0.0
2008-12-23,30.67769241333008,0.0
2008-12-24,30.887096405029297,0.0
2008-12-25,31.72471237182617,0.0
2008-12-26,31.72471237182617,0.0
2008-12-29,32.45762634277344,0.0
2008-12-30,32.56232833862305,0.0
2008-12-31,32.35292434692383,0.0
2009-01-02,32.35292434692383,0.0
2009-01-05,31.62001037597656,0.0
2009-01-06,32.667030334472656,0.0
2009-01-07,32.45762634277344,0.0
2009-01-08,30.991798400878903,0.0
2009-01-09,31.62001037597656,0.0
2009-01-12,30.67769241333008,0.0
2009-01-13,31.09650039672852,0.0
2009-01-14,30.887096405029297,0.0
2009-01-15,29.840076446533203,0.0
2009-01-16,29.840076446533203,0.0
2009-01-19,29.421266555786133,0.0
2009-01-20,28.06014060974121,0.0
2009-01-21,28.06014060974121,0.0
2009-02-02,27.850736618041992,0.0
2009-02-03,28.37424659729004,0.0
2009-02-04,27.850736618041992,0.0
2009-02-05,28.79305458068848,0.0
2009-02-06,28.47894859313965,0.0
2009-02-09,27.641332626342773,0.0
2009-02-10,28.16484260559082,0.0
2009-02-11,27.536630630493164,0.0
2009-02-12,27.431928634643555,0.0
2009-02-13,28.06014060974121,0.0
2009-02-16,27.9554386138916,0.0
2009-02-17,27.850736618041992,0.0
2009-02-18,27.746034622192383,0.0
2009-02-19,27.9554386138916,0.0
2009-02-20,27.431928634643555,0.0
2009-02-23,27.431928634643555,0.0
2009-02-24,27.431928634643555,0.0
2009-02-25,27.536630630493164,0.0
2009-02-26,27.536630630493164,0.0
2009-02-27,27.850736618041992,0.0
2009-03-02,27.117822647094727,0.0
2009-03-03,26.28020668029785,0.0
2009-03-04,26.38490867614746,0.0
2009-03-05,27.117822647094727,0.0
2009-03-06,27.01312065124512,0.0
2009-03-09,28.79305458068848,0.0
2009-03-10,29.316564559936523,0.0
2009-03-11,28.79305458068848,0.0
2009-03-12,28.47894859313965,0.0
2009-03-13,29.21186256408692,0.0
2009-03-16,29.7353744506836,0.0
2009-03-17,29.421266555786133,0.0
2009-03-18,29.316564559936523,0.0
2009-03-19,29.94477844238281,0.0
2009-03-20,30.15418243408203,0.0
2009-03-23,30.36358642578125,0.0
2009-03-24,32.45762634277344,0.0
2009-03-25,32.24822235107422,0.0
2009-03-26,32.14352035522461,0.0
2009-03-27,32.35292434692383,0.0
2009-03-30,30.15418243408203,0.0
2009-03-31,29.840076446533203,0.0
2009-04-02,32.876434326171875,0.0
2009-04-03,32.876434326171875,0.0
2009-04-06,32.876434326171875,0.0
2009-04-07,35.07517623901367,0.0
2009-04-08,33.50464630126953,0.0
2009-04-09,34.446964263916016,0.0
2009-04-10,34.86577224731445,0.0
2009-04-13,36.01749420166016,0.0
2009-04-14,37.06451416015625,0.0
2009-04-15,38.63504409790039,0.0
2009-04-16,40.2055778503418,0.0
2009-04-17,38.53034210205078,0.0
2009-04-20,37.16921615600586,0.0
2009-04-21,37.37862014770508,0.0
2009-04-22,36.226898193359375,0.0
2009-04-23,36.01749420166016,0.0
2009-04-24,37.06451416015625,0.0
2009-04-27,34.656368255615234,0.0
2009-04-28,32.24822235107422,0.0
2009-04-29,32.35292434692383,0.0
2009-04-30,34.551666259765625,0.0
2009-05-04,36.95981216430664,0.0
2009-05-05,37.48332214355469,0.0
2009-05-06,40.10087585449219,0.0
2009-05-07,38.63504409790039,0.0
2009-05-08,38.21623611450195,0.0
2009-05-11,38.73974609375,0.0
2009-05-12,36.436302185058594,0.0
2009-05-13,35.70338821411133,0.0
2009-05-14,34.2375602722168,0.0
2009-05-15,34.551666259765625,0.0
2009-05-18,36.95981216430664,0.0
2009-05-19,36.85511016845703,0.0
2009-05-20,37.37862014770508,0.0
2009-05-21,37.69272613525391,0.0
2009-05-22,36.75040817260742,0.0
2009-05-25,39.26325607299805,0.0
2009-05-26,38.32093811035156,0.0
2009-05-27,39.78676986694336,0.0
2009-06-01,40.414981842041016,0.0
2009-06-02,42.5090217590332,0.0
2009-06-03,41.98551177978516,0.0
2009-06-04,39.05385208129883,0.0
2009-06-05,39.15855407714844,0.0
2009-06-08,38.32093811035156,0.0
2009-06-09,36.226898193359375,0.0
2009-06-10,36.01749420166016,0.0
2009-06-11,36.64570617675781,0.0
2009-06-12,35.59868621826172,0.0
2009-06-15,34.02815628051758,0.0
2009-06-16,34.551666259765625,0.0
2009-06-17,34.2375602722168,0.0
2009-06-18,32.667030334472656,0.0
2009-06-19,33.50464630126953,0.0
2009-06-22,34.13285827636719,0.0
2009-06-23,33.1905403137207,0.0
2009-06-24,33.92345428466797,0.0
2009-06-25,34.761070251464844,0.0
2009-06-26,34.761070251464844,0.0
2009-06-29,34.342262268066406,0.0
2009-06-30,34.2375602722168,0.0
2009-07-01,34.551666259765625,0.0
2009-07-02,35.28458023071289,0.0
2009-07-03,35.07517623901367,0.0
2009-07-06,37.48332214355469,0.0
2009-07-07,37.27391815185547,0.0
2009-07-08,36.01749420166016,0.0
2009-07-09,37.37862014770508,0.0
2009-07-10,37.27391815185547,0.0
2009-07-13,36.122196197509766,0.0
2009-07-14,36.85511016845703,0.0
2009-07-15,38.63504409790039,0.0
2009-07-16,38.11153411865234,0.0
2009-07-17,39.26325607299805,0.0
2009-07-20,38.73974609375,0.0
2009-07-21,39.89147186279297,0.0
2009-07-22,40.83378982543945,0.0
2009-07-23,40.10087585449219,0.0
2009-07-24,42.090213775634766,0.0
2009-07-27,41.56670379638672,0.0
2009-07-28,41.88080978393555,0.0
2009-07-29,42.090213775634766,0.0
2009-07-30,41.25259780883789,0.0
2009-07-31,41.88080978393555,0.0
2009-08-03,41.67140579223633,0.0
2009-08-04,44.49835968017578,0.0
2009-08-05,44.079551696777344,0.0
2009-08-06,43.45133972167969,0.0
2009-08-07,43.45133972167969,0.0
2009-08-10,42.5090217590332,0.0
2009-08-11,41.46200180053711,0.0
2009-08-12,41.04319381713867,0.0
2009-08-13,42.299617767333984,0.0
2009-08-14,44.49835968017578,0.0
2009-08-17,43.97484970092773,0.0
2009-08-18,43.97484970092773,0.0
2009-08-19,43.97484970092773,0.0
2009-08-20,42.92782974243164,0.0
2009-08-21,42.090213775634766,0.0
2009-08-24,42.5090217590332,0.0
2009-08-25,43.03253173828125,0.0
2009-08-26,42.299617767333984,0.0
2009-08-27,41.88080978393555,0.0
2009-08-28,41.88080978393555,0.0
2009-08-31,41.67140579223633,0.0
2009-09-01,41.25259780883789,0.0
2009-09-02,41.25259780883789,0.0
2009-09-03,42.5090217590332,0.0
2009-09-04,41.98551177978516,0.0
2009-09-07,41.88080978393555,0.0
2009-09-08,43.34663772583008,0.0
2009-09-09,43.13723373413086,0.0
2009-09-10,42.92782974243164,0.0
2009-09-11,42.61372375488281,0.0
2009-09-14,41.14789581298828,0.0
2009-09-15,42.194915771484375,0.0
2009-09-16,42.5090217590332,0.0
2009-09-17,43.76544570922852,0.0
2009-09-18,42.71842575073242,0.0
2009-09-21,42.299617767333984,0.0
2009-09-22,42.4043197631836,0.0
2009-09-23,39.99617385864258,0.0
2009-09-24,39.367958068847656,0.0
2009-09-25,38.94915008544922,0.0
2009-09-28,39.15855407714844,0.0
2009-09-29,39.57736587524414,0.0
2009-09-30,38.73974609375,0.0
2009-10-01,38.11153411865234,0.0
2009-10-02,36.226898193359375,0.0
2009-10-05,35.91279220581055,0.0
2009-10-06,36.85511016845703,0.0
2009-10-07,38.11153411865234,0.0
2009-10-08,37.48332214355469,0.0
2009-10-09,38.006832122802734,0.0
2009-10-12,38.11153411865234,0.0
2009-10-13,37.79742813110352,0.0
2009-10-14,37.79742813110352,0.0
2009-10-15,37.69272613525391,0.0
2009-10-16,37.902130126953125,0.0
2009-10-19,37.48332214355469,0.0
2009-10-20,37.48332214355469,0.0
2009-10-21,36.64570617675781,0.0
2009-10-22,35.49398422241211,0.0
2009-10-23,35.80809020996094,0.0
2009-10-26,35.91279220581055,0.0
2009-10-27,35.80809020996094,0.0
2009-10-28,35.80809020996094,0.0
2009-10-29,35.07517623901367,0.0
2009-10-30,34.86577224731445,0.0
2009-11-02,33.92345428466797,0.0
2009-11-03,33.71405029296875,0.0
2009-11-04,34.13285827636719,0.0
2009-11-05,33.92345428466797,0.0
2009-11-06,34.446964263916016,0.0
2009-11-09,34.446964263916016,0.0
2009-11-10,34.97047424316406,0.0
2009-11-11,35.3892822265625,0.0
2009-11-12,35.59868621826172,0.0
2009-11-13,35.17987823486328,0.0
2009-11-16,36.5410041809082,0.0
2009-11-17,36.01749420166016,0.0
2009-11-18,35.80809020996094,0.0
2009-11-19,36.226898193359375,0.0
2009-11-20,36.122196197509766,0.0
2009-11-23,36.226898193359375,0.0
2009-11-24,35.59868621826172,0.0
2009-11-25,35.91279220581055,0.0
2009-11-26,35.49398422241211,0.0
2009-11-27,33.92345428466797,0.0
2009-11-30,34.656368255615234,0.0
2009-12-01,34.02815628051758,0.0
2009-12-02,34.551666259765625,0.0
2009-12-03,34.2375602722168,0.0
2009-12-04,34.13285827636719,0.0
2009-12-07,35.49398422241211,0.0
2009-12-08,35.07517623901367,0.0
2009-12-09,35.07517623901367,0.0
2009-12-10,34.551666259765625,0.0
2009-12-11,35.07517623901367,0.0
2009-12-14,35.17987823486328,0.0
2009-12-15,34.97047424316406,0.0
2009-12-16,34.97047424316406,0.0
2009-12-17,34.551666259765625,0.0
2009-12-18,34.656368255615234,0.0
2009-12-21,34.97047424316406,0.0
2009-12-22,35.28458023071289,0.0
2009-12-23,35.28458023071289,0.0
2009-12-24,35.28458023071289,0.0
2009-12-25,35.3892822265625,0.0
2009-12-28,35.70338821411133,0.0
2009-12-29,36.226898193359375,0.0
2009-12-30,36.75040817260742,0.0
2009-12-31,37.37862014770508,0.0
2010-01-04,38.006832122802734,0.0
2010-01-05,39.367958068847656,0.0
2010-01-06,38.73974609375,0.0
2010-01-07,38.94915008544922,0.0
2010-01-08,41.04319381713867,0.0
2010-01-11,41.98551177978516,0.0
2010-01-12,41.67140579223633,0.0
2010-01-13,39.99617385864258,0.0
2010-01-14,41.04319381713867,0.0
2010-01-15,41.3572998046875,0.0
2010-01-18,40.414981842041016,0.0
2010-01-19,39.78676986694336,0.0
2010-01-20,41.25259780883789,0.0
2010-01-21,41.3572998046875,0.0
2010-01-22,39.89147186279297,0.0
2010-01-25,38.73974609375,0.0
2010-01-26,36.95981216430664,0.0
2010-01-27,37.48332214355469,0.0
2010-01-28,37.69272613525391,0.0
2010-01-29,38.73974609375,0.0
2010-02-01,38.21623611450195,0.0
2010-02-02,38.21623611450195,0.0
2010-02-03,38.11153411865234,0.0
2010-02-04,37.16921615600586,0.0
2010-02-05,34.761070251464844,0.0
2010-02-08,36.122196197509766,0.0
2010-02-09,36.33160018920898,0.0
2010-02-10,36.226898193359375,0.0
2010-02-22,37.06451416015625,0.0
2010-02-23,39.57736587524414,0.0
2010-02-24,39.15855407714844,0.0
2010-02-25,39.99617385864258,0.0
2010-02-26,40.2055778503418,0.0
2010-03-01,39.78676986694336,0.0
2010-03-02,39.05385208129883,0.0
2010-03-03,39.89147186279297,0.0
2010-03-04,40.10087585449219,0.0
2010-03-05,41.04319381713867,0.0
2010-03-08,41.77610778808594,0.0
2010-03-09,41.77610778808594,0.0
2010-03-10,41.77610778808594,0.0
2010-03-11,41.56670379638672,0.0
2010-03-12,41.56670379638672,0.0
2010-03-15,41.3572998046875,0.0
2010-03-16,41.67140579223633,0.0
2010-03-17,41.88080978393555,0.0
2010-03-18,42.090213775634766,0.0
2010-03-19,41.88080978393555,0.0
2010-03-22,40.83378982543945,0.0
2010-03-23,39.367958068847656,0.0
2010-03-24,40.2055778503418,0.0
2010-03-25,40.10087585449219,0.0
2010-03-26,39.99617385864258,0.0
2010-03-29,39.78676986694336,0.0
2010-03-30,39.47266006469727,0.0
2010-03-31,39.15855407714844,0.0
2010-04-01,39.367958068847656,0.0
2010-04-02,40.310279846191406,0.0
2010-04-06,40.83378982543945,0.0
2010-04-07,40.83378982543945,0.0
2010-04-08,40.2055778503418,0.0
2010-04-09,40.2055778503418,0.0
2010-04-12,40.72908782958984,0.0
2010-04-13,39.57736587524414,0.0
2010-04-14,39.367958068847656,0.0
2010-04-15,41.88080978393555,0.0
2010-04-16,41.14789581298828,0.0
2010-04-19,40.72908782958984,0.0
2010-04-20,40.414981842041016,0.0
2010-04-21,40.62438583374024,0.0
2010-04-22,40.310279846191406,0.0
2010-04-23,39.89147186279297,0.0
2010-04-26,40.414981842041016,0.0
2010-04-27,40.2055778503418,0.0
2010-04-28,39.68206787109375,0.0
2010-04-29,39.47266006469727,0.0
2010-04-30,42.194915771484375,0.0
2010-05-03,41.98551177978516,0.0
2010-05-04,41.14789581298828,0.0
2010-05-05,39.68206787109375,0.0
2010-05-06,39.15855407714844,0.0
2010-05-07,39.99617385864258,0.0
2010-05-10,39.78676986694336,0.0
2010-05-11,38.63504409790039,0.0
2010-05-12,39.47266006469727,0.0
2010-05-13,41.3572998046875,0.0
2010-05-14,41.46200180053711,0.0
2010-05-17,39.57736587524414,0.0
2010-05-18,39.26325607299805,0.0
2010-05-19,39.26325607299805,0.0
2010-05-20,38.42564010620117,0.0
2010-05-21,38.21623611450195,0.0
2010-05-24,37.79742813110352,0.0
2010-05-25,37.27391815185547,0.0
2010-05-26,39.367958068847656,0.0
2010-05-27,38.73974609375,0.0
2010-05-28,38.42564010620117,0.0
2010-05-31,38.21623611450195,0.0
2010-06-01,38.006832122802734,0.0
2010-06-02,37.27391815185547,0.0
2010-06-03,38.006832122802734,0.0
2010-06-04,37.5880241394043,0.0
2010-06-07,36.64570617675781,0.0
2010-06-08,37.16921615600586,0.0
2010-06-09,36.436302185058594,0.0
2010-06-10,37.5880241394043,0.0
2010-06-11,38.84444808959961,0.0
2010-06-14,38.84444808959961,0.0
2010-06-15,40.414981842041016,0.0
2010-06-17,40.51968383789063,0.0
2010-06-18,39.99617385864258,0.0
2010-06-21,42.194915771484375,0.0
2010-06-22,44.18425369262695,0.0
2010-06-23,43.76544570922852,0.0
2010-06-24,43.5560417175293,0.0
2010-06-25,41.88080978393555,0.0
2010-06-28,43.97484970092773,0.0
2010-06-29,42.82312774658203,0.0
2010-06-30,42.82312774658203,0.0
2010-07-01,44.28895568847656,0.0
2010-07-02,46.06888961791992,0.0
2010-07-05,46.06888961791992,0.0
2010-07-06,47.74412155151367,0.0
2010-07-07,49.00054550170898,0.0
2010-07-08,47.95352554321289,0.0
2010-07-09,47.53471755981445,0.0
2010-07-12,46.48769760131836,0.0
2010-07-13,47.011207580566406,0.0
2010-07-14,48.68643951416016,0.0
2010-07-15,48.791141510009766,0.0
2010-07-16,47.63941955566406,0.0
2010-07-19,47.74412155151367,0.0
2010-07-20,46.69710159301758,0.0
2010-07-21,48.895843505859375,0.0
2010-07-22,49.52405548095703,0.0
2010-07-23,50.2569694519043,0.0
2010-07-26,50.36167144775391,0.0
2010-07-27,49.2099494934082,0.0
2010-07-28,49.41935348510742,0.0
2010-07-29,49.62875747680664,0.0
2010-07-30,49.83816146850586,0.0
2010-08-02,49.62875747680664,0.0
2010-08-03,49.52405548095703,0.0
2010-08-04,50.675777435302734,0.0
2010-08-05,50.2569694519043,0.0
2010-08-06,50.571075439453125,0.0
2010-08-09,51.51339340209961,0.0
2010-08-10,52.14160537719727,0.0
2010-08-11,53.18862533569336,0.0
2010-08-12,50.675777435302734,0.0
2010-08-13,50.88518142700195,0.0
2010-08-16,51.82749938964844,0.0
2010-08-17,50.675777435302734,0.0
2010-08-18,47.95352554321289,0.0
2010-08-19,47.74412155151367,0.0
2010-08-20,48.47703552246094,0.0
2010-08-23,48.16292953491211,0.0
2010-08-24,48.26763153076172,0.0
2010-08-25,45.65008163452149,0.0
2010-08-26,45.75478363037109,0.0
2010-08-27,46.06888961791992,0.0
2010-08-30,45.65008163452149,0.0
2010-08-31,44.49835968017578,0.0
2010-09-01,47.011207580566406,0.0
2010-09-02,47.325313568115234,0.0
2010-09-03,46.9065055847168,0.0
2010-09-06,46.17359161376953,0.0
2010-09-07,45.8594856262207,0.0
2010-09-08,45.02186965942383,0.0
2010-09-09,43.03253173828125,0.0
2010-09-10,43.76544570922852,0.0
2010-09-13,45.440677642822266,0.0
2010-09-14,45.02186965942383,0.0
2010-09-15,45.65008163452149,0.0
2010-09-16,45.75478363037109,0.0
2010-09-17,47.43001556396485,0.0
2010-09-20,47.115909576416016,0.0
2010-09-21,46.38299560546875,0.0
2010-09-23,45.65008163452149,0.0
2010-09-24,45.12657165527344,0.0
2010-09-27,45.54537963867188,0.0
2010-09-28,45.8594856262207,0.0
2010-09-29,46.48769760131836,0.0
2010-09-30,46.27829360961914,0.0
2010-10-01,45.96418762207031,0.0
2010-10-04,46.38299560546875,0.0
2010-10-05,48.16292953491211,0.0
2010-10-06,48.895843505859375,0.0
2010-10-07,48.16292953491211,0.0
2010-10-08,47.115909576416016,0.0
2010-10-11,46.69710159301758,0.0
2010-10-12,46.9065055847168,0.0
2010-10-13,46.80180358886719,0.0
2010-10-14,47.115909576416016,0.0
2010-10-15,47.325313568115234,0.0
2010-10-18,46.69710159301758,0.0
2010-10-19,46.69710159301758,0.0
2010-10-20,47.53471755981445,0.0
2010-10-21,48.791141510009766,0.0
2010-10-22,49.00054550170898,0.0
2010-10-25,51.93220138549805,0.0
2010-10-26,51.82749938964844,0.0
2010-10-27,53.29332733154297,0.0
2010-10-28,54.34034729003906,0.0
2010-10-29,53.39802932739258,0.0
2010-11-01,54.86385726928711,0.0
2010-11-02,54.02624130249024,0.0
2010-11-03,54.02624130249024,0.0
2010-11-04,54.23564529418945,0.0
2010-11-05,52.5604133605957,0.0
2010-11-08,52.76981735229492,0.0
2010-11-09,52.76981735229492,0.0
2010-11-10,50.571075439453125,0.0
2010-11-11,50.675777435302734,0.0
2010-11-12,49.73345947265625,0.0
2010-11-15,49.73345947265625,0.0
2010-11-16,48.68643951416016,0.0
2010-11-17,48.26763153076172,0.0
2010-11-18,51.61809539794922,0.0
2010-11-19,52.036903381347656,0.0
2010-11-22,54.7591552734375,0.0
2010-11-23,55.701473236083984,0.0
2010-11-24,55.28266525268555,0.0
2010-11-25,55.07326126098633,0.0
2010-11-26,53.08392333984375,0.0
2010-11-29,53.39802932739258,0.0
2010-11-30,53.712135314941406,0.0
2010-12-01,53.6074333190918,0.0
2010-12-02,54.54975128173828,0.0
2010-12-03,53.39802932739258,0.0
2010-12-06,54.02624130249024,0.0
2010-12-07,53.816837310791016,0.0
2010-12-08,53.39802932739258,0.0
2010-12-09,54.13094329833984,0.0
2010-12-10,54.65445327758789,0.0
2010-12-13,55.28266525268555,0.0
2010-12-14,55.596771240234375,0.0
2010-12-15,55.38736724853516,0.0
2010-12-16,56.53908920288086,0.0
2010-12-17,56.43438720703125,0.0
2010-12-20,55.8061752319336,0.0
2010-12-21,58.52842712402344,0.0
2010-12-22,60.7271728515625,0.0
2010-12-23,60.09896087646485,0.0
2010-12-24,59.994258880615234,0.0
2010-12-27,59.784854888916016,0.0
2010-12-28,59.5754508972168,0.0
2010-12-29,62.82121276855469,0.0
2010-12-30,64.49644470214844,0.0
2010-12-31,63.44942474365234,0.0
2011-01-03,64.81055450439453,0.0
2011-01-04,63.86823272705078,0.0
2011-01-05,60.93657684326172,0.0
2011-01-06,62.71651077270508,0.0
2011-01-07,61.564788818359375,0.0
2011-01-10,63.13531875610352,0.0
2011-01-11,63.344722747802734,0.0
2011-01-12,63.55412673950195,0.0
2011-01-13,65.33406066894531,0.0
2011-01-14,62.61180877685547,0.0
2011-01-17,59.889556884765625,0.0
2011-01-18,61.8788948059082,0.0
2011-01-19,62.19300079345703,0.0
2011-01-20,61.66949081420898,0.0
2011-01-21,60.51776885986328,0.0
2011-01-24,59.784854888916016,0.0
2011-01-25,62.40240478515625,0.0
2011-01-26,62.82121276855469,0.0
2011-01-27,63.86823272705078,0.0
2011-01-28,63.86823272705078,0.0
2011-02-08,62.61180877685547,0.0
2011-02-09,63.240020751953125,0.0
2011-02-10,62.08829879760742,0.0
2011-02-11,58.842533111572266,0.0
2011-02-14,61.98359680175781,0.0
2011-02-15,60.41306686401367,0.0
2011-02-16,59.15663909912109,0.0
2011-02-17,56.9578971862793,0.0
2011-02-18,58.21432113647461,0.0
2011-02-21,58.31902313232422,0.0
2011-02-22,55.38736724853516,0.0
2011-02-23,53.712135314941406,0.0
2011-02-24,53.92153930664063,0.0
2011-02-25,54.86385726928711,0.0
2011-03-01,57.37670516967773,0.0
2011-03-02,57.16730117797852,0.0
2011-03-03,56.64379119873047,0.0
2011-03-04,56.12028121948242,0.0
2011-03-07,53.39802932739258,0.0
2011-03-08,51.93220138549805,0.0
2011-03-09,52.35100936889648,0.0
2011-03-10,51.72279739379883,0.0
2011-03-11,52.35100936889648,0.0
2011-03-14,50.571075439453125,0.0
2011-03-15,47.84882354736328,0.0
2011-03-16,48.37233352661133,0.0
2011-03-17,49.41935348510742,0.0
2011-03-18,50.15226745605469,0.0
2011-03-21,50.675777435302734,0.0
2011-03-22,51.51339340209961,0.0
2011-03-23,51.40869140625,0.0
2011-03-24,52.14160537719727,0.0
2011-03-25,51.72279739379883,0.0
2011-03-28,51.19928741455078,0.0
2011-03-29,51.82749938964844,0.0
2011-03-30,51.93220138549805,0.0
2011-03-31,51.19928741455078,0.0
2011-04-01,51.72279739379883,0.0
2011-04-06,51.09458541870117,0.0
2011-04-07,54.13094329833984,0.0
2011-04-08,53.816837310791016,0.0
2011-04-11,52.5604133605957,0.0
2011-04-12,51.93220138549805,0.0
2011-04-13,53.712135314941406,0.0
2011-04-14,54.23564529418945,0.0
2011-04-15,52.76981735229492,0.0
2011-04-18,53.08392333984375,0.0
2011-04-19,52.5604133605957,0.0
2011-04-20,53.29332733154297,0.0
2011-04-21,54.34034729003906,0.0
2011-04-22,55.17796325683594,0.0
2011-04-25,58.94723510742188,0.0
2011-04-26,58.21432113647461,0.0
2011-04-27,57.272003173828125,0.0
2011-04-28,56.32968521118164,0.0
2011-04-29,55.492069244384766,0.0
2011-05-03,55.596771240234375,0.0
2011-05-04,57.272003173828125,0.0
2011-05-05,57.69081115722656,0.0
2011-05-06,58.42372512817383,0.0
2011-05-09,59.15663909912109,0.0
2011-05-10,58.42372512817383,0.0
2011-05-11,56.9578971862793,0.0
2011-05-12,57.37670516967773,0.0
2011-05-13,56.32968521118164,0.0
2011-05-16,55.701473236083984,0.0
2011-05-17,56.43438720703125,0.0
2011-05-18,56.85319519042969,0.0
2011-05-19,54.34034729003906,0.0
2011-05-20,53.39802932739258,0.0
2011-05-23,53.08392333984375,0.0
2011-05-24,53.92153930664063,0.0
2011-05-25,52.97922134399414,0.0
2011-05-26,53.18862533569336,0.0
2011-05-27,54.02624130249024,0.0
2011-05-30,55.07326126098633,0.0
2011-05-31,56.01557922363281,0.0
2011-06-01,55.17796325683594,0.0
2011-06-02,53.6074333190918,0.0
2011-06-03,52.97922134399414,0.0
2011-06-07,52.87451934814453,0.0
2011-06-08,52.455711364746094,0.0
2011-06-09,52.5604133605957,0.0
2011-06-10,52.5604133605957,0.0
2011-06-13,50.571075439453125,0.0
2011-06-14,50.46637344360352,0.0
2011-06-15,48.791141510009766,0.0
2011-06-16,47.325313568115234,0.0
2011-06-17,47.95352554321289,0.0
2011-06-20,47.53471755981445,0.0
2011-06-21,48.16292953491211,0.0
2011-06-22,47.63941955566406,0.0
2011-06-23,46.59239959716797,0.0
2011-06-24,47.325313568115234,0.0
2011-06-27,47.220611572265625,0.0
2011-06-28,47.84882354736328,0.0
2011-06-29,47.95352554321289,0.0
2011-06-30,48.37233352661133,0.0
2011-07-01,48.58173751831055,0.0
2011-07-04,47.95352554321289,0.0
2011-07-05,47.115909576416016,0.0
2011-07-06,46.59239959716797,0.0
2011-07-07,47.011207580566406,0.0
2011-07-08,47.325313568115234,0.0
2011-07-11,47.95352554321289,0.0
2011-07-12,46.69710159301758,0.0
2011-07-13,46.59239959716797,0.0
2011-07-14,43.76544570922852,0.0
2011-07-15,44.49835968017578,0.0
2011-07-18,44.39365768432617,0.0
2011-07-19,43.34663772583008,0.0
2011-07-20,43.870147705078125,0.0
2011-07-21,43.97484970092773,0.0
2011-07-22,43.5560417175293,0.0
2011-07-25,43.76544570922852,0.0
2011-07-26,43.45133972167969,0.0
2011-07-27,43.34663772583008,0.0
2011-07-28,42.299617767333984,0.0
2011-07-29,41.3572998046875,0.0
2011-08-01,41.56670379638672,0.0
2011-08-02,41.46200180053711,0.0
2011-08-03,40.62438583374024,0.0
2011-08-04,40.414981842041016,0.0
2011-08-05,37.5880241394043,0.0
2011-08-08,34.97047424316406,0.0
2011-08-09,36.5410041809082,0.0
2011-08-10,37.79742813110352,0.0
2011-08-11,36.436302185058594,0.0
2011-08-12,36.64570617675781,0.0
2011-08-15,38.11153411865234,0.0
2011-08-16,38.32093811035156,0.0
2011-08-17,38.94915008544922,0.0
2011-08-18,38.006832122802734,0.0
2011-08-19,36.95981216430664,0.0
2011-08-22,37.79742813110352,0.0
2011-08-23,39.367958068847656,0.0
2011-08-24,38.53034210205078,0.0
2011-08-25,38.63504409790039,0.0
2011-08-26,38.94915008544922,0.0
2011-08-29,39.15855407714844,0.0
2011-08-30,38.84444808959961,0.0
2011-08-31,38.94915008544922,0.0
2011-09-01,37.66097259521485,2.303424
2011-09-02,37.66097259521485,0.0
2011-09-05,36.62443542480469,0.0
2011-09-06,35.47272109985352,0.0
2011-09-07,36.2789192199707,0.0
2011-09-08,36.2789192199707,0.0
2011-09-09,36.50926208496094,0.0
2011-09-13,35.70306396484375,0.0
2011-09-14,34.32101058959961,0.0
2011-09-15,35.35755157470703,0.0
2011-09-16,36.04857635498047,0.0
2011-09-19,35.587894439697266,0.0
2011-09-20,35.1272087097168,0.0
2011-09-21,35.933406829833984,0.0
2011-09-22,34.66652297973633,0.0
2011-09-23,33.629981994628906,0.0
2011-09-26,33.745155334472656,0.0
2011-09-27,36.04857635498047,0.0
2011-09-28,35.818233489990234,0.0
2011-09-29,36.16374969482422,0.0
2011-09-30,35.933406829833984,0.0
2011-10-03,34.551353454589844,0.0
2011-10-04,34.66652297973633,0.0
2011-10-05,33.97549819946289,0.0
2011-10-06,34.551353454589844,0.0
2011-10-07,35.01203536987305,0.0
2011-10-11,36.39409255981445,0.0
2011-10-12,36.04857635498047,0.0
2011-10-13,38.46717071533203,0.0
2011-10-14,38.46717071533203,0.0
2011-10-17,39.27337265014648,0.0
2011-10-18,39.38854217529297,0.0
2011-10-19,39.50371170043945,0.0
2011-10-20,38.697513580322266,0.0
2011-10-21,38.58234405517578,0.0
2011-10-24,38.9278564453125,0.0
2011-10-25,37.776145935058594,0.0
2011-10-26,37.776145935058594,0.0
2011-10-27,38.697513580322266,0.0
2011-10-28,38.812686920166016,0.0
2011-10-31,38.23683166503906,0.0
2011-11-01,38.46717071533203,0.0
2011-11-02,38.12165832519531,0.0
2011-11-03,37.54580307006836,0.0
2011-11-04,38.9278564453125,0.0
2011-11-07,38.23683166503906,0.0
2011-11-08,37.315460205078125,0.0
2011-11-09,36.854774475097656,0.0
2011-11-10,35.01203536987305,0.0
2011-11-11,35.587894439697266,0.0
2011-11-14,36.16374969482422,0.0
2011-11-15,36.62443542480469,0.0
2011-11-16,36.50926208496094,0.0
2011-11-17,35.70306396484375,0.0
2011-11-18,34.89686584472656,0.0
2011-11-21,33.745155334472656,0.0
2011-11-22,33.86032485961914,0.0
2011-11-23,33.16929626464844,0.0
2011-11-24,33.86032485961914,0.0
2011-11-25,34.20583724975586,0.0
2011-11-28,33.629981994628906,0.0
2011-11-29,33.629981994628906,0.0
2011-11-30,33.51481246948242,0.0
2011-12-01,34.78169631958008,0.0
2011-12-02,34.090667724609375,0.0
2011-12-05,34.090667724609375,0.0
2011-12-06,33.51481246948242,0.0
2011-12-07,33.51481246948242,0.0
2011-12-08,34.32101058959961,0.0
2011-12-09,33.629981994628906,0.0
2011-12-12,33.86032485961914,0.0
2011-12-13,33.745155334472656,0.0
2011-12-14,33.51481246948242,0.0
2011-12-15,33.05412673950195,0.0
2011-12-16,32.93895721435547,0.0
2011-12-19,31.67207336425781,0.0
2011-12-20,32.13275909423828,0.0
2011-12-21,33.86032485961914,0.0
2011-12-22,33.05412673950195,0.0
2011-12-23,34.090667724609375,0.0
2011-12-26,33.745155334472656,0.0
2011-12-27,34.551353454589844,0.0
2011-12-28,35.818233489990234,0.0
2011-12-29,35.70306396484375,0.0
2011-12-30,35.24237823486328,0.0
2012-01-02,34.89686584472656,0.0
2012-01-03,36.04857635498047,0.0
2012-01-04,36.73960494995117,0.0
2012-01-05,38.46717071533203,0.0
2012-01-06,37.66097259521485,0.0
2012-01-09,37.89131546020508,0.0
2012-01-10,38.697513580322266,0.0
2012-01-11,39.04302978515625,0.0
2012-01-12,38.812686920166016,0.0
2012-01-13,38.812686920166016,0.0
2012-01-16,37.315460205078125,0.0
2012-01-17,37.89131546020508,0.0
2012-01-18,37.54580307006836,0.0
2012-01-30,37.43063354492188,0.0
2012-01-31,38.12165832519531,0.0
2012-02-01,40.07957077026367,0.0
2012-02-02,41.46162414550781,0.0
2012-02-03,42.61333465576172,0.0
2012-02-06,43.18918991088867,0.0
2012-02-07,43.419532775878906,0.0
2012-02-08,43.99538803100586,0.0
2012-02-09,43.765045166015625,0.0
2012-02-10,43.53470230102539,0.0
2012-02-13,44.80158615112305,0.0
2012-02-14,43.765045166015625,0.0
2012-02-15,44.11056137084961,0.0
2012-02-16,43.419532775878906,0.0
2012-02-17,42.498165130615234,0.0
2012-02-20,44.34090042114258,0.0
2012-02-21,45.37744140625,0.0
2012-02-22,45.14710235595703,0.0
2012-02-23,45.14710235595703,0.0
2012-02-24,44.9167594909668,0.0
2012-02-29,47.45052337646485,0.0
2012-03-01,49.29326248168945,0.0
2012-03-02,48.37189483642578,0.0
2012-03-05,46.52915573120117,0.0
2012-03-06,45.95330047607422,0.0
2012-03-07,45.03192901611328,0.0
2012-03-08,48.0263786315918,0.0
2012-03-09,47.22018051147461,0.0
2012-03-12,46.989837646484375,0.0
2012-03-13,47.22018051147461,0.0
2012-03-14,48.14155197143555,0.0
2012-03-15,47.45052337646485,0.0
2012-03-16,46.18363952636719,0.0
2012-03-19,46.644325256347656,0.0
2012-03-20,45.95330047607422,0.0
2012-03-21,47.33535385131836,0.0
2012-03-22,46.87466812133789,0.0
2012-03-23,46.87466812133789,0.0
2012-03-26,45.95330047607422,0.0
2012-03-27,46.18363952636719,0.0
2012-03-28,46.18363952636719,0.0
2012-03-29,45.83812713623047,0.0
2012-03-30,46.759498596191406,0.0
2012-04-02,45.14710235595703,0.0
2012-04-03,45.14710235595703,0.0
2012-04-05,45.37744140625,0.0
2012-04-06,44.9167594909668,0.0
2012-04-09,45.60778427124024,0.0
2012-04-10,45.37744140625,0.0
2012-04-11,44.9167594909668,0.0
2012-04-12,44.34090042114258,0.0
2012-04-13,43.765045166015625,0.0
2012-04-16,40.88576889038086,0.0
2012-04-17,38.58234405517578,0.0
2012-04-18,38.9278564453125,0.0
2012-04-19,39.96439743041992,0.0
2012-04-20,38.12165832519531,0.0
2012-04-23,38.00648880004883,0.0
2012-04-24,39.158199310302734,0.0
2012-04-25,40.54025268554688,0.0
2012-04-26,40.54025268554688,0.0
2012-04-27,39.6188850402832,0.0
2012-04-30,39.6188850402832,0.0
2012-05-02,40.88576889038086,0.0
2012-05-03,40.42508316040039,0.0
2012-05-04,42.7285041809082,0.0
2012-05-07,41.69196319580078,0.0
2012-05-08,41.69196319580078,0.0
2012-05-09,42.15264892578125,0.0
2012-05-10,41.11610794067383,0.0
2012-05-11,39.6188850402832,0.0
2012-05-14,37.66097259521485,0.0
2012-05-15,37.315460205078125,0.0
2012-05-16,36.854774475097656,0.0
2012-05-17,37.43063354492188,0.0
2012-05-18,35.933406829833984,0.0
2012-05-21,35.933406829833984,0.0
2012-05-22,36.04857635498047,0.0
2012-05-23,35.01203536987305,0.0
2012-05-24,34.89686584472656,0.0
2012-05-25,34.551353454589844,0.0
2012-05-28,34.551353454589844,0.0
2012-05-29,35.587894439697266,0.0
2012-05-30,34.32101058959961,0.0
2012-05-31,33.745155334472656,0.0
2012-06-01,33.51481246948242,0.0
2012-06-04,32.247928619384766,0.0
2012-06-05,32.36309814453125,0.0
2012-06-06,32.93895721435547,0.0
2012-06-07,33.16929626464844,0.0
2012-06-08,33.39963912963867,0.0
2012-06-11,33.86032485961914,0.0
2012-06-12,33.97549819946289,0.0
2012-06-13,34.090667724609375,0.0
2012-06-14,34.551353454589844,0.0
2012-06-15,34.89686584472656,0.0
2012-06-18,35.933406829833984,0.0
2012-06-19,35.70306396484375,0.0
2012-06-20,35.818233489990234,0.0
2012-06-21,35.818233489990234,0.0
2012-06-22,35.70306396484375,0.0
2012-06-25,35.24237823486328,0.0
2012-06-26,34.78169631958008,0.0
2012-06-27,35.933406829833984,0.0
2012-06-28,35.70306396484375,0.0
2012-06-29,37.08511734008789,0.0
2012-07-02,37.20029067993164,0.0
2012-07-03,37.08511734008789,0.0
2012-07-04,37.54580307006836,0.0
2012-07-05,38.00648880004883,0.0
2012-07-06,37.776145935058594,0.0
2012-07-09,37.54580307006836,0.0
2012-07-10,37.315460205078125,0.0
2012-07-11,37.08511734008789,0.0
2012-07-12,37.20029067993164,0.0
2012-07-13,37.20029067993164,0.0
2012-07-16,37.315460205078125,0.0
2012-07-17,38.00648880004883,0.0
2012-07-18,37.66097259521485,0.0
2012-07-19,37.776145935058594,0.0
2012-07-20,37.89131546020508,0.0
2012-07-23,36.969947814941406,0.0
2012-07-24,36.62443542480469,0.0
2012-07-25,36.39409255981445,0.0
2012-07-26,36.16374969482422,0.0
2012-07-27,36.854774475097656,0.0
2012-07-30,36.969947814941406,0.0
2012-07-31,38.00648880004883,0.0
2012-08-01,39.158199310302734,0.0
2012-08-02,39.158199310302734,0.0
2012-08-03,38.58234405517578,0.0
2012-08-06,39.84922790527344,0.0
2012-08-07,40.07957077026367,0.0
2012-08-08,40.30990982055664,0.0
2012-08-09,41.000938415527344,0.0
2012-08-10,40.88576889038086,0.0
2012-08-13,40.30990982055664,0.0
2012-08-14,40.30990982055664,0.0
2012-08-15,40.77059555053711,0.0
2012-08-16,40.30990982055664,0.0
2012-08-17,39.84922790527344,0.0
2012-08-20,38.812686920166016,0.0
2012-08-21,38.697513580322266,0.0
2012-08-22,37.776145935058594,0.0
2012-08-23,38.46717071533203,0.0
2012-08-24,38.697513580322266,0.0
2012-08-27,38.58234405517578,0.0
2012-08-28,37.54580307006836,0.0
2012-08-29,37.776145935058594,0.0
2012-08-30,37.54580307006836,0.0
2012-08-31,36.854774475097656,0.0
2012-09-03,38.00648880004883,0.0
2012-09-04,37.20029067993164,0.0
2012-09-05,36.50926208496094,0.0
2012-09-06,36.39409255981445,0.0
2012-09-07,37.315460205078125,0.0
2012-09-10,38.00648880004883,0.0
2012-09-11,37.08511734008789,0.0
2012-09-12,36.73960494995117,0.0
2012-09-13,36.50926208496094,0.0
2012-09-14,36.73960494995117,0.0
2012-09-17,38.697513580322266,0.0
2012-09-18,38.35200119018555,0.0
2012-09-19,39.27337265014648,0.0
2012-09-20,38.58234405517578,0.0
2012-09-21,38.58234405517578,0.0
2012-09-24,38.46717071533203,0.0
2012-09-25,37.315460205078125,0.0
2012-09-26,36.16374969482422,0.0
2012-09-27,35.933406829833984,0.0
2012-09-28,35.587894439697266,0.0
2012-10-01,36.04857635498047,0.0
2012-10-02,36.39409255981445,0.0
2012-10-03,35.818233489990234,0.0
2012-10-04,35.933406829833984,0.0
2012-10-05,35.587894439697266,0.0
2012-10-08,35.70306396484375,0.0
2012-10-09,35.70306396484375,0.0
2012-10-11,35.47272109985352,0.0
2012-10-12,35.24237823486328,0.0
2012-10-15,35.933406829833984,0.0
2012-10-16,36.16374969482422,0.0
2012-10-17,36.04857635498047,0.0
2012-10-18,36.50926208496094,0.0
2012-10-19,36.62443542480469,0.0
2012-10-22,36.39409255981445,0.0
2012-10-23,36.16374969482422,0.0
2012-10-24,35.818233489990234,0.0
2012-10-25,35.1272087097168,0.0
2012-10-26,34.436180114746094,0.0
2012-10-29,34.78169631958008,0.0
2012-10-30,35.01203536987305,0.0
2012-10-31,34.66652297973633,0.0
2012-11-01,36.62443542480469,0.0
2012-11-02,37.08511734008789,0.0
2012-11-05,38.00648880004883,0.0
2012-11-06,37.54580307006836,0.0
2012-11-07,37.54580307006836,0.0
2012-11-08,37.54580307006836,0.0
2012-11-09,37.315460205078125,0.0
2012-11-12,37.08511734008789,0.0
2012-11-13,35.70306396484375,0.0
2012-11-14,35.587894439697266,0.0
2012-11-15,35.70306396484375,0.0
2012-11-16,36.16374969482422,0.0
2012-11-19,36.62443542480469,0.0
2012-11-20,36.39409255981445,0.0
2012-11-21,35.24237823486328,0.0
2012-11-22,35.70306396484375,0.0
2012-11-23,36.854774475097656,0.0
2012-11-26,38.812686920166016,0.0
2012-11-27,38.23683166503906,0.0
2012-11-28,37.89131546020508,0.0
2012-11-29,38.58234405517578,0.0
2012-11-30,39.38854217529297,0.0
2012-12-03,39.73405456542969,0.0
2012-12-04,39.6188850402832,0.0
2012-12-05,40.30990982055664,0.0
2012-12-06,39.73405456542969,0.0
2012-12-07,39.96439743041992,0.0
2012-12-10,39.84922790527344,0.0
2012-12-11,40.77059555053711,0.0
2012-12-12,40.30990982055664,0.0
2012-12-13,40.65542602539063,0.0
2012-12-14,40.42508316040039,0.0
2012-12-17,39.96439743041992,0.0
2012-12-18,39.6188850402832,0.0
2012-12-19,40.77059555053711,0.0
2012-12-20,39.84922790527344,0.0
2012-12-21,38.9278564453125,0.0
2012-12-24,39.84922790527344,0.0
2012-12-25,40.19474029541016,0.0
2012-12-26,40.65542602539063,0.0
2012-12-27,40.19474029541016,0.0
2012-12-28,39.96439743041992,0.0
2013-01-02,42.037479400634766,0.0
2013-01-03,43.18918991088867,0.0
2013-01-04,43.30436325073242,0.0
2013-01-07,43.880218505859375,0.0
2013-01-08,43.880218505859375,0.0
2013-01-09,43.880218505859375,0.0
2013-01-10,44.68641662597656,0.0
2013-01-11,44.9167594909668,0.0
2013-01-14,44.9167594909668,0.0
2013-01-15,43.99538803100586,0.0
2013-01-16,43.07402038574219,0.0
2013-01-17,42.84367752075195,0.0
2013-01-18,44.57124328613281,0.0
2013-01-21,44.225730895996094,0.0
2013-01-22,43.64987564086914,0.0
2013-01-23,42.95884704589844,0.0
2013-01-24,42.84367752075195,0.0
2013-01-25,41.92230987548828,0.0
2013-01-28,42.38299179077149,0.0
2013-01-29,42.7285041809082,0.0
2013-01-30,43.419532775878906,0.0
2013-01-31,42.7285041809082,0.0
2013-02-01,42.61333465576172,0.0
2013-02-04,42.84367752075195,0.0
2013-02-05,42.38299179077149,0.0
2013-02-06,42.037479400634766,0.0
2013-02-18,42.38299179077149,0.0
2013-02-19,41.92230987548828,0.0
2013-02-20,43.99538803100586,0.0
2013-02-21,44.225730895996094,0.0
2013-02-22,44.45607376098633,0.0
2013-02-25,46.0684700012207,0.0
2013-02-26,44.11056137084961,0.0
2013-02-27,43.64987564086914,0.0
2013-03-01,45.03192901611328,0.0
2013-03-04,44.45607376098633,0.0
2013-03-05,44.57124328613281,0.0
2013-03-06,44.68641662597656,0.0
2013-03-07,44.9167594909668,0.0
2013-03-08,44.80158615112305,0.0
2013-03-11,45.49261474609375,0.0
2013-03-12,44.57124328613281,0.0
2013-03-13,43.99538803100586,0.0
2013-03-14,43.765045166015625,0.0
2013-03-15,43.30436325073242,0.0
2013-03-18,41.5767936706543,0.0
2013-03-19,41.69196319580078,0.0
2013-03-20,41.46162414550781,0.0
2013-03-21,41.46162414550781,0.0
2013-03-22,41.23128128051758,0.0
2013-03-25,41.5767936706543,0.0
2013-03-26,41.5767936706543,0.0
2013-03-27,41.34645080566406,0.0
2013-03-28,40.88576889038086,0.0
2013-03-29,41.23128128051758,0.0
2013-04-01,41.46162414550781,0.0
2013-04-02,41.23128128051758,0.0
2013-04-03,41.92230987548828,0.0
2013-04-08,39.38854217529297,0.0
2013-04-09,40.07957077026367,0.0
2013-04-10,40.19474029541016,0.0
2013-04-11,40.65542602539063,0.0
2013-04-12,40.30990982055664,0.0
2013-04-15,39.38854217529297,0.0
2013-04-16,40.30990982055664,0.0
2013-04-17,40.19474029541016,0.0
2013-04-18,39.84922790527344,0.0
2013-04-19,40.65542602539063,0.0
2013-04-22,40.54025268554688,0.0
2013-04-23,40.19474029541016,0.0
2013-04-24,40.42508316040039,0.0
2013-04-25,40.19474029541016,0.0
2013-04-26,39.96439743041992,0.0
2013-04-29,39.73405456542969,0.0
2013-04-30,39.73405456542969,0.0
2013-05-02,38.9278564453125,0.0
2013-05-03,38.9278564453125,0.0
2013-05-06,38.35200119018555,0.0
2013-05-07,38.697513580322266,0.0
2013-05-08,39.96439743041992,0.0
2013-05-09,40.07957077026367,0.0
2013-05-10,39.38854217529297,0.0
2013-05-13,39.38854217529297,0.0
2013-05-14,39.38854217529297,0.0
2013-05-15,39.84922790527344,0.0
2013-05-16,39.38854217529297,0.0
2013-05-17,38.9278564453125,0.0
2013-05-20,38.812686920166016,0.0
2013-05-21,38.9278564453125,0.0
2013-05-22,39.38854217529297,0.0
2013-05-23,38.812686920166016,0.0
2013-05-24,38.9278564453125,0.0
2013-05-27,38.58234405517578,0.0
2013-05-28,38.35200119018555,0.0
2013-05-29,38.46717071533203,0.0
2013-05-30,38.00648880004883,0.0
2013-05-31,38.58234405517578,0.0
2013-06-03,38.46717071533203,0.0
2013-06-04,38.00648880004883,0.0
2013-06-05,37.776145935058594,0.0
2013-06-06,37.43063354492188,0.0
2013-06-07,37.89131546020508,0.0
2013-06-10,37.66097259521485,0.0
2013-06-11,37.315460205078125,0.0
2013-06-13,37.43063354492188,0.0
2013-06-14,36.969947814941406,0.0
2013-06-17,37.08511734008789,0.0
2013-06-18,36.854774475097656,0.0
2013-06-19,38.23683166503906,0.0
2013-06-20,38.23683166503906,0.0
2013-06-21,37.66097259521485,0.0
2013-06-24,37.89131546020508,0.0
2013-06-25,37.776145935058594,0.0
2013-06-26,37.776145935058594,0.0
2013-06-27,38.00648880004883,0.0
2013-06-28,37.776145935058594,0.0
2013-07-01,37.54580307006836,0.0
2013-07-02,37.776145935058594,0.0
2013-07-03,37.20029067993164,0.0
2013-07-04,37.08511734008789,0.0
2013-07-05,37.54580307006836,0.0
2013-07-08,37.315460205078125,0.0
2013-07-09,37.08511734008789,0.0
2013-07-10,37.08511734008789,0.0
2013-07-11,38.00648880004883,0.0
2013-07-12,38.23683166503906,0.0
2013-07-15,38.12165832519531,0.0
2013-07-16,39.158199310302734,0.0
2013-07-17,39.73405456542969,0.0
2013-07-18,39.84922790527344,0.0
2013-07-19,39.6188850402832,0.0
2013-07-22,39.38854217529297,0.0
2013-07-23,39.38854217529297,0.0
2013-07-24,39.27337265014648,0.0
2013-07-25,39.158199310302734,0.0
2013-07-26,38.812686920166016,0.0
2013-07-29,38.58234405517578,0.0
2013-07-30,38.23683166503906,0.0
2013-07-31,38.697513580322266,0.0
2013-08-01,38.58234405517578,0.0
2013-08-02,38.697513580322266,0.0
2013-08-05,38.812686920166016,0.0
2013-08-06,38.812686920166016,0.0
2013-08-07,38.697513580322266,0.0
2013-08-08,38.58234405517578,0.0
2013-08-09,38.35200119018555,0.0
2013-08-12,38.23683166503906,0.0
2013-08-13,38.23683166503906,0.0
2013-08-14,38.12165832519531,0.0
2013-08-15,38.00648880004883,0.0
2013-08-16,38.00648880004883,0.0
2013-08-19,39.04302978515625,0.0
2013-08-20,39.04302978515625,0.0
2013-08-22,38.46717071533203,0.0
2013-08-23,38.9278564453125,0.0
2013-08-26,39.04302978515625,0.0
2013-08-27,38.12165832519531,0.0
2013-08-28,38.00648880004883,0.0
2013-08-29,38.46717071533203,0.0
2013-08-30,38.9278564453125,0.0
2013-09-02,38.697513580322266,0.0
2013-09-03,38.812686920166016,0.0
2013-09-04,38.697513580322266,0.0
2013-09-05,39.27337265014648,0.0
2013-09-06,40.54025268554688,0.0
2013-09-09,41.5767936706543,0.0
2013-09-10,42.498165130615234,0.0
2013-09-11,42.267822265625,0.0
2013-09-12,42.7285041809082,0.0
2013-09-13,42.037479400634766,0.0
2013-09-16,41.92230987548828,0.0
2013-09-17,42.037479400634766,0.0
2013-09-18,42.38299179077149,0.0
2013-09-23,41.69196319580078,0.0
2013-09-24,40.77059555053711,0.0
2013-09-25,41.34645080566406,0.0
2013-09-26,40.54025268554688,0.0
2013-09-27,41.11610794067383,0.0
2013-09-30,40.30990982055664,0.0
2013-10-01,40.65542602539063,0.0
2013-10-02,40.30990982055664,0.0
2013-10-03,41.000938415527344,0.0
2013-10-04,40.65542602539063,0.0
2013-10-07,40.65542602539063,0.0
2013-10-08,40.88576889038086,0.0
2013-10-09,40.07957077026367,0.0
2013-10-11,39.73405456542969,0.0
2013-10-14,39.27337265014648,0.0
2013-10-15,39.6188850402832,0.0
2013-10-16,39.27337265014648,0.0
2013-10-17,39.50371170043945,0.0
2013-10-18,39.73405456542969,0.0
2013-10-21,39.27337265014648,0.0
2013-10-22,39.158199310302734,0.0
2013-10-23,39.27337265014648,0.0
2013-10-24,39.50371170043945,0.0
2013-10-25,39.6188850402832,0.0
2013-10-28,39.96439743041992,0.0
2013-10-29,39.84922790527344,0.0
2013-10-30,39.73405456542969,0.0
2013-10-31,39.84922790527344,0.0
2013-11-01,39.158199310302734,0.0
2013-11-04,39.38854217529297,0.0
2013-11-05,39.27337265014648,0.0
2013-11-06,39.158199310302734,0.0
2013-11-07,39.27337265014648,0.0
2013-11-08,39.158199310302734,0.0
2013-11-11,39.04302978515625,0.0
2013-11-12,39.158199310302734,0.0
2013-11-13,38.9278564453125,0.0
2013-11-14,38.46717071533203,0.0
2013-11-15,38.9278564453125,0.0
2013-11-18,38.812686920166016,0.0
2013-11-19,38.9278564453125,0.0
2013-11-20,38.9278564453125,0.0
2013-11-21,38.58234405517578,0.0
2013-11-22,38.46717071533203,0.0
2013-11-25,39.6188850402832,0.0
2013-11-26,39.73405456542969,0.0
2013-11-27,39.96439743041992,0.0
2013-11-28,39.84922790527344,0.0
2013-11-29,40.30990982055664,0.0
2013-12-02,40.30990982055664,0.0
2013-12-03,39.84922790527344,0.0
2013-12-04,39.96439743041992,0.0
2013-12-05,39.73405456542969,0.0
2013-12-06,39.50371170043945,0.0
2013-12-09,40.30990982055664,0.0
2013-12-10,40.30990982055664,0.0
2013-12-11,39.96439743041992,0.0
2013-12-12,39.50371170043945,0.0
2013-12-13,39.50371170043945,0.0
2013-12-16,40.07957077026367,0.0
2013-12-17,40.07957077026367,0.0
2013-12-18,39.73405456542969,0.0
2013-12-19,40.07957077026367,0.0
2013-12-20,40.42508316040039,0.0
2013-12-23,41.23128128051758,0.0
2013-12-24,41.92230987548828,0.0
2013-12-25,42.15264892578125,0.0
2013-12-26,41.80713653564453,0.0
2013-12-27,41.69196319580078,0.0
2013-12-30,42.15264892578125,0.0
2013-12-31,41.92230987548828,0.0
2014-01-02,42.498165130615234,0.0
2014-01-03,41.69196319580078,0.0
2014-01-06,41.69196319580078,0.0
2014-01-07,41.23128128051758,0.0
2014-01-08,41.11610794067383,0.0
2014-01-09,40.65542602539063,0.0
2014-01-10,40.65542602539063,0.0
2014-01-13,40.88576889038086,0.0
2014-01-14,41.000938415527344,0.0
2014-01-15,41.000938415527344,0.0
2014-01-16,40.54025268554688,0.0
2014-01-17,41.34645080566406,0.0
2014-01-20,41.46162414550781,0.0
2014-01-21,41.5767936706543,0.0
2014-01-22,42.037479400634766,0.0
2014-01-23,42.15264892578125,0.0
2014-01-24,41.92230987548828,0.0
2014-01-27,41.000938415527344,0.0
2014-02-05,40.42508316040039,0.0
2014-02-06,40.07957077026367,0.0
2014-02-07,40.65542602539063,0.0
2014-02-10,40.30990982055664,0.0
2014-02-11,40.42508316040039,0.0
2014-02-12,40.77059555053711,0.0
2014-02-13,40.07957077026367,0.0
2014-02-14,40.54025268554688,0.0
2014-02-17,40.54025268554688,0.0
2014-02-18,40.88576889038086,0.0
2014-02-19,40.54025268554688,0.0
2014-02-20,40.42508316040039,0.0
2014-02-21,40.88576889038086,0.0
2014-02-24,41.000938415527344,0.0
2014-02-25,41.23128128051758,0.0
2014-02-26,41.000938415527344,0.0
2014-02-27,41.46162414550781,0.0
2014-03-03,40.65542602539063,0.0
2014-03-04,40.19474029541016,0.0
2014-03-05,40.42508316040039,0.0
2014-03-06,41.23128128051758,0.0
2014-03-07,41.11610794067383,0.0
2014-03-10,41.11610794067383,0.0
2014-03-11,40.42508316040039,0.0
2014-03-12,40.30990982055664,0.0
2014-03-13,40.30990982055664,0.0
2014-03-14,40.19474029541016,0.0
2014-03-17,40.07957077026367,0.0
2014-03-18,40.07957077026367,0.0
2014-03-19,39.6188850402832,0.0
2014-03-20,39.50371170043945,0.0
2014-03-21,39.50371170043945,0.0
2014-03-24,39.84922790527344,0.0
2014-03-25,39.84922790527344,0.0
2014-03-26,40.30990982055664,0.0
2014-03-27,40.07957077026367,0.0
2014-03-28,40.42508316040039,0.0
2014-03-31,41.000938415527344,0.0
2014-04-01,41.000938415527344,0.0
2014-04-02,41.23128128051758,0.0
2014-04-03,41.000938415527344,0.0
2014-04-07,41.11610794067383,0.0
2014-04-08,40.77059555053711,0.0
2014-04-09,40.54025268554688,0.0
2014-04-10,40.65542602539063,0.0
2014-04-11,40.54025268554688,0.0
2014-04-14,40.30990982055664,0.0
2014-04-15,40.54025268554688,0.0
2014-04-16,40.88576889038086,0.0
2014-04-17,40.77059555053711,0.0
2014-04-18,41.000938415527344,0.0
2014-04-21,40.54025268554688,0.0
2014-04-22,40.19474029541016,0.0
2014-04-23,40.30990982055664,0.0
2014-04-24,40.30990982055664,0.0
2014-04-25,39.6188850402832,0.0
2014-04-28,39.84922790527344,0.0
2014-04-29,39.96439743041992,0.0
2014-04-30,39.50371170043945,0.0
2014-05-02,39.50371170043945,0.0
2014-05-05,39.96439743041992,0.0
2014-05-06,39.96439743041992,0.0
2014-05-07,39.73405456542969,0.0
2014-05-08,39.73405456542969,0.0
2014-05-09,39.50371170043945,0.0
2014-05-12,39.6188850402832,0.0
2014-05-13,39.84922790527344,0.0
2014-05-14,40.07957077026367,0.0
2014-05-15,39.96439743041992,0.0
2014-05-16,40.07957077026367,0.0
2014-05-19,39.73405456542969,0.0
2014-05-20,39.84922790527344,0.0
2014-05-21,39.50371170043945,0.0
2014-05-22,39.50371170043945,0.0
2014-05-23,39.73405456542969,0.0
2014-05-26,39.6188850402832,0.0
2014-05-27,39.6188850402832,0.0
2014-05-28,39.84922790527344,0.0
2014-05-29,39.50371170043945,0.0
2014-05-30,39.6188850402832,0.0
2014-06-03,39.04302978515625,0.0
2014-06-04,38.46717071533203,0.0
2014-06-05,38.12165832519531,0.0
2014-06-06,38.35200119018555,0.0
2014-06-09,38.697513580322266,0.0
2014-06-10,38.812686920166016,0.0
2014-06-11,38.697513580322266,0.0
2014-06-12,38.58234405517578,0.0
2014-06-13,38.35200119018555,0.0
2014-06-16,38.00648880004883,0.0
2014-06-17,38.35200119018555,0.0
2014-06-18,38.812686920166016,0.0
2014-06-19,38.46717071533203,0.0
2014-06-20,38.46717071533203,0.0
2014-06-23,38.35200119018555,0.0
2014-06-24,38.12165832519531,0.0
2014-06-25,37.89131546020508,0.0
2014-06-26,38.00648880004883,0.0
2014-06-27,37.54580307006836,0.0
2014-06-30,37.54580307006836,0.0
2014-07-01,38.12165832519531,0.0
2014-07-02,38.12165832519531,0.0
2014-07-03,38.00648880004883,0.0
2014-07-04,38.00648880004883,0.0
2014-07-07,38.12165832519531,0.0
2014-07-08,38.00648880004883,0.0
2014-07-09,38.00648880004883,0.0
2014-07-10,38.9278564453125,0.0
2014-07-11,38.58234405517578,0.0
2014-07-14,39.38854217529297,0.0
2014-07-15,39.04302978515625,0.0
2014-07-16,39.158199310302734,0.0
2014-07-17,39.158199310302734,0.0
2014-07-18,39.158199310302734,0.0
2014-07-21,39.38854217529297,0.0
2014-07-22,39.84922790527344,0.0
2014-07-23,39.84922790527344,0.0
2014-07-24,39.84922790527344,0.0
2014-07-25,39.50371170043945,0.0
2014-07-28,39.6188850402832,0.0
2014-07-29,39.73405456542969,0.0
2014-07-30,40.07957077026367,0.0
2014-07-31,39.96439743041992,0.0
2014-08-01,39.84922790527344,0.0
2014-08-04,39.38854217529297,0.0
2014-08-05,38.58234405517578,0.0
2014-08-06,38.58234405517578,0.0
2014-08-07,38.812686920166016,0.0
2014-08-08,38.58234405517578,0.0
2014-08-11,38.812686920166016,0.0
2014-08-12,39.158199310302734,0.0
2014-08-13,40.07957077026367,0.0
2014-08-14,39.27337265014648,0.0
2014-08-15,39.50371170043945,0.0
2014-08-18,39.6188850402832,0.0
2014-08-19,39.6188850402832,0.0
2014-08-20,40.07957077026367,0.0
2014-08-21,40.19474029541016,0.0
2014-08-22,41.34645080566406,0.0
2014-08-25,42.498165130615234,0.0
2014-08-26,42.15264892578125,0.0
2014-08-27,42.267822265625,0.0
2014-08-28,42.037479400634766,0.0
2014-08-29,42.037479400634766,0.0
2014-09-01,41.46162414550781,0.0
2014-09-02,41.46162414550781,0.0
2014-09-03,41.69196319580078,0.0
2014-09-04,41.92230987548828,0.0
2014-09-05,42.498165130615234,0.0
2014-09-09,43.18918991088867,0.0
2014-09-10,42.61333465576172,0.0
2014-09-11,42.38299179077149,0.0
2014-09-12,41.46162414550781,0.0
2014-09-15,41.69196319580078,0.0
2014-09-16,41.23128128051758,0.0
2014-09-17,41.46162414550781,0.0
2014-09-18,42.15264892578125,0.0
2014-09-19,41.69196319580078,0.0
2014-09-22,40.65542602539063,0.0
2014-09-23,40.54025268554688,0.0
2014-09-24,41.11610794067383,0.0
2014-09-25,40.65542602539063,0.0
2014-09-26,40.65542602539063,0.0
2014-09-29,40.54025268554688,0.0
2014-09-30,41.11610794067383,0.0
2014-10-01,41.46162414550781,0.0
2014-10-02,41.46162414550781,0.0
2014-10-03,41.5767936706543,0.0
2014-10-06,41.80713653564453,0.0
2014-10-07,41.80713653564453,0.0
2014-10-08,40.42508316040039,0.0
2014-10-09,40.19474029541016,0.0
2014-10-13,39.6188850402832,0.0
2014-10-14,41.11610794067383,0.0
2014-10-15,40.65542602539063,0.0
2014-10-16,40.42508316040039,0.0
2014-10-17,40.30990982055664,0.0
2014-10-20,40.88576889038086,0.0
2014-10-21,40.19474029541016,0.0
2014-10-22,40.65542602539063,0.0
2014-10-23,42.38299179077149,0.0
2014-10-24,41.23128128051758,0.0
2014-10-27,40.77059555053711,0.0
2014-10-28,41.69196319580078,0.0
2014-10-29,41.11610794067383,0.0
2014-10-30,41.11610794067383,0.0
2014-10-31,41.34645080566406,0.0
2014-11-03,41.5767936706543,0.0
2014-11-04,41.46162414550781,0.0
2014-11-05,43.419532775878906,0.0
2014-11-06,43.07402038574219,0.0
2014-11-07,42.95884704589844,0.0
2014-11-10,43.18918991088867,0.0
2014-11-11,43.419532775878906,0.0
2014-11-12,43.53470230102539,0.0
2014-11-13,43.30436325073242,0.0
2014-11-14,43.765045166015625,0.0
2014-11-17,43.30436325073242,0.0
2014-11-18,41.11610794067383,0.0
2014-11-19,42.15264892578125,0.0
2014-11-20,41.46162414550781,0.0
2014-11-21,41.92230987548828,0.0
2014-11-24,42.61333465576172,0.0
2014-11-25,41.92230987548828,0.0
2014-11-26,41.23128128051758,0.0
2014-11-27,40.88576889038086,0.0
2014-11-28,42.267822265625,0.0
2014-12-01,42.037479400634766,0.0
2014-12-02,41.46162414550781,0.0
2014-12-03,42.84367752075195,0.0
2014-12-04,44.80158615112305,0.0
2014-12-05,43.99538803100586,0.0
2014-12-08,44.80158615112305,0.0
2014-12-09,44.225730895996094,0.0
2014-12-10,43.765045166015625,0.0
2014-12-11,43.64987564086914,0.0
2014-12-12,43.880218505859375,0.0
2014-12-15,45.14710235595703,0.0
2014-12-16,45.49261474609375,0.0
2014-12-17,44.11056137084961,0.0
2014-12-18,46.989837646484375,0.0
2014-12-19,50.214630126953125,0.0
2014-12-22,49.98429107666016,0.0
2014-12-23,50.09946060180664,0.0
2014-12-24,50.90565872192383,0.0
2014-12-25,50.56014633178711,0.0
2014-12-26,50.790489196777344,0.0
2014-12-29,49.98429107666016,0.0
2014-12-30,50.790489196777344,0.0
2014-12-31,51.59668731689453,0.0
2015-01-05,51.711856842041016,0.0
2015-01-06,51.13600158691406,0.0
2015-01-07,53.554595947265625,0.0
2015-01-08,52.5180549621582,0.0
2015-01-09,56.08836364746094,0.0
2015-01-12,55.51250457763672,0.0
2015-01-13,56.433876037597656,0.0
2015-01-14,55.97319030761719,0.0
2015-01-15,53.78493881225586,0.0
2015-01-16,54.59113693237305,0.0
2015-01-19,52.86356735229492,0.0
2015-01-20,53.09391021728516,0.0
2015-01-21,53.90010833740234,0.0
2015-01-22,53.554595947265625,0.0
2015-01-23,53.32425308227539,0.0
2015-01-26,53.43942642211914,0.0
2015-01-27,53.669769287109375,0.0
2015-01-28,52.86356735229492,0.0
2015-01-29,51.59668731689453,0.0
2015-01-30,51.59668731689453,0.0
2015-02-02,49.75394821166992,0.0
2015-02-03,49.75394821166992,0.0
2015-02-04,50.09946060180664,0.0
2015-02-05,51.94219970703125,0.0
2015-02-06,51.94219970703125,0.0
2015-02-09,51.59668731689453,0.0
2015-02-10,51.13600158691406,0.0
2015-02-11,50.56014633178711,0.0
2015-02-12,52.28771209716797,0.0
2015-02-13,52.5180549621582,0.0
2015-02-24,51.711856842041016,0.0
2015-02-25,52.40288543701172,0.0
2015-02-26,53.09391021728516,0.0
2015-03-02,53.43942642211914,0.0
2015-03-03,52.97874069213867,0.0
2015-03-04,51.59668731689453,0.0
2015-03-05,50.44497680664063,0.0
2015-03-06,51.48151397705078,0.0
2015-03-09,50.32980346679688,0.0
2015-03-10,49.98429107666016,0.0
2015-03-11,50.90565872192383,0.0
2015-03-12,52.40288543701172,0.0
2015-03-13,52.5180549621582,0.0
2015-03-16,52.86356735229492,0.0
2015-03-17,54.36079406738281,0.0
2015-03-18,54.70630645751953,0.0
2015-03-19,54.13045120239258,0.0
2015-03-20,52.97874069213867,0.0
2015-03-23,52.17254257202149,0.0
2015-03-24,53.669769287109375,0.0
2015-03-25,53.209083557128906,0.0
2015-03-26,51.13600158691406,0.0
2015-03-27,50.56014633178711,0.0
2015-03-30,51.02083206176758,0.0
2015-03-31,53.554595947265625,0.0
2015-04-01,53.32425308227539,0.0
2015-04-02,53.32425308227539,0.0
2015-04-07,54.015281677246094,0.0
2015-04-08,53.209083557128906,0.0
2015-04-09,53.669769287109375,0.0
2015-04-10,53.209083557128906,0.0
2015-04-13,54.59113693237305,0.0
2015-04-14,54.59113693237305,0.0
2015-04-15,53.32425308227539,0.0
2015-04-16,53.209083557128906,0.0
2015-04-17,52.40288543701172,0.0
2015-04-20,48.947750091552734,0.0
2015-04-21,49.52360534667969,0.0
2015-04-22,49.75394821166992,0.0
2015-04-23,50.214630126953125,0.0
2015-04-24,46.87466812133789,0.0
2015-04-27,45.14710235595703,0.0
2015-04-28,46.18363952636719,0.0
2015-04-29,47.565696716308594,0.0
2015-04-30,48.0263786315918,0.0
2015-05-04,47.91120910644531,0.0
2015-05-05,48.37189483642578,0.0
2015-05-06,46.52915573120117,0.0
2015-05-07,46.29881286621094,0.0
2015-05-08,46.759498596191406,0.0
2015-05-11,45.95330047607422,0.0
2015-05-12,46.29881286621094,0.0
2015-05-13,46.41398239135742,0.0
2015-05-14,47.105010986328125,0.0
2015-05-15,45.83812713623047,0.0
2015-05-18,44.45607376098633,0.0
2015-05-19,45.37744140625,0.0
2015-05-20,44.68641662597656,0.0
2015-05-21,41.5767936706543,0.0
2015-05-22,41.5767936706543,0.0
2015-05-25,41.5767936706543,0.0
2015-05-26,41.34645080566406,0.0
2015-05-27,40.88576889038086,0.0
2015-05-28,40.42508316040039,0.0
2015-05-29,40.65542602539063,0.0
2015-06-01,39.27337265014648,0.0
2015-06-02,39.158199310302734,0.0
2015-06-03,38.697513580322266,0.0
2015-06-04,38.00648880004883,0.0
2015-06-05,37.776145935058594,0.0
2015-06-08,36.50926208496094,0.0
2015-06-09,34.551353454589844,0.0
2015-06-10,36.969947814941406,0.0
2015-06-11,36.16374969482422,0.0
2015-06-12,35.933406829833984,0.0
2015-06-15,34.89686584472656,0.0
2015-06-16,34.090667724609375,0.0
2015-06-17,34.090667724609375,0.0
2015-06-18,36.73960494995117,0.0
2015-06-22,36.04857635498047,0.0
2015-06-23,35.47272109985352,0.0
2015-06-24,35.24237823486328,0.0
2015-06-25,36.2789192199707,0.0
2015-06-26,36.62443542480469,0.0
2015-06-29,36.2789192199707,0.0
2015-06-30,36.854774475097656,0.0
2015-07-01,38.23683166503906,0.0
2015-07-02,38.12165832519531,0.0
2015-07-03,37.66097259521485,0.0
2015-07-06,38.58234405517578,0.0
2015-07-07,40.42508316040039,0.0
2015-07-08,39.6188850402832,0.0
2015-07-09,38.812686920166016,0.0
2015-07-10,38.812686920166016,0.0
2015-07-13,38.812686920166016,0.0
2015-07-14,38.812686920166016,0.0
2015-07-15,39.96439743041992,0.0
2015-07-16,39.73405456542969,0.0
2015-07-17,39.6188850402832,0.0
2015-07-20,37.315460205078125,0.0
2015-07-21,37.54580307006836,0.0
2015-07-22,37.315460205078125,0.0
2015-07-23,37.92126083374024,0.230319
2015-07-24,36.87435531616211,0.0
2015-07-27,35.24583435058594,0.0
2015-07-28,33.84996032714844,0.0
2015-07-29,35.129512786865234,0.0
2015-07-30,35.36215591430664,0.0
2015-07-31,35.24583435058594,0.0
2015-08-03,36.758033752441406,0.0
2015-08-04,36.64170837402344,0.0
2015-08-05,37.80493927001953,0.0
2015-08-06,37.33964538574219,0.0
2015-08-07,36.99067687988281,0.0
2015-08-10,37.92126083374024,0.0
2015-08-11,36.99067687988281,0.0
2015-08-12,36.060096740722656,0.0
2015-08-13,36.060096740722656,0.0
2015-08-14,35.711124420166016,0.0
2015-08-17,34.54789733886719,0.0
2015-08-18,34.66421890258789,0.0
2015-08-19,34.08260726928711,0.0
2015-08-20,34.08260726928711,0.0
2015-08-21,33.617313385009766,0.0
2015-08-24,30.9418888092041,0.0
2015-08-25,31.290855407714844,0.0
2015-08-26,31.40717887878418,0.0
2015-08-27,32.33776092529297,0.0
2015-08-28,33.15202331542969,0.0
2015-08-31,33.15202331542969,0.0
2015-09-01,32.57040786743164,0.0
2015-09-02,32.45408630371094,0.0
2015-09-03,32.57040786743164,0.0
2015-09-04,32.10511779785156,0.0
2015-09-07,32.221439361572266,0.0
2015-09-08,32.45408630371094,0.0
2015-09-09,33.84996032714844,0.0
2015-09-10,34.89686584472656,0.0
2015-09-11,34.54789733886719,0.0
2015-09-14,34.54789733886719,0.0
2015-09-15,34.431575775146484,0.0
2015-09-16,34.19892883300781,0.0
2015-09-17,34.89686584472656,0.0
2015-09-18,34.31525039672852,0.0
2015-09-21,33.50099182128906,0.0
2015-09-22,33.84996032714844,0.0
2015-09-23,32.686729431152344,0.0
2015-09-24,32.10511779785156,0.0
2015-09-25,31.87247085571289,0.0
2015-09-29,31.87247085571289,0.0
2015-09-30,32.221439361572266,0.0
2015-10-01,32.919376373291016,0.0
2015-10-02,32.80305480957031,0.0
2015-10-05,33.15202331542969,0.0
2015-10-06,33.617313385009766,0.0
2015-10-07,33.617313385009766,0.0
2015-10-08,33.50099182128906,0.0
2015-10-12,34.66421890258789,0.0
2015-10-13,34.89686584472656,0.0
2015-10-14,34.54789733886719,0.0
2015-10-15,34.78054428100586,0.0
2015-10-16,34.89686584472656,0.0
2015-10-19,34.78054428100586,0.0
2015-10-20,34.66421890258789,0.0
2015-10-21,34.431575775146484,0.0
2015-10-22,34.08260726928711,0.0
2015-10-23,34.89686584472656,0.0
2015-10-26,35.59480285644531,0.0
2015-10-27,34.89686584472656,0.0
2015-10-28,34.66421890258789,0.0
2015-10-29,34.19892883300781,0.0
2015-10-30,33.733638763427734,0.0
2015-11-02,34.54789733886719,0.0
2015-11-03,34.78054428100586,0.0
2015-11-04,34.66421890258789,0.0
2015-11-05,35.013187408447266,0.0
2015-11-06,33.84996032714844,0.0
2015-11-09,33.617313385009766,0.0
2015-11-10,32.80305480957031,0.0
2015-11-11,32.57040786743164,0.0
2015-11-12,32.57040786743164,0.0
2015-11-13,32.221439361572266,0.0
2015-11-16,31.63982582092285,0.0
2015-11-17,31.756147384643555,0.0
2015-11-18,31.290855407714844,0.0
2015-11-19,31.40717887878418,0.0
2015-11-20,30.82556533813477,0.0
2015-11-23,30.592918395996094,0.0
2015-11-24,30.127628326416016,0.0
2015-11-25,29.31336784362793,0.0
2015-11-26,30.36027336120605,0.0
2015-11-27,30.127628326416016,0.0
2015-11-30,30.127628326416016,0.0
2015-12-01,30.01130485534668,0.0
2015-12-02,30.127628326416016,0.0
2015-12-03,30.36027336120605,0.0
2015-12-04,30.127628326416016,0.0
2015-12-07,30.24394989013672,0.0
2015-12-08,29.662336349487305,0.0
2015-12-09,29.662336349487305,0.0
2015-12-10,29.894981384277344,0.0
2015-12-11,29.42968940734864,0.0
2015-12-14,29.1970443725586,0.0
2015-12-15,29.08072280883789,0.0
2015-12-16,29.662336349487305,0.0
2015-12-17,30.47659683227539,0.0
2015-12-18,30.24394989013672,0.0
2015-12-21,30.9418888092041,0.0
2015-12-22,30.82556533813477,0.0
2015-12-23,30.9418888092041,0.0
2015-12-24,30.82556533813477,0.0
2015-12-25,31.40717887878418,0.0
2015-12-28,30.9418888092041,0.0
2015-12-29,31.058210372924805,0.0
2015-12-30,31.17453384399414,0.0
2015-12-31,30.82556533813477,0.0
2016-01-04,29.77865982055664,0.0
2016-01-05,29.77865982055664,0.0
2016-01-06,29.31336784362793,0.0
2016-01-07,28.84807586669922,0.0
2016-01-08,28.964399337768555,0.0
2016-01-11,27.801170349121094,0.0
2016-01-12,27.68484687805176,0.0
2016-01-13,27.568523406982425,0.0
2016-01-14,26.986909866333008,0.0
2016-01-15,26.63794136047364,0.0
2016-01-18,27.219554901123047,0.0
2016-01-19,26.870586395263672,0.0
2016-01-20,26.056325912475582,0.0
2016-01-21,25.823680877685547,0.0
2016-01-22,25.940004348754883,0.0
2016-01-25,26.521617889404297,0.0
2016-01-26,26.40529441833496,0.0
2016-01-27,26.056325912475582,0.0
2016-01-28,26.521617889404297,0.0
2016-01-29,26.986909866333008,0.0
2016-02-01,28.033815383911133,0.0
2016-02-02,28.033815383911133,0.0
2016-02-03,26.75426483154297,0.0
2016-02-15,27.219554901123047,0.0
2016-02-16,28.033815383911133,0.0
2016-02-17,27.219554901123047,0.0
2016-02-18,27.45220184326172,0.0
2016-02-19,27.91749382019043,0.0
2016-02-22,28.26646041870117,0.0
2016-02-23,27.91749382019043,0.0
2016-02-24,28.15013885498047,0.0
2016-02-25,27.801170349121094,0.0
2016-02-26,27.91749382019043,0.0
2016-03-01,28.382783889770508,0.0
2016-03-02,29.894981384277344,0.0
2016-03-03,30.592918395996094,0.0
2016-03-04,30.592918395996094,0.0
2016-03-07,31.058210372924805,0.0
2016-03-08,31.290855407714844,0.0
2016-03-09,30.82556533813477,0.0
2016-03-10,30.47659683227539,0.0
2016-03-11,30.01130485534668,0.0
2016-03-14,30.01130485534668,0.0
2016-03-15,28.499107360839844,0.0
2016-03-16,29.54601287841797,0.0
2016-03-17,29.1970443725586,0.0
2016-03-18,29.08072280883789,0.0
2016-03-21,29.08072280883789,0.0
2016-03-22,28.84807586669922,0.0
2016-03-23,29.08072280883789,0.0
2016-03-24,28.499107360839844,0.0
2016-03-25,28.499107360839844,0.0
2016-03-28,28.499107360839844,0.0
2016-03-29,28.15013885498047,0.0
2016-03-30,28.033815383911133,0.0
2016-03-31,27.801170349121094,0.0
2016-04-01,27.91749382019043,0.0
2016-04-06,26.870586395263672,0.0
2016-04-07,26.63794136047364,0.0
2016-04-08,27.45220184326172,0.0
2016-04-11,28.033815383911133,0.0
2016-04-12,27.45220184326172,0.0
2016-04-13,28.382783889770508,0.0
2016-04-14,28.15013885498047,0.0
2016-04-15,28.499107360839844,0.0
2016-04-18,28.033815383911133,0.0
2016-04-19,27.68484687805176,0.0
2016-04-20,27.45220184326172,0.0
2016-04-21,27.568523406982425,0.0
2016-04-22,27.68484687805176,0.0
2016-04-25,28.26646041870117,0.0
2016-04-26,28.61543083190918,0.0
2016-04-27,28.731752395629883,0.0
2016-04-28,28.033815383911133,0.0
2016-04-29,27.68484687805176,0.0
2016-05-03,27.45220184326172,0.0
2016-05-04,26.63794136047364,0.0
2016-05-05,26.17264938354492,0.0
2016-05-06,27.568523406982425,0.0
2016-05-09,27.335878372192383,0.0
2016-05-10,26.986909866333008,0.0
2016-05-11,26.63794136047364,0.0
2016-05-12,26.28897285461425,0.0
2016-05-13,26.056325912475582,0.0
2016-05-16,25.823680877685547,0.0
2016-05-17,25.70735740661621,0.0
2016-05-18,25.823680877685547,0.0
2016-05-19,26.056325912475582,0.0
2016-05-20,25.591035842895508,0.0
2016-05-23,26.056325912475582,0.0
2016-05-24,25.823680877685547,0.0
2016-05-25,26.17264938354492,0.0
2016-05-26,26.056325912475582,0.0
2016-05-27,26.17264938354492,0.0
2016-05-30,26.521617889404297,0.0
2016-05-31,26.75426483154297,0.0
2016-06-01,27.68484687805176,0.0
2016-06-02,27.91749382019043,0.0
2016-06-03,27.335878372192383,0.0
2016-06-06,27.335878372192383,0.0
2016-06-07,27.568523406982425,0.0
2016-06-08,28.26646041870117,0.0
2016-06-13,27.568523406982425,0.0
2016-06-14,27.68484687805176,0.0
2016-06-15,27.335878372192383,0.0
2016-06-16,27.335878372192383,0.0
2016-06-17,27.219554901123047,0.0
2016-06-20,27.91749382019043,0.0
2016-06-21,28.033815383911133,0.0
2016-06-22,28.731752395629883,0.0
2016-06-23,28.26646041870117,0.0
2016-06-24,27.335878372192383,0.0
2016-06-27,27.45220184326172,0.0
2016-06-28,27.335878372192383,0.0
2016-06-29,27.68484687805176,0.0
2016-06-30,27.801170349121094,0.0
2016-07-01,28.26646041870117,0.0
2016-07-04,28.61543083190918,0.0
2016-07-05,28.382783889770508,0.0
2016-07-06,27.568523406982425,0.0
2016-07-07,27.68484687805176,0.0
2016-07-08,27.68484687805176,0.0
2016-07-11,28.382783889770508,0.0
2016-07-12,28.382783889770508,0.0
2016-07-13,28.033815383911133,0.0
2016-07-14,28.61543083190918,0.0
2016-07-15,28.84807586669922,0.0
2016-07-18,28.84807586669922,0.0
2016-07-19,29.42968940734864,0.0
2016-07-20,29.08072280883789,0.0
2016-07-21,29.54601287841797,0.0
2016-07-22,29.1970443725586,0.0
2016-07-25,29.08072280883789,0.0
2016-07-26,29.08072280883789,0.0
2016-07-27,28.84807586669922,0.0
2016-07-28,28.964399337768555,0.0
2016-07-29,28.731752395629883,0.0
2016-08-01,28.84807586669922,0.0
2016-08-02,28.15013885498047,0.0
2016-08-03,28.033815383911133,0.0
2016-08-04,28.15013885498047,0.0
2016-08-05,28.26646041870117,0.0
2016-08-08,28.033815383911133,0.0
2016-08-09,27.91749382019043,0.0
2016-08-10,28.15013885498047,0.0
2016-08-11,27.91749382019043,0.0
2016-08-12,27.91749382019043,0.0
2016-08-15,27.91749382019043,0.0
2016-08-16,27.91749382019043,0.0
2016-08-17,27.91749382019043,0.0
2016-08-18,28.033815383911133,0.0
2016-08-19,27.91749382019043,0.0
2016-08-22,27.801170349121094,0.0
2016-08-23,27.801170349121094,0.0
2016-08-24,27.801170349121094,0.0
2016-08-25,28.033815383911133,0.0
2016-08-26,27.68484687805176,0.0
2016-08-29,27.68484687805176,0.0
2016-08-30,27.45220184326172,0.0
2016-08-31,28.15013885498047,0.0
2016-09-01,30.70924186706543,0.0
2016-09-02,32.45408630371094,0.0
2016-09-05,32.45408630371094,0.0
2016-09-06,31.756147384643555,0.0
2016-09-07,31.87247085571289,0.0
2016-09-08,32.33776092529297,0.0
2016-09-09,32.57040786743164,0.0
2016-09-12,30.592918395996094,0.0
2016-09-13,30.47659683227539,0.0
2016-09-14,30.01130485534668,0.0
2016-09-19,30.01130485534668,0.0
2016-09-20,30.82556533813477,0.0
2016-09-21,30.127628326416016,0.0
2016-09-22,30.24394989013672,0.0
2016-09-23,30.127628326416016,0.0
2016-09-26,29.894981384277344,0.0
2016-09-27,29.894981384277344,0.0
2016-09-28,29.894981384277344,0.0
2016-09-29,29.42968940734864,0.0
2016-09-30,28.26646041870117,0.0
2016-10-03,28.033815383911133,0.0
2016-10-04,28.26646041870117,0.0
2016-10-05,28.26646041870117,0.0
2016-10-06,28.033815383911133,0.0
2016-10-07,28.15013885498047,0.0
2016-10-11,27.91749382019043,0.0
2016-10-12,28.26646041870117,0.0
2016-10-13,27.91749382019043,0.0
2016-10-14,27.801170349121094,0.0
2016-10-17,27.801170349121094,0.0
2016-10-18,27.801170349121094,0.0
2016-10-19,27.801170349121094,0.0
2016-10-20,28.382783889770508,0.0
2016-10-21,28.033815383911133,0.0
2016-10-24,27.91749382019043,0.0
2016-10-25,27.91749382019043,0.0
2016-10-26,27.68484687805176,0.0
2016-10-27,27.45220184326172,0.0
2016-10-28,27.335878372192383,0.0
2016-10-31,27.45220184326172,0.0
2016-11-01,27.219554901123047,0.0
2016-11-02,26.986909866333008,0.0
2016-11-03,26.75426483154297,0.0
2016-11-04,26.75426483154297,0.0
2016-11-07,27.219554901123047,0.0
2016-11-08,26.75426483154297,0.0
2016-11-09,26.40529441833496,0.0
2016-11-10,26.870586395263672,0.0
2016-11-11,26.870586395263672,0.0
2016-11-14,27.91749382019043,0.0
2016-11-15,27.68484687805176,0.0
2016-11-16,27.801170349121094,0.0
2016-11-17,27.91749382019043,0.0
2016-11-18,28.033815383911133,0.0
2016-11-21,27.68484687805176,0.0
2016-11-22,27.91749382019043,0.0
2016-11-23,27.68484687805176,0.0
2016-11-24,27.801170349121094,0.0
2016-11-25,28.15013885498047,0.0
2016-11-28,27.91749382019043,0.0
2016-11-29,27.91749382019043,0.0
2016-11-30,28.033815383911133,0.0
2016-12-01,27.568523406982425,0.0
2016-12-02,27.10323143005371,0.0
2016-12-05,26.870586395263672,0.0
2016-12-06,26.75426483154297,0.0
2016-12-07,26.870586395263672,0.0
2016-12-08,27.219554901123047,0.0
2016-12-09,27.219554901123047,0.0
2016-12-12,26.870586395263672,0.0
2016-12-13,26.75426483154297,0.0
2016-12-14,26.40529441833496,0.0
2016-12-15,26.521617889404297,0.0
2016-12-16,26.40529441833496,0.0
2016-12-19,26.28897285461425,0.0
2016-12-20,25.940004348754883,0.0
2016-12-21,25.823680877685547,0.0
2016-12-22,25.591035842895508,0.0
2016-12-23,25.591035842895508,0.0
2016-12-26,25.823680877685547,0.0
2016-12-27,25.591035842895508,0.0
2016-12-28,25.70735740661621,0.0
2016-12-29,25.591035842895508,0.0
2016-12-30,25.823680877685547,0.0
2017-01-03,26.986909866333008,0.0
2017-01-04,27.10323143005371,0.0
2017-01-05,26.870586395263672,0.0
2017-01-06,27.68484687805176,0.0
2017-01-09,27.91749382019043,0.0
2017-01-10,27.91749382019043,0.0
2017-01-11,29.08072280883789,0.0
2017-01-12,29.42968940734864,0.0
2017-01-13,29.1970443725586,0.0
2017-01-16,28.61543083190918,0.0
2017-01-17,29.1970443725586,0.0
2017-01-18,29.662336349487305,0.0
2017-01-19,30.01130485534668,0.0
2017-01-20,29.77865982055664,0.0
2017-01-23,30.01130485534668,0.0
2017-01-24,30.01130485534668,0.0
2017-02-02,30.9418888092041,0.0
2017-02-03,31.40717887878418,0.0
2017-02-06,31.40717887878418,0.0
2017-02-07,30.70924186706543,0.0
2017-02-08,30.24394989013672,0.0
2017-02-09,30.9418888092041,0.0
2017-02-10,31.988794326782227,0.0
2017-02-13,32.10511779785156,0.0
2017-02-14,31.988794326782227,0.0
2017-02-15,33.035701751708984,0.0
2017-02-16,32.919376373291016,0.0
2017-02-17,32.686729431152344,0.0
2017-02-20,33.035701751708984,0.0
2017-02-21,33.035701751708984,0.0
2017-02-22,33.384666442871094,0.0
2017-02-23,33.384666442871094,0.0
2017-02-24,33.84996032714844,0.0
2017-03-01,34.89686584472656,0.0
2017-03-02,35.59480285644531,0.0
2017-03-03,35.24583435058594,0.0
2017-03-06,35.013187408447266,0.0
2017-03-07,34.89686584472656,0.0
2017-03-08,34.66421890258789,0.0
2017-03-09,34.78054428100586,0.0
2017-03-10,33.617313385009766,0.0
2017-03-13,34.08260726928711,0.0
2017-03-14,33.96628189086914,0.0
2017-03-15,33.733638763427734,0.0
2017-03-16,34.08260726928711,0.0
2017-03-17,34.19892883300781,0.0
2017-03-20,33.384666442871094,0.0
2017-03-21,32.686729431152344,0.0
2017-03-22,32.57040786743164,0.0
2017-03-23,33.26834487915039,0.0
2017-03-24,33.035701751708984,0.0
2017-03-27,32.33776092529297,0.0
2017-03-28,32.10511779785156,0.0
2017-03-29,32.919376373291016,0.0
2017-03-30,32.80305480957031,0.0
2017-03-31,33.035701751708984,0.0
2017-04-05,32.45408630371094,0.0
2017-04-06,31.756147384643555,0.0
2017-04-07,31.87247085571289,0.0
2017-04-10,31.52350234985352,0.0
2017-04-11,31.988794326782227,0.0
2017-04-12,31.988794326782227,0.0
2017-04-13,32.10511779785156,0.0
2017-04-14,31.290855407714844,0.0
2017-04-17,30.47659683227539,0.0
2017-04-18,31.756147384643555,0.0
2017-04-19,30.82556533813477,0.0
2017-04-20,30.592918395996094,0.0
2017-04-21,30.82556533813477,0.0
2017-04-24,30.24394989013672,0.0
2017-04-25,31.40717887878418,0.0
2017-04-26,31.87247085571289,0.0
2017-04-27,31.63982582092285,0.0
2017-04-28,30.9418888092041,0.0
2017-05-02,32.221439361572266,0.0
2017-05-03,31.988794326782227,0.0
2017-05-04,31.988794326782227,0.0
2017-05-05,31.63982582092285,0.0
2017-05-08,31.40717887878418,0.0
2017-05-09,30.36027336120605,0.0
2017-05-10,30.70924186706543,0.0
2017-05-11,30.592918395996094,0.0
2017-05-12,30.70924186706543,0.0
2017-05-15,31.058210372924805,0.0
2017-05-16,31.40717887878418,0.0
2017-05-17,30.47659683227539,0.0
2017-05-18,31.63982582092285,0.0
2017-05-19,31.52350234985352,0.0
2017-05-22,31.52350234985352,0.0
2017-05-23,32.10511779785156,0.0
2017-05-24,32.33776092529297,0.0
2017-05-25,33.733638763427734,0.0
2017-05-26,34.54789733886719,0.0
2017-05-31,35.129512786865234,0.0
2017-06-01,34.89686584472656,0.0
2017-06-02,34.66421890258789,0.0
2017-06-05,35.129512786865234,0.0
2017-06-06,35.013187408447266,0.0
2017-06-07,35.129512786865234,0.0
2017-06-08,35.36215591430664,0.0
2017-06-09,34.54789733886719,0.0
2017-06-12,34.78054428100586,0.0
2017-06-13,35.129512786865234,0.0
2017-06-14,33.617313385009766,0.0
2017-06-15,34.431575775146484,0.0
2017-06-16,34.19892883300781,0.0
2017-06-19,34.66421890258789,0.0
2017-06-20,34.78054428100586,0.0
2017-06-21,34.89686584472656,0.0
2017-06-22,35.47848129272461,0.0
2017-06-23,35.24583435058594,0.0
2017-06-26,35.129512786865234,0.0
2017-06-27,34.78054428100586,0.0
2017-06-28,34.31525039672852,0.0
2017-06-29,35.94377136230469,0.0
2017-06-30,35.94377136230469,0.0
2017-07-03,37.68861389160156,0.0
2017-07-04,39.31713485717773,0.0
2017-07-05,38.851844787597656,0.0
2017-07-06,38.73551940917969,0.0
2017-07-07,37.92126083374024,0.0
2017-07-10,38.38655471801758,0.0
2017-07-11,38.27022933959961,0.0
2017-07-12,38.153907775878906,0.0
2017-07-13,38.27022933959961,0.0
2017-07-14,37.33964538574219,0.0
2017-07-17,38.03758239746094,0.0
2017-07-18,37.92126083374024,0.0
2017-07-19,38.153907775878906,0.0
2017-07-20,38.50287628173828,0.0
2017-07-21,37.92126083374024,0.0
2017-07-24,37.92126083374024,0.0
2017-07-25,37.68861389160156,0.0
2017-07-26,37.45597076416016,0.0
2017-07-27,37.80493927001953,0.0
2017-07-28,38.03758239746094,0.0
2017-07-31,38.50287628173828,0.0
2017-08-01,37.92126083374024,0.0
2017-08-02,38.153907775878906,0.0
2017-08-03,38.38655471801758,0.0
2017-08-04,37.92126083374024,0.0
2017-08-07,38.153907775878906,0.0
2017-08-08,38.61919784545898,0.0
2017-08-09,38.03758239746094,0.0
2017-08-10,37.10700225830078,0.0
2017-08-11,37.57229232788086,0.0
2017-08-14,41.29462432861328,0.0
2017-08-15,42.341529846191406,0.0
2017-08-16,44.78430938720703,0.0
2017-08-17,46.52915573120117,0.0
2017-08-18,49.32090377807617,0.0
2017-08-21,48.855613708496094,0.0
2017-08-22,48.9719352722168,0.0
2017-08-23,49.66987228393555,0.0
2017-08-24,50.135162353515625,0.0
2017-08-25,51.182071685791016,0.0
2017-08-28,50.71677780151367,0.0
2017-08-29,51.182071685791016,0.0
2017-08-30,52.57794570922852,0.0
2017-08-31,53.50852966308594,0.0
2017-09-01,52.11265182495117,0.0
2017-09-04,50.01884078979492,0.0
2017-09-05,51.182071685791016,0.0
2017-09-06,50.71677780151367,0.0
2017-09-07,51.880008697509766,0.0
2017-09-08,51.64736175537109,0.0
2017-09-11,50.2514877319336,0.0
2017-09-12,49.32090377807617,0.0
2017-09-13,46.87812423706055,0.0
2017-09-14,47.6923828125,0.0
2017-09-15,46.06386184692383,0.0
2017-09-18,44.20269775390625,0.0
2017-09-19,44.551666259765625,0.0
2017-09-20,43.5047607421875,0.0
2017-09-21,44.551666259765625,0.0
2017-09-22,43.5047607421875,0.0
2017-09-25,41.643592834472656,0.0
2017-09-26,41.75991439819336,0.0
2017-09-27,41.99256134033203,0.0
2017-09-28,41.29462432861328,0.0
2017-09-29,40.713008880615234,0.0
2017-10-02,42.10888671875,0.0
2017-10-03,41.643592834472656,0.0
2017-10-05,41.75991439819336,0.0
2017-10-06,42.69049835205078,0.0
2017-10-11,40.94565582275391,0.0
2017-10-12,40.48036575317383,0.0
2017-10-13,41.643592834472656,0.0
2017-10-16,40.8293342590332,0.0
2017-10-17,39.89875030517578,0.0
2017-10-18,39.20081329345703,0.0
2017-10-19,39.4334602355957,0.0
2017-10-20,39.89875030517578,0.0
2017-10-23,41.87623977661133,0.0
2017-10-24,43.737403869628906,0.0
2017-10-25,42.69049835205078,0.0
2017-10-26,41.87623977661133,0.0
2017-10-27,41.29462432861328,0.0
2017-10-30,42.10888671875,0.0
2017-10-31,41.99256134033203,0.0
2017-11-01,40.36404037475586,0.0
2017-11-02,40.24771881103516,0.0
2017-11-03,40.94565582275391,0.0
2017-11-06,40.713008880615234,0.0
2017-11-07,39.12202072143555,0.0
2017-11-08,39.71120834350586,0.0
2017-11-09,40.53606796264648,0.0
2017-11-10,40.18255615234375,0.0
2017-11-13,39.59336853027344,0.0
2017-11-14,39.12202072143555,0.0
2017-11-15,39.47553253173828,0.0
2017-11-16,39.357696533203125,0.0
2017-11-17,39.2398567199707,0.0
2017-11-20,39.47553253173828,0.0
2017-11-21,39.47553253173828,0.0
2017-11-22,39.71120834350586,0.0
2017-11-23,39.47553253173828,0.0
2017-11-24,39.47553253173828,0.0
2017-11-27,39.47553253173828,0.0
2017-11-28,39.94688034057617,0.0
2017-11-29,39.59336853027344,0.0
2017-11-30,39.71120834350586,0.0
2017-12-01,39.829044342041016,0.0
2017-12-04,41.24309539794922,0.0
2017-12-05,40.653907775878906,0.0
2017-12-06,39.2398567199707,0.0
2017-12-07,38.1793212890625,0.0
2017-12-08,38.41499710083008,0.0
2017-12-11,38.88634490966797,0.0
2017-12-12,38.65066909790039,0.0
2017-12-13,39.2398567199707,0.0
2017-12-14,39.47553253173828,0.0
2017-12-15,39.00418472290039,0.0
2017-12-18,38.88634490966797,0.0
2017-12-19,38.41499710083008,0.0
2017-12-20,38.1793212890625,0.0
2017-12-21,38.41499710083008,0.0
2017-12-22,38.532833099365234,0.0
2017-12-25,38.76850891113281,0.0
2017-12-26,38.65066909790039,0.0
2017-12-27,39.2398567199707,0.0
2017-12-28,39.00418472290039,0.0
2017-12-29,38.532833099365234,0.0
2018-01-02,42.30363082885742,0.0
2018-01-03,41.71444320678711,0.0
2018-01-04,42.77497863769531,0.0
2018-01-05,44.07119369506836,0.0
2018-01-08,43.364166259765625,0.0
2018-01-09,42.89281845092773,0.0
2018-01-10,41.832279205322266,0.0
2018-01-11,42.06795501708984,0.0
2018-01-12,42.42146682739258,0.0
2018-01-15,42.539306640625,0.0
2018-01-16,41.95011901855469,0.0
2018-01-17,42.539306640625,0.0
2018-01-18,42.65714263916016,0.0
2018-01-19,42.539306640625,0.0
2018-01-22,41.24309539794922,0.0
2018-01-23,40.41823196411133,0.0
2018-01-24,41.47876739501953,0.0
2018-01-25,41.00741958618164,0.0
2018-01-26,40.653907775878906,0.0
2018-01-29,41.24309539794922,0.0
2018-01-30,40.53606796264648,0.0
2018-01-31,40.653907775878906,0.0
2018-02-01,40.41823196411133,0.0
2018-02-02,39.59336853027344,0.0
2018-02-05,38.76850891113281,0.0
2018-02-06,36.05824661254883,0.0
2018-02-07,36.529598236083984,0.0
2018-02-08,35.94041061401367,0.0
2018-02-09,35.58689880371094,0.0
2018-02-12,35.58689880371094,0.0
2018-02-21,36.529598236083984,0.0
2018-02-22,36.7652702331543,0.0
2018-02-23,36.529598236083984,0.0
2018-02-26,36.41175842285156,0.0
2018-02-27,36.41175842285156,0.0
2018-03-01,37.47229766845703,0.0
2018-03-02,36.64743423461914,0.0
2018-03-05,35.82257461547852,0.0
2018-03-06,35.46906280517578,0.0
2018-03-07,35.46906280517578,0.0
2018-03-08,35.58689880371094,0.0
2018-03-09,36.41175842285156,0.0
2018-03-12,37.35445785522461,0.0
2018-03-13,37.00094604492188,0.0
2018-03-14,37.00094604492188,0.0
2018-03-15,36.7652702331543,0.0
2018-03-16,36.7652702331543,0.0
2018-03-19,38.1793212890625,0.0
2018-03-20,38.061485290527344,0.0
2018-03-21,37.47229766845703,0.0
2018-03-22,37.1187858581543,0.0
2018-03-23,36.293922424316406,0.0
2018-03-26,35.82257461547852,0.0
2018-03-27,36.05824661254883,0.0
2018-03-28,35.58689880371094,0.0
2018-03-29,35.46906280517578,0.0
2018-03-30,35.58689880371094,0.0
2018-04-02,35.82257461547852,0.0
2018-04-03,35.704734802246094,0.0
2018-04-09,35.704734802246094,0.0
2018-04-10,35.58689880371094,0.0
2018-04-11,35.46906280517578,0.0
2018-04-12,35.35122299194336,0.0
2018-04-13,35.46906280517578,0.0
2018-04-16,35.11554718017578,0.0
2018-04-17,34.64419937133789,0.0
2018-04-18,34.76203536987305,0.0
2018-04-19,35.2333869934082,0.0
2018-04-20,35.2333869934082,0.0
2018-04-23,35.11554718017578,0.0
2018-04-24,34.29068756103516,0.0
2018-04-25,33.701499938964844,0.0
2018-04-26,33.465824127197266,0.0
2018-04-27,33.701499938964844,0.0
2018-04-30,35.58689880371094,0.0
2018-05-02,35.46906280517578,0.0
2018-05-03,35.35122299194336,0.0
2018-05-04,35.35122299194336,0.0
2018-05-07,35.2333869934082,0.0
2018-05-08,35.46906280517578,0.0
2018-05-09,35.35122299194336,0.0
2018-05-10,35.2333869934082,0.0
2018-05-11,35.2333869934082,0.0
2018-05-14,34.52635955810547,0.0
2018-05-15,34.8798713684082,0.0
2018-05-16,34.8798713684082,0.0
2018-05-17,34.64419937133789,0.0
2018-05-18,35.11554718017578,0.0
2018-05-21,35.58689880371094,0.0
2018-05-22,36.293922424316406,0.0
2018-05-23,35.94041061401367,0.0
2018-05-24,35.94041061401367,0.0
2018-05-25,35.58689880371094,0.0
2018-05-28,36.17608642578125,0.0
2018-05-29,35.46906280517578,0.0
2018-05-30,34.76203536987305,0.0
2018-05-31,34.997711181640625,0.0
2018-06-01,35.11554718017578,0.0
2018-06-04,35.2333869934082,0.0
2018-06-05,35.35122299194336,0.0
2018-06-06,35.2333869934082,0.0
2018-06-07,35.2333869934082,0.0
2018-06-08,34.8798713684082,0.0
2018-06-11,34.52635955810547,0.0
2018-06-12,34.76203536987305,0.0
2018-06-13,34.76203536987305,0.0
2018-06-14,34.76203536987305,0.0
2018-06-15,34.8798713684082,0.0
2018-06-19,34.29068756103516,0.0
2018-06-20,33.8193359375,0.0
2018-06-21,33.58366012573242,0.0
2018-06-22,33.23014831542969,0.0
2018-06-25,32.52312469482422,0.0
2018-06-26,31.344751358032227,0.0
2018-06-27,30.75556373596192,0.0
2018-06-28,30.51988983154297,0.0
2018-06-29,30.63772773742676,0.0
2018-07-02,31.462589263916016,0.0
2018-07-03,31.10907554626465,0.0
2018-07-04,30.873401641845703,0.0
2018-07-05,30.40205192565918,0.0
2018-07-06,30.28421401977539,0.0
2018-07-09,30.28421401977539,0.0
2018-07-10,30.63772773742676,0.0
2018-07-11,30.873401641845703,0.0
2018-07-12,30.40205192565918,0.0
2018-07-13,30.873401641845703,0.0
2018-07-16,30.63772773742676,0.0
2018-07-17,31.10907554626465,0.0
2018-07-18,31.58042526245117,0.0
2018-07-19,31.69826316833496,0.0
2018-07-20,31.58042526245117,0.0
2018-07-23,31.344751358032227,0.0
2018-07-24,31.933937072753903,0.0
2018-07-25,31.69826316833496,0.0
2018-07-26,32.05177688598633,0.0
2018-07-27,32.52312469482422,0.0
2018-07-30,32.40528869628906,0.0
2018-07-31,32.64096450805664,0.0
2018-08-01,33.34798812866211,0.0
2018-08-02,32.64096450805664,0.0
2018-08-03,32.994476318359375,0.0
2018-08-06,33.93717575073242,0.0
2018-08-07,33.8193359375,0.0
2018-08-08,33.34798812866211,0.0
2018-08-09,33.465824127197266,0.0
2018-08-10,32.7588005065918,0.0
2018-08-13,31.69826316833496,0.0
2018-08-14,31.81610107421875,0.0
2018-08-15,31.344751358032227,0.0
2018-08-16,31.344751358032227,0.0
2018-08-17,30.63772773742676,0.0
2018-08-20,30.873401641845703,0.0
2018-08-21,31.69826316833496,0.0
2018-08-22,32.169612884521484,0.0
2018-08-23,31.933937072753903,0.0
2018-08-24,31.462589263916016,0.0
2018-08-27,31.58042526245117,0.0
2018-08-28,31.933937072753903,0.0
2018-08-29,32.169612884521484,0.494917
2018-08-30,31.79842567443848,0.0
2018-08-31,32.29334259033203,0.0
2018-09-03,31.92215347290039,0.0
2018-09-04,31.92215347290039,0.0
2018-09-05,31.42723655700684,0.0
2018-09-06,31.17977905273437,0.0
2018-09-07,30.56113243103028,0.0
2018-09-10,29.94248580932617,0.0
2018-09-11,30.437402725219727,0.0
2018-09-12,30.18994331359864,0.0
2018-09-13,30.56113243103028,0.0
2018-09-14,30.68486213684082,0.0
2018-09-17,30.31367492675781,0.0
2018-09-18,30.31367492675781,0.0
2018-09-19,31.42723655700684,0.0
2018-09-20,31.17977905273437,0.0
2018-09-21,31.550966262817383,0.0
2018-09-25,31.92215347290039,0.0
2018-09-26,31.92215347290039,0.0
2018-09-27,32.29334259033203,0.0
2018-09-28,31.67469596862793,0.0
2018-10-01,32.29334259033203,0.0
2018-10-02,32.04588317871094,0.0
2018-10-03,31.79842567443848,0.0
2018-10-04,31.67469596862793,0.0
2018-10-05,30.808591842651367,0.0
2018-10-08,30.808591842651367,0.0
2018-10-09,31.056049346923828,0.0
2018-10-11,28.58146476745605,0.0
2018-10-12,28.952651977539062,0.0
2018-10-15,29.07638168334961,0.0
2018-10-16,29.07638168334961,0.0
2018-10-17,28.952651977539062,0.0
2018-10-18,30.06621551513672,0.0
2018-10-19,30.56113243103028,0.0
2018-10-22,30.18994331359864,0.0
2018-10-23,29.32383918762207,0.0
2018-10-24,29.32383918762207,0.0
2018-10-25,28.21027565002441,0.0
2018-10-26,27.96281623840332,0.0
2018-10-29,27.591630935668945,0.0
2018-10-30,28.0865478515625,0.0
2018-10-31,28.29761505126953,0.0
2018-11-01,27.925277709960938,0.0
2018-11-02,28.173503875732425,0.0
2018-11-05,28.29761505126953,0.0
2018-11-06,28.04939079284668,0.0
2018-11-07,28.04939079284668,0.0
2018-11-08,28.29761505126953,0.0
2018-11-09,27.925277709960938,0.0
2018-11-12,28.173503875732425,0.0
2018-11-13,28.29761505126953,0.0
2018-11-14,29.04228973388672,0.0
2018-11-15,29.04228973388672,0.0
2018-11-16,29.04228973388672,0.0
2018-11-19,29.04228973388672,0.0
2018-11-20,28.918176651000977,0.0
2018-11-21,29.04228973388672,0.0
2018-11-22,28.794063568115234,0.0
2018-11-23,28.42172622680664,0.0
2018-11-26,28.918176651000977,0.0
2018-11-27,29.166400909423828,0.0
2018-11-28,30.159299850463867,0.0
2018-11-29,29.78696250915528,0.0
2018-11-30,28.918176651000977,0.0
2018-12-03,29.662851333618164,0.0
2018-12-04,30.40752410888672,0.0
2018-12-05,30.28341293334961,0.0
2018-12-06,29.538738250732425,0.0
2018-12-07,29.78696250915528,0.0
2018-12-10,29.29051399230957,0.0
2018-12-11,29.911075592041016,0.0
2018-12-12,30.159299850463867,0.0
2018-12-13,31.0280876159668,0.0
2018-12-14,31.0280876159668,0.0
2018-12-17,31.896873474121094,0.0
2018-12-18,31.0280876159668,0.0
2018-12-19,31.152198791503903,0.0
2018-12-20,30.53163719177246,0.0
2018-12-21,29.911075592041016,0.0
2018-12-24,30.159299850463867,0.0
2018-12-25,29.41462516784668,0.0
2018-12-26,29.29051399230957,0.0
2018-12-27,29.78696250915528,0.0
2018-12-28,29.538738250732425,0.0
2019-01-02,29.538738250732425,0.0
2019-01-03,29.41462516784668,0.0
2019-01-04,28.794063568115234,0.0
2019-01-07,29.662851333618164,0.0
2019-01-08,29.41462516784668,0.0
2019-01-09,29.911075592041016,0.0
2019-01-10,29.78696250915528,0.0
2019-01-11,29.662851333618164,0.0
2019-01-14,29.166400909423828,0.0
2019-01-15,30.03518867492676,0.0
2019-01-16,29.78696250915528,0.0
2019-01-17,29.78696250915528,0.0
2019-01-18,29.911075592041016,0.0
2019-01-21,29.911075592041016,0.0
2019-01-22,30.03518867492676,0.0
2019-01-23,29.538738250732425,0.0
2019-01-24,29.78696250915528,0.0
2019-01-25,29.911075592041016,0.0
2019-01-28,29.911075592041016,0.0
2019-01-29,29.911075592041016,0.0
2019-01-30,29.662851333618164,0.0
2019-02-11,29.662851333618164,0.0
2019-02-12,29.538738250732425,0.0
2019-02-13,29.41462516784668,0.0
2019-02-14,29.538738250732425,0.0
2019-02-15,29.41462516784668,0.0
2019-02-18,29.41462516784668,0.0
2019-02-19,29.538738250732425,0.0
2019-02-20,29.78696250915528,0.0
2019-02-21,30.40752410888672,0.0
2019-02-22,30.159299850463867,0.0
2019-02-25,30.40752410888672,0.0
2019-02-26,31.0280876159668,0.0
2019-02-27,30.90397453308105,0.0
2019-03-04,30.779861450195312,0.0
2019-03-05,30.28341293334961,0.0
2019-03-06,30.40752410888672,0.0
2019-03-07,30.159299850463867,0.0
2019-03-08,30.159299850463867,0.0
2019-03-11,30.28341293334961,0.0
2019-03-12,30.53163719177246,0.0
2019-03-13,30.28341293334961,0.0
2019-03-14,29.911075592041016,0.0
2019-03-15,30.28341293334961,0.0
2019-03-18,30.159299850463867,0.0
2019-03-19,30.159299850463867,0.0
2019-03-20,30.159299850463867,0.0
2019-03-21,30.159299850463867,0.0
2019-03-22,30.40752410888672,0.0
2019-03-25,29.538738250732425,0.0
2019-03-26,29.41462516784668,0.0
2019-03-27,29.04228973388672,0.0
2019-03-28,29.04228973388672,0.0
2019-03-29,29.662851333618164,0.0
2019-04-01,29.41462516784668,0.0
2019-04-02,29.538738250732425,0.0
2019-04-03,29.78696250915528,0.0
2019-04-08,29.911075592041016,0.0
2019-04-09,29.911075592041016,0.0
2019-04-10,29.911075592041016,0.0
2019-04-11,30.28341293334961,0.0
2019-04-12,30.28341293334961,0.0
2019-04-15,31.27631187438965,0.0
2019-04-16,31.40042304992676,0.0
2019-04-17,31.5245361328125,0.0
2019-04-18,31.27631187438965,0.0
2019-04-19,32.14509963989258,0.0
2019-04-22,33.013885498046875,0.0
2019-04-23,33.38622283935547,0.0
2019-04-24,32.76565933227539,0.0
2019-04-25,33.262107849121094,0.0
2019-04-26,33.013885498046875,0.0
2019-04-29,33.262107849121094,0.0
2019-04-30,33.63444519042969,0.0
2019-05-02,34.13089370727539,0.0
2019-05-03,34.00678253173828,0.0
2019-05-06,32.3933219909668,0.0
2019-05-07,32.26921081542969,0.0
2019-05-08,32.14509963989258,0.0
2019-05-09,31.27631187438965,0.0
2019-05-10,31.0280876159668,0.0
2019-05-13,31.27631187438965,0.0
2019-05-14,30.655750274658203,0.0
2019-05-15,30.779861450195312,0.0
2019-05-16,30.53163719177246,0.0
2019-05-17,29.911075592041016,0.0
2019-05-20,29.911075592041016,0.0
2019-05-21,30.40752410888672,0.0
2019-05-22,30.03518867492676,0.0
2019-05-23,29.662851333618164,0.0
2019-05-24,30.03518867492676,0.0
2019-05-27,29.911075592041016,0.0
2019-05-28,29.538738250732425,0.0
2019-05-29,29.538738250732425,0.0
2019-05-30,29.538738250732425,0.0
2019-05-31,30.03518867492676,0.0
2019-06-03,29.662851333618164,0.0
2019-06-04,29.78696250915528,0.0
2019-06-05,29.78696250915528,0.0
2019-06-06,29.662851333618164,0.0
2019-06-10,29.911075592041016,0.0
2019-06-11,29.911075592041016,0.0
2019-06-12,29.911075592041016,0.0
2019-06-13,30.03518867492676,0.0
2019-06-14,29.911075592041016,0.0
2019-06-17,29.662851333618164,0.0
2019-06-18,29.78696250915528,0.0
2019-06-19,30.159299850463867,0.0
2019-06-20,31.0280876159668,0.0
2019-06-21,30.90397453308105,0.0
2019-06-24,31.0280876159668,0.0
2019-06-25,31.0280876159668,0.0
2019-06-26,31.27631187438965,0.0
2019-06-27,31.40042304992676,0.0
2019-06-28,30.90397453308105,0.0
2019-07-01,32.517433166503906,0.0
2019-07-02,33.013885498046875,0.0
2019-07-03,33.262107849121094,0.0
2019-07-04,33.51033401489258,0.0
2019-07-05,33.63444519042969,0.0
2019-07-08,33.013885498046875,0.0
2019-07-09,33.262107849121094,0.0
2019-07-10,33.38622283935547,0.0
2019-07-11,33.262107849121094,0.0
2019-07-12,32.8897705078125,0.0
2019-07-15,33.137996673583984,0.0
2019-07-16,33.38622283935547,0.0
2019-07-17,33.137996673583984,0.0
2019-07-18,33.51033401489258,0.0
2019-07-19,33.88267135620117,0.0
2019-07-22,35.12379455566406,0.0
2019-07-23,34.75145721435547,0.0
2019-07-24,34.13089370727539,0.0
2019-07-25,34.99968338012695,0.0
2019-07-26,34.75145721435547,0.0
2019-07-29,35.24790573120117,0.0
2019-07-30,35.37202072143555,0.0
2019-07-31,35.744354248046875,0.0
2019-08-01,34.99968338012695,0.0
2019-08-02,33.262107849121094,0.0
2019-08-05,33.262107849121094,0.0
2019-08-06,32.8897705078125,0.0
2019-08-07,33.137996673583984,0.0
2019-08-08,33.137996673583984,0.0
2019-08-12,33.137996673583984,0.0
2019-08-13,32.517433166503906,0.0
2019-08-14,32.0209846496582,0.0
2019-08-15,31.40042304992676,0.0
2019-08-16,31.40042304992676,0.0
2019-08-19,30.90397453308105,0.0
2019-08-20,31.0280876159668,0.0
2019-08-21,31.0280876159668,0.0
2019-08-22,31.5245361328125,0.0
2019-08-23,32.0209846496582,0.0
2019-08-26,31.152198791503903,0.0
2019-08-27,31.40042304992676,0.0
2019-08-28,31.64864730834961,0.0
2019-08-29,31.40042304992676,0.0
2019-08-30,31.896873474121094,0.0
2019-09-02,31.896873474121094,0.0
2019-09-03,31.896873474121094,0.0
2019-09-04,32.0209846496582,0.0
2019-09-05,32.3933219909668,0.0
2019-09-06,32.64154815673828,0.0
2019-09-10,32.64154815673828,0.0
2019-09-11,32.517433166503906,0.0
2019-09-12,33.013885498046875,0.0
2019-09-16,32.26921081542969,0.0
2019-09-17,32.3933219909668,0.0
2019-09-18,32.517433166503906,0.0
2019-09-19,32.517433166503906,0.0
2019-09-20,32.517433166503906,0.0
2019-09-23,32.64154815673828,0.0
2019-09-24,32.3933219909668,0.0
2019-09-25,32.64154815673828,0.0
2019-09-26,32.517433166503906,0.0
2019-09-27,32.26921081542969,0.0
2019-10-01,32.8897705078125,0.0
2019-10-02,32.3933219909668,0.0
2019-10-03,31.5245361328125,0.0
2019-10-04,31.64864730834961,0.0
2019-10-07,31.64864730834961,0.0
2019-10-08,31.5245361328125,0.0
2019-10-09,31.5245361328125,0.0
2019-10-14,32.0209846496582,0.0
2019-10-15,31.896873474121094,0.0
2019-10-16,32.26921081542969,0.0
2019-10-17,32.517433166503906,0.0
2019-10-18,32.64154815673828,0.0
2019-10-21,32.8897705078125,0.0
2019-10-22,33.262107849121094,0.0
2019-10-23,32.76565933227539,0.0
2019-10-24,32.517433166503906,0.0
2019-10-25,32.76565933227539,0.0
2019-10-28,32.3933219909668,0.0
2019-10-29,31.5245361328125,0.0
2019-10-30,31.27631187438965,0.0
2019-10-31,31.0280876159668,0.0
2019-11-01,31.0280876159668,0.0
2019-11-04,31.77276039123535,0.0
2019-11-05,31.625,0.0
2019-11-06,32.0,0.0
2019-11-07,31.625,0.0
2019-11-08,31.875,0.0
2019-11-11,31.75,0.0
2019-11-12,31.625,0.0
2019-11-13,31.5,0.0
2019-11-14,30.875,0.0
2019-11-15,31.125,0.0
2019-11-18,31.25,0.0
2019-11-19,31.25,0.0
2019-11-20,32.125,0.0
2019-11-21,31.375,0.0
2019-11-22,31.0,0.0
2019-11-25,30.875,0.0
2019-11-26,31.25,0.0
2019-11-27,31.375,0.0
2019-11-28,31.375,0.0
2019-11-29,31.0,0.0
2019-12-02,30.75,0.0
2019-12-03,31.125,0.0
2019-12-04,30.875,0.0
2019-12-05,30.875,0.0
2019-12-06,30.625,0.0
2019-12-09,30.5,0.0
2019-12-10,30.625,0.0
2019-12-11,30.5,0.0
2019-12-12,30.625,0.0
2019-12-13,31.0,0.0
2019-12-16,31.125,0.0
2019-12-17,31.25,0.0
2019-12-18,31.625,0.0
2019-12-19,31.25,0.0
2019-12-20,31.0,0.0
2019-12-23,31.375,0.0
2019-12-24,31.25,0.0
2019-12-25,31.375,0.0
2019-12-26,31.25,0.0
2019-12-27,31.25,0.0
2019-12-30,31.25,0.0
2019-12-31,31.0,0.0
2020-01-02,31.75,0.0
2020-01-03,32.5,0.0
2020-01-06,32.5,0.0
2020-01-07,32.25,0.0
2020-01-08,31.5,0.0
2020-01-09,32.125,0.0
2020-01-10,32.875,0.0
2020-01-13,32.875,0.0
2020-01-14,33.0,0.0
2020-01-15,32.875,0.0
2020-01-16,32.5,0.0
2020-01-17,32.5,0.0
2020-01-20,32.375,0.0
2020-01-30,29.5,0.0
2020-01-31,29.375,0.0
2020-02-03,28.625,0.0
2020-02-04,29.0,0.0
2020-02-05,29.25,0.0
2020-02-06,29.875,0.0
2020-02-07,29.125,0.0
2020-02-10,28.75,0.0
2020-02-11,29.125,0.0
2020-02-12,29.5,0.0
2020-02-13,29.75,0.0
2020-02-14,29.375,0.0
2020-02-17,28.875,0.0
2020-02-18,29.5,0.0
2020-02-19,29.875,0.0
2020-02-20,29.625,0.0
2020-02-21,29.375,0.0
2020-02-24,28.875,0.0
2020-02-25,29.25,0.0
2020-02-26,29.0,0.0
2020-02-27,28.875,0.0
2020-03-02,28.5,0.0
2020-03-03,28.5,0.0
2020-03-04,28.875,0.0
2020-03-05,29.625,0.0
2020-03-06,29.25,0.0
2020-03-09,28.5,0.0
2020-03-10,29.25,0.0
2020-03-11,28.875,0.0
2020-03-12,27.75,0.0
2020-03-13,26.125,0.0
2020-03-16,24.64999961853028,0.0
2020-03-17,23.549999237060547,0.0
2020-03-18,23.75,0.0
2020-03-19,23.0,0.0
2020-03-20,24.0,0.0
2020-03-23,23.100000381469727,0.0
2020-03-24,23.600000381469727,0.0
2020-03-25,24.200000762939453,0.0
2020-03-26,24.174999237060547,0.0
2020-03-27,23.5,0.0
2020-03-30,23.075000762939453,0.0
2020-03-31,23.125,0.0
2020-04-01,22.75,0.0
2020-04-06,22.77499961853028,0.0
2020-04-07,23.14999961853028,0.0
2020-04-08,24.14999961853028,0.0
2020-04-09,25.625,0.0
2020-04-10,25.5,0.0
2020-04-13,25.125,0.0
2020-04-14,25.375,0.0
2020-04-15,25.875,0.0
2020-04-16,25.75,0.0
2020-04-17,25.625,0.0
2020-04-20,25.25,0.0
2020-04-21,24.700000762939453,0.0
2020-04-22,24.700000762939453,0.0
2020-04-23,25.125,0.0
2020-04-24,24.850000381469727,0.0
2020-04-27,25.5,0.0
2020-04-28,26.375,0.0
2020-04-29,26.75,0.0
2020-04-30,27.75,0.0
2020-05-04,26.875,0.0
2020-05-05,26.625,0.0
2020-05-06,26.375,0.0
2020-05-07,26.5,0.0
2020-05-08,26.375,0.0
2020-05-11,26.875,0.0
2020-05-12,26.25,0.0
2020-05-13,26.5,0.0
2020-05-14,25.875,0.0
2020-05-15,26.125,0.0
2020-05-18,26.75,0.0
2020-05-19,26.75,0.0
2020-05-20,26.875,0.0
2020-05-21,27.5,0.0
2020-05-22,26.875,0.0
2020-05-25,26.875,0.0
2020-05-26,27.375,0.0
2020-05-27,27.125,0.0
2020-05-28,27.25,0.0
2020-05-29,27.25,0.0
2020-06-01,28.0,0.0
2020-06-02,28.125,0.0
2020-06-03,28.25,0.0
2020-06-04,28.125,0.0
2020-06-05,28.5,0.0
2020-06-08,28.375,0.0
2020-06-09,28.25,0.0
2020-06-10,28.125,0.0
2020-06-11,27.375,0.0
2020-06-12,27.125,0.0
2020-06-15,26.875,0.0
2020-06-16,28.125,0.0
2020-06-17,28.125,0.0
2020-06-18,27.5,0.0
2020-06-19,27.0,0.0
2020-06-22,26.875,0.0
2020-06-23,26.875,0.0
2020-06-24,26.875,0.0
2020-06-29,26.875,0.0
2020-06-30,26.875,0.0
2020-07-01,27.125,0.0
2020-07-02,27.0,0.0
2020-07-03,27.875,0.0
2020-07-06,27.875,0.0
2020-07-07,28.125,0.0
2020-07-08,27.875,0.0
2020-07-09,27.625,0.0
2020-07-10,26.875,0.0
2020-07-13,27.0,0.0
2020-07-14,26.75,0.0
2020-07-15,27.125,0.0
2020-07-16,27.625,0.0
2020-07-17,27.125,0.0
2020-07-20,27.0,0.0
2020-07-21,27.375,0.0
2020-07-22,27.375,0.0
2020-07-23,27.125,0.0
2020-07-24,26.75,0.0
2020-07-27,27.0,0.0
2020-07-28,26.75,0.0
2020-07-29,27.375,0.0
2020-07-30,27.625,0.0
2020-07-31,27.5,0.0
2020-08-03,27.625,0.0
2020-08-04,27.75,0.0
2020-08-05,27.625,0.0
2020-08-06,27.875,0.0
2020-08-07,28.5,0.0
2020-08-10,31.25,0.0
2020-08-11,31.125,0.0
2020-08-12,30.5,0.0
2020-08-13,30.875,0.0
2020-08-14,33.875,0.0
2020-08-17,37.25,0.0
2020-08-18,38.0,0.0
2020-08-19,38.5,0.0
2020-08-20,37.5,0.0
2020-08-21,38.0,0.0
2020-08-24,38.0,0.0
2020-08-25,40.75,0.0
2020-08-26,41.125,0.0
2020-08-27,40.625,0.0
2020-08-28,40.875,0.0
2020-08-31,43.5,0.0
2020-09-01,43.0,0.0
2020-09-02,44.0,0.0
2020-09-03,45.5,0.0
2020-09-04,47.0,0.0
2020-09-07,47.0,0.0
2020-09-08,46.75,0.0
2020-09-09,47.5,0.0
2020-09-10,47.625,0.0
2020-09-11,44.25,0.0
2020-09-14,41.25,0.0
2020-09-15,42.25,0.0
2020-09-16,40.25,0.0
2020-09-17,40.25,0.0
2020-09-18,40.125,0.0
2020-09-21,39.5,0.0
2020-09-22,39.5,0.0
2020-09-23,38.0,0.0
2020-09-24,37.0,0.0
2020-09-25,38.5,0.0
2020-09-28,38.875,0.0
2020-09-29,38.625,0.0
2020-09-30,39.625,0.0
2020-10-05,41.125,0.0
2020-10-06,41.125,0.0
2020-10-07,41.625,0.0
2020-10-08,41.625,0.0
2020-10-12,40.75,0.0
2020-10-13,42.5,0.0
2020-10-14,42.875,0.0
2020-10-15,43.75,0.0
2020-10-16,44.125,0.0
2020-10-19,44.625,0.0
2020-10-20,44.875,0.0
2020-10-21,44.625,0.0
2020-10-22,44.75,0.0
2020-10-23,46.5,0.0
2020-10-26,49.5,0.0
2020-10-27,49.125,0.0
2020-10-28,47.0,0.0
2020-10-29,47.375,0.0
2020-10-30,47.25,0.0
2020-11-02,48.0,0.0
2020-11-03,48.125,0.0
2020-11-04,49.5,0.0
2020-11-05,49.5,0.0
2020-11-06,50.875,0.0
2020-11-09,54.25,0.0
2020-11-10,49.875,0.0
2020-11-11,50.5,0.0
2020-11-12,48.75,0.0
2020-11-13,50.25,0.0
2020-11-16,51.25,0.0
2020-11-17,52.75,0.0
2020-11-18,56.25,0.0
2020-11-19,54.875,0.0
2020-11-20,56.375,0.0
2020-11-23,58.625,0.0
2020-11-24,57.875,0.0
2020-11-25,59.625,0.0
2020-11-26,61.625,0.0
2020-11-27,62.75,0.0
2020-11-30,61.75,0.0
2020-12-01,60.75,0.0
2020-12-02,61.625,0.0
2020-12-03,61.875,0.0
2020-12-04,60.5,0.0
2020-12-07,60.625,0.0
2020-12-08,66.625,0.0
2020-12-09,71.25,0.0
2020-12-10,72.25,0.0
2020-12-11,67.875,0.0
2020-12-14,73.625,0.0
2020-12-15,71.625,0.0
2020-12-16,74.125,0.0
2020-12-17,73.75,0.0
2020-12-18,76.5,0.0
2020-12-21,81.375,0.0
2020-12-22,75.5,0.0
2020-12-23,76.75,0.0
2020-12-24,77.5,0.0
2020-12-25,83.625,0.0
2020-12-28,91.875,0.0
2020-12-29,95.875,0.0
2020-12-30,95.5,0.0
2020-12-31,101.75,0.0
2021-01-04,111.875,0.0
2021-01-05,113.75,0.0
2021-01-06,106.375,0.0
2021-01-07,96.125,0.0
2021-01-08,100.75,0.0
2021-01-11,106.625,0.0
2021-01-12,96.375,0.0
2021-01-13,93.625,0.0
2021-01-14,95.125,0.0
2021-01-15,85.625,0.0
2021-01-18,85.0,0.0
2021-01-19,80.0,0.0
2021-01-20,76.125,0.0
2021-01-21,80.25,0.0
2021-01-22,87.5,0.0
2021-01-25,88.375,0.0
2021-01-26,84.125,0.0
2021-01-27,81.125,0.0
2021-01-28,83.0,0.0
2021-01-29,78.0,0.0
2021-02-01,78.0,0.0
2021-02-02,85.25,0.0
2021-02-03,83.875,0.0
2021-02-04,84.875,0.0
2021-02-05,84.25,0.0
2021-02-17,91.75,0.0
2021-02-18,93.625,0.0
2021-02-19,92.125,0.0
2021-02-22,98.5,0.0
2021-02-23,95.875,0.0
2021-02-24,91.875,0.0
2021-02-25,94.125,0.0
2021-02-26,94.875,0.0
2021-03-02,91.25,0.0
2021-03-03,95.125,0.0
2021-03-04,93.25,0.0
2021-03-05,93.25,0.0
2021-03-08,93.375,0.0
2021-03-09,96.0,0.0
2021-03-10,95.125,0.0
2021-03-11,95.375,0.0
2021-03-12,97.0,0.0
2021-03-15,100.0,0.0
2021-03-16,99.0,0.0
2021-03-17,100.25,0.0
2021-03-18,104.125,0.0
2021-03-19,104.25,0.0
2021-03-22,114.625,0.0
2021-03-23,106.875,0.0
2021-03-24,109.25,0.0
2021-03-25,104.25,0.0
2021-03-26,107.625,0.0
2021-03-29,109.5,0.0
2021-03-30,109.5,0.0
2021-03-31,113.75,0.0
2021-04-01,119.75,0.0
2021-04-07,126.25,0.0
2021-04-08,130.75,0.0
2021-04-09,125.0,0.0
2021-04-12,137.5,0.0
2021-04-13,142.25,0.0
2021-04-14,149.75,0.0
2021-04-15,147.5,0.0
2021-04-16,158.25,0.0
2021-04-19,170.0,0.0
2021-04-20,172.5,0.0
2021-04-21,189.75,0.0
2021-04-22,182.25,0.0
2021-04-23,174.75,0.0
2021-04-26,192.0,0.0
2021-04-27,193.75,0.0
2021-04-28,192.0,0.0
2021-04-29,197.5,0.0
2021-05-03,216.5,0.0
2021-05-04,195.0,0.0
2021-05-05,199.75,0.0
2021-05-06,202.75,0.0
2021-05-07,212.5,0.0
2021-05-10,233.75,0.0
2021-05-11,239.0,0.0
2021-05-12,215.25,0.0
2021-05-13,193.75,0.0
2021-05-14,175.25,0.0
2021-05-17,157.75,0.0
2021-05-18,173.5,0.0
2021-05-19,190.75,0.0
2021-05-20,192.5,0.0
2021-05-21,211.75,0.0
2021-05-24,216.0,0.0
2021-05-25,206.0,0.0
2021-05-26,214.0,0.0
2021-05-27,219.25,0.0
2021-05-28,241.0,0.0
2021-05-31,246.5,0.0
2021-06-01,270.0,0.0
2021-06-02,276.25,0.0
2021-06-03,297.5,0.0
2021-06-04,291.25,0.0
2021-06-07,276.25,0.0
2021-06-08,288.75,0.0
2021-06-09,290.0,0.0
2021-06-10,283.75,0.0
2021-06-11,310.0,0.0
2021-06-15,340.0,0.0
2021-06-16,333.75,0.0
2021-06-17,341.25,0.0
2021-06-18,350.0,0.0
2021-06-21,380.0,0.0
2021-06-22,383.75,0.0
2021-06-23,346.25,0.0
2021-06-24,380.0,0.0
2021-06-25,400.0,0.0
2021-06-28,440.0,0.0
2021-06-29,448.75,0.0
2021-06-30,492.5,0.0
2021-07-01,532.5,0.0
2021-07-02,516.25,0.0
2021-07-05,542.5,0.0
2021-07-06,560.0,0.0
2021-07-07,505.0,0.0
2021-07-08,518.75,0.0
2021-07-09,467.5,0.0
2021-07-12,457.5,0.0
2021-07-13,412.5,0.0
2021-07-14,371.25,0.0
2021-07-15,407.5,0.0
2021-07-16,446.25,0.0
2021-07-19,465.0,0.0
2021-07-20,423.75,0.0
2021-07-21,387.5,0.0
2021-07-22,358.75,0.0
2021-07-23,385.0,0.0
2021-07-26,351.25,0.0
2021-07-27,316.25,0.0
2021-07-28,328.75,0.0
2021-07-29,361.25,0.0
2021-07-30,330.0,0.0
2021-08-02,353.75,0.0
2021-08-03,352.5,0.0
2021-08-04,358.75,0.0
2021-08-05,346.25,0.0
2021-08-06,355.0,0.0
2021-08-09,356.25,0.0
2021-08-10,348.75,0.0
2021-08-11,330.0,0.0
2021-08-12,342.5,0.0
2021-08-13,326.25,0.0
2021-08-16,326.25,0.0
2021-08-17,326.25,0.0
2021-08-18,340.0,6.216505
2021-08-19,320.0,0.0
2021-08-20,331.25,0.0
2021-08-23,360.0,0.0
2021-08-24,350.0,0.0
2021-08-25,360.0,0.0
2021-08-26,356.25,0.0
2021-08-27,352.5,0.0
2021-08-30,350.0,0.0
2021-08-31,340.0,0.0
2021-09-01,321.25,0.0
2021-09-02,323.75,0.0
2021-09-03,313.75,0.0
2021-09-06,295.0,0.0
2021-09-07,320.0,0.0
2021-09-08,315.0,0.0
2021-09-09,316.25,0.0
2021-09-10,333.75,0.0
2021-09-13,330.0,0.0
2021-09-14,308.75,0.0
2021-09-15,311.25,0.0
2021-09-16,310.0,0.0
2021-09-17,320.0,0.0
2021-09-22,312.5,0.0
2021-09-23,318.75,0.0
2021-09-24,335.0,0.0
2021-09-27,328.75,0.0
2021-09-28,313.75,0.0
2021-09-29,307.5,0.0
2021-09-30,315.0,0.0
2021-10-01,283.75,0.0
2021-10-04,256.25,0.0
2021-10-05,257.5,0.0
2021-10-06,244.5,0.0
2021-10-07,256.25,0.0
2021-10-08,250.0,0.0
2021-10-12,226.25,0.0
2021-10-13,232.25,0.0
2021-10-14,238.25,0.0
2021-10-15,234.75,0.0
2021-10-18,231.0,0.0
2021-10-19,229.25,0.0
2021-10-20,228.5,0.0
2021-10-21,230.5,0.0
2021-10-22,223.0,0.0
2021-10-25,238.25,0.0
2021-10-26,237.75,0.0
2021-10-27,232.0,0.0
2021-10-28,233.0,0.0
2021-10-29,248.75,0.0
2021-11-01,251.25,0.0
2021-11-02,262.5,0.0
2021-11-03,280.0,0.0
2021-11-04,273.75,0.0
2021-11-05,285.0,0.0
2021-11-08,310.0,0.0
2021-11-09,305.0,0.0
2021-11-10,300.0,0.0
2021-11-11,273.75,0.0
2021-11-12,278.75,0.0
2021-11-15,280.0,0.0
2021-11-16,298.75,0.0
2021-11-17,292.5,0.0
2021-11-18,297.5,0.0
2021-11-19,292.5,0.0
2021-11-22,298.75,0.0
2021-11-23,298.75,0.0
2021-11-24,300.0,0.0
2021-11-25,311.25,0.0
2021-11-26,296.25,0.0
2021-11-29,300.0,0.0
2021-11-30,311.25,0.0
2021-12-01,311.25,0.0
2021-12-02,332.5,0.0
2021-12-03,333.75,0.0
2021-12-06,352.5,0.0
2021-12-07,360.0,0.0
2021-12-08,358.75,0.0
2021-12-09,365.0,0.0
2021-12-10,350.0,0.0
2021-12-13,350.0,0.0
2021-12-14,332.5,0.0
2021-12-15,345.0,0.0
2021-12-16,352.5,0.0
2021-12-17,351.25,0.0
2021-12-20,347.5,0.0
2021-12-21,353.75,0.0
2021-12-22,350.0,0.0
2021-12-23,347.5,0.0
2021-12-24,347.5,0.0
2021-12-27,348.75,0.0
2021-12-28,358.75,0.0
2021-12-29,360.0,0.0
2021-12-30,356.25,0.0
2022-01-03,348.75,0.0
2022-01-04,351.25,0.0
2022-01-05,352.5,0.0
2022-01-06,357.5,0.0
2022-01-07,351.25,0.0
2022-01-10,341.25,0.0
2022-01-11,335.0,0.0
2022-01-12,321.25,0.0
2022-01-13,315.0,0.0
2022-01-14,330.0,0.0
2022-01-17,317.5,0.0
2022-01-18,317.5,0.0
2022-01-19,306.25,0.0
2022-01-20,310.0,0.0
2022-01-21,288.75,0.0
2022-01-24,287.5,0.0
2022-01-25,275.0,0.0
2022-01-26,282.5,0.0
2022-02-07,310.0,0.0
2022-02-08,322.5,0.0
2022-02-09,322.5,0.0
2022-02-10,330.0,0.0
2022-02-11,328.75,0.0
2022-02-14,325.0,0.0
2022-02-15,330.0,0.0
2022-02-16,333.75,0.0
2022-02-17,333.75,0.0
2022-02-18,353.75,0.0
2022-02-21,367.5,0.0
2022-02-22,356.25,0.0
2022-02-23,362.5,0.0
2022-02-24,353.75,0.0
2022-02-25,358.75,0.0
2022-03-01,376.25,0.0
2022-03-02,378.75,0.0
2022-03-03,401.25,0.0
2022-03-04,397.5,0.0
2022-03-07,377.5,0.0
2022-03-08,367.5,0.0
2022-03-09,390.0,0.0
2022-03-10,390.0,0.0
2022-03-11,400.0,0.0
2022-03-14,411.25,0.0
2022-03-15,395.0,0.0
2022-03-16,357.5,0.0
2022-03-17,366.25,0.0
2022-03-18,352.5,0.0
2022-03-21,361.25,0.0
2022-03-22,356.25,0.0
2022-03-23,358.75,0.0
2022-03-24,351.25,0.0
2022-03-25,331.25,0.0
2022-03-28,332.5,0.0
2022-03-29,337.5,0.0
2022-03-30,337.5,0.0
2022-03-31,337.5,0.0
2022-04-01,346.25,0.0
2022-04-06,333.75,0.0
2022-04-07,321.25,0.0
2022-04-08,338.75,0.0
2022-04-11,340.0,0.0
2022-04-12,336.25,0.0
2022-04-13,350.0,0.0
2022-04-14,345.0,0.0
2022-04-15,353.75,0.0
2022-04-18,345.0,0.0
2022-04-19,353.75,0.0
2022-04-20,358.75,0.0
2022-04-21,363.75,0.0
2022-04-22,368.75,0.0
2022-04-25,348.75,0.0
2022-04-26,347.5,0.0
2022-04-27,350.0,0.0
2022-04-28,345.0,0.0
2022-04-29,362.5,0.0
2022-05-03,366.25,0.0
2022-05-04,378.75,0.0
2022-05-05,381.25,0.0
2022-05-06,385.0,0.0
2022-05-09,367.5,0.0
2022-05-10,372.5,0.0
2022-05-11,361.25,0.0
2022-05-12,347.5,0.0
2022-05-13,358.75,0.0
2022-05-16,343.75,0.0
2022-05-17,338.75,0.0
2022-05-18,343.75,0.0
2022-05-19,340.0,0.0
2022-05-20,337.5,0.0
2022-05-23,360.0,0.0
2022-05-24,355.0,0.0
2022-05-25,357.5,0.0
2022-05-26,355.0,0.0
2022-05-27,361.25,0.0
2022-05-30,360.0,0.0
2022-05-31,351.25,0.0
2022-06-01,361.25,0.0
2022-06-02,361.25,0.0
2022-06-06,358.75,0.0
2022-06-07,361.25,0.0
2022-06-08,363.75,0.0
2022-06-09,350.0,0.0
2022-06-10,347.5,0.0
2022-06-13,326.25,0.0
2022-06-14,328.75,0.0
2022-06-15,320.0,0.0
2022-06-16,298.75,0.0
2022-06-17,298.75,0.0
2022-06-20,273.75,0.0
2022-06-21,275.0,0.0
2022-06-22,255.0,0.0
2022-06-23,240.25,0.0
2022-06-24,246.75,0.0
2022-06-27,271.25,0.0
2022-06-28,271.25,0.0
2022-06-29,222.5,44.999992
2022-06-30,211.5,0.0
2022-07-01,199.5,0.0
2022-07-04,206.25,0.0
2022-07-05,219.25,0.0
2022-07-06,214.5,0.0
2022-07-07,221.0,0.0
2022-07-08,231.75,0.0
2022-07-11,230.75,0.0
2022-07-12,215.25,0.0
2022-07-13,217.75,0.0
2022-07-14,226.5,0.0
2022-07-15,223.25,0.0
2022-07-18,223.25,0.0
2022-07-19,229.0,0.0
2022-07-20,224.25,0.0
2022-07-21,232.5,0.0
2022-07-22,235.5,0.0
2022-07-25,230.25,0.0
2022-07-26,229.25,0.0
2022-07-27,235.0,0.0
2022-07-28,230.0,0.0
2022-07-29,238.75,0.0
2022-08-01,241.5,0.0
2022-08-02,233.25,0.0
2022-08-03,233.0,0.0
2022-08-04,235.0,0.0
2022-08-05,248.0,0.0
2022-08-08,252.5,0.0
2022-08-09,262.5,0.0
2022-08-10,257.5,0.0
2022-08-11,257.5,0.0
2022-08-12,260.0,0.0
2022-08-15,248.75,0.0
2022-08-16,242.75,0.0
2022-08-17,245.75,0.0
2022-08-18,244.5,0.0
2022-08-19,245.0,0.0
2022-08-22,240.0,0.0
2022-08-23,237.75,0.0
2022-08-24,230.25,0.0
2022-08-25,233.0,0.0
2022-08-26,233.75,0.0
2022-08-29,219.75,0.0
2022-08-30,220.0,0.0
2022-08-31,220.75,0.0
2022-09-01,215.5,0.0
2022-09-02,199.25,0.0
2022-09-05,200.0,0.0
2022-09-06,202.0,0.0
2022-09-07,202.0,0.0
2022-09-08,202.0,0.0
2022-09-12,202.0,0.0
2022-09-13,202.0,0.0
2022-09-14,202.0,0.0
2022-09-15,202.0,0.0
2022-09-16,202.0,0.0
2022-09-19,169.0,0.0
2022-09-20,172.5,0.0
2022-09-21,166.5,0.0
2022-09-22,156.0,0.0
2022-09-23,158.0,0.0
2022-09-26,145.5,0.0
2022-09-27,153.5,0.0
2022-09-28,144.0,0.0
2022-09-29,144.0,0.0
2022-09-30,146.0,0.0
2022-10-03,149.5,0.0
2022-10-04,150.5,0.0
2022-10-05,155.5,0.0
2022-10-06,155.5,0.0
2022-10-07,155.5,0.0
2022-10-11,156.0,0.0
2022-10-12,147.0,0.0
2022-10-13,144.5,0.0
2022-10-14,152.5,0.0
2022-10-17,140.0,0.0
2022-10-18,141.0,0.0
2022-10-19,144.0,0.0
2022-10-20,137.0,0.0
2022-10-21,135.5,0.0
2022-10-24,137.5,0.0
2022-10-25,139.0,0.0
2022-10-26,139.0,0.0
2022-10-27,142.5,0.0
2022-10-28,137.5,0.0
2022-10-31,137.5,0.0
2022-11-01,135.0,0.0
2022-11-02,137.0,0.0
2022-11-03,135.0,0.0
2022-11-04,139.0,0.0
2022-11-07,143.5,0.0
2022-11-08,147.5,0.0
2022-11-09,148.5,0.0
2022-11-10,151.0,0.0
2022-11-11,150.0,0.0
2022-11-14,155.5,0.0
2022-11-15,155.0,0.0
2022-11-16,154.5,0.0
2022-11-17,154.0,0.0
2022-11-18,150.5,0.0
2022-11-21,147.5,0.0
2022-11-22,150.5,0.0
2022-11-23,153.5,0.0
2022-11-24,161.0,0.0
2022-11-25,160.5,0.0
2022-11-28,157.5,0.0
2022-11-29,161.0,0.0
2022-11-30,163.0,0.0
2022-12-01,162.0,0.0
2022-12-02,158.5,0.0
2022-12-05,159.0,0.0
2022-12-06,152.5,0.0
2022-12-07,151.5,0.0
2022-12-08,151.0,0.0
2022-12-09,154.5,0.0
2022-12-12,154.5,0.0
2022-12-13,155.0,0.0
2022-12-14,152.0,0.0
2022-12-15,157.0,0.0
2022-12-16,164.0,0.0
2022-12-19,162.0,0.0
2022-12-20,158.5,0.0
2022-12-21,164.0,0.0
2022-12-22,171.5,0.0
2022-12-23,167.5,0.0
2022-12-26,162.5,0.0
2022-12-27,162.5,0.0
2022-12-28,159.0,0.0
2022-12-29,160.0,0.0
2022-12-30,163.0,0.0
2023-01-03,160.0,0.0
2023-01-04,156.0,0.0
2023-01-05,156.5,0.0
2023-01-06,159.0,0.0
2023-01-09,155.0,0.0
2023-01-10,155.5,0.0
2023-01-11,156.5,0.0
2023-01-12,152.5,0.0
2023-01-13,152.5,0.0
2023-01-16,151.5,0.0
2023-01-17,152.5,0.0
2023-01-30,150.5,0.0
2023-01-31,152.0,0.0
2023-02-01,152.0,0.0
2023-02-02,156.0,0.0
2023-02-03,157.0,0.0
2023-02-06,151.0,0.0
2023-02-07,151.0,0.0
2023-02-08,151.5,0.0
2023-02-09,150.0,0.0
2023-02-10,147.0,0.0
2023-02-13,143.5,0.0
2023-02-14,149.0,0.0
2023-02-15,146.5,0.0
2023-02-16,148.0,0.0
2023-02-17,146.0,0.0
2023-02-20,147.0,0.0
2023-02-21,155.0,0.0
2023-02-22,152.5,0.0
2023-02-23,158.0,0.0
2023-02-24,157.0,0.0
2023-03-01,156.0,0.0
2023-03-02,160.5,0.0
2023-03-03,163.0,0.0
2023-03-06,164.5,0.0
2023-03-07,166.0,0.0
2023-03-08,161.0,0.0
2023-03-09,164.5,0.0
2023-03-10,165.0,0.0
2023-03-13,170.5,0.0
2023-03-14,171.0,0.0
2023-03-15,167.0,0.0
2023-03-16,159.5,0.0
2023-03-17,162.0,0.0
2023-03-20,162.0,0.0
2023-03-21,160.5,0.0
2023-03-22,161.5,0.0
2023-03-23,159.5,0.0
2023-03-24,160.5,0.0
2023-03-27,161.0,0.0
2023-03-28,160.5,0.0
2023-03-29,158.5,0.0
2023-03-30,158.0,0.0
2023-03-31,158.5,0.0
2023-04-06,158.0,0.0
2023-04-07,163.5,0.0
2023-04-10,163.5,0.0
2023-04-11,164.5,0.0
2023-04-12,166.5,0.0
2023-04-13,166.5,0.0
2023-04-14,170.0,0.0
2023-04-17,174.5,0.0
2023-04-18,170.0,0.0
2023-04-19,168.0,0.0
2023-04-20,170.5,0.0
2023-04-21,166.0,0.0
2023-04-24,165.0,0.0
2023-04-25,162.0,0.0
2023-04-26,160.0,0.0
2023-04-27,159.0,0.0
2023-04-28,161.5,0.0
2023-05-02,155.5,0.0
2023-05-03,150.0,0.0
2023-05-04,150.5,0.0
2023-05-05,151.5,0.0
2023-05-08,151.0,0.0
2023-05-09,151.0,0.0
2023-05-10,155.0,0.0
2023-05-11,151.0,0.0
2023-05-12,152.5,0.0
2023-05-15,152.5,0.0
2023-05-16,151.0,0.0
2023-05-17,151.0,0.0
2023-05-18,151.0,0.0
2023-05-19,150.5,0.0
2023-05-22,153.5,0.0
2023-05-23,151.5,0.0
2023-05-24,151.5,0.0
2023-05-25,150.0,0.0
2023-05-26,152.5,0.0
2023-05-29,157.0,0.0
2023-05-30,153.5,0.0
2023-05-31,153.0,0.0
2023-06-01,153.5,0.0
2023-06-02,152.5,0.0
2023-06-05,151.0,0.0
2023-06-06,151.5,0.0
2023-06-07,151.0,0.0
2023-06-08,154.0,0.0
2023-06-09,155.0,0.0
2023-06-12,155.5,0.0
2023-06-13,157.0,0.0
2023-06-14,161.5,0.0
2023-06-15,162.0,0.0
2023-06-16,166.0,0.0
2023-06-19,162.0,0.0
2023-06-20,162.5,0.0
2023-06-21,158.0,0.0
2023-06-26,160.0,0.0
2023-06-27,161.0,0.0
2023-06-28,157.5,0.0
2023-06-29,155.0,0.0
2023-06-30,93.5,70.0
2023-07-03,102.5,0.0
2023-07-04,105.5,0.0
2023-07-05,107.0,0.0
2023-07-06,106.5,0.0
2023-07-07,108.0,0.0
2023-07-10,104.5,0.0
2023-07-11,104.0,0.0
2023-07-12,100.5,0.0
2023-07-13,95.9000015258789,0.0
2023-07-14,96.5,0.0
2023-07-17,98.4000015258789,0.0
2023-07-18,98.5999984741211,0.0
2023-07-19,98.0999984741211,0.0
2023-07-20,101.0,0.0
2023-07-21,101.0,0.0
2023-07-24,99.3000030517578,0.0
2023-07-25,99.6999969482422,0.0
2023-07-26,102.0,0.0
2023-07-27,103.0,0.0
2023-07-28,107.5,0.0
2023-07-31,104.0,0.0
2023-08-01,105.5,0.0
2023-08-02,105.0,0.0
2023-08-04,109.0,0.0
2023-08-07,106.5,0.0
2023-08-08,107.5,0.0
2023-08-09,106.5,0.0
2023-08-10,107.0,0.0
2023-08-11,108.0,0.0
2023-08-14,106.5,0.0
2023-08-15,106.0,0.0
2023-08-16,104.0,0.0
2023-08-17,106.0,0.0
2023-08-18,107.0,0.0
2023-08-21,105.0,0.0
2023-08-22,106.5,0.0
2023-08-23,106.5,0.0
2023-08-24,106.0,0.0
2023-08-25,105.5,0.0
2023-08-28,105.0,0.0
2023-08-29,105.5,0.0
2023-08-30,105.5,0.0
2023-08-31,106.5,0.0
2023-09-01,105.5,0.0
2023-09-04,107.5,0.0
2023-09-05,108.5,0.0
2023-09-06,107.0,0.0
2023-09-07,107.0,0.0
2023-09-08,107.0,0.0
2023-09-11,106.5,0.0
2023-09-12,106.5,0.0
2023-09-13,106.5,0.0
2023-09-14,109.5,0.0
2023-09-15,118.5,0.0
2023-09-18,117.0,0.0
2023-09-19,116.0,0.0
2023-09-20,117.5,0.0
2023-09-21,115.5,0.0
2023-09-22,114.5,0.0
2023-09-25,116.0,0.0
2023-09-26,115.5,0.0
2023-09-27,116.0,0.0
2023-09-28,116.0,0.0
2023-10-02,113.5,0.0
2023-10-03,110.5,0.0
2023-10-04,110.0,0.0
2023-10-05,112.0,0.0
2023-10-06,111.0,0.0
2023-10-11,103.5,0.0
2023-10-12,106.0,0.0
2023-10-13,105.0,0.0
2023-10-16,104.0,0.0
2023-10-17,103.0,0.0
2023-10-18,102.5,0.0
2023-10-19,103.5,0.0
2023-10-20,103.5,0.0
2023-10-23,103.5,0.0
2023-10-24,105.0,0.0
2023-10-25,105.5,0.0
2023-10-26,106.5,0.0
2023-10-27,108.0,0.0
2023-10-30,110.0,0.0
2023-10-31,107.5,0.0
2023-11-01,109.0,0.0
2023-11-02,110.5,0.0
2023-11-03,113.0,0.0
2023-11-06,109.0,0.0
2023-11-07,108.5,0.0
2023-11-08,107.5,0.0
2023-11-09,109.0,0.0
2023-11-10,109.0,0.0
2023-11-13,108.5,0.0
2023-11-14,114.0,0.0
2023-11-15,115.5,0.0
2023-11-16,117.0,0.0
2023-11-17,115.0,0.0
2023-11-20,114.0,0.0
2023-11-21,113.5,0.0
2023-11-22,112.0,0.0
2023-11-23,112.0,0.0
2023-11-24,113.0,0.0
2023-11-27,113.5,0.0
2023-11-28,114.0,0.0
2023-11-29,112.0,0.0
2023-11-30,112.0,0.0
2023-12-01,114.5,0.0
2023-12-04,118.5,0.0
2023-12-05,117.5,0.0
2023-12-06,117.0,0.0
2023-12-07,115.5,0.0
2023-12-08,118.5,0.0
2023-12-11,122.0,0.0
2023-12-12,129.0,0.0
2023-12-13,129.5,0.0
2023-12-14,129.0,0.0
2023-12-15,134.0,0.0
2023-12-18,141.5,0.0
2023-12-19,147.0,0.0
2023-12-20,148.0,0.0
2023-12-21,152.0,0.0
2023-12-22,153.0,0.0
2023-12-25,142.0,0.0
2023-12-26,146.5,0.0
2023-12-27,147.0,0.0
2023-12-28,143.0,0.0
2023-12-29,143.5,0.0
2024-01-02,151.0,0.0
2024-01-03,155.0,0.0
2024-01-04,161.0,0.0
2024-01-05,162.5,0.0
2024-01-08,160.5,0.0
2024-01-09,151.5,0.0
2024-01-10,148.0,0.0
2024-01-11,149.0,0.0
2024-01-12,156.5,0.0
2024-01-15,158.5,0.0
2024-01-16,153.5,0.0
2024-01-17,152.5,0.0
2024-01-18,158.0,0.0
2024-01-19,155.0,0.0
2024-01-22,152.5,0.0
2024-01-23,152.5,0.0
2024-01-24,153.5,0.0
2024-01-25,151.5,0.0
2024-01-26,151.0,0.0
2024-01-29,151.5,0.0
2024-01-30,151.5,0.0
2024-01-31,150.5,0.0
2024-02-01,157.0,0.0
2024-02-02,150.0,0.0
2024-02-05,152.0,0.0
2024-02-15,149.0,0.0
2024-02-16,148.0,0.0
2024-02-19,149.0,0.0
2024-02-20,153.5,0.0
2024-02-21,155.0,0.0
2024-02-22,162.5,0.0
2024-02-23,159.5,0.0
2024-02-26,160.0,0.0
2024-02-27,159.5,0.0
2024-02-29,165.5,0.0
2024-03-01,165.0,0.0
2024-03-04,172.0,0.0
2024-03-05,173.5,0.0
2024-03-06,171.5,0.0
2024-03-07,177.5,0.0
2024-03-08,179.5,0.0
2024-03-11,180.0,0.0
2024-03-12,187.5,0.0
2024-03-13,191.0,0.0
2024-03-14,183.5,0.0
2024-03-15,166.5,0.0
2024-03-18,164.5,0.0
2024-03-19,177.0,0.0
2024-03-20,176.0,0.0
2024-03-21,175.0,0.0
2024-03-22,170.0,0.0
2024-03-25,173.5,0.0
2024-03-26,171.5,0.0
2024-03-27,175.5,0.0
2024-03-28,176.0,0.0
2024-03-29,175.0,0.0
2024-04-01,167.5,0.0
2024-04-02,165.5,0.0
2024-04-03,165.0,0.0
2024-04-08,168.0,0.0
2024-04-09,171.0,0.0
2024-04-10,169.0,0.0
2024-04-11,175.0,0.0
2024-04-12,176.5,0.0
2024-04-15,178.0,0.0
2024-04-16,170.5,0.0
2024-04-17,170.5,0.0
2024-04-18,168.0,0.0
2024-04-19,172.5,0.0
2024-04-22,174.0,0.0
2024-04-23,173.5,0.0
2024-04-24,180.0,0.0
2024-04-25,181.0,0.0
2024-04-26,187.0,0.0
2024-04-29,191.5,0.0
2024-04-30,189.5,0.0
2024-05-02,181.5,0.0
2024-05-03,180.0,0.0
2024-05-06,180.5,0.0
2024-05-07,178.0,0.0
2024-05-08,172.5,0.0
2024-05-09,177.5,0.0
2024-05-10,193.5,0.0
2024-05-13,205.5,0.0
2024-05-14,215.0,0.0
2024-05-15,203.5,0.0
2024-05-16,217.0,0.0
2024-05-17,210.5,0.0
2024-05-20,212.5,0.0
2024-05-21,208.0,0.0
2024-05-22,209.0,0.0
2024-05-23,209.0,0.0
2024-05-24,219.5,0.0
2024-05-27,223.0,0.0
2024-05-28,218.5,0.0
2024-05-29,218.0,0.0
2024-05-30,218.5,0.0
2024-05-31,210.5,0.0
2024-06-03,215.5,0.0
2024-06-04,211.0,0.0
2024-06-05,217.0,0.0
2024-06-06,222.0,0.0
2024-06-07,218.0,0.0
2024-06-11,197.5,0.0
2024-06-12,191.5,0.0
2024-06-13,192.5,0.0
2024-06-14,199.0,0.0
2024-06-17,200.0,0.0
2024-06-18,199.0,0.0
2024-06-19,200.5,0.0
2024-06-20,204.5,0.0
2024-06-21,204.0,0.0
2024-06-24,201.0,0.0
2024-06-25,202.0,0.0
2024-06-26,200.0,0.0
2024-06-27,194.5,9.96505
2024-06-28,193.0,0.0
2024-07-01,192.0,0.0
2024-07-02,190.5,0.0
2024-07-03,191.0,0.0
2024-07-04,188.5,0.0
2024-07-05,184.0,0.0
2024-07-08,175.5,0.0
2024-07-09,178.0,0.0
2024-07-10,177.0,0.0
2024-07-11,176.0,0.0
2024-07-12,173.5,0.0
2024-07-15,173.5,0.0
2024-07-16,171.5,0.0
2024-07-17,172.0,0.0
2024-07-18,173.0,0.0
2024-07-19,167.0,0.0
2024-07-22,162.0,0.0
2024-07-23,167.0,0.0
2024-07-26,165.5,0.0
2024-07-29,162.0,0.0
2024-07-30,167.0,0.0
2024-07-31,170.5,0.0
2024-08-01,175.0,0.0
2024-08-02,171.0,0.0
2024-08-05,160.5,0.0
2024-08-06,165.5,0.0
2024-08-07,177.0,0.0
2024-08-08,172.5,0.0
2024-08-09,173.0,0.0
2024-08-12,180.0,0.0
2024-08-13,178.5,0.0
2024-08-14,181.5,0.0
2024-08-15,185.5,0.0
2024-08-16,186.0,0.0
2024-08-19,187.0,0.0
2024-08-20,188.5,0.0
2024-08-21,187.5,0.0
2024-08-22,189.0,0.0
2024-08-23,189.5,0.0
2024-08-26,189.0,0.0
2024-08-27,183.5,0.0
2024-08-28,183.0,0.0
2024-08-29,184.5,0.0
2024-08-30,188.0,0.0
2024-09-02,182.0,0.0
2024-09-03,182.0,0.0
2024-09-04,178.5,0.0
2024-09-05,181.0,0.0
2024-09-06,180.0,0.0
2024-09-09,179.0,0.0
2024-09-10,177.5,0.0
2024-09-11,182.5,0.0
2024-09-12,184.5,0.0
2024-09-13,186.5,0.0
2024-09-16,184.5,0.0
2024-09-18,187.0,0.0
2024-09-19,190.0,0.0
2024-09-20,189.0,0.0
2024-09-23,195.0,0.0
2024-09-24,204.0,0.0
2024-09-25,209.5,0.0
2024-09-26,206.0,0.0
2024-09-27,212.0,0.0
2024-09-30,201.0,0.0
2024-10-01,204.5,0.0
2024-10-04,186.0,0.0
2024-10-07,188.0,0.0
2024-10-08,189.0,0.0
2024-10-09,183.5,0.0
2024-10-11,186.0,0.0
2024-10-14,187.0,0.0
2024-10-15,187.5,0.0
2024-10-16,189.5,0.0
2024-10-17,196.5,0.0
2024-10-18,196.5,0.0
2024-10-21,204.0,0.0
2024-10-22,206.0,0.0
2024-10-23,205.5,0.0
2024-10-24,205.0,0.0
2024-10-25,207.5,0.0
2024-10-28,206.0,0.0
2024-10-29,204.5,0.0
2024-10-30,205.5,0.0
2024-11-01,213.0,0.0
2024-11-04,210.5,0.0
2024-11-05,217.5,0.0
2024-11-06,217.0,0.0
2024-11-07,214.5,0.0
2024-11-08,218.0,0.0
2024-11-11,220.5,0.0
2024-11-12,220.5,0.0
2024-11-13,219.5,0.0
2024-11-14,220.0,0.0
2024-11-15,227.5,0.0
2024-11-18,224.5,0.0
2024-11-19,236.0,0.0
2024-11-20,233.5,0.0
2024-11-21,239.0,0.0
2024-11-22,236.0,0.0
2024-11-25,228.0,0.0
2024-11-26,229.5,0.0
2024-11-27,214.0,0.0
2024-11-28,217.0,0.0
2024-11-29,217.0,0.0
2024-12-02,221.0,0.0
2024-12-03,229.0,0.0
2024-12-04,230.0,0.0
2024-12-05,226.0,0.0
2024-12-06,228.0,0.0
2024-12-09,235.5,0.0
2024-12-10,231.0,0.0
2024-12-11,227.0,0.0
2024-12-12,227.0,0.0
2024-12-13,230.0,0.0
2024-12-16,226.0,0.0
2024-12-17,231.0,0.0
2024-12-18,229.0,0.0
2024-12-19,229.5,0.0
2024-12-20,230.5,0.0
2024-12-23,228.0,0.0
2024-12-24,232.0,0.0
2024-12-25,231.5,0.0
2024-12-26,231.0,0.0
2024-12-27,226.0,0.0
2024-12-30,225.5,0.0
2024-12-31,225.0,0.0
2025-01-02,227.0,0.0
2025-01-03,231.5,0.0
2025-01-06,229.5,0.0
2025-01-07,228.5,0.0
2025-01-08,229.0,0.0
2025-01-09,212.0,0.0
2025-01-10,214.0,0.0
2025-01-13,205.0,0.0
2025-01-14,208.5,0.0
2025-01-15,203.0,0.0
2025-01-16,202.0,0.0
2025-01-17,202.5,0.0
2025-01-20,199.5,0.0
2025-01-21,201.0,0.0
2025-01-22,204.5,0.0
2025-02-03,202.5,0.0
2025-02-04,195.5,0.0
2025-02-05,205.0,0.0
2025-02-06,205.0,0.0
2025-02-07,206.0,0.0
2025-02-10,207.0,0.0
2025-02-11,212.5,0.0
2025-02-12,212.5,0.0
2025-02-13,215.5,0.0
2025-02-14,211.5,0.0
2025-02-17,216.0,0.0
2025-02-18,218.0,0.0
2025-02-19,217.5,0.0
2025-02-20,213.5,0.0
2025-02-21,213.0,0.0
2025-02-24,221.5,0.0
2025-02-25,220.5,0.0
2025-02-26,219.5,0.0
2025-02-27,216.0,0.0
2025-03-03,218.0,0.0
2025-03-04,219.0,0.0
2025-03-05,219.5,0.0
2025-03-06,221.0,0.0
2025-03-07,227.0,0.0
2025-03-10,224.5,0.0
2025-03-11,226.5,0.0
2025-03-12,228.5,0.0
2025-03-13,230.5,0.0
2025-03-14,220.0,0.0
2025-03-17,230.5,0.0
2025-03-18,232.0,0.0
2025-03-19,228.5,0.0
2025-03-20,229.5,0.0
2025-03-21,227.5,0.0
2025-03-24,228.0,0.0
2025-03-25,229.5,0.0
2025-03-26,230.0,0.0
2025-03-27,226.5,0.0
2025-03-28,223.5,0.0
2025-03-31,220.5,0.0
2025-04-01,226.5,0.0
2025-04-02,227.0,0.0
2025-04-07,204.5,0.0
2025-04-08,190.0,0.0
2025-04-09,171.0,0.0
2025-04-10,188.0,0.0
2025-04-11,206.5,0.0
2025-04-14,210.0,0.0
2025-04-15,214.0,0.0
2025-04-16,213.0,0.0
2025-04-17,207.0,0.0
2025-04-18,207.5,0.0
2025-04-21,201.5,0.0
2025-04-22,200.0,0.0
2025-04-23,205.5,0.0
2025-04-24,205.0,0.0
2025-04-25,204.5,0.0
2025-04-28,205.0,0.0
2025-04-29,207.5,0.0
2025-04-30,206.5,0.0
2025-05-02,210.0,0.0
2025-05-05,206.5,0.0
2025-05-06,209.0,0.0
2025-05-07,206.0,0.0
2025-05-08,207.0,0.0
2025-05-09,211.0,0.0
2025-05-12,217.5,0.0
2025-05-13,232.5,0.0
2025-05-14,242.5,0.0
2025-05-15,245.5,0.0
2025-05-16,260.5,0.0
2025-05-19,254.5,0.0
2025-05-20,257.5,0.0
2025-05-21,256.5,0.0
2025-05-22,260.0,0.0
2025-05-23,256.0,0.0
2025-05-26,253.0,0.0
2025-05-27,253.0,0.0
2025-05-28,249.0,0.0
2025-05-29,244.5,0.0
2025-06-02,247.0,0.0
2025-06-03,252.5,0.0
2025-06-04,251.5,0.0
2025-06-05,238.0,0.0
2025-06-06,236.0,0.0
2025-06-09,234.0,0.0
2025-06-10,236.5,0.0
2025-06-11,241.5,0.0
2025-06-12,238.0,0.0
2025-06-13,239.0,0.0
2025-06-16,242.0,0.0
2025-06-17,245.0,0.0
2025-06-18,246.5,0.0
2025-06-19,212.5,32.5
2025-06-20,207.5,0.0
2025-06-23,205.0,0.0
2025-06-24,209.0,0.0
2025-06-25,205.5,0.0
2025-06-26,205.0,0.0
2025-06-27,205.5,0.0
2025-06-30,199.0,0.0
2025-07-01,199.0,0.0
2025-07-02,201.0,0.0
2025-07-03,203.0,0.0
2025-07-04,200.5,0.0
2025-07-07,195.5,0.0
2025-07-08,195.0,0.0
2025-07-09,198.0,0.0
2025-07-10,195.0,0.0
2025-07-11,196.5,0.0
2025-07-14,201.5,0.0
2025-07-15,199.5,0.0
2025-07-16,201.0,0.0
2025-07-17,202.0,0.0
2025-07-18,200.0,0.0
2025-07-21,197.5,0.0
2025-07-22,196.0,0.0
2025-07-23,197.5,0.0
2025-07-24,201.5,0.0
2025-07-25,202.0,0.0
2025-07-28,200.0,0.0
2025-07-29,198.5,0.0
2025-07-30,199.5,0.0
2025-07-31,198.0,0.0
2025-08-04,196.5,0.0
2025-08-05,196.0,0.0
2025-08-06,196.0,0.0
2025-08-07,194.5,0.0
2025-08-08,197.5,0.0
2025-08-11,195.0,0.0
2025-08-12,198.0,0.0
2025-08-13,197.0,0.0
2025-08-14,199.0,0.0
2025-08-15,198.0,0.0
2025-08-18,197.5,0.0
2025-08-19,194.5,0.0
2025-08-20,192.5,0.0
2025-08-21,194.0,0.0
2025-08-22,190.5,0.0
2025-08-25,189.0,0.0
2025-08-26,188.5,0.0
2025-08-27,188.0,0.0
2025-08-28,188.0,0.0
2025-08-29,185.5,0.0
2025-09-01,184.0,0.0
2025-09-02,183.0,0.0
2025-09-03,183.0,0.0
2025-09-04,185.0,0.0
2025-09-05,186.5,0.0
2025-09-08,186.5,0.0
2025-09-09,184.5,0.0
2025-09-10,185.5,0.0
2025-09-11,183.0,0.0
2025-09-12,185.5,0.0
2025-09-15,183.5,0.0
2025-09-16,183.5,0.0
2025-09-17,183.5,0.0
2025-09-18,184.5,0.0
2025-09-19,188.5,0.0
2025-09-22,183.5,0.0
2025-09-23,182.0,0.0
2025-09-24,180.5,0.0
2025-09-25,180.0,0.0
2025-09-26,178.0,0.0
2025-09-30,179.0,0.0
2025-10-01,177.5,0.0
2025-10-02,177.5,0.0
2025-10-03,180.5,0.0
2025-10-07,180.0,0.0
2025-10-08,179.5,0.0
2025-10-09,178.5,0.0
2025-10-13,179.0,0.0
2025-10-14,189.0,0.0
2025-10-15,184.0,0.0
2025-10-16,185.5,0.0
2025-10-17,186.5,0.0
2025-10-20,184.5,0.0
2025-10-21,182.0,0.0
2025-10-22,182.5,0.0
2025-10-23,185.0,0.0
2025-10-27,185.5,0.0
2025-10-28,187.5,0.0
2025-10-29,190.0,0.0
2025-10-30,196.0,0.0
2025-10-31,193.5,0.0
2025-11-03,193.0,0.0
2025-11-04,188.0,0.0
2025-11-05,185.5,0.0
2025-11-06,188.5,0.0
2025-11-07,187.0,0.0
2025-11-10,182.5,0.0
2025-11-11,180.0,0.0
2025-11-12,186.0,0.0
2025-11-13,187.5,0.0
2025-11-14,185.5,0.0
2025-11-17,181.5,0.0
2025-11-18,179.5,0.0
2025-11-19,179.5,0.0
2025-11-20,182.5,0.0
2025-11-21,180.0,0.0
2025-11-24,179.0,0.0
2025-11-25,180.5,0.0
2025-11-26,182.0,0.0
2025-11-27,180.5,0.0
2025-11-28,179.5,0.0
2025-12-01,181.5,0.0
2025-12-02,181.5,0.0
2025-12-03,182.5,0.0
2025-12-04,184.5,0.0
2025-12-05,183.0,0.0
2025-12-08,180.0,0.0
2025-12-09,178.5,0.0
2025-12-10,179.0,0.0
2025-12-11,180.5,0.0
2025-12-12,183.0,0.0
2025-12-15,183.5,0.0
2025-12-16,183.5,0.0
2025-12-17,184.0,0.0
2025-12-18,183.0,0.0
2025-12-19,185.5,0.0
2025-12-22,186.0,0.0
2025-12-23,186.0,0.0
2025-12-24,188.5,0.0
2025-12-26,191.0,0.0
2025-12-29,190.5,0.0
2025-12-30,191.0,0.0
2025-12-31,190.0,0.0
2026-01-02,193.0,0.0
2026-01-05,190.0,0.0
2026-01-06,189.5,0.0
2026-01-07,195.5,0.0
2026-01-08,193.5,0.0
2026-01-09,193.5,0.0
2026-01-12,195.5,0.0
2026-01-13,195.0,0.0
2026-01-14,194.0,0.0
2026-01-15,195.0,0.0
2026-01-16,190.0,0.0
2026-01-19,187.5,0.0
2026-01-20,191.0,0.0
2026-01-21,191.0,0.0
2026-01-22,192.5,0.0
2026-01-23,189.5,0.0
2026-01-26,188.5,0.0
2026-01-27,187.0,0.0
2026-01-28,192.0,0.0
2026-01-29,190.0,0.0
2026-01-30,186.0,0.0
2026-02-02,184.0,0.0
2026-02-03,185.0,0.0
2026-02-04,188.5,0.0
2026-02-05,187.0,0.0
2026-02-06,187.5,0.0
2026-02-09,186.5,0.0
2026-02-10,186.0,0.0
2026-02-11,186.0,0.0
2026-02-23,188.5,0.0
2026-02-24,190.5,0.0
2026-02-25,192.0,0.0
2026-02-26,197.0,0.0
2026-03-02,210.0,0.0
2026-03-03,216.5,0.0
2026-03-04,209.5,0.0
2026-03-05,208.0,0.0
2026-03-06,210.5,0.0
2026-03-09,210.5,0.0
2026-03-10,205.5,0.0
2026-03-11,210.0,0.0
2026-03-12,211.5,0.0
2026-03-13,207.5,0.0
2026-03-16,218.5,0.0
2026-03-17,218.0,0.0
2026-03-18,218.0,0.0
2026-03-19,217.5,0.0
2026-03-20,214.0,0.0
2026-03-23,204.0,0.0
2026-03-24,203.0,0.0
2026-03-25,206.0,0.0
2026-03-26,203.0,0.0
2026-03-27,201.0,0.0
2026-03-30,203.5,0.0
2026-03-31,199.5,0.0
2026-04-01,204.5,0.0
2026-04-02,202.5,0.0
2026-04-07,203.0,0.0
2026-04-08,202.0,0.0
2026-04-09,203.0,0.0
2026-04-10,202.5,0.0
2026-04-13,200.0,0.0
2026-04-14,201.0,0.0
2026-04-15,203.0,0.0
2026-04-16,201.5,0.0
2026-04-17,198.0,0.0
2026-04-20,197.0,0.0
2026-04-21,201.5,0.0
2026-04-22,202.0,0.0
2026-04-23,201.0,0.0
2026-04-24,201.5,0.0
2026-04-27,199.5,0.0
2026-04-28,200.0,0.0
2026-04-29,201.5,0.0
2026-04-30,202.0,0.0
2026-05-04,206.0,0.0
2026-05-05,208.0,0.0
2026-05-06,212.0,0.0
2026-05-07,213.5,0.0
2026-05-08,211.5,0.0
2026-05-11,214.0,0.0
2026-05-12,214.0,0.0
2026-05-13,210.0,0.0
2026-05-14,211.5,0.0
2026-05-15,200.5,0.0
2026-05-18,197.5,0.0
2026-05-19,197.0,0.0
2026-05-20,212.5,0.0
2026-05-21,212.0,0.0
2026-05-22,219.0,0.0
2026-05-25,214.0,0.0
2026-05-26,211.5,0.0
2026-05-27,211.5,0.0
2026-05-28,211.0,0.0
2026-05-29,213.0,0.0
2026-06-01,224.0,0.0
2026-06-02,231.0,0.0
2026-06-03,237.0,0.0
2026-06-04,236.0,0.0
2026-06-05,232.0,0.0
2026-06-08,224.0,0.0
2026-06-09,222.0,0.0
2026-06-10,223.0,0.0
2026-06-11,226.0,0.0
2026-06-12,228.0,0.0
2026-06-15,224.5,0.0
2026-06-16,220.5,0.0
2026-06-17,194.0,16.0
2026-06-18,193.0,0.0
2026-06-22,193.0,0.0
2026-06-23,189.0,0.0
2026-06-24,186.5,0.0
2026-06-25,185.0,0.0
2026-06-26,181.0,0.0
2026-06-29,184.0,0.0
2026-06-30,184.5,0.0
2026-07-01,185.5,0.0
2026-07-02,185.5,0.0
2026-07-03,195.0,0.0
2026-07-06,195.5,0.0
2026-07-07,188.0,0.0
2026-07-08,196.0,0.0
2026-07-09,194.5,0.0
2026-07-10,194.5,0.0
2026-07-13,195.0,0.0
2026-07-14,194.5,0.0
2026-07-15,199.5,0.0
2026-07-16,200.0,0.0
2026-07-17,198.0,0.0
2026-07-20,196.0,0.0
2026-07-21,203.0,0.0
2026-07-22,206.0,0.0
2026-07-23,203.5,0.0
2026-07-24,206.0,0.0
2026-07-27,203.5,0.0
2026-07-28,200.0,0.0
2026-07-29,201.5,0.0
2026-07-30,201.0,0.0
2026-07-31,204.0,0.0
2026-08-03,207.5,0.0
2026-08-04,206.0,0.0
2026-08-05,205.0,0.0
