Date,Close,Dividends
2000-01-04,21.178735733032227,0.0
2000-01-05,21.315364837646484,0.0
2000-01-06,21.99856376647949,0.0
2000-01-07,23.50156211853028,0.0
2000-01-10,23.6382064819336,0.0
2000-01-11,23.22829246520996,0.0
2000-01-12,23.50156211853028,0.0
2000-01-13,24.18474769592285,0.0
2000-01-14,25.277847290039062,0.0
2000-01-17,26.23430252075196,0.0
2000-01-18,25.41448974609375,0.0
2000-01-19,25.551118850708008,0.0
2000-01-20,25.41448974609375,0.0
2000-01-21,25.41448974609375,0.0
2000-01-24,26.780845642089844,0.0
2000-01-25,26.5075740814209,0.0
2000-01-26,26.5075740814209,0.0
2000-01-27,26.780845642089844,0.0
2000-01-28,26.5075740814209,0.0
2000-01-31,26.37094688415528,0.0
2000-02-01,25.96103286743164,0.0
2000-02-02,25.96103286743164,0.0
2000-02-03,25.96103286743164,0.0
2000-02-04,25.96103286743164,0.0
2000-02-07,25.96103286743164,0.0
2000-02-08,25.96103286743164,0.0
2000-02-09,25.82438850402832,0.0
2000-02-10,26.780845642089844,0.0
2000-02-11,26.097675323486328,0.0
2000-02-14,25.551118850708008,0.0
2000-02-15,25.00457572937012,0.0
2000-02-16,25.551118850708008,0.0
2000-02-17,27.327402114868164,0.0
2000-02-18,26.91748809814453,0.0
2000-02-21,27.46402931213379,0.0
2000-02-22,25.68776130676269,0.0
2000-02-23,25.277847290039062,0.0
2000-02-24,24.4580192565918,0.0
2000-02-25,23.364919662475582,0.0
2000-02-28,23.364919662475582,0.0
2000-02-29,23.22829246520996,0.0
2000-03-01,23.6382064819336,0.0
2000-03-02,22.955020904541016,0.0
2000-03-03,23.22829246520996,0.0
2000-03-06,22.408462524414062,0.0
2000-03-07,22.13519287109375,0.0
2000-03-08,22.13519287109375,0.0
2000-03-09,22.681734085083008,0.0
2000-03-10,21.861921310424805,0.0
2000-03-13,20.35890769958496,0.0
2000-03-14,20.63219451904297,0.0
2000-03-15,20.35890769958496,0.0
2000-03-16,20.63219451904297,0.0
2000-03-17,21.04209327697754,0.0
2000-03-20,20.35890769958496,0.0
2000-03-21,21.72527885437012,0.0
2000-03-22,23.22829246520996,0.0
2000-03-23,24.731290817260746,0.0
2000-03-24,23.911476135253903,0.0
2000-03-27,23.50156211853028,0.0
2000-03-28,23.22829246520996,0.0
2000-03-29,22.955020904541016,0.0
2000-03-30,22.955020904541016,0.0
2000-03-31,22.81837654113769,0.0
2000-04-03,22.81837654113769,0.0
2000-04-04,22.81837654113769,0.0
2000-04-05,23.50156211853028,0.0
2000-04-06,23.50156211853028,0.0
2000-04-07,23.364919662475582,0.0
2000-04-10,23.6382064819336,0.0
2000-04-11,23.77483367919922,0.0
2000-04-12,24.18474769592285,0.0
2000-04-13,24.18474769592285,0.0
2000-04-14,23.50156211853028,0.0
2000-04-17,22.81837654113769,0.0
2000-04-18,23.364919662475582,0.0
2000-04-19,23.22829246520996,0.0
2000-04-20,24.048120498657227,0.0
2000-04-21,25.14120483398437,0.0
2000-04-24,24.86793327331543,0.0
2000-04-25,24.32139015197754,0.0
2000-04-26,24.32139015197754,0.0
2000-04-27,24.048120498657227,0.0
2000-04-28,24.32139015197754,0.0
2000-05-01,24.32139015197754,0.0
2000-05-02,24.4580192565918,0.0
2000-05-03,24.18474769592285,0.0
2000-05-04,25.00457572937012,0.0
2000-05-05,26.644216537475582,0.0
2000-05-08,26.23430252075196,0.0
2000-05-09,26.23430252075196,0.0
2000-05-10,28.42050170898437,0.0
2000-05-11,28.42050170898437,0.0
2000-05-12,28.28385734558105,0.0
2000-05-15,27.46402931213379,0.0
2000-05-16,27.19075965881348,0.0
2000-05-17,28.28385734558105,0.0
2000-05-18,28.28385734558105,0.0
2000-05-19,29.376956939697266,0.0
2000-05-22,26.23430252075196,0.0
2000-05-23,25.41448974609375,0.0
2000-05-24,25.551118850708008,0.0
2000-05-25,25.277847290039062,0.0
2000-05-26,25.68776130676269,0.0
2000-05-29,25.277847290039062,0.0
2000-05-30,25.277847290039062,0.0
2000-05-31,25.68776130676269,0.0
2000-06-01,25.41448974609375,0.0
2000-06-02,26.097675323486328,0.0
2000-06-05,25.96103286743164,0.0
2000-06-06,25.96103286743164,0.0
2000-06-07,24.594661712646484,0.0
2000-06-08,24.4580192565918,0.0
2000-06-09,24.048120498657227,0.0
2000-06-12,22.955020904541016,0.0
2000-06-13,22.681734085083008,0.0
2000-06-14,22.681734085083008,0.0
2000-06-15,22.81837654113769,0.0
2000-06-16,23.22829246520996,0.0
2000-06-19,22.81837654113769,0.0
2000-06-20,22.955020904541016,0.0
2000-06-21,22.545106887817383,0.0
2000-06-22,22.81837654113769,0.0
2000-06-23,22.545106887817383,0.0
2000-06-26,21.99856376647949,0.0
2000-06-27,22.13519287109375,0.0
2000-06-28,22.13519287109375,0.0
2000-06-29,21.861921310424805,0.0
2000-06-30,23.09164810180664,0.0
2000-07-03,22.81837654113769,0.0
2000-07-04,21.72527885437012,0.0
2000-07-05,22.27183532714844,0.0
2000-07-06,21.99856376647949,0.0
2000-07-07,21.861921310424805,0.0
2000-07-10,21.861921310424805,0.0
2000-07-11,21.99856376647949,0.0
2000-07-12,22.13519287109375,0.0
2000-07-13,22.27183532714844,0.0
2000-07-14,23.77483367919922,0.0
2000-07-17,23.50156211853028,0.0
2000-07-18,22.27183532714844,0.0
2000-07-19,22.27183532714844,0.0
2000-07-20,22.545106887817383,0.0
2000-07-21,22.13519287109375,0.0
2000-07-24,22.27183532714844,0.0
2000-07-25,22.27183532714844,0.0
2000-07-26,22.27183532714844,0.0
2000-07-27,21.99856376647949,0.0
2000-07-28,22.681734085083008,0.0
2000-07-31,22.81837654113769,0.0
2000-08-01,23.642894744873047,0.601489
2000-08-02,23.182323455810547,0.0
2000-08-03,23.489381790161133,0.0
2000-08-04,23.489381790161133,0.0
2000-08-07,23.182323455810547,0.0
2000-08-08,23.182323455810547,0.0
2000-08-09,23.79642105102539,0.0
2000-08-10,23.335851669311523,0.0
2000-08-11,23.182323455810547,0.0
2000-08-14,23.02879524230957,0.0
2000-08-15,23.02879524230957,0.0
2000-08-16,23.335851669311523,0.0
2000-08-17,23.335851669311523,0.0
2000-08-18,23.335851669311523,0.0
2000-08-21,22.568225860595703,0.0
2000-08-22,22.414697647094727,0.0
2000-08-23,22.414697647094727,0.0
2000-08-24,22.26116752624512,0.0
2000-08-25,21.64706993103028,0.0
2000-08-28,20.87944221496582,0.0
2000-08-29,20.111814498901367,0.0
2000-08-30,18.73008918762207,0.0
2000-08-31,17.80893325805664,0.0
2000-09-01,17.425128936767578,0.0
2000-09-04,19.267423629760746,0.0
2000-09-05,19.19066047668457,0.0
2000-09-06,18.19275665283203,0.0
2000-09-07,17.80893325805664,0.0
2000-09-08,18.269519805908203,0.0
2000-09-11,18.115991592407227,0.0
2000-09-12,18.115991592407227,0.0
2000-09-13,18.42303276062012,0.0
2000-09-14,18.115991592407227,0.0
2000-09-15,18.576560974121094,0.0
2000-09-18,18.42303276062012,0.0
2000-09-19,17.73217010498047,0.0
2000-09-20,18.576560974121094,0.0
2000-09-21,19.037147521972656,0.0
2000-09-22,18.19275665283203,0.0
2000-09-25,19.42095375061035,0.0
2000-09-26,19.57448005676269,0.0
2000-09-27,19.19066047668457,0.0
2000-09-28,18.73008918762207,0.0
2000-09-29,19.267423629760746,0.0
2000-10-02,19.344188690185547,0.0
2000-10-03,20.265344619750977,0.0
2000-10-04,21.1097354888916,0.0
2000-10-05,21.1097354888916,0.0
2000-10-06,21.877361297607425,0.0
2000-10-09,20.956207275390625,0.0
2000-10-10,20.956207275390625,0.0
2000-10-11,21.340028762817383,0.0
2000-10-12,21.186500549316406,0.0
2000-10-13,20.34210777282715,0.0
2000-10-16,20.34210777282715,0.0
2000-10-17,19.344188690185547,0.0
2000-10-18,18.039226531982425,0.0
2000-10-19,16.8110294342041,0.0
2000-10-20,17.885698318481445,0.0
2000-10-23,18.576560974121094,0.0
2000-10-24,19.267423629760746,0.0
2000-10-25,19.728010177612305,0.0
2000-10-26,19.344188690185547,0.0
2000-10-27,19.344188690185547,0.0
2000-10-30,18.6533260345459,0.0
2000-10-31,18.039226531982425,0.0
2000-11-01,18.039226531982425,0.0
2000-11-02,19.267423629760746,0.0
2000-11-03,20.57240104675293,0.0
2000-11-06,19.19066047668457,0.0
2000-11-07,19.6512451171875,0.0
2000-11-08,20.34210777282715,0.0
2000-11-09,20.34210777282715,0.0
2000-11-10,20.49563789367676,0.0
2000-11-13,19.113910675048828,0.0
2000-11-14,19.497716903686523,0.0
2000-11-15,20.41887283325196,0.0
2000-11-16,19.344188690185547,0.0
2000-11-17,18.73008918762207,0.0
2000-11-20,17.118072509765625,0.0
2000-11-21,18.269519805908203,0.0
2000-11-22,18.88361930847168,0.0
2000-11-23,19.037147521972656,0.0
2000-11-24,19.728010177612305,0.0
2000-11-27,19.80477333068848,0.0
2000-11-28,19.95828628540039,0.0
2000-11-29,20.111814498901367,0.0
2000-11-30,20.41887283325196,0.0
2000-12-01,21.1097354888916,0.0
2000-12-04,20.725914001464844,0.0
2000-12-05,21.954126358032227,0.0
2000-12-06,21.954126358032227,0.0
2000-12-07,22.26116752624512,0.0
2000-12-08,22.107654571533203,0.0
2000-12-11,22.03089141845703,0.0
2000-12-12,22.03089141845703,0.0
2000-12-13,21.57030487060547,0.0
2000-12-14,22.184404373168945,0.0
2000-12-15,21.64706993103028,0.0
2000-12-18,20.34210777282715,0.0
2000-12-19,21.493541717529297,0.0
2000-12-20,22.26116752624512,0.0
2000-12-21,21.493541717529297,0.0
2000-12-22,21.493541717529297,0.0
2000-12-25,21.493541717529297,0.0
2000-12-26,20.87944221496582,0.0
2000-12-27,20.18857955932617,0.0
2000-12-28,20.87944221496582,0.0
2000-12-29,20.956207275390625,0.0
2001-01-01,20.956207275390625,0.0
2001-01-02,21.954126358032227,0.0
2001-01-03,22.72175407409668,0.0
2001-01-04,23.182323455810547,0.0
2001-01-05,22.4914608001709,0.0
2001-01-08,22.184404373168945,0.0
2001-01-09,22.33793258666992,0.0
2001-01-10,21.954126358032227,0.0
2001-01-11,21.64706993103028,0.0
2001-01-12,21.41677665710449,0.0
2001-01-15,21.493541717529297,0.0
2001-01-16,22.03089141845703,0.0
2001-01-17,21.493541717529297,0.0
2001-01-18,21.26326370239257,0.0
2001-01-19,21.26326370239257,0.0
2001-01-22,21.26326370239257,0.0
2001-01-23,21.26326370239257,0.0
2001-01-24,21.26326370239257,0.0
2001-01-25,21.26326370239257,0.0
2001-01-26,21.26326370239257,0.0
2001-01-29,21.26326370239257,0.0
2001-01-30,21.26326370239257,0.0
2001-01-31,21.0329704284668,0.0
2001-02-01,20.725914001464844,0.0
2001-02-02,21.41677665710449,0.0
2001-02-05,22.184404373168945,0.0
2001-02-06,21.26326370239257,0.0
2001-02-07,21.186500549316406,0.0
2001-02-08,21.1097354888916,0.0
2001-02-09,21.0329704284668,0.0
2001-02-12,21.1097354888916,0.0
2001-02-13,21.1097354888916,0.0
2001-02-14,21.1097354888916,0.0
2001-02-15,21.26326370239257,0.0
2001-02-16,21.493541717529297,0.0
2001-02-19,20.956207275390625,0.0
2001-02-20,21.41677665710449,0.0
2001-02-21,21.57030487060547,0.0
2001-02-22,21.26326370239257,0.0
2001-02-23,21.1097354888916,0.0
2001-02-26,21.186500549316406,0.0
2001-02-27,21.186500549316406,0.0
2001-02-28,21.186500549316406,0.0
2001-03-01,20.41887283325196,0.0
2001-03-02,20.111814498901367,0.0
2001-03-05,19.95828628540039,0.0
2001-03-06,19.95828628540039,0.0
2001-03-07,20.035051345825195,0.0
2001-03-08,20.035051345825195,0.0
2001-03-09,20.18857955932617,0.0
2001-03-12,19.95828628540039,0.0
2001-03-13,19.344188690185547,0.0
2001-03-14,19.344188690185547,0.0
2001-03-15,18.88361930847168,0.0
2001-03-16,19.037147521972656,0.0
2001-03-19,18.42303276062012,0.0
2001-03-20,17.96246337890625,0.0
2001-03-21,17.194835662841797,0.0
2001-03-22,17.655406951904297,0.0
2001-03-23,17.96246337890625,0.0
2001-03-26,18.19275665283203,0.0
2001-03-27,18.346284866333008,0.0
2001-03-28,18.346284866333008,0.0
2001-03-29,18.346284866333008,0.0
2001-03-30,17.80893325805664,0.0
2001-04-02,17.73217010498047,0.0
2001-04-03,17.194835662841797,0.0
2001-04-04,17.04130744934082,0.0
2001-04-05,17.04130744934082,0.0
2001-04-06,17.348363876342773,0.0
2001-04-09,16.964542388916016,0.0
2001-04-10,16.887794494628906,0.0
2001-04-11,17.348363876342773,0.0
2001-04-12,17.118072509765625,0.0
2001-04-13,17.118072509765625,0.0
2001-04-16,17.194835662841797,0.0
2001-04-17,17.118072509765625,0.0
2001-04-18,17.04130744934082,0.0
2001-04-19,17.194835662841797,0.0
2001-04-20,17.04130744934082,0.0
2001-04-23,16.887794494628906,0.0
2001-04-24,17.2716007232666,0.0
2001-04-25,16.964542388916016,0.0
2001-04-26,16.964542388916016,0.0
2001-04-27,15.8131103515625,0.0
2001-04-30,15.50605297088623,0.0
2001-05-01,15.50605297088623,0.0
2001-05-02,14.431385040283203,0.0
2001-05-03,14.508149147033691,0.0
2001-05-04,14.201091766357422,0.0
2001-05-07,14.201091766357422,0.0
2001-05-08,13.663758277893066,0.0
2001-05-09,13.817285537719728,0.0
2001-05-10,13.356700897216797,0.0
2001-05-11,13.740522384643556,0.0
2001-05-14,13.586994171142578,0.0
2001-05-15,14.047562599182127,0.0
2001-05-16,14.58491325378418,0.0
2001-05-17,14.58491325378418,0.0
2001-05-18,14.124327659606934,0.0
2001-05-21,13.817285537719728,0.0
2001-05-22,13.663758277893066,0.0
2001-05-23,14.431385040283203,0.0
2001-05-24,14.124327659606934,0.0
2001-05-25,13.894050598144531,0.0
2001-05-28,13.970799446105955,0.0
2001-05-29,14.124327659606934,0.0
2001-05-30,14.047562599182127,0.0
2001-05-31,14.354620933532717,0.0
2001-06-01,13.970799446105955,0.0
2001-06-04,13.894050598144531,0.0
2001-06-05,14.124327659606934,0.0
2001-06-06,14.58491325378418,0.0
2001-06-07,14.661678314208984,0.0
2001-06-08,14.431385040283203,0.0
2001-06-11,14.58491325378418,0.0
2001-06-12,14.354620933532717,0.0
2001-06-13,14.124327659606934,0.0
2001-06-14,13.970799446105955,0.0
2001-06-15,14.124327659606934,0.0
2001-06-18,14.124327659606934,0.0
2001-06-19,14.047562599182127,0.0
2001-06-20,13.894050598144531,0.0
2001-06-21,13.817285537719728,0.0
2001-06-22,13.740522384643556,0.0
2001-06-25,13.740522384643556,0.0
2001-06-26,13.740522384643556,0.0
2001-06-27,13.817285537719728,0.0
2001-06-28,13.356700897216797,0.0
2001-06-29,13.433465003967283,0.0
2001-07-02,13.433465003967283,0.0
2001-07-03,13.203187942504885,0.0
2001-07-04,12.742602348327637,0.0
2001-07-05,12.435561180114746,0.0
2001-07-06,12.512309074401855,0.0
2001-07-09,12.435561180114746,0.0
2001-07-10,12.358797073364258,0.0
2001-07-11,12.282032012939451,0.0
2001-07-12,12.282032012939451,0.0
2001-07-13,11.974974632263184,0.0
2001-07-16,11.514405250549316,0.0
2001-07-17,11.053818702697754,0.0
2001-07-18,10.286191940307615,0.0
2001-07-19,10.055914878845217,0.0
2001-07-20,10.746777534484863,0.0
2001-07-23,11.13058376312256,0.0
2001-07-24,11.437641143798828,0.0
2001-07-25,10.900306701660156,0.0
2001-07-26,11.59117031097412,0.0
2001-07-27,11.514405250549316,0.0
2001-07-30,11.514405250549316,0.0
2001-07-31,11.36087703704834,0.0
2001-08-01,11.053818702697754,0.0
2001-08-02,11.284111976623535,0.0
2001-08-03,11.514405250549316,0.0
2001-08-06,12.128503799438477,0.0
2001-08-07,11.821447372436523,0.0
2001-08-08,12.205267906188965,0.0
2001-08-09,11.74468231201172,0.0
2001-08-10,11.74468231201172,0.0
2001-08-13,12.512309074401855,0.0
2001-08-14,13.04965877532959,0.0
2001-08-15,13.894050598144531,0.0
2001-08-16,14.815190315246582,0.0
2001-08-17,15.275775909423828,0.0
2001-08-20,14.815190315246582,0.0
2001-08-21,14.58491325378418,0.0
2001-08-22,14.201091766357422,0.0
2001-08-23,14.27785587310791,0.0
2001-08-24,14.431385040283203,0.0
2001-08-27,14.27785587310791,0.0
2001-08-28,13.970799446105955,0.0
2001-08-29,14.201091766357422,0.0
2001-08-30,14.508149147033691,0.0
2001-08-31,14.124327659606934,0.0
2001-09-03,13.970799446105955,0.0
2001-09-04,13.04965877532959,0.0
2001-09-05,12.972894668579102,0.0
2001-09-06,13.510229110717772,0.0
2001-09-07,13.04965877532959,0.0
2001-09-10,12.972894668579102,0.0
2001-09-11,12.972894668579102,0.0
2001-09-12,12.972894668579102,0.0
2001-09-13,12.45993423461914,0.478184
2001-09-14,11.645570755004885,0.0
2001-09-17,11.645570755004885,0.0
2001-09-18,11.645570755004885,0.0
2001-09-19,11.645570755004885,0.0
2001-09-20,11.23838233947754,0.0
2001-09-21,10.912623405456545,0.0
2001-09-24,10.912623405456545,0.0
2001-09-25,9.935380935668944,0.0
2001-09-26,10.342571258544922,0.0
2001-09-27,10.424001693725586,0.0
2001-09-28,10.424001693725586,0.0
2001-10-01,10.424001693725586,0.0
2001-10-02,10.505434036254885,0.0
2001-10-03,10.424001693725586,0.0
2001-10-04,10.831192016601562,0.0
2001-10-05,10.831192016601562,0.0
2001-10-08,10.424001693725586,0.0
2001-10-09,10.424001693725586,0.0
2001-10-10,10.424001693725586,0.0
2001-10-11,11.075502395629885,0.0
2001-10-12,11.564123153686523,0.0
2001-10-15,11.075502395629885,0.0
2001-10-16,11.319812774658203,0.0
2001-10-17,10.994071006774902,0.0
2001-10-18,11.40126132965088,0.0
2001-10-19,10.912623405456545,0.0
2001-10-22,11.075502395629885,0.0
2001-10-23,10.912623405456545,0.0
2001-10-24,10.994071006774902,0.0
2001-10-25,11.156933784484863,0.0
2001-10-26,11.075502395629885,0.0
2001-10-29,10.749759674072266,0.0
2001-10-30,10.586880683898926,0.0
2001-10-31,10.424001693725586,0.0
2001-11-01,11.075502395629885,0.0
2001-11-02,11.075502395629885,0.0
2001-11-05,10.994071006774902,0.0
2001-11-06,11.482691764831545,0.0
2001-11-07,11.482691764831545,0.0
2001-11-08,11.40126132965088,0.0
2001-11-09,11.40126132965088,0.0
2001-11-12,12.21562385559082,0.0
2001-11-13,11.564123153686523,0.0
2001-11-14,11.645570755004885,0.0
2001-11-15,11.645570755004885,0.0
2001-11-16,12.05276107788086,0.0
2001-11-19,12.37850284576416,0.0
2001-11-20,12.21562385559082,0.0
2001-11-21,11.9713134765625,0.0
2001-11-22,11.88988208770752,0.0
2001-11-23,11.72700309753418,0.0
2001-11-26,11.808433532714844,0.0
2001-11-27,11.808433532714844,0.0
2001-11-28,11.482691764831545,0.0
2001-11-29,11.645570755004885,0.0
2001-11-30,11.23838233947754,0.0
2001-12-03,11.9713134765625,0.0
2001-12-04,11.88988208770752,0.0
2001-12-05,11.88988208770752,0.0
2001-12-06,12.62281322479248,0.0
2001-12-07,12.70426082611084,0.0
2001-12-10,13.19288158416748,0.0
2001-12-11,12.5413818359375,0.0
2001-12-12,13.03000259399414,0.0
2001-12-13,13.355745315551758,0.0
2001-12-14,13.355745315551758,0.0
2001-12-17,14.251571655273438,0.0
2001-12-18,13.27431297302246,0.0
2001-12-19,12.37850284576416,0.0
2001-12-20,12.45993423461914,0.0
2001-12-21,12.21562385559082,0.0
2001-12-24,12.21562385559082,0.0
2001-12-25,12.62281322479248,0.0
2001-12-26,12.70426082611084,0.0
2001-12-27,12.21562385559082,0.0
2001-12-28,12.29707145690918,0.0
2001-12-31,12.62281322479248,0.0
2002-01-01,12.62281322479248,0.0
2002-01-02,13.03000259399414,0.0
2002-01-03,13.03000259399414,0.0
2002-01-04,12.62281322479248,0.0
2002-01-07,13.11143398284912,0.0
2002-01-08,12.70426082611084,0.0
2002-01-09,13.03000259399414,0.0
2002-01-10,13.925813674926758,0.0
2002-01-11,13.844382286071776,0.0
2002-01-14,13.03000259399414,0.0
2002-01-15,12.8671236038208,0.0
2002-01-16,12.70426082611084,0.0
2002-01-17,12.70426082611084,0.0
2002-01-18,12.70426082611084,0.0
2002-01-21,12.8671236038208,0.0
2002-01-22,12.8671236038208,0.0
2002-01-23,12.78569221496582,0.0
2002-01-24,12.8671236038208,0.0
2002-01-25,13.762933731079102,0.0
2002-01-28,13.844382286071776,0.0
2002-01-29,13.27431297302246,0.0
2002-01-30,13.437192916870115,0.0
2002-01-31,13.437192916870115,0.0
2002-02-01,14.577314376831056,0.0
2002-02-04,14.333003044128418,0.0
2002-02-05,13.925813674926758,0.0
2002-02-06,14.414435386657717,0.0
2002-02-07,14.414435386657717,0.0
2002-02-08,14.414435386657717,0.0
2002-02-11,14.414435386657717,0.0
2002-02-12,14.414435386657717,0.0
2002-02-13,14.414435386657717,0.0
2002-02-14,14.414435386657717,0.0
2002-02-15,14.414435386657717,0.0
2002-02-18,14.740193367004396,0.0
2002-02-19,14.984502792358398,0.0
2002-02-20,14.007245063781738,0.0
2002-02-21,14.170124053955078,0.0
2002-02-22,14.984502792358398,0.0
2002-02-25,14.903072357177734,0.0
2002-02-26,14.65874481201172,0.0
2002-02-27,14.903072357177734,0.0
2002-02-28,14.903072357177734,0.0
2002-03-01,15.228814125061035,0.0
2002-03-04,15.47312355041504,0.0
2002-03-05,15.47312355041504,0.0
2002-03-06,15.636004447937012,0.0
2002-03-07,15.228814125061035,0.0
2002-03-08,15.391693115234377,0.0
2002-03-11,15.47312355041504,0.0
2002-03-12,15.147382736206056,0.0
2002-03-13,15.065935134887695,0.0
2002-03-14,14.903072357177734,0.0
2002-03-15,14.740193367004396,0.0
2002-03-18,14.65874481201172,0.0
2002-03-19,14.414435386657717,0.0
2002-03-20,14.495882034301758,0.0
2002-03-21,14.65874481201172,0.0
2002-03-22,14.740193367004396,0.0
2002-03-25,15.147382736206056,0.0
2002-03-26,14.903072357177734,0.0
2002-03-27,14.984502792358398,0.0
2002-03-28,14.984502792358398,0.0
2002-03-29,14.65874481201172,0.0
2002-04-01,14.65874481201172,0.0
2002-04-02,14.577314376831056,0.0
2002-04-03,14.65874481201172,0.0
2002-04-04,14.740193367004396,0.0
2002-04-05,14.740193367004396,0.0
2002-04-08,14.984502792358398,0.0
2002-04-09,14.740193367004396,0.0
2002-04-10,14.333003044128418,0.0
2002-04-11,14.333003044128418,0.0
2002-04-12,14.495882034301758,0.0
2002-04-15,14.414435386657717,0.0
2002-04-16,14.577314376831056,0.0
2002-04-17,14.495882034301758,0.0
2002-04-18,14.577314376831056,0.0
2002-04-19,15.391693115234377,0.0
2002-04-22,15.47312355041504,0.0
2002-04-23,14.984502792358398,0.0
2002-04-24,15.47312355041504,0.0
2002-04-25,16.043193817138672,0.0
2002-04-26,15.636004447937012,0.0
2002-04-29,15.47312355041504,0.0
2002-04-30,15.717434883117676,0.0
2002-05-01,15.717434883117676,0.0
2002-05-02,15.391693115234377,0.0
2002-05-03,15.147382736206056,0.0
2002-05-06,14.414435386657717,0.0
2002-05-07,13.844382286071776,0.0
2002-05-08,14.740193367004396,0.0
2002-05-09,15.717434883117676,0.0
2002-05-10,15.065935134887695,0.0
2002-05-13,14.984502792358398,0.0
2002-05-14,14.82162380218506,0.0
2002-05-15,14.903072357177734,0.0
2002-05-16,14.740193367004396,0.0
2002-05-17,14.82162380218506,0.0
2002-05-20,14.007245063781738,0.0
2002-05-21,13.437192916870115,0.0
2002-05-22,14.333003044128418,0.0
2002-05-23,15.147382736206056,0.0
2002-05-24,14.984502792358398,0.0
2002-05-27,14.65874481201172,0.0
2002-05-28,14.65874481201172,0.0
2002-05-29,14.577314376831056,0.0
2002-05-30,14.82162380218506,0.0
2002-05-31,14.088692665100098,0.0
2002-06-03,14.007245063781738,0.0
2002-06-04,14.088692665100098,0.0
2002-06-05,14.333003044128418,0.0
2002-06-06,14.333003044128418,0.0
2002-06-07,14.088692665100098,0.0
2002-06-10,14.170124053955078,0.0
2002-06-11,13.925813674926758,0.0
2002-06-12,13.844382286071776,0.0
2002-06-13,14.007245063781738,0.0
2002-06-14,14.007245063781738,0.0
2002-06-17,14.007245063781738,0.0
2002-06-18,14.170124053955078,0.0
2002-06-19,13.762933731079102,0.0
2002-06-20,13.844382286071776,0.0
2002-06-21,13.925813674926758,0.0
2002-06-24,13.844382286071776,0.0
2002-06-25,13.762933731079102,0.0
2002-06-26,13.27431297302246,0.0
2002-06-27,13.355745315551758,0.0
2002-06-28,13.518624305725098,0.0
2002-07-01,12.62281322479248,0.0
2002-07-02,12.62281322479248,0.0
2002-07-03,13.355745315551758,0.0
2002-07-04,13.437192916870115,0.0
2002-07-05,13.600071907043455,0.0
2002-07-08,13.844382286071776,0.0
2002-07-09,13.437192916870115,0.0
2002-07-10,13.27431297302246,0.0
2002-07-11,13.27431297302246,0.0
2002-07-12,13.437192916870115,0.0
2002-07-15,13.19288158416748,0.0
2002-07-16,13.11143398284912,0.0
2002-07-17,12.94857120513916,0.0
2002-07-18,13.11143398284912,0.0
2002-07-19,13.355745315551758,0.0
2002-07-22,12.8671236038208,0.0
2002-07-23,13.11143398284912,0.0
2002-07-24,12.94857120513916,0.0
2002-07-25,12.8671236038208,0.0
2002-07-26,12.5413818359375,0.0
2002-07-29,12.5413818359375,0.0
2002-07-30,13.11143398284912,0.0
2002-07-31,13.11143398284912,0.0
2002-08-01,13.03000259399414,0.0
2002-08-02,12.8671236038208,0.0
2002-08-05,11.9713134765625,0.0
2002-08-06,11.156933784484863,0.0
2002-08-07,11.23838233947754,0.0
2002-08-08,11.23838233947754,0.0
2002-08-09,11.482691764831545,0.0
2002-08-12,11.23838233947754,0.0
2002-08-13,11.319812774658203,0.0
2002-08-14,11.40126132965088,0.0
2002-08-15,11.564123153686523,0.0
2002-08-16,11.645570755004885,0.0
2002-08-19,11.564123153686523,0.0
2002-08-20,11.645570755004885,0.0
2002-08-21,11.564123153686523,0.0
2002-08-22,11.808433532714844,0.0
2002-08-23,11.808433532714844,0.0
2002-08-26,12.05276107788086,0.0
2002-08-27,12.29707145690918,0.0
2002-08-28,12.05276107788086,0.0
2002-08-29,12.05276107788086,0.0
2002-08-30,11.9713134765625,0.0
2002-09-02,11.645570755004885,0.0
2002-09-03,11.9713134765625,0.0
2002-09-04,11.564123153686523,0.0
2002-09-05,11.40126132965088,0.0
2002-09-06,11.40126132965088,0.0
2002-09-09,11.40126132965088,0.0
2002-09-10,11.645570755004885,0.0
2002-09-11,11.564123153686523,0.0
2002-09-12,11.808433532714844,0.0
2002-09-13,11.564123153686523,0.0
2002-09-16,11.23838233947754,0.0
2002-09-17,11.72700309753418,0.0
2002-09-18,11.40126132965088,0.0
2002-09-19,11.40126132965088,0.0
2002-09-20,11.23838233947754,0.0
2002-09-23,11.075502395629885,0.0
2002-09-24,11.156933784484863,0.0
2002-09-25,10.831192016601562,0.0
2002-09-26,11.156933784484863,0.0
2002-09-27,11.075502395629885,0.0
2002-09-30,10.831192016601562,0.0
2002-10-01,10.994071006774902,0.0
2002-10-02,11.075502395629885,0.0
2002-10-03,10.749759674072266,0.0
2002-10-04,10.749759674072266,0.0
2002-10-07,10.505434036254885,0.0
2002-10-08,10.749759674072266,0.0
2002-10-09,10.912623405456545,0.0
2002-10-10,10.912623405456545,0.0
2002-10-11,10.586880683898926,0.0
2002-10-14,10.831192016601562,0.0
2002-10-15,11.564123153686523,0.0
2002-10-16,11.40126132965088,0.0
2002-10-17,12.13419246673584,0.0
2002-10-18,12.94857120513916,0.0
2002-10-21,13.844382286071776,0.0
2002-10-22,13.03000259399414,0.0
2002-10-23,13.762933731079102,0.0
2002-10-24,12.94857120513916,0.0
2002-10-25,12.94857120513916,0.0
2002-10-28,13.19288158416748,0.0
2002-10-29,12.8671236038208,0.0
2002-10-30,13.518624305725098,0.0
2002-10-31,14.414435386657717,0.0
2002-11-01,13.681503295898438,0.0
2002-11-04,13.600071907043455,0.0
2002-11-05,13.27431297302246,0.0
2002-11-06,13.762933731079102,0.0
2002-11-07,13.681503295898438,0.0
2002-11-08,13.762933731079102,0.0
2002-11-11,14.007245063781738,0.0
2002-11-12,13.762933731079102,0.0
2002-11-13,14.007245063781738,0.0
2002-11-14,13.925813674926758,0.0
2002-11-15,14.088692665100098,0.0
2002-11-18,13.925813674926758,0.0
2002-11-19,13.925813674926758,0.0
2002-11-20,13.844382286071776,0.0
2002-11-21,13.762933731079102,0.0
2002-11-22,13.762933731079102,0.0
2002-11-25,13.844382286071776,0.0
2002-11-26,13.762933731079102,0.0
2002-11-27,14.007245063781738,0.0
2002-11-28,13.844382286071776,0.0
2002-11-29,13.762933731079102,0.0
2002-12-02,13.762933731079102,0.0
2002-12-03,13.844382286071776,0.0
2002-12-04,13.844382286071776,0.0
2002-12-05,14.740193367004396,0.0
2002-12-06,14.495882034301758,0.0
2002-12-09,15.47312355041504,0.0
2002-12-10,16.124624252319336,0.0
2002-12-11,15.065935134887695,0.0
2002-12-12,16.043193817138672,0.0
2002-12-13,15.47312355041504,0.0
2002-12-16,15.065935134887695,0.0
2002-12-17,15.065935134887695,0.0
2002-12-18,14.903072357177734,0.0
2002-12-19,15.880313873291016,0.0
2002-12-20,16.93900489807129,0.0
2002-12-23,18.0791244506836,0.0
2002-12-24,19.137815475463867,0.0
2002-12-25,19.30069351196289,0.0
2002-12-26,19.21924591064453,0.0
2002-12-27,20.522247314453125,0.0
2002-12-30,20.522247314453125,0.0
2002-12-31,20.848005294799805,0.0
2003-01-01,20.848005294799805,0.0
2003-01-02,22.232437133789062,0.0
2003-01-03,23.779747009277344,0.0
2003-01-06,25.408506393432617,0.0
2003-01-07,27.037248611450195,0.0
2003-01-08,28.82888603210449,0.0
2003-01-09,28.177385330200195,0.0
2003-01-10,28.66600608825684,0.0
2003-01-13,30.620506286621094,0.0
2003-01-14,32.73788833618164,0.0
2003-01-15,35.01812744140625,0.0
2003-01-16,33.22650909423828,0.0
2003-01-17,31.923507690429688,0.0
2003-01-20,34.04088592529297,0.0
2003-01-21,33.87800979614258,0.0
2003-01-22,36.15825271606445,0.0
2003-01-23,34.85525131225586,0.0
2003-01-24,33.552249908447266,0.0
2003-01-27,31.272008895874023,0.0
2003-01-28,30.29474830627441,0.0
2003-01-29,30.29474830627441,0.0
2003-01-30,30.29474830627441,0.0
2003-01-31,30.29474830627441,0.0
2003-02-03,30.29474830627441,0.0
2003-02-04,30.29474830627441,0.0
2003-02-05,30.29474830627441,0.0
2003-02-06,32.41212844848633,0.0
2003-02-07,32.41212844848633,0.0
2003-02-10,30.29474830627441,0.0
2003-02-11,28.177385330200195,0.0
2003-02-12,29.317506790161133,0.0
2003-02-13,27.363006591796875,0.0
2003-02-14,26.71150588989257,0.0
2003-02-17,28.50312805175781,0.0
2003-02-18,28.177385330200195,0.0
2003-02-19,27.363006591796875,0.0
2003-02-20,25.57138442993164,0.0
2003-02-21,26.06000518798828,0.0
2003-02-24,27.85162734985352,0.0
2003-02-25,28.34024810791016,0.0
2003-02-26,30.29474830627441,0.0
2003-02-27,29.806127548217773,0.0
2003-02-28,29.806127548217773,0.0
2003-03-03,30.29474830627441,0.0
2003-03-04,31.760629653930664,0.0
2003-03-05,30.78338623046875,0.0
2003-03-06,29.96900749206543,0.0
2003-03-07,28.177385330200195,0.0
2003-03-10,26.222885131835938,0.0
2003-03-11,24.43124771118164,0.0
2003-03-12,25.89712715148925,0.0
2003-03-13,26.71150588989257,0.0
2003-03-14,28.50312805175781,0.0
2003-03-17,28.177385330200195,0.0
2003-03-18,30.131885528564453,0.0
2003-03-19,30.45762825012207,0.0
2003-03-20,32.41212844848633,0.0
2003-03-21,31.109128952026367,0.0
2003-03-24,31.109128952026367,0.0
2003-03-25,31.434886932373047,0.0
2003-03-26,30.78338623046875,0.0
2003-03-27,31.597749710083008,0.0
2003-03-28,30.620506286621094,0.0
2003-03-31,28.50312805175781,0.0
2003-04-01,28.82888603210449,0.0
2003-04-02,28.991748809814453,0.0
2003-04-03,30.29474830627441,0.0
2003-04-04,32.41212844848633,0.0
2003-04-07,34.20375061035156,0.0
2003-04-08,32.90074920654297,0.0
2003-04-09,33.87800979614258,0.0
2003-04-10,32.90074920654297,0.0
2003-04-11,32.575008392333984,0.0
2003-04-14,30.29474830627441,0.0
2003-04-15,30.29474830627441,0.0
2003-04-16,30.29474830627441,0.0
2003-04-17,30.620506286621094,0.0
2003-04-18,30.29474830627441,0.0
2003-04-21,28.991748809814453,0.0
2003-04-22,28.66600608825684,0.0
2003-04-23,28.66600608825684,0.0
2003-04-24,26.71150588989257,0.0
2003-04-25,24.919885635375977,0.0
2003-04-28,25.24562644958496,0.0
2003-04-29,25.57138442993164,0.0
2003-04-30,23.861194610595703,0.0
2003-05-01,23.861194610595703,0.0
2003-05-02,24.43124771118164,0.0
2003-05-05,26.06000518798828,0.0
2003-05-06,27.20012664794922,0.0
2003-05-07,28.991748809814453,0.0
2003-05-08,28.50312805175781,0.0
2003-05-09,29.64324951171875,0.0
2003-05-12,28.66600608825684,0.0
2003-05-13,28.66600608825684,0.0
2003-05-14,28.991748809814453,0.0
2003-05-15,28.01450729370117,0.0
2003-05-16,27.68874740600586,0.0
2003-05-19,27.363006591796875,0.0
2003-05-20,28.66600608825684,0.0
2003-05-21,28.66600608825684,0.0
2003-05-22,29.806127548217773,0.0
2003-05-23,30.29474830627441,0.0
2003-05-26,31.434886932373047,0.0
2003-05-27,30.620506286621094,0.0
2003-05-28,30.620506286621094,0.0
2003-05-29,30.94624900817871,0.0
2003-05-30,30.78338623046875,0.0
2003-06-02,31.272008895874023,0.0
2003-06-03,31.109128952026367,0.0
2003-06-04,31.109128952026367,0.0
2003-06-05,30.620506286621094,0.0
2003-06-06,30.45762825012207,0.0
2003-06-09,32.575008392333984,0.0
2003-06-10,32.73788833618164,0.0
2003-06-11,33.552249908447266,0.0
2003-06-12,34.36663055419922,0.0
2003-06-13,34.04088592529297,0.0
2003-06-16,36.32112884521485,0.0
2003-06-17,36.64688873291016,0.0
2003-06-18,37.1355094909668,0.0
2003-06-19,37.46125030517578,0.0
2003-06-20,35.50674819946289,0.0
2003-06-23,35.50674819946289,0.0
2003-06-24,35.99538803100586,0.0
2003-06-25,36.4840087890625,0.0
2003-06-26,37.46125030517578,0.0
2003-06-27,36.97262954711914,0.0
2003-06-30,37.46125030517578,0.0
2003-07-01,39.25288772583008,0.0
2003-07-02,40.06725311279297,0.0
2003-07-03,38.92713165283203,0.0
2003-07-04,39.41575241088867,0.0
2003-07-07,40.393009185791016,0.0
2003-07-08,39.57863235473633,0.0
2003-07-09,38.764251708984375,0.0
2003-07-10,40.06725311279297,0.0
2003-07-11,40.55588912963867,0.0
2003-07-14,41.69601058959961,0.0
2003-07-15,43.97625350952149,0.0
2003-07-16,44.62775421142578,0.0
2003-07-17,44.30200958251953,0.0
2003-07-18,43.97625350952149,0.0
2003-07-21,43.97625350952149,0.0
2003-07-22,45.27925109863281,0.0
2003-07-23,44.46488952636719,0.0
2003-07-24,44.95351028442383,0.0
2003-07-25,44.30200958251953,0.0
2003-07-28,44.79063034057617,0.0
2003-07-29,43.32475280761719,0.0
2003-07-30,43.32475280761719,0.0
2003-07-31,41.85887145996094,0.0
2003-08-01,41.3702507019043,0.0
2003-08-04,41.3702507019043,0.0
2003-08-05,39.74150848388672,0.0
2003-08-06,39.74150848388672,0.0
2003-08-07,40.393009185791016,0.0
2003-08-08,41.53313064575195,0.0
2003-08-11,41.69601058959961,0.0
2003-08-12,42.51039123535156,0.0
2003-08-13,43.6505126953125,0.0
2003-08-14,43.48763275146485,0.0
2003-08-15,43.97625350952149,0.0
2003-08-18,45.76789093017578,0.0
2003-08-19,47.39663314819336,0.0
2003-08-20,46.093631744384766,0.0
2003-08-21,46.25651168823242,0.0
2003-08-22,45.76789093017578,0.0
2003-08-25,46.582252502441406,0.0
2003-08-26,46.90801239013672,0.0
2003-08-27,46.41939163208008,0.0
2003-08-28,47.070892333984375,0.0
2003-08-29,47.559513092041016,0.0
2003-09-01,50.49125289916992,0.0
2003-09-02,49.6768913269043,0.0
2003-09-03,49.6768913269043,0.0
2003-09-04,48.3738899230957,0.0
2003-09-05,47.88525390625,0.985057
2003-09-08,48.3738899230957,0.0
2003-09-09,48.5367546081543,0.0
2003-09-10,47.88525390625,0.0
2003-09-11,47.88525390625,0.0
2003-09-12,47.559513092041016,0.0
2003-09-15,46.74513244628906,0.0
2003-09-16,47.2337532043457,0.0
2003-09-17,48.048133850097656,0.0
2003-09-18,48.69963455200195,0.0
2003-09-19,48.048133850097656,0.0
2003-09-22,47.88525390625,0.0
2003-09-23,47.39663314819336,0.0
2003-09-24,46.90801239013672,0.0
2003-09-25,47.39663314819336,0.0
2003-09-26,46.74513244628906,0.0
2003-09-29,47.2337532043457,0.0
2003-09-30,47.39663314819336,0.0
2003-10-01,46.90801239013672,0.0
2003-10-02,47.88525390625,0.0
2003-10-03,50.817012786865234,0.0
2003-10-06,51.95713424682617,0.0
2003-10-07,51.79425430297852,0.0
2003-10-08,52.28289031982422,0.0
2003-10-09,53.58587646484375,0.0
2003-10-10,53.58587646484375,0.0
2003-10-13,56.68051528930664,0.0
2003-10-14,56.68051528930664,0.0
2003-10-15,54.40025329589844,0.0
2003-10-16,57.006256103515625,0.0
2003-10-17,55.54037857055664,0.0
2003-10-20,54.888893127441406,0.0
2003-10-21,53.260135650634766,0.0
2003-10-22,53.42301177978516,0.0
2003-10-23,54.23737716674805,0.0
2003-10-24,53.42301177978516,0.0
2003-10-27,53.748756408691406,0.0
2003-10-28,54.888893127441406,0.0
2003-10-29,54.72601318359375,0.0
2003-10-30,55.0517578125,0.0
2003-10-31,55.37751388549805,0.0
2003-11-03,56.35475540161133,0.0
2003-11-04,56.35475540161133,0.0
2003-11-05,55.54037857055664,0.0
2003-11-06,52.60863494873047,0.0
2003-11-07,53.09725570678711,0.0
2003-11-10,54.07451248168945,0.0
2003-11-11,53.58587646484375,0.0
2003-11-12,53.42301177978516,0.0
2003-11-13,52.28289031982422,0.0
2003-11-14,51.14275360107422,0.0
2003-11-17,50.65413284301758,0.0
2003-11-18,51.30563354492188,0.0
2003-11-19,51.79425430297852,0.0
2003-11-20,52.771514892578125,0.0
2003-11-21,52.12001419067383,0.0
2003-11-24,51.30563354492188,0.0
2003-11-25,50.97989273071289,0.0
2003-11-26,52.60863494873047,0.0
2003-11-27,51.46851348876953,0.0
2003-11-28,51.46851348876953,0.0
2003-12-01,52.28289031982422,0.0
2003-12-02,51.79425430297852,0.0
2003-12-03,50.328392028808594,0.0
2003-12-04,50.328392028808594,0.0
2003-12-05,50.49125289916992,0.0
2003-12-08,51.30563354492188,0.0
2003-12-09,51.95713424682617,0.0
2003-12-10,52.12001419067383,0.0
2003-12-11,53.748756408691406,0.0
2003-12-12,55.54037857055664,0.0
2003-12-15,56.02901458740234,0.0
2003-12-16,55.37751388549805,0.0
2003-12-17,53.42301177978516,0.0
2003-12-18,54.23737716674805,0.0
2003-12-19,54.888893127441406,0.0
2003-12-22,54.888893127441406,0.0
2003-12-23,55.37751388549805,0.0
2003-12-24,55.21463394165039,0.0
2003-12-25,54.07451248168945,0.0
2003-12-26,54.40025329589844,0.0
2003-12-29,53.58587646484375,0.0
2003-12-30,54.07451248168945,0.0
2003-12-31,54.888893127441406,0.0
2004-01-01,54.888893127441406,0.0
2004-01-02,57.494876861572266,0.0
2004-01-05,59.93801498413086,0.0
2004-01-06,62.218257904052734,0.0
2004-01-07,62.54401779174805,0.0
2004-01-08,62.54401779174805,0.0
2004-01-09,62.86975860595703,0.0
2004-01-12,61.0781364440918,0.0
2004-01-13,59.93801498413086,0.0
2004-01-14,60.75237655639648,0.0
2004-01-15,61.40389251708984,0.0
2004-01-16,61.56675720214844,0.0
2004-01-19,61.56675720214844,0.0
2004-01-20,61.56675720214844,0.0
2004-01-21,61.56675720214844,0.0
2004-01-22,61.56675720214844,0.0
2004-01-23,61.56675720214844,0.0
2004-01-26,61.56675720214844,0.0
2004-01-27,62.70689392089844,0.0
2004-01-28,61.40389251708984,0.0
2004-01-29,60.10089492797852,0.0
2004-01-30,60.10089492797852,0.0
2004-02-02,59.61225509643555,0.0
2004-02-03,58.79787826538086,0.0
2004-02-04,60.10089492797852,0.0
2004-02-05,60.91525650024414,0.0
2004-02-06,60.75237655639648,0.0
2004-02-09,60.75237655639648,0.0
2004-02-10,60.26375579833984,0.0
2004-02-11,59.93801498413086,0.0
2004-02-12,58.79787826538086,0.0
2004-02-13,59.61225509643555,0.0
2004-02-16,60.4266357421875,0.0
2004-02-17,61.0781364440918,0.0
2004-02-18,61.0781364440918,0.0
2004-02-19,63.03263854980469,0.0
2004-02-20,62.05537796020508,0.0
2004-02-23,61.56675720214844,0.0
2004-02-24,61.0781364440918,0.0
2004-02-25,61.729637145996094,0.0
2004-02-26,62.05537796020508,0.0
2004-02-27,65.96439361572266,0.0
2004-03-01,69.22189331054688,0.0
2004-03-02,68.40751647949219,0.0
2004-03-03,68.08175659179688,0.0
2004-03-04,67.43025970458984,0.0
2004-03-05,67.1045150756836,0.0
2004-03-08,66.2901382446289,0.0
2004-03-09,67.43025970458984,0.0
2004-03-10,67.43025970458984,0.0
2004-03-11,66.45301818847656,0.0
2004-03-12,65.15001678466797,0.0
2004-03-15,65.801513671875,0.0
2004-03-16,66.45301818847656,0.0
2004-03-17,67.1045150756836,0.0
2004-03-18,70.03626251220703,0.0
2004-03-19,72.47940063476562,0.0
2004-03-22,67.43025970458984,0.0
2004-03-23,62.86975860595703,0.0
2004-03-24,61.0781364440918,0.0
2004-03-25,60.4266357421875,0.0
2004-03-26,60.4266357421875,0.0
2004-03-29,64.33563995361328,0.0
2004-03-30,63.19551467895508,0.0
2004-03-31,63.52125930786133,0.0
2004-04-01,61.729637145996094,0.0
2004-04-02,61.729637145996094,0.0
2004-04-05,61.89251327514648,0.0
2004-04-06,62.86975860595703,0.0
2004-04-07,63.03263854980469,0.0
2004-04-08,62.218257904052734,0.0
2004-04-09,59.93801498413086,0.0
2004-04-12,61.0781364440918,0.0
2004-04-13,61.0781364440918,0.0
2004-04-14,60.4266357421875,0.0
2004-04-15,58.146392822265625,0.0
2004-04-16,58.146392822265625,0.0
2004-04-19,56.19189453125,0.0
2004-04-20,57.494876861572266,0.0
2004-04-21,56.84339141845703,0.0
2004-04-22,55.70325469970703,0.0
2004-04-23,56.02901458740234,0.0
2004-04-26,55.54037857055664,0.0
2004-04-27,52.28289031982422,0.0
2004-04-28,50.49125289916992,0.0
2004-04-29,48.048133850097656,0.0
2004-04-30,45.27925109863281,0.0
2004-05-03,45.93075180053711,0.0
2004-05-04,49.025390625,0.0
2004-05-05,47.2337532043457,0.0
2004-05-06,47.722389221191406,0.0
2004-05-07,49.6768913269043,0.0
2004-05-10,50.00263214111328,0.0
2004-05-11,49.6768913269043,0.0
2004-05-12,49.6768913269043,0.0
2004-05-13,46.582252502441406,0.0
2004-05-14,43.32475280761719,0.0
2004-05-17,40.393009185791016,0.0
2004-05-18,40.881629943847656,0.0
2004-05-19,43.6505126953125,0.0
2004-05-20,44.62775421142578,0.0
2004-05-21,46.41939163208008,0.0
2004-05-24,46.41939163208008,0.0
2004-05-25,44.95351028442383,0.0
2004-05-26,45.44213104248047,0.0
2004-05-27,46.582252502441406,0.0
2004-05-28,47.722389221191406,0.0
2004-05-31,46.41939163208008,0.0
2004-06-01,46.25651168823242,0.0
2004-06-02,45.27925109863281,0.0
2004-06-03,44.79063034057617,0.0
2004-06-04,44.79063034057617,0.0
2004-06-07,47.070892333984375,0.0
2004-06-08,46.74513244628906,0.0
2004-06-09,47.559513092041016,0.0
2004-06-10,47.070892333984375,0.0
2004-06-11,46.582252502441406,0.0
2004-06-14,45.605010986328125,0.0
2004-06-15,45.76789093017578,0.0
2004-06-16,44.30200958251953,0.0
2004-06-17,45.605010986328125,0.0
2004-06-18,45.27925109863281,0.0
2004-06-21,45.11639022827149,0.0
2004-06-22,45.11639022827149,0.0
2004-06-23,47.39663314819336,0.0
2004-06-24,49.51401138305664,0.0
2004-06-25,50.16551208496094,0.0
2004-06-28,50.49125289916992,0.0
2004-06-29,50.49125289916992,0.0
2004-06-30,50.49125289916992,0.0
2004-07-01,51.79425430297852,0.0
2004-07-02,51.63139343261719,0.0
2004-07-05,50.97989273071289,0.0
2004-07-06,51.63139343261719,0.0
2004-07-07,50.49125289916992,0.0
2004-07-08,51.30563354492188,0.0
2004-07-09,51.14275360107422,0.0
2004-07-12,52.12001419067383,0.0
2004-07-13,51.95713424682617,0.0
2004-07-14,50.16551208496094,0.0
2004-07-15,47.070892333984375,0.0
2004-07-16,46.582252502441406,0.0
2004-07-19,45.76789093017578,0.0
2004-07-20,45.605010986328125,0.0
2004-07-21,46.41939163208008,0.0
2004-07-22,46.093631744384766,0.0
2004-07-23,46.093631744384766,0.0
2004-07-26,46.25651168823242,0.0
2004-07-27,44.30200958251953,0.0
2004-07-28,44.46488952636719,0.0
2004-07-29,44.30200958251953,0.0
2004-07-30,46.093631744384766,0.0
2004-08-02,45.27925109863281,0.0
2004-08-03,46.093631744384766,0.0
2004-08-04,47.722389221191406,0.0
2004-08-05,48.21101379394531,0.0
2004-08-06,47.722389221191406,0.0
2004-08-09,49.188255310058594,0.0
2004-08-10,45.47868728637695,3.754659
2004-08-11,44.623836517333984,0.0
2004-08-12,44.623836517333984,0.0
2004-08-13,45.3077278137207,0.0
2004-08-16,45.99161529541016,0.0
2004-08-17,45.649662017822266,0.0
2004-08-18,45.649662017822266,0.0
2004-08-19,47.53035736083984,0.0
2004-08-20,47.188419342041016,0.0
2004-08-23,48.38522338867188,0.0
2004-08-24,48.38522338867188,0.0
2004-08-25,48.38522338867188,0.0
2004-08-26,49.75300216674805,0.0
2004-08-27,49.75300216674805,0.0
2004-08-30,50.949806213378906,0.0
2004-08-31,50.949806213378906,0.0
2004-09-01,52.83051681518555,0.0
2004-09-02,53.34342956542969,0.0
2004-09-03,51.633697509765625,0.0
2004-09-06,51.80467224121094,0.0
2004-09-07,52.488563537597656,0.0
2004-09-08,54.19829940795898,0.0
2004-09-09,54.19829940795898,0.0
2004-09-10,52.65954208374024,0.0
2004-09-13,53.514408111572266,0.0
2004-09-14,52.65954208374024,0.0
2004-09-15,51.2917594909668,0.0
2004-09-16,51.80467224121094,0.0
2004-09-17,52.65954208374024,0.0
2004-09-20,54.88218688964844,0.0
2004-09-21,54.711212158203125,0.0
2004-09-22,54.54023361206055,0.0
2004-09-23,53.514408111572266,0.0
2004-09-24,54.369258880615234,0.0
2004-09-27,54.711212158203125,0.0
2004-09-28,54.711212158203125,0.0
2004-09-29,52.146629333496094,0.0
2004-09-30,52.146629333496094,0.0
2004-10-01,55.737037658691406,0.0
2004-10-04,57.61774826049805,0.0
2004-10-05,58.98553085327149,0.0
2004-10-06,58.6435775756836,0.0
2004-10-07,60.18233489990234,0.0
2004-10-08,60.011356353759766,0.0
2004-10-11,60.69524765014648,0.0
2004-10-12,59.32746505737305,0.0
2004-10-13,58.30162048339844,0.0
2004-10-14,54.369258880615234,0.0
2004-10-15,54.19829940795898,0.0
2004-10-18,53.34342956542969,0.0
2004-10-19,51.97565078735352,0.0
2004-10-20,51.462738037109375,0.0
2004-10-21,51.2917594909668,0.0
2004-10-22,49.92398071289063,0.0
2004-10-25,49.92398071289063,0.0
2004-10-26,50.607872009277344,0.0
2004-10-27,51.462738037109375,0.0
2004-10-28,51.80467224121094,0.0
2004-10-29,49.41106796264648,0.0
2004-11-01,49.92398071289063,0.0
2004-11-02,51.462738037109375,0.0
2004-11-03,51.462738037109375,0.0
2004-11-04,51.12078475952149,0.0
2004-11-05,52.83051681518555,0.0
2004-11-08,53.34342956542969,0.0
2004-11-09,52.65954208374024,0.0
2004-11-10,51.462738037109375,0.0
2004-11-11,50.949806213378906,0.0
2004-11-12,50.607872009277344,0.0
2004-11-15,49.75300216674805,0.0
2004-11-16,49.92398071289063,0.0
2004-11-17,50.949806213378906,0.0
2004-11-18,51.2917594909668,0.0
2004-11-19,50.607872009277344,0.0
2004-11-22,49.582027435302734,0.0
2004-11-23,49.582027435302734,0.0
2004-11-24,50.436893463134766,0.0
2004-11-25,50.26591873168945,0.0
2004-11-26,49.24008941650391,0.0
2004-11-29,49.24008941650391,0.0
2004-11-30,49.582027435302734,0.0
2004-12-01,49.75300216674805,0.0
2004-12-02,50.09495544433594,0.0
2004-12-03,50.26591873168945,0.0
2004-12-06,50.436893463134766,0.0
2004-12-07,50.949806213378906,0.0
2004-12-08,50.949806213378906,0.0
2004-12-09,50.949806213378906,0.0
2004-12-10,51.2917594909668,0.0
2004-12-13,51.2917594909668,0.0
2004-12-14,50.778846740722656,0.0
2004-12-15,51.462738037109375,0.0
2004-12-16,51.462738037109375,0.0
2004-12-17,51.633697509765625,0.0
2004-12-20,50.607872009277344,0.0
2004-12-21,51.633697509765625,0.0
2004-12-22,51.80467224121094,0.0
2004-12-23,51.2917594909668,0.0
2004-12-24,51.633697509765625,0.0
2004-12-27,51.12078475952149,0.0
2004-12-28,51.12078475952149,0.0
2004-12-29,53.172454833984375,0.0
2004-12-30,52.488563537597656,0.0
2004-12-31,52.31758880615234,0.0
2005-01-03,52.31758880615234,0.0
2005-01-04,51.97565078735352,0.0
2005-01-05,51.80467224121094,0.0
2005-01-06,51.633697509765625,0.0
2005-01-07,50.607872009277344,0.0
2005-01-10,50.778846740722656,0.0
2005-01-11,50.778846740722656,0.0
2005-01-12,49.92398071289063,0.0
2005-01-13,49.92398071289063,0.0
2005-01-14,50.436893463134766,0.0
2005-01-17,50.607872009277344,0.0
2005-01-18,49.92398071289063,0.0
2005-01-19,49.24008941650391,0.0
2005-01-20,48.55619812011719,0.0
2005-01-21,47.87231063842773,0.0
2005-01-24,47.0174446105957,0.0
2005-01-25,47.70133209228516,0.0
2005-01-26,48.04328536987305,0.0
2005-01-27,48.04328536987305,0.0
2005-01-28,48.727176666259766,0.0
2005-01-31,49.582027435302734,0.0
2005-02-01,49.582027435302734,0.0
2005-02-02,49.24008941650391,0.0
2005-02-03,49.41106796264648,0.0
2005-02-04,49.41106796264648,0.0
2005-02-07,49.41106796264648,0.0
2005-02-08,49.41106796264648,0.0
2005-02-09,49.41106796264648,0.0
2005-02-10,49.41106796264648,0.0
2005-02-11,49.41106796264648,0.0
2005-02-14,50.26591873168945,0.0
2005-02-15,50.436893463134766,0.0
2005-02-16,50.949806213378906,0.0
2005-02-17,49.92398071289063,0.0
2005-02-18,50.26591873168945,0.0
2005-02-21,50.778846740722656,0.0
2005-02-22,50.436893463134766,0.0
2005-02-23,50.949806213378906,0.0
2005-02-24,51.12078475952149,0.0
2005-02-25,52.31758880615234,0.0
2005-02-28,52.31758880615234,0.0
2005-03-01,55.56607818603516,0.0
2005-03-02,54.711212158203125,0.0
2005-03-03,55.13864517211914,0.0
2005-03-04,54.711212158203125,0.0
2005-03-07,56.762882232666016,0.0
2005-03-08,55.737037658691406,0.0
2005-03-09,56.0789909362793,0.0
2005-03-10,55.05314636230469,0.0
2005-03-11,54.369258880615234,0.0
2005-03-14,54.027320861816406,0.0
2005-03-15,53.2579345703125,0.0
2005-03-16,53.0014762878418,0.0
2005-03-17,53.68536758422852,0.0
2005-03-18,53.85634613037109,0.0
2005-03-21,53.514408111572266,0.0
2005-03-22,53.0014762878418,0.0
2005-03-23,53.514408111572266,0.0
2005-03-24,53.68536758422852,0.0
2005-03-25,54.369258880615234,0.0
2005-03-28,53.68536758422852,0.0
2005-03-29,53.08697509765625,0.0
2005-03-30,51.80467224121094,0.0
2005-03-31,52.146629333496094,0.0
2005-04-01,52.83051681518555,0.0
2005-04-04,53.42890930175781,0.0
2005-04-05,53.42890930175781,0.0
2005-04-06,52.91599655151367,0.0
2005-04-07,52.74502182006836,0.0
2005-04-08,54.45475387573242,0.0
2005-04-11,54.11280059814453,0.0
2005-04-12,54.19829940795898,0.0
2005-04-13,54.45475387573242,0.0
2005-04-14,54.54023361206055,0.0
2005-04-15,54.62571334838867,0.0
2005-04-18,52.65954208374024,0.0
2005-04-19,53.68536758422852,0.0
2005-04-20,53.0014762878418,0.0
2005-04-21,53.0014762878418,0.0
2005-04-22,53.85634613037109,0.0
2005-04-25,54.19829940795898,0.0
2005-04-26,54.19829940795898,0.0
2005-04-27,53.514408111572266,0.0
2005-04-28,53.42890930175781,0.0
2005-04-29,52.488563537597656,0.0
2005-05-02,52.488563537597656,0.0
2005-05-03,52.91599655151367,0.0
2005-05-04,52.65954208374024,0.0
2005-05-05,54.28377914428711,0.0
2005-05-06,54.369258880615234,0.0
2005-05-09,54.54023361206055,0.0
2005-05-10,54.027320861816406,0.0
2005-05-11,53.59988784790039,0.0
2005-05-12,53.59988784790039,0.0
2005-05-13,53.42890930175781,0.0
2005-05-16,49.75300216674805,0.0
2005-05-17,49.15459442138672,0.0
2005-05-18,49.15459442138672,0.0
2005-05-19,49.49654769897461,0.0
2005-05-20,49.24008941650391,0.0
2005-05-23,49.41106796264648,0.0
2005-05-24,49.582027435302734,0.0
2005-05-25,49.15459442138672,0.0
2005-05-26,48.38522338867188,0.0
2005-05-27,48.29974365234375,0.0
2005-05-30,47.53035736083984,0.0
2005-05-31,47.27389907836914,0.0
2005-06-01,48.04328536987305,0.0
2005-06-02,49.41106796264648,0.0
2005-06-03,49.75300216674805,0.0
2005-06-06,48.727176666259766,0.0
2005-06-07,48.55619812011719,0.0
2005-06-08,48.898136138916016,0.0
2005-06-09,48.470703125,0.0
2005-06-10,48.04328536987305,0.0
2005-06-13,48.29974365234375,0.0
2005-06-14,48.898136138916016,0.0
2005-06-15,49.15459442138672,0.0
2005-06-16,49.069114685058594,0.0
2005-06-17,49.24008941650391,0.0
2005-06-20,49.66752243041992,0.0
2005-06-21,49.83848190307617,0.0
2005-06-22,50.26591873168945,0.0
2005-06-23,50.436893463134766,0.0
2005-06-24,50.09495544433594,0.0
2005-06-27,49.582027435302734,0.0
2005-06-28,49.32556915283203,0.0
2005-06-29,48.55619812011719,0.0
2005-06-30,48.29974365234375,0.0
2005-07-01,48.727176666259766,0.0
2005-07-04,48.2142448425293,0.0
2005-07-05,47.87231063842773,0.0
2005-07-06,47.188419342041016,0.0
2005-07-07,45.99161529541016,0.0
2005-07-08,45.47868728637695,0.0
2005-07-11,45.82064056396485,0.0
2005-07-12,47.188419342041016,0.0
2005-07-13,47.27389907836914,0.0
2005-07-14,47.188419342041016,0.0
2005-07-15,47.53035736083984,0.0
2005-07-18,47.53035736083984,0.0
2005-07-19,47.27389907836914,0.0
2005-07-20,47.70133209228516,0.0
2005-07-21,47.87231063842773,0.0
2005-07-22,47.61585235595703,0.0
2005-07-25,47.87231063842773,0.0
2005-07-26,48.04328536987305,0.0
2005-07-27,47.3593978881836,0.0
2005-07-28,46.59001159667969,0.0
2005-07-29,44.623836517333984,0.0
2005-08-01,44.96577453613281,0.0
2005-08-02,46.162574768066406,0.0
2005-08-03,46.07709503173828,0.0
2005-08-04,47.3593978881836,0.0
2005-08-05,47.3593978881836,0.0
2005-08-08,47.188419342041016,0.0
2005-08-09,47.27389907836914,0.0
2005-08-10,47.27389907836914,0.0
2005-08-11,47.0174446105957,0.0
2005-08-12,47.188419342041016,0.0
2005-08-15,46.50453186035156,0.0
2005-08-16,46.162574768066406,0.0
2005-08-17,45.649662017822266,0.0
2005-08-18,45.649662017822266,0.0
2005-08-19,45.82064056396485,0.0
2005-08-22,46.162574768066406,0.0
2005-08-23,46.67550659179688,0.0
2005-08-24,46.846466064453125,0.0
2005-08-25,40.2640380859375,5.13918
2005-08-26,39.92208480834961,0.0
2005-08-29,39.06721878051758,0.0
2005-08-30,39.323673248291016,0.0
2005-08-31,38.297847747802734,0.0
2005-09-01,38.297847747802734,0.0
2005-09-02,39.4946517944336,0.0
2005-09-05,39.4946517944336,0.0
2005-09-06,39.58014678955078,0.0
2005-09-07,39.40917205810547,0.0
2005-09-08,39.40917205810547,0.0
2005-09-09,39.40917205810547,0.0
2005-09-12,39.23819351196289,0.0
2005-09-13,39.23819351196289,0.0
2005-09-14,39.06721878051758,0.0
2005-09-15,38.297847747802734,0.0
2005-09-16,37.95589447021485,0.0
2005-09-19,37.87041473388672,0.0
2005-09-20,37.87041473388672,0.0
2005-09-21,38.04138946533203,0.0
2005-09-22,36.84458923339844,0.0
2005-09-23,35.7332649230957,0.0
2005-09-26,34.87839889526367,0.0
2005-09-27,34.87839889526367,0.0
2005-09-28,34.450965881347656,0.0
2005-09-29,34.812339782714844,0.0
2005-09-30,36.19104766845703,0.0
2005-10-03,35.76020050048828,0.0
2005-10-04,35.243186950683594,0.0
2005-10-05,35.587860107421875,0.0
2005-10-06,35.76020050048828,0.0
2005-10-07,35.587860107421875,0.0
2005-10-10,35.30583190917969,0.0
2005-10-11,34.812339782714844,0.0
2005-10-12,34.89850997924805,0.0
2005-10-13,34.29532623291016,0.0
2005-10-14,34.4676628112793,0.0
2005-10-17,33.7783088684082,0.0
2005-10-18,33.864479064941406,0.0
2005-10-19,33.17512512207031,0.0
2005-10-20,33.17512512207031,0.0
2005-10-21,33.17512512207031,0.0
2005-10-24,33.95064926147461,0.0
2005-10-25,34.20915603637695,0.0
2005-10-26,33.60597229003906,0.0
2005-10-27,33.088958740234375,0.0
2005-10-28,31.624080657958984,0.0
2005-10-31,32.91661834716797,0.0
2005-11-01,33.00278854370117,0.0
2005-11-02,34.20915603637695,0.0
2005-11-03,33.51980209350586,0.0
2005-11-04,33.7783088684082,0.0
2005-11-07,33.60597229003906,0.0
2005-11-08,32.57194137573242,0.0
2005-11-09,33.433631896972656,0.0
2005-11-10,34.381492614746094,0.0
2005-11-11,35.15701675415039,0.0
2005-11-14,35.243186950683594,0.0
2005-11-15,34.5538330078125,0.0
2005-11-16,34.4676628112793,0.0
2005-11-17,34.03681564331055,0.0
2005-11-18,34.381492614746094,0.0
2005-11-21,34.381492614746094,0.0
2005-11-22,34.381492614746094,0.0
2005-11-23,34.72616958618164,0.0
2005-11-24,34.5538330078125,0.0
2005-11-25,34.812339782714844,0.0
2005-11-28,34.984676361083984,0.0
2005-11-29,34.984676361083984,0.0
2005-11-30,36.27721786499024,0.0
2005-12-01,35.67403030395508,0.0
2005-12-02,36.53572463989258,0.0
2005-12-05,36.70806121826172,0.0
2005-12-06,36.10487747192383,0.0
2005-12-07,36.19104766845703,0.0
2005-12-08,35.846370697021484,0.0
2005-12-09,35.32935333251953,0.0
2005-12-12,35.07084655761719,0.0
2005-12-13,34.984676361083984,0.0
2005-12-14,34.72616958618164,0.0
2005-12-15,34.6400032043457,0.0
2005-12-16,35.07084655761719,0.0
2005-12-19,37.31124496459961,0.0
2005-12-20,36.53572463989258,0.0
2005-12-21,36.79423141479492,0.0
2005-12-22,35.98971939086914,0.0
2005-12-23,36.62189102172852,0.0
2005-12-26,35.90422439575195,0.0
2005-12-27,36.10487747192383,0.0
2005-12-28,36.10487747192383,0.0
2005-12-29,36.449554443359375,0.0
2005-12-30,36.79423141479492,0.0
2006-01-02,34.6400032043457,0.0
2006-01-03,35.07084655761719,0.0
2006-01-04,34.72616958618164,0.0
2006-01-05,34.89850997924805,0.0
2006-01-06,34.6400032043457,0.0
2006-01-09,34.812339782714844,0.0
2006-01-10,34.89850997924805,0.0
2006-01-11,35.07084655761719,0.0
2006-01-12,35.32935333251953,0.0
2006-01-13,34.984676361083984,0.0
2006-01-16,34.984676361083984,0.0
2006-01-17,34.812339782714844,0.0
2006-01-18,33.864479064941406,0.0
2006-01-19,34.20915603637695,0.0
2006-01-20,33.95064926147461,0.0
2006-01-23,33.26129531860352,0.0
2006-01-24,33.34746551513672,0.0
2006-01-25,33.51980209350586,0.0
2006-02-03,33.95064926147461,0.0
2006-02-06,35.50169372558594,0.0
2006-02-07,35.415523529052734,0.0
2006-02-08,35.32935333251953,0.0
2006-02-09,35.15701675415039,0.0
2006-02-10,35.50169372558594,0.0
2006-02-13,35.76020050048828,0.0
2006-02-14,35.67403030395508,0.0
2006-02-15,34.812339782714844,0.0
2006-02-16,34.984676361083984,0.0
2006-02-17,35.15701675415039,0.0
2006-02-20,35.587860107421875,0.0
2006-02-21,35.32935333251953,0.0
2006-02-22,34.72616958618164,0.0
2006-02-23,34.4676628112793,0.0
2006-02-24,34.72616958618164,0.0
2006-02-27,34.381492614746094,0.0
2006-03-01,34.4676628112793,0.0
2006-03-02,34.381492614746094,0.0
2006-03-03,33.7783088684082,0.0
2006-03-06,33.7783088684082,0.0
2006-03-07,33.692142486572266,0.0
2006-03-08,33.692142486572266,0.0
2006-03-09,33.95064926147461,0.0
2006-03-10,34.03681564331055,0.0
2006-03-13,34.03681564331055,0.0
2006-03-14,33.692142486572266,0.0
2006-03-15,33.60597229003906,0.0
2006-03-16,33.60597229003906,0.0
2006-03-17,33.60597229003906,0.0
2006-03-20,33.51980209350586,0.0
2006-03-21,33.34746551513672,0.0
2006-03-22,33.26129531860352,0.0
2006-03-23,32.830448150634766,0.0
2006-03-24,32.91661834716797,0.0
2006-03-27,33.692142486572266,0.0
2006-03-28,33.51980209350586,0.0
2006-03-29,33.60597229003906,0.0
2006-03-30,34.12298583984375,0.0
2006-03-31,34.12298583984375,0.0
2006-04-03,34.5538330078125,0.0
2006-04-04,34.4676628112793,0.0
2006-04-06,34.72616958618164,0.0
2006-04-07,34.89850997924805,0.0
2006-04-10,35.15701675415039,0.0
2006-04-11,35.15701675415039,0.0
2006-04-12,35.415523529052734,0.0
2006-04-13,35.587860107421875,0.0
2006-04-14,36.018707275390625,0.0
2006-04-17,36.880401611328125,0.0
2006-04-18,36.018707275390625,0.0
2006-04-19,35.587860107421875,0.0
2006-04-20,35.93254089355469,0.0
2006-04-21,35.32935333251953,0.0
2006-04-24,35.846370697021484,0.0
2006-04-25,36.36338424682617,0.0
2006-04-26,36.19104766845703,0.0
2006-04-27,36.19104766845703,0.0
2006-04-28,36.018707275390625,0.0
2006-05-02,36.36338424682617,0.0
2006-05-03,35.50169372558594,0.0
2006-05-04,35.587860107421875,0.0
2006-05-05,36.880401611328125,0.0
2006-05-08,37.39741516113281,0.0
2006-05-09,37.56975173950195,0.0
2006-05-10,37.483585357666016,0.0
2006-05-11,36.880401611328125,0.0
2006-05-12,36.96656799316406,0.0
2006-05-15,36.79423141479492,0.0
2006-05-16,35.67403030395508,0.0
2006-05-17,35.15701675415039,0.0
2006-05-18,34.365482330322266,0.0
2006-05-19,34.450965881347656,0.0
2006-05-22,34.4676628112793,0.0
2006-05-23,34.381492614746094,0.0
2006-05-24,34.6400032043457,0.0
2006-05-25,34.6400032043457,0.0
2006-05-26,34.72616958618164,0.0
2006-05-29,34.450965881347656,0.0
2006-05-30,34.72616958618164,0.0
2006-06-01,34.4676628112793,0.0
2006-06-02,34.812339782714844,0.0
2006-06-05,33.95064926147461,0.0
2006-06-06,33.95064926147461,0.0
2006-06-07,33.864479064941406,0.0
2006-06-08,32.48577117919922,0.0
2006-06-09,33.00278854370117,0.0
2006-06-12,32.74428176879883,0.0
2006-06-13,32.57194137573242,0.0
2006-06-14,33.864479064941406,0.0
2006-06-15,33.433631896972656,0.0
2006-06-16,34.03681564331055,0.0
2006-06-19,34.29532623291016,0.0
2006-06-20,33.60597229003906,0.0
2006-06-21,32.91661834716797,0.0
2006-06-22,33.26129531860352,0.0
2006-06-23,33.7783088684082,0.0
2006-06-26,33.95064926147461,0.0
2006-06-27,34.29532623291016,0.0
2006-06-28,34.72616958618164,0.0
2006-06-29,34.89850997924805,0.0
2006-06-30,34.984676361083984,0.0
2006-07-03,35.32935333251953,0.0
2006-07-04,35.32935333251953,0.0
2006-07-05,34.6400032043457,0.0
2006-07-06,34.5538330078125,0.0
2006-07-07,34.4676628112793,0.0
2006-07-10,34.29532623291016,0.0
2006-07-11,34.29532623291016,0.0
2006-07-12,34.381492614746094,0.0
2006-07-13,34.29532623291016,0.0
2006-07-14,33.51980209350586,0.0
2006-07-17,32.74428176879883,0.0
2006-07-18,32.830448150634766,0.0
2006-07-19,33.088958740234375,0.0
2006-07-20,33.51980209350586,0.0
2006-07-21,33.60597229003906,0.0
2006-07-24,33.60597229003906,0.0
2006-07-25,34.12298583984375,0.0
2006-07-26,33.93804931640625,0.0
2006-07-27,34.10902786254883,0.0
2006-07-28,34.29532623291016,0.0
2006-07-31,33.95064926147461,0.0
2006-08-01,34.12298583984375,0.0
2006-08-02,34.12298583984375,0.0
2006-08-03,34.4676628112793,0.0
2006-08-04,34.6400032043457,0.0
2006-08-07,34.20915603637695,0.0
2006-08-08,34.4676628112793,0.0
2006-08-09,34.5538330078125,0.0
2006-08-10,34.29532623291016,0.0
2006-08-11,34.20915603637695,0.0
2006-08-14,34.5538330078125,0.0
2006-08-15,34.5538330078125,0.0
2006-08-16,34.450965881347656,0.0
2006-08-17,34.5538330078125,0.0
2006-08-18,34.72616958618164,0.0
2006-08-21,34.03681564331055,0.0
2006-08-22,34.12298583984375,0.0
2006-08-23,33.864479064941406,0.0
2006-08-24,29.556020736694336,4.308458
2006-08-25,29.556020736694336,0.0
2006-08-28,29.039005279541016,0.0
2006-08-29,28.866668701171875,0.0
2006-08-30,29.12517547607422,0.0
2006-08-31,28.521991729736328,0.0
2006-09-01,27.746469497680664,0.0
2006-09-04,27.832637786865234,0.0
2006-09-05,27.918806076049805,0.0
2006-09-06,27.832637786865234,0.0
2006-09-07,27.832637786865234,0.0
2006-09-08,27.61206245422364,0.0
2006-09-11,28.004976272583008,0.0
2006-09-12,28.004976272583008,0.0
2006-09-13,27.953998565673828,0.0
2006-09-14,27.746469497680664,0.0
2006-09-15,27.918806076049805,0.0
2006-09-18,28.6081600189209,0.0
2006-09-19,28.6943302154541,0.0
2006-09-20,28.6943302154541,0.0
2006-09-21,28.521991729736328,0.0
2006-09-22,28.6081600189209,0.0
2006-09-25,29.211345672607425,0.0
2006-09-26,29.211345672607425,0.0
2006-09-27,29.64219093322754,0.0
2006-09-28,29.297513961791992,0.0
2006-09-29,29.297513961791992,0.0
2006-10-02,29.64219093322754,0.0
2006-10-03,29.38368225097656,0.0
2006-10-04,28.952836990356445,0.0
2006-10-05,29.46985244750977,0.0
2006-10-09,29.236299514770508,0.0
2006-10-11,29.900697708129883,0.0
2006-10-12,29.900697708129883,0.0
2006-10-13,30.159204483032227,0.0
2006-10-16,30.76238822937012,0.0
2006-10-17,29.900697708129883,0.0
2006-10-18,30.073036193847656,0.0
2006-10-19,29.72835922241211,0.0
2006-10-20,29.64219093322754,0.0
2006-10-23,30.24537467956543,0.0
2006-10-24,30.159204483032227,0.0
2006-10-25,30.159204483032227,0.0
2006-10-26,29.5782527923584,0.0
2006-10-27,29.38368225097656,0.0
2006-10-30,28.952836990356445,0.0
2006-10-31,29.211345672607425,0.0
2006-11-01,28.780498504638672,0.0
2006-11-02,28.952836990356445,0.0
2006-11-03,29.039005279541016,0.0
2006-11-06,28.866668701171875,0.0
2006-11-07,28.17731475830078,0.0
2006-11-08,27.746469497680664,0.0
2006-11-09,28.004976272583008,0.0
2006-11-10,27.918806076049805,0.0
2006-11-13,27.832637786865234,0.0
2006-11-14,27.832637786865234,0.0
2006-11-15,28.09114456176757,0.0
2006-11-16,28.26348304748535,0.0
2006-11-17,28.521991729736328,0.0
2006-11-20,28.435821533203125,0.0
2006-11-21,28.349653244018555,0.0
2006-11-22,28.26348304748535,0.0
2006-11-23,28.6081600189209,0.0
2006-11-24,28.866668701171875,0.0
2006-11-27,30.159204483032227,0.0
2006-11-28,30.24537467956543,0.0
2006-11-29,29.98686790466309,0.0
2006-11-30,30.159204483032227,0.0
2006-12-01,30.590051651000977,0.0
2006-12-04,30.84855842590332,0.0
2006-12-05,30.33154487609864,0.0
2006-12-06,30.76238822937012,0.0
2006-12-07,30.676219940185547,0.0
2006-12-08,30.84855842590332,0.0
2006-12-11,30.417713165283203,0.0
2006-12-12,30.073036193847656,0.0
2006-12-13,30.073036193847656,0.0
2006-12-14,30.417713165283203,0.0
2006-12-15,30.676219940185547,0.0
2006-12-18,30.76238822937012,0.0
2006-12-19,31.020896911621094,0.0
2006-12-20,31.107065200805664,0.0
2006-12-21,30.934728622436523,0.0
2006-12-22,30.76238822937012,0.0
2006-12-25,31.020896911621094,0.0
2006-12-26,30.76238822937012,0.0
2006-12-27,30.76238822937012,0.0
2006-12-28,30.676219940185547,0.0
2006-12-29,32.39960479736328,0.0
2007-01-02,31.45174217224121,0.0
2007-01-03,31.45174217224121,0.0
2007-01-04,31.020896911621094,0.0
2007-01-05,30.590051651000977,0.0
2007-01-08,30.24537467956543,0.0
2007-01-09,30.33154487609864,0.0
2007-01-10,29.814529418945312,0.0
2007-01-11,29.72835922241211,0.0
2007-01-12,30.24537467956543,0.0
2007-01-15,30.24537467956543,0.0
2007-01-16,30.073036193847656,0.0
2007-01-17,31.020896911621094,0.0
2007-01-18,30.590051651000977,0.0
2007-01-19,30.590051651000977,0.0
2007-01-22,30.503881454467773,0.0
2007-01-23,30.503881454467773,0.0
2007-01-24,30.676219940185547,0.0
2007-01-25,30.417713165283203,0.0
2007-01-26,30.24537467956543,0.0
2007-01-29,30.073036193847656,0.0
2007-01-30,30.073036193847656,0.0
2007-01-31,29.814529418945312,0.0
2007-02-01,29.64219093322754,0.0
2007-02-02,29.72835922241211,0.0
2007-02-05,31.79641914367676,0.0
2007-02-06,33.95064926147461,0.0
2007-02-07,35.93254089355469,0.0
2007-02-08,36.53572463989258,0.0
2007-02-09,37.39741516113281,0.0
2007-02-12,36.27721786499024,0.0
2007-02-13,36.53572463989258,0.0
2007-02-14,37.56975173950195,0.0
2007-02-26,38.0005989074707,0.0
2007-02-27,38.77611923217773,0.0
2007-03-01,37.74209213256836,0.0
2007-03-02,37.61387252807617,0.0
2007-03-05,35.587860107421875,0.0
2007-03-06,35.415523529052734,0.0
2007-03-07,37.8282585144043,0.0
2007-03-08,39.637813568115234,0.0
2007-03-09,39.810150146484375,0.0
2007-03-12,39.29313659667969,0.0
2007-03-13,39.89632034301758,0.0
2007-03-14,39.29313659667969,0.0
2007-03-15,39.637813568115234,0.0
2007-03-16,39.810150146484375,0.0
2007-03-19,38.603782653808594,0.0
2007-03-20,39.034629821777344,0.0
2007-03-21,38.86228942871094,0.0
2007-03-22,39.810150146484375,0.0
2007-03-23,39.55164337158203,0.0
2007-03-26,40.413333892822266,0.0
2007-03-27,40.15482711791992,0.0
2007-03-28,40.240997314453125,0.0
2007-03-29,39.37930679321289,0.0
2007-03-30,39.29313659667969,0.0
2007-04-02,39.034629821777344,0.0
2007-04-03,40.58567428588867,0.0
2007-04-04,42.73990249633789,0.0
2007-04-09,42.73990249633789,0.0
2007-04-10,44.29094696044922,0.0
2007-04-11,44.11861038208008,0.0
2007-04-12,43.601593017578125,0.0
2007-04-13,42.82607269287109,0.0
2007-04-16,43.42925643920898,0.0
2007-04-17,42.0505485534668,0.0
2007-04-18,41.3611946105957,0.0
2007-04-19,41.18885803222656,0.0
2007-04-20,40.75801086425781,0.0
2007-04-23,41.53353500366211,0.0
2007-04-24,40.93035125732422,0.0
2007-04-25,39.72398376464844,0.0
2007-04-26,39.637813568115234,0.0
2007-04-27,38.86228942871094,0.0
2007-04-30,37.74209213256836,0.0
2007-05-02,37.05273818969727,0.0
2007-05-03,36.19104766845703,0.0
2007-05-04,36.96656799316406,0.0
2007-05-07,39.29313659667969,0.0
2007-05-08,38.94845962524414,0.0
2007-05-09,38.43144607543945,0.0
2007-05-10,37.8282585144043,0.0
2007-05-11,37.8282585144043,0.0
2007-05-14,36.70806121826172,0.0
2007-05-15,36.62189102172852,0.0
2007-05-16,36.36338424682617,0.0
2007-05-17,38.25910568237305,0.0
2007-05-18,38.603782653808594,0.0
2007-05-21,39.98249053955078,0.0
2007-05-22,41.53353500366211,0.0
2007-05-23,41.53353500366211,0.0
2007-05-24,40.49950408935547,0.0
2007-05-25,40.068660736083984,0.0
2007-05-28,40.15482711791992,0.0
2007-05-29,39.98249053955078,0.0
2007-05-30,39.98249053955078,0.0
2007-05-31,39.55164337158203,0.0
2007-06-01,40.240997314453125,0.0
2007-06-04,41.10268783569336,0.0
2007-06-05,40.49950408935547,0.0
2007-06-06,41.01651763916016,0.0
2007-06-07,41.10268783569336,0.0
2007-06-08,40.32716751098633,0.0
2007-06-11,41.18885803222656,0.0
2007-06-12,40.413333892822266,0.0
2007-06-13,39.810150146484375,0.0
2007-06-14,39.29313659667969,0.0
2007-06-15,39.46547317504883,0.0
2007-06-20,40.75801086425781,0.0
2007-06-21,41.3611946105957,0.0
2007-06-22,41.61970138549805,0.0
2007-06-25,41.18885803222656,0.0
2007-06-26,39.72398376464844,0.0
2007-06-27,39.98249053955078,0.0
2007-06-28,42.73990249633789,0.0
2007-06-29,43.94626998901367,0.0
2007-07-02,42.91413879394531,0.0
2007-07-03,43.25691986083984,0.0
2007-07-04,43.17074966430664,0.0
2007-07-05,42.56756210327149,0.0
2007-07-06,43.25691986083984,0.0
2007-07-09,46.2728385925293,0.0
2007-07-10,47.0483627319336,0.0
2007-07-11,47.220699310302734,0.0
2007-07-12,47.39303588867188,0.0
2007-07-13,47.56537628173828,0.0
2007-07-16,46.70368576049805,0.0
2007-07-17,46.3590087890625,0.0
2007-07-18,46.53134536743164,0.0
2007-07-19,45.497314453125,0.0
2007-07-20,45.497314453125,0.0
2007-07-23,45.136749267578125,0.0
2007-07-24,45.32497787475586,0.0
2007-07-25,44.635623931884766,0.0
2007-07-26,43.42925643920898,0.0
2007-07-27,40.413333892822266,0.0
2007-07-30,41.3611946105957,0.0
2007-07-31,41.79204177856445,0.0
2007-08-01,42.39522552490234,0.0
2007-08-02,43.08457946777344,0.0
2007-08-03,44.98030090332031,0.0
2007-08-06,43.601593017578125,0.0
2007-08-07,43.08457946777344,0.0
2007-08-08,42.99840927124024,0.0
2007-08-09,43.42925643920898,0.0
2007-08-10,42.56756210327149,0.0
2007-08-13,42.2228889465332,0.0
2007-08-14,41.3611946105957,0.0
2007-08-15,39.12079620361328,0.0
2007-08-16,36.96656799316406,0.0
2007-08-17,35.15701675415039,0.0
2007-08-20,36.62189102172852,0.0
2007-08-21,35.243186950683594,0.0
2007-08-22,35.243186950683594,0.0
2007-08-23,36.70806121826172,0.0
2007-08-24,37.56975173950195,0.0
2007-08-27,37.8282585144043,0.0
2007-08-28,37.483585357666016,0.0
2007-08-29,37.483585357666016,0.0
2007-08-30,40.068660736083984,0.0
2007-08-31,40.15482711791992,0.0
2007-09-03,39.37930679321289,0.0
2007-09-04,41.3611946105957,0.0
2007-09-05,41.79204177856445,0.0
2007-09-06,43.51542663574219,0.0
2007-09-07,44.29094696044922,0.0
2007-09-10,41.80272674560547,0.0
2007-09-11,42.9122428894043,0.0
2007-09-12,42.56756210327149,0.0
2007-09-13,41.3611946105957,0.0
2007-09-14,41.10268783569336,0.0
2007-09-17,40.844181060791016,0.0
2007-09-18,40.5204963684082,0.0
2007-09-19,42.39522552490234,0.0
2007-09-20,43.08457946777344,0.0
2007-09-21,43.86010360717773,0.0
2007-09-26,46.50453186035156,0.0
2007-09-27,45.5834846496582,0.0
2007-09-28,45.60026550292969,0.555081
2007-10-01,48.37971115112305,0.0
2007-10-02,51.680301666259766,0.0
2007-10-03,50.72486877441406,0.0
2007-10-04,48.46656799316406,0.0
2007-10-05,49.16143035888672,0.0
2007-10-08,51.072296142578125,0.0
2007-10-09,49.50886154174805,0.0
2007-10-11,49.856292724609375,0.0
2007-10-12,50.11686325073242,0.0
2007-10-15,49.94314956665039,0.0
2007-10-16,50.030006408691406,0.0
2007-10-17,48.98771667480469,0.0
2007-10-18,48.98771667480469,0.0
2007-10-19,48.46656799316406,0.0
2007-10-22,45.339691162109375,0.0
2007-10-23,45.25283432006836,0.0
2007-10-24,45.60026550292969,0.0
2007-10-25,45.86083984375,0.0
2007-10-26,46.38198471069336,0.0
2007-10-29,49.33514404296875,0.0
2007-10-30,47.68484878540039,0.0
2007-10-31,45.947696685791016,0.0
2007-11-01,44.38425827026367,0.0
2007-11-02,43.168251037597656,0.0
2007-11-05,44.644832611083984,0.0
2007-11-06,45.339691162109375,0.0
2007-11-07,46.468841552734375,0.0
2007-11-08,43.7762565612793,0.0
2007-11-09,44.297401428222656,0.0
2007-11-12,43.42882537841797,0.0
2007-11-13,44.818546295166016,0.0
2007-11-14,47.16370391845703,0.0
2007-11-15,46.468841552734375,0.0
2007-11-16,45.60026550292969,0.0
2007-11-19,46.38198471069336,0.0
2007-11-20,44.644832611083984,0.0
2007-11-21,43.168251037597656,0.0
2007-11-22,43.7762565612793,0.0
2007-11-23,42.73396301269531,0.0
2007-11-26,44.03683090209961,0.0
2007-11-27,42.82081985473633,0.0
2007-11-28,42.03910446166992,0.0
2007-11-29,43.25511169433594,0.0
2007-11-30,43.6025390625,0.0
2007-12-03,43.68939971923828,0.0
2007-12-04,43.42882537841797,0.0
2007-12-05,44.12368774414063,0.0
2007-12-06,44.55797576904297,0.0
2007-12-07,44.731689453125,0.0
2007-12-10,44.12368774414063,0.0
2007-12-11,44.297401428222656,0.0
2007-12-12,43.08139419555664,0.0
2007-12-13,41.17052459716797,0.0
2007-12-14,39.78080368041992,0.0
2007-12-17,38.39108276367188,0.0
2007-12-18,37.435646057128906,0.0
2007-12-19,39.60708618164063,0.0
2007-12-20,37.95679473876953,0.0
2007-12-21,37.69622039794922,0.0
2007-12-24,38.39108276367188,0.0
2007-12-25,39.08594131469727,0.0
2007-12-26,40.3888053894043,0.0
2007-12-27,42.56024932861328,0.0
2007-12-28,43.08139419555664,0.0
2007-12-31,43.6025390625,0.0
2008-01-02,41.86538696289063,0.0
2008-01-03,40.47566604614258,0.0
2008-01-04,40.90995407104492,0.0
2008-01-07,38.56479644775391,0.0
2008-01-08,40.215091705322266,0.0
2008-01-09,41.5179557800293,0.0
2008-01-10,43.25511169433594,0.0
2008-01-11,41.60481262207031,0.0
2008-01-14,41.34424209594727,0.0
2008-01-15,43.08139419555664,0.0
2008-01-16,40.30194854736328,0.0
2008-01-17,39.52022933959961,0.0
2008-01-18,39.693946838378906,0.0
2008-01-21,39.60708618164063,0.0
2008-01-22,36.91450119018555,0.0
2008-01-23,36.4802131652832,0.0
2008-01-24,36.4802131652832,0.0
2008-01-25,36.30649948120117,0.0
2008-01-28,35.3510627746582,0.0
2008-01-29,35.69849395751953,0.0
2008-01-30,36.30649948120117,0.0
2008-01-31,35.3510627746582,0.0
2008-02-01,34.74306106567383,0.0
2008-02-12,34.2219123840332,0.0
2008-02-13,33.179622650146484,0.0
2008-02-14,34.3956298828125,0.0
2008-02-15,34.74306106567383,0.0
2008-02-18,35.959068298339844,0.0
2008-02-19,36.13278198242188,0.0
2008-02-20,34.91677474975586,0.0
2008-02-21,35.3510627746582,0.0
2008-02-22,34.74306106567383,0.0
2008-02-25,35.61163711547852,0.0
2008-02-26,35.003631591796875,0.0
2008-02-27,35.43791961669922,0.0
2008-02-29,36.30649948120117,0.0
2008-03-03,35.78535079956055,0.0
2008-03-04,36.82764434814453,0.0
2008-03-05,38.56479644775391,0.0
2008-03-06,37.69622039794922,0.0
2008-03-07,36.91450119018555,0.0
2008-03-10,35.87220764160156,0.0
2008-03-11,36.04592514038086,0.0
2008-03-12,36.04592514038086,0.0
2008-03-13,35.43791961669922,0.0
2008-03-14,35.26420593261719,0.0
2008-03-17,36.653926849365234,0.0
2008-03-18,37.69622039794922,0.0
2008-03-19,38.82537078857422,0.0
2008-03-20,40.82309341430664,0.0
2008-03-21,39.95451736450195,0.0
2008-03-24,41.691673278808594,0.0
2008-03-25,41.08366775512695,0.0
2008-03-26,41.17052459716797,0.0
2008-03-27,40.82309341430664,0.0
2008-03-28,42.21281814575195,0.0
2008-03-31,41.60481262207031,0.0
2008-04-01,40.04137802124024,0.0
2008-04-02,40.30194854736328,0.0
2008-04-03,40.47566604614258,0.0
2008-04-07,41.5179557800293,0.0
2008-04-08,41.17052459716797,0.0
2008-04-09,43.25511169433594,0.0
2008-04-10,42.90768051147461,0.0
2008-04-11,43.42882537841797,0.0
2008-04-14,43.7762565612793,0.0
2008-04-15,43.25511169433594,0.0
2008-04-16,43.42882537841797,0.0
2008-04-17,42.21281814575195,0.0
2008-04-18,42.29967498779297,0.0
2008-04-21,42.03910446166992,0.0
2008-04-22,41.17052459716797,0.0
2008-04-23,40.99681091308594,0.0
2008-04-24,40.64937973022461,0.0
2008-04-25,40.736236572265625,0.0
2008-04-28,41.25738525390625,0.0
2008-04-29,39.95451736450195,0.0
2008-04-30,41.08366775512695,0.0
2008-05-02,40.12823486328125,0.0
2008-05-05,40.30194854736328,0.0
2008-05-06,40.12823486328125,0.0
2008-05-07,40.99681091308594,0.0
2008-05-08,40.736236572265625,0.0
2008-05-09,40.82309341430664,0.0
2008-05-12,40.82309341430664,0.0
2008-05-13,41.25738525390625,0.0
2008-05-14,40.99681091308594,0.0
2008-05-15,42.473392486572266,0.0
2008-05-16,42.03910446166992,0.0
2008-05-19,42.6471061706543,0.0
2008-05-20,42.21281814575195,0.0
2008-05-21,42.386531829833984,0.0
2008-05-22,43.51568222045898,0.0
2008-05-23,42.386531829833984,0.0
2008-05-26,42.6471061706543,0.0
2008-05-27,42.386531829833984,0.0
2008-05-28,41.08366775512695,0.0
2008-05-29,39.95451736450195,0.0
2008-05-30,40.3888053894043,0.0
2008-06-02,41.34424209594727,0.0
2008-06-03,40.64937973022461,0.0
2008-06-04,40.82309341430664,0.0
2008-06-05,40.99681091308594,0.0
2008-06-06,40.90995407104492,0.0
2008-06-09,40.12823486328125,0.0
2008-06-10,39.693946838378906,0.0
2008-06-11,38.65165328979492,0.0
2008-06-12,38.39108276367188,0.0
2008-06-13,37.6093635559082,0.0
2008-06-16,38.39108276367188,0.0
2008-06-17,38.73851013183594,0.0
2008-06-18,38.912227630615234,0.0
2008-06-19,38.04365158081055,0.0
2008-06-20,36.4802131652832,0.0
2008-06-23,36.04592514038086,0.0
2008-06-24,35.61163711547852,0.0
2008-06-25,35.959068298339844,0.0
2008-06-26,36.21963882446289,0.0
2008-06-27,34.74306106567383,0.0
2008-06-30,34.74306106567383,0.0
2008-07-01,33.96134185791016,0.0
2008-07-02,33.96134185791016,0.0
2008-07-03,34.2219123840332,0.0
2008-07-04,33.78762435913086,0.0
2008-07-07,34.04819869995117,0.0
2008-07-08,32.83219146728516,0.0
2008-07-09,32.1373291015625,0.0
2008-07-10,31.26875305175781,0.0
2008-07-11,33.44019317626953,0.0
2008-07-14,32.83219146728516,0.0
2008-07-15,31.26875305175781,0.0
2008-07-16,31.09503936767578,0.0
2008-07-17,32.658477783203125,0.0
2008-07-18,31.44246864318848,0.0
2008-07-21,33.00590515136719,0.0
2008-07-22,31.96361541748047,0.0
2008-07-23,34.13505554199219,0.0
2008-07-24,34.829917907714844,0.0
2008-07-25,34.74306106567383,0.0
2008-07-28,34.74311065673828,0.0
2008-07-29,32.74533462524414,0.0
2008-07-30,33.61391067504883,0.0
2008-07-31,33.2664794921875,0.0
2008-08-01,32.571617126464844,0.0
2008-08-04,32.48476028442383,0.0
2008-08-05,31.87675666809082,0.0
2008-08-06,32.571617126464844,0.0
2008-08-07,32.48481369018555,0.0
2008-08-08,32.83219146728516,0.0
2008-08-11,32.571617126464844,0.0
2008-08-12,31.789899826049805,0.0
2008-08-13,32.050472259521484,0.0
2008-08-14,32.1373291015625,0.0
2008-08-15,31.87675666809082,0.0
2008-08-18,30.92132377624512,0.0
2008-08-19,30.8344669342041,0.0
2008-08-20,30.8344669342041,0.0
2008-08-21,29.79217338562012,0.0
2008-08-22,29.53160095214844,0.0
2008-08-25,30.660749435424805,0.0
2008-08-26,31.008180618286133,0.0
2008-08-27,31.008180618286133,0.0
2008-08-28,31.26875305175781,0.0
2008-08-29,29.42683792114257,1.736774
2008-09-01,28.56696128845215,0.0
2008-09-02,28.089252471923828,0.0
2008-09-03,26.751670837402344,0.0
2008-09-04,25.50962829589844,0.0
2008-09-05,24.74529457092285,0.0
2008-09-08,26.46504592895508,0.0
2008-09-09,25.22300338745117,0.0
2008-09-10,25.60516929626465,0.0
2008-09-11,24.840835571289062,0.0
2008-09-12,25.03191947937012,0.0
2008-09-15,23.50325393676757,0.0
2008-09-16,21.87904357910156,0.0
2008-09-17,22.356752395629883,0.0
2008-09-18,21.01916885375977,0.0
2008-09-19,22.452293395996094,0.0
2008-09-22,23.12108612060547,0.0
2008-09-23,22.73891830444336,0.0
2008-09-24,22.73891830444336,0.0
2008-09-25,22.165668487548828,0.0
2008-09-26,21.11471176147461,0.0
2008-09-29,21.11471176147461,0.0
2008-09-30,20.828086853027344,0.0
2008-10-01,20.541460037231445,0.0
2008-10-02,20.541460037231445,0.0
2008-10-03,21.01916885375977,0.0
2008-10-06,19.872669219970703,0.0
2008-10-07,20.063751220703125,0.0
2008-10-08,18.72616958618164,0.0
2008-10-09,17.44590950012207,0.0
2008-10-13,16.910877227783203,0.0
2008-10-14,17.770751953125,0.0
2008-10-15,17.159284591674805,0.0
2008-10-16,16.566926956176758,0.0
2008-10-17,15.993677139282228,0.0
2008-10-20,15.57329273223877,0.0
2008-10-21,16.051002502441406,0.0
2008-10-22,15.57329273223877,0.0
2008-10-23,15.076476097106934,0.0
2008-10-24,14.560550689697266,0.0
2008-10-27,13.586026191711426,0.0
2008-10-28,14.235710144042969,0.0
2008-10-29,15.22934341430664,0.0
2008-10-30,16.280302047729492,0.0
2008-10-31,17.40769386291504,0.0
2008-11-03,18.61151885986328,0.0
2008-11-04,19.872669219970703,0.0
2008-11-05,19.10833549499512,0.0
2008-11-06,19.58604431152344,0.0
2008-11-07,20.923627853393555,0.0
2008-11-10,21.49687767028809,0.0
2008-11-11,20.25483512878418,0.0
2008-11-12,20.63700294494629,0.0
2008-11-13,20.7325439453125,0.0
2008-11-14,20.923627853393555,0.0
2008-11-17,21.401336669921875,0.0
2008-11-18,20.25483512878418,0.0
2008-11-19,19.77712631225586,0.0
2008-11-20,19.4905014038086,0.0
2008-11-21,20.35037612915039,0.0
2008-11-24,20.7325439453125,0.0
2008-11-25,20.63700294494629,0.0
2008-11-26,21.01916885375977,0.0
2008-11-27,22.356752395629883,0.0
2008-11-28,22.356752395629883,0.0
2008-12-01,23.12108612060547,0.0
2008-12-02,21.68796157836914,0.0
2008-12-03,21.401336669921875,0.0
2008-12-04,19.96821022033692,0.0
2008-12-05,18.573301315307617,0.0
2008-12-08,19.872669219970703,0.0
2008-12-09,20.35037612915039,0.0
2008-12-10,21.68796157836914,0.0
2008-12-11,20.828086853027344,0.0
2008-12-12,20.828086853027344,0.0
2008-12-15,21.21025276184082,0.0
2008-12-16,20.63700294494629,0.0
2008-12-17,20.63700294494629,0.0
2008-12-18,21.11471176147461,0.0
2008-12-19,20.923627853393555,0.0
2008-12-22,20.063751220703125,0.0
2008-12-23,19.203876495361328,0.0
2008-12-24,19.68158531188965,0.0
2008-12-25,19.394960403442383,0.0
2008-12-26,19.4905014038086,0.0
2008-12-29,19.10833549499512,0.0
2008-12-30,19.68158531188965,0.0
2008-12-31,19.29941940307617,0.0
2009-01-02,19.29941940307617,0.0
2009-01-05,19.4905014038086,0.0
2009-01-06,20.7325439453125,0.0
2009-01-07,20.445919036865234,0.0
2009-01-08,19.10833549499512,0.0
2009-01-09,19.394960403442383,0.0
2009-01-12,19.10833549499512,0.0
2009-01-13,19.29941940307617,0.0
2009-01-14,19.203876495361328,0.0
2009-01-15,18.49686813354492,0.0
2009-01-16,18.45865249633789,0.0
2009-01-19,18.15291786193848,0.0
2009-01-20,17.19750213623047,0.0
2009-01-21,17.12106704711914,0.0
2009-02-02,17.101959228515625,0.0
2009-02-03,17.770751953125,0.0
2009-02-04,17.98094367980957,0.0
2009-02-05,18.15291786193848,0.0
2009-02-06,18.24846076965332,0.0
2009-02-09,17.961835861206055,0.0
2009-02-10,18.229352951049805,0.0
2009-02-11,18.095592498779297,0.0
2009-02-12,17.40769386291504,0.0
2009-02-13,17.80896759033203,0.0
2009-02-16,17.67521095275879,0.0
2009-02-17,17.465017318725586,0.0
2009-02-18,17.38858413696289,0.0
2009-02-19,17.579668045043945,0.0
2009-02-20,17.331260681152344,0.0
2009-02-23,17.25482749938965,0.0
2009-02-24,17.101959228515625,0.0
2009-02-25,17.159284591674805,0.0
2009-02-26,17.19750213623047,0.0
2009-02-27,17.14017677307129,0.0
2009-03-02,17.02552604675293,0.0
2009-03-03,16.87265968322754,0.0
2009-03-04,17.08285140991211,0.0
2009-03-05,17.579668045043945,0.0
2009-03-06,17.312152862548828,0.0
2009-03-09,17.82807731628418,0.0
2009-03-10,18.420434951782227,0.0
2009-03-11,18.057376861572266,0.0
2009-03-12,18.15291786193848,0.0
2009-03-13,18.34400177001953,0.0
2009-03-16,18.93635940551757,0.0
2009-03-17,19.29941940307617,0.0
2009-03-18,18.99368476867676,0.0
2009-03-19,19.394960403442383,0.0
2009-03-20,19.29941940307617,0.0
2009-03-23,19.68158531188965,0.0
2009-03-24,21.01916885375977,0.0
2009-03-25,21.30579376220703,0.0
2009-03-26,21.21025276184082,0.0
2009-03-27,21.68796157836914,0.0
2009-03-30,20.25483512878418,0.0
2009-03-31,20.35037612915039,0.0
2009-04-02,22.165668487548828,0.0
2009-04-03,22.73891830444336,0.0
2009-04-06,23.50325393676757,0.0
2009-04-07,23.88541984558105,0.0
2009-04-08,22.356752395629883,0.0
2009-04-09,23.025543212890625,0.0
2009-04-10,23.025543212890625,0.0
2009-04-13,23.31216812133789,0.0
2009-04-14,23.50325393676757,0.0
2009-04-15,23.31216812133789,0.0
2009-04-16,24.936378479003903,0.0
2009-04-17,23.59879493713379,0.0
2009-04-20,23.12108612060547,0.0
2009-04-21,23.6943359375,0.0
2009-04-22,23.31216812133789,0.0
2009-04-23,23.789878845214844,0.0
2009-04-24,23.59879493713379,0.0
2009-04-27,21.974586486816406,0.0
2009-04-28,20.445919036865234,0.0
2009-04-29,20.923627853393555,0.0
2009-04-30,22.356752395629883,0.0
2009-05-04,23.50325393676757,0.0
2009-05-05,22.64337730407715,0.0
2009-05-06,23.50325393676757,0.0
2009-05-07,23.980960845947266,0.0
2009-05-08,23.88541984558105,0.0
2009-05-11,24.74529457092285,0.0
2009-05-12,23.6943359375,0.0
2009-05-13,23.88541984558105,0.0
2009-05-14,22.93000221252441,0.0
2009-05-15,23.12108612060547,0.0
2009-05-18,24.64975357055664,0.0
2009-05-19,24.07650375366211,0.0
2009-05-20,23.980960845947266,0.0
2009-05-21,23.88541984558105,0.0
2009-05-22,23.59879493713379,0.0
2009-05-25,25.22300338745117,0.0
2009-05-26,26.08287811279297,0.0
2009-05-27,27.898170471191406,0.0
2009-06-01,27.70708656311035,0.0
2009-06-02,27.324920654296875,0.0
2009-06-03,27.42046165466309,0.0
2009-06-04,26.27396011352539,0.0
2009-06-05,26.17841911315918,0.0
2009-06-08,25.4140853881836,0.0
2009-06-09,23.980960845947266,0.0
2009-06-10,23.88541984558105,0.0
2009-06-11,24.26758575439453,0.0
2009-06-12,23.6943359375,0.0
2009-06-15,22.261211395263672,0.0
2009-06-16,22.64337730407715,0.0
2009-06-17,22.356752395629883,0.0
2009-06-18,21.592418670654297,0.0
2009-06-19,21.974586486816406,0.0
2009-06-22,21.592418670654297,0.0
2009-06-23,21.21025276184082,0.0
2009-06-24,22.070127487182617,0.0
2009-06-25,22.261211395263672,0.0
2009-06-26,22.452293395996094,0.0
2009-06-29,22.356752395629883,0.0
2009-06-30,22.452293395996094,0.0
2009-07-01,22.834461212158203,0.0
2009-07-02,23.21662712097168,0.0
2009-07-03,22.73891830444336,0.0
2009-07-06,23.40771102905273,0.0
2009-07-07,23.025543212890625,0.0
2009-07-08,22.547836303710938,0.0
2009-07-09,22.93000221252441,0.0
2009-07-10,23.12108612060547,0.0
2009-07-13,22.165668487548828,0.0
2009-07-14,22.93000221252441,0.0
2009-07-15,23.789878845214844,0.0
2009-07-16,23.789878845214844,0.0
2009-07-17,23.88541984558105,0.0
2009-07-20,24.07650375366211,0.0
2009-07-21,24.07650375366211,0.0
2009-07-22,24.458669662475582,0.0
2009-07-23,24.17204475402832,0.0
2009-07-24,24.74529457092285,0.0
2009-07-27,24.64975357055664,0.0
2009-07-28,24.936378479003903,0.0
2009-07-29,24.74529457092285,0.0
2009-07-30,23.980960845947266,0.0
2009-07-31,24.17204475402832,0.0
2009-08-03,25.127460479736328,0.0
2009-08-04,25.796253204345703,0.0
2009-08-05,24.64975357055664,0.0
2009-08-06,24.64975357055664,0.0
2009-08-07,24.64975357055664,0.0
2009-08-10,24.840835571289062,0.0
2009-08-11,24.458669662475582,0.0
2009-08-12,24.17204475402832,0.0
2009-08-13,24.5542106628418,0.0
2009-08-14,25.03191947937012,0.0
2009-08-17,25.03191947937012,0.0
2009-08-18,24.458669662475582,0.0
2009-08-19,24.458669662475582,0.0
2009-08-20,24.17204475402832,0.0
2009-08-21,23.31216812133789,0.0
2009-08-24,23.40771102905273,0.0
2009-08-25,23.31216812133789,0.286625
2009-08-26,22.93000221252441,0.0
2009-08-27,22.93000221252441,0.0
2009-08-28,23.40771102905273,0.0
2009-08-31,23.40771102905273,0.0
2009-09-01,23.21662712097168,0.0
2009-09-02,23.025543212890625,0.0
2009-09-03,24.17204475402832,0.0
2009-09-04,24.36312866210937,0.0
2009-09-07,24.26758575439453,0.0
2009-09-08,25.318544387817383,0.0
2009-09-09,24.840835571289062,0.0
2009-09-10,24.840835571289062,0.0
2009-09-11,25.127460479736328,0.0
2009-09-14,24.74529457092285,0.0
2009-09-15,24.840835571289062,0.0
2009-09-16,24.840835571289062,0.0
2009-09-17,25.03191947937012,0.0
2009-09-18,25.127460479736328,0.0
2009-09-21,24.936378479003903,0.0
2009-09-22,24.5542106628418,0.0
2009-09-23,23.980960845947266,0.0
2009-09-24,23.50325393676757,0.0
2009-09-25,23.40771102905273,0.0
2009-09-28,23.789878845214844,0.0
2009-09-29,24.07650375366211,0.0
2009-09-30,24.17204475402832,0.0
2009-10-01,23.980960845947266,0.0
2009-10-02,23.31216812133789,0.0
2009-10-05,23.21662712097168,0.0
2009-10-06,23.50325393676757,0.0
2009-10-07,23.88541984558105,0.0
2009-10-08,23.50325393676757,0.0
2009-10-09,23.59879493713379,0.0
2009-10-12,23.6943359375,0.0
2009-10-13,23.59879493713379,0.0
2009-10-14,23.50325393676757,0.0
2009-10-15,23.21662712097168,0.0
2009-10-16,23.6943359375,0.0
2009-10-19,24.07650375366211,0.0
2009-10-20,23.88541984558105,0.0
2009-10-21,23.50325393676757,0.0
2009-10-22,23.12108612060547,0.0
2009-10-23,23.31216812133789,0.0
2009-10-26,23.31216812133789,0.0
2009-10-27,23.12108612060547,0.0
2009-10-28,23.025543212890625,0.0
2009-10-29,22.356752395629883,0.0
2009-10-30,22.356752395629883,0.0
2009-11-02,21.49687767028809,0.0
2009-11-03,21.21025276184082,0.0
2009-11-04,21.78350257873535,0.0
2009-11-05,21.401336669921875,0.0
2009-11-06,21.592418670654297,0.0
2009-11-09,21.87904357910156,0.0
2009-11-10,22.356752395629883,0.0
2009-11-11,22.64337730407715,0.0
2009-11-12,22.64337730407715,0.0
2009-11-13,22.452293395996094,0.0
2009-11-16,23.025543212890625,0.0
2009-11-17,22.64337730407715,0.0
2009-11-18,22.64337730407715,0.0
2009-11-19,22.64337730407715,0.0
2009-11-20,22.452293395996094,0.0
2009-11-23,22.452293395996094,0.0
2009-11-24,22.356752395629883,0.0
2009-11-25,22.261211395263672,0.0
2009-11-26,22.261211395263672,0.0
2009-11-27,21.401336669921875,0.0
2009-11-30,21.68796157836914,0.0
2009-12-01,21.78350257873535,0.0
2009-12-02,22.070127487182617,0.0
2009-12-03,21.68796157836914,0.0
2009-12-04,21.49687767028809,0.0
2009-12-07,22.070127487182617,0.0
2009-12-08,22.070127487182617,0.0
2009-12-09,22.452293395996094,0.0
2009-12-10,21.78350257873535,0.0
2009-12-11,22.356752395629883,0.0
2009-12-14,22.452293395996094,0.0
2009-12-15,22.261211395263672,0.0
2009-12-16,22.165668487548828,0.0
2009-12-17,22.070127487182617,0.0
2009-12-18,22.165668487548828,0.0
2009-12-21,22.452293395996094,0.0
2009-12-22,22.452293395996094,0.0
2009-12-23,22.356752395629883,0.0
2009-12-24,22.452293395996094,0.0
2009-12-25,22.356752395629883,0.0
2009-12-28,22.64337730407715,0.0
2009-12-29,23.025543212890625,0.0
2009-12-30,23.025543212890625,0.0
2009-12-31,23.21662712097168,0.0
2010-01-04,23.40771102905273,0.0
2010-01-05,23.88541984558105,0.0
2010-01-06,23.980960845947266,0.0
2010-01-07,23.980960845947266,0.0
2010-01-08,24.36312866210937,0.0
2010-01-11,25.127460479736328,0.0
2010-01-12,24.840835571289062,0.0
2010-01-13,23.88541984558105,0.0
2010-01-14,24.17204475402832,0.0
2010-01-15,24.5542106628418,0.0
2010-01-18,24.36312866210937,0.0
2010-01-19,23.88541984558105,0.0
2010-01-20,24.07650375366211,0.0
2010-01-21,23.980960845947266,0.0
2010-01-22,23.31216812133789,0.0
2010-01-25,22.64337730407715,0.0
2010-01-26,21.592418670654297,0.0
2010-01-27,21.49687767028809,0.0
2010-01-28,21.78350257873535,0.0
2010-01-29,21.974586486816406,0.0
2010-02-01,21.401336669921875,0.0
2010-02-02,20.7325439453125,0.0
2010-02-03,20.63700294494629,0.0
2010-02-04,20.923627853393555,0.0
2010-02-05,20.15929412841797,0.0
2010-02-08,19.394960403442383,0.0
2010-02-09,19.4905014038086,0.0
2010-02-10,20.35037612915039,0.0
2010-02-22,20.828086853027344,0.0
2010-02-23,21.78350257873535,0.0
2010-02-24,21.974586486816406,0.0
2010-02-25,21.49687767028809,0.0
2010-02-26,21.592418670654297,0.0
2010-03-01,21.974586486816406,0.0
2010-03-02,22.070127487182617,0.0
2010-03-03,22.356752395629883,0.0
2010-03-04,23.21662712097168,0.0
2010-03-05,23.50325393676757,0.0
2010-03-08,23.88541984558105,0.0
2010-03-09,23.59879493713379,0.0
2010-03-10,23.12108612060547,0.0
2010-03-11,23.12108612060547,0.0
2010-03-12,23.12108612060547,0.0
2010-03-15,22.93000221252441,0.0
2010-03-16,23.21662712097168,0.0
2010-03-17,23.59879493713379,0.0
2010-03-18,23.59879493713379,0.0
2010-03-19,23.789878845214844,0.0
2010-03-22,23.50325393676757,0.0
2010-03-23,23.21662712097168,0.0
2010-03-24,23.31216812133789,0.0
2010-03-25,23.21662712097168,0.0
2010-03-26,23.12108612060547,0.0
2010-03-29,23.12108612060547,0.0
2010-03-30,23.31216812133789,0.0
2010-03-31,22.73891830444336,0.0
2010-04-01,22.547836303710938,0.0
2010-04-02,23.12108612060547,0.0
2010-04-06,23.12108612060547,0.0
2010-04-07,22.93000221252441,0.0
2010-04-08,22.93000221252441,0.0
2010-04-09,23.12108612060547,0.0
2010-04-12,23.12108612060547,0.0
2010-04-13,22.834461212158203,0.0
2010-04-14,22.834461212158203,0.0
2010-04-15,24.17204475402832,0.0
2010-04-16,24.07650375366211,0.0
2010-04-19,23.31216812133789,0.0
2010-04-20,23.40771102905273,0.0
2010-04-21,23.50325393676757,0.0
2010-04-22,23.50325393676757,0.0
2010-04-23,23.59879493713379,0.0
2010-04-26,24.07650375366211,0.0
2010-04-27,23.789878845214844,0.0
2010-04-28,23.40771102905273,0.0
2010-04-29,23.59879493713379,0.0
2010-04-30,24.64975357055664,0.0
2010-05-03,24.36312866210937,0.0
2010-05-04,23.980960845947266,0.0
2010-05-05,22.547836303710938,0.0
2010-05-06,21.974586486816406,0.0
2010-05-07,22.93000221252441,0.0
2010-05-10,23.88541984558105,0.0
2010-05-11,23.31216812133789,0.0
2010-05-12,24.36312866210937,0.0
2010-05-13,24.458669662475582,0.0
2010-05-14,25.318544387817383,0.0
2010-05-17,24.74529457092285,0.0
2010-05-18,24.840835571289062,0.0
2010-05-19,25.60516929626465,0.0
2010-05-20,24.64975357055664,0.0
2010-05-21,23.789878845214844,0.0
2010-05-24,24.07650375366211,0.0
2010-05-25,23.6943359375,0.0
2010-05-26,24.17204475402832,0.0
2010-05-27,24.17204475402832,0.0
2010-05-28,25.03191947937012,0.0
2010-05-31,25.03191947937012,0.0
2010-06-01,24.26758575439453,0.0
2010-06-02,23.88541984558105,0.0
2010-06-03,24.5542106628418,0.0
2010-06-04,24.5542106628418,0.0
2010-06-07,23.980960845947266,0.0
2010-06-08,24.26758575439453,0.0
2010-06-09,23.88541984558105,0.0
2010-06-10,23.980960845947266,0.0
2010-06-11,24.840835571289062,0.0
2010-06-14,24.936378479003903,0.0
2010-06-15,25.70071029663086,0.0
2010-06-17,25.60516929626465,0.0
2010-06-18,25.60516929626465,0.0
2010-06-21,27.324920654296875,0.0
2010-06-22,29.23575210571289,0.0
2010-06-23,29.713462829589844,0.0
2010-06-24,30.09562873840332,0.0
2010-06-25,30.09562873840332,0.0
2010-06-28,32.19754409790039,0.0
2010-06-29,30.764419555664062,0.0
2010-06-30,31.43321228027344,0.0
2010-07-01,32.10200500488281,0.0
2010-07-02,32.96187973022461,0.0
2010-07-05,32.866336822509766,0.0
2010-07-06,34.20392227172852,0.0
2010-07-07,36.11475372314453,0.0
2010-07-08,36.49692153930664,0.0
2010-07-09,35.73258590698242,0.0
2010-07-12,34.299461364746094,0.0
2010-07-13,34.39500427246094,0.0
2010-07-14,36.78354644775391,0.0
2010-07-15,37.07017135620117,0.0
2010-07-16,37.6434211730957,0.0
2010-07-19,36.87908935546875,0.0
2010-07-20,35.44596099853516,0.0
2010-07-21,37.45233917236328,0.0
2010-07-22,39.17208862304688,0.0
2010-07-23,39.84088134765625,0.0
2010-07-26,40.31858825683594,0.0
2010-07-27,39.93642044067383,0.0
2010-07-28,40.41413116455078,0.0
2010-07-29,41.08292007446289,0.0
2010-07-30,39.64979553222656,0.0
2010-08-02,41.08292007446289,0.0
2010-08-03,40.12750625610352,0.0
2010-08-04,42.61158752441406,0.0
2010-08-05,43.94917297363281,0.0
2010-08-06,43.85363006591797,0.0
2010-08-09,43.85363006591797,0.0
2010-08-10,45.76446533203125,0.0
2010-08-11,43.5670051574707,0.0
2010-08-12,42.03833770751953,0.0
2010-08-13,42.42050552368164,0.0
2010-08-16,43.47146224975586,0.0
2010-08-17,42.3249626159668,0.0
2010-08-18,39.84088134765625,0.0
2010-08-19,39.17208862304688,0.0
2010-08-20,41.36954498291016,0.0
2010-08-23,40.796295166015625,0.0
2010-08-24,39.17208862304688,0.0
2010-08-25,36.87908935546875,0.0
2010-08-26,36.97462844848633,0.0
2010-08-27,37.35679626464844,0.0
2010-08-30,38.02558898925781,0.0
2010-08-31,36.30583572387695,0.0
2010-09-01,37.07017135620117,0.0
2010-09-02,38.31221389770508,0.0
2010-09-03,38.88546371459961,0.0
2010-09-06,38.21667098999024,0.0
2010-09-07,38.21667098999024,0.0
2010-09-08,36.68800354003906,0.0
2010-09-09,34.872711181640625,0.0
2010-09-10,36.210296630859375,0.0
2010-09-13,37.2612533569336,0.0
2010-09-14,38.407752990722656,0.0
2010-09-15,38.407752990722656,0.0
2010-09-16,37.45233917236328,0.0
2010-09-17,40.03196334838867,0.0
2010-09-20,40.31858825683594,0.0
2010-09-21,39.26763153076172,0.0
2010-09-23,38.407752990722656,0.0
2010-09-24,38.88546371459961,0.0
2010-09-27,38.88546371459961,0.0
2010-09-28,38.21667098999024,0.0
2010-09-29,39.07654571533203,0.0
2010-09-30,38.31221389770508,0.0
2010-10-01,38.21667098999024,0.0
2010-10-04,38.12112808227539,0.0
2010-10-05,40.70075607299805,0.0
2010-10-06,42.03833770751953,0.0
2010-10-07,41.08292007446289,0.0
2010-10-08,41.17846298217773,0.0
2010-10-11,41.65617370605469,0.0
2010-10-12,40.6052131652832,0.0
2010-10-13,39.17208862304688,0.0
2010-10-14,39.45871353149414,0.0
2010-10-15,39.64979553222656,0.0
2010-10-18,38.5032958984375,0.0
2010-10-19,38.59883880615234,0.0
2010-10-20,38.98100662231445,0.0
2010-10-21,39.84088134765625,0.0
2010-10-22,40.41413116455078,0.0
2010-10-25,42.03833770751953,0.0
2010-10-26,41.465087890625,0.0
2010-10-27,43.5670051574707,0.0
2010-10-28,43.5670051574707,0.0
2010-10-29,44.522422790527344,0.0
2010-11-01,46.146629333496094,0.0
2010-11-02,45.00012969970703,0.0
2010-11-03,45.19121551513672,0.0
2010-11-04,45.57337951660156,0.0
2010-11-05,44.140254974365234,0.0
2010-11-08,44.140254974365234,0.0
2010-11-09,44.23579788208008,0.0
2010-11-10,43.089298248291016,0.0
2010-11-11,43.47146224975586,0.0
2010-11-12,42.89821243286133,0.0
2010-11-15,42.89821243286133,0.0
2010-11-16,42.133880615234375,0.0
2010-11-17,41.751712799072266,0.0
2010-11-18,44.33134078979492,0.0
2010-11-19,44.522422790527344,0.0
2010-11-22,45.477840423583984,0.0
2010-11-23,46.24217224121094,0.0
2010-11-24,45.57337951660156,0.0
2010-11-25,45.76446533203125,0.0
2010-11-26,44.33134078979492,0.0
2010-11-29,45.00012969970703,0.0
2010-11-30,46.146629333496094,0.0
2010-12-01,46.33771514892578,0.0
2010-12-02,47.29313278198242,0.0
2010-12-03,47.00650787353516,0.0
2010-12-06,47.19758987426758,0.0
2010-12-07,46.43325424194336,0.0
2010-12-08,45.668922424316406,0.0
2010-12-09,46.146629333496094,0.0
2010-12-10,46.62434005737305,0.0
2010-12-13,46.43325424194336,0.0
2010-12-14,46.05109024047852,0.0
2010-12-15,46.24217224121094,0.0
2010-12-16,46.91096496582031,0.0
2010-12-17,46.5287971496582,0.0
2010-12-20,45.76446533203125,0.0
2010-12-21,46.81542205810547,0.0
2010-12-22,47.77083969116211,0.0
2010-12-23,48.057464599609375,0.0
2010-12-24,47.77083969116211,0.0
2010-12-27,49.29950714111328,0.0
2010-12-28,49.29950714111328,0.0
2010-12-29,52.73900604248047,0.0
2010-12-30,54.74538040161133,0.0
2010-12-31,53.981048583984375,0.0
2011-01-03,57.42054748535156,0.0
2011-01-04,57.516090393066406,0.0
2011-01-05,55.22309112548828,0.0
2011-01-06,56.75175857543945,0.0
2011-01-07,55.032005310058594,0.0
2011-01-10,56.94284057617188,0.0
2011-01-11,57.89825820922852,0.0
2011-01-12,57.61163330078125,0.0
2011-01-13,58.47150802612305,0.0
2011-01-14,57.1339225769043,0.0
2011-01-17,54.64984130859375,0.0
2011-01-18,54.84092330932617,0.0
2011-01-19,55.31863021850586,0.0
2011-01-20,55.50971603393555,0.0
2011-01-21,54.936466217041016,0.0
2011-01-24,54.64984130859375,0.0
2011-01-25,55.12754821777344,0.0
2011-01-26,55.12754821777344,0.0
2011-01-27,56.369590759277344,0.0
2011-01-28,55.987422943115234,0.0
2011-02-08,54.36321640014648,0.0
2011-02-09,54.26767349243164,0.0
2011-02-10,51.87913131713867,0.0
2011-02-11,49.87275695800781,0.0
2011-02-14,52.83454895019531,0.0
2011-02-15,52.16575622558594,0.0
2011-02-16,51.97467422485352,0.0
2011-02-17,50.15938186645508,0.0
2011-02-18,50.44600677490234,0.0
2011-02-21,50.54154968261719,0.0
2011-02-22,48.15300750732422,0.0
2011-02-23,47.29313278198242,0.0
2011-02-24,47.388671875,0.0
2011-02-25,47.96192169189453,0.0
2011-03-01,50.06383895874024,0.0
2011-03-02,48.91733932495117,0.0
2011-03-03,49.29950714111328,0.0
2011-03-04,49.77721405029297,0.0
2011-03-07,47.86638259887695,0.0
2011-03-08,47.48421478271485,0.0
2011-03-09,47.96192169189453,0.0
2011-03-10,47.77083969116211,0.0
2011-03-11,48.91733932495117,0.0
2011-03-14,46.33771514892578,0.0
2011-03-15,43.47146224975586,0.0
2011-03-16,43.28038024902344,0.0
2011-03-17,43.94917297363281,0.0
2011-03-18,44.33134078979492,0.0
2011-03-21,45.09567260742188,0.0
2011-03-22,46.146629333496094,0.0
2011-03-23,45.95554733276367,0.0
2011-03-24,46.24217224121094,0.0
2011-03-25,46.24217224121094,0.0
2011-03-28,45.00012969970703,0.0
2011-03-29,44.33134078979492,0.0
2011-03-30,44.61796569824219,0.0
2011-03-31,43.94917297363281,0.0
2011-04-01,44.23579788208008,0.0
2011-04-06,43.66254806518555,0.0
2011-04-07,46.146629333496094,0.0
2011-04-08,46.05109024047852,0.0
2011-04-11,44.90459060668945,0.0
2011-04-12,45.19121551513672,0.0
2011-04-13,47.57975769042969,0.0
2011-04-14,47.29313278198242,0.0
2011-04-15,45.668922424316406,0.0
2011-04-18,45.477840423583984,0.0
2011-04-19,45.2867546081543,0.0
2011-04-20,46.5287971496582,0.0
2011-04-21,46.71987915039063,0.0
2011-04-22,46.81542205810547,0.0
2011-04-25,49.58613204956055,0.0
2011-04-26,49.681671142578125,0.0
2011-04-27,49.39504623413086,0.0
2011-04-28,47.96192169189453,0.0
2011-04-29,46.33771514892578,0.0
2011-05-03,46.71987915039063,0.0
2011-05-04,48.72625732421875,0.0
2011-05-05,49.29950714111328,0.0
2011-05-06,49.29950714111328,0.0
2011-05-09,50.73263168334961,0.0
2011-05-10,50.44600677490234,0.0
2011-05-11,49.39504623413086,0.0
2011-05-12,49.4905891418457,0.0
2011-05-13,48.43963241577149,0.0
2011-05-16,48.2485466003418,0.0
2011-05-17,48.43963241577149,0.0
2011-05-18,48.53517150878906,0.0
2011-05-19,47.57975769042969,0.0
2011-05-20,47.19758987426758,0.0
2011-05-23,46.43325424194336,0.0
2011-05-24,46.146629333496094,0.0
2011-05-25,44.61796569824219,0.0
2011-05-26,46.24217224121094,0.0
2011-05-27,46.43325424194336,0.0
2011-05-30,46.62434005737305,0.0
2011-05-31,47.67529678344727,0.0
2011-06-01,47.102046966552734,0.0
2011-06-02,45.86000442504883,0.0
2011-06-03,45.2867546081543,0.0
2011-06-07,45.19121551513672,0.0
2011-06-08,44.90459060668945,0.0
2011-06-09,44.61796569824219,0.0
2011-06-10,43.94917297363281,0.0
2011-06-13,43.47146224975586,0.0
2011-06-14,42.89821243286133,0.0
2011-06-15,42.22942352294922,0.0
2011-06-16,40.12750625610352,0.0
2011-06-17,40.50967025756836,0.0
2011-06-20,40.31858825683594,0.0
2011-06-21,40.70075607299805,0.0
2011-06-22,40.89183807373047,0.0
2011-06-23,40.41413116455078,0.0
2011-06-24,40.796295166015625,0.0
2011-06-27,41.08292007446289,0.0
2011-06-28,41.08292007446289,0.0
2011-06-29,41.27400588989258,0.0
2011-06-30,41.65617370605469,0.0
2011-07-01,41.56063079833984,0.0
2011-07-04,40.89183807373047,0.0
2011-07-05,40.41413116455078,0.0
2011-07-06,39.745338439941406,0.0
2011-07-07,40.22304534912109,0.0
2011-07-08,39.64979553222656,0.0
2011-07-11,39.84088134765625,0.0
2011-07-12,38.69437789916992,0.0
2011-07-13,37.07017135620117,0.0
2011-07-14,35.06379699707031,0.0
2011-07-15,37.45233917236328,0.0
2011-07-18,37.73896408081055,0.0
2011-07-19,37.07017135620117,0.0
2011-07-20,37.35679626464844,0.0
2011-07-21,36.59246444702149,0.0
2011-07-22,36.4013786315918,0.0
2011-07-25,35.92367172241211,0.0
2011-07-26,35.92367172241211,0.0
2011-07-27,36.01921081542969,0.0
2011-07-28,35.54150390625,0.0
2011-07-29,35.15933609008789,0.0
2011-08-01,34.77717208862305,0.0
2011-08-02,35.06379699707031,0.0
2011-08-03,34.49054718017578,0.0
2011-08-04,34.20392227172852,0.0
2011-08-05,31.81537818908692,0.0
2011-08-08,29.617919921875,0.0
2011-08-09,30.00008773803711,0.0
2011-08-10,32.00646209716797,0.0
2011-08-11,31.242128372192383,0.0
2011-08-12,31.52875328063965,0.0
2011-08-15,32.19754409790039,0.0
2011-08-16,32.10200500488281,0.0
2011-08-17,32.10200500488281,0.0
2011-08-18,31.3376693725586,0.0
2011-08-19,30.28671264648437,0.0
2011-08-22,30.28671264648437,0.0
2011-08-23,32.10200500488281,0.0
2011-08-24,32.10200500488281,0.0
2011-08-25,31.719837188720703,0.0
2011-08-26,31.43321228027344,0.0
2011-08-29,31.81537818908692,0.0
2011-08-30,29.713462829589844,0.0
2011-08-31,29.713462829589844,0.0
2011-09-01,30.66887855529785,0.0
2011-09-02,31.52875328063965,0.0
2011-09-05,30.66887855529785,0.0
2011-09-06,29.04467010498047,0.0
2011-09-07,30.19116973876953,0.0
2011-09-08,30.764419555664062,0.0
2011-09-09,31.43321228027344,0.0
2011-09-13,31.051044464111328,0.0
2011-09-14,30.764419555664062,0.0
2011-09-15,32.38862991333008,0.0
2011-09-16,32.19754409790039,0.0
2011-09-19,31.52875328063965,0.0
2011-09-20,30.95550346374512,0.0
2011-09-21,31.3376693725586,0.0
2011-09-22,27.745302200317383,2.388543
2011-09-23,25.853578567504883,0.0
2011-09-26,24.06694793701172,0.0
2011-09-27,24.38223648071289,0.0
2011-09-28,24.17204475402832,0.0
2011-09-29,24.69752311706543,0.0
2011-09-30,25.11790657043457,0.0
2011-10-03,23.85675621032715,0.0
2011-10-04,23.436372756958008,0.0
2011-10-05,23.54146957397461,0.0
2011-10-06,24.06694793701172,0.0
2011-10-07,24.48733139038086,0.0
2011-10-11,25.22300338745117,0.0
2011-10-12,25.11790657043457,0.0
2011-10-13,26.799440383911133,0.0
2011-10-14,26.27396011352539,0.0
2011-10-17,27.009632110595703,0.0
2011-10-18,26.27396011352539,0.0
2011-10-19,26.379056930541992,0.0
2011-10-20,25.43319320678711,0.0
2011-10-21,25.43319320678711,0.0
2011-10-24,26.168865203857425,0.0
2011-10-25,26.063770294189453,0.0
2011-10-26,26.4841537475586,0.0
2011-10-27,27.114728927612305,0.0
2011-10-28,26.799440383911133,0.0
2011-10-31,26.27396011352539,0.0
2011-11-01,26.27396011352539,0.0
2011-11-02,25.95867347717285,0.0
2011-11-03,25.643386840820312,0.0
2011-11-04,26.27396011352539,0.0
2011-11-07,27.009632110595703,0.0
2011-11-08,26.4841537475586,0.0
2011-11-09,26.168865203857425,0.0
2011-11-10,25.22300338745117,0.0
2011-11-11,25.32809829711914,0.0
2011-11-14,25.643386840820312,0.0
2011-11-15,25.53829002380371,0.0
2011-11-16,24.90771484375,0.0
2011-11-17,24.59242820739746,0.0
2011-11-18,24.17204475402832,0.0
2011-11-21,23.33127784729004,0.0
2011-11-22,23.33127784729004,0.0
2011-11-23,22.280319213867188,0.0
2011-11-24,22.700702667236328,0.0
2011-11-25,23.54146957397461,0.0
2011-11-28,23.75166130065918,0.0
2011-11-29,24.17204475402832,0.0
2011-11-30,24.17204475402832,0.0
2011-12-01,25.22300338745117,0.0
2011-12-02,24.59242820739746,0.0
2011-12-05,24.38223648071289,0.0
2011-12-06,23.85675621032715,0.0
2011-12-07,23.85675621032715,0.0
2011-12-08,23.33127784729004,0.0
2011-12-09,22.49051094055176,0.0
2011-12-12,22.805797576904297,0.0
2011-12-13,22.38541412353516,0.0
2011-12-14,23.12108612060547,0.0
2011-12-15,22.38541412353516,0.0
2011-12-16,22.49051094055176,0.0
2011-12-19,21.334455490112305,0.0
2011-12-20,21.334455490112305,0.0
2011-12-21,22.805797576904297,0.0
2011-12-22,22.49051094055176,0.0
2011-12-23,23.33127784729004,0.0
2011-12-26,22.9108943939209,0.0
2011-12-27,23.75166130065918,0.0
2011-12-28,25.32809829711914,0.0
2011-12-29,25.43319320678711,0.0
2011-12-30,25.43319320678711,0.0
2012-01-02,24.80261993408203,0.0
2012-01-03,26.4841537475586,0.0
2012-01-04,26.694345474243164,0.0
2012-01-05,28.375877380371094,0.0
2012-01-06,27.324920654296875,0.0
2012-01-09,27.955495834350582,0.0
2012-01-10,28.165685653686523,0.0
2012-01-11,27.955495834350582,0.0
2012-01-12,27.21982383728028,0.0
2012-01-13,26.799440383911133,0.0
2012-01-16,26.379056930541992,0.0
2012-01-17,26.694345474243164,0.0
2012-01-18,25.74848175048828,0.0
2012-01-30,26.58924865722656,0.0
2012-01-31,27.324920654296875,0.0
2012-02-01,29.21664428710937,0.0
2012-02-02,31.21346664428711,0.0
2012-02-03,33.31538391113281,0.0
2012-02-06,32.5797119140625,0.0
2012-02-07,33.63066864013672,0.0
2012-02-08,34.471435546875,0.0
2012-02-09,34.05105209350586,0.0
2012-02-10,34.156150817871094,0.0
2012-02-13,36.468257904052734,0.0
2012-02-14,35.41730117797852,0.0
2012-02-15,36.363162994384766,0.0
2012-02-16,34.78672409057617,0.0
2012-02-17,34.26124572753906,0.0
2012-02-20,35.102012634277344,0.0
2012-02-21,35.102012634277344,0.0
2012-02-22,35.41730117797852,0.0
2012-02-23,34.891822814941406,0.0
2012-02-24,34.576534271240234,0.0
2012-02-29,35.942779541015625,0.0
2012-03-01,37.62431335449219,0.0
2012-03-02,36.99373626708984,0.0
2012-03-05,35.73258590698242,0.0
2012-03-06,34.996917724609375,0.0
2012-03-07,34.36634063720703,0.0
2012-03-08,35.73258590698242,0.0
2012-03-09,35.102012634277344,0.0
2012-03-12,34.576534271240234,0.0
2012-03-13,34.996917724609375,0.0
2012-03-14,36.15296936035156,0.0
2012-03-15,35.837684631347656,0.0
2012-03-16,36.0478744506836,0.0
2012-03-19,36.0478744506836,0.0
2012-03-20,35.102012634277344,0.0
2012-03-21,35.102012634277344,0.0
2012-03-22,34.891822814941406,0.0
2012-03-23,34.78672409057617,0.0
2012-03-26,34.576534271240234,0.0
2012-03-27,34.36634063720703,0.0
2012-03-28,34.576534271240234,0.0
2012-03-29,32.89500045776367,0.0
2012-03-30,33.10519027709961,0.0
2012-04-02,33.31538391113281,0.0
2012-04-03,32.05423355102539,0.0
2012-04-05,32.89500045776367,0.0
2012-04-06,33.21028518676758,0.0
2012-04-09,33.73576736450195,0.0
2012-04-10,32.5797119140625,0.0
2012-04-11,31.94913673400879,0.0
2012-04-12,30.687986373901367,0.0
2012-04-13,30.16250801086425,0.0
2012-04-16,29.21664428710937,0.0
2012-04-17,27.324920654296875,0.0
2012-04-18,26.9045352935791,0.0
2012-04-19,27.64020729064941,0.0
2012-04-20,26.9045352935791,0.0
2012-04-23,27.009632110595703,0.0
2012-04-24,27.114728927612305,0.0
2012-04-25,27.114728927612305,0.0
2012-04-26,27.114728927612305,0.0
2012-04-27,26.27396011352539,0.0
2012-04-30,26.063770294189453,0.0
2012-05-02,26.379056930541992,0.0
2012-05-03,26.379056930541992,0.0
2012-05-04,28.165685653686523,0.0
2012-05-07,27.64020729064941,0.0
2012-05-08,28.165685653686523,0.0
2012-05-09,28.270782470703125,0.0
2012-05-10,28.691165924072266,0.0
2012-05-11,27.430015563964844,0.0
2012-05-14,26.694345474243164,0.0
2012-05-15,25.853578567504883,0.0
2012-05-16,24.90771484375,0.0
2012-05-17,25.43319320678711,0.0
2012-05-18,24.17204475402832,0.0
2012-05-21,24.38223648071289,0.0
2012-05-22,25.0128116607666,0.0
2012-05-23,24.80261993408203,0.0
2012-05-24,24.27713966369629,0.0
2012-05-25,24.48733139038086,0.0
2012-05-28,24.80261993408203,0.0
2012-05-29,26.379056930541992,0.0
2012-05-30,25.643386840820312,0.0
2012-05-31,25.95867347717285,0.0
2012-06-01,25.22300338745117,0.0
2012-06-04,24.06694793701172,0.0
2012-06-05,24.59242820739746,0.0
2012-06-06,24.80261993408203,0.0
2012-06-07,25.11790657043457,0.0
2012-06-08,25.11790657043457,0.0
2012-06-11,25.22300338745117,0.0
2012-06-12,25.43319320678711,0.0
2012-06-13,25.32809829711914,0.0
2012-06-14,25.43319320678711,0.0
2012-06-15,25.74848175048828,0.0
2012-06-18,26.799440383911133,0.0
2012-06-19,26.58924865722656,0.0
2012-06-20,27.114728927612305,0.0
2012-06-21,27.114728927612305,0.0
2012-06-22,27.324920654296875,0.0
2012-06-25,27.64020729064941,0.0
2012-06-26,26.799440383911133,0.0
2012-06-27,27.850399017333984,0.0
2012-06-28,27.324920654296875,0.0
2012-06-29,28.060590744018555,0.0
2012-07-02,27.955495834350582,0.0
2012-07-03,27.955495834350582,0.0
2012-07-04,28.48097419738769,0.0
2012-07-05,28.48097419738769,0.0
2012-07-06,28.270782470703125,0.0
2012-07-09,27.850399017333984,0.0
2012-07-10,27.64020729064941,0.0
2012-07-11,27.53511047363281,0.0
2012-07-12,27.21982383728028,0.0
2012-07-13,27.114728927612305,0.0
2012-07-16,27.745302200317383,0.0
2012-07-17,28.165685653686523,0.0
2012-07-18,27.324920654296875,0.0
2012-07-19,27.21982383728028,0.0
2012-07-20,27.21982383728028,0.0
2012-07-23,25.643386840820312,0.0
2012-07-24,25.11790657043457,0.0
2012-07-25,24.80261993408203,0.0
2012-07-26,25.0128116607666,0.0
2012-07-27,25.643386840820312,0.0
2012-07-30,25.43319320678711,0.0
2012-07-31,25.853578567504883,0.0
2012-08-01,26.4841537475586,0.0
2012-08-02,26.4841537475586,0.0
2012-08-03,26.379056930541992,0.0
2012-08-06,27.324920654296875,0.0
2012-08-07,27.324920654296875,0.0
2012-08-08,27.324920654296875,0.0
2012-08-09,27.745302200317383,0.0
2012-08-10,27.64020729064941,0.0
2012-08-13,27.64020729064941,0.0
2012-08-14,27.324920654296875,0.0
2012-08-15,27.114728927612305,0.0
2012-08-16,26.9045352935791,0.0
2012-08-17,26.9045352935791,0.0
2012-08-20,26.4841537475586,0.0
2012-08-21,26.4841537475586,0.0
2012-08-22,26.27396011352539,0.0
2012-08-23,26.27396011352539,0.0
2012-08-24,26.9045352935791,0.0
2012-08-27,26.58924865722656,0.0
2012-08-28,25.853578567504883,0.0
2012-08-29,25.95867347717285,0.0
2012-08-30,25.74848175048828,0.0
2012-08-31,25.11790657043457,0.0
2012-09-03,25.643386840820312,0.0
2012-09-04,25.32809829711914,0.0
2012-09-05,24.80261993408203,0.0
2012-09-06,24.69752311706543,0.0
2012-09-07,24.80261993408203,0.0
2012-09-10,25.22300338745117,0.0
2012-09-11,25.11790657043457,0.0
2012-09-12,25.11790657043457,0.0
2012-09-13,25.0128116607666,0.0
2012-09-14,25.22300338745117,0.0
2012-09-17,26.27396011352539,0.0
2012-09-18,25.95867347717285,0.0
2012-09-19,26.063770294189453,0.0
2012-09-20,26.27396011352539,0.0
2012-09-21,26.27396011352539,0.0
2012-09-24,25.853578567504883,0.0
2012-09-25,25.53829002380371,0.0
2012-09-26,25.43319320678711,0.0
2012-09-27,25.53829002380371,0.0
2012-09-28,25.643386840820312,0.0
2012-10-01,25.22300338745117,0.0
2012-10-02,25.43319320678711,0.0
2012-10-03,25.22300338745117,0.0
2012-10-04,25.74848175048828,0.0
2012-10-05,25.43319320678711,0.0
2012-10-08,25.22300338745117,0.0
2012-10-09,25.0128116607666,0.0
2012-10-11,24.90771484375,0.0
2012-10-12,24.90771484375,0.0
2012-10-15,24.90771484375,0.0
2012-10-16,25.0128116607666,0.0
2012-10-17,25.0128116607666,0.0
2012-10-18,25.643386840820312,0.0
2012-10-19,25.43319320678711,0.0
2012-10-22,25.43319320678711,0.0
2012-10-23,25.11790657043457,0.0
2012-10-24,25.0128116607666,0.0
2012-10-25,24.90771484375,0.0
2012-10-26,23.33127784729004,0.0
2012-10-29,23.436372756958008,0.0
2012-10-30,23.75166130065918,0.0
2012-10-31,23.96185302734375,0.0
2012-11-01,24.38223648071289,0.0
2012-11-02,24.27713966369629,0.0
2012-11-05,24.27713966369629,0.0
2012-11-06,24.27713966369629,0.0
2012-11-07,24.27713966369629,0.0
2012-11-08,24.27713966369629,0.0
2012-11-09,24.48733139038086,0.0
2012-11-12,24.59242820739746,0.0
2012-11-13,24.17204475402832,0.0
2012-11-14,24.06694793701172,0.0
2012-11-15,24.17204475402832,0.0
2012-11-16,23.96185302734375,0.0
2012-11-19,23.96185302734375,0.0
2012-11-20,24.06694793701172,0.0
2012-11-21,23.54146957397461,0.0
2012-11-22,23.64656448364257,0.0
2012-11-23,24.27713966369629,0.0
2012-11-26,25.0128116607666,0.0
2012-11-27,24.90771484375,0.0
2012-11-28,24.59242820739746,0.0
2012-11-29,25.0128116607666,0.0
2012-11-30,25.74848175048828,0.0
2012-12-03,26.063770294189453,0.0
2012-12-04,26.27396011352539,0.0
2012-12-05,26.694345474243164,0.0
2012-12-06,26.27396011352539,0.0
2012-12-07,26.27396011352539,0.0
2012-12-10,26.063770294189453,0.0
2012-12-11,26.58924865722656,0.0
2012-12-12,26.799440383911133,0.0
2012-12-13,27.53511047363281,0.0
2012-12-14,27.009632110595703,0.0
2012-12-17,27.21982383728028,0.0
2012-12-18,27.430015563964844,0.0
2012-12-19,27.430015563964844,0.0
2012-12-20,27.850399017333984,0.0
2012-12-21,27.324920654296875,0.0
2012-12-24,27.430015563964844,0.0
2012-12-25,27.64020729064941,0.0
2012-12-26,28.060590744018555,0.0
2012-12-27,27.955495834350582,0.0
2012-12-28,29.21664428710937,0.0
2013-01-02,29.74212455749512,0.0
2013-01-03,29.952316284179688,0.0
2013-01-04,30.687986373901367,0.0
2013-01-07,31.108369827270508,0.0
2013-01-08,30.898178100585938,0.0
2013-01-09,31.73894500732422,0.0
2013-01-10,32.47461700439453,0.0
2013-01-11,32.3695182800293,0.0
2013-01-14,31.21346664428711,0.0
2013-01-15,30.687986373901367,0.0
2013-01-16,30.898178100585938,0.0
2013-01-17,29.111549377441406,0.0
2013-01-18,30.372699737548828,0.0
2013-01-21,30.687986373901367,0.0
2013-01-22,30.267602920532227,0.0
2013-01-23,30.057411193847656,0.0
2013-01-24,29.84721946716309,0.0
2013-01-25,29.321741104125977,0.0
2013-01-28,29.111549377441406,0.0
2013-01-29,29.42683792114257,0.0
2013-01-30,29.84721946716309,0.0
2013-01-31,29.952316284179688,0.0
2013-02-01,29.42683792114257,0.0
2013-02-04,29.42683792114257,0.0
2013-02-05,29.111549377441406,0.0
2013-02-06,29.21664428710937,0.0
2013-02-18,29.21664428710937,0.0
2013-02-19,28.691165924072266,0.0
2013-02-20,30.687986373901367,0.0
2013-02-21,30.372699737548828,0.0
2013-02-22,30.057411193847656,0.0
2013-02-25,30.687986373901367,0.0
2013-02-26,29.952316284179688,0.0
2013-02-27,29.531932830810547,0.0
2013-03-01,30.267602920532227,0.0
2013-03-04,29.74212455749512,0.0
2013-03-05,29.84721946716309,0.0
2013-03-06,30.267602920532227,0.0
2013-03-07,30.16250801086425,0.0
2013-03-08,31.21346664428711,0.0
2013-03-11,31.73894500732422,0.0
2013-03-12,30.79308319091797,0.0
2013-03-13,31.108369827270508,0.0
2013-03-14,30.5828914642334,0.0
2013-03-15,29.84721946716309,0.0
2013-03-18,29.63702774047852,0.0
2013-03-19,29.63702774047852,0.0
2013-03-20,29.21664428710937,0.0
2013-03-21,29.21664428710937,0.0
2013-03-22,29.006452560424805,0.0
2013-03-25,29.63702774047852,0.0
2013-03-26,29.42683792114257,0.0
2013-03-27,29.21664428710937,0.0
2013-03-28,28.691165924072266,0.0
2013-03-29,29.111549377441406,0.0
2013-04-01,29.42683792114257,0.0
2013-04-02,29.531932830810547,0.0
2013-04-03,29.63702774047852,0.0
2013-04-08,27.955495834350582,0.0
2013-04-09,27.850399017333984,0.0
2013-04-10,27.745302200317383,0.0
2013-04-11,28.270782470703125,0.0
2013-04-12,28.270782470703125,0.0
2013-04-15,27.53511047363281,0.0
2013-04-16,27.850399017333984,0.0
2013-04-17,27.64020729064941,0.0
2013-04-18,27.324920654296875,0.0
2013-04-19,28.165685653686523,0.0
2013-04-22,27.745302200317383,0.0
2013-04-23,27.53511047363281,0.0
2013-04-24,27.955495834350582,0.0
2013-04-25,27.955495834350582,0.0
2013-04-26,28.060590744018555,0.0
2013-04-29,27.64020729064941,0.0
2013-04-30,27.850399017333984,0.0
2013-05-02,27.324920654296875,0.0
2013-05-03,27.21982383728028,0.0
2013-05-06,27.009632110595703,0.0
2013-05-07,27.21982383728028,0.0
2013-05-08,27.850399017333984,0.0
2013-05-09,27.850399017333984,0.0
2013-05-10,27.850399017333984,0.0
2013-05-13,27.21982383728028,0.0
2013-05-14,27.53511047363281,0.0
2013-05-15,27.53511047363281,0.0
2013-05-16,27.324920654296875,0.0
2013-05-17,27.114728927612305,0.0
2013-05-20,27.21982383728028,0.0
2013-05-21,27.430015563964844,0.0
2013-05-22,28.165685653686523,0.0
2013-05-23,27.324920654296875,0.0
2013-05-24,27.324920654296875,0.0
2013-05-27,27.21982383728028,0.0
2013-05-28,27.009632110595703,0.0
2013-05-29,27.114728927612305,0.0
2013-05-30,26.58924865722656,0.0
2013-05-31,26.9045352935791,0.0
2013-06-03,26.694345474243164,0.0
2013-06-04,26.063770294189453,0.0
2013-06-05,25.853578567504883,0.0
2013-06-06,25.32809829711914,0.0
2013-06-07,25.74848175048828,0.0
2013-06-10,25.853578567504883,0.0
2013-06-11,25.643386840820312,0.0
2013-06-13,25.853578567504883,0.0
2013-06-14,25.32809829711914,0.0
2013-06-17,25.643386840820312,0.0
2013-06-18,26.063770294189453,0.0
2013-06-19,26.694345474243164,0.0
2013-06-20,26.379056930541992,0.0
2013-06-21,26.063770294189453,0.0
2013-06-24,25.853578567504883,0.0
2013-06-25,25.53829002380371,0.0
2013-06-26,26.063770294189453,0.0
2013-06-27,25.853578567504883,0.0
2013-06-28,26.168865203857425,0.0
2013-07-01,26.063770294189453,0.0
2013-07-02,25.853578567504883,0.0
2013-07-03,25.74848175048828,0.0
2013-07-04,25.643386840820312,0.0
2013-07-05,25.74848175048828,0.0
2013-07-08,25.32809829711914,0.0
2013-07-09,25.643386840820312,0.0
2013-07-10,25.43319320678711,0.0
2013-07-11,26.4841537475586,0.0
2013-07-12,26.4841537475586,0.0
2013-07-15,26.58924865722656,0.0
2013-07-16,27.114728927612305,0.0
2013-07-17,27.21982383728028,0.0
2013-07-18,27.009632110595703,0.0
2013-07-19,26.694345474243164,0.0
2013-07-22,26.799440383911133,0.0
2013-07-23,27.009632110595703,0.0
2013-07-24,27.009632110595703,0.0
2013-07-25,26.694345474243164,0.0
2013-07-26,26.694345474243164,0.0
2013-07-29,26.168865203857425,0.0
2013-07-30,26.168865203857425,0.0
2013-07-31,26.799440383911133,0.0
2013-08-01,26.9045352935791,0.0
2013-08-02,27.009632110595703,0.0
2013-08-05,27.53511047363281,0.0
2013-08-06,26.9045352935791,0.0
2013-08-07,26.9045352935791,0.0
2013-08-08,26.9045352935791,0.0
2013-08-09,27.114728927612305,0.0
2013-08-12,26.9045352935791,0.0
2013-08-13,26.799440383911133,0.0
2013-08-14,26.9045352935791,0.0
2013-08-15,26.9045352935791,0.0
2013-08-16,27.114728927612305,0.0
2013-08-19,28.165685653686523,0.0
2013-08-20,28.270782470703125,0.0
2013-08-22,28.375877380371094,0.0
2013-08-23,28.691165924072266,0.0
2013-08-26,28.165685653686523,0.0
2013-08-27,27.430015563964844,0.0
2013-08-28,27.324920654296875,0.0
2013-08-29,27.53511047363281,0.0
2013-08-30,27.53511047363281,0.0
2013-09-02,27.430015563964844,0.0
2013-09-03,27.53511047363281,0.0
2013-09-04,27.324920654296875,0.0
2013-09-05,28.375877380371094,0.0
2013-09-06,28.796262741088867,0.0
2013-09-09,29.006452560424805,0.0
2013-09-10,29.42683792114257,0.0
2013-09-11,29.74212455749512,0.0
2013-09-12,29.321741104125977,0.0
2013-09-13,28.691165924072266,0.0
2013-09-16,28.691165924072266,0.0
2013-09-17,28.691165924072266,0.0
2013-09-18,28.796262741088867,0.0
2013-09-23,28.796262741088867,0.0
2013-09-24,28.796262741088867,0.0
2013-09-25,29.111549377441406,0.0
2013-09-26,28.691165924072266,0.0
2013-09-27,28.90135765075684,0.0
2013-09-30,28.48097419738769,0.0
2013-10-01,28.796262741088867,0.0
2013-10-02,28.796262741088867,0.0
2013-10-03,29.111549377441406,0.0
2013-10-04,29.006452560424805,0.0
2013-10-07,29.21664428710937,0.0
2013-10-08,29.111549377441406,0.0
2013-10-09,28.48097419738769,0.0
2013-10-11,27.850399017333984,0.0
2013-10-14,27.21982383728028,0.0
2013-10-15,27.64020729064941,0.0
2013-10-16,27.53511047363281,0.0
2013-10-17,27.53511047363281,0.0
2013-10-18,27.53511047363281,0.0
2013-10-21,27.21982383728028,0.0
2013-10-22,27.324920654296875,0.0
2013-10-23,27.430015563964844,0.0
2013-10-24,27.21982383728028,0.0
2013-10-25,27.21982383728028,0.0
2013-10-28,27.64020729064941,0.0
2013-10-29,27.53511047363281,0.0
2013-10-30,27.53511047363281,0.0
2013-10-31,27.430015563964844,0.0
2013-11-01,27.324920654296875,0.0
2013-11-04,27.430015563964844,0.0
2013-11-05,27.114728927612305,0.0
2013-11-06,27.009632110595703,0.0
2013-11-07,26.799440383911133,0.0
2013-11-08,26.063770294189453,0.0
2013-11-11,25.95867347717285,0.0
2013-11-12,25.95867347717285,0.0
2013-11-13,25.74848175048828,0.0
2013-11-14,25.95867347717285,0.0
2013-11-15,26.27396011352539,0.0
2013-11-18,26.063770294189453,0.0
2013-11-19,26.063770294189453,0.0
2013-11-20,26.063770294189453,0.0
2013-11-21,25.95867347717285,0.0
2013-11-22,26.27396011352539,0.0
2013-11-25,27.114728927612305,0.0
2013-11-26,27.21982383728028,0.0
2013-11-27,27.21982383728028,0.0
2013-11-28,27.21982383728028,0.0
2013-11-29,27.324920654296875,0.0
2013-12-02,27.324920654296875,0.0
2013-12-03,26.9045352935791,0.0
2013-12-04,27.114728927612305,0.0
2013-12-05,26.9045352935791,0.0
2013-12-06,26.694345474243164,0.0
2013-12-09,26.9045352935791,0.0
2013-12-10,27.009632110595703,0.0
2013-12-11,26.9045352935791,0.0
2013-12-12,26.799440383911133,0.0
2013-12-13,26.9045352935791,0.0
2013-12-16,27.324920654296875,0.0
2013-12-17,27.21982383728028,0.0
2013-12-18,27.324920654296875,0.0
2013-12-19,27.430015563964844,0.0
2013-12-20,27.53511047363281,0.0
2013-12-23,27.850399017333984,0.0
2013-12-24,28.375877380371094,0.0
2013-12-25,29.111549377441406,0.0
2013-12-26,29.111549377441406,0.0
2013-12-27,29.21664428710937,0.0
2013-12-30,29.531932830810547,0.0
2013-12-31,29.321741104125977,0.0
2014-01-02,29.111549377441406,0.0
2014-01-03,28.586069107055664,0.0
2014-01-06,29.006452560424805,0.0
2014-01-07,28.90135765075684,0.0
2014-01-08,28.691165924072266,0.0
2014-01-09,28.691165924072266,0.0
2014-01-10,29.006452560424805,0.0
2014-01-13,29.006452560424805,0.0
2014-01-14,28.48097419738769,0.0
2014-01-15,28.375877380371094,0.0
2014-01-16,27.955495834350582,0.0
2014-01-17,28.165685653686523,0.0
2014-01-20,28.375877380371094,0.0
2014-01-21,28.375877380371094,0.0
2014-01-22,28.586069107055664,0.0
2014-01-23,28.270782470703125,0.0
2014-01-24,28.165685653686523,0.0
2014-01-27,27.64020729064941,0.0
2014-02-05,26.799440383911133,0.0
2014-02-06,26.799440383911133,0.0
2014-02-07,27.114728927612305,0.0
2014-02-10,26.799440383911133,0.0
2014-02-11,26.9045352935791,0.0
2014-02-12,27.009632110595703,0.0
2014-02-13,26.694345474243164,0.0
2014-02-14,26.799440383911133,0.0
2014-02-17,26.9045352935791,0.0
2014-02-18,27.114728927612305,0.0
2014-02-19,27.324920654296875,0.0
2014-02-20,27.114728927612305,0.0
2014-02-21,27.21982383728028,0.0
2014-02-24,26.9045352935791,0.0
2014-02-25,26.9045352935791,0.0
2014-02-26,26.9045352935791,0.0
2014-02-27,27.324920654296875,0.0
2014-03-03,26.9045352935791,0.0
2014-03-04,26.58924865722656,0.0
2014-03-05,26.694345474243164,0.0
2014-03-06,26.9045352935791,0.0
2014-03-07,26.799440383911133,0.0
2014-03-10,26.799440383911133,0.0
2014-03-11,26.58924865722656,0.0
2014-03-12,26.4841537475586,0.0
2014-03-13,26.379056930541992,0.0
2014-03-14,26.27396011352539,0.0
2014-03-17,26.379056930541992,0.0
2014-03-18,26.27396011352539,0.0
2014-03-19,26.168865203857425,0.0
2014-03-20,25.95867347717285,0.0
2014-03-21,26.063770294189453,0.0
2014-03-24,26.063770294189453,0.0
2014-03-25,26.063770294189453,0.0
2014-03-26,26.379056930541992,0.0
2014-03-27,26.9045352935791,0.0
2014-03-28,26.9045352935791,0.0
2014-03-31,26.9045352935791,0.0
2014-04-01,26.799440383911133,0.0
2014-04-02,27.114728927612305,0.0
2014-04-03,27.114728927612305,0.0
2014-04-07,27.21982383728028,0.0
2014-04-08,27.114728927612305,0.0
2014-04-09,27.114728927612305,0.0
2014-04-10,27.21982383728028,0.0
2014-04-11,26.9045352935791,0.0
2014-04-14,26.799440383911133,0.0
2014-04-15,26.694345474243164,0.0
2014-04-16,27.009632110595703,0.0
2014-04-17,26.799440383911133,0.0
2014-04-18,26.9045352935791,0.0
2014-04-21,26.9045352935791,0.0
2014-04-22,27.009632110595703,0.0
2014-04-23,26.9045352935791,0.0
2014-04-24,26.9045352935791,0.0
2014-04-25,26.379056930541992,0.0
2014-04-28,26.4841537475586,0.0
2014-04-29,26.379056930541992,0.0
2014-04-30,25.95867347717285,0.0
2014-05-02,26.063770294189453,0.0
2014-05-05,26.063770294189453,0.0
2014-05-06,26.063770294189453,0.0
2014-05-07,26.063770294189453,0.0
2014-05-08,26.168865203857425,0.0
2014-05-09,25.95867347717285,0.0
2014-05-12,25.853578567504883,0.0
2014-05-13,26.063770294189453,0.0
2014-05-14,26.063770294189453,0.0
2014-05-15,26.063770294189453,0.0
2014-05-16,26.063770294189453,0.0
2014-05-19,25.95867347717285,0.0
2014-05-20,25.95867347717285,0.0
2014-05-21,25.74848175048828,0.0
2014-05-22,26.379056930541992,0.0
2014-05-23,26.58924865722656,0.0
2014-05-26,26.4841537475586,0.0
2014-05-27,26.4841537475586,0.0
2014-05-28,26.799440383911133,0.0
2014-05-29,26.58924865722656,0.0
2014-05-30,26.694345474243164,0.0
2014-06-03,26.27396011352539,0.0
2014-06-04,26.063770294189453,0.0
2014-06-05,25.74848175048828,0.0
2014-06-06,25.853578567504883,0.0
2014-06-09,25.74848175048828,0.0
2014-06-10,25.853578567504883,0.0
2014-06-11,25.74848175048828,0.0
2014-06-12,25.853578567504883,0.0
2014-06-13,25.74848175048828,0.0
2014-06-16,25.853578567504883,0.0
2014-06-17,25.74848175048828,0.0
2014-06-18,25.74848175048828,0.0
2014-06-19,25.643386840820312,0.0
2014-06-20,25.74848175048828,0.0
2014-06-23,25.32809829711914,0.0
2014-06-24,25.43319320678711,0.0
2014-06-25,25.32809829711914,0.0
2014-06-26,25.43319320678711,0.0
2014-06-27,25.32809829711914,0.0
2014-06-30,25.22300338745117,0.0
2014-07-01,25.74848175048828,0.0
2014-07-02,25.53829002380371,0.0
2014-07-03,25.43319320678711,0.0
2014-07-04,25.53829002380371,0.0
2014-07-07,25.53829002380371,0.0
2014-07-08,25.43319320678711,0.0
2014-07-09,25.32809829711914,0.0
2014-07-10,25.74848175048828,0.0
2014-07-11,25.53829002380371,0.0
2014-07-14,25.853578567504883,0.0
2014-07-15,25.95867347717285,0.0
2014-07-16,25.853578567504883,0.0
2014-07-17,25.853578567504883,0.0
2014-07-18,25.74848175048828,0.0
2014-07-21,25.853578567504883,0.0
2014-07-22,26.063770294189453,0.0
2014-07-23,26.063770294189453,0.0
2014-07-24,25.95867347717285,0.0
2014-07-25,25.853578567504883,0.0
2014-07-28,26.168865203857425,0.0
2014-07-29,26.168865203857425,0.0
2014-07-30,26.58924865722656,0.0
2014-07-31,26.27396011352539,0.0
2014-08-01,26.4841537475586,0.0
2014-08-04,26.379056930541992,0.0
2014-08-05,25.74848175048828,0.0
2014-08-06,25.95867347717285,0.0
2014-08-07,25.853578567504883,0.0
2014-08-08,25.43319320678711,0.0
2014-08-11,25.74848175048828,0.0
2014-08-12,25.95867347717285,0.0
2014-08-13,26.58924865722656,0.0
2014-08-14,26.379056930541992,0.0
2014-08-15,26.379056930541992,0.0
2014-08-18,26.4841537475586,0.0
2014-08-19,26.4841537475586,0.0
2014-08-20,27.64020729064941,0.0
2014-08-21,27.64020729064941,0.0
2014-08-22,28.586069107055664,0.0
2014-08-25,29.006452560424805,0.0
2014-08-26,28.586069107055664,0.0
2014-08-27,28.48097419738769,0.0
2014-08-28,28.48097419738769,0.0
2014-08-29,28.270782470703125,0.0
2014-09-01,28.48097419738769,0.0
2014-09-02,28.165685653686523,0.0
2014-09-03,28.48097419738769,0.0
2014-09-04,28.48097419738769,0.0
2014-09-05,28.796262741088867,0.0
2014-09-09,29.63702774047852,0.0
2014-09-10,29.531932830810547,0.0
2014-09-11,29.952316284179688,0.0
2014-09-12,29.111549377441406,0.0
2014-09-15,29.21664428710937,0.0
2014-09-16,29.006452560424805,0.0
2014-09-17,29.111549377441406,0.0
2014-09-18,29.21664428710937,0.0
2014-09-19,29.006452560424805,0.0
2014-09-22,28.270782470703125,0.0
2014-09-23,27.53511047363281,0.0
2014-09-24,27.64020729064941,0.0
2014-09-25,27.430015563964844,0.0
2014-09-26,27.745302200317383,0.0
2014-09-29,27.430015563964844,0.0
2014-09-30,27.850399017333984,0.0
2014-10-01,27.64020729064941,0.0
2014-10-02,27.745302200317383,0.0
2014-10-03,27.745302200317383,0.0
2014-10-06,27.850399017333984,0.0
2014-10-07,27.850399017333984,0.0
2014-10-08,27.53511047363281,0.0
2014-10-09,27.850399017333984,0.0
2014-10-13,26.9045352935791,0.0
2014-10-14,28.165685653686523,0.0
2014-10-15,28.375877380371094,0.0
2014-10-16,28.165685653686523,0.0
2014-10-17,28.165685653686523,0.0
2014-10-20,28.796262741088867,0.0
2014-10-21,28.586069107055664,0.0
2014-10-22,28.691165924072266,0.0
2014-10-23,29.21664428710937,0.0
2014-10-24,28.48097419738769,0.0
2014-10-27,27.850399017333984,0.0
2014-10-28,28.270782470703125,0.0
2014-10-29,28.48097419738769,0.0
2014-10-30,28.691165924072266,0.0
2014-10-31,29.21664428710937,0.0
2014-11-03,29.111549377441406,0.0
2014-11-04,29.21664428710937,0.0
2014-11-05,30.057411193847656,0.0
2014-11-06,29.74212455749512,0.0
2014-11-07,29.84721946716309,0.0
2014-11-10,29.84721946716309,0.0
2014-11-11,29.74212455749512,0.0
2014-11-12,29.21664428710937,0.0
2014-11-13,29.42683792114257,0.0
2014-11-14,29.84721946716309,0.0
2014-11-17,29.21664428710937,0.0
2014-11-18,27.955495834350582,0.0
2014-11-19,27.850399017333984,0.0
2014-11-20,28.375877380371094,0.0
2014-11-21,28.165685653686523,0.0
2014-11-24,28.375877380371094,0.0
2014-11-25,27.745302200317383,0.0
2014-11-26,27.850399017333984,0.0
2014-11-27,27.53511047363281,0.0
2014-11-28,28.375877380371094,0.0
2014-12-01,28.270782470703125,0.0
2014-12-02,28.165685653686523,0.0
2014-12-03,28.691165924072266,0.0
2014-12-04,29.21664428710937,0.0
2014-12-05,29.42683792114257,0.0
2014-12-08,29.952316284179688,0.0
2014-12-09,29.531932830810547,0.0
2014-12-10,28.90135765075684,0.0
2014-12-11,29.006452560424805,0.0
2014-12-12,29.21664428710937,0.0
2014-12-15,30.057411193847656,0.0
2014-12-16,29.84721946716309,0.0
2014-12-17,29.42683792114257,0.0
2014-12-18,30.79308319091797,0.0
2014-12-19,32.7899055480957,0.0
2014-12-22,32.7899055480957,0.0
2014-12-23,33.52557373046875,0.0
2014-12-24,33.63066864013672,0.0
2014-12-25,33.52557373046875,0.0
2014-12-26,33.21028518676758,0.0
2014-12-29,34.05105209350586,0.0
2014-12-30,35.20710754394531,0.0
2014-12-31,35.41730117797852,0.0
2015-01-05,35.41730117797852,0.0
2015-01-06,34.996917724609375,0.0
2015-01-07,36.0478744506836,0.0
2015-01-08,35.31220245361328,0.0
2015-01-09,36.0478744506836,0.0
2015-01-12,35.73258590698242,0.0
2015-01-13,35.837684631347656,0.0
2015-01-14,36.363162994384766,0.0
2015-01-15,35.41730117797852,0.0
2015-01-16,35.522396087646484,0.0
2015-01-19,34.6816291809082,0.0
2015-01-20,35.31220245361328,0.0
2015-01-21,35.522396087646484,0.0
2015-01-22,35.73258590698242,0.0
2015-01-23,35.31220245361328,0.0
2015-01-26,36.468257904052734,0.0
2015-01-27,36.78354644775391,0.0
2015-01-28,36.363162994384766,0.0
2015-01-29,35.522396087646484,0.0
2015-01-30,35.522396087646484,0.0
2015-02-02,34.05105209350586,0.0
2015-02-03,34.26124572753906,0.0
2015-02-04,33.73576736450195,0.0
2015-02-05,34.36634063720703,0.0
2015-02-06,34.26124572753906,0.0
2015-02-09,34.156150817871094,0.0
2015-02-10,33.84086227416992,0.0
2015-02-11,33.63066864013672,0.0
2015-02-12,34.26124572753906,0.0
2015-02-13,34.156150817871094,0.0
2015-02-24,34.05105209350586,0.0
2015-02-25,35.522396087646484,0.0
2015-02-26,35.73258590698242,0.0
2015-03-02,36.78354644775391,0.0
2015-03-03,36.5733528137207,0.0
2015-03-04,35.942779541015625,0.0
2015-03-05,35.62749099731445,0.0
2015-03-06,36.15296936035156,0.0
2015-03-09,35.942779541015625,0.0
2015-03-10,36.15296936035156,0.0
2015-03-11,37.20392990112305,0.0
2015-03-12,38.3599853515625,0.0
2015-03-13,38.1497917175293,0.0
2015-03-16,38.3599853515625,0.0
2015-03-17,38.46508026123047,0.0
2015-03-18,40.0415153503418,0.0
2015-03-19,39.41094207763672,0.0
2015-03-20,39.09565353393555,0.0
2015-03-23,38.99055862426758,0.0
2015-03-24,39.93642044067383,0.0
2015-03-25,38.88546371459961,0.0
2015-03-26,36.363162994384766,0.0
2015-03-27,36.15296936035156,0.0
2015-03-30,36.67845153808594,0.0
2015-03-31,37.834503173828125,0.0
2015-04-01,37.41411972045898,0.0
2015-04-02,37.309024810791016,0.0
2015-04-07,38.1497917175293,0.0
2015-04-08,38.25488662719727,0.0
2015-04-09,37.93960189819336,0.0
2015-04-10,37.41411972045898,0.0
2015-04-13,38.3599853515625,0.0
2015-04-14,38.46508026123047,0.0
2015-04-15,37.309024810791016,0.0
2015-04-16,37.20392990112305,0.0
2015-04-17,36.67845153808594,0.0
2015-04-20,34.6816291809082,0.0
2015-04-21,34.996917724609375,0.0
2015-04-22,35.73258590698242,0.0
2015-04-23,35.522396087646484,0.0
2015-04-24,33.63066864013672,0.0
2015-04-27,32.7899055480957,0.0
2015-04-28,33.42047882080078,0.0
2015-04-29,33.42047882080078,0.0
2015-04-30,33.73576736450195,0.0
2015-05-04,33.10519027709961,0.0
2015-05-05,33.42047882080078,0.0
2015-05-06,31.52875328063965,0.0
2015-05-07,30.79308319091797,0.0
2015-05-08,31.42365837097168,0.0
2015-05-11,30.898178100585938,0.0
2015-05-12,31.00327491760254,0.0
2015-05-13,31.108369827270508,0.0
2015-05-14,31.21346664428711,0.0
2015-05-15,30.4777946472168,0.0
2015-05-18,28.375877380371094,0.0
2015-05-19,27.955495834350582,0.0
2015-05-20,27.53511047363281,0.0
2015-05-21,26.063770294189453,0.0
2015-05-22,26.168865203857425,0.0
2015-05-25,26.58924865722656,0.0
2015-05-26,26.27396011352539,0.0
2015-05-27,26.063770294189453,0.0
2015-05-28,26.063770294189453,0.0
2015-05-29,26.168865203857425,0.0
2015-06-01,25.74848175048828,0.0
2015-06-02,25.43319320678711,0.0
2015-06-03,25.0128116607666,0.0
2015-06-04,24.17204475402832,0.0
2015-06-05,23.75166130065918,0.0
2015-06-08,23.33127784729004,0.0
2015-06-09,21.439552307128903,0.0
2015-06-10,23.54146957397461,0.0
2015-06-11,23.12108612060547,0.0
2015-06-12,22.38541412353516,0.0
2015-06-15,21.75484085083008,0.0
2015-06-16,21.965030670166016,0.0
2015-06-17,21.965030670166016,0.0
2015-06-18,22.9108943939209,0.0
2015-06-22,22.805797576904297,0.0
2015-06-23,22.49051094055176,0.0
2015-06-24,22.700702667236328,0.0
2015-06-25,22.9108943939209,0.0
2015-06-26,22.805797576904297,0.0
2015-06-29,22.280319213867188,0.0
2015-06-30,22.700702667236328,0.0
2015-07-01,23.436372756958008,0.0
2015-07-02,23.12108612060547,0.0
2015-07-03,23.12108612060547,0.0
2015-07-06,24.27713966369629,0.0
2015-07-07,25.22300338745117,0.0
2015-07-08,24.17204475402832,0.0
2015-07-09,23.64656448364257,0.0
2015-07-10,23.64656448364257,0.0
2015-07-13,23.75166130065918,0.0
2015-07-14,23.96185302734375,0.0
2015-07-15,25.32809829711914,0.0
2015-07-16,25.32809829711914,0.0
2015-07-17,24.90771484375,0.0
2015-07-20,24.17204475402832,0.0
2015-07-21,24.59242820739746,0.0
2015-07-22,24.38223648071289,0.0
2015-07-23,24.27713966369629,0.0
2015-07-24,24.27713966369629,0.0
2015-07-27,23.22618293762207,0.0
2015-07-28,22.59560775756836,0.0
2015-07-29,22.9108943939209,0.0
2015-07-30,22.9108943939209,0.0
2015-07-31,22.805797576904297,0.0
2015-08-03,23.54146957397461,0.0
2015-08-04,22.9108943939209,0.0
2015-08-05,23.33127784729004,0.0
2015-08-06,22.9108943939209,0.0
2015-08-07,22.9108943939209,0.0
2015-08-10,23.64656448364257,0.0
2015-08-11,23.436372756958008,0.0
2015-08-12,23.015989303588867,0.0
2015-08-13,22.805797576904297,0.0
2015-08-14,22.700702667236328,0.0
2015-08-17,22.700702667236328,0.0
2015-08-18,22.49051094055176,0.0
2015-08-19,21.544647216796875,0.0
2015-08-20,21.859935760498047,0.0
2015-08-21,21.439552307128903,0.0
2015-08-24,19.337635040283203,0.0
2015-08-25,20.220439910888672,0.0
2015-08-26,20.346555709838867,0.0
2015-08-27,20.9140739440918,0.0
2015-08-28,22.9108943939209,0.0
2015-08-31,21.965030670166016,0.0
2015-09-01,21.544647216796875,0.0
2015-09-02,21.124265670776367,0.0
2015-09-03,21.229360580444336,0.0
2015-09-04,20.7038803100586,0.0
2015-09-07,20.808977127075195,0.0
2015-09-08,20.851015090942383,0.0
2015-09-09,21.544647216796875,0.0
2015-09-10,22.175222396850582,0.0
2015-09-11,21.75484085083008,0.0
2015-09-14,21.75484085083008,0.0
2015-09-15,21.64974403381348,0.0
2015-09-16,21.544647216796875,0.0
2015-09-17,21.75484085083008,0.0
2015-09-18,21.439552307128903,0.0
2015-09-21,21.229360580444336,0.0
2015-09-22,21.124265670776367,0.0
2015-09-23,20.851015090942383,0.0
2015-09-24,20.51470947265625,0.0
2015-09-25,20.15738296508789,0.0
2015-09-29,20.15738296508789,0.0
2015-09-30,19.989229202270508,0.0
2015-10-01,20.661842346191406,0.0
2015-10-02,20.51470947265625,0.0
2015-10-05,20.55674743652344,0.0
2015-10-06,20.7879581451416,0.0
2015-10-07,20.97713088989257,0.0
2015-10-08,20.7879581451416,0.0
2015-10-12,21.01916885375977,0.0
2015-10-13,21.229360580444336,0.0
2015-10-14,21.229360580444336,0.0
2015-10-15,21.334455490112305,0.0
2015-10-16,21.229360580444336,0.0
2015-10-19,21.124265670776367,0.0
2015-10-20,21.229360580444336,0.0
2015-10-21,20.99814987182617,0.0
2015-10-22,20.99814987182617,0.0
2015-10-23,21.124265670776367,0.0
2015-10-26,21.334455490112305,0.0
2015-10-27,21.334455490112305,0.0
2015-10-28,21.124265670776367,0.0
2015-10-29,20.9140739440918,0.0
2015-10-30,20.7879581451416,0.0
2015-11-02,20.872034072875977,0.0
2015-11-03,21.01916885375977,0.0
2015-11-04,21.229360580444336,0.0
2015-11-05,21.124265670776367,0.0
2015-11-06,20.7038803100586,0.0
2015-11-09,20.36757469177246,0.0
2015-11-10,19.96821022033692,0.0
2015-11-11,19.4637508392334,0.0
2015-11-12,19.42171287536621,0.0
2015-11-13,19.022348403930664,0.0
2015-11-16,18.51788711547852,0.0
2015-11-17,19.16948127746582,0.0
2015-11-18,18.938270568847656,0.0
2015-11-19,18.833175659179688,0.0
2015-11-20,18.32871437072754,0.0
2015-11-23,18.16056251525879,0.0
2015-11-24,18.32871437072754,0.0
2015-11-25,17.95037078857422,0.0
2015-11-26,18.53890609741211,0.0
2015-11-27,17.782217025756836,0.0
2015-11-30,17.02552604675293,0.0
2015-12-01,17.06756591796875,0.0
2015-12-02,17.109603881835938,0.0
2015-12-03,16.941450119018555,0.0
2015-12-04,16.836353302001953,0.0
2015-12-07,16.878393173217773,0.0
2015-12-08,16.415971755981445,0.0
2015-12-09,16.857372283935547,0.0
2015-12-10,16.584123611450195,0.0
2015-12-11,16.479028701782227,0.0
2015-12-14,15.806414604187012,0.0
2015-12-15,15.89049243927002,0.0
2015-12-16,16.542085647583008,0.0
2015-12-17,17.319795608520508,0.0
2015-12-18,17.046546936035156,0.0
2015-12-21,17.551006317138672,0.0
2015-12-22,17.298776626586914,0.0
2015-12-23,17.17266082763672,0.0
2015-12-24,17.424890518188477,0.0
2015-12-25,18.244638442993164,0.0
2015-12-28,18.43381118774414,0.0
2015-12-29,17.971389770507812,0.0
2015-12-30,18.22361946105957,0.0
2015-12-31,18.26565742492676,0.0
2016-01-04,17.487947463989258,0.0
2016-01-05,17.3408145904541,0.0
2016-01-06,17.2357177734375,0.0
2016-01-07,16.668201446533203,0.0
2016-01-08,16.794315338134766,0.0
2016-01-11,16.415971755981445,0.0
2016-01-12,16.205778121948242,0.0
2016-01-13,16.226797103881836,0.0
2016-01-14,16.121702194213867,0.0
2016-01-15,15.995587348937988,0.0
2016-01-18,16.689220428466797,0.0
2016-01-19,16.584123611450195,0.0
2016-01-20,16.18475914001465,0.0
2016-01-21,16.163740158081055,0.0
2016-01-22,16.24781608581543,0.0
2016-01-25,16.373931884765625,0.0
2016-01-26,16.39495277404785,0.0
2016-01-27,16.331893920898438,0.0
2016-01-28,16.60514259338379,0.0
2016-01-29,16.5631046295166,0.0
2016-02-01,17.046546936035156,0.0
2016-02-02,17.02552604675293,0.0
2016-02-03,16.81533432006836,0.0
2016-02-15,16.752277374267578,0.0
2016-02-16,17.13062286376953,0.0
2016-02-17,16.941450119018555,0.0
2016-02-18,16.96246910095215,0.0
2016-02-19,17.59304428100586,0.0
2016-02-22,17.677120208740234,0.0
2016-02-23,17.887313842773438,0.0
2016-02-24,18.26565742492676,0.0
2016-02-25,18.11852264404297,0.0
2016-02-26,18.49686813354492,0.0
2016-03-01,18.412792205810547,0.0
2016-03-02,18.770118713378903,0.0
2016-03-03,18.770118713378903,0.0
2016-03-04,18.980308532714844,0.0
2016-03-07,19.31661605834961,0.0
2016-03-08,19.821075439453125,0.0
2016-03-09,19.19050025939941,0.0
2016-03-10,19.12744331359864,0.0
2016-03-11,18.917251586914062,0.0
2016-03-14,18.95928955078125,0.0
2016-03-15,18.202600479125977,0.0
2016-03-16,18.559925079345703,0.0
2016-03-17,18.580944061279297,0.0
2016-03-18,18.45483016967773,0.0
2016-03-21,18.22361946105957,0.0
2016-03-22,18.07648468017578,0.0
2016-03-23,17.992408752441406,0.0
2016-03-24,17.971389770507812,0.0
2016-03-25,18.11852264404297,0.0
2016-03-28,18.244638442993164,0.0
2016-03-29,17.971389770507812,0.0
2016-03-30,17.95037078857422,0.0
2016-03-31,18.013427734375,0.0
2016-04-01,17.80323600769043,0.0
2016-04-06,17.403871536254883,0.0
2016-04-07,17.44590950012207,0.0
2016-04-08,17.929351806640625,0.0
2016-04-11,18.07648468017578,0.0
2016-04-12,18.32871437072754,0.0
2016-04-13,18.32871437072754,0.0
2016-04-14,18.559925079345703,0.0
2016-04-15,18.412792205810547,0.0
2016-04-18,18.07648468017578,0.0
2016-04-19,17.824254989624023,0.0
2016-04-20,17.44590950012207,0.0
2016-04-21,17.424890518188477,0.0
2016-04-22,17.44590950012207,0.0
2016-04-25,17.424890518188477,0.0
2016-04-26,18.09750366210937,0.0
2016-04-27,18.6860408782959,0.0
2016-04-28,18.28667640686035,0.0
2016-04-29,17.929351806640625,0.0
2016-05-03,17.65610122680664,0.0
2016-05-04,17.2357177734375,0.0
2016-05-05,17.06756591796875,0.0
2016-05-06,17.403871536254883,0.0
2016-05-09,17.02552604675293,0.0
2016-05-10,16.92043113708496,0.0
2016-05-11,16.81533432006836,0.0
2016-05-12,16.60514259338379,0.0
2016-05-13,16.373931884765625,0.0
2016-05-16,16.584123611450195,0.0
2016-05-17,16.43699073791504,0.0
2016-05-18,16.24781608581543,0.0
2016-05-19,16.07966423034668,0.0
2016-05-20,16.07966423034668,0.0
2016-05-23,16.121702194213867,0.0
2016-05-24,16.28985595703125,0.0
2016-05-25,16.479028701782227,0.0
2016-05-26,16.226797103881836,0.0
2016-05-27,16.268836975097656,0.0
2016-05-30,16.331893920898438,0.0
2016-05-31,16.373931884765625,0.0
2016-06-01,16.60514259338379,0.0
2016-06-02,16.584123611450195,0.0
2016-06-03,16.39495277404785,0.0
2016-06-06,16.310874938964844,0.0
2016-06-07,16.310874938964844,0.0
2016-06-08,16.39495277404785,0.0
2016-06-13,16.121702194213867,0.0
2016-06-14,16.058645248413086,0.0
2016-06-15,16.058645248413086,0.0
2016-06-16,16.0166072845459,0.0
2016-06-17,15.9535493850708,0.0
2016-06-20,16.07966423034668,0.0
2016-06-21,16.07966423034668,0.0
2016-06-22,16.584123611450195,0.0
2016-06-23,16.584123611450195,0.0
2016-06-24,16.28985595703125,0.0
2016-06-27,16.226797103881836,0.0
2016-06-28,16.205778121948242,0.0
2016-06-29,16.24781608581543,0.0
2016-06-30,16.50004768371582,0.0
2016-07-01,16.310874938964844,0.0
2016-07-04,16.50004768371582,0.0
2016-07-05,16.331893920898438,0.0
2016-07-06,16.121702194213867,0.0
2016-07-07,16.100683212280273,0.0
2016-07-08,16.100683212280273,0.0
2016-07-11,16.14272117614746,0.0
2016-07-12,16.121702194213867,0.0
2016-07-13,16.07966423034668,0.0
2016-07-14,16.205778121948242,0.0
2016-07-15,16.14272117614746,0.0
2016-07-18,16.121702194213867,0.0
2016-07-19,16.121702194213867,0.0
2016-07-20,16.0166072845459,0.0
2016-07-21,16.18475914001465,0.0
2016-07-22,16.037626266479492,0.0
2016-07-25,15.9535493850708,0.0
2016-07-26,15.8484525680542,0.0
2016-07-27,15.785395622253418,0.0
2016-07-28,15.53316593170166,0.0
2016-07-29,15.365012168884276,0.0
2016-08-01,15.72233772277832,0.0
2016-08-02,15.554184913635254,0.0
2016-08-03,15.449089050292969,0.0
2016-08-04,15.40705108642578,0.0
2016-08-05,15.51214599609375,0.0
2016-08-08,15.449089050292969,0.0
2016-08-09,15.449089050292969,0.0
2016-08-10,15.51214599609375,0.0
2016-08-11,15.53316593170166,0.0
2016-08-12,15.51214599609375,0.0
2016-08-15,15.428070068359377,0.0
2016-08-16,15.40705108642578,0.0
2016-08-17,15.175840377807615,0.0
2016-08-18,14.944628715515137,0.0
2016-08-19,14.77647590637207,0.0
2016-08-22,14.839532852172852,0.0
2016-08-23,15.196859359741213,0.0
2016-08-24,15.133801460266112,0.0
2016-08-25,15.112781524658203,0.0
2016-08-26,15.154821395874023,0.0
2016-08-29,15.175840377807615,0.0
2016-08-30,14.96564769744873,0.0
2016-08-31,15.343993186950684,0.0
2016-09-01,16.542085647583008,0.0
2016-09-02,15.911511421203612,0.0
2016-09-05,15.554184913635254,0.0
2016-09-06,15.365012168884276,0.0
2016-09-07,15.343993186950684,0.0
2016-09-08,15.09176254272461,0.0
2016-09-09,15.049724578857422,0.0
2016-09-12,14.860551834106444,0.0
2016-09-13,14.818513870239258,0.0
2016-09-14,14.923609733581545,0.0
2016-09-19,14.90259075164795,0.0
2016-09-20,15.007685661315918,0.0
2016-09-21,15.007685661315918,0.0
2016-09-22,15.028705596923828,0.0
2016-09-23,15.133801460266112,0.0
2016-09-26,15.028705596923828,0.0
2016-09-27,15.028705596923828,0.0
2016-09-28,15.028705596923828,0.0
2016-09-29,14.90259075164795,0.0
2016-09-30,14.96564769744873,0.0
2016-10-03,14.923609733581545,0.0
2016-10-04,14.923609733581545,0.0
2016-10-05,14.860551834106444,0.0
2016-10-06,14.88157081604004,0.0
2016-10-07,14.88157081604004,0.0
2016-10-11,14.713418006896973,0.0
2016-10-12,14.587303161621094,0.0
2016-10-13,14.503226280212402,0.0
2016-10-14,14.335073471069336,0.0
2016-10-17,14.040804862976074,0.0
2016-10-18,14.20895767211914,0.0
2016-10-19,14.229976654052734,0.0
2016-10-20,14.923609733581545,0.0
2016-10-21,14.77647590637207,0.0
2016-10-24,14.90259075164795,0.0
2016-10-25,14.734436988830566,0.0
2016-10-26,14.734436988830566,0.0
2016-10-27,14.69239902496338,0.0
2016-10-28,14.650361061096191,0.0
2016-10-31,14.734436988830566,0.0
2016-11-01,14.713418006896973,0.0
2016-11-02,14.587303161621094,0.0
2016-11-03,14.229976654052734,0.0
2016-11-04,14.293034553527832,0.0
2016-11-07,14.398131370544434,0.0
2016-11-08,12.968827247619627,0.0
2016-11-09,11.686657905578612,0.0
2016-11-10,12.001944541931152,0.0
2016-11-11,11.896848678588867,0.0
2016-11-14,12.737615585327148,0.0
2016-11-15,12.443347930908203,0.0
2016-11-16,12.674558639526367,0.0
2016-11-17,12.716596603393556,0.0
2016-11-18,12.84271240234375,0.0
2016-11-21,12.69557762145996,0.0
2016-11-22,12.48538589477539,0.0
2016-11-23,12.107041358947754,0.0
2016-11-24,11.98092555999756,0.0
2016-11-25,12.14907932281494,0.0
2016-11-28,12.065003395080566,0.0
2016-11-29,12.08602237701416,0.0
2016-11-30,12.08602237701416,0.0
2016-12-01,11.938887596130373,0.0
2016-12-02,11.770733833312988,0.0
2016-12-05,11.350351333618164,0.0
2016-12-06,10.69875717163086,0.0
2016-12-07,10.782833099365234,0.0
2016-12-08,10.740795135498049,0.0
2016-12-09,10.551623344421388,0.0
2016-12-12,10.551623344421388,0.0
2016-12-13,9.92104721069336,0.0
2016-12-14,9.31149196624756,0.0
2016-12-15,10.236334800720217,0.0
2016-12-16,10.40448760986328,0.0
2016-12-19,10.425507545471191,0.0
2016-12-20,9.900028228759766,0.0
2016-12-21,9.857990264892578,0.0
2016-12-22,9.79493236541748,0.0
2016-12-23,10.047162055969238,0.0
2016-12-26,10.110219955444336,0.0
2016-12-27,10.047162055969238,0.0
2016-12-28,9.81595230102539,0.0
2016-12-29,9.79493236541748,0.0
2016-12-30,10.13123893737793,0.0
2017-01-03,10.362449645996094,0.0
2017-01-04,10.278372764587402,0.0
2017-01-05,10.425507545471191,0.0
2017-01-06,10.530603408813477,0.0
2017-01-09,10.467546463012695,0.0
2017-01-10,10.530603408813477,0.0
2017-01-11,10.88792896270752,0.0
2017-01-12,11.287293434143066,0.0
2017-01-13,11.602581024169922,0.0
2017-01-16,11.161177635192873,0.0
2017-01-17,11.24525547027588,0.0
2017-01-18,11.413408279418944,0.0
2017-01-19,11.7286958694458,0.0
2017-01-20,11.665637969970703,0.0
2017-01-23,11.7286958694458,0.0
2017-01-24,11.749714851379396,0.0
2017-02-02,12.065003395080566,0.0
2017-02-03,13.200037956237791,0.0
2017-02-06,13.347171783447266,0.0
2017-02-07,12.884750366210938,0.0
2017-02-08,12.42232894897461,0.0
2017-02-09,12.21213722229004,0.0
2017-02-10,12.254175186157228,0.0
2017-02-13,12.233156204223633,0.0
2017-02-14,11.938887596130373,0.0
2017-02-15,12.653538703918455,0.0
2017-02-16,12.464366912841797,0.0
2017-02-17,12.590481758117676,0.0
2017-02-20,13.872651100158691,0.0
2017-02-21,14.69239902496338,0.0
2017-02-22,14.545265197753906,0.0
2017-02-23,14.20895767211914,0.0
2017-02-24,14.587303161621094,0.0
2017-03-01,15.470108032226562,0.0
2017-03-02,15.59622287750244,0.0
2017-03-03,15.40705108642578,0.0
2017-03-06,15.554184913635254,0.0
2017-03-07,15.449089050292969,0.0
2017-03-08,15.701318740844728,0.0
2017-03-09,15.51214599609375,0.0
2017-03-10,15.112781524658203,0.0
2017-03-13,15.154821395874023,0.0
2017-03-14,14.986666679382324,0.0
2017-03-15,15.049724578857422,0.0
2017-03-16,15.112781524658203,0.0
2017-03-17,14.860551834106444,0.0
2017-03-20,14.818513870239258,0.0
2017-03-21,14.69239902496338,0.0
2017-03-22,14.461188316345217,0.0
2017-03-23,14.314053535461426,0.0
2017-03-24,14.503226280212402,0.0
2017-03-27,13.935708999633787,0.0
2017-03-28,13.80959415435791,0.0
2017-03-29,14.461188316345217,0.0
2017-03-30,14.524246215820312,0.0
2017-03-31,14.69239902496338,0.0
2017-04-05,14.860551834106444,0.0
2017-04-06,14.818513870239258,0.0
2017-04-07,15.070743560791016,0.0
2017-04-10,14.90259075164795,0.0
2017-04-11,14.419150352478027,0.0
2017-04-12,14.608322143554688,0.0
2017-04-13,14.314053535461426,0.0
2017-04-14,13.872651100158691,0.0
2017-04-17,13.136980056762695,0.0
2017-04-18,13.24207592010498,0.0
2017-04-19,12.92678928375244,0.0
2017-04-20,12.926779747009276,0.0
2017-04-21,12.926779747009276,0.0
2017-04-24,12.926779747009276,0.0
2017-04-25,12.926779747009276,0.0
2017-04-26,12.926779747009276,0.0
2017-04-27,12.926779747009276,0.0
2017-04-28,12.926779747009276,0.0
2017-05-02,12.926779747009276,0.0
2017-05-03,12.926779747009276,0.0
2017-05-04,13.06326675415039,0.0
2017-05-05,12.57216739654541,0.0
2017-05-08,11.688185691833496,0.0
2017-05-09,10.853316307067873,0.0
2017-05-10,11.14797592163086,0.0
2017-05-11,11.491745948791504,0.0
2017-05-12,11.197086334228516,0.0
2017-05-15,11.246195793151855,0.0
2017-05-16,11.246195793151855,0.0
2017-05-17,11.295306205749512,0.0
2017-05-18,11.246195793151855,0.0
2017-05-19,11.491745948791504,0.0
2017-05-22,11.344415664672852,0.0
2017-05-23,11.393526077270508,0.0
2017-05-24,11.295306205749512,0.0
2017-05-25,12.375726699829102,0.0
2017-05-26,12.57216739654541,0.0
2017-05-31,12.719496726989746,0.0
2017-06-01,12.866827011108398,0.0
2017-06-02,12.62127685546875,0.0
2017-06-05,12.62127685546875,0.0
2017-06-06,12.670387268066406,0.0
2017-06-07,12.523056983947754,0.0
2017-06-08,12.523056983947754,0.0
2017-06-09,12.523056983947754,0.0
2017-06-12,12.375726699829102,0.0
2017-06-13,12.57216739654541,0.0
2017-06-14,12.130175590515137,0.0
2017-06-15,12.22839641571045,0.0
2017-06-16,12.03195571899414,0.0
2017-06-19,11.933735847473145,0.0
2017-06-20,12.277506828308104,0.0
2017-06-21,12.326617240905762,0.0
2017-06-22,12.277506828308104,0.0
2017-06-23,12.179286003112791,0.0
2017-06-26,12.22839641571045,0.0
2017-06-27,12.179286003112791,0.0
2017-06-28,12.03195571899414,0.0
2017-06-29,12.326617240905762,0.0
2017-06-30,12.326617240905762,0.0
2017-07-03,12.915937423706056,0.0
2017-07-04,13.357927322387695,0.0
2017-07-05,13.112377166748049,0.0
2017-07-06,13.161486625671388,0.0
2017-07-07,12.965046882629396,0.0
2017-07-10,13.407036781311035,0.0
2017-07-11,13.2597074508667,0.0
2017-07-12,13.2597074508667,0.0
2017-07-13,13.652586936950684,0.0
2017-07-14,13.505256652832031,0.0
2017-07-17,13.112377166748049,0.0
2017-07-18,13.30881690979004,0.0
2017-07-19,13.161486625671388,0.0
2017-07-20,13.06326675415039,0.0
2017-07-21,13.161486625671388,0.0
2017-07-24,13.210597038269045,0.0
2017-07-25,13.112377166748049,0.0
2017-07-26,12.965046882629396,0.0
2017-07-27,13.01415729522705,0.0
2017-07-28,13.01415729522705,0.0
2017-07-31,13.210597038269045,0.0
2017-08-01,13.112377166748049,0.0
2017-08-02,13.357927322387695,0.0
2017-08-03,13.357927322387695,0.0
2017-08-04,13.456147193908691,0.0
2017-08-07,13.505256652832031,0.0
2017-08-08,13.947246551513672,0.0
2017-08-09,14.0454683303833,0.0
2017-08-10,13.456147193908691,0.0
2017-08-11,13.652586936950684,0.0
2017-08-14,13.947246551513672,0.0
2017-08-15,14.585678100585938,0.0
2017-08-16,15.371438026428224,0.0
2017-08-17,15.518768310546877,0.0
2017-08-18,15.960759162902832,0.0
2017-08-21,16.50096893310547,0.0
2017-08-22,16.353639602661133,0.0
2017-08-23,16.59918975830078,0.0
2017-08-24,16.69740867614746,0.0
2017-08-25,16.59918975830078,0.0
2017-08-28,16.009868621826172,0.0
2017-08-29,16.25541877746582,0.0
2017-08-30,16.69740867614746,0.0
2017-08-31,16.451858520507812,0.0
2017-09-01,16.15719985961914,0.0
2017-09-04,15.911648750305176,0.0
2017-09-05,15.911648750305176,0.0
2017-09-06,15.567877769470217,0.0
2017-09-07,15.616988182067873,0.0
2017-09-08,15.666097640991213,0.0
2017-09-11,15.322327613830566,0.0
2017-09-12,15.027667999267578,0.0
2017-09-13,14.634787559509276,0.0
2017-09-14,14.48745822906494,0.0
2017-09-15,14.438347816467283,0.0
2017-09-18,14.438347816467283,0.0
2017-09-19,14.880337715148926,0.0
2017-09-20,14.53656768798828,0.0
2017-09-21,14.53656768798828,0.0
2017-09-22,14.0454683303833,0.0
2017-09-25,12.817716598510742,0.0
2017-09-26,12.915937423706056,0.0
2017-09-27,13.06326675415039,0.0
2017-09-28,12.915937423706056,0.0
2017-09-29,12.600000381469728,0.0
2017-10-02,12.649999618530272,0.0
2017-10-03,12.649999618530272,0.0
2017-10-05,12.699999809265137,0.0
2017-10-06,12.850000381469728,0.0
2017-10-11,12.550000190734863,0.0
2017-10-12,12.300000190734863,0.0
2017-10-13,12.5,0.0
2017-10-16,12.399999618530272,0.0
2017-10-17,12.300000190734863,0.0
2017-10-18,12.25,0.0
2017-10-19,12.25,0.0
2017-10-20,12.300000190734863,0.0
2017-10-23,12.449999809265137,0.0
2017-10-24,12.550000190734863,0.0
2017-10-25,12.449999809265137,0.0
2017-10-26,12.350000381469728,0.0
2017-10-27,12.350000381469728,0.0
2017-10-30,12.350000381469728,0.0
2017-10-31,12.350000381469728,0.0
2017-11-01,12.25,0.0
2017-11-02,12.25,0.0
2017-11-03,12.199999809265137,0.0
2017-11-06,12.149999618530272,0.0
2017-11-07,12.050000190734863,0.0
2017-11-08,12.100000381469728,0.0
2017-11-09,12.199999809265137,0.0
2017-11-10,12.199999809265137,0.0
2017-11-13,12.149999618530272,0.0
2017-11-14,12.100000381469728,0.0
2017-11-15,12.050000190734863,0.0
2017-11-16,12.050000190734863,0.0
2017-11-17,12.050000190734863,0.0
2017-11-20,12.0,0.0
2017-11-21,12.050000190734863,0.0
2017-11-22,12.149999618530272,0.0
2017-11-23,12.149999618530272,0.0
2017-11-24,12.149999618530272,0.0
2017-11-27,12.149999618530272,0.0
2017-11-28,12.550000190734863,0.0
2017-11-29,12.300000190734863,0.0
2017-11-30,12.0,0.0
2017-12-01,12.0,0.0
2017-12-04,11.949999809265137,0.0
2017-12-05,11.800000190734863,0.0
2017-12-06,11.399999618530272,0.0
2017-12-07,11.300000190734863,0.0
2017-12-08,11.199999809265137,0.0
2017-12-11,11.5,0.0
2017-12-12,11.25,0.0
2017-12-13,11.449999809265137,0.0
2017-12-14,11.399999618530272,0.0
2017-12-15,11.399999618530272,0.0
2017-12-18,11.25,0.0
2017-12-19,11.350000381469728,0.0
2017-12-20,11.25,0.0
2017-12-21,11.300000190734863,0.0
2017-12-22,11.300000190734863,0.0
2017-12-25,11.25,0.0
2017-12-26,11.199999809265137,0.0
2017-12-27,11.199999809265137,0.0
2017-12-28,11.5,0.0
2017-12-29,11.5,0.0
2018-01-02,12.399999618530272,0.0
2018-01-03,12.149999618530272,0.0
2018-01-04,12.149999618530272,0.0
2018-01-05,12.300000190734863,0.0
2018-01-08,12.350000381469728,0.0
2018-01-09,12.199999809265137,0.0
2018-01-10,12.0,0.0
2018-01-11,11.899999618530272,0.0
2018-01-12,12.0,0.0
2018-01-15,12.0,0.0
2018-01-16,11.949999809265137,0.0
2018-01-17,11.899999618530272,0.0
2018-01-18,11.899999618530272,0.0
2018-01-19,11.800000190734863,0.0
2018-01-22,11.75,0.0
2018-01-23,11.600000381469728,0.0
2018-01-24,11.899999618530272,0.0
2018-01-25,11.699999809265137,0.0
2018-01-26,11.699999809265137,0.0
2018-01-29,11.699999809265137,0.0
2018-01-30,11.600000381469728,0.0
2018-01-31,11.600000381469728,0.0
2018-02-01,11.649999618530272,0.0
2018-02-02,11.550000190734863,0.0
2018-02-05,11.399999618530272,0.0
2018-02-06,10.600000381469728,0.0
2018-02-07,10.550000190734863,0.0
2018-02-08,10.199999809265137,0.0
2018-02-09,9.800000190734863,0.0
2018-02-12,9.81999969482422,0.0
2018-02-21,10.149999618530272,0.0
2018-02-22,10.149999618530272,0.0
2018-02-23,10.149999618530272,0.0
2018-02-26,10.149999618530272,0.0
2018-02-27,10.399999618530272,0.0
2018-03-01,11.300000190734863,0.0
2018-03-02,11.050000190734863,0.0
2018-03-05,10.899999618530272,0.0
2018-03-06,10.699999809265137,0.0
2018-03-07,10.600000381469728,0.0
2018-03-08,10.649999618530272,0.0
2018-03-09,10.899999618530272,0.0
2018-03-12,11.199999809265137,0.0
2018-03-13,11.050000190734863,0.0
2018-03-14,10.949999809265137,0.0
2018-03-15,10.850000381469728,0.0
2018-03-16,10.800000190734863,0.0
2018-03-19,10.949999809265137,0.0
2018-03-20,10.899999618530272,0.0
2018-03-21,10.800000190734863,0.0
2018-03-22,10.699999809265137,0.0
2018-03-23,10.399999618530272,0.0
2018-03-26,10.350000381469728,0.0
2018-03-27,10.449999809265137,0.0
2018-03-28,10.399999618530272,0.0
2018-03-29,10.399999618530272,0.0
2018-03-30,10.449999809265137,0.0
2018-04-02,10.399999618530272,0.0
2018-04-03,10.399999618530272,0.0
2018-04-09,10.350000381469728,0.0
2018-04-10,10.350000381469728,0.0
2018-04-11,10.350000381469728,0.0
2018-04-12,10.350000381469728,0.0
2018-04-13,10.600000381469728,0.0
2018-04-16,10.550000190734863,0.0
2018-04-17,10.350000381469728,0.0
2018-04-18,10.350000381469728,0.0
2018-04-19,10.449999809265137,0.0
2018-04-20,10.350000381469728,0.0
2018-04-23,10.199999809265137,0.0
2018-04-24,10.100000381469728,0.0
2018-04-25,10.050000190734863,0.0
2018-04-26,10.050000190734863,0.0
2018-04-27,10.050000190734863,0.0
2018-04-30,10.300000190734863,0.0
2018-05-02,10.300000190734863,0.0
2018-05-03,10.399999618530272,0.0
2018-05-04,10.350000381469728,0.0
2018-05-07,10.399999618530272,0.0
2018-05-08,10.399999618530272,0.0
2018-05-09,10.350000381469728,0.0
2018-05-10,10.350000381469728,0.0
2018-05-11,10.300000190734863,0.0
2018-05-14,9.609999656677246,0.0
2018-05-15,9.619999885559082,0.0
2018-05-16,9.5,0.0
2018-05-17,9.289999961853027,0.0
2018-05-18,9.170000076293944,0.0
2018-05-21,9.1899995803833,0.0
2018-05-22,9.420000076293944,0.0
2018-05-23,9.40999984741211,0.0
2018-05-24,9.369999885559082,0.0
2018-05-25,9.380000114440918,0.0
2018-05-28,9.75,0.0
2018-05-29,9.479999542236328,0.0
2018-05-30,9.420000076293944,0.0
2018-05-31,9.489999771118164,0.0
2018-06-01,9.489999771118164,0.0
2018-06-04,9.420000076293944,0.0
2018-06-05,9.420000076293944,0.0
2018-06-06,9.449999809265137,0.0
2018-06-07,9.65999984741211,0.0
2018-06-08,9.600000381469728,0.0
2018-06-11,9.609999656677246,0.0
2018-06-12,9.880000114440918,0.0
2018-06-13,9.789999961853027,0.0
2018-06-14,9.890000343322754,0.0
2018-06-15,9.760000228881836,0.0
2018-06-19,9.779999732971191,0.0
2018-06-20,9.6899995803833,0.0
2018-06-21,9.550000190734863,0.0
2018-06-22,9.470000267028809,0.0
2018-06-25,9.329999923706056,0.0
2018-06-26,9.220000267028809,0.0
2018-06-27,8.979999542236328,0.0
2018-06-28,8.800000190734863,0.0
2018-06-29,9.0,0.0
2018-07-02,9.100000381469728,0.0
2018-07-03,8.899999618530273,0.0
2018-07-04,8.899999618530273,0.0
2018-07-05,8.789999961853027,0.0
2018-07-06,8.729999542236328,0.0
2018-07-09,8.779999732971191,0.0
2018-07-10,8.930000305175781,0.0
2018-07-11,8.970000267028809,0.0
2018-07-12,8.9399995803833,0.0
2018-07-13,8.970000267028809,0.0
2018-07-16,8.970000267028809,0.0
2018-07-17,9.010000228881836,0.0
2018-07-18,9.050000190734863,0.0
2018-07-19,9.09000015258789,0.0
2018-07-20,9.140000343322754,0.0
2018-07-23,9.109999656677246,0.0
2018-07-24,9.380000114440918,0.0
2018-07-25,9.229999542236328,0.0
2018-07-26,9.279999732971191,0.0
2018-07-27,9.1899995803833,0.0
2018-07-30,9.140000343322754,0.0
2018-07-31,9.18000030517578,0.0
2018-08-01,9.279999732971191,0.0
2018-08-02,9.130000114440918,0.0
2018-08-03,9.199999809265137,0.0
2018-08-06,9.270000457763672,0.0
2018-08-07,9.300000190734863,0.0
2018-08-08,9.3100004196167,0.0
2018-08-09,9.270000457763672,0.0
2018-08-10,9.079999923706056,0.0
2018-08-13,8.619999885559082,0.0
2018-08-14,8.630000114440918,0.0
2018-08-15,8.5,0.0
2018-08-16,8.40999984741211,0.0
2018-08-17,8.359999656677246,0.0
2018-08-20,8.569999694824219,0.0
2018-08-21,8.6899995803833,0.0
2018-08-22,8.789999961853027,0.0
2018-08-23,8.960000038146973,0.0
2018-08-24,8.850000381469727,0.0
2018-08-27,8.819999694824219,0.0
2018-08-28,8.880000114440918,0.0
2018-08-29,8.90999984741211,0.0
2018-08-30,8.850000381469727,0.0
2018-08-31,8.84000015258789,0.0
2018-09-03,8.760000228881836,0.0
2018-09-04,8.680000305175781,0.0
2018-09-05,8.640000343322754,0.0
2018-09-06,8.5600004196167,0.0
2018-09-07,8.600000381469727,0.0
2018-09-10,8.449999809265137,0.0
2018-09-11,8.680000305175781,0.0
2018-09-12,8.550000190734863,0.0
2018-09-13,8.59000015258789,0.0
2018-09-14,8.819999694824219,0.0
2018-09-17,8.75,0.0
2018-09-18,8.770000457763672,0.0
2018-09-19,8.770000457763672,0.0
2018-09-20,8.6899995803833,0.0
2018-09-21,8.720000267028809,0.0
2018-09-25,8.649999618530273,0.0
2018-09-26,8.649999618530273,0.0
2018-09-27,8.819999694824219,0.0
2018-09-28,8.729999542236328,0.0
2018-10-01,8.710000038146973,0.0
2018-10-02,8.619999885559082,0.0
2018-10-03,8.59000015258789,0.0
2018-10-04,8.510000228881836,0.0
2018-10-05,8.449999809265137,0.0
2018-10-08,8.40999984741211,0.0
2018-10-09,8.380000114440918,0.0
2018-10-11,7.579999923706055,0.0
2018-10-12,7.429999828338623,0.0
2018-10-15,7.559999942779541,0.0
2018-10-16,7.46999979019165,0.0
2018-10-17,7.610000133514404,0.0
2018-10-18,8.369999885559082,0.0
2018-10-19,8.720000267028809,0.0
2018-10-22,8.899999618530273,0.0
2018-10-23,8.65999984741211,0.0
2018-10-24,8.680000305175781,0.0
2018-10-25,8.380000114440918,0.0
2018-10-26,8.350000381469727,0.0
2018-10-29,8.09000015258789,0.0
2018-10-30,8.300000190734863,0.0
2018-10-31,8.539999961853027,0.0
2018-11-01,8.550000190734863,0.0
2018-11-02,8.449999809265137,0.0
2018-11-05,8.460000038146973,0.0
2018-11-06,8.380000114440918,0.0
2018-11-07,8.359999656677246,0.0
2018-11-08,8.470000267028809,0.0
2018-11-09,8.3100004196167,0.0
2018-11-12,8.300000190734863,0.0
2018-11-13,8.270000457763672,0.0
2018-11-14,8.300000190734863,0.0
2018-11-15,8.270000457763672,0.0
2018-11-16,8.399999618530273,0.0
2018-11-19,8.449999809265137,0.0
2018-11-20,8.390000343322754,0.0
2018-11-21,8.5600004196167,0.0
2018-11-22,8.479999542236328,0.0
2018-11-23,8.4399995803833,0.0
2018-11-26,8.630000114440918,0.0
2018-11-27,9.0,0.0
2018-11-28,9.1899995803833,0.0
2018-11-29,8.9399995803833,0.0
2018-11-30,9.039999961853027,0.0
2018-12-03,9.0,0.0
2018-12-04,9.0600004196167,0.0
2018-12-05,9.0,0.0
2018-12-06,8.819999694824219,0.0
2018-12-07,8.890000343322754,0.0
2018-12-10,8.680000305175781,0.0
2018-12-11,8.930000305175781,0.0
2018-12-12,8.930000305175781,0.0
2018-12-13,9.0,0.0
2018-12-14,8.989999771118164,0.0
2018-12-17,9.40999984741211,0.0
2018-12-18,9.210000038146973,0.0
2018-12-19,9.300000190734863,0.0
2018-12-20,9.119999885559082,0.0
2018-12-21,9.109999656677246,0.0
2018-12-24,8.979999542236328,0.0
2018-12-25,8.720000267028809,0.0
2018-12-26,8.65999984741211,0.0
2018-12-27,8.75,0.0
2018-12-28,8.800000190734863,0.0
2019-01-02,8.8100004196167,0.0
2019-01-03,8.800000190734863,0.0
2019-01-04,8.600000381469727,0.0
2019-01-07,8.699999809265137,0.0
2019-01-08,8.800000190734863,0.0
2019-01-09,8.869999885559082,0.0
2019-01-10,8.859999656677246,0.0
2019-01-11,8.869999885559082,0.0
2019-01-14,8.680000305175781,0.0
2019-01-15,8.75,0.0
2019-01-16,8.75,0.0
2019-01-17,8.75,0.0
2019-01-18,8.8100004196167,0.0
2019-01-21,8.880000114440918,0.0
2019-01-22,8.890000343322754,0.0
2019-01-23,8.890000343322754,0.0
2019-01-24,8.949999809265137,0.0
2019-01-25,8.960000038146973,0.0
2019-01-28,8.989999771118164,0.0
2019-01-29,8.979999542236328,0.0
2019-01-30,8.9399995803833,0.0
2019-02-11,8.8100004196167,0.0
2019-02-12,8.859999656677246,0.0
2019-02-13,8.829999923706055,0.0
2019-02-14,8.819999694824219,0.0
2019-02-15,8.819999694824219,0.0
2019-02-18,8.859999656677246,0.0
2019-02-19,8.859999656677246,0.0
2019-02-20,8.850000381469727,0.0
2019-02-21,8.949999809265137,0.0
2019-02-22,8.949999809265137,0.0
2019-02-25,9.119999885559082,0.0
2019-02-26,9.1899995803833,0.0
2019-02-27,9.229999542236328,0.0
2019-03-04,9.239999771118164,0.0
2019-03-05,9.149999618530272,0.0
2019-03-06,9.100000381469728,0.0
2019-03-07,8.989999771118164,0.0
2019-03-08,8.960000038146973,0.0
2019-03-11,8.970000267028809,0.0
2019-03-12,8.979999542236328,0.0
2019-03-13,8.920000076293945,0.0
2019-03-14,8.869999885559082,0.0
2019-03-15,8.800000190734863,0.0
2019-03-18,8.819999694824219,0.0
2019-03-19,8.819999694824219,0.0
2019-03-20,8.829999923706055,0.0
2019-03-21,8.829999923706055,0.0
2019-03-22,8.84000015258789,0.0
2019-03-25,8.65999984741211,0.0
2019-03-26,8.630000114440918,0.0
2019-03-27,8.579999923706055,0.0
2019-03-28,8.609999656677246,0.0
2019-03-29,8.649999618530273,0.0
2019-04-01,8.600000381469727,0.0
2019-04-02,8.609999656677246,0.0
2019-04-03,8.640000343322754,0.0
2019-04-08,8.699999809265137,0.0
2019-04-09,8.680000305175781,0.0
2019-04-10,8.680000305175781,0.0
2019-04-11,8.75,0.0
2019-04-12,8.729999542236328,0.0
2019-04-15,8.829999923706055,0.0
2019-04-16,8.819999694824219,0.0
2019-04-17,8.899999618530273,0.0
2019-04-18,8.8100004196167,0.0
2019-04-19,8.890000343322754,0.0
2019-04-22,8.930000305175781,0.0
2019-04-23,8.899999618530273,0.0
2019-04-24,8.8100004196167,0.0
2019-04-25,8.84000015258789,0.0
2019-04-26,8.789999961853027,0.0
2019-04-29,8.729999542236328,0.0
2019-04-30,8.770000457763672,0.0
2019-05-02,8.869999885559082,0.0
2019-05-03,8.899999618530273,0.0
2019-05-06,8.739999771118164,0.0
2019-05-07,8.699999809265137,0.0
2019-05-08,8.640000343322754,0.0
2019-05-09,8.520000457763672,0.0
2019-05-10,8.479999542236328,0.0
2019-05-13,8.399999618530273,0.0
2019-05-14,8.300000190734863,0.0
2019-05-15,8.300000190734863,0.0
2019-05-16,8.119999885559082,0.0
2019-05-17,7.960000038146973,0.0
2019-05-20,7.96999979019165,0.0
2019-05-21,8.199999809265137,0.0
2019-05-22,8.199999809265137,0.0
2019-05-23,8.0600004196167,0.0
2019-05-24,8.039999961853027,0.0
2019-05-27,8.010000228881836,0.0
2019-05-28,8.0600004196167,0.0
2019-05-29,8.010000228881836,0.0
2019-05-30,8.010000228881836,0.0
2019-05-31,8.130000114440918,0.0
2019-06-03,8.029999732971191,0.0
2019-06-04,8.0,0.0
2019-06-05,8.0,0.0
2019-06-06,7.96999979019165,0.0
2019-06-10,7.96999979019165,0.0
2019-06-11,8.0,0.0
2019-06-12,7.989999771118164,0.0
2019-06-13,7.980000019073486,0.0
2019-06-14,8.09000015258789,0.0
2019-06-17,8.079999923706055,0.0
2019-06-18,8.109999656677246,0.0
2019-06-19,8.170000076293945,0.0
2019-06-20,8.25,0.0
2019-06-21,8.149999618530273,0.0
2019-06-24,8.210000038146973,0.0
2019-06-25,8.149999618530273,0.0
2019-06-26,8.149999618530273,0.0
2019-06-27,8.140000343322754,0.0
2019-06-28,8.15999984741211,0.0
2019-07-01,8.15999984741211,0.0
2019-07-02,8.199999809265137,0.0
2019-07-03,8.170000076293945,0.0
2019-07-04,8.539999961853027,0.0
2019-07-05,8.510000228881836,0.0
2019-07-08,8.449999809265137,0.0
2019-07-09,8.399999618530273,0.0
2019-07-10,8.449999809265137,0.0
2019-07-11,8.720000267028809,0.0
2019-07-12,8.699999809265137,0.0
2019-07-15,8.680000305175781,0.0
2019-07-16,8.890000343322754,0.0
2019-07-17,9.0,0.0
2019-07-18,9.010000228881836,0.0
2019-07-19,9.09000015258789,0.0
2019-07-22,9.15999984741211,0.0
2019-07-23,8.979999542236328,0.0
2019-07-24,8.899999618530273,0.0
2019-07-25,8.979999542236328,0.0
2019-07-26,8.9399995803833,0.0
2019-07-29,8.880000114440918,0.0
2019-07-30,8.859999656677246,0.0
2019-07-31,8.729999542236328,0.0
2019-08-01,8.6899995803833,0.0
2019-08-02,8.479999542236328,0.0
2019-08-05,8.350000381469727,0.0
2019-08-06,8.369999885559082,0.0
2019-08-07,8.369999885559082,0.0
2019-08-08,8.449999809265137,0.0
2019-08-12,8.430000305175781,0.0
2019-08-13,8.170000076293945,0.0
2019-08-14,8.050000190734863,0.0
2019-08-15,7.900000095367432,0.0
2019-08-16,8.100000381469727,0.0
2019-08-19,8.039999961853027,0.0
2019-08-20,7.96999979019165,0.0
2019-08-21,8.0,0.0
2019-08-22,7.989999771118164,0.0
2019-08-23,7.980000019073486,0.0
2019-08-26,7.880000114440918,0.0
2019-08-27,7.860000133514404,0.0
2019-08-28,7.889999866485596,0.0
2019-08-29,7.920000076293945,0.0
2019-08-30,7.960000038146973,0.0
2019-09-02,8.029999732971191,0.0
2019-09-03,8.039999961853027,0.0
2019-09-04,8.050000190734863,0.0
2019-09-05,8.039999961853027,0.0
2019-09-06,8.029999732971191,0.0
2019-09-10,8.010000228881836,0.0
2019-09-11,7.960000038146973,0.0
2019-09-12,8.020000457763672,0.0
2019-09-16,7.96999979019165,0.0
2019-09-17,7.880000114440918,0.0
2019-09-18,8.0,0.0
2019-09-19,7.929999828338623,0.0
2019-09-20,7.900000095367432,0.0
2019-09-23,7.940000057220459,0.0
2019-09-24,7.900000095367432,0.0
2019-09-25,7.869999885559082,0.0
2019-09-26,7.880000114440918,0.0
2019-09-27,7.800000190734863,0.0
2019-10-01,7.820000171661377,0.0
2019-10-02,7.769999980926514,0.0
2019-10-03,7.650000095367432,0.0
2019-10-04,7.679999828338623,0.0
2019-10-07,7.650000095367432,0.0
2019-10-08,7.550000190734863,0.0
2019-10-09,7.480000019073486,0.0
2019-10-14,7.599999904632568,0.0
2019-10-15,7.53000020980835,0.0
2019-10-16,7.610000133514404,0.0
2019-10-17,7.630000114440918,0.0
2019-10-18,7.639999866485596,0.0
2019-10-21,7.679999828338623,0.0
2019-10-22,7.75,0.0
2019-10-23,7.71999979019165,0.0
2019-10-24,7.730000019073486,0.0
2019-10-25,7.690000057220459,0.0
2019-10-28,7.690000057220459,0.0
2019-10-29,7.639999866485596,0.0
2019-10-30,7.599999904632568,0.0
2019-10-31,7.579999923706055,0.0
2019-11-01,7.590000152587891,0.0
2019-11-04,7.590000152587891,0.0
2019-11-05,7.579999923706055,0.0
2019-11-06,7.570000171661377,0.0
2019-11-07,7.570000171661377,0.0
2019-11-08,7.539999961853027,0.0
2019-11-11,7.510000228881836,0.0
2019-11-12,7.480000019073486,0.0
2019-11-13,7.449999809265137,0.0
2019-11-14,7.329999923706055,0.0
2019-11-15,7.21999979019165,0.0
2019-11-18,7.070000171661377,0.0
2019-11-19,7.019999980926514,0.0
2019-11-20,7.03000020980835,0.0
2019-11-21,7.019999980926514,0.0
2019-11-22,7.050000190734863,0.0
2019-11-25,7.059999942779541,0.0
2019-11-26,7.050000190734863,0.0
2019-11-27,7.099999904632568,0.0
2019-11-28,7.090000152587891,0.0
2019-11-29,7.289999961853027,0.0
2019-12-02,7.519999980926514,0.0
2019-12-03,7.5,0.0
2019-12-04,7.489999771118164,0.0
2019-12-05,7.409999847412109,0.0
2019-12-06,7.289999961853027,0.0
2019-12-09,7.269999980926514,0.0
2019-12-10,7.300000190734863,0.0
2019-12-11,7.28000020980835,0.0
2019-12-12,7.269999980926514,0.0
2019-12-13,7.260000228881836,0.0
2019-12-16,7.260000228881836,0.0
2019-12-17,7.309999942779541,0.0
2019-12-18,7.369999885559082,0.0
2019-12-19,7.309999942779541,0.0
2019-12-20,7.230000019073486,0.0
2019-12-23,7.239999771118164,0.0
2019-12-24,7.230000019073486,0.0
2019-12-25,7.239999771118164,0.0
2019-12-26,7.230000019073486,0.0
2019-12-27,7.199999809265137,0.0
2019-12-30,7.199999809265137,0.0
2019-12-31,7.210000038146973,0.0
2020-01-02,7.28000020980835,0.0
2020-01-03,7.320000171661377,0.0
2020-01-06,7.260000228881836,0.0
2020-01-07,7.28000020980835,0.0
2020-01-08,7.199999809265137,0.0
2020-01-09,7.21999979019165,0.0
2020-01-10,7.230000019073486,0.0
2020-01-13,7.21999979019165,0.0
2020-01-14,7.21999979019165,0.0
2020-01-15,7.25,0.0
2020-01-16,7.269999980926514,0.0
2020-01-17,7.25,0.0
2020-01-20,7.179999828338623,0.0
2020-01-30,6.670000076293945,0.0
2020-01-31,6.769999980926514,0.0
2020-02-03,6.460000038146973,0.0
2020-02-04,6.489999771118164,0.0
2020-02-05,6.519999980926514,0.0
2020-02-06,6.679999828338623,0.0
2020-02-07,6.579999923706055,0.0
2020-02-10,6.480000019073486,0.0
2020-02-11,6.46999979019165,0.0
2020-02-12,6.53000020980835,0.0
2020-02-13,6.599999904632568,0.0
2020-02-14,6.579999923706055,0.0
2020-02-17,6.599999904632568,0.0
2020-02-18,6.989999771118164,0.0
2020-02-19,7.210000038146973,0.0
2020-02-20,7.139999866485596,0.0
2020-02-21,7.090000152587891,0.0
2020-02-24,6.940000057220459,0.0
2020-02-25,6.909999847412109,0.0
2020-02-26,6.849999904632568,0.0
2020-02-27,6.929999828338623,0.0
2020-03-02,6.769999980926514,0.0
2020-03-03,6.78000020980835,0.0
2020-03-04,6.860000133514404,0.0
2020-03-05,6.900000095367432,0.0
2020-03-06,6.809999942779541,0.0
2020-03-09,6.579999923706055,0.0
2020-03-10,6.630000114440918,0.0
2020-03-11,6.550000190734863,0.0
2020-03-12,6.190000057220459,0.0
2020-03-13,5.679999828338623,0.0
2020-03-16,5.199999809265137,0.0
2020-03-17,4.949999809265137,0.0
2020-03-18,4.960000038146973,0.0
2020-03-19,4.730000019073486,0.0
2020-03-20,5.019999980926514,0.0
2020-03-23,4.889999866485596,0.0
2020-03-24,4.96999979019165,0.0
2020-03-25,5.150000095367432,0.0
2020-03-26,5.25,0.0
2020-03-27,5.179999828338623,0.0
2020-03-30,5.090000152587891,0.0
2020-03-31,5.079999923706055,0.0
2020-04-01,5.059999942779541,0.0
2020-04-06,5.039999961853027,0.0
2020-04-07,5.130000114440918,0.0
2020-04-08,5.239999771118164,0.0
2020-04-09,5.449999809265137,0.0
2020-04-10,5.5,0.0
2020-04-13,5.360000133514404,0.0
2020-04-14,5.420000076293945,0.0
2020-04-15,5.46999979019165,0.0
2020-04-16,5.409999847412109,0.0
2020-04-17,5.409999847412109,0.0
2020-04-20,5.449999809265137,0.0
2020-04-21,5.400000095367432,0.0
2020-04-22,5.400000095367432,0.0
2020-04-23,5.389999866485596,0.0
2020-04-24,5.429999828338623,0.0
2020-04-27,5.690000057220459,0.0
2020-04-28,6.25,0.0
2020-04-29,6.789999961853027,0.0
2020-04-30,6.769999980926514,0.0
2020-05-04,6.570000171661377,0.0
2020-05-05,6.429999828338623,0.0
2020-05-06,6.360000133514404,0.0
2020-05-07,6.380000114440918,0.0
2020-05-08,6.369999885559082,0.0
2020-05-11,6.449999809265137,0.0
2020-05-12,6.309999942779541,0.0
2020-05-13,6.590000152587891,0.0
2020-05-14,6.389999866485596,0.0
2020-05-15,6.320000171661377,0.0
2020-05-18,6.360000133514404,0.0
2020-05-19,6.449999809265137,0.0
2020-05-20,6.400000095367432,0.0
2020-05-21,6.829999923706055,0.0
2020-05-22,6.679999828338623,0.0
2020-05-25,6.53000020980835,0.0
2020-05-26,6.610000133514404,0.0
2020-05-27,6.590000152587891,0.0
2020-05-28,6.53000020980835,0.0
2020-05-29,6.5,0.0
2020-06-01,6.590000152587891,0.0
2020-06-02,6.579999923706055,0.0
2020-06-03,6.610000133514404,0.0
2020-06-04,6.650000095367432,0.0
2020-06-05,6.849999904632568,0.0
2020-06-08,6.849999904632568,0.0
2020-06-09,6.889999866485596,0.0
2020-06-10,6.840000152587891,0.0
2020-06-11,6.539999961853027,0.0
2020-06-12,6.420000076293945,0.0
2020-06-15,6.420000076293945,0.0
2020-06-16,6.590000152587891,0.0
2020-06-17,6.550000190734863,0.0
2020-06-18,6.489999771118164,0.0
2020-06-19,6.590000152587891,0.0
2020-06-22,6.590000152587891,0.0
2020-06-23,6.590000152587891,0.0
2020-06-24,6.539999961853027,0.0
2020-06-29,6.46999979019165,0.0
2020-06-30,6.5,0.0
2020-07-01,6.449999809265137,0.0
2020-07-02,6.449999809265137,0.0
2020-07-03,6.510000228881836,0.0
2020-07-06,6.559999942779541,0.0
2020-07-07,6.53000020980835,0.0
2020-07-08,6.650000095367432,0.0
2020-07-09,6.570000171661377,0.0
2020-07-10,6.400000095367432,0.0
2020-07-13,6.400000095367432,0.0
2020-07-14,6.340000152587891,0.0
2020-07-15,6.349999904632568,0.0
2020-07-16,6.420000076293945,0.0
2020-07-17,6.309999942779541,0.0
2020-07-20,6.28000020980835,0.0
2020-07-21,6.340000152587891,0.0
2020-07-22,6.389999866485596,0.0
2020-07-23,6.369999885559082,0.0
2020-07-24,6.25,0.0
2020-07-27,6.099999904632568,0.0
2020-07-28,6.059999942779541,0.0
2020-07-29,6.239999771118164,0.0
2020-07-30,6.239999771118164,0.0
2020-07-31,6.309999942779541,0.0
2020-08-03,6.289999961853027,0.0
2020-08-04,6.25,0.0
2020-08-05,6.25,0.0
2020-08-06,6.380000114440918,0.0
2020-08-07,6.460000038146973,0.0
2020-08-10,7.099999904632568,0.0
2020-08-11,7.809999942779541,0.0
2020-08-12,7.690000057220459,0.0
2020-08-13,7.889999866485596,0.0
2020-08-14,8.59000015258789,0.0
2020-08-17,8.619999885559082,0.0
2020-08-18,8.430000305175781,0.0
2020-08-19,8.239999771118164,0.0
2020-08-20,7.670000076293945,0.0
2020-08-21,7.840000152587891,0.0
2020-08-24,7.949999809265137,0.0
2020-08-25,8.739999771118164,0.0
2020-08-26,9.609999656677246,0.0
2020-08-27,9.359999656677246,0.0
2020-08-28,9.210000038146973,0.0
2020-08-31,10.100000381469728,0.0
2020-09-01,10.600000381469728,0.0
2020-09-02,11.0,0.0
2020-09-03,11.050000190734863,0.0
2020-09-04,11.5,0.0
2020-09-07,11.949999809265137,0.0
2020-09-08,11.25,0.0
2020-09-09,11.300000190734863,0.0
2020-09-10,10.949999809265137,0.0
2020-09-11,10.199999809265137,0.0
2020-09-14,10.100000381469728,0.0
2020-09-15,10.199999809265137,0.0
2020-09-16,9.8100004196167,0.0
2020-09-17,9.90999984741211,0.0
2020-09-18,9.880000114440918,0.0
2020-09-21,9.880000114440918,0.0
2020-09-22,9.970000267028809,0.0
2020-09-23,9.4399995803833,0.0
2020-09-24,9.010000228881836,0.0
2020-09-25,9.75,0.0
2020-09-28,9.449999809265137,0.0
2020-09-29,9.609999656677246,0.0
2020-09-30,9.699999809265137,0.0
2020-10-05,10.149999618530272,0.0
2020-10-06,10.149999618530272,0.0
2020-10-07,10.199999809265137,0.0
2020-10-08,10.050000190734863,0.0
2020-10-12,10.0,0.0
2020-10-13,10.25,0.0
2020-10-14,10.199999809265137,0.0
2020-10-15,10.399999618530272,0.0
2020-10-16,10.399999618530272,0.0
2020-10-19,10.449999809265137,0.0
2020-10-20,10.600000381469728,0.0
2020-10-21,10.550000190734863,0.0
2020-10-22,10.449999809265137,0.0
2020-10-23,11.0,0.0
2020-10-26,12.100000381469728,0.0
2020-10-27,12.0,0.0
2020-10-28,11.449999809265137,0.0
2020-10-29,11.600000381469728,0.0
2020-10-30,11.5,0.0
2020-11-02,11.600000381469728,0.0
2020-11-03,11.75,0.0
2020-11-04,12.5,0.0
2020-11-05,12.25,0.0
2020-11-06,12.899999618530272,0.0
2020-11-09,14.100000381469728,0.0
2020-11-10,13.600000381469728,0.0
2020-11-11,13.550000190734863,0.0
2020-11-12,12.350000381469728,0.0
2020-11-13,12.5,0.0
2020-11-16,12.5,0.0
2020-11-17,12.5,0.0
2020-11-18,13.0,0.0
2020-11-19,12.75,0.0
2020-11-20,12.800000190734863,0.0
2020-11-23,13.0,0.0
2020-11-24,13.050000190734863,0.0
2020-11-25,13.600000381469728,0.0
2020-11-26,13.550000190734863,0.0
2020-11-27,13.600000381469728,0.0
2020-11-30,13.25,0.0
2020-12-01,13.050000190734863,0.0
2020-12-02,12.899999618530272,0.0
2020-12-03,12.75,0.0
2020-12-04,12.850000381469728,0.0
2020-12-07,12.850000381469728,0.0
2020-12-08,14.050000190734863,0.0
2020-12-09,14.399999618530272,0.0
2020-12-10,14.350000381469728,0.0
2020-12-11,13.699999809265137,0.0
2020-12-14,15.050000190734863,0.0
2020-12-15,15.550000190734863,0.0
2020-12-16,15.850000381469728,0.0
2020-12-17,15.699999809265137,0.0
2020-12-18,17.25,0.0
2020-12-21,18.950000762939453,0.0
2020-12-22,18.549999237060547,0.0
2020-12-23,20.39999961853028,0.0
2020-12-24,21.0,0.0
2020-12-25,23.100000381469727,0.0
2020-12-28,25.39999961853028,0.0
2020-12-29,27.89999961853028,0.0
2020-12-30,27.5,0.0
2020-12-31,29.25,0.0
2021-01-04,32.150001525878906,0.0
2021-01-05,32.0,0.0
2021-01-06,28.799999237060547,0.0
2021-01-07,25.950000762939453,0.0
2021-01-08,27.299999237060547,0.0
2021-01-11,28.549999237060547,0.0
2021-01-12,25.700000762939453,0.0
2021-01-13,24.0,0.0
2021-01-14,25.89999961853028,0.0
2021-01-15,23.350000381469727,0.0
2021-01-18,23.799999237060547,0.0
2021-01-19,21.850000381469727,0.0
2021-01-20,20.200000762939453,0.0
2021-01-21,20.850000381469727,0.0
2021-01-22,22.600000381469727,0.0
2021-01-25,23.0,0.0
2021-01-26,21.600000381469727,0.0
2021-01-27,20.799999237060547,0.0
2021-01-28,20.700000762939453,0.0
2021-01-29,19.75,0.0
2021-02-01,19.049999237060547,0.0
2021-02-02,20.950000762939453,0.0
2021-02-03,21.600000381469727,0.0
2021-02-04,21.950000762939453,0.0
2021-02-05,21.5,0.0
2021-02-17,23.64999961853028,0.0
2021-02-18,25.549999237060547,0.0
2021-02-19,25.600000381469727,0.0
2021-02-22,28.14999961853028,0.0
2021-02-23,28.25,0.0
2021-02-24,27.89999961853028,0.0
2021-02-25,28.5,0.0
2021-02-26,29.0,0.0
2021-03-02,27.100000381469727,0.0
2021-03-03,27.600000381469727,0.0
2021-03-04,26.600000381469727,0.0
2021-03-05,26.049999237060547,0.0
2021-03-08,26.799999237060547,0.0
2021-03-09,27.600000381469727,0.0
2021-03-10,28.0,0.0
2021-03-11,28.100000381469727,0.0
2021-03-12,29.14999961853028,0.0
2021-03-15,31.299999237060547,0.0
2021-03-16,30.049999237060547,0.0
2021-03-17,31.299999237060547,0.0
2021-03-18,31.89999961853028,0.0
2021-03-19,32.599998474121094,0.0
2021-03-22,35.849998474121094,0.0
2021-03-23,33.5,0.0
2021-03-24,33.79999923706055,0.0
2021-03-25,32.5,0.0
2021-03-26,34.0,0.0
2021-03-29,35.25,0.0
2021-03-30,35.400001525878906,0.0
2021-03-31,37.70000076293945,0.0
2021-04-01,40.150001525878906,0.0
2021-04-07,46.34999847412109,0.0
2021-04-08,46.20000076293945,0.0
2021-04-09,42.75,0.0
2021-04-12,46.09999847412109,0.0
2021-04-13,44.79999923706055,0.0
2021-04-14,45.5,0.0
2021-04-15,46.70000076293945,0.0
2021-04-16,50.59999847412109,0.0
2021-04-19,55.0,0.0
2021-04-20,57.0,0.0
2021-04-21,62.70000076293945,0.0
2021-04-22,59.59999847412109,0.0
2021-04-23,60.400001525878906,0.0
2021-04-26,66.4000015258789,0.0
2021-04-27,72.0,0.0
2021-04-28,75.0,0.0
2021-04-29,79.80000305175781,0.0
2021-05-03,87.69999694824219,0.0
2021-05-04,80.0,0.0
2021-05-05,87.0,0.0
2021-05-06,84.30000305175781,0.0
2021-05-07,91.5,0.0
2021-05-10,100.5,0.0
2021-05-11,97.5999984741211,0.0
2021-05-12,87.9000015258789,0.0
2021-05-13,79.19999694824219,0.0
2021-05-14,74.0,0.0
2021-05-17,66.5999984741211,0.0
2021-05-18,73.19999694824219,0.0
2021-05-19,80.5,0.0
2021-05-20,83.5,0.0
2021-05-21,91.8000030517578,0.0
2021-05-24,93.0999984741211,0.0
2021-05-25,91.0,0.0
2021-05-26,98.8000030517578,0.0
2021-05-27,103.0,0.0
2021-05-28,108.0,0.0
2021-05-31,102.5,0.0
2021-06-01,112.5,0.0
2021-06-02,111.0,0.0
2021-06-03,112.5,0.0
2021-06-04,115.5,0.0
2021-06-07,107.0,0.0
2021-06-08,114.5,0.0
2021-06-09,113.0,0.0
2021-06-10,110.5,0.0
2021-06-11,116.0,0.0
2021-06-15,127.5,0.0
2021-06-16,130.0,0.0
2021-06-17,140.5,0.0
2021-06-18,149.5,0.0
2021-06-21,158.5,0.0
2021-06-22,154.5,0.0
2021-06-23,139.5,0.0
2021-06-24,149.0,0.0
2021-06-25,151.0,0.0
2021-06-28,166.0,0.0
2021-06-29,166.0,0.0
2021-06-30,182.5,0.0
2021-07-01,196.0,0.0
2021-07-02,191.0,0.0
2021-07-05,197.0,0.0
2021-07-06,216.5,0.0
2021-07-07,210.0,0.0
2021-07-08,216.5,0.0
2021-07-09,195.5,0.0
2021-07-12,195.5,0.0
2021-07-13,176.0,0.0
2021-07-14,163.0,0.0
2021-07-15,179.0,0.0
2021-07-16,188.0,0.0
2021-07-19,188.0,0.0
2021-07-20,170.5,0.0
2021-07-21,153.5,0.0
2021-07-22,140.5,0.0
2021-07-23,145.5,0.0
2021-07-26,136.0,0.0
2021-07-27,122.5,0.0
2021-07-28,118.0,0.0
2021-07-29,129.5,0.0
2021-07-30,117.0,0.0
2021-08-02,120.0,0.0
2021-08-03,126.0,0.0
2021-08-04,129.0,0.0
2021-08-05,125.5,0.0
2021-08-06,131.0,0.0
2021-08-09,132.5,0.0
2021-08-10,130.0,0.0
2021-08-11,125.0,0.0
2021-08-12,133.5,0.0
2021-08-13,133.0,0.0
2021-08-16,126.0,0.0
2021-08-17,126.0,0.0
2021-08-18,136.5,0.0
2021-08-19,126.5,0.0
2021-08-20,130.5,0.0
2021-08-23,139.5,0.0
2021-08-24,134.5,0.0
2021-08-25,138.5,0.0
2021-08-26,140.0,0.0
2021-08-27,137.0,0.0
2021-08-30,136.0,0.0
2021-08-31,133.5,0.0
2021-09-01,125.0,0.0
2021-09-02,126.0,0.0
2021-09-03,120.5,0.0
2021-09-06,113.0,0.0
2021-09-07,120.5,0.0
2021-09-08,122.0,0.0
2021-09-09,121.5,0.0
2021-09-10,125.5,0.0
2021-09-13,124.5,0.0
2021-09-14,117.5,0.0
2021-09-15,121.5,0.0
2021-09-16,118.0,0.0
2021-09-17,123.0,0.0
2021-09-22,119.5,0.0
2021-09-23,121.5,0.0
2021-09-24,126.5,0.0
2021-09-27,124.5,0.0
2021-09-28,119.0,0.0
2021-09-29,116.5,0.0
2021-09-30,119.5,0.0
2021-10-01,108.0,0.0
2021-10-04,97.1999969482422,0.0
2021-10-05,98.1999969482422,0.0
2021-10-06,92.5,0.0
2021-10-07,98.5,0.0
2021-10-08,96.8000030517578,0.0
2021-10-12,87.4000015258789,0.0
2021-10-13,88.5,0.0
2021-10-14,92.4000015258789,0.0
2021-10-15,92.3000030517578,0.0
2021-10-18,89.0,0.0
2021-10-19,88.0,0.0
2021-10-20,88.30000305175781,0.0
2021-10-21,89.30000305175781,0.0
2021-10-22,85.0999984741211,0.0
2021-10-25,89.5,0.0
2021-10-26,90.4000015258789,0.0
2021-10-27,89.30000305175781,0.0
2021-10-28,90.5999984741211,0.0
2021-10-29,96.5,0.0
2021-11-01,98.0,0.0
2021-11-02,101.5,0.0
2021-11-03,108.5,0.0
2021-11-04,106.0,0.0
2021-11-05,107.5,0.0
2021-11-08,118.0,0.0
2021-11-09,116.0,0.0
2021-11-10,115.0,0.0
2021-11-11,106.0,0.0
2021-11-12,106.5,0.0
2021-11-15,105.0,0.0
2021-11-16,110.0,0.0
2021-11-17,107.5,0.0
2021-11-18,109.5,0.0
2021-11-19,107.5,0.0
2021-11-22,110.5,0.0
2021-11-23,111.0,0.0
2021-11-24,111.0,0.0
2021-11-25,114.5,0.0
2021-11-26,108.5,0.0
2021-11-29,110.0,0.0
2021-11-30,115.5,0.0
2021-12-01,115.0,0.0
2021-12-02,122.0,0.0
2021-12-03,121.0,0.0
2021-12-06,125.5,0.0
2021-12-07,126.5,0.0
2021-12-08,127.0,0.0
2021-12-09,128.5,0.0
2021-12-10,124.0,0.0
2021-12-13,127.5,0.0
2021-12-14,120.0,0.0
2021-12-15,122.5,0.0
2021-12-16,122.0,0.0
2021-12-17,123.5,0.0
2021-12-20,122.0,0.0
2021-12-21,125.5,0.0
2021-12-22,124.0,0.0
2021-12-23,122.5,0.0
2021-12-24,122.5,0.0
2021-12-27,122.5,0.0
2021-12-28,125.0,0.0
2021-12-29,124.5,0.0
2021-12-30,121.0,0.0
2022-01-03,114.5,0.0
2022-01-04,115.5,0.0
2022-01-05,115.0,0.0
2022-01-06,114.5,0.0
2022-01-07,113.5,0.0
2022-01-10,111.5,0.0
2022-01-11,112.0,0.0
2022-01-12,108.0,0.0
2022-01-13,105.0,0.0
2022-01-14,107.5,0.0
2022-01-17,105.5,0.0
2022-01-18,106.5,0.0
2022-01-19,104.0,0.0
2022-01-20,104.0,0.0
2022-01-21,99.0,0.0
2022-01-24,99.9000015258789,0.0
2022-01-25,95.0999984741211,0.0
2022-01-26,98.5999984741211,0.0
2022-02-07,108.0,0.0
2022-02-08,112.5,0.0
2022-02-09,112.0,0.0
2022-02-10,114.0,0.0
2022-02-11,112.0,0.0
2022-02-14,110.5,0.0
2022-02-15,111.0,0.0
2022-02-16,112.5,0.0
2022-02-17,112.0,0.0
2022-02-18,116.5,0.0
2022-02-21,119.5,0.0
2022-02-22,113.5,0.0
2022-02-23,116.0,0.0
2022-02-24,112.5,0.0
2022-02-25,115.5,0.0
2022-03-01,120.5,0.0
2022-03-02,120.5,0.0
2022-03-03,125.0,0.0
2022-03-04,133.0,0.0
2022-03-07,125.5,0.0
2022-03-08,118.0,0.0
2022-03-09,125.5,0.0
2022-03-10,124.0,0.0
2022-03-11,125.5,0.0
2022-03-14,132.5,0.0
2022-03-15,130.0,0.0
2022-03-16,127.0,0.0
2022-03-17,133.0,0.0
2022-03-18,130.0,0.0
2022-03-21,131.5,0.0
2022-03-22,129.5,0.0
2022-03-23,130.5,0.0
2022-03-24,128.0,0.0
2022-03-25,122.0,0.0
2022-03-28,122.5,0.0
2022-03-29,123.5,0.0
2022-03-30,124.0,0.0
2022-03-31,124.5,0.0
2022-04-01,126.5,0.0
2022-04-06,123.5,0.0
2022-04-07,119.0,0.0
2022-04-08,124.0,0.0
2022-04-11,121.5,0.0
2022-04-12,120.0,0.0
2022-04-13,124.5,0.0
2022-04-14,122.0,0.0
2022-04-15,124.0,0.0
2022-04-18,121.0,0.0
2022-04-19,123.0,0.0
2022-04-20,123.5,0.0
2022-04-21,125.0,0.0
2022-04-22,126.5,0.0
2022-04-25,121.5,0.0
2022-04-26,121.0,0.0
2022-04-27,121.0,0.0
2022-04-28,120.5,0.0
2022-04-29,126.0,0.0
2022-05-03,126.5,0.0
2022-05-04,130.0,0.0
2022-05-05,130.0,0.0
2022-05-06,130.5,0.0
2022-05-09,126.0,0.0
2022-05-10,127.5,0.0
2022-05-11,124.0,0.0
2022-05-12,121.0,0.0
2022-05-13,123.5,0.0
2022-05-16,119.0,0.0
2022-05-17,116.5,0.0
2022-05-18,117.5,0.0
2022-05-19,115.0,0.0
2022-05-20,117.5,0.0
2022-05-23,127.0,0.0
2022-05-24,125.0,0.0
2022-05-25,127.0,0.0
2022-05-26,125.5,0.0
2022-05-27,128.0,0.0
2022-05-30,127.0,0.0
2022-05-31,124.5,0.0
2022-06-01,126.0,0.0
2022-06-02,126.5,0.0
2022-06-06,126.5,0.0
2022-06-07,127.0,0.0
2022-06-08,130.0,0.0
2022-06-09,126.5,0.0
2022-06-10,126.0,0.0
2022-06-13,120.5,0.0
2022-06-14,123.5,0.0
2022-06-15,122.0,0.0
2022-06-16,117.0,0.0
2022-06-17,119.5,0.0
2022-06-20,111.5,0.0
2022-06-21,109.5,0.0
2022-06-22,101.0,0.0
2022-06-23,96.1999969482422,0.0
2022-06-24,98.3000030517578,0.0
2022-06-27,86.0999984741211,20.0
2022-06-28,91.6999969482422,0.0
2022-06-29,85.5,0.0
2022-06-30,82.30000305175781,0.0
2022-07-01,77.80000305175781,0.0
2022-07-04,78.19999694824219,0.0
2022-07-05,82.0999984741211,0.0
2022-07-06,80.30000305175781,0.0
2022-07-07,83.19999694824219,0.0
2022-07-08,86.5,0.0
2022-07-11,88.19999694824219,0.0
2022-07-12,82.0999984741211,0.0
2022-07-13,83.9000015258789,0.0
2022-07-14,87.5,0.0
2022-07-15,86.0,0.0
2022-07-18,85.5999984741211,0.0
2022-07-19,87.80000305175781,0.0
2022-07-20,86.5999984741211,0.0
2022-07-21,88.30000305175781,0.0
2022-07-22,89.5,0.0
2022-07-25,86.9000015258789,0.0
2022-07-26,86.69999694824219,0.0
2022-07-27,88.19999694824219,0.0
2022-07-28,86.5,0.0
2022-07-29,89.5999984741211,0.0
2022-08-01,90.0,0.0
2022-08-02,87.5,0.0
2022-08-03,87.0,0.0
2022-08-04,87.5,0.0
2022-08-05,90.5,0.0
2022-08-08,91.0999984741211,0.0
2022-08-09,93.3000030517578,0.0
2022-08-10,91.0999984741211,0.0
2022-08-11,91.0,0.0
2022-08-12,91.0999984741211,0.0
2022-08-15,87.5,0.0
2022-08-16,86.0,0.0
2022-08-17,86.4000015258789,0.0
2022-08-18,86.5,0.0
2022-08-19,86.4000015258789,0.0
2022-08-22,84.0999984741211,0.0
2022-08-23,83.0,0.0
2022-08-24,82.0999984741211,0.0
2022-08-25,83.4000015258789,0.0
2022-08-26,83.4000015258789,0.0
2022-08-29,79.5999984741211,0.0
2022-08-30,78.9000015258789,0.0
2022-08-31,78.9000015258789,0.0
2022-09-01,76.80000305175781,0.0
2022-09-02,71.0999984741211,0.0
2022-09-05,70.80000305175781,0.0
2022-09-06,70.5999984741211,0.0
2022-09-07,69.5999984741211,0.0
2022-09-08,67.80000305175781,0.0
2022-09-12,71.0,0.0
2022-09-13,71.0999984741211,0.0
2022-09-14,71.80000305175781,0.0
2022-09-15,72.5999984741211,0.0
2022-09-16,73.5,0.0
2022-09-19,68.0,0.0
2022-09-20,68.5,0.0
2022-09-21,68.9000015258789,0.0
2022-09-22,66.5,0.0
2022-09-23,67.4000015258789,0.0
2022-09-26,61.59999847412109,0.0
2022-09-27,63.79999923706055,0.0
2022-09-28,60.29999923706055,0.0
2022-09-29,59.900001525878906,0.0
2022-09-30,61.5,0.0
2022-10-03,63.5,0.0
2022-10-04,63.79999923706055,0.0
2022-10-05,64.69999694824219,0.0
2022-10-06,65.0,0.0
2022-10-07,65.0999984741211,0.0
2022-10-11,63.70000076293945,0.0
2022-10-12,61.59999847412109,0.0
2022-10-13,59.29999923706055,0.0
2022-10-14,62.79999923706055,0.0
2022-10-17,60.0,0.0
2022-10-18,61.900001525878906,0.0
2022-10-19,63.0,0.0
2022-10-20,61.79999923706055,0.0
2022-10-21,61.0,0.0
2022-10-24,62.09999847412109,0.0
2022-10-25,61.5,0.0
2022-10-26,61.900001525878906,0.0
2022-10-27,63.20000076293945,0.0
2022-10-28,60.59999847412109,0.0
2022-10-31,60.20000076293945,0.0
2022-11-01,59.09999847412109,0.0
2022-11-02,59.79999923706055,0.0
2022-11-03,60.20000076293945,0.0
2022-11-04,61.20000076293945,0.0
2022-11-07,62.29999923706055,0.0
2022-11-08,63.400001525878906,0.0
2022-11-09,64.5,0.0
2022-11-10,64.30000305175781,0.0
2022-11-11,65.19999694824219,0.0
2022-11-14,66.19999694824219,0.0
2022-11-15,65.30000305175781,0.0
2022-11-16,64.5999984741211,0.0
2022-11-17,64.80000305175781,0.0
2022-11-18,63.0,0.0
2022-11-21,61.400001525878906,0.0
2022-11-22,61.70000076293945,0.0
2022-11-23,62.5,0.0
2022-11-24,64.5999984741211,0.0
2022-11-25,64.9000015258789,0.0
2022-11-28,63.5,0.0
2022-11-29,65.0999984741211,0.0
2022-11-30,66.0999984741211,0.0
2022-12-01,65.4000015258789,0.0
2022-12-02,64.80000305175781,0.0
2022-12-05,63.79999923706055,0.0
2022-12-06,61.70000076293945,0.0
2022-12-07,60.900001525878906,0.0
2022-12-08,61.0,0.0
2022-12-09,62.79999923706055,0.0
2022-12-12,61.79999923706055,0.0
2022-12-13,63.20000076293945,0.0
2022-12-14,62.0,0.0
2022-12-15,62.79999923706055,0.0
2022-12-16,65.30000305175781,0.0
2022-12-19,64.30000305175781,0.0
2022-12-20,63.900001525878906,0.0
2022-12-21,65.69999694824219,0.0
2022-12-22,68.0,0.0
2022-12-23,67.30000305175781,0.0
2022-12-26,65.0,0.0
2022-12-27,65.0999984741211,0.0
2022-12-28,63.900001525878906,0.0
2022-12-29,64.80000305175781,0.0
2022-12-30,65.5,0.0
2023-01-03,64.5999984741211,0.0
2023-01-04,63.5,0.0
2023-01-05,63.70000076293945,0.0
2023-01-06,63.59999847412109,0.0
2023-01-09,63.29999923706055,0.0
2023-01-10,62.900001525878906,0.0
2023-01-11,63.20000076293945,0.0
2023-01-12,62.0,0.0
2023-01-13,61.900001525878906,0.0
2023-01-16,61.09999847412109,0.0
2023-01-17,62.0,0.0
2023-01-30,61.29999923706055,0.0
2023-01-31,62.5,0.0
2023-02-01,62.400001525878906,0.0
2023-02-02,63.5,0.0
2023-02-03,63.59999847412109,0.0
2023-02-06,61.70000076293945,0.0
2023-02-07,61.70000076293945,0.0
2023-02-08,61.79999923706055,0.0
2023-02-09,61.70000076293945,0.0
2023-02-10,60.59999847412109,0.0
2023-02-13,59.0,0.0
2023-02-14,60.70000076293945,0.0
2023-02-15,60.0,0.0
2023-02-16,60.29999923706055,0.0
2023-02-17,59.79999923706055,0.0
2023-02-20,60.5,0.0
2023-02-21,62.79999923706055,0.0
2023-02-22,62.59999847412109,0.0
2023-02-23,64.30000305175781,0.0
2023-02-24,64.5999984741211,0.0
2023-03-01,63.79999923706055,0.0
2023-03-02,65.5999984741211,0.0
2023-03-03,67.0999984741211,0.0
2023-03-06,67.5,0.0
2023-03-07,67.4000015258789,0.0
2023-03-08,66.30000305175781,0.0
2023-03-09,67.0,0.0
2023-03-10,68.69999694824219,0.0
2023-03-13,69.0999984741211,0.0
2023-03-14,67.5,0.0
2023-03-15,66.5,0.0
2023-03-16,64.69999694824219,0.0
2023-03-17,65.4000015258789,0.0
2023-03-20,65.80000305175781,0.0
2023-03-21,65.0999984741211,0.0
2023-03-22,65.30000305175781,0.0
2023-03-23,64.0999984741211,0.0
2023-03-24,64.19999694824219,0.0
2023-03-27,64.19999694824219,0.0
2023-03-28,64.0,0.0
2023-03-29,63.5,0.0
2023-03-30,63.29999923706055,0.0
2023-03-31,64.30000305175781,0.0
2023-04-06,64.0,0.0
2023-04-07,65.5999984741211,0.0
2023-04-10,65.69999694824219,0.0
2023-04-11,65.5999984741211,0.0
2023-04-12,66.4000015258789,0.0
2023-04-13,66.30000305175781,0.0
2023-04-14,66.80000305175781,0.0
2023-04-17,67.69999694824219,0.0
2023-04-18,66.4000015258789,0.0
2023-04-19,66.0,0.0
2023-04-20,66.4000015258789,0.0
2023-04-21,64.9000015258789,0.0
2023-04-24,64.69999694824219,0.0
2023-04-25,63.70000076293945,0.0
2023-04-26,62.400001525878906,0.0
2023-04-27,61.70000076293945,0.0
2023-04-28,63.09999847412109,0.0
2023-05-02,61.900001525878906,0.0
2023-05-03,60.70000076293945,0.0
2023-05-04,60.79999923706055,0.0
2023-05-05,61.20000076293945,0.0
2023-05-08,60.5,0.0
2023-05-09,60.29999923706055,0.0
2023-05-10,61.59999847412109,0.0
2023-05-11,60.09999847412109,0.0
2023-05-12,60.20000076293945,0.0
2023-05-15,61.20000076293945,0.0
2023-05-16,60.900001525878906,0.0
2023-05-17,61.20000076293945,0.0
2023-05-18,61.29999923706055,0.0
2023-05-19,61.29999923706055,0.0
2023-05-22,62.09999847412109,0.0
2023-05-23,61.70000076293945,0.0
2023-05-24,61.900001525878906,0.0
2023-05-25,61.09999847412109,0.0
2023-05-26,61.29999923706055,0.0
2023-05-29,62.0,0.0
2023-05-30,61.29999923706055,0.0
2023-05-31,60.79999923706055,0.0
2023-06-01,61.400001525878906,0.0
2023-06-02,61.5,0.0
2023-06-05,60.900001525878906,0.0
2023-06-06,61.70000076293945,0.0
2023-06-07,61.70000076293945,0.0
2023-06-08,62.59999847412109,0.0
2023-06-09,62.900001525878906,0.0
2023-06-12,63.0,0.0
2023-06-13,63.20000076293945,0.0
2023-06-14,64.30000305175781,0.0
2023-06-15,64.0999984741211,0.0
2023-06-16,64.80000305175781,0.0
2023-06-19,63.5,0.0
2023-06-20,63.20000076293945,0.0
2023-06-21,61.5,0.0
2023-06-26,61.09999847412109,0.0
2023-06-27,61.09999847412109,0.0
2023-06-28,60.70000076293945,0.0
2023-06-29,60.09999847412109,0.0
2023-06-30,63.0,0.0
2023-07-03,69.30000305175781,0.0
2023-07-04,54.20000076293945,20.0
2023-07-05,51.70000076293945,0.0
2023-07-06,51.0,0.0
2023-07-07,50.59999847412109,0.0
2023-07-10,48.84999847412109,0.0
2023-07-11,48.400001525878906,0.0
2023-07-12,46.25,0.0
2023-07-13,44.0,0.0
2023-07-14,44.59999847412109,0.0
2023-07-17,45.04999923706055,0.0
2023-07-18,46.29999923706055,0.0
2023-07-19,46.79999923706055,0.0
2023-07-20,48.400001525878906,0.0
2023-07-21,47.34999847412109,0.0
2023-07-24,45.75,0.0
2023-07-25,45.59999847412109,0.0
2023-07-26,46.900001525878906,0.0
2023-07-27,46.900001525878906,0.0
2023-07-28,47.75,0.0
2023-07-31,46.5,0.0
2023-08-01,46.79999923706055,0.0
2023-08-02,46.45000076293945,0.0
2023-08-04,47.150001525878906,0.0
2023-08-07,46.400001525878906,0.0
2023-08-08,46.400001525878906,0.0
2023-08-09,46.0,0.0
2023-08-10,45.5,0.0
2023-08-11,45.29999923706055,0.0
2023-08-14,44.04999923706055,0.0
2023-08-15,43.59999847412109,0.0
2023-08-16,42.04999923706055,0.0
2023-08-17,42.54999923706055,0.0
2023-08-18,43.900001525878906,0.0
2023-08-21,43.09999847412109,0.0
2023-08-22,43.29999923706055,0.0
2023-08-23,42.95000076293945,0.0
2023-08-24,41.95000076293945,0.0
2023-08-25,42.04999923706055,0.0
2023-08-28,42.0,0.0
2023-08-29,42.5,0.0
2023-08-30,42.25,0.0
2023-08-31,42.25,0.0
2023-09-01,42.09999847412109,0.0
2023-09-04,42.900001525878906,0.0
2023-09-05,43.29999923706055,0.0
2023-09-06,42.59999847412109,0.0
2023-09-07,42.5,0.0
2023-09-08,42.650001525878906,0.0
2023-09-11,42.5,0.0
2023-09-12,43.09999847412109,0.0
2023-09-13,43.29999923706055,0.0
2023-09-14,44.59999847412109,0.0
2023-09-15,46.45000076293945,0.0
2023-09-18,45.5,0.0
2023-09-19,45.84999847412109,0.0
2023-09-20,46.29999923706055,0.0
2023-09-21,45.59999847412109,0.0
2023-09-22,45.79999923706055,0.0
2023-09-25,45.95000076293945,0.0
2023-09-26,45.95000076293945,0.0
2023-09-27,45.900001525878906,0.0
2023-09-28,45.45000076293945,0.0
2023-10-02,44.45000076293945,0.0
2023-10-03,44.09999847412109,0.0
2023-10-04,44.54999923706055,0.0
2023-10-05,44.900001525878906,0.0
2023-10-06,45.0,0.0
2023-10-11,42.54999923706055,0.0
2023-10-12,43.09999847412109,0.0
2023-10-13,42.54999923706055,0.0
2023-10-16,42.400001525878906,0.0
2023-10-17,42.25,0.0
2023-10-18,42.29999923706055,0.0
2023-10-19,42.70000076293945,0.0
2023-10-20,42.34999847412109,0.0
2023-10-23,41.95000076293945,0.0
2023-10-24,42.20000076293945,0.0
2023-10-25,42.29999923706055,0.0
2023-10-26,42.45000076293945,0.0
2023-10-27,43.0,0.0
2023-10-30,43.25,0.0
2023-10-31,42.09999847412109,0.0
2023-11-01,42.09999847412109,0.0
2023-11-02,42.650001525878906,0.0
2023-11-03,43.25,0.0
2023-11-06,42.29999923706055,0.0
2023-11-07,42.25,0.0
2023-11-08,41.900001525878906,0.0
2023-11-09,41.84999847412109,0.0
2023-11-10,41.29999923706055,0.0
2023-11-13,41.45000076293945,0.0
2023-11-14,41.5,0.0
2023-11-15,42.09999847412109,0.0
2023-11-16,42.150001525878906,0.0
2023-11-17,41.79999923706055,0.0
2023-11-20,42.0,0.0
2023-11-21,41.900001525878906,0.0
2023-11-22,41.54999923706055,0.0
2023-11-23,41.54999923706055,0.0
2023-11-24,41.75,0.0
2023-11-27,42.0,0.0
2023-11-28,42.650001525878906,0.0
2023-11-29,42.54999923706055,0.0
2023-11-30,42.0,0.0
2023-12-01,43.29999923706055,0.0
2023-12-04,45.150001525878906,0.0
2023-12-05,44.84999847412109,0.0
2023-12-06,44.650001525878906,0.0
2023-12-07,43.70000076293945,0.0
2023-12-08,44.0,0.0
2023-12-11,44.0,0.0
2023-12-12,44.0,0.0
2023-12-13,43.20000076293945,0.0
2023-12-14,42.75,0.0
2023-12-15,44.25,0.0
2023-12-18,47.84999847412109,0.0
2023-12-19,49.29999923706055,0.0
2023-12-20,50.400001525878906,0.0
2023-12-21,55.400001525878906,0.0
2023-12-22,57.5,0.0
2023-12-25,51.79999923706055,0.0
2023-12-26,52.0,0.0
2023-12-27,52.59999847412109,0.0
2023-12-28,51.900001525878906,0.0
2023-12-29,51.29999923706055,0.0
2024-01-02,53.0,0.0
2024-01-03,54.0,0.0
2024-01-04,57.29999923706055,0.0
2024-01-05,58.0,0.0
2024-01-08,56.5,0.0
2024-01-09,51.70000076293945,0.0
2024-01-10,48.79999923706055,0.0
2024-01-11,49.29999923706055,0.0
2024-01-12,51.79999923706055,0.0
2024-01-15,52.20000076293945,0.0
2024-01-16,51.09999847412109,0.0
2024-01-17,49.75,0.0
2024-01-18,51.29999923706055,0.0
2024-01-19,50.900001525878906,0.0
2024-01-22,49.79999923706055,0.0
2024-01-23,49.45000076293945,0.0
2024-01-24,49.79999923706055,0.0
2024-01-25,49.25,0.0
2024-01-26,48.900001525878906,0.0
2024-01-29,48.79999923706055,0.0
2024-01-30,48.5,0.0
2024-01-31,47.84999847412109,0.0
2024-02-01,49.150001525878906,0.0
2024-02-02,47.75,0.0
2024-02-05,47.29999923706055,0.0
2024-02-15,46.650001525878906,0.0
2024-02-16,46.900001525878906,0.0
2024-02-19,46.900001525878906,0.0
2024-02-20,48.150001525878906,0.0
2024-02-21,48.34999847412109,0.0
2024-02-22,49.95000076293945,0.0
2024-02-23,49.09999847412109,0.0
2024-02-26,48.70000076293945,0.0
2024-02-27,48.54999923706055,0.0
2024-02-29,49.84999847412109,0.0
2024-03-01,49.150001525878906,0.0
2024-03-04,48.900001525878906,0.0
2024-03-05,48.59999847412109,0.0
2024-03-06,48.0,0.0
2024-03-07,48.0,0.0
2024-03-08,47.54999923706055,0.0
2024-03-11,48.59999847412109,0.0
2024-03-12,48.95000076293945,0.0
2024-03-13,48.70000076293945,0.0
2024-03-14,47.75,0.0
2024-03-15,46.5,0.0
2024-03-18,45.150001525878906,0.0
2024-03-19,45.29999923706055,0.0
2024-03-20,44.95000076293945,0.0
2024-03-21,45.45000076293945,0.0
2024-03-22,45.150001525878906,0.0
2024-03-25,45.59999847412109,0.0
2024-03-26,44.150001525878906,0.0
2024-03-27,44.150001525878906,0.0
2024-03-28,44.09999847412109,0.0
2024-03-29,44.400001525878906,0.0
2024-04-01,44.29999923706055,0.0
2024-04-02,44.45000076293945,0.0
2024-04-03,43.79999923706055,0.0
2024-04-08,45.09999847412109,0.0
2024-04-09,44.95000076293945,0.0
2024-04-10,44.400001525878906,0.0
2024-04-11,45.0,0.0
2024-04-12,45.20000076293945,0.0
2024-04-15,45.20000076293945,0.0
2024-04-16,43.79999923706055,0.0
2024-04-17,43.95000076293945,0.0
2024-04-18,43.79999923706055,0.0
2024-04-19,45.150001525878906,0.0
2024-04-22,45.59999847412109,0.0
2024-04-23,45.84999847412109,0.0
2024-04-24,46.70000076293945,0.0
2024-04-25,47.09999847412109,0.0
2024-04-26,51.79999923706055,0.0
2024-04-29,52.900001525878906,0.0
2024-04-30,52.20000076293945,0.0
2024-05-02,51.29999923706055,0.0
2024-05-03,50.400001525878906,0.0
2024-05-06,50.59999847412109,0.0
2024-05-07,52.5,0.0
2024-05-08,52.20000076293945,0.0
2024-05-09,55.09999847412109,0.0
2024-05-10,60.59999847412109,0.0
2024-05-13,66.5999984741211,0.0
2024-05-14,71.30000305175781,0.0
2024-05-15,71.4000015258789,0.0
2024-05-16,74.0999984741211,0.0
2024-05-17,71.0,0.0
2024-05-20,72.5,0.0
2024-05-21,71.4000015258789,0.0
2024-05-22,72.0,0.0
2024-05-23,71.30000305175781,0.0
2024-05-24,73.5,0.0
2024-05-27,78.30000305175781,0.0
2024-05-28,79.5,0.0
2024-05-29,77.19999694824219,0.0
2024-05-30,78.30000305175781,0.0
2024-05-31,71.5,0.0
2024-06-03,75.9000015258789,0.0
2024-06-04,75.69999694824219,0.0
2024-06-05,80.4000015258789,0.0
2024-06-06,83.69999694824219,0.0
2024-06-07,82.9000015258789,0.0
2024-06-11,74.69999694824219,0.0
2024-06-12,70.9000015258789,0.0
2024-06-13,72.4000015258789,0.0
2024-06-14,75.4000015258789,0.0
2024-06-17,73.69999694824219,0.0
2024-06-18,74.0999984741211,0.0
2024-06-19,75.0,0.0
2024-06-20,76.69999694824219,0.0
2024-06-21,75.9000015258789,0.0
2024-06-24,74.19999694824219,0.0
2024-06-25,76.5,0.0
2024-06-26,75.0,0.0
2024-06-27,75.19999694824219,0.0
2024-06-28,74.5999984741211,0.0
2024-07-01,73.69999694824219,0.0
2024-07-02,74.0999984741211,0.0
2024-07-03,74.80000305175781,0.0
2024-07-04,73.80000305175781,0.0
2024-07-05,72.30000305175781,0.0
2024-07-08,67.5,0.0
2024-07-09,65.19999694824219,2.0
2024-07-10,65.0999984741211,0.0
2024-07-11,65.0999984741211,0.0
2024-07-12,64.0,0.0
2024-07-15,63.09999847412109,0.0
2024-07-16,62.400001525878906,0.0
2024-07-17,61.900001525878906,0.0
2024-07-18,61.79999923706055,0.0
2024-07-19,60.20000076293945,0.0
2024-07-22,58.59999847412109,0.0
2024-07-23,60.79999923706055,0.0
2024-07-26,60.29999923706055,0.0
2024-07-29,60.0,0.0
2024-07-30,62.29999923706055,0.0
2024-07-31,63.400001525878906,0.0
2024-08-01,64.5999984741211,0.0
2024-08-02,64.0999984741211,0.0
2024-08-05,60.0,0.0
2024-08-06,61.09999847412109,0.0
2024-08-07,63.59999847412109,0.0
2024-08-08,61.20000076293945,0.0
2024-08-09,60.79999923706055,0.0
2024-08-12,63.5,0.0
2024-08-13,61.79999923706055,0.0
2024-08-14,61.59999847412109,0.0
2024-08-15,63.79999923706055,0.0
2024-08-16,63.79999923706055,0.0
2024-08-19,63.70000076293945,0.0
2024-08-20,63.70000076293945,0.0
2024-08-21,63.70000076293945,0.0
2024-08-22,63.70000076293945,0.0
2024-08-23,63.59999847412109,0.0
2024-08-26,64.19999694824219,0.0
2024-08-27,62.70000076293945,0.0
2024-08-28,62.59999847412109,0.0
2024-08-29,62.900001525878906,0.0
2024-08-30,64.5,0.0
2024-09-02,62.29999923706055,0.0
2024-09-03,61.79999923706055,0.0
2024-09-04,60.70000076293945,0.0
2024-09-05,61.5,0.0
2024-09-06,62.09999847412109,0.0
2024-09-09,60.59999847412109,0.0
2024-09-10,59.79999923706055,0.0
2024-09-11,61.29999923706055,0.0
2024-09-12,62.0,0.0
2024-09-13,62.400001525878906,0.0
2024-09-16,61.70000076293945,0.0
2024-09-18,62.59999847412109,0.0
2024-09-19,63.400001525878906,0.0
2024-09-20,63.59999847412109,0.0
2024-09-23,64.5,0.0
2024-09-24,67.5999984741211,0.0
2024-09-25,70.4000015258789,0.0
2024-09-26,70.9000015258789,0.0
2024-09-27,72.9000015258789,0.0
2024-09-30,69.0,0.0
2024-10-01,70.5,0.0
2024-10-04,64.0999984741211,0.0
2024-10-07,64.0999984741211,0.0
2024-10-08,63.5,0.0
2024-10-09,62.5,0.0
2024-10-11,62.79999923706055,0.0
2024-10-14,63.29999923706055,0.0
2024-10-15,63.09999847412109,0.0
2024-10-16,63.70000076293945,0.0
2024-10-17,65.5,0.0
2024-10-18,65.9000015258789,0.0
2024-10-21,68.4000015258789,0.0
2024-10-22,67.80000305175781,0.0
2024-10-23,68.5,0.0
2024-10-24,67.30000305175781,0.0
2024-10-25,67.80000305175781,0.0
2024-10-28,68.0999984741211,0.0
2024-10-29,66.19999694824219,0.0
2024-10-30,66.4000015258789,0.0
2024-11-01,70.0,0.0
2024-11-04,68.0999984741211,0.0
2024-11-05,70.69999694824219,0.0
2024-11-06,70.80000305175781,0.0
2024-11-07,69.69999694824219,0.0
2024-11-08,71.5,0.0
2024-11-11,71.80000305175781,0.0
2024-11-12,72.0999984741211,0.0
2024-11-13,71.30000305175781,0.0
2024-11-14,70.80000305175781,0.0
2024-11-15,72.19999694824219,0.0
2024-11-18,72.0999984741211,0.0
2024-11-19,74.69999694824219,0.0
2024-11-20,77.0999984741211,0.0
2024-11-21,79.30000305175781,0.0
2024-11-22,77.5,0.0
2024-11-25,76.5,0.0
2024-11-26,76.19999694824219,0.0
2024-11-27,71.69999694824219,0.0
2024-11-28,72.5,0.0
2024-11-29,73.19999694824219,0.0
2024-12-02,74.30000305175781,0.0
2024-12-03,75.69999694824219,0.0
2024-12-04,75.9000015258789,0.0
2024-12-05,74.69999694824219,0.0
2024-12-06,75.5999984741211,0.0
2024-12-09,83.0,0.0
2024-12-10,80.5,0.0
2024-12-11,79.19999694824219,0.0
2024-12-12,78.5999984741211,0.0
2024-12-13,80.4000015258789,0.0
2024-12-16,78.9000015258789,0.0
2024-12-17,78.69999694824219,0.0
2024-12-18,78.9000015258789,0.0
2024-12-19,78.19999694824219,0.0
2024-12-20,79.69999694824219,0.0
2024-12-23,78.9000015258789,0.0
2024-12-24,78.80000305175781,0.0
2024-12-25,77.4000015258789,0.0
2024-12-26,76.69999694824219,0.0
2024-12-27,75.69999694824219,0.0
2024-12-30,75.19999694824219,0.0
2024-12-31,75.69999694824219,0.0
2025-01-02,76.5999984741211,0.0
2025-01-03,77.4000015258789,0.0
2025-01-06,76.5,0.0
2025-01-07,79.0,0.0
2025-01-08,77.5999984741211,0.0
2025-01-09,72.5999984741211,0.0
2025-01-10,72.19999694824219,0.0
2025-01-13,69.9000015258789,0.0
2025-01-14,72.0,0.0
2025-01-15,70.9000015258789,0.0
2025-01-16,69.80000305175781,0.0
2025-01-17,68.80000305175781,0.0
2025-01-20,67.0999984741211,0.0
2025-01-21,67.0,0.0
2025-01-22,67.80000305175781,0.0
2025-02-03,66.0999984741211,0.0
2025-02-04,64.5,0.0
2025-02-05,67.69999694824219,0.0
2025-02-06,67.0,0.0
2025-02-07,67.4000015258789,0.0
2025-02-10,67.80000305175781,0.0
2025-02-11,67.80000305175781,0.0
2025-02-12,68.4000015258789,0.0
2025-02-13,70.0999984741211,0.0
2025-02-14,70.30000305175781,0.0
2025-02-17,71.19999694824219,0.0
2025-02-18,71.5,0.0
2025-02-19,71.69999694824219,0.0
2025-02-20,71.5999984741211,0.0
2025-02-21,71.4000015258789,0.0
2025-02-24,72.4000015258789,0.0
2025-02-25,73.0,0.0
2025-02-26,74.0999984741211,0.0
2025-02-27,72.9000015258789,0.0
2025-03-03,72.5999984741211,0.0
2025-03-04,72.5999984741211,0.0
2025-03-05,73.19999694824219,0.0
2025-03-06,73.5999984741211,0.0
2025-03-07,74.80000305175781,0.0
2025-03-10,74.0,0.0
2025-03-11,73.69999694824219,0.0
2025-03-12,72.9000015258789,0.0
2025-03-13,74.4000015258789,0.0
2025-03-14,74.19999694824219,0.0
2025-03-17,75.9000015258789,0.0
2025-03-18,77.4000015258789,0.0
2025-03-19,77.0999984741211,0.0
2025-03-20,78.0,0.0
2025-03-21,76.80000305175781,0.0
2025-03-24,77.19999694824219,0.0
2025-03-25,77.9000015258789,0.0
2025-03-26,77.4000015258789,0.0
2025-03-27,76.5999984741211,0.0
2025-03-28,75.19999694824219,0.0
2025-03-31,74.4000015258789,0.0
2025-04-01,77.0,0.0
2025-04-02,77.4000015258789,0.0
2025-04-07,69.69999694824219,0.0
2025-04-08,62.79999923706055,0.0
2025-04-09,56.59999847412109,0.0
2025-04-10,62.20000076293945,0.0
2025-04-11,68.4000015258789,0.0
2025-04-14,73.5999984741211,0.0
2025-04-15,73.19999694824219,0.0
2025-04-16,72.5,0.0
2025-04-17,71.0,0.0
2025-04-18,72.0999984741211,0.0
2025-04-21,69.9000015258789,0.0
2025-04-22,69.5,0.0
2025-04-23,71.4000015258789,0.0
2025-04-24,70.9000015258789,0.0
2025-04-25,69.80000305175781,0.0
2025-04-28,69.9000015258789,0.0
2025-04-29,69.0999984741211,0.0
2025-04-30,68.0,0.0
2025-05-02,70.9000015258789,0.0
2025-05-05,70.4000015258789,0.0
2025-05-06,71.19999694824219,0.0
2025-05-07,71.0,0.0
2025-05-08,70.5,0.0
2025-05-09,71.80000305175781,0.0
2025-05-12,72.5,0.0
2025-05-13,78.0,0.0
2025-05-14,79.4000015258789,0.0
2025-05-15,79.5,0.0
2025-05-16,84.0,0.0
2025-05-19,83.30000305175781,0.0
2025-05-20,83.5,0.0
2025-05-21,83.30000305175781,0.0
2025-05-22,86.9000015258789,0.0
2025-05-23,83.69999694824219,0.0
2025-05-26,83.0,0.0
2025-05-27,82.0,0.0
2025-05-28,81.30000305175781,0.0
2025-05-29,79.5999984741211,0.0
2025-06-02,79.0999984741211,0.0
2025-06-03,80.0,0.0
2025-06-04,78.5,0.0
2025-06-05,74.30000305175781,0.0
2025-06-06,73.5,0.0
2025-06-09,71.4000015258789,0.0
2025-06-10,72.19999694824219,0.0
2025-06-11,72.30000305175781,0.0
2025-06-12,72.0,0.0
2025-06-13,74.0999984741211,0.0
2025-06-16,73.5999984741211,0.0
2025-06-17,76.19999694824219,0.0
2025-06-18,75.19999694824219,0.0
2025-06-19,74.0999984741211,0.0
2025-06-20,73.0,0.0
2025-06-23,71.9000015258789,0.0
2025-06-24,73.0999984741211,0.0
2025-06-25,72.5999984741211,0.0
2025-06-26,72.0999984741211,0.0
2025-06-27,72.5999984741211,0.0
2025-06-30,71.0999984741211,0.0
2025-07-01,72.69999694824219,0.0
2025-07-02,73.0999984741211,0.0
2025-07-03,73.9000015258789,0.0
2025-07-04,73.4000015258789,0.0
2025-07-07,72.9000015258789,0.0
2025-07-08,72.0999984741211,0.0
2025-07-09,64.5999984741211,7.5
2025-07-10,62.70000076293945,0.0
2025-07-11,62.5,0.0
2025-07-14,62.59999847412109,0.0
2025-07-15,62.400001525878906,0.0
2025-07-16,63.70000076293945,0.0
2025-07-17,63.400001525878906,0.0
2025-07-18,62.900001525878906,0.0
2025-07-21,62.20000076293945,0.0
2025-07-22,61.20000076293945,0.0
2025-07-23,62.400001525878906,0.0
2025-07-24,63.09999847412109,0.0
2025-07-25,63.09999847412109,0.0
2025-07-28,62.29999923706055,0.0
2025-07-29,61.5,0.0
2025-07-30,61.59999847412109,0.0
2025-07-31,60.79999923706055,0.0
2025-08-04,60.59999847412109,0.0
2025-08-05,60.70000076293945,0.0
2025-08-06,60.59999847412109,0.0
2025-08-07,60.5,0.0
2025-08-08,61.0,0.0
2025-08-11,60.400001525878906,0.0
2025-08-12,61.59999847412109,0.0
2025-08-13,61.59999847412109,0.0
2025-08-14,61.59999847412109,0.0
2025-08-15,61.20000076293945,0.0
2025-08-18,61.0,0.0
2025-08-19,60.29999923706055,0.0
2025-08-20,60.400001525878906,0.0
2025-08-21,60.59999847412109,0.0
2025-08-22,59.59999847412109,0.0
2025-08-25,59.20000076293945,0.0
2025-08-26,59.0,0.0
2025-08-27,58.59999847412109,0.0
2025-08-28,58.79999923706055,0.0
2025-08-29,57.70000076293945,0.0
2025-09-01,57.20000076293945,0.0
2025-09-02,56.900001525878906,0.0
2025-09-03,57.400001525878906,0.0
2025-09-04,58.0,0.0
2025-09-05,57.900001525878906,0.0
2025-09-08,57.70000076293945,0.0
2025-09-09,57.09999847412109,0.0
2025-09-10,56.79999923706055,0.0
2025-09-11,55.5,0.0
2025-09-12,56.5,0.0
2025-09-15,56.0,0.0
2025-09-16,56.0,0.0
2025-09-17,56.09999847412109,0.0
2025-09-18,56.09999847412109,0.0
2025-09-19,57.09999847412109,0.0
2025-09-22,55.900001525878906,0.0
2025-09-23,55.20000076293945,0.0
2025-09-24,55.0,0.0
2025-09-25,55.0,0.0
2025-09-26,53.29999923706055,0.0
2025-09-30,53.0,0.0
2025-10-01,52.29999923706055,0.0
2025-10-02,51.5,0.0
2025-10-03,52.0,0.0
2025-10-07,51.79999923706055,0.0
2025-10-08,51.70000076293945,0.0
2025-10-09,51.29999923706055,0.0
2025-10-13,51.59999847412109,0.0
2025-10-14,56.70000076293945,0.0
2025-10-15,53.20000076293945,0.0
2025-10-16,53.29999923706055,0.0
2025-10-17,54.09999847412109,0.0
2025-10-20,54.0,0.0
2025-10-21,53.79999923706055,0.0
2025-10-22,53.900001525878906,0.0
2025-10-23,54.0,0.0
2025-10-27,54.29999923706055,0.0
2025-10-28,55.09999847412109,0.0
2025-10-29,56.5,0.0
2025-10-30,60.0,0.0
2025-10-31,57.5,0.0
2025-11-03,56.5,0.0
2025-11-04,55.20000076293945,0.0
2025-11-05,54.5,0.0
2025-11-06,55.0,0.0
2025-11-07,54.29999923706055,0.0
2025-11-10,53.0,0.0
2025-11-11,52.70000076293945,0.0
2025-11-12,54.09999847412109,0.0
2025-11-13,54.20000076293945,0.0
2025-11-14,53.70000076293945,0.0
2025-11-17,53.09999847412109,0.0
2025-11-18,51.59999847412109,0.0
2025-11-19,51.5,0.0
2025-11-20,51.59999847412109,0.0
2025-11-21,51.0,0.0
2025-11-24,52.29999923706055,0.0
2025-11-25,51.29999923706055,0.0
2025-11-26,52.5,0.0
2025-11-27,52.09999847412109,0.0
2025-11-28,52.0,0.0
2025-12-01,52.400001525878906,0.0
2025-12-02,52.0,0.0
2025-12-03,51.900001525878906,0.0
2025-12-04,52.5,0.0
2025-12-05,51.70000076293945,0.0
2025-12-08,51.20000076293945,0.0
2025-12-09,50.400001525878906,0.0
2025-12-10,50.59999847412109,0.0
2025-12-11,50.70000076293945,0.0
2025-12-12,50.79999923706055,0.0
2025-12-15,51.29999923706055,0.0
2025-12-16,51.5,0.0
2025-12-17,51.59999847412109,0.0
2025-12-18,50.70000076293945,0.0
2025-12-19,52.29999923706055,0.0
2025-12-22,52.70000076293945,0.0
2025-12-23,52.79999923706055,0.0
2025-12-24,55.29999923706055,0.0
2025-12-26,56.09999847412109,0.0
2025-12-29,56.59999847412109,0.0
2025-12-30,56.29999923706055,0.0
2025-12-31,55.70000076293945,0.0
2026-01-02,56.0,0.0
2026-01-05,54.900001525878906,0.0
2026-01-06,55.5,0.0
2026-01-07,57.59999847412109,0.0
2026-01-08,56.29999923706055,0.0
2026-01-09,56.20000076293945,0.0
2026-01-12,56.09999847412109,0.0
2026-01-13,55.400001525878906,0.0
2026-01-14,55.400001525878906,0.0
2026-01-15,55.5,0.0
2026-01-16,54.5,0.0
2026-01-19,54.0,0.0
2026-01-20,55.09999847412109,0.0
2026-01-21,55.20000076293945,0.0
2026-01-22,55.5,0.0
2026-01-23,54.29999923706055,0.0
2026-01-26,54.29999923706055,0.0
2026-01-27,53.900001525878906,0.0
2026-01-28,54.79999923706055,0.0
2026-01-29,54.70000076293945,0.0
2026-01-30,53.400001525878906,0.0
2026-02-02,52.29999923706055,0.0
2026-02-03,52.400001525878906,0.0
2026-02-04,52.79999923706055,0.0
2026-02-05,52.79999923706055,0.0
2026-02-06,52.20000076293945,0.0
2026-02-09,52.20000076293945,0.0
2026-02-10,52.79999923706055,0.0
2026-02-11,53.29999923706055,0.0
2026-02-23,55.5,0.0
2026-02-24,55.900001525878906,0.0
2026-02-25,56.29999923706055,0.0
2026-02-26,57.400001525878906,0.0
2026-03-02,60.0,0.0
2026-03-03,66.0,0.0
2026-03-04,63.59999847412109,0.0
2026-03-05,60.0,0.0
2026-03-06,60.70000076293945,0.0
2026-03-09,61.59999847412109,0.0
2026-03-10,60.0,0.0
2026-03-11,60.900001525878906,0.0
2026-03-12,62.09999847412109,0.0
2026-03-13,59.20000076293945,0.0
2026-03-16,59.29999923706055,0.0
2026-03-17,58.5,0.0
2026-03-18,58.29999923706055,0.0
2026-03-19,56.5,0.0
2026-03-20,56.09999847412109,0.0
2026-03-23,52.79999923706055,0.0
2026-03-24,52.400001525878906,0.0
2026-03-25,53.70000076293945,0.0
2026-03-26,52.59999847412109,0.0
2026-03-27,52.400001525878906,0.0
2026-03-30,53.0,0.0
2026-03-31,52.0,0.0
2026-04-01,52.70000076293945,0.0
2026-04-02,52.09999847412109,0.0
2026-04-07,51.70000076293945,0.0
2026-04-08,51.70000076293945,0.0
2026-04-09,51.29999923706055,0.0
2026-04-10,51.29999923706055,0.0
2026-04-13,50.59999847412109,0.0
2026-04-14,50.400001525878906,0.0
2026-04-15,51.5,0.0
2026-04-16,51.0,0.0
2026-04-17,50.70000076293945,0.0
2026-04-20,50.09999847412109,0.0
2026-04-21,50.70000076293945,0.0
2026-04-22,50.5,0.0
2026-04-23,50.09999847412109,0.0
2026-04-24,50.09999847412109,0.0
2026-04-27,49.34999847412109,0.0
2026-04-28,49.5,0.0
2026-04-29,49.34999847412109,0.0
2026-04-30,49.150001525878906,0.0
2026-05-04,49.95000076293945,0.0
2026-05-05,50.09999847412109,0.0
2026-05-06,50.59999847412109,0.0
2026-05-07,50.70000076293945,0.0
2026-05-08,49.900001525878906,0.0
2026-05-11,50.79999923706055,0.0
2026-05-12,50.09999847412109,0.0
2026-05-13,49.25,0.0
2026-05-14,48.59999847412109,0.0
2026-05-15,48.04999923706055,0.0
2026-05-18,48.54999923706055,0.0
2026-05-19,49.5,0.0
2026-05-20,50.29999923706055,0.0
2026-05-21,51.09999847412109,0.0
2026-05-22,53.0,0.0
2026-05-25,51.79999923706055,0.0
2026-05-26,52.0,0.0
2026-05-27,52.59999847412109,0.0
2026-05-28,52.29999923706055,0.0
2026-05-29,52.70000076293945,0.0
2026-06-01,54.900001525878906,0.0
2026-06-02,53.59999847412109,0.0
2026-06-03,53.70000076293945,0.0
2026-06-04,53.20000076293945,0.0
2026-06-05,54.5,0.0
2026-06-08,51.70000076293945,0.0
2026-06-09,51.59999847412109,0.0
2026-06-10,50.59999847412109,0.0
2026-06-11,51.09999847412109,0.0
2026-06-12,52.400001525878906,0.0
2026-06-15,51.20000076293945,0.0
2026-06-16,51.0,0.0
2026-06-17,51.59999847412109,0.0
2026-06-18,51.29999923706055,0.0
2026-06-22,52.29999923706055,0.0
2026-06-23,51.29999923706055,0.0
2026-06-24,51.59999847412109,0.0
2026-06-25,51.400001525878906,0.0
2026-06-26,50.09999847412109,0.0
2026-06-29,51.400001525878906,0.0
2026-06-30,52.0,0.0
2026-07-01,50.70000076293945,0.0
2026-07-02,51.0,0.0
2026-07-03,52.400001525878906,0.0
2026-07-06,53.0,0.0
2026-07-07,51.09999847412109,0.0
2026-07-08,52.29999923706055,0.0
2026-07-09,51.59999847412109,0.0
2026-07-10,51.59999847412109,0.0
2026-07-13,50.09999847412109,0.0
2026-07-14,48.0,2.0
2026-07-15,50.20000076293945,0.0
2026-07-16,50.20000076293945,0.0
2026-07-17,49.20000076293945,0.0
2026-07-20,49.0,0.0
2026-07-21,50.900001525878906,0.0
2026-07-22,51.400001525878906,0.0
2026-07-23,50.5,0.0
2026-07-24,51.5,0.0
2026-07-27,51.09999847412109,0.0
2026-07-28,50.70000076293945,0.0
2026-07-29,50.09999847412109,0.0
2026-07-30,50.0,0.0
2026-07-31,50.79999923706055,0.0
2026-08-03,50.79999923706055,0.0
2026-08-04,51.0,0.0
2026-08-05,50.59999847412109,0.0
2026-08-06,50.400001525878906,0.0
2026-08-07,50.5,0.0
2026-08-10,51.59999847412109,0.0
2026-08-11,52.0,0.0
2026-08-12,51.70000076293945,0.0
2026-08-13,51.400001525878906,0.0
2026-08-14,51.599998474121094,0.0
2026-08-17,54.70000076293945,0.0
2026-08-18,56.20000076293945,0.0
2026-08-19,59.0,0.0
2026-08-20,60.29999923706055,0.0
2026-08-21,64.0,0.0
2026-08-24,64.5,0.0
