Date,Close,Dividends
2001-12-20,22.441097259521484,0.0
2001-12-21,21.54620742797852,0.0
2001-12-24,20.65131568908692,0.0
2001-12-25,21.61504364013672,0.0
2001-12-26,20.926666259765625,0.0
2001-12-27,21.20201873779297,0.0
2001-12-28,20.031776428222656,0.0
2001-12-31,20.926666259765625,0.0
2002-01-01,20.926666259765625,0.0
2002-01-02,20.85782814025879,0.0
2002-01-03,20.85782814025879,0.0
2002-01-04,22.37225914001465,0.0
2002-01-07,23.19831275939941,0.0
2002-01-08,22.854122161865234,0.0
2002-01-09,22.37225914001465,0.0
2002-01-10,22.165746688842773,0.0
2002-01-11,22.50993537902832,0.0
2002-01-14,23.060636520385746,0.0
2002-01-15,22.92296028137207,0.0
2002-01-16,23.473663330078125,0.0
2002-01-17,24.643903732299805,0.0
2002-01-18,24.643903732299805,0.0
2002-01-21,25.26344490051269,0.0
2002-01-22,24.024364471435547,0.0
2002-01-23,24.57506561279297,0.0
2002-01-24,24.43739128112793,0.0
2002-01-25,25.40111923217773,0.0
2002-01-28,25.26344490051269,0.0
2002-01-29,24.78157997131348,0.0
2002-01-30,24.50622940063477,0.0
2002-01-31,24.50622940063477,0.0
2002-02-01,24.368553161621094,0.0
2002-02-04,24.23087882995605,0.0
2002-02-05,24.093202590942383,0.0
2002-02-06,24.85041618347168,0.0
2002-02-07,24.85041618347168,0.0
2002-02-08,24.85041618347168,0.0
2002-02-11,24.85041618347168,0.0
2002-02-12,24.85041618347168,0.0
2002-02-13,24.85041618347168,0.0
2002-02-14,24.85041618347168,0.0
2002-02-15,24.85041618347168,0.0
2002-02-18,23.95552635192871,0.0
2002-02-19,23.81785011291504,0.0
2002-02-20,23.335987091064453,0.0
2002-02-21,23.12947463989257,0.0
2002-02-22,23.060636520385746,0.0
2002-02-25,23.060636520385746,0.0
2002-02-26,22.50993537902832,0.0
2002-02-27,23.40482521057129,0.0
2002-02-28,23.40482521057129,0.0
2002-03-01,24.093202590942383,0.0
2002-03-04,23.95552635192871,0.0
2002-03-05,23.473663330078125,0.0
2002-03-06,23.473663330078125,0.0
2002-03-07,23.473663330078125,0.0
2002-03-08,23.060636520385746,0.0
2002-03-11,23.40482521057129,0.0
2002-03-12,23.40482521057129,0.0
2002-03-13,23.19831275939941,0.0
2002-03-14,22.854122161865234,0.0
2002-03-15,22.716447830200195,0.0
2002-03-18,22.441097259521484,0.0
2002-03-19,22.303422927856445,0.0
2002-03-20,22.578771591186523,0.0
2002-03-21,22.578771591186523,0.0
2002-03-22,23.40482521057129,0.0
2002-03-25,23.81785011291504,0.0
2002-03-26,23.54250144958496,0.0
2002-03-27,23.473663330078125,0.0
2002-03-28,23.68017578125,0.0
2002-03-29,23.335987091064453,0.0
2002-04-01,23.26715087890625,0.0
2002-04-02,22.991798400878903,0.0
2002-04-03,22.64760971069336,0.0
2002-04-04,23.060636520385746,0.0
2002-04-05,23.060636520385746,0.0
2002-04-08,23.335987091064453,0.0
2002-04-09,23.12947463989257,0.0
2002-04-10,23.19831275939941,0.0
2002-04-11,23.886688232421875,0.0
2002-04-12,23.81785011291504,0.0
2002-04-15,23.473663330078125,0.0
2002-04-16,24.23087882995605,0.0
2002-04-17,25.056930541992188,0.0
2002-04-18,25.125768661499023,0.0
2002-04-19,25.74530792236328,0.0
2002-04-22,25.46995735168457,0.0
2002-04-23,24.98809242248535,0.0
2002-04-24,24.98809242248535,0.0
2002-04-25,24.16204071044922,0.0
2002-04-26,24.78157997131348,0.0
2002-04-29,24.91925430297852,0.0
2002-04-30,24.368553161621094,0.0
2002-05-01,24.368553161621094,0.0
2002-05-02,24.16204071044922,0.0
2002-05-03,24.57506561279297,0.0
2002-05-06,22.92296028137207,0.0
2002-05-07,23.26715087890625,0.0
2002-05-08,23.40482521057129,0.0
2002-05-09,23.473663330078125,0.0
2002-05-10,23.335987091064453,0.0
2002-05-13,23.19831275939941,0.0
2002-05-14,23.19831275939941,0.0
2002-05-15,23.611337661743164,0.0
2002-05-16,23.54250144958496,0.0
2002-05-17,23.611337661743164,0.0
2002-05-20,23.060636520385746,0.0
2002-05-21,22.854122161865234,0.0
2002-05-22,23.060636520385746,0.0
2002-05-23,22.991798400878903,0.0
2002-05-24,23.886688232421875,0.0
2002-05-27,23.68017578125,0.0
2002-05-28,23.473663330078125,0.0
2002-05-29,23.335987091064453,0.0
2002-05-30,24.29971694946289,0.0
2002-05-31,24.024364471435547,0.0
2002-06-03,23.68017578125,0.0
2002-06-04,23.40482521057129,0.0
2002-06-05,23.611337661743164,0.0
2002-06-06,23.74901390075684,0.0
2002-06-07,23.74901390075684,0.0
2002-06-10,23.611337661743164,0.0
2002-06-11,23.473663330078125,0.0
2002-06-12,23.26715087890625,0.0
2002-06-13,23.611337661743164,0.0
2002-06-14,23.12947463989257,0.0
2002-06-17,22.854122161865234,0.0
2002-06-18,22.92296028137207,0.0
2002-06-19,22.50993537902832,0.0
2002-06-20,21.54620742797852,0.636443
2002-06-21,21.89039421081543,0.0
2002-06-24,22.716447830200195,0.0
2002-06-25,22.991798400878903,0.0
2002-06-26,22.78528594970703,0.0
2002-06-27,22.64760971069336,0.0
2002-06-28,22.991798400878903,0.0
2002-07-01,22.23458480834961,0.0
2002-07-02,22.64760971069336,0.0
2002-07-03,22.716447830200195,0.0
2002-07-04,22.37225914001465,0.0
2002-07-05,22.37225914001465,0.0
2002-07-08,22.165746688842773,0.0
2002-07-09,21.959232330322266,0.0
2002-07-10,21.821557998657227,0.0
2002-07-11,22.0280704498291,0.0
2002-07-12,22.50993537902832,0.0
2002-07-15,22.37225914001465,0.0
2002-07-16,22.37225914001465,0.0
2002-07-17,22.64760971069336,0.0
2002-07-18,22.50993537902832,0.0
2002-07-19,22.165746688842773,0.0
2002-07-22,21.821557998657227,0.0
2002-07-23,21.959232330322266,0.0
2002-07-24,21.61504364013672,0.0
2002-07-25,21.61504364013672,0.0
2002-07-26,21.54620742797852,0.0
2002-07-29,21.683881759643555,0.0
2002-07-30,22.64760971069336,0.0
2002-07-31,22.64760971069336,0.0
2002-08-01,23.12947463989257,0.0
2002-08-02,23.335987091064453,0.0
2002-08-05,22.64760971069336,0.0
2002-08-06,22.165746688842773,0.0
2002-08-07,22.64760971069336,0.0
2002-08-08,22.578771591186523,0.0
2002-08-09,22.578771591186523,0.0
2002-08-12,22.096908569335938,0.0
2002-08-13,21.61504364013672,0.0
2002-08-14,21.54620742797852,0.0
2002-08-15,21.54620742797852,0.0
2002-08-16,21.47736930847168,0.0
2002-08-19,21.408531188964844,0.0
2002-08-20,21.20201873779297,0.0
2002-08-21,21.20201873779297,0.0
2002-08-22,21.339693069458008,0.0
2002-08-23,21.339693069458008,0.0
2002-08-26,21.133180618286133,0.0
2002-08-27,21.133180618286133,0.0
2002-08-28,20.99550437927246,0.0
2002-08-29,20.99550437927246,0.0
2002-08-30,20.926666259765625,0.0
2002-09-02,20.926666259765625,0.0
2002-09-03,20.85782814025879,0.0
2002-09-04,19.4122371673584,0.0
2002-09-05,20.72015380859375,0.0
2002-09-06,20.72015380859375,0.0
2002-09-09,20.65131568908692,0.0
2002-09-10,20.58247947692871,0.0
2002-09-11,20.513641357421875,0.0
2002-09-12,20.513641357421875,0.0
2002-09-13,20.44480323791504,0.0
2002-09-16,20.44480323791504,0.0
2002-09-17,21.339693069458008,0.0
2002-09-18,20.788991928100582,0.0
2002-09-19,20.513641357421875,0.0
2002-09-20,20.44480323791504,0.0
2002-09-23,20.30712890625,0.0
2002-09-24,20.30712890625,0.0
2002-09-25,19.82526397705078,0.0
2002-09-26,19.96293830871582,0.0
2002-09-27,20.10061454772949,0.0
2002-09-30,19.96293830871582,0.0
2002-10-01,19.894100189208984,0.0
2002-10-02,20.169452667236328,0.0
2002-10-03,20.238290786743164,0.0
2002-10-04,20.375965118408203,0.0
2002-10-07,19.96293830871582,0.0
2002-10-08,20.30712890625,0.0
2002-10-09,20.031776428222656,0.0
2002-10-10,20.031776428222656,0.0
2002-10-11,19.34339904785156,0.0
2002-10-14,18.586185455322266,0.0
2002-10-15,19.4122371673584,0.0
2002-10-16,19.34339904785156,0.0
2002-10-17,20.10061454772949,0.0
2002-10-18,20.72015380859375,0.0
2002-10-21,20.513641357421875,0.0
2002-10-22,20.031776428222656,0.0
2002-10-23,20.58247947692871,0.0
2002-10-24,20.58512687683105,0.0
2002-10-25,20.84988784790039,0.0
2002-10-28,20.18798446655273,0.0
2002-10-29,20.254175186157227,0.0
2002-10-30,19.85703468322754,0.0
2002-10-31,20.055604934692383,0.0
2002-11-01,19.724655151367188,0.0
2002-11-04,19.98941421508789,0.0
2002-11-05,19.65846443176269,0.0
2002-11-06,19.65846443176269,0.0
2002-11-07,19.65846443176269,0.0
2002-11-08,19.724655151367188,0.0
2002-11-11,18.996562957763672,0.0
2002-11-12,19.592273712158203,0.0
2002-11-13,19.39370346069336,0.0
2002-11-14,19.261323928833008,0.0
2002-11-15,19.526084899902344,0.0
2002-11-18,19.19513320922852,0.0
2002-11-19,18.73180389404297,0.0
2002-11-20,19.062753677368164,0.0
2002-11-21,19.062753677368164,0.0
2002-11-22,19.062753677368164,0.0
2002-11-25,17.738950729370117,0.0
2002-11-26,18.53323173522949,0.0
2002-11-27,18.33466148376465,0.0
2002-11-28,17.80514144897461,0.0
2002-11-29,18.202281951904297,0.0
2002-12-02,18.202281951904297,0.0
2002-12-03,17.738950729370117,0.0
2002-12-04,17.606571197509766,0.0
2002-12-05,17.87133026123047,0.0
2002-12-06,17.738950729370117,0.0
2002-12-09,17.87133026123047,0.0
2002-12-10,18.202281951904297,0.0
2002-12-11,18.26847267150879,0.0
2002-12-12,19.39370346069336,0.0
2002-12-13,18.86418342590332,0.0
2002-12-16,18.86418342590332,0.0
2002-12-17,18.40085220336914,0.0
2002-12-18,18.73180389404297,0.0
2002-12-19,19.45989418029785,0.0
2002-12-20,19.526084899902344,0.0
2002-12-23,18.73180389404297,0.0
2002-12-24,18.26847267150879,0.0
2002-12-25,18.069902420043945,0.0
2002-12-26,18.069902420043945,0.0
2002-12-27,18.53323173522949,0.0
2002-12-30,18.202281951904297,0.0
2002-12-31,18.26847267150879,0.0
2003-01-01,18.26847267150879,0.0
2003-01-02,18.73180389404297,0.0
2003-01-03,18.86418342590332,0.0
2003-01-06,18.73180389404297,0.0
2003-01-07,18.73180389404297,0.0
2003-01-08,18.996562957763672,0.0
2003-01-09,18.93037223815918,0.0
2003-01-10,18.86418342590332,0.0
2003-01-13,19.128944396972656,0.0
2003-01-14,19.062753677368164,0.0
2003-01-15,19.062753677368164,0.0
2003-01-16,19.062753677368164,0.0
2003-01-17,19.261323928833008,0.0
2003-01-20,19.39370346069336,0.0
2003-01-21,19.3275146484375,0.0
2003-01-22,19.65846443176269,0.0
2003-01-23,20.121795654296875,0.0
2003-01-24,20.51893615722656,0.0
2003-01-27,19.85703468322754,0.0
2003-01-28,20.121795654296875,0.0
2003-01-29,20.121795654296875,0.0
2003-01-30,20.121795654296875,0.0
2003-01-31,20.121795654296875,0.0
2003-02-03,20.121795654296875,0.0
2003-02-04,20.121795654296875,0.0
2003-02-05,20.121795654296875,0.0
2003-02-06,19.65846443176269,0.0
2003-02-07,19.3275146484375,0.0
2003-02-10,19.062753677368164,0.0
2003-02-11,18.93037223815918,0.0
2003-02-12,19.19513320922852,0.0
2003-02-13,18.53323173522949,0.0
2003-02-14,18.40085220336914,0.0
2003-02-17,18.86418342590332,0.0
2003-02-18,18.46704292297364,0.0
2003-02-19,18.26847267150879,0.0
2003-02-20,17.87133026123047,0.0
2003-02-21,17.80514144897461,0.0
2003-02-24,18.26847267150879,0.0
2003-02-25,17.80514144897461,0.0
2003-02-26,17.738950729370117,0.0
2003-02-27,18.069902420043945,0.0
2003-02-28,18.069902420043945,0.0
2003-03-03,18.53323173522949,0.0
2003-03-04,18.33466148376465,0.0
2003-03-05,17.93752098083496,0.0
2003-03-06,17.87133026123047,0.0
2003-03-07,17.87133026123047,0.0
2003-03-10,17.87133026123047,0.0
2003-03-11,17.077049255371094,0.0
2003-03-12,17.474191665649414,0.0
2003-03-13,17.408000946044922,0.0
2003-03-14,17.672761917114258,0.0
2003-03-17,16.878480911254883,0.0
2003-03-18,17.34181022644043,0.0
2003-03-19,17.34181022644043,0.0
2003-03-20,17.474191665649414,0.0
2003-03-21,17.474191665649414,0.0
2003-03-24,17.606571197509766,0.0
2003-03-25,17.408000946044922,0.0
2003-03-26,17.34181022644043,0.0
2003-03-27,17.474191665649414,0.0
2003-03-28,17.87133026123047,0.0
2003-03-31,17.87133026123047,0.0
2003-04-01,18.069902420043945,0.0
2003-04-02,17.672761917114258,0.0
2003-04-03,17.474191665649414,0.0
2003-04-04,17.87133026123047,0.0
2003-04-07,18.003711700439453,0.0
2003-04-08,17.87133026123047,0.0
2003-04-09,17.738950729370117,0.0
2003-04-10,17.672761917114258,0.0
2003-04-11,17.738950729370117,0.0
2003-04-14,17.87133026123047,0.0
2003-04-15,17.87133026123047,0.0
2003-04-16,18.202281951904297,0.0
2003-04-17,17.80514144897461,0.0
2003-04-18,18.003711700439453,0.0
2003-04-21,17.80514144897461,0.0
2003-04-22,17.606571197509766,0.0
2003-04-23,17.540380477905273,0.0
2003-04-24,16.7460994720459,0.0
2003-04-25,16.415149688720703,0.0
2003-04-28,15.951818466186523,0.0
2003-04-29,16.34895896911621,0.0
2003-04-30,15.75324821472168,0.0
2003-05-01,15.75324821472168,0.0
2003-05-02,16.084197998046875,0.0
2003-05-05,15.885627746582031,0.0
2003-05-06,16.084197998046875,0.0
2003-05-07,16.415149688720703,0.0
2003-05-08,16.216577529907227,0.0
2003-05-09,16.28276824951172,0.0
2003-05-12,16.34895896911621,0.0
2003-05-13,16.613719940185547,0.0
2003-05-14,16.679908752441406,0.0
2003-05-15,16.878480911254883,0.0
2003-05-16,17.010860443115234,0.0
2003-05-19,17.143239974975586,0.0
2003-05-20,17.143239974975586,0.0
2003-05-21,17.209430694580078,0.0
2003-05-22,17.275619506835938,0.0
2003-05-23,17.34181022644043,0.0
2003-05-26,17.540380477905273,0.0
2003-05-27,17.672761917114258,0.0
2003-05-28,17.87133026123047,0.0
2003-05-29,18.53323173522949,0.0
2003-05-30,17.93752098083496,0.0
2003-06-02,18.26847267150879,0.0
2003-06-03,18.40085220336914,0.0
2003-06-04,18.40085220336914,0.0
2003-06-05,18.53323173522949,0.0
2003-06-06,18.33466148376465,0.0
2003-06-09,18.26847267150879,0.0
2003-06-10,18.202281951904297,0.0
2003-06-11,18.46704292297364,0.0
2003-06-12,18.46704292297364,0.0
2003-06-13,18.33466148376465,0.0
2003-06-16,18.33466148376465,0.0
2003-06-17,18.797992706298828,0.0
2003-06-18,18.53323173522949,0.0
2003-06-19,18.53323173522949,0.0
2003-06-20,18.46704292297364,0.0
2003-06-23,18.46704292297364,0.0
2003-06-24,18.26847267150879,0.0
2003-06-25,18.53323173522949,0.0
2003-06-26,18.46704292297364,0.0
2003-06-27,18.33466148376465,0.0
2003-06-30,18.33466148376465,0.0
2003-07-01,18.46704292297364,0.0
2003-07-02,18.599422454833984,0.0
2003-07-03,19.45989418029785,0.0
2003-07-04,18.996562957763672,0.0
2003-07-07,19.39370346069336,0.0
2003-07-08,19.39370346069336,0.0
2003-07-09,19.128944396972656,0.0
2003-07-10,18.86418342590332,0.0
2003-07-11,18.202281951904297,0.0
2003-07-14,18.86418342590332,0.0
2003-07-15,18.53323173522949,0.0
2003-07-16,18.53323173522949,0.0
2003-07-17,18.136091232299805,0.0
2003-07-18,18.003711700439453,0.0
2003-07-21,17.606571197509766,0.0
2003-07-22,17.209430694580078,0.792891
2003-07-23,17.474191665649414,0.0
2003-07-24,17.738950729370117,0.0
2003-07-25,17.87133026123047,0.0
2003-07-28,17.80514144897461,0.0
2003-07-29,17.209430694580078,0.0
2003-07-30,17.077049255371094,0.0
2003-07-31,17.209430694580078,0.0
2003-08-01,17.010860443115234,0.0
2003-08-04,16.944669723510742,0.0
2003-08-05,17.077049255371094,0.0
2003-08-06,16.878480911254883,0.0
2003-08-07,16.944669723510742,0.0
2003-08-08,16.812288284301758,0.0
2003-08-11,16.7460994720459,0.0
2003-08-12,17.143239974975586,0.0
2003-08-13,17.540380477905273,0.0
2003-08-14,17.80514144897461,0.0
2003-08-15,17.87133026123047,0.0
2003-08-18,18.202281951904297,0.0
2003-08-19,18.33466148376465,0.0
2003-08-20,18.599422454833984,0.0
2003-08-21,18.599422454833984,0.0
2003-08-22,19.128944396972656,0.0
2003-08-25,19.65846443176269,0.0
2003-08-26,19.45989418029785,0.0
2003-08-27,19.45989418029785,0.0
2003-08-28,19.85703468322754,0.0
2003-08-29,19.65846443176269,0.0
2003-09-01,19.724655151367188,0.0
2003-09-02,20.121795654296875,0.0
2003-09-03,20.65131568908692,0.0
2003-09-04,20.783695220947266,0.0
2003-09-05,20.717506408691406,0.0
2003-09-08,21.180837631225582,0.0
2003-09-09,20.51893615722656,0.0
2003-09-10,20.055604934692383,0.0
2003-09-11,20.055604934692383,0.0
2003-09-12,20.121795654296875,0.0
2003-09-15,20.18798446655273,0.0
2003-09-16,20.84988784790039,0.0
2003-09-17,20.58512687683105,0.0
2003-09-18,20.32036590576172,0.0
2003-09-19,20.51893615722656,0.0
2003-09-22,20.51893615722656,0.0
2003-09-23,20.65131568908692,0.0
2003-09-24,21.842737197875977,0.0
2003-09-25,22.50464057922364,0.0
2003-09-26,22.173688888549805,0.0
2003-09-29,22.173688888549805,0.0
2003-09-30,21.842737197875977,0.0
2003-10-01,21.842737197875977,0.0
2003-10-02,22.637020111083984,0.0
2003-10-03,22.835590362548828,0.0
2003-10-06,22.901779174804688,0.0
2003-10-07,23.49749183654785,0.0
2003-10-08,23.298921585083008,0.0
2003-10-09,23.100351333618164,0.0
2003-10-10,23.100351333618164,0.0
2003-10-13,23.56368064880371,0.0
2003-10-14,23.49749183654785,0.0
2003-10-15,22.901779174804688,0.0
2003-10-16,23.23273086547852,0.0
2003-10-17,23.56368064880371,0.0
2003-10-20,23.762252807617188,0.0
2003-10-21,23.69606208801269,0.0
2003-10-22,23.365110397338867,0.0
2003-10-23,22.96796989440918,0.0
2003-10-24,22.37225914001465,0.0
2003-10-27,22.50464057922364,0.0
2003-10-28,23.298921585083008,0.0
2003-10-29,23.365110397338867,0.0
2003-10-30,23.56368064880371,0.0
2003-10-31,23.69606208801269,0.0
2003-11-03,23.69606208801269,0.0
2003-11-04,23.298921585083008,0.0
2003-11-05,22.96796989440918,0.0
2003-11-06,21.842737197875977,0.0
2003-11-07,21.842737197875977,0.0
2003-11-10,22.173688888549805,0.0
2003-11-11,22.041309356689453,0.0
2003-11-12,21.77654838562012,0.0
2003-11-13,21.842737197875977,0.0
2003-11-14,21.77654838562012,0.0
2003-11-17,21.51178741455078,0.0
2003-11-18,21.37940788269043,0.0
2003-11-19,21.64416885375977,0.0
2003-11-20,21.51178741455078,0.0
2003-11-21,21.57797813415528,0.0
2003-11-24,21.313217163085938,0.0
2003-11-25,21.37940788269043,0.0
2003-11-26,21.313217163085938,0.0
2003-11-27,20.51893615722656,0.0
2003-11-28,20.51893615722656,0.0
2003-12-01,20.982267379760746,0.0
2003-12-02,21.51178741455078,0.0
2003-12-03,21.114646911621094,0.0
2003-12-04,21.180837631225582,0.0
2003-12-05,21.0484561920166,0.0
2003-12-08,21.37940788269043,0.0
2003-12-09,21.313217163085938,0.0
2003-12-10,20.91607666015625,0.0
2003-12-11,21.44559860229492,0.0
2003-12-12,21.64416885375977,0.0
2003-12-15,21.64416885375977,0.0
2003-12-16,21.77654838562012,0.0
2003-12-17,21.114646911621094,0.0
2003-12-18,21.37940788269043,0.0
2003-12-19,21.37940788269043,0.0
2003-12-22,21.64416885375977,0.0
2003-12-23,21.57797813415528,0.0
2003-12-24,21.77654838562012,0.0
2003-12-25,21.51178741455078,0.0
2003-12-26,21.57797813415528,0.0
2003-12-29,21.51178741455078,0.0
2003-12-30,21.64416885375977,0.0
2003-12-31,21.51178741455078,0.0
2004-01-01,21.51178741455078,0.0
2004-01-02,21.90892791748047,0.0
2004-01-05,22.173688888549805,0.0
2004-01-06,22.173688888549805,0.0
2004-01-07,21.97511863708496,0.0
2004-01-08,21.37940788269043,0.0
2004-01-09,21.37940788269043,0.0
2004-01-12,21.180837631225582,0.0
2004-01-13,21.313217163085938,0.0
2004-01-14,21.77654838562012,0.0
2004-01-15,22.30606842041016,0.0
2004-01-16,22.239879608154297,0.0
2004-01-19,22.239879608154297,0.0
2004-01-20,22.239879608154297,0.0
2004-01-21,22.239879608154297,0.0
2004-01-22,22.239879608154297,0.0
2004-01-23,22.239879608154297,0.0
2004-01-26,22.239879608154297,0.0
2004-01-27,22.50464057922364,0.0
2004-01-28,22.239879608154297,0.0
2004-01-29,21.710357666015625,0.0
2004-01-30,21.77654838562012,0.0
2004-02-02,21.313217163085938,0.0
2004-02-03,20.91607666015625,0.0
2004-02-04,20.51893615722656,0.0
2004-02-05,20.51893615722656,0.0
2004-02-06,20.783695220947266,0.0
2004-02-09,20.982267379760746,0.0
2004-02-10,21.247026443481445,0.0
2004-02-11,21.37940788269043,0.0
2004-02-12,21.51178741455078,0.0
2004-02-13,22.50464057922364,0.0
2004-02-16,22.901779174804688,0.0
2004-02-17,22.57082939147949,0.0
2004-02-18,22.50464057922364,0.0
2004-02-19,22.769399642944336,0.0
2004-02-20,22.901779174804688,0.0
2004-02-23,23.365110397338867,0.0
2004-02-24,23.298921585083008,0.0
2004-02-25,23.166540145874023,0.0
2004-02-26,23.365110397338867,0.0
2004-02-27,23.49749183654785,0.0
2004-03-01,25.0860538482666,0.0
2004-03-02,25.284624099731445,0.0
2004-03-03,25.0860538482666,0.0
2004-03-04,25.152244567871094,0.0
2004-03-05,23.828441619873047,0.0
2004-03-08,24.22558212280273,0.0
2004-03-09,24.22558212280273,0.0
2004-03-10,23.828441619873047,0.0
2004-03-11,23.828441619873047,0.0
2004-03-12,23.298921585083008,0.0
2004-03-15,21.842737197875977,0.0
2004-03-16,22.50464057922364,0.0
2004-03-17,22.173688888549805,0.0
2004-03-18,22.96796989440918,0.0
2004-03-19,22.96796989440918,0.0
2004-03-22,21.37940788269043,0.0
2004-03-23,21.842737197875977,0.0
2004-03-24,21.842737197875977,0.0
2004-03-25,21.64416885375977,0.0
2004-03-26,21.64416885375977,0.0
2004-03-29,22.70321083068848,0.0
2004-03-30,22.50464057922364,0.0
2004-03-31,22.901779174804688,0.0
2004-04-01,22.50464057922364,0.0
2004-04-02,22.50464057922364,0.0
2004-04-05,22.637020111083984,0.0
2004-04-06,22.835590362548828,0.0
2004-04-07,22.96796989440918,0.0
2004-04-08,22.769399642944336,0.0
2004-04-09,22.50464057922364,0.0
2004-04-12,22.769399642944336,0.0
2004-04-13,22.769399642944336,0.0
2004-04-14,22.637020111083984,0.0
2004-04-15,22.43844985961914,0.0
2004-04-16,22.769399642944336,0.0
2004-04-19,22.50464057922364,0.0
2004-04-20,22.70321083068848,0.0
2004-04-21,22.901779174804688,0.0
2004-04-22,22.57082939147949,0.0
2004-04-23,22.50464057922364,0.0
2004-04-26,22.50464057922364,0.0
2004-04-27,22.70321083068848,0.0
2004-04-28,22.637020111083984,0.0
2004-04-29,22.173688888549805,0.0
2004-04-30,20.982267379760746,0.0
2004-05-03,21.313217163085938,0.0
2004-05-04,22.239879608154297,0.0
2004-05-05,21.180837631225582,0.0
2004-05-06,21.37940788269043,0.0
2004-05-07,22.041309356689453,0.0
2004-05-10,21.37940788269043,0.0
2004-05-11,21.37940788269043,0.0
2004-05-12,21.0484561920166,0.0
2004-05-13,21.0484561920166,0.0
2004-05-14,20.58512687683105,0.0
2004-05-17,19.261323928833008,0.0
2004-05-18,19.3275146484375,0.0
2004-05-19,20.055604934692383,0.0
2004-05-20,19.65846443176269,0.0
2004-05-21,20.18798446655273,0.0
2004-05-24,20.121795654296875,0.0
2004-05-25,19.92322540283203,0.0
2004-05-26,20.51893615722656,0.0
2004-05-27,21.44559860229492,0.0
2004-05-28,21.97511863708496,0.0
2004-05-31,21.180837631225582,0.0
2004-06-01,21.37940788269043,0.0
2004-06-02,20.84988784790039,0.0
2004-06-03,19.92322540283203,0.0
2004-06-04,19.98941421508789,0.0
2004-06-07,21.0484561920166,0.0
2004-06-08,21.313217163085938,0.0
2004-06-09,21.313217163085938,0.0
2004-06-10,20.65131568908692,0.0
2004-06-11,20.717506408691406,0.0
2004-06-14,20.18798446655273,0.0
2004-06-15,20.982267379760746,0.0
2004-06-16,20.32036590576172,0.0
2004-06-17,20.717506408691406,0.0
2004-06-18,20.38655662536621,0.0
2004-06-21,20.84988784790039,0.0
2004-06-22,20.84988784790039,0.0
2004-06-23,20.717506408691406,0.0
2004-06-24,20.84988784790039,0.0
2004-06-25,21.180837631225582,0.0
2004-06-28,20.58512687683105,0.0
2004-06-29,19.19513320922852,0.0
2004-06-30,19.39370346069336,0.0
2004-07-01,19.92322540283203,0.0
2004-07-02,19.65846443176269,0.0
2004-07-05,19.39370346069336,0.0
2004-07-06,19.79084587097168,0.0
2004-07-07,20.055604934692383,0.0
2004-07-08,20.121795654296875,0.0
2004-07-09,20.32036590576172,0.0
2004-07-12,20.121795654296875,0.0
2004-07-13,19.85703468322754,0.0
2004-07-14,19.79084587097168,0.0
2004-07-15,19.79084587097168,0.0
2004-07-16,19.85703468322754,0.0
2004-07-19,19.85703468322754,0.0
2004-07-20,19.39370346069336,0.0
2004-07-21,18.26847267150879,1.055799
2004-07-22,18.069902420043945,0.0
2004-07-23,17.738950729370117,0.0
2004-07-26,17.34181022644043,0.0
2004-07-27,17.80514144897461,0.0
2004-07-28,18.069902420043945,0.0
2004-07-29,17.738950729370117,0.0
2004-07-30,18.53323173522949,0.0
2004-08-02,18.797992706298828,0.0
2004-08-03,18.33466148376465,0.0
2004-08-04,18.26847267150879,0.0
2004-08-05,18.46704292297364,0.0
2004-08-06,18.599422454833984,0.0
2004-08-09,18.599422454833984,0.0
2004-08-10,18.599422454833984,0.0
2004-08-11,18.46704292297364,0.0
2004-08-12,18.136091232299805,0.0
2004-08-13,18.136091232299805,0.0
2004-08-16,17.87133026123047,0.0
2004-08-17,17.93752098083496,0.0
2004-08-18,18.66561317443848,0.0
2004-08-19,19.19513320922852,0.0
2004-08-20,19.39370346069336,0.0
2004-08-23,19.592273712158203,0.0
2004-08-24,19.592273712158203,0.0
2004-08-25,19.592273712158203,0.0
2004-08-26,20.121795654296875,0.0
2004-08-27,19.92322540283203,0.0
2004-08-30,20.38655662536621,0.0
2004-08-31,20.65131568908692,0.0
2004-09-01,20.84988784790039,0.0
2004-09-02,20.18798446655273,0.0
2004-09-03,19.92322540283203,0.0
2004-09-06,19.92322540283203,0.0
2004-09-07,20.32036590576172,0.0
2004-09-08,20.65131568908692,0.0
2004-09-09,20.58512687683105,0.0
2004-09-10,20.51893615722656,0.0
2004-09-13,20.91607666015625,0.0
2004-09-14,21.180837631225582,0.0
2004-09-15,20.982267379760746,0.0
2004-09-16,20.51893615722656,0.0
2004-09-17,20.055604934692383,0.0
2004-09-20,20.32036590576172,0.0
2004-09-21,20.84988784790039,0.0
2004-09-22,20.65131568908692,0.0
2004-09-23,20.18798446655273,0.0
2004-09-24,19.92322540283203,0.0
2004-09-27,20.32036590576172,0.0
2004-09-28,20.32036590576172,0.0
2004-09-29,20.38655662536621,0.0
2004-09-30,20.65131568908692,0.0
2004-10-01,21.114646911621094,0.0
2004-10-04,21.97511863708496,0.0
2004-10-05,21.37940788269043,0.0
2004-10-06,21.64416885375977,0.0
2004-10-07,21.90892791748047,0.0
2004-10-08,22.041309356689453,0.0
2004-10-11,22.041309356689453,0.0
2004-10-12,21.180837631225582,0.0
2004-10-13,21.0484561920166,0.0
2004-10-14,20.51893615722656,0.0
2004-10-15,20.254175186157227,0.0
2004-10-18,20.38655662536621,0.0
2004-10-19,20.38655662536621,0.0
2004-10-20,20.38655662536621,0.0
2004-10-21,20.58512687683105,0.0
2004-10-22,20.717506408691406,0.0
2004-10-25,20.717506408691406,0.0
2004-10-26,20.45274543762207,0.0
2004-10-27,20.65131568908692,0.0
2004-10-28,20.38655662536621,0.0
2004-10-29,20.84988784790039,0.0
2004-11-01,21.114646911621094,0.0
2004-11-02,22.041309356689453,0.0
2004-11-03,21.842737197875977,0.0
2004-11-04,21.51178741455078,0.0
2004-11-05,22.041309356689453,0.0
2004-11-08,22.57082939147949,0.0
2004-11-09,22.43844985961914,0.0
2004-11-10,22.173688888549805,0.0
2004-11-11,22.107498168945312,0.0
2004-11-12,22.173688888549805,0.0
2004-11-15,22.041309356689453,0.0
2004-11-16,21.90892791748047,0.0
2004-11-17,22.30606842041016,0.0
2004-11-18,22.50464057922364,0.0
2004-11-19,21.842737197875977,0.0
2004-11-22,21.180837631225582,0.0
2004-11-23,21.313217163085938,0.0
2004-11-24,21.44559860229492,0.0
2004-11-25,21.313217163085938,0.0
2004-11-26,20.717506408691406,0.0
2004-11-29,20.783695220947266,0.0
2004-11-30,21.37940788269043,0.0
2004-12-01,21.180837631225582,0.0
2004-12-02,21.313217163085938,0.0
2004-12-03,21.44559860229492,0.0
2004-12-06,21.37940788269043,0.0
2004-12-07,21.180837631225582,0.0
2004-12-08,21.114646911621094,0.0
2004-12-09,21.247026443481445,0.0
2004-12-10,21.37940788269043,0.0
2004-12-13,20.982267379760746,0.0
2004-12-14,21.114646911621094,0.0
2004-12-15,20.982267379760746,0.0
2004-12-16,21.64416885375977,0.0
2004-12-17,21.710357666015625,0.0
2004-12-20,21.97511863708496,0.0
2004-12-21,21.97511863708496,0.0
2004-12-22,21.77654838562012,0.0
2004-12-23,21.64416885375977,0.0
2004-12-24,21.77654838562012,0.0
2004-12-27,21.77654838562012,0.0
2004-12-28,21.51178741455078,0.0
2004-12-29,21.57797813415528,0.0
2004-12-30,21.37940788269043,0.0
2004-12-31,21.51178741455078,0.0
2005-01-03,21.64416885375977,0.0
2005-01-04,21.57797813415528,0.0
2005-01-05,21.247026443481445,0.0
2005-01-06,21.37940788269043,0.0
2005-01-07,21.313217163085938,0.0
2005-01-10,21.51178741455078,0.0
2005-01-11,21.51178741455078,0.0
2005-01-12,20.982267379760746,0.0
2005-01-13,20.982267379760746,0.0
2005-01-14,21.0484561920166,0.0
2005-01-17,21.114646911621094,0.0
2005-01-18,21.114646911621094,0.0
2005-01-19,20.84988784790039,0.0
2005-01-20,20.84988784790039,0.0
2005-01-21,20.58512687683105,0.0
2005-01-24,20.51893615722656,0.0
2005-01-25,20.32036590576172,0.0
2005-01-26,20.717506408691406,0.0
2005-01-27,20.84988784790039,0.0
2005-01-28,20.91607666015625,0.0
2005-01-31,21.0484561920166,0.0
2005-02-01,21.180837631225582,0.0
2005-02-02,21.51178741455078,0.0
2005-02-03,21.44559860229492,0.0
2005-02-04,21.44559860229492,0.0
2005-02-07,21.44559860229492,0.0
2005-02-08,21.44559860229492,0.0
2005-02-09,21.44559860229492,0.0
2005-02-10,21.44559860229492,0.0
2005-02-11,21.44559860229492,0.0
2005-02-14,21.57797813415528,0.0
2005-02-15,21.64416885375977,0.0
2005-02-16,21.57797813415528,0.0
2005-02-17,21.114646911621094,0.0
2005-02-18,20.982267379760746,0.0
2005-02-21,19.526084899902344,0.0
2005-02-22,20.84988784790039,0.0
2005-02-23,21.313217163085938,0.0
2005-02-24,21.44559860229492,0.0
2005-02-25,21.64416885375977,0.0
2005-02-28,21.64416885375977,0.0
2005-03-01,21.710357666015625,0.0
2005-03-02,21.64416885375977,0.0
2005-03-03,21.710357666015625,0.0
2005-03-04,21.47869300842285,0.0
2005-03-07,21.47869300842285,0.0
2005-03-08,21.346311569213867,0.0
2005-03-09,21.280122756958008,0.0
2005-03-10,21.0484561920166,0.0
2005-03-11,20.91607666015625,0.0
2005-03-14,21.114646911621094,0.0
2005-03-15,20.91607666015625,0.0
2005-03-16,20.684410095214844,0.0
2005-03-17,20.18798446655273,0.0
2005-03-18,20.055604934692383,0.0
2005-03-21,20.121795654296875,0.0
2005-03-22,20.38655662536621,0.0
2005-03-23,20.055604934692383,0.0
2005-03-24,19.85703468322754,0.0
2005-03-25,20.121795654296875,0.0
2005-03-28,19.95631980895996,0.0
2005-03-29,19.85703468322754,0.0
2005-03-30,19.69156074523925,0.0
2005-03-31,19.75774955749512,0.0
2005-04-01,19.261323928833008,0.0
2005-04-04,19.261323928833008,0.0
2005-04-05,19.261323928833008,0.0
2005-04-06,19.19513320922852,0.0
2005-04-07,19.062753677368164,0.0
2005-04-08,19.3275146484375,0.0
2005-04-11,19.49298858642578,0.0
2005-04-12,19.592273712158203,0.0
2005-04-13,19.724655151367188,0.0
2005-04-14,19.85703468322754,0.0
2005-04-15,19.65846443176269,0.0
2005-04-18,18.996562957763672,0.0
2005-04-19,19.19513320922852,0.0
2005-04-20,18.996562957763672,0.0
2005-04-21,18.996562957763672,0.0
2005-04-22,19.22822952270508,0.0
2005-04-25,19.19513320922852,0.0
2005-04-26,18.797992706298828,0.0
2005-04-27,18.53323173522949,0.0
2005-04-28,18.83108711242676,0.0
2005-04-29,18.7648983001709,0.0
2005-05-02,18.7648983001709,0.0
2005-05-03,19.19513320922852,0.0
2005-05-04,19.19513320922852,0.0
2005-05-05,19.55917930603028,0.0
2005-05-06,19.19513320922852,0.0
2005-05-09,19.42679977416992,0.0
2005-05-10,19.526084899902344,0.0
2005-05-11,19.49298858642578,0.0
2005-05-12,19.526084899902344,0.0
2005-05-13,19.55917930603028,0.0
2005-05-16,19.625368118286133,0.0
2005-05-17,19.625368118286133,0.0
2005-05-18,19.92322540283203,0.0
2005-05-19,20.154890060424805,0.0
2005-05-20,19.65846443176269,0.0
2005-05-23,19.592273712158203,0.0
2005-05-24,19.39370346069336,0.0
2005-05-25,19.49298858642578,0.0
2005-05-26,19.85703468322754,0.0
2005-05-27,20.022510528564453,0.0
2005-05-30,20.18798446655273,0.0
2005-05-31,19.724655151367188,0.0
2005-06-01,19.45989418029785,0.0
2005-06-02,19.82394027709961,0.0
2005-06-03,19.85703468322754,0.0
2005-06-06,19.85703468322754,0.0
2005-06-07,19.85703468322754,0.0
2005-06-08,20.121795654296875,0.0
2005-06-09,20.154890060424805,0.0
2005-06-10,20.58512687683105,0.0
2005-06-13,20.816791534423828,0.0
2005-06-14,20.91607666015625,0.0
2005-06-15,20.94917106628418,0.0
2005-06-16,21.147741317749023,0.0
2005-06-17,21.180837631225582,0.0
2005-06-20,20.982267379760746,0.0
2005-06-21,20.717506408691406,0.0
2005-06-22,21.081552505493164,0.0
2005-06-23,21.313217163085938,0.0
2005-06-24,21.114646911621094,0.0
2005-06-27,20.91607666015625,0.0
2005-06-28,21.015361785888672,0.0
2005-06-29,20.58512687683105,0.0
2005-06-30,20.38655662536621,0.0
2005-07-01,20.18798446655273,0.0
2005-07-04,20.18798446655273,0.0
2005-07-05,20.088699340820312,0.0
2005-07-06,20.58512687683105,0.0
2005-07-07,20.84988784790039,0.0
2005-07-08,20.783695220947266,0.0
2005-07-11,20.84988784790039,0.0
2005-07-12,20.88298225402832,0.0
2005-07-13,20.65131568908692,0.0
2005-07-14,20.94917106628418,0.0
2005-07-15,21.081552505493164,0.0
2005-07-18,21.081552505493164,0.0
2005-07-19,21.081552505493164,0.0
2005-07-20,21.147741317749023,0.0
2005-07-21,19.98941421508789,1.125232
2005-07-22,20.121795654296875,0.0
2005-07-25,20.32036590576172,0.0
2005-07-26,20.28727149963379,0.0
2005-07-27,20.41965103149414,0.0
2005-07-28,20.94917106628418,0.0
2005-07-29,20.65131568908692,0.0
2005-08-01,20.45274543762207,0.0
2005-08-02,20.816791534423828,0.0
2005-08-03,21.081552505493164,0.0
2005-08-04,21.015361785888672,0.0
2005-08-05,21.015361785888672,0.0
2005-08-08,20.717506408691406,0.0
2005-08-09,20.88298225402832,0.0
2005-08-10,20.618221282958984,0.0
2005-08-11,20.783695220947266,0.0
2005-08-12,21.015361785888672,0.0
2005-08-15,20.84988784790039,0.0
2005-08-16,20.88298225402832,0.0
2005-08-17,20.58512687683105,0.0
2005-08-18,20.35346031188965,0.0
2005-08-19,20.51893615722656,0.0
2005-08-22,20.45274543762207,0.0
2005-08-23,20.32036590576172,0.0
2005-08-24,20.154890060424805,0.0
2005-08-25,19.98941421508789,0.0
2005-08-26,20.088699340820312,0.0
2005-08-29,19.82394027709961,0.0
2005-08-30,19.79084587097168,0.0
2005-08-31,19.592273712158203,0.0
2005-09-01,19.592273712158203,0.0
2005-09-02,19.92322540283203,0.0
2005-09-05,19.75774955749512,0.0
2005-09-06,19.625368118286133,0.0
2005-09-07,19.526084899902344,0.0
2005-09-08,19.128944396972656,0.0
2005-09-09,19.162038803100582,0.0
2005-09-12,19.19513320922852,0.0
2005-09-13,19.42679977416992,0.0
2005-09-14,19.45989418029785,0.0
2005-09-15,19.69156074523925,0.0
2005-09-16,19.65846443176269,0.0
2005-09-19,19.55917930603028,0.0
2005-09-20,19.39370346069336,0.0
2005-09-21,18.996562957763672,0.0
2005-09-22,18.36775779724121,0.0
2005-09-23,18.30156707763672,0.0
2005-09-26,18.66561317443848,0.0
2005-09-27,18.73180389404297,0.0
2005-09-28,19.45989418029785,0.0
2005-09-29,19.592273712158203,0.0
2005-09-30,20.121795654296875,0.0
2005-10-03,19.92322540283203,0.0
2005-10-04,20.121795654296875,0.0
2005-10-05,20.121795654296875,0.0
2005-10-06,19.65846443176269,0.0
2005-10-07,19.526084899902344,0.0
2005-10-10,19.526084899902344,0.0
2005-10-11,19.49298858642578,0.0
2005-10-12,18.93037223815918,0.0
2005-10-13,18.83108711242676,0.0
2005-10-14,18.996562957763672,0.0
2005-10-17,19.128944396972656,0.0
2005-10-18,18.89727783203125,0.0
2005-10-19,18.33466148376465,0.0
2005-10-20,18.632518768310547,0.0
2005-10-21,19.19513320922852,0.0
2005-10-24,19.162038803100582,0.0
2005-10-25,19.162038803100582,0.0
2005-10-26,19.79084587097168,0.0
2005-10-27,19.592273712158203,0.0
2005-10-28,19.062753677368164,0.0
2005-10-31,19.19513320922852,0.0
2005-11-01,19.095848083496094,0.0
2005-11-02,18.93037223815918,0.0
2005-11-03,18.7648983001709,0.0
2005-11-04,19.062753677368164,0.0
2005-11-07,19.162038803100582,0.0
2005-11-08,18.53323173522949,0.0
2005-11-09,18.56632804870605,0.0
2005-11-10,18.53323173522949,0.0
2005-11-11,18.7648983001709,0.0
2005-11-14,18.599422454833984,0.0
2005-11-15,18.53323173522949,0.0
2005-11-16,18.53323173522949,0.0
2005-11-17,18.30156707763672,0.0
2005-11-18,18.56632804870605,0.0
2005-11-21,18.66561317443848,0.0
2005-11-22,18.53323173522949,0.0
2005-11-23,18.235376358032227,0.0
2005-11-24,18.102996826171875,0.0
2005-11-25,17.83823585510254,0.0
2005-11-28,17.90442657470703,0.0
2005-11-29,17.772045135498047,0.0
2005-11-30,17.705856323242188,0.0
2005-12-01,17.87133026123047,0.0
2005-12-02,18.202281951904297,0.0
2005-12-05,18.46704292297364,0.0
2005-12-06,18.53323173522949,0.0
2005-12-07,18.069902420043945,0.0
2005-12-08,17.87133026123047,0.0
2005-12-09,17.87133026123047,0.0
2005-12-12,18.202281951904297,0.0
2005-12-13,18.235376358032227,0.0
2005-12-14,18.50013732910156,0.0
2005-12-15,18.202281951904297,0.0
2005-12-16,18.36775779724121,0.0
2005-12-19,18.56632804870605,0.0
2005-12-20,18.40085220336914,0.0
2005-12-21,18.632518768310547,0.0
2005-12-22,18.26847267150879,0.0
2005-12-23,18.66561317443848,0.0
2005-12-26,18.66561317443848,0.0
2005-12-27,18.46704292297364,0.0
2005-12-28,18.797992706298828,0.0
2005-12-29,18.73180389404297,0.0
2005-12-30,18.66561317443848,0.0
2006-01-02,18.202281951904297,0.0
2006-01-03,18.797992706298828,0.0
2006-01-04,18.89727783203125,0.0
2006-01-05,18.89727783203125,0.0
2006-01-06,18.996562957763672,0.0
2006-01-09,18.996562957763672,0.0
2006-01-10,18.996562957763672,0.0
2006-01-11,19.19513320922852,0.0
2006-01-12,18.93037223815918,0.0
2006-01-13,18.93037223815918,0.0
2006-01-16,18.7648983001709,0.0
2006-01-17,18.7648983001709,0.0
2006-01-18,18.36775779724121,0.0
2006-01-19,18.202281951904297,0.0
2006-01-20,18.202281951904297,0.0
2006-01-23,18.069902420043945,0.0
2006-01-24,18.003711700439453,0.0
2006-01-25,18.53323173522949,0.0
2006-02-03,18.93037223815918,0.0
2006-02-06,18.93037223815918,0.0
2006-02-07,19.062753677368164,0.0
2006-02-08,18.86418342590332,0.0
2006-02-09,18.797992706298828,0.0
2006-02-10,18.7648983001709,0.0
2006-02-13,18.963468551635746,0.0
2006-02-14,19.39370346069336,0.0
2006-02-15,19.062753677368164,0.0
2006-02-16,19.22822952270508,0.0
2006-02-17,19.261323928833008,0.0
2006-02-20,19.526084899902344,0.0
2006-02-21,19.45989418029785,0.0
2006-02-22,19.39370346069336,0.0
2006-02-23,19.3275146484375,0.0
2006-02-24,19.45989418029785,0.0
2006-02-27,19.261323928833008,0.0
2006-03-01,19.19513320922852,0.0
2006-03-02,19.526084899902344,0.0
2006-03-03,19.19513320922852,0.0
2006-03-06,19.19513320922852,0.0
2006-03-07,18.202281951904297,0.0
2006-03-08,17.93752098083496,0.0
2006-03-09,18.33466148376465,0.0
2006-03-10,17.93752098083496,0.0
2006-03-13,18.069902420043945,0.0
2006-03-14,17.705856323242188,0.0
2006-03-15,17.672761917114258,0.0
2006-03-16,17.606571197509766,0.0
2006-03-17,17.573476791381836,0.0
2006-03-20,17.772045135498047,0.0
2006-03-21,17.93752098083496,0.0
2006-03-22,17.738950729370117,0.0
2006-03-23,17.540380477905273,0.0
2006-03-24,17.97061538696289,0.0
2006-03-27,17.87133026123047,0.0
2006-03-28,17.672761917114258,0.0
2006-03-29,17.87133026123047,0.0
2006-03-30,18.36775779724121,0.0
2006-03-31,18.202281951904297,0.0
2006-04-03,18.30156707763672,0.0
2006-04-04,18.30156707763672,0.0
2006-04-06,18.53323173522949,0.0
2006-04-07,18.7648983001709,0.0
2006-04-10,18.797992706298828,0.0
2006-04-11,18.50013732910156,0.0
2006-04-12,18.43394660949707,0.0
2006-04-13,19.162038803100582,0.0
2006-04-14,19.22822952270508,0.0
2006-04-17,19.49298858642578,0.0
2006-04-18,19.45989418029785,0.0
2006-04-19,19.526084899902344,0.0
2006-04-20,19.75774955749512,0.0
2006-04-21,19.65846443176269,0.0
2006-04-24,19.65846443176269,0.0
2006-04-25,19.724655151367188,0.0
2006-04-26,20.154890060424805,0.0
2006-04-27,20.84988784790039,0.0
2006-04-28,20.45274543762207,0.0
2006-05-02,20.45274543762207,0.0
2006-05-03,20.65131568908692,0.0
2006-05-04,20.783695220947266,0.0
2006-05-05,21.280122756958008,0.0
2006-05-08,21.41250228881836,0.0
2006-05-09,21.47869300842285,0.0
2006-05-10,20.51893615722656,0.0
2006-05-11,20.18798446655273,0.0
2006-05-12,20.51893615722656,0.0
2006-05-15,19.42679977416992,0.0
2006-05-16,18.86418342590332,0.0
2006-05-17,19.36060905456543,0.0
2006-05-18,18.86418342590332,0.0
2006-05-19,18.996562957763672,0.0
2006-05-22,18.53323173522949,0.0
2006-05-23,18.53323173522949,0.0
2006-05-24,18.93037223815918,0.0
2006-05-25,19.0296573638916,0.0
2006-05-26,19.0296573638916,0.0
2006-05-29,18.996562957763672,0.0
2006-05-30,18.73180389404297,0.0
2006-06-01,18.797992706298828,0.0
2006-06-02,19.095848083496094,0.0
2006-06-05,18.73180389404297,0.0
2006-06-06,18.83108711242676,0.0
2006-06-07,18.599422454833984,0.0
2006-06-08,18.46704292297364,0.0
2006-06-09,17.87133026123047,0.0
2006-06-12,17.97061538696289,0.0
2006-06-13,17.639665603637695,0.0
2006-06-14,18.003711700439453,0.0
2006-06-15,18.036806106567383,0.0
2006-06-16,18.46704292297364,0.0
2006-06-19,18.599422454833984,0.0
2006-06-20,18.036806106567383,0.0
2006-06-21,17.93752098083496,0.0
2006-06-22,18.36775779724121,0.0
2006-06-23,18.30156707763672,0.0
2006-06-26,18.33466148376465,0.0
2006-06-27,18.46704292297364,0.0
2006-06-28,18.599422454833984,0.0
2006-06-29,18.46704292297364,0.0
2006-06-30,18.53323173522949,0.0
2006-07-03,18.169187545776367,0.0
2006-07-04,18.33466148376465,0.0
2006-07-05,18.36775779724121,0.0
2006-07-06,18.36775779724121,0.0
2006-07-07,18.202281951904297,0.0
2006-07-10,18.036806106567383,0.0
2006-07-11,17.97061538696289,0.0
2006-07-12,18.003711700439453,0.0
2006-07-13,17.93752098083496,0.0
2006-07-14,17.738950729370117,0.0
2006-07-17,17.540380477905273,0.0
2006-07-18,17.87133026123047,0.0
2006-07-19,17.540380477905273,0.0
2006-07-20,17.110145568847656,0.761186
2006-07-21,16.7460994720459,0.0
2006-07-24,16.547529220581055,0.0
2006-07-25,16.713003158569336,0.0
2006-07-26,17.010860443115234,0.0
2006-07-27,17.043954849243164,0.0
2006-07-28,17.176334381103516,0.0
2006-07-31,17.143239974975586,0.0
2006-08-01,16.878480911254883,0.0
2006-08-02,16.977764129638672,0.0
2006-08-03,16.713003158569336,0.0
2006-08-04,16.812288284301758,0.0
2006-08-07,16.812288284301758,0.0
2006-08-08,17.143239974975586,0.0
2006-08-09,16.944669723510742,0.0
2006-08-10,16.812288284301758,0.0
2006-08-11,16.878480911254883,0.0
2006-08-14,17.043954849243164,0.0
2006-08-15,16.779193878173828,0.0
2006-08-16,16.911575317382812,0.0
2006-08-17,17.010860443115234,0.0
2006-08-18,17.176334381103516,0.0
2006-08-21,16.713003158569336,0.0
2006-08-22,16.713003158569336,0.0
2006-08-23,16.34895896911621,0.0
2006-08-24,16.613719940185547,0.0
2006-08-25,16.944669723510742,0.0
2006-08-28,16.415149688720703,0.0
2006-08-29,16.183483123779297,0.0
2006-08-30,16.448244094848633,0.0
2006-08-31,16.216577529907227,0.0
2006-09-01,16.38205337524414,0.0
2006-09-04,16.448244094848633,0.0
2006-09-05,16.613719940185547,0.0
2006-09-06,16.679908752441406,0.0
2006-09-07,16.28276824951172,0.0
2006-09-08,16.911575317382812,0.0
2006-09-11,16.713003158569336,0.0
2006-09-12,16.779193878173828,0.0
2006-09-13,17.077049255371094,0.0
2006-09-14,17.3087158203125,0.0
2006-09-15,18.003711700439453,0.0
2006-09-18,18.83108711242676,0.0
2006-09-19,18.56632804870605,0.0
2006-09-20,18.56632804870605,0.0
2006-09-21,18.202281951904297,0.0
2006-09-22,17.93752098083496,0.0
2006-09-25,17.97061538696289,0.0
2006-09-26,18.235376358032227,0.0
2006-09-27,18.235376358032227,0.0
2006-09-28,18.102996826171875,0.0
2006-09-29,18.169187545776367,0.0
2006-10-02,19.42679977416992,0.0
2006-10-03,19.0296573638916,0.0
2006-10-04,18.632518768310547,0.0
2006-10-05,18.86418342590332,0.0
2006-10-09,18.86418342590332,0.0
2006-10-11,18.83108711242676,0.0
2006-10-12,18.202281951904297,0.0
2006-10-13,18.43394660949707,0.0
2006-10-16,18.40085220336914,0.0
2006-10-17,18.43394660949707,0.0
2006-10-18,18.003711700439453,0.0
2006-10-19,17.87133026123047,0.0
2006-10-20,17.540380477905273,0.0
2006-10-23,17.87133026123047,0.0
2006-10-24,18.26847267150879,0.0
2006-10-25,18.069902420043945,0.0
2006-10-26,18.036806106567383,0.0
2006-10-27,17.87133026123047,0.0
2006-10-30,17.772045135498047,0.0
2006-10-31,17.93752098083496,0.0
2006-11-01,17.672761917114258,0.0
2006-11-02,18.069902420043945,0.0
2006-11-03,17.97061538696289,0.0
2006-11-06,18.036806106567383,0.0
2006-11-07,18.235376358032227,0.0
2006-11-08,18.235376358032227,0.0
2006-11-09,18.93037223815918,0.0
2006-11-10,19.36060905456543,0.0
2006-11-13,18.73180389404297,0.0
2006-11-14,19.062753677368164,0.0
2006-11-15,18.86418342590332,0.0
2006-11-16,19.062753677368164,0.0
2006-11-17,19.062753677368164,0.0
2006-11-20,19.3275146484375,0.0
2006-11-21,19.79084587097168,0.0
2006-11-22,21.0484561920166,0.0
2006-11-23,20.18798446655273,0.0
2006-11-24,20.18798446655273,0.0
2006-11-27,19.85703468322754,0.0
2006-11-28,19.85703468322754,0.0
2006-11-29,19.98941421508789,0.0
2006-11-30,20.154890060424805,0.0
2006-12-01,20.18798446655273,0.0
2006-12-04,20.154890060424805,0.0
2006-12-05,20.055604934692383,0.0
2006-12-06,20.088699340820312,0.0
2006-12-07,19.98941421508789,0.0
2006-12-08,19.75774955749512,0.0
2006-12-11,19.724655151367188,0.0
2006-12-12,18.86418342590332,0.0
2006-12-13,19.3275146484375,0.0
2006-12-14,19.261323928833008,0.0
2006-12-15,19.724655151367188,0.0
2006-12-18,19.85703468322754,0.0
2006-12-19,19.82394027709961,0.0
2006-12-20,20.38655662536621,0.0
2006-12-21,20.221080780029297,0.0
2006-12-22,20.28727149963379,0.0
2006-12-25,20.055604934692383,0.0
2006-12-26,20.254175186157227,0.0
2006-12-27,20.32036590576172,0.0
2006-12-28,19.92322540283203,0.0
2006-12-29,20.18798446655273,0.0
2007-01-02,20.58512687683105,0.0
2007-01-03,20.51893615722656,0.0
2007-01-04,19.95631980895996,0.0
2007-01-05,19.592273712158203,0.0
2007-01-08,19.45989418029785,0.0
2007-01-09,19.526084899902344,0.0
2007-01-10,19.162038803100582,0.0
2007-01-11,19.162038803100582,0.0
2007-01-12,19.625368118286133,0.0
2007-01-15,19.526084899902344,0.0
2007-01-16,19.85703468322754,0.0
2007-01-17,19.69156074523925,0.0
2007-01-18,19.98941421508789,0.0
2007-01-19,19.89012908935547,0.0
2007-01-22,19.85703468322754,0.0
2007-01-23,19.89012908935547,0.0
2007-01-24,20.055604934692383,0.0
2007-01-25,19.82394027709961,0.0
2007-01-26,19.65846443176269,0.0
2007-01-29,19.49298858642578,0.0
2007-01-30,19.69156074523925,0.0
2007-01-31,19.92322540283203,0.0
2007-02-01,19.95631980895996,0.0
2007-02-02,20.221080780029297,0.0
2007-02-05,20.221080780029297,0.0
2007-02-06,20.717506408691406,0.0
2007-02-07,20.58512687683105,0.0
2007-02-08,20.48584175109864,0.0
2007-02-09,20.45274543762207,0.0
2007-02-12,20.65131568908692,0.0
2007-02-13,20.684410095214844,0.0
2007-02-14,20.816791534423828,0.0
2007-02-26,20.58512687683105,0.0
2007-02-27,20.121795654296875,0.0
2007-03-01,19.45989418029785,0.0
2007-03-02,19.55917930603028,0.0
2007-03-05,18.73180389404297,0.0
2007-03-06,18.89727783203125,0.0
2007-03-07,19.128944396972656,0.0
2007-03-08,19.526084899902344,0.0
2007-03-09,19.592273712158203,0.0
2007-03-12,19.22822952270508,0.0
2007-03-13,19.36060905456543,0.0
2007-03-14,18.66561317443848,0.0
2007-03-15,19.0296573638916,0.0
2007-03-16,19.261323928833008,0.0
2007-03-19,19.294418334960938,0.0
2007-03-20,19.39370346069336,0.0
2007-03-21,19.294418334960938,0.0
2007-03-22,19.45989418029785,0.0
2007-03-23,19.592273712158203,0.0
2007-03-26,19.3275146484375,0.0
2007-03-27,19.36060905456543,0.0
2007-03-28,19.19513320922852,0.0
2007-03-29,19.526084899902344,0.0
2007-03-30,19.724655151367188,0.0
2007-04-02,19.42679977416992,0.0
2007-04-03,20.055604934692383,0.0
2007-04-04,20.717506408691406,0.0
2007-04-09,20.94917106628418,0.0
2007-04-10,20.65131568908692,0.0
2007-04-11,20.18798446655273,0.0
2007-04-12,20.28727149963379,0.0
2007-04-13,20.18798446655273,0.0
2007-04-16,20.38655662536621,0.0
2007-04-17,20.41965103149414,0.0
2007-04-18,20.45274543762207,0.0
2007-04-19,19.82394027709961,0.0
2007-04-20,19.625368118286133,0.0
2007-04-23,19.625368118286133,0.0
2007-04-24,19.45989418029785,0.0
2007-04-25,19.261323928833008,0.0
2007-04-26,19.3275146484375,0.0
2007-04-27,19.22822952270508,0.0
2007-04-30,19.19513320922852,0.0
2007-05-02,19.36060905456543,0.0
2007-05-03,19.36060905456543,0.0
2007-05-04,19.625368118286133,0.0
2007-05-07,19.92322540283203,0.0
2007-05-08,19.92322540283203,0.0
2007-05-09,19.79084587097168,0.0
2007-05-10,19.55917930603028,0.0
2007-05-11,19.261323928833008,0.0
2007-05-14,19.36060905456543,0.0
2007-05-15,18.996562957763672,0.0
2007-05-16,18.93037223815918,0.0
2007-05-17,18.73180389404297,0.0
2007-05-18,18.797992706298828,0.0
2007-05-21,18.86418342590332,0.0
2007-05-22,19.095848083496094,0.0
2007-05-23,19.526084899902344,0.0
2007-05-24,19.45989418029785,0.0
2007-05-25,18.963468551635746,0.0
2007-05-28,19.162038803100582,0.0
2007-05-29,19.3275146484375,0.0
2007-05-30,19.095848083496094,0.0
2007-05-31,19.095848083496094,0.0
2007-06-01,19.095848083496094,0.0
2007-06-04,18.996562957763672,0.0
2007-06-05,19.526084899902344,0.0
2007-06-06,18.86418342590332,0.0
2007-06-07,18.73180389404297,0.0
2007-06-08,18.73180389404297,0.0
2007-06-11,18.698707580566406,0.0
2007-06-12,18.43394660949707,0.0
2007-06-13,18.599422454833984,0.0
2007-06-14,19.0296573638916,0.0
2007-06-15,19.49298858642578,0.0
2007-06-20,20.38655662536621,0.0
2007-06-21,20.48584175109864,0.0
2007-06-22,19.92322540283203,0.0
2007-06-25,19.89012908935547,0.0
2007-06-26,19.526084899902344,0.0
2007-06-27,19.526084899902344,0.0
2007-06-28,19.79084587097168,0.0
2007-06-29,19.85703468322754,0.0
2007-07-02,19.92322540283203,0.0
2007-07-03,20.088699340820312,0.0
2007-07-04,20.18798446655273,0.0
2007-07-05,20.35346031188965,0.0
2007-07-06,20.84988784790039,0.0
2007-07-09,21.51178741455078,0.0
2007-07-10,21.51178741455078,0.0
2007-07-11,21.0484561920166,0.0
2007-07-12,22.041309356689453,0.0
2007-07-13,21.97511863708496,0.0
2007-07-16,21.87583351135254,0.0
2007-07-17,21.809642791748047,0.0
2007-07-18,22.30606842041016,0.0
2007-07-19,21.57797813415528,0.661901
2007-07-20,22.173688888549805,0.0
2007-07-23,22.40535354614257,0.0
2007-07-24,22.70321083068848,0.0
2007-07-25,22.637020111083984,0.0
2007-07-26,22.33916473388672,0.0
2007-07-27,20.84988784790039,0.0
2007-07-30,20.41965103149414,0.0
2007-07-31,20.18798446655273,0.0
2007-08-01,18.86418342590332,0.0
2007-08-02,19.0296573638916,0.0
2007-08-03,19.3275146484375,0.0
2007-08-06,18.89727783203125,0.0
2007-08-07,18.40085220336914,0.0
2007-08-08,18.89727783203125,0.0
2007-08-09,19.0296573638916,0.0
2007-08-10,18.26847267150879,0.0
2007-08-13,18.40085220336914,0.0
2007-08-14,18.73180389404297,0.0
2007-08-15,18.26847267150879,0.0
2007-08-16,17.606571197509766,0.0
2007-08-17,17.540380477905273,0.0
2007-08-20,18.50013732910156,0.0
2007-08-21,18.53323173522949,0.0
2007-08-22,18.632518768310547,0.0
2007-08-23,18.996562957763672,0.0
2007-08-24,18.46704292297364,0.0
2007-08-27,18.30156707763672,0.0
2007-08-28,18.235376358032227,0.0
2007-08-29,17.80514144897461,0.0
2007-08-30,18.136091232299805,0.0
2007-08-31,18.83108711242676,0.0
2007-09-03,18.996562957763672,0.0
2007-09-04,19.19513320922852,0.0
2007-09-05,18.996562957763672,0.0
2007-09-06,19.592273712158203,0.0
2007-09-07,19.69156074523925,0.0
2007-09-10,19.128944396972656,0.0
2007-09-11,19.162038803100582,0.0
2007-09-12,19.42679977416992,0.0
2007-09-13,19.128944396972656,0.0
2007-09-14,19.39370346069336,0.0
2007-09-17,18.996562957763672,0.0
2007-09-18,18.996562957763672,0.0
2007-09-19,18.73180389404297,0.0
2007-09-20,18.30156707763672,0.0
2007-09-21,17.87133026123047,0.0
2007-09-26,17.97061538696289,0.0
2007-09-27,18.43394660949707,0.0
2007-09-28,18.43394660949707,0.0
2007-10-01,18.56632804870605,0.0
2007-10-02,19.36060905456543,0.0
2007-10-03,20.65131568908692,0.0
2007-10-04,20.28727149963379,0.0
2007-10-05,20.254175186157227,0.0
2007-10-08,21.180837631225582,0.0
2007-10-09,20.783695220947266,0.0
2007-10-11,20.55203056335449,0.0
2007-10-12,19.724655151367188,0.0
2007-10-15,20.18798446655273,0.0
2007-10-16,20.51893615722656,0.0
2007-10-17,20.121795654296875,0.0
2007-10-18,20.121795654296875,0.0
2007-10-19,19.92322540283203,0.0
2007-10-22,19.19513320922852,0.0
2007-10-23,19.45989418029785,0.0
2007-10-24,19.22822952270508,0.0
2007-10-25,19.65846443176269,0.0
2007-10-26,20.28727149963379,0.0
2007-10-29,20.84988784790039,0.0
2007-10-30,20.65131568908692,0.0
2007-10-31,20.750600814819336,0.0
2007-11-01,20.221080780029297,0.0
2007-11-02,19.42679977416992,0.0
2007-11-05,19.49298858642578,0.0
2007-11-06,19.526084899902344,0.0
2007-11-07,20.51893615722656,0.0
2007-11-08,20.48584175109864,0.0
2007-11-09,20.41965103149414,0.0
2007-11-12,19.85703468322754,0.0
2007-11-13,19.98941421508789,0.0
2007-11-14,20.58512687683105,0.0
2007-11-15,20.58512687683105,0.0
2007-11-16,20.121795654296875,0.0
2007-11-19,19.85703468322754,0.0
2007-11-20,18.996562957763672,0.0
2007-11-21,18.40085220336914,0.0
2007-11-22,18.235376358032227,0.0
2007-11-23,18.33466148376465,0.0
2007-11-26,18.66561317443848,0.0
2007-11-27,18.30156707763672,0.0
2007-11-28,18.202281951904297,0.0
2007-11-29,18.698707580566406,0.0
2007-11-30,18.698707580566406,0.0
2007-12-03,18.36775779724121,0.0
2007-12-04,18.36775779724121,0.0
2007-12-05,18.26847267150879,0.0
2007-12-06,18.53323173522949,0.0
2007-12-07,18.66561317443848,0.0
2007-12-10,18.53323173522949,0.0
2007-12-11,18.66561317443848,0.0
2007-12-12,18.56632804870605,0.0
2007-12-13,18.53323173522949,0.0
2007-12-14,18.26847267150879,0.0
2007-12-17,17.83823585510254,0.0
2007-12-18,17.672761917114258,0.0
2007-12-19,18.003711700439453,0.0
2007-12-20,18.069902420043945,0.0
2007-12-21,18.33466148376465,0.0
2007-12-24,18.53323173522949,0.0
2007-12-25,18.50013732910156,0.0
2007-12-26,18.599422454833984,0.0
2007-12-27,18.86418342590332,0.0
2007-12-28,18.963468551635746,0.0
2007-12-31,19.062753677368164,0.0
2008-01-02,18.7648983001709,0.0
2008-01-03,18.46704292297364,0.0
2008-01-04,19.49298858642578,0.0
2008-01-07,19.261323928833008,0.0
2008-01-08,20.58512687683105,0.0
2008-01-09,20.91607666015625,0.0
2008-01-10,20.18798446655273,0.0
2008-01-11,19.98941421508789,0.0
2008-01-14,21.37940788269043,0.0
2008-01-15,22.86868476867676,0.0
2008-01-16,22.736305236816406,0.0
2008-01-17,22.835590362548828,0.0
2008-01-18,23.49749183654785,0.0
2008-01-21,23.46439552307129,0.0
2008-01-22,21.842737197875977,0.0
2008-01-23,20.51893615722656,0.0
2008-01-24,21.64416885375977,0.0
2008-01-25,22.33916473388672,0.0
2008-01-28,21.247026443481445,0.0
2008-01-29,22.50464057922364,0.0
2008-01-30,22.140594482421875,0.0
2008-01-31,21.180837631225582,0.0
2008-02-01,21.90892791748047,0.0
2008-02-12,21.842737197875977,0.0
2008-02-13,22.57082939147949,0.0
2008-02-14,23.166540145874023,0.0
2008-02-15,23.100351333618164,0.0
2008-02-18,22.769399642944336,0.0
2008-02-19,23.034160614013672,0.0
2008-02-20,22.60392570495605,0.0
2008-02-21,22.60392570495605,0.0
2008-02-22,23.23273086547852,0.0
2008-02-25,22.96796989440918,0.0
2008-02-26,23.133445739746094,0.0
2008-02-27,23.067256927490234,0.0
2008-02-29,22.93487548828125,0.0
2008-03-03,22.47154426574707,0.0
2008-03-04,23.166540145874023,0.0
2008-03-05,22.769399642944336,0.0
2008-03-06,23.298921585083008,0.0
2008-03-07,22.70321083068848,0.0
2008-03-10,21.51178741455078,0.0
2008-03-11,22.239879608154297,0.0
2008-03-12,22.173688888549805,0.0
2008-03-13,21.710357666015625,0.0
2008-03-14,21.280122756958008,0.0
2008-03-17,21.37940788269043,0.0
2008-03-18,21.44559860229492,0.0
2008-03-19,21.57797813415528,0.0
2008-03-20,23.067256927490234,0.0
2008-03-21,23.46439552307129,0.0
2008-03-24,25.0860538482666,0.0
2008-03-25,23.56368064880371,0.0
2008-03-26,23.53058624267578,0.0
2008-03-27,23.166540145874023,0.0
2008-03-28,23.265825271606445,0.0
2008-03-31,22.835590362548828,0.0
2008-04-01,22.33916473388672,0.0
2008-04-02,22.96796989440918,0.0
2008-04-03,22.70321083068848,0.0
2008-04-07,22.70321083068848,0.0
2008-04-08,21.97511863708496,0.0
2008-04-09,22.107498168945312,0.0
2008-04-10,22.173688888549805,0.0
2008-04-11,23.00106430053711,0.0
2008-04-14,22.96796989440918,0.0
2008-04-15,23.729156494140625,0.0
2008-04-16,24.02701187133789,0.0
2008-04-17,23.762252807617188,0.0
2008-04-18,23.89463233947754,0.0
2008-04-21,23.298921585083008,0.0
2008-04-22,23.298921585083008,0.0
2008-04-23,23.23273086547852,0.0
2008-04-24,23.629871368408203,0.0
2008-04-25,23.100351333618164,0.0
2008-04-28,23.49749183654785,0.0
2008-04-29,23.39820671081543,0.0
2008-04-30,24.02701187133789,0.0
2008-05-02,24.35796356201172,0.0
2008-05-05,23.166540145874023,0.0
2008-05-06,23.298921585083008,0.0
2008-05-07,23.199636459350582,0.0
2008-05-08,22.96796989440918,0.0
2008-05-09,22.47154426574707,0.0
2008-05-12,22.769399642944336,0.0
2008-05-13,23.166540145874023,0.0
2008-05-14,22.96796989440918,0.0
2008-05-15,23.49749183654785,0.0
2008-05-16,23.729156494140625,0.0
2008-05-19,24.02701187133789,0.0
2008-05-20,23.034160614013672,0.0
2008-05-21,22.736305236816406,0.0
2008-05-22,23.166540145874023,0.0
2008-05-23,22.70321083068848,0.0
2008-05-26,22.37225914001465,0.0
2008-05-27,22.50464057922364,0.0
2008-05-28,22.57082939147949,0.0
2008-05-29,22.40535354614257,0.0
2008-05-30,23.9608211517334,0.0
2008-06-02,23.034160614013672,0.0
2008-06-03,22.50464057922364,0.0
2008-06-04,22.70321083068848,0.0
2008-06-05,22.835590362548828,0.0
2008-06-06,22.50464057922364,0.0
2008-06-09,21.97511863708496,0.0
2008-06-10,21.280122756958008,0.0
2008-06-11,21.544883728027344,0.0
2008-06-12,21.21393203735352,0.0
2008-06-13,21.51178741455078,0.0
2008-06-16,21.842737197875977,0.0
2008-06-17,22.041309356689453,0.0
2008-06-18,22.074403762817383,0.0
2008-06-19,22.140594482421875,0.0
2008-06-20,21.44559860229492,0.0
2008-06-23,21.842737197875977,0.0
2008-06-24,21.41250228881836,0.0
2008-06-25,21.94202423095703,0.0
2008-06-26,21.611072540283203,0.0
2008-06-27,20.982267379760746,0.0
2008-06-30,20.51893615722656,0.0
2008-07-01,20.055604934692383,0.0
2008-07-02,19.526084899902344,0.0
2008-07-03,18.53323173522949,0.992852
2008-07-04,18.102996826171875,0.0
2008-07-07,18.235376358032227,0.0
2008-07-08,17.540380477905273,0.0
2008-07-09,17.474191665649414,0.0
2008-07-10,17.540380477905273,0.0
2008-07-11,18.235376358032227,0.0
2008-07-14,17.772045135498047,0.0
2008-07-15,16.547529220581055,0.0
2008-07-16,16.944669723510742,0.0
2008-07-17,18.069902420043945,0.0
2008-07-18,17.672761917114258,0.0
2008-07-21,18.89727783203125,0.0
2008-07-22,18.86418342590332,0.0
2008-07-23,19.19513320922852,0.0
2008-07-24,18.66561317443848,0.0
2008-07-25,18.36775779724121,0.0
2008-07-28,18.36775779724121,0.0
2008-07-29,18.036806106567383,0.0
2008-07-30,18.169187545776367,0.0
2008-07-31,18.102996826171875,0.0
2008-08-01,18.202281951904297,0.0
2008-08-04,18.069902420043945,0.0
2008-08-05,18.003711700439453,0.0
2008-08-06,18.698707580566406,0.0
2008-08-07,17.93752098083496,0.0
2008-08-08,18.599422454833984,0.0
2008-08-11,18.996562957763672,0.0
2008-08-12,19.22822952270508,0.0
2008-08-13,19.062753677368164,0.0
2008-08-14,18.89727783203125,0.0
2008-08-15,18.698707580566406,0.0
2008-08-18,17.573476791381836,0.0
2008-08-19,17.606571197509766,0.0
2008-08-20,17.738950729370117,0.0
2008-08-21,17.408000946044922,0.0
2008-08-22,17.540380477905273,0.0
2008-08-25,17.93752098083496,0.0
2008-08-26,17.639665603637695,0.0
2008-08-27,17.83823585510254,0.0
2008-08-28,17.93752098083496,0.0
2008-08-29,17.705856323242188,0.0
2008-09-01,17.507286071777344,0.0
2008-09-02,17.242525100708008,0.0
2008-09-03,17.275619506835938,0.0
2008-09-04,16.646814346313477,0.0
2008-09-05,16.28276824951172,0.0
2008-09-08,17.408000946044922,0.0
2008-09-09,17.507286071777344,0.0
2008-09-10,18.003711700439453,0.0
2008-09-11,17.44109535217285,0.0
2008-09-12,17.87133026123047,0.0
2008-09-15,17.209430694580078,0.0
2008-09-16,16.018007278442383,0.0
2008-09-17,15.55467700958252,0.0
2008-09-18,14.495635032653809,0.0
2008-09-19,15.389202117919922,0.0
2008-09-22,15.488487243652344,0.0
2008-09-23,15.587772369384766,0.0
2008-09-24,15.951818466186523,0.0
2008-09-25,15.75324821472168,0.0
2008-09-26,16.018007278442383,0.0
2008-09-29,16.018007278442383,0.0
2008-09-30,14.925870895385742,0.0
2008-10-01,14.892775535583496,0.0
2008-10-02,14.892775535583496,0.0
2008-10-03,14.694206237792969,0.0
2008-10-06,13.668258666992188,0.0
2008-10-07,13.204928398132324,0.0
2008-10-08,12.311361312866213,0.0
2008-10-09,12.24517059326172,0.0
2008-10-13,11.848031044006348,0.0
2008-10-14,12.675407409667969,0.0
2008-10-15,12.642312049865724,0.0
2008-10-16,12.212076187133787,0.0
2008-10-17,11.814935684204102,0.0
2008-10-20,12.609216690063477,0.0
2008-10-21,13.469688415527344,0.0
2008-10-22,13.00635814666748,0.0
2008-10-23,12.576122283935549,0.0
2008-10-24,12.145886421203612,0.0
2008-10-27,11.318510055541992,0.0
2008-10-28,10.98755931854248,0.0
2008-10-29,11.583270072937012,0.0
2008-10-30,12.377552032470703,0.0
2008-10-31,13.238022804260254,0.0
2008-11-03,14.164685249328612,0.0
2008-11-04,13.568973541259766,0.0
2008-11-05,13.800639152526855,0.0
2008-11-06,13.03945255279541,0.0
2008-11-07,13.602068901062012,0.0
2008-11-10,13.899924278259276,0.0
2008-11-11,13.535879135131836,0.0
2008-11-12,13.73444938659668,0.0
2008-11-13,12.774691581726074,0.0
2008-11-14,12.642312049865724,0.0
2008-11-17,12.708501815795898,0.0
2008-11-18,12.840882301330566,0.0
2008-11-19,12.741597175598145,0.0
2008-11-20,11.881126403808594,0.0
2008-11-21,12.013505935668944,0.0
2008-11-24,12.642312049865724,0.0
2008-11-25,12.840882301330566,0.0
2008-11-26,12.80778694152832,0.0
2008-11-27,13.701354026794434,0.0
2008-11-28,13.204928398132324,0.0
2008-12-01,13.30421257019043,0.0
2008-12-02,12.840882301330566,0.0
2008-12-03,13.105643272399902,0.0
2008-12-04,12.80778694152832,0.0
2008-12-05,12.840882301330566,0.0
2008-12-08,13.73444938659668,0.0
2008-12-09,13.966114044189451,0.0
2008-12-10,14.661110877990724,0.0
2008-12-11,15.09134578704834,0.0
2008-12-12,14.065400123596191,0.0
2008-12-15,14.297064781188965,0.0
2008-12-16,15.05825138092041,0.0
2008-12-17,14.958966255187988,0.0
2008-12-18,15.422296524047852,0.0
2008-12-19,15.587772369384766,0.0
2008-12-22,14.59492015838623,0.0
2008-12-23,14.760396003723145,0.0
2008-12-24,14.79349136352539,0.0
2008-12-25,14.661110877990724,0.0
2008-12-26,14.694206237792969,0.0
2008-12-29,14.694206237792969,0.0
2008-12-30,15.720151901245115,0.0
2008-12-31,15.819437980651855,0.0
2009-01-02,15.819437980651855,0.0
2009-01-05,16.31586456298828,0.0
2009-01-06,15.819437980651855,0.0
2009-01-07,15.620866775512695,0.0
2009-01-08,14.727300643920898,0.0
2009-01-09,14.628016471862791,0.0
2009-01-12,13.668258666992188,0.0
2009-01-13,13.933018684387209,0.0
2009-01-14,14.396349906921388,0.0
2009-01-15,13.403497695922852,0.0
2009-01-16,13.469688415527344,0.0
2009-01-19,13.701354026794434,0.0
2009-01-20,13.337307929992676,0.0
2009-01-21,13.370403289794922,0.0
2009-02-02,12.973262786865234,0.0
2009-02-03,13.602068901062012,0.0
2009-02-04,13.76754379272461,0.0
2009-02-05,13.76754379272461,0.0
2009-02-06,13.899924278259276,0.0
2009-02-09,13.668258666992188,0.0
2009-02-10,14.164685249328612,0.0
2009-02-11,14.230875015258787,0.0
2009-02-12,13.800639152526855,0.0
2009-02-13,14.09849452972412,0.0
2009-02-16,13.833733558654783,0.0
2009-02-17,13.370403289794922,0.0
2009-02-18,13.469688415527344,0.0
2009-02-19,13.337307929992676,0.0
2009-02-20,13.00635814666748,0.0
2009-02-23,12.311361312866213,0.0
2009-02-24,12.34445571899414,0.0
2009-02-25,12.774691581726074,0.0
2009-02-26,12.509931564331056,0.0
2009-02-27,12.509931564331056,0.0
2009-03-02,11.649459838867188,0.0
2009-03-03,11.219223976135254,0.0
2009-03-04,11.119938850402832,0.0
2009-03-05,11.550174713134766,0.0
2009-03-06,11.450889587402344,0.0
2009-03-09,11.186128616333008,0.0
2009-03-10,11.649459838867188,0.0
2009-03-11,12.046601295471191,0.0
2009-03-12,11.583270072937012,0.0
2009-03-13,11.9804105758667,0.0
2009-03-16,12.145886421203612,0.0
2009-03-17,12.576122283935549,0.0
2009-03-18,12.774691581726074,0.0
2009-03-19,13.00635814666748,0.0
2009-03-20,12.907072067260742,0.0
2009-03-23,13.072547912597656,0.0
2009-03-24,13.50278377532959,0.0
2009-03-25,13.568973541259766,0.0
2009-03-26,13.866828918457031,0.0
2009-03-27,14.164685249328612,0.0
2009-03-30,13.30421257019043,0.0
2009-03-31,13.535879135131836,0.0
2009-04-02,14.925870895385742,0.0
2009-04-03,15.951818466186523,0.0
2009-04-06,16.713003158569336,0.0
2009-04-07,16.547529220581055,0.0
2009-04-08,15.587772369384766,0.0
2009-04-09,16.646814346313477,0.0
2009-04-10,17.540380477905273,0.0
2009-04-13,17.507286071777344,0.0
2009-04-14,17.275619506835938,0.0
2009-04-15,17.143239974975586,0.0
2009-04-16,18.069902420043945,0.0
2009-04-17,16.812288284301758,0.0
2009-04-20,16.613719940185547,0.0
2009-04-21,17.043954849243164,0.0
2009-04-22,16.646814346313477,0.0
2009-04-23,16.28276824951172,0.0
2009-04-24,16.812288284301758,0.0
2009-04-27,15.885627746582031,0.0
2009-04-28,15.78634262084961,0.0
2009-04-29,15.918723106384276,0.0
2009-04-30,17.010860443115234,0.0
2009-05-04,18.169187545776367,0.0
2009-05-05,19.42679977416992,0.0
2009-05-06,20.783695220947266,0.0
2009-05-07,21.147741317749023,0.0
2009-05-08,20.41965103149414,0.0
2009-05-11,21.0484561920166,0.0
2009-05-12,19.85703468322754,0.0
2009-05-13,19.79084587097168,0.0
2009-05-14,19.19513320922852,0.0
2009-05-15,20.121795654296875,0.0
2009-05-18,20.51893615722656,0.0
2009-05-19,20.783695220947266,0.0
2009-05-20,20.51893615722656,0.0
2009-05-21,20.121795654296875,0.0
2009-05-22,20.18798446655273,0.0
2009-05-25,20.18798446655273,0.0
2009-05-26,19.65846443176269,0.0
2009-05-27,20.88298225402832,0.0
2009-06-01,20.982267379760746,0.0
2009-06-02,21.114646911621094,0.0
2009-06-03,20.717506408691406,0.0
2009-06-04,20.154890060424805,0.0
2009-06-05,20.154890060424805,0.0
2009-06-08,19.79084587097168,0.0
2009-06-09,18.56632804870605,0.0
2009-06-10,18.86418342590332,0.0
2009-06-11,19.55917930603028,0.0
2009-06-12,19.19513320922852,0.0
2009-06-15,18.86418342590332,0.0
2009-06-16,19.261323928833008,0.0
2009-06-17,20.088699340820312,0.0
2009-06-18,20.154890060424805,0.0
2009-06-19,20.38655662536621,0.0
2009-06-22,20.254175186157227,0.0
2009-06-23,19.69156074523925,0.0
2009-06-24,20.717506408691406,0.0
2009-06-25,21.015361785888672,0.0
2009-06-26,20.84988784790039,0.0
2009-06-29,20.618221282958984,0.0
2009-06-30,20.32036590576172,0.0
2009-07-01,20.982267379760746,0.0
2009-07-02,21.081552505493164,0.0
2009-07-03,20.982267379760746,0.0
2009-07-06,21.37940788269043,0.0
2009-07-07,21.21393203735352,0.0
2009-07-08,21.180837631225582,0.0
2009-07-09,22.074403762817383,0.0
2009-07-10,21.842737197875977,0.0
2009-07-13,20.32036590576172,0.0
2009-07-14,20.51893615722656,0.0
2009-07-15,20.982267379760746,0.0
2009-07-16,21.21393203735352,0.0
2009-07-17,21.710357666015625,0.0
2009-07-20,22.20678329467773,0.0
2009-07-21,22.20678329467773,0.0
2009-07-22,23.034160614013672,0.0
2009-07-23,22.736305236816406,0.0
2009-07-24,22.37225914001465,0.0
2009-07-27,22.50464057922364,0.0
2009-07-28,22.835590362548828,0.0
2009-07-29,22.57082939147949,0.0
2009-07-30,22.50464057922364,0.0
2009-07-31,22.272974014282227,0.0
2009-08-03,22.57082939147949,0.0
2009-08-04,22.173688888549805,0.0
2009-08-05,21.94202423095703,0.0
2009-08-06,22.637020111083984,0.0
2009-08-07,22.637020111083984,0.0
2009-08-10,22.173688888549805,0.0
2009-08-11,21.51178741455078,0.0
2009-08-12,20.91607666015625,0.0
2009-08-13,21.280122756958008,0.0
2009-08-14,21.180837631225582,0.0
2009-08-17,20.84988784790039,0.0
2009-08-18,20.41965103149414,0.0
2009-08-19,20.45274543762207,0.0
2009-08-20,20.18798446655273,0.0
2009-08-21,19.85703468322754,0.0
2009-08-24,20.48584175109864,0.0
2009-08-25,20.18798446655273,0.0
2009-08-26,19.98941421508789,0.0
2009-08-27,19.98941421508789,0.0
2009-08-28,20.51893615722656,0.0
2009-08-31,20.35346031188965,0.0
2009-09-01,20.58512687683105,0.0
2009-09-02,20.91607666015625,0.0
2009-09-03,21.44559860229492,0.0
2009-09-04,21.57797813415528,0.0
2009-09-07,21.842737197875977,0.0
2009-09-08,22.140594482421875,0.0
2009-09-09,22.173688888549805,0.0
2009-09-10,23.365110397338867,0.0
2009-09-11,23.39820671081543,0.0
2009-09-14,22.70321083068848,0.0
2009-09-15,23.100351333618164,0.0
2009-09-16,23.56368064880371,0.0
2009-09-17,23.43130111694336,0.0
2009-09-18,23.49749183654785,0.0
2009-09-21,23.23273086547852,0.0
2009-09-22,23.332015991210938,0.0
2009-09-23,22.70321083068848,0.0
2009-09-24,22.50464057922364,0.0
2009-09-25,23.729156494140625,0.0
2009-09-28,23.365110397338867,0.0
2009-09-29,23.69606208801269,0.0
2009-09-30,24.02701187133789,0.0
2009-10-01,24.622722625732425,0.0
2009-10-02,24.68891334533692,0.0
2009-10-05,24.95367431640625,0.0
2009-10-06,25.41700553894043,0.0
2009-10-07,25.94652557373047,0.0
2009-10-08,25.21843338012696,0.0
2009-10-09,26.01271629333496,0.0
2009-10-12,25.847240447998047,0.0
2009-10-13,25.97962188720703,0.0
2009-10-14,25.61557579040528,0.0
2009-10-15,25.61557579040528,0.0
2009-10-16,25.681764602661133,0.0
2009-10-19,25.681764602661133,0.0
2009-10-20,26.01271629333496,0.0
2009-10-21,25.91343116760254,0.0
2009-10-22,25.648670196533203,0.0
2009-10-23,25.94652557373047,0.0
2009-10-26,26.17819023132324,0.0
2009-10-27,26.112001419067383,0.0
2009-10-28,25.54938507080078,0.0
2009-10-29,24.42415237426757,0.0
2009-10-30,24.42415237426757,0.0
2009-11-02,24.68891334533692,0.0
2009-11-03,25.317720413208008,0.0
2009-11-04,25.681764602661133,0.0
2009-11-05,25.648670196533203,0.0
2009-11-06,25.48319435119629,0.0
2009-11-09,25.781049728393555,0.0
2009-11-10,25.88033676147461,0.0
2009-11-11,26.04581069946289,0.0
2009-11-12,26.04581069946289,0.0
2009-11-13,25.61557579040528,0.0
2009-11-16,26.17819023132324,0.0
2009-11-17,25.41700553894043,0.0
2009-11-18,25.152244567871094,0.0
2009-11-19,25.25152969360352,0.0
2009-11-20,24.722007751464844,0.0
2009-11-23,24.58962821960449,0.0
2009-11-24,24.655818939208984,0.0
2009-11-25,24.92057991027832,0.0
2009-11-26,24.95367431640625,0.0
2009-11-27,23.79534721374512,0.0
2009-11-30,24.15939140319824,0.0
2009-12-01,24.68891334533692,0.0
2009-12-02,24.8212947845459,0.0
2009-12-03,24.88748359680176,0.0
2009-12-04,24.55653381347656,0.0
2009-12-07,24.788198471069336,0.0
2009-12-08,24.854389190673828,0.0
2009-12-09,24.854389190673828,0.0
2009-12-10,24.32486724853516,0.0
2009-12-11,24.622722625732425,0.0
2009-12-14,24.68891334533692,0.0
2009-12-15,25.052959442138672,0.0
2009-12-16,24.5234375,0.0
2009-12-17,24.655818939208984,0.0
2009-12-18,24.68891334533692,0.0
2009-12-21,24.98676872253418,0.0
2009-12-22,25.152244567871094,0.0
2009-12-23,25.185338973999023,0.0
2009-12-24,25.185338973999023,0.0
2009-12-25,25.25152969360352,0.0
2009-12-28,25.681764602661133,0.0
2009-12-29,25.58247947692871,0.0
2009-12-30,25.814144134521484,0.0
2009-12-31,26.01271629333496,0.0
2010-01-04,25.94652557373047,0.0
2010-01-05,26.112001419067383,0.0
2010-01-06,26.939376831054688,0.0
2010-01-07,26.50914192199707,0.0
2010-01-08,26.641521453857425,0.0
2010-01-11,26.47604751586914,0.0
2010-01-12,26.310571670532227,0.0
2010-01-13,25.681764602661133,0.0
2010-01-14,25.781049728393555,0.0
2010-01-15,25.94652557373047,0.0
2010-01-18,25.88033676147461,0.0
2010-01-19,25.781049728393555,0.0
2010-01-20,25.350814819335938,0.0
2010-01-21,25.350814819335938,0.0
2010-01-22,24.68891334533692,0.0
2010-01-25,24.622722625732425,0.0
2010-01-26,23.9608211517334,0.0
2010-01-27,24.15939140319824,0.0
2010-01-28,24.722007751464844,0.0
2010-01-29,24.755104064941406,0.0
2010-02-01,24.5234375,0.0
2010-02-02,23.92772674560547,0.0
2010-02-03,23.86153793334961,0.0
2010-02-04,23.66296768188477,0.0
2010-02-05,22.173688888549805,0.0
2010-02-08,21.710357666015625,0.0
2010-02-09,22.43844985961914,0.0
2010-02-10,22.93487548828125,0.0
2010-02-22,23.69606208801269,0.0
2010-02-23,23.00106430053711,0.0
2010-02-24,23.298921585083008,0.0
2010-02-25,23.332015991210938,0.0
2010-02-26,23.49749183654785,0.0
2010-03-01,23.92772674560547,0.0
2010-03-02,24.126296997070312,0.0
2010-03-03,24.42415237426757,0.0
2010-03-04,23.92772674560547,0.0
2010-03-05,24.39105796813965,0.0
2010-03-08,24.45724868774414,0.0
2010-03-09,24.55653381347656,0.0
2010-03-10,25.350814819335938,0.0
2010-03-11,25.25152969360352,0.0
2010-03-12,25.185338973999023,0.0
2010-03-15,25.052959442138672,0.0
2010-03-16,25.48319435119629,0.0
2010-03-17,25.648670196533203,0.0
2010-03-18,25.847240447998047,0.0
2010-03-19,25.681764602661133,0.0
2010-03-22,25.781049728393555,0.0
2010-03-23,25.88033676147461,0.0
2010-03-24,25.58247947692871,0.0
2010-03-25,25.54938507080078,0.0
2010-03-26,25.317720413208008,0.0
2010-03-29,25.91343116760254,0.0
2010-03-30,25.91343116760254,0.0
2010-03-31,25.54938507080078,0.0
2010-04-01,25.847240447998047,0.0
2010-04-02,25.814144134521484,0.0
2010-04-06,25.71486091613769,0.0
2010-04-07,25.681764602661133,0.0
2010-04-08,25.48319435119629,0.0
2010-04-09,25.51629066467285,0.0
2010-04-12,25.814144134521484,0.0
2010-04-13,25.51629066467285,0.0
2010-04-14,25.781049728393555,0.0
2010-04-15,25.747955322265625,0.0
2010-04-16,25.48319435119629,0.0
2010-04-19,24.5234375,0.0
2010-04-20,24.655818939208984,0.0
2010-04-21,24.8212947845459,0.0
2010-04-22,24.68891334533692,0.0
2010-04-23,24.722007751464844,0.0
2010-04-26,25.45009994506836,0.0
2010-04-27,25.54938507080078,0.0
2010-04-28,24.8212947845459,0.0
2010-04-29,24.88748359680176,0.0
2010-04-30,25.48319435119629,0.0
2010-05-03,25.284624099731445,0.0
2010-05-04,25.25152969360352,0.0
2010-05-05,24.92057991027832,0.0
2010-05-06,24.55653381347656,0.0
2010-05-07,23.99391746520996,0.0
2010-05-10,24.258678436279297,0.0
2010-05-11,24.755104064941406,0.0
2010-05-12,25.0860538482666,0.0
2010-05-13,25.54938507080078,0.0
2010-05-14,25.41700553894043,0.0
2010-05-17,24.98676872253418,0.0
2010-05-18,25.152244567871094,0.0
2010-05-19,25.21843338012696,0.0
2010-05-20,24.49034309387207,0.0
2010-05-21,23.89463233947754,0.0
2010-05-24,24.49034309387207,0.0
2010-05-25,23.828441619873047,0.0
2010-05-26,24.788198471069336,0.0
2010-05-27,24.55653381347656,0.0
2010-05-28,24.093202590942383,0.0
2010-05-31,24.291772842407227,0.0
2010-06-01,23.92772674560547,0.0
2010-06-02,23.99391746520996,0.0
2010-06-03,24.5234375,0.0
2010-06-04,24.39105796813965,0.0
2010-06-07,23.92772674560547,0.0
2010-06-08,23.53058624267578,0.0
2010-06-09,22.769399642944336,0.0
2010-06-10,22.736305236816406,0.0
2010-06-11,23.66296768188477,0.0
2010-06-14,24.291772842407227,0.0
2010-06-15,24.55653381347656,0.0
2010-06-17,24.68891334533692,0.0
2010-06-18,24.49034309387207,0.0
2010-06-21,25.052959442138672,0.0
2010-06-22,24.8212947845459,0.0
2010-06-23,24.45724868774414,0.0
2010-06-24,24.722007751464844,0.0
2010-06-25,24.49034309387207,0.0
2010-06-28,24.58962821960449,0.0
2010-06-29,24.622722625732425,0.0
2010-06-30,23.89463233947754,0.0
2010-07-01,23.86153793334961,0.0
2010-07-02,24.42415237426757,0.0
2010-07-05,24.788198471069336,0.0
2010-07-06,25.21843338012696,0.0
2010-07-07,25.41700553894043,0.0
2010-07-08,25.41700553894043,0.0
2010-07-09,25.54938507080078,0.0
2010-07-12,25.21843338012696,0.0
2010-07-13,25.48319435119629,0.0
2010-07-14,25.681764602661133,0.0
2010-07-15,25.61557579040528,0.0
2010-07-16,25.317720413208008,0.0
2010-07-19,25.41700553894043,0.0
2010-07-20,25.45009994506836,0.0
2010-07-21,25.284624099731445,0.0
2010-07-22,25.185338973999023,0.0
2010-07-23,25.51629066467285,0.0
2010-07-26,25.45009994506836,0.0
2010-07-27,25.284624099731445,0.0
2010-07-28,25.747955322265625,0.0
2010-07-29,26.145095825195312,0.0
2010-07-30,26.01271629333496,0.0
2010-08-02,26.47604751586914,0.0
2010-08-03,26.60842704772949,0.0
2010-08-04,26.939376831054688,0.0
2010-08-05,26.60842704772949,0.0
2010-08-06,26.47604751586914,0.0
2010-08-09,27.369613647460938,0.0
2010-08-10,27.27032852172852,0.0
2010-08-11,26.2361068725586,1.322383
2010-08-12,26.1318588256836,0.0
2010-08-13,26.06235885620117,0.0
2010-08-16,26.40985679626465,0.0
2010-08-17,26.270856857299805,0.0
2010-08-18,25.99285888671875,0.0
2010-08-19,25.71486091613769,0.0
2010-08-20,25.71486091613769,0.0
2010-08-23,26.2361068725586,0.0
2010-08-24,25.99285888671875,0.0
2010-08-25,25.47161293029785,0.0
2010-08-26,25.33261108398437,0.0
2010-08-27,25.57586097717285,0.0
2010-08-30,25.88860893249512,0.0
2010-08-31,25.95810890197754,0.0
2010-09-01,26.097108840942383,0.0
2010-09-02,26.097108840942383,0.0
2010-09-03,26.201358795166016,0.0
2010-09-06,26.2361068725586,0.0
2010-09-07,26.1318588256836,0.0
2010-09-08,25.853858947753903,0.0
2010-09-09,25.749610900878903,0.0
2010-09-10,26.305606842041016,0.0
2010-09-13,27.209102630615234,0.0
2010-09-14,27.1048526763916,0.0
2010-09-15,27.59135055541992,0.0
2010-09-16,27.174352645874023,0.0
2010-09-17,27.5218505859375,0.0
2010-09-20,27.313352584838867,0.0
2010-09-21,27.417600631713867,0.0
2010-09-23,27.07010269165039,0.0
2010-09-24,27.00060272216797,0.0
2010-09-27,26.96585273742676,0.0
2010-09-28,26.826854705810547,0.0
2010-09-29,26.86160469055176,0.0
2010-09-30,26.72260475158692,0.0
2010-10-01,26.687854766845703,0.0
2010-10-04,26.86160469055176,0.0
2010-10-05,26.757354736328125,0.0
2010-10-06,27.00060272216797,0.0
2010-10-07,27.13960266113281,0.0
2010-10-08,26.61835479736328,0.0
2010-10-11,26.47935676574707,0.0
2010-10-12,26.201358795166016,0.0
2010-10-13,26.2361068725586,0.0
2010-10-14,26.37510681152344,0.0
2010-10-15,26.44460678100586,0.0
2010-10-18,26.1318588256836,0.0
2010-10-19,25.923358917236328,0.0
2010-10-20,25.923358917236328,0.0
2010-10-21,25.749610900878903,0.0
2010-10-22,25.78436088562012,0.0
2010-10-25,26.37510681152344,0.0
2010-10-26,26.40985679626465,0.0
2010-10-27,26.201358795166016,0.0
2010-10-28,26.340356826782227,0.0
2010-10-29,26.06235885620117,0.0
2010-11-01,26.44460678100586,0.0
2010-11-02,26.65310478210449,0.0
2010-11-03,26.51410675048828,0.0
2010-11-04,26.44460678100586,0.0
2010-11-05,26.96585273742676,0.0
2010-11-08,26.792104721069336,0.0
2010-11-09,26.86160469055176,0.0
2010-11-10,26.61835479736328,0.0
2010-11-11,26.826854705810547,0.0
2010-11-12,26.166608810424805,0.0
2010-11-15,25.99285888671875,0.0
2010-11-16,26.06235885620117,0.0
2010-11-17,25.749610900878903,0.0
2010-11-18,26.097108840942383,0.0
2010-11-19,25.923358917236328,0.0
2010-11-22,25.95810890197754,0.0
2010-11-23,25.819110870361328,0.0
2010-11-24,25.749610900878903,0.0
2010-11-25,25.923358917236328,0.0
2010-11-26,25.78436088562012,0.0
2010-11-29,25.923358917236328,0.0
2010-11-30,25.853858947753903,0.0
2010-12-01,26.44460678100586,0.0
2010-12-02,26.47935676574707,0.0
2010-12-03,26.340356826782227,0.0
2010-12-06,26.72260475158692,0.0
2010-12-07,26.792104721069336,0.0
2010-12-08,26.61835479736328,0.0
2010-12-09,26.166608810424805,0.0
2010-12-10,25.923358917236328,0.0
2010-12-13,25.99285888671875,0.0
2010-12-14,25.99285888671875,0.0
2010-12-15,26.097108840942383,0.0
2010-12-16,26.02760887145996,0.0
2010-12-17,26.097108840942383,0.0
2010-12-20,26.166608810424805,0.0
2010-12-21,26.2361068725586,0.0
2010-12-22,26.40985679626465,0.0
2010-12-23,26.340356826782227,0.0
2010-12-24,26.340356826782227,0.0
2010-12-27,26.86160469055176,0.0
2010-12-28,26.65310478210449,0.0
2010-12-29,26.93110466003418,0.0
2010-12-30,27.07010269165039,0.0
2010-12-31,27.799848556518555,0.0
2011-01-03,28.286346435546875,0.0
2011-01-04,27.660850524902344,0.0
2011-01-05,27.5218505859375,0.0
2011-01-06,27.59135055541992,0.0
2011-01-07,27.07010269165039,0.0
2011-01-10,27.348100662231445,0.0
2011-01-11,27.730348587036133,0.0
2011-01-12,28.14734649658203,0.0
2011-01-13,28.04309844970703,0.0
2011-01-14,28.00834846496582,0.0
2011-01-17,27.59135055541992,0.0
2011-01-18,27.9388484954834,0.0
2011-01-19,27.9388484954834,0.0
2011-01-20,27.799848556518555,0.0
2011-01-21,27.799848556518555,0.0
2011-01-24,27.799848556518555,0.0
2011-01-25,27.97359848022461,0.0
2011-01-26,27.97359848022461,0.0
2011-01-27,28.07784652709961,0.0
2011-01-28,28.216846466064453,0.0
2011-02-08,28.251596450805664,0.0
2011-02-09,27.83459854125977,0.0
2011-02-10,26.86160469055176,0.0
2011-02-11,26.40985679626465,0.0
2011-02-14,26.44460678100586,0.0
2011-02-15,26.44460678100586,0.0
2011-02-16,26.47935676574707,0.0
2011-02-17,26.340356826782227,0.0
2011-02-18,26.89635467529297,0.0
2011-02-21,26.792104721069336,0.0
2011-02-22,26.340356826782227,0.0
2011-02-23,26.1318588256836,0.0
2011-02-24,26.06235885620117,0.0
2011-02-25,26.097108840942383,0.0
2011-03-01,26.201358795166016,0.0
2011-03-02,25.88860893249512,0.0
2011-03-03,26.097108840942383,0.0
2011-03-04,26.305606842041016,0.0
2011-03-07,26.305606842041016,0.0
2011-03-08,26.1318588256836,0.0
2011-03-09,26.166608810424805,0.0
2011-03-10,26.40985679626465,0.0
2011-03-11,26.72260475158692,0.0
2011-03-14,26.305606842041016,0.0
2011-03-15,25.71486091613769,0.0
2011-03-16,25.95810890197754,0.0
2011-03-17,26.166608810424805,0.0
2011-03-18,26.305606842041016,0.0
2011-03-21,26.201358795166016,0.0
2011-03-22,26.270856857299805,0.0
2011-03-23,26.61835479736328,0.0
2011-03-24,26.61835479736328,0.0
2011-03-25,26.757354736328125,0.0
2011-03-28,26.757354736328125,0.0
2011-03-29,26.96585273742676,0.0
2011-03-30,27.174352645874023,0.0
2011-03-31,27.13960266113281,0.0
2011-04-01,27.03535270690918,0.0
2011-04-06,27.5218505859375,0.0
2011-04-07,27.48710060119629,0.0
2011-04-08,27.45235061645508,0.0
2011-04-11,27.626100540161133,0.0
2011-04-12,27.348100662231445,0.0
2011-04-13,27.348100662231445,0.0
2011-04-14,27.243852615356445,0.0
2011-04-15,27.278602600097656,0.0
2011-04-18,27.55660057067871,0.0
2011-04-19,27.00060272216797,0.0
2011-04-20,27.660850524902344,0.0
2011-04-21,28.07784652709961,0.0
2011-04-22,28.42534637451172,0.0
2011-04-25,29.05084228515625,0.0
2011-04-26,28.355846405029297,0.0
2011-04-27,28.981342315673828,0.0
2011-04-28,28.911842346191406,0.0
2011-04-29,29.18984031677246,0.0
2011-05-03,29.328840255737305,0.0
2011-05-04,28.877092361450195,0.0
2011-05-05,28.66859436035156,0.0
2011-05-06,28.842342376708984,0.0
2011-05-09,29.46784019470215,0.0
2011-05-10,29.294090270996094,0.0
2011-05-11,29.294090270996094,0.0
2011-05-12,29.08559226989746,0.0
2011-05-13,29.294090270996094,0.0
2011-05-16,28.911842346191406,0.0
2011-05-17,28.842342376708984,0.0
2011-05-18,28.772844314575195,0.0
2011-05-19,28.390596389770508,0.0
2011-05-20,28.355846405029297,0.0
2011-05-23,28.04309844970703,0.0
2011-05-24,28.286346435546875,0.0
2011-05-25,28.56434440612793,0.0
2011-05-26,28.877092361450195,0.0
2011-05-27,28.703344345092773,0.0
2011-05-30,28.877092361450195,0.0
2011-05-31,29.08559226989746,0.0
2011-06-01,29.224590301513672,0.0
2011-06-02,29.18984031677246,0.0
2011-06-03,29.294090270996094,0.0
2011-06-07,29.328840255737305,0.0
2011-06-08,29.155092239379883,0.0
2011-06-09,29.08559226989746,0.0
2011-06-10,28.981342315673828,0.0
2011-06-13,28.494844436645508,0.0
2011-06-14,28.52959442138672,0.0
2011-06-15,28.877092361450195,0.0
2011-06-16,28.703344345092773,0.0
2011-06-17,29.05084228515625,0.0
2011-06-20,29.259340286254883,0.0
2011-06-21,29.745838165283203,0.0
2011-06-22,30.336584091186523,0.0
2011-06-23,29.95433616638184,0.0
2011-06-24,29.78058815002441,0.0
2011-06-27,29.989086151123047,0.0
2011-06-28,29.50259017944336,0.0
2011-06-29,30.197586059570312,0.0
2011-06-30,30.68408393859864,0.0
2011-07-01,31.27482986450196,0.0
2011-07-04,31.51807975769043,0.0
2011-07-05,31.65707778930664,0.0
2011-07-06,32.17832565307617,0.0
2011-07-07,32.525821685791016,0.0
2011-07-08,31.90032768249512,0.0
2011-07-11,32.352073669433594,0.0
2011-07-12,31.76132774353028,0.0
2011-07-13,30.892581939697266,0.0
2011-07-14,31.135831832885746,0.0
2011-07-15,32.10882568359375,0.0
2011-07-18,32.63007354736328,0.0
2011-07-19,32.317325592041016,0.0
2011-07-20,33.6378173828125,0.0
2011-07-21,33.11656951904297,0.0
2011-07-22,32.73432159423828,0.0
2011-07-25,32.38682556152344,0.0
2011-07-26,33.08182144165039,0.0
2011-07-27,32.873321533203125,0.0
2011-07-28,33.220821380615234,0.0
2011-07-29,32.66482162475586,0.0
2011-08-01,33.91581726074219,0.0
2011-08-02,33.325069427490234,0.0
2011-08-03,32.769073486328125,0.0
2011-08-04,32.769073486328125,0.0
2011-08-05,30.718833923339844,0.0
2011-08-08,29.328840255737305,0.0
2011-08-09,29.85008811950684,0.0
2011-08-10,31.448579788208008,0.0
2011-08-11,30.44083595275879,0.0
2011-08-12,30.02383613586425,0.0
2011-08-15,30.82308387756348,0.0
2011-08-16,30.85783195495605,0.0
2011-08-17,30.83030128479004,0.728919
2011-08-18,30.720844268798828,0.0
2011-08-19,29.735734939575195,0.0
2011-08-22,29.626277923583984,0.0
2011-08-23,30.611387252807617,0.0
2011-08-24,30.35598945617676,0.0
2011-08-25,29.88167762756348,0.0
2011-08-26,29.626277923583984,0.0
2011-08-29,29.626277923583984,0.0
2011-08-30,29.808706283569336,0.0
2011-08-31,30.137075424194336,0.0
2011-09-01,30.57490348815918,0.0
2011-09-02,30.68436050415039,0.0
2011-09-05,29.553306579589844,0.0
2011-09-06,28.42225456237793,0.0
2011-09-07,28.49522590637207,0.0
2011-09-08,28.60468292236328,0.0
2011-09-09,28.60468292236328,0.0
2011-09-13,26.634462356567383,0.0
2011-09-14,25.758808135986328,0.0
2011-09-15,25.94123649597168,0.0
2011-09-16,27.218231201171875,0.0
2011-09-19,25.72232246398925,0.0
2011-09-20,25.7952938079834,0.0
2011-09-21,26.23312187194824,0.0
2011-09-22,25.17503929138184,0.0
2011-09-23,23.42373275756836,0.0
2011-09-26,21.927824020385746,0.0
2011-09-27,22.694021224975582,0.0
2011-09-28,23.168333053588867,0.0
2011-09-29,23.35076141357422,0.0
2011-09-30,23.42373275756836,0.0
2011-10-03,21.927824020385746,0.0
2011-10-04,22.073766708374023,0.0
2011-10-05,21.70891189575196,0.0
2011-10-06,21.96430969238281,0.0
2011-10-07,23.1318473815918,0.0
2011-10-11,24.55478477478028,0.0
2011-10-12,24.445327758789062,0.0
2011-10-13,24.591270446777344,0.0
2011-10-14,24.080472946166992,0.0
2011-10-17,24.22641563415528,0.0
2011-10-18,23.569673538208008,0.0
2011-10-19,23.78858757019043,0.0
2011-10-20,23.42373275756836,0.0
2011-10-21,23.67913055419922,0.0
2011-10-24,25.32098197937012,0.0
2011-10-25,25.50340843200684,0.0
2011-10-26,25.539894104003903,0.0
2011-10-27,25.758808135986328,0.0
2011-10-28,25.94123649597168,0.0
2011-10-31,26.01420783996582,0.0
2011-11-01,25.685836791992188,0.0
2011-11-02,24.95612525939941,0.0
2011-11-03,23.97101593017578,0.0
2011-11-04,24.846668243408203,0.0
2011-11-07,24.591270446777344,0.0
2011-11-08,24.591270446777344,0.0
2011-11-09,24.481813430786133,0.0
2011-11-10,23.095361709594727,0.0
2011-11-11,23.569673538208008,0.0
2011-11-14,23.67913055419922,0.0
2011-11-15,23.31427574157715,0.0
2011-11-16,22.621049880981445,0.0
2011-11-17,22.511592864990234,0.0
2011-11-18,22.730506896972656,0.0
2011-11-21,22.511592864990234,0.0
2011-11-22,22.475107192993164,0.0
2011-11-23,22.110252380371094,0.0
2011-11-24,22.730506896972656,0.0
2011-11-25,22.219709396362305,0.0
2011-11-28,22.621049880981445,0.0
2011-11-29,22.94942092895508,0.0
2011-11-30,22.183223724365234,0.0
2011-12-01,23.71561622619629,0.0
2011-12-02,23.71561622619629,0.0
2011-12-05,23.42373275756836,0.0
2011-12-06,22.98590469360352,0.0
2011-12-07,23.27779006958008,0.0
2011-12-08,22.91293334960937,0.0
2011-12-09,22.58456420898437,0.0
2011-12-12,22.548078536987305,0.0
2011-12-13,22.110252380371094,0.0
2011-12-14,22.183223724365234,0.0
2011-12-15,21.81836700439453,0.0
2011-12-16,21.5264835357666,0.0
2011-12-19,20.504886627197266,0.0
2011-12-20,20.431915283203125,0.0
2011-12-21,21.8548526763916,0.0
2011-12-22,22.329164505004883,0.0
2011-12-23,23.67913055419922,0.0
2011-12-26,23.67913055419922,0.0
2011-12-27,23.27779006958008,0.0
2011-12-28,23.27779006958008,0.0
2011-12-29,23.38724708557129,0.0
2011-12-30,23.38724708557129,0.0
2012-01-02,21.125141143798828,0.0
2012-01-03,21.8548526763916,0.0
2012-01-04,22.03728103637696,0.0
2012-01-05,23.93453025817871,0.0
2012-01-06,23.569673538208008,0.0
2012-01-09,23.35076141357422,0.0
2012-01-10,23.496702194213867,0.0
2012-01-11,23.496702194213867,0.0
2012-01-12,23.35076141357422,0.0
2012-01-13,23.31427574157715,0.0
2012-01-16,22.91293334960937,0.0
2012-01-17,23.022390365600582,0.0
2012-01-18,22.58456420898437,0.0
2012-01-30,23.168333053588867,0.0
2012-01-31,24.080472946166992,0.0
2012-02-01,24.591270446777344,0.0
2012-02-02,24.95612525939941,0.0
2012-02-03,24.992610931396484,0.0
2012-02-06,24.992610931396484,0.0
2012-02-07,25.13855361938477,0.0
2012-02-08,25.758808135986328,0.0
2012-02-09,25.83177947998047,0.0
2012-02-10,25.83177947998047,0.0
2012-02-13,25.758808135986328,0.0
2012-02-14,25.357467651367188,0.0
2012-02-15,25.612865447998047,0.0
2012-02-16,24.737213134765625,0.0
2012-02-17,24.883155822753903,0.0
2012-02-20,24.95612525939941,0.0
2012-02-21,24.77369880676269,0.0
2012-02-22,24.81018447875977,0.0
2012-02-23,24.518299102783203,0.0
2012-02-24,24.737213134765625,0.0
2012-02-29,25.248010635375977,0.0
2012-03-01,25.065582275390625,0.0
2012-03-02,24.846668243408203,0.0
2012-03-05,24.29938507080078,0.0
2012-03-06,24.18992805480957,0.0
2012-03-07,23.78858757019043,0.0
2012-03-08,24.116958618164062,0.0
2012-03-09,24.1534423828125,0.0
2012-03-12,24.080472946166992,0.0
2012-03-13,25.357467651367188,0.0
2012-03-14,25.211524963378903,0.0
2012-03-15,25.248010635375977,0.0
2012-03-16,25.065582275390625,0.0
2012-03-19,25.248010635375977,0.0
2012-03-20,24.883155822753903,0.0
2012-03-21,24.846668243408203,0.0
2012-03-22,25.065582275390625,0.0
2012-03-23,25.17503929138184,0.0
2012-03-26,24.591270446777344,0.0
2012-03-27,24.81018447875977,0.0
2012-03-28,24.591270446777344,0.0
2012-03-29,24.1534423828125,0.0
2012-03-30,24.26289939880371,0.0
2012-04-02,24.00750160217285,0.0
2012-04-03,23.89804458618164,0.0
2012-04-05,23.35076141357422,0.0
2012-04-06,23.35076141357422,0.0
2012-04-09,23.35076141357422,0.0
2012-04-10,23.46021842956543,0.0
2012-04-11,23.35076141357422,0.0
2012-04-12,23.46021842956543,0.0
2012-04-13,23.64264678955078,0.0
2012-04-16,23.38724708557129,0.0
2012-04-17,23.095361709594727,0.0
2012-04-18,22.91293334960937,0.0
2012-04-19,22.621049880981445,0.0
2012-04-20,22.438621520996094,0.0
2012-04-23,22.475107192993164,0.0
2012-04-24,22.292680740356445,0.0
2012-04-25,22.730506896972656,0.0
2012-04-26,22.438621520996094,0.0
2012-04-27,22.438621520996094,0.0
2012-04-30,22.219709396362305,0.0
2012-05-02,22.839963912963867,0.0
2012-05-03,22.402135848999023,0.0
2012-05-04,22.58456420898437,0.0
2012-05-07,22.183223724365234,0.0
2012-05-08,22.03728103637696,0.0
2012-05-09,21.81836700439453,0.0
2012-05-10,22.03728103637696,0.0
2012-05-11,21.81836700439453,0.0
2012-05-14,21.81836700439453,0.0
2012-05-15,21.48999786376953,0.0
2012-05-16,21.23459815979004,0.0
2012-05-17,21.78188133239746,0.0
2012-05-18,21.19811248779297,0.0
2012-05-21,21.23459815979004,0.0
2012-05-22,21.30756950378418,0.0
2012-05-23,21.015684127807617,0.0
2012-05-24,20.76028633117676,0.0
2012-05-25,20.76028633117676,0.0
2012-05-28,20.906227111816406,0.0
2012-05-29,21.45351219177246,0.0
2012-05-30,21.052169799804688,0.0
2012-05-31,21.63594055175781,0.0
2012-06-01,20.86974334716797,0.0
2012-06-04,20.249488830566406,0.0
2012-06-05,20.61434364318848,0.0
2012-06-06,20.61434364318848,0.0
2012-06-07,21.015684127807617,0.0
2012-06-08,20.86974334716797,0.0
2012-06-11,21.30756950378418,0.0
2012-06-12,21.052169799804688,0.0
2012-06-13,20.94271469116211,0.0
2012-06-14,21.015684127807617,0.0
2012-06-15,21.08865547180176,0.0
2012-06-18,21.81836700439453,0.0
2012-06-19,21.67242431640625,0.0
2012-06-20,21.891338348388672,0.0
2012-06-21,21.56296730041504,0.0
2012-06-22,21.38054084777832,0.0
2012-06-25,21.23459815979004,0.0
2012-06-26,21.1616268157959,0.0
2012-06-27,21.41702651977539,0.0
2012-06-28,21.19811248779297,0.0
2012-06-29,21.74539566040039,0.0
2012-07-02,22.14673614501953,0.0
2012-07-03,22.438621520996094,0.0
2012-07-04,22.621049880981445,0.0
2012-07-05,22.438621520996094,0.0
2012-07-06,22.475107192993164,0.0
2012-07-09,22.402135848999023,0.0
2012-07-10,22.256193161010746,0.0
2012-07-11,22.511592864990234,0.0
2012-07-12,22.073766708374023,0.0
2012-07-13,22.219709396362305,0.0
2012-07-16,22.292680740356445,0.0
2012-07-17,22.511592864990234,0.0
2012-07-18,22.256193161010746,0.0
2012-07-19,22.511592864990234,0.0
2012-07-20,22.621049880981445,0.0
2012-07-23,22.14673614501953,0.0
2012-07-24,22.219709396362305,0.0
2012-07-25,22.256193161010746,0.0
2012-07-26,22.329164505004883,0.0
2012-07-27,22.766992568969727,0.0
2012-07-30,22.730506896972656,0.0
2012-07-31,22.98590469360352,0.0
2012-08-01,23.05887794494629,0.0
2012-08-02,23.05887794494629,0.0
2012-08-03,22.8034782409668,0.0
2012-08-06,23.1318473815918,0.0
2012-08-07,23.241304397583008,0.0
2012-08-08,23.35076141357422,0.0
2012-08-09,23.59751319885254,0.728792
2012-08-10,23.44428443908692,0.0
2012-08-13,23.44428443908692,0.0
2012-08-14,23.59751319885254,0.0
2012-08-15,23.405975341796875,0.0
2012-08-16,23.329360961914062,0.0
2012-08-17,23.25274658203125,0.0
2012-08-20,23.06120681762696,0.0
2012-08-21,23.44428443908692,0.0
2012-08-22,23.48259162902832,0.0
2012-08-23,23.48259162902832,0.0
2012-08-24,23.176130294799805,0.0
2012-08-27,23.1378231048584,0.0
2012-08-28,22.831361770629883,0.0
2012-08-29,22.831361770629883,0.0
2012-08-30,22.563207626342773,0.0
2012-08-31,22.79305458068848,0.0
2012-09-03,22.831361770629883,0.0
2012-09-04,22.63982391357422,0.0
2012-09-05,22.37166976928711,0.0
2012-09-06,22.40997695922852,0.0
2012-09-07,22.831361770629883,0.0
2012-09-10,22.90797615051269,0.0
2012-09-11,23.099515914916992,0.0
2012-09-12,23.405975341796875,0.0
2012-09-13,23.329360961914062,0.0
2012-09-14,24.13382148742676,0.0
2012-09-17,24.44028282165528,0.0
2012-09-18,24.401975631713867,0.0
2012-09-19,24.631820678710938,0.0
2012-09-20,24.325359344482425,0.0
2012-09-21,24.363666534423828,0.0
2012-09-24,24.51689720153809,0.0
2012-09-25,24.401975631713867,0.0
2012-09-26,24.210437774658203,0.0
2012-09-27,24.363666534423828,0.0
2012-09-28,24.44028282165528,0.0
2012-10-01,24.287052154541016,0.0
2012-10-02,24.287052154541016,0.0
2012-10-03,24.13382148742676,0.0
2012-10-04,24.51689720153809,0.0
2012-10-05,24.785051345825195,0.0
2012-10-08,24.631820678710938,0.0
2012-10-09,24.899974822998047,0.0
2012-10-11,24.670129776000977,0.0
2012-10-12,24.59351348876953,0.0
2012-10-15,24.51689720153809,0.0
2012-10-16,24.631820678710938,0.0
2012-10-17,24.555206298828125,0.0
2012-10-18,24.74674415588379,0.0
2012-10-19,24.51689720153809,0.0
2012-10-22,24.325359344482425,0.0
2012-10-23,24.01889991760254,0.0
2012-10-24,24.172128677368164,0.0
2012-10-25,23.903976440429688,0.0
2012-10-26,22.98459243774414,0.0
2012-10-29,22.98459243774414,0.0
2012-10-30,23.21443748474121,0.0
2012-10-31,22.98459243774414,0.0
2012-11-01,23.06120681762696,0.0
2012-11-02,23.63582229614257,0.0
2012-11-05,23.520898818969727,0.0
2012-11-06,24.057205200195312,0.0
2012-11-07,24.47859001159668,0.0
2012-11-08,24.13382148742676,0.0
2012-11-09,24.401975631713867,0.0
2012-11-12,24.401975631713867,0.0
2012-11-13,23.674129486083984,0.0
2012-11-14,23.903976440429688,0.0
2012-11-15,23.44428443908692,0.0
2012-11-16,23.44428443908692,0.0
2012-11-19,23.71243667602539,0.0
2012-11-20,23.86566734313965,0.0
2012-11-21,23.48259162902832,0.0
2012-11-22,23.63582229614257,0.0
2012-11-23,24.44028282165528,0.0
2012-11-26,24.785051345825195,0.0
2012-11-27,24.74674415588379,0.0
2012-11-28,24.74674415588379,0.0
2012-11-29,24.785051345825195,0.0
2012-11-30,25.28305053710937,0.0
2012-12-03,25.32135963439941,0.0
2012-12-04,25.397974014282227,0.0
2012-12-05,25.51289749145508,0.0
2012-12-06,25.58951187133789,0.0
2012-12-07,25.58951187133789,0.0
2012-12-10,25.35966682434082,0.0
2012-12-11,25.35966682434082,0.0
2012-12-12,25.8193588256836,0.0
2012-12-13,26.01089668273925,0.0
2012-12-14,25.857666015625,0.0
2012-12-17,25.8193588256836,0.0
2012-12-18,25.895973205566406,0.0
2012-12-19,26.432281494140625,0.0
2012-12-20,25.93428039550781,0.0
2012-12-21,25.704435348510746,0.0
2012-12-24,25.8193588256836,0.0
2012-12-25,26.12582015991211,0.0
2012-12-26,26.16412734985352,0.0
2012-12-27,26.24074363708496,0.0
2012-12-28,26.8919734954834,0.0
2013-01-02,26.8919734954834,0.0
2013-01-03,27.045202255249023,0.0
2013-01-04,26.81535720825196,0.0
2013-01-07,27.083511352539062,0.0
2013-01-08,26.8919734954834,0.0
2013-01-09,27.58151054382324,0.0
2013-01-10,28.50089454650879,0.0
2013-01-11,28.11781883239746,0.0
2013-01-14,28.19443321228028,0.0
2013-01-15,27.428279876708984,0.0
2013-01-16,27.19843482971192,0.0
2013-01-17,26.96858787536621,0.0
2013-01-18,27.811355590820312,0.0
2013-01-21,27.88797187805176,0.0
2013-01-22,28.309356689453125,0.0
2013-01-23,28.19443321228028,0.0
2013-01-24,27.96458625793457,0.0
2013-01-25,27.88797187805176,0.0
2013-01-28,28.19443321228028,0.0
2013-01-29,28.23274040222168,0.0
2013-01-30,28.50089454650879,0.0
2013-01-31,28.922277450561523,0.0
2013-02-01,29.07550811767578,0.0
2013-02-04,30.10981559753418,0.0
2013-02-05,30.33966064453125,0.0
2013-02-06,30.492891311645508,0.0
2013-02-18,30.60781478881836,0.0
2013-02-19,30.41627693176269,0.0
2013-02-20,30.6461238861084,0.0
2013-02-21,29.87997055053711,0.0
2013-02-22,30.10981559753418,0.0
2013-02-25,30.33966064453125,0.0
2013-02-26,30.071508407592773,0.0
2013-02-27,30.6461238861084,0.0
2013-03-01,30.95258331298828,0.0
2013-03-04,30.37796974182129,0.0
2013-03-05,30.914276123046875,0.0
2013-03-06,30.95258331298828,0.0
2013-03-07,31.41227531433105,0.0
2013-03-08,32.944583892822266,0.0
2013-03-11,33.71073532104492,0.0
2013-03-12,32.25504302978516,0.0
2013-03-13,32.44658279418945,0.0
2013-03-14,32.82965850830078,0.0
2013-03-15,32.82965850830078,0.0
2013-03-18,31.71873664855957,0.0
2013-03-19,31.94858360290528,0.0
2013-03-20,32.063507080078125,0.0
2013-03-21,32.331661224365234,0.0
2013-03-22,31.98689079284668,0.0
2013-03-25,32.29335021972656,0.0
2013-03-26,32.063507080078125,0.0
2013-03-27,32.944583892822266,0.0
2013-03-28,32.75304412841797,0.0
2013-03-29,32.791351318359375,0.0
2013-04-01,32.14012145996094,0.0
2013-04-02,31.29735374450684,0.0
2013-04-03,31.33566093444824,0.0
2013-04-08,30.56950759887696,0.0
2013-04-09,30.6461238861084,0.0
2013-04-10,31.33566093444824,0.0
2013-04-11,31.41227531433105,0.0
2013-04-12,31.4888916015625,0.0
2013-04-15,30.99089241027832,0.0
2013-04-16,30.95258331298828,0.0
2013-04-17,31.029199600219727,0.0
2013-04-18,30.95258331298828,0.0
2013-04-19,31.565505981445312,0.0
2013-04-22,32.02519989013672,0.0
2013-04-23,31.98689079284668,0.0
2013-04-24,32.331661224365234,0.0
2013-04-25,32.178428649902344,0.0
2013-04-26,32.40827560424805,0.0
2013-04-29,32.10181427001953,0.0
2013-04-30,32.29335021972656,0.0
2013-05-02,32.25504302978516,0.0
2013-05-03,32.44658279418945,0.0
2013-05-06,31.33566093444824,0.0
2013-05-07,30.95258331298828,0.0
2013-05-08,31.29735374450684,0.0
2013-05-09,31.41227531433105,0.0
2013-05-10,31.71873664855957,0.0
2013-05-13,31.4888916015625,0.0
2013-05-14,31.60381317138672,0.0
2013-05-15,32.29335021972656,0.0
2013-05-16,33.059505462646484,0.0
2013-05-17,32.75304412841797,0.0
2013-05-20,32.82965850830078,0.0
2013-05-21,32.178428649902344,0.0
2013-05-22,31.94858360290528,0.0
2013-05-23,30.914276123046875,0.0
2013-05-24,30.914276123046875,0.0
2013-05-27,30.99089241027832,0.0
2013-05-28,30.837661743164062,0.0
2013-05-29,31.144121170043945,0.0
2013-05-30,30.72273826599121,0.0
2013-05-31,30.41627693176269,0.0
2013-06-03,30.03319931030273,0.0
2013-06-04,30.22473907470703,0.0
2013-06-05,30.41627693176269,0.0
2013-06-06,30.26304626464844,0.0
2013-06-07,30.37796974182129,0.0
2013-06-10,30.531200408935547,0.0
2013-06-11,30.68442916870117,0.0
2013-06-13,30.22473907470703,0.0
2013-06-14,30.37796974182129,0.0
2013-06-17,30.60781478881836,0.0
2013-06-18,30.492891311645508,0.0
2013-06-19,30.33966064453125,0.0
2013-06-20,30.10981559753418,0.0
2013-06-21,29.803354263305664,0.0
2013-06-24,29.87997055053711,0.0
2013-06-25,29.03720092773437,0.0
2013-06-26,29.61181640625,0.0
2013-06-27,30.6461238861084,0.0
2013-06-28,31.29735374450684,0.0
2013-07-01,30.4545841217041,0.766153
2013-07-02,29.91827774047852,0.0
2013-07-03,28.385971069335938,0.0
2013-07-04,28.46258544921875,0.0
2013-07-05,28.88397026062012,0.0
2013-07-08,28.654125213623047,0.0
2013-07-09,29.34366226196289,0.0
2013-07-10,29.84166145324707,0.0
2013-07-11,30.60781478881836,0.0
2013-07-12,31.565505981445312,0.0
2013-07-15,30.761045455932617,0.0
2013-07-16,30.6461238861084,0.0
2013-07-17,30.87596893310547,0.0
2013-07-18,31.067506790161133,0.0
2013-07-19,30.914276123046875,0.0
2013-07-22,31.2590446472168,0.0
2013-07-23,31.64212226867676,0.0
2013-07-24,31.22073745727539,0.0
2013-07-25,31.22073745727539,0.0
2013-07-26,31.22073745727539,0.0
2013-07-29,31.2590446472168,0.0
2013-07-30,31.75704574584961,0.0
2013-07-31,32.25504302978516,0.0
2013-08-01,31.833660125732425,0.0
2013-08-02,32.29335021972656,0.0
2013-08-05,32.523197174072266,0.0
2013-08-06,32.02519989013672,0.0
2013-08-07,31.029199600219727,0.0
2013-08-08,31.41227531433105,0.0
2013-08-09,31.067506790161133,0.0
2013-08-12,31.144121170043945,0.0
2013-08-13,31.795352935791016,0.0
2013-08-14,31.565505981445312,0.0
2013-08-15,31.29735374450684,0.0
2013-08-16,31.33566093444824,0.0
2013-08-19,31.33566093444824,0.0
2013-08-20,31.565505981445312,0.0
2013-08-22,31.22073745727539,0.0
2013-08-23,31.029199600219727,0.0
2013-08-26,30.95258331298828,0.0
2013-08-27,30.56950759887696,0.0
2013-08-28,30.33966064453125,0.0
2013-08-29,30.837661743164062,0.0
2013-08-30,31.41227531433105,0.0
2013-09-02,31.29735374450684,0.0
2013-09-03,31.527198791503903,0.0
2013-09-04,31.41227531433105,0.0
2013-09-05,31.64212226867676,0.0
2013-09-06,31.29735374450684,0.0
2013-09-09,31.41227531433105,0.0
2013-09-10,30.914276123046875,0.0
2013-09-11,31.29735374450684,0.0
2013-09-12,31.182430267333984,0.0
2013-09-13,31.182430267333984,0.0
2013-09-16,31.64212226867676,0.0
2013-09-17,31.680429458618164,0.0
2013-09-18,31.680429458618164,0.0
2013-09-23,32.10181427001953,0.0
2013-09-24,31.98689079284668,0.0
2013-09-25,32.063507080078125,0.0
2013-09-26,31.680429458618164,0.0
2013-09-27,31.75704574584961,0.0
2013-09-30,31.33566093444824,0.0
2013-10-01,31.33566093444824,0.0
2013-10-02,31.182430267333984,0.0
2013-10-03,32.178428649902344,0.0
2013-10-04,32.29335021972656,0.0
2013-10-07,32.29335021972656,0.0
2013-10-08,32.906272888183594,0.0
2013-10-09,33.1361198425293,0.0
2013-10-11,33.1361198425293,0.0
2013-10-14,33.327659606933594,0.0
2013-10-15,33.365966796875,0.0
2013-10-16,33.1361198425293,0.0
2013-10-17,33.1744270324707,0.0
2013-10-18,32.63812255859375,0.0
2013-10-21,32.86796569824219,0.0
2013-10-22,32.75304412841797,0.0
2013-10-23,31.98689079284668,0.0
2013-10-24,31.75704574584961,0.0
2013-10-25,31.60381317138672,0.0
2013-10-28,32.21673583984375,0.0
2013-10-29,32.36996841430664,0.0
2013-10-30,32.906272888183594,0.0
2013-10-31,32.944583892822266,0.0
2013-11-01,32.331661224365234,0.0
2013-11-04,31.795352935791016,0.0
2013-11-05,31.41227531433105,0.0
2013-11-06,31.60381317138672,0.0
2013-11-07,31.29735374450684,0.0
2013-11-08,31.41227531433105,0.0
2013-11-11,31.29735374450684,0.0
2013-11-12,31.565505981445312,0.0
2013-11-13,31.144121170043945,0.0
2013-11-14,31.22073745727539,0.0
2013-11-15,31.29735374450684,0.0
2013-11-18,31.94858360290528,0.0
2013-11-19,32.10181427001953,0.0
2013-11-20,32.02519989013672,0.0
2013-11-21,31.33566093444824,0.0
2013-11-22,31.565505981445312,0.0
2013-11-25,32.178428649902344,0.0
2013-11-26,32.02519989013672,0.0
2013-11-27,32.14012145996094,0.0
2013-11-28,32.14012145996094,0.0
2013-11-29,32.40827560424805,0.0
2013-12-02,32.36996841430664,0.0
2013-12-03,32.178428649902344,0.0
2013-12-04,32.178428649902344,0.0
2013-12-05,32.063507080078125,0.0
2013-12-06,31.94858360290528,0.0
2013-12-09,32.25504302978516,0.0
2013-12-10,32.523197174072266,0.0
2013-12-11,32.56150436401367,0.0
2013-12-12,32.14012145996094,0.0
2013-12-13,32.063507080078125,0.0
2013-12-16,31.64212226867676,0.0
2013-12-17,31.795352935791016,0.0
2013-12-18,31.680429458618164,0.0
2013-12-19,32.25504302978516,0.0
2013-12-20,32.29335021972656,0.0
2013-12-23,32.67642974853516,0.0
2013-12-24,32.63812255859375,0.0
2013-12-25,32.75304412841797,0.0
2013-12-26,32.59981155395508,0.0
2013-12-27,32.906272888183594,0.0
2013-12-30,33.48088836669922,0.0
2013-12-31,33.404273986816406,0.0
2014-01-02,33.365966796875,0.0
2014-01-03,32.944583892822266,0.0
2014-01-06,32.36996841430664,0.0
2014-01-07,32.63812255859375,0.0
2014-01-08,32.56150436401367,0.0
2014-01-09,32.944583892822266,0.0
2014-01-10,32.71473693847656,0.0
2014-01-13,33.21273422241211,0.0
2014-01-14,33.1744270324707,0.0
2014-01-15,32.98289108276367,0.0
2014-01-16,32.944583892822266,0.0
2014-01-17,32.98289108276367,0.0
2014-01-20,33.404273986816406,0.0
2014-01-21,33.48088836669922,0.0
2014-01-22,33.63412094116211,0.0
2014-01-23,33.25104141235352,0.0
2014-01-24,33.1744270324707,0.0
2014-01-27,32.791351318359375,0.0
2014-02-05,31.64212226867676,0.0
2014-02-06,31.795352935791016,0.0
2014-02-07,31.98689079284668,0.0
2014-02-10,31.871967315673828,0.0
2014-02-11,32.25504302978516,0.0
2014-02-12,32.63812255859375,0.0
2014-02-13,32.48488998413086,0.0
2014-02-14,32.791351318359375,0.0
2014-02-17,32.523197174072266,0.0
2014-02-18,32.944583892822266,0.0
2014-02-19,33.09781265258789,0.0
2014-02-20,32.98289108276367,0.0
2014-02-21,33.25104141235352,0.0
2014-02-24,32.40827560424805,0.0
2014-02-25,32.331661224365234,0.0
2014-02-26,32.178428649902344,0.0
2014-02-27,32.44658279418945,0.0
2014-03-03,32.14012145996094,0.0
2014-03-04,31.871967315673828,0.0
2014-03-05,31.98689079284668,0.0
2014-03-06,32.178428649902344,0.0
2014-03-07,32.40827560424805,0.0
2014-03-10,31.795352935791016,0.0
2014-03-11,31.795352935791016,0.0
2014-03-12,31.795352935791016,0.0
2014-03-13,31.795352935791016,0.0
2014-03-14,31.680429458618164,0.0
2014-03-17,31.94858360290528,0.0
2014-03-18,32.02519989013672,0.0
2014-03-19,31.680429458618164,0.0
2014-03-20,31.029199600219727,0.0
2014-03-21,31.067506790161133,0.0
2014-03-24,31.067506790161133,0.0
2014-03-25,31.41227531433105,0.0
2014-03-26,31.4888916015625,0.0
2014-03-27,31.4888916015625,0.0
2014-03-28,31.64212226867676,0.0
2014-03-31,31.64212226867676,0.0
2014-04-01,31.71873664855957,0.0
2014-04-02,32.02519989013672,0.0
2014-04-03,31.871967315673828,0.0
2014-04-07,31.795352935791016,0.0
2014-04-08,31.565505981445312,0.0
2014-04-09,31.64212226867676,0.0
2014-04-10,32.02519989013672,0.0
2014-04-11,32.063507080078125,0.0
2014-04-14,31.910274505615234,0.0
2014-04-15,31.833660125732425,0.0
2014-04-16,31.871967315673828,0.0
2014-04-17,31.871967315673828,0.0
2014-04-18,31.833660125732425,0.0
2014-04-21,31.4888916015625,0.0
2014-04-22,31.64212226867676,0.0
2014-04-23,31.22073745727539,0.0
2014-04-24,31.144121170043945,0.0
2014-04-25,30.4545841217041,0.0
2014-04-28,29.994892120361328,0.0
2014-04-29,29.994892120361328,0.0
2014-04-30,29.87997055053711,0.0
2014-05-02,30.33966064453125,0.0
2014-05-05,29.994892120361328,0.0
2014-05-06,30.761045455932617,0.0
2014-05-07,30.41627693176269,0.0
2014-05-08,30.6461238861084,0.0
2014-05-09,30.6461238861084,0.0
2014-05-12,30.531200408935547,0.0
2014-05-13,30.22473907470703,0.0
2014-05-14,30.68442916870117,0.0
2014-05-15,30.531200408935547,0.0
2014-05-16,30.799352645874023,0.0
2014-05-19,31.41227531433105,0.0
2014-05-20,31.2590446472168,0.0
2014-05-21,30.799352645874023,0.0
2014-05-22,31.29735374450684,0.0
2014-05-23,31.795352935791016,0.0
2014-05-26,32.178428649902344,0.0
2014-05-27,32.25504302978516,0.0
2014-05-28,32.75304412841797,0.0
2014-05-29,33.02119827270508,0.0
2014-05-30,33.059505462646484,0.0
2014-06-03,33.02119827270508,0.0
2014-06-04,32.82965850830078,0.0
2014-06-05,33.02119827270508,0.0
2014-06-06,32.944583892822266,0.0
2014-06-09,32.82965850830078,0.0
2014-06-10,33.21273422241211,0.0
2014-06-11,33.1744270324707,0.0
2014-06-12,33.1744270324707,0.0
2014-06-13,32.944583892822266,0.0
2014-06-16,33.059505462646484,0.0
2014-06-17,33.1361198425293,0.0
2014-06-18,33.1744270324707,0.0
2014-06-19,33.365966796875,0.0
2014-06-20,33.1744270324707,0.0
2014-06-23,32.21673583984375,1.14923
2014-06-24,32.36996841430664,0.0
2014-06-25,32.82965850830078,0.0
2014-06-26,32.791351318359375,0.0
2014-06-27,32.59981155395508,0.0
2014-06-30,33.059505462646484,0.0
2014-07-01,32.944583892822266,0.0
2014-07-02,33.02119827270508,0.0
2014-07-03,32.75304412841797,0.0
2014-07-04,32.944583892822266,0.0
2014-07-07,32.944583892822266,0.0
2014-07-08,33.28935241699219,0.0
2014-07-09,34.208736419677734,0.0
2014-07-10,35.0131950378418,0.0
2014-07-11,34.936580657958984,0.0
2014-07-14,36.00919342041016,0.0
2014-07-15,37.19673156738281,0.0
2014-07-16,36.00919342041016,0.0
2014-07-17,36.31565475463867,0.0
2014-07-18,36.35396194458008,0.0
2014-07-21,36.545501708984375,0.0
2014-07-22,36.9285774230957,0.0
2014-07-23,36.9285774230957,0.0
2014-07-24,37.31165313720703,0.0
2014-07-25,37.77134704589844,0.0
2014-07-28,37.92457580566406,0.0
2014-07-29,36.39226913452149,0.0
2014-07-30,37.23503875732422,0.0
2014-07-31,36.39226913452149,0.0
2014-08-01,35.549503326416016,0.0
2014-08-04,35.549503326416016,0.0
2014-08-05,34.132118225097656,0.0
2014-08-06,34.668426513671875,0.0
2014-08-07,34.89827346801758,0.0
2014-08-08,34.8216552734375,0.0
2014-08-11,35.549503326416016,0.0
2014-08-12,35.51119613647461,0.0
2014-08-13,35.77934646606445,0.0
2014-08-14,36.35396194458008,0.0
2014-08-15,35.85596466064453,0.0
2014-08-18,35.2430419921875,0.0
2014-08-19,35.70273208618164,0.0
2014-08-20,37.158424377441406,0.0
2014-08-21,37.158424377441406,0.0
2014-08-22,37.541500091552734,0.0
2014-08-25,37.34996032714844,0.0
2014-08-26,37.23503875732422,0.0
2014-08-27,37.962886810302734,0.0
2014-08-28,38.00119018554688,0.0
2014-08-29,37.38827133178711,0.0
2014-09-01,37.84796142578125,0.0
2014-09-02,37.50319290161133,0.0
2014-09-03,38.307655334472656,0.0
2014-09-04,38.23103713989258,0.0
2014-09-05,38.19272994995117,0.0
2014-09-09,38.46088409423828,0.0
2014-09-10,38.307655334472656,0.0
2014-09-11,38.00119018554688,0.0
2014-09-12,37.541500091552734,0.0
2014-09-15,37.158424377441406,0.0
2014-09-16,37.00519180297852,0.0
2014-09-17,37.1201171875,0.0
2014-09-18,37.541500091552734,0.0
2014-09-19,37.65642166137695,0.0
2014-09-22,37.57980728149414,0.0
2014-09-23,36.9285774230957,0.0
2014-09-24,36.8902702331543,0.0
2014-09-25,36.35396194458008,0.0
2014-09-26,35.62611770629883,0.0
2014-09-29,35.77934646606445,0.0
2014-09-30,35.77934646606445,0.0
2014-10-01,35.62611770629883,0.0
2014-10-02,35.70273208618164,0.0
2014-10-03,36.81365585327149,0.0
2014-10-06,36.62211608886719,0.0
2014-10-07,36.9285774230957,0.0
2014-10-08,36.77534866333008,0.0
2014-10-09,37.80965423583984,0.0
2014-10-13,37.081809997558594,0.0
2014-10-14,37.77134704589844,0.0
2014-10-15,37.34996032714844,0.0
2014-10-16,36.77534866333008,0.0
2014-10-17,35.549503326416016,0.0
2014-10-20,36.23904037475586,0.0
2014-10-21,36.35396194458008,0.0
2014-10-22,36.58380889892578,0.0
2014-10-23,37.00519180297852,0.0
2014-10-24,36.81365585327149,0.0
2014-10-27,37.23503875732422,0.0
2014-10-28,38.92057418823242,0.0
2014-10-29,39.22703552246094,0.0
2014-10-30,38.9971923828125,0.0
2014-10-31,39.38026809692383,0.0
2014-11-03,39.303653717041016,0.0
2014-11-04,39.07380676269531,0.0
2014-11-05,38.92057418823242,0.0
2014-11-06,38.53749847412109,0.0
2014-11-07,38.61411666870117,0.0
2014-11-10,39.38026809692383,0.0
2014-11-11,39.303653717041016,0.0
2014-11-12,38.38426971435547,0.0
2014-11-13,38.92057418823242,0.0
2014-11-14,38.92057418823242,0.0
2014-11-17,38.19272994995117,0.0
2014-11-18,38.154422760009766,0.0
2014-11-19,38.46088409423828,0.0
2014-11-20,38.92057418823242,0.0
2014-11-21,38.61411666870117,0.0
2014-11-24,38.9971923828125,0.0
2014-11-25,38.61411666870117,0.0
2014-11-26,38.690731048583984,0.0
2014-11-27,38.46088409423828,0.0
2014-11-28,38.84395980834961,0.0
2014-12-01,37.80965423583984,0.0
2014-12-02,36.96688461303711,0.0
2014-12-03,38.11611557006836,0.0
2014-12-04,38.53749847412109,0.0
2014-12-05,38.690731048583984,0.0
2014-12-08,39.22703552246094,0.0
2014-12-09,38.61411666870117,0.0
2014-12-10,38.269344329833984,0.0
2014-12-11,38.19272994995117,0.0
2014-12-12,38.11611557006836,0.0
2014-12-15,37.694732666015625,0.0
2014-12-16,37.31165313720703,0.0
2014-12-17,36.545501708984375,0.0
2014-12-18,36.58380889892578,0.0
2014-12-19,37.158424377441406,0.0
2014-12-22,37.886268615722656,0.0
2014-12-23,38.269344329833984,0.0
2014-12-24,38.46088409423828,0.0
2014-12-25,38.269344329833984,0.0
2014-12-26,38.53749847412109,0.0
2014-12-29,38.84395980834961,0.0
2014-12-30,38.9971923828125,0.0
2014-12-31,38.84395980834961,0.0
2015-01-05,38.61411666870117,0.0
2015-01-06,37.158424377441406,0.0
2015-01-07,37.541500091552734,0.0
2015-01-08,38.23103713989258,0.0
2015-01-09,38.03950119018555,0.0
2015-01-12,37.65642166137695,0.0
2015-01-13,38.53749847412109,0.0
2015-01-14,38.19272994995117,0.0
2015-01-15,38.00119018554688,0.0
2015-01-16,37.77134704589844,0.0
2015-01-19,37.73303985595703,0.0
2015-01-20,38.03950119018555,0.0
2015-01-21,38.46088409423828,0.0
2015-01-22,38.9971923828125,0.0
2015-01-23,38.92057418823242,0.0
2015-01-26,38.84395980834961,0.0
2015-01-27,39.45688247680664,0.0
2015-01-28,39.303653717041016,0.0
2015-01-29,39.150421142578125,0.0
2015-01-30,38.53749847412109,0.0
2015-02-02,38.53749847412109,0.0
2015-02-03,38.53749847412109,0.0
2015-02-04,39.45688247680664,0.0
2015-02-05,39.61011505126953,0.0
2015-02-06,39.38026809692383,0.0
2015-02-09,39.303653717041016,0.0
2015-02-10,40.452880859375,0.0
2015-02-11,40.37626647949219,0.0
2015-02-12,40.52949523925781,0.0
2015-02-13,40.98918914794922,0.0
2015-02-24,42.5214958190918,0.0
2015-02-25,42.5214958190918,0.0
2015-02-26,42.904571533203125,0.0
2015-03-02,42.82795715332031,0.0
2015-03-03,42.291648864746094,0.0
2015-03-04,42.13842010498047,0.0
2015-03-05,41.67872619628906,0.0
2015-03-06,42.44488143920898,0.0
2015-03-09,42.13842010498047,0.0
2015-03-10,43.36426544189453,0.0
2015-03-11,45.049800872802734,0.0
2015-03-12,44.81995391845703,0.0
2015-03-13,43.51749420166016,0.0
2015-03-16,43.36426544189453,0.0
2015-03-17,43.28764724731445,0.0
2015-03-18,44.4368782043457,0.0
2015-03-19,44.4368782043457,0.0
2015-03-20,44.20703125,0.0
2015-03-23,43.67072677612305,0.0
2015-03-24,44.053802490234375,0.0
2015-03-25,43.440879821777344,0.0
2015-03-26,43.82395553588867,0.0
2015-03-27,42.44488143920898,0.0
2015-03-30,42.7513427734375,0.0
2015-03-31,43.057804107666016,0.0
2015-04-01,42.5214958190918,0.0
2015-04-02,43.90056991577149,0.0
2015-04-07,43.82395553588867,0.0
2015-04-08,43.28764724731445,0.0
2015-04-09,43.82395553588867,0.0
2015-04-10,44.20703125,0.0
2015-04-13,43.9771842956543,0.0
2015-04-14,43.74734115600586,0.0
2015-04-15,42.98118591308594,0.0
2015-04-16,43.67072677612305,0.0
2015-04-17,43.51749420166016,0.0
2015-04-20,44.053802490234375,0.0
2015-04-21,43.90056991577149,0.0
2015-04-22,44.20703125,0.0
2015-04-23,47.27164459228516,0.0
2015-04-24,46.88856887817383,0.0
2015-04-27,48.80395126342773,0.0
2015-04-28,50.18302536010742,0.0
2015-04-29,50.33625793457031,0.0
2015-04-30,50.64271926879883,0.0
2015-05-04,52.25164031982422,0.0
2015-05-05,51.71533203125,0.0
2015-05-06,50.79594802856445,0.0
2015-05-07,49.34025955200195,0.0
2015-05-08,50.87256240844727,0.0
2015-05-11,50.412872314453125,0.0
2015-05-12,50.566104888916016,0.0
2015-05-13,50.87256240844727,0.0
2015-05-14,48.34425735473633,0.0
2015-05-15,48.80395126342773,0.0
2015-05-18,48.1910285949707,0.0
2015-05-19,49.799949645996094,0.0
2015-05-20,49.34025955200195,0.0
2015-05-21,47.7313346862793,0.0
2015-05-22,48.11441421508789,0.0
2015-05-25,48.420875549316406,0.0
2015-05-26,48.57410430908203,0.0
2015-05-27,49.57010269165039,0.0
2015-05-28,49.03379821777344,0.0
2015-05-29,48.420875549316406,0.0
2015-06-01,48.03779983520508,0.0
2015-06-02,48.34425735473633,0.0
2015-06-03,47.88456726074219,0.0
2015-06-04,47.11841583251953,0.0
2015-06-05,48.03779983520508,0.0
2015-06-08,48.88056564331055,0.0
2015-06-09,47.807952880859375,0.0
2015-06-10,47.961181640625,0.0
2015-06-11,47.961181640625,0.0
2015-06-12,48.26764297485352,0.0
2015-06-15,48.72733688354492,0.0
2015-06-16,48.11441421508789,0.0
2015-06-17,47.34825897216797,0.0
2015-06-18,47.42487335205078,0.0
2015-06-22,48.72733688354492,0.0
2015-06-23,49.64672088623047,0.0
2015-06-24,49.416873931884766,0.0
2015-06-25,49.57010269165039,0.0
2015-06-26,49.416873931884766,0.0
2015-06-29,48.03779983520508,0.0
2015-06-30,47.04179763793945,2.298459
2015-07-01,46.88856887817383,0.0
2015-07-02,47.34825897216797,0.0
2015-07-03,47.65472030639648,0.0
2015-07-06,47.11841583251953,0.0
2015-07-07,47.50149154663086,0.0
2015-07-08,45.96918487548828,0.0
2015-07-09,44.590110778808594,0.0
2015-07-10,44.590110778808594,0.0
2015-07-13,46.04579925537109,0.0
2015-07-14,46.04579925537109,0.0
2015-07-15,46.58210754394531,0.0
2015-07-16,46.58210754394531,0.0
2015-07-17,46.658721923828125,0.0
2015-07-20,46.199031829833984,0.0
2015-07-21,46.811954498291016,0.0
2015-07-22,46.35226058959961,0.0
2015-07-23,46.199031829833984,0.0
2015-07-24,46.2756462097168,0.0
2015-07-27,44.97318649291992,0.0
2015-07-28,43.36426544189453,0.0
2015-07-29,42.368263244628906,0.0
2015-07-30,43.90056991577149,0.0
2015-07-31,44.13041687011719,0.0
2015-08-03,43.13441848754883,0.0
2015-08-04,43.90056991577149,0.0
2015-08-05,44.4368782043457,0.0
2015-08-06,43.90056991577149,0.0
2015-08-07,43.67072677612305,0.0
2015-08-10,44.590110778808594,0.0
2015-08-11,43.51749420166016,0.0
2015-08-12,40.52949523925781,0.0
2015-08-13,40.6827278137207,0.0
2015-08-14,40.98918914794922,0.0
2015-08-17,40.75934219360352,0.0
2015-08-18,39.38026809692383,0.0
2015-08-19,38.38426971435547,0.0
2015-08-20,39.38026809692383,0.0
2015-08-21,38.19272994995117,0.0
2015-08-24,38.53749847412109,0.0
2015-08-25,39.76334381103516,0.0
2015-08-26,40.912574768066406,0.0
2015-08-27,41.29565048217773,0.0
2015-08-28,41.60211181640625,0.0
2015-08-31,42.82795715332031,0.0
2015-09-01,40.452880859375,0.0
2015-09-02,40.06980514526367,0.0
2015-09-03,40.299652099609375,0.0
2015-09-04,39.99319076538086,0.0
2015-09-07,39.91657638549805,0.0
2015-09-08,39.76334381103516,0.0
2015-09-09,40.6827278137207,0.0
2015-09-10,40.52949523925781,0.0
2015-09-11,40.75934219360352,0.0
2015-09-14,40.52949523925781,0.0
2015-09-15,40.299652099609375,0.0
2015-09-16,40.8359603881836,0.0
2015-09-17,42.368263244628906,0.0
2015-09-18,42.21503448486328,0.0
2015-09-21,40.912574768066406,0.0
2015-09-22,41.75534057617188,0.0
2015-09-23,40.75934219360352,0.0
2015-09-24,40.37626647949219,0.0
2015-09-25,40.06980514526367,0.0
2015-09-29,40.06980514526367,0.0
2015-09-30,39.303653717041016,0.0
2015-10-01,40.22303771972656,0.0
2015-10-02,39.91657638549805,0.0
2015-10-05,40.22303771972656,0.0
2015-10-06,40.06980514526367,0.0
2015-10-07,40.8359603881836,0.0
2015-10-08,39.91657638549805,0.0
2015-10-12,40.06980514526367,0.0
2015-10-13,40.06980514526367,0.0
2015-10-14,40.06980514526367,0.0
2015-10-15,39.99319076538086,0.0
2015-10-16,40.37626647949219,0.0
2015-10-19,40.98918914794922,0.0
2015-10-20,41.06580352783203,0.0
2015-10-21,40.75934219360352,0.0
2015-10-22,40.452880859375,0.0
2015-10-23,41.29565048217773,0.0
2015-10-26,41.29565048217773,0.0
2015-10-27,41.06580352783203,0.0
2015-10-28,41.06580352783203,0.0
2015-10-29,40.22303771972656,0.0
2015-10-30,40.37626647949219,0.0
2015-11-02,40.6827278137207,0.0
2015-11-03,41.67872619628906,0.0
2015-11-04,42.44488143920898,0.0
2015-11-05,42.82795715332031,0.0
2015-11-06,41.67872619628906,0.0
2015-11-09,42.061805725097656,0.0
2015-11-10,41.06580352783203,0.0
2015-11-11,40.75934219360352,0.0
2015-11-12,40.452880859375,0.0
2015-11-13,40.06980514526367,0.0
2015-11-16,40.6827278137207,0.0
2015-11-17,40.912574768066406,0.0
2015-11-18,40.37626647949219,0.0
2015-11-19,41.14242172241211,0.0
2015-11-20,40.8359603881836,0.0
2015-11-23,40.8359603881836,0.0
2015-11-24,40.98918914794922,0.0
2015-11-25,40.37626647949219,0.0
2015-11-26,40.75934219360352,0.0
2015-11-27,40.37626647949219,0.0
2015-11-30,39.83995819091797,0.0
2015-12-01,39.76334381103516,0.0
2015-12-02,39.53349685668945,0.0
2015-12-03,39.53349685668945,0.0
2015-12-04,38.9971923828125,0.0
2015-12-07,38.53749847412109,0.0
2015-12-08,37.80965423583984,0.0
2015-12-09,37.19673156738281,0.0
2015-12-10,37.38827133178711,0.0
2015-12-11,36.77534866333008,0.0
2015-12-14,35.932579040527344,0.0
2015-12-15,35.204734802246094,0.0
2015-12-16,35.204734802246094,0.0
2015-12-17,36.50719451904297,0.0
2015-12-18,35.62611770629883,0.0
2015-12-21,35.396270751953125,0.0
2015-12-22,35.35796356201172,0.0
2015-12-23,35.47288513183594,0.0
2015-12-24,35.97088623046875,0.0
2015-12-25,36.08581161499024,0.0
2015-12-28,36.04750061035156,0.0
2015-12-29,35.77934646606445,0.0
2015-12-30,35.549503326416016,0.0
2015-12-31,34.47688674926758,0.0
2016-01-04,33.365966796875,0.0
2016-01-05,32.523197174072266,0.0
2016-01-06,31.41227531433105,0.0
2016-01-07,30.37796974182129,0.0
2016-01-08,30.37796974182129,0.0
2016-01-11,29.87997055053711,0.0
2016-01-12,30.33966064453125,0.0
2016-01-13,29.95658493041992,0.0
2016-01-14,29.11381721496582,0.0
2016-01-15,28.19443321228028,0.0
2016-01-18,28.615816116333008,0.0
2016-01-19,28.46258544921875,0.0
2016-01-20,27.35166358947754,0.0
2016-01-21,26.81535720825196,0.0
2016-01-22,26.81535720825196,0.0
2016-01-25,27.7347412109375,0.0
2016-01-26,27.083511352539062,0.0
2016-01-27,27.12181854248047,0.0
2016-01-28,27.38997268676757,0.0
2016-01-29,27.926279067993164,0.0
2016-02-01,29.420278549194336,0.0
2016-02-02,29.49689292907715,0.0
2016-02-03,28.99889373779297,0.0
2016-02-15,27.88797187805176,0.0
2016-02-16,29.381969451904297,0.0
2016-02-17,28.88397026062012,0.0
2016-02-18,29.34366226196289,0.0
2016-02-19,29.34366226196289,0.0
2016-02-22,29.381969451904297,0.0
2016-02-23,29.61181640625,0.0
2016-02-24,29.381969451904297,0.0
2016-02-25,29.95658493041992,0.0
2016-02-26,30.22473907470703,0.0
2016-03-01,30.186431884765625,0.0
2016-03-02,30.761045455932617,0.0
2016-03-03,31.527198791503903,0.0
2016-03-04,31.75704574584961,0.0
2016-03-07,31.41227531433105,0.0
2016-03-08,31.60381317138672,0.0
2016-03-09,31.182430267333984,0.0
2016-03-10,30.761045455932617,0.0
2016-03-11,30.99089241027832,0.0
2016-03-14,31.2590446472168,0.0
2016-03-15,30.492891311645508,0.0
2016-03-16,30.799352645874023,0.0
2016-03-17,31.182430267333984,0.0
2016-03-18,31.10581588745117,0.0
2016-03-21,30.95258331298828,0.0
2016-03-22,30.914276123046875,0.0
2016-03-23,30.6461238861084,0.0
2016-03-24,30.492891311645508,0.0
2016-03-25,30.60781478881836,0.0
2016-03-28,30.60781478881836,0.0
2016-03-29,30.22473907470703,0.0
2016-03-30,30.4545841217041,0.0
2016-03-31,31.41227531433105,0.0
2016-04-01,30.95258331298828,0.0
2016-04-06,29.91827774047852,0.0
2016-04-07,30.10981559753418,0.0
2016-04-08,30.33966064453125,0.0
2016-04-11,30.071508407592773,0.0
2016-04-12,30.22473907470703,0.0
2016-04-13,30.6461238861084,0.0
2016-04-14,30.95258331298828,0.0
2016-04-15,31.22073745727539,0.0
2016-04-18,30.6461238861084,0.0
2016-04-19,30.68442916870117,0.0
2016-04-20,30.37796974182129,0.0
2016-04-21,30.186431884765625,0.0
2016-04-22,30.531200408935547,0.0
2016-04-25,30.492891311645508,0.0
2016-04-26,30.837661743164062,0.0
2016-04-27,30.26304626464844,0.0
2016-04-28,29.76504707336425,0.0
2016-04-29,30.071508407592773,0.0
2016-05-03,29.84166145324707,0.0
2016-05-04,29.11381721496582,0.0
2016-05-05,28.96058654785156,0.0
2016-05-06,28.34766387939453,0.0
2016-05-09,28.27104759216309,0.0
2016-05-10,28.27104759216309,0.0
2016-05-11,28.079509735107425,0.0
2016-05-12,27.7347412109375,0.0
2016-05-13,27.35166358947754,0.0
2016-05-16,27.58151054382324,0.0
2016-05-17,27.84966468811035,0.0
2016-05-18,28.041202545166016,0.0
2016-05-19,27.811355590820312,0.0
2016-05-20,27.926279067993164,0.0
2016-05-23,28.99889373779297,0.0
2016-05-24,28.34766387939453,0.0
2016-05-25,28.88397026062012,0.0
2016-05-26,28.654125213623047,0.0
2016-05-27,28.96058654785156,0.0
2016-05-30,29.49689292907715,0.0
2016-05-31,29.49689292907715,0.0
2016-06-01,29.87997055053711,0.0
2016-06-02,29.72673988342285,0.0
2016-06-03,29.76504707336425,0.0
2016-06-06,29.87997055053711,0.0
2016-06-07,29.994892120361328,0.0
2016-06-08,29.84166145324707,0.0
2016-06-13,29.458585739135746,0.0
2016-06-14,30.26304626464844,0.0
2016-06-15,30.492891311645508,0.0
2016-06-16,29.803354263305664,0.0
2016-06-17,30.071508407592773,0.0
2016-06-20,30.37796974182129,0.0
2016-06-21,30.4545841217041,0.0
2016-06-22,30.6461238861084,0.0
2016-06-23,30.492891311645508,0.0
2016-06-24,29.26704788208008,0.0
2016-06-27,28.11781883239746,1.532306
2016-06-28,28.19443321228028,0.0
2016-06-29,28.539201736450195,0.0
2016-06-30,28.84566307067871,0.0
2016-07-01,28.807355880737305,0.0
2016-07-04,28.615816116333008,0.0
2016-07-05,28.34766387939453,0.0
2016-07-06,27.658126831054688,0.0
2016-07-07,27.61981773376465,0.0
2016-07-08,27.61981773376465,0.0
2016-07-11,27.96458625793457,0.0
2016-07-12,28.46258544921875,0.0
2016-07-13,29.03720092773437,0.0
2016-07-14,29.19043159484864,0.0
2016-07-15,29.87997055053711,0.0
2016-07-18,30.22473907470703,0.0
2016-07-19,30.837661743164062,0.0
2016-07-20,30.6461238861084,0.0
2016-07-21,30.68442916870117,0.0
2016-07-22,30.68442916870117,0.0
2016-07-25,30.531200408935547,0.0
2016-07-26,30.6461238861084,0.0
2016-07-27,30.56950759887696,0.0
2016-07-28,30.72273826599121,0.0
2016-07-29,30.37796974182129,0.0
2016-08-01,30.6461238861084,0.0
2016-08-02,30.492891311645508,0.0
2016-08-03,30.37796974182129,0.0
2016-08-04,30.4545841217041,0.0
2016-08-05,30.99089241027832,0.0
2016-08-08,31.910274505615234,0.0
2016-08-09,31.910274505615234,0.0
2016-08-10,32.178428649902344,0.0
2016-08-11,31.833660125732425,0.0
2016-08-12,31.94858360290528,0.0
2016-08-15,31.795352935791016,0.0
2016-08-16,31.871967315673828,0.0
2016-08-17,31.94858360290528,0.0
2016-08-18,32.063507080078125,0.0
2016-08-19,31.565505981445312,0.0
2016-08-22,31.029199600219727,0.0
2016-08-23,32.02519989013672,0.0
2016-08-24,31.871967315673828,0.0
2016-08-25,32.063507080078125,0.0
2016-08-26,32.178428649902344,0.0
2016-08-29,32.98289108276367,0.0
2016-08-30,34.17042541503906,0.0
2016-08-31,34.24704360961914,0.0
2016-09-01,33.940582275390625,0.0
2016-09-02,34.208736419677734,0.0
2016-09-05,34.400272369384766,0.0
2016-09-06,35.128116607666016,0.0
2016-09-07,35.31965637207031,0.0
2016-09-08,35.817657470703125,0.0
2016-09-09,35.16642761230469,0.0
2016-09-12,34.51519775390625,0.0
2016-09-13,34.24704360961914,0.0
2016-09-14,34.208736419677734,0.0
2016-09-19,35.0131950378418,0.0
2016-09-20,35.396270751953125,0.0
2016-09-21,35.549503326416016,0.0
2016-09-22,35.47288513183594,0.0
2016-09-23,35.58781051635742,0.0
2016-09-26,35.0131950378418,0.0
2016-09-27,35.0131950378418,0.0
2016-09-28,35.0131950378418,0.0
2016-09-29,35.89427185058594,0.0
2016-09-30,35.47288513183594,0.0
2016-10-03,35.281349182128906,0.0
2016-10-04,35.58781051635742,0.0
2016-10-05,35.47288513183594,0.0
2016-10-06,35.128116607666016,0.0
2016-10-07,34.70673370361328,0.0
2016-10-11,34.47688674926758,0.0
2016-10-12,35.08980941772461,0.0
2016-10-13,34.8216552734375,0.0
2016-10-14,35.0131950378418,0.0
2016-10-17,34.51519775390625,0.0
2016-10-18,34.936580657958984,0.0
2016-10-19,34.85996627807617,0.0
2016-10-20,34.59181213378906,0.0
2016-10-21,34.400272369384766,0.0
2016-10-24,34.36196517944336,0.0
2016-10-25,34.70673370361328,0.0
2016-10-26,34.74504089355469,0.0
2016-10-27,34.8216552734375,0.0
2016-10-28,34.400272369384766,0.0
2016-10-31,34.32365798950195,0.0
2016-11-01,34.28535079956055,0.0
2016-11-02,34.09381103515625,0.0
2016-11-03,33.327659606933594,0.0
2016-11-04,33.63412094116211,0.0
2016-11-07,33.940582275390625,0.0
2016-11-08,34.09381103515625,0.0
2016-11-09,32.791351318359375,0.0
2016-11-10,34.70673370361328,0.0
2016-11-11,35.0515022277832,0.0
2016-11-14,37.158424377441406,0.0
2016-11-15,36.39226913452149,0.0
2016-11-16,36.46888732910156,0.0
2016-11-17,36.46888732910156,0.0
2016-11-18,36.08581161499024,0.0
2016-11-21,36.85196304321289,0.0
2016-11-22,36.81365585327149,0.0
2016-11-23,36.58380889892578,0.0
2016-11-24,37.1201171875,0.0
2016-11-25,37.80965423583984,0.0
2016-11-28,37.80965423583984,0.0
2016-11-29,37.886268615722656,0.0
2016-11-30,37.886268615722656,0.0
2016-12-01,38.53749847412109,0.0
2016-12-02,38.92057418823242,0.0
2016-12-05,39.07380676269531,0.0
2016-12-06,39.07380676269531,0.0
2016-12-07,39.07380676269531,0.0
2016-12-08,39.22703552246094,0.0
2016-12-09,39.45688247680664,0.0
2016-12-12,39.38026809692383,0.0
2016-12-13,40.06980514526367,0.0
2016-12-14,39.45688247680664,0.0
2016-12-15,40.60611343383789,0.0
2016-12-16,40.52949523925781,0.0
2016-12-19,40.52949523925781,0.0
2016-12-20,40.52949523925781,0.0
2016-12-21,40.22303771972656,0.0
2016-12-22,38.46088409423828,0.0
2016-12-23,38.154422760009766,0.0
2016-12-26,38.92057418823242,0.0
2016-12-27,38.38426971435547,0.0
2016-12-28,38.9971923828125,0.0
2016-12-29,38.46088409423828,0.0
2016-12-30,39.07380676269531,0.0
2017-01-03,39.38026809692383,0.0
2017-01-04,39.150421142578125,0.0
2017-01-05,39.38026809692383,0.0
2017-01-06,39.53349685668945,0.0
2017-01-09,39.61011505126953,0.0
2017-01-10,39.83995819091797,0.0
2017-01-11,39.61011505126953,0.0
2017-01-12,39.99319076538086,0.0
2017-01-13,39.303653717041016,0.0
2017-01-16,38.61411666870117,0.0
2017-01-17,39.303653717041016,0.0
2017-01-18,38.690731048583984,0.0
2017-01-19,38.46088409423828,0.0
2017-01-20,38.690731048583984,0.0
2017-01-23,38.84395980834961,0.0
2017-01-24,38.7673454284668,0.0
2017-02-02,38.38426971435547,0.0
2017-02-03,37.84796142578125,0.0
2017-02-06,38.690731048583984,0.0
2017-02-07,38.84395980834961,0.0
2017-02-08,38.61411666870117,0.0
2017-02-09,38.84395980834961,0.0
2017-02-10,39.07380676269531,0.0
2017-02-13,38.84395980834961,0.0
2017-02-14,39.303653717041016,0.0
2017-02-15,39.22703552246094,0.0
2017-02-16,39.303653717041016,0.0
2017-02-17,38.92057418823242,0.0
2017-02-20,38.46088409423828,0.0
2017-02-21,38.690731048583984,0.0
2017-02-22,38.46088409423828,0.0
2017-02-23,38.19272994995117,0.0
2017-02-24,38.11611557006836,0.0
2017-03-01,38.00119018554688,0.0
2017-03-02,38.154422760009766,0.0
2017-03-03,38.154422760009766,0.0
2017-03-06,38.690731048583984,0.0
2017-03-07,38.7673454284668,0.0
2017-03-08,39.45688247680664,0.0
2017-03-09,39.150421142578125,0.0
2017-03-10,39.76334381103516,0.0
2017-03-13,40.06980514526367,0.0
2017-03-14,39.91657638549805,0.0
2017-03-15,39.99319076538086,0.0
2017-03-16,39.99319076538086,0.0
2017-03-17,40.37626647949219,0.0
2017-03-20,40.22303771972656,0.0
2017-03-21,40.22303771972656,0.0
2017-03-22,40.14641952514648,0.0
2017-03-23,40.6827278137207,0.0
2017-03-24,40.37626647949219,0.0
2017-03-27,39.68672943115234,0.0
2017-03-28,39.07380676269531,0.0
2017-03-29,38.690731048583984,0.0
2017-03-30,38.269344329833984,0.0
2017-03-31,37.92457580566406,0.0
2017-04-05,37.541500091552734,0.0
2017-04-06,37.38827133178711,0.0
2017-04-07,36.8902702331543,0.0
2017-04-10,37.04350280761719,0.0
2017-04-11,36.77534866333008,0.0
2017-04-12,36.62211608886719,0.0
2017-04-13,36.69873046875,0.0
2017-04-14,36.23904037475586,0.0
2017-04-17,36.20073318481445,0.0
2017-04-18,35.62611770629883,0.0
2017-04-19,35.62611770629883,0.0
2017-04-20,36.04750061035156,0.0
2017-04-21,35.97088623046875,0.0
2017-04-24,36.00919342041016,0.0
2017-04-25,36.58380889892578,0.0
2017-04-26,36.00919342041016,0.0
2017-04-27,36.20073318481445,0.0
2017-04-28,36.23904037475586,0.0
2017-05-02,36.43057632446289,0.0
2017-05-03,36.46888732910156,0.0
2017-05-04,36.545501708984375,0.0
2017-05-05,36.46888732910156,0.0
2017-05-08,36.50719451904297,0.0
2017-05-09,36.545501708984375,0.0
2017-05-10,36.39226913452149,0.0
2017-05-11,36.62211608886719,0.0
2017-05-12,36.46888732910156,0.0
2017-05-15,36.73704147338867,0.0
2017-05-16,37.00519180297852,0.0
2017-05-17,36.9285774230957,0.0
2017-05-18,36.46888732910156,0.0
2017-05-19,36.20073318481445,0.0
2017-05-22,36.35396194458008,0.0
2017-05-23,36.27734756469727,0.0
2017-05-24,36.27734756469727,0.0
2017-05-25,36.39226913452149,0.0
2017-05-26,36.08581161499024,0.0
2017-05-31,35.128116607666016,0.0
2017-06-01,35.204734802246094,0.0
2017-06-02,35.35796356201172,0.0
2017-06-05,35.281349182128906,0.0
2017-06-06,35.16642761230469,0.0
2017-06-07,35.128116607666016,0.0
2017-06-08,35.128116607666016,0.0
2017-06-09,35.08980941772461,0.0
2017-06-12,35.2430419921875,0.0
2017-06-13,35.43457794189453,0.0
2017-06-14,35.43457794189453,0.0
2017-06-15,35.47288513183594,0.0
2017-06-16,35.51119613647461,0.0
2017-06-19,35.85596466064453,0.0
2017-06-20,36.35396194458008,0.0
2017-06-21,36.31565475463867,0.0
2017-06-22,36.20073318481445,0.0
2017-06-23,36.31565475463867,0.0
2017-06-26,37.081809997558594,0.0
2017-06-27,37.081809997558594,0.0
2017-06-28,36.660423278808594,0.0
2017-06-29,37.04350280761719,0.0
2017-06-30,37.1201171875,0.0
2017-07-03,35.89427185058594,1.532306
2017-07-04,36.00919342041016,0.0
2017-07-05,36.00919342041016,0.0
2017-07-06,35.932579040527344,0.0
2017-07-07,35.85596466064453,0.0
2017-07-10,35.58781051635742,0.0
2017-07-11,35.77934646606445,0.0
2017-07-12,36.08581161499024,0.0
2017-07-13,36.43057632446289,0.0
2017-07-14,36.20073318481445,0.0
2017-07-17,36.50719451904297,0.0
2017-07-18,36.50719451904297,0.0
2017-07-19,36.39226913452149,0.0
2017-07-20,36.39226913452149,0.0
2017-07-21,36.12411880493164,0.0
2017-07-24,35.932579040527344,0.0
2017-07-25,35.89427185058594,0.0
2017-07-26,36.00919342041016,0.0
2017-07-27,36.16242599487305,0.0
2017-07-28,35.817657470703125,0.0
2017-07-31,35.932579040527344,0.0
2017-08-01,35.85596466064453,0.0
2017-08-02,36.08581161499024,0.0
2017-08-03,36.20073318481445,0.0
2017-08-04,36.27734756469727,0.0
2017-08-07,36.660423278808594,0.0
2017-08-08,36.9285774230957,0.0
2017-08-09,36.85196304321289,0.0
2017-08-10,36.16242599487305,0.0
2017-08-11,36.23904037475586,0.0
2017-08-14,36.00919342041016,0.0
2017-08-15,36.35396194458008,0.0
2017-08-16,35.97088623046875,0.0
2017-08-17,36.69873046875,0.0
2017-08-18,36.46888732910156,0.0
2017-08-21,36.23904037475586,0.0
2017-08-22,36.27734756469727,0.0
2017-08-23,36.35396194458008,0.0
2017-08-24,36.20073318481445,0.0
2017-08-25,36.39226913452149,0.0
2017-08-28,36.96688461303711,0.0
2017-08-29,36.8902702331543,0.0
2017-08-30,36.96688461303711,0.0
2017-08-31,37.158424377441406,0.0
2017-09-01,36.96688461303711,0.0
2017-09-04,36.73704147338867,0.0
2017-09-05,36.85196304321289,0.0
2017-09-06,36.46888732910156,0.0
2017-09-07,36.35396194458008,0.0
2017-09-08,36.50719451904297,0.0
2017-09-11,36.27734756469727,0.0
2017-09-12,36.39226913452149,0.0
2017-09-13,36.08581161499024,0.0
2017-09-14,36.08581161499024,0.0
2017-09-15,35.85596466064453,0.0
2017-09-18,36.08581161499024,0.0
2017-09-19,35.97088623046875,0.0
2017-09-20,35.70273208618164,0.0
2017-09-21,35.85596466064453,0.0
2017-09-22,35.817657470703125,0.0
2017-09-25,35.664424896240234,0.0
2017-09-26,35.932579040527344,0.0
2017-09-27,36.00919342041016,0.0
2017-09-28,36.00919342041016,0.0
2017-09-29,36.23904037475586,0.0
2017-10-02,36.35396194458008,0.0
2017-10-03,36.16242599487305,0.0
2017-10-05,36.08581161499024,0.0
2017-10-06,36.23904037475586,0.0
2017-10-11,36.31565475463867,0.0
2017-10-12,36.35396194458008,0.0
2017-10-13,36.50719451904297,0.0
2017-10-16,36.62211608886719,0.0
2017-10-17,36.62211608886719,0.0
2017-10-18,36.23904037475586,0.0
2017-10-19,36.16242599487305,0.0
2017-10-20,36.20073318481445,0.0
2017-10-23,36.23904037475586,0.0
2017-10-24,36.16242599487305,0.0
2017-10-25,36.39226913452149,0.0
2017-10-26,36.31565475463867,0.0
2017-10-27,36.62211608886719,0.0
2017-10-30,36.77534866333008,0.0
2017-10-31,36.81365585327149,0.0
2017-11-01,36.8902702331543,0.0
2017-11-02,37.04350280761719,0.0
2017-11-03,37.158424377441406,0.0
2017-11-06,37.081809997558594,0.0
2017-11-07,37.1201171875,0.0
2017-11-08,37.00519180297852,0.0
2017-11-09,36.81365585327149,0.0
2017-11-10,36.85196304321289,0.0
2017-11-13,36.81365585327149,0.0
2017-11-14,36.85196304321289,0.0
2017-11-15,36.69873046875,0.0
2017-11-16,36.62211608886719,0.0
2017-11-17,36.43057632446289,0.0
2017-11-20,36.77534866333008,0.0
2017-11-21,38.53749847412109,0.0
2017-11-22,38.92057418823242,0.0
2017-11-23,39.22703552246094,0.0
2017-11-24,38.7673454284668,0.0
2017-11-27,38.19272994995117,0.0
2017-11-28,37.80965423583984,0.0
2017-11-29,38.03950119018555,0.0
2017-11-30,37.57980728149414,0.0
2017-12-01,38.9971923828125,0.0
2017-12-04,39.303653717041016,0.0
2017-12-05,39.45688247680664,0.0
2017-12-06,38.7673454284668,0.0
2017-12-07,38.11611557006836,0.0
2017-12-08,38.46088409423828,0.0
2017-12-11,38.46088409423828,0.0
2017-12-12,38.00119018554688,0.0
2017-12-13,38.61411666870117,0.0
2017-12-14,38.84395980834961,0.0
2017-12-15,38.46088409423828,0.0
2017-12-18,38.7673454284668,0.0
2017-12-19,38.84395980834961,0.0
2017-12-20,38.7673454284668,0.0
2017-12-21,38.7673454284668,0.0
2017-12-22,39.07380676269531,0.0
2017-12-25,38.92057418823242,0.0
2017-12-26,38.46088409423828,0.0
2017-12-27,38.61411666870117,0.0
2017-12-28,38.92057418823242,0.0
2017-12-29,38.84395980834961,0.0
2018-01-02,39.07380676269531,0.0
2018-01-03,39.45688247680664,0.0
2018-01-04,39.76334381103516,0.0
2018-01-05,39.99319076538086,0.0
2018-01-08,40.22303771972656,0.0
2018-01-09,40.22303771972656,0.0
2018-01-10,40.60611343383789,0.0
2018-01-11,40.60611343383789,0.0
2018-01-12,40.75934219360352,0.0
2018-01-15,41.44887924194336,0.0
2018-01-16,41.98518753051758,0.0
2018-01-17,41.52549743652344,0.0
2018-01-18,41.21903610229492,0.0
2018-01-19,41.29565048217773,0.0
2018-01-22,41.44887924194336,0.0
2018-01-23,41.37226486206055,0.0
2018-01-24,40.452880859375,0.0
2018-01-25,40.912574768066406,0.0
2018-01-26,40.75934219360352,0.0
2018-01-29,41.37226486206055,0.0
2018-01-30,40.6827278137207,0.0
2018-01-31,41.52549743652344,0.0
2018-02-01,41.37226486206055,0.0
2018-02-02,40.912574768066406,0.0
2018-02-05,39.91657638549805,0.0
2018-02-06,37.694732666015625,0.0
2018-02-07,38.46088409423828,0.0
2018-02-08,38.7673454284668,0.0
2018-02-09,38.46088409423828,0.0
2018-02-12,39.07380676269531,0.0
2018-02-21,39.76334381103516,0.0
2018-02-22,39.68672943115234,0.0
2018-02-23,40.06980514526367,0.0
2018-02-26,39.99319076538086,0.0
2018-02-27,39.99319076538086,0.0
2018-03-01,39.99319076538086,0.0
2018-03-02,38.92057418823242,0.0
2018-03-05,38.38426971435547,0.0
2018-03-06,38.53749847412109,0.0
2018-03-07,38.53749847412109,0.0
2018-03-08,38.61411666870117,0.0
2018-03-09,38.690731048583984,0.0
2018-03-12,39.68672943115234,0.0
2018-03-13,39.53349685668945,0.0
2018-03-14,39.53349685668945,0.0
2018-03-15,39.22703552246094,0.0
2018-03-16,39.61011505126953,0.0
2018-03-19,39.53349685668945,0.0
2018-03-20,39.61011505126953,0.0
2018-03-21,39.45688247680664,0.0
2018-03-22,39.68672943115234,0.0
2018-03-23,38.53749847412109,0.0
2018-03-26,38.61411666870117,0.0
2018-03-27,38.84395980834961,0.0
2018-03-28,38.53749847412109,0.0
2018-03-29,38.38426971435547,0.0
2018-03-30,38.38426971435547,0.0
2018-04-02,38.38426971435547,0.0
2018-04-03,38.23103713989258,0.0
2018-04-09,38.53749847412109,0.0
2018-04-10,39.07380676269531,0.0
2018-04-11,39.07380676269531,0.0
2018-04-12,39.07380676269531,0.0
2018-04-13,39.22703552246094,0.0
2018-04-16,38.7673454284668,0.0
2018-04-17,38.269344329833984,0.0
2018-04-18,38.307655334472656,0.0
2018-04-19,38.7673454284668,0.0
2018-04-20,38.61411666870117,0.0
2018-04-23,38.46088409423828,0.0
2018-04-24,38.46088409423828,0.0
2018-04-25,38.53749847412109,0.0
2018-04-26,38.690731048583984,0.0
2018-04-27,38.92057418823242,0.0
2018-04-30,39.07380676269531,0.0
2018-05-02,39.303653717041016,0.0
2018-05-03,38.61411666870117,0.0
2018-05-04,38.38426971435547,0.0
2018-05-07,38.53749847412109,0.0
2018-05-08,38.84395980834961,0.0
2018-05-09,38.84395980834961,0.0
2018-05-10,39.07380676269531,0.0
2018-05-11,39.68672943115234,0.0
2018-05-14,39.68672943115234,0.0
2018-05-15,39.22703552246094,0.0
2018-05-16,39.99319076538086,0.0
2018-05-17,40.22303771972656,0.0
2018-05-18,40.52949523925781,0.0
2018-05-21,40.75934219360352,0.0
2018-05-22,41.14242172241211,0.0
2018-05-23,40.8359603881836,0.0
2018-05-24,40.98918914794922,0.0
2018-05-25,40.6827278137207,0.0
2018-05-28,40.8359603881836,0.0
2018-05-29,40.452880859375,0.0
2018-05-30,39.22703552246094,0.0
2018-05-31,39.91657638549805,0.0
2018-06-01,39.68672943115234,0.0
2018-06-04,40.452880859375,0.0
2018-06-05,40.60611343383789,0.0
2018-06-06,40.8359603881836,0.0
2018-06-07,41.37226486206055,0.0
2018-06-08,41.21903610229492,0.0
2018-06-11,41.14242172241211,0.0
2018-06-12,40.98918914794922,0.0
2018-06-13,41.37226486206055,0.0
2018-06-14,40.52949523925781,0.0
2018-06-15,41.14242172241211,0.0
2018-06-19,40.60611343383789,0.0
2018-06-20,41.14242172241211,0.0
2018-06-21,41.29565048217773,0.0
2018-06-22,41.14242172241211,0.0
2018-06-25,40.75934219360352,0.0
2018-06-26,38.9971923828125,1.762152
2018-06-27,38.690731048583984,0.0
2018-06-28,38.690731048583984,0.0
2018-06-29,39.150421142578125,0.0
2018-07-02,38.53749847412109,0.0
2018-07-03,38.307655334472656,0.0
2018-07-04,38.307655334472656,0.0
2018-07-05,38.154422760009766,0.0
2018-07-06,37.886268615722656,0.0
2018-07-09,38.38426971435547,0.0
2018-07-10,38.690731048583984,0.0
2018-07-11,38.53749847412109,0.0
2018-07-12,38.84395980834961,0.0
2018-07-13,39.07380676269531,0.0
2018-07-16,38.84395980834961,0.0
2018-07-17,38.92057418823242,0.0
2018-07-18,38.92057418823242,0.0
2018-07-19,38.92057418823242,0.0
2018-07-20,39.07380676269531,0.0
2018-07-23,39.07380676269531,0.0
2018-07-24,38.53749847412109,0.0
2018-07-25,38.46088409423828,0.0
2018-07-26,38.53749847412109,0.0
2018-07-27,38.46088409423828,0.0
2018-07-30,38.61411666870117,0.0
2018-07-31,38.84395980834961,0.0
2018-08-01,39.07380676269531,0.0
2018-08-02,38.46088409423828,0.0
2018-08-03,38.92057418823242,0.0
2018-08-06,38.61411666870117,0.0
2018-08-07,38.690731048583984,0.0
2018-08-08,38.84395980834961,0.0
2018-08-09,38.61411666870117,0.0
2018-08-10,38.9971923828125,0.0
2018-08-13,38.38426971435547,0.0
2018-08-14,38.53749847412109,0.0
2018-08-15,38.38426971435547,0.0
2018-08-16,38.07780838012695,0.0
2018-08-17,38.23103713989258,0.0
2018-08-20,38.23103713989258,0.0
2018-08-21,38.307655334472656,0.0
2018-08-22,38.38426971435547,0.0
2018-08-23,38.38426971435547,0.0
2018-08-24,38.19272994995117,0.0
2018-08-27,38.84395980834961,0.0
2018-08-28,38.92057418823242,0.0
2018-08-29,38.9971923828125,0.0
2018-08-30,38.690731048583984,0.0
2018-08-31,38.9971923828125,0.0
2018-09-03,38.7673454284668,0.0
2018-09-04,38.9971923828125,0.0
2018-09-05,38.46088409423828,0.0
2018-09-06,38.38426971435547,0.0
2018-09-07,37.92457580566406,0.0
2018-09-10,37.84796142578125,0.0
2018-09-11,38.154422760009766,0.0
2018-09-12,38.07780838012695,0.0
2018-09-13,38.23103713989258,0.0
2018-09-14,38.38426971435547,0.0
2018-09-17,38.307655334472656,0.0
2018-09-18,38.307655334472656,0.0
2018-09-19,38.53749847412109,0.0
2018-09-20,38.61411666870117,0.0
2018-09-21,39.150421142578125,0.0
2018-09-25,39.150421142578125,0.0
2018-09-26,39.07380676269531,0.0
2018-09-27,39.76334381103516,0.0
2018-09-28,39.68672943115234,0.0
2018-10-01,40.22303771972656,0.0
2018-10-02,39.91657638549805,0.0
2018-10-03,39.68672943115234,0.0
2018-10-04,39.53349685668945,0.0
2018-10-05,38.9971923828125,0.0
2018-10-08,39.53349685668945,0.0
2018-10-09,39.45688247680664,0.0
2018-10-11,38.03950119018555,0.0
2018-10-12,38.38426971435547,0.0
2018-10-15,38.269344329833984,0.0
2018-10-16,38.07780838012695,0.0
2018-10-17,38.11611557006836,0.0
2018-10-18,38.00119018554688,0.0
2018-10-19,38.46088409423828,0.0
2018-10-22,38.307655334472656,0.0
2018-10-23,37.962886810302734,0.0
2018-10-24,37.65642166137695,0.0
2018-10-25,36.77534866333008,0.0
2018-10-26,36.08581161499024,0.0
2018-10-29,35.932579040527344,0.0
2018-10-30,36.39226913452149,0.0
2018-10-31,37.1201171875,0.0
2018-11-01,37.00519180297852,0.0
2018-11-02,37.46488571166992,0.0
2018-11-05,37.694732666015625,0.0
2018-11-06,38.154422760009766,0.0
2018-11-07,38.53749847412109,0.0
2018-11-08,38.9971923828125,0.0
2018-11-09,39.150421142578125,0.0
2018-11-12,38.9971923828125,0.0
2018-11-13,39.07380676269531,0.0
2018-11-14,39.22703552246094,0.0
2018-11-15,39.150421142578125,0.0
2018-11-16,39.150421142578125,0.0
2018-11-19,39.45688247680664,0.0
2018-11-20,38.690731048583984,0.0
2018-11-21,38.84395980834961,0.0
2018-11-22,38.92057418823242,0.0
2018-11-23,38.38426971435547,0.0
2018-11-26,38.23103713989258,0.0
2018-11-27,37.61811447143555,0.0
2018-11-28,37.42657852172852,0.0
2018-11-29,37.23503875732422,0.0
2018-11-30,37.38827133178711,0.0
2018-12-03,37.65642166137695,0.0
2018-12-04,37.34996032714844,0.0
2018-12-05,37.04350280761719,0.0
2018-12-06,36.77534866333008,0.0
2018-12-07,36.77534866333008,0.0
2018-12-10,36.39226913452149,0.0
2018-12-11,36.20073318481445,0.0
2018-12-12,36.43057632446289,0.0
2018-12-13,36.81365585327149,0.0
2018-12-14,36.35396194458008,0.0
2018-12-17,36.58380889892578,0.0
2018-12-18,36.04750061035156,0.0
2018-12-19,36.23904037475586,0.0
2018-12-20,36.04750061035156,0.0
2018-12-21,36.23904037475586,0.0
2018-12-24,35.89427185058594,0.0
2018-12-25,35.62611770629883,0.0
2018-12-26,35.62611770629883,0.0
2018-12-27,35.97088623046875,0.0
2018-12-28,36.04750061035156,0.0
2019-01-02,35.31965637207031,0.0
2019-01-03,35.08980941772461,0.0
2019-01-04,34.70673370361328,0.0
2019-01-07,35.204734802246094,0.0
2019-01-08,35.0131950378418,0.0
2019-01-09,36.04750061035156,0.0
2019-01-10,35.932579040527344,0.0
2019-01-11,35.204734802246094,0.0
2019-01-14,34.47688674926758,0.0
2019-01-15,34.17042541503906,0.0
2019-01-16,33.71073532104492,0.0
2019-01-17,33.74904251098633,0.0
2019-01-18,33.82565689086914,0.0
2019-01-21,33.940582275390625,0.0
2019-01-22,33.90227127075195,0.0
2019-01-23,33.940582275390625,0.0
2019-01-24,33.74904251098633,0.0
2019-01-25,33.71073532104492,0.0
2019-01-28,34.17042541503906,0.0
2019-01-29,34.28535079956055,0.0
2019-01-30,34.132118225097656,0.0
2019-02-11,33.82565689086914,0.0
2019-02-12,33.940582275390625,0.0
2019-02-13,34.17042541503906,0.0
2019-02-14,34.09381103515625,0.0
2019-02-15,34.01719665527344,0.0
2019-02-18,34.28535079956055,0.0
2019-02-19,34.36196517944336,0.0
2019-02-20,34.51519775390625,0.0
2019-02-21,34.55350112915039,0.0
2019-02-22,34.47688674926758,0.0
2019-02-25,34.70673370361328,0.0
2019-02-26,34.8216552734375,0.0
2019-02-27,34.85996627807617,0.0
2019-03-04,34.59181213378906,0.0
2019-03-05,34.55350112915039,0.0
2019-03-06,34.59181213378906,0.0
2019-03-07,34.55350112915039,0.0
2019-03-08,34.24704360961914,0.0
2019-03-11,34.09381103515625,0.0
2019-03-12,34.47688674926758,0.0
2019-03-13,34.668426513671875,0.0
2019-03-14,34.668426513671875,0.0
2019-03-15,34.668426513671875,0.0
2019-03-18,35.2430419921875,0.0
2019-03-19,35.97088623046875,0.0
2019-03-20,36.12411880493164,0.0
2019-03-21,35.932579040527344,0.0
2019-03-22,35.549503326416016,0.0
2019-03-25,34.89827346801758,0.0
2019-03-26,34.85996627807617,0.0
2019-03-27,34.43857955932617,0.0
2019-03-28,34.55350112915039,0.0
2019-03-29,35.2430419921875,0.0
2019-04-01,34.936580657958984,0.0
2019-04-02,35.2430419921875,0.0
2019-04-03,35.2430419921875,0.0
2019-04-08,34.74504089355469,0.0
2019-04-09,35.0515022277832,0.0
2019-04-10,34.85996627807617,0.0
2019-04-11,34.89827346801758,0.0
2019-04-12,35.0131950378418,0.0
2019-04-15,35.0131950378418,0.0
2019-04-16,34.70673370361328,0.0
2019-04-17,34.63011932373047,0.0
2019-04-18,34.47688674926758,0.0
2019-04-19,34.63011932373047,0.0
2019-04-22,34.668426513671875,0.0
2019-04-23,34.74504089355469,0.0
2019-04-24,34.783348083496094,0.0
2019-04-25,34.63011932373047,0.0
2019-04-26,34.85996627807617,0.0
2019-04-29,35.0131950378418,0.0
2019-04-30,34.936580657958984,0.0
2019-05-02,35.549503326416016,0.0
2019-05-03,35.35796356201172,0.0
2019-05-06,34.936580657958984,0.0
2019-05-07,34.783348083496094,0.0
2019-05-08,34.51519775390625,0.0
2019-05-09,34.17042541503906,0.0
2019-05-10,34.17042541503906,0.0
2019-05-13,33.55750274658203,0.0
2019-05-14,33.059505462646484,0.0
2019-05-15,33.1361198425293,0.0
2019-05-16,32.178428649902344,0.0
2019-05-17,32.10181427001953,0.0
2019-05-20,32.10181427001953,0.0
2019-05-21,32.98289108276367,0.0
2019-05-22,32.56150436401367,0.0
2019-05-23,32.56150436401367,0.0
2019-05-24,32.178428649902344,0.0
2019-05-27,32.40827560424805,0.0
2019-05-28,32.40827560424805,0.0
2019-05-29,32.523197174072266,0.0
2019-05-30,32.63812255859375,0.0
2019-05-31,33.1361198425293,0.0
2019-06-03,33.44258117675781,0.0
2019-06-04,33.63412094116211,0.0
2019-06-05,33.02119827270508,0.0
2019-06-06,33.059505462646484,0.0
2019-06-10,33.82565689086914,0.0
2019-06-11,34.055503845214844,0.0
2019-06-12,33.97888946533203,0.0
2019-06-13,33.44258117675781,0.0
2019-06-14,33.365966796875,0.0
2019-06-17,33.787349700927734,0.0
2019-06-18,34.09381103515625,0.0
2019-06-19,34.32365798950195,0.0
2019-06-20,34.208736419677734,0.0
2019-06-21,34.055503845214844,0.0
2019-06-24,34.400272369384766,0.0
2019-06-25,34.400272369384766,0.0
2019-06-26,34.783348083496094,0.0
2019-06-27,35.08980941772461,0.0
2019-06-28,35.128116607666016,0.0
2019-07-01,35.43457794189453,0.0
2019-07-02,35.43457794189453,0.0
2019-07-03,35.31965637207031,0.0
2019-07-04,33.97888946533203,1.532306
2019-07-05,33.940582275390625,0.0
2019-07-08,33.86396789550781,0.0
2019-07-09,33.74904251098633,0.0
2019-07-10,33.940582275390625,0.0
2019-07-11,33.86396789550781,0.0
2019-07-12,33.67242813110352,0.0
2019-07-15,33.5958137512207,0.0
2019-07-16,33.71073532104492,0.0
2019-07-17,33.327659606933594,0.0
2019-07-18,33.28935241699219,0.0
2019-07-19,33.327659606933594,0.0
2019-07-22,33.404273986816406,0.0
2019-07-23,33.365966796875,0.0
2019-07-24,33.28935241699219,0.0
2019-07-25,33.63412094116211,0.0
2019-07-26,33.327659606933594,0.0
2019-07-29,33.365966796875,0.0
2019-07-30,33.327659606933594,0.0
2019-07-31,33.09781265258789,0.0
2019-08-01,32.86796569824219,0.0
2019-08-02,32.44658279418945,0.0
2019-08-05,32.178428649902344,0.0
2019-08-06,31.94858360290528,0.0
2019-08-07,31.910274505615234,0.0
2019-08-08,32.10181427001953,0.0
2019-08-12,32.10181427001953,0.0
2019-08-13,32.40827560424805,0.0
2019-08-14,32.21673583984375,0.0
2019-08-15,32.10181427001953,0.0
2019-08-16,33.059505462646484,0.0
2019-08-19,33.21273422241211,0.0
2019-08-20,32.86796569824219,0.0
2019-08-21,32.86796569824219,0.0
2019-08-22,33.02119827270508,0.0
2019-08-23,33.02119827270508,0.0
2019-08-26,32.944583892822266,0.0
2019-08-27,33.327659606933594,0.0
2019-08-28,33.48088836669922,0.0
2019-08-29,33.059505462646484,0.0
2019-08-30,33.44258117675781,0.0
2019-09-02,33.327659606933594,0.0
2019-09-03,33.1361198425293,0.0
2019-09-04,33.28935241699219,0.0
2019-09-05,33.67242813110352,0.0
2019-09-06,33.71073532104492,0.0
2019-09-10,34.400272369384766,0.0
2019-09-11,34.43857955932617,0.0
2019-09-12,34.47688674926758,0.0
2019-09-16,34.70673370361328,0.0
2019-09-17,34.89827346801758,0.0
2019-09-18,34.936580657958984,0.0
2019-09-19,34.63011932373047,0.0
2019-09-20,34.59181213378906,0.0
2019-09-23,34.36196517944336,0.0
2019-09-24,34.47688674926758,0.0
2019-09-25,34.01719665527344,0.0
2019-09-26,34.17042541503906,0.0
2019-09-27,34.132118225097656,0.0
2019-10-01,34.47688674926758,0.0
2019-10-02,34.28535079956055,0.0
2019-10-03,33.787349700927734,0.0
2019-10-04,33.71073532104492,0.0
2019-10-07,33.71073532104492,0.0
2019-10-08,33.940582275390625,0.0
2019-10-09,33.63412094116211,0.0
2019-10-14,34.32365798950195,0.0
2019-10-15,34.43857955932617,0.0
2019-10-16,34.668426513671875,0.0
2019-10-17,34.70673370361328,0.0
2019-10-18,34.668426513671875,0.0
2019-10-21,34.783348083496094,0.0
2019-10-22,34.85996627807617,0.0
2019-10-23,34.63011932373047,0.0
2019-10-24,34.89827346801758,0.0
2019-10-25,34.85996627807617,0.0
2019-10-28,34.70673370361328,0.0
2019-10-29,34.8216552734375,0.0
2019-10-30,34.8216552734375,0.0
2019-10-31,34.132118225097656,0.0
2019-11-01,34.132118225097656,0.0
2019-11-04,34.43857955932617,0.0
2019-11-05,34.43857955932617,0.0
2019-11-06,35.128116607666016,0.0
2019-11-07,34.85996627807617,0.0
2019-11-08,34.936580657958984,0.0
2019-11-11,34.63011932373047,0.0
2019-11-12,34.89827346801758,0.0
2019-11-13,34.70673370361328,0.0
2019-11-14,34.55350112915039,0.0
2019-11-15,34.70673370361328,0.0
2019-11-18,34.936580657958984,0.0
2019-11-19,34.89827346801758,0.0
2019-11-20,34.8216552734375,0.0
2019-11-21,34.51519775390625,0.0
2019-11-22,34.70673370361328,0.0
2019-11-25,35.31965637207031,0.0
2019-11-26,35.2430419921875,0.0
2019-11-27,35.128116607666016,0.0
2019-11-28,34.783348083496094,0.0
2019-11-29,34.32365798950195,0.0
2019-12-02,34.32365798950195,0.0
2019-12-03,34.400272369384766,0.0
2019-12-04,34.32365798950195,0.0
2019-12-05,34.85996627807617,0.0
2019-12-06,34.8216552734375,0.0
2019-12-09,34.8216552734375,0.0
2019-12-10,34.89827346801758,0.0
2019-12-11,35.204734802246094,0.0
2019-12-12,35.281349182128906,0.0
2019-12-13,36.12411880493164,0.0
2019-12-16,35.70273208618164,0.0
2019-12-17,35.62611770629883,0.0
2019-12-18,35.817657470703125,0.0
2019-12-19,35.817657470703125,0.0
2019-12-20,35.817657470703125,0.0
2019-12-23,35.74103927612305,0.0
2019-12-24,35.62611770629883,0.0
2019-12-25,35.58781051635742,0.0
2019-12-26,35.62611770629883,0.0
2019-12-27,35.817657470703125,0.0
2019-12-30,35.77934646606445,0.0
2019-12-31,35.549503326416016,0.0
2020-01-02,35.58781051635742,0.0
2020-01-03,35.817657470703125,0.0
2020-01-06,35.549503326416016,0.0
2020-01-07,35.47288513183594,0.0
2020-01-08,35.08980941772461,0.0
2020-01-09,35.2430419921875,0.0
2020-01-10,35.549503326416016,0.0
2020-01-13,35.85596466064453,0.0
2020-01-14,36.00919342041016,0.0
2020-01-15,35.85596466064453,0.0
2020-01-16,35.932579040527344,0.0
2020-01-17,36.12411880493164,0.0
2020-01-20,36.08581161499024,0.0
2020-01-30,34.47688674926758,0.0
2020-01-31,34.51519775390625,0.0
2020-02-03,33.82565689086914,0.0
2020-02-04,34.51519775390625,0.0
2020-02-05,34.783348083496094,0.0
2020-02-06,35.2430419921875,0.0
2020-02-07,34.783348083496094,0.0
2020-02-10,34.59181213378906,0.0
2020-02-11,35.2430419921875,0.0
2020-02-12,35.51119613647461,0.0
2020-02-13,35.281349182128906,0.0
2020-02-14,35.35796356201172,0.0
2020-02-17,35.204734802246094,0.0
2020-02-18,35.2430419921875,0.0
2020-02-19,35.51119613647461,0.0
2020-02-20,35.31965637207031,0.0
2020-02-21,35.0131950378418,0.0
2020-02-24,34.47688674926758,0.0
2020-02-25,34.43857955932617,0.0
2020-02-26,34.24704360961914,0.0
2020-02-27,34.055503845214844,0.0
2020-03-02,33.67242813110352,0.0
2020-03-03,33.82565689086914,0.0
2020-03-04,34.055503845214844,0.0
2020-03-05,34.59181213378906,0.0
2020-03-06,33.86396789550781,0.0
2020-03-09,32.44658279418945,0.0
2020-03-10,32.44658279418945,0.0
2020-03-11,32.29335021972656,0.0
2020-03-12,31.029199600219727,0.0
2020-03-13,30.37796974182129,0.0
2020-03-16,29.152124404907227,0.0
2020-03-17,28.615816116333008,0.0
2020-03-18,28.23274040222168,0.0
2020-03-19,26.7004337310791,0.0
2020-03-20,28.73073959350586,0.0
2020-03-23,27.58151054382324,0.0
2020-03-24,27.773048400878903,0.0
2020-03-25,28.424278259277344,0.0
2020-03-26,28.5775089263916,0.0
2020-03-27,29.34366226196289,0.0
2020-03-30,29.03720092773437,0.0
2020-03-31,28.7690486907959,0.0
2020-04-01,28.654125213623047,0.0
2020-04-06,28.5775089263916,0.0
2020-04-07,28.539201736450195,0.0
2020-04-08,29.07550811767578,0.0
2020-04-09,29.26704788208008,0.0
2020-04-10,30.03319931030273,0.0
2020-04-13,30.26304626464844,0.0
2020-04-14,31.144121170043945,0.0
2020-04-15,31.45058250427246,0.0
2020-04-16,30.799352645874023,0.0
2020-04-17,31.10581588745117,0.0
2020-04-20,30.72273826599121,0.0
2020-04-21,29.87997055053711,0.0
2020-04-22,30.22473907470703,0.0
2020-04-23,30.33966064453125,0.0
2020-04-24,30.03319931030273,0.0
2020-04-27,30.72273826599121,0.0
2020-04-28,30.87596893310547,0.0
2020-04-29,31.45058250427246,0.0
2020-04-30,32.40827560424805,0.0
2020-05-04,31.22073745727539,0.0
2020-05-05,31.144121170043945,0.0
2020-05-06,31.067506790161133,0.0
2020-05-07,31.029199600219727,0.0
2020-05-08,31.144121170043945,0.0
2020-05-11,31.565505981445312,0.0
2020-05-12,31.565505981445312,0.0
2020-05-13,31.37396812438965,0.0
2020-05-14,31.067506790161133,0.0
2020-05-15,31.527198791503903,0.0
2020-05-18,31.565505981445312,0.0
2020-05-19,32.178428649902344,0.0
2020-05-20,32.36996841430664,0.0
2020-05-21,32.71473693847656,0.0
2020-05-22,31.94858360290528,0.0
2020-05-25,31.94858360290528,0.0
2020-05-26,32.523197174072266,0.0
2020-05-27,32.67642974853516,0.0
2020-05-28,32.21673583984375,0.0
2020-05-29,32.48488998413086,0.0
2020-06-01,32.56150436401367,0.0
2020-06-02,32.906272888183594,0.0
2020-06-03,33.365966796875,0.0
2020-06-04,33.365966796875,0.0
2020-06-05,33.327659606933594,0.0
2020-06-08,33.5958137512207,0.0
2020-06-09,33.71073532104492,0.0
2020-06-10,34.17042541503906,0.0
2020-06-11,33.404273986816406,0.0
2020-06-12,33.1361198425293,0.0
2020-06-15,33.02119827270508,0.0
2020-06-16,33.787349700927734,0.0
2020-06-17,33.940582275390625,0.0
2020-06-18,33.5958137512207,0.0
2020-06-19,33.404273986816406,0.0
2020-06-22,33.404273986816406,0.0
2020-06-23,33.71073532104492,0.0
2020-06-24,33.82565689086914,0.0
2020-06-29,33.55750274658203,0.0
2020-06-30,33.63412094116211,0.0
2020-07-01,32.40827560424805,1.532306
2020-07-02,32.25504302978516,0.0
2020-07-03,32.791351318359375,0.0
2020-07-06,33.1744270324707,0.0
2020-07-07,33.1744270324707,0.0
2020-07-08,33.02119827270508,0.0
2020-07-09,32.791351318359375,0.0
2020-07-10,32.48488998413086,0.0
2020-07-13,32.944583892822266,0.0
2020-07-14,32.71473693847656,0.0
2020-07-15,32.791351318359375,0.0
2020-07-16,32.82965850830078,0.0
2020-07-17,32.791351318359375,0.0
2020-07-20,32.67642974853516,0.0
2020-07-21,32.56150436401367,0.0
2020-07-22,33.02119827270508,0.0
2020-07-23,32.71473693847656,0.0
2020-07-24,32.178428649902344,0.0
2020-07-27,32.02519989013672,0.0
2020-07-28,31.94858360290528,0.0
2020-07-29,32.02519989013672,0.0
2020-07-30,32.331661224365234,0.0
2020-07-31,31.98689079284668,0.0
2020-08-03,31.60381317138672,0.0
2020-08-04,31.64212226867676,0.0
2020-08-05,31.71873664855957,0.0
2020-08-06,31.833660125732425,0.0
2020-08-07,31.527198791503903,0.0
2020-08-10,31.98689079284668,0.0
2020-08-11,31.98689079284668,0.0
2020-08-12,32.063507080078125,0.0
2020-08-13,32.178428649902344,0.0
2020-08-14,32.063507080078125,0.0
2020-08-17,32.56150436401367,0.0
2020-08-18,32.59981155395508,0.0
2020-08-19,32.75304412841797,0.0
2020-08-20,31.71873664855957,0.0
2020-08-21,32.02519989013672,0.0
2020-08-24,31.94858360290528,0.0
2020-08-25,33.25104141235352,0.0
2020-08-26,33.25104141235352,0.0
2020-08-27,33.02119827270508,0.0
2020-08-28,33.1744270324707,0.0
2020-08-31,32.791351318359375,0.0
2020-09-01,32.791351318359375,0.0
2020-09-02,32.331661224365234,0.0
2020-09-03,32.75304412841797,0.0
2020-09-04,32.523197174072266,0.0
2020-09-07,32.523197174072266,0.0
2020-09-08,32.56150436401367,0.0
2020-09-09,32.36996841430664,0.0
2020-09-10,32.98289108276367,0.0
2020-09-11,33.28935241699219,0.0
2020-09-14,33.44258117675781,0.0
2020-09-15,33.519195556640625,0.0
2020-09-16,33.519195556640625,0.0
2020-09-17,33.1361198425293,0.0
2020-09-18,32.82965850830078,0.0
2020-09-21,32.48488998413086,0.0
2020-09-22,32.10181427001953,0.0
2020-09-23,31.98689079284668,0.0
2020-09-24,31.10581588745117,0.0
2020-09-25,31.2590446472168,0.0
2020-09-28,31.64212226867676,0.0
2020-09-29,31.910274505615234,0.0
2020-09-30,32.10181427001953,0.0
2020-10-05,31.565505981445312,0.0
2020-10-06,31.795352935791016,0.0
2020-10-07,31.527198791503903,0.0
2020-10-08,31.45058250427246,0.0
2020-10-12,31.75704574584961,0.0
2020-10-13,31.75704574584961,0.0
2020-10-14,32.02519989013672,0.0
2020-10-15,31.64212226867676,0.0
2020-10-16,31.680429458618164,0.0
2020-10-19,31.75704574584961,0.0
2020-10-20,31.71873664855957,0.0
2020-10-21,31.71873664855957,0.0
2020-10-22,31.795352935791016,0.0
2020-10-23,31.71873664855957,0.0
2020-10-26,31.94858360290528,0.0
2020-10-27,31.64212226867676,0.0
2020-10-28,31.680429458618164,0.0
2020-10-29,31.22073745727539,0.0
2020-10-30,31.182430267333984,0.0
2020-11-02,31.75704574584961,0.0
2020-11-03,31.871967315673828,0.0
2020-11-04,31.910274505615234,0.0
2020-11-05,31.910274505615234,0.0
2020-11-06,32.14012145996094,0.0
2020-11-09,32.71473693847656,0.0
2020-11-10,33.404273986816406,0.0
2020-11-11,34.89827346801758,0.0
2020-11-12,34.63011932373047,0.0
2020-11-13,34.70673370361328,0.0
2020-11-16,34.89827346801758,0.0
2020-11-17,34.89827346801758,0.0
2020-11-18,34.85996627807617,0.0
2020-11-19,34.668426513671875,0.0
2020-11-20,34.400272369384766,0.0
2020-11-23,34.85996627807617,0.0
2020-11-24,34.43857955932617,0.0
2020-11-25,34.59181213378906,0.0
2020-11-26,34.936580657958984,0.0
2020-11-27,34.97488784790039,0.0
2020-11-30,33.940582275390625,0.0
2020-12-01,34.32365798950195,0.0
2020-12-02,34.132118225097656,0.0
2020-12-03,34.055503845214844,0.0
2020-12-04,34.59181213378906,0.0
2020-12-07,34.936580657958984,0.0
2020-12-08,34.783348083496094,0.0
2020-12-09,34.55350112915039,0.0
2020-12-10,34.97488784790039,0.0
2020-12-11,36.16242599487305,0.0
2020-12-14,36.23904037475586,0.0
2020-12-15,35.128116607666016,0.0
2020-12-16,35.51119613647461,0.0
2020-12-17,35.396270751953125,0.0
2020-12-18,35.2430419921875,0.0
2020-12-21,34.85996627807617,0.0
2020-12-22,34.400272369384766,0.0
2020-12-23,34.32365798950195,0.0
2020-12-24,34.89827346801758,0.0
2020-12-25,34.85996627807617,0.0
2020-12-28,34.89827346801758,0.0
2020-12-29,34.85996627807617,0.0
2020-12-30,35.932579040527344,0.0
2020-12-31,35.817657470703125,0.0
2021-01-04,35.43457794189453,0.0
2021-01-05,35.51119613647461,0.0
2021-01-06,34.936580657958984,0.0
2021-01-07,35.396270751953125,0.0
2021-01-08,36.35396194458008,0.0
2021-01-11,36.31565475463867,0.0
2021-01-12,36.58380889892578,0.0
2021-01-13,37.00519180297852,0.0
2021-01-14,37.1201171875,0.0
2021-01-15,36.46888732910156,0.0
2021-01-18,35.97088623046875,0.0
2021-01-19,36.20073318481445,0.0
2021-01-20,35.396270751953125,0.0
2021-01-21,35.396270751953125,0.0
2021-01-22,35.43457794189453,0.0
2021-01-25,36.31565475463867,0.0
2021-01-26,35.62611770629883,0.0
2021-01-27,35.85596466064453,0.0
2021-01-28,35.396270751953125,0.0
2021-01-29,34.89827346801758,0.0
2021-02-01,35.204734802246094,0.0
2021-02-02,36.20073318481445,0.0
2021-02-03,36.46888732910156,0.0
2021-02-04,36.08581161499024,0.0
2021-02-05,35.932579040527344,0.0
2021-02-17,37.46488571166992,0.0
2021-02-18,37.694732666015625,0.0
2021-02-19,37.61811447143555,0.0
2021-02-22,37.50319290161133,0.0
2021-02-23,38.11611557006836,0.0
2021-02-24,38.307655334472656,0.0
2021-02-25,39.61011505126953,0.0
2021-02-26,38.23103713989258,0.0
2021-03-02,38.38426971435547,0.0
2021-03-03,39.07380676269531,0.0
2021-03-04,38.7673454284668,0.0
2021-03-05,38.92057418823242,0.0
2021-03-08,39.91657638549805,0.0
2021-03-09,41.14242172241211,0.0
2021-03-10,41.37226486206055,0.0
2021-03-11,42.44488143920898,0.0
2021-03-12,42.061805725097656,0.0
2021-03-15,42.5214958190918,0.0
2021-03-16,42.44488143920898,0.0
2021-03-17,41.75534057617188,0.0
2021-03-18,41.67872619628906,0.0
2021-03-19,41.14242172241211,0.0
2021-03-22,41.29565048217773,0.0
2021-03-23,41.75534057617188,0.0
2021-03-24,41.67872619628906,0.0
2021-03-25,42.368263244628906,0.0
2021-03-26,42.5214958190918,0.0
2021-03-29,42.82795715332031,0.0
2021-03-30,43.51749420166016,0.0
2021-03-31,43.51749420166016,0.0
2021-04-01,44.28364944458008,0.0
2021-04-07,44.053802490234375,0.0
2021-04-08,43.59410858154297,0.0
2021-04-09,43.21103286743164,0.0
2021-04-12,44.4368782043457,0.0
2021-04-13,44.28364944458008,0.0
2021-04-14,43.74734115600586,0.0
2021-04-15,45.96918487548828,0.0
2021-04-16,45.96918487548828,0.0
2021-04-19,47.34825897216797,0.0
2021-04-20,47.34825897216797,0.0
2021-04-21,47.04179763793945,0.0
2021-04-22,46.811954498291016,0.0
2021-04-23,46.96518325805664,0.0
2021-04-26,49.11041259765625,0.0
2021-04-27,49.72333526611328,0.0
2021-04-28,49.876564025878906,0.0
2021-04-29,49.18702697753906,0.0
2021-05-03,52.71133041381836,0.0
2021-05-04,51.63871765136719,0.0
2021-05-05,53.24763870239258,0.0
2021-05-06,53.32425308227539,0.0
2021-05-07,54.24363708496094,0.0
2021-05-10,58.68732452392578,0.0
2021-05-11,57.308250427246094,0.0
2021-05-12,53.63071441650391,0.0
2021-05-13,52.558101654052734,0.0
2021-05-14,53.32425308227539,0.0
2021-05-17,50.2596435546875,0.0
2021-05-18,54.70332717895508,0.0
2021-05-19,54.09040832519531,0.0
2021-05-20,53.7839469909668,0.0
2021-05-21,55.16302108764648,0.0
2021-05-24,55.16302108764648,0.0
2021-05-25,55.08640670776367,0.0
2021-05-26,54.85655975341797,0.0
2021-05-27,54.85655975341797,0.0
2021-05-28,55.16302108764648,0.0
2021-05-31,55.39286804199219,0.0
2021-06-01,55.92917251586914,0.0
2021-06-02,57.07840347290039,0.0
2021-06-03,56.38886642456055,0.0
2021-06-04,55.85255813598633,0.0
2021-06-07,56.08240509033203,0.0
2021-06-08,56.46548080444336,0.0
2021-06-09,55.85255813598633,0.0
2021-06-10,56.54209518432617,0.0
2021-06-11,56.54209518432617,0.0
2021-06-15,55.92917251586914,0.0
2021-06-16,55.62271118164063,0.0
2021-06-17,55.39286804199219,0.0
2021-06-18,54.626712799072266,0.0
2021-06-21,53.63071441650391,0.0
2021-06-22,54.167022705078125,0.0
2021-06-23,55.00979232788086,0.0
2021-06-24,55.08640670776367,0.0
2021-06-25,55.85255813598633,0.0
2021-06-28,56.08240509033203,0.0
2021-06-29,55.62271118164063,0.0
2021-06-30,56.61871337890625,0.0
2021-07-01,56.23563766479492,0.0
2021-07-02,55.85255813598633,0.0
2021-07-05,56.61871337890625,0.0
2021-07-06,56.46548080444336,0.0
2021-07-07,56.69532775878906,0.0
2021-07-08,57.308250427246094,0.0
2021-07-09,56.84855651855469,0.0
2021-07-12,58.30424880981445,0.0
2021-07-13,58.38086318969727,0.0
2021-07-14,59.83655548095703,0.0
2021-07-15,60.9091682434082,0.0
2021-07-16,63.51409149169922,0.0
2021-07-19,63.59070587158203,0.0
2021-07-20,62.44147491455078,0.0
2021-07-21,62.67132186889648,0.0
2021-07-22,64.4334716796875,0.0
2021-07-23,65.12300872802734,0.0
2021-07-26,60.14301681518555,2.298459
2021-07-27,58.53409576416016,0.0
2021-07-28,57.921173095703125,0.0
2021-07-29,58.07440185546875,0.0
2021-07-30,57.46147918701172,0.0
2021-08-02,58.61071014404297,0.0
2021-08-03,58.53409576416016,0.0
2021-08-04,58.457481384277344,0.0
2021-08-05,58.457481384277344,0.0
2021-08-06,58.22763442993164,0.0
2021-08-09,58.30424880981445,0.0
2021-08-10,58.22763442993164,0.0
2021-08-11,60.6793212890625,0.0
2021-08-12,60.37286376953125,0.0
2021-08-13,59.83655548095703,0.0
2021-08-16,58.61071014404297,0.0
2021-08-17,58.61071014404297,0.0
2021-08-18,59.75994110107422,0.0
2021-08-19,58.9937858581543,0.0
2021-08-20,58.61071014404297,0.0
2021-08-23,60.52609252929688,0.0
2021-08-24,61.59870529174805,0.0
2021-08-25,61.90516662597656,0.0
2021-08-26,62.28824615478516,0.0
2021-08-27,63.97378158569336,0.0
2021-08-30,64.96977996826172,0.0
2021-08-31,65.12300872802734,0.0
2021-09-01,64.51008605957031,0.0
2021-09-02,63.36085891723633,0.0
2021-09-03,64.96977996826172,0.0
2021-09-06,65.06172180175781,0.0
2021-09-07,65.8202133178711,0.0
2021-09-08,65.23027038574219,0.0
2021-09-09,65.23027038574219,0.0
2021-09-10,65.3988265991211,0.0
2021-09-13,68.60134887695312,0.0
2021-09-14,68.09568786621094,0.0
2021-09-15,68.60134887695312,0.0
2021-09-16,68.01140594482422,0.0
2021-09-17,66.41014862060547,0.0
2021-09-22,64.9774398803711,0.0
2021-09-23,65.23027038574219,0.0
2021-09-24,65.3145523071289,0.0
2021-09-27,65.48310089111328,0.0
2021-09-28,65.3145523071289,0.0
2021-09-29,64.64033508300781,0.0
2021-09-30,64.64033508300781,0.0
2021-10-01,63.544734954833984,0.0
2021-10-04,62.70196914672852,0.0
2021-10-05,62.19630813598633,0.0
2021-10-06,62.95479965209961,0.0
2021-10-07,63.62901306152344,0.0
2021-10-08,63.4604606628418,0.0
2021-10-12,63.0390739440918,0.0
2021-10-13,62.7862434387207,0.0
2021-10-14,62.70196914672852,0.0
2021-10-15,63.29190444946289,0.0
2021-10-18,63.29190444946289,0.0
2021-10-19,63.0390739440918,0.0
2021-10-20,62.61769104003906,0.0
2021-10-21,63.0390739440918,0.0
2021-10-22,62.44913864135742,0.0
2021-10-25,63.0390739440918,0.0
2021-10-26,63.62901306152344,0.0
2021-10-27,63.2076301574707,0.0
2021-10-28,62.7862434387207,0.0
2021-10-29,62.02775192260742,0.0
2021-11-01,61.60636901855469,0.0
2021-11-02,61.18498611450195,0.0
2021-11-03,61.26926040649414,0.0
2021-11-04,61.1007080078125,0.0
2021-11-05,61.1007080078125,0.0
2021-11-08,62.02775192260742,0.0
2021-11-09,61.60636901855469,0.0
2021-11-10,61.522090911865234,0.0
2021-11-11,61.522090911865234,0.0
2021-11-12,61.77492141723633,0.0
2021-11-15,62.36486053466797,0.0
2021-11-16,62.36486053466797,0.0
2021-11-17,64.13467407226562,0.0
2021-11-18,64.38750457763672,0.0
2021-11-19,63.0390739440918,0.0
2021-11-22,62.70196914672852,0.0
2021-11-23,62.61769104003906,0.0
2021-11-24,62.70196914672852,0.0
2021-11-25,62.61769104003906,0.0
2021-11-26,62.53341293334961,0.0
2021-11-29,61.943477630615234,0.0
2021-11-30,61.60636901855469,0.0
2021-12-01,62.44913864135742,0.0
2021-12-02,62.11203002929688,0.0
2021-12-03,62.28058242797852,0.0
2021-12-06,62.44913864135742,0.0
2021-12-07,63.4604606628418,0.0
2021-12-08,64.05039978027344,0.0
2021-12-09,64.05039978027344,0.0
2021-12-10,63.966121673583984,0.0
2021-12-13,63.79756546020508,0.0
2021-12-14,63.12335205078125,0.0
2021-12-15,62.87052154541016,0.0
2021-12-16,63.12335205078125,0.0
2021-12-17,62.61769104003906,0.0
2021-12-20,62.44913864135742,0.0
2021-12-21,63.0390739440918,0.0
2021-12-22,62.70196914672852,0.0
2021-12-23,63.0390739440918,0.0
2021-12-24,63.37618255615234,0.0
2021-12-27,63.37618255615234,0.0
2021-12-28,63.966121673583984,0.0
2021-12-29,64.55606079101562,0.0
2021-12-30,64.30323028564453,0.0
2022-01-03,63.4604606628418,0.0
2022-01-04,63.4604606628418,0.0
2022-01-05,63.79756546020508,0.0
2022-01-06,63.966121673583984,0.0
2022-01-07,63.79756546020508,0.0
2022-01-10,64.38750457763672,0.0
2022-01-11,67.33719635009766,0.0
2022-01-12,67.42147064208984,0.0
2022-01-13,68.7698974609375,0.0
2022-01-14,67.75857543945312,0.0
2022-01-17,66.49442291259766,0.0
2022-01-18,66.91580963134766,0.0
2022-01-19,66.41014862060547,0.0
2022-01-20,65.98876190185547,0.0
2022-01-21,64.64033508300781,0.0
2022-01-24,64.4717788696289,0.0
2022-01-25,63.62901306152344,0.0
2022-01-26,63.71329116821289,0.0
2022-02-07,64.9774398803711,0.0
2022-02-08,64.724609375,0.0
2022-02-09,64.9774398803711,0.0
2022-02-10,65.23027038574219,0.0
2022-02-11,65.14599609375,0.0
2022-02-14,64.13467407226562,0.0
2022-02-15,64.55606079101562,0.0
2022-02-16,65.5673828125,0.0
2022-02-17,65.90448760986328,0.0
2022-02-18,65.5673828125,0.0
2022-02-21,65.3988265991211,0.0
2022-02-22,64.4717788696289,0.0
2022-02-23,64.4717788696289,0.0
2022-02-24,63.966121673583984,0.0
2022-02-25,63.29190444946289,0.0
2022-03-01,64.21894836425781,0.0
2022-03-02,63.71329116821289,0.0
2022-03-03,63.71329116821289,0.0
2022-03-04,62.70196914672852,0.0
2022-03-07,60.42649459838867,0.0
2022-03-08,59.49944686889648,0.0
2022-03-09,60.42649459838867,0.0
2022-03-10,62.19630813598633,0.0
2022-03-11,61.26926040649414,0.0
2022-03-14,61.26926040649414,0.0
2022-03-15,61.26926040649414,0.0
2022-03-16,61.60636901855469,0.0
2022-03-17,63.0390739440918,0.0
2022-03-18,62.61769104003906,0.0
2022-03-21,62.61769104003906,0.0
2022-03-22,62.61769104003906,0.0
2022-03-23,63.966121673583984,0.0
2022-03-24,63.62901306152344,0.0
2022-03-25,63.2076301574707,0.0
2022-03-28,63.29190444946289,0.0
2022-03-29,63.37618255615234,0.0
2022-03-30,64.13467407226562,0.0
2022-03-31,64.4717788696289,0.0
2022-04-01,64.9774398803711,0.0
2022-04-06,65.3145523071289,0.0
2022-04-07,64.05039978027344,0.0
2022-04-08,64.30323028564453,0.0
2022-04-11,64.4717788696289,0.0
2022-04-12,63.88184356689453,0.0
2022-04-13,64.38750457763672,0.0
2022-04-14,63.71329116821289,0.0
2022-04-15,63.29190444946289,0.0
2022-04-18,62.28058242797852,0.0
2022-04-19,61.943477630615234,0.0
2022-04-20,63.12335205078125,0.0
2022-04-21,62.87052154541016,0.0
2022-04-22,63.966121673583984,0.0
2022-04-25,63.0390739440918,0.0
2022-04-26,63.29190444946289,0.0
2022-04-27,61.69064712524414,0.0
2022-04-28,61.85919952392578,0.0
2022-04-29,62.70196914672852,0.0
2022-05-03,62.11203002929688,0.0
2022-05-04,62.87052154541016,0.0
2022-05-05,62.7862434387207,0.0
2022-05-06,60.089385986328125,0.0
2022-05-09,57.13969421386719,0.0
2022-05-10,56.54975891113281,0.0
2022-05-11,55.79126739501953,0.0
2022-05-12,53.34724044799805,0.0
2022-05-13,53.51579284667969,0.0
2022-05-16,52.5887451171875,0.0
2022-05-17,51.91453170776367,0.0
2022-05-18,53.68434524536133,0.0
2022-05-19,51.91453170776367,0.0
2022-05-20,52.08308410644531,0.0
2022-05-23,50.98748779296875,0.0
2022-05-24,50.6503791809082,0.0
2022-05-25,50.144718170166016,0.0
2022-05-26,50.313270568847656,0.0
2022-05-27,51.66170120239258,0.0
2022-05-30,53.262962341308594,0.0
2022-05-31,54.02145385742188,0.0
2022-06-01,53.60006713867188,0.0
2022-06-02,53.68434524536133,0.0
2022-06-06,53.93717575073242,0.0
2022-06-07,53.43151473999024,0.0
2022-06-08,53.76862335205078,0.0
2022-06-09,53.43151473999024,0.0
2022-06-10,53.0101318359375,0.0
2022-06-13,52.08308410644531,0.0
2022-06-14,52.25164031982422,0.0
2022-06-15,52.08308410644531,0.0
2022-06-16,52.167362213134766,0.0
2022-06-17,51.24031829833984,0.0
2022-06-20,50.734657287597656,0.0
2022-06-21,53.262962341308594,0.0
2022-06-22,51.998809814453125,0.0
2022-06-23,51.49314880371094,0.0
2022-06-24,52.167362213134766,0.0
2022-06-27,52.167362213134766,0.0
2022-06-28,51.91453170776367,0.0
2022-06-29,51.24031829833984,0.0
2022-06-30,50.39754867553711,0.0
2022-07-01,49.13339614868164,0.0
2022-07-04,48.79628753662109,0.0
2022-07-05,50.81893157958984,0.0
2022-07-06,49.04912185668945,0.0
2022-07-07,49.89188766479492,0.0
2022-07-08,49.63905715942383,0.0
2022-07-11,49.04912185668945,0.0
2022-07-12,47.0264778137207,0.0
2022-07-13,49.47050476074219,0.0
2022-07-14,49.13339614868164,0.0
2022-07-15,48.290626525878906,0.0
2022-07-18,50.22899627685547,0.0
2022-07-19,49.386226654052734,0.0
2022-07-20,48.96484375,0.0
2022-07-21,49.21767425537109,0.0
2022-07-22,49.21767425537109,0.0
2022-07-25,49.89188766479492,0.0
2022-07-26,49.89188766479492,0.0
2022-07-27,46.6050910949707,2.949689
2022-07-28,47.44786071777344,0.0
2022-07-29,47.27930450439453,0.0
2022-08-01,47.70069122314453,0.0
2022-08-02,47.70069122314453,0.0
2022-08-03,47.70069122314453,0.0
2022-08-04,47.19503021240234,0.0
2022-08-05,48.03779983520508,0.0
2022-08-08,48.96484375,0.0
2022-08-09,48.79628753662109,0.0
2022-08-10,49.04912185668945,0.0
2022-08-11,50.48182678222656,0.0
2022-08-12,50.566104888916016,0.0
2022-08-15,50.6503791809082,0.0
2022-08-16,50.566104888916016,0.0
2022-08-17,50.98748779296875,0.0
2022-08-18,50.566104888916016,0.0
2022-08-19,50.566104888916016,0.0
2022-08-22,49.72333526611328,0.0
2022-08-23,49.04912185668945,0.0
2022-08-24,49.13339614868164,0.0
2022-08-25,49.13339614868164,0.0
2022-08-26,49.30194854736328,0.0
2022-08-29,48.54346084594727,0.0
2022-08-30,48.290626525878906,0.0
2022-08-31,48.37490463256836,0.0
2022-09-01,48.12207412719727,0.0
2022-09-02,47.70069122314453,0.0
2022-09-05,47.70069122314453,0.0
2022-09-06,47.953521728515625,0.0
2022-09-07,47.27930450439453,0.0
2022-09-08,47.61641311645508,0.0
2022-09-12,48.290626525878906,0.0
2022-09-13,48.62773513793945,0.0
2022-09-14,47.78496551513672,0.0
2022-09-15,47.86924362182617,0.0
2022-09-16,47.61641311645508,0.0
2022-09-19,47.86924362182617,0.0
2022-09-20,47.953521728515625,0.0
2022-09-21,47.61641311645508,0.0
2022-09-22,48.13893127441406,0.0
2022-09-23,47.60798645019531,0.0
2022-09-26,46.81156921386719,0.0
2022-09-27,45.92666244506836,0.0
2022-09-28,44.333831787109375,0.0
2022-09-29,44.51081085205078,0.0
2022-09-30,44.1568489074707,0.0
2022-10-03,43.27194213867188,0.0
2022-10-04,43.75864028930664,0.0
2022-10-05,44.77628326416016,0.0
2022-10-06,44.864776611328125,0.0
2022-10-07,44.864776611328125,0.0
2022-10-11,43.80288696289063,0.0
2022-10-12,43.89137649536133,0.0
2022-10-13,42.60826110839844,0.0
2022-10-14,42.87373352050781,0.0
2022-10-17,43.0949592590332,0.0
2022-10-18,44.68779373168945,0.0
2022-10-19,44.59930419921875,0.0
2022-10-20,44.20109558105469,0.0
2022-10-21,43.93562316894531,0.0
2022-10-24,44.068359375,0.0
2022-10-25,44.20109558105469,0.0
2022-10-26,44.59930419921875,0.0
2022-10-27,45.2187385559082,0.0
2022-10-28,45.57270050048828,0.0
2022-10-31,45.13024520874024,0.0
2022-11-01,46.01515579223633,0.0
2022-11-02,45.92666244506836,0.0
2022-11-03,45.74967956542969,0.0
2022-11-04,45.57270050048828,0.0
2022-11-07,46.72307968139648,0.0
2022-11-08,47.07704162597656,0.0
2022-11-09,47.519493103027344,0.0
2022-11-10,46.72307968139648,0.0
2022-11-11,49.1123275756836,0.0
2022-11-14,49.82025146484375,0.0
2022-11-15,49.90874481201172,0.0
2022-11-16,49.1123275756836,0.0
2022-11-17,49.1123275756836,0.0
2022-11-18,48.93534469604492,0.0
2022-11-21,49.1123275756836,0.0
2022-11-22,49.46628952026367,0.0
2022-11-23,50.52817916870117,0.0
2022-11-24,51.059120178222656,0.0
2022-11-25,51.23610305786133,0.0
2022-11-28,51.23610305786133,0.0
2022-11-29,52.74044418334961,0.0
2022-11-30,53.80233383178711,0.0
2022-12-01,53.44837188720703,0.0
2022-12-02,53.182899475097656,0.0
2022-12-05,52.38648223876953,0.0
2022-12-06,51.678558349609375,0.0
2022-12-07,51.5015754699707,0.0
2022-12-08,50.43968963623047,0.0
2022-12-09,50.88214111328125,0.0
2022-12-12,50.88214111328125,0.0
2022-12-13,50.97063064575195,0.0
2022-12-14,50.88214111328125,0.0
2022-12-15,50.70515823364258,0.0
2022-12-16,49.64327239990234,0.0
2022-12-19,50.085723876953125,0.0
2022-12-20,49.73176193237305,0.0
2022-12-21,49.73176193237305,0.0
2022-12-22,50.2627067565918,0.0
2022-12-23,50.17421722412109,0.0
2022-12-26,50.2627067565918,0.0
2022-12-27,50.52817916870117,0.0
2022-12-28,50.17421722412109,0.0
2022-12-29,49.55478286743164,0.0
2022-12-30,49.82025146484375,0.0
2023-01-03,49.90874481201172,0.0
2023-01-04,50.61666870117188,0.0
2023-01-05,51.76704788208008,0.0
2023-01-06,51.76704788208008,0.0
2023-01-09,52.74044418334961,0.0
2023-01-10,52.38648223876953,0.0
2023-01-11,51.4130859375,0.0
2023-01-12,52.12100982666016,0.0
2023-01-13,51.94403076171875,0.0
2023-01-16,52.5634651184082,0.0
2023-01-17,52.91742706298828,0.0
2023-01-30,53.97931671142578,0.0
2023-01-31,53.27138900756836,0.0
2023-02-01,53.09440612792969,0.0
2023-02-02,53.53686141967773,0.0
2023-02-03,52.91742706298828,0.0
2023-02-06,52.5634651184082,0.0
2023-02-07,52.5634651184082,0.0
2023-02-08,52.38648223876953,0.0
2023-02-09,52.29799270629883,0.0
2023-02-10,52.12100982666016,0.0
2023-02-13,52.651954650878906,0.0
2023-02-14,53.182899475097656,0.0
2023-02-15,52.651954650878906,0.0
2023-02-16,52.5634651184082,0.0
2023-02-17,53.35987854003906,0.0
2023-02-20,53.713844299316406,0.0
2023-02-21,53.27138900756836,0.0
2023-02-22,53.00591659545898,0.0
2023-02-23,52.91742706298828,0.0
2023-02-24,53.09440612792969,0.0
2023-03-01,52.20949935913086,0.0
2023-03-02,52.5634651184082,0.0
2023-03-03,52.651954650878906,0.0
2023-03-06,53.09440612792969,0.0
2023-03-07,52.91742706298828,0.0
2023-03-08,53.09440612792969,0.0
2023-03-09,52.5634651184082,0.0
2023-03-10,51.590065002441406,0.0
2023-03-13,51.059120178222656,0.0
2023-03-14,50.17421722412109,0.0
2023-03-15,49.99723434448242,0.0
2023-03-16,48.75836563110352,0.0
2023-03-17,49.1123275756836,0.0
2023-03-20,48.66987228393555,0.0
2023-03-21,48.93534469604492,0.0
2023-03-22,49.73176193237305,0.0
2023-03-23,49.99723434448242,0.0
2023-03-24,49.82025146484375,0.0
2023-03-27,49.82025146484375,0.0
2023-03-28,49.99723434448242,0.0
2023-03-29,50.3511962890625,0.0
2023-03-30,50.2627067565918,0.0
2023-03-31,49.99723434448242,0.0
2023-04-06,50.2627067565918,0.0
2023-04-07,50.3511962890625,0.0
2023-04-10,50.52817916870117,0.0
2023-04-11,50.52817916870117,0.0
2023-04-12,50.70515823364258,0.0
2023-04-13,50.79365158081055,0.0
2023-04-14,51.85553741455078,0.0
2023-04-17,51.76704788208008,0.0
2023-04-18,51.85553741455078,0.0
2023-04-19,51.5015754699707,0.0
2023-04-20,51.23610305786133,0.0
2023-04-21,51.23610305786133,0.0
2023-04-24,51.4130859375,0.0
2023-04-25,50.88214111328125,0.0
2023-04-26,51.14761352539063,0.0
2023-04-27,51.059120178222656,0.0
2023-04-28,52.20949935913086,0.0
2023-05-02,52.03252029418945,0.0
2023-05-03,51.85553741455078,0.0
2023-05-04,52.29799270629883,0.0
2023-05-05,52.29799270629883,0.0
2023-05-08,52.5634651184082,0.0
2023-05-09,52.651954650878906,0.0
2023-05-10,52.38648223876953,0.0
2023-05-11,52.651954650878906,0.0
2023-05-12,52.20949935913086,0.0
2023-05-15,52.5634651184082,0.0
2023-05-16,52.91742706298828,0.0
2023-05-17,53.27138900756836,0.0
2023-05-18,54.06780624389648,0.0
2023-05-19,54.51025772094727,0.0
2023-05-22,54.598751068115234,0.0
2023-05-23,54.33327865600586,0.0
2023-05-24,54.33327865600586,0.0
2023-05-25,53.44837188720703,0.0
2023-05-26,53.53686141967773,0.0
2023-05-29,54.06780624389648,0.0
2023-05-30,53.80233383178711,0.0
2023-05-31,53.80233383178711,0.0
2023-06-01,53.44837188720703,0.0
2023-06-02,53.62535095214844,0.0
2023-06-05,54.598751068115234,0.0
2023-06-06,54.77573013305664,0.0
2023-06-07,54.68724060058594,0.0
2023-06-08,53.80233383178711,0.0
2023-06-09,54.15629577636719,0.0
2023-06-12,54.15629577636719,0.0
2023-06-13,54.06780624389648,0.0
2023-06-14,54.68724060058594,0.0
2023-06-15,54.51025772094727,0.0
2023-06-16,54.06780624389648,0.0
2023-06-19,54.24478530883789,0.0
2023-06-20,54.06780624389648,0.0
2023-06-21,54.33327865600586,0.0
2023-06-26,53.80233383178711,0.0
2023-06-27,53.62535095214844,0.0
2023-06-28,54.33327865600586,0.0
2023-06-29,54.24478530883789,0.0
2023-06-30,53.80233383178711,0.0
2023-07-03,54.24478530883789,0.0
2023-07-04,53.89082336425781,0.0
2023-07-05,53.97931671142578,0.0
2023-07-06,53.35987854003906,0.0
2023-07-07,53.09440612792969,0.0
2023-07-10,53.27138900756836,0.0
2023-07-11,54.33327865600586,0.0
2023-07-12,54.86422348022461,0.0
2023-07-13,54.598751068115234,0.0
2023-07-14,55.30667495727539,0.0
2023-07-17,57.51894378662109,0.0
2023-07-18,58.04988479614258,0.0
2023-07-19,57.34196090698242,0.0
2023-07-20,56.19158172607422,1.32736
2023-07-21,55.74912643432617,0.0
2023-07-24,55.395164489746094,0.0
2023-07-25,55.66063690185547,0.0
2023-07-26,57.07648849487305,0.0
2023-07-27,57.96139526367188,0.0
2023-07-28,57.87290573120117,0.0
2023-07-31,57.96139526367188,0.0
2023-08-01,58.8463020324707,0.0
2023-08-02,57.6074333190918,0.0
2023-08-04,57.34196090698242,0.0
2023-08-07,57.96139526367188,0.0
2023-08-08,57.6959228515625,0.0
2023-08-09,57.7844123840332,0.0
2023-08-10,57.87290573120117,0.0
2023-08-11,57.87290573120117,0.0
2023-08-14,56.5455436706543,0.0
2023-08-15,56.19158172607422,0.0
2023-08-16,55.30667495727539,0.0
2023-08-17,55.30667495727539,0.0
2023-08-18,55.21818542480469,0.0
2023-08-21,55.83761978149414,0.0
2023-08-22,55.572147369384766,0.0
2023-08-23,55.572147369384766,0.0
2023-08-24,56.01459884643555,0.0
2023-08-25,55.572147369384766,0.0
2023-08-28,56.72252655029297,0.0
2023-08-29,56.98799896240234,0.0
2023-08-30,57.07648849487305,0.0
2023-08-31,56.28007125854492,0.0
2023-09-01,57.34196090698242,0.0
2023-09-04,57.79326248168945,0.0
2023-09-05,57.42160034179688,0.0
2023-09-06,57.04994201660156,0.0
2023-09-07,56.86411285400391,0.0
2023-09-08,57.42160034179688,0.0
2023-09-11,57.51451873779297,0.0
2023-09-12,57.70034790039063,0.0
2023-09-13,57.979095458984375,0.0
2023-09-14,58.44366836547852,0.0
2023-09-15,58.0720100402832,0.0
2023-09-18,58.35075378417969,0.0
2023-09-19,58.16492462158203,0.0
2023-09-20,57.70034790039063,0.0
2023-09-21,57.04994201660156,0.0
2023-09-22,56.67827987670898,0.0
2023-09-25,56.957027435302734,0.0
2023-09-26,56.30662155151367,0.0
2023-09-27,56.30662155151367,0.0
2023-09-28,56.3995361328125,0.0
2023-10-02,56.49245071411133,0.0
2023-10-03,56.21370315551758,0.0
2023-10-04,55.47038269042969,0.0
2023-10-05,56.21370315551758,0.0
2023-10-06,56.3995361328125,0.0
2023-10-11,57.23577117919922,0.0
2023-10-12,57.32868576049805,0.0
2023-10-13,56.58536529541016,0.0
2023-10-16,56.67827987670898,0.0
2023-10-17,56.957027435302734,0.0
2023-10-18,57.04994201660156,0.0
2023-10-19,56.67827987670898,0.0
2023-10-20,56.3995361328125,0.0
2023-10-23,55.656211853027344,0.0
2023-10-24,55.656211853027344,0.0
2023-10-25,55.74912643432617,0.0
2023-10-26,55.37746810913086,0.0
2023-10-27,56.02787399291992,0.0
2023-10-30,55.56329727172852,0.0
2023-10-31,55.842044830322266,0.0
2023-11-01,55.74912643432617,0.0
2023-11-02,56.58536529541016,0.0
2023-11-03,56.957027435302734,0.0
2023-11-06,57.14285659790039,0.0
2023-11-07,57.14285659790039,0.0
2023-11-08,57.32868576049805,0.0
2023-11-09,57.32868576049805,0.0
2023-11-10,57.14285659790039,0.0
2023-11-13,57.32868576049805,0.0
2023-11-14,57.32868576049805,0.0
2023-11-15,58.25783920288086,0.0
2023-11-16,58.44366836547852,0.0
2023-11-17,58.722415924072266,0.0
2023-11-20,59.00115966796875,0.0
2023-11-21,60.30197525024414,0.0
2023-11-22,60.02322769165039,0.0
2023-11-23,59.74448394775391,0.0
2023-11-24,59.37282180786133,0.0
2023-11-27,59.00115966796875,0.0
2023-11-28,59.37282180786133,0.0
2023-11-29,59.18699264526367,0.0
2023-11-30,59.837398529052734,0.0
2023-12-01,59.2799072265625,0.0
2023-12-04,59.837398529052734,0.0
2023-12-05,59.55865097045898,0.0
2023-12-06,59.2799072265625,0.0
2023-12-07,58.722415924072266,0.0
2023-12-08,58.722415924072266,0.0
2023-12-11,58.44366836547852,0.0
2023-12-12,58.62950134277344,0.0
2023-12-13,58.44366836547852,0.0
2023-12-14,60.58071899414063,0.0
2023-12-15,60.4878044128418,0.0
2023-12-18,59.93031311035156,0.0
2023-12-19,59.37282180786133,0.0
2023-12-20,59.09407424926758,0.0
2023-12-21,58.90824508666992,0.0
2023-12-22,59.00115966796875,0.0
2023-12-25,59.18699264526367,0.0
2023-12-26,59.74448394775391,0.0
2023-12-27,60.02322769165039,0.0
2023-12-28,60.30197525024414,0.0
2023-12-29,60.20906066894531,0.0
2024-01-02,60.02322769165039,0.0
2024-01-03,59.18699264526367,0.0
2024-01-04,59.00115966796875,0.0
2024-01-05,58.722415924072266,0.0
2024-01-08,59.55865097045898,0.0
2024-01-09,59.46573638916016,0.0
2024-01-10,59.46573638916016,0.0
2024-01-11,59.37282180786133,0.0
2024-01-12,59.55865097045898,0.0
2024-01-15,59.55865097045898,0.0
2024-01-16,58.722415924072266,0.0
2024-01-17,57.88617706298828,0.0
2024-01-18,57.88617706298828,0.0
2024-01-19,58.53658676147461,0.0
2024-01-22,58.722415924072266,0.0
2024-01-23,59.37282180786133,0.0
2024-01-24,59.837398529052734,0.0
2024-01-25,60.02322769165039,0.0
2024-01-26,60.20906066894531,0.0
2024-01-29,60.20906066894531,0.0
2024-01-30,59.74448394775391,0.0
2024-01-31,59.93031311035156,0.0
2024-02-01,60.20906066894531,0.0
2024-02-02,60.30197525024414,0.0
2024-02-05,60.11614227294922,0.0
2024-02-15,60.67363357543945,0.0
2024-02-16,61.23112487792969,0.0
2024-02-19,61.41695785522461,0.0
2024-02-20,61.78861618041992,0.0
2024-02-21,61.602787017822266,0.0
2024-02-22,61.78861618041992,0.0
2024-02-23,61.881534576416016,0.0
2024-02-26,62.1602783203125,0.0
2024-02-27,62.1602783203125,0.0
2024-02-29,63.18234634399414,0.0
2024-03-01,62.62485504150391,0.0
2024-03-04,62.62485504150391,0.0
2024-03-05,62.53194046020508,0.0
2024-03-06,62.53194046020508,0.0
2024-03-07,63.27526092529297,0.0
2024-03-08,64.29732513427734,0.0
2024-03-11,64.29732513427734,0.0
2024-03-12,64.76190185546875,0.0
2024-03-13,64.94773864746094,0.0
2024-03-14,65.69105529785156,0.0
2024-03-15,64.66899108886719,0.0
2024-03-18,64.5760726928711,0.0
2024-03-19,64.85482025146484,0.0
2024-03-20,64.66899108886719,0.0
2024-03-21,65.69105529785156,0.0
2024-03-22,64.66899108886719,0.0
2024-03-25,64.11149597167969,0.0
2024-03-26,64.66899108886719,0.0
2024-03-27,64.85482025146484,0.0
2024-03-28,64.39024353027344,0.0
2024-03-29,64.76190185546875,0.0
2024-04-01,64.5760726928711,0.0
2024-04-02,64.5760726928711,0.0
2024-04-03,63.739837646484375,0.0
2024-04-08,63.8327522277832,0.0
2024-04-09,65.0406494140625,0.0
2024-04-10,64.29732513427734,0.0
2024-04-11,63.55400466918945,0.0
2024-04-12,62.99651336669922,0.0
2024-04-15,62.62485504150391,0.0
2024-04-16,61.04529571533203,0.0
2024-04-17,61.32403945922852,0.0
2024-04-18,61.602787017822266,0.0
2024-04-19,60.39488983154297,0.0
2024-04-22,61.50987243652344,0.0
2024-04-23,61.602787017822266,0.0
2024-04-24,62.06736373901367,0.0
2024-04-25,61.69570159912109,0.0
2024-04-26,62.81068420410156,0.0
2024-04-29,64.48316192626953,0.0
2024-04-30,64.20441436767578,0.0
2024-05-02,64.11149597167969,0.0
2024-05-03,64.11149597167969,0.0
2024-05-06,65.0406494140625,0.0
2024-05-07,64.94773864746094,0.0
2024-05-08,64.94773864746094,0.0
2024-05-09,64.94773864746094,0.0
2024-05-10,66.71312713623047,0.0
2024-05-13,66.43437957763672,0.0
2024-05-14,66.15563201904297,0.0
2024-05-15,68.57142639160156,0.0
2024-05-16,68.66434478759766,0.0
2024-05-17,69.31475067138672,0.0
2024-05-20,68.57142639160156,0.0
2024-05-21,67.73519134521484,0.0
2024-05-22,68.29267883300781,0.0
2024-05-23,67.36353302001953,0.0
2024-05-24,68.10684967041016,0.0
2024-05-27,68.29267883300781,0.0
2024-05-28,68.57142639160156,0.0
2024-05-29,67.27061462402344,0.0
2024-05-30,66.80603790283203,0.0
2024-05-31,68.19976806640625,0.0
2024-06-03,68.57142639160156,0.0
2024-06-04,68.3855972290039,0.0
2024-06-05,68.75725555419922,0.0
2024-06-06,69.87223815917969,0.0
2024-06-07,70.61556243896484,0.0
2024-06-11,71.8234634399414,0.0
2024-06-12,70.61556243896484,0.0
2024-06-13,70.8013916015625,0.0
2024-06-14,71.45179748535156,0.0
2024-06-17,70.61556243896484,0.0
2024-06-18,71.54471588134766,0.0
2024-06-19,72.28804016113281,0.0
2024-06-20,72.47386932373047,0.0
2024-06-21,72.75260925292969,0.0
2024-06-24,72.56678009033203,0.0
2024-06-25,72.93844604492188,0.0
2024-06-26,72.28804016113281,0.0
2024-06-27,72.84552764892578,0.0
2024-06-28,73.6817626953125,0.0
2024-07-01,74.7038345336914,0.0
2024-07-02,75.26132202148438,0.0
2024-07-03,77.39837646484375,0.0
2024-07-04,77.77003479003906,0.0
2024-07-05,78.88501739501953,0.0
2024-07-08,79.9070816040039,0.0
2024-07-09,79.9070816040039,0.0
2024-07-10,82.7874526977539,0.0
2024-07-11,85.8536605834961,0.0
2024-07-12,85.38908386230469,0.0
2024-07-15,84.45993041992188,0.0
2024-07-16,85.20325469970703,0.0
2024-07-17,84.55284118652344,0.0
2024-07-18,83.53077697753906,0.0
2024-07-19,80.0,2.32288
2024-07-22,76.74797058105469,0.0
2024-07-23,79.4425048828125,0.0
2024-07-26,78.88501739501953,0.0
2024-07-29,81.02206420898438,0.0
2024-07-30,80.37165832519531,0.0
2024-07-31,81.95121765136719,0.0
2024-08-01,81.95121765136719,0.0
2024-08-02,80.74332427978516,0.0
2024-08-05,73.40302276611328,0.0
2024-08-06,74.98257446289062,0.0
2024-08-07,76.74797058105469,0.0
2024-08-08,77.21253967285156,0.0
2024-08-09,79.9070816040039,0.0
2024-08-12,80.65040588378906,0.0
2024-08-13,81.30081176757812,0.0
2024-08-14,82.9732894897461,0.0
2024-08-15,82.69454193115234,0.0
2024-08-16,85.8536605834961,0.0
2024-08-19,83.62369537353516,0.0
2024-08-20,82.50871276855469,0.0
2024-08-21,82.88037109375,0.0
2024-08-22,81.85830688476562,0.0
2024-08-23,82.69454193115234,0.0
2024-08-26,85.38908386230469,0.0
2024-08-27,85.66783142089844,0.0
2024-08-28,85.48199462890625,0.0
2024-08-29,84.83158874511719,0.0
2024-08-30,85.38908386230469,0.0
2024-09-02,87.34030151367188,0.0
2024-09-03,87.06155395507812,0.0
2024-09-04,84.08827209472656,0.0
2024-09-05,85.7607421875,0.0
2024-09-06,85.94657135009766,0.0
2024-09-09,83.90243530273438,0.0
2024-09-10,84.29267883300781,0.0
2024-09-11,83.41463470458984,0.0
2024-09-12,83.70731353759766,0.0
2024-09-13,84.58536529541016,0.0
2024-09-16,84.68292236328125,0.0
2024-09-18,84.9756088256836,0.0
2024-09-19,87.1219482421875,0.0
2024-09-20,88.58536529541016,0.0
2024-09-23,89.65853881835938,0.0
2024-09-24,90.34146118164062,0.0
2024-09-25,91.0243911743164,0.0
2024-09-26,90.73170471191406,0.0
2024-09-27,89.07317352294922,0.0
2024-09-30,88.19512176513672,0.0
2024-10-01,88.48780059814453,0.0
2024-10-04,87.90243530273438,0.0
2024-10-07,88.8780517578125,0.0
2024-10-08,89.17073059082031,0.0
2024-10-09,88.39024353027344,0.0
2024-10-11,88.48780059814453,0.0
2024-10-14,88.29267883300781,0.0
2024-10-15,89.65853881835938,0.0
2024-10-16,88.0975570678711,0.0
2024-10-17,89.36585235595703,0.0
2024-10-18,90.92682647705078,0.0
2024-10-21,88.68292236328125,0.0
2024-10-22,91.0243911743164,0.0
2024-10-23,89.8536605834961,0.0
2024-10-24,89.07317352294922,0.0
2024-10-25,89.95121765136719,0.0
2024-10-28,89.65853881835938,0.0
2024-10-29,89.36585235595703,0.0
2024-10-30,88.58536529541016,0.0
2024-11-01,88.19512176513672,0.0
2024-11-04,90.04878234863281,0.0
2024-11-05,90.04878234863281,0.0
2024-11-06,89.17073059082031,0.0
2024-11-07,89.95121765136719,0.0
2024-11-08,90.63414764404295,0.0
2024-11-11,89.46341705322266,0.0
2024-11-12,89.46341705322266,0.0
2024-11-13,88.78048706054688,0.0
2024-11-14,88.0975570678711,0.0
2024-11-15,88.78048706054688,0.0
2024-11-18,87.60975646972656,0.0
2024-11-19,89.17073059082031,0.0
2024-11-20,88.29267883300781,0.0
2024-11-21,87.1219482421875,0.0
2024-11-22,87.1219482421875,0.0
2024-11-25,88.29267883300781,0.0
2024-11-26,87.90243530273438,0.0
2024-11-27,86.63414764404297,0.0
2024-11-28,86.73170471191406,0.0
2024-11-29,85.8536605834961,0.0
2024-12-02,87.41463470458984,0.0
2024-12-03,88.68292236328125,0.0
2024-12-04,88.39024353027344,0.0
2024-12-05,89.07317352294922,0.0
2024-12-06,89.75609588623047,0.0
2024-12-09,89.26829528808594,0.0
2024-12-10,89.75609588623047,0.0
2024-12-11,89.36585235595703,0.0
2024-12-12,91.60975646972656,0.0
2024-12-13,91.31707000732422,0.0
2024-12-16,91.41463470458984,0.0
2024-12-17,90.24390411376952,0.0
2024-12-18,89.65853881835938,0.0
2024-12-19,88.68292236328125,0.0
2024-12-20,88.19512176513672,0.0
2024-12-23,89.17073059082031,0.0
2024-12-24,89.56097412109375,0.0
2024-12-25,89.26829528808594,0.0
2024-12-26,89.07317352294922,0.0
2024-12-27,89.56097412109375,0.0
2024-12-30,89.07317352294922,0.0
2024-12-31,88.0975570678711,0.0
2025-01-02,88.48780059814453,0.0
2025-01-03,88.8780517578125,0.0
2025-01-06,89.65853881835938,0.0
2025-01-07,89.65853881835938,0.0
2025-01-08,88.8780517578125,0.0
2025-01-09,88.8780517578125,0.0
2025-01-10,87.70731353759766,0.0
2025-01-13,87.60975646972656,0.0
2025-01-14,88.58536529541016,0.0
2025-01-15,88.19512176513672,0.0
2025-01-16,89.36585235595703,0.0
2025-01-17,88.78048706054688,0.0
2025-01-20,88.29267883300781,0.0
2025-01-21,89.26829528808594,0.0
2025-01-22,90.53658294677734,0.0
2025-02-03,89.17073059082031,0.0
2025-02-04,88.0975570678711,0.0
2025-02-05,89.56097412109375,0.0
2025-02-06,90.73170471191406,0.0
2025-02-07,90.04878234863281,0.0
2025-02-10,91.1219482421875,0.0
2025-02-11,91.51219177246094,0.0
2025-02-12,91.1219482421875,0.0
2025-02-13,91.1219482421875,0.0
2025-02-14,90.82926940917967,0.0
2025-02-17,91.70731353759766,0.0
2025-02-18,92.0,0.0
2025-02-19,90.1463394165039,0.0
2025-02-20,89.75609588623047,0.0
2025-02-21,90.34146118164062,0.0
2025-02-24,89.36585235595703,0.0
2025-02-25,89.46341705322266,0.0
2025-02-26,90.53658294677734,0.0
2025-02-27,90.04878234863281,0.0
2025-03-03,90.53658294677734,0.0
2025-03-04,88.9756088256836,0.0
2025-03-05,89.56097412109375,0.0
2025-03-06,90.24390411376952,0.0
2025-03-07,88.68292236328125,0.0
2025-03-10,88.48780059814453,0.0
2025-03-11,87.51219177246094,0.0
2025-03-12,87.31707000732422,0.0
2025-03-13,86.82926940917969,0.0
2025-03-14,86.04878234863281,0.0
2025-03-17,87.80487823486328,0.0
2025-03-18,88.19512176513672,0.0
2025-03-19,86.82926940917969,0.0
2025-03-20,87.70731353759766,0.0
2025-03-21,86.82926940917969,0.0
2025-03-24,86.82926940917969,0.0
2025-03-25,87.51219177246094,0.0
2025-03-26,87.70731353759766,0.0
2025-03-27,87.70731353759766,0.0
2025-03-28,86.04878234863281,0.0
2025-03-31,83.21951293945312,0.0
2025-04-01,85.26829528808594,0.0
2025-04-02,85.46341705322266,0.0
2025-04-07,76.9756088256836,0.0
2025-04-08,76.0,0.0
2025-04-09,70.34146118164062,0.0
2025-04-10,77.36585235595703,0.0
2025-04-11,78.43902587890625,0.0
2025-04-14,78.92682647705078,0.0
2025-04-15,80.48780059814453,0.0
2025-04-16,78.1463394165039,0.0
2025-04-17,77.65853881835938,0.0
2025-04-18,77.56097412109375,0.0
2025-04-21,77.07317352294922,0.0
2025-04-22,75.41463470458984,0.0
2025-04-23,77.36585235595703,0.0
2025-04-24,76.39024353027344,0.0
2025-04-25,77.46341705322266,0.0
2025-04-28,77.26829528808594,0.0
2025-04-29,79.41463470458984,0.0
2025-04-30,82.24390411376953,0.0
2025-05-02,82.92682647705078,0.0
2025-05-05,78.04878234863281,0.0
2025-05-06,77.07317352294922,0.0
2025-05-07,76.0975570678711,0.0
2025-05-08,76.19512176513672,0.0
2025-05-09,75.51219177246094,0.0
2025-05-12,76.19512176513672,0.0
2025-05-13,77.07317352294922,0.0
2025-05-14,78.04878234863281,0.0
2025-05-15,78.53658294677734,0.0
2025-05-16,79.90243530273438,0.0
2025-05-19,77.8536605834961,0.0
2025-05-20,78.73170471191406,0.0
2025-05-21,79.51219177246094,0.0
2025-05-22,79.90243530273438,0.0
2025-05-23,79.51219177246094,0.0
2025-05-26,78.92682647705078,0.0
2025-05-27,78.34146118164062,0.0
2025-05-28,77.56097412109375,0.0
2025-05-29,77.65853881835938,0.0
2025-06-02,79.80487823486328,0.0
2025-06-03,81.56097412109375,0.0
2025-06-04,84.9756088256836,0.0
2025-06-05,84.9756088256836,0.0
2025-06-06,85.65853881835938,0.0
2025-06-09,86.34146118164062,0.0
2025-06-10,85.56097412109375,0.0
2025-06-11,87.90243530273438,0.0
2025-06-12,85.36585235595703,0.0
2025-06-13,84.39024353027344,0.0
2025-06-16,83.90243530273438,0.0
2025-06-17,83.70731353759766,0.0
2025-06-18,85.26829528808594,0.0
2025-06-19,84.58536529541016,0.0
2025-06-20,82.82926940917969,0.0
2025-06-23,82.63414764404297,0.0
2025-06-24,84.0,0.0
2025-06-25,83.60975646972656,0.0
2025-06-26,84.0,0.0
2025-06-27,84.0,0.0
2025-06-30,85.17073059082031,0.0
2025-07-01,81.17073059082031,4.146341
2025-07-02,80.8780517578125,0.0
2025-07-03,80.9756088256836,0.0
2025-07-04,79.0243911743164,0.0
2025-07-07,80.0,0.0
2025-07-08,79.21951293945312,0.0
2025-07-09,78.34146118164062,0.0
2025-07-10,80.29267883300781,0.0
2025-07-11,80.58536529541016,0.0
2025-07-14,80.58536529541016,0.0
2025-07-15,81.46341705322266,0.0
2025-07-16,82.34146118164062,0.0
2025-07-17,82.04878234863281,0.0
2025-07-18,81.65853881835938,0.0
2025-07-21,81.07317352294922,0.0
2025-07-22,80.48780059814453,0.0
2025-07-23,81.75609588623047,0.0
2025-07-24,81.56097412109375,0.0
2025-07-25,81.36585235595703,0.0
2025-07-28,80.78048706054688,0.0
2025-07-29,80.0,0.0
2025-07-30,80.58536529541016,0.0
2025-07-31,80.39024353027344,0.0
2025-08-04,81.95121765136719,0.0
2025-08-05,81.95121765136719,0.0
2025-08-06,82.34146118164062,0.0
2025-08-07,82.73170471191406,0.0
2025-08-08,83.1219482421875,0.0
2025-08-11,84.0975570678711,0.0
2025-08-12,84.58536529541016,0.0
2025-08-13,85.26829528808594,0.0
2025-08-14,86.63414764404297,0.0
2025-08-15,86.63414764404297,0.0
2025-08-18,86.82926940917969,0.0
2025-08-19,85.95121765136719,0.0
2025-08-20,84.78048706054688,0.0
2025-08-21,86.1463394165039,0.0
2025-08-22,85.75609588623047,0.0
2025-08-25,87.41463470458984,0.0
2025-08-26,84.9756088256836,0.0
2025-08-27,83.60975646972656,0.0
2025-08-28,83.1219482421875,0.0
2025-08-29,81.8536605834961,0.0
2025-09-01,82.43902587890625,0.0
2025-09-02,84.68292236328125,0.0
2025-09-03,83.90243530273438,0.0
2025-09-04,84.39024353027344,0.0
2025-09-05,84.8780517578125,0.0
2025-09-08,83.90243530273438,0.0
2025-09-09,84.29267883300781,0.0
2025-09-10,85.46341705322266,0.0
2025-09-11,84.78048706054688,0.0
2025-09-12,86.34146118164062,0.0
2025-09-15,86.63414764404297,0.0
2025-09-16,86.63414764404297,0.0
2025-09-17,86.53658294677734,0.0
2025-09-18,86.1463394165039,0.0
2025-09-19,85.65853881835938,0.0
2025-09-22,86.43902587890625,0.0
2025-09-23,86.24390411376953,0.0
2025-09-24,86.82926940917969,0.0
2025-09-25,86.0,0.0
2025-09-26,86.5,0.0
2025-09-30,88.30000305175781,0.0
2025-10-01,87.4000015258789,0.0
2025-10-02,87.4000015258789,0.0
2025-10-03,86.5,0.0
2025-10-07,86.9000015258789,0.0
2025-10-08,87.9000015258789,0.0
2025-10-09,89.80000305175781,0.0
2025-10-13,87.80000305175781,0.0
2025-10-14,88.19999694824219,0.0
2025-10-15,89.5999984741211,0.0
2025-10-16,89.80000305175781,0.0
2025-10-17,89.5,0.0
2025-10-20,89.0999984741211,0.0
2025-10-21,90.5999984741211,0.0
2025-10-22,91.5999984741211,0.0
2025-10-23,91.9000015258789,0.0
2025-10-27,92.0999984741211,0.0
2025-10-28,90.9000015258789,0.0
2025-10-29,91.8000030517578,0.0
2025-10-30,92.4000015258789,0.0
2025-10-31,91.1999969482422,0.0
2025-11-03,92.0,0.0
2025-11-04,92.5,0.0
2025-11-05,90.5999984741211,0.0
2025-11-06,91.8000030517578,0.0
2025-11-07,90.5,0.0
2025-11-10,90.5999984741211,0.0
2025-11-11,91.0,0.0
2025-11-12,91.6999969482422,0.0
2025-11-13,94.0,0.0
2025-11-14,93.3000030517578,0.0
2025-11-17,91.8000030517578,0.0
2025-11-18,89.5,0.0
2025-11-19,88.0999984741211,0.0
2025-11-20,89.30000305175781,0.0
2025-11-21,88.69999694824219,0.0
2025-11-24,92.0,0.0
2025-11-25,92.9000015258789,0.0
2025-11-26,93.1999969482422,0.0
2025-11-27,93.9000015258789,0.0
2025-11-28,92.5999984741211,0.0
2025-12-01,91.8000030517578,0.0
2025-12-02,92.0999984741211,0.0
2025-12-03,93.0999984741211,0.0
2025-12-04,94.6999969482422,0.0
2025-12-05,94.9000015258789,0.0
2025-12-08,95.5,0.0
2025-12-09,96.3000030517578,0.0
2025-12-10,95.1999969482422,0.0
2025-12-11,95.0999984741211,0.0
2025-12-12,96.8000030517578,0.0
2025-12-15,95.5999984741211,0.0
2025-12-16,96.0,0.0
2025-12-17,97.3000030517578,0.0
2025-12-18,96.8000030517578,0.0
2025-12-19,97.3000030517578,0.0
2025-12-22,98.1999969482422,0.0
2025-12-23,98.0999984741211,0.0
2025-12-24,98.0,0.0
2025-12-26,97.0,0.0
2025-12-29,98.1999969482422,0.0
2025-12-30,97.0,0.0
2025-12-31,96.0999984741211,0.0
2026-01-02,95.5999984741211,0.0
2026-01-05,97.1999969482422,0.0
2026-01-06,96.4000015258789,0.0
2026-01-07,96.0999984741211,0.0
2026-01-08,97.0,0.0
2026-01-09,95.5,0.0
2026-01-12,95.0,0.0
2026-01-13,94.1999969482422,0.0
2026-01-14,93.8000030517578,0.0
2026-01-15,94.0999984741211,0.0
2026-01-16,95.0,0.0
2026-01-19,95.0,0.0
2026-01-20,94.0,0.0
2026-01-21,93.0,0.0
2026-01-22,93.0,0.0
2026-01-23,93.5,0.0
2026-01-26,93.1999969482422,0.0
2026-01-27,92.4000015258789,0.0
2026-01-28,92.5,0.0
2026-01-29,92.3000030517578,0.0
2026-01-30,90.9000015258789,0.0
2026-02-02,90.5,0.0
2026-02-03,91.8000030517578,0.0
2026-02-04,92.6999969482422,0.0
2026-02-05,93.5,0.0
2026-02-06,92.4000015258789,0.0
2026-02-09,93.8000030517578,0.0
2026-02-10,94.5,0.0
2026-02-11,95.1999969482422,0.0
2026-02-23,95.6999969482422,0.0
2026-02-24,94.0999984741211,0.0
2026-02-25,92.9000015258789,0.0
2026-02-26,94.1999969482422,0.0
2026-03-02,93.0,0.0
2026-03-03,93.0999984741211,0.0
2026-03-04,89.80000305175781,0.0
2026-03-05,90.5,0.0
2026-03-06,88.80000305175781,0.0
2026-03-09,87.19999694824219,0.0
2026-03-10,88.30000305175781,0.0
2026-03-11,89.19999694824219,0.0
2026-03-12,89.4000015258789,0.0
2026-03-13,88.0999984741211,0.0
2026-03-16,88.80000305175781,0.0
2026-03-17,89.80000305175781,0.0
2026-03-18,89.5,0.0
2026-03-19,88.19999694824219,0.0
2026-03-20,88.5999984741211,0.0
2026-03-23,86.80000305175781,0.0
2026-03-24,87.0999984741211,0.0
2026-03-25,88.80000305175781,0.0
2026-03-26,88.5999984741211,0.0
2026-03-27,87.69999694824219,0.0
2026-03-30,86.4000015258789,0.0
2026-03-31,86.0,0.0
2026-04-01,87.80000305175781,0.0
2026-04-02,87.80000305175781,0.0
2026-04-07,87.69999694824219,0.0
2026-04-08,89.19999694824219,0.0
2026-04-09,88.5,0.0
2026-04-10,87.5999984741211,0.0
2026-04-13,86.69999694824219,0.0
2026-04-14,87.5999984741211,0.0
2026-04-15,87.5,0.0
2026-04-16,87.9000015258789,0.0
2026-04-17,88.0,0.0
2026-04-20,87.19999694824219,0.0
2026-04-21,87.69999694824219,0.0
2026-04-22,88.30000305175781,0.0
2026-04-23,88.30000305175781,0.0
2026-04-24,87.80000305175781,0.0
2026-04-27,87.9000015258789,0.0
2026-04-28,88.5999984741211,0.0
2026-04-29,91.3000030517578,0.0
2026-04-30,90.0,0.0
2026-05-04,91.0,0.0
2026-05-05,92.1999969482422,0.0
2026-05-06,92.8000030517578,0.0
2026-05-07,94.5,0.0
2026-05-08,96.6999969482422,0.0
2026-05-11,95.5,0.0
2026-05-12,93.6999969482422,0.0
2026-05-13,94.6999969482422,0.0
2026-05-14,94.5999984741211,0.0
2026-05-15,96.0999984741211,0.0
2026-05-18,95.1999969482422,0.0
2026-05-19,97.1999969482422,0.0
2026-05-20,95.8000030517578,0.0
2026-05-21,96.0999984741211,0.0
2026-05-22,95.0999984741211,0.0
2026-05-25,97.6999969482422,0.0
2026-05-26,103.5,0.0
2026-05-27,110.0,0.0
2026-05-28,110.0,0.0
2026-05-29,110.0,0.0
2026-06-01,110.5,0.0
2026-06-02,113.5,0.0
2026-06-03,113.0,0.0
2026-06-04,114.0,0.0
2026-06-05,118.0,0.0
2026-06-08,116.0,0.0
2026-06-09,125.0,0.0
2026-06-10,122.5,0.0
2026-06-11,125.5,0.0
2026-06-12,122.0,0.0
2026-06-15,127.5,0.0
2026-06-16,132.0,0.0
2026-06-17,135.5,0.0
2026-06-18,138.0,0.0
2026-06-22,138.5,0.0
2026-06-23,137.5,0.0
2026-06-24,134.5,0.0
2026-06-25,136.0,0.0
2026-06-26,134.0,0.0
2026-06-29,128.5,0.0
2026-06-30,129.5,0.0
2026-07-01,122.5,4.25
2026-07-02,119.5,0.0
2026-07-03,121.0,0.0
2026-07-06,121.5,0.0
2026-07-07,123.0,0.0
2026-07-08,126.0,0.0
2026-07-09,124.5,0.0
2026-07-10,124.5,0.0
2026-07-13,127.0,0.0
2026-07-14,125.0,0.0
2026-07-15,128.5,0.0
2026-07-16,125.0,0.0
2026-07-17,124.5,0.0
2026-07-20,123.5,0.0
2026-07-21,123.5,0.0
2026-07-22,127.0,0.0
2026-07-23,128.5,0.0
2026-07-24,127.5,0.0
2026-07-27,130.0,0.0
2026-07-28,125.5,0.0
2026-07-29,123.0,0.0
2026-07-30,124.0,0.0
2026-07-31,130.0,0.0
2026-08-03,129.5,0.0
2026-08-04,128.5,0.0
2026-08-05,129.5,0.0
2026-08-06,126.0,0.0
2026-08-07,127.0,0.0
2026-08-10,128.5,0.0
2026-08-11,128.0,0.0
2026-08-12,127.0,0.0
