Date,Close,Dividends
2002-01-29,3.333790063858032,0.0
2002-01-30,3.321352005004883,0.0
2002-01-31,3.321352005004883,0.0
2002-02-01,3.3835489749908447,0.0
2002-02-04,3.4208669662475586,0.0
2002-02-05,3.395988941192627,0.0
2002-02-06,3.4084270000457764,0.0
2002-02-07,3.4084270000457764,0.0
2002-02-08,3.4084270000457764,0.0
2002-02-11,3.4084270000457764,0.0
2002-02-12,3.4084270000457764,0.0
2002-02-13,3.4084270000457764,0.0
2002-02-14,3.4084270000457764,0.0
2002-02-15,3.4084270000457764,0.0
2002-02-18,3.4084270000457764,0.0
2002-02-19,3.3835489749908447,0.0
2002-02-20,3.371108055114746,0.0
2002-02-21,3.3462300300598145,0.0
2002-02-22,3.2840330600738525,0.0
2002-02-25,3.259155035018921,0.0
2002-02-26,3.2467150688171387,0.0
2002-02-27,3.2715930938720703,0.0
2002-02-28,3.2715930938720703,0.0
2002-03-01,3.2467150688171387,0.0
2002-03-04,3.2467150688171387,0.0
2002-03-05,3.159636974334717,0.0
2002-03-06,3.172076940536499,0.0
2002-03-07,3.172076940536499,0.0
2002-03-08,3.159636974334717,0.0
2002-03-11,3.1969549655914307,0.0
2002-03-12,3.2093958854675293,0.0
2002-03-13,3.234273910522461,0.0
2002-03-14,3.2093958854675293,0.0
2002-03-15,3.2093958854675293,0.0
2002-03-18,3.1845180988311768,0.0
2002-03-19,3.172076940536499,0.0
2002-03-20,3.159636974334717,0.0
2002-03-21,3.172076940536499,0.0
2002-03-22,3.22183609008789,0.0
2002-03-25,3.259155035018921,0.0
2002-03-26,3.22183609008789,0.0
2002-03-27,3.259155035018921,0.0
2002-03-28,3.2840330600738525,0.0
2002-03-29,3.259155035018921,0.0
2002-04-01,3.22183609008789,0.0
2002-04-02,3.2467150688171387,0.0
2002-04-03,3.333790063858032,0.0
2002-04-04,3.371108055114746,0.0
2002-04-05,3.371108055114746,0.0
2002-04-08,3.5079450607299805,0.0
2002-04-09,3.308911085128784,0.0
2002-04-10,3.3835489749908447,0.0
2002-04-11,3.4208669662475586,0.0
2002-04-12,3.3586699962615967,0.0
2002-04-15,3.333790063858032,0.0
2002-04-16,3.395988941192627,0.0
2002-04-17,3.47062611579895,0.0
2002-04-18,3.5452640056610107,0.0
2002-04-19,3.781613111495972,0.0
2002-04-22,3.781613111495972,0.0
2002-04-23,3.619900941848755,0.0
2002-04-24,3.694535970687866,0.0
2002-04-25,3.458185911178589,0.0
2002-04-26,3.433307886123657,0.0
2002-04-29,3.47062611579895,0.0
2002-04-30,3.3835489749908447,0.0
2002-05-01,3.3835489749908447,0.0
2002-05-02,3.3835489749908447,0.0
2002-05-03,3.5079450607299805,0.0
2002-05-06,3.3835489749908447,0.0
2002-05-07,3.395988941192627,0.0
2002-05-08,3.520382881164551,0.0
2002-05-09,3.4830639362335205,0.0
2002-05-10,3.4457449913024902,0.0
2002-05-13,3.433307886123657,0.0
2002-05-14,3.371108055114746,0.0
2002-05-15,3.4208669662475586,0.0
2002-05-16,3.395988941192627,0.0
2002-05-17,3.395988941192627,0.0
2002-05-20,3.2840330600738525,0.0
2002-05-21,3.2840330600738525,0.0
2002-05-22,3.2840330600738525,0.0
2002-05-23,3.2840330600738525,0.0
2002-05-24,3.321352005004883,0.0
2002-05-27,3.3462300300598145,0.0
2002-05-28,3.296471118927002,0.0
2002-05-29,3.308911085128784,0.0
2002-05-30,3.4208669662475586,0.0
2002-05-31,3.3586699962615967,0.0
2002-06-03,3.2840330600738525,0.0
2002-06-04,3.2840330600738525,0.0
2002-06-05,3.321352005004883,0.0
2002-06-06,3.2715930938720703,0.0
2002-06-07,3.259155035018921,0.0
2002-06-10,3.2840330600738525,0.0
2002-06-11,3.2715930938720703,0.0
2002-06-12,3.2467150688171387,0.0
2002-06-13,3.333790063858032,0.0
2002-06-14,3.4208669662475586,0.0
2002-06-17,3.395988941192627,0.0
2002-06-18,3.333790063858032,0.0
2002-06-19,3.2840330600738525,0.0
2002-06-20,3.3462300300598145,0.0
2002-06-21,3.333790063858032,0.0
2002-06-24,3.3462300300598145,0.0
2002-06-25,3.3462300300598145,0.0
2002-06-26,3.1969549655914307,0.0
2002-06-27,3.234273910522461,0.0
2002-06-28,3.259155035018921,0.0
2002-07-01,3.159636974334717,0.0
2002-07-02,3.1969549655914307,0.0
2002-07-03,3.1845180988311768,0.0
2002-07-04,3.22183609008789,0.0
2002-07-05,3.22183609008789,0.0
2002-07-08,3.22183609008789,0.0
2002-07-09,3.234273910522461,0.0
2002-07-10,3.234273910522461,0.0
2002-07-11,3.22183609008789,0.0
2002-07-12,3.2467150688171387,0.0
2002-07-15,3.2093958854675293,0.0
2002-07-16,3.1969549655914307,0.0
2002-07-17,3.1969549655914307,0.0
2002-07-18,3.2093958854675293,0.0
2002-07-19,3.1969549655914307,0.0
2002-07-22,3.109879970550537,0.0
2002-07-23,3.134758949279785,0.0
2002-07-24,3.109879970550537,0.0
2002-07-25,3.109879970550537,0.0
2002-07-26,3.0725619792938232,0.0
2002-07-29,3.097440004348755,0.0
2002-07-30,3.159636974334717,0.0
2002-07-31,3.134758949279785,0.0
2002-08-01,3.134758949279785,0.0
2002-08-02,3.172076940536499,0.0
2002-08-05,3.0228030681610107,0.0
2002-08-06,3.035243034362793,0.0
2002-08-07,3.084999084472656,0.0
2002-08-08,3.1223180294036865,0.0
2002-08-09,3.259155035018921,0.0
2002-08-12,3.4084270000457764,0.0
2002-08-13,3.3462300300598145,0.0
2002-08-14,3.308911085128784,0.0
2002-08-15,3.2840330600738525,0.0
2002-08-16,3.22183609008789,0.0
2002-08-19,3.1969549655914307,0.0
2002-08-20,3.22183609008789,0.0
2002-08-21,3.1845180988311768,0.0
2002-08-22,3.2467150688171387,0.0
2002-08-23,3.2467150688171387,0.0
2002-08-26,3.2467150688171387,0.0
2002-08-27,3.22183609008789,0.0
2002-08-28,3.22183609008789,0.0
2002-08-29,3.2093958854675293,0.0
2002-08-30,3.234273910522461,0.0
2002-09-02,3.2093958854675293,0.0
2002-09-03,3.1845180988311768,0.0
2002-09-04,3.1845180988311768,0.0
2002-09-05,3.1471989154815674,0.0
2002-09-06,3.1471989154815674,0.0
2002-09-09,3.159636974334717,0.0
2002-09-10,3.4532508850097656,0.0
2002-09-11,3.525799036026001,0.0
2002-09-12,3.525799036026001,0.0
2002-09-13,3.4677600860595703,0.0
2002-09-16,3.4242310523986816,0.0
2002-09-17,3.496778011322021,0.0
2002-09-18,3.4387400150299072,0.0
2002-09-19,3.4677600860595703,0.0
2002-09-20,3.4387400150299072,0.0
2002-09-23,3.409722089767456,0.0
2002-09-24,3.4242310523986816,0.0
2002-09-25,3.3371739387512207,0.0
2002-09-26,3.4242310523986816,0.0
2002-09-27,3.395212888717652,0.0
2002-09-30,3.395212888717652,0.0
2002-10-01,3.308156013488769,0.0
2002-10-02,3.2936480045318604,0.0
2002-10-03,3.250118017196656,0.0
2002-10-04,3.2936480045318604,0.0
2002-10-07,3.20658802986145,0.0
2002-10-08,3.2356090545654297,0.0
2002-10-09,3.2356090545654297,0.0
2002-10-10,3.2356090545654297,0.0
2002-10-11,3.1340410709381104,0.0
2002-10-14,3.1340410709381104,0.0
2002-10-15,3.2356090545654297,0.0
2002-10-16,3.1920790672302246,0.0
2002-10-17,3.221100091934204,0.0
2002-10-18,3.264626979827881,0.0
2002-10-21,3.221100091934204,0.0
2002-10-22,3.264626979827881,0.0
2002-10-23,3.3371739387512207,0.0
2002-10-24,3.380703926086426,0.0
2002-10-25,3.3516829013824463,0.0
2002-10-28,3.4242310523986816,0.0
2002-10-29,3.3516829013824463,0.0
2002-10-30,3.308156013488769,0.0
2002-10-31,3.3516829013824463,0.0
2002-11-01,3.2936480045318604,0.0
2002-11-04,3.366192102432251,0.0
2002-11-05,3.3516829013824463,0.0
2002-11-06,3.380703926086426,0.0
2002-11-07,3.380703926086426,0.0
2002-11-08,3.4387400150299072,0.0
2002-11-11,3.409722089767456,0.0
2002-11-12,3.4242310523986816,0.0
2002-11-13,3.4387400150299072,0.0
2002-11-14,3.4532508850097656,0.0
2002-11-15,3.583833932876587,0.0
2002-11-18,3.554816961288452,0.0
2002-11-19,3.4532508850097656,0.0
2002-11-20,3.4532508850097656,0.0
2002-11-21,3.4242310523986816,0.0
2002-11-22,3.4387400150299072,0.0
2002-11-25,3.366192102432251,0.0
2002-11-26,3.366192102432251,0.0
2002-11-27,3.3516829013824463,0.0
2002-11-28,3.3371739387512207,0.0
2002-11-29,3.366192102432251,0.0
2002-12-02,3.366192102432251,0.0
2002-12-03,3.395212888717652,0.0
2002-12-04,3.380703926086426,0.0
2002-12-05,3.3516829013824463,0.0
2002-12-06,3.3516829013824463,0.0
2002-12-09,3.395212888717652,0.0
2002-12-10,3.409722089767456,0.0
2002-12-11,3.6418728828430176,0.0
2002-12-12,3.627363920211792,0.0
2002-12-13,3.409722089767456,0.0
2002-12-16,3.5403079986572266,0.0
2002-12-17,3.583833932876587,0.0
2002-12-18,3.6999120712280273,0.0
2002-12-19,3.874023914337158,0.0
2002-12-20,3.917551040649414,0.0
2002-12-23,4.178722858428955,0.0
2002-12-24,4.338326930999756,0.0
2002-12-25,4.178722858428955,0.0
2002-12-26,4.4689130783081055,0.0
2002-12-27,4.4689130783081055,0.0
2002-12-30,4.4689130783081055,0.0
2002-12-31,4.410873889923096,0.0
2003-01-01,4.410873889923096,0.0
2003-01-02,4.701064109802246,0.0
2003-01-03,4.759099960327148,0.0
2003-01-06,4.933213233947754,0.0
2003-01-07,4.9041948318481445,0.0
2003-01-08,4.846158981323242,0.0
2003-01-09,4.643025875091553,0.0
2003-01-10,4.730082035064697,0.0
2003-01-13,4.730082035064697,0.0
2003-01-14,4.672043800354004,0.0
2003-01-15,4.759099960327148,0.0
2003-01-16,5.07830810546875,0.0
2003-01-17,5.0202717781066895,0.0
2003-01-20,5.368497848510742,0.0
2003-01-21,5.339479923248291,0.0
2003-01-22,5.542610168457031,0.0
2003-01-23,5.542610168457031,0.0
2003-01-24,5.542610168457031,0.0
2003-01-27,5.542610168457031,0.0
2003-01-28,5.542610168457031,0.0
2003-01-29,5.542610168457031,0.0
2003-01-30,5.542610168457031,0.0
2003-01-31,5.542610168457031,0.0
2003-02-03,5.542610168457031,0.0
2003-02-04,5.542610168457031,0.0
2003-02-05,5.542610168457031,0.0
2003-02-06,5.484574794769287,0.0
2003-02-07,5.484574794769287,0.0
2003-02-10,5.107327938079834,0.0
2003-02-11,4.846158981323242,0.0
2003-02-12,4.933213233947754,0.0
2003-02-13,4.614007949829102,0.0
2003-02-14,4.730082035064697,0.0
2003-02-17,5.049290180206299,0.0
2003-02-18,4.817139148712158,0.0
2003-02-19,4.701064109802246,0.0
2003-02-20,4.55596923828125,0.0
2003-02-21,4.497931003570557,0.0
2003-02-24,4.614007949829102,0.0
2003-02-25,4.497931003570557,0.0
2003-02-26,4.497931003570557,0.0
2003-02-27,4.526948928833008,0.0
2003-02-28,4.526948928833008,0.0
2003-03-03,4.701064109802246,0.0
2003-03-04,4.788121223449707,0.0
2003-03-05,4.788121223449707,0.0
2003-03-06,4.730082035064697,0.0
2003-03-07,4.526948928833008,0.0
2003-03-10,4.526948928833008,0.0
2003-03-11,4.497931003570557,0.0
2003-03-12,4.526948928833008,0.0
2003-03-13,4.701064109802246,0.0
2003-03-14,4.817139148712158,0.0
2003-03-17,4.643025875091553,0.0
2003-03-18,4.933213233947754,0.0
2003-03-19,4.788121223449707,0.0
2003-03-20,4.846158981323242,0.0
2003-03-21,4.846158981323242,0.0
2003-03-24,4.846158981323242,0.0
2003-03-25,4.730082035064697,0.0
2003-03-26,4.759099960327148,0.0
2003-03-27,4.788121223449707,0.0
2003-03-28,4.759099960327148,0.0
2003-03-31,4.4689130783081055,0.0
2003-04-01,4.381854057312012,0.0
2003-04-02,4.3528361320495605,0.0
2003-04-03,4.439891815185547,0.0
2003-04-04,4.672043800354004,0.0
2003-04-07,4.672043800354004,0.0
2003-04-08,4.643025875091553,0.0
2003-04-09,4.701064109802246,0.0
2003-04-10,4.643025875091553,0.0
2003-04-11,4.730082035064697,0.0
2003-04-14,4.759099960327148,0.0
2003-04-15,4.759099960327148,0.0
2003-04-16,4.788121223449707,0.0
2003-04-17,4.788121223449707,0.0
2003-04-18,4.846158981323242,0.0
2003-04-21,4.788121223449707,0.0
2003-04-22,4.701064109802246,0.0
2003-04-23,4.701064109802246,0.0
2003-04-24,4.410873889923096,0.0
2003-04-25,4.381854057312012,0.0
2003-04-28,4.3528361320495605,0.0
2003-04-29,4.323818206787109,0.0
2003-04-30,4.222249984741211,0.0
2003-05-01,4.222249984741211,0.0
2003-05-02,4.338326930999756,0.0
2003-05-05,4.381854057312012,0.0
2003-05-06,4.381854057312012,0.0
2003-05-07,4.439891815185547,0.0
2003-05-08,4.323818206787109,0.0
2003-05-09,4.3528361320495605,0.0
2003-05-12,4.3528361320495605,0.0
2003-05-13,4.381854057312012,0.0
2003-05-14,4.3528361320495605,0.0
2003-05-15,4.381854057312012,0.0
2003-05-16,4.294796943664551,0.0
2003-05-19,4.280288219451904,0.0
2003-05-20,4.280288219451904,0.0
2003-05-21,4.265779972076416,0.0
2003-05-22,4.280288219451904,0.0
2003-05-23,4.381854057312012,0.0
2003-05-26,4.439891815185547,0.0
2003-05-27,4.381854057312012,0.0
2003-05-28,4.381854057312012,0.0
2003-05-29,4.3528361320495605,0.0
2003-05-30,4.381854057312012,0.0
2003-06-02,4.672043800354004,0.0
2003-06-03,4.701064109802246,0.0
2003-06-04,4.701064109802246,0.0
2003-06-05,4.614007949829102,0.0
2003-06-06,4.55596923828125,0.0
2003-06-09,4.614007949829102,0.0
2003-06-10,4.614007949829102,0.0
2003-06-11,4.614007949829102,0.0
2003-06-12,4.643025875091553,0.0
2003-06-13,4.614007949829102,0.0
2003-06-16,4.643025875091553,0.0
2003-06-17,4.846158981323242,0.0
2003-06-18,4.817139148712158,0.0
2003-06-19,4.759099960327148,0.0
2003-06-20,4.759099960327148,0.0
2003-06-23,4.730082035064697,0.0
2003-06-24,4.672043800354004,0.0
2003-06-25,4.672043800354004,0.0
2003-06-26,4.730082035064697,0.0
2003-06-27,4.672043800354004,0.0
2003-06-30,4.759099960327148,0.0
2003-07-01,4.759099960327148,0.0
2003-07-02,4.846158981323242,0.0
2003-07-03,4.9041948318481445,0.0
2003-07-04,4.788121223449707,0.0
2003-07-07,4.962233066558838,0.0
2003-07-08,4.817139148712158,0.0
2003-07-09,4.9041948318481445,0.0
2003-07-10,4.817139148712158,0.0
2003-07-11,4.643025875091553,0.0
2003-07-14,4.730082035064697,0.0
2003-07-15,4.701064109802246,0.0
2003-07-16,4.701064109802246,0.0
2003-07-17,4.672043800354004,0.0
2003-07-18,4.730082035064697,0.0
2003-07-21,4.730082035064697,0.0
2003-07-22,4.730082035064697,0.0
2003-07-23,4.759099960327148,0.0
2003-07-24,4.817139148712158,0.0
2003-07-25,4.788121223449707,0.0
2003-07-28,4.875176906585693,0.0
2003-07-29,4.788121223449707,0.0
2003-07-30,4.730082035064697,0.0
2003-07-31,4.759099960327148,0.0
2003-08-01,4.730082035064697,0.0
2003-08-04,4.759099960327148,0.0
2003-08-05,4.701064109802246,0.0
2003-08-06,4.672043800354004,0.0
2003-08-07,4.701064109802246,0.0
2003-08-08,4.701064109802246,0.0
2003-08-11,4.701064109802246,0.0
2003-08-12,4.730082035064697,0.0
2003-08-13,4.788121223449707,0.0
2003-08-14,4.788121223449707,0.0
2003-08-15,4.759099960327148,0.0
2003-08-18,4.846158981323242,0.0
2003-08-19,4.817139148712158,0.0
2003-08-20,4.817139148712158,0.0
2003-08-21,4.788121223449707,0.0
2003-08-22,4.9041948318481445,0.0
2003-08-25,4.991250991821289,0.0
2003-08-26,4.9041948318481445,0.0
2003-08-27,4.962233066558838,0.0
2003-08-28,4.846158981323242,0.0
2003-08-29,4.9041948318481445,0.0
2003-09-01,5.223402976989746,0.0
2003-09-02,5.223402976989746,0.0
2003-09-03,5.136345863342285,0.0
2003-09-04,5.07830810546875,0.0
2003-09-05,5.0202717781066895,0.0
2003-09-08,5.049290180206299,0.0
2003-09-09,4.962233066558838,0.0
2003-09-10,4.817139148712158,0.0
2003-09-11,4.817139148712158,0.0
2003-09-12,4.846158981323242,0.0
2003-09-15,4.846158981323242,0.0
2003-09-16,4.9041948318481445,0.0
2003-09-17,4.875176906585693,0.0
2003-09-18,4.933213233947754,0.0
2003-09-19,4.962233066558838,0.0
2003-09-22,4.991250991821289,0.0
2003-09-23,4.962233066558838,0.0
2003-09-24,4.991250991821289,0.0
2003-09-25,5.07830810546875,0.0
2003-09-26,5.0202717781066895,0.0
2003-09-29,4.991250991821289,0.0
2003-09-30,4.962233066558838,0.0
2003-10-01,4.9041948318481445,0.0
2003-10-02,4.962233066558838,0.0
2003-10-03,5.136345863342285,0.0
2003-10-06,5.484574794769287,0.0
2003-10-07,5.600648880004883,0.0
2003-10-08,5.571630954742432,0.0
2003-10-09,5.484574794769287,0.0
2003-10-10,5.484574794769287,0.0
2003-10-13,5.629670143127441,0.0
2003-10-14,5.542610168457031,0.0
2003-10-15,5.426536083221436,0.0
2003-10-16,5.745744228363037,0.0
2003-10-17,5.745744228363037,0.0
2003-10-20,5.774762153625488,0.0
2003-10-21,5.774762153625488,0.0
2003-10-22,5.658687114715576,0.0
2003-10-23,5.455554008483887,0.0
2003-10-24,5.513591766357422,0.0
2003-10-27,5.571630954742432,0.0
2003-10-28,5.629670143127441,0.0
2003-10-29,5.658687114715576,0.0
2003-10-30,5.629670143127441,0.0
2003-10-31,5.571630954742432,0.0
2003-11-03,5.687705039978027,0.0
2003-11-04,5.745744228363037,0.0
2003-11-05,5.658687114715576,0.0
2003-11-06,5.310459136962891,0.0
2003-11-07,5.455554008483887,0.0
2003-11-10,5.397518157958984,0.0
2003-11-11,5.513591766357422,0.0
2003-11-12,5.455554008483887,0.0
2003-11-13,5.513591766357422,0.0
2003-11-14,5.629670143127441,0.0
2003-11-17,5.513591766357422,0.0
2003-11-18,5.513591766357422,0.0
2003-11-19,5.455554008483887,0.0
2003-11-20,5.426536083221436,0.0
2003-11-21,5.426536083221436,0.0
2003-11-24,5.484574794769287,0.0
2003-11-25,5.658687114715576,0.0
2003-11-26,5.774762153625488,0.0
2003-11-27,5.716725826263428,0.0
2003-11-28,5.716725826263428,0.0
2003-12-01,5.832799911499023,0.0
2003-12-02,5.832799911499023,0.0
2003-12-03,5.745744228363037,0.0
2003-12-04,5.803781986236572,0.0
2003-12-05,5.716725826263428,0.0
2003-12-08,5.716725826263428,0.0
2003-12-09,5.832799911499023,0.0
2003-12-10,5.832799911499023,0.0
2003-12-11,6.093968868255615,0.0
2003-12-12,6.122990131378174,0.0
2003-12-15,6.181028842926025,0.0
2003-12-16,6.093968868255615,0.0
2003-12-17,5.890839099884033,0.0
2003-12-18,5.948876857757568,0.0
2003-12-19,5.919856071472168,0.0
2003-12-22,6.035933971405029,0.0
2003-12-23,6.006913185119629,0.0
2003-12-24,6.035933971405029,0.0
2003-12-25,6.035933971405029,0.0
2003-12-26,6.035933971405029,0.0
2003-12-29,5.919856071472168,0.0
2003-12-30,5.948876857757568,0.0
2003-12-31,5.948876857757568,0.0
2004-01-01,5.948876857757568,0.0
2004-01-02,6.122990131378174,0.0
2004-01-05,6.152008056640625,0.0
2004-01-06,6.2390642166137695,0.0
2004-01-07,6.181028842926025,0.0
2004-01-08,6.21004581451416,0.0
2004-01-09,6.2390642166137695,0.0
2004-01-12,6.122990131378174,0.0
2004-01-13,6.093968868255615,0.0
2004-01-14,6.181028842926025,0.0
2004-01-15,6.152008056640625,0.0
2004-01-16,6.21004581451416,0.0
2004-01-19,6.21004581451416,0.0
2004-01-20,6.21004581451416,0.0
2004-01-21,6.21004581451416,0.0
2004-01-22,6.21004581451416,0.0
2004-01-23,6.21004581451416,0.0
2004-01-26,6.21004581451416,0.0
2004-01-27,6.297102928161621,0.0
2004-01-28,6.413179874420166,0.0
2004-01-29,6.297102928161621,0.0
2004-01-30,6.413179874420166,0.0
2004-02-02,6.413179874420166,0.0
2004-02-03,6.471219062805176,0.0
2004-02-04,6.413179874420166,0.0
2004-02-05,6.413179874420166,0.0
2004-02-06,6.413179874420166,0.0
2004-02-09,6.413179874420166,0.0
2004-02-10,6.471219062805176,0.0
2004-02-11,6.529253959655762,0.0
2004-02-12,6.384159088134766,0.0
2004-02-13,6.645330905914307,0.0
2004-02-16,6.645330905914307,0.0
2004-02-17,6.761404991149902,0.0
2004-02-18,6.616310119628906,0.0
2004-02-19,6.819444179534912,0.0
2004-02-20,6.645330905914307,0.0
2004-02-23,6.703367233276367,0.0
2004-02-24,6.645330905914307,0.0
2004-02-25,6.645330905914307,0.0
2004-02-26,6.645330905914307,0.0
2004-02-27,6.732388019561768,0.0
2004-03-01,6.93551778793335,0.0
2004-03-02,6.819444179534912,0.0
2004-03-03,6.906499862670898,0.0
2004-03-04,6.993556976318359,0.0
2004-03-05,6.877482891082764,0.0
2004-03-08,6.7904229164123535,0.0
2004-03-09,6.819444179534912,0.0
2004-03-10,6.7904229164123535,0.0
2004-03-11,6.848462104797363,0.0
2004-03-12,6.761404991149902,0.0
2004-03-15,6.442197799682617,0.0
2004-03-16,6.384159088134766,0.0
2004-03-17,6.32612419128418,0.0
2004-03-18,6.529253959655762,0.0
2004-03-19,6.471219062805176,0.0
2004-03-22,6.035933971405029,0.0
2004-03-23,6.064950942993164,0.0
2004-03-24,6.181028842926025,0.0
2004-03-25,6.093968868255615,0.0
2004-03-26,6.064950942993164,0.0
2004-03-29,6.471219062805176,0.0
2004-03-30,6.500236034393311,0.0
2004-03-31,6.500236034393311,0.0
2004-04-01,6.442197799682617,0.0
2004-04-02,6.587293148040772,0.0
2004-04-05,6.674348831176758,0.0
2004-04-06,6.616310119628906,0.0
2004-04-07,6.616310119628906,0.0
2004-04-08,6.732388019561768,0.0
2004-04-09,6.732388019561768,0.0
2004-04-12,6.848462104797363,0.0
2004-04-13,6.761404991149902,0.0
2004-04-14,6.703367233276367,0.0
2004-04-15,6.529253959655762,0.0
2004-04-16,6.616310119628906,0.0
2004-04-19,6.587293148040772,0.0
2004-04-20,6.703367233276367,0.0
2004-04-21,6.703367233276367,0.0
2004-04-22,6.587293148040772,0.0
2004-04-23,6.645330905914307,0.0
2004-04-26,6.587293148040772,0.0
2004-04-27,6.558271884918213,0.0
2004-04-28,6.529253959655762,0.0
2004-04-29,6.32612419128418,0.0
2004-04-30,6.181028842926025,0.0
2004-05-03,6.093968868255615,0.0
2004-05-04,6.2390642166137695,0.0
2004-05-05,5.948876857757568,0.0
2004-05-06,6.152008056640625,0.0
2004-05-07,6.152008056640625,0.0
2004-05-10,5.948876857757568,0.0
2004-05-11,6.035933971405029,0.0
2004-05-12,6.21004581451416,0.0
2004-05-13,6.152008056640625,0.0
2004-05-14,6.093968868255615,0.0
2004-05-17,5.832799911499023,0.0
2004-05-18,5.919856071472168,0.0
2004-05-19,6.181028842926025,0.0
2004-05-20,6.035933971405029,0.0
2004-05-21,6.122990131378174,0.0
2004-05-24,6.152008056640625,0.0
2004-05-25,6.093968868255615,0.0
2004-05-26,6.181028842926025,0.0
2004-05-27,6.297102928161621,0.0
2004-05-28,6.3551411628723145,0.0
2004-05-31,6.181028842926025,0.0
2004-06-01,6.064950942993164,0.0
2004-06-02,5.803781986236572,0.0
2004-06-03,5.629670143127441,0.0
2004-06-04,5.629670143127441,0.0
2004-06-07,5.832799911499023,0.0
2004-06-08,5.832799911499023,0.0
2004-06-09,5.832799911499023,0.0
2004-06-10,5.774762153625488,0.0
2004-06-11,5.658687114715576,0.0
2004-06-14,5.542610168457031,0.0
2004-06-15,5.687705039978027,0.0
2004-06-16,5.658687114715576,0.0
2004-06-17,5.774762153625488,0.0
2004-06-18,5.745744228363037,0.0
2004-06-21,5.774762153625488,0.0
2004-06-22,5.774762153625488,0.0
2004-06-23,5.948876857757568,0.0
2004-06-24,5.948876857757568,0.0
2004-06-25,5.919856071472168,0.0
2004-06-28,5.803781986236572,0.0
2004-06-29,5.861821174621582,0.0
2004-06-30,5.919856071472168,0.0
2004-07-01,5.803781986236572,0.0
2004-07-02,5.716725826263428,0.0
2004-07-05,5.600648880004883,0.0
2004-07-06,5.745744228363037,0.0
2004-07-07,5.716725826263428,0.0
2004-07-08,5.745744228363037,0.0
2004-07-09,5.803781986236572,0.0
2004-07-12,5.861821174621582,0.0
2004-07-13,5.803781986236572,0.0
2004-07-14,5.745744228363037,0.0
2004-07-15,5.658687114715576,0.0
2004-07-16,5.658687114715576,0.0
2004-07-19,5.600648880004883,0.0
2004-07-20,5.397518157958984,0.0
2004-07-21,5.542610168457031,0.0
2004-07-22,5.542610168457031,0.0
2004-07-23,5.542610168457031,0.0
2004-07-26,5.600648880004883,0.0
2004-07-27,5.687705039978027,0.0
2004-07-28,5.716725826263428,0.0
2004-07-29,5.716725826263428,0.0
2004-07-30,5.745744228363037,0.0
2004-08-02,5.571630954742432,0.0
2004-08-03,5.571630954742432,0.0
2004-08-04,5.484574794769287,0.0
2004-08-05,5.600648880004883,0.0
2004-08-06,5.542610168457031,0.0
2004-08-09,5.513591766357422,0.0
2004-08-10,5.600648880004883,0.0
2004-08-11,5.542610168457031,0.0
2004-08-12,5.600648880004883,0.0
2004-08-13,5.687705039978027,0.0
2004-08-16,5.658687114715576,0.0
2004-08-17,5.629670143127441,0.0
2004-08-18,5.774762153625488,0.0
2004-08-19,6.035933971405029,0.0
2004-08-20,6.006913185119629,0.0
2004-08-23,6.093968868255615,0.0
2004-08-24,6.093968868255615,0.0
2004-08-25,6.093968868255615,0.0
2004-08-26,5.932874202728272,0.32053
2004-08-27,5.932874202728272,0.0
2004-08-30,5.872948169708252,0.0
2004-08-31,5.813018798828125,0.0
2004-09-01,5.902911186218262,0.0
2004-09-02,5.99280309677124,0.0
2004-09-03,5.932874202728272,0.0
2004-09-06,6.052731037139893,0.0
2004-09-07,6.082694053649902,0.0
2004-09-08,6.112657070159912,0.0
2004-09-09,6.112657070159912,0.0
2004-09-10,6.052731037139893,0.0
2004-09-13,6.20255184173584,0.0
2004-09-14,6.23251485824585,0.0
2004-09-15,6.142622947692871,0.0
2004-09-16,6.082694053649902,0.0
2004-09-17,5.902911186218262,0.0
2004-09-20,5.962840080261231,0.0
2004-09-21,6.112657070159912,0.0
2004-09-22,6.142622947692871,0.0
2004-09-23,6.112657070159912,0.0
2004-09-24,6.112657070159912,0.0
2004-09-27,6.112657070159912,0.0
2004-09-28,6.112657070159912,0.0
2004-09-29,6.172585964202881,0.0
2004-09-30,6.262477874755859,0.0
2004-10-01,6.532155990600586,0.0
2004-10-04,6.801830768585205,0.0
2004-10-05,6.891723155975342,0.0
2004-10-06,6.711938858032227,0.0
2004-10-07,6.7718682289123535,0.0
2004-10-08,7.041543006896973,0.0
2004-10-11,7.101471900939941,0.0
2004-10-12,6.891723155975342,0.0
2004-10-13,6.921686172485352,0.0
2004-10-14,6.741901874542236,0.0
2004-10-15,6.7718682289123535,0.0
2004-10-18,6.831793785095215,0.0
2004-10-19,6.921686172485352,0.0
2004-10-20,7.341184139251709,0.0
2004-10-21,7.16140079498291,0.0
2004-10-22,7.16140079498291,0.0
2004-10-25,7.16140079498291,0.0
2004-10-26,7.041543006896973,0.0
2004-10-27,6.951652050018311,0.0
2004-10-28,6.891723155975342,0.0
2004-10-29,6.831793785095215,0.0
2004-11-01,6.891723155975342,0.0
2004-11-02,6.951652050018311,0.0
2004-11-03,7.041543006896973,0.0
2004-11-04,7.16140079498291,0.0
2004-11-05,7.19136381149292,0.0
2004-11-08,7.341184139251709,0.0
2004-11-09,7.311217784881592,0.0
2004-11-10,7.281256198883057,0.0
2004-11-11,7.101471900939941,0.0
2004-11-12,7.311217784881592,0.0
2004-11-15,7.251293182373047,0.0
2004-11-16,7.281256198883057,0.0
2004-11-17,7.251293182373047,0.0
2004-11-18,7.341184139251709,0.0
2004-11-19,7.371147155761719,0.0
2004-11-22,7.071506023406982,0.0
2004-11-23,7.19136381149292,0.0
2004-11-24,7.341184139251709,0.0
2004-11-25,7.22132682800293,0.0
2004-11-26,7.131434917449951,0.0
2004-11-29,7.131434917449951,0.0
2004-11-30,7.131434917449951,0.0
2004-12-01,7.071506023406982,0.0
2004-12-02,7.281256198883057,0.0
2004-12-03,7.281256198883057,0.0
2004-12-06,7.371147155761719,0.0
2004-12-07,7.431076049804687,0.0
2004-12-08,7.401110172271728,0.0
2004-12-09,7.491004943847656,0.0
2004-12-10,7.550930976867676,0.0
2004-12-13,7.281256198883057,0.0
2004-12-14,7.341184139251709,0.0
2004-12-15,7.401110172271728,0.0
2004-12-16,7.461039066314697,0.0
2004-12-17,7.610859870910644,0.0
2004-12-20,7.730717182159424,0.0
2004-12-21,7.700750827789307,0.0
2004-12-22,7.610859870910644,0.0
2004-12-23,7.580896854400635,0.0
2004-12-24,7.550930976867676,0.0
2004-12-27,7.491004943847656,0.0
2004-12-28,7.640821933746338,0.0
2004-12-29,7.670787811279297,0.0
2004-12-30,7.820609092712402,0.0
2004-12-31,7.910501003265381,0.0
2005-01-03,7.880537986755371,0.0
2005-01-04,7.790643215179443,0.0
2005-01-05,7.730717182159424,0.0
2005-01-06,7.790643215179443,0.0
2005-01-07,7.730717182159424,0.0
2005-01-10,7.640821933746338,0.0
2005-01-11,7.520967960357666,0.0
2005-01-12,7.550930976867676,0.0
2005-01-13,7.670787811279297,0.0
2005-01-14,7.640821933746338,0.0
2005-01-17,7.640821933746338,0.0
2005-01-18,7.640821933746338,0.0
2005-01-19,7.640821933746338,0.0
2005-01-20,7.730717182159424,0.0
2005-01-21,7.730717182159424,0.0
2005-01-24,7.550930976867676,0.0
2005-01-25,7.461039066314697,0.0
2005-01-26,7.341184139251709,0.0
2005-01-27,7.371147155761719,0.0
2005-01-28,7.341184139251709,0.0
2005-01-31,7.610859870910644,0.0
2005-02-01,7.491004943847656,0.0
2005-02-02,7.520967960357666,0.0
2005-02-03,7.580896854400635,0.0
2005-02-04,7.580896854400635,0.0
2005-02-07,7.580896854400635,0.0
2005-02-08,7.580896854400635,0.0
2005-02-09,7.580896854400635,0.0
2005-02-10,7.580896854400635,0.0
2005-02-11,7.580896854400635,0.0
2005-02-14,7.640821933746338,0.0
2005-02-15,7.640821933746338,0.0
2005-02-16,7.550930976867676,0.0
2005-02-17,7.431076049804687,0.0
2005-02-18,7.461039066314697,0.0
2005-02-21,7.610859870910644,0.0
2005-02-22,7.520967960357666,0.0
2005-02-23,7.520967960357666,0.0
2005-02-24,7.580896854400635,0.0
2005-02-25,7.580896854400635,0.0
2005-02-28,7.580896854400635,0.0
2005-03-01,7.565911769866943,0.0
2005-03-02,7.476019859313965,0.0
2005-03-03,7.580896854400635,0.0
2005-03-04,7.505986213684082,0.0
2005-03-07,7.580896854400635,0.0
2005-03-08,7.580896854400635,0.0
2005-03-09,7.610859870910644,0.0
2005-03-10,7.550930976867676,0.0
2005-03-11,7.595878124237059,0.0
2005-03-14,7.610859870910644,0.0
2005-03-15,7.565911769866943,0.0
2005-03-16,7.550930976867676,0.0
2005-03-17,7.535949230194092,0.0
2005-03-18,7.595878124237059,0.0
2005-03-21,7.610859870910644,0.0
2005-03-22,7.535949230194092,0.0
2005-03-23,7.610859870910644,0.0
2005-03-24,7.565911769866943,0.0
2005-03-25,7.640821933746338,0.0
2005-03-28,7.535949230194092,0.0
2005-03-29,7.476019859313965,0.0
2005-03-30,7.520967960357666,0.0
2005-03-31,7.685770034790039,0.0
2005-04-01,7.535949230194092,0.0
2005-04-04,7.520967960357666,0.0
2005-04-05,7.520967960357666,0.0
2005-04-06,7.505986213684082,0.0
2005-04-07,7.535949230194092,0.0
2005-04-08,7.550930976867676,0.0
2005-04-11,7.386128902435303,0.0
2005-04-12,7.341184139251709,0.0
2005-04-13,7.356165885925293,0.0
2005-04-14,7.281256198883057,0.0
2005-04-15,7.206345081329346,0.0
2005-04-18,7.101471900939941,0.0
2005-04-19,7.041543006896973,0.0
2005-04-20,7.281256198883057,0.0
2005-04-21,7.416094779968262,0.0
2005-04-22,7.461039066314697,0.0
2005-04-25,7.476019859313965,0.0
2005-04-26,7.341184139251709,0.0
2005-04-27,7.431076049804687,0.0
2005-04-28,7.505986213684082,0.0
2005-04-29,7.640821933746338,0.0
2005-05-02,7.640821933746338,0.0
2005-05-03,7.565911769866943,0.0
2005-05-04,7.520967960357666,0.0
2005-05-05,7.550930976867676,0.0
2005-05-06,7.535949230194092,0.0
2005-05-09,7.535949230194092,0.0
2005-05-10,7.446057796478271,0.0
2005-05-11,7.371147155761719,0.0
2005-05-12,7.416094779968262,0.0
2005-05-13,7.491004943847656,0.0
2005-05-16,7.431076049804687,0.0
2005-05-17,7.461039066314697,0.0
2005-05-18,7.461039066314697,0.0
2005-05-19,7.491004943847656,0.0
2005-05-20,7.491004943847656,0.0
2005-05-23,7.326202869415283,0.0
2005-05-24,7.326202869415283,0.0
2005-05-25,7.251293182373047,0.0
2005-05-26,7.326202869415283,0.0
2005-05-27,7.446057796478271,0.0
2005-05-30,7.491004943847656,0.0
2005-05-31,7.640821933746338,0.0
2005-06-01,7.461039066314697,0.0
2005-06-02,7.431076049804687,0.0
2005-06-03,7.416094779968262,0.0
2005-06-06,7.266273975372314,0.0
2005-06-07,7.19136381149292,0.0
2005-06-08,7.281256198883057,0.0
2005-06-09,7.356165885925293,0.0
2005-06-10,7.341184139251709,0.0
2005-06-13,7.416094779968262,0.0
2005-06-14,7.296236991882324,0.0
2005-06-15,7.356165885925293,0.0
2005-06-16,7.386128902435303,0.0
2005-06-17,7.326202869415283,0.0
2005-06-20,7.341184139251709,0.0
2005-06-21,7.356165885925293,0.0
2005-06-22,7.476019859313965,0.0
2005-06-23,7.565911769866943,0.0
2005-06-24,7.550930976867676,0.0
2005-06-27,7.505986213684082,0.0
2005-06-28,7.535949230194092,0.0
2005-06-29,7.476019859313965,0.0
2005-06-30,7.610859870910644,0.0
2005-07-01,7.580896854400635,0.0
2005-07-04,7.640821933746338,0.0
2005-07-05,7.595878124237059,0.0
2005-07-06,7.446057796478271,0.0
2005-07-07,7.491004943847656,0.0
2005-07-08,7.491004943847656,0.0
2005-07-11,7.640821933746338,0.0
2005-07-12,7.685770034790039,0.0
2005-07-13,7.670787811279297,0.0
2005-07-14,7.580896854400635,0.0
2005-07-15,7.670787811279297,0.0
2005-07-18,7.670787811279297,0.0
2005-07-19,7.790643215179443,0.0
2005-07-20,7.895518779754639,0.0
2005-07-21,7.745698928833008,0.0
2005-07-22,7.715733051300049,0.0
2005-07-25,7.86555290222168,0.0
2005-07-26,7.730717182159424,0.0
2005-07-27,7.790643215179443,0.0
2005-07-28,7.700750827789307,0.0
2005-07-29,7.790643215179443,0.0
2005-08-01,7.83558988571167,0.0
2005-08-02,7.910501003265381,0.0
2005-08-03,8.060320854187012,0.0
2005-08-04,8.195157051086426,0.0
2005-08-05,8.195157051086426,0.0
2005-08-08,8.09028434753418,0.0
2005-08-09,7.8836259841918945,0.336196
2005-08-10,7.91541576385498,0.0
2005-08-11,8.010783195495605,0.0
2005-08-12,7.994887828826904,0.0
2005-08-15,7.931310176849365,0.0
2005-08-16,7.947205066680908,0.0
2005-08-17,7.978993892669678,0.0
2005-08-18,7.899524211883545,0.0
2005-08-19,7.947205066680908,0.0
2005-08-22,7.931310176849365,0.0
2005-08-23,7.788261890411377,0.0
2005-08-24,7.438586235046387,0.0
2005-08-25,7.295535087585449,0.0
2005-08-26,7.533949851989746,0.0
2005-08-29,7.231956958770752,0.0
2005-08-30,7.279640197753906,0.0
2005-08-31,7.3750081062316895,0.0
2005-09-01,7.3750081062316895,0.0
2005-09-02,7.311429977416992,0.0
2005-09-05,7.247850894927978,0.0
2005-09-06,7.279640197753906,0.0
2005-09-07,7.279640197753906,0.0
2005-09-08,7.247850894927978,0.0
2005-09-09,7.200168132781982,0.0
2005-09-12,6.802806854248047,0.0
2005-09-13,6.818702220916748,0.0
2005-09-14,6.834597110748291,0.0
2005-09-15,7.295535087585449,0.0
2005-09-16,7.327323913574219,0.0
2005-09-19,7.2637457847595215,0.0
2005-09-20,6.961752891540527,0.0
2005-09-21,6.961752891540527,0.0
2005-09-22,6.723334789276123,0.0
2005-09-23,6.78691291809082,0.0
2005-09-26,6.818702220916748,0.0
2005-09-27,6.818702220916748,0.0
2005-09-28,6.882279872894287,0.0
2005-09-29,7.165836811065674,0.0
2005-09-30,7.34417200088501,0.0
2005-10-03,7.165836811065674,0.0
2005-10-04,7.019926071166992,0.0
2005-10-05,6.841590881347656,0.0
2005-10-06,6.533556938171387,0.0
2005-10-07,6.598405838012695,0.0
2005-10-10,6.469025135040283,0.0
2005-10-11,6.663255214691162,0.0
2005-10-12,6.582193851470947,0.0
2005-10-13,6.549768924713135,0.0
2005-10-14,6.841590881347656,0.0
2005-10-17,6.938864231109619,0.0
2005-10-18,6.857802867889404,0.0
2005-10-19,6.647043228149414,0.0
2005-10-20,6.663255214691162,0.0
2005-10-21,6.614617824554443,0.0
2005-10-24,6.549768924713135,0.0
2005-10-25,6.679468154907227,0.0
2005-10-26,6.744317054748535,0.0
2005-10-27,6.630830764770508,0.0
2005-10-28,6.582193851470947,0.0
2005-10-31,6.533556938171387,0.0
2005-11-01,6.452495098114014,0.0
2005-11-02,6.420071125030518,0.0
2005-11-03,6.436283111572266,0.0
2005-11-04,6.517344951629639,0.0
2005-11-07,6.517344951629639,0.0
2005-11-08,6.582193851470947,0.0
2005-11-09,6.922651767730713,0.0
2005-11-10,6.98750114440918,0.0
2005-11-11,7.165836811065674,0.0
2005-11-14,7.03613805770874,0.0
2005-11-15,6.922651767730713,0.0
2005-11-16,7.084774971008301,0.0
2005-11-17,7.052350044250488,0.0
2005-11-18,7.133411884307861,0.0
2005-11-21,6.809165954589844,0.0
2005-11-22,6.809165954589844,0.0
2005-11-23,6.663255214691162,0.0
2005-11-24,6.565980911254883,0.0
2005-11-25,6.647043228149414,0.0
2005-11-28,6.825377941131592,0.0
2005-11-29,6.760529041290283,0.0
2005-11-30,6.809165954589844,0.0
2005-12-01,6.874014854431152,0.0
2005-12-02,6.98750114440918,0.0
2005-12-05,7.068562984466553,0.0
2005-12-06,7.214472770690918,0.0
2005-12-07,6.955077171325684,0.0
2005-12-08,6.468708038330078,0.0
2005-12-09,6.598405838012695,0.0
2005-12-12,6.614617824554443,0.0
2005-12-13,6.647043228149414,0.0
2005-12-14,6.679468154907227,0.0
2005-12-15,6.744317054748535,0.0
2005-12-16,6.857802867889404,0.0
2005-12-19,6.8902268409729,0.0
2005-12-20,6.874014854431152,0.0
2005-12-21,6.857802867889404,0.0
2005-12-22,6.580286979675293,0.0
2005-12-23,6.809165954589844,0.0
2005-12-26,6.580286979675293,0.0
2005-12-27,6.728104114532471,0.0
2005-12-28,6.809165954589844,0.0
2005-12-29,6.825377941131592,0.0
2005-12-30,6.760529041290283,0.0
2006-01-02,6.647043228149414,0.0
2006-01-03,6.679468154907227,0.0
2006-01-04,6.614617824554443,0.0
2006-01-05,6.776741027832031,0.0
2006-01-06,6.679468154907227,0.0
2006-01-09,6.825377941131592,0.0
2006-01-10,6.8902268409729,0.0
2006-01-11,6.8902268409729,0.0
2006-01-12,6.938864231109619,0.0
2006-01-13,6.906439781188965,0.0
2006-01-16,6.938864231109619,0.0
2006-01-17,6.874014854431152,0.0
2006-01-18,6.663255214691162,0.0
2006-01-19,6.695680141448975,0.0
2006-01-20,6.792953968048096,0.0
2006-01-23,6.695680141448975,0.0
2006-01-24,6.744317054748535,0.0
2006-01-25,6.809165954589844,0.0
2006-02-03,7.133411884307861,0.0
2006-02-06,7.133411884307861,0.0
2006-02-07,7.133411884307861,0.0
2006-02-08,7.003714084625244,0.0
2006-02-09,7.03613805770874,0.0
2006-02-10,7.03613805770874,0.0
2006-02-13,6.955077171325684,0.0
2006-02-14,6.8902268409729,0.0
2006-02-15,6.874014854431152,0.0
2006-02-16,6.857802867889404,0.0
2006-02-17,6.922651767730713,0.0
2006-02-20,6.955077171325684,0.0
2006-02-21,6.8902268409729,0.0
2006-02-22,6.938864231109619,0.0
2006-02-23,7.068562984466553,0.0
2006-02-24,7.117199897766113,0.0
2006-02-27,7.084774971008301,0.0
2006-03-01,7.133411884307861,0.0
2006-03-02,7.182048797607422,0.0
2006-03-03,7.182048797607422,0.0
2006-03-06,7.068562984466553,0.0
2006-03-07,6.922651767730713,0.0
2006-03-08,6.8902268409729,0.0
2006-03-09,6.8902268409729,0.0
2006-03-10,6.792953968048096,0.0
2006-03-13,6.809165954589844,0.0
2006-03-14,6.809165954589844,0.0
2006-03-15,7.019926071166992,0.0
2006-03-16,6.874014854431152,0.0
2006-03-17,6.744317054748535,0.0
2006-03-20,6.760529041290283,0.0
2006-03-21,6.647043228149414,0.0
2006-03-22,6.565980911254883,0.0
2006-03-23,6.614617824554443,0.0
2006-03-24,6.614617824554443,0.0
2006-03-27,6.679468154907227,0.0
2006-03-28,6.598405838012695,0.0
2006-03-29,6.711892127990723,0.0
2006-03-30,6.809165954589844,0.0
2006-03-31,6.744317054748535,0.0
2006-04-03,6.744317054748535,0.0
2006-04-04,6.776741027832031,0.0
2006-04-06,6.971289157867432,0.0
2006-04-07,6.938864231109619,0.0
2006-04-10,7.003714084625244,0.0
2006-04-11,6.906439781188965,0.0
2006-04-12,6.922651767730713,0.0
2006-04-13,7.003714084625244,0.0
2006-04-14,7.100986957550049,0.0
2006-04-17,7.133411884307861,0.0
2006-04-18,7.084774971008301,0.0
2006-04-19,7.165836811065674,0.0
2006-04-20,7.19826078414917,0.0
2006-04-21,7.165836811065674,0.0
2006-04-24,7.133411884307861,0.0
2006-04-25,7.19826078414917,0.0
2006-04-26,7.34417200088501,0.0
2006-04-27,7.717054843902588,0.0
2006-04-28,7.49008321762085,0.0
2006-05-02,7.409020900726318,0.0
2006-05-03,7.457657814025879,0.0
2006-05-04,7.53872013092041,0.0
2006-05-05,7.441445827484131,0.0
2006-05-08,7.53872013092041,0.0
2006-05-09,7.506295204162598,0.0
2006-05-10,7.230686187744141,0.0
2006-05-11,7.279323101043701,0.0
2006-05-12,7.39280891418457,0.0
2006-05-15,7.214472770690918,0.0
2006-05-16,7.214472770690918,0.0
2006-05-17,7.295535087585449,0.0
2006-05-18,7.057116985321045,0.0
2006-05-19,6.945858001708984,0.0
2006-05-22,6.874014854431152,0.0
2006-05-23,6.776741027832031,0.0
2006-05-24,6.841590881347656,0.0
2006-05-25,6.841590881347656,0.0
2006-05-26,6.874014854431152,0.0
2006-05-29,6.7392258644104,0.0
2006-05-30,6.874014854431152,0.0
2006-06-01,6.98750114440918,0.0
2006-06-02,7.03613805770874,0.0
2006-06-05,6.971289157867432,0.0
2006-06-06,6.841590881347656,0.0
2006-06-07,6.776741027832031,0.0
2006-06-08,6.614617824554443,0.0
2006-06-09,6.679468154907227,0.0
2006-06-12,6.679468154907227,0.0
2006-06-13,6.420071125030518,0.0
2006-06-14,6.647043228149414,0.0
2006-06-15,6.614617824554443,0.0
2006-06-16,6.938864231109619,0.0
2006-06-19,6.922651767730713,0.0
2006-06-20,6.776741027832031,0.0
2006-06-21,6.8902268409729,0.0
2006-06-22,7.03613805770874,0.0
2006-06-23,6.971289157867432,0.0
2006-06-26,6.906439781188965,0.0
2006-06-27,6.971289157867432,0.0
2006-06-28,7.003714084625244,0.0
2006-06-29,7.003714084625244,0.0
2006-06-30,7.003714084625244,0.0
2006-07-03,7.068562984466553,0.0
2006-07-04,7.03613805770874,0.0
2006-07-05,7.003714084625244,0.0
2006-07-06,6.8902268409729,0.0
2006-07-07,6.98750114440918,0.0
2006-07-10,6.971289157867432,0.0
2006-07-11,6.971289157867432,0.0
2006-07-12,6.922651767730713,0.0
2006-07-13,6.874014854431152,0.0
2006-07-14,6.679468154907227,0.0
2006-07-17,6.565980911254883,0.0
2006-07-18,6.582193851470947,0.0
2006-07-19,6.484920024871826,0.0
2006-07-20,6.517344951629639,0.0
2006-07-21,6.517344951629639,0.0
2006-07-24,6.501132011413574,0.0
2006-07-25,6.517344951629639,0.0
2006-07-26,6.421341896057129,0.0
2006-07-27,6.294185161590576,0.0
2006-07-28,6.420071125030518,0.0
2006-07-31,6.420071125030518,0.0
2006-08-01,6.436283111572266,0.0
2006-08-02,6.484920024871826,0.0
2006-08-03,6.217741012573242,0.317889
2006-08-04,6.267351150512695,0.0
2006-08-07,6.250813961029053,0.0
2006-08-08,6.3831071853637695,0.0
2006-08-09,6.283886909484863,0.0
2006-08-10,6.316959857940674,0.0
2006-08-11,6.333497047424316,0.0
2006-08-14,6.432715892791748,0.0
2006-08-15,6.3996429443359375,0.0
2006-08-16,6.432715892791748,0.0
2006-08-17,6.465788841247559,0.0
2006-08-18,6.482326030731201,0.0
2006-08-21,6.41618013381958,0.0
2006-08-22,6.3996429443359375,0.0
2006-08-23,6.333497047424316,0.0
2006-08-24,6.3996429443359375,0.0
2006-08-25,6.3831071853637695,0.0
2006-08-28,6.300424098968506,0.0
2006-08-29,6.283886909484863,0.0
2006-08-30,6.3831071853637695,0.0
2006-08-31,6.482326030731201,0.0
2006-09-01,6.432715892791748,0.0
2006-09-04,6.41618013381958,0.0
2006-09-05,6.432715892791748,0.0
2006-09-06,6.316959857940674,0.0
2006-09-07,6.350034236907959,0.0
2006-09-08,6.41618013381958,0.0
2006-09-11,6.300424098968506,0.0
2006-09-12,6.333497047424316,0.0
2006-09-13,6.333497047424316,0.0
2006-09-14,6.3831071853637695,0.0
2006-09-15,6.482326030731201,0.0
2006-09-18,6.614617824554443,0.0
2006-09-19,6.598082065582275,0.0
2006-09-20,6.565009117126465,0.0
2006-09-21,6.548471927642822,0.0
2006-09-22,6.565009117126465,0.0
2006-09-25,6.581544876098633,0.0
2006-09-26,6.598082065582275,0.0
2006-09-27,6.581544876098633,0.0
2006-09-28,6.482326030731201,0.0
2006-09-29,6.565009117126465,0.0
2006-10-02,6.846129894256592,0.0
2006-10-03,6.779983997344971,0.0
2006-10-04,6.631155014038086,0.0
2006-10-05,6.680765151977539,0.0
2006-10-09,6.680765151977539,0.0
2006-10-11,6.779983997344971,0.0
2006-10-12,6.813056945800781,0.0
2006-10-13,6.879202842712402,0.0
2006-10-16,6.945349216461182,0.0
2006-10-17,6.895740032196045,0.0
2006-10-18,6.862667083740234,0.0
2006-10-19,6.779983997344971,0.0
2006-10-20,6.763446807861328,0.0
2006-10-23,6.912275791168213,0.0
2006-10-24,6.912275791168213,0.0
2006-10-25,6.928812980651856,0.0
2006-10-26,7.011495113372803,0.0
2006-10-27,7.028031826019287,0.0
2006-10-30,6.928812980651856,0.0
2006-10-31,6.928812980651856,0.0
2006-11-01,6.912275791168213,0.0
2006-11-02,6.945349216461182,0.0
2006-11-03,6.994958877563477,0.0
2006-11-06,6.945349216461182,0.0
2006-11-07,6.994958877563477,0.0
2006-11-08,6.978422164916992,0.0
2006-11-09,6.978422164916992,0.0
2006-11-10,7.061104774475098,0.0
2006-11-13,7.011495113372803,0.0
2006-11-14,7.127251148223877,0.0
2006-11-15,7.143787860870361,0.0
2006-11-16,7.209934234619141,0.0
2006-11-17,7.37529993057251,0.0
2006-11-20,7.309153079986572,0.0
2006-11-21,7.243007183074951,0.0
2006-11-22,7.226470947265625,0.0
2006-11-23,7.309153079986572,0.0
2006-11-24,7.309153079986572,0.0
2006-11-27,7.325689792633057,0.0
2006-11-28,7.292616844177246,0.0
2006-11-29,7.309153079986572,0.0
2006-11-30,7.276080131530762,0.0
2006-12-01,7.309153079986572,0.0
2006-12-04,7.358763217926025,0.0
2006-12-05,7.37529993057251,0.0
2006-12-06,7.40837287902832,0.0
2006-12-07,7.342226028442383,0.0
2006-12-08,7.342226028442383,0.0
2006-12-11,7.309153079986572,0.0
2006-12-12,7.243007183074951,0.0
2006-12-13,7.209934234619141,0.0
2006-12-14,7.094178199768066,0.0
2006-12-15,7.209934234619141,0.0
2006-12-18,7.325689792633057,0.0
2006-12-19,7.276080131530762,0.0
2006-12-20,7.342226028442383,0.0
2006-12-21,7.276080131530762,0.0
2006-12-22,7.342226028442383,0.0
2006-12-25,7.276080131530762,0.0
2006-12-26,7.37529993057251,0.0
2006-12-27,7.342226028442383,0.0
2006-12-28,7.342226028442383,0.0
2006-12-29,7.474518775939941,0.0
2007-01-02,7.606811046600342,0.0
2007-01-03,7.441445827484131,0.0
2007-01-04,7.37529993057251,0.0
2007-01-05,7.2595438957214355,0.0
2007-01-08,7.209934234619141,0.0
2007-01-09,7.209934234619141,0.0
2007-01-10,6.961885929107666,0.0
2007-01-11,6.945349216461182,0.0
2007-01-12,7.143787860870361,0.0
2007-01-15,7.176860809326172,0.0
2007-01-16,7.226470947265625,0.0
2007-01-17,7.209934234619141,0.0
2007-01-18,7.143787860870361,0.0
2007-01-19,7.07764196395874,0.0
2007-01-22,7.160324096679688,0.0
2007-01-23,7.143787860870361,0.0
2007-01-24,7.276080131530762,0.0
2007-01-25,7.292616844177246,0.0
2007-01-26,7.226470947265625,0.0
2007-01-29,7.04456901550293,0.0
2007-01-30,7.061104774475098,0.0
2007-01-31,7.061104774475098,0.0
2007-02-01,7.110714912414551,0.0
2007-02-02,7.209934234619141,0.0
2007-02-05,7.209934234619141,0.0
2007-02-06,7.243007183074951,0.0
2007-02-07,7.193397045135498,0.0
2007-02-08,7.176860809326172,0.0
2007-02-09,7.243007183074951,0.0
2007-02-12,7.209934234619141,0.0
2007-02-13,7.176860809326172,0.0
2007-02-14,7.160324096679688,0.0
2007-02-26,7.243007183074951,0.0
2007-02-27,7.209934234619141,0.0
2007-03-01,6.945349216461182,0.0
2007-03-02,6.862667083740234,0.0
2007-03-05,6.614617824554443,0.0
2007-03-06,6.581544876098633,0.0
2007-03-07,6.531936168670654,0.0
2007-03-08,6.565009117126465,0.0
2007-03-09,6.531936168670654,0.0
2007-03-12,6.531936168670654,0.0
2007-03-13,6.515398979187012,0.0
2007-03-14,6.482326030731201,0.0
2007-03-15,6.482326030731201,0.0
2007-03-16,6.465788841247559,0.0
2007-03-19,6.465788841247559,0.0
2007-03-20,6.498863220214844,0.0
2007-03-21,6.465788841247559,0.0
2007-03-22,6.598082065582275,0.0
2007-03-23,6.71383810043335,0.0
2007-03-26,6.647690773010254,0.0
2007-03-27,6.548471927642822,0.0
2007-03-28,6.482326030731201,0.0
2007-03-29,6.531936168670654,0.0
2007-03-30,6.565009117126465,0.0
2007-04-02,6.498863220214844,0.0
2007-04-03,6.631155014038086,0.0
2007-04-04,6.71383810043335,0.0
2007-04-09,6.74691104888916,0.0
2007-04-10,6.730373859405518,0.0
2007-04-11,6.71383810043335,0.0
2007-04-12,6.548471927642822,0.0
2007-04-13,6.548471927642822,0.0
2007-04-16,6.548471927642822,0.0
2007-04-17,6.465788841247559,0.0
2007-04-18,6.41618013381958,0.0
2007-04-19,6.333497047424316,0.0
2007-04-20,6.316959857940674,0.0
2007-04-23,6.41618013381958,0.0
2007-04-24,6.3831071853637695,0.0
2007-04-25,6.316959857940674,0.0
2007-04-26,6.350034236907959,0.0
2007-04-27,6.333497047424316,0.0
2007-04-30,6.250813961029053,0.0
2007-05-02,6.267351150512695,0.0
2007-05-03,6.316959857940674,0.0
2007-05-04,6.350034236907959,0.0
2007-05-07,6.3996429443359375,0.0
2007-05-08,6.350034236907959,0.0
2007-05-09,6.333497047424316,0.0
2007-05-10,6.333497047424316,0.0
2007-05-11,6.250813961029053,0.0
2007-05-14,6.184668064117432,0.0
2007-05-15,6.217741012573242,0.0
2007-05-16,6.217741012573242,0.0
2007-05-17,6.267351150512695,0.0
2007-05-18,6.201204776763916,0.0
2007-05-21,6.201204776763916,0.0
2007-05-22,6.217741012573242,0.0
2007-05-23,6.184668064117432,0.0
2007-05-24,6.201204776763916,0.0
2007-05-25,6.151595115661621,0.0
2007-05-28,6.1681318283081055,0.0
2007-05-29,6.184668064117432,0.0
2007-05-30,6.151595115661621,0.0
2007-05-31,5.953155994415283,0.0
2007-06-01,6.1681318283081055,0.0
2007-06-04,6.068912029266357,0.0
2007-06-05,5.953155994415283,0.0
2007-06-06,5.870473861694336,0.0
2007-06-07,5.738181114196777,0.0
2007-06-08,5.754717826843262,0.0
2007-06-11,5.9035468101501465,0.0
2007-06-12,5.953155994415283,0.0
2007-06-13,5.936620235443115,0.0
2007-06-14,6.052375793457031,0.0
2007-06-15,6.068912029266357,0.0
2007-06-20,6.217741012573242,0.0
2007-06-21,6.283886909484863,0.0
2007-06-22,6.151595115661621,0.0
2007-06-25,6.1681318283081055,0.0
2007-06-26,6.234278202056885,0.0
2007-06-27,6.217741012573242,0.0
2007-06-28,6.283886909484863,0.0
2007-06-29,6.283886909484863,0.0
2007-07-02,6.283886909484863,0.0
2007-07-03,6.366569995880127,0.0
2007-07-04,6.3831071853637695,0.0
2007-07-05,6.3996429443359375,0.0
2007-07-06,6.350034236907959,0.0
2007-07-09,6.366569995880127,0.0
2007-07-10,6.350034236907959,0.0
2007-07-11,6.316959857940674,0.0
2007-07-12,6.432715892791748,0.0
2007-07-13,6.41618013381958,0.0
2007-07-16,6.3831071853637695,0.0
2007-07-17,6.41618013381958,0.0
2007-07-18,6.41618013381958,0.0
2007-07-19,6.333497047424316,0.0
2007-07-20,6.3996429443359375,0.0
2007-07-23,6.3831071853637695,0.0
2007-07-24,6.41618013381958,0.0
2007-07-25,6.3996429443359375,0.0
2007-07-26,6.449253082275391,0.0
2007-07-27,6.1185221672058105,0.0
2007-07-30,6.052375793457031,0.0
2007-07-31,6.08544921875,0.0
2007-08-01,5.837400913238525,0.0
2007-08-02,5.853937149047852,0.0
2007-08-03,5.9035468101501465,0.0
2007-08-06,5.870473861694336,0.0
2007-08-07,5.870473861694336,0.0
2007-08-08,6.002766132354736,0.0
2007-08-09,6.08544921875,0.0
2007-08-10,5.853937149047852,0.0
2007-08-13,5.98622989654541,0.0
2007-08-14,5.920083045959473,0.0
2007-08-15,5.837400913238525,0.0
2007-08-16,5.65549898147583,0.0
2007-08-17,5.506669998168945,0.0
2007-08-20,5.738181114196777,0.0
2007-08-21,5.754717826843262,0.0
2007-08-22,5.738181114196777,0.0
2007-08-23,5.771254062652588,0.0
2007-08-24,5.65549898147583,0.0
2007-08-27,5.65549898147583,0.0
2007-08-28,5.605888843536377,0.0
2007-08-29,5.523206233978272,0.0
2007-08-30,5.589352130889893,0.0
2007-08-31,5.754717826843262,0.0
2007-09-03,5.65549898147583,0.0
2007-09-04,5.65549898147583,0.0
2007-09-05,5.62242603302002,0.0
2007-09-06,5.688571929931641,0.0
2007-09-07,5.638961791992188,0.0
2007-09-10,5.572815895080566,0.0
2007-09-11,5.638961791992188,0.0
2007-09-12,5.605888843536377,0.0
2007-09-13,5.605888843536377,0.0
2007-09-14,5.62242603302002,0.0
2007-09-17,5.62242603302002,0.0
2007-09-18,5.62242603302002,0.0
2007-09-19,5.672035217285156,0.0
2007-09-20,5.672035217285156,0.0
2007-09-21,5.605888843536377,0.0
2007-09-26,5.62242603302002,0.0
2007-09-27,5.787790775299072,0.0
2007-09-28,5.820864200592041,0.0
2007-10-01,5.820864200592041,0.0
2007-10-02,5.887010097503662,0.0
2007-10-03,5.936620235443115,0.0
2007-10-04,5.953155994415283,0.0
2007-10-05,5.887010097503662,0.0
2007-10-08,5.969693183898926,0.0
2007-10-09,5.920083045959473,0.0
2007-10-11,6.019302845001221,0.0
2007-10-12,5.887010097503662,0.0
2007-10-15,5.887010097503662,0.0
2007-10-16,5.969693183898926,0.0
2007-10-17,5.936620235443115,0.0
2007-10-18,5.887010097503662,0.0
2007-10-19,5.887010097503662,0.0
2007-10-22,5.738181114196777,0.0
2007-10-23,5.820864200592041,0.0
2007-10-24,5.754717826843262,0.0
2007-10-25,5.98622989654541,0.0
2007-10-26,5.98622989654541,0.0
2007-10-29,6.08544921875,0.0
2007-10-30,6.068912029266357,0.0
2007-10-31,6.1185221672058105,0.0
2007-11-01,6.002766132354736,0.0
2007-11-02,5.721644878387451,0.0
2007-11-05,5.771254062652588,0.0
2007-11-06,5.672035217285156,0.0
2007-11-07,5.672035217285156,0.0
2007-11-08,5.539742946624756,0.0
2007-11-09,5.638961791992188,0.0
2007-11-12,5.556279182434082,0.0
2007-11-13,5.556279182434082,0.0
2007-11-14,5.62242603302002,0.0
2007-11-15,5.605888843536377,0.0
2007-11-16,5.490132808685303,0.0
2007-11-19,5.523206233978272,0.0
2007-11-20,5.705108165740967,0.0
2007-11-21,5.506669998168945,0.0
2007-11-22,5.589352130889893,0.0
2007-11-23,5.589352130889893,0.0
2007-11-26,5.721644878387451,0.0
2007-11-27,5.62242603302002,0.0
2007-11-28,5.605888843536377,0.0
2007-11-29,5.771254062652588,0.0
2007-11-30,5.672035217285156,0.0
2007-12-03,5.672035217285156,0.0
2007-12-04,5.672035217285156,0.0
2007-12-05,5.738181114196777,0.0
2007-12-06,5.754717826843262,0.0
2007-12-07,5.721644878387451,0.0
2007-12-10,5.638961791992188,0.0
2007-12-11,5.721644878387451,0.0
2007-12-12,5.539742946624756,0.0
2007-12-13,5.457059860229492,0.0
2007-12-14,5.490132808685303,0.0
2007-12-17,5.3578410148620605,0.0
2007-12-18,5.440523147583008,0.0
2007-12-19,5.490132808685303,0.0
2007-12-20,5.423986911773682,0.0
2007-12-21,5.539742946624756,0.0
2007-12-24,5.490132808685303,0.0
2007-12-25,5.473597049713135,0.0
2007-12-26,5.490132808685303,0.0
2007-12-27,5.605888843536377,0.0
2007-12-28,5.556279182434082,0.0
2007-12-31,5.572815895080566,0.0
2008-01-02,5.407450199127197,0.0
2008-01-03,5.32476806640625,0.0
2008-01-04,5.556279182434082,0.0
2008-01-07,5.3578410148620605,0.0
2008-01-08,5.62242603302002,0.0
2008-01-09,5.605888843536377,0.0
2008-01-10,5.572815895080566,0.0
2008-01-11,5.490132808685303,0.0
2008-01-14,5.539742946624756,0.0
2008-01-15,5.920083045959473,0.0
2008-01-16,5.887010097503662,0.0
2008-01-17,5.953155994415283,0.0
2008-01-18,5.98622989654541,0.0
2008-01-21,5.887010097503662,0.0
2008-01-22,5.490132808685303,0.0
2008-01-23,5.3743767738342285,0.0
2008-01-24,5.572815895080566,0.0
2008-01-25,5.62242603302002,0.0
2008-01-28,5.457059860229492,0.0
2008-01-29,5.62242603302002,0.0
2008-01-30,5.390913963317871,0.0
2008-01-31,5.556279182434082,0.0
2008-02-01,5.506669998168945,0.0
2008-02-12,5.473597049713135,0.0
2008-02-13,5.440523147583008,0.0
2008-02-14,5.539742946624756,0.0
2008-02-15,5.589352130889893,0.0
2008-02-18,5.556279182434082,0.0
2008-02-19,5.638961791992188,0.0
2008-02-20,5.506669998168945,0.0
2008-02-21,5.589352130889893,0.0
2008-02-22,5.589352130889893,0.0
2008-02-25,5.787790775299072,0.0
2008-02-26,5.920083045959473,0.0
2008-02-27,6.002766132354736,0.0
2008-02-29,5.969693183898926,0.0
2008-03-03,5.804327964782715,0.0
2008-03-04,6.002766132354736,0.0
2008-03-05,5.953155994415283,0.0
2008-03-06,5.953155994415283,0.0
2008-03-07,5.98622989654541,0.0
2008-03-10,5.887010097503662,0.0
2008-03-11,5.98622989654541,0.0
2008-03-12,6.08544921875,0.0
2008-03-13,5.953155994415283,0.0
2008-03-14,5.837400913238525,0.0
2008-03-17,5.62242603302002,0.0
2008-03-18,5.62242603302002,0.0
2008-03-19,5.787790775299072,0.0
2008-03-20,5.953155994415283,0.0
2008-03-21,6.052375793457031,0.0
2008-03-24,6.267351150512695,0.0
2008-03-25,6.300424098968506,0.0
2008-03-26,6.300424098968506,0.0
2008-03-27,6.201204776763916,0.0
2008-03-28,6.267351150512695,0.0
2008-03-31,6.1350579261779785,0.0
2008-04-01,6.035839080810547,0.0
2008-04-02,6.184668064117432,0.0
2008-04-03,6.08544921875,0.0
2008-04-07,6.1681318283081055,0.0
2008-04-08,6.08544921875,0.0
2008-04-09,6.035839080810547,0.0
2008-04-10,6.184668064117432,0.0
2008-04-11,6.184668064117432,0.0
2008-04-14,6.184668064117432,0.0
2008-04-15,6.151595115661621,0.0
2008-04-16,6.300424098968506,0.0
2008-04-17,6.250813961029053,0.0
2008-04-18,6.283886909484863,0.0
2008-04-21,6.234278202056885,0.0
2008-04-22,6.250813961029053,0.0
2008-04-23,6.201204776763916,0.0
2008-04-24,6.201204776763916,0.0
2008-04-25,6.1185221672058105,0.0
2008-04-28,6.217741012573242,0.0
2008-04-29,6.035839080810547,0.0
2008-04-30,6.068912029266357,0.0
2008-05-02,6.1681318283081055,0.0
2008-05-05,6.08544921875,0.0
2008-05-06,6.101984977722168,0.0
2008-05-07,6.101984977722168,0.0
2008-05-08,6.035839080810547,0.0
2008-05-09,5.953155994415283,0.0
2008-05-12,5.969693183898926,0.0
2008-05-13,6.08544921875,0.0
2008-05-14,5.953155994415283,0.0
2008-05-15,6.1185221672058105,0.0
2008-05-16,6.101984977722168,0.0
2008-05-19,6.1350579261779785,0.0
2008-05-20,5.953155994415283,0.0
2008-05-21,5.953155994415283,0.0
2008-05-22,5.9035468101501465,0.0
2008-05-23,5.887010097503662,0.0
2008-05-26,5.870473861694336,0.0
2008-05-27,5.853937149047852,0.0
2008-05-28,5.754717826843262,0.0
2008-05-29,5.820864200592041,0.0
2008-05-30,5.672035217285156,0.0
2008-06-02,5.787790775299072,0.0
2008-06-03,5.721644878387451,0.0
2008-06-04,5.721644878387451,0.0
2008-06-05,5.870473861694336,0.0
2008-06-06,5.754717826843262,0.0
2008-06-09,5.65549898147583,0.0
2008-06-10,5.556279182434082,0.0
2008-06-11,5.572815895080566,0.0
2008-06-12,5.407450199127197,0.0
2008-06-13,5.390913963317871,0.0
2008-06-16,5.506669998168945,0.0
2008-06-17,5.423986911773682,0.0
2008-06-18,5.473597049713135,0.0
2008-06-19,5.423986911773682,0.0
2008-06-20,5.341303825378418,0.0
2008-06-23,5.3578410148620605,0.0
2008-06-24,5.3743767738342285,0.0
2008-06-25,5.523206233978272,0.0
2008-06-26,5.473597049713135,0.0
2008-06-27,5.3578410148620605,0.0
2008-06-30,5.457059860229492,0.0
2008-07-01,5.407450199127197,0.0
2008-07-02,5.341303825378418,0.0
2008-07-03,5.341303825378418,0.0
2008-07-04,5.32476806640625,0.0
2008-07-07,5.3578410148620605,0.0
2008-07-08,5.192474842071533,0.0
2008-07-09,5.2586212158203125,0.0
2008-07-10,5.29169511795044,0.0
2008-07-11,5.29169511795044,0.0
2008-07-14,5.2586212158203125,0.0
2008-07-15,5.060183048248291,0.0
2008-07-16,4.779061794281006,0.0
2008-07-17,4.878281116485596,0.0
2008-07-18,4.597159862518311,0.0
2008-07-21,4.597159862518311,0.0
2008-07-22,4.564085960388184,0.0
2008-07-23,4.66330623626709,0.0
2008-07-24,4.729452133178711,0.0
2008-07-25,4.66330623626709,0.0
2008-07-28,4.8032050132751465,0.0
2008-07-29,4.531013011932373,0.0
2008-07-30,4.464867115020752,0.0
2008-07-31,4.448330879211426,0.0
2008-08-01,4.398721218109131,0.0
2008-08-04,4.365647792816162,0.0
2008-08-05,4.349111080169678,0.0
2008-08-06,4.415257930755615,0.0
2008-08-07,4.2867751121521,0.137584
2008-08-08,4.265106201171875,0.0
2008-08-11,4.282303810119629,0.0
2008-08-12,4.333898067474365,0.0
2008-08-13,4.265106201171875,0.0
2008-08-14,4.265106201171875,0.0
2008-08-15,4.1619181632995605,0.0
2008-08-18,3.955542087554932,0.0
2008-08-19,3.955542087554932,0.0
2008-08-20,3.955542087554932,0.0
2008-08-21,3.9039480686187744,0.0
2008-08-22,3.9727399349212646,0.0
2008-08-25,4.1619181632995605,0.0
2008-08-26,4.1791157722473145,0.0
2008-08-27,4.144720077514648,0.0
2008-08-28,4.127521991729736,0.0
2008-08-29,4.196313858032227,0.0
2008-09-01,4.041532039642334,0.0
2008-09-02,4.110323905944824,0.0
2008-09-03,3.955542087554932,0.0
2008-09-04,3.9039480686187744,0.0
2008-09-05,3.835155963897705,0.0
2008-09-08,4.093125820159912,0.0
2008-09-09,4.00713586807251,0.0
2008-09-10,3.9899380207061768,0.0
2008-09-11,3.86955189704895,0.0
2008-09-12,3.9211459159851074,0.0
2008-09-15,3.7491650581359854,0.0
2008-09-16,3.4911949634552,0.0
2008-09-17,3.5083930492401123,0.0
2008-09-18,3.2676210403442383,0.0
2008-09-19,3.3536109924316406,0.0
2008-09-22,3.357050895690918,0.0
2008-09-23,3.2985780239105225,0.0
2008-09-24,3.284818887710572,0.0
2008-09-25,3.2676210403442383,0.0
2008-09-26,3.136915922164917,0.0
2008-09-29,3.2310240268707275,0.0
2008-09-30,2.9202210903167725,0.0
2008-10-01,2.9477379322052,0.0
2008-10-02,2.961497068405152,0.0
2008-10-03,2.9718151092529297,0.0
2008-10-06,2.765439033508301,0.0
2008-10-07,2.7757580280303955,0.0
2008-10-08,2.596899032592773,0.0
2008-10-09,2.751681089401245,0.0
2008-10-13,2.655371904373169,0.0
2008-10-14,2.841110944747925,0.0
2008-10-15,2.813594102859497,0.0
2008-10-16,2.7413620948791504,0.0
2008-10-17,2.7413620948791504,0.0
2008-10-20,2.765439033508301,0.0
2008-10-21,2.682888984680176,0.0
2008-10-22,2.6484930515289307,0.0
2008-10-23,2.559062957763672,0.0
2008-10-24,2.4696340560913086,0.0
2008-10-27,2.301093101501465,0.0
2008-10-28,2.146311044692993,0.0
2008-10-29,2.28733491897583,0.0
2008-10-30,2.4455559253692627,0.0
2008-10-31,2.614097118377685,0.0
2008-11-03,2.751681089401245,0.0
2008-11-04,2.717284917831421,0.0
2008-11-05,2.8032751083374023,0.0
2008-11-06,2.6484930515289307,0.0
2008-11-07,2.768878936767578,0.0
2008-11-10,2.8445498943328857,0.0
2008-11-11,2.8376710414886475,0.0
2008-11-12,2.8032751083374023,0.0
2008-11-13,2.7860770225524902,0.0
2008-11-14,2.7860770225524902,0.0
2008-11-17,2.7860770225524902,0.0
2008-11-18,2.751681089401245,0.0
2008-11-19,2.782636880874634,0.0
2008-11-20,2.6312949657440186,0.0
2008-11-21,2.7241640090942383,0.0
2008-11-24,2.7860770225524902,0.0
2008-11-25,2.8892650604248047,0.0
2008-11-26,2.847990036010742,0.0
2008-11-27,3.0268490314483643,0.0
2008-11-28,2.992453098297119,0.0
2008-12-01,3.198828935623169,0.0
2008-12-02,2.9855740070343018,0.0
2008-12-03,3.0750041007995605,0.0
2008-12-04,3.009650945663452,0.0
2008-12-05,2.92366099357605,0.0
2008-12-08,3.1265978813171387,0.0
2008-12-09,3.198828935623169,0.0
2008-12-10,3.3467319011688232,0.0
2008-12-11,3.2676210403442383,0.0
2008-12-12,3.04060697555542,0.0
2008-12-15,3.164433002471924,0.0
2008-12-16,3.171312093734741,0.0
2008-12-17,3.233225107192993,0.0
2008-12-18,3.271060943603516,0.0
2008-12-19,3.1919500827789307,0.0
2008-12-22,3.057805061340332,0.0
2008-12-23,2.992453098297119,0.0
2008-12-24,2.94429898262024,0.0
2008-12-25,2.92366099357605,0.0
2008-12-26,2.9202210903167725,0.0
2008-12-29,2.92366099357605,0.0
2008-12-30,3.0268490314483643,0.0
2008-12-31,3.002772092819214,0.0
2009-01-02,3.002772092819214,0.0
2009-01-05,3.0268490314483643,0.0
2009-01-06,3.0440471172332764,0.0
2009-01-07,3.0750041007995605,0.0
2009-01-08,2.8686270713806152,0.0
2009-01-09,2.813594102859497,0.0
2009-01-12,2.717284917831421,0.0
2009-01-13,2.820472955703736,0.0
2009-01-14,2.865187883377075,0.0
2009-01-15,2.669130086898804,0.0
2009-01-16,2.665690898895264,0.0
2009-01-19,2.672569990158081,0.0
2009-01-20,2.528106927871704,0.0
2009-01-21,2.6312949657440186,0.0
2009-02-02,2.545305013656616,0.0
2009-02-03,2.610656976699829,0.0
2009-02-04,2.607218027114868,0.0
2009-02-05,2.607218027114868,0.0
2009-02-06,2.717284917831421,0.0
2009-02-09,2.731043100357056,0.0
2009-02-10,2.751681089401245,0.0
2009-02-11,2.817033052444458,0.0
2009-02-12,2.665690898895264,0.0
2009-02-13,2.7860770225524902,0.0
2009-02-16,2.7241640090942383,0.0
2009-02-17,2.700087070465088,0.0
2009-02-18,2.768878936767578,0.0
2009-02-19,2.717284917831421,0.0
2009-02-20,2.6244161128997803,0.0
2009-02-23,2.6622509956359863,0.0
2009-02-24,2.620975971221924,0.0
2009-02-25,2.727603912353516,0.0
2009-02-26,2.751681089401245,0.0
2009-02-27,2.751681089401245,0.0
2009-03-02,2.607218027114868,0.0
2009-03-03,2.5177879333496094,0.0
2009-03-04,2.528106927871704,0.0
2009-03-05,2.703526973724365,0.0
2009-03-06,2.655371904373169,0.0
2009-03-09,2.620975971221924,0.0
2009-03-10,2.645052909851074,0.0
2009-03-11,2.686328887939453,0.0
2009-03-12,2.6312949657440186,0.0
2009-03-13,2.6932079792022705,0.0
2009-03-16,2.727603912353516,0.0
2009-03-17,2.765439033508301,0.0
2009-03-18,2.7551209926605225,0.0
2009-03-19,2.7860770225524902,0.0
2009-03-20,2.689768075942993,0.0
2009-03-23,2.751681089401245,0.0
2009-03-24,2.847990036010742,0.0
2009-03-25,2.820472955703736,0.0
2009-03-26,2.8376710414886475,0.0
2009-03-27,3.0337278842926025,0.0
2009-03-30,2.885824918746948,0.0
2009-03-31,2.8548688888549805,0.0
2009-04-02,3.054366111755371,0.0
2009-04-03,2.9855740070343018,0.0
2009-04-06,3.0268490314483643,0.0
2009-04-07,2.9786949157714844,0.0
2009-04-08,2.796396017074585,0.0
2009-04-09,2.896143913269043,0.0
2009-04-10,2.958056926727295,0.0
2009-04-13,3.0440471172332764,0.0
2009-04-14,3.0956408977508545,0.0
2009-04-15,3.08532190322876,0.0
2009-04-16,3.2985780239105225,0.0
2009-04-17,3.154114007949829,0.0
2009-04-20,3.2538630962371826,0.0
2009-04-21,3.2401039600372314,0.0
2009-04-22,3.198828935623169,0.0
2009-04-23,3.105959892272949,0.0
2009-04-24,3.0956408977508545,0.0
2009-04-27,2.9167819023132324,0.0
2009-04-28,2.851428985595703,0.0
2009-04-29,2.8686270713806152,0.0
2009-04-30,3.0681240558624268,0.0
2009-05-04,3.2813799381256104,0.0
2009-05-05,3.3020169734954834,0.0
2009-05-06,3.42240309715271,0.0
2009-05-07,3.322654962539673,0.0
2009-05-08,3.405205011367798,0.0
2009-05-11,3.62877893447876,0.0
2009-05-12,3.4911949634552,0.0
2009-05-13,3.5083930492401123,0.0
2009-05-14,3.377687931060791,0.0
2009-05-15,3.4327220916748047,0.0
2009-05-18,3.4911949634552,0.0
2009-05-19,3.62877893447876,0.0
2009-05-20,3.800759077072144,0.0
2009-05-21,3.8867499828338623,0.0
2009-05-22,3.817956924438477,0.0
2009-05-25,3.9039480686187744,0.0
2009-05-26,3.731966972351074,0.0
2009-05-27,3.852354049682617,0.0
2009-06-01,4.093125820159912,0.0
2009-06-02,4.041532039642334,0.0
2009-06-03,3.9211459159851074,0.0
2009-06-04,3.9039480686187744,0.0
2009-06-05,3.86955189704895,0.0
2009-06-08,3.783560991287232,0.0
2009-06-09,3.5255908966064453,0.0
2009-06-10,3.594383001327514,0.0
2009-06-11,3.6115810871124254,0.0
2009-06-12,3.5083930492401123,0.0
2009-06-15,3.5083930492401123,0.0
2009-06-16,3.456799030303955,0.0
2009-06-17,3.5771849155426025,0.0
2009-06-18,3.439600944519043,0.0
2009-06-19,3.5255908966064453,0.0
2009-06-22,3.5771849155426025,0.0
2009-06-23,3.4911949634552,0.0
2009-06-24,3.731966972351074,0.0
2009-06-25,3.731966972351074,0.0
2009-06-26,3.697571039199829,0.0
2009-06-29,3.663175106048584,0.0
2009-06-30,3.783560991287232,0.0
2009-07-01,3.835155963897705,0.0
2009-07-02,3.86955189704895,0.0
2009-07-03,4.127521991729736,0.0
2009-07-06,3.9727399349212646,0.0
2009-07-07,3.955542087554932,0.0
2009-07-08,3.9727399349212646,0.0
2009-07-09,3.9899380207061768,0.0
2009-07-10,4.00713586807251,0.0
2009-07-13,3.783560991287232,0.0
2009-07-14,3.800759077072144,0.0
2009-07-15,3.9039480686187744,0.0
2009-07-16,3.8867499828338623,0.0
2009-07-17,3.9039480686187744,0.0
2009-07-20,3.955542087554932,0.0
2009-07-21,3.9727399349212646,0.0
2009-07-22,3.9899380207061768,0.0
2009-07-23,3.955542087554932,0.0
2009-07-24,3.955542087554932,0.0
2009-07-27,3.955542087554932,0.0
2009-07-28,3.955542087554932,0.0
2009-07-29,3.955542087554932,0.0
2009-07-30,3.9211459159851074,0.0
2009-07-31,3.93834400177002,0.0
2009-08-03,3.955542087554932,0.0
2009-08-04,3.9039480686187744,0.0
2009-08-05,3.800759077072144,0.0
2009-08-06,3.835155963897705,0.0
2009-08-07,3.950210094451904,0.0
2009-08-10,3.835155963897705,0.0
2009-08-11,3.852354049682617,0.0
2009-08-12,3.783560991287232,0.0
2009-08-13,3.950210094451904,0.0
2009-08-14,3.967924118041992,0.0
2009-08-17,3.861639976501465,0.0
2009-08-18,3.773071050643921,0.0
2009-08-19,3.755357027053833,0.0
2009-08-20,3.719928979873657,0.0
2009-08-21,3.6667869091033936,0.0
2009-08-24,3.755357027053833,0.0
2009-08-25,3.719928979873657,0.0
2009-08-26,3.6490728855133057,0.0
2009-08-27,3.613645076751709,0.0
2009-08-28,3.719928979873657,0.0
2009-08-31,3.613645076751709,0.0
2009-09-01,3.719928979873657,0.0
2009-09-02,3.8084990978240967,0.0
2009-09-03,3.8262128829956055,0.0
2009-09-04,3.843925952911377,0.0
2009-09-07,3.8793540000915527,0.0
2009-09-08,3.8970680236816406,0.0
2009-09-09,3.950210094451904,0.0
2009-09-10,4.056494235992432,0.0
2009-09-11,4.109635829925537,0.0
2009-09-14,4.074207782745361,0.0
2009-09-15,4.091921806335449,0.0
2009-09-16,4.127349853515625,0.0
2009-09-17,4.19820499420166,0.0
2009-09-18,4.233633041381836,0.0
2009-09-21,4.19820499420166,0.0
2009-09-22,4.19820499420166,0.0
2009-09-23,4.074207782745361,0.0
2009-09-24,4.038780212402344,0.0
2009-09-25,4.304489135742188,0.0
2009-09-28,4.357631206512451,0.0
2009-09-29,4.587912082672119,0.0
2009-09-30,4.747337818145752,0.0
2009-10-01,4.853621959686279,0.0
2009-10-02,4.853621959686279,0.0
2009-10-05,4.800479888916016,0.0
2009-10-06,4.782765865325928,0.0
2009-10-07,4.835907936096191,0.0
2009-10-08,4.782765865325928,0.0
2009-10-09,4.889049053192139,0.0
2009-10-12,4.871335983276367,0.0
2009-10-13,4.782765865325928,0.0
2009-10-14,4.906763076782227,0.0
2009-10-15,5.137044906616211,0.0
2009-10-16,5.119330883026123,0.0
2009-10-19,5.083902835845947,0.0
2009-10-20,5.2964701652526855,0.0
2009-10-21,5.101616859436035,0.0
2009-10-22,4.942191123962402,0.0
2009-10-23,5.013047218322754,0.0
2009-10-26,5.013047218322754,0.0
2009-10-27,4.9244771003723145,0.0
2009-10-28,4.818193912506104,0.0
2009-10-29,4.587912082672119,0.0
2009-10-30,4.570198059082031,0.0
2009-11-02,4.46391487121582,0.0
2009-11-03,4.534770965576172,0.0
2009-11-04,4.835907936096191,0.0
2009-11-05,4.906763076782227,0.0
2009-11-06,4.871335983276367,0.0
2009-11-09,5.066188812255859,0.0
2009-11-10,4.942191123962402,0.0
2009-11-11,5.030760765075684,0.0
2009-11-12,5.030760765075684,0.0
2009-11-13,5.030760765075684,0.0
2009-11-16,5.083902835845947,0.0
2009-11-17,4.95990514755249,0.0
2009-11-18,4.853621959686279,0.0
2009-11-19,4.800479888916016,0.0
2009-11-20,4.711909770965576,0.0
2009-11-23,4.800479888916016,0.0
2009-11-24,4.818193912506104,0.0
2009-11-25,4.871335983276367,0.0
2009-11-26,4.853621959686279,0.0
2009-11-27,4.534770965576172,0.0
2009-11-30,4.499342918395996,0.0
2009-12-01,4.729623794555664,0.0
2009-12-02,4.676482200622559,0.0
2009-12-03,4.658768177032471,0.0
2009-12-04,4.623340129852295,0.0
2009-12-07,4.729623794555664,0.0
2009-12-08,4.729623794555664,0.0
2009-12-09,4.658768177032471,0.0
2009-12-10,4.605626106262207,0.0
2009-12-11,4.605626106262207,0.0
2009-12-14,4.641054153442383,0.0
2009-12-15,4.623340129852295,0.0
2009-12-16,4.570198059082031,0.0
2009-12-17,4.534770965576172,0.0
2009-12-18,4.499342918395996,0.0
2009-12-21,4.517056941986084,0.0
2009-12-22,4.605626106262207,0.0
2009-12-23,4.641054153442383,0.0
2009-12-24,4.587912082672119,0.0
2009-12-25,4.623340129852295,0.0
2009-12-28,4.711909770965576,0.0
2009-12-29,4.658768177032471,0.0
2009-12-30,4.676482200622559,0.0
2009-12-31,4.729623794555664,0.0
2010-01-04,4.729623794555664,0.0
2010-01-05,4.711909770965576,0.0
2010-01-06,4.782765865325928,0.0
2010-01-07,4.835907936096191,0.0
2010-01-08,4.906763076782227,0.0
2010-01-11,4.871335983276367,0.0
2010-01-12,4.818193912506104,0.0
2010-01-13,4.729623794555664,0.0
2010-01-14,4.747337818145752,0.0
2010-01-15,4.782765865325928,0.0
2010-01-18,4.747337818145752,0.0
2010-01-19,4.711909770965576,0.0
2010-01-20,4.641054153442383,0.0
2010-01-21,4.552484035491943,0.0
2010-01-22,4.46391487121582,0.0
2010-01-25,4.446200847625732,0.0
2010-01-26,4.304489135742188,0.0
2010-01-27,4.251347064971924,0.0
2010-01-28,4.2867751121521,0.0
2010-01-29,4.251347064971924,0.0
2010-02-01,4.215919017791748,0.0
2010-02-02,4.162777900695801,0.0
2010-02-03,4.233633041381836,0.0
2010-02-04,4.180491924285889,0.0
2010-02-05,3.914782047271729,0.0
2010-02-08,3.950210094451904,0.0
2010-02-09,4.091921806335449,0.0
2010-02-10,4.145063877105713,0.0
2010-02-22,4.269061088562012,0.0
2010-02-23,4.2867751121521,0.0
2010-02-24,4.251347064971924,0.0
2010-02-25,4.162777900695801,0.0
2010-02-26,4.215919017791748,0.0
2010-03-01,4.269061088562012,0.0
2010-03-02,4.269061088562012,0.0
2010-03-03,4.304489135742188,0.0
2010-03-04,4.180491924285889,0.0
2010-03-05,4.215919017791748,0.0
2010-03-08,4.2867751121521,0.0
2010-03-09,4.251347064971924,0.0
2010-03-10,4.446200847625732,0.0
2010-03-11,4.446200847625732,0.0
2010-03-12,4.410772800445557,0.0
2010-03-15,4.410772800445557,0.0
2010-03-16,4.534770965576172,0.0
2010-03-17,4.587912082672119,0.0
2010-03-18,4.587912082672119,0.0
2010-03-19,4.605626106262207,0.0
2010-03-22,4.534770965576172,0.0
2010-03-23,4.711909770965576,0.0
2010-03-24,4.676482200622559,0.0
2010-03-25,4.605626106262207,0.0
2010-03-26,4.605626106262207,0.0
2010-03-29,4.641054153442383,0.0
2010-03-30,4.694196224212647,0.0
2010-03-31,4.552484035491943,0.0
2010-04-01,4.641054153442383,0.0
2010-04-02,4.694196224212647,0.0
2010-04-06,4.747337818145752,0.0
2010-04-07,4.818193912506104,0.0
2010-04-08,4.871335983276367,0.0
2010-04-09,4.9244771003723145,0.0
2010-04-12,4.906763076782227,0.0
2010-04-13,4.782765865325928,0.0
2010-04-14,4.853621959686279,0.0
2010-04-15,4.871335983276367,0.0
2010-04-16,4.853621959686279,0.0
2010-04-19,4.747337818145752,0.0
2010-04-20,4.711909770965576,0.0
2010-04-21,4.76505184173584,0.0
2010-04-22,4.747337818145752,0.0
2010-04-23,4.76505184173584,0.0
2010-04-26,4.906763076782227,0.0
2010-04-27,4.9244771003723145,0.0
2010-04-28,4.818193912506104,0.0
2010-04-29,4.818193912506104,0.0
2010-04-30,4.95990514755249,0.0
2010-05-03,4.782765865325928,0.0
2010-05-04,4.835907936096191,0.0
2010-05-05,4.694196224212647,0.0
2010-05-06,4.711909770965576,0.0
2010-05-07,4.676482200622559,0.0
2010-05-10,4.729623794555664,0.0
2010-05-11,4.676482200622559,0.0
2010-05-12,4.694196224212647,0.0
2010-05-13,4.853621959686279,0.0
2010-05-14,4.942191123962402,0.0
2010-05-17,4.800479888916016,0.0
2010-05-18,4.800479888916016,0.0
2010-05-19,4.76505184173584,0.0
2010-05-20,4.676482200622559,0.0
2010-05-21,4.552484035491943,0.0
2010-05-24,4.552484035491943,0.0
2010-05-25,4.251347064971924,0.0
2010-05-26,4.4284868240356445,0.0
2010-05-27,4.446200847625732,0.0
2010-05-28,4.46391487121582,0.0
2010-05-31,4.534770965576172,0.0
2010-06-01,4.446200847625732,0.0
2010-06-02,4.4284868240356445,0.0
2010-06-03,4.517056941986084,0.0
2010-06-04,4.499342918395996,0.0
2010-06-07,4.322203159332275,0.0
2010-06-08,4.410772800445557,0.0
2010-06-09,4.357631206512451,0.0
2010-06-10,4.517056941986084,0.0
2010-06-11,4.552484035491943,0.0
2010-06-14,4.587912082672119,0.0
2010-06-15,4.694196224212647,0.0
2010-06-17,4.747337818145752,0.0
2010-06-18,4.76505184173584,0.0
2010-06-21,4.818193912506104,0.0
2010-06-22,4.800479888916016,0.0
2010-06-23,4.76505184173584,0.0
2010-06-24,4.76505184173584,0.0
2010-06-25,4.818193912506104,0.0
2010-06-28,4.871335983276367,0.0
2010-06-29,4.76505184173584,0.0
2010-06-30,4.658768177032471,0.0
2010-07-01,4.676482200622559,0.0
2010-07-02,4.906763076782227,0.0
2010-07-05,5.013047218322754,0.0
2010-07-06,5.154758930206299,0.0
2010-07-07,5.083902835845947,0.0
2010-07-08,5.154758930206299,0.0
2010-07-09,5.137044906616211,0.0
2010-07-12,5.083902835845947,0.0
2010-07-13,5.083902835845947,0.0
2010-07-14,5.172472953796387,0.0
2010-07-15,5.243328094482422,0.0
2010-07-16,5.278756141662598,0.0
2010-07-19,5.331898212432861,0.0
2010-07-20,5.314184188842773,0.0
2010-07-21,5.243328094482422,0.0
2010-07-22,5.172472953796387,0.0
2010-07-23,5.243328094482422,0.0
2010-07-26,5.26104211807251,0.0
2010-07-27,5.190186977386475,0.0
2010-07-28,5.2964701652526855,0.0
2010-07-29,5.314184188842773,0.0
2010-07-30,5.26104211807251,0.0
2010-08-02,5.385039806365967,0.0
2010-08-03,5.420467853546143,0.0
2010-08-04,5.438181877136231,0.0
2010-08-05,5.402753829956055,0.0
2010-08-06,5.455895900726318,0.0
2010-08-09,5.544466018676758,0.0
2010-08-10,5.455895900726318,0.0
2010-08-11,5.420467853546143,0.0
2010-08-12,5.367325782775879,0.0
2010-08-13,5.402753829956055,0.0
2010-08-16,5.367325782775879,0.0
2010-08-17,5.349612236022949,0.0
2010-08-18,5.314184188842773,0.0
2010-08-19,5.138741970062256,0.070449
2010-08-20,5.138741970062256,0.0
2010-08-23,5.249252796173096,0.0
2010-08-24,5.193997859954834,0.0
2010-08-25,5.065069198608398,0.0
2010-08-26,5.138741970062256,0.0
2010-08-27,5.230834007263184,0.0
2010-08-30,5.230834007263184,0.0
2010-08-31,5.286089897155762,0.0
2010-09-01,5.304508209228516,0.0
2010-09-02,5.470273971557617,0.0
2010-09-03,5.525528907775879,0.0
2010-09-06,5.507111072540283,0.0
2010-09-07,5.507111072540283,0.0
2010-09-08,5.525528907775879,0.0
2010-09-09,5.525528907775879,0.0
2010-09-10,5.617621898651123,0.0
2010-09-13,5.8018059730529785,0.0
2010-09-14,5.893898010253906,0.0
2010-09-15,5.967572212219238,0.0
2010-09-16,5.85706090927124,0.0
2010-09-17,5.8386430740356445,0.0
2010-09-20,5.875480175018311,0.0
2010-09-21,6.004408836364746,0.0
2010-09-23,6.004408836364746,0.0
2010-09-24,6.059663772583008,0.0
2010-09-27,6.13333797454834,0.0
2010-09-28,6.059663772583008,0.0
2010-09-29,6.041245937347412,0.0
2010-09-30,5.967572212219238,0.0
2010-10-01,5.949152946472168,0.0
2010-10-04,5.949152946472168,0.0
2010-10-05,5.893898010253906,0.0
2010-10-06,6.004408836364746,0.0
2010-10-07,5.985990047454834,0.0
2010-10-08,6.004408836364746,0.0
2010-10-11,5.912315845489502,0.0
2010-10-12,5.8018059730529785,0.0
2010-10-13,5.893898010253906,0.0
2010-10-14,5.930735111236572,0.0
2010-10-15,5.967572212219238,0.0
2010-10-18,5.8386430740356445,0.0
2010-10-19,5.709713935852051,0.0
2010-10-20,5.691295146942139,0.0
2010-10-21,5.691295146942139,0.0
2010-10-22,5.783387184143066,0.0
2010-10-25,5.875480175018311,0.0
2010-10-26,5.893898010253906,0.0
2010-10-27,5.85706090927124,0.0
2010-10-28,5.8386430740356445,0.0
2010-10-29,5.8018059730529785,0.0
2010-11-01,5.893898010253906,0.0
2010-11-02,5.930735111236572,0.0
2010-11-03,5.875480175018311,0.0
2010-11-04,5.893898010253906,0.0
2010-11-05,5.930735111236572,0.0
2010-11-08,5.949152946472168,0.0
2010-11-09,5.967572212219238,0.0
2010-11-10,5.967572212219238,0.0
2010-11-11,5.949152946472168,0.0
2010-11-12,5.985990047454834,0.0
2010-11-15,5.949152946472168,0.0
2010-11-16,5.930735111236572,0.0
2010-11-17,5.8386430740356445,0.0
2010-11-18,5.8018059730529785,0.0
2010-11-19,5.691295146942139,0.0
2010-11-22,5.820223808288574,0.0
2010-11-23,5.728131771087647,0.0
2010-11-24,5.7649688720703125,0.0
2010-11-25,5.820223808288574,0.0
2010-11-26,5.783387184143066,0.0
2010-11-29,5.893898010253906,0.0
2010-11-30,5.7649688720703125,0.0
2010-12-01,6.0228271484375,0.0
2010-12-02,6.409614086151123,0.0
2010-12-03,6.464869022369385,0.0
2010-12-06,6.556962013244629,0.0
2010-12-07,6.593799114227295,0.0
2010-12-08,6.556962013244629,0.0
2010-12-09,6.7227277755737305,0.0
2010-12-10,6.575379848480225,0.0
2010-12-13,6.667471885681152,0.0
2010-12-14,6.630634784698486,0.0
2010-12-15,6.556962013244629,0.0
2010-12-16,6.685891151428223,0.0
2010-12-17,6.741146087646484,0.0
2010-12-20,6.704308986663818,0.0
2010-12-21,6.7227277755737305,0.0
2010-12-22,6.796401023864746,0.0
2010-12-23,6.796401023864746,0.0
2010-12-24,6.77798318862915,0.0
2010-12-27,7.14635181427002,0.0
2010-12-28,7.14635181427002,0.0
2010-12-29,7.51471996307373,0.0
2010-12-30,7.367372989654541,0.0
2010-12-31,7.385790824890137,0.0
2011-01-03,7.367372989654541,0.0
2011-01-04,7.220025062561035,0.0
2011-01-05,6.906911849975586,0.0
2011-01-06,7.220025062561035,0.0
2011-01-07,7.14635181427002,0.0
2011-01-10,7.03584098815918,0.0
2011-01-11,7.072678089141846,0.0
2011-01-12,7.348954200744629,0.0
2011-01-13,7.238443851470947,0.0
2011-01-14,7.385790824890137,0.0
2011-01-17,7.312117099761963,0.0
2011-01-18,7.367372989654541,0.0
2011-01-19,7.441046237945557,0.0
2011-01-20,7.385790824890137,0.0
2011-01-21,7.312117099761963,0.0
2011-01-24,7.293698787689209,0.0
2011-01-25,7.348954200744629,0.0
2011-01-26,7.275280952453613,0.0
2011-01-27,7.275280952453613,0.0
2011-01-28,7.312117099761963,0.0
2011-02-08,7.385790824890137,0.0
2011-02-09,7.220025062561035,0.0
2011-02-10,6.7227277755737305,0.0
2011-02-11,6.77798318862915,0.0
2011-02-14,6.814819812774658,0.0
2011-02-15,6.7227277755737305,0.0
2011-02-16,6.685891151428223,0.0
2011-02-17,6.704308986663818,0.0
2011-02-18,7.164770126342773,0.0
2011-02-21,7.109515190124512,0.0
2011-02-22,6.92533016204834,0.0
2011-02-23,6.851656913757324,0.0
2011-02-24,6.77798318862915,0.0
2011-02-25,6.704308986663818,0.0
2011-03-01,6.906911849975586,0.0
2011-03-02,6.630634784698486,0.0
2011-03-03,6.741146087646484,0.0
2011-03-04,6.870075225830078,0.0
2011-03-07,6.870075225830078,0.0
2011-03-08,6.851656913757324,0.0
2011-03-09,6.75956392288208,0.0
2011-03-10,6.630634784698486,0.0
2011-03-11,6.593799114227295,0.0
2011-03-14,6.501706123352051,0.0
2011-03-15,6.2991042137146,0.0
2011-03-16,6.2991042137146,0.0
2011-03-17,6.262267112731934,0.0
2011-03-18,6.207011222839356,0.0
2011-03-21,6.391195774078369,0.0
2011-03-22,6.538543224334717,0.0
2011-03-23,6.575379848480225,0.0
2011-03-24,6.741146087646484,0.0
2011-03-25,6.7227277755737305,0.0
2011-03-28,6.685891151428223,0.0
2011-03-29,6.741146087646484,0.0
2011-03-30,6.851656913757324,0.0
2011-03-31,6.814819812774658,0.0
2011-04-01,6.906911849975586,0.0
2011-04-06,6.999003887176514,0.0
2011-04-07,6.999003887176514,0.0
2011-04-08,7.017422199249268,0.0
2011-04-11,6.999003887176514,0.0
2011-04-12,6.962166786193848,0.0
2011-04-13,6.980586051940918,0.0
2011-04-14,6.999003887176514,0.0
2011-04-15,6.851656913757324,0.0
2011-04-18,6.851656913757324,0.0
2011-04-19,6.649054050445557,0.0
2011-04-20,6.906911849975586,0.0
2011-04-21,7.220025062561035,0.0
2011-04-22,7.183187961578369,0.0
2011-04-25,7.293698787689209,0.0
2011-04-26,7.238443851470947,0.0
2011-04-27,7.385790824890137,0.0
2011-04-28,7.51471996307373,0.0
2011-04-29,7.477882862091064,0.0
2011-05-03,7.51471996307373,0.0
2011-05-04,7.477882862091064,0.0
2011-05-05,7.643649101257324,0.0
2011-05-06,7.5883941650390625,0.0
2011-05-09,7.754159927368164,0.0
2011-05-10,7.735741138458252,0.0
2011-05-11,7.993598937988281,0.0
2011-05-12,7.919926166534424,0.0
2011-05-13,7.975181102752685,0.0
2011-05-16,7.717322826385498,0.0
2011-05-17,7.9383440017700195,0.0
2011-05-18,7.809414863586426,0.0
2011-05-19,7.827834129333496,0.0
2011-05-20,7.717322826385498,0.0
2011-05-23,7.993598937988281,0.0
2011-05-24,8.012018203735352,0.0
2011-05-25,7.864669799804687,0.0
2011-05-26,7.864669799804687,0.0
2011-05-27,7.827834129333496,0.0
2011-05-30,7.698904991149902,0.0
2011-05-31,7.77257776260376,0.0
2011-06-01,7.717322826385498,0.0
2011-06-02,7.698904991149902,0.0
2011-06-03,7.735741138458252,0.0
2011-06-07,7.68048620223999,0.0
2011-06-08,7.459465026855469,0.0
2011-06-09,7.441046237945557,0.0
2011-06-10,7.367372989654541,0.0
2011-06-13,7.293698787689209,0.0
2011-06-14,7.477882862091064,0.0
2011-06-15,7.496302127838135,0.0
2011-06-16,7.51471996307373,0.0
2011-06-17,7.477882862091064,0.0
2011-06-20,7.533139228820801,0.0
2011-06-21,7.533139228820801,0.0
2011-06-22,7.5515570640563965,0.0
2011-06-23,7.5515570640563965,0.0
2011-06-24,7.5515570640563965,0.0
2011-06-27,7.533139228820801,0.0
2011-06-28,7.51471996307373,0.0
2011-06-29,7.5883941650390625,0.0
2011-06-30,7.51471996307373,0.0
2011-07-01,7.569974899291992,0.0
2011-07-04,7.5515570640563965,0.0
2011-07-05,7.422627925872803,0.0
2011-07-06,7.533139228820801,0.0
2011-07-07,7.441046237945557,0.0
2011-07-08,7.330535888671875,0.0
2011-07-11,7.441046237945557,0.0
2011-07-12,7.348954200744629,0.0
2011-07-13,7.51471996307373,0.0
2011-07-14,7.496302127838135,0.0
2011-07-15,7.533139228820801,0.0
2011-07-18,7.62523078918457,0.0
2011-07-19,7.51471996307373,0.0
2011-07-20,7.62523078918457,0.0
2011-07-21,7.68048620223999,0.0
2011-07-22,7.68048620223999,0.0
2011-07-25,7.717322826385498,0.0
2011-07-26,7.735741138458252,0.0
2011-07-27,7.735741138458252,0.0
2011-07-28,7.717322826385498,0.0
2011-07-29,7.348954200744629,0.0
2011-08-01,7.477882862091064,0.0
2011-08-02,7.348954200744629,0.0
2011-08-03,7.220025062561035,0.0
2011-08-04,7.20160722732544,0.0
2011-08-05,6.906911849975586,0.0
2011-08-08,6.833238124847412,0.0
2011-08-09,6.833238124847412,0.0
2011-08-10,6.999003887176514,0.0
2011-08-11,6.906911849975586,0.0
2011-08-12,6.649054050445557,0.0
2011-08-15,6.833238124847412,0.0
2011-08-16,6.814819812774658,0.0
2011-08-17,6.857565879821777,0.0
2011-08-18,6.745145797729492,0.0
2011-08-19,6.557781219482422,0.0
2011-08-22,6.557781219482422,0.0
2011-08-23,6.988720893859863,0.0
2011-08-24,6.9512481689453125,0.0
2011-08-25,6.696056842803955,0.074946
2011-08-26,6.716104984283447,0.0
2011-08-29,6.73615312576294,0.0
2011-08-30,6.776248931884766,0.0
2011-08-31,6.796297073364258,0.0
2011-09-01,7.036873817443848,0.0
2011-09-02,7.2373552322387695,0.0
2011-09-05,6.776248931884766,0.0
2011-09-06,6.495575904846191,0.0
2011-09-07,6.435431957244873,0.0
2011-09-08,6.535672187805176,0.0
2011-09-09,6.415383815765381,0.0
2011-09-13,6.074565887451172,0.0
2011-09-14,5.874085903167725,0.0
2011-09-15,5.833990097045898,0.0
2011-09-16,6.054518222808838,0.0
2011-09-19,5.934229850769043,0.0
2011-09-20,5.954277992248535,0.0
2011-09-21,6.0144219398498535,0.0
2011-09-22,5.833990097045898,0.0
2011-09-23,5.533267974853516,0.0
2011-09-26,5.433028221130371,0.0
2011-09-27,5.733748912811279,0.0
2011-09-28,5.974326133728027,0.0
2011-09-29,6.034470081329346,0.0
2011-09-30,6.054518222808838,0.0
2011-10-03,5.833990097045898,0.0
2011-10-04,6.0144219398498535,0.0
2011-10-05,6.034470081329346,0.0
2011-10-06,5.934229850769043,0.0
2011-10-07,6.174807071685791,0.0
2011-10-11,6.275046825408936,0.0
2011-10-12,6.074565887451172,0.0
2011-10-13,6.0946149826049805,0.0
2011-10-14,5.934229850769043,0.0
2011-10-17,5.894134044647217,0.0
2011-10-18,5.753797054290772,0.0
2011-10-19,5.693653106689453,0.0
2011-10-20,5.533267974853516,0.0
2011-10-21,5.653556823730469,0.0
2011-10-24,5.874085903167725,0.0
2011-10-25,5.894134044647217,0.0
2011-10-26,5.914182186126709,0.0
2011-10-27,5.934229850769043,0.0
2011-10-28,6.074565887451172,0.0
2011-10-31,6.034470081329346,0.0
2011-11-01,6.034470081329346,0.0
2011-11-02,5.833990097045898,0.0
2011-11-03,5.613461017608643,0.0
2011-11-04,5.793892860412598,0.0
2011-11-07,5.773845195770264,0.0
2011-11-08,5.713700771331787,0.0
2011-11-09,5.693653106689453,0.0
2011-11-10,5.513219833374023,0.0
2011-11-11,5.553316116333008,0.0
2011-11-14,5.613461017608643,0.0
2011-11-15,5.573365211486816,0.0
2011-11-16,5.533267974853516,0.0
2011-11-17,5.573365211486816,0.0
2011-11-18,5.473124027252197,0.0
2011-11-21,5.412980079650879,0.0
2011-11-22,5.392931938171387,0.0
2011-11-23,5.132307052612305,0.0
2011-11-24,5.232546806335449,0.0
2011-11-25,5.09221076965332,0.0
2011-11-28,5.012018203735352,0.0
2011-11-29,5.09221076965332,0.0
2011-11-30,5.052114963531494,0.0
2011-12-01,5.3528361320495605,0.0
2011-12-02,5.272643089294434,0.0
2011-12-05,5.232546806335449,0.0
2011-12-06,5.09221076965332,0.0
2011-12-07,5.212499141693115,0.0
2011-12-08,5.212499141693115,0.0
2011-12-09,5.192451000213623,0.0
2011-12-12,5.312739849090576,0.0
2011-12-13,5.232546806335449,0.0
2011-12-14,5.332787990570068,0.0
2011-12-15,5.152355194091797,0.0
2011-12-16,5.192451000213623,0.0
2011-12-19,5.032066822052002,0.0
2011-12-20,4.811538219451904,0.0
2011-12-21,5.132307052612305,0.0
2011-12-22,5.132307052612305,0.0
2011-12-23,5.272643089294434,0.0
2011-12-26,5.172402858734131,0.0
2011-12-27,5.252594947814941,0.0
2011-12-28,5.292691230773926,0.0
2011-12-29,5.272643089294434,0.0
2011-12-30,5.232546806335449,0.0
2012-01-02,5.152355194091797,0.0
2012-01-03,5.312739849090576,0.0
2012-01-04,5.312739849090576,0.0
2012-01-05,5.252594947814941,0.0
2012-01-06,5.172402858734131,0.0
2012-01-09,5.212499141693115,0.0
2012-01-10,5.272643089294434,0.0
2012-01-11,5.252594947814941,0.0
2012-01-12,5.292691230773926,0.0
2012-01-13,5.292691230773926,0.0
2012-01-16,5.172402858734131,0.0
2012-01-17,5.192451000213623,0.0
2012-01-18,5.09221076965332,0.0
2012-01-30,5.212499141693115,0.0
2012-01-31,5.573365211486816,0.0
2012-02-01,5.874085903167725,0.0
2012-02-02,6.0144219398498535,0.0
2012-02-03,6.034470081329346,0.0
2012-02-06,6.174807071685791,0.0
2012-02-07,6.154758930206299,0.0
2012-02-08,6.174807071685791,0.0
2012-02-09,6.214902877807617,0.0
2012-02-10,6.154758930206299,0.0
2012-02-13,6.134710788726807,0.0
2012-02-14,6.034470081329346,0.0
2012-02-15,6.234951019287109,0.0
2012-02-16,6.0946149826049805,0.0
2012-02-17,6.0946149826049805,0.0
2012-02-20,6.134710788726807,0.0
2012-02-21,5.994373798370361,0.0
2012-02-22,6.134710788726807,0.0
2012-02-23,6.0946149826049805,0.0
2012-02-24,6.275046825408936,0.0
2012-02-29,6.455480098724365,0.0
2012-03-01,6.455480098724365,0.0
2012-03-02,6.455480098724365,0.0
2012-03-05,6.194855213165283,0.0
2012-03-06,6.194855213165283,0.0
2012-03-07,6.234951019287109,0.0
2012-03-08,6.415383815765381,0.0
2012-03-09,6.355238914489746,0.0
2012-03-12,6.435431957244873,0.0
2012-03-13,6.876489162445068,0.0
2012-03-14,6.796297073364258,0.0
2012-03-15,6.81634521484375,0.0
2012-03-16,6.81634521484375,0.0
2012-03-19,6.776248931884766,0.0
2012-03-20,6.655961036682129,0.0
2012-03-21,6.696056842803955,0.0
2012-03-22,6.856441020965576,0.0
2012-03-23,6.896537780761719,0.0
2012-03-26,6.716104984283447,0.0
2012-03-27,6.696056842803955,0.0
2012-03-28,6.635912895202637,0.0
2012-03-29,6.355238914489746,0.0
2012-03-30,6.495575904846191,0.0
2012-04-02,6.375288009643555,0.0
2012-04-03,6.234951019287109,0.0
2012-04-05,6.0144219398498535,0.0
2012-04-06,5.994373798370361,0.0
2012-04-09,5.914182186126709,0.0
2012-04-10,6.054518222808838,0.0
2012-04-11,6.034470081329346,0.0
2012-04-12,6.054518222808838,0.0
2012-04-13,6.174807071685791,0.0
2012-04-16,6.174807071685791,0.0
2012-04-17,6.074565887451172,0.0
2012-04-18,6.275046825408936,0.0
2012-04-19,6.435431957244873,0.0
2012-04-20,6.355238914489746,0.0
2012-04-23,6.415383815765381,0.0
2012-04-24,6.335190773010254,0.0
2012-04-25,6.395336151123047,0.0
2012-04-26,6.31514310836792,0.0
2012-04-27,6.114663124084473,0.0
2012-04-30,6.214902877807617,0.0
2012-05-02,6.415383815765381,0.0
2012-05-03,6.295094966888428,0.0
2012-05-04,6.335190773010254,0.0
2012-05-07,6.114663124084473,0.0
2012-05-08,6.134710788726807,0.0
2012-05-09,6.0946149826049805,0.0
2012-05-10,6.254999160766602,0.0
2012-05-11,6.134710788726807,0.0
2012-05-14,6.214902877807617,0.0
2012-05-15,6.134710788726807,0.0
2012-05-16,5.733748912811279,0.0
2012-05-17,5.974326133728027,0.0
2012-05-18,5.833990097045898,0.0
2012-05-21,5.854037761688232,0.0
2012-05-22,5.994373798370361,0.0
2012-05-23,5.833990097045898,0.0
2012-05-24,5.914182186126709,0.0
2012-05-25,5.81394100189209,0.0
2012-05-28,5.894134044647217,0.0
2012-05-29,6.034470081329346,0.0
2012-05-30,6.034470081329346,0.0
2012-05-31,6.0144219398498535,0.0
2012-06-01,5.81394100189209,0.0
2012-06-04,5.453075885772705,0.0
2012-06-05,5.613461017608643,0.0
2012-06-06,5.613461017608643,0.0
2012-06-07,5.59341287612915,0.0
2012-06-08,5.653556823730469,0.0
2012-06-11,5.833990097045898,0.0
2012-06-12,5.793892860412598,0.0
2012-06-13,5.954277992248535,0.0
2012-06-14,5.954277992248535,0.0
2012-06-15,6.0946149826049805,0.0
2012-06-18,6.275046825408936,0.0
2012-06-19,6.154758930206299,0.0
2012-06-20,6.234951019287109,0.0
2012-06-21,6.134710788726807,0.0
2012-06-22,6.0144219398498535,0.0
2012-06-25,5.914182186126709,0.0
2012-06-26,6.074565887451172,0.0
2012-06-27,6.0946149826049805,0.0
2012-06-28,6.114663124084473,0.0
2012-06-29,6.134710788726807,0.0
2012-07-02,6.214902877807617,0.0
2012-07-03,6.254999160766602,0.0
2012-07-04,6.535672187805176,0.0
2012-07-05,6.455480098724365,0.0
2012-07-06,6.415383815765381,0.0
2012-07-09,6.535672187805176,0.0
2012-07-10,6.495575904846191,0.0
2012-07-11,6.655961036682129,0.0
2012-07-12,6.435431957244873,0.0
2012-07-13,6.234951019287109,0.0
2012-07-16,6.214902877807617,0.0
2012-07-17,6.295094966888428,0.0
2012-07-18,6.275046825408936,0.0
2012-07-19,6.295094966888428,0.0
2012-07-20,6.31514310836792,0.0
2012-07-23,6.174807071685791,0.0
2012-07-24,6.154758930206299,0.0
2012-07-25,6.254999160766602,0.0
2012-07-26,6.254999160766602,0.0
2012-07-27,6.495575904846191,0.0
2012-07-30,6.595816135406494,0.0
2012-07-31,6.595816135406494,0.0
2012-08-01,6.575767993927002,0.0
2012-08-02,6.575767993927002,0.0
2012-08-03,6.495575904846191,0.0
2012-08-06,6.716104984283447,0.0
2012-08-07,6.73615312576294,0.0
2012-08-08,6.655961036682129,0.0
2012-08-09,6.756200790405273,0.0
2012-08-10,6.81634521484375,0.0
2012-08-13,6.756200790405273,0.0
2012-08-14,6.81634521484375,0.0
2012-08-15,6.776248931884766,0.0
2012-08-16,6.60984992980957,0.076374
2012-08-17,6.673000812530518,0.0
2012-08-20,6.715102195739746,0.0
2012-08-21,6.82035493850708,0.0
2012-08-22,6.967708110809326,0.0
2012-08-23,7.136112213134766,0.0
2012-08-24,7.07296085357666,0.0
2012-08-27,7.051909923553467,0.0
2012-08-28,6.946658134460449,0.0
2012-08-29,6.946658134460449,0.0
2012-08-30,6.98875904083252,0.0
2012-08-31,7.03085994720459,0.0
2012-09-03,7.094010829925537,0.0
2012-09-04,7.051909923553467,0.0
2012-09-05,6.904557228088379,0.0
2012-09-06,6.925607204437256,0.0
2012-09-07,7.051909923553467,0.0
2012-09-10,7.051909923553467,0.0
2012-09-11,7.0098090171813965,0.0
2012-09-12,7.07296085357666,0.0
2012-09-13,7.136112213134766,0.0
2012-09-14,7.304515838623047,0.0
2012-09-17,7.262414932250977,0.0
2012-09-18,7.157163143157959,0.0
2012-09-19,7.157163143157959,0.0
2012-09-20,7.051909923553467,0.0
2012-09-21,6.98875904083252,0.0
2012-09-24,6.925607204437256,0.0
2012-09-25,7.03085994720459,0.0
2012-09-26,7.0098090171813965,0.0
2012-09-27,6.967708110809326,0.0
2012-09-28,6.98875904083252,0.0
2012-10-01,6.904557228088379,0.0
2012-10-02,6.925607204437256,0.0
2012-10-03,6.841404914855957,0.0
2012-10-04,6.86245584487915,0.0
2012-10-05,6.883505821228027,0.0
2012-10-08,6.86245584487915,0.0
2012-10-09,6.904557228088379,0.0
2012-10-11,6.694052219390869,0.0
2012-10-12,6.694052219390869,0.0
2012-10-15,6.651950836181641,0.0
2012-10-16,6.77825403213501,0.0
2012-10-17,6.799304008483887,0.0
2012-10-18,6.651950836181641,0.0
2012-10-19,6.5677490234375,0.0
2012-10-22,6.504598140716553,0.0
2012-10-23,6.441445827484131,0.0
2012-10-24,6.441445827484131,0.0
2012-10-25,6.3993449211120605,0.0
2012-10-26,6.294093132019043,0.0
2012-10-29,6.146739959716797,0.0
2012-10-30,6.209890842437744,0.0
2012-10-31,6.167789936065674,0.0
2012-11-01,6.125689029693604,0.0
2012-11-02,6.336194038391113,0.0
2012-11-05,6.336194038391113,0.0
2012-11-06,6.420395851135254,0.0
2012-11-07,6.504598140716553,0.0
2012-11-08,6.3993449211120605,0.0
2012-11-09,6.3993449211120605,0.0
2012-11-12,6.336194038391113,0.0
2012-11-13,6.188839912414551,0.0
2012-11-14,6.209890842437744,0.0
2012-11-15,6.146739959716797,0.0
2012-11-16,6.062538146972656,0.0
2012-11-19,6.062538146972656,0.0
2012-11-20,6.209890842437744,0.0
2012-11-21,6.125689029693604,0.0
2012-11-22,6.167789936065674,0.0
2012-11-23,6.420395851135254,0.0
2012-11-26,6.546699047088623,0.0
2012-11-27,6.546699047088623,0.0
2012-11-28,6.5677490234375,0.0
2012-11-29,6.60984992980957,0.0
2012-11-30,6.757203102111816,0.0
2012-12-03,6.73615312576294,0.0
2012-12-04,6.673000812530518,0.0
2012-12-05,6.82035493850708,0.0
2012-12-06,6.86245584487915,0.0
2012-12-07,6.883505821228027,0.0
2012-12-10,6.799304008483887,0.0
2012-12-11,6.883505821228027,0.0
2012-12-12,6.98875904083252,0.0
2012-12-13,7.051909923553467,0.0
2012-12-14,6.946658134460449,0.0
2012-12-17,6.925607204437256,0.0
2012-12-18,6.98875904083252,0.0
2012-12-19,6.946658134460449,0.0
2012-12-20,6.715102195739746,0.0
2012-12-21,6.673000812530518,0.0
2012-12-24,6.73615312576294,0.0
2012-12-25,6.799304008483887,0.0
2012-12-26,6.73615312576294,0.0
2012-12-27,6.77825403213501,0.0
2012-12-28,6.841404914855957,0.0
2013-01-02,6.86245584487915,0.0
2013-01-03,6.86245584487915,0.0
2013-01-04,6.715102195739746,0.0
2013-01-07,6.757203102111816,0.0
2013-01-08,6.673000812530518,0.0
2013-01-09,6.715102195739746,0.0
2013-01-10,6.757203102111816,0.0
2013-01-11,6.77825403213501,0.0
2013-01-14,6.883505821228027,0.0
2013-01-15,6.86245584487915,0.0
2013-01-16,6.841404914855957,0.0
2013-01-17,6.757203102111816,0.0
2013-01-18,6.799304008483887,0.0
2013-01-21,6.841404914855957,0.0
2013-01-22,6.841404914855957,0.0
2013-01-23,6.694052219390869,0.0
2013-01-24,6.694052219390869,0.0
2013-01-25,6.694052219390869,0.0
2013-01-28,6.946658134460449,0.0
2013-01-29,6.946658134460449,0.0
2013-01-30,7.03085994720459,0.0
2013-01-31,7.115062236785889,0.0
2013-02-01,7.178213119506836,0.0
2013-02-04,7.304515838623047,0.0
2013-02-05,7.367667198181152,0.0
2013-02-06,7.346617221832275,0.0
2013-02-18,7.557122230529785,0.0
2013-02-19,7.515020847320557,0.0
2013-02-20,7.578172206878662,0.0
2013-02-21,7.451869010925293,0.0
2013-02-22,7.536070823669434,0.0
2013-02-25,7.430819034576416,0.0
2013-02-26,7.367667198181152,0.0
2013-02-27,7.472919940948486,0.0
2013-03-01,7.451869010925293,0.0
2013-03-04,7.346617221832275,0.0
2013-03-05,7.367667198181152,0.0
2013-03-06,7.325565814971924,0.0
2013-03-07,7.430819034576416,0.0
2013-03-08,7.578172206878662,0.0
2013-03-11,7.493969917297363,0.0
2013-03-12,7.557122230529785,0.0
2013-03-13,7.578172206878662,0.0
2013-03-14,7.515020847320557,0.0
2013-03-15,7.451869010925293,0.0
2013-03-18,7.283464908599853,0.0
2013-03-19,7.451869010925293,0.0
2013-03-20,7.536070823669434,0.0
2013-03-21,7.515020847320557,0.0
2013-03-22,7.536070823669434,0.0
2013-03-25,7.557122230529785,0.0
2013-03-26,7.578172206878662,0.0
2013-03-27,7.704474925994873,0.0
2013-03-28,7.599223136901855,0.0
2013-03-29,7.557122230529785,0.0
2013-04-01,7.493969917297363,0.0
2013-04-02,7.388718128204346,0.0
2013-04-03,7.515020847320557,0.0
2013-04-08,7.409768104553223,0.0
2013-04-09,7.367667198181152,0.0
2013-04-10,7.367667198181152,0.0
2013-04-11,7.430819034576416,0.0
2013-04-12,7.493969917297363,0.0
2013-04-15,7.430819034576416,0.0
2013-04-16,7.493969917297363,0.0
2013-04-17,7.388718128204346,0.0
2013-04-18,7.367667198181152,0.0
2013-04-19,7.493969917297363,0.0
2013-04-22,7.493969917297363,0.0
2013-04-23,7.536070823669434,0.0
2013-04-24,7.578172206878662,0.0
2013-04-25,7.493969917297363,0.0
2013-04-26,7.472919940948486,0.0
2013-04-29,7.536070823669434,0.0
2013-04-30,7.493969917297363,0.0
2013-05-02,7.388718128204346,0.0
2013-05-03,7.430819034576416,0.0
2013-05-06,7.430819034576416,0.0
2013-05-07,7.430819034576416,0.0
2013-05-08,7.451869010925293,0.0
2013-05-09,7.451869010925293,0.0
2013-05-10,7.451869010925293,0.0
2013-05-13,7.451869010925293,0.0
2013-05-14,7.515020847320557,0.0
2013-05-15,7.557122230529785,0.0
2013-05-16,7.620273113250732,0.0
2013-05-17,7.620273113250732,0.0
2013-05-20,7.578172206878662,0.0
2013-05-21,7.578172206878662,0.0
2013-05-22,7.578172206878662,0.0
2013-05-23,7.451869010925293,0.0
2013-05-24,7.409768104553223,0.0
2013-05-27,7.451869010925293,0.0
2013-05-28,7.557122230529785,0.0
2013-05-29,7.704474925994873,0.0
2013-05-30,7.578172206878662,0.0
2013-05-31,7.788677215576172,0.0
2013-06-03,7.620273113250732,0.0
2013-06-04,7.536070823669434,0.0
2013-06-05,7.578172206878662,0.0
2013-06-06,7.557122230529785,0.0
2013-06-07,7.536070823669434,0.0
2013-06-10,7.578172206878662,0.0
2013-06-11,7.536070823669434,0.0
2013-06-13,7.620273113250732,0.0
2013-06-14,7.599223136901855,0.0
2013-06-17,7.536070823669434,0.0
2013-06-18,7.557122230529785,0.0
2013-06-19,7.662374019622803,0.0
2013-06-20,7.620273113250732,0.0
2013-06-21,7.515020847320557,0.0
2013-06-24,7.493969917297363,0.0
2013-06-25,7.409768104553223,0.0
2013-06-26,7.578172206878662,0.0
2013-06-27,7.536070823669434,0.0
2013-06-28,7.704474925994873,0.0
2013-07-01,7.704474925994873,0.0
2013-07-02,7.620273113250732,0.0
2013-07-03,7.557122230529785,0.0
2013-07-04,7.472919940948486,0.0
2013-07-05,7.493969917297363,0.0
2013-07-08,7.557122230529785,0.0
2013-07-09,7.620273113250732,0.0
2013-07-10,7.97813081741333,0.0
2013-07-11,8.14653491973877,0.0
2013-07-12,8.14653491973877,0.0
2013-07-15,8.293888092041016,0.0
2013-07-16,8.27283763885498,0.0
2013-07-17,8.462291717529297,0.0
2013-07-18,8.504392623901367,0.0
2013-07-19,8.420190811157227,0.0
2013-07-22,8.441242218017578,0.0
2013-07-23,8.630696296691895,0.0
2013-07-24,8.567544937133789,0.0
2013-07-25,8.567544937133789,0.0
2013-07-26,8.462291717529297,0.0
2013-07-29,8.504392623901367,0.0
2013-07-30,8.546493530273438,0.0
2013-07-31,8.420190811157227,0.0
2013-08-01,8.525444030761719,0.0
2013-08-02,8.483343124389648,0.0
2013-08-05,8.525444030761719,0.0
2013-08-06,8.420190811157227,0.0
2013-08-07,8.18863582611084,0.0
2013-08-08,8.18863582611084,0.0
2013-08-09,8.083383560180664,0.0
2013-08-12,8.251787185668945,0.0
2013-08-13,8.335988998413086,0.0
2013-08-14,8.399141311645508,0.0
2013-08-15,8.173900604248047,0.126303
2013-08-16,8.312833786010742,0.0
2013-08-19,8.22021198272705,0.0
2013-08-20,8.38230037689209,0.0
2013-08-22,8.289677619934082,0.0
2013-08-23,8.521233558654785,0.0
2013-08-26,8.38230037689209,0.0
2013-08-27,8.451766967773438,0.0
2013-08-28,8.38230037689209,0.0
2013-08-29,8.474923133850098,0.0
2013-08-30,8.775943756103516,0.0
2013-09-02,8.775943756103516,0.0
2013-09-03,8.86856746673584,0.0
2013-09-04,9.030654907226562,0.0
2013-09-05,9.28536605834961,0.0
2013-09-06,9.40114402770996,0.0
2013-09-09,9.3779878616333,0.0
2013-09-10,9.239054679870604,0.0
2013-09-11,9.424299240112305,0.0
2013-09-12,9.470609664916992,0.0
2013-09-13,9.26220989227295,0.0
2013-09-16,9.354832649230955,0.0
2013-09-17,9.424299240112305,0.0
2013-09-18,9.493765830993652,0.0
2013-09-23,9.447455406188965,0.0
2013-09-24,9.146432876586914,0.0
2013-09-25,9.146432876586914,0.0
2013-09-26,9.169588088989258,0.0
2013-09-27,9.00749969482422,0.0
2013-09-30,8.86856746673584,0.0
2013-10-01,8.86856746673584,0.0
2013-10-02,8.891721725463867,0.0
2013-10-03,8.938033103942871,0.0
2013-10-04,8.961189270019531,0.0
2013-10-07,8.891721725463867,0.0
2013-10-08,9.123276710510254,0.0
2013-10-09,9.123276710510254,0.0
2013-10-11,9.192744255065918,0.0
2013-10-14,9.146432876586914,0.0
2013-10-15,9.146432876586914,0.0
2013-10-16,9.146432876586914,0.0
2013-10-17,9.123276710510254,0.0
2013-10-18,9.26220989227295,0.0
2013-10-21,9.26220989227295,0.0
2013-10-22,9.30852222442627,0.0
2013-10-23,9.26220989227295,0.0
2013-10-24,9.239054679870604,0.0
2013-10-25,9.215899467468262,0.0
2013-10-28,9.26220989227295,0.0
2013-10-29,9.123276710510254,0.0
2013-10-30,9.169588088989258,0.0
2013-10-31,9.100122451782228,0.0
2013-11-01,9.100122451782228,0.0
2013-11-04,9.123276710510254,0.0
2013-11-05,8.984343528747559,0.0
2013-11-06,9.076966285705566,0.0
2013-11-07,9.00749969482422,0.0
2013-11-08,8.984343528747559,0.0
2013-11-11,8.799099922180176,0.0
2013-11-12,8.799099922180176,0.0
2013-11-13,8.86856746673584,0.0
2013-11-14,8.984343528747559,0.0
2013-11-15,8.984343528747559,0.0
2013-11-18,9.192744255065918,0.0
2013-11-19,9.239054679870604,0.0
2013-11-20,9.239054679870604,0.0
2013-11-21,9.26220989227295,0.0
2013-11-22,9.215899467468262,0.0
2013-11-25,9.447455406188965,0.0
2013-11-26,9.215899467468262,0.0
2013-11-27,9.100122451782228,0.0
2013-11-28,9.192744255065918,0.0
2013-11-29,9.192744255065918,0.0
2013-12-02,9.215899467468262,0.0
2013-12-03,9.192744255065918,0.0
2013-12-04,9.123276710510254,0.0
2013-12-05,9.169588088989258,0.0
2013-12-06,9.053811073303224,0.0
2013-12-09,9.146432876586914,0.0
2013-12-10,9.100122451782228,0.0
2013-12-11,9.100122451782228,0.0
2013-12-12,8.938033103942871,0.0
2013-12-13,8.984343528747559,0.0
2013-12-16,8.984343528747559,0.0
2013-12-17,8.961189270019531,0.0
2013-12-18,8.938033103942871,0.0
2013-12-19,9.076966285705566,0.0
2013-12-20,9.100122451782228,0.0
2013-12-23,9.169588088989258,0.0
2013-12-24,9.076966285705566,0.0
2013-12-25,9.053811073303224,0.0
2013-12-26,9.146432876586914,0.0
2013-12-27,9.192744255065918,0.0
2013-12-30,9.215899467468262,0.0
2013-12-31,9.169588088989258,0.0
2014-01-02,9.215899467468262,0.0
2014-01-03,9.123276710510254,0.0
2014-01-06,9.169588088989258,0.0
2014-01-07,9.169588088989258,0.0
2014-01-08,9.146432876586914,0.0
2014-01-09,8.938033103942871,0.0
2014-01-10,8.891721725463867,0.0
2014-01-13,8.961189270019531,0.0
2014-01-14,8.86856746673584,0.0
2014-01-15,8.752788543701172,0.0
2014-01-16,8.683321952819824,0.0
2014-01-17,8.729633331298828,0.0
2014-01-20,8.729633331298828,0.0
2014-01-21,8.752788543701172,0.0
2014-01-22,8.82225513458252,0.0
2014-01-23,8.799099922180176,0.0
2014-01-24,8.799099922180176,0.0
2014-01-27,8.729633331298828,0.0
2014-02-05,8.451766967773438,0.0
2014-02-06,8.498078346252441,0.0
2014-02-07,8.544388771057129,0.0
2014-02-10,8.544388771057129,0.0
2014-02-11,8.544388771057129,0.0
2014-02-12,8.729633331298828,0.0
2014-02-13,8.729633331298828,0.0
2014-02-14,8.86856746673584,0.0
2014-02-17,8.938033103942871,0.0
2014-02-18,8.938033103942871,0.0
2014-02-19,8.984343528747559,0.0
2014-02-20,8.984343528747559,0.0
2014-02-21,9.053811073303224,0.0
2014-02-24,8.938033103942871,0.0
2014-02-25,8.84541130065918,0.0
2014-02-26,8.752788543701172,0.0
2014-02-27,8.82225513458252,0.0
2014-03-03,8.729633331298828,0.0
2014-03-04,8.66016674041748,0.0
2014-03-05,8.706478118896484,0.0
2014-03-06,8.63701057434082,0.0
2014-03-07,8.66016674041748,0.0
2014-03-10,8.544388771057129,0.0
2014-03-11,8.498078346252441,0.0
2014-03-12,8.567544937133789,0.0
2014-03-13,8.613856315612793,0.0
2014-03-14,8.474923133850098,0.0
2014-03-17,8.38230037689209,0.0
2014-03-18,8.428610801696777,0.0
2014-03-19,8.451766967773438,0.0
2014-03-20,8.38230037689209,0.0
2014-03-21,8.405455589294434,0.0
2014-03-24,8.38230037689209,0.0
2014-03-25,8.335988998413086,0.0
2014-03-26,8.335988998413086,0.0
2014-03-27,8.521233558654785,0.0
2014-03-28,8.498078346252441,0.0
2014-03-31,8.498078346252441,0.0
2014-04-01,8.428610801696777,0.0
2014-04-02,8.428610801696777,0.0
2014-04-03,8.428610801696777,0.0
2014-04-07,8.428610801696777,0.0
2014-04-08,8.474923133850098,0.0
2014-04-09,8.706478118896484,0.0
2014-04-10,8.775943756103516,0.0
2014-04-11,8.729633331298828,0.0
2014-04-14,8.729633331298828,0.0
2014-04-15,8.775943756103516,0.0
2014-04-16,8.799099922180176,0.0
2014-04-17,8.799099922180176,0.0
2014-04-18,8.862244606018066,0.0
2014-04-21,8.815106391906738,0.0
2014-04-22,8.767966270446777,0.0
2014-04-23,8.791536331176758,0.0
2014-04-24,8.720827102661133,0.0
2014-04-25,8.650116920471191,0.0
2014-04-28,8.697257041931152,0.0
2014-04-29,8.767966270446777,0.0
2014-04-30,8.602977752685547,0.0
2014-05-02,8.720827102661133,0.0
2014-05-05,8.720827102661133,0.0
2014-05-06,8.767966270446777,0.0
2014-05-07,8.673686981201172,0.0
2014-05-08,8.744396209716797,0.0
2014-05-09,8.744396209716797,0.0
2014-05-12,8.697257041931152,0.0
2014-05-13,8.673686981201172,0.0
2014-05-14,8.767966270446777,0.0
2014-05-15,8.885814666748047,0.0
2014-05-16,8.980093955993652,0.0
2014-05-19,9.027234077453612,0.0
2014-05-20,9.027234077453612,0.0
2014-05-21,8.862244606018066,0.0
2014-05-22,8.956524848937988,0.0
2014-05-23,9.003664016723633,0.0
2014-05-26,9.003664016723633,0.0
2014-05-27,9.003664016723633,0.0
2014-05-28,9.168652534484863,0.0
2014-05-29,9.1450834274292,0.0
2014-05-30,9.333641052246094,0.0
2014-06-03,9.192222595214844,0.0
2014-06-04,9.074374198913574,0.0
2014-06-05,9.192222595214844,0.0
2014-06-06,9.1450834274292,0.0
2014-06-09,9.1450834274292,0.0
2014-06-10,9.192222595214844,0.0
2014-06-11,9.192222595214844,0.0
2014-06-12,9.1450834274292,0.0
2014-06-13,9.097943305969238,0.0
2014-06-16,9.097943305969238,0.0
2014-06-17,9.1450834274292,0.0
2014-06-18,9.1450834274292,0.0
2014-06-19,9.168652534484863,0.0
2014-06-20,9.050804138183594,0.0
2014-06-23,9.003664016723633,0.0
2014-06-24,9.050804138183594,0.0
2014-06-25,8.980093955993652,0.0
2014-06-26,9.027234077453612,0.0
2014-06-27,9.027234077453612,0.0
2014-06-30,9.027234077453612,0.0
2014-07-01,9.027234077453612,0.0
2014-07-02,8.980093955993652,0.0
2014-07-03,8.980093955993652,0.0
2014-07-04,8.909384727478027,0.0
2014-07-07,9.003664016723633,0.0
2014-07-08,9.003664016723633,0.0
2014-07-09,8.980093955993652,0.0
2014-07-10,9.097943305969238,0.0
2014-07-11,9.097943305969238,0.0
2014-07-14,9.333641052246094,0.0
2014-07-15,9.380781173706056,0.0
2014-07-16,9.333641052246094,0.0
2014-07-17,9.404351234436035,0.0
2014-07-18,9.404351234436035,0.0
2014-07-21,9.380781173706056,0.0
2014-07-22,9.427921295166016,0.0
2014-07-23,9.427921295166016,0.0
2014-07-24,9.427921295166016,0.0
2014-07-25,9.498629570007324,0.0
2014-07-28,9.59290885925293,0.0
2014-07-29,9.663619041442873,0.0
2014-07-30,9.663619041442873,0.0
2014-07-31,9.45149040222168,0.0
2014-08-01,9.427921295166016,0.0
2014-08-04,9.357211112976074,0.0
2014-08-05,9.168652534484863,0.0
2014-08-06,9.239361763000488,0.0
2014-08-07,9.333641052246094,0.0
2014-08-08,9.239361763000488,0.0
2014-08-11,9.28650188446045,0.0
2014-08-12,9.31007194519043,0.0
2014-08-13,9.427921295166016,0.0
2014-08-14,9.427921295166016,0.0
2014-08-15,9.45149040222168,0.0
2014-08-18,9.333641052246094,0.0
2014-08-19,9.47506046295166,0.0
2014-08-20,9.569339752197266,0.0
2014-08-21,9.678162574768066,0.130306
2014-08-22,10.011893272399902,0.0
2014-08-25,9.96055030822754,0.0
2014-08-26,10.088908195495604,0.0
2014-08-27,10.140251159667969,0.0
2014-08-28,10.165922164916992,0.0
2014-08-29,10.088908195495604,0.0
2014-09-01,10.011893272399902,0.0
2014-09-02,9.98622226715088,0.0
2014-09-03,10.140251159667969,0.0
2014-09-04,10.191594123840332,0.0
2014-09-05,10.165922164916992,0.0
2014-09-09,10.217265129089355,0.0
2014-09-10,10.037565231323242,0.0
2014-09-11,10.114579200744627,0.0
2014-09-12,9.96055030822754,0.0
2014-09-15,10.037565231323242,0.0
2014-09-16,9.96055030822754,0.0
2014-09-17,9.934879302978516,0.0
2014-09-18,9.96055030822754,0.0
2014-09-19,9.909207344055176,0.0
2014-09-22,9.80652141571045,0.0
2014-09-23,9.832193374633787,0.0
2014-09-24,9.780850410461426,0.0
2014-09-25,9.755178451538086,0.0
2014-09-26,9.652491569519045,0.0
2014-09-29,9.498462677001951,0.0
2014-09-30,9.472790718078612,0.0
2014-10-01,9.395776748657228,0.0
2014-10-02,9.60114860534668,0.0
2014-10-03,9.780850410461426,0.0
2014-10-06,9.703834533691406,0.0
2014-10-07,9.80652141571045,0.0
2014-10-08,9.652491569519045,0.0
2014-10-09,9.652491569519045,0.0
2014-10-13,9.60114860534668,0.0
2014-10-14,9.652491569519045,0.0
2014-10-15,9.42144775390625,0.0
2014-10-16,9.57547664642334,0.0
2014-10-17,9.318761825561523,0.0
2014-10-20,9.57547664642334,0.0
2014-10-21,9.549805641174316,0.0
2014-10-22,9.57547664642334,0.0
2014-10-23,9.549805641174316,0.0
2014-10-24,9.498462677001951,0.0
2014-10-27,9.498462677001951,0.0
2014-10-28,9.703834533691406,0.0
2014-10-29,9.832193374633787,0.0
2014-10-30,9.80652141571045,0.0
2014-10-31,9.883536338806152,0.0
2014-11-03,9.934879302978516,0.0
2014-11-04,9.883536338806152,0.0
2014-11-05,9.934879302978516,0.0
2014-11-06,9.909207344055176,0.0
2014-11-07,9.96055030822754,0.0
2014-11-10,10.011893272399902,0.0
2014-11-11,10.063236236572266,0.0
2014-11-12,9.934879302978516,0.0
2014-11-13,9.96055030822754,0.0
2014-11-14,10.011893272399902,0.0
2014-11-17,9.96055030822754,0.0
2014-11-18,9.934879302978516,0.0
2014-11-19,10.037565231323242,0.0
2014-11-20,10.011893272399902,0.0
2014-11-21,10.037565231323242,0.0
2014-11-24,10.114579200744627,0.0
2014-11-25,10.037565231323242,0.0
2014-11-26,10.114579200744627,0.0
2014-11-27,10.063236236572266,0.0
2014-11-28,10.063236236572266,0.0
2014-12-01,9.96055030822754,0.0
2014-12-02,9.857864379882812,0.0
2014-12-03,9.96055030822754,0.0
2014-12-04,9.934879302978516,0.0
2014-12-05,10.011893272399902,0.0
2014-12-08,10.011893272399902,0.0
2014-12-09,9.98622226715088,0.0
2014-12-10,9.780850410461426,0.0
2014-12-11,9.755178451538086,0.0
2014-12-12,9.755178451538086,0.0
2014-12-15,9.678162574768066,0.0
2014-12-16,9.703834533691406,0.0
2014-12-17,9.60114860534668,0.0
2014-12-18,9.652491569519045,0.0
2014-12-19,9.832193374633787,0.0
2014-12-22,10.037565231323242,0.0
2014-12-23,10.011893272399902,0.0
2014-12-24,10.063236236572266,0.0
2014-12-25,10.063236236572266,0.0
2014-12-26,10.063236236572266,0.0
2014-12-29,10.037565231323242,0.0
2014-12-30,10.037565231323242,0.0
2014-12-31,10.088908195495604,0.0
2015-01-05,9.934879302978516,0.0
2015-01-06,9.703834533691406,0.0
2015-01-07,9.703834533691406,0.0
2015-01-08,9.909207344055176,0.0
2015-01-09,9.96055030822754,0.0
2015-01-12,9.909207344055176,0.0
2015-01-13,10.011893272399902,0.0
2015-01-14,9.98622226715088,0.0
2015-01-15,9.857864379882812,0.0
2015-01-16,9.72950553894043,0.0
2015-01-19,9.72950553894043,0.0
2015-01-20,9.678162574768066,0.0
2015-01-21,9.780850410461426,0.0
2015-01-22,9.780850410461426,0.0
2015-01-23,9.780850410461426,0.0
2015-01-26,9.755178451538086,0.0
2015-01-27,9.857864379882812,0.0
2015-01-28,9.883536338806152,0.0
2015-01-29,9.857864379882812,0.0
2015-01-30,9.96055030822754,0.0
2015-02-02,9.98622226715088,0.0
2015-02-03,10.037565231323242,0.0
2015-02-04,10.088908195495604,0.0
2015-02-05,10.063236236572266,0.0
2015-02-06,9.98622226715088,0.0
2015-02-09,9.934879302978516,0.0
2015-02-10,10.063236236572266,0.0
2015-02-11,10.063236236572266,0.0
2015-02-12,10.063236236572266,0.0
2015-02-13,10.088908195495604,0.0
2015-02-24,10.140251159667969,0.0
2015-02-25,10.140251159667969,0.0
2015-02-26,10.063236236572266,0.0
2015-03-02,9.96055030822754,0.0
2015-03-03,9.96055030822754,0.0
2015-03-04,10.088908195495604,0.0
2015-03-05,9.909207344055176,0.0
2015-03-06,9.934879302978516,0.0
2015-03-09,9.857864379882812,0.0
2015-03-10,9.832193374633787,0.0
2015-03-11,9.755178451538086,0.0
2015-03-12,9.934879302978516,0.0
2015-03-13,9.934879302978516,0.0
2015-03-16,9.934879302978516,0.0
2015-03-17,9.832193374633787,0.0
2015-03-18,9.80652141571045,0.0
2015-03-19,9.857864379882812,0.0
2015-03-20,9.883536338806152,0.0
2015-03-23,9.883536338806152,0.0
2015-03-24,9.857864379882812,0.0
2015-03-25,9.832193374633787,0.0
2015-03-26,9.80652141571045,0.0
2015-03-27,9.755178451538086,0.0
2015-03-30,9.780850410461426,0.0
2015-03-31,9.832193374633787,0.0
2015-04-01,9.857864379882812,0.0
2015-04-02,9.857864379882812,0.0
2015-04-07,9.96055030822754,0.0
2015-04-08,9.909207344055176,0.0
2015-04-09,9.98622226715088,0.0
2015-04-10,9.857864379882812,0.0
2015-04-13,9.883536338806152,0.0
2015-04-14,9.883536338806152,0.0
2015-04-15,9.80652141571045,0.0
2015-04-16,9.883536338806152,0.0
2015-04-17,9.857864379882812,0.0
2015-04-20,9.909207344055176,0.0
2015-04-21,9.883536338806152,0.0
2015-04-22,9.96055030822754,0.0
2015-04-23,10.114579200744627,0.0
2015-04-24,10.576666831970217,0.0
2015-04-27,11.141440391540527,0.0
2015-04-28,11.21845531463623,0.0
2015-04-29,11.013083457946776,0.0
2015-04-30,10.782038688659668,0.0
2015-05-04,10.884724617004396,0.0
2015-05-05,10.910395622253418,0.0
2015-05-06,10.730695724487305,0.0
2015-05-07,10.499651908874512,0.0
2015-05-08,10.525323867797852,0.0
2015-05-11,10.499651908874512,0.0
2015-05-12,10.525323867797852,0.0
2015-05-13,10.525323867797852,0.0
2015-05-14,10.345623016357422,0.0
2015-05-15,10.319951057434082,0.0
2015-05-18,10.345623016357422,0.0
2015-05-19,10.525323867797852,0.0
2015-05-20,10.422637939453123,0.0
2015-05-21,10.396965980529783,0.0
2015-05-22,10.602337837219238,0.0
2015-05-25,10.448308944702148,0.0
2015-05-26,10.602337837219238,0.0
2015-05-27,10.833381652832031,0.0
2015-05-28,10.782038688659668,0.0
2015-05-29,10.730695724487305,0.0
2015-06-01,10.628009796142578,0.0
2015-06-02,10.602337837219238,0.0
2015-06-03,10.653680801391602,0.0
2015-06-04,10.550994873046877,0.0
2015-06-05,10.653680801391602,0.0
2015-06-08,10.653680801391602,0.0
2015-06-09,10.653680801391602,0.0
2015-06-10,10.67935276031494,0.0
2015-06-11,10.550994873046877,0.0
2015-06-12,10.756366729736328,0.0
2015-06-15,10.67935276031494,0.0
2015-06-16,10.576666831970217,0.0
2015-06-17,10.448308944702148,0.0
2015-06-18,10.396965980529783,0.0
2015-06-22,10.550994873046877,0.0
2015-06-23,10.525323867797852,0.0
2015-06-24,10.602337837219238,0.0
2015-06-25,10.782038688659668,0.0
2015-06-26,10.756366729736328,0.0
2015-06-29,10.628009796142578,0.0
2015-06-30,10.576666831970217,0.0
2015-07-01,10.628009796142578,0.0
2015-07-02,10.576666831970217,0.0
2015-07-03,10.705023765563965,0.0
2015-07-06,10.525323867797852,0.0
2015-07-07,10.782038688659668,0.0
2015-07-08,10.525323867797852,0.0
2015-07-09,10.422637939453123,0.0
2015-07-10,10.422637939453123,0.0
2015-07-13,10.576666831970217,0.0
2015-07-14,10.833381652832031,0.0
2015-07-15,10.884724617004396,0.0
2015-07-16,11.244126319885254,0.0
2015-07-17,11.013083457946776,0.0
2015-07-20,11.0387544631958,0.0
2015-07-21,10.859052658081056,0.0
2015-07-22,10.910395622253418,0.0
2015-07-23,10.833381652832031,0.0
2015-07-24,10.782038688659668,0.0
2015-07-27,10.628009796142578,0.0
2015-07-28,10.422637939453123,0.0
2015-07-29,10.499651908874512,0.0
2015-07-30,10.603243827819824,0.205321
2015-07-31,10.714858055114746,0.0
2015-08-03,11.10550308227539,0.0
2015-08-04,11.13340663909912,0.0
2015-08-05,11.300826072692873,0.0
2015-08-06,11.300826072692873,0.0
2015-08-07,11.13340663909912,0.0
2015-08-10,11.049696922302246,0.0
2015-08-11,10.826471328735352,0.0
2015-08-12,10.43582534790039,0.0
2015-08-13,10.296307563781738,0.0
2015-08-14,10.77066421508789,0.0
2015-08-17,10.603243827819824,0.0
2015-08-18,10.49163055419922,0.0
2015-08-19,10.296307563781738,0.0
2015-08-20,10.6869535446167,0.0
2015-08-21,10.519535064697266,0.0
2015-08-24,10.15679168701172,0.0
2015-08-25,10.407920837402344,0.0
2015-08-26,10.74276065826416,0.0
2015-08-27,10.826471328735352,0.0
2015-08-28,10.854373931884766,0.0
2015-08-31,10.91018009185791,0.0
2015-09-01,11.021794319152832,0.0
2015-09-02,10.91018009185791,0.0
2015-09-03,10.88227653503418,0.0
2015-09-04,10.714858055114746,0.0
2015-09-07,10.74276065826416,0.0
2015-09-08,10.57534122467041,0.0
2015-09-09,10.993889808654783,0.0
2015-09-10,11.13340663909912,0.0
2015-09-11,11.13340663909912,0.0
2015-09-14,11.161310195922852,0.0
2015-09-15,11.13340663909912,0.0
2015-09-16,11.13340663909912,0.0
2015-09-17,11.13340663909912,0.0
2015-09-18,11.13340663909912,0.0
2015-09-21,10.603243827819824,0.0
2015-09-22,10.798566818237305,0.0
2015-09-23,10.77066421508789,0.0
2015-09-24,10.57534122467041,0.0
2015-09-25,10.38001823425293,0.0
2015-09-29,10.38001823425293,0.0
2015-09-30,10.798566818237305,0.0
2015-10-01,10.74276065826416,0.0
2015-10-02,10.826471328735352,0.0
2015-10-05,10.965987205505373,0.0
2015-10-06,11.13340663909912,0.0
2015-10-07,11.049696922302246,0.0
2015-10-08,10.965987205505373,0.0
2015-10-12,11.07759952545166,0.0
2015-10-13,10.798566818237305,0.0
2015-10-14,10.965987205505373,0.0
2015-10-15,10.93808364868164,0.0
2015-10-16,10.854373931884766,0.0
2015-10-19,11.049696922302246,0.0
2015-10-20,11.13340663909912,0.0
2015-10-21,11.07759952545166,0.0
2015-10-22,11.07759952545166,0.0
2015-10-23,11.161310195922852,0.0
2015-10-26,11.245019912719728,0.0
2015-10-27,11.272923469543455,0.0
2015-10-28,11.07759952545166,0.0
2015-10-29,10.965987205505373,0.0
2015-10-30,10.91018009185791,0.0
2015-11-02,11.021794319152832,0.0
2015-11-03,11.10550308227539,0.0
2015-11-04,11.245019912719728,0.0
2015-11-05,11.245019912719728,0.0
2015-11-06,11.13340663909912,0.0
2015-11-09,11.161310195922852,0.0
2015-11-10,10.91018009185791,0.0
2015-11-11,10.965987205505373,0.0
2015-11-12,11.07759952545166,0.0
2015-11-13,11.10550308227539,0.0
2015-11-16,10.93808364868164,0.0
2015-11-17,11.049696922302246,0.0
2015-11-18,11.10550308227539,0.0
2015-11-19,11.049696922302246,0.0
2015-11-20,10.993889808654783,0.0
2015-11-23,11.021794319152832,0.0
2015-11-24,10.93808364868164,0.0
2015-11-25,11.07759952545166,0.0
2015-11-26,11.07759952545166,0.0
2015-11-27,11.021794319152832,0.0
2015-11-30,10.965987205505373,0.0
2015-12-01,11.161310195922852,0.0
2015-12-02,11.161310195922852,0.0
2015-12-03,11.245019912719728,0.0
2015-12-04,11.021794319152832,0.0
2015-12-07,11.10550308227539,0.0
2015-12-08,10.993889808654783,0.0
2015-12-09,10.91018009185791,0.0
2015-12-10,10.88227653503418,0.0
2015-12-11,10.714858055114746,0.0
2015-12-14,10.54743766784668,0.0
2015-12-15,10.659050941467283,0.0
2015-12-16,10.659050941467283,0.0
2015-12-17,10.91018009185791,0.0
2015-12-18,10.6869535446167,0.0
2015-12-21,10.57534122467041,0.0
2015-12-22,10.714858055114746,0.0
2015-12-23,10.77066421508789,0.0
2015-12-24,10.659050941467283,0.0
2015-12-25,10.74276065826416,0.0
2015-12-28,10.77066421508789,0.0
2015-12-29,10.6869535446167,0.0
2015-12-30,10.631148338317873,0.0
2015-12-31,10.6869535446167,0.0
2016-01-04,10.463727951049805,0.0
2016-01-05,10.57534122467041,0.0
2016-01-06,10.603243827819824,0.0
2016-01-07,10.38001823425293,0.0
2016-01-08,10.268404960632324,0.0
2016-01-11,9.766145706176758,0.0
2016-01-12,9.626629829406738,0.0
2016-01-13,9.431306838989258,0.0
2016-01-14,9.263887405395508,0.0
2016-01-15,9.180176734924316,0.0
2016-01-18,9.096467971801758,0.0
2016-01-19,9.208081245422363,0.0
2016-01-20,8.929047584533691,0.0
2016-01-21,8.873241424560547,0.0
2016-01-22,8.873241424560547,0.0
2016-01-25,9.487112998962402,0.0
2016-01-26,9.291790008544922,0.0
2016-01-27,9.152274131774902,0.0
2016-01-28,9.152274131774902,0.0
2016-01-29,9.598726272583008,0.0
2016-02-01,9.542920112609863,0.0
2016-02-02,9.291790008544922,0.0
2016-02-03,9.235983848571776,0.0
2016-02-15,9.263887405395508,0.0
2016-02-16,9.291790008544922,0.0
2016-02-17,9.180176734924316,0.0
2016-02-18,9.515016555786133,0.0
2016-02-19,9.682435989379885,0.0
2016-02-22,9.626629829406738,0.0
2016-02-23,9.542920112609863,0.0
2016-02-24,9.515016555786133,0.0
2016-02-25,9.431306838989258,0.0
2016-02-26,9.598726272583008,0.0
2016-03-01,9.570822715759276,0.0
2016-03-02,9.598726272583008,0.0
2016-03-03,9.933566093444824,0.0
2016-03-04,10.073081970214844,0.0
2016-03-07,10.18469524383545,0.0
2016-03-08,10.100984573364258,0.0
2016-03-09,10.128889083862305,0.0
2016-03-10,10.100984573364258,0.0
2016-03-11,10.15679168701172,0.0
2016-03-14,10.21259880065918,0.0
2016-03-15,10.128889083862305,0.0
2016-03-16,10.21259880065918,0.0
2016-03-17,10.324212074279783,0.0
2016-03-18,10.21259880065918,0.0
2016-03-21,10.128889083862305,0.0
2016-03-22,10.100984573364258,0.0
2016-03-23,10.100984573364258,0.0
2016-03-24,10.15679168701172,0.0
2016-03-25,10.073081970214844,0.0
2016-03-28,10.100984573364258,0.0
2016-03-29,10.04517936706543,0.0
2016-03-30,10.100984573364258,0.0
2016-03-31,10.04517936706543,0.0
2016-04-01,10.073081970214844,0.0
2016-04-06,9.877758979797363,0.0
2016-04-07,9.794049263000488,0.0
2016-04-08,9.84985637664795,0.0
2016-04-11,9.84985637664795,0.0
2016-04-12,9.766145706176758,0.0
2016-04-13,9.989372253417969,0.0
2016-04-14,10.0172758102417,0.0
2016-04-15,10.073081970214844,0.0
2016-04-18,10.100984573364258,0.0
2016-04-19,10.04517936706543,0.0
2016-04-20,9.877758979797363,0.0
2016-04-21,9.905662536621094,0.0
2016-04-22,9.82195281982422,0.0
2016-04-25,9.989372253417969,0.0
2016-04-26,10.04517936706543,0.0
2016-04-27,10.100984573364258,0.0
2016-04-28,9.933566093444824,0.0
2016-04-29,9.989372253417969,0.0
2016-05-03,9.877758979797363,0.0
2016-05-04,9.84985637664795,0.0
2016-05-05,9.654533386230469,0.0
2016-05-06,9.403404235839844,0.0
2016-05-09,9.431306838989258,0.0
2016-05-10,9.515016555786133,0.0
2016-05-11,9.347597122192385,0.0
2016-05-12,9.375499725341797,0.0
2016-05-13,9.375499725341797,0.0
2016-05-16,9.487112998962402,0.0
2016-05-17,9.766145706176758,0.0
2016-05-18,9.738243103027344,0.0
2016-05-19,9.626629829406738,0.0
2016-05-20,9.654533386230469,0.0
2016-05-23,9.82195281982422,0.0
2016-05-24,9.654533386230469,0.0
2016-05-25,9.933566093444824,0.0
2016-05-26,9.84985637664795,0.0
2016-05-27,9.905662536621094,0.0
2016-05-30,10.100984573364258,0.0
2016-05-31,10.18469524383545,0.0
2016-06-01,10.128889083862305,0.0
2016-06-02,10.15679168701172,0.0
2016-06-03,10.296307563781738,0.0
2016-06-06,10.18469524383545,0.0
2016-06-07,10.24050235748291,0.0
2016-06-08,10.463727951049805,0.0
2016-06-13,10.324212074279783,0.0
2016-06-14,10.49163055419922,0.0
2016-06-15,10.49163055419922,0.0
2016-06-16,10.3521146774292,0.0
2016-06-17,10.54743766784668,0.0
2016-06-20,10.659050941467283,0.0
2016-06-21,10.631148338317873,0.0
2016-06-22,10.659050941467283,0.0
2016-06-23,10.603243827819824,0.0
2016-06-24,10.603243827819824,0.0
2016-06-27,10.407920837402344,0.0
2016-06-28,10.3521146774292,0.0
2016-06-29,10.463727951049805,0.0
2016-06-30,10.603243827819824,0.0
2016-07-01,10.603243827819824,0.0
2016-07-04,10.6869535446167,0.0
2016-07-05,10.659050941467283,0.0
2016-07-06,10.38001823425293,0.0
2016-07-07,10.268404960632324,0.0
2016-07-08,10.268404960632324,0.0
2016-07-11,10.49163055419922,0.0
2016-07-12,10.57534122467041,0.0
2016-07-13,10.659050941467283,0.0
2016-07-14,10.631148338317873,0.0
2016-07-15,10.714858055114746,0.0
2016-07-18,10.854373931884766,0.0
2016-07-19,10.88227653503418,0.0
2016-07-20,10.826471328735352,0.0
2016-07-21,10.826471328735352,0.0
2016-07-22,10.714858055114746,0.0
2016-07-25,10.826471328735352,0.0
2016-07-26,10.93808364868164,0.0
2016-07-27,11.10550308227539,0.0
2016-07-28,11.141777992248535,0.218148
2016-07-29,10.926921844482422,0.0
2016-08-01,11.049696922302246,0.0
2016-08-02,11.019002914428713,0.0
2016-08-03,10.83484172821045,0.0
2016-08-04,10.896228790283203,0.0
2016-08-05,11.049696922302246,0.0
2016-08-08,11.111083984375,0.0
2016-08-09,11.141777992248535,0.0
2016-08-10,11.111083984375,0.0
2016-08-11,11.172471046447754,0.0
2016-08-12,11.141777992248535,0.0
2016-08-15,11.080389976501465,0.0
2016-08-16,11.141777992248535,0.0
2016-08-17,11.080389976501465,0.0
2016-08-18,11.172471046447754,0.0
2016-08-19,11.049696922302246,0.0
2016-08-22,11.080389976501465,0.0
2016-08-23,11.141777992248535,0.0
2016-08-24,11.111083984375,0.0
2016-08-25,11.111083984375,0.0
2016-08-26,11.233858108520508,0.0
2016-08-29,11.172471046447754,0.0
2016-08-30,11.141777992248535,0.0
2016-08-31,11.019002914428713,0.0
2016-09-01,11.080389976501465,0.0
2016-09-02,11.019002914428713,0.0
2016-09-05,11.111083984375,0.0
2016-09-06,11.111083984375,0.0
2016-09-07,11.233858108520508,0.0
2016-09-08,11.203165054321287,0.0
2016-09-09,11.172471046447754,0.0
2016-09-12,11.049696922302246,0.0
2016-09-13,10.865534782409668,0.0
2016-09-14,10.804147720336914,0.0
2016-09-19,11.019002914428713,0.0
2016-09-20,10.988309860229492,0.0
2016-09-21,10.957615852355955,0.0
2016-09-22,10.957615852355955,0.0
2016-09-23,11.019002914428713,0.0
2016-09-26,10.957615852355955,0.0
2016-09-27,10.957615852355955,0.0
2016-09-28,10.957615852355955,0.0
2016-09-29,11.111083984375,0.0
2016-09-30,10.988309860229492,0.0
2016-10-03,11.111083984375,0.0
2016-10-04,11.111083984375,0.0
2016-10-05,11.111083984375,0.0
2016-10-06,11.141777992248535,0.0
2016-10-07,11.141777992248535,0.0
2016-10-11,11.049696922302246,0.0
2016-10-12,11.049696922302246,0.0
2016-10-13,10.957615852355955,0.0
2016-10-14,10.957615852355955,0.0
2016-10-17,10.896228790283203,0.0
2016-10-18,11.049696922302246,0.0
2016-10-19,11.080389976501465,0.0
2016-10-20,11.049696922302246,0.0
2016-10-21,11.049696922302246,0.0
2016-10-24,11.019002914428713,0.0
2016-10-25,11.019002914428713,0.0
2016-10-26,10.957615852355955,0.0
2016-10-27,10.896228790283203,0.0
2016-10-28,10.957615852355955,0.0
2016-10-31,11.019002914428713,0.0
2016-11-01,10.988309860229492,0.0
2016-11-02,10.926921844482422,0.0
2016-11-03,10.896228790283203,0.0
2016-11-04,10.83484172821045,0.0
2016-11-07,10.896228790283203,0.0
2016-11-08,10.988309860229492,0.0
2016-11-09,10.77345371246338,0.0
2016-11-10,10.896228790283203,0.0
2016-11-11,10.83484172821045,0.0
2016-11-14,10.926921844482422,0.0
2016-11-15,11.080389976501465,0.0
2016-11-16,11.203165054321287,0.0
2016-11-17,11.203165054321287,0.0
2016-11-18,11.172471046447754,0.0
2016-11-21,11.203165054321287,0.0
2016-11-22,11.233858108520508,0.0
2016-11-23,11.233858108520508,0.0
2016-11-24,11.203165054321287,0.0
2016-11-25,11.203165054321287,0.0
2016-11-28,11.356633186340332,0.0
2016-11-29,11.233858108520508,0.0
2016-11-30,11.356633186340332,0.0
2016-12-01,11.295246124267578,0.0
2016-12-02,11.233858108520508,0.0
2016-12-05,11.111083984375,0.0
2016-12-06,11.141777992248535,0.0
2016-12-07,11.172471046447754,0.0
2016-12-08,11.418020248413086,0.0
2016-12-09,11.47940731048584,0.0
2016-12-12,11.418020248413086,0.0
2016-12-13,11.47940731048584,0.0
2016-12-14,11.325939178466797,0.0
2016-12-15,11.38732624053955,0.0
2016-12-16,11.325939178466797,0.0
2016-12-19,11.203165054321287,0.0
2016-12-20,11.233858108520508,0.0
2016-12-21,11.203165054321287,0.0
2016-12-22,11.141777992248535,0.0
2016-12-23,11.080389976501465,0.0
2016-12-26,11.172471046447754,0.0
2016-12-27,11.111083984375,0.0
2016-12-28,11.203165054321287,0.0
2016-12-29,11.141777992248535,0.0
2016-12-30,11.264552116394045,0.0
2017-01-03,11.295246124267578,0.0
2017-01-04,11.295246124267578,0.0
2017-01-05,11.325939178466797,0.0
2017-01-06,11.356633186340332,0.0
2017-01-09,11.233858108520508,0.0
2017-01-10,11.203165054321287,0.0
2017-01-11,11.295246124267578,0.0
2017-01-12,11.38732624053955,0.0
2017-01-13,11.356633186340332,0.0
2017-01-16,11.233858108520508,0.0
2017-01-17,11.356633186340332,0.0
2017-01-18,11.356633186340332,0.0
2017-01-19,11.233858108520508,0.0
2017-01-20,11.325939178466797,0.0
2017-01-23,11.356633186340332,0.0
2017-01-24,11.325939178466797,0.0
2017-02-02,11.203165054321287,0.0
2017-02-03,11.203165054321287,0.0
2017-02-06,11.295246124267578,0.0
2017-02-07,11.295246124267578,0.0
2017-02-08,11.264552116394045,0.0
2017-02-09,11.295246124267578,0.0
2017-02-10,11.418020248413086,0.0
2017-02-13,11.47940731048584,0.0
2017-02-14,11.47940731048584,0.0
2017-02-15,11.602182388305664,0.0
2017-02-16,11.663569450378418,0.0
2017-02-17,11.540794372558594,0.0
2017-02-20,11.510101318359377,0.0
2017-02-21,11.47940731048584,0.0
2017-02-22,11.47940731048584,0.0
2017-02-23,11.418020248413086,0.0
2017-02-24,11.44871425628662,0.0
2017-03-01,11.44871425628662,0.0
2017-03-02,11.264552116394045,0.0
2017-03-03,11.111083984375,0.0
2017-03-06,11.111083984375,0.0
2017-03-07,11.233858108520508,0.0
2017-03-08,11.264552116394045,0.0
2017-03-09,11.233858108520508,0.0
2017-03-10,11.172471046447754,0.0
2017-03-13,11.172471046447754,0.0
2017-03-14,11.264552116394045,0.0
2017-03-15,11.203165054321287,0.0
2017-03-16,11.203165054321287,0.0
2017-03-17,11.264552116394045,0.0
2017-03-20,11.233858108520508,0.0
2017-03-21,11.295246124267578,0.0
2017-03-22,11.325939178466797,0.0
2017-03-23,11.295246124267578,0.0
2017-03-24,11.233858108520508,0.0
2017-03-27,11.203165054321287,0.0
2017-03-28,11.233858108520508,0.0
2017-03-29,11.233858108520508,0.0
2017-03-30,11.264552116394045,0.0
2017-03-31,11.325939178466797,0.0
2017-04-05,11.38732624053955,0.0
2017-04-06,11.38732624053955,0.0
2017-04-07,11.38732624053955,0.0
2017-04-10,11.510101318359377,0.0
2017-04-11,11.510101318359377,0.0
2017-04-12,11.510101318359377,0.0
2017-04-13,11.540794372558594,0.0
2017-04-14,11.518896102905272,0.0
2017-04-17,11.487847328186035,0.0
2017-04-18,11.456798553466797,0.0
2017-04-19,11.363654136657717,0.0
2017-04-20,11.363654136657717,0.0
2017-04-21,11.425750732421877,0.0
2017-04-24,11.332606315612791,0.0
2017-04-25,11.456798553466797,0.0
2017-04-26,11.456798553466797,0.0
2017-04-27,11.394702911376951,0.0
2017-04-28,11.332606315612791,0.0
2017-05-02,11.425750732421877,0.0
2017-05-03,11.487847328186035,0.0
2017-05-04,11.456798553466797,0.0
2017-05-05,11.456798553466797,0.0
2017-05-08,11.456798553466797,0.0
2017-05-09,11.363654136657717,0.0
2017-05-10,11.363654136657717,0.0
2017-05-11,11.425750732421877,0.0
2017-05-12,11.456798553466797,0.0
2017-05-15,11.456798553466797,0.0
2017-05-16,11.487847328186035,0.0
2017-05-17,11.61203956604004,0.0
2017-05-18,11.61203956604004,0.0
2017-05-19,11.580991744995115,0.0
2017-05-22,11.580991744995115,0.0
2017-05-23,11.61203956604004,0.0
2017-05-24,11.580991744995115,0.0
2017-05-25,11.61203956604004,0.0
2017-05-26,11.643089294433594,0.0
2017-05-31,11.549943923950195,0.0
2017-06-01,11.549943923950195,0.0
2017-06-02,11.580991744995115,0.0
2017-06-05,11.61203956604004,0.0
2017-06-06,11.549943923950195,0.0
2017-06-07,11.549943923950195,0.0
2017-06-08,11.549943923950195,0.0
2017-06-09,11.518896102905272,0.0
2017-06-12,11.518896102905272,0.0
2017-06-13,11.518896102905272,0.0
2017-06-14,11.425750732421877,0.0
2017-06-15,11.518896102905272,0.0
2017-06-16,11.487847328186035,0.0
2017-06-19,11.487847328186035,0.0
2017-06-20,11.487847328186035,0.0
2017-06-21,11.456798553466797,0.0
2017-06-22,11.425750732421877,0.0
2017-06-23,11.425750732421877,0.0
2017-06-26,11.549943923950195,0.0
2017-06-27,11.61203956604004,0.0
2017-06-28,11.549943923950195,0.0
2017-06-29,11.61203956604004,0.0
2017-06-30,11.61203956604004,0.0
2017-07-03,11.643089294433594,0.0
2017-07-04,11.643089294433594,0.0
2017-07-05,11.674137115478516,0.0
2017-07-06,11.580991744995115,0.0
2017-07-07,11.549943923950195,0.0
2017-07-10,11.580991744995115,0.0
2017-07-11,11.643089294433594,0.0
2017-07-12,11.674137115478516,0.0
2017-07-13,11.767281532287598,0.0
2017-07-14,11.86042594909668,0.0
2017-07-17,11.891474723815918,0.0
2017-07-18,11.92252254486084,0.0
2017-07-19,12.04671573638916,0.0
2017-07-20,12.077763557434082,0.0
2017-07-21,12.077763557434082,0.0
2017-07-24,12.04671573638916,0.0
2017-07-25,12.015666961669922,0.0
2017-07-26,11.984619140625,0.0
2017-07-27,12.077763557434082,0.0
2017-07-28,12.015666961669922,0.0
2017-07-31,11.953571319580078,0.0
2017-08-01,12.04671573638916,0.0
2017-08-02,12.077763557434082,0.0
2017-08-03,12.04671573638916,0.0
2017-08-04,12.17090892791748,0.0
2017-08-07,12.233004570007324,0.0
2017-08-08,12.17090892791748,0.0
2017-08-09,12.038777351379396,0.327351
2017-08-10,11.972081184387209,0.0
2017-08-11,11.938732147216797,0.0
2017-08-14,11.8386869430542,0.0
2017-08-15,11.872035026550291,0.0
2017-08-16,11.872035026550291,0.0
2017-08-17,12.0054292678833,0.0
2017-08-18,12.0054292678833,0.0
2017-08-21,11.972081184387209,0.0
2017-08-22,12.0054292678833,0.0
2017-08-23,12.105474472045898,0.0
2017-08-24,12.20551872253418,0.0
2017-08-25,12.272215843200684,0.0
2017-08-28,12.338912963867188,0.0
2017-08-29,12.305564880371094,0.0
2017-08-30,12.472307205200195,0.0
2017-08-31,12.405610084533691,0.0
2017-09-01,12.405610084533691,0.0
2017-09-04,12.338912963867188,0.0
2017-09-05,12.305564880371094,0.0
2017-09-06,12.23886775970459,0.0
2017-09-07,12.172170639038086,0.0
2017-09-08,12.23886775970459,0.0
2017-09-11,12.138822555541992,0.0
2017-09-12,12.172170639038086,0.0
2017-09-13,12.172170639038086,0.0
2017-09-14,12.138822555541992,0.0
2017-09-15,12.20551872253418,0.0
2017-09-18,12.23886775970459,0.0
2017-09-19,12.20551872253418,0.0
2017-09-20,12.20551872253418,0.0
2017-09-21,12.172170639038086,0.0
2017-09-22,12.172170639038086,0.0
2017-09-25,12.072126388549805,0.0
2017-09-26,12.105474472045898,0.0
2017-09-27,12.105474472045898,0.0
2017-09-28,12.105474472045898,0.0
2017-09-29,12.072126388549805,0.0
2017-10-02,12.105474472045898,0.0
2017-10-03,12.138822555541992,0.0
2017-10-05,12.20551872253418,0.0
2017-10-06,12.23886775970459,0.0
2017-10-11,12.305564880371094,0.0
2017-10-12,12.23886775970459,0.0
2017-10-13,12.272215843200684,0.0
2017-10-16,12.338912963867188,0.0
2017-10-17,12.338912963867188,0.0
2017-10-18,12.272215843200684,0.0
2017-10-19,12.305564880371094,0.0
2017-10-20,12.272215843200684,0.0
2017-10-23,12.272215843200684,0.0
2017-10-24,12.23886775970459,0.0
2017-10-25,12.272215843200684,0.0
2017-10-26,12.20551872253418,0.0
2017-10-27,12.23886775970459,0.0
2017-10-30,12.272215843200684,0.0
2017-10-31,12.23886775970459,0.0
2017-11-01,12.305564880371094,0.0
2017-11-02,12.272215843200684,0.0
2017-11-03,12.338912963867188,0.0
2017-11-06,12.338912963867188,0.0
2017-11-07,12.305564880371094,0.0
2017-11-08,12.272215843200684,0.0
2017-11-09,12.305564880371094,0.0
2017-11-10,12.23886775970459,0.0
2017-11-13,12.23886775970459,0.0
2017-11-14,12.305564880371094,0.0
2017-11-15,12.23886775970459,0.0
2017-11-16,12.20551872253418,0.0
2017-11-17,12.272215843200684,0.0
2017-11-20,12.305564880371094,0.0
2017-11-21,12.438958168029783,0.0
2017-11-22,12.572352409362791,0.0
2017-11-23,12.572352409362791,0.0
2017-11-24,12.5390043258667,0.0
2017-11-27,12.472307205200195,0.0
2017-11-28,12.472307205200195,0.0
2017-11-29,12.472307205200195,0.0
2017-11-30,12.372262001037598,0.0
2017-12-01,12.472307205200195,0.0
2017-12-04,12.5390043258667,0.0
2017-12-05,12.572352409362791,0.0
2017-12-06,12.472307205200195,0.0
2017-12-07,12.405610084533691,0.0
2017-12-08,12.472307205200195,0.0
2017-12-11,12.438958168029783,0.0
2017-12-12,12.438958168029783,0.0
2017-12-13,12.472307205200195,0.0
2017-12-14,12.5390043258667,0.0
2017-12-15,12.572352409362791,0.0
2017-12-18,12.5390043258667,0.0
2017-12-19,12.5390043258667,0.0
2017-12-20,12.5390043258667,0.0
2017-12-21,12.5390043258667,0.0
2017-12-22,12.572352409362791,0.0
2017-12-25,12.5390043258667,0.0
2017-12-26,12.472307205200195,0.0
2017-12-27,12.5390043258667,0.0
2017-12-28,12.572352409362791,0.0
2017-12-29,12.60569953918457,0.0
2018-01-02,12.60569953918457,0.0
2018-01-03,12.90583610534668,0.0
2018-01-04,12.872488021850586,0.0
2018-01-05,12.90583610534668,0.0
2018-01-08,13.07257843017578,0.0
2018-01-09,13.07257843017578,0.0
2018-01-10,13.07257843017578,0.0
2018-01-11,13.039230346679688,0.0
2018-01-12,13.005881309509276,0.0
2018-01-15,13.005881309509276,0.0
2018-01-16,12.972533226013184,0.0
2018-01-17,13.005881309509276,0.0
2018-01-18,13.039230346679688,0.0
2018-01-19,13.07257843017578,0.0
2018-01-22,13.07257843017578,0.0
2018-01-23,13.039230346679688,0.0
2018-01-24,12.972533226013184,0.0
2018-01-25,13.005881309509276,0.0
2018-01-26,12.972533226013184,0.0
2018-01-29,13.005881309509276,0.0
2018-01-30,12.872488021850586,0.0
2018-01-31,12.805790901184082,0.0
2018-02-01,12.872488021850586,0.0
2018-02-02,12.872488021850586,0.0
2018-02-05,12.739093780517578,0.0
2018-02-06,12.338912963867188,0.0
2018-02-07,12.438958168029783,0.0
2018-02-08,12.60569953918457,0.0
2018-02-09,12.472307205200195,0.0
2018-02-12,12.5390043258667,0.0
2018-02-21,12.872488021850586,0.0
2018-02-22,12.872488021850586,0.0
2018-02-23,12.872488021850586,0.0
2018-02-26,13.005881309509276,0.0
2018-02-27,12.90583610534668,0.0
2018-03-01,12.93918514251709,0.0
2018-03-02,12.90583610534668,0.0
2018-03-05,12.805790901184082,0.0
2018-03-06,12.90583610534668,0.0
2018-03-07,12.93918514251709,0.0
2018-03-08,12.90583610534668,0.0
2018-03-09,12.93918514251709,0.0
2018-03-12,13.005881309509276,0.0
2018-03-13,13.039230346679688,0.0
2018-03-14,12.972533226013184,0.0
2018-03-15,12.90583610534668,0.0
2018-03-16,12.872488021850586,0.0
2018-03-19,13.07257843017578,0.0
2018-03-20,13.005881309509276,0.0
2018-03-21,13.07257843017578,0.0
2018-03-22,13.07257843017578,0.0
2018-03-23,12.93918514251709,0.0
2018-03-26,12.90583610534668,0.0
2018-03-27,12.972533226013184,0.0
2018-03-28,13.005881309509276,0.0
2018-03-29,13.07257843017578,0.0
2018-03-30,13.005881309509276,0.0
2018-04-02,13.005881309509276,0.0
2018-04-03,12.972533226013184,0.0
2018-04-09,13.07257843017578,0.0
2018-04-10,13.205971717834473,0.0
2018-04-11,13.33936595916748,0.0
2018-04-12,13.406062126159668,0.0
2018-04-13,13.372714042663574,0.0
2018-04-16,13.439411163330078,0.0
2018-04-17,13.372714042663574,0.0
2018-04-18,13.406062126159668,0.0
2018-04-19,13.472759246826172,0.0
2018-04-20,13.572805404663086,0.0
2018-04-23,13.439411163330078,0.0
2018-04-24,13.506108283996582,0.0
2018-04-25,13.506108283996582,0.0
2018-04-26,13.70619773864746,0.0
2018-04-27,13.739546775817873,0.0
2018-04-30,14.00633430480957,0.0
2018-05-02,13.906289100646973,0.0
2018-05-03,13.70619773864746,0.0
2018-05-04,13.80624294281006,0.0
2018-05-07,13.80624294281006,0.0
2018-05-08,13.80624294281006,0.0
2018-05-09,13.80624294281006,0.0
2018-05-10,13.872940063476562,0.0
2018-05-11,13.939637184143066,0.0
2018-05-14,14.139727592468262,0.0
2018-05-15,14.106378555297852,0.0
2018-05-16,14.073031425476074,0.0
2018-05-17,14.106378555297852,0.0
2018-05-18,14.106378555297852,0.0
2018-05-21,14.173075675964355,0.0
2018-05-22,14.173075675964355,0.0
2018-05-23,14.106378555297852,0.0
2018-05-24,14.139727592468262,0.0
2018-05-25,14.106378555297852,0.0
2018-05-28,14.173075675964355,0.0
2018-05-29,14.20642375946045,0.0
2018-05-30,14.00633430480957,0.0
2018-05-31,13.939637184143066,0.0
2018-06-01,14.073031425476074,0.0
2018-06-04,14.173075675964355,0.0
2018-06-05,14.339818000793455,0.0
2018-06-06,14.539909362792969,0.0
2018-06-07,14.60660457611084,0.0
2018-06-08,14.573257446289062,0.0
2018-06-11,14.60660457611084,0.0
2018-06-12,14.63995361328125,0.0
2018-06-13,14.50656032562256,0.0
2018-06-14,14.273120880126951,0.0
2018-06-15,14.339818000793455,0.0
2018-06-19,14.139727592468262,0.0
2018-06-20,14.139727592468262,0.0
2018-06-21,14.039682388305664,0.0
2018-06-22,13.939637184143066,0.0
2018-06-25,14.106378555297852,0.0
2018-06-26,14.073031425476074,0.0
2018-06-27,14.00633430480957,0.0
2018-06-28,13.939637184143066,0.0
2018-06-29,14.173075675964355,0.0
2018-07-02,14.039682388305664,0.0
2018-07-03,13.97298526763916,0.0
2018-07-04,13.939637184143066,0.0
2018-07-05,13.939637184143066,0.0
2018-07-06,13.97298526763916,0.0
2018-07-09,14.039682388305664,0.0
2018-07-10,14.106378555297852,0.0
2018-07-11,14.173075675964355,0.0
2018-07-12,14.439863204956056,0.0
2018-07-13,14.539909362792969,0.0
2018-07-16,14.473212242126465,0.0
2018-07-17,14.473212242126465,0.0
2018-07-18,14.473212242126465,0.0
2018-07-19,14.539909362792969,0.0
2018-07-20,14.60660457611084,0.0
2018-07-23,14.806695938110352,0.0
2018-07-24,14.90674114227295,0.0
2018-07-25,14.973438262939451,0.0
2018-07-26,14.935173034667969,0.433604
2018-07-27,14.828998565673828,0.0
2018-07-30,14.86439037322998,0.0
2018-07-31,15.112130165100098,0.0
2018-08-01,15.147521018981934,0.0
2018-08-02,15.041346549987791,0.0
2018-08-03,15.076738357543944,0.0
2018-08-06,15.324478149414062,0.0
2018-08-07,15.324478149414062,0.0
2018-08-08,15.536827087402344,0.0
2018-08-09,15.359869956970217,0.0
2018-08-10,15.430651664733888,0.0
2018-08-13,15.289087295532228,0.0
2018-08-14,15.359869956970217,0.0
2018-08-15,15.253694534301758,0.0
2018-08-16,15.430651664733888,0.0
2018-08-17,15.39526081085205,0.0
2018-08-20,15.430651664733888,0.0
2018-08-21,15.57221794128418,0.0
2018-08-22,15.749175071716309,0.0
2018-08-23,15.819957733154297,0.0
2018-08-24,15.749175071716309,0.0
2018-08-27,15.749175071716309,0.0
2018-08-28,15.890741348266602,0.0
2018-08-29,15.996914863586426,0.0
2018-08-30,15.890741348266602,0.0
2018-08-31,15.996914863586426,0.0
2018-09-03,15.890741348266602,0.0
2018-09-04,15.890741348266602,0.0
2018-09-05,15.749175071716309,0.0
2018-09-06,15.57221794128418,0.0
2018-09-07,15.78456687927246,0.0
2018-09-10,15.78456687927246,0.0
2018-09-11,15.78456687927246,0.0
2018-09-12,15.749175071716309,0.0
2018-09-13,15.855348587036133,0.0
2018-09-14,15.819957733154297,0.0
2018-09-17,15.78456687927246,0.0
2018-09-18,15.855348587036133,0.0
2018-09-19,15.78456687927246,0.0
2018-09-20,15.713784217834473,0.0
2018-09-21,16.032306671142578,0.0
2018-09-25,16.10308837890625,0.0
2018-09-26,15.96152400970459,0.0
2018-09-27,15.926132202148438,0.0
2018-09-28,15.96152400970459,0.0
2018-10-01,15.996914863586426,0.0
2018-10-02,15.890741348266602,0.0
2018-10-03,15.78456687927246,0.0
2018-10-04,15.713784217834473,0.0
2018-10-05,15.607608795166016,0.0
2018-10-08,15.607608795166016,0.0
2018-10-09,15.819957733154297,0.0
2018-10-11,15.289087295532228,0.0
2018-10-12,15.39526081085205,0.0
2018-10-15,15.218303680419922,0.0
2018-10-16,15.041346549987791,0.0
2018-10-17,15.076738357543944,0.0
2018-10-18,15.076738357543944,0.0
2018-10-19,15.005955696105955,0.0
2018-10-22,14.793606758117676,0.0
2018-10-23,14.54586696624756,0.0
2018-10-24,14.439693450927734,0.0
2018-10-25,14.121170043945312,0.0
2018-10-26,14.05038833618164,0.0
2018-10-29,13.873431205749512,0.0
2018-10-30,14.05038833618164,0.0
2018-10-31,14.510476112365724,0.0
2018-11-01,14.404301643371582,0.0
2018-11-02,14.828998565673828,0.0
2018-11-05,14.793606758117676,0.0
2018-11-06,14.828998565673828,0.0
2018-11-07,14.935173034667969,0.0
2018-11-08,15.112130165100098,0.0
2018-11-09,15.005955696105955,0.0
2018-11-12,14.935173034667969,0.0
2018-11-13,14.935173034667969,0.0
2018-11-14,15.041346549987791,0.0
2018-11-15,15.041346549987791,0.0
2018-11-16,15.076738357543944,0.0
2018-11-19,14.970563888549805,0.0
2018-11-20,14.86439037322998,0.0
2018-11-21,14.828998565673828,0.0
2018-11-22,14.75821590423584,0.0
2018-11-23,14.687433242797852,0.0
2018-11-26,14.687433242797852,0.0
2018-11-27,14.652042388916016,0.0
2018-11-28,14.687433242797852,0.0
2018-11-29,14.616649627685549,0.0
2018-11-30,14.722824096679688,0.0
2018-12-03,14.86439037322998,0.0
2018-12-04,14.793606758117676,0.0
2018-12-05,14.616649627685549,0.0
2018-12-06,14.475085258483888,0.0
2018-12-07,14.404301643371582,0.0
2018-12-10,14.29812717437744,0.0
2018-12-11,14.29812717437744,0.0
2018-12-12,14.475085258483888,0.0
2018-12-13,14.581258773803713,0.0
2018-12-14,14.510476112365724,0.0
2018-12-17,14.439693450927734,0.0
2018-12-18,14.1919527053833,0.0
2018-12-19,14.29812717437744,0.0
2018-12-20,14.1919527053833,0.0
2018-12-21,14.156561851501465,0.0
2018-12-24,14.29812717437744,0.0
2018-12-25,14.1919527053833,0.0
2018-12-26,14.156561851501465,0.0
2018-12-27,14.333518981933594,0.0
2018-12-28,14.22734546661377,0.0
2019-01-02,14.22734546661377,0.0
2019-01-03,14.22734546661377,0.0
2019-01-04,14.29812717437744,0.0
2019-01-07,14.36890983581543,0.0
2019-01-08,14.36890983581543,0.0
2019-01-09,14.652042388916016,0.0
2019-01-10,14.793606758117676,0.0
2019-01-11,14.86439037322998,0.0
2019-01-14,14.86439037322998,0.0
2019-01-15,14.935173034667969,0.0
2019-01-16,14.86439037322998,0.0
2019-01-17,14.828998565673828,0.0
2019-01-18,15.005955696105955,0.0
2019-01-21,15.147521018981934,0.0
2019-01-22,15.112130165100098,0.0
2019-01-23,14.970563888549805,0.0
2019-01-24,14.970563888549805,0.0
2019-01-25,15.005955696105955,0.0
2019-01-28,15.076738357543944,0.0
2019-01-29,15.041346549987791,0.0
2019-01-30,15.112130165100098,0.0
2019-02-11,15.182912826538086,0.0
2019-02-12,15.289087295532228,0.0
2019-02-13,15.501435279846191,0.0
2019-02-14,15.430651664733888,0.0
2019-02-15,15.253694534301758,0.0
2019-02-18,15.359869956970217,0.0
2019-02-19,15.289087295532228,0.0
2019-02-20,15.430651664733888,0.0
2019-02-21,15.430651664733888,0.0
2019-02-22,15.466044425964355,0.0
2019-02-25,15.57221794128418,0.0
2019-02-26,15.57221794128418,0.0
2019-02-27,15.643000602722168,0.0
2019-03-04,15.67839241027832,0.0
2019-03-05,15.67839241027832,0.0
2019-03-06,15.713784217834473,0.0
2019-03-07,15.713784217834473,0.0
2019-03-08,15.643000602722168,0.0
2019-03-11,15.643000602722168,0.0
2019-03-12,15.855348587036133,0.0
2019-03-13,15.855348587036133,0.0
2019-03-14,15.819957733154297,0.0
2019-03-15,15.926132202148438,0.0
2019-03-18,16.350828170776367,0.0
2019-03-19,16.492395401000977,0.0
2019-03-20,16.492395401000977,0.0
2019-03-21,16.527786254882812,0.0
2019-03-22,16.704742431640625,0.0
2019-03-25,16.598569869995117,0.0
2019-03-26,16.66935157775879,0.0
2019-03-27,16.598569869995117,0.0
2019-03-28,16.704742431640625,0.0
2019-03-29,16.810916900634766,0.0
2019-04-01,16.88170051574707,0.0
2019-04-02,16.987873077392578,0.0
2019-04-03,16.987873077392578,0.0
2019-04-08,16.952482223510742,0.0
2019-04-09,16.987873077392578,0.0
2019-04-10,16.987873077392578,0.0
2019-04-11,16.917091369628906,0.0
2019-04-12,16.88170051574707,0.0
2019-04-15,16.987873077392578,0.0
2019-04-16,16.917091369628906,0.0
2019-04-17,16.952482223510742,0.0
2019-04-18,16.987873077392578,0.0
2019-04-19,17.058656692504883,0.0
2019-04-22,17.129440307617188,0.0
2019-04-23,17.164831161499023,0.0
2019-04-24,17.164831161499023,0.0
2019-04-25,17.164831161499023,0.0
2019-04-26,17.51874542236328,0.0
2019-04-29,17.97883415222168,0.0
2019-04-30,17.94344139099121,0.0
2019-05-02,18.04961585998535,0.0
2019-05-03,17.908050537109375,0.0
2019-05-06,17.695701599121094,0.0
2019-05-07,17.801876068115234,0.0
2019-05-08,17.7664852142334,0.0
2019-05-09,17.695701599121094,0.0
2019-05-10,17.695701599121094,0.0
2019-05-13,17.837268829345703,0.0
2019-05-14,17.695701599121094,0.0
2019-05-15,17.801876068115234,0.0
2019-05-16,17.7664852142334,0.0
2019-05-17,17.801876068115234,0.0
2019-05-20,18.04961585998535,0.0
2019-05-21,18.545095443725582,0.0
2019-05-22,18.43892288208008,0.0
2019-05-23,18.368139266967773,0.0
2019-05-24,18.47431373596192,0.0
2019-05-27,18.651269912719727,0.0
2019-05-28,18.863618850708008,0.0
2019-05-29,18.82822608947754,0.0
2019-05-30,19.2529239654541,0.0
2019-05-31,19.39448928833008,0.0
2019-06-03,19.2529239654541,0.0
2019-06-04,19.39448928833008,0.0
2019-06-05,19.28831672668457,0.0
2019-06-06,19.39448928833008,0.0
2019-06-10,19.323707580566406,0.0
2019-06-11,18.792835235595703,0.0
2019-06-12,18.26196479797364,0.0
2019-06-13,18.08500862121582,0.0
2019-06-14,18.332748413085938,0.0
2019-06-17,18.332748413085938,0.0
2019-06-18,18.368139266967773,0.0
2019-06-19,18.651269912719727,0.0
2019-06-20,18.61587905883789,0.0
2019-06-21,18.58048820495605,0.0
2019-06-24,18.757444381713867,0.0
2019-06-25,18.72205352783203,0.0
2019-06-26,18.61587905883789,0.0
2019-06-27,18.651269912719727,0.0
2019-06-28,18.40353012084961,0.0
2019-07-01,18.40353012084961,0.0
2019-07-02,18.332748413085938,0.0
2019-07-03,18.47431373596192,0.0
2019-07-04,18.686662673950195,0.0
2019-07-05,18.72205352783203,0.0
2019-07-08,18.651269912719727,0.0
2019-07-09,18.545095443725582,0.0
2019-07-10,18.757444381713867,0.0
2019-07-11,19.2529239654541,0.0
2019-07-12,19.35909843444824,0.0
2019-07-15,19.465272903442383,0.0
2019-07-16,19.35909843444824,0.0
2019-07-17,19.217533111572266,0.0
2019-07-18,19.2529239654541,0.0
2019-07-19,19.465272903442383,0.0
2019-07-22,19.78379440307617,0.0
2019-07-23,19.889970779418945,0.0
2019-07-24,19.889970779418945,0.0
2019-07-25,19.93948745727539,0.502547
2019-07-26,19.82576370239257,0.0
2019-07-29,19.59831619262696,0.0
2019-07-30,19.446685791015625,0.0
2019-07-31,19.71203994750977,0.0
2019-08-01,19.40877723693848,0.0
2019-08-02,19.143423080444336,0.0
2019-08-05,18.95388412475586,0.0
2019-08-06,18.95388412475586,0.0
2019-08-07,18.915977478027344,0.0
2019-08-08,19.143423080444336,0.0
2019-08-12,19.067607879638672,0.0
2019-08-13,18.915977478027344,0.0
2019-08-14,18.991792678833008,0.0
2019-08-15,18.915977478027344,0.0
2019-08-16,19.029699325561523,0.0
2019-08-19,19.25714683532715,0.0
2019-08-20,19.143423080444336,0.0
2019-08-21,18.95388412475586,0.0
2019-08-22,18.840160369873047,0.0
2019-08-23,18.915977478027344,0.0
2019-08-26,18.764345169067383,0.0
2019-08-27,18.878068923950195,0.0
2019-08-28,18.915977478027344,0.0
2019-08-29,18.915977478027344,0.0
2019-08-30,19.143423080444336,0.0
2019-09-02,19.25714683532715,0.0
2019-09-03,19.33296203613281,0.0
2019-09-04,19.181331634521484,0.0
2019-09-05,19.21923828125,0.0
2019-09-06,19.33296203613281,0.0
2019-09-10,20.09111785888672,0.0
2019-09-11,20.129024505615234,0.0
2019-09-12,20.01530265808105,0.0
2019-09-16,19.977394104003903,0.0
2019-09-17,19.977394104003903,0.0
2019-09-18,20.166933059692383,0.0
2019-09-19,20.166933059692383,0.0
2019-09-20,20.31856346130371,0.0
2019-09-23,20.166933059692383,0.0
2019-09-24,20.280656814575195,0.0
2019-09-25,20.129024505615234,0.0
2019-09-26,20.01530265808105,0.0
2019-09-27,19.90157890319824,0.0
2019-10-01,20.09111785888672,0.0
2019-10-02,20.01530265808105,0.0
2019-10-03,19.863670349121094,0.0
2019-10-04,19.82576370239257,0.0
2019-10-07,19.90157890319824,0.0
2019-10-08,19.93948745727539,0.0
2019-10-09,19.90157890319824,0.0
2019-10-14,19.93948745727539,0.0
2019-10-15,20.01530265808105,0.0
2019-10-16,20.01530265808105,0.0
2019-10-17,19.977394104003903,0.0
2019-10-18,20.01530265808105,0.0
2019-10-21,19.93948745727539,0.0
2019-10-22,20.129024505615234,0.0
2019-10-23,19.977394104003903,0.0
2019-10-24,20.242748260498047,0.0
2019-10-25,20.242748260498047,0.0
2019-10-28,20.31856346130371,0.0
2019-10-29,20.394380569458008,0.0
2019-10-30,20.77345848083496,0.0
2019-10-31,20.88718032836914,0.0
2019-11-01,20.849273681640625,0.0
2019-11-04,21.0388126373291,0.0
2019-11-05,21.15253448486328,0.0
2019-11-06,21.19044303894043,0.0
2019-11-07,20.92508888244629,0.0
2019-11-08,20.92508888244629,0.0
2019-11-11,20.697641372680664,0.0
2019-11-12,20.65973472595215,0.0
2019-11-13,20.583919525146484,0.0
2019-11-14,20.508102416992188,0.0
2019-11-15,20.65973472595215,0.0
2019-11-18,20.849273681640625,0.0
2019-11-19,20.962995529174805,0.0
2019-11-20,20.88718032836914,0.0
2019-11-21,20.73554992675781,0.0
2019-11-22,20.697641372680664,0.0
2019-11-25,20.583919525146484,0.0
2019-11-26,20.621826171875,0.0
2019-11-27,20.697641372680664,0.0
2019-11-28,20.583919525146484,0.0
2019-11-29,20.508102416992188,0.0
2019-12-02,20.65973472595215,0.0
2019-12-03,20.73554992675781,0.0
2019-12-04,20.65973472595215,0.0
2019-12-05,20.583919525146484,0.0
2019-12-06,20.583919525146484,0.0
2019-12-09,20.65973472595215,0.0
2019-12-10,20.697641372680664,0.0
2019-12-11,20.697641372680664,0.0
2019-12-12,20.77345848083496,0.0
2019-12-13,20.88718032836914,0.0
2019-12-16,20.92508888244629,0.0
2019-12-17,21.0388126373291,0.0
2019-12-18,21.11462783813477,0.0
2019-12-19,21.0388126373291,0.0
2019-12-20,21.0388126373291,0.0
2019-12-23,21.15253448486328,0.0
2019-12-24,21.15253448486328,0.0
2019-12-25,21.15253448486328,0.0
2019-12-26,21.11462783813477,0.0
2019-12-27,21.19044303894043,0.0
2019-12-30,21.22835159301757,0.0
2019-12-31,21.15253448486328,0.0
2020-01-02,21.19044303894043,0.0
2020-01-03,21.22835159301757,0.0
2020-01-06,21.076719284057617,0.0
2020-01-07,21.076719284057617,0.0
2020-01-08,21.00090408325196,0.0
2020-01-09,21.15253448486328,0.0
2020-01-10,21.30416679382324,0.0
2020-01-13,21.645336151123047,0.0
2020-01-14,21.72115135192871,0.0
2020-01-15,21.683244705200195,0.0
2020-01-16,21.872783660888672,0.0
2020-01-17,21.98650550842285,0.0
2020-01-20,22.21395301818848,0.0
2020-01-30,21.30416679382324,0.0
2020-01-31,21.30416679382324,0.0
2020-02-03,21.266258239746094,0.0
2020-02-04,21.72115135192871,0.0
2020-02-05,21.872783660888672,0.0
2020-02-06,22.06232261657715,0.0
2020-02-07,21.75905990600586,0.0
2020-02-10,21.75905990600586,0.0
2020-02-11,21.79696655273437,0.0
2020-02-12,21.79696655273437,0.0
2020-02-13,21.98650550842285,0.0
2020-02-14,21.910690307617188,0.0
2020-02-17,21.98650550842285,0.0
2020-02-18,22.06232261657715,0.0
2020-02-19,22.630937576293945,0.0
2020-02-20,22.74466133117676,0.0
2020-02-21,22.630937576293945,0.0
2020-02-24,22.365583419799805,0.0
2020-02-25,22.40349197387696,0.0
2020-02-26,22.21395301818848,0.0
2020-02-27,22.0244140625,0.0
2020-03-02,21.72115135192871,0.0
2020-03-03,21.834875106811523,0.0
2020-03-04,21.98650550842285,0.0
2020-03-05,22.365583419799805,0.0
2020-03-06,22.06232261657715,0.0
2020-03-09,21.34207344055176,0.0
2020-03-10,21.22835159301757,0.0
2020-03-11,21.076719284057617,0.0
2020-03-12,20.508102416992188,0.0
2020-03-13,20.09111785888672,0.0
2020-03-16,19.10551643371582,0.0
2020-03-17,17.85455894470215,0.0
2020-03-18,16.8310489654541,0.0
2020-03-19,15.163107872009276,0.0
2020-03-20,16.679418563842773,0.0
2020-03-23,16.072893142700195,0.0
2020-03-24,17.096403121948242,0.0
2020-03-25,18.34736061096192,0.0
2020-03-26,18.27154541015625,0.0
2020-03-27,18.34736061096192,0.0
2020-03-30,18.27154541015625,0.0
2020-03-31,18.38526725769043,0.0
2020-04-01,18.38526725769043,0.0
2020-04-06,18.38526725769043,0.0
2020-04-07,18.65062141418457,0.0
2020-04-08,18.95388412475586,0.0
2020-04-09,19.33296203613281,0.0
2020-04-10,19.59831619262696,0.0
2020-04-13,19.33296203613281,0.0
2020-04-14,19.74994850158692,0.0
2020-04-15,20.20484161376953,0.0
2020-04-16,20.01530265808105,0.0
2020-04-17,19.93948745727539,0.0
2020-04-20,19.863670349121094,0.0
2020-04-21,19.40877723693848,0.0
2020-04-22,19.21923828125,0.0
2020-04-23,19.33296203613281,0.0
2020-04-24,19.48459243774414,0.0
2020-04-27,19.863670349121094,0.0
2020-04-28,20.01530265808105,0.0
2020-04-29,20.280656814575195,0.0
2020-04-30,20.697641372680664,0.0
2020-05-04,20.31856346130371,0.0
2020-05-05,20.35647201538086,0.0
2020-05-06,20.35647201538086,0.0
2020-05-07,20.31856346130371,0.0
2020-05-08,20.35647201538086,0.0
2020-05-11,20.508102416992188,0.0
2020-05-12,20.35647201538086,0.0
2020-05-13,20.583919525146484,0.0
2020-05-14,20.394380569458008,0.0
2020-05-15,20.432287216186523,0.0
2020-05-18,20.31856346130371,0.0
2020-05-19,20.394380569458008,0.0
2020-05-20,20.470195770263672,0.0
2020-05-21,20.470195770263672,0.0
2020-05-22,20.280656814575195,0.0
2020-05-25,20.35647201538086,0.0
2020-05-26,20.394380569458008,0.0
2020-05-27,20.432287216186523,0.0
2020-05-28,20.31856346130371,0.0
2020-05-29,20.20484161376953,0.0
2020-06-01,20.508102416992188,0.0
2020-06-02,20.88718032836914,0.0
2020-06-03,21.379981994628903,0.0
2020-06-04,21.30416679382324,0.0
2020-06-05,21.22835159301757,0.0
2020-06-08,21.30416679382324,0.0
2020-06-09,21.379981994628903,0.0
2020-06-10,21.49370574951172,0.0
2020-06-11,21.22835159301757,0.0
2020-06-12,20.962995529174805,0.0
2020-06-15,20.849273681640625,0.0
2020-06-16,21.266258239746094,0.0
2020-06-17,21.266258239746094,0.0
2020-06-18,21.22835159301757,0.0
2020-06-19,21.076719284057617,0.0
2020-06-22,21.076719284057617,0.0
2020-06-23,21.19044303894043,0.0
2020-06-24,21.19044303894043,0.0
2020-06-29,21.076719284057617,0.0
2020-06-30,21.076719284057617,0.0
2020-07-01,21.22835159301757,0.0
2020-07-02,21.266258239746094,0.0
2020-07-03,21.30416679382324,0.0
2020-07-06,21.531612396240234,0.0
2020-07-07,21.45579719543457,0.0
2020-07-08,21.569520950317383,0.0
2020-07-09,21.45579719543457,0.0
2020-07-10,21.45579719543457,0.0
2020-07-13,21.834875106811523,0.0
2020-07-14,21.834875106811523,0.0
2020-07-15,21.872783660888672,0.0
2020-07-16,21.948598861694336,0.0
2020-07-17,22.100229263305664,0.0
2020-07-20,22.176044464111328,0.0
2020-07-21,22.176044464111328,0.0
2020-07-22,22.13813781738281,0.0
2020-07-23,22.06232261657715,0.0
2020-07-24,21.948598861694336,0.0
2020-07-27,21.948598861694336,0.0
2020-07-28,22.06061744689941,0.647545
2020-07-29,22.26526260375977,0.0
2020-07-30,22.306190490722656,0.0
2020-07-31,22.18340492248535,0.0
2020-08-03,21.93783187866211,0.0
2020-08-04,22.18340492248535,0.0
2020-08-05,22.019689559936523,0.0
2020-08-06,22.101547241210938,0.0
2020-08-07,22.019689559936523,0.0
2020-08-10,21.97876167297364,0.0
2020-08-11,21.97876167297364,0.0
2020-08-12,21.97876167297364,0.0
2020-08-13,22.101547241210938,0.0
2020-08-14,22.06061744689941,0.0
2020-08-17,22.18340492248535,0.0
2020-08-18,22.510835647583008,0.0
2020-08-19,22.5517635345459,0.0
2020-08-20,22.142475128173828,0.0
2020-08-21,22.4289779663086,0.0
2020-08-24,22.142475128173828,0.0
2020-08-25,22.306190490722656,0.0
2020-08-26,22.38804817199707,0.0
2020-08-27,22.26526260375977,0.0
2020-08-28,22.26526260375977,0.0
2020-08-31,22.26526260375977,0.0
2020-09-01,22.26526260375977,0.0
2020-09-02,22.019689559936523,0.0
2020-09-03,21.97876167297364,0.0
2020-09-04,21.815046310424805,0.0
2020-09-07,21.85597419738769,0.0
2020-09-08,21.77411651611328,0.0
2020-09-09,21.77411651611328,0.0
2020-09-10,21.85597419738769,0.0
2020-09-11,21.85597419738769,0.0
2020-09-14,21.77411651611328,0.0
2020-09-15,21.77411651611328,0.0
2020-09-16,21.85597419738769,0.0
2020-09-17,21.77411651611328,0.0
2020-09-18,21.610401153564453,0.0
2020-09-21,21.32390022277832,0.0
2020-09-22,20.955541610717773,0.0
2020-09-23,20.91461181640625,0.0
2020-09-24,20.382537841796875,0.0
2020-09-25,20.70996856689453,0.0
2020-09-28,21.201114654541016,0.0
2020-09-29,21.11925506591797,0.0
2020-09-30,20.955541610717773,0.0
2020-10-05,20.83275413513184,0.0
2020-10-06,21.07832717895508,0.0
2020-10-07,20.955541610717773,0.0
2020-10-08,20.750896453857425,0.0
2020-10-12,20.750896453857425,0.0
2020-10-13,20.5871810913086,0.0
2020-10-14,20.5871810913086,0.0
2020-10-15,20.50532341003418,0.0
2020-10-16,20.382537841796875,0.0
2020-10-19,20.25975227355957,0.0
2020-10-20,20.218822479248047,0.0
2020-10-21,20.05510711669922,0.0
2020-10-22,20.30068016052246,0.0
2020-10-23,20.25975227355957,0.0
2020-10-26,20.4234676361084,0.0
2020-10-27,20.25975227355957,0.0
2020-10-28,20.218822479248047,0.0
2020-10-29,19.93232154846192,0.0
2020-10-30,19.89139175415039,0.0
2020-11-02,20.13696479797364,0.0
2020-11-03,20.382537841796875,0.0
2020-11-04,20.34160804748535,0.0
2020-11-05,20.50532341003418,0.0
2020-11-06,20.70996856689453,0.0
2020-11-09,20.83275413513184,0.0
2020-11-10,21.11925506591797,0.0
2020-11-11,21.692258834838867,0.0
2020-11-12,21.40575790405273,0.0
2020-11-13,21.36482810974121,0.0
2020-11-16,21.40575790405273,0.0
2020-11-17,21.36482810974121,0.0
2020-11-18,21.16018486022949,0.0
2020-11-19,20.996469497680664,0.0
2020-11-20,20.750896453857425,0.0
2020-11-23,20.955541610717773,0.0
2020-11-24,21.07832717895508,0.0
2020-11-25,20.791826248168945,0.0
2020-11-26,20.91461181640625,0.0
2020-11-27,20.83275413513184,0.0
2020-11-30,20.5871810913086,0.0
2020-12-01,20.70996856689453,0.0
2020-12-02,20.70996856689453,0.0
2020-12-03,20.669038772583008,0.0
2020-12-04,20.791826248168945,0.0
2020-12-07,20.5871810913086,0.0
2020-12-08,20.50532341003418,0.0
2020-12-09,20.546253204345703,0.0
2020-12-10,20.46439552307129,0.0
2020-12-11,20.546253204345703,0.0
2020-12-14,20.46439552307129,0.0
2020-12-15,20.34160804748535,0.0
2020-12-16,20.669038772583008,0.0
2020-12-17,20.70996856689453,0.0
2020-12-18,20.5871810913086,0.0
2020-12-21,20.70996856689453,0.0
2020-12-22,20.46439552307129,0.0
2020-12-23,20.4234676361084,0.0
2020-12-24,20.4234676361084,0.0
2020-12-25,20.46439552307129,0.0
2020-12-28,20.4234676361084,0.0
2020-12-29,20.46439552307129,0.0
2020-12-30,21.037399291992188,0.0
2020-12-31,20.91461181640625,0.0
2021-01-04,20.750896453857425,0.0
2021-01-05,20.70996856689453,0.0
2021-01-06,20.62811088562012,0.0
2021-01-07,20.62811088562012,0.0
2021-01-08,20.87368392944336,0.0
2021-01-11,20.87368392944336,0.0
2021-01-12,20.70996856689453,0.0
2021-01-13,20.70996856689453,0.0
2021-01-14,20.62811088562012,0.0
2021-01-15,20.46439552307129,0.0
2021-01-18,20.382537841796875,0.0
2021-01-19,20.382537841796875,0.0
2021-01-20,20.096036911010746,0.0
2021-01-21,20.05510711669922,0.0
2021-01-22,19.89139175415039,0.0
2021-01-25,19.8504638671875,0.0
2021-01-26,19.72767639160156,0.0
2021-01-27,19.809534072875977,0.0
2021-01-28,19.64582061767578,0.0
2021-01-29,19.318389892578125,0.0
2021-02-01,19.563962936401367,0.0
2021-02-02,19.72767639160156,0.0
2021-02-03,19.60489082336425,0.0
2021-02-04,19.64582061767578,0.0
2021-02-05,19.72767639160156,0.0
2021-02-17,20.218822479248047,0.0
2021-02-18,20.382537841796875,0.0
2021-02-19,20.382537841796875,0.0
2021-02-22,20.34160804748535,0.0
2021-02-23,20.669038772583008,0.0
2021-02-24,20.750896453857425,0.0
2021-02-25,21.07832717895508,0.0
2021-02-26,20.669038772583008,0.0
2021-03-02,20.5871810913086,0.0
2021-03-03,20.669038772583008,0.0
2021-03-04,20.546253204345703,0.0
2021-03-05,20.50532341003418,0.0
2021-03-08,20.5871810913086,0.0
2021-03-09,21.037399291992188,0.0
2021-03-10,21.2829704284668,0.0
2021-03-11,21.201114654541016,0.0
2021-03-12,21.242042541503903,0.0
2021-03-15,21.36482810974121,0.0
2021-03-16,21.44668769836425,0.0
2021-03-17,21.2829704284668,0.0
2021-03-18,21.36482810974121,0.0
2021-03-19,21.32390022277832,0.0
2021-03-22,21.242042541503903,0.0
2021-03-23,21.201114654541016,0.0
2021-03-24,21.2829704284668,0.0
2021-03-25,21.32390022277832,0.0
2021-03-26,21.44668769836425,0.0
2021-03-29,21.44668769836425,0.0
2021-03-30,21.44668769836425,0.0
2021-03-31,21.36482810974121,0.0
2021-04-01,21.36482810974121,0.0
2021-04-07,21.40575790405273,0.0
2021-04-08,21.44668769836425,0.0
2021-04-09,21.40575790405273,0.0
2021-04-12,21.44668769836425,0.0
2021-04-13,21.48761558532715,0.0
2021-04-14,21.56947326660156,0.0
2021-04-15,22.019689559936523,0.0
2021-04-16,22.06061744689941,0.0
2021-04-19,22.306190490722656,0.0
2021-04-20,22.26526260375977,0.0
2021-04-21,22.101547241210938,0.0
2021-04-22,21.97876167297364,0.0
2021-04-23,21.93783187866211,0.0
2021-04-26,22.101547241210938,0.0
2021-04-27,22.101547241210938,0.0
2021-04-28,22.06061744689941,0.0
2021-04-29,22.06061744689941,0.0
2021-05-03,21.77411651611328,0.0
2021-05-04,21.48761558532715,0.0
2021-05-05,21.52854347229004,0.0
2021-05-06,21.77411651611328,0.0
2021-05-07,21.815046310424805,0.0
2021-05-10,21.93783187866211,0.0
2021-05-11,21.48761558532715,0.0
2021-05-12,20.791826248168945,0.0
2021-05-13,20.750896453857425,0.0
2021-05-14,20.91461181640625,0.0
2021-05-17,20.4234676361084,0.0
2021-05-18,20.955541610717773,0.0
2021-05-19,20.791826248168945,0.0
2021-05-20,20.669038772583008,0.0
2021-05-21,20.83275413513184,0.0
2021-05-24,20.669038772583008,0.0
2021-05-25,20.791826248168945,0.0
2021-05-26,20.91461181640625,0.0
2021-05-27,20.70996856689453,0.0
2021-05-28,20.791826248168945,0.0
2021-05-31,20.91461181640625,0.0
2021-06-01,21.201114654541016,0.0
2021-06-02,21.2829704284668,0.0
2021-06-03,21.242042541503903,0.0
2021-06-04,21.242042541503903,0.0
2021-06-07,21.201114654541016,0.0
2021-06-08,21.242042541503903,0.0
2021-06-09,21.037399291992188,0.0
2021-06-10,21.16018486022949,0.0
2021-06-11,21.11925506591797,0.0
2021-06-15,21.07832717895508,0.0
2021-06-16,20.955541610717773,0.0
2021-06-17,20.996469497680664,0.0
2021-06-18,20.87368392944336,0.0
2021-06-21,20.83275413513184,0.0
2021-06-22,20.791826248168945,0.0
2021-06-23,21.201114654541016,0.0
2021-06-24,21.242042541503903,0.0
2021-06-25,21.40575790405273,0.0
2021-06-28,21.48761558532715,0.0
2021-06-29,21.40575790405273,0.0
2021-06-30,21.52854347229004,0.0
2021-07-01,21.2829704284668,0.0
2021-07-02,21.2829704284668,0.0
2021-07-05,21.32390022277832,0.0
2021-07-06,21.40575790405273,0.0
2021-07-07,21.40575790405273,0.0
2021-07-08,21.44668769836425,0.0
2021-07-09,21.44668769836425,0.0
2021-07-12,21.48761558532715,0.0
2021-07-13,21.48761558532715,0.0
2021-07-14,21.52854347229004,0.0
2021-07-15,21.56947326660156,0.0
2021-07-16,21.692258834838867,0.0
2021-07-19,21.610401153564453,0.0
2021-07-20,21.610401153564453,0.0
2021-07-21,21.56947326660156,0.0
2021-07-22,21.651330947875977,0.0
2021-07-23,21.77411651611328,0.0
2021-07-26,21.692258834838867,0.0
2021-07-27,21.692258834838867,0.0
2021-07-28,21.692258834838867,0.0
2021-07-29,21.77411651611328,0.0
2021-07-30,21.692258834838867,0.0
2021-08-02,22.019689559936523,0.0
2021-08-03,22.06061744689941,0.0
2021-08-04,22.019689559936523,0.0
2021-08-05,22.019689559936523,0.0
2021-08-06,21.97876167297364,0.0
2021-08-09,22.019689559936523,0.0
2021-08-10,22.101547241210938,0.0
2021-08-11,22.101547241210938,0.0
2021-08-12,22.101547241210938,0.0
2021-08-13,22.06061744689941,0.0
2021-08-16,21.85597419738769,0.0
2021-08-17,21.85597419738769,0.0
2021-08-18,22.101547241210938,0.0
2021-08-19,22.06061744689941,0.0
2021-08-20,21.97876167297364,0.0
2021-08-23,22.019689559936523,0.0
2021-08-24,22.34712028503418,0.0
2021-08-25,22.38804817199707,0.0
2021-08-26,22.4289779663086,0.0
2021-08-27,22.674549102783203,0.0
2021-08-30,22.79733657836914,0.0
2021-08-31,23.10477638244629,0.529846
2021-09-01,22.627046585083008,0.0
2021-09-02,22.80076789855957,0.0
2021-09-03,22.84419631958008,0.0
2021-09-06,22.80076789855957,0.0
2021-09-07,22.80076789855957,0.0
2021-09-08,22.80076789855957,0.0
2021-09-09,22.80076789855957,0.0
2021-09-10,22.84419631958008,0.0
2021-09-13,22.84419631958008,0.0
2021-09-14,22.88762664794922,0.0
2021-09-15,22.84419631958008,0.0
2021-09-16,22.88762664794922,0.0
2021-09-17,22.80076789855957,0.0
2021-09-22,22.496755599975582,0.0
2021-09-23,22.80076789855957,0.0
2021-09-24,22.84419631958008,0.0
2021-09-27,22.93105697631836,0.0
2021-09-28,22.93105697631836,0.0
2021-09-29,22.88762664794922,0.0
2021-09-30,22.84419631958008,0.0
2021-10-01,22.67047691345215,0.0
2021-10-04,22.583616256713867,0.0
2021-10-05,22.496755599975582,0.0
2021-10-06,22.627046585083008,0.0
2021-10-07,22.80076789855957,0.0
2021-10-08,22.583616256713867,0.0
2021-10-12,22.713905334472656,0.0
2021-10-13,22.713905334472656,0.0
2021-10-14,22.67047691345215,0.0
2021-10-15,22.7573356628418,0.0
2021-10-18,22.7573356628418,0.0
2021-10-19,22.80076789855957,0.0
2021-10-20,22.84419631958008,0.0
2021-10-21,23.01791763305664,0.0
2021-10-22,22.9744873046875,0.0
2021-10-25,22.88762664794922,0.0
2021-10-26,23.14820671081543,0.0
2021-10-27,23.23506736755371,0.0
2021-10-28,23.10477638244629,0.0
2021-10-29,23.06134605407715,0.0
2021-11-01,23.14820671081543,0.0
2021-11-02,23.19163703918457,0.0
2021-11-03,23.19163703918457,0.0
2021-11-04,23.19163703918457,0.0
2021-11-05,23.27849769592285,0.0
2021-11-08,23.3653564453125,0.0
2021-11-09,23.45221710205078,0.0
2021-11-10,23.756227493286133,0.0
2021-11-11,24.103666305541992,0.0
2021-11-12,23.973377227783203,0.0
2021-11-15,24.277387619018555,0.0
2021-11-16,24.23395729064941,0.0
2021-11-17,24.277387619018555,0.0
2021-11-18,24.277387619018555,0.0
2021-11-19,24.016807556152344,0.0
2021-11-22,23.88651657104492,0.0
2021-11-23,23.79965782165528,0.0
2021-11-24,24.32081794738769,0.0
2021-11-25,24.23395729064941,0.0
2021-11-26,23.973377227783203,0.0
2021-11-29,23.62593650817871,0.0
2021-11-30,23.40878677368164,0.0
2021-12-01,23.929946899414062,0.0
2021-12-02,24.060237884521484,0.0
2021-12-03,24.190528869628903,0.0
2021-12-06,24.23395729064941,0.0
2021-12-07,24.32081794738769,0.0
2021-12-08,24.32081794738769,0.0
2021-12-09,24.32081794738769,0.0
2021-12-10,24.277387619018555,0.0
2021-12-13,24.190528869628903,0.0
2021-12-14,24.103666305541992,0.0
2021-12-15,24.060237884521484,0.0
2021-12-16,24.190528869628903,0.0
2021-12-17,24.32081794738769,0.0
2021-12-20,24.14709854125977,0.0
2021-12-21,24.277387619018555,0.0
2021-12-22,24.23395729064941,0.0
2021-12-23,24.23395729064941,0.0
2021-12-24,24.277387619018555,0.0
2021-12-27,24.277387619018555,0.0
2021-12-28,24.32081794738769,0.0
2021-12-29,24.36424827575684,0.0
2021-12-30,24.36424827575684,0.0
2022-01-03,24.32081794738769,0.0
2022-01-04,24.407678604125977,0.0
2022-01-05,24.494537353515625,0.0
2022-01-06,24.798547744750977,0.0
2022-01-07,25.14598846435547,0.0
2022-01-10,25.14598846435547,0.0
2022-01-11,25.44999885559082,0.0
2022-01-12,25.5368595123291,0.0
2022-01-13,25.97115898132324,0.0
2022-01-14,25.62371826171875,0.0
2022-01-17,25.36313819885254,0.0
2022-01-18,25.36313819885254,0.0
2022-01-19,25.18941879272461,0.0
2022-01-20,25.14598846435547,0.0
2022-01-21,25.059127807617188,0.0
2022-01-24,25.059127807617188,0.0
2022-01-25,25.059127807617188,0.0
2022-01-26,25.18941879272461,0.0
2022-02-07,26.014589309692383,0.0
2022-02-08,26.14487838745117,0.0
2022-02-09,26.36202812194824,0.0
2022-02-10,26.31859970092773,0.0
2022-02-11,26.405458450317383,0.0
2022-02-14,26.36202812194824,0.0
2022-02-15,26.2751693725586,0.0
2022-02-16,26.622608184814453,0.0
2022-02-17,26.492319107055664,0.0
2022-02-18,26.36202812194824,0.0
2022-02-21,26.231739044189453,0.0
2022-02-22,26.058019638061523,0.0
2022-02-23,26.058019638061523,0.0
2022-02-24,25.71057891845703,0.0
2022-02-25,25.58028984069824,0.0
2022-03-01,25.88429832458496,0.0
2022-03-02,25.97115898132324,0.0
2022-03-03,26.014589309692383,0.0
2022-03-04,25.797439575195312,0.0
2022-03-07,25.36313819885254,0.0
2022-03-08,25.14598846435547,0.0
2022-03-09,25.015697479248047,0.0
2022-03-10,25.97115898132324,0.0
2022-03-11,26.014589309692383,0.0
2022-03-14,26.10144805908203,0.0
2022-03-15,26.14487838745117,0.0
2022-03-16,26.492319107055664,0.0
2022-03-17,26.83975982666016,0.0
2022-03-18,26.97005081176757,0.0
2022-03-21,27.056909561157227,0.0
2022-03-22,27.274059295654297,0.0
2022-03-23,27.534639358520508,0.0
2022-03-24,27.62150001525879,0.0
2022-03-25,27.62150001525879,0.0
2022-03-28,27.882080078125,0.0
2022-03-29,28.05579948425293,0.0
2022-03-30,28.533531188964844,0.0
2022-03-31,28.707250595092773,0.0
2022-04-01,28.66382026672364,0.0
2022-04-06,29.575851440429688,0.0
2022-04-07,29.31527137756348,0.0
2022-04-08,30.270732879638672,0.0
2022-04-11,30.70503234863281,0.0
2022-04-12,30.531312942504883,0.0
2022-04-13,30.61817169189453,0.0
2022-04-14,28.967830657958984,0.0
2022-04-15,28.924400329589844,0.0
2022-04-18,27.96894073486328,0.0
2022-04-19,27.92551040649414,0.0
2022-04-20,28.22952079772949,0.0
2022-04-21,27.96894073486328,0.0
2022-04-22,28.66382026672364,0.0
2022-04-25,28.18609046936035,0.0
2022-04-26,29.054691314697266,0.0
2022-04-27,28.837541580200195,0.0
2022-04-28,28.924400329589844,0.0
2022-04-29,29.402130126953125,0.0
2022-05-03,28.403240203857425,0.0
2022-05-04,28.14266014099121,0.0
2022-05-05,27.882080078125,0.0
2022-05-06,27.62150001525879,0.0
2022-05-09,26.6660385131836,0.0
2022-05-10,26.36202812194824,0.0
2022-05-11,26.622608184814453,0.0
2022-05-12,25.62371826171875,0.0
2022-05-13,25.58028984069824,0.0
2022-05-16,25.27627754211425,0.0
2022-05-17,24.84197807312012,0.0
2022-05-18,25.71057891845703,0.0
2022-05-19,24.972267150878903,0.0
2022-05-20,25.102558135986328,0.0
2022-05-23,25.58028984069824,0.0
2022-05-24,25.58028984069824,0.0
2022-05-25,25.66714859008789,0.0
2022-05-26,25.015697479248047,0.0
2022-05-27,25.5368595123291,0.0
2022-05-30,26.10144805908203,0.0
2022-05-31,26.579179763793945,0.0
2022-06-01,25.88429832458496,0.0
2022-06-02,25.66714859008789,0.0
2022-06-06,25.71057891845703,0.0
2022-06-07,25.49342918395996,0.0
2022-06-08,25.62371826171875,0.0
2022-06-09,25.3197078704834,0.0
2022-06-10,25.3197078704834,0.0
2022-06-13,25.102558135986328,0.0
2022-06-14,25.58028984069824,0.0
2022-06-15,25.3197078704834,0.0
2022-06-16,25.62371826171875,0.0
2022-06-17,25.27627754211425,0.0
2022-06-20,25.18941879272461,0.0
2022-06-21,25.62371826171875,0.0
2022-06-22,25.14598846435547,0.0
2022-06-23,25.5368595123291,0.0
2022-06-24,25.75400924682617,0.0
2022-06-27,25.797439575195312,0.0
2022-06-28,25.797439575195312,0.0
2022-06-29,25.5368595123291,0.0
2022-06-30,25.18941879272461,0.0
2022-07-01,25.27627754211425,0.0
2022-07-04,25.14598846435547,0.0
2022-07-05,25.23284721374512,0.0
2022-07-06,24.84197807312012,0.0
2022-07-07,24.84197807312012,0.0
2022-07-08,24.581398010253903,0.0
2022-07-11,23.49564743041992,0.0
2022-07-12,23.01791763305664,0.0
2022-07-13,23.539077758789062,0.0
2022-07-14,23.79965782165528,0.0
2022-07-15,23.62593650817871,0.0
2022-07-18,24.32081794738769,0.0
2022-07-19,24.190528869628903,0.0
2022-07-20,24.190528869628903,0.0
2022-07-21,24.71168708801269,0.0
2022-07-22,25.23284721374512,0.0
2022-07-25,25.3197078704834,0.0
2022-07-26,25.36313819885254,0.0
2022-07-27,25.49342918395996,0.0
2022-07-28,25.63536071777344,0.621182
2022-07-29,25.49629020690918,0.0
2022-08-01,25.21814727783203,0.0
2022-08-02,25.35721969604492,0.0
2022-08-03,25.21814727783203,0.0
2022-08-04,25.31086158752441,0.0
2022-08-05,25.54264640808105,0.0
2022-08-08,25.58900260925293,0.0
2022-08-09,26.05257225036621,0.0
2022-08-10,26.09892845153809,0.0
2022-08-11,26.42342758178711,0.0
2022-08-12,26.377071380615234,0.0
2022-08-15,26.28435707092285,0.0
2022-08-16,26.238000869750977,0.0
2022-08-17,26.19164276123047,0.0
2022-08-18,26.006214141845703,0.0
2022-08-19,26.006214141845703,0.0
2022-08-22,25.82078742980957,0.0
2022-08-23,25.54264640808105,0.0
2022-08-24,25.63536071777344,0.0
2022-08-25,25.77443122863769,0.0
2022-08-26,25.95985984802246,0.0
2022-08-29,25.681716918945312,0.0
2022-08-30,25.63536071777344,0.0
2022-08-31,26.1452865600586,0.0
2022-09-01,25.63536071777344,0.0
2022-09-02,25.58900260925293,0.0
2022-09-05,25.54264640808105,0.0
2022-09-06,25.77443122863769,0.0
2022-09-07,25.31086158752441,0.0
2022-09-08,25.49629020690918,0.0
2022-09-12,25.728073120117188,0.0
2022-09-13,25.728073120117188,0.0
2022-09-14,25.4035758972168,0.0
2022-09-15,25.54264640808105,0.0
2022-09-16,25.4035758972168,0.0
2022-09-19,25.4035758972168,0.0
2022-09-20,25.4035758972168,0.0
2022-09-21,25.31086158752441,0.0
2022-09-22,24.84729385375977,0.0
2022-09-23,24.80093574523925,0.0
2022-09-26,24.43008041381836,0.0
2022-09-27,24.244653701782227,0.0
2022-09-28,24.19829750061035,0.0
2022-09-29,24.19829750061035,0.0
2022-09-30,23.873798370361328,0.0
2022-10-03,23.50294303894043,0.0
2022-10-04,23.456586837768555,0.0
2022-10-05,23.41023063659668,0.0
2022-10-06,23.59565734863281,0.0
2022-10-07,23.456586837768555,0.0
2022-10-11,22.62216186523437,0.0
2022-10-12,22.80759048461914,0.0
2022-10-13,22.01952362060547,0.0
2022-10-14,21.834095001220703,0.0
2022-10-17,21.41688346862793,0.0
2022-10-18,21.324169158935547,0.0
2022-10-19,20.8606014251709,0.0
2022-10-20,20.906957626342773,0.0
2022-10-21,21.277812957763672,0.0
2022-10-24,21.18509864807129,0.0
2022-10-25,21.13874244689941,0.0
2022-10-26,21.509597778320312,0.0
2022-10-27,21.41688346862793,0.0
2022-10-28,21.463239669799805,0.0
2022-10-31,21.509597778320312,0.0
2022-11-01,21.695024490356445,0.0
2022-11-02,21.555953979492188,0.0
2022-11-03,21.370525360107425,0.0
2022-11-04,21.370525360107425,0.0
2022-11-07,21.787738800048828,0.0
2022-11-08,21.787738800048828,0.0
2022-11-09,21.74138069152832,0.0
2022-11-10,21.509597778320312,0.0
2022-11-11,22.25130653381348,0.0
2022-11-14,22.297664642333984,0.0
2022-11-15,22.43673515319824,0.0
2022-11-16,22.25130653381348,0.0
2022-11-17,22.01952362060547,0.0
2022-11-18,21.97316551208496,0.0
2022-11-21,22.01952362060547,0.0
2022-11-22,22.01952362060547,0.0
2022-11-23,22.25130653381348,0.0
2022-11-24,22.48309135437012,0.0
2022-11-25,22.390378952026367,0.0
2022-11-28,22.34402084350586,0.0
2022-11-29,22.71487617492676,0.0
2022-11-30,22.99301719665528,0.0
2022-12-01,22.80759048461914,0.0
2022-12-02,22.390378952026367,0.0
2022-12-05,22.48309135437012,0.0
2022-12-06,22.43673515319824,0.0
2022-12-07,22.62216186523437,0.0
2022-12-08,22.853946685791016,0.0
2022-12-09,22.853946685791016,0.0
2022-12-12,22.76123237609864,0.0
2022-12-13,22.43673515319824,0.0
2022-12-14,22.853946685791016,0.0
2022-12-15,22.80759048461914,0.0
2022-12-16,22.48309135437012,0.0
2022-12-19,22.529449462890625,0.0
2022-12-20,22.25130653381348,0.0
2022-12-21,22.34402084350586,0.0
2022-12-22,22.5758056640625,0.0
2022-12-23,22.34402084350586,0.0
2022-12-26,22.390378952026367,0.0
2022-12-27,22.529449462890625,0.0
2022-12-28,22.297664642333984,0.0
2022-12-29,22.34402084350586,0.0
2022-12-30,22.297664642333984,0.0
2023-01-03,22.25130653381348,0.0
2023-01-04,22.065879821777344,0.0
2023-01-05,22.25130653381348,0.0
2023-01-06,22.2049503326416,0.0
2023-01-09,22.80759048461914,0.0
2023-01-10,22.71487617492676,0.0
2023-01-11,22.43673515319824,0.0
2023-01-12,22.297664642333984,0.0
2023-01-13,22.48309135437012,0.0
2023-01-16,22.66851806640625,0.0
2023-01-17,22.390378952026367,0.0
2023-01-30,23.085731506347656,0.0
2023-01-31,22.71487617492676,0.0
2023-02-01,22.853946685791016,0.0
2023-02-02,22.853946685791016,0.0
2023-02-03,22.900304794311523,0.0
2023-02-06,22.71487617492676,0.0
2023-02-07,22.62216186523437,0.0
2023-02-08,22.71487617492676,0.0
2023-02-09,22.80759048461914,0.0
2023-02-10,22.900304794311523,0.0
2023-02-13,23.36387252807617,0.0
2023-02-14,23.41023063659668,0.0
2023-02-15,23.22480201721192,0.0
2023-02-16,23.27115821838379,0.0
2023-02-17,23.549299240112305,0.0
2023-02-20,24.10558319091797,0.0
2023-02-21,22.9466609954834,0.0
2023-02-22,23.085731506347656,0.0
2023-02-23,23.13208770751953,0.0
2023-02-24,23.13208770751953,0.0
2023-03-01,22.99301719665528,0.0
2023-03-02,22.900304794311523,0.0
2023-03-03,22.853946685791016,0.0
2023-03-06,23.03937339782715,0.0
2023-03-07,23.17844581604004,0.0
2023-03-08,23.17844581604004,0.0
2023-03-09,23.03937339782715,0.0
2023-03-10,22.76123237609864,0.0
2023-03-13,22.5758056640625,0.0
2023-03-14,22.297664642333984,0.0
2023-03-15,22.25130653381348,0.0
2023-03-16,21.834095001220703,0.0
2023-03-17,21.97316551208496,0.0
2023-03-20,22.01952362060547,0.0
2023-03-21,22.2049503326416,0.0
2023-03-22,22.66851806640625,0.0
2023-03-23,22.853946685791016,0.0
2023-03-24,22.900304794311523,0.0
2023-03-27,22.900304794311523,0.0
2023-03-28,22.99301719665528,0.0
2023-03-29,23.085731506347656,0.0
2023-03-30,23.17844581604004,0.0
2023-03-31,23.456586837768555,0.0
2023-04-06,23.59565734863281,0.0
2023-04-07,23.38039970397949,0.0
2023-04-10,23.38039970397949,0.0
2023-04-11,23.61420249938965,0.0
2023-04-12,23.66096305847168,0.0
2023-04-13,23.66096305847168,0.0
2023-04-14,23.801246643066406,0.0
2023-04-17,23.61420249938965,0.0
2023-04-18,23.66096305847168,0.0
2023-04-19,23.427160263061523,0.0
2023-04-20,23.2868766784668,0.0
2023-04-21,23.24011611938477,0.0
2023-04-24,23.38039970397949,0.0
2023-04-25,23.333637237548828,0.0
2023-04-26,23.333637237548828,0.0
2023-04-27,23.19335556030273,0.0
2023-04-28,23.333637237548828,0.0
2023-05-02,23.2868766784668,0.0
2023-05-03,23.19335556030273,0.0
2023-05-04,23.2868766784668,0.0
2023-05-05,23.333637237548828,0.0
2023-05-08,23.333637237548828,0.0
2023-05-09,23.427160263061523,0.0
2023-05-10,23.84800720214844,0.0
2023-05-11,23.801246643066406,0.0
2023-05-12,23.61420249938965,0.0
2023-05-15,23.66096305847168,0.0
2023-05-16,24.03504943847656,0.0
2023-05-17,24.22209358215332,0.0
2023-05-18,24.315614700317383,0.0
2023-05-19,24.596179962158203,0.0
2023-05-22,24.50265884399414,0.0
2023-05-23,24.409135818481445,0.0
2023-05-24,24.409135818481445,0.0
2023-05-25,24.12857246398925,0.0
2023-05-26,24.081811904907227,0.0
2023-05-29,24.12857246398925,0.0
2023-05-30,24.22209358215332,0.0
2023-05-31,24.22209358215332,0.0
2023-06-01,24.175331115722656,0.0
2023-06-02,24.315614700317383,0.0
2023-06-05,24.642940521240234,0.0
2023-06-06,24.829984664916992,0.0
2023-06-07,24.97026634216309,0.0
2023-06-08,24.87674331665039,0.0
2023-06-09,24.783222198486328,0.0
2023-06-12,24.50265884399414,0.0
2023-06-13,24.596179962158203,0.0
2023-06-14,24.54941940307617,0.0
2023-06-15,24.54941940307617,0.0
2023-06-16,24.50265884399414,0.0
2023-06-19,24.596179962158203,0.0
2023-06-20,24.596179962158203,0.0
2023-06-21,24.689701080322266,0.0
2023-06-26,24.642940521240234,0.0
2023-06-27,24.50265884399414,0.0
2023-06-28,24.409135818481445,0.0
2023-06-29,24.26885414123535,0.0
2023-06-30,24.36237525939941,0.0
2023-07-03,24.50265884399414,0.0
2023-07-04,24.36237525939941,0.0
2023-07-05,24.45589637756348,0.0
2023-07-06,24.12857246398925,0.0
2023-07-07,23.89476776123047,0.0
2023-07-10,23.801246643066406,0.0
2023-07-11,24.12857246398925,0.0
2023-07-12,24.26885414123535,0.0
2023-07-13,24.315614700317383,0.0
2023-07-14,24.596179962158203,0.0
2023-07-17,24.736461639404297,0.0
2023-07-18,24.736461639404297,0.0
2023-07-19,24.736461639404297,0.0
2023-07-20,24.87674331665039,0.0
2023-07-21,24.736461639404297,0.0
2023-07-24,24.54941940307617,0.0
2023-07-25,24.829984664916992,0.0
2023-07-26,25.20406913757324,0.0
2023-07-27,25.236618041992188,0.183826
2023-07-28,25.18808555603028,0.0
2023-07-31,25.09102249145508,0.0
2023-08-01,25.18808555603028,0.0
2023-08-02,24.89689445495605,0.0
2023-08-04,24.799829483032227,0.0
2023-08-07,24.99395751953125,0.0
2023-08-08,24.84836196899414,0.0
2023-08-09,25.13955307006836,0.0
2023-08-10,25.09102249145508,0.0
2023-08-11,24.94542694091797,0.0
2023-08-14,24.60570335388184,0.0
2023-08-15,24.265979766845703,0.0
2023-08-16,23.829191207885746,0.0
2023-08-17,23.780658721923828,0.0
2023-08-18,23.877723693847656,0.0
2023-08-21,24.12038230895996,0.0
2023-08-22,23.926254272460938,0.0
2023-08-23,23.829191207885746,0.0
2023-08-24,23.68359565734864,0.0
2023-08-25,23.63506317138672,0.0
2023-08-28,23.780658721923828,0.0
2023-08-29,23.877723693847656,0.0
2023-08-30,24.07185173034668,0.0
2023-08-31,23.73212623596192,0.0
2023-09-01,23.829191207885746,0.0
2023-09-04,23.877723693847656,0.0
2023-09-05,23.780658721923828,0.0
2023-09-06,23.63506317138672,0.0
2023-09-07,23.48946762084961,0.0
2023-09-08,23.48946762084961,0.0
2023-09-11,23.44093513488769,0.0
2023-09-12,23.53799819946289,0.0
2023-09-13,23.586530685424805,0.0
2023-09-14,24.07185173034668,0.0
2023-09-15,23.68359565734864,0.0
2023-09-18,23.73212623596192,0.0
2023-09-19,23.73212623596192,0.0
2023-09-20,23.63506317138672,0.0
2023-09-21,23.3438720703125,0.0
2023-09-22,23.39240455627441,0.0
2023-09-25,23.586530685424805,0.0
2023-09-26,23.44093513488769,0.0
2023-09-27,23.44093513488769,0.0
2023-09-28,23.53799819946289,0.0
2023-10-02,23.44093513488769,0.0
2023-10-03,23.39240455627441,0.0
2023-10-04,23.10121154785156,0.0
2023-10-05,23.295339584350582,0.0
2023-10-06,23.48946762084961,0.0
2023-10-11,23.877723693847656,0.0
2023-10-12,24.02331924438477,0.0
2023-10-13,23.926254272460938,0.0
2023-10-16,23.97478675842285,0.0
2023-10-17,23.97478675842285,0.0
2023-10-18,23.780658721923828,0.0
2023-10-19,23.48946762084961,0.0
2023-10-20,23.295339584350582,0.0
2023-10-23,23.3438720703125,0.0
2023-10-24,23.246807098388672,0.0
2023-10-25,23.246807098388672,0.0
2023-10-26,23.10121154785156,0.0
2023-10-27,23.295339584350582,0.0
2023-10-30,23.14974403381348,0.0
2023-10-31,23.14974403381348,0.0
2023-11-01,23.14974403381348,0.0
2023-11-02,23.44093513488769,0.0
2023-11-03,23.63506317138672,0.0
2023-11-06,23.829191207885746,0.0
2023-11-07,23.780658721923828,0.0
2023-11-08,23.829191207885746,0.0
2023-11-09,23.73212623596192,0.0
2023-11-10,23.780658721923828,0.0
2023-11-13,23.780658721923828,0.0
2023-11-14,23.780658721923828,0.0
2023-11-15,23.877723693847656,0.0
2023-11-16,24.41157531738281,0.0
2023-11-17,24.41157531738281,0.0
2023-11-20,24.460107803344727,0.0
2023-11-21,24.94542694091797,0.0
2023-11-22,24.751298904418945,0.0
2023-11-23,24.799829483032227,0.0
2023-11-24,24.751298904418945,0.0
2023-11-27,24.60570335388184,0.0
2023-11-28,24.94542694091797,0.0
2023-11-29,24.799829483032227,0.0
2023-11-30,24.84836196899414,0.0
2023-12-01,24.508638381958008,0.0
2023-12-04,24.508638381958008,0.0
2023-12-05,24.70276641845703,0.0
2023-12-06,24.799829483032227,0.0
2023-12-07,24.751298904418945,0.0
2023-12-08,24.84836196899414,0.0
2023-12-11,24.84836196899414,0.0
2023-12-12,24.751298904418945,0.0
2023-12-13,24.70276641845703,0.0
2023-12-14,24.99395751953125,0.0
2023-12-15,24.94542694091797,0.0
2023-12-18,24.89689445495605,0.0
2023-12-19,24.751298904418945,0.0
2023-12-20,24.65423583984375,0.0
2023-12-21,24.65423583984375,0.0
2023-12-22,24.65423583984375,0.0
2023-12-25,24.60570335388184,0.0
2023-12-26,24.751298904418945,0.0
2023-12-27,24.94542694091797,0.0
2023-12-28,25.042490005493164,0.0
2023-12-29,25.042490005493164,0.0
2024-01-02,25.13955307006836,0.0
2024-01-03,24.84836196899414,0.0
2024-01-04,24.94542694091797,0.0
2024-01-05,24.89689445495605,0.0
2024-01-08,25.042490005493164,0.0
2024-01-09,24.751298904418945,0.0
2024-01-10,24.65423583984375,0.0
2024-01-11,24.65423583984375,0.0
2024-01-12,24.60570335388184,0.0
2024-01-15,24.65423583984375,0.0
2024-01-16,24.265979766845703,0.0
2024-01-17,23.877723693847656,0.0
2024-01-18,23.829191207885746,0.0
2024-01-19,23.97478675842285,0.0
2024-01-22,23.829191207885746,0.0
2024-01-23,23.926254272460938,0.0
2024-01-24,23.926254272460938,0.0
2024-01-25,23.926254272460938,0.0
2024-01-26,24.12038230895996,0.0
2024-01-29,24.265979766845703,0.0
2024-01-30,24.02331924438477,0.0
2024-01-31,24.02331924438477,0.0
2024-02-01,24.168914794921875,0.0
2024-02-02,24.12038230895996,0.0
2024-02-05,23.780658721923828,0.0
2024-02-15,23.926254272460938,0.0
2024-02-16,23.926254272460938,0.0
2024-02-19,24.07185173034668,0.0
2024-02-20,24.02331924438477,0.0
2024-02-21,23.926254272460938,0.0
2024-02-22,23.780658721923828,0.0
2024-02-23,23.68359565734864,0.0
2024-02-26,23.63506317138672,0.0
2024-02-27,24.3630428314209,0.0
2024-02-29,24.508638381958008,0.0
2024-03-01,24.60570335388184,0.0
2024-03-04,24.60570335388184,0.0
2024-03-05,24.55717086791992,0.0
2024-03-06,24.65423583984375,0.0
2024-03-07,24.65423583984375,0.0
2024-03-08,24.55717086791992,0.0
2024-03-11,24.751298904418945,0.0
2024-03-12,24.89689445495605,0.0
2024-03-13,24.94542694091797,0.0
2024-03-14,25.2851505279541,0.0
2024-03-15,25.43074607849121,0.0
2024-03-18,25.72193717956543,0.0
2024-03-19,25.770469665527344,0.0
2024-03-20,25.72193717956543,0.0
2024-03-21,25.964597702026367,0.0
2024-03-22,26.3043212890625,0.0
2024-03-25,26.255788803100582,0.0
2024-03-26,26.54698181152344,0.0
2024-03-27,26.40138435363769,0.0
2024-03-28,26.35285377502441,0.0
2024-03-29,26.498449325561523,0.0
2024-04-01,26.54698181152344,0.0
2024-04-02,26.498449325561523,0.0
2024-04-03,26.11019325256348,0.0
2024-04-08,26.35285377502441,0.0
2024-04-09,26.498449325561523,0.0
2024-04-10,26.35285377502441,0.0
2024-04-11,26.44991683959961,0.0
2024-04-12,26.3043212890625,0.0
2024-04-15,26.255788803100582,0.0
2024-04-16,25.527809143066406,0.0
2024-04-17,25.72193717956543,0.0
2024-04-18,26.207256317138672,0.0
2024-04-19,25.770469665527344,0.0
2024-04-22,26.255788803100582,0.0
2024-04-23,26.40138435363769,0.0
2024-04-24,26.255788803100582,0.0
2024-04-25,26.35285377502441,0.0
2024-04-26,26.3043212890625,0.0
2024-04-29,26.838172912597656,0.0
2024-04-30,26.59551239013672,0.0
2024-05-02,26.64404487609864,0.0
2024-05-03,26.789640426635746,0.0
2024-05-06,27.274959564208984,0.0
2024-05-07,27.37202453613281,0.0
2024-05-08,27.420555114746094,0.0
2024-05-09,27.08083152770996,0.0
2024-05-10,27.66321563720703,0.0
2024-05-13,27.469087600708008,0.0
2024-05-14,27.08083152770996,0.0
2024-05-15,27.17789649963379,0.0
2024-05-16,27.469087600708008,0.0
2024-05-17,28.148536682128903,0.0
2024-05-20,28.53679084777832,0.0
2024-05-21,28.002939224243164,0.0
2024-05-22,27.66321563720703,0.0
2024-05-23,27.80881118774414,0.0
2024-05-24,27.469087600708008,0.0
2024-05-27,27.80881118774414,0.0
2024-05-28,27.56615257263184,0.0
2024-05-29,27.08083152770996,0.0
2024-05-30,26.88670539855957,0.0
2024-05-31,27.76028060913086,0.0
2024-06-03,27.76028060913086,0.0
2024-06-04,27.51762008666992,0.0
2024-06-05,27.76028060913086,0.0
2024-06-06,28.002939224243164,0.0
2024-06-07,28.100004196166992,0.0
2024-06-11,27.76028060913086,0.0
2024-06-12,27.90587615966797,0.0
2024-06-13,27.85734367370605,0.0
2024-06-14,27.90587615966797,0.0
2024-06-17,27.85734367370605,0.0
2024-06-18,28.002939224243164,0.0
2024-06-19,28.100004196166992,0.0
2024-06-20,28.148536682128903,0.0
2024-06-21,28.05147171020508,0.0
2024-06-24,28.148536682128903,0.0
2024-06-25,28.2455997467041,0.0
2024-06-26,27.954408645629883,0.0
2024-06-27,27.76028060913086,0.0
2024-06-28,27.711748123168945,0.0
2024-07-01,27.90587615966797,0.0
2024-07-02,27.90587615966797,0.0
2024-07-03,28.197067260742188,0.0
2024-07-04,28.39119529724121,0.0
2024-07-05,28.39119529724121,0.0
2024-07-08,28.39119529724121,0.0
2024-07-09,28.39119529724121,0.0
2024-07-10,28.730918884277344,0.0
2024-07-11,28.97357940673828,0.0
2024-07-12,29.022111892700195,0.0
2024-07-15,29.11917495727539,0.0
2024-07-16,29.11917495727539,0.0
2024-07-17,29.167707443237305,0.0
2024-07-18,29.55596160888672,0.0
2024-07-19,29.36183357238769,0.0
2024-07-22,28.82798385620117,0.0
2024-07-23,28.925046920776367,0.0
2024-07-26,26.732271194458008,1.188101
2024-07-29,26.43524742126465,0.0
2024-07-30,25.989709854125977,0.0
2024-07-31,26.286733627319336,0.0
2024-08-01,26.3857421875,0.0
2024-08-02,26.187725067138672,0.0
2024-08-05,25.0986328125,0.0
2024-08-06,25.494667053222656,0.0
2024-08-07,25.64318084716797,0.0
2024-08-08,25.544170379638672,0.0
2024-08-09,26.3857421875,0.0
2024-08-12,26.732271194458008,0.0
2024-08-13,26.534255981445312,0.0
2024-08-14,26.979793548583984,0.0
2024-08-15,26.43524742126465,0.0
2024-08-16,27.02929878234864,0.0
2024-08-19,26.88078498840332,0.0
2024-08-20,27.02929878234864,0.0
2024-08-21,27.07880210876465,0.0
2024-08-22,27.128305435180664,0.0
2024-08-23,27.128305435180664,0.0
2024-08-26,27.623348236083984,0.0
2024-08-27,27.623348236083984,0.0
2024-08-28,27.57384490966797,0.0
2024-08-29,27.6728515625,0.0
2024-08-30,27.920373916625977,0.0
2024-09-02,27.821365356445312,0.0
2024-09-03,27.37582778930664,0.0
2024-09-04,26.979793548583984,0.0
2024-09-05,27.02929878234864,0.0
2024-09-06,27.227313995361328,0.0
2024-09-09,27.623348236083984,0.0
2024-09-10,27.6728515625,0.0
2024-09-11,27.326322555541992,0.0
2024-09-12,27.425331115722656,0.0
2024-09-13,27.52433967590332,0.0
2024-09-16,27.425331115722656,0.0
2024-09-18,27.57384490966797,0.0
2024-09-19,27.57384490966797,0.0
2024-09-20,27.920373916625977,0.0
2024-09-23,28.118389129638672,0.0
2024-09-24,28.21739959716797,0.0
2024-09-25,28.21739959716797,0.0
2024-09-26,28.36591148376465,0.0
2024-09-27,28.01938247680664,0.0
2024-09-30,27.771860122680664,0.0
2024-10-01,28.36591148376465,0.0
2024-10-04,27.72235679626465,0.0
2024-10-07,27.821365356445312,0.0
2024-10-08,27.6728515625,0.0
2024-10-09,27.771860122680664,0.0
2024-10-11,27.870868682861328,0.0
2024-10-14,28.01938247680664,0.0
2024-10-15,28.36591148376465,0.0
2024-10-16,28.068885803222656,0.0
2024-10-17,27.969877243041992,0.0
2024-10-18,28.514423370361328,0.0
2024-10-21,27.870868682861328,0.0
2024-10-22,27.920373916625977,0.0
2024-10-23,27.623348236083984,0.0
2024-10-24,27.57384490966797,0.0
2024-10-25,27.37582778930664,0.0
2024-10-28,27.227313995361328,0.0
2024-10-29,27.02929878234864,0.0
2024-10-30,27.128305435180664,0.0
2024-11-01,26.583759307861328,0.0
2024-11-04,27.07880210876465,0.0
2024-11-05,27.02929878234864,0.0
2024-11-06,26.781776428222656,0.0
2024-11-07,27.128305435180664,0.0
2024-11-08,27.177810668945312,0.0
2024-11-11,27.177810668945312,0.0
2024-11-12,26.88078498840332,0.0
2024-11-13,26.831281661987305,0.0
2024-11-14,26.43524742126465,0.0
2024-11-15,26.583759307861328,0.0
2024-11-18,26.88078498840332,0.0
2024-11-19,26.831281661987305,0.0
2024-11-20,26.781776428222656,0.0
2024-11-21,27.07880210876465,0.0
2024-11-22,27.177810668945312,0.0
2024-11-25,27.52433967590332,0.0
2024-11-26,27.177810668945312,0.0
2024-11-27,27.07880210876465,0.0
2024-11-28,27.02929878234864,0.0
2024-11-29,26.732271194458008,0.0
2024-12-02,27.07880210876465,0.0
2024-12-03,27.52433967590332,0.0
2024-12-04,27.276819229125977,0.0
2024-12-05,27.425331115722656,0.0
2024-12-06,27.276819229125977,0.0
2024-12-09,27.276819229125977,0.0
2024-12-10,27.227313995361328,0.0
2024-12-11,27.227313995361328,0.0
2024-12-12,27.276819229125977,0.0
2024-12-13,27.07880210876465,0.0
2024-12-16,27.07880210876465,0.0
2024-12-17,27.276819229125977,0.0
2024-12-18,27.07880210876465,0.0
2024-12-19,26.732271194458008,0.0
2024-12-20,26.583759307861328,0.0
2024-12-23,27.07880210876465,0.0
2024-12-24,27.37582778930664,0.0
2024-12-25,27.326322555541992,0.0
2024-12-26,27.128305435180664,0.0
2024-12-27,26.979793548583984,0.0
2024-12-30,26.831281661987305,0.0
2024-12-31,26.682767868041992,0.0
2025-01-02,26.732271194458008,0.0
2025-01-03,26.682767868041992,0.0
2025-01-06,26.979793548583984,0.0
2025-01-07,26.831281661987305,0.0
2025-01-08,27.02929878234864,0.0
2025-01-09,27.07880210876465,0.0
2025-01-10,27.07880210876465,0.0
2025-01-13,26.781776428222656,0.0
2025-01-14,27.276819229125977,0.0
2025-01-15,27.177810668945312,0.0
2025-01-16,27.474834442138672,0.0
2025-01-17,27.326322555541992,0.0
2025-01-20,27.276819229125977,0.0
2025-01-21,27.474834442138672,0.0
2025-01-22,27.52433967590332,0.0
2025-02-03,27.72235679626465,0.0
2025-02-04,28.31640625,0.0
2025-02-05,28.16789436340332,0.0
2025-02-06,28.36591148376465,0.0
2025-02-07,28.266902923583984,0.0
2025-02-10,28.415414810180664,0.0
2025-02-11,28.415414810180664,0.0
2025-02-12,28.662935256958008,0.0
2025-02-13,28.910457611083984,0.0
2025-02-14,28.95996284484864,0.0
2025-02-17,29.157978057861328,0.0
2025-02-18,29.207483291625977,0.0
2025-02-19,29.207483291625977,0.0
2025-02-20,29.00946617126465,0.0
2025-02-21,29.355995178222656,0.0
2025-02-24,29.30649185180664,0.0
2025-02-25,29.256986618041992,0.0
2025-02-26,29.702524185180664,0.0
2025-02-27,28.860952377319336,0.0
2025-03-03,29.157978057861328,0.0
2025-03-04,28.95996284484864,0.0
2025-03-05,28.712440490722656,0.0
2025-03-06,28.761945724487305,0.0
2025-03-07,28.464920043945312,0.0
2025-03-10,28.662935256958008,0.0
2025-03-11,28.662935256958008,0.0
2025-03-12,28.81144905090332,0.0
2025-03-13,29.30649185180664,0.0
2025-03-14,29.355995178222656,0.0
2025-03-17,29.603515625,0.0
2025-03-18,29.702524185180664,0.0
2025-03-19,29.554012298583984,0.0
2025-03-20,29.65302085876465,0.0
2025-03-21,29.603515625,0.0
2025-03-24,29.65302085876465,0.0
2025-03-25,29.355995178222656,0.0
2025-03-26,29.702524185180664,0.0
2025-03-27,29.702524185180664,0.0
2025-03-28,29.355995178222656,0.0
2025-03-31,28.464920043945312,0.0
2025-04-01,28.761945724487305,0.0
2025-04-02,29.00946617126465,0.0
2025-04-07,26.138221740722656,0.0
2025-04-08,26.484750747680664,0.0
2025-04-09,25.64318084716797,0.0
2025-04-10,27.52433967590332,0.0
2025-04-11,27.326322555541992,0.0
2025-04-14,27.276819229125977,0.0
2025-04-15,27.474834442138672,0.0
2025-04-16,27.57384490966797,0.0
2025-04-17,27.326322555541992,0.0
2025-04-18,27.37582778930664,0.0
2025-04-21,27.276819229125977,0.0
2025-04-22,26.930288314819336,0.0
2025-04-23,27.52433967590332,0.0
2025-04-24,27.128305435180664,0.0
2025-04-25,27.276819229125977,0.0
2025-04-28,27.52433967590332,0.0
2025-04-29,27.52433967590332,0.0
2025-04-30,28.01938247680664,0.0
2025-05-02,27.72235679626465,0.0
2025-05-05,27.57384490966797,0.0
2025-05-06,28.31640625,0.0
2025-05-07,28.563928604125977,0.0
2025-05-08,28.563928604125977,0.0
2025-05-09,29.504507064819336,0.0
2025-05-12,29.207483291625977,0.0
2025-05-13,29.207483291625977,0.0
2025-05-14,29.405500411987305,0.0
2025-05-15,29.65302085876465,0.0
2025-05-16,29.801532745361328,0.0
2025-05-19,29.801532745361328,0.0
2025-05-20,29.801532745361328,0.0
2025-05-21,29.851037979125977,0.0
2025-05-22,29.752029418945312,0.0
2025-05-23,29.752029418945312,0.0
2025-05-26,29.95004653930664,0.0
2025-05-27,29.851037979125977,0.0
2025-05-28,29.95004653930664,0.0
2025-05-29,29.504507064819336,0.0
2025-06-02,29.999549865722656,0.0
2025-06-03,30.14806365966797,0.0
2025-06-04,30.197566986083984,0.0
2025-06-05,30.197566986083984,0.0
2025-06-06,30.59360122680664,0.0
2025-06-09,30.791616439819336,0.0
2025-06-10,30.89062690734864,0.0
2025-06-11,30.989633560180664,0.0
2025-06-12,30.989633560180664,0.0
2025-06-13,31.23715591430664,0.0
2025-06-16,31.435171127319336,0.0
2025-06-17,31.484676361083984,0.0
2025-06-18,31.682693481445312,0.0
2025-06-19,31.682693481445312,0.0
2025-06-20,31.484676361083984,0.0
2025-06-23,31.286659240722656,0.0
2025-06-24,31.58368492126465,0.0
2025-06-25,31.979717254638672,0.0
2025-06-26,32.07872772216797,0.0
2025-06-27,32.67277526855469,0.0
2025-06-30,32.52426528930664,0.0
2025-07-01,32.72228240966797,0.0
2025-07-02,32.67277526855469,0.0
2025-07-03,32.8212890625,0.0
2025-07-04,33.01930618286133,0.0
2025-07-07,33.66286087036133,0.0
2025-07-08,33.66286087036133,0.0
2025-07-09,33.860877990722656,0.0
2025-07-10,34.35592269897461,0.0
2025-07-11,34.45492935180664,0.0
2025-07-14,34.801456451416016,0.0
2025-07-15,34.94997024536133,0.0
2025-07-16,34.90046691894531,0.0
2025-07-17,34.90046691894531,0.0
2025-07-18,34.65294647216797,0.0
2025-07-21,33.860877990722656,0.0
2025-07-22,33.20000076293945,1.2
2025-07-23,33.04999923706055,0.0
2025-07-24,32.849998474121094,0.0
2025-07-25,32.54999923706055,0.0
2025-07-28,32.20000076293945,0.0
2025-07-29,31.950000762939453,0.0
2025-07-30,32.150001525878906,0.0
2025-07-31,32.04999923706055,0.0
2025-08-04,32.599998474121094,0.0
2025-08-05,32.650001525878906,0.0
2025-08-06,32.900001525878906,0.0
2025-08-07,33.150001525878906,0.0
2025-08-08,33.25,0.0
2025-08-11,33.150001525878906,0.0
2025-08-12,33.20000076293945,0.0
2025-08-13,34.04999923706055,0.0
2025-08-14,34.5,0.0
2025-08-15,34.0,0.0
2025-08-18,34.349998474121094,0.0
2025-08-19,34.20000076293945,0.0
2025-08-20,33.900001525878906,0.0
2025-08-21,33.75,0.0
2025-08-22,33.650001525878906,0.0
2025-08-25,33.400001525878906,0.0
2025-08-26,33.70000076293945,0.0
2025-08-27,33.400001525878906,0.0
2025-08-28,33.599998474121094,0.0
2025-08-29,33.45000076293945,0.0
2025-09-01,33.650001525878906,0.0
2025-09-02,34.0,0.0
2025-09-03,33.95000076293945,0.0
2025-09-04,34.0,0.0
2025-09-05,34.29999923706055,0.0
2025-09-08,33.599998474121094,0.0
2025-09-09,33.900001525878906,0.0
2025-09-10,33.79999923706055,0.0
2025-09-11,33.900001525878906,0.0
2025-09-12,33.849998474121094,0.0
2025-09-15,33.54999923706055,0.0
2025-09-16,33.400001525878906,0.0
2025-09-17,33.150001525878906,0.0
2025-09-18,33.349998474121094,0.0
2025-09-19,33.54999923706055,0.0
2025-09-22,33.54999923706055,0.0
2025-09-23,33.150001525878906,0.0
2025-09-24,33.400001525878906,0.0
2025-09-25,33.04999923706055,0.0
2025-09-26,32.900001525878906,0.0
2025-09-30,33.349998474121094,0.0
2025-10-01,33.349998474121094,0.0
2025-10-02,33.0,0.0
2025-10-03,32.599998474121094,0.0
2025-10-07,32.70000076293945,0.0
2025-10-08,32.79999923706055,0.0
2025-10-09,33.0,0.0
2025-10-13,32.5,0.0
2025-10-14,32.79999923706055,0.0
2025-10-15,32.95000076293945,0.0
2025-10-16,32.400001525878906,0.0
2025-10-17,32.54999923706055,0.0
2025-10-20,32.29999923706055,0.0
2025-10-21,32.5,0.0
2025-10-22,32.599998474121094,0.0
2025-10-23,32.650001525878906,0.0
2025-10-27,30.299999237060547,0.0
2025-10-28,30.0,0.0
2025-10-29,30.200000762939453,0.0
2025-10-30,29.799999237060547,0.0
2025-10-31,29.75,0.0
2025-11-03,30.14999961853028,0.0
2025-11-04,30.299999237060547,0.0
2025-11-05,30.299999237060547,0.0
2025-11-06,29.950000762939453,0.0
2025-11-07,29.600000381469727,0.0
2025-11-10,29.5,0.0
2025-11-11,30.14999961853028,0.0
2025-11-12,30.200000762939453,0.0
2025-11-13,30.100000381469727,0.0
2025-11-14,30.0,0.0
2025-11-17,30.200000762939453,0.0
2025-11-18,29.89999961853028,0.0
2025-11-19,30.0,0.0
2025-11-20,30.200000762939453,0.0
2025-11-21,30.049999237060547,0.0
2025-11-24,30.799999237060547,0.0
2025-11-25,30.100000381469727,0.0
2025-11-26,30.5,0.0
2025-11-27,30.39999961853028,0.0
2025-11-28,30.350000381469727,0.0
2025-12-01,30.549999237060547,0.0
2025-12-02,30.850000381469727,0.0
2025-12-03,30.39999961853028,0.0
2025-12-04,30.799999237060547,0.0
2025-12-05,30.64999961853028,0.0
2025-12-08,32.0,0.0
2025-12-09,32.099998474121094,0.0
2025-12-10,32.099998474121094,0.0
2025-12-11,32.349998474121094,0.0
2025-12-12,32.79999923706055,0.0
2025-12-15,33.0,0.0
2025-12-16,32.95000076293945,0.0
2025-12-17,33.5,0.0
2025-12-18,33.25,0.0
2025-12-19,33.54999923706055,0.0
2025-12-22,33.29999923706055,0.0
2025-12-23,33.54999923706055,0.0
2025-12-24,33.95000076293945,0.0
2025-12-26,34.150001525878906,0.0
2025-12-29,33.650001525878906,0.0
2025-12-30,33.849998474121094,0.0
2025-12-31,33.75,0.0
2026-01-02,34.099998474121094,0.0
2026-01-05,33.849998474121094,0.0
2026-01-06,33.70000076293945,0.0
2026-01-07,33.25,0.0
2026-01-08,32.79999923706055,0.0
2026-01-09,32.849998474121094,0.0
2026-01-12,32.5,0.0
2026-01-13,32.400001525878906,0.0
2026-01-14,32.29999923706055,0.0
2026-01-15,32.45000076293945,0.0
2026-01-16,32.650001525878906,0.0
2026-01-19,33.0,0.0
2026-01-20,33.099998474121094,0.0
2026-01-21,33.349998474121094,0.0
2026-01-22,33.5,0.0
2026-01-23,33.25,0.0
2026-01-26,33.650001525878906,0.0
2026-01-27,33.599998474121094,0.0
2026-01-28,33.5,0.0
2026-01-29,33.70000076293945,0.0
2026-01-30,33.400001525878906,0.0
2026-02-02,33.29999923706055,0.0
2026-02-03,33.400001525878906,0.0
2026-02-04,33.70000076293945,0.0
2026-02-05,33.95000076293945,0.0
2026-02-06,34.0,0.0
2026-02-09,33.70000076293945,0.0
2026-02-10,33.79999923706055,0.0
2026-02-11,34.150001525878906,0.0
2026-02-23,34.849998474121094,0.0
2026-02-24,34.70000076293945,0.0
2026-02-25,34.95000076293945,0.0
2026-02-26,35.099998474121094,0.0
2026-03-02,34.900001525878906,0.0
2026-03-03,34.900001525878906,0.0
2026-03-04,33.650001525878906,0.0
2026-03-05,34.04999923706055,0.0
2026-03-06,34.0,0.0
2026-03-09,33.349998474121094,0.0
2026-03-10,33.400001525878906,0.0
2026-03-11,33.29999923706055,0.0
2026-03-12,33.04999923706055,0.0
2026-03-13,33.04999923706055,0.0
2026-03-16,32.20000076293945,0.0
2026-03-17,32.25,0.0
2026-03-18,32.25,0.0
2026-03-19,31.700000762939453,0.0
2026-03-20,31.799999237060547,0.0
2026-03-23,31.14999961853028,0.0
2026-03-24,31.549999237060547,0.0
2026-03-25,32.099998474121094,0.0
2026-03-26,32.349998474121094,0.0
2026-03-27,32.20000076293945,0.0
2026-03-30,32.0,0.0
2026-03-31,31.75,0.0
2026-04-01,32.29999923706055,0.0
2026-04-02,32.150001525878906,0.0
2026-04-07,32.400001525878906,0.0
2026-04-08,32.45000076293945,0.0
2026-04-09,32.599998474121094,0.0
2026-04-10,32.25,0.0
2026-04-13,32.04999923706055,0.0
2026-04-14,32.70000076293945,0.0
2026-04-15,32.95000076293945,0.0
2026-04-16,33.0,0.0
2026-04-17,32.75,0.0
2026-04-20,32.849998474121094,0.0
2026-04-21,32.95000076293945,0.0
2026-04-22,33.04999923706055,0.0
2026-04-23,32.45000076293945,0.0
2026-04-24,32.54999923706055,0.0
2026-04-27,32.54999923706055,0.0
2026-04-28,32.45000076293945,0.0
2026-04-29,32.400001525878906,0.0
2026-04-30,31.850000381469727,0.0
2026-05-04,31.299999237060547,0.0
2026-05-05,31.549999237060547,0.0
2026-05-06,31.850000381469727,0.0
2026-05-07,32.099998474121094,0.0
2026-05-08,32.5,0.0
2026-05-11,32.29999923706055,0.0
2026-05-12,31.799999237060547,0.0
2026-05-13,31.89999961853028,0.0
2026-05-14,31.850000381469727,0.0
2026-05-15,31.950000762939453,0.0
2026-05-18,31.700000762939453,0.0
2026-05-19,32.0,0.0
2026-05-20,31.700000762939453,0.0
2026-05-21,31.549999237060547,0.0
2026-05-22,31.299999237060547,0.0
2026-05-25,30.89999961853028,0.0
2026-05-26,31.14999961853028,0.0
2026-05-27,31.14999961853028,0.0
2026-05-28,30.700000762939453,0.0
2026-05-29,30.950000762939453,0.0
2026-06-01,31.450000762939453,0.0
2026-06-02,32.20000076293945,0.0
2026-06-03,33.0,0.0
2026-06-04,33.45000076293945,0.0
2026-06-05,33.349998474121094,0.0
2026-06-08,32.900001525878906,0.0
2026-06-09,34.20000076293945,0.0
2026-06-10,33.650001525878906,0.0
2026-06-11,33.849998474121094,0.0
2026-06-12,34.349998474121094,0.0
2026-06-15,34.650001525878906,0.0
2026-06-16,35.20000076293945,0.0
2026-06-17,35.5,0.0
2026-06-18,35.400001525878906,0.0
2026-06-22,35.79999923706055,0.0
2026-06-23,35.79999923706055,0.0
2026-06-24,35.0,0.0
2026-06-25,35.45000076293945,0.0
2026-06-26,34.54999923706055,0.0
2026-06-29,34.5,0.0
2026-06-30,34.45000076293945,0.0
2026-07-01,32.900001525878906,1.4
2026-07-02,33.70000076293945,0.0
2026-07-03,33.70000076293945,0.0
2026-07-06,34.45000076293945,0.0
2026-07-07,34.5,0.0
2026-07-08,34.75,0.0
2026-07-09,34.75,0.0
2026-07-10,34.75,0.0
2026-07-13,34.599998474121094,0.0
2026-07-14,34.5,0.0
2026-07-15,34.45000076293945,0.0
2026-07-16,34.900001525878906,0.0
2026-07-17,35.099998474121094,0.0
2026-07-20,35.849998474121094,0.0
2026-07-21,36.95000076293945,0.0
2026-07-22,36.04999923706055,0.0
2026-07-23,35.650001525878906,0.0
2026-07-24,35.95000076293945,0.0
2026-07-27,36.400001525878906,0.0
2026-07-28,36.25,0.0
2026-07-29,36.5,0.0
2026-07-30,37.70000076293945,0.0
2026-07-31,38.650001525878906,0.0
2026-08-03,38.45000076293945,0.0
2026-08-04,38.0,0.0
2026-08-05,38.099998474121094,0.0
2026-08-06,37.95000076293945,0.0
2026-08-07,38.150001525878906,0.0
2026-08-10,37.79999923706055,0.0
