Date,Close,Dividends
2002-05-17,8.65903091430664,0.0
2002-05-20,8.548681259155273,0.0
2002-05-21,8.103832244873047,0.0
2002-05-22,8.103832244873047,0.0
2002-05-23,8.103832244873047,0.0
2002-05-24,8.352120399475098,0.0
2002-05-27,8.490056991577148,0.0
2002-05-28,8.324531555175781,0.0
2002-05-29,8.379707336425781,0.0
2002-05-30,8.65903091430664,0.0
2002-05-31,8.741792678833008,0.0
2002-06-03,8.379707336425781,0.0
2002-06-04,8.324531555175781,0.0
2002-06-05,8.241769790649414,0.0
2002-06-06,8.214181900024414,0.0
2002-06-07,8.269356727600098,0.0
2002-06-10,8.241769790649414,0.0
2002-06-11,8.269356727600098,0.0
2002-06-12,8.352120399475098,0.0
2002-06-13,8.796969413757324,0.0
2002-06-14,8.907319068908691,0.0
2002-06-17,8.796969413757324,0.0
2002-06-18,8.576268196105957,0.0
2002-06-19,8.65903091430664,0.0
2002-06-20,8.741792678833008,0.0
2002-06-21,8.65903091430664,0.0
2002-06-24,8.576268196105957,0.0
2002-06-25,8.379707336425781,0.0
2002-06-26,8.214181900024414,0.0
2002-06-27,8.048657417297363,0.0
2002-06-28,8.18659496307373,0.0
2002-07-01,8.103832244873047,0.0
2002-07-02,8.379707336425781,0.0
2002-07-03,8.517644882202148,0.0
2002-07-04,8.548681259155273,0.0
2002-07-05,8.434882164001465,0.0
2002-07-08,8.548681259155273,0.0
2002-07-09,8.434882164001465,0.0
2002-07-10,8.462470054626465,0.0
2002-07-11,8.352120399475098,0.0
2002-07-12,8.434882164001465,0.0
2002-07-15,8.296944618225098,0.0
2002-07-16,8.15900707244873,0.0
2002-07-17,8.269356727600098,0.0
2002-07-18,8.241769790649414,0.0
2002-07-19,8.269356727600098,0.0
2002-07-22,8.241769790649414,0.0
2002-07-23,8.269356727600098,0.0
2002-07-24,8.15900707244873,0.0
2002-07-25,8.103832244873047,0.0
2002-07-26,8.048657417297363,0.0
2002-07-29,8.048657417297363,0.0
2002-07-30,8.18659496307373,0.0
2002-07-31,8.076245307922363,0.0
2002-08-01,8.076245307922363,0.0
2002-08-02,8.324531555175781,0.0
2002-08-05,8.048657417297363,0.0
2002-08-06,8.18659496307373,0.0
2002-08-07,8.15900707244873,0.0
2002-08-08,8.18659496307373,0.0
2002-08-09,8.324531555175781,0.0
2002-08-12,8.490056991577148,0.0
2002-08-13,8.324531555175781,0.0
2002-08-14,8.407295227050781,0.0
2002-08-15,8.296944618225098,0.0
2002-08-16,8.15900707244873,0.0
2002-08-19,7.9934821128845215,0.0
2002-08-20,7.879683971405029,0.0
2002-08-21,7.7969207763671875,0.0
2002-08-22,7.68657112121582,0.0
2002-08-23,7.68657112121582,0.0
2002-08-26,7.410696029663086,0.0
2002-08-27,7.521046161651611,0.0
2002-08-28,7.410696029663086,0.0
2002-08-29,7.324484825134277,0.0
2002-08-30,7.410696029663086,0.0
2002-09-02,7.352071762084961,0.0
2002-09-03,7.186546802520752,0.0
2002-09-04,6.938260078430176,0.0
2002-09-05,6.855496883392334,0.0
2002-09-06,6.855496883392334,0.0
2002-09-09,6.938260078430176,0.0
2002-09-10,7.186546802520752,0.0
2002-09-11,7.269309997558594,0.0
2002-09-12,7.324484825134277,0.0
2002-09-13,7.241722106933594,0.0
2002-09-16,7.103785037994385,0.0
2002-09-17,7.241722106933594,0.0
2002-09-18,6.993434906005859,0.0
2002-09-19,7.021021842956543,0.0
2002-09-20,6.965847015380859,0.0
2002-09-23,6.965847015380859,0.0
2002-09-24,6.938260078430176,0.0
2002-09-25,6.855496883392334,0.0
2002-09-26,6.883084774017334,0.0
2002-09-27,6.855496883392334,0.0
2002-09-30,6.80032205581665,0.0
2002-10-01,6.74169921875,0.0
2002-10-02,6.80032205581665,0.0
2002-10-03,6.883084774017334,0.0
2002-10-04,6.883084774017334,0.0
2002-10-07,6.769286155700684,0.0
2002-10-08,6.910672187805176,0.0
2002-10-09,6.938260078430176,0.0
2002-10-10,6.938260078430176,0.0
2002-10-11,6.74169921875,0.0
2002-10-14,6.769286155700684,0.0
2002-10-15,6.910672187805176,0.0
2002-10-16,6.82790994644165,0.0
2002-10-17,6.965847015380859,0.0
2002-10-18,7.021021842956543,0.0
2002-10-21,6.965847015380859,0.0
2002-10-22,7.048610210418701,0.0
2002-10-23,7.521046161651611,0.0
2002-10-24,7.603807926177978,0.0
2002-10-25,7.576220989227295,0.0
2002-10-28,7.71415901184082,0.0
2002-10-29,7.71415901184082,0.0
2002-10-30,7.68657112121582,0.0
2002-10-31,7.68657112121582,0.0
2002-11-01,7.4382829666137695,0.0
2002-11-04,7.741745948791504,0.0
2002-11-05,7.824509143829346,0.0
2002-11-06,7.965895175933838,0.0
2002-11-07,8.021069526672363,0.0
2002-11-08,8.021069526672363,0.0
2002-11-11,7.521046161651611,0.0
2002-11-12,7.658984184265137,0.0
2002-11-13,7.824509143829346,0.0
2002-11-14,7.907270908355713,0.0
2002-11-15,8.131420135498047,0.0
2002-11-18,7.7969207763671875,0.0
2002-11-19,7.68657112121582,0.0
2002-11-20,7.631395816802978,0.0
2002-11-21,7.548633098602295,0.0
2002-11-22,7.631395816802978,0.0
2002-11-25,7.631395816802978,0.0
2002-11-26,7.4382829666137695,0.0
2002-11-27,7.383108139038086,0.0
2002-11-28,7.21413516998291,0.0
2002-11-29,7.103785037994385,0.0
2002-12-02,7.103785037994385,0.0
2002-12-03,7.324484825134277,0.0
2002-12-04,7.158959865570068,0.0
2002-12-05,7.21413516998291,0.0
2002-12-06,7.158959865570068,0.0
2002-12-09,7.352071762084961,0.0
2002-12-10,7.4658708572387695,0.0
2002-12-11,7.521046161651611,0.0
2002-12-12,7.603807926177978,0.0
2002-12-13,7.383108139038086,0.0
2002-12-16,7.4658708572387695,0.0
2002-12-17,7.410696029663086,0.0
2002-12-18,7.410696029663086,0.0
2002-12-19,7.548633098602295,0.0
2002-12-20,7.658984184265137,0.0
2002-12-23,8.076245307922363,0.0
2002-12-24,7.934858798980713,0.0
2002-12-25,7.71415901184082,0.0
2002-12-26,7.852096080780029,0.0
2002-12-27,7.852096080780029,0.0
2002-12-30,7.907270908355713,0.0
2002-12-31,7.852096080780029,0.0
2003-01-01,7.852096080780029,0.0
2003-01-02,8.241769790649414,0.0
2003-01-03,8.131420135498047,0.0
2003-01-06,8.15900707244873,0.0
2003-01-07,8.048657417297363,0.0
2003-01-08,8.18659496307373,0.0
2003-01-09,7.934858798980713,0.0
2003-01-10,8.269356727600098,0.0
2003-01-13,8.407295227050781,0.0
2003-01-14,8.324531555175781,0.0
2003-01-15,8.324531555175781,0.0
2003-01-16,8.324531555175781,0.0
2003-01-17,8.214181900024414,0.0
2003-01-20,8.462470054626465,0.0
2003-01-21,8.379707336425781,0.0
2003-01-22,8.686617851257324,0.0
2003-01-23,8.824556350708008,0.0
2003-01-24,8.879731178283691,0.0
2003-01-27,8.490056991577148,0.0
2003-01-28,8.490056991577148,0.0
2003-01-29,8.490056991577148,0.0
2003-01-30,8.490056991577148,0.0
2003-01-31,8.490056991577148,0.0
2003-02-03,8.490056991577148,0.0
2003-02-04,8.490056991577148,0.0
2003-02-05,8.490056991577148,0.0
2003-02-06,8.18659496307373,0.0
2003-02-07,7.852096080780029,0.0
2003-02-10,7.769333839416504,0.0
2003-02-11,7.769333839416504,0.0
2003-02-12,7.934858798980713,0.0
2003-02-13,7.852096080780029,0.0
2003-02-14,7.9934821128845215,0.0
2003-02-17,8.324531555175781,0.0
2003-02-18,8.241769790649414,0.0
2003-02-19,8.131420135498047,0.0
2003-02-20,8.103832244873047,0.0
2003-02-21,7.965895175933838,0.0
2003-02-24,7.965895175933838,0.0
2003-02-25,7.71415901184082,0.0
2003-02-26,7.658984184265137,0.0
2003-02-27,7.741745948791504,0.0
2003-02-28,7.741745948791504,0.0
2003-03-03,7.7969207763671875,0.0
2003-03-04,7.852096080780029,0.0
2003-03-05,7.741745948791504,0.0
2003-03-06,7.852096080780029,0.0
2003-03-07,7.907270908355713,0.0
2003-03-10,7.965895175933838,0.0
2003-03-11,7.521046161651611,0.0
2003-03-12,7.493457794189453,0.0
2003-03-13,7.68657112121582,0.0
2003-03-14,7.907270908355713,0.0
2003-03-17,7.576220989227295,0.0
2003-03-18,7.907270908355713,0.0
2003-03-19,7.7969207763671875,0.0
2003-03-20,8.103832244873047,0.0
2003-03-21,8.076245307922363,0.0
2003-03-24,7.907270908355713,0.0
2003-03-25,7.769333839416504,0.0
2003-03-26,7.907270908355713,0.0
2003-03-27,7.965895175933838,0.0
2003-03-28,7.879683971405029,0.0
2003-03-31,7.631395816802978,0.0
2003-04-01,7.71415901184082,0.0
2003-04-02,7.631395816802978,0.0
2003-04-03,7.658984184265137,0.0
2003-04-04,8.048657417297363,0.0
2003-04-07,8.021069526672363,0.0
2003-04-08,7.769333839416504,0.0
2003-04-09,7.7969207763671875,0.0
2003-04-10,7.852096080780029,0.0
2003-04-11,7.824509143829346,0.0
2003-04-14,7.7969207763671875,0.0
2003-04-15,7.934858798980713,0.0
2003-04-16,8.048657417297363,0.0
2003-04-17,7.934858798980713,0.0
2003-04-18,8.076245307922363,0.0
2003-04-21,8.076245307922363,0.0
2003-04-22,7.934858798980713,0.0
2003-04-23,7.824509143829346,0.0
2003-04-24,7.658984184265137,0.0
2003-04-25,7.548633098602295,0.0
2003-04-28,7.603807926177978,0.0
2003-04-29,7.71415901184082,0.0
2003-04-30,7.548633098602295,0.0
2003-05-01,7.548633098602295,0.0
2003-05-02,7.71415901184082,0.0
2003-05-05,7.68657112121582,0.0
2003-05-06,7.824509143829346,0.0
2003-05-07,7.741745948791504,0.0
2003-05-08,7.603807926177978,0.0
2003-05-09,7.658984184265137,0.0
2003-05-12,7.68657112121582,0.0
2003-05-13,7.769333839416504,0.0
2003-05-14,7.71415901184082,0.0
2003-05-15,7.603807926177978,0.0
2003-05-16,7.603807926177978,0.0
2003-05-19,7.548633098602295,0.0
2003-05-20,7.493457794189453,0.0
2003-05-21,7.4382829666137695,0.0
2003-05-22,7.4382829666137695,0.0
2003-05-23,7.521046161651611,0.0
2003-05-26,7.631395816802978,0.0
2003-05-27,7.521046161651611,0.0
2003-05-28,7.493457794189453,0.0
2003-05-29,7.576220989227295,0.0
2003-05-30,7.410696029663086,0.0
2003-06-02,7.493457794189453,0.0
2003-06-03,7.493457794189453,0.0
2003-06-04,7.493457794189453,0.0
2003-06-05,7.68657112121582,0.0
2003-06-06,7.68657112121582,0.0
2003-06-09,7.658984184265137,0.0
2003-06-10,7.603807926177978,0.0
2003-06-11,7.603807926177978,0.0
2003-06-12,7.71415901184082,0.0
2003-06-13,7.71415901184082,0.0
2003-06-16,7.71415901184082,0.0
2003-06-17,7.824509143829346,0.0
2003-06-18,7.824509143829346,0.0
2003-06-19,7.907270908355713,0.0
2003-06-20,7.9934821128845215,0.0
2003-06-23,7.7969207763671875,0.0
2003-06-24,7.769333839416504,0.0
2003-06-25,7.7969207763671875,0.0
2003-06-26,7.769333839416504,0.0
2003-06-27,7.769333839416504,0.0
2003-06-30,7.741745948791504,0.0
2003-07-01,7.879683971405029,0.0
2003-07-02,7.879683971405029,0.0
2003-07-03,7.603807926177978,0.344844
2003-07-04,7.548633098602295,0.0
2003-07-07,7.741745948791504,0.0
2003-07-08,7.631395816802978,0.0
2003-07-09,7.603807926177978,0.0
2003-07-10,7.576220989227295,0.0
2003-07-11,7.493457794189453,0.0
2003-07-14,7.521046161651611,0.0
2003-07-15,7.410696029663086,0.0
2003-07-16,7.548633098602295,0.0
2003-07-17,7.4382829666137695,0.0
2003-07-18,7.493457794189453,0.0
2003-07-21,7.4382829666137695,0.0
2003-07-22,7.4382829666137695,0.0
2003-07-23,7.410696029663086,0.0
2003-07-24,7.4658708572387695,0.0
2003-07-25,7.410696029663086,0.0
2003-07-28,7.493457794189453,0.0
2003-07-29,7.493457794189453,0.0
2003-07-30,7.548633098602295,0.0
2003-07-31,7.4658708572387695,0.0
2003-08-01,7.493457794189453,0.0
2003-08-04,7.4382829666137695,0.0
2003-08-05,7.383108139038086,0.0
2003-08-06,7.410696029663086,0.0
2003-08-07,7.493457794189453,0.0
2003-08-08,7.521046161651611,0.0
2003-08-11,7.576220989227295,0.0
2003-08-12,7.548633098602295,0.0
2003-08-13,7.631395816802978,0.0
2003-08-14,7.68657112121582,0.0
2003-08-15,7.71415901184082,0.0
2003-08-18,7.879683971405029,0.0
2003-08-19,7.907270908355713,0.0
2003-08-20,7.9934821128845215,0.0
2003-08-21,9.060325622558594,0.0
2003-08-22,9.335925102233888,0.0
2003-08-25,9.469897270202637,0.0
2003-08-26,9.366546630859377,0.0
2003-08-27,9.435446739196776,0.0
2003-08-28,9.400997161865234,0.0
2003-08-29,9.50434684753418,0.0
2003-09-01,9.814395904541016,0.0
2003-09-02,9.913917541503906,0.0
2003-09-03,9.745495796203612,0.0
2003-09-04,9.879467964172363,0.0
2003-09-05,9.948368072509766,0.0
2003-09-08,9.879467964172363,0.0
2003-09-09,9.745495796203612,0.0
2003-09-10,9.400997161865234,0.0
2003-09-11,9.400997161865234,0.0
2003-09-12,9.435446739196776,0.0
2003-09-15,9.50434684753418,0.0
2003-09-16,9.642147064208984,0.0
2003-09-17,9.676595687866213,0.0
2003-09-18,9.913917541503906,0.0
2003-09-19,9.913917541503906,0.0
2003-09-22,9.913917541503906,0.0
2003-09-23,9.84501838684082,0.0
2003-09-24,10.017268180847168,0.0
2003-09-25,10.223966598510742,0.0
2003-09-26,10.155067443847656,0.0
2003-09-29,10.155067443847656,0.0
2003-09-30,9.879467964172363,0.0
2003-10-01,9.814395904541016,0.0
2003-10-02,10.120617866516112,0.0
2003-10-03,10.155067443847656,0.0
2003-10-06,10.633538246154783,0.0
2003-10-07,10.73688793182373,0.0
2003-10-08,10.633538246154783,0.0
2003-10-09,10.77133846282959,0.0
2003-10-10,10.77133846282959,0.0
2003-10-13,11.043109893798828,0.0
2003-10-14,11.31870937347412,0.0
2003-10-15,11.043109893798828,0.0
2003-10-16,11.284258842468262,0.0
2003-10-17,11.5560302734375,0.0
2003-10-20,11.693829536437988,0.0
2003-10-21,11.728280067443848,0.0
2003-10-22,11.452680587768556,0.0
2003-10-23,11.5560302734375,0.0
2003-10-24,11.452680587768556,0.0
2003-10-27,11.452680587768556,0.0
2003-10-28,12.034501075744627,0.0
2003-10-29,12.172301292419434,0.0
2003-10-30,12.103401184082031,0.0
2003-10-31,12.068950653076172,0.0
2003-11-03,12.241201400756836,0.0
2003-11-04,12.103401184082031,0.0
2003-11-05,12.034501075744627,0.0
2003-11-06,11.487131118774414,0.0
2003-11-07,11.452680587768556,0.0
2003-11-10,11.452680587768556,0.0
2003-11-11,11.624930381774902,0.0
2003-11-12,11.452680587768556,0.0
2003-11-13,11.590479850769045,0.0
2003-11-14,11.79718017578125,0.0
2003-11-17,11.624930381774902,0.0
2003-11-18,11.728280067443848,0.0
2003-11-19,11.452680587768556,0.0
2003-11-20,11.452680587768556,0.0
2003-11-21,11.180909156799316,0.0
2003-11-24,11.31870937347412,0.0
2003-11-25,11.79718017578125,0.0
2003-11-26,11.79718017578125,0.0
2003-11-27,11.487131118774414,0.0
2003-11-28,11.418231010437012,0.0
2003-12-01,11.5560302734375,0.0
2003-12-02,11.487131118774414,0.0
2003-12-03,11.284258842468262,0.0
2003-12-04,11.418231010437012,0.0
2003-12-05,11.487131118774414,0.0
2003-12-08,11.487131118774414,0.0
2003-12-09,11.728280067443848,0.0
2003-12-10,11.965601921081545,0.0
2003-12-11,12.137850761413574,0.0
2003-12-12,11.965601921081545,0.0
2003-12-15,12.137850761413574,0.0
2003-12-16,12.137850761413574,0.0
2003-12-17,11.831629753112791,0.0
2003-12-18,11.965601921081545,0.0
2003-12-19,11.965601921081545,0.0
2003-12-22,12.068950653076172,0.0
2003-12-23,12.00005054473877,0.0
2003-12-24,11.79718017578125,0.0
2003-12-25,11.79718017578125,0.0
2003-12-26,11.728280067443848,0.0
2003-12-29,11.521580696105955,0.0
2003-12-30,11.452680587768556,0.0
2003-12-31,11.659379959106444,0.0
2004-01-01,11.659379959106444,0.0
2004-01-02,12.034501075744627,0.0
2004-01-05,12.068950653076172,0.0
2004-01-06,12.103401184082031,0.0
2004-01-07,12.27565097808838,0.0
2004-01-08,12.34455108642578,0.0
2004-01-09,12.478522300720217,0.0
2004-01-12,12.409623146057127,0.0
2004-01-13,12.37517261505127,0.0
2004-01-14,12.650772094726562,0.0
2004-01-15,12.788572311401367,0.0
2004-01-16,12.650772094726562,0.0
2004-01-19,12.650772094726562,0.0
2004-01-20,12.650772094726562,0.0
2004-01-21,12.650772094726562,0.0
2004-01-22,12.650772094726562,0.0
2004-01-23,12.650772094726562,0.0
2004-01-26,12.650772094726562,0.0
2004-01-27,13.232592582702637,0.0
2004-01-28,13.469914436340332,0.0
2004-01-29,12.991442680358888,0.0
2004-01-30,13.129242897033691,0.0
2004-02-02,12.9225435256958,0.0
2004-02-03,13.060342788696287,0.0
2004-02-04,12.9225435256958,0.0
2004-02-05,12.857471466064451,0.0
2004-02-06,13.025893211364746,0.0
2004-02-09,13.469914436340332,0.0
2004-02-10,13.30149269104004,0.0
2004-02-11,13.232592582702637,0.0
2004-02-12,13.401015281677246,0.0
2004-02-13,14.258434295654297,0.0
2004-02-16,14.3273344039917,0.0
2004-02-17,13.982834815979004,0.0
2004-02-18,13.814413070678713,0.0
2004-02-19,13.676613807678224,0.0
2004-02-20,13.538813591003418,0.0
2004-02-23,13.469914436340332,0.0
2004-02-24,13.469914436340332,0.0
2004-02-25,13.370391845703123,0.0
2004-02-26,13.538813591003418,0.0
2004-02-27,13.60771369934082,0.0
2004-03-01,14.086185455322266,0.0
2004-03-02,13.913934707641602,0.0
2004-03-03,14.086185455322266,0.0
2004-03-04,14.086185455322266,0.0
2004-03-05,13.676613807678224,0.0
2004-03-08,13.469914436340332,0.0
2004-03-09,13.538813591003418,0.0
2004-03-10,13.30149269104004,0.0
2004-03-11,13.30149269104004,0.0
2004-03-12,13.025893211364746,0.0
2004-03-15,12.37517261505127,0.0
2004-03-16,12.857471466064451,0.0
2004-03-17,12.991442680358888,0.0
2004-03-18,13.198143005371094,0.0
2004-03-19,13.504364013671877,0.0
2004-03-22,12.58187198638916,0.0
2004-03-23,12.82302188873291,0.0
2004-03-24,12.991442680358888,0.0
2004-03-25,12.58187198638916,0.0
2004-03-26,12.547422409057615,0.0
2004-03-29,13.060342788696287,0.0
2004-03-30,13.129242897033691,0.0
2004-03-31,13.504364013671877,0.0
2004-04-01,13.30149269104004,0.0
2004-04-02,13.30149269104004,0.0
2004-04-05,13.469914436340332,0.0
2004-04-06,13.232592582702637,0.0
2004-04-07,13.370391845703123,0.0
2004-04-08,13.370391845703123,0.0
2004-04-09,13.129242897033691,0.0
2004-04-12,13.401015281677246,0.0
2004-04-13,13.335942268371582,0.0
2004-04-14,13.401015281677246,0.0
2004-04-15,13.267043113708496,0.0
2004-04-16,13.267043113708496,0.0
2004-04-19,13.16369342803955,0.0
2004-04-20,13.094793319702148,0.0
2004-04-21,13.232592582702637,0.0
2004-04-22,12.991442680358888,0.0
2004-04-23,12.991442680358888,0.0
2004-04-26,12.9225435256958,0.0
2004-04-27,12.991442680358888,0.0
2004-04-28,12.956993103027344,0.0
2004-04-29,12.650772094726562,0.0
2004-04-30,12.206750869750977,0.0
2004-05-03,12.206750869750977,0.0
2004-05-04,12.857471466064451,0.0
2004-05-05,12.409623146057127,0.0
2004-05-06,12.409623146057127,0.0
2004-05-07,12.754121780395508,0.0
2004-05-10,12.34455108642578,0.0
2004-05-11,12.103401184082031,0.0
2004-05-12,12.068950653076172,0.0
2004-05-13,12.103401184082031,0.0
2004-05-14,11.866080284118652,0.0
2004-05-17,11.043109893798828,0.0
2004-05-18,10.905309677124023,0.0
2004-05-19,11.590479850769045,0.0
2004-05-20,11.5560302734375,0.0
2004-05-21,12.137850761413574,0.0
2004-05-24,12.034501075744627,0.0
2004-05-25,12.137850761413574,0.0
2004-05-26,12.34455108642578,0.0
2004-05-27,12.512971878051758,0.0
2004-05-28,12.685221672058104,0.0
2004-05-31,12.409623146057127,0.0
2004-06-01,12.512971878051758,0.0
2004-06-02,12.137850761413574,0.0
2004-06-03,12.034501075744627,0.0
2004-06-04,12.310100555419922,0.0
2004-06-07,12.888093948364258,0.0
2004-06-08,12.991442680358888,0.0
2004-06-09,12.82302188873291,0.0
2004-06-10,12.512971878051758,0.0
2004-06-11,12.616321563720703,0.0
2004-06-14,12.37517261505127,0.0
2004-06-15,12.650772094726562,0.0
2004-06-16,12.34455108642578,0.0
2004-06-17,12.788572311401367,0.0
2004-06-18,12.58187198638916,0.0
2004-06-21,12.58187198638916,0.0
2004-06-22,12.58187198638916,0.0
2004-06-23,12.857471466064451,0.0
2004-06-24,12.650772094726562,0.0
2004-06-25,12.58187198638916,0.0
2004-06-28,12.409623146057127,0.0
2004-06-29,12.616321563720703,0.0
2004-06-30,12.82302188873291,0.0
2004-07-01,12.857471466064451,0.0
2004-07-02,12.685221672058104,0.0
2004-07-05,12.58187198638916,0.0
2004-07-06,12.616321563720703,0.0
2004-07-07,12.650772094726562,0.0
2004-07-08,12.650772094726562,0.0
2004-07-09,12.650772094726562,0.0
2004-07-12,12.137850761413574,0.420875
2004-07-13,12.068950653076172,0.0
2004-07-14,12.068950653076172,0.0
2004-07-15,12.00005054473877,0.0
2004-07-16,12.00005054473877,0.0
2004-07-19,12.310100555419922,0.0
2004-07-20,11.89670181274414,0.0
2004-07-21,11.5560302734375,0.0
2004-07-22,11.353158950805664,0.0
2004-07-23,10.939760208129885,0.0
2004-07-26,11.146458625793455,0.0
2004-07-27,11.79718017578125,0.0
2004-07-28,11.728280067443848,0.0
2004-07-29,11.5560302734375,0.0
2004-07-30,11.866080284118652,0.0
2004-08-02,11.831629753112791,0.0
2004-08-03,11.831629753112791,0.0
2004-08-04,11.624930381774902,0.0
2004-08-05,11.693829536437988,0.0
2004-08-06,11.728280067443848,0.0
2004-08-09,11.693829536437988,0.0
2004-08-10,11.590479850769045,0.0
2004-08-11,11.521580696105955,0.0
2004-08-12,11.693829536437988,0.0
2004-08-13,11.79718017578125,0.0
2004-08-16,11.5560302734375,0.0
2004-08-17,11.659379959106444,0.0
2004-08-18,12.068950653076172,0.0
2004-08-19,12.310100555419922,0.0
2004-08-20,12.512971878051758,0.0
2004-08-23,12.616321563720703,0.0
2004-08-24,12.616321563720703,0.0
2004-08-25,12.616321563720703,0.0
2004-08-26,13.085224151611328,0.0
2004-08-27,12.902639389038086,0.0
2004-08-30,12.902639389038086,0.0
2004-08-31,13.012189865112305,0.0
2004-09-01,13.085224151611328,0.0
2004-09-02,13.085224151611328,0.0
2004-09-03,13.048707008361816,0.0
2004-09-06,13.154199600219728,0.0
2004-09-07,13.22723388671875,0.0
2004-09-08,13.263751029968262,0.0
2004-09-09,13.154199600219728,0.0
2004-09-10,13.154199600219728,0.0
2004-09-13,13.592403411865234,0.0
2004-09-14,13.4828519821167,0.0
2004-09-15,13.519369125366213,0.0
2004-09-16,13.4828519821167,0.0
2004-09-17,13.373300552368164,0.0
2004-09-20,13.4828519821167,0.0
2004-09-21,13.62891960144043,0.0
2004-09-22,13.555886268615724,0.0
2004-09-23,13.409817695617676,0.0
2004-09-24,13.190716743469238,0.0
2004-09-27,13.154199600219728,0.0
2004-09-28,13.154199600219728,0.0
2004-09-29,13.048707008361816,0.0
2004-09-30,13.263751029968262,0.0
2004-10-01,13.770930290222168,0.0
2004-10-04,13.80744743347168,0.0
2004-10-05,13.80744743347168,0.0
2004-10-06,13.880480766296388,0.0
2004-10-07,13.95351505279541,0.0
2004-10-08,14.063064575195312,0.0
2004-10-11,13.990031242370604,0.0
2004-10-12,13.770930290222168,0.0
2004-10-13,13.697896003723145,0.0
2004-10-14,13.336785316467283,0.0
2004-10-15,13.555886268615724,0.0
2004-10-18,13.4828519821167,0.0
2004-10-19,13.409817695617676,0.0
2004-10-20,13.336785316467283,0.0
2004-10-21,13.4828519821167,0.0
2004-10-22,13.519369125366213,0.0
2004-10-25,13.519369125366213,0.0
2004-10-26,13.336785316467283,0.0
2004-10-27,13.409817695617676,0.0
2004-10-28,13.409817695617676,0.0
2004-10-29,13.80744743347168,0.0
2004-11-01,13.916997909545898,0.0
2004-11-02,13.95351505279541,0.0
2004-11-03,13.95351505279541,0.0
2004-11-04,13.95351505279541,0.0
2004-11-05,14.063064575195312,0.0
2004-11-08,14.026548385620115,0.0
2004-11-09,13.880480766296388,0.0
2004-11-10,13.697896003723145,0.0
2004-11-11,13.519369125366213,0.0
2004-11-12,13.770930290222168,0.0
2004-11-15,13.880480766296388,0.0
2004-11-16,13.843963623046877,0.0
2004-11-17,13.916997909545898,0.0
2004-11-18,13.880480766296388,0.0
2004-11-19,13.770930290222168,0.0
2004-11-22,13.190716743469238,0.0
2004-11-23,13.117683410644531,0.0
2004-11-24,13.336785316467283,0.0
2004-11-25,13.263751029968262,0.0
2004-11-26,13.22723388671875,0.0
2004-11-29,13.22723388671875,0.0
2004-11-30,13.336785316467283,0.0
2004-12-01,13.190716743469238,0.0
2004-12-02,13.336785316467283,0.0
2004-12-03,13.446334838867188,0.0
2004-12-06,13.555886268615724,0.0
2004-12-07,13.592403411865234,0.0
2004-12-08,13.697896003723145,0.0
2004-12-09,13.770930290222168,0.0
2004-12-10,13.592403411865234,0.0
2004-12-13,13.263751029968262,0.0
2004-12-14,13.446334838867188,0.0
2004-12-15,13.4828519821167,0.0
2004-12-16,13.661378860473633,0.0
2004-12-17,13.446334838867188,0.0
2004-12-20,13.555886268615724,0.0
2004-12-21,13.555886268615724,0.0
2004-12-22,13.592403411865234,0.0
2004-12-23,13.592403411865234,0.0
2004-12-24,13.62891960144043,0.0
2004-12-27,13.4828519821167,0.0
2004-12-28,13.4828519821167,0.0
2004-12-29,13.62891960144043,0.0
2004-12-30,13.592403411865234,0.0
2004-12-31,13.734413146972656,0.0
2005-01-03,13.697896003723145,0.0
2005-01-04,13.62891960144043,0.0
2005-01-05,13.373300552368164,0.0
2005-01-06,13.4828519821167,0.0
2005-01-07,13.4828519821167,0.0
2005-01-10,13.409817695617676,0.0
2005-01-11,13.409817695617676,0.0
2005-01-12,13.336785316467283,0.0
2005-01-13,13.300268173217772,0.0
2005-01-14,13.409817695617676,0.0
2005-01-17,13.409817695617676,0.0
2005-01-18,13.263751029968262,0.0
2005-01-19,13.263751029968262,0.0
2005-01-20,13.154199600219728,0.0
2005-01-21,13.048707008361816,0.0
2005-01-24,13.012189865112305,0.0
2005-01-25,12.902639389038086,0.0
2005-01-26,12.866122245788574,0.0
2005-01-27,12.829605102539062,0.0
2005-01-28,12.829605102539062,0.0
2005-01-31,12.93915557861328,0.0
2005-02-01,12.866122245788574,0.0
2005-02-02,12.93915557861328,0.0
2005-02-03,13.190716743469238,0.0
2005-02-04,13.190716743469238,0.0
2005-02-07,13.190716743469238,0.0
2005-02-08,13.190716743469238,0.0
2005-02-09,13.190716743469238,0.0
2005-02-10,13.190716743469238,0.0
2005-02-11,13.190716743469238,0.0
2005-02-14,13.446334838867188,0.0
2005-02-15,13.555886268615724,0.0
2005-02-16,13.409817695617676,0.0
2005-02-17,13.263751029968262,0.0
2005-02-18,13.22723388671875,0.0
2005-02-21,13.555886268615724,0.0
2005-02-22,13.592403411865234,0.0
2005-02-23,13.300268173217772,0.0
2005-02-24,13.409817695617676,0.0
2005-02-25,13.446334838867188,0.0
2005-02-28,13.446334838867188,0.0
2005-03-01,13.572115898132324,0.0
2005-03-02,13.462565422058104,0.0
2005-03-03,13.409817695617676,0.0
2005-03-04,13.4828519821167,0.0
2005-03-07,13.462565422058104,0.0
2005-03-08,13.320554733276367,0.0
2005-03-09,13.462565422058104,0.0
2005-03-10,13.4828519821167,0.0
2005-03-11,13.4828519821167,0.0
2005-03-14,13.300268173217772,0.0
2005-03-15,13.154199600219728,0.0
2005-03-16,13.085224151611328,0.0
2005-03-17,13.085224151611328,0.0
2005-03-18,12.93915557861328,0.0
2005-03-21,12.93915557861328,0.0
2005-03-22,12.9553861618042,0.0
2005-03-23,13.154199600219728,0.0
2005-03-24,13.064935684204102,0.0
2005-03-25,13.048707008361816,0.0
2005-03-28,12.991903305053713,0.0
2005-03-29,13.048707008361816,0.0
2005-03-30,13.012189865112305,0.0
2005-03-31,12.882351875305176,0.0
2005-04-01,12.557757377624512,0.0
2005-04-04,12.54152774810791,0.0
2005-04-05,12.54152774810791,0.0
2005-04-06,12.79308795928955,0.0
2005-04-07,12.683538436889648,0.0
2005-04-08,12.683538436889648,0.0
2005-04-11,12.683538436889648,0.0
2005-04-12,12.720054626464844,0.0
2005-04-13,12.683538436889648,0.0
2005-04-14,12.66730785369873,0.0
2005-04-15,12.285908699035645,0.0
2005-04-18,11.924798011779783,0.0
2005-04-19,12.066807746887209,0.0
2005-04-20,12.322425842285156,0.0
2005-04-21,12.647021293640137,0.0
2005-04-22,12.975672721862791,0.0
2005-04-25,12.813376426696776,0.0
2005-04-26,12.720054626464844,0.0
2005-04-27,12.683538436889648,0.0
2005-04-28,12.93915557861328,0.0
2005-04-29,12.9553861618042,0.0
2005-05-02,12.9553861618042,0.0
2005-05-03,12.756571769714355,0.0
2005-05-04,12.703824996948242,0.0
2005-05-05,12.703824996948242,0.0
2005-05-06,12.683538436889648,0.0
2005-05-09,12.683538436889648,0.0
2005-05-10,12.647021293640137,0.0
2005-05-11,12.683538436889648,0.0
2005-05-12,12.829605102539062,0.0
2005-05-13,12.975672721862791,0.0
2005-05-16,12.882351875305176,0.0
2005-05-17,12.813376426696776,0.0
2005-05-18,12.66730785369873,0.0
2005-05-19,12.866122245788574,0.0
2005-05-20,12.756571769714355,0.0
2005-05-23,12.776859283447266,0.0
2005-05-24,12.93915557861328,0.0
2005-05-25,12.918869018554688,0.0
2005-05-26,12.829605102539062,0.0
2005-05-27,12.9553861618042,0.0
2005-05-30,13.012189865112305,0.0
2005-05-31,12.813376426696776,0.0
2005-06-01,12.647021293640137,0.0
2005-06-02,12.683538436889648,0.0
2005-06-03,12.66730785369873,0.0
2005-06-06,12.683538436889648,0.0
2005-06-07,12.557757377624512,0.0
2005-06-08,12.54152774810791,0.0
2005-06-09,12.306196212768556,0.0
2005-06-10,12.484723091125488,0.0
2005-06-13,12.66730785369873,0.0
2005-06-14,12.647021293640137,0.0
2005-06-15,12.66730785369873,0.0
2005-06-16,12.703824996948242,0.0
2005-06-17,12.683538436889648,0.0
2005-06-20,12.505010604858398,0.0
2005-06-21,12.484723091125488,0.0
2005-06-22,12.54152774810791,0.0
2005-06-23,12.66730785369873,0.0
2005-06-24,12.505010604858398,0.0
2005-06-27,12.358942985534668,0.0
2005-06-28,12.578043937683104,0.0
2005-06-29,12.54152774810791,0.0
2005-06-30,12.505010604858398,0.0
2005-07-01,12.557757377624512,0.0
2005-07-04,12.557757377624512,0.0
2005-07-05,12.468494415283203,0.0
2005-07-06,12.41168975830078,0.0
2005-07-07,12.39546012878418,0.0
2005-07-08,12.358942985534668,0.0
2005-07-11,12.431977272033691,0.0
2005-07-12,12.557757377624512,0.0
2005-07-13,12.468494415283203,0.0
2005-07-14,12.322425842285156,0.404845
2005-07-15,12.37517261505127,0.0
2005-07-18,12.37517261505127,0.0
2005-07-19,12.448206901550291,0.0
2005-07-20,12.505010604858398,0.0
2005-07-21,12.285908699035645,0.0
2005-07-22,12.37517261505127,0.0
2005-07-25,12.37517261505127,0.0
2005-07-26,12.285908699035645,0.0
2005-07-27,12.41168975830078,0.0
2005-07-28,12.41168975830078,0.0
2005-07-29,12.233162879943848,0.0
2005-08-01,12.233162879943848,0.0
2005-08-02,12.484723091125488,0.0
2005-08-03,12.578043937683104,0.0
2005-08-04,12.39546012878418,0.0
2005-08-05,12.39546012878418,0.0
2005-08-08,12.269679069519045,0.0
2005-08-09,12.249391555786133,0.0
2005-08-10,12.13984203338623,0.0
2005-08-11,12.034347534179688,0.0
2005-08-12,12.050578117370604,0.0
2005-08-15,11.997831344604492,0.0
2005-08-16,12.087095260620115,0.0
2005-08-17,12.066807746887209,0.0
2005-08-18,12.249391555786133,0.0
2005-08-19,12.249391555786133,0.0
2005-08-22,12.249391555786133,0.0
2005-08-23,12.306196212768556,0.0
2005-08-24,13.227139472961426,0.0
2005-08-25,13.227139472961426,0.0
2005-08-26,13.10008144378662,0.0
2005-08-29,12.889779090881348,0.0
2005-08-30,12.951116561889648,0.0
2005-08-31,12.889779090881348,0.0
2005-09-01,12.889779090881348,0.0
2005-09-02,12.679476737976074,0.0
2005-09-05,12.50860595703125,0.0
2005-09-06,12.55241870880127,0.0
2005-09-07,12.486699104309082,0.0
2005-09-08,12.697002410888672,0.0
2005-09-09,12.657569885253906,0.0
2005-09-12,12.889779090881348,0.0
2005-09-13,13.078174591064451,0.0
2005-09-14,13.18332576751709,0.0
2005-09-15,13.18332576751709,0.0
2005-09-16,12.569944381713867,0.0
2005-09-19,11.960944175720217,0.0
2005-09-20,12.044187545776367,0.0
2005-09-21,12.088001251220703,0.0
2005-09-22,11.663015365600586,0.0
2005-09-23,11.79007339477539,0.0
2005-09-26,11.768166542053224,0.0
2005-09-27,12.022281646728516,0.0
2005-09-28,11.768166542053224,0.0
2005-09-29,12.223821640014648,0.0
2005-09-30,12.530511856079102,0.0
2005-10-03,12.46479320526123,0.0
2005-10-04,12.223821640014648,0.0
2005-10-05,11.851410865783691,0.0
2005-10-06,11.435188293457031,0.0
2005-10-07,11.413281440734863,0.0
2005-10-10,11.413281440734863,0.0
2005-10-11,11.632346153259276,0.0
2005-10-12,11.698065757751465,0.0
2005-10-13,12.11428928375244,0.0
2005-10-14,12.442886352539062,0.0
2005-10-17,12.11428928375244,0.0
2005-10-18,11.82950496673584,0.0
2005-10-19,11.52281379699707,0.0
2005-10-20,11.7418794631958,0.0
2005-10-21,11.632346153259276,0.0
2005-10-24,11.807598114013672,0.0
2005-10-25,12.267635345458984,0.0
2005-10-26,12.289541244506836,0.0
2005-10-27,12.442886352539062,0.0
2005-10-28,12.289541244506836,0.0
2005-10-31,12.678330421447754,0.0
2005-11-01,12.897340774536133,0.0
2005-11-02,13.140686988830566,0.0
2005-11-03,12.800003051757812,0.0
2005-11-04,12.921675682067873,0.0
2005-11-07,13.043349266052246,0.0
2005-11-08,12.921675682067873,0.0
2005-11-09,12.921675682067873,0.0
2005-11-10,13.043349266052246,0.0
2005-11-11,13.262359619140623,0.0
2005-11-14,13.165021896362305,0.0
2005-11-15,13.092018127441406,0.0
2005-11-16,12.921675682067873,0.0
2005-11-17,12.702664375305176,0.0
2005-11-18,12.946009635925291,0.0
2005-11-21,12.897340774536133,0.0
2005-11-22,12.6539945602417,0.0
2005-11-23,12.921675682067873,0.0
2005-11-24,12.824337005615234,0.0
2005-11-25,12.800003051757812,0.0
2005-11-28,12.775668144226074,0.0
2005-11-29,12.848671913146973,0.0
2005-11-30,13.116352081298828,0.0
2005-12-01,13.213690757751465,0.0
2005-12-02,13.359699249267578,0.0
2005-12-05,13.530040740966797,0.0
2005-12-06,13.82205581665039,0.0
2005-12-07,13.116352081298828,0.0
2005-12-08,12.215971946716309,0.0
2005-12-09,12.507987022399902,0.0
2005-12-12,13.019014358520508,0.0
2005-12-13,12.678330421447754,0.0
2005-12-14,12.6539945602417,0.0
2005-12-15,12.6539945602417,0.0
2005-12-16,12.6539945602417,0.0
2005-12-19,12.53232192993164,0.0
2005-12-20,12.556655883789062,0.0
2005-12-21,12.678330421447754,0.0
2005-12-22,11.298212051391602,0.0
2005-12-23,12.6539945602417,0.0
2005-12-26,11.276480674743652,0.0
2005-12-27,12.5809907913208,0.0
2005-12-28,12.62965965270996,0.0
2005-12-29,12.678330421447754,0.0
2005-12-30,12.6539945602417,0.0
2006-01-02,12.313309669494627,0.0
2006-01-03,12.53232192993164,0.0
2006-01-04,12.751333236694336,0.0
2006-01-05,13.092018127441406,0.0
2006-01-06,13.140686988830566,0.0
2006-01-09,13.092018127441406,0.0
2006-01-10,13.165021896362305,0.0
2006-01-11,13.140686988830566,0.0
2006-01-12,13.189355850219728,0.0
2006-01-13,12.897340774536133,0.0
2006-01-16,12.800003051757812,0.0
2006-01-17,12.6539945602417,0.0
2006-01-18,12.48365306854248,0.0
2006-01-19,12.313309669494627,0.0
2006-01-20,12.410649299621582,0.0
2006-01-23,12.313309669494627,0.0
2006-01-24,12.337644577026367,0.0
2006-01-25,12.459318161010742,0.0
2006-02-03,13.311029434204102,0.0
2006-02-06,14.16274070739746,0.0
2006-02-07,13.87072467803955,0.0
2006-02-08,13.408368110656738,0.0
2006-02-09,13.213690757751465,0.0
2006-02-10,12.946009635925291,0.0
2006-02-13,12.946009635925291,0.0
2006-02-14,13.019014358520508,0.0
2006-02-15,13.092018127441406,0.0
2006-02-16,13.140686988830566,0.0
2006-02-17,13.019014358520508,0.0
2006-02-20,12.970344543457031,0.0
2006-02-21,13.067683219909668,0.0
2006-02-22,13.189355850219728,0.0
2006-02-23,12.970344543457031,0.0
2006-02-24,13.140686988830566,0.0
2006-02-27,13.286694526672363,0.0
2006-03-01,13.238024711608888,0.0
2006-03-02,12.99467945098877,0.0
2006-03-03,12.897340774536133,0.0
2006-03-06,12.824337005615234,0.0
2006-03-07,12.800003051757812,0.0
2006-03-08,12.507987022399902,0.0
2006-03-09,12.264640808105469,0.0
2006-03-10,11.899621963500977,0.0
2006-03-13,11.826618194580078,0.0
2006-03-14,11.485934257507324,0.0
2006-03-15,11.631940841674805,0.0
2006-03-16,11.75361442565918,0.0
2006-03-17,11.802284240722656,0.0
2006-03-20,11.704944610595703,0.0
2006-03-21,11.656275749206545,0.0
2006-03-22,11.41292953491211,0.0
2006-03-23,11.047910690307615,0.0
2006-03-24,11.120915412902832,0.0
2006-03-27,11.19391918182373,0.0
2006-03-28,11.120915412902832,0.0
2006-03-29,11.169584274291992,0.0
2006-03-30,11.07224464416504,0.0
2006-03-31,11.218253135681152,0.0
2006-04-03,11.29125690460205,0.0
2006-04-04,11.437265396118164,0.0
2006-04-06,11.631940841674805,0.0
2006-04-07,11.631940841674805,0.0
2006-04-10,11.631940841674805,0.0
2006-04-11,11.631940841674805,0.0
2006-04-12,11.510268211364746,0.0
2006-04-13,11.826618194580078,0.0
2006-04-14,12.021294593811035,0.0
2006-04-17,12.337644577026367,0.0
2006-04-18,12.19163703918457,0.0
2006-04-19,12.069964408874512,0.0
2006-04-20,12.069964408874512,0.0
2006-04-21,12.507987022399902,0.0
2006-04-24,12.53232192993164,0.0
2006-04-25,12.410649299621582,0.0
2006-04-26,12.702664375305176,0.0
2006-04-27,12.751333236694336,0.0
2006-04-28,12.751333236694336,0.0
2006-05-02,12.99467945098877,0.0
2006-05-03,12.824337005615234,0.0
2006-05-04,13.627379417419434,0.0
2006-05-05,13.82205581665039,0.0
2006-05-08,14.016733169555664,0.0
2006-05-09,14.21140956878662,0.0
2006-05-10,13.627379417419434,0.0
2006-05-11,13.603045463562012,0.0
2006-05-12,13.43270206451416,0.0
2006-05-15,13.189355850219728,0.0
2006-05-16,12.726999282836914,0.0
2006-05-17,12.970344543457031,0.0
2006-05-18,11.167845726013184,0.0
2006-05-19,11.276480674743652,0.0
2006-05-22,12.60532569885254,0.0
2006-05-23,12.6539945602417,0.0
2006-05-24,12.6539945602417,0.0
2006-05-25,12.848671913146973,0.0
2006-05-26,13.019014358520508,0.0
2006-05-29,12.03693675994873,0.0
2006-05-30,13.481371879577637,0.0
2006-06-01,13.165021896362305,0.0
2006-06-02,13.72471809387207,0.0
2006-06-05,13.238024711608888,0.0
2006-06-06,13.019014358520508,0.0
2006-06-07,12.824337005615234,0.0
2006-06-08,12.215971946716309,0.0
2006-06-09,12.313309669494627,0.0
2006-06-12,12.313309669494627,0.0
2006-06-13,11.923956871032717,0.0
2006-06-14,12.53232192993164,0.0
2006-06-15,12.897340774536133,0.0
2006-06-16,13.262359619140623,0.0
2006-06-19,13.33536434173584,0.0
2006-06-20,12.6539945602417,0.0
2006-06-21,12.800003051757812,0.0
2006-06-22,12.873005867004396,0.0
2006-06-23,12.678330421447754,0.0
2006-06-26,12.800003051757812,0.0
2006-06-27,12.921675682067873,0.0
2006-06-28,12.556655883789062,0.0
2006-06-29,12.751333236694336,0.0
2006-06-30,13.067683219909668,0.0
2006-07-03,13.189355850219728,0.0
2006-07-04,13.116352081298828,0.0
2006-07-05,12.800003051757812,0.0
2006-07-06,12.507987022399902,0.243346
2006-07-07,12.48365306854248,0.0
2006-07-10,12.361980438232422,0.0
2006-07-11,12.459318161010742,0.0
2006-07-12,12.53232192993164,0.0
2006-07-13,12.62965965270996,0.0
2006-07-14,12.386314392089844,0.0
2006-07-17,12.337644577026367,0.0
2006-07-18,12.264640808105469,0.0
2006-07-19,12.19163703918457,0.0
2006-07-20,12.313309669494627,0.0
2006-07-21,11.923956871032717,0.0
2006-07-24,11.923956871032717,0.0
2006-07-25,12.118634223937988,0.0
2006-07-26,10.907111167907717,0.0
2006-07-27,10.86366367340088,0.0
2006-07-28,12.386314392089844,0.0
2006-07-31,12.410649299621582,0.0
2006-08-01,12.507987022399902,0.0
2006-08-02,12.386314392089844,0.0
2006-08-03,12.240306854248049,0.0
2006-08-04,12.04563045501709,0.0
2006-08-07,11.899621963500977,0.0
2006-08-08,12.09429931640625,0.0
2006-08-09,12.073858261108398,0.0
2006-08-10,12.101113319396973,0.0
2006-08-11,12.210131645202637,0.0
2006-08-14,12.428170204162598,0.0
2006-08-15,12.564443588256836,0.0
2006-08-16,12.591697692871094,0.0
2006-08-17,12.455425262451172,0.0
2006-08-18,12.428170204162598,0.0
2006-08-21,12.182876586914062,0.0
2006-08-22,12.346405029296877,0.0
2006-08-23,12.182876586914062,0.0
2006-08-24,12.210131645202637,0.0
2006-08-25,12.155621528625488,0.0
2006-08-28,12.01934814453125,0.0
2006-08-29,11.7195463180542,0.0
2006-08-30,11.801309585571287,0.0
2006-08-31,11.746801376342772,0.0
2006-09-01,11.774056434631348,0.0
2006-09-04,11.883074760437012,0.0
2006-09-05,12.073858261108398,0.0
2006-09-06,11.801309585571287,0.0
2006-09-07,11.992094039916992,0.0
2006-09-08,12.237385749816896,0.0
2006-09-11,12.291895866394045,0.0
2006-09-12,12.37366008758545,0.0
2006-09-13,12.428170204162598,0.0
2006-09-14,12.646207809448242,0.0
2006-09-15,13.164048194885254,0.0
2006-09-18,13.981691360473633,0.0
2006-09-19,13.518360137939451,0.0
2006-09-20,13.436595916748049,0.0
2006-09-21,13.109539031982422,0.0
2006-09-22,13.055028915405272,0.0
2006-09-25,13.109539031982422,0.0
2006-09-26,13.245813369750977,0.0
2006-09-27,13.60012435913086,0.0
2006-09-28,13.60012435913086,0.0
2006-09-29,13.46385097503662,0.0
2006-10-02,14.172473907470703,0.0
2006-10-03,13.899927139282228,0.0
2006-10-04,13.9271821975708,0.0
2006-10-05,13.899927139282228,0.0
2006-10-09,13.899927139282228,0.0
2006-10-11,13.790907859802246,0.0
2006-10-12,13.790907859802246,0.0
2006-10-13,13.845417022705078,0.0
2006-10-16,14.58129596710205,0.0
2006-10-17,14.172473907470703,0.0
2006-10-18,13.709142684936523,0.0
2006-10-19,13.518360137939451,0.0
2006-10-20,13.60012435913086,0.0
2006-10-23,13.545615196228027,0.0
2006-10-24,13.46385097503662,0.0
2006-10-25,13.35483169555664,0.0
2006-10-26,13.436595916748049,0.0
2006-10-27,13.300321578979492,0.0
2006-10-30,13.082283973693848,0.0
2006-10-31,13.164048194885254,0.0
2006-11-01,13.164048194885254,0.0
2006-11-02,13.136794090270996,0.0
2006-11-03,13.409340858459473,0.0
2006-11-06,13.382085800170898,0.0
2006-11-07,13.545615196228027,0.0
2006-11-08,13.545615196228027,0.0
2006-11-09,13.899927139282228,0.0
2006-11-10,13.872672080993652,0.0
2006-11-13,13.654634475708008,0.0
2006-11-14,13.654634475708008,0.0
2006-11-15,13.709142684936523,0.0
2006-11-16,13.736397743225098,0.0
2006-11-17,13.845417022705078,0.0
2006-11-20,13.763652801513672,0.0
2006-11-21,13.845417022705078,0.0
2006-11-22,14.090709686279297,0.0
2006-11-23,14.226984024047852,0.0
2006-11-24,13.981691360473633,0.0
2006-11-27,14.226984024047852,0.0
2006-11-28,14.663060188293455,0.0
2006-11-29,15.180899620056152,0.0
2006-11-30,15.04462718963623,0.0
2006-12-01,15.262664794921877,0.0
2006-12-04,15.180899620056152,0.0
2006-12-05,15.04462718963623,0.0
2006-12-06,15.017372131347656,0.0
2006-12-07,14.908352851867676,0.0
2006-12-08,14.82658863067627,0.0
2006-12-11,14.908352851867676,0.0
2006-12-12,14.772079467773438,0.0
2006-12-13,14.772079467773438,0.0
2006-12-14,14.853842735290527,0.0
2006-12-15,15.262664794921877,0.0
2006-12-18,15.2354097366333,0.0
2006-12-19,14.717570304870604,0.0
2006-12-20,14.690315246582031,0.0
2006-12-21,14.635805130004885,0.0
2006-12-22,14.717570304870604,0.0
2006-12-25,14.82658863067627,0.0
2006-12-26,14.799333572387695,0.0
2006-12-27,14.717570304870604,0.0
2006-12-28,14.717570304870604,0.0
2006-12-29,14.853842735290527,0.0
2007-01-02,14.908352851867676,0.0
2007-01-03,15.017372131347656,0.0
2007-01-04,15.371684074401855,0.0
2007-01-05,15.289918899536133,0.0
2007-01-08,15.04462718963623,0.0
2007-01-09,14.990117073059082,0.0
2007-01-10,14.82658863067627,0.0
2007-01-11,14.690315246582031,0.0
2007-01-12,14.717570304870604,0.0
2007-01-15,14.445021629333496,0.0
2007-01-16,14.744824409484863,0.0
2007-01-17,14.799333572387695,0.0
2007-01-18,15.153646469116213,0.0
2007-01-19,14.908352851867676,0.0
2007-01-22,15.071881294250488,0.0
2007-01-23,15.099136352539062,0.0
2007-01-24,15.50795841217041,0.0
2007-01-25,15.371684074401855,0.0
2007-01-26,15.099136352539062,0.0
2007-01-29,14.744824409484863,0.0
2007-01-30,15.04462718963623,0.0
2007-01-31,15.099136352539062,0.0
2007-02-01,15.071881294250488,0.0
2007-02-02,15.453448295593262,0.0
2007-02-05,15.480703353881836,0.0
2007-02-06,15.180899620056152,0.0
2007-02-07,15.071881294250488,0.0
2007-02-08,15.04462718963623,0.0
2007-02-09,14.962862014770508,0.0
2007-02-12,14.744824409484863,0.0
2007-02-13,14.690315246582031,0.0
2007-02-14,14.690315246582031,0.0
2007-02-26,14.308748245239258,0.0
2007-02-27,14.336003303527832,0.0
2007-03-01,14.063454627990724,0.0
2007-03-02,13.872672080993652,0.0
2007-03-05,13.082283973693848,0.0
2007-03-06,13.654634475708008,0.0
2007-03-07,13.46385097503662,0.0
2007-03-08,13.327576637268066,0.0
2007-03-09,13.763652801513672,0.0
2007-03-12,13.872672080993652,0.0
2007-03-13,13.60012435913086,0.0
2007-03-14,13.35483169555664,0.0
2007-03-15,13.654634475708008,0.0
2007-03-16,13.9271821975708,0.0
2007-03-19,14.008946418762209,0.0
2007-03-20,13.790907859802246,0.0
2007-03-21,13.790907859802246,0.0
2007-03-22,13.9271821975708,0.0
2007-03-23,13.736397743225098,0.0
2007-03-26,13.736397743225098,0.0
2007-03-27,13.899927139282228,0.0
2007-03-28,13.681888580322266,0.0
2007-03-29,14.063454627990724,0.0
2007-03-30,14.090709686279297,0.0
2007-04-02,14.172473907470703,0.0
2007-04-03,14.336003303527832,0.0
2007-04-04,14.554040908813477,0.0
2007-04-09,14.390512466430664,0.0
2007-04-10,14.390512466430664,0.0
2007-04-11,14.172473907470703,0.0
2007-04-12,13.899927139282228,0.0
2007-04-13,14.036200523376465,0.0
2007-04-16,14.226984024047852,0.0
2007-04-17,14.308748245239258,0.0
2007-04-18,14.390512466430664,0.0
2007-04-19,14.145219802856444,0.0
2007-04-20,14.226984024047852,0.0
2007-04-23,14.445021629333496,0.0
2007-04-24,14.445021629333496,0.0
2007-04-25,14.554040908813477,0.0
2007-04-26,14.635805130004885,0.0
2007-04-27,14.499530792236328,0.0
2007-04-30,14.308748245239258,0.0
2007-05-02,14.608551025390623,0.0
2007-05-03,14.499530792236328,0.0
2007-05-04,14.663060188293455,0.0
2007-05-07,14.663060188293455,0.0
2007-05-08,14.554040908813477,0.0
2007-05-09,14.608551025390623,0.0
2007-05-10,14.499530792236328,0.0
2007-05-11,14.336003303527832,0.0
2007-05-14,14.526785850524902,0.0
2007-05-15,14.445021629333496,0.0
2007-05-16,14.554040908813477,0.0
2007-05-17,14.554040908813477,0.0
2007-05-18,14.445021629333496,0.0
2007-05-21,14.445021629333496,0.0
2007-05-22,14.254239082336426,0.0
2007-05-23,14.445021629333496,0.0
2007-05-24,14.336003303527832,0.0
2007-05-25,14.008946418762209,0.0
2007-05-28,13.818161964416504,0.0
2007-05-29,13.654634475708008,0.0
2007-05-30,13.518360137939451,0.0
2007-05-31,13.654634475708008,0.0
2007-06-01,13.572870254516602,0.0
2007-06-04,13.409340858459473,0.0
2007-06-05,13.572870254516602,0.0
2007-06-06,13.709142684936523,0.0
2007-06-07,13.572870254516602,0.0
2007-06-08,13.35483169555664,0.0
2007-06-11,13.136794090270996,0.0
2007-06-12,13.082283973693848,0.0
2007-06-13,13.545615196228027,0.0
2007-06-14,14.036200523376465,0.0
2007-06-15,14.172473907470703,0.0
2007-06-20,14.608551025390623,0.0
2007-06-21,14.554040908813477,0.0
2007-06-22,14.008946418762209,0.0
2007-06-25,14.008946418762209,0.0
2007-06-26,14.036200523376465,0.0
2007-06-27,14.008946418762209,0.0
2007-06-28,13.95443630218506,0.0
2007-06-29,13.95443630218506,0.0
2007-07-02,14.254239082336426,0.0
2007-07-03,14.690315246582031,0.0
2007-07-04,14.554040908813477,0.0
2007-07-05,14.390512466430664,0.0
2007-07-06,14.281493186950684,0.0
2007-07-09,14.635805130004885,0.0
2007-07-10,14.635805130004885,0.0
2007-07-11,14.608551025390623,0.0
2007-07-12,15.371684074401855,0.0
2007-07-13,15.289918899536133,0.0
2007-07-16,15.208154678344728,0.0
2007-07-17,15.153646469116213,0.0
2007-07-18,15.34442901611328,0.0
2007-07-19,15.39893913269043,0.0
2007-07-20,15.262664794921877,0.0
2007-07-23,15.371684074401855,0.0
2007-07-24,15.426193237304688,0.0
2007-07-25,15.317173957824709,0.0
2007-07-26,14.881097793579102,0.0
2007-07-27,14.281493186950684,0.0
2007-07-30,14.172473907470703,0.0
2007-07-31,14.172473907470703,0.0
2007-08-01,13.35483169555664,0.0
2007-08-02,13.60012435913086,0.0
2007-08-03,13.681888580322266,0.0
2007-08-06,13.436595916748049,0.0
2007-08-07,13.409340858459473,0.0
2007-08-08,13.899927139282228,0.0
2007-08-09,13.95443630218506,0.0
2007-08-10,13.0277738571167,0.0
2007-08-13,12.946009635925291,0.0
2007-08-14,12.91875457763672,0.0
2007-08-15,12.101113319396973,0.0
2007-08-16,11.801309585571287,0.0
2007-08-17,11.855819702148438,0.0
2007-08-20,12.673462867736816,0.0
2007-08-21,12.727972030639648,0.0
2007-08-22,12.673462867736816,0.0
2007-08-23,12.946009635925291,0.0
2007-08-24,12.564443588256836,0.0
2007-08-27,12.591697692871094,0.0
2007-08-28,12.591697692871094,0.0
2007-08-29,12.264640808105469,0.0
2007-08-30,12.673462867736816,0.0
2007-08-31,13.518360137939451,0.0
2007-09-03,12.946009635925291,0.0
2007-09-04,12.973264694213867,0.0
2007-09-05,12.946009635925291,0.0
2007-09-06,13.109539031982422,0.0
2007-09-07,13.082283973693848,0.0
2007-09-10,13.00051975250244,0.0
2007-09-11,12.973264694213867,0.0
2007-09-12,12.973264694213867,0.0
2007-09-13,13.109539031982422,0.0
2007-09-14,13.382085800170898,0.0
2007-09-17,13.136794090270996,0.0
2007-09-18,13.136794090270996,0.0
2007-09-19,12.973264694213867,0.0
2007-09-20,12.700716972351074,0.0
2007-09-21,12.37366008758545,0.0
2007-09-26,12.37366008758545,0.0
2007-09-27,12.973264694213867,0.0
2007-09-28,13.055028915405272,0.0
2007-10-01,12.973264694213867,0.0
2007-10-02,13.409340858459473,0.0
2007-10-03,13.46385097503662,0.0
2007-10-04,13.218558311462402,0.0
2007-10-05,13.709142684936523,0.0
2007-10-08,13.763652801513672,0.0
2007-10-09,13.709142684936523,0.0
2007-10-11,13.709142684936523,0.0
2007-10-12,13.136794090270996,0.0
2007-10-15,13.409340858459473,0.0
2007-10-16,13.545615196228027,0.0
2007-10-17,13.273067474365234,0.0
2007-10-18,13.273067474365234,0.0
2007-10-19,13.300321578979492,0.0
2007-10-22,12.864246368408203,0.0
2007-10-23,13.082283973693848,0.0
2007-10-24,12.891501426696776,0.0
2007-10-25,13.055028915405272,0.0
2007-10-26,12.91875457763672,0.0
2007-10-29,13.218558311462402,0.0
2007-10-30,12.973264694213867,0.0
2007-10-31,12.864246368408203,0.0
2007-11-01,12.973264694213867,0.0
2007-11-02,12.591697692871094,0.0
2007-11-05,12.564443588256836,0.0
2007-11-06,12.564443588256836,0.0
2007-11-07,12.591697692871094,0.0
2007-11-08,11.883074760437012,0.0
2007-11-09,12.210131645202637,0.0
2007-11-12,12.210131645202637,0.0
2007-11-13,12.455425262451172,0.0
2007-11-14,12.455425262451172,0.0
2007-11-15,12.319150924682615,0.0
2007-11-16,12.182876586914062,0.0
2007-11-19,12.182876586914062,0.0
2007-11-20,12.155621528625488,0.0
2007-11-21,11.992094039916992,0.0
2007-11-22,11.992094039916992,0.0
2007-11-23,11.883074760437012,0.0
2007-11-26,12.155621528625488,0.0
2007-11-27,12.01934814453125,0.0
2007-11-28,12.101113319396973,0.0
2007-11-29,12.537188529968262,0.0
2007-11-30,12.755227088928224,0.0
2007-12-03,12.564443588256836,0.0
2007-12-04,12.428170204162598,0.0
2007-12-05,12.428170204162598,0.0
2007-12-06,12.455425262451172,0.0
2007-12-07,12.455425262451172,0.0
2007-12-10,12.509934425354004,0.0
2007-12-11,12.48267936706543,0.0
2007-12-12,12.346405029296877,0.0
2007-12-13,12.319150924682615,0.0
2007-12-14,12.346405029296877,0.0
2007-12-17,11.964838981628418,0.0
2007-12-18,11.883074760437012,0.0
2007-12-19,12.101113319396973,0.0
2007-12-20,11.883074760437012,0.0
2007-12-21,11.828564643859863,0.0
2007-12-24,11.937583923339844,0.0
2007-12-25,11.937583923339844,0.0
2007-12-26,12.073858261108398,0.0
2007-12-27,12.37366008758545,0.0
2007-12-28,12.509934425354004,0.0
2007-12-31,12.564443588256836,0.0
2008-01-02,12.155621528625488,0.0
2008-01-03,12.12836742401123,0.0
2008-01-04,12.646207809448242,0.0
2008-01-07,12.346405029296877,0.0
2008-01-08,12.755227088928224,0.0
2008-01-09,12.891501426696776,0.0
2008-01-10,12.91875457763672,0.0
2008-01-11,12.700716972351074,0.0
2008-01-14,13.572870254516602,0.0
2008-01-15,14.499530792236328,0.0
2008-01-16,14.853842735290527,0.0
2008-01-17,14.744824409484863,0.0
2008-01-18,14.417766571044922,0.0
2008-01-21,14.281493186950684,0.0
2008-01-22,13.327576637268066,0.0
2008-01-23,13.49110507965088,0.0
2008-01-24,14.145219802856444,0.0
2008-01-25,14.145219802856444,0.0
2008-01-28,13.627379417419434,0.0
2008-01-29,13.46385097503662,0.0
2008-01-30,13.60012435913086,0.0
2008-01-31,13.95443630218506,0.0
2008-02-01,14.063454627990724,0.0
2008-02-12,14.172473907470703,0.0
2008-02-13,14.336003303527832,0.0
2008-02-14,14.853842735290527,0.0
2008-02-15,14.990117073059082,0.0
2008-02-18,14.82658863067627,0.0
2008-02-19,14.93560791015625,0.0
2008-02-20,14.417766571044922,0.0
2008-02-21,14.93560791015625,0.0
2008-02-22,15.126391410827637,0.0
2008-02-25,15.262664794921877,0.0
2008-02-26,15.371684074401855,0.0
2008-02-27,15.5897216796875,0.0
2008-02-29,15.39893913269043,0.0
2008-03-03,15.39893913269043,0.0
2008-03-04,15.289918899536133,0.0
2008-03-05,15.262664794921877,0.0
2008-03-06,15.180899620056152,0.0
2008-03-07,14.608551025390623,0.0
2008-03-10,13.899927139282228,0.0
2008-03-11,14.281493186950684,0.0
2008-03-12,14.417766571044922,0.0
2008-03-13,14.226984024047852,0.0
2008-03-14,14.117964744567873,0.0
2008-03-17,14.417766571044922,0.0
2008-03-18,14.036200523376465,0.0
2008-03-19,14.717570304870604,0.0
2008-03-20,15.725996017456056,0.0
2008-03-21,16.380109786987305,0.0
2008-03-24,16.89794921875,0.0
2008-03-25,16.625402450561523,0.0
2008-03-26,16.89794921875,0.0
2008-03-27,16.08030891418457,0.0
2008-03-28,15.862269401550291,0.0
2008-03-31,15.998542785644531,0.0
2008-04-01,15.69874095916748,0.0
2008-04-02,16.2983455657959,0.0
2008-04-03,15.80776023864746,0.0
2008-04-07,16.025798797607422,0.0
2008-04-08,15.916778564453123,0.0
2008-04-09,15.69874095916748,0.0
2008-04-10,16.08030891418457,0.0
2008-04-11,17.11598777770996,0.0
2008-04-14,17.38853645324707,0.0
2008-04-15,17.688337326049805,0.0
2008-04-16,17.715593338012695,0.0
2008-04-17,17.63382911682129,0.0
2008-04-18,17.6065731048584,0.0
2008-04-21,17.034223556518555,0.0
2008-04-22,16.816186904907227,0.0
2008-04-23,16.843441009521484,0.0
2008-04-24,17.006969451904297,0.0
2008-04-25,16.89794921875,0.0
2008-04-28,17.334026336669922,0.0
2008-04-29,17.279516220092773,0.0
2008-04-30,17.306772232055664,0.0
2008-05-02,17.715593338012695,0.0
2008-05-05,17.088733673095703,0.0
2008-05-06,16.70716667175293,0.0
2008-05-07,16.51638412475586,0.0
2008-05-08,16.380109786987305,0.0
2008-05-09,16.08030891418457,0.0
2008-05-12,16.325599670410156,0.0
2008-05-13,16.679912567138672,0.0
2008-05-14,16.816186904907227,0.0
2008-05-15,17.19775390625,0.0
2008-05-16,17.17049789428711,0.0
2008-05-19,17.38853645324707,0.0
2008-05-20,16.89794921875,0.0
2008-05-21,16.788930892944336,0.0
2008-05-22,16.816186904907227,0.0
2008-05-23,16.51638412475586,0.0
2008-05-26,16.407365798950195,0.0
2008-05-27,16.598148345947266,0.0
2008-05-28,16.24383544921875,0.0
2008-05-29,16.46187400817871,0.0
2008-05-30,16.89794921875,0.0
2008-06-02,16.95245933532715,0.0
2008-06-03,16.51638412475586,0.0
2008-06-04,16.625402450561523,0.0
2008-06-05,16.65265655517578,0.0
2008-06-06,16.788930892944336,0.0
2008-06-09,16.24383544921875,0.0
2008-06-10,15.69874095916748,0.0
2008-06-11,15.753250122070312,0.0
2008-06-12,15.480703353881836,0.0
2008-06-13,15.562466621398926,0.0
2008-06-16,16.24383544921875,0.0
2008-06-17,16.107561111450195,0.0
2008-06-18,16.134817123413086,0.0
2008-06-19,15.971287727355955,0.0
2008-06-20,15.562466621398926,0.0
2008-06-23,15.644230842590332,0.0
2008-06-24,15.671485900878906,0.0
2008-06-25,15.80776023864746,0.0
2008-06-26,15.69874095916748,0.0
2008-06-27,15.289918899536133,0.0
2008-06-30,15.971287727355955,0.0
2008-07-01,14.853842735290527,0.0
2008-07-02,13.818161964416504,0.0
2008-07-03,13.436595916748049,0.109019
2008-07-04,12.91875457763672,0.0
2008-07-07,13.60012435913086,0.0
2008-07-08,13.082283973693848,0.0
2008-07-09,13.164048194885254,0.0
2008-07-10,13.082283973693848,0.0
2008-07-11,12.973264694213867,0.0
2008-07-14,12.210131645202637,0.0
2008-07-15,11.637782096862791,0.0
2008-07-16,11.91032886505127,0.0
2008-07-17,12.564443588256836,0.0
2008-07-18,12.01934814453125,0.0
2008-07-21,12.836991310119627,0.0
2008-07-22,13.00051975250244,0.0
2008-07-23,13.627379417419434,0.0
2008-07-24,13.572870254516602,0.0
2008-07-25,12.864246368408203,0.0
2008-07-28,14.122821807861328,0.0
2008-07-29,12.12836742401123,0.0
2008-07-30,12.264640808105469,0.0
2008-07-31,12.182876586914062,0.0
2008-08-01,12.182876586914062,0.0
2008-08-04,12.210131645202637,0.0
2008-08-05,11.44699764251709,0.0
2008-08-06,11.7195463180542,0.0
2008-08-07,12.267704963684082,0.0
2008-08-08,11.637782096862791,0.0
2008-08-11,11.774056434631348,0.0
2008-08-12,11.637782096862791,0.0
2008-08-13,11.501507759094238,0.0
2008-08-14,11.801309585571287,0.0
2008-08-15,11.61052703857422,0.0
2008-08-18,10.820138931274414,0.0
2008-08-19,10.90190315246582,0.0
2008-08-20,11.03817653656006,0.0
2008-08-21,10.656609535217283,0.0
2008-08-22,10.738374710083008,0.0
2008-08-25,11.065431594848633,0.0
2008-08-26,10.847393989562988,0.0
2008-08-27,10.90190315246582,0.0
2008-08-28,10.90190315246582,0.0
2008-08-29,11.14719581604004,0.0
2008-09-01,10.895367622375488,0.0
2008-09-02,11.0426025390625,0.0
2008-09-03,10.983709335327148,0.0
2008-09-04,10.394769668579102,0.0
2008-09-05,10.24753475189209,0.0
2008-09-08,10.954261779785156,0.0
2008-09-09,10.659791946411133,0.0
2008-09-10,10.836474418640137,0.0
2008-09-11,10.542004585266112,0.0
2008-09-12,10.777580261230469,0.0
2008-09-15,10.041406631469728,0.0
2008-09-16,9.364127159118652,0.0
2008-09-17,9.393573760986328,0.0
2008-09-18,8.74574089050293,0.0
2008-09-19,9.33467960357666,0.0
2008-09-22,9.982513427734377,0.0
2008-09-23,10.01196002960205,0.0
2008-09-24,9.835277557373049,0.0
2008-09-25,10.12974739074707,0.0
2008-09-26,10.01196002960205,0.0
2008-09-29,10.991482734680176,0.0
2008-09-30,10.070853233337402,0.0
2008-10-01,9.717490196228027,0.0
2008-10-02,9.481915473937988,0.0
2008-10-03,9.599701881408691,0.0
2008-10-06,8.95186996459961,0.0
2008-10-07,8.627952575683594,0.0
2008-10-08,8.03901481628418,0.0
2008-10-09,7.6562042236328125,0.0
2008-10-13,7.391181945800781,0.0
2008-10-14,7.891779899597168,0.0
2008-10-15,7.626757144927978,0.0
2008-10-16,7.361734867095947,0.0
2008-10-17,7.126159191131592,0.0
2008-10-20,6.8905839920043945,0.0
2008-10-21,6.655007839202881,0.0
2008-10-22,6.448880195617676,0.0
2008-10-23,6.242751121520996,0.0
2008-10-24,6.036622047424316,0.0
2008-10-27,5.618475914001465,0.0
2008-10-28,5.229775905609131,0.0
2008-10-29,4.864634037017822,0.0
2008-10-30,5.200328826904297,0.0
2008-10-31,5.559582233428955,0.0
2008-11-03,5.948281764984131,0.0
2008-11-04,6.360538959503174,0.0
2008-11-05,6.802243232727051,0.0
2008-11-06,6.419433116912842,0.0
2008-11-07,6.566667079925537,0.0
2008-11-10,6.448880195617676,0.0
2008-11-11,6.12496280670166,0.0
2008-11-12,6.183856964111328,0.0
2008-11-13,5.753931999206543,0.0
2008-11-14,5.424126148223877,0.0
2008-11-17,5.801046848297119,0.0
2008-11-18,6.06606912612915,0.0
2008-11-19,6.183856964111328,0.0
2008-11-20,5.753931999206543,0.0
2008-11-21,5.53602409362793,0.0
2008-11-24,5.918835163116455,0.0
2008-11-25,6.33109188079834,0.0
2008-11-26,6.213304042816162,0.0
2008-11-27,6.596114158630371,0.0
2008-11-28,6.625561237335205,0.0
2008-12-01,7.03781795501709,0.0
2008-12-02,6.772796154022217,0.0
2008-12-03,6.772796154022217,0.0
2008-12-04,6.360538959503174,0.0
2008-12-05,6.537220001220703,0.0
2008-12-08,6.9789252281188965,0.0
2008-12-09,7.450076103210449,0.0
2008-12-10,7.950674057006836,0.0
2008-12-11,7.891779899597168,0.0
2008-12-12,7.420629024505615,0.0
2008-12-15,7.921226978302002,0.0
2008-12-16,8.215696334838867,0.0
2008-12-17,8.274589538574219,0.0
2008-12-18,8.274589538574219,0.0
2008-12-19,7.921226978302002,0.0
2008-12-22,7.891779899597168,0.0
2008-12-23,7.597310066223144,0.0
2008-12-24,7.98012113571167,0.0
2008-12-25,7.862332820892334,0.0
2008-12-26,7.77399206161499,0.0
2008-12-29,7.832886219024658,0.0
2008-12-30,8.215696334838867,0.0
2008-12-31,8.186248779296875,0.0
2009-01-02,8.186248779296875,0.0
2009-01-05,8.362931251525879,0.0
2009-01-06,8.097908020019531,0.0
2009-01-07,8.1568021774292,0.0
2009-01-08,7.597310066223144,0.0
2009-01-09,7.214499950408935,0.0
2009-01-12,6.625561237335205,0.0
2009-01-13,6.8905839920043945,0.0
2009-01-14,7.067265033721924,0.0
2009-01-15,6.596114158630371,0.0
2009-01-16,6.566667079925537,0.0
2009-01-19,6.802243232727051,0.0
2009-01-20,6.448880195617676,0.0
2009-01-21,6.448880195617676,0.0
2009-02-02,6.12496280670166,0.0
2009-02-03,6.448880195617676,0.0
2009-02-04,6.419433116912842,0.0
2009-02-05,6.301644802093506,0.0
2009-02-06,6.478326797485352,0.0
2009-02-09,6.183856964111328,0.0
2009-02-10,6.301644802093506,0.0
2009-02-11,6.301644802093506,0.0
2009-02-12,6.242751121520996,0.0
2009-02-13,6.419433116912842,0.0
2009-02-16,6.301644802093506,0.0
2009-02-17,6.183856964111328,0.0
2009-02-18,6.06606912612915,0.0
2009-02-19,5.918835163116455,0.0
2009-02-20,5.854051113128662,0.0
2009-02-23,5.7892680168151855,0.0
2009-02-24,5.889388084411621,0.0
2009-02-25,6.301644802093506,0.0
2009-02-26,6.242751121520996,0.0
2009-02-27,6.27219820022583,0.0
2009-03-02,5.842273235321045,0.0
2009-03-03,6.036622047424316,0.0
2009-03-04,6.007175922393799,0.0
2009-03-05,6.036622047424316,0.0
2009-03-06,5.918835163116455,0.0
2009-03-09,5.918835163116455,0.0
2009-03-10,6.12496280670166,0.0
2009-03-11,6.537220001220703,0.0
2009-03-12,6.33109188079834,0.0
2009-03-13,6.478326797485352,0.0
2009-03-16,6.713901996612549,0.0
2009-03-17,7.155605792999268,0.0
2009-03-18,7.214499950408935,0.0
2009-03-19,7.420629024505615,0.0
2009-03-20,6.949478149414063,0.0
2009-03-23,7.096712112426758,0.0
2009-03-24,7.185052871704102,0.0
2009-03-25,7.302841186523437,0.0
2009-03-26,7.479523181915283,0.0
2009-03-27,7.891779899597168,0.0
2009-03-30,7.361734867095947,0.0
2009-03-31,7.302841186523437,0.0
2009-04-02,8.186248779296875,0.0
2009-04-03,8.74574089050293,0.0
2009-04-06,9.12855052947998,0.0
2009-04-07,8.95186996459961,0.0
2009-04-08,8.333483695983887,0.0
2009-04-09,8.51016616821289,0.0
2009-04-10,8.569059371948242,0.0
2009-04-13,8.686846733093262,0.0
2009-04-14,9.069657325744627,0.0
2009-04-15,9.069657325744627,0.0
2009-04-16,9.688042640686035,0.0
2009-04-17,9.040210723876951,0.0
2009-04-20,9.246338844299316,0.0
2009-04-21,9.305233001708984,0.0
2009-04-22,9.305233001708984,0.0
2009-04-23,8.95186996459961,0.0
2009-04-24,8.922423362731934,0.0
2009-04-27,8.304037094116211,0.0
2009-04-28,8.127354621887207,0.0
2009-04-29,8.362931251525879,0.0
2009-04-30,8.922423362731934,0.0
2009-05-04,9.54080867767334,0.0
2009-05-05,10.188640594482422,0.0
2009-05-06,10.895367622375488,0.0
2009-05-07,11.63154125213623,0.0
2009-05-08,11.63154125213623,0.0
2009-05-11,12.102691650390623,0.0
2009-05-12,11.278178215026855,0.0
2009-05-13,11.425413131713867,0.0
2009-05-14,11.0426025390625,0.0
2009-05-15,11.778776168823242,0.0
2009-05-18,12.04379940032959,0.0
2009-05-19,12.191033363342283,0.0
2009-05-20,11.984905242919922,0.0
2009-05-21,12.367714881896973,0.0
2009-05-22,12.132139205932615,0.0
2009-05-25,12.07324504852295,0.0
2009-05-26,11.778776168823242,0.0
2009-05-27,12.603289604187012,0.0
2009-06-01,13.162781715393066,0.0
2009-06-02,13.13333511352539,0.0
2009-06-03,13.044995307922363,0.0
2009-06-04,13.103887557983398,0.0
2009-06-05,12.779972076416016,0.0
2009-06-08,12.132139205932615,0.0
2009-06-09,11.307624816894531,0.0
2009-06-10,10.983709335327148,0.0
2009-06-11,11.337072372436523,0.0
2009-06-12,11.248730659484863,0.0
2009-06-15,11.189837455749512,0.0
2009-06-16,10.689238548278809,0.0
2009-06-17,10.983709335327148,0.0
2009-06-18,11.189837455749512,0.0
2009-06-19,11.072049140930176,0.0
2009-06-22,11.101495742797852,0.0
2009-06-23,10.983709335327148,0.0
2009-06-24,11.74932861328125,0.0
2009-06-25,11.690435409545898,0.0
2009-06-26,11.778776168823242,0.0
2009-06-29,12.014351844787598,0.0
2009-06-30,11.660987854003906,0.0
2009-07-01,11.984905242919922,0.0
2009-07-02,12.161585807800291,0.0
2009-07-03,12.721077919006348,0.0
2009-07-06,12.485503196716309,0.0
2009-07-07,12.691631317138672,0.0
2009-07-08,12.514949798583984,0.0
2009-07-09,12.779972076416016,0.0
2009-07-10,12.838866233825684,0.0
2009-07-13,11.95545768737793,0.0
2009-07-14,11.808222770690918,0.0
2009-07-15,11.896563529968262,0.0
2009-07-16,12.249926567077637,0.099635
2009-07-17,12.632737159729004,0.0
2009-07-20,13.221675872802734,0.0
2009-07-21,13.310016632080078,0.0
2009-07-22,13.13333511352539,0.0
2009-07-23,12.956653594970703,0.0
2009-07-24,12.86831283569336,0.0
2009-07-27,13.015547752380373,0.0
2009-07-28,12.897760391235352,0.0
2009-07-29,12.485503196716309,0.0
2009-07-30,12.22047996520996,0.0
2009-07-31,12.22047996520996,0.0
2009-08-03,12.04379940032959,0.0
2009-08-04,12.249926567077637,0.0
2009-08-05,11.572647094726562,0.0
2009-08-06,11.896563529968262,0.0
2009-08-07,13.060465812683104,0.0
2009-08-10,11.690435409545898,0.0
2009-08-11,11.808222770690918,0.0
2009-08-12,11.572647094726562,0.0
2009-08-13,12.102691650390623,0.0
2009-08-14,11.926011085510254,0.0
2009-08-17,11.660987854003906,0.0
2009-08-18,11.337072372436523,0.0
2009-08-19,11.189837455749512,0.0
2009-08-20,10.777580261230469,0.0
2009-08-21,10.600897789001465,0.0
2009-08-24,11.0426025390625,0.0
2009-08-25,10.807026863098145,0.0
2009-08-26,10.777580261230469,0.0
2009-08-27,10.630345344543455,0.0
2009-08-28,11.072049140930176,0.0
2009-08-31,10.777580261230469,0.0
2009-09-01,11.101495742797852,0.0
2009-09-02,11.395965576171877,0.0
2009-09-03,11.543201446533203,0.0
2009-09-04,11.727633476257324,0.0
2009-09-07,11.849163055419922,0.0
2009-09-08,11.788397789001465,0.0
2009-09-09,11.849163055419922,0.0
2009-09-10,12.092223167419434,0.0
2009-09-11,12.396047592163086,0.0
2009-09-14,12.122605323791504,0.0
2009-09-15,12.15298843383789,0.0
2009-09-16,12.183369636535645,0.0
2009-09-17,12.760637283325195,0.0
2009-09-18,13.064461708068848,0.0
2009-09-21,12.91254997253418,0.0
2009-09-22,12.851784706115724,0.0
2009-09-23,12.94293212890625,0.0
2009-09-24,12.699872016906738,0.0
2009-09-25,12.91254997253418,0.0
2009-09-28,12.426429748535156,0.0
2009-09-29,12.63910675048828,0.0
2009-09-30,12.669489860534668,0.0
2009-10-01,12.973315238952637,0.0
2009-10-02,13.003697395324709,0.0
2009-10-05,12.821401596069336,0.0
2009-10-06,13.125226974487305,0.0
2009-10-07,13.489816665649414,0.0
2009-10-08,13.277138710021973,0.0
2009-10-09,13.398669242858888,0.0
2009-10-12,13.30752182006836,0.0
2009-10-13,13.003697395324709,0.0
2009-10-14,13.125226974487305,0.0
2009-10-15,13.246756553649902,0.0
2009-10-16,13.672110557556152,0.0
2009-10-19,13.459433555603027,0.0
2009-10-20,13.368287086486816,0.0
2009-10-21,13.368287086486816,0.0
2009-10-22,12.91254997253418,0.0
2009-10-23,12.973315238952637,0.0
2009-10-26,13.094843864440918,0.0
2009-10-27,13.094843864440918,0.0
2009-10-28,12.791020393371582,0.0
2009-10-29,12.122605323791504,0.0
2009-10-30,12.15298843383789,0.0
2009-11-02,12.031457901000977,0.0
2009-11-03,12.061840057373049,0.0
2009-11-04,12.456812858581545,0.0
2009-11-05,12.213752746582031,0.0
2009-11-06,12.274518013000488,0.0
2009-11-09,12.699872016906738,0.0
2009-11-10,12.669489860534668,0.0
2009-11-11,12.730255126953123,0.0
2009-11-12,12.669489860534668,0.0
2009-11-13,12.365665435791016,0.0
2009-11-16,12.791020393371582,0.0
2009-11-17,12.365665435791016,0.0
2009-11-18,12.456812858581545,0.0
2009-11-19,12.244134902954102,0.0
2009-11-20,12.061840057373049,0.0
2009-11-23,12.031457901000977,0.0
2009-11-24,12.274518013000488,0.0
2009-11-25,12.213752746582031,0.0
2009-11-26,11.90992832183838,0.0
2009-11-27,11.18074893951416,0.0
2009-11-30,11.302279472351074,0.0
2009-12-01,11.60610294342041,0.0
2009-12-02,11.697251319885254,0.0
2009-12-03,12.061840057373049,0.0
2009-12-04,11.818780899047852,0.0
2009-12-07,11.97069263458252,0.0
2009-12-08,12.00107479095459,0.0
2009-12-09,11.849163055419922,0.0
2009-12-10,11.697251319885254,0.0
2009-12-11,11.849163055419922,0.0
2009-12-14,11.727633476257324,0.0
2009-12-15,11.666868209838867,0.0
2009-12-16,11.454191207885742,0.0
2009-12-17,11.423808097839355,0.0
2009-12-18,11.484573364257812,0.0
2009-12-21,11.423808097839355,0.0
2009-12-22,11.60610294342041,0.0
2009-12-23,11.849163055419922,0.0
2009-12-24,11.90992832183838,0.0
2009-12-25,11.879546165466309,0.0
2009-12-28,12.031457901000977,0.0
2009-12-29,11.97069263458252,0.0
2009-12-30,12.15298843383789,0.0
2009-12-31,12.122605323791504,0.0
2010-01-04,12.15298843383789,0.0
2010-01-05,12.15298843383789,0.0
2010-01-06,12.517577171325684,0.0
2010-01-07,12.396047592163086,0.0
2010-01-08,12.456812858581545,0.0
2010-01-11,12.396047592163086,0.0
2010-01-12,12.30490016937256,0.0
2010-01-13,12.122605323791504,0.0
2010-01-14,12.031457901000977,0.0
2010-01-15,12.031457901000977,0.0
2010-01-18,11.97069263458252,0.0
2010-01-19,11.849163055419922,0.0
2010-01-20,11.545337677001951,0.0
2010-01-21,11.57572078704834,0.0
2010-01-22,11.332660675048828,0.0
2010-01-25,11.21113109588623,0.0
2010-01-26,10.725011825561523,0.0
2010-01-27,10.664246559143066,0.0
2010-01-28,10.876923561096191,0.0
2010-01-29,10.633864402770996,0.0
2010-02-01,10.390804290771484,0.0
2010-02-02,10.208510398864746,0.0
2010-02-03,10.269274711608888,0.0
2010-02-04,10.2388916015625,0.0
2010-02-05,9.722390174865724,0.0
2010-02-08,9.84391975402832,0.0
2010-02-09,9.87430191040039,0.0
2010-02-10,10.208510398864746,0.0
2010-02-22,10.907305717468262,0.0
2010-02-23,10.876923561096191,0.0
2010-02-24,10.937688827514648,0.0
2010-02-25,10.633864402770996,0.0
2010-02-26,10.57309913635254,0.0
2010-03-01,10.937688827514648,0.0
2010-03-02,10.937688827514648,0.0
2010-03-03,11.18074893951416,0.0
2010-03-04,10.937688827514648,0.0
2010-03-05,11.21113109588623,0.0
2010-03-08,11.332660675048828,0.0
2010-03-09,11.21113109588623,0.0
2010-03-10,11.393425941467283,0.0
2010-03-11,11.150365829467772,0.0
2010-03-12,11.059219360351562,0.0
2010-03-15,10.81615924835205,0.0
2010-03-16,10.876923561096191,0.0
2010-03-17,11.150365829467772,0.0
2010-03-18,11.150365829467772,0.0
2010-03-19,11.089600563049316,0.0
2010-03-22,10.998454093933104,0.0
2010-03-23,10.846542358398438,0.0
2010-03-24,10.664246559143066,0.0
2010-03-25,10.694628715515137,0.0
2010-03-26,10.937688827514648,0.0
2010-03-29,10.96807098388672,0.0
2010-03-30,11.059219360351562,0.0
2010-03-31,10.937688827514648,0.0
2010-04-01,11.028836250305176,0.0
2010-04-02,11.089600563049316,0.0
2010-04-06,11.089600563049316,0.0
2010-04-07,11.028836250305176,0.0
2010-04-08,11.059219360351562,0.0
2010-04-09,11.21113109588623,0.0
2010-04-12,11.271896362304688,0.0
2010-04-13,11.028836250305176,0.0
2010-04-14,10.998454093933104,0.0
2010-04-15,11.150365829467772,0.0
2010-04-16,11.028836250305176,0.0
2010-04-19,10.603482246398926,0.0
2010-04-20,10.694628715515137,0.0
2010-04-21,10.755393981933594,0.0
2010-04-22,10.694628715515137,0.0
2010-04-23,10.81615924835205,0.0
2010-04-26,11.059219360351562,0.0
2010-04-27,10.907305717468262,0.0
2010-04-28,10.694628715515137,0.0
2010-04-29,10.694628715515137,0.0
2010-04-30,10.81615924835205,0.0
2010-05-03,10.846542358398438,0.0
2010-05-04,10.876923561096191,0.0
2010-05-05,10.57309913635254,0.0
2010-05-06,10.390804290771484,0.0
2010-05-07,10.2388916015625,0.0
2010-05-10,10.17812728881836,0.0
2010-05-11,10.17812728881836,0.0
2010-05-12,10.269274711608888,0.0
2010-05-13,10.664246559143066,0.0
2010-05-14,10.633864402770996,0.0
2010-05-17,10.299656867980955,0.0
2010-05-18,10.390804290771484,0.0
2010-05-19,10.299656867980955,0.0
2010-05-20,10.17812728881836,0.0
2010-05-21,9.81353759765625,0.0
2010-05-24,9.87430191040039,0.0
2010-05-25,9.418564796447754,0.0
2010-05-26,9.540095329284668,0.0
2010-05-27,9.661624908447266,0.0
2010-05-28,9.935067176818848,0.0
2010-05-31,10.117362022399902,0.0
2010-06-01,9.81353759765625,0.0
2010-06-02,9.722390174865724,0.0
2010-06-03,9.935067176818848,0.0
2010-06-04,9.87430191040039,0.0
2010-06-07,9.661624908447266,0.0
2010-06-08,9.75277328491211,0.0
2010-06-09,9.75277328491211,0.0
2010-06-10,10.17812728881836,0.0
2010-06-11,10.390804290771484,0.0
2010-06-14,10.542716979980469,0.0
2010-06-15,10.57309913635254,0.0
2010-06-17,10.633864402770996,0.0
2010-06-18,10.633864402770996,0.0
2010-06-21,10.96807098388672,0.0
2010-06-22,10.846542358398438,0.0
2010-06-23,10.694628715515137,0.0
2010-06-24,10.907305717468262,0.0
2010-06-25,10.96807098388672,0.0
2010-06-28,11.089600563049316,0.0
2010-06-29,10.96807098388672,0.0
2010-06-30,10.78577709197998,0.0
2010-07-01,10.755393981933594,0.0
2010-07-02,11.21113109588623,0.0
2010-07-05,11.484573364257812,0.0
2010-07-06,11.484573364257812,0.0
2010-07-07,11.363043785095217,0.0
2010-07-08,11.21113109588623,0.0
2010-07-09,11.363043785095217,0.0
2010-07-12,11.484573364257812,0.0
2010-07-13,11.423808097839355,0.0
2010-07-14,11.666868209838867,0.0
2010-07-15,11.940311431884766,0.0
2010-07-16,12.092223167419434,0.0
2010-07-19,11.97069263458252,0.0
2010-07-20,12.00107479095459,0.0
2010-07-21,11.90992832183838,0.0
2010-07-22,11.758015632629396,0.0
2010-07-23,11.849163055419922,0.0
2010-07-26,12.00107479095459,0.0
2010-07-27,11.788397789001465,0.0
2010-07-28,11.788397789001465,0.0
2010-07-29,11.5149564743042,0.292403
2010-07-30,11.666868209838867,0.0
2010-08-02,12.122605323791504,0.0
2010-08-03,12.031457901000977,0.0
2010-08-04,12.031457901000977,0.0
2010-08-05,11.940311431884766,0.0
2010-08-06,11.97069263458252,0.0
2010-08-09,12.335283279418944,0.0
2010-08-10,12.15298843383789,0.0
2010-08-11,11.90992832183838,0.0
2010-08-12,12.183369636535645,0.0
2010-08-13,12.274518013000488,0.0
2010-08-16,12.30490016937256,0.0
2010-08-17,12.183369636535645,0.0
2010-08-18,11.879546165466309,0.0
2010-08-19,11.636486053466797,0.0
2010-08-20,11.666868209838867,0.0
2010-08-23,11.90992832183838,0.0
2010-08-24,12.031457901000977,0.0
2010-08-25,11.697251319885254,0.0
2010-08-26,11.393425941467283,0.0
2010-08-27,11.484573364257812,0.0
2010-08-30,11.57572078704834,0.0
2010-08-31,11.605374336242676,0.0
2010-09-01,11.734682083129885,0.0
2010-09-02,12.122605323791504,0.0
2010-09-03,12.251913070678713,0.0
2010-09-06,12.219586372375488,0.0
2010-09-07,12.154932022094728,0.0
2010-09-08,12.02562427520752,0.0
2010-09-09,12.154932022094728,0.0
2010-09-10,12.18725872039795,0.0
2010-09-13,12.542856216430664,0.0
2010-09-14,12.60750961303711,0.0
2010-09-15,12.672163009643556,0.0
2010-09-16,12.575182914733888,0.0
2010-09-17,12.672163009643556,0.0
2010-09-20,12.704489707946776,0.0
2010-09-21,12.8337984085083,0.0
2010-09-23,12.99543285369873,0.0
2010-09-24,12.930779457092283,0.0
2010-09-27,12.866125106811523,0.0
2010-09-28,12.736817359924316,0.0
2010-09-29,12.76914405822754,0.0
2010-09-30,12.736817359924316,0.0
2010-10-01,12.76914405822754,0.0
2010-10-04,12.930779457092283,0.0
2010-10-05,12.930779457092283,0.0
2010-10-06,12.898451805114746,0.0
2010-10-07,12.898451805114746,0.0
2010-10-08,12.898451805114746,0.0
2010-10-11,12.8337984085083,0.0
2010-10-12,12.866125106811523,0.0
2010-10-13,12.866125106811523,0.0
2010-10-14,13.124740600585938,0.0
2010-10-15,13.157068252563477,0.0
2010-10-18,13.092413902282717,0.0
2010-10-19,13.124740600585938,0.0
2010-10-20,12.963106155395508,0.0
2010-10-21,12.99543285369873,0.0
2010-10-22,12.930779457092283,0.0
2010-10-25,12.898451805114746,0.0
2010-10-26,12.866125106811523,0.0
2010-10-27,12.575182914733888,0.0
2010-10-28,12.542856216430664,0.0
2010-10-29,12.348894119262695,0.0
2010-11-01,12.478201866149902,0.0
2010-11-02,12.510528564453123,0.0
2010-11-03,12.478201866149902,0.0
2010-11-04,12.736817359924316,0.0
2010-11-05,12.8337984085083,0.0
2010-11-08,12.8337984085083,0.0
2010-11-09,12.736817359924316,0.0
2010-11-10,12.672163009643556,0.0
2010-11-11,12.736817359924316,0.0
2010-11-12,12.575182914733888,0.0
2010-11-15,12.413548469543455,0.0
2010-11-16,12.381220817565918,0.0
2010-11-17,12.219586372375488,0.0
2010-11-18,12.284239768981934,0.0
2010-11-19,12.284239768981934,0.0
2010-11-22,12.316567420959473,0.0
2010-11-23,12.122605323791504,0.0
2010-11-24,12.122605323791504,0.0
2010-11-25,12.316567420959473,0.0
2010-11-26,12.057950973510742,0.0
2010-11-29,11.993297576904297,0.0
2010-11-30,11.86398983001709,0.0
2010-12-01,12.316567420959473,0.0
2010-12-02,12.348894119262695,0.0
2010-12-03,12.542856216430664,0.0
2010-12-06,12.736817359924316,0.0
2010-12-07,12.60750961303711,0.0
2010-12-08,12.672163009643556,0.0
2010-12-09,12.76914405822754,0.0
2010-12-10,12.736817359924316,0.0
2010-12-13,12.60750961303711,0.0
2010-12-14,12.639837265014648,0.0
2010-12-15,12.60750961303711,0.0
2010-12-16,12.736817359924316,0.0
2010-12-17,13.157068252563477,0.0
2010-12-20,13.31870174407959,0.0
2010-12-21,13.383356094360352,0.0
2010-12-22,13.286375045776367,0.0
2010-12-23,13.286375045776367,0.0
2010-12-24,13.060087203979492,0.0
2010-12-27,13.415682792663574,0.0
2010-12-28,13.415682792663574,0.0
2010-12-29,13.868261337280272,0.0
2010-12-30,13.706625938415527,0.0
2010-12-31,13.835933685302734,0.0
2011-01-03,14.126875877380373,0.0
2011-01-04,13.674299240112305,0.0
2011-01-05,13.31870174407959,0.0
2011-01-06,13.932913780212402,0.0
2011-01-07,13.57731819152832,0.0
2011-01-10,13.674299240112305,0.0
2011-01-11,13.868261337280272,0.0
2011-01-12,14.094549179077148,0.0
2011-01-13,15.06435775756836,0.0
2011-01-14,15.12901210784912,0.0
2011-01-17,14.87039566040039,0.0
2011-01-18,15.19366455078125,0.0
2011-01-19,15.19366455078125,0.0
2011-01-20,15.419954299926758,0.0
2011-01-21,15.225992202758787,0.0
2011-01-24,15.38762664794922,0.0
2011-01-25,15.743224143981934,0.0
2011-01-26,15.516935348510742,0.0
2011-01-27,15.613916397094728,0.0
2011-01-28,16.03416633605957,0.0
2011-02-08,15.64624309539795,0.0
2011-02-09,15.258318901062012,0.0
2011-02-10,14.773414611816406,0.0
2011-02-11,14.06222152709961,0.0
2011-02-14,14.773414611816406,0.0
2011-02-15,14.87039566040039,0.0
2011-02-16,14.87039566040039,0.0
2011-02-17,14.450145721435549,0.0
2011-02-18,15.45228099822998,0.0
2011-02-21,15.290645599365234,0.0
2011-02-22,15.032031059265137,0.0
2011-02-23,15.032031059265137,0.0
2011-02-24,15.225992202758787,0.0
2011-02-25,14.999704360961914,0.0
2011-03-01,15.290645599365234,0.0
2011-03-02,15.38762664794922,0.0
2011-03-03,15.355299949645996,0.0
2011-03-04,15.516935348510742,0.0
2011-03-07,15.516935348510742,0.0
2011-03-08,15.581588745117188,0.0
2011-03-09,15.872530937194824,0.0
2011-03-10,15.743224143981934,0.0
2011-03-11,15.807876586914062,0.0
2011-03-14,15.549262046813965,0.0
2011-03-15,14.741087913513184,0.0
2011-03-16,15.032031059265137,0.0
2011-03-17,15.45228099822998,0.0
2011-03-18,15.290645599365234,0.0
2011-03-21,15.419954299926758,0.0
2011-03-22,15.581588745117188,0.0
2011-03-23,15.840204238891602,0.0
2011-03-24,15.840204238891602,0.0
2011-03-25,16.03416633605957,0.0
2011-03-28,15.904857635498049,0.0
2011-03-29,15.937185287475586,0.0
2011-03-30,16.16347312927246,0.0
2011-03-31,16.16347312927246,0.0
2011-04-01,15.969511985778809,0.0
2011-04-06,16.066492080688477,0.0
2011-04-07,16.098819732666016,0.0
2011-04-08,16.03416633605957,0.0
2011-04-11,16.16347312927246,0.0
2011-04-12,15.969511985778809,0.0
2011-04-13,15.516935348510742,0.0
2011-04-14,15.64624309539795,0.0
2011-04-15,15.419954299926758,0.0
2011-04-18,15.355299949645996,0.0
2011-04-19,15.06435775756836,0.0
2011-04-20,15.258318901062012,0.0
2011-04-21,15.937185287475586,0.0
2011-04-22,15.872530937194824,0.0
2011-04-25,16.22812843322754,0.0
2011-04-26,15.969511985778809,0.0
2011-04-27,16.68070411682129,0.0
2011-04-28,16.745359420776367,0.0
2011-04-29,16.971647262573242,0.0
2011-05-03,16.971647262573242,0.0
2011-05-04,16.810012817382812,0.0
2011-05-05,17.100954055786133,0.0
2011-05-06,17.00397491455078,0.0
2011-05-09,17.262590408325195,0.0
2011-05-10,17.133281707763672,0.0
2011-05-11,17.16560935974121,0.0
2011-05-12,16.454416275024414,0.0
2011-05-13,16.16347312927246,0.0
2011-05-16,15.937185287475586,0.0
2011-05-17,16.16347312927246,0.0
2011-05-18,16.098819732666016,0.0
2011-05-19,16.16347312927246,0.0
2011-05-20,15.969511985778809,0.0
2011-05-23,15.807876586914062,0.0
2011-05-24,15.678569793701172,0.0
2011-05-25,15.549262046813965,0.0
2011-05-26,15.64624309539795,0.0
2011-05-27,15.904857635498049,0.0
2011-05-30,16.03416633605957,0.0
2011-05-31,16.486743927001953,0.0
2011-06-01,16.616050720214844,0.0
2011-06-02,16.616050720214844,0.0
2011-06-03,16.68070411682129,0.0
2011-06-07,16.68070411682129,0.0
2011-06-08,16.325109481811523,0.0
2011-06-09,16.454416275024414,0.0
2011-06-10,16.16347312927246,0.0
2011-06-13,15.872530937194824,0.0
2011-06-14,16.16347312927246,0.0
2011-06-15,16.35743522644043,0.0
2011-06-16,16.16347312927246,0.0
2011-06-17,15.872530937194824,0.0
2011-06-20,15.710897445678713,0.0
2011-06-21,15.775550842285156,0.0
2011-06-22,15.840204238891602,0.0
2011-06-23,15.549262046813965,0.0
2011-06-24,15.419954299926758,0.0
2011-06-27,15.322973251342772,0.0
2011-06-28,15.161338806152344,0.0
2011-06-29,15.710897445678713,0.0
2011-06-30,16.16347312927246,0.0
2011-07-01,16.616050720214844,0.0
2011-07-04,16.68070411682129,0.0
2011-07-05,16.583723068237305,0.0
2011-07-06,16.84234046936035,0.0
2011-07-07,16.906993865966797,0.0
2011-07-08,16.84234046936035,0.0
2011-07-11,16.971647262573242,0.0
2011-07-12,16.713031768798828,0.0
2011-07-13,16.810012817382812,0.0
2011-07-14,16.874666213989258,0.0
2011-07-15,17.00397491455078,0.0
2011-07-18,17.391897201538086,0.0
2011-07-19,16.971647262573242,0.471973
2011-07-20,17.00397491455078,0.0
2011-07-21,16.810012817382812,0.0
2011-07-22,16.971647262573242,0.0
2011-07-25,16.810012817382812,0.0
2011-07-26,17.230262756347656,0.0
2011-07-27,17.456552505493164,0.0
2011-07-28,17.100954055786133,0.0
2011-07-29,16.810012817382812,0.0
2011-08-01,17.197935104370117,0.0
2011-08-02,17.00397491455078,0.0
2011-08-03,16.486743927001953,0.0
2011-08-04,16.325109481811523,0.0
2011-08-05,15.45228099822998,0.0
2011-08-08,15.258318901062012,0.0
2011-08-09,14.838068962097168,0.0
2011-08-10,15.710897445678713,0.0
2011-08-11,15.38762664794922,0.0
2011-08-12,14.999704360961914,0.0
2011-08-15,15.258318901062012,0.0
2011-08-16,15.225992202758787,0.0
2011-08-17,15.12901210784912,0.0
2011-08-18,14.999704360961914,0.0
2011-08-19,14.547125816345217,0.0
2011-08-22,14.482473373413086,0.0
2011-08-23,14.90272331237793,0.0
2011-08-24,14.773414611816406,0.0
2011-08-25,14.579453468322754,0.0
2011-08-26,14.773414611816406,0.0
2011-08-29,15.161338806152344,0.0
2011-08-30,15.355299949645996,0.0
2011-08-31,15.322973251342772,0.0
2011-09-01,15.355299949645996,0.0
2011-09-02,15.38762664794922,0.0
2011-09-05,15.06435775756836,0.0
2011-09-06,14.159202575683594,0.0
2011-09-07,13.997568130493164,0.0
2011-09-08,14.32083797454834,0.0
2011-09-09,14.417819023132324,0.0
2011-09-13,13.410910606384276,0.0
2011-09-14,12.717841148376465,0.0
2011-09-15,12.648533821105955,0.0
2011-09-16,13.099029541015623,0.0
2011-09-19,12.787148475646973,0.0
2011-09-20,12.683188438415527,0.0
2011-09-21,12.717841148376465,0.0
2011-09-22,12.094078063964844,0.0
2011-09-23,11.50496768951416,0.0
2011-09-26,11.2623929977417,0.0
2011-09-27,11.67823600769043,0.0
2011-09-28,11.816849708557127,0.0
2011-09-29,12.094078063964844,0.0
2011-09-30,12.61388111114502,0.0
2011-10-03,11.782196044921877,0.0
2011-10-04,12.094078063964844,0.0
2011-10-05,12.163385391235352,0.0
2011-10-06,12.544573783874512,0.0
2011-10-07,13.099029541015623,0.0
2011-10-11,13.653486251831056,0.0
2011-10-12,13.445565223693848,0.0
2011-10-13,13.480218887329102,0.0
2011-10-14,13.029723167419434,0.0
2011-10-17,13.23764419555664,0.0
2011-10-18,12.925762176513672,0.0
2011-10-19,13.13368320465088,0.0
2011-10-20,12.787148475646973,0.0
2011-10-21,12.75249481201172,0.0
2011-10-24,13.480218887329102,0.0
2011-10-25,13.6188325881958,0.0
2011-10-26,13.410910606384276,0.0
2011-10-27,13.410910606384276,0.0
2011-10-28,13.653486251831056,0.0
2011-10-31,13.826753616333008,0.0
2011-11-01,13.757447242736816,0.0
2011-11-02,13.306950569152832,0.0
2011-11-03,12.648533821105955,0.0
2011-11-04,13.20298957824707,0.0
2011-11-07,13.029723167419434,0.0
2011-11-08,13.064375877380373,0.0
2011-11-09,12.925762176513672,0.0
2011-11-10,12.232691764831545,0.0
2011-11-11,12.37130641937256,0.0
2011-11-14,12.509920120239258,0.0
2011-11-15,12.232691764831545,0.0
2011-11-16,11.782196044921877,0.0
2011-11-17,11.712888717651367,0.0
2011-11-18,11.816849708557127,0.0
2011-11-21,11.50496768951416,0.0
2011-11-22,11.470314025878906,0.0
2011-11-23,11.193085670471191,0.0
2011-11-24,11.50496768951416,0.0
2011-11-25,11.297046661376951,0.0
2011-11-28,11.435661315917969,0.0
2011-11-29,11.643582344055176,0.0
2011-11-30,11.470314025878906,0.0
2011-12-01,12.267345428466797,0.0
2011-12-02,12.544573783874512,0.0
2011-12-05,12.12873077392578,0.0
2011-12-06,11.851503372192385,0.0
2011-12-07,12.12873077392578,0.0
2011-12-08,12.44061279296875,0.0
2011-12-09,12.61388111114502,0.0
2011-12-12,12.995068550109863,0.0
2011-12-13,12.475266456604004,0.0
2011-12-14,12.405959129333496,0.0
2011-12-15,11.955464363098145,0.0
2011-12-16,12.163385391235352,0.0
2011-12-19,11.574275016784668,0.0
2011-12-20,11.36635398864746,0.0
2011-12-21,12.12873077392578,0.0
2011-12-22,12.717841148376465,0.0
2011-12-23,13.272296905517578,0.0
2011-12-26,13.168336868286133,0.0
2011-12-27,13.23764419555664,0.0
2011-12-28,13.20298957824707,0.0
2011-12-29,13.064375877380373,0.0
2011-12-30,13.099029541015623,0.0
2012-01-02,12.787148475646973,0.0
2012-01-03,13.37625789642334,0.0
2012-01-04,13.445565223693848,0.0
2012-01-05,13.584178924560549,0.0
2012-01-06,13.13368320465088,0.0
2012-01-09,12.925762176513672,0.0
2012-01-10,13.23764419555664,0.0
2012-01-11,13.099029541015623,0.0
2012-01-12,13.23764419555664,0.0
2012-01-13,13.20298957824707,0.0
2012-01-16,12.648533821105955,0.0
2012-01-17,12.75249481201172,0.0
2012-01-18,12.30199909210205,0.0
2012-01-30,12.856454849243164,0.0
2012-01-31,13.23764419555664,0.0
2012-02-01,13.445565223693848,0.0
2012-02-02,13.653486251831056,0.0
2012-02-03,13.51487159729004,0.0
2012-02-06,14.13863468170166,0.0
2012-02-07,13.861407279968262,0.0
2012-02-08,14.207942008972168,0.0
2012-02-09,14.207942008972168,0.0
2012-02-10,14.207910537719728,0.0
2012-02-13,14.417880058288574,0.0
2012-02-14,13.89295768737793,0.0
2012-02-15,14.032937049865724,0.0
2012-02-16,13.787973403930664,0.0
2012-02-17,13.752978324890137,0.0
2012-02-20,13.71798324584961,0.0
2012-02-21,13.508013725280762,0.0
2012-02-22,13.403030395507812,0.0
2012-02-23,13.473018646240234,0.0
2012-02-24,13.822967529296877,0.0
2012-02-29,13.997941970825195,0.0
2012-03-01,13.787973403930664,0.0
2012-03-02,13.787973403930664,0.0
2012-03-05,13.403030395507812,0.0
2012-03-06,13.333040237426758,0.0
2012-03-07,13.29804515838623,0.0
2012-03-08,13.612998962402344,0.0
2012-03-09,13.473018646240234,0.0
2012-03-12,13.29804515838623,0.0
2012-03-13,13.473018646240234,0.0
2012-03-14,13.508013725280762,0.0
2012-03-15,13.612998962402344,0.0
2012-03-16,13.333040237426758,0.0
2012-03-19,13.508013725280762,0.0
2012-03-20,13.333040237426758,0.0
2012-03-21,13.368035316467283,0.0
2012-03-22,13.647994041442873,0.0
2012-03-23,13.71798324584961,0.0
2012-03-26,13.543008804321287,0.0
2012-03-27,13.543008804321287,0.0
2012-03-28,13.543008804321287,0.0
2012-03-29,13.018086433410645,0.0
2012-03-30,12.983091354370115,0.0
2012-04-02,12.983091354370115,0.0
2012-04-03,12.843111991882324,0.0
2012-04-05,12.528158187866213,0.0
2012-04-06,12.598148345947266,0.0
2012-04-09,12.458168029785156,0.0
2012-04-10,12.633143424987791,0.0
2012-04-11,12.528158187866213,0.0
2012-04-12,12.738126754760742,0.0
2012-04-13,12.738126754760742,0.0
2012-04-16,12.598148345947266,0.0
2012-04-17,12.458168029785156,0.0
2012-04-18,12.528158187866213,0.0
2012-04-19,12.738126754760742,0.0
2012-04-20,12.598148345947266,0.0
2012-04-23,12.598148345947266,0.0
2012-04-24,12.493163108825684,0.0
2012-04-25,12.493163108825684,0.0
2012-04-26,12.563153266906738,0.0
2012-04-27,12.633143424987791,0.0
2012-04-30,13.053080558776855,0.0
2012-05-02,13.193059921264648,0.0
2012-05-03,13.193059921264648,0.0
2012-05-04,13.263050079345703,0.0
2012-05-07,12.91310214996338,0.0
2012-05-08,13.053080558776855,0.0
2012-05-09,12.843111991882324,0.0
2012-05-10,13.053080558776855,0.0
2012-05-11,12.91310214996338,0.0
2012-05-14,12.878107070922852,0.0
2012-05-15,12.633143424987791,0.0
2012-05-16,12.108220100402832,0.0
2012-05-17,12.073225021362305,0.0
2012-05-18,11.758271217346191,0.0
2012-05-21,11.933245658874512,0.0
2012-05-22,12.073225021362305,0.0
2012-05-23,11.79326629638672,0.0
2012-05-24,11.37332820892334,0.0
2012-05-25,11.268342971801758,0.0
2012-05-28,11.408323287963867,0.0
2012-05-29,12.00323486328125,0.0
2012-05-30,11.688282012939451,0.0
2012-05-31,11.653286933898926,0.0
2012-06-01,11.338333129882812,0.0
2012-06-04,10.84840488433838,0.0
2012-06-05,11.19835376739502,0.0
2012-06-06,11.268342971801758,0.0
2012-06-07,11.548301696777344,0.0
2012-06-08,11.653286933898926,0.0
2012-06-11,11.828261375427246,0.0
2012-06-12,11.653286933898926,0.0
2012-06-13,11.548301696777344,0.0
2012-06-14,11.548301696777344,0.0
2012-06-15,11.898250579833984,0.0
2012-06-18,12.073225021362305,0.0
2012-06-19,12.178210258483888,0.0
2012-06-20,12.388178825378418,0.0
2012-06-21,12.178210258483888,0.0
2012-06-22,11.933245658874512,0.0
2012-06-25,11.758271217346191,0.0
2012-06-26,11.653286933898926,0.0
2012-06-27,11.723276138305664,0.0
2012-06-28,11.618291854858398,0.0
2012-06-29,11.898250579833984,0.0
2012-07-02,12.213204383850098,0.0
2012-07-03,12.283193588256836,0.0
2012-07-04,12.388178825378418,0.0
2012-07-05,12.248199462890623,0.0
2012-07-06,12.213204383850098,0.0
2012-07-09,12.178210258483888,0.0
2012-07-10,12.108220100402832,0.0
2012-07-11,12.388178825378418,0.0
2012-07-12,12.318188667297363,0.0
2012-07-13,12.318188667297363,0.0
2012-07-16,12.108220100402832,0.0
2012-07-17,12.213204383850098,0.279959
2012-07-18,12.14321517944336,0.0
2012-07-19,12.388178825378418,0.0
2012-07-20,12.388178825378418,0.0
2012-07-23,12.14321517944336,0.0
2012-07-24,12.14321517944336,0.0
2012-07-25,11.933245658874512,0.0
2012-07-26,11.968239784240724,0.0
2012-07-27,12.248199462890623,0.0
2012-07-30,12.493163108825684,0.0
2012-07-31,12.598148345947266,0.0
2012-08-01,12.493163108825684,0.0
2012-08-02,12.493163108825684,0.0
2012-08-03,12.388178825378418,0.0
2012-08-06,12.738126754760742,0.0
2012-08-07,12.808116912841797,0.0
2012-08-08,12.703131675720217,0.0
2012-08-09,12.983091354370115,0.0
2012-08-10,12.703131675720217,0.0
2012-08-13,12.598148345947266,0.0
2012-08-14,12.423173904418944,0.0
2012-08-15,12.35318374633789,0.0
2012-08-16,12.388178825378418,0.0
2012-08-17,12.283193588256836,0.0
2012-08-20,12.283193588256836,0.0
2012-08-21,12.528158187866213,0.0
2012-08-22,12.738126754760742,0.0
2012-08-23,12.77312183380127,0.0
2012-08-24,12.598148345947266,0.0
2012-08-27,12.563153266906738,0.0
2012-08-28,12.388178825378418,0.0
2012-08-29,12.388178825378418,0.0
2012-08-30,12.458168029785156,0.0
2012-08-31,12.528158187866213,0.0
2012-09-03,12.598148345947266,0.0
2012-09-04,12.528158187866213,0.0
2012-09-05,12.318188667297363,0.0
2012-09-06,12.388178825378418,0.0
2012-09-07,12.423173904418944,0.0
2012-09-10,12.423173904418944,0.0
2012-09-11,12.563153266906738,0.0
2012-09-12,12.598148345947266,0.0
2012-09-13,12.528158187866213,0.0
2012-09-14,13.018086433410645,0.0
2012-09-17,13.29804515838623,0.0
2012-09-18,13.592561721801758,0.0
2012-09-19,13.706785202026367,0.0
2012-09-20,13.516412734985352,0.0
2012-09-21,13.554487228393556,0.0
2012-09-24,13.554487228393556,0.0
2012-09-25,13.40219020843506,0.0
2012-09-26,13.36411476135254,0.0
2012-09-27,13.478338241577148,0.0
2012-09-28,13.478338241577148,0.0
2012-10-01,13.326041221618652,0.0
2012-10-02,13.36411476135254,0.0
2012-10-03,13.326041221618652,0.0
2012-10-04,13.478338241577148,0.0
2012-10-05,13.440263748168944,0.0
2012-10-08,13.287965774536133,0.0
2012-10-09,13.17374324798584,0.0
2012-10-11,12.831073760986328,0.0
2012-10-12,12.792999267578123,0.0
2012-10-15,12.945297241210938,0.0
2012-10-16,13.097594261169434,0.0
2012-10-17,12.945297241210938,0.0
2012-10-18,12.945297241210938,0.0
2012-10-19,12.792999267578123,0.0
2012-10-22,12.754924774169922,0.0
2012-10-23,12.640702247619627,0.0
2012-10-24,12.60262680053711,0.0
2012-10-25,12.488404273986816,0.0
2012-10-26,12.107660293579102,0.0
2012-10-29,12.031511306762695,0.0
2012-10-30,12.259958267211914,0.0
2012-10-31,12.259958267211914,0.0
2012-11-01,12.183809280395508,0.0
2012-11-02,12.41225528717041,0.0
2012-11-05,12.221882820129396,0.0
2012-11-06,12.145733833312988,0.0
2012-11-07,12.183809280395508,0.0
2012-11-08,12.069585800170898,0.0
2012-11-09,12.107660293579102,0.0
2012-11-12,12.145733833312988,0.0
2012-11-13,11.955362319946287,0.0
2012-11-14,11.955362319946287,0.0
2012-11-15,11.84113883972168,0.0
2012-11-16,11.803065299987791,0.0
2012-11-19,11.764989852905272,0.0
2012-11-20,11.84113883972168,0.0
2012-11-21,11.8792142868042,0.0
2012-11-22,12.107660293579102,0.0
2012-11-23,12.41225528717041,0.0
2012-11-26,12.41225528717041,0.0
2012-11-27,12.60262680053711,0.0
2012-11-28,12.71685028076172,0.0
2012-11-29,12.60262680053711,0.0
2012-11-30,12.831073760986328,0.0
2012-12-03,12.907221794128418,0.0
2012-12-04,13.021446228027344,0.0
2012-12-05,13.135668754577637,0.0
2012-12-06,13.17374324798584,0.0
2012-12-07,13.211817741394045,0.0
2012-12-10,13.287965774536133,0.0
2012-12-11,13.249892234802246,0.0
2012-12-12,13.40219020843506,0.0
2012-12-13,13.516412734985352,0.0
2012-12-14,13.478338241577148,0.0
2012-12-17,13.36411476135254,0.0
2012-12-18,13.440263748168944,0.0
2012-12-19,13.554487228393556,0.0
2012-12-20,13.326041221618652,0.0
2012-12-21,13.17374324798584,0.0
2012-12-24,13.17374324798584,0.0
2012-12-25,13.478338241577148,0.0
2012-12-26,13.478338241577148,0.0
2012-12-27,13.211817741394045,0.0
2012-12-28,13.05951976776123,0.0
2013-01-02,13.17374324798584,0.0
2013-01-03,12.907221794128418,0.0
2013-01-04,12.71685028076172,0.0
2013-01-07,12.71685028076172,0.0
2013-01-08,12.678775787353516,0.0
2013-01-09,12.640702247619627,0.0
2013-01-10,12.754924774169922,0.0
2013-01-11,12.60262680053711,0.0
2013-01-14,12.792999267578123,0.0
2013-01-15,12.869148254394531,0.0
2013-01-16,12.792999267578123,0.0
2013-01-17,12.526477813720703,0.0
2013-01-18,12.678775787353516,0.0
2013-01-21,12.792999267578123,0.0
2013-01-22,12.792999267578123,0.0
2013-01-23,12.71685028076172,0.0
2013-01-24,12.640702247619627,0.0
2013-01-25,12.640702247619627,0.0
2013-01-28,12.71685028076172,0.0
2013-01-29,12.754924774169922,0.0
2013-01-30,12.792999267578123,0.0
2013-01-31,12.869148254394531,0.0
2013-02-01,13.021446228027344,0.0
2013-02-04,13.478338241577148,0.0
2013-02-05,13.478338241577148,0.0
2013-02-06,13.744858741760254,0.0
2013-02-18,13.782934188842772,0.0
2013-02-19,13.702128410339355,0.0
2013-02-20,13.77932357788086,0.0
2013-02-21,13.547738075256348,0.0
2013-02-22,13.586336135864258,0.0
2013-02-25,13.586336135864258,0.0
2013-02-26,13.43194580078125,0.0
2013-02-27,13.547738075256348,0.0
2013-03-01,13.624933242797852,0.0
2013-03-04,13.43194580078125,0.0
2013-03-05,13.509140968322754,0.0
2013-03-06,13.547738075256348,0.0
2013-03-07,13.97231101989746,0.0
2013-03-08,14.049506187438965,0.0
2013-03-11,14.049506187438965,0.0
2013-03-12,13.97231101989746,0.0
2013-03-13,14.010909080505373,0.0
2013-03-14,13.895115852355955,0.0
2013-03-15,13.702128410339355,0.0
2013-03-18,13.663531303405762,0.0
2013-03-19,13.586336135864258,0.0
2013-03-20,13.663531303405762,0.0
2013-03-21,13.663531303405762,0.0
2013-03-22,13.586336135864258,0.0
2013-03-25,13.740726470947266,0.0
2013-03-26,13.663531303405762,0.0
2013-03-27,13.817920684814451,0.0
2013-03-28,13.740726470947266,0.0
2013-03-29,13.702128410339355,0.0
2013-04-01,13.702128410339355,0.0
2013-04-02,13.740726470947266,0.0
2013-04-03,14.16529941558838,0.0
2013-04-08,14.049506187438965,0.0
2013-04-09,13.933713912963867,0.0
2013-04-10,13.97231101989746,0.0
2013-04-11,14.088104248046877,0.0
2013-04-12,14.010909080505373,0.0
2013-04-15,13.77932357788086,0.0
2013-04-16,13.856518745422363,0.0
2013-04-17,13.509140968322754,0.0
2013-04-18,13.470542907714844,0.0
2013-04-19,13.624933242797852,0.0
2013-04-22,13.663531303405762,0.0
2013-04-23,13.702128410339355,0.0
2013-04-24,13.77932357788086,0.0
2013-04-25,13.663531303405762,0.0
2013-04-26,13.663531303405762,0.0
2013-04-29,13.740726470947266,0.0
2013-04-30,13.817920684814451,0.0
2013-05-02,13.97231101989746,0.0
2013-05-03,14.010909080505373,0.0
2013-05-06,14.049506187438965,0.0
2013-05-07,14.010909080505373,0.0
2013-05-08,14.088104248046877,0.0
2013-05-09,14.010909080505373,0.0
2013-05-10,14.049506187438965,0.0
2013-05-13,14.088104248046877,0.0
2013-05-14,13.97231101989746,0.0
2013-05-15,14.049506187438965,0.0
2013-05-16,14.281091690063477,0.0
2013-05-17,14.31968879699707,0.0
2013-05-20,14.435482025146484,0.0
2013-05-21,14.474079132080078,0.0
2013-05-22,14.512677192687988,0.0
2013-05-23,14.281091690063477,0.0
2013-05-24,14.242493629455566,0.0
2013-05-27,14.396883964538574,0.0
2013-05-28,14.281091690063477,0.0
2013-05-29,14.628470420837402,0.0
2013-05-30,14.551274299621582,0.0
2013-05-31,14.782859802246094,0.0
2013-06-03,14.551274299621582,0.0
2013-06-04,14.474079132080078,0.0
2013-06-05,14.35828685760498,0.0
2013-06-06,14.088104248046877,0.0
2013-06-07,14.088104248046877,0.0
2013-06-10,14.435482025146484,0.0
2013-06-11,14.551274299621582,0.0
2013-06-13,14.281091690063477,0.0
2013-06-14,14.512677192687988,0.0
2013-06-17,14.512677192687988,0.0
2013-06-18,14.551274299621582,0.0
2013-06-19,14.474079132080078,0.0
2013-06-20,14.203897476196287,0.0
2013-06-21,14.088104248046877,0.0
2013-06-24,13.933713912963867,0.0
2013-06-25,13.740726470947266,0.0
2013-06-26,13.817920684814451,0.0
2013-06-27,14.010909080505373,0.0
2013-06-28,14.31968879699707,0.0
2013-07-01,14.35828685760498,0.0
2013-07-02,14.281091690063477,0.0
2013-07-03,13.97231101989746,0.0
2013-07-04,13.817920684814451,0.0
2013-07-05,13.97231101989746,0.0
2013-07-08,13.933713912963867,0.0
2013-07-09,14.35828685760498,0.0
2013-07-10,14.628470420837402,0.0
2013-07-11,14.898652076721191,0.0
2013-07-12,14.782859802246094,0.0
2013-07-15,14.860054969787598,0.0
2013-07-16,14.860054969787598,0.0
2013-07-17,14.66706657409668,0.548085
2013-07-18,14.66706657409668,0.0
2013-07-19,14.744261741638184,0.0
2013-07-22,14.937250137329102,0.0
2013-07-23,15.284627914428713,0.0
2013-07-24,15.323225021362305,0.0
2013-07-25,15.014445304870604,0.0
2013-07-26,15.2460298538208,0.0
2013-07-29,15.207432746887209,0.0
2013-07-30,15.323225021362305,0.0
2013-07-31,15.284627914428713,0.0
2013-08-01,15.284627914428713,0.0
2013-08-02,15.323225021362305,0.0
2013-08-05,15.207432746887209,0.0
2013-08-06,14.898652076721191,0.0
2013-08-07,14.70566463470459,0.0
2013-08-08,14.782859802246094,0.0
2013-08-09,14.628470420837402,0.0
2013-08-12,14.898652076721191,0.0
2013-08-13,15.014445304870604,0.0
2013-08-14,15.2460298538208,0.0
2013-08-15,15.130237579345703,0.0
2013-08-16,15.361823081970217,0.0
2013-08-19,15.363367080688477,0.0
2013-08-20,15.569864273071287,0.0
2013-08-22,15.40466594696045,0.0
2013-08-23,15.322067260742188,0.0
2013-08-26,15.322067260742188,0.0
2013-08-27,15.40466594696045,0.0
2013-08-28,15.198168754577637,0.0
2013-08-29,15.280768394470217,0.0
2013-08-30,15.569864273071287,0.0
2013-09-02,15.569864273071287,0.0
2013-09-03,15.941557884216309,0.0
2013-09-04,16.02415657043457,0.0
2013-09-05,16.02415657043457,0.0
2013-09-06,16.02415657043457,0.0
2013-09-09,15.941557884216309,0.0
2013-09-10,15.941557884216309,0.0
2013-09-11,16.10675621032715,0.0
2013-09-12,16.271953582763672,0.0
2013-09-13,16.271953582763672,0.0
2013-09-16,16.271953582763672,0.0
2013-09-17,16.271953582763672,0.0
2013-09-18,16.148054122924805,0.0
2013-09-23,16.354551315307617,0.0
2013-09-24,16.437150955200195,0.0
2013-09-25,16.395851135253906,0.0
2013-09-26,16.02415657043457,0.0
2013-09-27,16.271953582763672,0.0
2013-09-30,15.941557884216309,0.0
2013-10-01,16.02415657043457,0.0
2013-10-02,16.148054122924805,0.0
2013-10-03,16.395851135253906,0.0
2013-10-04,16.395851135253906,0.0
2013-10-07,16.437150955200195,0.0
2013-10-08,16.478450775146484,0.0
2013-10-09,16.478450775146484,0.0
2013-10-11,16.60234832763672,0.0
2013-10-14,16.56104850769043,0.0
2013-10-15,16.60234832763672,0.0
2013-10-16,16.478450775146484,0.0
2013-10-17,16.437150955200195,0.0
2013-10-18,16.271953582763672,0.0
2013-10-21,16.230653762817383,0.0
2013-10-22,16.354551315307617,0.0
2013-10-23,16.313251495361328,0.0
2013-10-24,16.313251495361328,0.0
2013-10-25,16.271953582763672,0.0
2013-10-28,16.271953582763672,0.0
2013-10-29,16.395851135253906,0.0
2013-10-30,16.478450775146484,0.0
2013-10-31,16.437150955200195,0.0
2013-11-01,15.900259017944336,0.0
2013-11-04,15.693761825561523,0.0
2013-11-05,15.40466594696045,0.0
2013-11-06,15.652462005615234,0.0
2013-11-07,15.735060691833496,0.0
2013-11-08,15.611163139343262,0.0
2013-11-11,15.693761825561523,0.0
2013-11-12,15.693761825561523,0.0
2013-11-13,15.652462005615234,0.0
2013-11-14,15.445965766906738,0.0
2013-11-15,15.611163139343262,0.0
2013-11-18,15.693761825561523,0.0
2013-11-19,15.776361465454102,0.0
2013-11-20,15.693761825561523,0.0
2013-11-21,15.363367080688477,0.0
2013-11-22,15.693761825561523,0.0
2013-11-25,15.693761825561523,0.0
2013-11-26,15.693761825561523,0.0
2013-11-27,15.817660331726074,0.0
2013-11-28,15.98285675048828,0.0
2013-11-29,15.98285675048828,0.0
2013-12-02,16.06545639038086,0.0
2013-12-03,15.98285675048828,0.0
2013-12-04,16.02415657043457,0.0
2013-12-05,16.02415657043457,0.0
2013-12-06,15.941557884216309,0.0
2013-12-09,16.06545639038086,0.0
2013-12-10,16.06545639038086,0.0
2013-12-11,16.189353942871094,0.0
2013-12-12,16.02415657043457,0.0
2013-12-13,16.06545639038086,0.0
2013-12-16,16.06545639038086,0.0
2013-12-17,16.148054122924805,0.0
2013-12-18,16.189353942871094,0.0
2013-12-19,16.271953582763672,0.0
2013-12-20,16.271953582763672,0.0
2013-12-23,16.395851135253906,0.0
2013-12-24,16.437150955200195,0.0
2013-12-25,16.56104850769043,0.0
2013-12-26,16.56104850769043,0.0
2013-12-27,16.51974868774414,0.0
2013-12-30,16.767545700073242,0.0
2013-12-31,16.80884552001953,0.0
2014-01-02,16.932743072509766,0.0
2014-01-03,16.60234832763672,0.0
2014-01-06,16.395851135253906,0.0
2014-01-07,16.56104850769043,0.0
2014-01-08,16.56104850769043,0.0
2014-01-09,16.478450775146484,0.0
2014-01-10,16.395851135253906,0.0
2014-01-13,16.56104850769043,0.0
2014-01-14,16.478450775146484,0.0
2014-01-15,16.51974868774414,0.0
2014-01-16,16.51974868774414,0.0
2014-01-17,16.56104850769043,0.0
2014-01-20,16.767545700073242,0.0
2014-01-21,16.684946060180664,0.0
2014-01-22,16.767545700073242,0.0
2014-01-23,16.684946060180664,0.0
2014-01-24,16.767545700073242,0.0
2014-01-27,16.51974868774414,0.0
2014-02-05,15.776361465454102,0.0
2014-02-06,16.02415657043457,0.0
2014-02-07,16.148054122924805,0.0
2014-02-10,16.10675621032715,0.0
2014-02-11,16.148054122924805,0.0
2014-02-12,16.230653762817383,0.0
2014-02-13,16.10675621032715,0.0
2014-02-14,16.313251495361328,0.0
2014-02-17,16.313251495361328,0.0
2014-02-18,16.437150955200195,0.0
2014-02-19,16.51974868774414,0.0
2014-02-20,16.271953582763672,0.0
2014-02-21,16.478450775146484,0.0
2014-02-24,16.02415657043457,0.0
2014-02-25,16.148054122924805,0.0
2014-02-26,16.148054122924805,0.0
2014-02-27,16.148054122924805,0.0
2014-03-03,15.900259017944336,0.0
2014-03-04,15.858959197998049,0.0
2014-03-05,15.941557884216309,0.0
2014-03-06,16.271953582763672,0.0
2014-03-07,16.313251495361328,0.0
2014-03-10,16.189353942871094,0.0
2014-03-11,16.06545639038086,0.0
2014-03-12,16.06545639038086,0.0
2014-03-13,15.900259017944336,0.0
2014-03-14,15.817660331726074,0.0
2014-03-17,15.900259017944336,0.0
2014-03-18,15.98285675048828,0.0
2014-03-19,15.900259017944336,0.0
2014-03-20,15.693761825561523,0.0
2014-03-21,15.611163139343262,0.0
2014-03-24,15.693761825561523,0.0
2014-03-25,15.693761825561523,0.0
2014-03-26,15.776361465454102,0.0
2014-03-27,15.776361465454102,0.0
2014-03-28,15.858959197998049,0.0
2014-03-31,15.735060691833496,0.0
2014-04-01,15.817660331726074,0.0
2014-04-02,15.900259017944336,0.0
2014-04-03,15.652462005615234,0.0
2014-04-07,15.693761825561523,0.0
2014-04-08,15.652462005615234,0.0
2014-04-09,15.652462005615234,0.0
2014-04-10,15.776361465454102,0.0
2014-04-11,15.858959197998049,0.0
2014-04-14,15.98285675048828,0.0
2014-04-15,15.941557884216309,0.0
2014-04-16,15.941557884216309,0.0
2014-04-17,16.06545639038086,0.0
2014-04-18,15.98285675048828,0.0
2014-04-21,15.776361465454102,0.0
2014-04-22,15.735060691833496,0.0
2014-04-23,15.652462005615234,0.0
2014-04-24,15.487264633178713,0.0
2014-04-25,15.280768394470217,0.0
2014-04-28,15.115571022033691,0.0
2014-04-29,14.991671562194824,0.0
2014-04-30,14.826475143432615,0.0
2014-05-02,14.950372695922852,0.0
2014-05-05,14.950372695922852,0.0
2014-05-06,15.198168754577637,0.0
2014-05-07,15.03297233581543,0.0
2014-05-08,15.280768394470217,0.0
2014-05-09,15.198168754577637,0.0
2014-05-12,15.115571022033691,0.0
2014-05-13,15.156869888305664,0.0
2014-05-14,15.280768394470217,0.0
2014-05-15,15.280768394470217,0.0
2014-05-16,15.40466594696045,0.0
2014-05-19,15.528564453125,0.0
2014-05-20,15.445965766906738,0.0
2014-05-21,15.363367080688477,0.0
2014-05-22,15.569864273071287,0.0
2014-05-23,15.735060691833496,0.0
2014-05-26,15.611163139343262,0.0
2014-05-27,15.693761825561523,0.0
2014-05-28,15.941557884216309,0.0
2014-05-29,15.941557884216309,0.0
2014-05-30,15.776361465454102,0.0
2014-06-03,16.02415657043457,0.0
2014-06-04,15.817660331726074,0.0
2014-06-05,15.858959197998049,0.0
2014-06-06,15.900259017944336,0.0
2014-06-09,15.900259017944336,0.0
2014-06-10,16.06545639038086,0.0
2014-06-11,16.06545639038086,0.0
2014-06-12,16.06545639038086,0.0
2014-06-13,16.02415657043457,0.0
2014-06-16,16.02415657043457,0.0
2014-06-17,16.148054122924805,0.0
2014-06-18,16.148054122924805,0.0
2014-06-19,16.271953582763672,0.0
2014-06-20,16.148054122924805,0.0
2014-06-23,16.148054122924805,0.0
2014-06-24,16.271953582763672,0.0
2014-06-25,16.230653762817383,0.0
2014-06-26,16.313251495361328,0.0
2014-06-27,16.354551315307617,0.0
2014-06-30,16.437150955200195,0.0
2014-07-01,16.437150955200195,0.0
2014-07-02,16.51974868774414,0.0
2014-07-03,16.478450775146484,0.0
2014-07-04,16.478450775146484,0.0
2014-07-07,16.395851135253906,0.0
2014-07-08,16.56104850769043,0.0
2014-07-09,16.60234832763672,0.313875
2014-07-10,17.015342712402344,0.0
2014-07-11,16.80884552001953,0.0
2014-07-14,17.015342712402344,0.0
2014-07-15,17.84132957458496,0.0
2014-07-16,17.84132957458496,0.0
2014-07-17,17.800029754638672,0.0
2014-07-18,17.758731842041016,0.0
2014-07-21,17.676132202148438,0.0
2014-07-22,17.552234649658203,0.0
2014-07-23,17.552234649658203,0.0
2014-07-24,17.800029754638672,0.0
2014-07-25,17.923927307128906,0.0
2014-07-28,17.88262939453125,0.0
2014-07-29,17.552234649658203,0.0
2014-07-30,17.758731842041016,0.0
2014-07-31,17.428335189819336,0.0
2014-08-01,17.09794044494629,0.0
2014-08-04,17.221839904785156,0.0
2014-08-05,16.726245880126953,0.0
2014-08-06,16.850143432617188,0.0
2014-08-07,17.3044376373291,0.0
2014-08-08,17.09794044494629,0.0
2014-08-11,17.428335189819336,0.0
2014-08-12,17.34573745727539,0.0
2014-08-13,17.59353256225586,0.0
2014-08-14,17.469635009765625,0.0
2014-08-15,17.34573745727539,0.0
2014-08-18,17.09794044494629,0.0
2014-08-19,17.221839904785156,0.0
2014-08-20,17.717430114746094,0.0
2014-08-21,17.88262939453125,0.0
2014-08-22,18.006526947021484,0.0
2014-08-25,18.089126586914062,0.0
2014-08-26,17.923927307128906,0.0
2014-08-27,18.171724319458008,0.0
2014-08-28,18.171724319458008,0.0
2014-08-29,17.965227127075195,0.0
2014-09-01,18.171724319458008,0.0
2014-09-02,17.923927307128906,0.0
2014-09-03,18.089126586914062,0.0
2014-09-04,17.965227127075195,0.0
2014-09-05,18.089126586914062,0.0
2014-09-09,18.25432205200196,0.0
2014-09-10,18.089126586914062,0.0
2014-09-11,18.089126586914062,0.0
2014-09-12,18.089126586914062,0.0
2014-09-15,17.923927307128906,0.0
2014-09-16,17.717430114746094,0.0
2014-09-17,17.923927307128906,0.0
2014-09-18,18.0731143951416,0.0
2014-09-19,17.944631576538086,0.0
2014-09-22,17.77332305908203,0.0
2014-09-23,17.602014541625977,0.0
2014-09-24,17.73049545288086,0.0
2014-09-25,17.602014541625977,0.0
2014-09-26,17.73049545288086,0.0
2014-09-29,17.602014541625977,0.0
2014-09-30,17.516359329223633,0.0
2014-10-01,17.259395599365234,0.0
2014-10-02,17.38787841796875,0.0
2014-10-03,17.944631576538086,0.0
2014-10-06,17.944631576538086,0.0
2014-10-07,17.644840240478516,0.0
2014-10-08,17.68766975402832,0.0
2014-10-09,17.858978271484375,0.0
2014-10-13,17.38787841796875,0.0
2014-10-14,17.559186935424805,0.0
2014-10-15,17.302223205566406,0.0
2014-10-16,17.17374038696289,0.0
2014-10-17,16.959604263305664,0.0
2014-10-20,17.73049545288086,0.0
2014-10-21,17.73049545288086,0.0
2014-10-22,17.73049545288086,0.0
2014-10-23,17.644840240478516,0.0
2014-10-24,17.345050811767578,0.0
2014-10-27,17.516359329223633,0.0
2014-10-28,17.944631576538086,0.0
2014-10-29,18.415733337402344,0.0
2014-10-30,18.330078125,0.0
2014-10-31,18.244422912597656,0.0
2014-11-03,18.330078125,0.0
2014-11-04,18.37290573120117,0.0
2014-11-05,18.244422912597656,0.0
2014-11-06,18.03028678894043,0.0
2014-11-07,17.944631576538086,0.0
2014-11-10,18.244422912597656,0.0
2014-11-11,18.158769607543945,0.0
2014-11-12,17.73049545288086,0.0
2014-11-13,17.987459182739258,0.0
2014-11-14,17.901805877685547,0.0
2014-11-17,17.559186935424805,0.0
2014-11-18,17.73049545288086,0.0
2014-11-19,17.987459182739258,0.0
2014-11-20,18.158769607543945,0.0
2014-11-21,18.03028678894043,0.0
2014-11-24,18.158769607543945,0.0
2014-11-25,18.0731143951416,0.0
2014-11-26,17.987459182739258,0.0
2014-11-27,18.03028678894043,0.0
2014-11-28,18.03028678894043,0.0
2014-12-01,17.602014541625977,0.0
2014-12-02,17.302223205566406,0.0
2014-12-03,17.43070411682129,0.0
2014-12-04,17.73049545288086,0.0
2014-12-05,17.858978271484375,0.0
2014-12-08,17.77332305908203,0.0
2014-12-09,17.516359329223633,0.0
2014-12-10,17.216569900512695,0.0
2014-12-11,17.13091468811035,0.0
2014-12-12,17.345050811767578,0.0
2014-12-15,17.302223205566406,0.0
2014-12-16,17.13091468811035,0.0
2014-12-17,16.959604263305664,0.0
2014-12-18,16.959604263305664,0.0
2014-12-19,17.302223205566406,0.0
2014-12-22,17.47353172302246,0.0
2014-12-23,17.47353172302246,0.0
2014-12-24,17.602014541625977,0.0
2014-12-25,17.47353172302246,0.0
2014-12-26,17.516359329223633,0.0
2014-12-29,17.644840240478516,0.0
2014-12-30,17.559186935424805,0.0
2014-12-31,17.602014541625977,0.0
2015-01-05,17.43070411682129,0.0
2015-01-06,17.08808708190918,0.0
2015-01-07,17.08808708190918,0.0
2015-01-08,17.345050811767578,0.0
2015-01-09,17.43070411682129,0.0
2015-01-12,17.38787841796875,0.0
2015-01-13,17.516359329223633,0.0
2015-01-14,17.302223205566406,0.0
2015-01-15,17.38787841796875,0.0
2015-01-16,17.17374038696289,0.0
2015-01-19,17.345050811767578,0.0
2015-01-20,17.302223205566406,0.0
2015-01-21,17.43070411682129,0.0
2015-01-22,17.516359329223633,0.0
2015-01-23,17.644840240478516,0.0
2015-01-26,17.559186935424805,0.0
2015-01-27,17.644840240478516,0.0
2015-01-28,17.43070411682129,0.0
2015-01-29,17.345050811767578,0.0
2015-01-30,17.216569900512695,0.0
2015-02-02,17.38787841796875,0.0
2015-02-03,17.302223205566406,0.0
2015-02-04,17.559186935424805,0.0
2015-02-05,17.73049545288086,0.0
2015-02-06,17.77332305908203,0.0
2015-02-09,17.602014541625977,0.0
2015-02-10,17.559186935424805,0.0
2015-02-11,17.602014541625977,0.0
2015-02-12,17.559186935424805,0.0
2015-02-13,17.559186935424805,0.0
2015-02-24,17.816150665283203,0.0
2015-02-25,17.901805877685547,0.0
2015-02-26,17.901805877685547,0.0
2015-03-02,17.68766975402832,0.0
2015-03-03,17.68766975402832,0.0
2015-03-04,17.68766975402832,0.0
2015-03-05,17.516359329223633,0.0
2015-03-06,17.644840240478516,0.0
2015-03-09,17.559186935424805,0.0
2015-03-10,17.516359329223633,0.0
2015-03-11,17.47353172302246,0.0
2015-03-12,17.858978271484375,0.0
2015-03-13,17.73049545288086,0.0
2015-03-16,17.559186935424805,0.0
2015-03-17,17.68766975402832,0.0
2015-03-18,17.816150665283203,0.0
2015-03-19,17.858978271484375,0.0
2015-03-20,17.858978271484375,0.0
2015-03-23,17.901805877685547,0.0
2015-03-24,17.73049545288086,0.0
2015-03-25,17.73049545288086,0.0
2015-03-26,17.68766975402832,0.0
2015-03-27,17.516359329223633,0.0
2015-03-30,17.68766975402832,0.0
2015-03-31,17.816150665283203,0.0
2015-04-01,17.68766975402832,0.0
2015-04-02,17.816150665283203,0.0
2015-04-07,17.858978271484375,0.0
2015-04-08,17.77332305908203,0.0
2015-04-09,17.987459182739258,0.0
2015-04-10,18.115942001342773,0.0
2015-04-13,18.37290573120117,0.0
2015-04-14,18.67269515991211,0.0
2015-04-15,18.88683319091797,0.0
2015-04-16,19.27227783203125,0.0
2015-04-17,19.143796920776367,0.0
2015-04-20,19.22945022583008,0.0
2015-04-21,19.27227783203125,0.0
2015-04-22,19.315105438232425,0.0
2015-04-23,20.55709648132324,0.0
2015-04-24,20.72840690612793,0.0
2015-04-27,20.985370635986328,0.0
2015-04-28,21.11385154724121,0.0
2015-04-29,20.68557929992676,0.0
2015-04-30,20.4714412689209,0.0
2015-05-04,20.55709648132324,0.0
2015-05-05,20.514270782470703,0.0
2015-05-06,20.300132751464844,0.0
2015-05-07,19.57206916809082,0.0
2015-05-08,19.57206916809082,0.0
2015-05-11,19.443586349487305,0.0
2015-05-12,19.87186050415039,0.0
2015-05-13,19.614896774291992,0.0
2015-05-14,19.100969314575195,0.0
2015-05-15,19.100969314575195,0.0
2015-05-18,19.18662452697754,0.0
2015-05-19,19.657724380493164,0.0
2015-05-20,19.743377685546875,0.0
2015-05-21,19.27227783203125,0.0
2015-05-22,19.614896774291992,0.0
2015-05-25,19.614896774291992,0.0
2015-05-26,19.614896774291992,0.0
2015-05-27,20.514270782470703,0.0
2015-05-28,20.17165184020996,0.0
2015-05-29,19.95751571655273,0.0
2015-06-01,19.91468811035156,0.0
2015-06-02,19.87186050415039,0.0
2015-06-03,20.17165184020996,0.0
2015-06-04,19.82903289794922,0.0
2015-06-05,20.085996627807617,0.0
2015-06-08,20.257305145263672,0.0
2015-06-09,20.00034141540528,0.0
2015-06-10,20.55709648132324,0.0
2015-06-11,20.300132751464844,0.0
2015-06-12,20.385787963867188,0.0
2015-06-15,20.514270782470703,0.0
2015-06-16,20.42861557006836,0.0
2015-06-17,20.4714412689209,0.0
2015-06-18,20.59992408752441,0.0
2015-06-22,20.81406021118164,0.0
2015-06-23,20.81406021118164,0.0
2015-06-24,20.55709648132324,0.0
2015-06-25,20.77123260498047,0.0
2015-06-26,20.85688781738281,0.0
2015-06-29,20.514270782470703,0.0
2015-06-30,20.81406021118164,0.0
2015-07-01,20.68557929992676,0.0
2015-07-02,20.85688781738281,0.0
2015-07-03,20.77123260498047,0.0
2015-07-06,20.42861557006836,0.0
2015-07-07,20.72840690612793,0.0
2015-07-08,20.300132751464844,0.0
2015-07-09,20.12882423400879,0.0
2015-07-10,20.12882423400879,0.0
2015-07-13,20.385787963867188,0.0
2015-07-14,20.42861557006836,0.0
2015-07-15,20.42861557006836,0.0
2015-07-16,20.642751693725582,0.0
2015-07-17,20.68557929992676,0.0
2015-07-20,20.514270782470703,0.0
2015-07-21,20.55709648132324,0.0
2015-07-22,20.55709648132324,0.0
2015-07-23,20.257305145263672,0.0
2015-07-24,20.300132751464844,0.0
2015-07-27,19.57206916809082,0.0
2015-07-28,19.48641586303711,0.0
2015-07-29,19.3579330444336,0.0
2015-07-30,19.657724380493164,0.0
2015-07-31,19.614896774291992,0.0
2015-08-03,19.700550079345703,0.0
2015-08-04,20.085996627807617,0.0
2015-08-05,20.514270782470703,0.0
2015-08-06,19.72222137451172,0.641815
2015-08-07,19.768518447875977,0.0
2015-08-10,19.72222137451172,0.0
2015-08-11,19.62962913513184,0.0
2015-08-12,18.05555534362793,0.0
2015-08-13,18.14814758300781,0.0
2015-08-14,18.37962913513184,0.0
2015-08-17,18.05555534362793,0.0
2015-08-18,17.546295166015625,0.0
2015-08-19,17.268518447875977,0.0
2015-08-20,17.083332061767578,0.0
2015-08-21,16.66666603088379,0.0
2015-08-24,16.296295166015625,0.0
2015-08-25,16.94444465637207,0.0
2015-08-26,17.962961196899414,0.0
2015-08-27,17.77777671813965,0.0
2015-08-28,18.14814758300781,0.0
2015-08-31,18.14814758300781,0.0
2015-09-01,17.592592239379883,0.0
2015-09-02,17.36111068725586,0.0
2015-09-03,17.36111068725586,0.0
2015-09-04,16.990739822387695,0.0
2015-09-07,16.898147583007812,0.0
2015-09-08,16.94444465637207,0.0
2015-09-09,17.638887405395508,0.0
2015-09-10,17.36111068725586,0.0
2015-09-11,17.5,0.0
2015-09-14,17.592592239379883,0.0
2015-09-15,17.5,0.0
2015-09-16,17.453702926635742,0.0
2015-09-17,17.870370864868164,0.0
2015-09-18,17.685184478759766,0.0
2015-09-21,17.129629135131836,0.0
2015-09-22,17.17592430114746,0.0
2015-09-23,16.759258270263672,0.0
2015-09-24,16.620370864868164,0.0
2015-09-25,16.11111068725586,0.0
2015-09-29,16.11111068725586,0.0
2015-09-30,15.694443702697754,0.0
2015-10-01,15.833333015441896,0.0
2015-10-02,15.833333015441896,0.0
2015-10-05,15.879629135131836,0.0
2015-10-06,15.925925254821776,0.0
2015-10-07,15.972222328186035,0.0
2015-10-08,16.018518447875977,0.0
2015-10-12,16.52777671813965,0.0
2015-10-13,16.898147583007812,0.0
2015-10-14,16.94444465637207,0.0
2015-10-15,16.851850509643555,0.0
2015-10-16,17.268518447875977,0.0
2015-10-19,17.592592239379883,0.0
2015-10-20,17.268518447875977,0.0
2015-10-21,16.759258270263672,0.0
2015-10-22,16.898147583007812,0.0
2015-10-23,16.898147583007812,0.0
2015-10-26,16.80555534362793,0.0
2015-10-27,16.66666603088379,0.0
2015-10-28,16.574073791503906,0.0
2015-10-29,16.574073791503906,0.0
2015-10-30,16.52777671813965,0.0
2015-11-02,16.712961196899414,0.0
2015-11-03,16.80555534362793,0.0
2015-11-04,16.80555534362793,0.0
2015-11-05,16.851850509643555,0.0
2015-11-06,16.574073791503906,0.0
2015-11-09,16.712961196899414,0.0
2015-11-10,16.481481552124023,0.0
2015-11-11,16.342592239379883,0.0
2015-11-12,16.25,0.0
2015-11-13,16.11111068725586,0.0
2015-11-16,16.11111068725586,0.0
2015-11-17,16.203702926635742,0.0
2015-11-18,16.25,0.0
2015-11-19,16.342592239379883,0.0
2015-11-20,16.296295166015625,0.0
2015-11-23,16.25,0.0
2015-11-24,16.25,0.0
2015-11-25,16.11111068725586,0.0
2015-11-26,16.157407760620117,0.0
2015-11-27,16.018518447875977,0.0
2015-11-30,15.833333015441896,0.0
2015-12-01,16.296295166015625,0.0
2015-12-02,16.388887405395508,0.0
2015-12-03,16.342592239379883,0.0
2015-12-04,16.0648136138916,0.0
2015-12-07,15.925925254821776,0.0
2015-12-08,15.740739822387695,0.0
2015-12-09,15.46296215057373,0.0
2015-12-10,15.46296215057373,0.0
2015-12-11,15.04629611968994,0.0
2015-12-14,15.092592239379885,0.0
2015-12-15,15.092592239379885,0.0
2015-12-16,15.277776718139648,0.0
2015-12-17,15.648147583007812,0.0
2015-12-18,15.324073791503906,0.0
2015-12-21,15.231480598449709,0.0
2015-12-22,15.416666030883787,0.0
2015-12-23,15.648147583007812,0.0
2015-12-24,15.694443702697754,0.0
2015-12-25,15.694443702697754,0.0
2015-12-28,15.55555534362793,0.0
2015-12-29,15.601851463317873,0.0
2015-12-30,15.416666030883787,0.0
2015-12-31,15.648147583007812,0.0
2016-01-04,15.185185432434082,0.0
2016-01-05,15.138888359069824,0.0
2016-01-06,14.953702926635742,0.0
2016-01-07,14.722222328186035,0.0
2016-01-08,14.814813613891602,0.0
2016-01-11,14.444443702697754,0.0
2016-01-12,14.351851463317873,0.0
2016-01-13,14.629629135131836,0.0
2016-01-14,14.490739822387695,0.0
2016-01-15,14.027776718139648,0.0
2016-01-18,14.074073791503906,0.0
2016-01-19,14.120369911193848,0.0
2016-01-20,13.75,0.0
2016-01-21,13.425925254821776,0.0
2016-01-22,13.518518447875977,0.0
2016-01-25,13.75,0.0
2016-01-26,13.472222328186035,0.0
2016-01-27,13.472222328186035,0.0
2016-01-28,13.518518447875977,0.0
2016-01-29,14.398147583007812,0.0
2016-02-01,14.675925254821776,0.0
2016-02-02,14.398147583007812,0.0
2016-02-03,14.166666030883787,0.0
2016-02-15,13.842592239379885,0.0
2016-02-16,14.351851463317873,0.0
2016-02-17,14.21296215057373,0.0
2016-02-18,14.444443702697754,0.0
2016-02-19,14.444443702697754,0.0
2016-02-22,14.490739822387695,0.0
2016-02-23,14.583333015441896,0.0
2016-02-24,14.444443702697754,0.0
2016-02-25,14.722222328186035,0.0
2016-02-26,15.0,0.0
2016-03-01,14.953702926635742,0.0
2016-03-02,15.092592239379885,0.0
2016-03-03,15.416666030883787,0.0
2016-03-04,15.509259223937988,0.0
2016-03-07,15.601851463317873,0.0
2016-03-08,15.46296215057373,0.0
2016-03-09,15.46296215057373,0.0
2016-03-10,15.370369911193848,0.0
2016-03-11,15.648147583007812,0.0
2016-03-14,15.740739822387695,0.0
2016-03-15,15.370369911193848,0.0
2016-03-16,15.416666030883787,0.0
2016-03-17,15.648147583007812,0.0
2016-03-18,15.694443702697754,0.0
2016-03-21,15.740739822387695,0.0
2016-03-22,15.601851463317873,0.0
2016-03-23,15.601851463317873,0.0
2016-03-24,15.648147583007812,0.0
2016-03-25,15.55555534362793,0.0
2016-03-28,15.46296215057373,0.0
2016-03-29,15.370369911193848,0.0
2016-03-30,15.694443702697754,0.0
2016-03-31,15.740739822387695,0.0
2016-04-01,15.509259223937988,0.0
2016-04-06,15.092592239379885,0.0
2016-04-07,14.86111068725586,0.0
2016-04-08,15.092592239379885,0.0
2016-04-11,15.0,0.0
2016-04-12,15.04629611968994,0.0
2016-04-13,15.092592239379885,0.0
2016-04-14,15.092592239379885,0.0
2016-04-15,15.185185432434082,0.0
2016-04-18,15.231480598449709,0.0
2016-04-19,15.231480598449709,0.0
2016-04-20,15.092592239379885,0.0
2016-04-21,15.092592239379885,0.0
2016-04-22,15.138888359069824,0.0
2016-04-25,15.277776718139648,0.0
2016-04-26,15.324073791503906,0.0
2016-04-27,15.231480598449709,0.0
2016-04-28,15.231480598449709,0.0
2016-04-29,15.185185432434082,0.0
2016-05-03,15.277776718139648,0.0
2016-05-04,15.185185432434082,0.0
2016-05-05,15.138888359069824,0.0
2016-05-06,15.0,0.0
2016-05-09,14.9074068069458,0.0
2016-05-10,15.04629611968994,0.0
2016-05-11,14.86111068725586,0.0
2016-05-12,14.9074068069458,0.0
2016-05-13,14.953702926635742,0.0
2016-05-16,15.092592239379885,0.0
2016-05-17,15.277776718139648,0.0
2016-05-18,15.231480598449709,0.0
2016-05-19,15.092592239379885,0.0
2016-05-20,15.138888359069824,0.0
2016-05-23,15.277776718139648,0.0
2016-05-24,15.277776718139648,0.0
2016-05-25,15.416666030883787,0.0
2016-05-26,15.416666030883787,0.0
2016-05-27,15.740739822387695,0.0
2016-05-30,15.879629135131836,0.0
2016-05-31,15.833333015441896,0.0
2016-06-01,15.925925254821776,0.0
2016-06-02,15.833333015441896,0.0
2016-06-03,15.833333015441896,0.0
2016-06-06,15.833333015441896,0.0
2016-06-07,15.833333015441896,0.0
2016-06-08,15.925925254821776,0.0
2016-06-13,15.138888359069824,0.0
2016-06-14,15.277776718139648,0.0
2016-06-15,15.277776718139648,0.0
2016-06-16,15.185185432434082,0.0
2016-06-17,15.277776718139648,0.0
2016-06-20,15.370369911193848,0.0
2016-06-21,15.416666030883787,0.0
2016-06-22,15.370369911193848,0.0
2016-06-23,15.370369911193848,0.0
2016-06-24,15.138888359069824,0.0
2016-06-27,15.231480598449709,0.0
2016-06-28,15.46296215057373,0.0
2016-06-29,15.55555534362793,0.0
2016-06-30,15.601851463317873,0.0
2016-07-01,15.648147583007812,0.0
2016-07-04,15.694443702697754,0.0
2016-07-05,15.740739822387695,0.0
2016-07-06,15.694443702697754,0.0
2016-07-07,15.648147583007812,0.0
2016-07-08,15.648147583007812,0.0
2016-07-11,15.972222328186035,0.0
2016-07-12,16.25,0.0
2016-07-13,16.342592239379883,0.0
2016-07-14,16.342592239379883,0.0
2016-07-15,16.574073791503906,0.0
2016-07-18,16.759258270263672,0.0
2016-07-19,16.898147583007812,0.0
2016-07-20,16.80555534362793,0.0
2016-07-21,16.851850509643555,0.0
2016-07-22,16.759258270263672,0.0
2016-07-25,16.80555534362793,0.0
2016-07-26,16.851850509643555,0.0
2016-07-27,16.94444465637207,0.0
2016-07-28,17.037036895751953,0.0
2016-07-29,16.296295166015625,0.75
2016-08-01,16.342592239379883,0.0
2016-08-02,16.342592239379883,0.0
2016-08-03,16.296295166015625,0.0
2016-08-04,16.296295166015625,0.0
2016-08-05,16.342592239379883,0.0
2016-08-08,16.388887405395508,0.0
2016-08-09,16.435184478759766,0.0
2016-08-10,16.66666603088379,0.0
2016-08-11,16.574073791503906,0.0
2016-08-12,16.620370864868164,0.0
2016-08-15,16.851850509643555,0.0
2016-08-16,16.94444465637207,0.0
2016-08-17,16.990739822387695,0.0
2016-08-18,17.824073791503906,0.0
2016-08-19,17.5,0.0
2016-08-22,17.17592430114746,0.0
2016-08-23,17.17592430114746,0.0
2016-08-24,16.80555534362793,0.0
2016-08-25,17.3148136138916,0.0
2016-08-26,17.36111068725586,0.0
2016-08-29,17.36111068725586,0.0
2016-08-30,17.3148136138916,0.0
2016-08-31,17.083332061767578,0.0
2016-09-01,16.898147583007812,0.0
2016-09-02,17.129629135131836,0.0
2016-09-05,17.22222137451172,0.0
2016-09-06,17.268518447875977,0.0
2016-09-07,17.453702926635742,0.0
2016-09-08,17.36111068725586,0.0
2016-09-09,17.3148136138916,0.0
2016-09-12,16.898147583007812,0.0
2016-09-13,16.851850509643555,0.0
2016-09-14,16.574073791503906,0.0
2016-09-19,16.898147583007812,0.0
2016-09-20,17.037036895751953,0.0
2016-09-21,17.037036895751953,0.0
2016-09-22,17.083332061767578,0.0
2016-09-23,17.083332061767578,0.0
2016-09-26,17.037036895751953,0.0
2016-09-27,17.037036895751953,0.0
2016-09-28,17.037036895751953,0.0
2016-09-29,17.17592430114746,0.0
2016-09-30,16.898147583007812,0.0
2016-10-03,16.990739822387695,0.0
2016-10-04,17.083332061767578,0.0
2016-10-05,17.037036895751953,0.0
2016-10-06,17.037036895751953,0.0
2016-10-07,16.94444465637207,0.0
2016-10-11,16.80555534362793,0.0
2016-10-12,17.350000381469727,0.0
2016-10-13,17.200000762939453,0.0
2016-10-14,17.049999237060547,0.0
2016-10-17,17.0,0.0
2016-10-18,17.0,0.0
2016-10-19,17.100000381469727,0.0
2016-10-20,17.200000762939453,0.0
2016-10-21,17.350000381469727,0.0
2016-10-24,17.149999618530273,0.0
2016-10-25,17.149999618530273,0.0
2016-10-26,17.100000381469727,0.0
2016-10-27,17.049999237060547,0.0
2016-10-28,17.149999618530273,0.0
2016-10-31,17.0,0.0
2016-11-01,17.100000381469727,0.0
2016-11-02,17.049999237060547,0.0
2016-11-03,16.899999618530273,0.0
2016-11-04,16.899999618530273,0.0
2016-11-07,16.899999618530273,0.0
2016-11-08,17.100000381469727,0.0
2016-11-09,16.700000762939453,0.0
2016-11-10,17.049999237060547,0.0
2016-11-11,16.799999237060547,0.0
2016-11-14,16.899999618530273,0.0
2016-11-15,17.100000381469727,0.0
2016-11-16,17.049999237060547,0.0
2016-11-17,17.299999237060547,0.0
2016-11-18,17.100000381469727,0.0
2016-11-21,17.149999618530273,0.0
2016-11-22,17.200000762939453,0.0
2016-11-23,17.25,0.0
2016-11-24,17.350000381469727,0.0
2016-11-25,17.350000381469727,0.0
2016-11-28,17.5,0.0
2016-11-29,17.25,0.0
2016-11-30,17.5,0.0
2016-12-01,17.549999237060547,0.0
2016-12-02,17.600000381469727,0.0
2016-12-05,17.549999237060547,0.0
2016-12-06,17.600000381469727,0.0
2016-12-07,17.649999618530273,0.0
2016-12-08,17.899999618530273,0.0
2016-12-09,18.0,0.0
2016-12-12,17.899999618530273,0.0
2016-12-13,18.0,0.0
2016-12-14,17.850000381469727,0.0
2016-12-15,18.0,0.0
2016-12-16,18.0,0.0
2016-12-19,17.850000381469727,0.0
2016-12-20,17.799999237060547,0.0
2016-12-21,17.700000762939453,0.0
2016-12-22,17.549999237060547,0.0
2016-12-23,17.450000762939453,0.0
2016-12-26,17.549999237060547,0.0
2016-12-27,17.5,0.0
2016-12-28,17.600000381469727,0.0
2016-12-29,17.549999237060547,0.0
2016-12-30,17.649999618530273,0.0
2017-01-03,17.700000762939453,0.0
2017-01-04,17.799999237060547,0.0
2017-01-05,18.0,0.0
2017-01-06,18.0,0.0
2017-01-09,18.0,0.0
2017-01-10,18.0,0.0
2017-01-11,18.0,0.0
2017-01-12,18.0,0.0
2017-01-13,17.950000762939453,0.0
2017-01-16,17.700000762939453,0.0
2017-01-17,17.75,0.0
2017-01-18,17.700000762939453,0.0
2017-01-19,17.549999237060547,0.0
2017-01-20,17.549999237060547,0.0
2017-01-23,17.700000762939453,0.0
2017-01-24,17.799999237060547,0.0
2017-02-02,17.850000381469727,0.0
2017-02-03,17.850000381469727,0.0
2017-02-06,18.0,0.0
2017-02-07,18.14999961853028,0.0
2017-02-08,18.0,0.0
2017-02-09,18.299999237060547,0.0
2017-02-10,18.450000762939453,0.0
2017-02-13,18.64999961853028,0.0
2017-02-14,18.600000381469727,0.0
2017-02-15,18.600000381469727,0.0
2017-02-16,18.700000762939453,0.0
2017-02-17,18.700000762939453,0.0
2017-02-20,18.600000381469727,0.0
2017-02-21,18.450000762939453,0.0
2017-02-22,18.450000762939453,0.0
2017-02-23,18.450000762939453,0.0
2017-02-24,18.350000381469727,0.0
2017-03-01,18.39999961853028,0.0
2017-03-02,18.549999237060547,0.0
2017-03-03,18.5,0.0
2017-03-06,18.549999237060547,0.0
2017-03-07,18.549999237060547,0.0
2017-03-08,18.600000381469727,0.0
2017-03-09,18.600000381469727,0.0
2017-03-10,18.700000762939453,0.0
2017-03-13,18.799999237060547,0.0
2017-03-14,18.64999961853028,0.0
2017-03-15,18.89999961853028,0.0
2017-03-16,18.950000762939453,0.0
2017-03-17,19.100000381469727,0.0
2017-03-20,19.049999237060547,0.0
2017-03-21,19.049999237060547,0.0
2017-03-22,18.89999961853028,0.0
2017-03-23,19.0,0.0
2017-03-24,19.0,0.0
2017-03-27,18.850000381469727,0.0
2017-03-28,18.64999961853028,0.0
2017-03-29,18.75,0.0
2017-03-30,18.75,0.0
2017-03-31,18.75,0.0
2017-04-05,18.850000381469727,0.0
2017-04-06,18.75,0.0
2017-04-07,18.600000381469727,0.0
2017-04-10,18.600000381469727,0.0
2017-04-11,18.64999961853028,0.0
2017-04-12,18.700000762939453,0.0
2017-04-13,18.700000762939453,0.0
2017-04-14,18.450000762939453,0.0
2017-04-17,18.450000762939453,0.0
2017-04-18,18.64999961853028,0.0
2017-04-19,18.350000381469727,0.0
2017-04-20,18.299999237060547,0.0
2017-04-21,18.39999961853028,0.0
2017-04-24,18.39999961853028,0.0
2017-04-25,18.64999961853028,0.0
2017-04-26,18.799999237060547,0.0
2017-04-27,18.799999237060547,0.0
2017-04-28,18.850000381469727,0.0
2017-05-02,18.89999961853028,0.0
2017-05-03,19.0,0.0
2017-05-04,19.0,0.0
2017-05-05,18.89999961853028,0.0
2017-05-08,19.0,0.0
2017-05-09,19.0,0.0
2017-05-10,19.049999237060547,0.0
2017-05-11,19.14999961853028,0.0
2017-05-12,19.299999237060547,0.0
2017-05-15,19.5,0.0
2017-05-16,19.700000762939453,0.0
2017-05-17,19.64999961853028,0.0
2017-05-18,19.5,0.0
2017-05-19,19.25,0.0
2017-05-22,19.39999961853028,0.0
2017-05-23,19.100000381469727,0.0
2017-05-24,19.100000381469727,0.0
2017-05-25,19.450000762939453,0.0
2017-05-26,19.450000762939453,0.0
2017-05-31,19.14999961853028,0.0
2017-06-01,19.14999961853028,0.0
2017-06-02,19.299999237060547,0.0
2017-06-05,19.350000381469727,0.0
2017-06-06,19.350000381469727,0.0
2017-06-07,19.299999237060547,0.0
2017-06-08,19.39999961853028,0.0
2017-06-09,19.39999961853028,0.0
2017-06-12,19.39999961853028,0.0
2017-06-13,19.450000762939453,0.0
2017-06-14,19.39999961853028,0.0
2017-06-15,19.39999961853028,0.0
2017-06-16,19.350000381469727,0.0
2017-06-19,19.5,0.0
2017-06-20,19.549999237060547,0.0
2017-06-21,19.39999961853028,0.0
2017-06-22,19.5,0.0
2017-06-23,19.39999961853028,0.0
2017-06-26,19.799999237060547,0.0
2017-06-27,19.799999237060547,0.0
2017-06-28,19.700000762939453,0.0
2017-06-29,19.89999961853028,0.0
2017-06-30,19.950000762939453,0.0
2017-07-03,20.0,0.0
2017-07-04,20.100000381469727,0.0
2017-07-05,20.200000762939453,0.0
2017-07-06,20.14999961853028,0.0
2017-07-07,19.950000762939453,0.0
2017-07-10,19.950000762939453,0.0
2017-07-11,20.200000762939453,0.0
2017-07-12,20.299999237060547,0.0
2017-07-13,20.64999961853028,0.0
2017-07-14,20.700000762939453,0.0
2017-07-17,19.89999961853028,0.85
2017-07-18,19.600000381469727,0.0
2017-07-19,19.799999237060547,0.0
2017-07-20,19.64999961853028,0.0
2017-07-21,19.5,0.0
2017-07-24,19.39999961853028,0.0
2017-07-25,19.25,0.0
2017-07-26,19.299999237060547,0.0
2017-07-27,19.5,0.0
2017-07-28,19.5,0.0
2017-07-31,19.39999961853028,0.0
2017-08-01,19.100000381469727,0.0
2017-08-02,19.299999237060547,0.0
2017-08-03,19.100000381469727,0.0
2017-08-04,19.299999237060547,0.0
2017-08-07,19.450000762939453,0.0
2017-08-08,19.450000762939453,0.0
2017-08-09,19.299999237060547,0.0
2017-08-10,19.0,0.0
2017-08-11,19.200000762939453,0.0
2017-08-14,19.200000762939453,0.0
2017-08-15,19.39999961853028,0.0
2017-08-16,19.5,0.0
2017-08-17,19.600000381469727,0.0
2017-08-18,19.450000762939453,0.0
2017-08-21,19.450000762939453,0.0
2017-08-22,19.5,0.0
2017-08-23,19.549999237060547,0.0
2017-08-24,19.5,0.0
2017-08-25,19.600000381469727,0.0
2017-08-28,19.600000381469727,0.0
2017-08-29,19.5,0.0
2017-08-30,19.549999237060547,0.0
2017-08-31,19.549999237060547,0.0
2017-09-01,19.450000762939453,0.0
2017-09-04,19.39999961853028,0.0
2017-09-05,19.5,0.0
2017-09-06,19.350000381469727,0.0
2017-09-07,19.14999961853028,0.0
2017-09-08,19.450000762939453,0.0
2017-09-11,19.39999961853028,0.0
2017-09-12,19.549999237060547,0.0
2017-09-13,19.450000762939453,0.0
2017-09-14,19.39999961853028,0.0
2017-09-15,19.549999237060547,0.0
2017-09-18,19.5,0.0
2017-09-19,19.39999961853028,0.0
2017-09-20,19.200000762939453,0.0
2017-09-21,19.25,0.0
2017-09-22,19.14999961853028,0.0
2017-09-25,18.950000762939453,0.0
2017-09-26,19.0,0.0
2017-09-27,19.100000381469727,0.0
2017-09-28,19.100000381469727,0.0
2017-09-29,19.0,0.0
2017-10-02,19.049999237060547,0.0
2017-10-03,19.200000762939453,0.0
2017-10-05,19.14999961853028,0.0
2017-10-06,19.39999961853028,0.0
2017-10-11,19.350000381469727,0.0
2017-10-12,19.350000381469727,0.0
2017-10-13,19.39999961853028,0.0
2017-10-16,19.450000762939453,0.0
2017-10-17,19.5,0.0
2017-10-18,19.350000381469727,0.0
2017-10-19,19.39999961853028,0.0
2017-10-20,19.39999961853028,0.0
2017-10-23,19.39999961853028,0.0
2017-10-24,19.39999961853028,0.0
2017-10-25,19.450000762939453,0.0
2017-10-26,19.299999237060547,0.0
2017-10-27,19.450000762939453,0.0
2017-10-30,19.350000381469727,0.0
2017-10-31,19.299999237060547,0.0
2017-11-01,19.299999237060547,0.0
2017-11-02,19.450000762939453,0.0
2017-11-03,19.450000762939453,0.0
2017-11-06,19.450000762939453,0.0
2017-11-07,19.350000381469727,0.0
2017-11-08,19.39999961853028,0.0
2017-11-09,19.39999961853028,0.0
2017-11-10,19.39999961853028,0.0
2017-11-13,19.350000381469727,0.0
2017-11-14,19.39999961853028,0.0
2017-11-15,19.450000762939453,0.0
2017-11-16,19.350000381469727,0.0
2017-11-17,19.549999237060547,0.0
2017-11-20,19.5,0.0
2017-11-21,19.75,0.0
2017-11-22,20.299999237060547,0.0
2017-11-23,20.39999961853028,0.0
2017-11-24,20.200000762939453,0.0
2017-11-27,19.950000762939453,0.0
2017-11-28,20.100000381469727,0.0
2017-11-29,20.100000381469727,0.0
2017-11-30,20.0,0.0
2017-12-01,20.350000381469727,0.0
2017-12-04,20.549999237060547,0.0
2017-12-05,20.64999961853028,0.0
2017-12-06,20.299999237060547,0.0
2017-12-07,20.14999961853028,0.0
2017-12-08,20.200000762939453,0.0
2017-12-11,20.200000762939453,0.0
2017-12-12,20.25,0.0
2017-12-13,20.350000381469727,0.0
2017-12-14,20.64999961853028,0.0
2017-12-15,20.549999237060547,0.0
2017-12-18,20.600000381469727,0.0
2017-12-19,20.350000381469727,0.0
2017-12-20,20.299999237060547,0.0
2017-12-21,20.100000381469727,0.0
2017-12-22,20.25,0.0
2017-12-25,20.100000381469727,0.0
2017-12-26,20.0,0.0
2017-12-27,20.299999237060547,0.0
2017-12-28,20.25,0.0
2017-12-29,20.5,0.0
2018-01-02,20.450000762939453,0.0
2018-01-03,20.64999961853028,0.0
2018-01-04,20.64999961853028,0.0
2018-01-05,20.89999961853028,0.0
2018-01-08,21.5,0.0
2018-01-09,21.39999961853028,0.0
2018-01-10,21.700000762939453,0.0
2018-01-11,21.700000762939453,0.0
2018-01-12,21.75,0.0
2018-01-15,22.14999961853028,0.0
2018-01-16,22.0,0.0
2018-01-17,22.0,0.0
2018-01-18,21.89999961853028,0.0
2018-01-19,21.700000762939453,0.0
2018-01-22,21.850000381469727,0.0
2018-01-23,21.299999237060547,0.0
2018-01-24,21.049999237060547,0.0
2018-01-25,21.299999237060547,0.0
2018-01-26,21.14999961853028,0.0
2018-01-29,21.200000762939453,0.0
2018-01-30,21.100000381469727,0.0
2018-01-31,21.299999237060547,0.0
2018-02-01,21.299999237060547,0.0
2018-02-02,21.299999237060547,0.0
2018-02-05,20.850000381469727,0.0
2018-02-06,19.700000762939453,0.0
2018-02-07,20.350000381469727,0.0
2018-02-08,20.600000381469727,0.0
2018-02-09,20.350000381469727,0.0
2018-02-12,20.600000381469727,0.0
2018-02-21,21.100000381469727,0.0
2018-02-22,21.200000762939453,0.0
2018-02-23,21.25,0.0
2018-02-26,21.39999961853028,0.0
2018-02-27,21.350000381469727,0.0
2018-03-01,21.5,0.0
2018-03-02,21.64999961853028,0.0
2018-03-05,21.5,0.0
2018-03-06,21.700000762939453,0.0
2018-03-07,21.39999961853028,0.0
2018-03-08,21.600000381469727,0.0
2018-03-09,21.64999961853028,0.0
2018-03-12,21.89999961853028,0.0
2018-03-13,21.89999961853028,0.0
2018-03-14,21.799999237060547,0.0
2018-03-15,21.600000381469727,0.0
2018-03-16,21.299999237060547,0.0
2018-03-19,21.600000381469727,0.0
2018-03-20,21.549999237060547,0.0
2018-03-21,21.5,0.0
2018-03-22,21.549999237060547,0.0
2018-03-23,20.950000762939453,0.0
2018-03-26,21.049999237060547,0.0
2018-03-27,21.14999961853028,0.0
2018-03-28,21.0,0.0
2018-03-29,20.89999961853028,0.0
2018-03-30,21.200000762939453,0.0
2018-04-02,21.049999237060547,0.0
2018-04-03,20.89999961853028,0.0
2018-04-09,21.0,0.0
2018-04-10,21.049999237060547,0.0
2018-04-11,21.5,0.0
2018-04-12,21.39999961853028,0.0
2018-04-13,21.600000381469727,0.0
2018-04-16,21.549999237060547,0.0
2018-04-17,21.100000381469727,0.0
2018-04-18,21.5,0.0
2018-04-19,21.700000762939453,0.0
2018-04-20,21.549999237060547,0.0
2018-04-23,21.350000381469727,0.0
2018-04-24,21.299999237060547,0.0
2018-04-25,21.39999961853028,0.0
2018-04-26,21.25,0.0
2018-04-27,21.350000381469727,0.0
2018-04-30,21.25,0.0
2018-05-02,21.14999961853028,0.0
2018-05-03,21.100000381469727,0.0
2018-05-04,21.049999237060547,0.0
2018-05-07,21.100000381469727,0.0
2018-05-08,21.350000381469727,0.0
2018-05-09,21.450000762939453,0.0
2018-05-10,21.450000762939453,0.0
2018-05-11,21.950000762939453,0.0
2018-05-14,22.100000381469727,0.0
2018-05-15,21.89999961853028,0.0
2018-05-16,22.049999237060547,0.0
2018-05-17,22.049999237060547,0.0
2018-05-18,22.100000381469727,0.0
2018-05-21,22.14999961853028,0.0
2018-05-22,22.14999961853028,0.0
2018-05-23,22.14999961853028,0.0
2018-05-24,22.14999961853028,0.0
2018-05-25,22.200000762939453,0.0
2018-05-28,22.200000762939453,0.0
2018-05-29,22.14999961853028,0.0
2018-05-30,21.600000381469727,0.0
2018-05-31,21.600000381469727,0.0
2018-06-01,21.700000762939453,0.0
2018-06-04,21.950000762939453,0.0
2018-06-05,22.200000762939453,0.0
2018-06-06,22.450000762939453,0.0
2018-06-07,22.5,0.0
2018-06-08,22.350000381469727,0.0
2018-06-11,22.350000381469727,0.0
2018-06-12,22.100000381469727,0.0
2018-06-13,22.350000381469727,0.0
2018-06-14,21.89999961853028,0.0
2018-06-15,22.14999961853028,0.0
2018-06-19,21.600000381469727,0.0
2018-06-20,21.850000381469727,0.0
2018-06-21,21.700000762939453,0.0
2018-06-22,21.850000381469727,0.0
2018-06-25,21.75,0.0
2018-06-26,21.75,0.0
2018-06-27,21.89999961853028,0.0
2018-06-28,21.75,0.0
2018-06-29,21.950000762939453,0.0
2018-07-02,21.700000762939453,0.0
2018-07-03,21.64999961853028,0.0
2018-07-04,21.799999237060547,0.0
2018-07-05,21.700000762939453,0.0
2018-07-06,21.5,0.0
2018-07-09,20.5,1.08
2018-07-10,20.39999961853028,0.0
2018-07-11,20.450000762939453,0.0
2018-07-12,20.549999237060547,0.0
2018-07-13,20.700000762939453,0.0
2018-07-16,20.64999961853028,0.0
2018-07-17,20.5,0.0
2018-07-18,20.600000381469727,0.0
2018-07-19,20.39999961853028,0.0
2018-07-20,20.5,0.0
2018-07-23,20.450000762939453,0.0
2018-07-24,20.5,0.0
2018-07-25,20.5,0.0
2018-07-26,20.549999237060547,0.0
2018-07-27,20.64999961853028,0.0
2018-07-30,20.5,0.0
2018-07-31,20.75,0.0
2018-08-01,21.100000381469727,0.0
2018-08-02,20.75,0.0
2018-08-03,21.200000762939453,0.0
2018-08-06,21.450000762939453,0.0
2018-08-07,21.450000762939453,0.0
2018-08-08,21.39999961853028,0.0
2018-08-09,21.14999961853028,0.0
2018-08-10,21.299999237060547,0.0
2018-08-13,20.799999237060547,0.0
2018-08-14,21.200000762939453,0.0
2018-08-15,21.299999237060547,0.0
2018-08-16,20.950000762939453,0.0
2018-08-17,21.14999961853028,0.0
2018-08-20,21.299999237060547,0.0
2018-08-21,21.39999961853028,0.0
2018-08-22,21.5,0.0
2018-08-23,21.549999237060547,0.0
2018-08-24,21.450000762939453,0.0
2018-08-27,21.5,0.0
2018-08-28,21.600000381469727,0.0
2018-08-29,21.549999237060547,0.0
2018-08-30,21.350000381469727,0.0
2018-08-31,21.600000381469727,0.0
2018-09-03,21.350000381469727,0.0
2018-09-04,21.549999237060547,0.0
2018-09-05,21.200000762939453,0.0
2018-09-06,21.14999961853028,0.0
2018-09-07,21.14999961853028,0.0
2018-09-10,21.299999237060547,0.0
2018-09-11,21.450000762939453,0.0
2018-09-12,21.200000762939453,0.0
2018-09-13,21.200000762939453,0.0
2018-09-14,21.39999961853028,0.0
2018-09-17,21.450000762939453,0.0
2018-09-18,21.549999237060547,0.0
2018-09-19,21.799999237060547,0.0
2018-09-20,22.14999961853028,0.0
2018-09-21,22.450000762939453,0.0
2018-09-25,22.600000381469727,0.0
2018-09-26,22.39999961853028,0.0
2018-09-27,23.0,0.0
2018-09-28,23.0,0.0
2018-10-01,22.950000762939453,0.0
2018-10-02,22.600000381469727,0.0
2018-10-03,22.5,0.0
2018-10-04,22.950000762939453,0.0
2018-10-05,22.700000762939453,0.0
2018-10-08,22.549999237060547,0.0
2018-10-09,22.75,0.0
2018-10-11,21.14999961853028,0.0
2018-10-12,21.700000762939453,0.0
2018-10-15,21.200000762939453,0.0
2018-10-16,21.14999961853028,0.0
2018-10-17,21.049999237060547,0.0
2018-10-18,21.14999961853028,0.0
2018-10-19,21.14999961853028,0.0
2018-10-22,21.100000381469727,0.0
2018-10-23,20.950000762939453,0.0
2018-10-24,20.39999961853028,0.0
2018-10-25,19.89999961853028,0.0
2018-10-26,19.89999961853028,0.0
2018-10-29,19.799999237060547,0.0
2018-10-30,19.950000762939453,0.0
2018-10-31,20.64999961853028,0.0
2018-11-01,20.350000381469727,0.0
2018-11-02,20.799999237060547,0.0
2018-11-05,20.75,0.0
2018-11-06,20.75,0.0
2018-11-07,21.0,0.0
2018-11-08,21.200000762939453,0.0
2018-11-09,21.14999961853028,0.0
2018-11-12,21.100000381469727,0.0
2018-11-13,20.89999961853028,0.0
2018-11-14,20.700000762939453,0.0
2018-11-15,20.700000762939453,0.0
2018-11-16,21.100000381469727,0.0
2018-11-19,21.350000381469727,0.0
2018-11-20,21.0,0.0
2018-11-21,20.850000381469727,0.0
2018-11-22,20.700000762939453,0.0
2018-11-23,20.5,0.0
2018-11-26,20.64999961853028,0.0
2018-11-27,20.600000381469727,0.0
2018-11-28,20.600000381469727,0.0
2018-11-29,20.39999961853028,0.0
2018-11-30,20.450000762939453,0.0
2018-12-03,20.700000762939453,0.0
2018-12-04,20.64999961853028,0.0
2018-12-05,20.450000762939453,0.0
2018-12-06,20.350000381469727,0.0
2018-12-07,20.200000762939453,0.0
2018-12-10,20.0,0.0
2018-12-11,20.0,0.0
2018-12-12,19.89999961853028,0.0
2018-12-13,20.100000381469727,0.0
2018-12-14,20.450000762939453,0.0
2018-12-17,20.200000762939453,0.0
2018-12-18,20.0,0.0
2018-12-19,20.14999961853028,0.0
2018-12-20,19.950000762939453,0.0
2018-12-21,19.89999961853028,0.0
2018-12-24,19.850000381469727,0.0
2018-12-25,19.75,0.0
2018-12-26,19.799999237060547,0.0
2018-12-27,19.950000762939453,0.0
2018-12-28,20.200000762939453,0.0
2019-01-02,19.89999961853028,0.0
2019-01-03,20.0,0.0
2019-01-04,19.799999237060547,0.0
2019-01-07,20.100000381469727,0.0
2019-01-08,19.950000762939453,0.0
2019-01-09,20.25,0.0
2019-01-10,20.200000762939453,0.0
2019-01-11,20.100000381469727,0.0
2019-01-14,20.100000381469727,0.0
2019-01-15,20.14999961853028,0.0
2019-01-16,20.049999237060547,0.0
2019-01-17,20.0,0.0
2019-01-18,19.950000762939453,0.0
2019-01-21,20.25,0.0
2019-01-22,20.5,0.0
2019-01-23,20.350000381469727,0.0
2019-01-24,20.39999961853028,0.0
2019-01-25,20.600000381469727,0.0
2019-01-28,20.700000762939453,0.0
2019-01-29,20.549999237060547,0.0
2019-01-30,20.700000762939453,0.0
2019-02-11,20.450000762939453,0.0
2019-02-12,20.549999237060547,0.0
2019-02-13,20.600000381469727,0.0
2019-02-14,20.600000381469727,0.0
2019-02-15,20.450000762939453,0.0
2019-02-18,20.450000762939453,0.0
2019-02-19,20.450000762939453,0.0
2019-02-20,20.549999237060547,0.0
2019-02-21,20.75,0.0
2019-02-22,20.75,0.0
2019-02-25,20.75,0.0
2019-02-26,20.799999237060547,0.0
2019-02-27,20.850000381469727,0.0
2019-03-04,20.75,0.0
2019-03-05,20.64999961853028,0.0
2019-03-06,20.549999237060547,0.0
2019-03-07,20.600000381469727,0.0
2019-03-08,20.350000381469727,0.0
2019-03-11,20.450000762939453,0.0
2019-03-12,20.600000381469727,0.0
2019-03-13,20.450000762939453,0.0
2019-03-14,20.549999237060547,0.0
2019-03-15,20.64999961853028,0.0
2019-03-18,20.850000381469727,0.0
2019-03-19,20.89999961853028,0.0
2019-03-20,20.89999961853028,0.0
2019-03-21,21.0,0.0
2019-03-22,20.89999961853028,0.0
2019-03-25,20.600000381469727,0.0
2019-03-26,20.64999961853028,0.0
2019-03-27,20.39999961853028,0.0
2019-03-28,20.39999961853028,0.0
2019-03-29,20.450000762939453,0.0
2019-04-01,20.299999237060547,0.0
2019-04-02,20.39999961853028,0.0
2019-04-03,20.350000381469727,0.0
2019-04-08,20.549999237060547,0.0
2019-04-09,20.75,0.0
2019-04-10,20.549999237060547,0.0
2019-04-11,20.700000762939453,0.0
2019-04-12,20.549999237060547,0.0
2019-04-15,20.39999961853028,0.0
2019-04-16,20.450000762939453,0.0
2019-04-17,20.350000381469727,0.0
2019-04-18,20.200000762939453,0.0
2019-04-19,20.39999961853028,0.0
2019-04-22,20.450000762939453,0.0
2019-04-23,20.450000762939453,0.0
2019-04-24,20.5,0.0
2019-04-25,20.600000381469727,0.0
2019-04-26,20.450000762939453,0.0
2019-04-29,20.89999961853028,0.0
2019-04-30,21.14999961853028,0.0
2019-05-02,21.5,0.0
2019-05-03,21.850000381469727,0.0
2019-05-06,21.450000762939453,0.0
2019-05-07,21.450000762939453,0.0
2019-05-08,21.100000381469727,0.0
2019-05-09,20.850000381469727,0.0
2019-05-10,21.200000762939453,0.0
2019-05-13,21.049999237060547,0.0
2019-05-14,21.049999237060547,0.0
2019-05-15,20.799999237060547,0.0
2019-05-16,20.700000762939453,0.0
2019-05-17,20.700000762939453,0.0
2019-05-20,20.89999961853028,0.0
2019-05-21,20.950000762939453,0.0
2019-05-22,20.89999961853028,0.0
2019-05-23,20.850000381469727,0.0
2019-05-24,20.89999961853028,0.0
2019-05-27,20.950000762939453,0.0
2019-05-28,21.049999237060547,0.0
2019-05-29,20.850000381469727,0.0
2019-05-30,20.89999961853028,0.0
2019-05-31,20.950000762939453,0.0
2019-06-03,20.89999961853028,0.0
2019-06-04,20.799999237060547,0.0
2019-06-05,20.950000762939453,0.0
2019-06-06,21.049999237060547,0.0
2019-06-10,21.299999237060547,0.0
2019-06-11,21.100000381469727,0.0
2019-06-12,21.100000381469727,0.0
2019-06-13,21.049999237060547,0.0
2019-06-14,21.350000381469727,0.0
2019-06-17,21.299999237060547,0.0
2019-06-18,21.299999237060547,0.0
2019-06-19,21.5,0.0
2019-06-20,21.39999961853028,0.0
2019-06-21,21.100000381469727,0.0
2019-06-24,21.049999237060547,0.0
2019-06-25,21.100000381469727,0.0
2019-06-26,21.200000762939453,0.0
2019-06-27,21.450000762939453,0.0
2019-06-28,21.350000381469727,0.0
2019-07-01,21.450000762939453,0.0
2019-07-02,21.5,0.0
2019-07-03,21.5,0.0
2019-07-04,21.549999237060547,0.0
2019-07-05,21.700000762939453,0.0
2019-07-08,21.700000762939453,0.0
2019-07-09,21.700000762939453,0.0
2019-07-10,21.75,0.0
2019-07-11,21.75,0.0
2019-07-12,21.600000381469727,0.0
2019-07-15,20.64999961853028,1.0
2019-07-16,20.549999237060547,0.0
2019-07-17,20.600000381469727,0.0
2019-07-18,20.600000381469727,0.0
2019-07-19,20.5,0.0
2019-07-22,20.549999237060547,0.0
2019-07-23,20.5,0.0
2019-07-24,20.450000762939453,0.0
2019-07-25,20.64999961853028,0.0
2019-07-26,20.549999237060547,0.0
2019-07-29,20.5,0.0
2019-07-30,20.5,0.0
2019-07-31,20.299999237060547,0.0
2019-08-01,20.299999237060547,0.0
2019-08-02,20.049999237060547,0.0
2019-08-05,20.100000381469727,0.0
2019-08-06,19.950000762939453,0.0
2019-08-07,20.049999237060547,0.0
2019-08-08,20.14999961853028,0.0
2019-08-12,20.200000762939453,0.0
2019-08-13,20.0,0.0
2019-08-14,20.200000762939453,0.0
2019-08-15,20.049999237060547,0.0
2019-08-16,20.5,0.0
2019-08-19,20.450000762939453,0.0
2019-08-20,20.600000381469727,0.0
2019-08-21,20.299999237060547,0.0
2019-08-22,20.25,0.0
2019-08-23,20.5,0.0
2019-08-26,20.14999961853028,0.0
2019-08-27,20.049999237060547,0.0
2019-08-28,20.14999961853028,0.0
2019-08-29,20.100000381469727,0.0
2019-08-30,20.350000381469727,0.0
2019-09-02,20.299999237060547,0.0
2019-09-03,20.200000762939453,0.0
2019-09-04,20.350000381469727,0.0
2019-09-05,20.450000762939453,0.0
2019-09-06,20.549999237060547,0.0
2019-09-10,20.950000762939453,0.0
2019-09-11,21.0,0.0
2019-09-12,21.0,0.0
2019-09-16,21.049999237060547,0.0
2019-09-17,21.0,0.0
2019-09-18,21.299999237060547,0.0
2019-09-19,21.25,0.0
2019-09-20,21.299999237060547,0.0
2019-09-23,20.89999961853028,0.0
2019-09-24,20.75,0.0
2019-09-25,20.64999961853028,0.0
2019-09-26,20.700000762939453,0.0
2019-09-27,20.600000381469727,0.0
2019-10-01,20.850000381469727,0.0
2019-10-02,20.799999237060547,0.0
2019-10-03,20.549999237060547,0.0
2019-10-04,20.600000381469727,0.0
2019-10-07,20.549999237060547,0.0
2019-10-08,20.75,0.0
2019-10-09,20.600000381469727,0.0
2019-10-14,20.89999961853028,0.0
2019-10-15,20.89999961853028,0.0
2019-10-16,20.950000762939453,0.0
2019-10-17,21.14999961853028,0.0
2019-10-18,20.89999961853028,0.0
2019-10-21,21.0,0.0
2019-10-22,21.100000381469727,0.0
2019-10-23,21.0,0.0
2019-10-24,21.14999961853028,0.0
2019-10-25,21.049999237060547,0.0
2019-10-28,21.100000381469727,0.0
2019-10-29,21.14999961853028,0.0
2019-10-30,21.100000381469727,0.0
2019-10-31,21.200000762939453,0.0
2019-11-01,21.25,0.0
2019-11-04,21.450000762939453,0.0
2019-11-05,21.5,0.0
2019-11-06,21.75,0.0
2019-11-07,21.700000762939453,0.0
2019-11-08,21.850000381469727,0.0
2019-11-11,21.600000381469727,0.0
2019-11-12,21.89999961853028,0.0
2019-11-13,22.25,0.0
2019-11-14,22.14999961853028,0.0
2019-11-15,22.14999961853028,0.0
2019-11-18,22.25,0.0
2019-11-19,22.25,0.0
2019-11-20,22.14999961853028,0.0
2019-11-21,22.0,0.0
2019-11-22,22.0,0.0
2019-11-25,21.89999961853028,0.0
2019-11-26,22.100000381469727,0.0
2019-11-27,22.25,0.0
2019-11-28,21.950000762939453,0.0
2019-11-29,21.850000381469727,0.0
2019-12-02,21.850000381469727,0.0
2019-12-03,21.75,0.0
2019-12-04,21.850000381469727,0.0
2019-12-05,21.700000762939453,0.0
2019-12-06,21.89999961853028,0.0
2019-12-09,21.850000381469727,0.0
2019-12-10,21.950000762939453,0.0
2019-12-11,22.100000381469727,0.0
2019-12-12,22.14999961853028,0.0
2019-12-13,22.5,0.0
2019-12-16,22.299999237060547,0.0
2019-12-17,22.39999961853028,0.0
2019-12-18,22.5,0.0
2019-12-19,22.39999961853028,0.0
2019-12-20,22.39999961853028,0.0
2019-12-23,22.5,0.0
2019-12-24,22.450000762939453,0.0
2019-12-25,22.450000762939453,0.0
2019-12-26,22.450000762939453,0.0
2019-12-27,22.5,0.0
2019-12-30,22.5,0.0
2019-12-31,22.39999961853028,0.0
2020-01-02,22.350000381469727,0.0
2020-01-03,22.450000762939453,0.0
2020-01-06,22.25,0.0
2020-01-07,22.350000381469727,0.0
2020-01-08,22.25,0.0
2020-01-09,22.299999237060547,0.0
2020-01-10,22.25,0.0
2020-01-13,22.5,0.0
2020-01-14,22.600000381469727,0.0
2020-01-15,22.700000762939453,0.0
2020-01-16,22.600000381469727,0.0
2020-01-17,22.600000381469727,0.0
2020-01-20,22.89999961853028,0.0
2020-01-30,22.0,0.0
2020-01-31,22.049999237060547,0.0
2020-02-03,21.950000762939453,0.0
2020-02-04,22.299999237060547,0.0
2020-02-05,22.39999961853028,0.0
2020-02-06,22.5,0.0
2020-02-07,22.5,0.0
2020-02-10,22.5,0.0
2020-02-11,22.549999237060547,0.0
2020-02-12,22.64999961853028,0.0
2020-02-13,22.799999237060547,0.0
2020-02-14,22.799999237060547,0.0
2020-02-17,22.950000762939453,0.0
2020-02-18,23.100000381469727,0.0
2020-02-19,23.299999237060547,0.0
2020-02-20,23.450000762939453,0.0
2020-02-21,23.200000762939453,0.0
2020-02-24,22.850000381469727,0.0
2020-02-25,22.799999237060547,0.0
2020-02-26,22.799999237060547,0.0
2020-02-27,22.700000762939453,0.0
2020-03-02,22.25,0.0
2020-03-03,22.549999237060547,0.0
2020-03-04,22.549999237060547,0.0
2020-03-05,22.850000381469727,0.0
2020-03-06,22.39999961853028,0.0
2020-03-09,21.799999237060547,0.0
2020-03-10,21.549999237060547,0.0
2020-03-11,21.350000381469727,0.0
2020-03-12,20.5,0.0
2020-03-13,19.64999961853028,0.0
2020-03-16,19.049999237060547,0.0
2020-03-17,18.350000381469727,0.0
2020-03-18,17.950000762939453,0.0
2020-03-19,16.299999237060547,0.0
2020-03-20,17.100000381469727,0.0
2020-03-23,16.149999618530273,0.0
2020-03-24,16.600000381469727,0.0
2020-03-25,17.5,0.0
2020-03-26,17.299999237060547,0.0
2020-03-27,17.899999618530273,0.0
2020-03-30,17.899999618530273,0.0
2020-03-31,17.899999618530273,0.0
2020-04-01,17.75,0.0
2020-04-06,17.850000381469727,0.0
2020-04-07,17.899999618530273,0.0
2020-04-08,17.950000762939453,0.0
2020-04-09,18.049999237060547,0.0
2020-04-10,18.64999961853028,0.0
2020-04-13,18.799999237060547,0.0
2020-04-14,19.64999961853028,0.0
2020-04-15,19.89999961853028,0.0
2020-04-16,19.5,0.0
2020-04-17,19.600000381469727,0.0
2020-04-20,19.299999237060547,0.0
2020-04-21,18.700000762939453,0.0
2020-04-22,18.5,0.0
2020-04-23,18.549999237060547,0.0
2020-04-24,18.600000381469727,0.0
2020-04-27,19.049999237060547,0.0
2020-04-28,19.5,0.0
2020-04-29,19.700000762939453,0.0
2020-04-30,20.0,0.0
2020-05-04,19.5,0.0
2020-05-05,19.64999961853028,0.0
2020-05-06,19.549999237060547,0.0
2020-05-07,19.700000762939453,0.0
2020-05-08,19.799999237060547,0.0
2020-05-11,20.0,0.0
2020-05-12,19.64999961853028,0.0
2020-05-13,19.799999237060547,0.0
2020-05-14,19.549999237060547,0.0
2020-05-15,19.600000381469727,0.0
2020-05-18,19.5,0.0
2020-05-19,19.850000381469727,0.0
2020-05-20,19.850000381469727,0.0
2020-05-21,19.799999237060547,0.0
2020-05-22,19.549999237060547,0.0
2020-05-25,19.75,0.0
2020-05-26,19.950000762939453,0.0
2020-05-27,20.100000381469727,0.0
2020-05-28,19.850000381469727,0.0
2020-05-29,19.950000762939453,0.0
2020-06-01,20.049999237060547,0.0
2020-06-02,20.299999237060547,0.0
2020-06-03,20.75,0.0
2020-06-04,20.64999961853028,0.0
2020-06-05,20.799999237060547,0.0
2020-06-08,21.0,0.0
2020-06-09,21.049999237060547,0.0
2020-06-10,21.100000381469727,0.0
2020-06-11,20.64999961853028,0.0
2020-06-12,20.200000762939453,0.0
2020-06-15,20.100000381469727,0.0
2020-06-16,20.350000381469727,0.0
2020-06-17,20.549999237060547,0.0
2020-06-18,20.299999237060547,0.0
2020-06-19,20.100000381469727,0.0
2020-06-22,20.299999237060547,0.0
2020-06-23,20.39999961853028,0.0
2020-06-24,20.25,0.0
2020-06-29,20.25,0.0
2020-06-30,20.350000381469727,0.0
2020-07-01,20.5,0.0
2020-07-02,20.5,0.0
2020-07-03,20.799999237060547,0.0
2020-07-06,21.049999237060547,0.0
2020-07-07,21.200000762939453,0.0
2020-07-08,21.14999961853028,0.0
2020-07-09,21.14999961853028,0.0
2020-07-10,20.89999961853028,0.0
2020-07-13,20.100000381469727,1.0
2020-07-14,19.950000762939453,0.0
2020-07-15,19.89999961853028,0.0
2020-07-16,19.850000381469727,0.0
2020-07-17,19.89999961853028,0.0
2020-07-20,19.850000381469727,0.0
2020-07-21,19.799999237060547,0.0
2020-07-22,19.799999237060547,0.0
2020-07-23,19.75,0.0
2020-07-24,19.5,0.0
2020-07-27,19.350000381469727,0.0
2020-07-28,19.350000381469727,0.0
2020-07-29,19.5,0.0
2020-07-30,19.64999961853028,0.0
2020-07-31,19.39999961853028,0.0
2020-08-03,19.299999237060547,0.0
2020-08-04,19.350000381469727,0.0
2020-08-05,19.299999237060547,0.0
2020-08-06,19.39999961853028,0.0
2020-08-07,19.350000381469727,0.0
2020-08-10,19.39999961853028,0.0
2020-08-11,19.39999961853028,0.0
2020-08-12,19.39999961853028,0.0
2020-08-13,19.5,0.0
2020-08-14,19.350000381469727,0.0
2020-08-17,19.5,0.0
2020-08-18,19.39999961853028,0.0
2020-08-19,19.39999961853028,0.0
2020-08-20,19.0,0.0
2020-08-21,19.200000762939453,0.0
2020-08-24,19.049999237060547,0.0
2020-08-25,19.100000381469727,0.0
2020-08-26,19.200000762939453,0.0
2020-08-27,19.0,0.0
2020-08-28,19.0,0.0
2020-08-31,18.950000762939453,0.0
2020-09-01,18.89999961853028,0.0
2020-09-02,18.700000762939453,0.0
2020-09-03,18.850000381469727,0.0
2020-09-04,18.799999237060547,0.0
2020-09-07,18.850000381469727,0.0
2020-09-08,18.89999961853028,0.0
2020-09-09,18.799999237060547,0.0
2020-09-10,18.89999961853028,0.0
2020-09-11,18.850000381469727,0.0
2020-09-14,18.799999237060547,0.0
2020-09-15,18.89999961853028,0.0
2020-09-16,18.850000381469727,0.0
2020-09-17,18.700000762939453,0.0
2020-09-18,18.600000381469727,0.0
2020-09-21,18.5,0.0
2020-09-22,18.200000762939453,0.0
2020-09-23,18.0,0.0
2020-09-24,17.600000381469727,0.0
2020-09-25,17.600000381469727,0.0
2020-09-28,18.049999237060547,0.0
2020-09-29,18.299999237060547,0.0
2020-09-30,18.39999961853028,0.0
2020-10-05,18.14999961853028,0.0
2020-10-06,18.450000762939453,0.0
2020-10-07,18.25,0.0
2020-10-08,18.350000381469727,0.0
2020-10-12,18.14999961853028,0.0
2020-10-13,18.049999237060547,0.0
2020-10-14,18.100000381469727,0.0
2020-10-15,17.950000762939453,0.0
2020-10-16,17.899999618530273,0.0
2020-10-19,18.0,0.0
2020-10-20,18.0,0.0
2020-10-21,18.0,0.0
2020-10-22,18.25,0.0
2020-10-23,18.25,0.0
2020-10-26,18.350000381469727,0.0
2020-10-27,18.14999961853028,0.0
2020-10-28,18.14999961853028,0.0
2020-10-29,17.950000762939453,0.0
2020-10-30,18.049999237060547,0.0
2020-11-02,18.14999961853028,0.0
2020-11-03,18.25,0.0
2020-11-04,18.200000762939453,0.0
2020-11-05,18.299999237060547,0.0
2020-11-06,18.64999961853028,0.0
2020-11-09,18.64999961853028,0.0
2020-11-10,19.100000381469727,0.0
2020-11-11,19.799999237060547,0.0
2020-11-12,19.600000381469727,0.0
2020-11-13,19.600000381469727,0.0
2020-11-16,19.850000381469727,0.0
2020-11-17,19.89999961853028,0.0
2020-11-18,20.0,0.0
2020-11-19,19.600000381469727,0.0
2020-11-20,19.549999237060547,0.0
2020-11-23,19.64999961853028,0.0
2020-11-24,19.549999237060547,0.0
2020-11-25,19.700000762939453,0.0
2020-11-26,19.700000762939453,0.0
2020-11-27,19.75,0.0
2020-11-30,19.14999961853028,0.0
2020-12-01,19.39999961853028,0.0
2020-12-02,19.5,0.0
2020-12-03,19.5,0.0
2020-12-04,19.600000381469727,0.0
2020-12-07,19.549999237060547,0.0
2020-12-08,19.350000381469727,0.0
2020-12-09,19.200000762939453,0.0
2020-12-10,19.299999237060547,0.0
2020-12-11,19.549999237060547,0.0
2020-12-14,19.39999961853028,0.0
2020-12-15,19.299999237060547,0.0
2020-12-16,19.549999237060547,0.0
2020-12-17,19.350000381469727,0.0
2020-12-18,19.299999237060547,0.0
2020-12-21,19.39999961853028,0.0
2020-12-22,19.299999237060547,0.0
2020-12-23,19.200000762939453,0.0
2020-12-24,19.25,0.0
2020-12-25,19.299999237060547,0.0
2020-12-28,19.200000762939453,0.0
2020-12-29,19.25,0.0
2020-12-30,19.75,0.0
2020-12-31,19.700000762939453,0.0
2021-01-04,19.549999237060547,0.0
2021-01-05,19.600000381469727,0.0
2021-01-06,19.549999237060547,0.0
2021-01-07,19.799999237060547,0.0
2021-01-08,20.0,0.0
2021-01-11,19.950000762939453,0.0
2021-01-12,19.700000762939453,0.0
2021-01-13,19.850000381469727,0.0
2021-01-14,19.850000381469727,0.0
2021-01-15,19.700000762939453,0.0
2021-01-18,19.700000762939453,0.0
2021-01-19,19.64999961853028,0.0
2021-01-20,19.200000762939453,0.0
2021-01-21,19.25,0.0
2021-01-22,19.200000762939453,0.0
2021-01-25,19.600000381469727,0.0
2021-01-26,19.299999237060547,0.0
2021-01-27,19.39999961853028,0.0
2021-01-28,19.200000762939453,0.0
2021-01-29,19.0,0.0
2021-02-01,19.14999961853028,0.0
2021-02-02,19.25,0.0
2021-02-03,19.25,0.0
2021-02-04,19.200000762939453,0.0
2021-02-05,19.39999961853028,0.0
2021-02-17,19.89999961853028,0.0
2021-02-18,20.0,0.0
2021-02-19,20.200000762939453,0.0
2021-02-22,20.39999961853028,0.0
2021-02-23,20.700000762939453,0.0
2021-02-24,20.75,0.0
2021-02-25,20.89999961853028,0.0
2021-02-26,20.0,0.0
2021-03-02,20.200000762939453,0.0
2021-03-03,20.39999961853028,0.0
2021-03-04,20.350000381469727,0.0
2021-03-05,20.299999237060547,0.0
2021-03-08,20.600000381469727,0.0
2021-03-09,21.100000381469727,0.0
2021-03-10,21.200000762939453,0.0
2021-03-11,21.100000381469727,0.0
2021-03-12,21.350000381469727,0.0
2021-03-15,21.75,0.0
2021-03-16,21.799999237060547,0.0
2021-03-17,21.600000381469727,0.0
2021-03-18,21.549999237060547,0.0
2021-03-19,21.299999237060547,0.0
2021-03-22,21.350000381469727,0.0
2021-03-23,21.39999961853028,0.0
2021-03-24,21.5,0.0
2021-03-25,21.799999237060547,0.0
2021-03-26,21.89999961853028,0.0
2021-03-29,22.0,0.0
2021-03-30,22.0,0.0
2021-03-31,22.100000381469727,0.0
2021-04-01,21.850000381469727,0.0
2021-04-07,22.0,0.0
2021-04-08,21.799999237060547,0.0
2021-04-09,21.600000381469727,0.0
2021-04-12,21.89999961853028,0.0
2021-04-13,22.100000381469727,0.0
2021-04-14,22.100000381469727,0.0
2021-04-15,22.25,0.0
2021-04-16,22.25,0.0
2021-04-19,22.799999237060547,0.0
2021-04-20,22.89999961853028,0.0
2021-04-21,22.89999961853028,0.0
2021-04-22,22.89999961853028,0.0
2021-04-23,22.799999237060547,0.0
2021-04-26,23.100000381469727,0.0
2021-04-27,23.14999961853028,0.0
2021-04-28,23.25,0.0
2021-04-29,22.799999237060547,0.0
2021-05-03,22.75,0.0
2021-05-04,22.350000381469727,0.0
2021-05-05,22.5,0.0
2021-05-06,23.0,0.0
2021-05-07,23.100000381469727,0.0
2021-05-10,23.950000762939453,0.0
2021-05-11,23.64999961853028,0.0
2021-05-12,22.350000381469727,0.0
2021-05-13,22.049999237060547,0.0
2021-05-14,22.0,0.0
2021-05-17,21.549999237060547,0.0
2021-05-18,22.5,0.0
2021-05-19,22.25,0.0
2021-05-20,22.299999237060547,0.0
2021-05-21,22.600000381469727,0.0
2021-05-24,22.5,0.0
2021-05-25,22.850000381469727,0.0
2021-05-26,23.0,0.0
2021-05-27,22.39999961853028,0.0
2021-05-28,23.0,0.0
2021-05-31,23.049999237060547,0.0
2021-06-01,23.0,0.0
2021-06-02,22.950000762939453,0.0
2021-06-03,22.89999961853028,0.0
2021-06-04,22.75,0.0
2021-06-07,22.549999237060547,0.0
2021-06-08,22.549999237060547,0.0
2021-06-09,22.450000762939453,0.0
2021-06-10,22.5,0.0
2021-06-11,22.5,0.0
2021-06-15,22.39999961853028,0.0
2021-06-16,22.39999961853028,0.0
2021-06-17,22.299999237060547,0.0
2021-06-18,22.14999961853028,0.0
2021-06-21,22.25,0.0
2021-06-22,22.299999237060547,0.0
2021-06-23,22.549999237060547,0.0
2021-06-24,22.549999237060547,0.0
2021-06-25,22.75,0.0
2021-06-28,22.64999961853028,0.0
2021-06-29,22.600000381469727,0.0
2021-06-30,22.700000762939453,0.0
2021-07-01,22.549999237060547,0.0
2021-07-02,22.39999961853028,0.0
2021-07-05,22.5,0.0
2021-07-06,22.600000381469727,0.0
2021-07-07,22.64999961853028,0.0
2021-07-08,22.850000381469727,0.0
2021-07-09,22.700000762939453,0.0
2021-07-12,22.64999961853028,0.0
2021-07-13,22.700000762939453,0.0
2021-07-14,22.700000762939453,0.0
2021-07-15,22.75,0.0
2021-07-16,23.049999237060547,0.0
2021-07-19,23.0,0.0
2021-07-20,22.64999961853028,0.0
2021-07-21,22.700000762939453,0.0
2021-07-22,22.850000381469727,0.0
2021-07-23,23.0,0.0
2021-07-26,22.89999961853028,0.0
2021-07-27,22.850000381469727,0.0
2021-07-28,22.75,0.0
2021-07-29,22.799999237060547,0.0
2021-07-30,22.850000381469727,0.0
2021-08-02,23.100000381469727,0.0
2021-08-03,23.049999237060547,0.0
2021-08-04,23.0,0.0
2021-08-05,23.100000381469727,0.0
2021-08-06,23.100000381469727,0.0
2021-08-09,23.100000381469727,0.0
2021-08-10,23.0,0.0
2021-08-11,23.0,0.0
2021-08-12,22.89999961853028,0.0
2021-08-13,22.799999237060547,0.0
2021-08-16,21.39999961853028,1.05
2021-08-17,21.39999961853028,0.0
2021-08-18,21.600000381469727,0.0
2021-08-19,21.350000381469727,0.0
2021-08-20,21.14999961853028,0.0
2021-08-23,21.450000762939453,0.0
2021-08-24,22.0,0.0
2021-08-25,22.299999237060547,0.0
2021-08-26,22.39999961853028,0.0
2021-08-27,22.75,0.0
2021-08-30,22.89999961853028,0.0
2021-08-31,23.0,0.0
2021-09-01,23.0,0.0
2021-09-02,22.700000762939453,0.0
2021-09-03,22.850000381469727,0.0
2021-09-06,22.850000381469727,0.0
2021-09-07,22.850000381469727,0.0
2021-09-08,22.89999961853028,0.0
2021-09-09,22.850000381469727,0.0
2021-09-10,22.950000762939453,0.0
2021-09-13,23.0,0.0
2021-09-14,23.0,0.0
2021-09-15,23.0,0.0
2021-09-16,23.39999961853028,0.0
2021-09-17,23.0,0.0
2021-09-22,22.600000381469727,0.0
2021-09-23,22.950000762939453,0.0
2021-09-24,22.799999237060547,0.0
2021-09-27,22.75,0.0
2021-09-28,22.89999961853028,0.0
2021-09-29,22.75,0.0
2021-09-30,22.89999961853028,0.0
2021-10-01,22.5,0.0
2021-10-04,22.39999961853028,0.0
2021-10-05,22.450000762939453,0.0
2021-10-06,22.700000762939453,0.0
2021-10-07,22.850000381469727,0.0
2021-10-08,22.89999961853028,0.0
2021-10-12,22.89999961853028,0.0
2021-10-13,22.850000381469727,0.0
2021-10-14,22.950000762939453,0.0
2021-10-15,23.0,0.0
2021-10-18,23.049999237060547,0.0
2021-10-19,23.0,0.0
2021-10-20,23.0,0.0
2021-10-21,23.39999961853028,0.0
2021-10-22,23.549999237060547,0.0
2021-10-25,23.549999237060547,0.0
2021-10-26,23.549999237060547,0.0
2021-10-27,23.39999961853028,0.0
2021-10-28,23.39999961853028,0.0
2021-10-29,23.200000762939453,0.0
2021-11-01,23.049999237060547,0.0
2021-11-02,23.100000381469727,0.0
2021-11-03,23.350000381469727,0.0
2021-11-04,23.25,0.0
2021-11-05,23.200000762939453,0.0
2021-11-08,23.39999961853028,0.0
2021-11-09,23.549999237060547,0.0
2021-11-10,23.549999237060547,0.0
2021-11-11,23.600000381469727,0.0
2021-11-12,23.700000762939453,0.0
2021-11-15,24.0,0.0
2021-11-16,24.049999237060547,0.0
2021-11-17,24.450000762939453,0.0
2021-11-18,24.75,0.0
2021-11-19,24.25,0.0
2021-11-22,24.39999961853028,0.0
2021-11-23,24.5,0.0
2021-11-24,24.799999237060547,0.0
2021-11-25,24.950000762939453,0.0
2021-11-26,24.700000762939453,0.0
2021-11-29,24.299999237060547,0.0
2021-11-30,24.39999961853028,0.0
2021-12-01,24.850000381469727,0.0
2021-12-02,25.0,0.0
2021-12-03,25.200000762939453,0.0
2021-12-06,25.450000762939453,0.0
2021-12-07,26.0,0.0
2021-12-08,25.950000762939453,0.0
2021-12-09,25.89999961853028,0.0
2021-12-10,25.950000762939453,0.0
2021-12-13,25.850000381469727,0.0
2021-12-14,25.549999237060547,0.0
2021-12-15,25.350000381469727,0.0
2021-12-16,25.5,0.0
2021-12-17,25.600000381469727,0.0
2021-12-20,25.350000381469727,0.0
2021-12-21,25.64999961853028,0.0
2021-12-22,25.799999237060547,0.0
2021-12-23,25.89999961853028,0.0
2021-12-24,25.850000381469727,0.0
2021-12-27,25.799999237060547,0.0
2021-12-28,25.950000762939453,0.0
2021-12-29,26.100000381469727,0.0
2021-12-30,25.950000762939453,0.0
2022-01-03,25.75,0.0
2022-01-04,25.950000762939453,0.0
2022-01-05,26.049999237060547,0.0
2022-01-06,26.200000762939453,0.0
2022-01-07,26.299999237060547,0.0
2022-01-10,26.39999961853028,0.0
2022-01-11,27.39999961853028,0.0
2022-01-12,27.39999961853028,0.0
2022-01-13,28.450000762939453,0.0
2022-01-14,27.89999961853028,0.0
2022-01-17,27.799999237060547,0.0
2022-01-18,27.89999961853028,0.0
2022-01-19,27.799999237060547,0.0
2022-01-20,27.700000762939453,0.0
2022-01-21,27.39999961853028,0.0
2022-01-24,27.5,0.0
2022-01-25,27.25,0.0
2022-01-26,27.600000381469727,0.0
2022-02-07,28.5,0.0
2022-02-08,28.700000762939453,0.0
2022-02-09,28.89999961853028,0.0
2022-02-10,28.850000381469727,0.0
2022-02-11,28.850000381469727,0.0
2022-02-14,28.64999961853028,0.0
2022-02-15,28.14999961853028,0.0
2022-02-16,28.200000762939453,0.0
2022-02-17,28.450000762939453,0.0
2022-02-18,28.350000381469727,0.0
2022-02-21,28.350000381469727,0.0
2022-02-22,27.850000381469727,0.0
2022-02-23,27.799999237060547,0.0
2022-02-24,26.89999961853028,0.0
2022-02-25,27.14999961853028,0.0
2022-03-01,27.75,0.0
2022-03-02,27.950000762939453,0.0
2022-03-03,27.950000762939453,0.0
2022-03-04,27.350000381469727,0.0
2022-03-07,26.25,0.0
2022-03-08,25.600000381469727,0.0
2022-03-09,25.75,0.0
2022-03-10,26.799999237060547,0.0
2022-03-11,26.5,0.0
2022-03-14,26.799999237060547,0.0
2022-03-15,26.600000381469727,0.0
2022-03-16,26.950000762939453,0.0
2022-03-17,27.600000381469727,0.0
2022-03-18,28.14999961853028,0.0
2022-03-21,28.299999237060547,0.0
2022-03-22,28.549999237060547,0.0
2022-03-23,29.200000762939453,0.0
2022-03-24,29.14999961853028,0.0
2022-03-25,29.0,0.0
2022-03-28,29.0,0.0
2022-03-29,28.799999237060547,0.0
2022-03-30,29.0,0.0
2022-03-31,29.39999961853028,0.0
2022-04-01,29.850000381469727,0.0
2022-04-06,30.14999961853028,0.0
2022-04-07,30.350000381469727,0.0
2022-04-08,30.5,0.0
2022-04-11,30.450000762939453,0.0
2022-04-12,30.700000762939453,0.0
2022-04-13,30.350000381469727,0.0
2022-04-14,29.450000762939453,0.0
2022-04-15,29.350000381469727,0.0
2022-04-18,28.75,0.0
2022-04-19,28.950000762939453,0.0
2022-04-20,29.200000762939453,0.0
2022-04-21,28.75,0.0
2022-04-22,29.450000762939453,0.0
2022-04-25,29.100000381469727,0.0
2022-04-26,29.700000762939453,0.0
2022-04-27,28.89999961853028,0.0
2022-04-28,29.0,0.0
2022-04-29,29.25,0.0
2022-05-03,28.75,0.0
2022-05-04,28.89999961853028,0.0
2022-05-05,28.049999237060547,0.0
2022-05-06,28.0,0.0
2022-05-09,27.299999237060547,0.0
2022-05-10,27.549999237060547,0.0
2022-05-11,27.100000381469727,0.0
2022-05-12,26.049999237060547,0.0
2022-05-13,25.799999237060547,0.0
2022-05-16,25.700000762939453,0.0
2022-05-17,25.5,0.0
2022-05-18,26.100000381469727,0.0
2022-05-19,25.299999237060547,0.0
2022-05-20,25.450000762939453,0.0
2022-05-23,25.450000762939453,0.0
2022-05-24,25.549999237060547,0.0
2022-05-25,25.350000381469727,0.0
2022-05-26,25.299999237060547,0.0
2022-05-27,26.600000381469727,0.0
2022-05-30,27.100000381469727,0.0
2022-05-31,27.14999961853028,0.0
2022-06-01,26.549999237060547,0.0
2022-06-02,26.600000381469727,0.0
2022-06-06,26.850000381469727,0.0
2022-06-07,26.549999237060547,0.0
2022-06-08,26.75,0.0
2022-06-09,25.850000381469727,0.0
2022-06-10,26.0,0.0
2022-06-13,25.549999237060547,0.0
2022-06-14,26.0,0.0
2022-06-15,26.299999237060547,0.0
2022-06-16,26.600000381469727,0.0
2022-06-17,26.0,0.0
2022-06-20,25.5,0.0
2022-06-21,26.450000762939453,0.0
2022-06-22,26.049999237060547,0.0
2022-06-23,26.049999237060547,0.0
2022-06-24,26.299999237060547,0.0
2022-06-27,26.200000762939453,0.0
2022-06-28,25.799999237060547,0.0
2022-06-29,25.799999237060547,0.0
2022-06-30,25.100000381469727,0.0
2022-07-01,24.600000381469727,0.0
2022-07-04,24.299999237060547,0.0
2022-07-05,24.299999237060547,0.0
2022-07-06,23.5,0.0
2022-07-07,23.700000762939453,0.0
2022-07-08,23.850000381469727,0.0
2022-07-11,23.64999961853028,0.0
2022-07-12,22.950000762939453,0.0
2022-07-13,23.450000762939453,0.0
2022-07-14,22.25,1.25
2022-07-15,21.799999237060547,0.0
2022-07-18,22.299999237060547,0.0
2022-07-19,22.200000762939453,0.0
2022-07-20,22.25,0.0
2022-07-21,22.64999961853028,0.0
2022-07-22,22.75,0.0
2022-07-25,22.700000762939453,0.0
2022-07-26,22.950000762939453,0.0
2022-07-27,22.950000762939453,0.0
2022-07-28,23.200000762939453,0.0
2022-07-29,22.950000762939453,0.0
2022-08-01,22.950000762939453,0.0
2022-08-02,22.450000762939453,0.0
2022-08-03,22.299999237060547,0.0
2022-08-04,22.25,0.0
2022-08-05,23.0,0.0
2022-08-08,23.100000381469727,0.0
2022-08-09,23.299999237060547,0.0
2022-08-10,23.549999237060547,0.0
2022-08-11,24.049999237060547,0.0
2022-08-12,24.100000381469727,0.0
2022-08-15,24.25,0.0
2022-08-16,24.549999237060547,0.0
2022-08-17,24.89999961853028,0.0
2022-08-18,24.450000762939453,0.0
2022-08-19,24.600000381469727,0.0
2022-08-22,24.450000762939453,0.0
2022-08-23,23.799999237060547,0.0
2022-08-24,23.450000762939453,0.0
2022-08-25,23.75,0.0
2022-08-26,23.850000381469727,0.0
2022-08-29,23.5,0.0
2022-08-30,23.25,0.0
2022-08-31,23.5,0.0
2022-09-01,23.049999237060547,0.0
2022-09-02,22.89999961853028,0.0
2022-09-05,23.25,0.0
2022-09-06,23.39999961853028,0.0
2022-09-07,22.799999237060547,0.0
2022-09-08,22.89999961853028,0.0
2022-09-12,22.89999961853028,0.0
2022-09-13,22.75,0.0
2022-09-14,22.299999237060547,0.0
2022-09-15,22.299999237060547,0.0
2022-09-16,22.100000381469727,0.0
2022-09-19,22.14999961853028,0.0
2022-09-20,22.200000762939453,0.0
2022-09-21,22.049999237060547,0.0
2022-09-22,21.600000381469727,0.0
2022-09-23,21.64999961853028,0.0
2022-09-26,21.25,0.0
2022-09-27,20.75,0.0
2022-09-28,20.100000381469727,0.0
2022-09-29,20.049999237060547,0.0
2022-09-30,19.850000381469727,0.0
2022-10-03,19.700000762939453,0.0
2022-10-04,20.14999961853028,0.0
2022-10-05,20.5,0.0
2022-10-06,20.600000381469727,0.0
2022-10-07,20.450000762939453,0.0
2022-10-11,20.100000381469727,0.0
2022-10-12,20.25,0.0
2022-10-13,19.64999961853028,0.0
2022-10-14,19.799999237060547,0.0
2022-10-17,19.799999237060547,0.0
2022-10-18,20.100000381469727,0.0
2022-10-19,19.89999961853028,0.0
2022-10-20,19.700000762939453,0.0
2022-10-21,20.0,0.0
2022-10-24,19.89999961853028,0.0
2022-10-25,20.0,0.0
2022-10-26,20.350000381469727,0.0
2022-10-27,20.549999237060547,0.0
2022-10-28,20.549999237060547,0.0
2022-10-31,20.39999961853028,0.0
2022-11-01,21.100000381469727,0.0
2022-11-02,20.850000381469727,0.0
2022-11-03,20.549999237060547,0.0
2022-11-04,20.89999961853028,0.0
2022-11-07,21.450000762939453,0.0
2022-11-08,21.549999237060547,0.0
2022-11-09,21.200000762939453,0.0
2022-11-10,21.14999961853028,0.0
2022-11-11,21.850000381469727,0.0
2022-11-14,21.700000762939453,0.0
2022-11-15,22.0,0.0
2022-11-16,21.799999237060547,0.0
2022-11-17,21.64999961853028,0.0
2022-11-18,21.39999961853028,0.0
2022-11-21,21.39999961853028,0.0
2022-11-22,21.64999961853028,0.0
2022-11-23,22.549999237060547,0.0
2022-11-24,22.450000762939453,0.0
2022-11-25,22.39999961853028,0.0
2022-11-28,22.200000762939453,0.0
2022-11-29,22.850000381469727,0.0
2022-11-30,23.0,0.0
2022-12-01,22.600000381469727,0.0
2022-12-02,22.5,0.0
2022-12-05,22.75,0.0
2022-12-06,22.39999961853028,0.0
2022-12-07,23.049999237060547,0.0
2022-12-08,22.799999237060547,0.0
2022-12-09,22.700000762939453,0.0
2022-12-12,22.89999961853028,0.0
2022-12-13,22.700000762939453,0.0
2022-12-14,22.89999961853028,0.0
2022-12-15,22.75,0.0
2022-12-16,22.25,0.0
2022-12-19,22.049999237060547,0.0
2022-12-20,21.89999961853028,0.0
2022-12-21,21.700000762939453,0.0
2022-12-22,22.14999961853028,0.0
2022-12-23,21.89999961853028,0.0
2022-12-26,22.100000381469727,0.0
2022-12-27,22.25,0.0
2022-12-28,22.14999961853028,0.0
2022-12-29,21.89999961853028,0.0
2022-12-30,22.100000381469727,0.0
2023-01-03,22.14999961853028,0.0
2023-01-04,22.350000381469727,0.0
2023-01-05,22.600000381469727,0.0
2023-01-06,22.600000381469727,0.0
2023-01-09,23.14999961853028,0.0
2023-01-10,23.14999961853028,0.0
2023-01-11,23.100000381469727,0.0
2023-01-12,22.89999961853028,0.0
2023-01-13,22.799999237060547,0.0
2023-01-16,23.049999237060547,0.0
2023-01-17,23.200000762939453,0.0
2023-01-30,23.200000762939453,0.0
2023-01-31,22.850000381469727,0.0
2023-02-01,22.75,0.0
2023-02-02,22.5,0.0
2023-02-03,22.39999961853028,0.0
2023-02-06,22.350000381469727,0.0
2023-02-07,22.299999237060547,0.0
2023-02-08,22.39999961853028,0.0
2023-02-09,22.299999237060547,0.0
2023-02-10,22.450000762939453,0.0
2023-02-13,22.75,0.0
2023-02-14,22.89999961853028,0.0
2023-02-15,22.549999237060547,0.0
2023-02-16,22.700000762939453,0.0
2023-02-17,22.75,0.0
2023-02-20,22.950000762939453,0.0
2023-02-21,22.799999237060547,0.0
2023-02-22,22.799999237060547,0.0
2023-02-23,22.850000381469727,0.0
2023-02-24,22.75,0.0
2023-03-01,22.700000762939453,0.0
2023-03-02,22.549999237060547,0.0
2023-03-03,22.39999961853028,0.0
2023-03-06,22.549999237060547,0.0
2023-03-07,22.64999961853028,0.0
2023-03-08,22.75,0.0
2023-03-09,22.5,0.0
2023-03-10,22.25,0.0
2023-03-13,22.200000762939453,0.0
2023-03-14,21.700000762939453,0.0
2023-03-15,21.549999237060547,0.0
2023-03-16,20.89999961853028,0.0
2023-03-17,20.850000381469727,0.0
2023-03-20,21.0,0.0
2023-03-21,21.049999237060547,0.0
2023-03-22,21.350000381469727,0.0
2023-03-23,21.549999237060547,0.0
2023-03-24,21.39999961853028,0.0
2023-03-27,21.450000762939453,0.0
2023-03-28,21.5,0.0
2023-03-29,21.700000762939453,0.0
2023-03-30,21.64999961853028,0.0
2023-03-31,21.850000381469727,0.0
2023-04-06,21.700000762939453,0.0
2023-04-07,21.700000762939453,0.0
2023-04-10,21.799999237060547,0.0
2023-04-11,21.850000381469727,0.0
2023-04-12,22.0,0.0
2023-04-13,22.299999237060547,0.0
2023-04-14,22.5,0.0
2023-04-17,22.5,0.0
2023-04-18,22.39999961853028,0.0
2023-04-19,22.450000762939453,0.0
2023-04-20,22.350000381469727,0.0
2023-04-21,22.299999237060547,0.0
2023-04-24,22.450000762939453,0.0
2023-04-25,22.350000381469727,0.0
2023-04-26,22.450000762939453,0.0
2023-04-27,22.39999961853028,0.0
2023-04-28,22.600000381469727,0.0
2023-05-02,22.89999961853028,0.0
2023-05-03,22.950000762939453,0.0
2023-05-04,23.100000381469727,0.0
2023-05-05,23.049999237060547,0.0
2023-05-08,23.350000381469727,0.0
2023-05-09,23.299999237060547,0.0
2023-05-10,23.299999237060547,0.0
2023-05-11,23.299999237060547,0.0
2023-05-12,23.100000381469727,0.0
2023-05-15,23.350000381469727,0.0
2023-05-16,23.549999237060547,0.0
2023-05-17,23.799999237060547,0.0
2023-05-18,24.100000381469727,0.0
2023-05-19,24.39999961853028,0.0
2023-05-22,24.549999237060547,0.0
2023-05-23,24.600000381469727,0.0
2023-05-24,24.5,0.0
2023-05-25,24.100000381469727,0.0
2023-05-26,24.100000381469727,0.0
2023-05-29,24.39999961853028,0.0
2023-05-30,24.5,0.0
2023-05-31,24.299999237060547,0.0
2023-06-01,24.299999237060547,0.0
2023-06-02,24.299999237060547,0.0
2023-06-05,24.450000762939453,0.0
2023-06-06,24.450000762939453,0.0
2023-06-07,24.600000381469727,0.0
2023-06-08,24.64999961853028,0.0
2023-06-09,25.200000762939453,0.0
2023-06-12,24.799999237060547,0.0
2023-06-13,24.799999237060547,0.0
2023-06-14,24.75,0.0
2023-06-15,24.700000762939453,0.0
2023-06-16,24.549999237060547,0.0
2023-06-19,25.049999237060547,0.0
2023-06-20,25.049999237060547,0.0
2023-06-21,25.100000381469727,0.0
2023-06-26,24.950000762939453,0.0
2023-06-27,24.75,0.0
2023-06-28,25.0,0.0
2023-06-29,24.89999961853028,0.0
2023-06-30,24.850000381469727,0.0
2023-07-03,25.100000381469727,0.0
2023-07-04,24.850000381469727,0.0
2023-07-05,24.950000762939453,0.0
2023-07-06,24.5,0.0
2023-07-07,24.600000381469727,0.0
2023-07-10,24.5,0.0
2023-07-11,24.950000762939453,0.0
2023-07-12,25.14999961853028,0.0
2023-07-13,24.89999961853028,0.0
2023-07-14,25.39999961853028,0.0
2023-07-17,26.14999961853028,0.0
2023-07-18,26.25,0.0
2023-07-19,26.049999237060547,0.0
2023-07-20,26.200000762939453,0.0
2023-07-21,26.450000762939453,0.0
2023-07-24,26.100000381469727,0.0
2023-07-25,26.350000381469727,0.0
2023-07-26,26.5,0.0
2023-07-27,26.600000381469727,0.0
2023-07-28,26.350000381469727,0.0
2023-07-31,26.25,0.0
2023-08-01,26.25,0.0
2023-08-02,26.14999961853028,0.0
2023-08-04,24.600000381469727,1.000026
2023-08-07,24.600000381469727,0.0
2023-08-08,24.600000381469727,0.0
2023-08-09,24.799999237060547,0.0
2023-08-10,24.89999961853028,0.0
2023-08-11,24.89999961853028,0.0
2023-08-14,24.299999237060547,0.0
2023-08-15,23.89999961853028,0.0
2023-08-16,23.39999961853028,0.0
2023-08-17,23.25,0.0
2023-08-18,23.350000381469727,0.0
2023-08-21,23.850000381469727,0.0
2023-08-22,23.549999237060547,0.0
2023-08-23,23.700000762939453,0.0
2023-08-24,23.850000381469727,0.0
2023-08-25,23.5,0.0
2023-08-28,23.799999237060547,0.0
2023-08-29,24.0,0.0
2023-08-30,23.89999961853028,0.0
2023-08-31,23.850000381469727,0.0
2023-09-01,23.799999237060547,0.0
2023-09-04,23.950000762939453,0.0
2023-09-05,24.0,0.0
2023-09-06,23.64999961853028,0.0
2023-09-07,23.600000381469727,0.0
2023-09-08,24.049999237060547,0.0
2023-09-11,24.25,0.0
2023-09-12,24.350000381469727,0.0
2023-09-13,24.700000762939453,0.0
2023-09-14,25.0,0.0
2023-09-15,24.850000381469727,0.0
2023-09-18,24.950000762939453,0.0
2023-09-19,24.950000762939453,0.0
2023-09-20,24.850000381469727,0.0
2023-09-21,24.350000381469727,0.0
2023-09-22,24.25,0.0
2023-09-25,24.600000381469727,0.0
2023-09-26,24.549999237060547,0.0
2023-09-27,24.39999961853028,0.0
2023-09-28,24.5,0.0
2023-10-02,24.5,0.0
2023-10-03,24.200000762939453,0.0
2023-10-04,23.700000762939453,0.0
2023-10-05,24.100000381469727,0.0
2023-10-06,24.25,0.0
2023-10-11,24.89999961853028,0.0
2023-10-12,25.200000762939453,0.0
2023-10-13,25.14999961853028,0.0
2023-10-16,25.350000381469727,0.0
2023-10-17,25.14999961853028,0.0
2023-10-18,25.14999961853028,0.0
2023-10-19,24.850000381469727,0.0
2023-10-20,24.64999961853028,0.0
2023-10-23,24.350000381469727,0.0
2023-10-24,24.450000762939453,0.0
2023-10-25,24.64999961853028,0.0
2023-10-26,24.350000381469727,0.0
2023-10-27,24.600000381469727,0.0
2023-10-30,24.350000381469727,0.0
2023-10-31,24.350000381469727,0.0
2023-11-01,24.350000381469727,0.0
2023-11-02,24.700000762939453,0.0
2023-11-03,25.350000381469727,0.0
2023-11-06,25.299999237060547,0.0
2023-11-07,25.14999961853028,0.0
2023-11-08,25.100000381469727,0.0
2023-11-09,25.350000381469727,0.0
2023-11-10,25.5,0.0
2023-11-13,25.600000381469727,0.0
2023-11-14,26.14999961853028,0.0
2023-11-15,26.799999237060547,0.0
2023-11-16,26.850000381469727,0.0
2023-11-17,26.850000381469727,0.0
2023-11-20,26.850000381469727,0.0
2023-11-21,27.049999237060547,0.0
2023-11-22,27.200000762939453,0.0
2023-11-23,26.850000381469727,0.0
2023-11-24,26.75,0.0
2023-11-27,26.700000762939453,0.0
2023-11-28,27.14999961853028,0.0
2023-11-29,26.850000381469727,0.0
2023-11-30,27.350000381469727,0.0
2023-12-01,26.950000762939453,0.0
2023-12-04,26.89999961853028,0.0
2023-12-05,26.75,0.0
2023-12-06,27.100000381469727,0.0
2023-12-07,26.850000381469727,0.0
2023-12-08,27.5,0.0
2023-12-11,27.39999961853028,0.0
2023-12-12,27.600000381469727,0.0
2023-12-13,27.950000762939453,0.0
2023-12-14,28.450000762939453,0.0
2023-12-15,28.14999961853028,0.0
2023-12-18,28.25,0.0
2023-12-19,28.25,0.0
2023-12-20,27.799999237060547,0.0
2023-12-21,27.850000381469727,0.0
2023-12-22,27.75,0.0
2023-12-25,27.850000381469727,0.0
2023-12-26,28.0,0.0
2023-12-27,28.100000381469727,0.0
2023-12-28,28.39999961853028,0.0
2023-12-29,28.350000381469727,0.0
2024-01-02,28.350000381469727,0.0
2024-01-03,28.200000762939453,0.0
2024-01-04,28.14999961853028,0.0
2024-01-05,28.100000381469727,0.0
2024-01-08,28.39999961853028,0.0
2024-01-09,28.100000381469727,0.0
2024-01-10,28.049999237060547,0.0
2024-01-11,28.350000381469727,0.0
2024-01-12,28.049999237060547,0.0
2024-01-15,28.14999961853028,0.0
2024-01-16,27.950000762939453,0.0
2024-01-17,27.549999237060547,0.0
2024-01-18,27.850000381469727,0.0
2024-01-19,27.89999961853028,0.0
2024-01-22,28.200000762939453,0.0
2024-01-23,28.100000381469727,0.0
2024-01-24,28.0,0.0
2024-01-25,28.14999961853028,0.0
2024-01-26,28.5,0.0
2024-01-29,28.5,0.0
2024-01-30,28.39999961853028,0.0
2024-01-31,28.450000762939453,0.0
2024-02-01,28.64999961853028,0.0
2024-02-02,28.299999237060547,0.0
2024-02-05,28.14999961853028,0.0
2024-02-15,28.39999961853028,0.0
2024-02-16,28.25,0.0
2024-02-19,28.700000762939453,0.0
2024-02-20,29.0,0.0
2024-02-21,28.950000762939453,0.0
2024-02-22,29.299999237060547,0.0
2024-02-23,28.89999961853028,0.0
2024-02-26,29.100000381469727,0.0
2024-02-27,29.0,0.0
2024-02-29,29.39999961853028,0.0
2024-03-01,29.049999237060547,0.0
2024-03-04,29.200000762939453,0.0
2024-03-05,29.14999961853028,0.0
2024-03-06,29.5,0.0
2024-03-07,29.799999237060547,0.0
2024-03-08,30.200000762939453,0.0
2024-03-11,30.299999237060547,0.0
2024-03-12,30.450000762939453,0.0
2024-03-13,31.850000381469727,0.0
2024-03-14,32.0,0.0
2024-03-15,31.75,0.0
2024-03-18,31.5,0.0
2024-03-19,31.75,0.0
2024-03-20,31.25,0.0
2024-03-21,31.950000762939453,0.0
2024-03-22,31.89999961853028,0.0
2024-03-25,31.700000762939453,0.0
2024-03-26,31.799999237060547,0.0
2024-03-27,32.599998474121094,0.0
2024-03-28,32.400001525878906,0.0
2024-03-29,32.599998474121094,0.0
2024-04-01,31.64999961853028,0.0
2024-04-02,31.799999237060547,0.0
2024-04-03,31.450000762939453,0.0
2024-04-08,32.04999923706055,0.0
2024-04-09,32.150001525878906,0.0
2024-04-10,31.850000381469727,0.0
2024-04-11,31.950000762939453,0.0
2024-04-12,31.75,0.0
2024-04-15,31.950000762939453,0.0
2024-04-16,30.950000762939453,0.0
2024-04-17,31.5,0.0
2024-04-18,31.700000762939453,0.0
2024-04-19,31.0,0.0
2024-04-22,31.350000381469727,0.0
2024-04-23,31.549999237060547,0.0
2024-04-24,31.450000762939453,0.0
2024-04-25,31.0,0.0
2024-04-26,31.14999961853028,0.0
2024-04-29,34.25,0.0
2024-04-30,34.099998474121094,0.0
2024-05-02,34.099998474121094,0.0
2024-05-03,34.75,0.0
2024-05-06,36.09999847412109,0.0
2024-05-07,36.0,0.0
2024-05-08,36.400001525878906,0.0
2024-05-09,36.09999847412109,0.0
2024-05-10,37.45000076293945,0.0
2024-05-13,36.5,0.0
2024-05-14,36.04999923706055,0.0
2024-05-15,36.900001525878906,0.0
2024-05-16,37.5,0.0
2024-05-17,38.09999847412109,0.0
2024-05-20,38.54999923706055,0.0
2024-05-21,37.75,0.0
2024-05-22,37.900001525878906,0.0
2024-05-23,38.0,0.0
2024-05-24,37.04999923706055,0.0
2024-05-27,37.54999923706055,0.0
2024-05-28,36.75,0.0
2024-05-29,36.04999923706055,0.0
2024-05-30,35.29999923706055,0.0
2024-05-31,35.400001525878906,0.0
2024-06-03,36.400001525878906,0.0
2024-06-04,36.34999847412109,0.0
2024-06-05,36.29999923706055,0.0
2024-06-06,36.84999847412109,0.0
2024-06-07,37.20000076293945,0.0
2024-06-11,37.09999847412109,0.0
2024-06-12,37.25,0.0
2024-06-13,37.09999847412109,0.0
2024-06-14,37.29999923706055,0.0
2024-06-17,37.25,0.0
2024-06-18,37.900001525878906,0.0
2024-06-19,37.900001525878906,0.0
2024-06-20,38.0,0.0
2024-06-21,37.84999847412109,0.0
2024-06-24,38.25,0.0
2024-06-25,38.0,0.0
2024-06-26,37.650001525878906,0.0
2024-06-27,37.70000076293945,0.0
2024-06-28,37.84999847412109,0.0
2024-07-01,38.20000076293945,0.0
2024-07-02,38.5,0.0
2024-07-03,39.20000076293945,0.0
2024-07-04,39.75,0.0
2024-07-05,40.04999923706055,0.0
2024-07-08,40.09999847412109,0.0
2024-07-09,39.95000076293945,0.0
2024-07-10,40.84999847412109,0.0
2024-07-11,40.25,0.0
2024-07-12,40.20000076293945,0.0
2024-07-15,37.650001525878906,1.800136
2024-07-16,37.34999847412109,0.0
2024-07-17,37.0,0.0
2024-07-18,37.0,0.0
2024-07-19,35.95000076293945,0.0
2024-07-22,35.5,0.0
2024-07-23,35.849998474121094,0.0
2024-07-26,35.599998474121094,0.0
2024-07-29,36.0,0.0
2024-07-30,35.29999923706055,0.0
2024-07-31,35.5,0.0
2024-08-01,35.900001525878906,0.0
2024-08-02,35.04999923706055,0.0
2024-08-05,32.25,0.0
2024-08-06,32.900001525878906,0.0
2024-08-07,33.900001525878906,0.0
2024-08-08,33.75,0.0
2024-08-09,34.70000076293945,0.0
2024-08-12,34.5,0.0
2024-08-13,34.5,0.0
2024-08-14,34.75,0.0
2024-08-15,34.5,0.0
2024-08-16,34.900001525878906,0.0
2024-08-19,35.0,0.0
2024-08-20,35.0,0.0
2024-08-21,33.70000076293945,0.0
2024-08-22,33.45000076293945,0.0
2024-08-23,33.099998474121094,0.0
2024-08-26,33.150001525878906,0.0
2024-08-27,32.849998474121094,0.0
2024-08-28,33.099998474121094,0.0
2024-08-29,32.599998474121094,0.0
2024-08-30,32.650001525878906,0.0
2024-09-02,33.099998474121094,0.0
2024-09-03,32.95000076293945,0.0
2024-09-04,32.04999923706055,0.0
2024-09-05,32.29999923706055,0.0
2024-09-06,32.900001525878906,0.0
2024-09-09,32.70000076293945,0.0
2024-09-10,32.70000076293945,0.0
2024-09-11,32.29999923706055,0.0
2024-09-12,32.150001525878906,0.0
2024-09-13,32.54999923706055,0.0
2024-09-16,32.70000076293945,0.0
2024-09-18,33.599998474121094,0.0
2024-09-19,33.5,0.0
2024-09-20,34.0,0.0
2024-09-23,35.349998474121094,0.0
2024-09-24,35.0,0.0
2024-09-25,34.95000076293945,0.0
2024-09-26,35.0,0.0
2024-09-27,34.599998474121094,0.0
2024-09-30,34.400001525878906,0.0
2024-10-01,34.70000076293945,0.0
2024-10-04,34.25,0.0
2024-10-07,34.900001525878906,0.0
2024-10-08,35.20000076293945,0.0
2024-10-09,34.900001525878906,0.0
2024-10-11,35.150001525878906,0.0
2024-10-14,35.599998474121094,0.0
2024-10-15,36.34999847412109,0.0
2024-10-16,36.29999923706055,0.0
2024-10-17,36.5,0.0
2024-10-18,36.900001525878906,0.0
2024-10-21,36.09999847412109,0.0
2024-10-22,36.59999847412109,0.0
2024-10-23,36.150001525878906,0.0
2024-10-24,35.900001525878906,0.0
2024-10-25,36.09999847412109,0.0
2024-10-28,35.900001525878906,0.0
2024-10-29,35.849998474121094,0.0
2024-10-30,35.900001525878906,0.0
2024-11-01,35.70000076293945,0.0
2024-11-04,36.45000076293945,0.0
2024-11-05,36.650001525878906,0.0
2024-11-06,36.70000076293945,0.0
2024-11-07,36.900001525878906,0.0
2024-11-08,36.900001525878906,0.0
2024-11-11,37.20000076293945,0.0
2024-11-12,37.0,0.0
2024-11-13,36.54999923706055,0.0
2024-11-14,36.650001525878906,0.0
2024-11-15,36.79999923706055,0.0
2024-11-18,36.79999923706055,0.0
2024-11-19,36.84999847412109,0.0
2024-11-20,38.04999923706055,0.0
2024-11-21,38.04999923706055,0.0
2024-11-22,37.75,0.0
2024-11-25,37.34999847412109,0.0
2024-11-26,38.0,0.0
2024-11-27,37.70000076293945,0.0
2024-11-28,37.75,0.0
2024-11-29,37.400001525878906,0.0
2024-12-02,38.59999847412109,0.0
2024-12-03,39.0,0.0
2024-12-04,38.79999923706055,0.0
2024-12-05,39.04999923706055,0.0
2024-12-06,39.09999847412109,0.0
2024-12-09,39.04999923706055,0.0
2024-12-10,39.09999847412109,0.0
2024-12-11,39.09999847412109,0.0
2024-12-12,39.59999847412109,0.0
2024-12-13,39.59999847412109,0.0
2024-12-16,39.900001525878906,0.0
2024-12-17,39.900001525878906,0.0
2024-12-18,39.70000076293945,0.0
2024-12-19,39.400001525878906,0.0
2024-12-20,38.5,0.0
2024-12-23,39.29999923706055,0.0
2024-12-24,39.34999847412109,0.0
2024-12-25,39.25,0.0
2024-12-26,39.45000076293945,0.0
2024-12-27,39.45000076293945,0.0
2024-12-30,39.45000076293945,0.0
2024-12-31,39.09999847412109,0.0
2025-01-02,38.70000076293945,0.0
2025-01-03,39.0,0.0
2025-01-06,39.400001525878906,0.0
2025-01-07,39.20000076293945,0.0
2025-01-08,39.09999847412109,0.0
2025-01-09,38.95000076293945,0.0
2025-01-10,38.54999923706055,0.0
2025-01-13,38.29999923706055,0.0
2025-01-14,38.84999847412109,0.0
2025-01-15,38.75,0.0
2025-01-16,39.09999847412109,0.0
2025-01-17,39.04999923706055,0.0
2025-01-20,38.70000076293945,0.0
2025-01-21,39.0,0.0
2025-01-22,39.09999847412109,0.0
2025-02-03,39.0,0.0
2025-02-04,38.84999847412109,0.0
2025-02-05,39.400001525878906,0.0
2025-02-06,39.59999847412109,0.0
2025-02-07,39.75,0.0
2025-02-10,40.150001525878906,0.0
2025-02-11,40.04999923706055,0.0
2025-02-12,40.25,0.0
2025-02-13,40.5,0.0
2025-02-14,39.95000076293945,0.0
2025-02-17,40.650001525878906,0.0
2025-02-18,40.34999847412109,0.0
2025-02-19,40.0,0.0
2025-02-20,40.20000076293945,0.0
2025-02-21,40.29999923706055,0.0
2025-02-24,40.400001525878906,0.0
2025-02-25,40.650001525878906,0.0
2025-02-26,41.04999923706055,0.0
2025-02-27,40.75,0.0
2025-03-03,41.04999923706055,0.0
2025-03-04,41.0,0.0
2025-03-05,40.400001525878906,0.0
2025-03-06,40.75,0.0
2025-03-07,40.04999923706055,0.0
2025-03-10,40.0,0.0
2025-03-11,39.650001525878906,0.0
2025-03-12,40.29999923706055,0.0
2025-03-13,40.0,0.0
2025-03-14,39.75,0.0
2025-03-17,40.09999847412109,0.0
2025-03-18,40.29999923706055,0.0
2025-03-19,40.25,0.0
2025-03-20,39.95000076293945,0.0
2025-03-21,39.95000076293945,0.0
2025-03-24,40.34999847412109,0.0
2025-03-25,40.25,0.0
2025-03-26,40.45000076293945,0.0
2025-03-27,40.400001525878906,0.0
2025-03-28,40.45000076293945,0.0
2025-03-31,39.45000076293945,0.0
2025-04-01,39.900001525878906,0.0
2025-04-02,40.400001525878906,0.0
2025-04-07,36.400001525878906,0.0
2025-04-08,35.849998474121094,0.0
2025-04-09,34.0,0.0
2025-04-10,37.400001525878906,0.0
2025-04-11,37.25,0.0
2025-04-14,37.04999923706055,0.0
2025-04-15,37.75,0.0
2025-04-16,37.75,0.0
2025-04-17,37.20000076293945,0.0
2025-04-18,36.75,0.0
2025-04-21,36.29999923706055,0.0
2025-04-22,35.70000076293945,0.0
2025-04-23,36.25,0.0
2025-04-24,36.34999847412109,0.0
2025-04-25,36.95000076293945,0.0
2025-04-28,38.0,0.0
2025-04-29,39.0,0.0
2025-04-30,39.29999923706055,0.0
2025-05-02,40.25,0.0
2025-05-05,39.29999923706055,0.0
2025-05-06,40.0,0.0
2025-05-07,39.59999847412109,0.0
2025-05-08,39.70000076293945,0.0
2025-05-09,39.95000076293945,0.0
2025-05-12,40.09999847412109,0.0
2025-05-13,40.20000076293945,0.0
2025-05-14,40.59999847412109,0.0
2025-05-15,41.150001525878906,0.0
2025-05-16,42.0,0.0
2025-05-19,41.5,0.0
2025-05-20,41.75,0.0
2025-05-21,43.0,0.0
2025-05-22,42.900001525878906,0.0
2025-05-23,42.79999923706055,0.0
2025-05-26,41.34999847412109,0.0
2025-05-27,40.79999923706055,0.0
2025-05-28,41.09999847412109,0.0
2025-05-29,40.84999847412109,0.0
2025-06-02,41.79999923706055,0.0
2025-06-03,43.0,0.0
2025-06-04,42.5,0.0
2025-06-05,41.20000076293945,0.0
2025-06-06,41.54999923706055,0.0
2025-06-09,42.0,0.0
2025-06-10,42.5,0.0
2025-06-11,42.150001525878906,0.0
2025-06-12,42.5,0.0
2025-06-13,42.70000076293945,0.0
2025-06-16,42.70000076293945,0.0
2025-06-17,42.59999847412109,0.0
2025-06-18,43.09999847412109,0.0
2025-06-19,43.0,0.0
2025-06-20,42.95000076293945,0.0
2025-06-23,42.95000076293945,0.0
2025-06-24,43.75,0.0
2025-06-25,43.900001525878906,0.0
2025-06-26,44.29999923706055,0.0
2025-06-27,44.5,0.0
2025-06-30,43.70000076293945,0.0
2025-07-01,44.0,0.0
2025-07-02,43.900001525878906,0.0
2025-07-03,44.400001525878906,0.0
2025-07-04,44.5,0.0
2025-07-07,44.95000076293945,0.0
2025-07-08,44.400001525878906,0.0
2025-07-09,43.900001525878906,0.0
2025-07-10,44.09999847412109,0.0
2025-07-11,43.84999847412109,0.0
2025-07-14,41.900001525878906,2.300411
2025-07-15,42.900001525878906,0.0
2025-07-16,43.0,0.0
2025-07-17,42.79999923706055,0.0
2025-07-18,42.70000076293945,0.0
2025-07-21,42.5,0.0
2025-07-22,42.650001525878906,0.0
2025-07-23,43.0,0.0
2025-07-24,42.95000076293945,0.0
2025-07-25,42.5,0.0
2025-07-28,42.09999847412109,0.0
2025-07-29,41.70000076293945,0.0
2025-07-30,41.900001525878906,0.0
2025-07-31,41.25,0.0
2025-08-04,42.650001525878906,0.0
2025-08-05,42.59999847412109,0.0
2025-08-06,42.900001525878906,0.0
2025-08-07,42.95000076293945,0.0
2025-08-08,43.0,0.0
2025-08-11,43.09999847412109,0.0
2025-08-12,42.79999923706055,0.0
2025-08-13,43.0,0.0
2025-08-14,43.20000076293945,0.0
2025-08-15,42.84999847412109,0.0
2025-08-18,42.84999847412109,0.0
2025-08-19,42.95000076293945,0.0
2025-08-20,42.70000076293945,0.0
2025-08-21,43.20000076293945,0.0
2025-08-22,42.70000076293945,0.0
2025-08-25,42.900001525878906,0.0
2025-08-26,42.0,0.0
2025-08-27,41.75,0.0
2025-08-28,41.79999923706055,0.0
2025-08-29,41.150001525878906,0.0
2025-09-01,41.400001525878906,0.0
2025-09-02,42.0,0.0
2025-09-03,41.900001525878906,0.0
2025-09-04,41.900001525878906,0.0
2025-09-05,41.84999847412109,0.0
2025-09-08,41.75,0.0
2025-09-09,42.0,0.0
2025-09-10,42.04999923706055,0.0
2025-09-11,42.25,0.0
2025-09-12,42.79999923706055,0.0
2025-09-15,43.150001525878906,0.0
2025-09-16,43.45000076293945,0.0
2025-09-17,43.09999847412109,0.0
2025-09-18,43.150001525878906,0.0
2025-09-19,43.650001525878906,0.0
2025-09-22,43.20000076293945,0.0
2025-09-23,43.25,0.0
2025-09-24,43.150001525878906,0.0
2025-09-25,42.5,0.0
2025-09-26,42.59999847412109,0.0
2025-09-30,42.900001525878906,0.0
2025-10-01,43.04999923706055,0.0
2025-10-02,42.95000076293945,0.0
2025-10-03,42.34999847412109,0.0
2025-10-07,42.25,0.0
2025-10-08,42.5,0.0
2025-10-09,42.59999847412109,0.0
2025-10-13,42.150001525878906,0.0
2025-10-14,42.34999847412109,0.0
2025-10-15,42.59999847412109,0.0
2025-10-16,42.59999847412109,0.0
2025-10-17,42.5,0.0
2025-10-20,42.400001525878906,0.0
2025-10-21,42.29999923706055,0.0
2025-10-22,42.04999923706055,0.0
2025-10-23,42.0,0.0
2025-10-27,42.650001525878906,0.0
2025-10-28,41.900001525878906,0.0
2025-10-29,42.0,0.0
2025-10-30,41.95000076293945,0.0
2025-10-31,41.84999847412109,0.0
2025-11-03,42.04999923706055,0.0
2025-11-04,42.400001525878906,0.0
2025-11-05,42.25,0.0
2025-11-06,42.54999923706055,0.0
2025-11-07,41.900001525878906,0.0
2025-11-10,42.400001525878906,0.0
2025-11-11,43.34999847412109,0.0
2025-11-12,43.04999923706055,0.0
2025-11-13,42.900001525878906,0.0
2025-11-14,42.70000076293945,0.0
2025-11-17,42.20000076293945,0.0
2025-11-18,42.59999847412109,0.0
2025-11-19,42.900001525878906,0.0
2025-11-20,43.29999923706055,0.0
2025-11-21,43.400001525878906,0.0
2025-11-24,44.09999847412109,0.0
2025-11-25,43.29999923706055,0.0
2025-11-26,43.400001525878906,0.0
2025-11-27,44.0,0.0
2025-11-28,43.45000076293945,0.0
2025-12-01,43.400001525878906,0.0
2025-12-02,44.09999847412109,0.0
2025-12-03,43.70000076293945,0.0
2025-12-04,44.34999847412109,0.0
2025-12-05,44.54999923706055,0.0
2025-12-08,44.54999923706055,0.0
2025-12-09,44.95000076293945,0.0
2025-12-10,44.79999923706055,0.0
2025-12-11,45.04999923706055,0.0
2025-12-12,46.5,0.0
2025-12-15,46.75,0.0
2025-12-16,46.650001525878906,0.0
2025-12-17,48.95000076293945,0.0
2025-12-18,49.34999847412109,0.0
2025-12-19,49.5,0.0
2025-12-22,50.400001525878906,0.0
2025-12-23,50.400001525878906,0.0
2025-12-24,50.29999923706055,0.0
2025-12-26,49.79999923706055,0.0
2025-12-29,50.400001525878906,0.0
2025-12-30,50.20000076293945,0.0
2025-12-31,50.20000076293945,0.0
2026-01-02,50.79999923706055,0.0
2026-01-05,49.900001525878906,0.0
2026-01-06,49.84999847412109,0.0
2026-01-07,49.34999847412109,0.0
2026-01-08,49.34999847412109,0.0
2026-01-09,49.70000076293945,0.0
2026-01-12,50.0,0.0
2026-01-13,49.650001525878906,0.0
2026-01-14,49.29999923706055,0.0
2026-01-15,50.400001525878906,0.0
2026-01-16,50.5,0.0
2026-01-19,51.20000076293945,0.0
2026-01-20,51.0,0.0
2026-01-21,50.59999847412109,0.0
2026-01-22,50.79999923706055,0.0
2026-01-23,50.5,0.0
2026-01-26,51.0,0.0
2026-01-27,50.79999923706055,0.0
2026-01-28,51.20000076293945,0.0
2026-01-29,52.0,0.0
2026-01-30,50.900001525878906,0.0
2026-02-02,50.900001525878906,0.0
2026-02-03,51.09999847412109,0.0
2026-02-04,51.20000076293945,0.0
2026-02-05,51.70000076293945,0.0
2026-02-06,51.59999847412109,0.0
2026-02-09,52.0,0.0
2026-02-10,51.70000076293945,0.0
2026-02-11,52.20000076293945,0.0
2026-02-23,53.900001525878906,0.0
2026-02-24,53.79999923706055,0.0
2026-02-25,53.5,0.0
2026-02-26,55.900001525878906,0.0
2026-03-02,53.79999923706055,0.0
2026-03-03,53.5,0.0
2026-03-04,50.5,0.0
2026-03-05,51.5,0.0
2026-03-06,51.400001525878906,0.0
2026-03-09,51.0,0.0
2026-03-10,51.20000076293945,0.0
2026-03-11,51.20000076293945,0.0
2026-03-12,51.29999923706055,0.0
2026-03-13,51.29999923706055,0.0
2026-03-16,51.900001525878906,0.0
2026-03-17,52.900001525878906,0.0
2026-03-18,53.29999923706055,0.0
2026-03-19,51.59999847412109,0.0
2026-03-20,52.09999847412109,0.0
2026-03-23,51.5,0.0
2026-03-24,52.0,0.0
2026-03-25,52.79999923706055,0.0
2026-03-26,53.0,0.0
2026-03-27,53.0,0.0
2026-03-30,51.900001525878906,0.0
2026-03-31,51.29999923706055,0.0
2026-04-01,53.70000076293945,0.0
2026-04-02,54.5,0.0
2026-04-07,55.79999923706055,0.0
2026-04-08,56.5,0.0
2026-04-09,54.79999923706055,0.0
2026-04-10,54.0,0.0
2026-04-13,53.29999923706055,0.0
2026-04-14,53.09999847412109,0.0
2026-04-15,52.79999923706055,0.0
2026-04-16,53.400001525878906,0.0
2026-04-17,53.09999847412109,0.0
2026-04-20,53.09999847412109,0.0
2026-04-21,53.0,0.0
2026-04-22,53.5,0.0
2026-04-23,52.70000076293945,0.0
2026-04-24,52.900001525878906,0.0
2026-04-27,52.70000076293945,0.0
2026-04-28,53.29999923706055,0.0
2026-04-29,53.09999847412109,0.0
2026-04-30,52.29999923706055,0.0
2026-05-04,52.900001525878906,0.0
2026-05-05,53.5,0.0
2026-05-06,54.70000076293945,0.0
2026-05-07,56.20000076293945,0.0
2026-05-08,56.400001525878906,0.0
2026-05-11,55.29999923706055,0.0
2026-05-12,53.5,0.0
2026-05-13,54.900001525878906,0.0
2026-05-14,54.79999923706055,0.0
2026-05-15,54.79999923706055,0.0
2026-05-18,54.79999923706055,0.0
2026-05-19,55.400001525878906,0.0
2026-05-20,57.79999923706055,0.0
2026-05-21,57.5,0.0
2026-05-22,57.59999847412109,0.0
2026-05-25,57.29999923706055,0.0
2026-05-26,57.59999847412109,0.0
2026-05-27,59.20000076293945,0.0
2026-05-28,59.29999923706055,0.0
2026-05-29,60.5,0.0
2026-06-01,62.09999847412109,0.0
2026-06-02,64.0999984741211,0.0
2026-06-03,70.5,0.0
2026-06-04,68.0,0.0
2026-06-05,66.5999984741211,0.0
2026-06-08,65.4000015258789,0.0
2026-06-09,69.19999694824219,0.0
2026-06-10,68.19999694824219,0.0
2026-06-11,67.5,0.0
2026-06-12,67.5999984741211,0.0
2026-06-15,70.0999984741211,0.0
2026-06-16,70.80000305175781,0.0
2026-06-17,71.0,0.0
2026-06-18,71.9000015258789,0.0
2026-06-22,70.5,0.0
2026-06-23,72.4000015258789,0.0
2026-06-24,69.9000015258789,0.0
2026-06-25,70.5999984741211,0.0
2026-06-26,70.30000305175781,0.0
2026-06-29,70.30000305175781,0.0
2026-06-30,71.0,0.0
2026-07-01,70.5999984741211,0.0
2026-07-02,69.9000015258789,0.0
2026-07-03,70.5999984741211,0.0
2026-07-06,71.4000015258789,0.0
2026-07-07,70.19999694824219,0.0
2026-07-08,71.30000305175781,0.0
2026-07-09,69.9000015258789,0.0
2026-07-10,69.9000015258789,0.0
2026-07-13,66.5,2.500239
2026-07-14,65.0,0.0
2026-07-15,63.5,0.0
2026-07-16,63.0,0.0
2026-07-17,62.09999847412109,0.0
2026-07-20,61.5,0.0
2026-07-21,62.70000076293945,0.0
2026-07-22,64.0,0.0
2026-07-23,63.5,0.0
2026-07-24,63.59999847412109,0.0
2026-07-27,63.0,0.0
2026-07-28,62.400001525878906,0.0
2026-07-29,62.0,0.0
2026-07-30,63.09999847412109,0.0
2026-07-31,64.9000015258789,0.0
2026-08-03,64.80000305175781,0.0
2026-08-04,64.80000305175781,0.0
2026-08-05,66.0,0.0
2026-08-06,64.5999984741211,0.0
2026-08-07,65.5999984741211,0.0
2026-08-10,66.5,0.0
2026-08-11,66.80000305175781,0.0
2026-08-12,66.5999984741211,0.0
2026-08-13,66.5,0.0
