Date,Close,Dividends
2007-12-31,41.018680572509766,0.0
2008-01-02,41.210357666015625,0.0
2008-01-03,41.210357666015625,0.0
2008-01-04,41.210357666015625,0.0
2008-01-07,40.2519760131836,0.0
2008-01-08,39.29359817504883,0.0
2008-01-09,39.389434814453125,0.0
2008-01-10,39.29359817504883,0.0
2008-01-11,40.2519760131836,0.0
2008-01-14,40.2519760131836,0.0
2008-01-15,39.77278518676758,0.0
2008-01-16,39.29359817504883,0.0
2008-01-17,38.81440734863281,0.0
2008-01-18,33.54331588745117,0.0
2008-01-21,32.58493423461914,0.0
2008-01-22,32.105743408203125,0.0
2008-01-23,32.58493423461914,0.0
2008-01-24,31.914066314697266,0.0
2008-01-25,30.188983917236328,0.0
2008-01-28,31.147363662719727,0.0
2008-01-29,30.188983917236328,0.0
2008-01-30,29.230602264404297,0.0
2008-01-31,30.66817283630371,0.0
2008-02-01,30.188983917236328,0.0
2008-02-12,28.75141143798828,0.0
2008-02-13,30.66817283630371,0.0
2008-02-14,30.66817283630371,0.0
2008-02-15,32.105743408203125,0.0
2008-02-18,33.54331588745117,0.0
2008-02-19,35.939266204833984,0.0
2008-02-20,35.46007537841797,0.0
2008-02-21,37.376834869384766,0.0
2008-02-22,38.526893615722656,0.0
2008-02-25,37.95186233520508,0.0
2008-02-26,38.81440734863281,0.0
2008-02-27,38.95816421508789,0.0
2008-02-29,38.81440734863281,0.0
2008-03-03,39.10192108154297,0.0
2008-03-04,38.81440734863281,0.0
2008-03-05,38.81440734863281,0.0
2008-03-06,39.29359817504883,0.0
2008-03-07,38.81440734863281,0.0
2008-03-10,38.38313674926758,0.0
2008-03-11,38.57481002807617,0.0
2008-03-12,38.81440734863281,0.0
2008-03-13,38.67065048217773,0.0
2008-03-14,38.67065048217773,0.0
2008-03-17,38.47897338867188,0.0
2008-03-18,38.57481002807617,0.0
2008-03-19,38.57481002807617,0.0
2008-03-20,38.57481002807617,0.0
2008-03-21,38.57481002807617,0.0
2008-03-24,38.526893615722656,0.0
2008-03-25,38.67065048217773,0.0
2008-03-26,38.47897338867188,0.0
2008-03-27,38.47897338867188,0.0
2008-03-28,38.3352165222168,0.0
2008-03-31,38.47897338867188,0.0
2008-04-01,38.43105316162109,0.0
2008-04-02,38.43105316162109,0.0
2008-04-03,38.47897338867188,0.0
2008-04-07,38.67065048217773,0.0
2008-04-08,38.43105316162109,0.0
2008-04-09,38.43105316162109,0.0
2008-04-10,38.47897338867188,0.0
2008-04-11,40.510738372802734,0.0
2008-04-14,38.47897338867188,0.0
2008-04-15,40.2519760131836,0.0
2008-04-16,39.29359817504883,0.0
2008-04-17,38.526893615722656,0.0
2008-04-18,38.81440734863281,0.0
2008-04-21,40.2519760131836,0.0
2008-04-22,39.77278518676758,0.0
2008-04-23,39.29359817504883,0.0
2008-04-24,40.060302734375,0.0
2008-04-25,40.2519760131836,0.0
2008-04-28,40.58740997314453,0.0
2008-04-29,43.60630798339844,0.0
2008-04-30,50.79416275024414,0.0
2008-05-02,57.73283767700195,0.0
2008-05-05,49.64410400390625,0.0
2008-05-06,51.46502685546875,0.0
2008-05-07,50.98583984375,0.0
2008-05-08,50.98583984375,0.0
2008-05-09,49.356590270996094,0.0
2008-05-12,47.91902160644531,0.0
2008-05-13,49.356590270996094,0.0
2008-05-14,47.91902160644531,0.0
2008-05-15,47.91902160644531,0.0
2008-05-16,47.91902160644531,0.0
2008-05-19,47.91902160644531,0.0
2008-05-20,47.91902160644531,0.0
2008-05-21,47.91902160644531,0.0
2008-05-22,48.11069869995117,0.0
2008-05-23,44.19092178344727,0.0
2008-05-26,42.168739318847656,0.0
2008-05-27,43.12711715698242,0.0
2008-05-28,52.9217643737793,0.0
2008-05-29,44.27717590332031,0.0
2008-05-30,43.41463470458984,0.0
2008-06-02,44.08549880981445,0.0
2008-06-03,43.60630798339844,0.0
2008-06-04,44.08549880981445,0.0
2008-06-05,45.04388046264648,0.0
2008-06-06,46.96063995361328,0.0
2008-06-09,46.00225830078125,0.0
2008-06-10,45.70516204833984,0.0
2008-06-11,46.00225830078125,0.0
2008-06-12,42.04414749145508,0.0
2008-06-13,40.73116683959961,0.0
2008-06-16,42.168739318847656,0.0
2008-06-17,39.77278518676758,0.0
2008-06-18,41.210357666015625,0.0
2008-06-19,41.210357666015625,0.0
2008-06-20,38.71856689453125,0.0
2008-06-23,39.48527145385742,0.0
2008-06-24,38.986915588378906,0.0
2008-06-25,39.44693756103516,0.0
2008-06-26,39.29359817504883,0.0
2008-06-27,35.939266204833984,0.0
2008-06-30,32.776611328125,0.0
2008-07-01,33.878746032714844,0.0
2008-07-02,34.98088455200195,0.0
2008-07-03,36.80180740356445,0.0
2008-07-04,35.46007537841797,0.0
2008-07-07,36.22677993774414,0.0
2008-07-08,34.98088455200195,0.0
2008-07-09,36.418453216552734,0.0
2008-07-10,35.939266204833984,0.0
2008-07-11,36.37053680419922,0.0
2008-07-14,36.418453216552734,0.0
2008-07-15,35.12464141845703,0.0
2008-07-16,35.555912017822266,0.0
2008-07-17,35.50799560546875,0.0
2008-07-18,35.60383224487305,0.0
2008-07-21,35.699668884277344,0.0
2008-07-22,35.795509338378906,0.0
2008-07-23,37.56851196289063,0.0
2008-07-24,37.376834869384766,0.0
2008-07-25,35.939266204833984,0.0
2008-07-28,35.939266204833984,0.0
2008-07-29,35.939266204833984,0.0
2008-07-30,35.939266204833984,0.0
2008-07-31,35.939266204833984,0.0
2008-08-01,35.939266204833984,0.0
2008-08-04,35.939266204833984,0.0
2008-08-05,35.939266204833984,0.0
2008-08-06,35.939266204833984,0.0
2008-08-07,35.939266204833984,0.0
2008-08-08,35.939266204833984,0.0
2008-08-11,35.939266204833984,0.0
2008-08-12,35.939266204833984,0.0
2008-08-13,35.939266204833984,0.0
2008-08-14,35.939266204833984,0.0
2008-08-15,35.939266204833984,0.0
2008-08-18,35.699668884277344,0.0
2008-08-19,35.939266204833984,0.0
2008-08-20,35.939266204833984,0.0
2008-08-21,35.8913459777832,0.0
2008-08-22,35.60383224487305,0.0
2008-08-25,34.837127685546875,0.0
2008-08-26,32.297420501708984,0.0
2008-08-27,31.0515251159668,0.0
2008-08-28,31.62655258178711,0.0
2008-08-29,31.81822967529297,0.0
2008-09-01,31.243200302124023,0.0
2008-09-02,29.709793090820312,0.0
2008-09-03,27.88887023925781,0.0
2008-09-04,27.793031692504883,0.0
2008-09-05,25.876270294189453,0.0
2008-09-08,27.313840866088867,0.0
2008-09-09,27.793031692504883,0.0
2008-09-10,27.601356506347656,0.0
2008-09-11,25.78043365478516,0.0
2008-09-12,26.35546112060547,0.0
2008-09-15,26.240455627441406,0.0
2008-09-16,23.959510803222656,0.0
2008-09-17,24.24702453613281,0.0
2008-09-18,19.503040313720703,0.0
2008-09-19,22.042749404907227,0.0
2008-09-22,21.946910858154297,0.0
2008-09-23,21.946910858154297,0.0
2008-09-24,21.65939712524414,0.0
2008-09-25,21.084369659423828,0.0
2008-09-26,20.1259880065918,0.0
2008-09-29,20.1259880065918,0.0
2008-09-30,18.209226608276367,0.0
2008-10-01,19.1676082611084,0.0
2008-10-02,19.1676082611084,0.0
2008-10-03,18.49674224853516,0.0
2008-10-06,18.88009452819824,0.0
2008-10-07,18.209226608276367,0.0
2008-10-08,17.730037689208984,0.0
2008-10-09,18.209226608276367,0.0
2008-10-13,17.059171676635742,0.0
2008-10-14,17.730037689208984,0.0
2008-10-15,18.01755142211914,0.0
2008-10-16,17.327516555786133,0.0
2008-10-17,16.484142303466797,0.0
2008-10-20,16.3883056640625,0.0
2008-10-21,16.781240463256836,0.0
2008-10-22,17.14542579650879,0.0
2008-10-23,11.970170974731444,0.0
2008-10-24,11.912668228149414,0.0
2008-10-27,11.788079261779783,0.0
2008-10-28,11.596403121948242,0.0
2008-10-29,11.30888843536377,0.0
2008-10-30,11.500564575195312,0.0
2008-10-31,11.883916854858398,0.0
2008-11-03,11.883916854858398,0.0
2008-11-04,11.883916854858398,0.0
2008-11-05,12.938135147094728,0.0
2008-11-06,13.89651584625244,0.0
2008-11-07,14.739890098571776,0.0
2008-11-10,14.37570571899414,0.0
2008-11-11,14.37570571899414,0.0
2008-11-12,13.48441219329834,0.0
2008-11-13,13.609001159667969,0.0
2008-11-14,12.957303047180176,0.0
2008-11-17,12.938135147094728,0.0
2008-11-18,12.938135147094728,0.0
2008-11-19,12.267269134521484,0.0
2008-11-20,11.375974655151367,0.0
2008-11-21,10.302589416503906,0.0
2008-11-24,9.28670597076416,0.0
2008-11-25,9.296290397644045,0.0
2008-11-26,9.104613304138184,0.0
2008-11-27,8.91293716430664,0.0
2008-11-28,9.200451850891112,0.0
2008-12-01,9.200451850891112,0.0
2008-12-02,9.104613304138184,0.0
2008-12-03,8.91293716430664,0.0
2008-12-04,8.567919731140137,0.0
2008-12-05,7.044095993041992,0.0
2008-12-08,9.075861930847168,0.0
2008-12-09,9.631723403930664,0.0
2008-12-10,10.628437995910645,0.0
2008-12-11,9.5838041305542,0.0
2008-12-12,9.5838041305542,0.0
2008-12-15,9.5838041305542,0.0
2008-12-16,10.062994003295898,0.0
2008-12-17,10.350507736206056,0.0
2008-12-18,10.73386001586914,0.0
2008-12-19,10.829697608947754,0.0
2008-12-22,11.021373748779297,0.0
2008-12-23,11.021373748779297,0.0
2008-12-24,11.500564575195312,0.0
2008-12-25,11.596403121948242,0.0
2008-12-26,13.417325019836426,0.0
2008-12-29,13.704839706420898,0.0
2008-12-30,15.334086418151855,0.0
2008-12-31,16.004953384399414,0.0
2009-01-02,16.004953384399414,0.0
2009-01-05,15.813276290893556,0.0
2009-01-06,15.535346031188965,0.0
2009-01-07,14.37570571899414,0.0
2009-01-08,14.720723152160645,0.0
2009-01-09,14.37570571899414,0.0
2009-01-12,15.525761604309082,0.0
2009-01-13,15.334086418151855,0.0
2009-01-14,15.717437744140623,0.0
2009-01-15,15.4874267578125,0.0
2009-01-16,15.813276290893556,0.0
2009-01-19,15.30533504486084,0.0
2009-01-20,15.621600151062012,0.0
2009-01-21,15.334086418151855,0.0
2009-02-02,15.631183624267578,0.0
2009-02-03,16.29246711730957,0.0
2009-02-04,15.909113883972168,0.0
2009-02-05,15.813276290893556,0.0
2009-02-06,15.813276290893556,0.0
2009-02-09,14.37570571899414,0.0
2009-02-10,14.759057998657228,0.0
2009-02-11,14.567381858825684,0.0
2009-02-12,15.046571731567385,0.0
2009-02-13,14.85489559173584,0.0
2009-02-16,14.85489559173584,0.0
2009-02-17,14.85489559173584,0.0
2009-02-18,14.85489559173584,0.0
2009-02-19,14.85489559173584,0.0
2009-02-20,14.85489559173584,0.0
2009-02-23,14.85489559173584,0.0
2009-02-24,14.85489559173584,0.0
2009-02-25,14.85489559173584,0.0
2009-02-26,14.85489559173584,0.0
2009-02-27,14.85489559173584,0.0
2009-03-02,14.85489559173584,0.0
2009-03-03,14.85489559173584,0.0
2009-03-04,14.85489559173584,0.0
2009-03-05,14.85489559173584,0.0
2009-03-06,14.85489559173584,0.0
2009-03-09,14.85489559173584,0.0
2009-03-10,14.85489559173584,0.0
2009-03-11,14.85489559173584,0.0
2009-03-12,14.85489559173584,0.0
2009-03-13,14.85489559173584,0.0
2009-03-16,14.85489559173584,0.0
2009-03-17,14.85489559173584,0.0
2009-03-18,14.85489559173584,0.0
2009-03-19,14.85489559173584,0.0
2009-03-20,14.85489559173584,0.0
2009-03-23,14.85489559173584,0.0
2009-03-24,14.85489559173584,0.0
2009-03-25,14.85489559173584,0.0
2009-03-26,14.85489559173584,0.0
2009-03-27,14.85489559173584,0.0
2009-03-30,14.85489559173584,0.0
2009-03-31,14.85489559173584,0.0
2009-04-02,14.85489559173584,0.0
2009-04-03,14.85489559173584,0.0
2009-04-06,14.85489559173584,0.0
2009-04-07,14.85489559173584,0.0
2009-04-08,14.85489559173584,0.0
2009-04-09,14.85489559173584,0.0
2009-04-10,14.85489559173584,0.0
2009-04-13,14.85489559173584,0.0
2009-04-14,14.85489559173584,0.0
2009-04-15,14.85489559173584,0.0
2009-04-16,14.85489559173584,0.0
2009-04-17,14.85489559173584,0.0
2009-04-20,14.85489559173584,0.0
2009-04-21,14.85489559173584,0.0
2009-04-22,14.85489559173584,0.0
2009-04-23,14.85489559173584,0.0
2009-04-24,14.85489559173584,0.0
2009-04-27,14.85489559173584,0.0
2009-04-28,14.85489559173584,0.0
2009-04-29,14.85489559173584,0.0
2009-04-30,14.85489559173584,0.0
2009-05-04,14.85489559173584,0.0
2009-05-05,14.85489559173584,0.0
2009-05-06,14.85489559173584,0.0
2009-05-07,14.85489559173584,0.0
2009-05-08,14.85489559173584,0.0
2009-05-11,14.85489559173584,0.0
2009-05-12,14.85489559173584,0.0
2009-05-13,14.85489559173584,0.0
2009-05-14,14.85489559173584,0.0
2009-05-15,14.85489559173584,0.0
2009-05-18,14.85489559173584,0.0
2009-05-19,14.85489559173584,0.0
2009-05-20,14.85489559173584,0.0
2009-05-21,14.85489559173584,0.0
2009-05-22,14.85489559173584,0.0
2009-05-25,14.85489559173584,0.0
2009-05-26,14.85489559173584,0.0
2009-05-27,14.85489559173584,0.0
2009-06-01,14.85489559173584,0.0
2009-06-02,14.85489559173584,0.0
2009-06-03,14.85489559173584,0.0
2009-06-04,14.85489559173584,0.0
2009-06-05,14.85489559173584,0.0
2009-06-08,14.85489559173584,0.0
2009-06-09,14.85489559173584,0.0
2009-06-10,14.85489559173584,0.0
2009-06-11,14.85489559173584,0.0
2009-06-12,14.85489559173584,0.0
2009-06-15,14.85489559173584,0.0
2009-06-16,14.85489559173584,0.0
2009-06-17,14.85489559173584,0.0
2009-06-18,14.85489559173584,0.0
2009-06-19,14.85489559173584,0.0
2009-06-22,14.85489559173584,0.0
2009-06-23,14.85489559173584,0.0
2009-06-24,14.85489559173584,0.0
2009-06-25,14.85489559173584,0.0
2009-06-26,14.85489559173584,0.0
2009-06-29,14.85489559173584,0.0
2009-06-30,14.85489559173584,0.0
2009-07-01,14.85489559173584,0.0
2009-07-02,14.85489559173584,0.0
2009-07-03,14.85489559173584,0.0
2009-07-06,14.85489559173584,0.0
2009-07-07,14.85489559173584,0.0
2009-07-08,14.85489559173584,0.0
2009-07-09,14.85489559173584,0.0
2009-07-10,14.85489559173584,0.0
2009-07-13,14.85489559173584,0.0
2009-07-14,14.85489559173584,0.0
2009-07-15,14.85489559173584,0.0
2009-07-16,14.85489559173584,0.0
2009-07-17,14.85489559173584,0.0
2009-07-20,14.85489559173584,0.0
2009-07-21,14.85489559173584,0.0
2009-07-22,14.85489559173584,0.0
2009-07-23,14.85489559173584,0.0
2009-07-24,14.85489559173584,0.0
2009-07-27,14.85489559173584,0.0
2009-07-28,14.85489559173584,0.0
2009-07-29,14.85489559173584,0.0
2009-07-30,14.85489559173584,0.0
2009-07-31,14.85489559173584,0.0
2009-08-03,14.85489559173584,0.0
2009-08-04,14.85489559173584,0.0
2009-08-05,14.85489559173584,0.0
2009-08-06,14.85489559173584,0.0
2009-08-07,14.85489559173584,0.0
2009-08-10,14.85489559173584,0.0
2009-08-11,14.85489559173584,0.0
2009-08-12,14.85489559173584,0.0
2009-08-13,14.85489559173584,0.0
2009-08-14,14.85489559173584,0.0
2009-08-17,14.85489559173584,0.0
2009-08-18,14.85489559173584,0.0
2009-08-19,14.85489559173584,0.0
2009-08-20,14.85489559173584,0.0
2009-08-21,14.85489559173584,0.0
2009-08-24,14.85489559173584,0.0
2009-08-25,14.85489559173584,0.0
2009-08-26,14.85489559173584,0.0
2009-08-27,14.85489559173584,0.0
2009-08-28,14.85489559173584,0.0
2009-08-31,14.85489559173584,0.0
2009-09-01,14.85489559173584,0.0
2009-09-02,14.85489559173584,0.0
2009-09-03,14.85489559173584,0.0
2009-09-04,14.85489559173584,0.0
2009-09-07,14.85489559173584,0.0
2009-09-08,14.85489559173584,0.0
2009-09-09,14.85489559173584,0.0
2009-09-10,14.85489559173584,0.0
2009-09-11,14.85489559173584,0.0
2009-09-14,14.85489559173584,0.0
2009-09-15,14.85489559173584,0.0
2009-09-16,14.85489559173584,0.0
2009-09-17,14.85489559173584,0.0
2009-09-18,14.85489559173584,0.0
2009-09-21,14.85489559173584,0.0
2009-09-22,14.85489559173584,0.0
2009-09-23,14.85489559173584,0.0
2009-09-24,14.85489559173584,0.0
2009-09-25,14.85489559173584,0.0
2009-09-28,14.85489559173584,0.0
2009-09-29,14.85489559173584,0.0
2009-09-30,14.85489559173584,0.0
2009-10-01,14.85489559173584,0.0
2009-10-02,14.85489559173584,0.0
2009-10-05,14.85489559173584,0.0
2009-10-06,14.85489559173584,0.0
2009-10-07,14.85489559173584,0.0
2009-10-08,14.85489559173584,0.0
2009-10-09,14.85489559173584,0.0
2009-10-12,14.85489559173584,0.0
2009-10-13,14.85489559173584,0.0
2009-10-14,14.85489559173584,0.0
2009-10-15,14.85489559173584,0.0
2009-10-16,14.85489559173584,0.0
2009-10-19,14.85489559173584,0.0
2009-10-20,14.85489559173584,0.0
2009-10-21,14.85489559173584,0.0
2009-10-22,14.85489559173584,0.0
2009-10-23,14.85489559173584,0.0
2009-10-26,14.85489559173584,0.0
2009-10-27,14.85489559173584,0.0
2009-10-28,14.85489559173584,0.0
2009-10-29,14.85489559173584,0.0
2009-10-30,14.85489559173584,0.0
2009-11-02,14.85489559173584,0.0
2009-11-03,14.85489559173584,0.0
2009-11-04,14.85489559173584,0.0
2009-11-05,14.85489559173584,0.0
2009-11-06,14.85489559173584,0.0
2009-11-09,14.85489559173584,0.0
2009-11-10,14.85489559173584,0.0
2009-11-11,14.85489559173584,0.0
2009-11-12,14.85489559173584,0.0
2009-11-13,14.85489559173584,0.0
2009-11-16,14.85489559173584,0.0
2009-11-17,14.85489559173584,0.0
2009-11-18,14.85489559173584,0.0
2009-11-19,14.85489559173584,0.0
2009-11-20,14.85489559173584,0.0
2009-11-23,14.85489559173584,0.0
2009-11-24,14.85489559173584,0.0
2009-11-25,14.85489559173584,0.0
2009-11-26,14.85489559173584,0.0
2009-11-27,14.85489559173584,0.0
2009-11-30,14.85489559173584,0.0
2009-12-01,14.85489559173584,0.0
2009-12-02,14.85489559173584,0.0
2009-12-03,14.85489559173584,0.0
2009-12-04,14.85489559173584,0.0
2009-12-07,14.85489559173584,0.0
2009-12-08,14.85489559173584,0.0
2009-12-09,14.85489559173584,0.0
2009-12-10,14.85489559173584,0.0
2009-12-11,14.85489559173584,0.0
2009-12-14,14.85489559173584,0.0
2009-12-15,14.85489559173584,0.0
2009-12-16,14.85489559173584,0.0
2009-12-17,14.85489559173584,0.0
2009-12-18,14.85489559173584,0.0
2009-12-21,14.85489559173584,0.0
2009-12-22,14.85489559173584,0.0
2009-12-23,14.85489559173584,0.0
2009-12-24,14.85489559173584,0.0
2009-12-25,14.85489559173584,0.0
2009-12-28,14.85489559173584,0.0
2009-12-29,14.85489559173584,0.0
2009-12-30,14.85489559173584,0.0
2009-12-31,14.85489559173584,0.0
2010-01-04,14.85489559173584,0.0
2010-01-05,14.85489559173584,0.0
2010-01-06,14.85489559173584,0.0
2010-01-07,14.85489559173584,0.0
2010-01-08,14.85489559173584,0.0
2010-01-11,14.85489559173584,0.0
2010-01-12,14.85489559173584,0.0
2010-01-13,14.85489559173584,0.0
2010-01-14,14.85489559173584,0.0
2010-01-15,14.85489559173584,0.0
2010-01-18,14.85489559173584,0.0
2010-01-19,14.85489559173584,0.0
2010-01-20,14.85489559173584,0.0
2010-01-21,14.85489559173584,0.0
2010-01-22,14.85489559173584,0.0
2010-01-25,14.85489559173584,0.0
2010-01-26,14.85489559173584,0.0
2010-01-27,14.85489559173584,0.0
2010-01-28,14.85489559173584,0.0
2010-01-29,14.85489559173584,0.0
2010-02-01,14.85489559173584,0.0
2010-02-02,14.85489559173584,0.0
2010-02-03,14.85489559173584,0.0
2010-02-04,14.85489559173584,0.0
2010-02-05,14.85489559173584,0.0
2010-02-08,14.85489559173584,0.0
2010-02-09,14.85489559173584,0.0
2010-02-10,14.85489559173584,0.0
2010-02-22,14.85489559173584,0.0
2010-02-23,14.85489559173584,0.0
2010-02-24,14.85489559173584,0.0
2010-02-25,14.85489559173584,0.0
2010-02-26,14.85489559173584,0.0
2010-03-01,14.85489559173584,0.0
2010-03-02,14.85489559173584,0.0
2010-03-03,14.85489559173584,0.0
2010-03-04,14.85489559173584,0.0
2010-03-05,14.85489559173584,0.0
2010-03-08,14.85489559173584,0.0
2010-03-09,14.85489559173584,0.0
2010-03-10,14.85489559173584,0.0
2010-03-11,14.85489559173584,0.0
2010-03-12,14.85489559173584,0.0
2010-03-15,14.85489559173584,0.0
2010-03-16,14.85489559173584,0.0
2010-03-17,14.85489559173584,0.0
2010-03-18,14.85489559173584,0.0
2010-03-19,14.85489559173584,0.0
2010-03-22,14.85489559173584,0.0
2010-03-23,14.85489559173584,0.0
2010-03-24,14.85489559173584,0.0
2010-03-25,14.85489559173584,0.0
2010-03-26,14.85489559173584,0.0
2010-03-29,14.85489559173584,0.0
2010-03-30,14.85489559173584,0.0
2010-03-31,14.85489559173584,0.0
2010-04-01,14.85489559173584,0.0
2010-04-02,14.85489559173584,0.0
2010-04-06,14.85489559173584,0.0
2010-04-07,14.85489559173584,0.0
2010-04-08,14.85489559173584,0.0
2010-04-09,14.85489559173584,0.0
2010-04-12,14.85489559173584,0.0
2010-04-13,14.85489559173584,0.0
2010-04-14,14.85489559173584,0.0
2010-04-15,14.85489559173584,0.0
2010-04-16,14.85489559173584,0.0
2010-04-19,14.85489559173584,0.0
2010-04-20,14.85489559173584,0.0
2010-04-21,14.85489559173584,0.0
2010-04-22,14.85489559173584,0.0
2010-04-23,14.85489559173584,0.0
2010-04-26,14.85489559173584,0.0
2010-04-27,14.85489559173584,0.0
2010-04-28,14.85489559173584,0.0
2010-04-29,14.85489559173584,0.0
2010-04-30,14.85489559173584,0.0
2010-05-03,14.85489559173584,0.0
2010-05-04,14.85489559173584,0.0
2010-05-05,14.85489559173584,0.0
2010-05-06,14.85489559173584,0.0
2010-05-07,14.85489559173584,0.0
2010-05-10,14.85489559173584,0.0
2010-05-11,14.85489559173584,0.0
2010-05-12,14.85489559173584,0.0
2010-05-13,14.85489559173584,0.0
2010-05-14,14.85489559173584,0.0
2010-05-17,14.85489559173584,0.0
2010-05-18,14.85489559173584,0.0
2010-05-19,14.85489559173584,0.0
2010-05-20,14.85489559173584,0.0
2010-05-21,14.85489559173584,0.0
2010-05-24,14.85489559173584,0.0
2010-05-25,14.85489559173584,0.0
2010-05-26,14.85489559173584,0.0
2010-05-27,14.85489559173584,0.0
2010-05-28,14.85489559173584,0.0
2010-05-31,14.85489559173584,0.0
2010-06-01,14.85489559173584,0.0
2010-06-02,14.85489559173584,0.0
2010-06-03,14.85489559173584,0.0
2010-06-04,14.85489559173584,0.0
2010-06-07,14.85489559173584,0.0
2010-06-08,14.85489559173584,0.0
2010-06-09,14.85489559173584,0.0
2010-06-10,14.85489559173584,0.0
2010-06-11,14.85489559173584,0.0
2010-06-14,14.85489559173584,0.0
2010-06-15,14.85489559173584,0.0
2010-06-17,14.85489559173584,0.0
2010-06-18,14.85489559173584,0.0
2010-06-21,14.85489559173584,0.0
2010-06-22,14.85489559173584,0.0
2010-06-23,14.85489559173584,0.0
2010-06-24,14.85489559173584,0.0
2010-06-25,14.85489559173584,0.0
2010-06-28,14.85489559173584,0.0
2010-06-29,14.85489559173584,0.0
2010-06-30,14.85489559173584,0.0
2010-07-01,14.85489559173584,0.0
2010-07-02,14.85489559173584,0.0
2010-07-05,14.85489559173584,0.0
2010-07-06,14.85489559173584,0.0
2010-07-07,14.85489559173584,0.0
2010-07-08,14.85489559173584,0.0
2010-07-09,14.85489559173584,0.0
2010-07-12,14.85489559173584,0.0
2010-07-13,14.85489559173584,0.0
2010-07-14,14.85489559173584,0.0
2010-07-15,14.85489559173584,0.0
2010-07-16,14.85489559173584,0.0
2010-07-19,14.85489559173584,0.0
2010-07-20,14.85489559173584,0.0
2010-07-21,14.85489559173584,0.0
2010-07-22,14.85489559173584,0.0
2010-07-23,14.85489559173584,0.0
2010-07-26,14.85489559173584,0.0
2010-07-27,14.85489559173584,0.0
2010-07-28,14.85489559173584,0.0
2010-07-29,14.85489559173584,0.0
2010-07-30,14.85489559173584,0.0
2010-08-02,14.85489559173584,0.0
2010-08-03,14.85489559173584,0.0
2010-08-04,14.85489559173584,0.0
2010-08-05,14.85489559173584,0.0
2010-08-06,14.85489559173584,0.0
2010-08-09,14.85489559173584,0.0
2010-08-10,14.85489559173584,0.0
2010-08-11,14.85489559173584,0.0
2010-08-12,14.85489559173584,0.0
2010-08-13,14.85489559173584,0.0
2010-08-16,14.85489559173584,0.0
2010-08-17,14.85489559173584,0.0
2010-08-18,14.85489559173584,0.0
2010-08-19,14.85489559173584,0.0
2010-08-20,14.85489559173584,0.0
2010-08-23,14.85489559173584,0.0
2010-08-24,14.85489559173584,0.0
2010-08-25,14.85489559173584,0.0
2010-08-26,14.85489559173584,0.0
2010-08-27,14.85489559173584,0.0
2010-08-30,14.85489559173584,0.0
2010-08-31,14.85489559173584,0.0
2010-09-01,14.85489559173584,0.0
2010-09-02,14.85489559173584,0.0
2010-09-03,14.85489559173584,0.0
2010-09-06,14.85489559173584,0.0
2010-09-07,14.85489559173584,0.0
2010-09-08,14.85489559173584,0.0
2010-09-09,14.85489559173584,0.0
2010-09-10,14.85489559173584,0.0
2010-09-13,14.85489559173584,0.0
2010-09-14,14.85489559173584,0.0
2010-09-15,14.85489559173584,0.0
2010-09-16,14.85489559173584,0.0
2010-09-17,14.85489559173584,0.0
2010-09-20,14.85489559173584,0.0
2010-09-21,14.85489559173584,0.0
2010-09-23,14.85489559173584,0.0
2010-09-24,14.85489559173584,0.0
2010-09-27,14.85489559173584,0.0
2010-09-28,14.85489559173584,0.0
2010-09-29,14.85489559173584,0.0
2010-09-30,14.85489559173584,0.0
2010-10-01,14.85489559173584,0.0
2010-10-04,14.85489559173584,0.0
2010-10-05,14.85489559173584,0.0
2010-10-06,14.85489559173584,0.0
2010-10-07,14.85489559173584,0.0
2010-10-08,14.85489559173584,0.0
2010-10-11,14.85489559173584,0.0
2010-10-12,14.85489559173584,0.0
2010-10-13,14.85489559173584,0.0
2010-10-14,14.85489559173584,0.0
2010-10-15,14.85489559173584,0.0
2010-10-18,14.85489559173584,0.0
2010-10-19,14.85489559173584,0.0
2010-10-20,14.85489559173584,0.0
2010-10-21,14.85489559173584,0.0
2010-10-22,14.85489559173584,0.0
2010-10-25,14.85489559173584,0.0
2010-10-26,14.85489559173584,0.0
2010-10-27,14.85489559173584,0.0
2010-10-28,14.85489559173584,0.0
2010-10-29,14.85489559173584,0.0
2010-11-01,14.85489559173584,0.0
2010-11-02,14.85489559173584,0.0
2010-11-03,14.85489559173584,0.0
2010-11-04,14.85489559173584,0.0
2010-11-05,14.85489559173584,0.0
2010-11-08,14.85489559173584,0.0
2010-11-09,14.85489559173584,0.0
2010-11-10,14.85489559173584,0.0
2010-11-11,14.85489559173584,0.0
2010-11-12,14.85489559173584,0.0
2010-11-15,14.85489559173584,0.0
2010-11-16,14.85489559173584,0.0
2010-11-17,14.85489559173584,0.0
2010-11-18,14.85489559173584,0.0
2010-11-19,14.85489559173584,0.0
2010-11-22,14.85489559173584,0.0
2010-11-23,14.85489559173584,0.0
2010-11-24,14.85489559173584,0.0
2010-11-25,14.85489559173584,0.0
2010-11-26,14.85489559173584,0.0
2010-11-29,14.85489559173584,0.0
2010-11-30,14.85489559173584,0.0
2010-12-01,14.85489559173584,0.0
2010-12-02,14.85489559173584,0.0
2010-12-03,14.85489559173584,0.0
2010-12-06,14.85489559173584,0.0
2010-12-07,14.85489559173584,0.0
2010-12-08,14.85489559173584,0.0
2010-12-09,14.85489559173584,0.0
2010-12-10,14.85489559173584,0.0
2010-12-13,14.85489559173584,0.0
2010-12-14,14.85489559173584,0.0
2010-12-15,14.85489559173584,0.0
2010-12-16,14.85489559173584,0.0
2010-12-17,14.85489559173584,0.0
2010-12-20,14.85489559173584,0.0
2010-12-21,14.85489559173584,0.0
2010-12-22,14.85489559173584,0.0
2010-12-23,14.85489559173584,0.0
2010-12-24,14.85489559173584,0.0
2010-12-27,14.85489559173584,0.0
2010-12-28,14.85489559173584,0.0
2010-12-29,14.85489559173584,0.0
2010-12-30,14.85489559173584,0.0
2010-12-31,14.85489559173584,0.0
2011-01-03,14.85489559173584,0.0
2011-01-04,14.85489559173584,0.0
2011-01-05,14.85489559173584,0.0
2011-01-06,14.85489559173584,0.0
2011-01-07,14.85489559173584,0.0
2011-01-10,14.85489559173584,0.0
2011-01-11,14.85489559173584,0.0
2011-01-12,14.85489559173584,0.0
2011-01-13,14.85489559173584,0.0
2011-01-14,14.85489559173584,0.0
2011-01-17,14.85489559173584,0.0
2011-01-18,14.85489559173584,0.0
2011-01-19,14.85489559173584,0.0
2011-01-20,14.85489559173584,0.0
2011-01-21,14.85489559173584,0.0
2011-01-24,14.85489559173584,0.0
2011-01-25,14.85489559173584,0.0
2011-01-26,14.85489559173584,0.0
2011-01-27,14.85489559173584,0.0
2011-01-28,14.85489559173584,0.0
2011-02-08,14.85489559173584,0.0
2011-02-09,14.85489559173584,0.0
2011-02-10,14.85489559173584,0.0
2011-02-11,14.85489559173584,0.0
2011-02-14,14.85489559173584,0.0
2011-02-15,14.85489559173584,0.0
2011-02-16,14.85489559173584,0.0
2011-02-17,14.85489559173584,0.0
2011-02-18,14.85489559173584,0.0
2011-02-21,14.85489559173584,0.0
2011-02-22,14.85489559173584,0.0
2011-02-23,14.85489559173584,0.0
2011-02-24,14.85489559173584,0.0
2011-02-25,14.85489559173584,0.0
2011-03-01,14.85489559173584,0.0
2011-03-02,14.85489559173584,0.0
2011-03-03,14.85489559173584,0.0
2011-03-04,14.85489559173584,0.0
2011-03-07,14.85489559173584,0.0
2011-03-08,14.85489559173584,0.0
2011-03-09,14.85489559173584,0.0
2011-03-10,14.85489559173584,0.0
2011-03-11,14.85489559173584,0.0
2011-03-14,14.85489559173584,0.0
2011-03-15,14.85489559173584,0.0
2011-03-16,14.85489559173584,0.0
2011-03-17,14.85489559173584,0.0
2011-03-18,14.85489559173584,0.0
2011-03-21,14.85489559173584,0.0
2011-03-22,14.85489559173584,0.0
2011-03-23,14.85489559173584,0.0
2011-03-24,14.85489559173584,0.0
2011-03-25,14.85489559173584,0.0
2011-03-28,14.85489559173584,0.0
2011-03-29,14.85489559173584,0.0
2011-03-30,14.85489559173584,0.0
2011-03-31,14.85489559173584,0.0
2011-04-01,14.85489559173584,0.0
2011-04-06,14.85489559173584,0.0
2011-04-07,14.85489559173584,0.0
2011-04-08,14.85489559173584,0.0
2011-04-11,14.85489559173584,0.0
2011-04-12,14.85489559173584,0.0
2011-04-13,14.85489559173584,0.0
2011-04-14,14.85489559173584,0.0
2011-04-15,14.85489559173584,0.0
2011-04-18,14.85489559173584,0.0
2011-04-19,14.85489559173584,0.0
2011-04-20,14.85489559173584,0.0
2011-04-21,14.85489559173584,0.0
2011-04-22,14.85489559173584,0.0
2011-04-25,14.85489559173584,0.0
2011-04-26,14.85489559173584,0.0
2011-04-27,14.85489559173584,0.0
2011-04-28,14.85489559173584,0.0
2011-04-29,14.85489559173584,0.0
2011-05-03,14.85489559173584,0.0
2011-05-04,14.85489559173584,0.0
2011-05-05,14.85489559173584,0.0
2011-05-06,14.85489559173584,0.0
2011-05-09,14.85489559173584,0.0
2011-05-10,14.85489559173584,0.0
2011-05-11,14.85489559173584,0.0
2011-05-12,14.85489559173584,0.0
2011-05-13,14.85489559173584,0.0
2011-05-16,14.85489559173584,0.0
2011-05-17,14.85489559173584,0.0
2011-05-18,14.85489559173584,0.0
2011-05-19,14.85489559173584,0.0
2011-05-20,14.85489559173584,0.0
2011-05-23,14.85489559173584,0.0
2011-05-24,14.85489559173584,0.0
2011-05-25,14.85489559173584,0.0
2011-05-26,14.85489559173584,0.0
2011-05-27,14.85489559173584,0.0
2011-05-30,14.85489559173584,0.0
2011-05-31,14.85489559173584,0.0
2011-06-01,14.85489559173584,0.0
2011-06-02,14.85489559173584,0.0
2011-06-03,14.85489559173584,0.0
2011-06-07,14.85489559173584,0.0
2011-06-08,14.85489559173584,0.0
2011-06-09,14.85489559173584,0.0
2011-06-10,14.85489559173584,0.0
2011-06-13,14.85489559173584,0.0
2011-06-14,14.85489559173584,0.0
2011-06-15,14.85489559173584,0.0
2011-06-16,14.85489559173584,0.0
2011-06-17,14.85489559173584,0.0
2011-06-20,14.85489559173584,0.0
2011-06-21,14.85489559173584,0.0
2011-06-22,14.85489559173584,0.0
2011-06-23,14.85489559173584,0.0
2011-06-24,14.85489559173584,0.0
2011-06-27,14.85489559173584,0.0
2011-06-28,14.85489559173584,0.0
2011-06-29,14.85489559173584,0.0
2011-06-30,14.85489559173584,0.0
2011-07-01,14.85489559173584,0.0
2011-07-04,14.85489559173584,0.0
2011-07-05,14.85489559173584,0.0
2011-07-06,14.85489559173584,0.0
2011-07-07,14.85489559173584,0.0
2011-07-08,14.85489559173584,0.0
2011-07-11,14.85489559173584,0.0
2011-07-12,14.85489559173584,0.0
2011-07-13,14.85489559173584,0.0
2011-07-14,14.85489559173584,0.0
2011-07-15,14.85489559173584,0.0
2011-07-18,14.85489559173584,0.0
2011-07-19,14.85489559173584,0.0
2011-07-20,14.85489559173584,0.0
2011-07-21,14.85489559173584,0.0
2011-07-22,14.85489559173584,0.0
2011-07-25,14.85489559173584,0.0
2011-07-26,14.85489559173584,0.0
2011-07-27,14.85489559173584,0.0
2011-07-28,14.85489559173584,0.0
2011-07-29,14.85489559173584,0.0
2011-08-01,14.85489559173584,0.0
2011-08-02,14.85489559173584,0.0
2011-08-03,14.85489559173584,0.0
2011-08-04,14.85489559173584,0.0
2011-08-05,14.85489559173584,0.0
2011-08-08,14.85489559173584,0.0
2011-08-09,14.85489559173584,0.0
2011-08-10,14.85489559173584,0.0
2011-08-11,14.85489559173584,0.0
2011-08-12,14.85489559173584,0.0
2011-08-15,14.85489559173584,0.0
2011-08-16,14.85489559173584,0.0
2011-08-17,14.85489559173584,0.0
2011-08-18,14.85489559173584,0.0
2011-08-19,14.85489559173584,0.0
2011-08-22,14.85489559173584,0.0
2011-08-23,14.85489559173584,0.0
2011-08-24,14.85489559173584,0.0
2011-08-25,14.85489559173584,0.0
2011-08-26,14.85489559173584,0.0
2011-08-29,14.85489559173584,0.0
2011-08-30,14.85489559173584,0.0
2011-08-31,14.85489559173584,0.0
2011-09-01,14.85489559173584,0.0
2011-09-02,14.85489559173584,0.0
2011-09-05,14.85489559173584,0.0
2011-09-06,14.85489559173584,0.0
2011-09-07,14.85489559173584,0.0
2011-09-08,14.85489559173584,0.0
2011-09-09,14.85489559173584,0.0
2011-09-13,14.85489559173584,0.0
2011-09-14,14.85489559173584,0.0
2011-09-15,14.85489559173584,0.0
2011-09-16,14.85489559173584,0.0
2011-09-19,14.85489559173584,0.0
2011-09-20,14.85489559173584,0.0
2011-09-21,14.85489559173584,0.0
2011-09-22,14.85489559173584,0.0
2011-09-23,14.85489559173584,0.0
2011-09-26,14.85489559173584,0.0
2011-09-27,14.85489559173584,0.0
2011-09-28,14.85489559173584,0.0
2011-09-29,14.85489559173584,0.0
2011-09-30,14.85489559173584,0.0
2011-10-03,14.85489559173584,0.0
2011-10-04,14.85489559173584,0.0
2011-10-05,14.85489559173584,0.0
2011-10-06,14.85489559173584,0.0
2011-10-07,14.85489559173584,0.0
2011-10-11,14.85489559173584,0.0
2011-10-12,14.85489559173584,0.0
2011-10-13,14.85489559173584,0.0
2011-10-14,14.85489559173584,0.0
2011-10-17,14.85489559173584,0.0
2011-10-18,14.85489559173584,0.0
2011-10-19,14.85489559173584,0.0
2011-10-20,14.85489559173584,0.0
2011-10-21,14.85489559173584,0.0
2011-10-24,14.85489559173584,0.0
2011-10-25,14.85489559173584,0.0
2011-10-26,14.85489559173584,0.0
2011-10-27,14.85489559173584,0.0
2011-10-28,14.85489559173584,0.0
2011-10-31,14.85489559173584,0.0
2011-11-01,14.85489559173584,0.0
2011-11-02,14.85489559173584,0.0
2011-11-03,14.85489559173584,0.0
2011-11-04,14.85489559173584,0.0
2011-11-07,14.85489559173584,0.0
2011-11-08,14.85489559173584,0.0
2011-11-09,14.85489559173584,0.0
2011-11-10,14.85489559173584,0.0
2011-11-11,14.85489559173584,0.0
2011-11-14,14.85489559173584,0.0
2011-11-15,14.85489559173584,0.0
2011-11-16,14.85489559173584,0.0
2011-11-17,14.85489559173584,0.0
2011-11-18,14.85489559173584,0.0
2011-11-21,14.85489559173584,0.0
2011-11-22,14.85489559173584,0.0
2011-11-23,22.330263137817383,0.0
2011-11-24,22.52193832397461,0.0
2011-11-25,22.042749404907227,0.0
2011-11-28,22.234424591064453,0.0
2011-11-29,24.726213455200195,0.0
2011-11-30,26.25962257385254,0.0
2011-12-01,26.067947387695312,0.0
2011-12-02,27.07424545288086,0.0
2011-12-05,28.94308853149414,0.0
2011-12-06,30.955686569213867,0.0
2011-12-07,33.11204147338867,0.0
2011-12-08,35.41215515136719,0.0
2011-12-09,37.85602569580078,0.0
2011-12-12,40.49157333374024,0.0
2011-12-13,37.66434860229492,0.0
2011-12-14,35.028804779052734,0.0
2011-12-15,36.897647857666016,0.0
2011-12-16,34.35793685913086,0.0
2011-12-19,31.961986541748047,0.0
2011-12-20,31.914066314697266,0.0
2011-12-21,34.118343353271484,0.0
2011-12-22,36.46637344360352,0.0
2011-12-23,37.56851196289063,0.0
2011-12-26,40.01238250732422,0.0
2011-12-27,37.47267532348633,0.0
2011-12-28,38.95816421508789,0.0
2011-12-29,37.52059173583984,0.0
2011-12-30,37.95186233520508,0.0
2012-01-02,38.71856689453125,0.0
2012-01-03,40.1561393737793,0.0
2012-01-04,39.67694854736328,0.0
2012-01-05,38.2393798828125,0.0
2012-01-06,38.81440734863281,0.0
2012-01-09,39.00608444213867,0.0
2012-01-10,38.2393798828125,0.0
2012-01-11,37.7122688293457,0.0
2012-01-12,36.418453216552734,0.0
2012-01-13,37.47267532348633,0.0
2012-01-16,37.90394592285156,0.0
2012-01-17,38.287296295166016,0.0
2012-01-18,38.57481002807617,0.0
2012-01-30,41.258277893066406,0.0
2012-01-31,44.133419036865234,0.0
2012-02-01,46.48144912719727,0.0
2012-02-02,46.76896286010742,0.0
2012-02-03,50.02745819091797,0.0
2012-02-06,51.65670394897461,0.0
2012-02-07,55.20271301269531,0.0
2012-02-08,59.036231994628906,0.0
2012-02-09,57.11947250366211,0.0
2012-02-10,57.88617706298828,0.0
2012-02-13,61.91137313842773,0.0
2012-02-14,63.63645935058594,0.0
2012-02-15,62.869754791259766,0.0
2012-02-16,58.55704116821289,0.0
2012-02-17,59.41958618164063,0.0
2012-02-20,59.89877700805664,0.0
2012-02-21,59.32374572753906,0.0
2012-02-22,58.461204528808594,0.0
2012-02-23,57.50282669067383,0.0
2012-02-24,56.5444450378418,0.0
2012-02-29,60.47380447387695,0.0
2012-03-01,60.1862907409668,0.0
2012-03-02,60.090450286865234,0.0
2012-03-05,60.1862907409668,0.0
2012-03-06,58.07785415649414,0.0
2012-03-07,57.31114959716797,0.0
2012-03-08,56.92779541015625,0.0
2012-03-09,57.31114959716797,0.0
2012-03-12,55.777740478515625,0.0
2012-03-13,56.16109085083008,0.0
2012-03-14,59.32374572753906,0.0
2012-03-15,57.98201370239258,0.0
2012-03-16,58.07785415649414,0.0
2012-03-19,59.61126327514648,0.0
2012-03-20,58.55704116821289,0.0
2012-03-21,57.598663330078125,0.0
2012-03-22,59.41958618164063,0.0
2012-03-23,62.39056396484375,0.0
2012-03-26,66.60743713378906,0.0
2012-03-27,64.78651428222656,0.0
2012-03-28,65.16986846923828,0.0
2012-03-29,60.66548156738281,0.0
2012-03-30,59.036231994628906,0.0
2012-04-02,59.61126327514648,0.0
2012-04-03,56.83195877075195,0.0
2012-04-05,55.87357711791992,0.0
2012-04-06,59.51542282104492,0.0
2012-04-09,58.74871826171875,0.0
2012-04-10,59.70709991455078,0.0
2012-04-11,63.8281364440918,0.0
2012-04-12,66.43143463134766,0.0
2012-04-13,66.63033294677734,0.0
2012-04-16,67.02812957763672,0.0
2012-04-17,65.0391616821289,0.0
2012-04-18,63.54743957519531,0.0
2012-04-19,62.45350646972656,0.0
2012-04-20,64.64137268066406,0.0
2012-04-23,62.552955627441406,0.0
2012-04-24,63.1496467590332,0.0
2012-04-25,63.54743957519531,0.0
2012-04-26,62.25461196899414,0.0
2012-04-27,59.47005844116211,0.0
2012-04-30,59.768402099609375,0.0
2012-05-02,62.35405731201172,0.0
2012-05-03,62.35405731201172,0.0
2012-05-04,63.05019760131836,0.0
2012-05-07,61.65792083740234,0.0
2012-05-08,61.16067886352539,0.0
2012-05-09,59.768402099609375,0.0
2012-05-10,59.96730041503906,0.0
2012-05-11,59.17171478271485,0.0
2012-05-14,57.77943801879883,0.0
2012-05-15,58.47557830810547,0.0
2012-05-16,58.67447280883789,0.0
2012-05-17,58.67447280883789,0.0
2012-05-18,56.78495788574219,0.0
2012-05-21,56.685508728027344,0.0
2012-05-22,58.07778549194336,0.0
2012-05-23,56.486610412597656,0.0
2012-05-24,55.29323196411133,0.0
2012-05-25,54.89543914794922,0.0
2012-05-28,55.094337463378906,0.0
2012-05-29,58.87337112426758,0.0
2012-05-30,61.16067886352539,0.0
2012-05-31,61.16067886352539,0.0
2012-06-01,59.47005844116211,0.0
2012-06-04,57.1827507019043,0.0
2012-06-05,57.67999267578125,0.0
2012-06-06,59.17171478271485,0.0
2012-06-07,58.67447280883789,0.0
2012-06-08,59.37060928344727,0.0
2012-06-11,62.65240478515625,0.0
2012-06-12,61.95626449584961,0.0
2012-06-13,61.65792083740234,0.0
2012-06-14,61.45902633666992,0.0
2012-06-15,62.05571365356445,0.0
2012-06-18,65.0391616821289,0.0
2012-06-19,65.2380599975586,0.0
2012-06-20,65.73529815673828,0.0
2012-06-21,64.93971252441406,0.0
2012-06-22,64.64137268066406,0.0
2012-06-25,65.63584899902344,0.0
2012-06-26,63.64688873291016,0.0
2012-06-27,63.64688873291016,0.0
2012-06-28,63.64688873291016,0.0
2012-06-29,63.64688873291016,0.0
2012-07-02,65.93419647216797,0.0
2012-07-03,64.84026336669922,0.0
2012-07-04,64.74081420898438,0.0
2012-07-05,65.63584899902344,0.0
2012-07-06,64.44247436523438,0.0
2012-07-09,63.94523239135742,0.0
2012-07-10,61.45902633666992,0.0
2012-07-11,61.65792083740234,0.0
2012-07-12,61.45902633666992,0.0
2012-07-13,60.96178436279297,0.0
2012-07-16,59.86785125732422,0.0
2012-07-17,61.26012802124024,0.0
2012-07-18,61.26012802124024,0.0
2012-07-19,62.45350646972656,0.0
2012-07-20,62.75185012817383,0.0
2012-07-23,62.05571365356445,0.0
2012-07-24,61.35957717895508,0.0
2012-07-25,61.26012802124024,0.0
2012-07-26,60.96178436279297,0.0
2012-07-27,62.05571365356445,0.0
2012-07-30,63.44799041748047,0.0
2012-07-31,63.348541259765625,0.0
2012-08-01,63.44799041748047,0.0
2012-08-02,63.44799041748047,0.0
2012-08-03,63.1496467590332,0.0
2012-08-06,62.552955627441406,0.0
2012-08-07,62.1551628112793,0.0
2012-08-08,62.65240478515625,0.0
2012-08-09,63.44799041748047,0.0
2012-08-10,62.1551628112793,0.0
2012-08-13,63.44799041748047,0.0
2012-08-14,62.85129928588867,0.0
2012-08-15,62.75185012817383,0.0
2012-08-16,65.43695831298828,0.0
2012-08-17,64.044677734375,0.0
2012-08-20,64.14412689208984,0.0
2012-08-21,64.14412689208984,0.0
2012-08-22,64.34302520751953,0.0
2012-08-23,63.94523239135742,0.0
2012-08-24,65.43695831298828,0.0
2012-08-27,67.5253677368164,0.0
2012-08-28,66.13309478759766,0.0
2012-08-29,67.02812957763672,0.0
2012-08-30,67.5253677368164,0.0
2012-08-31,67.22702026367188,0.0
2012-09-03,66.72978210449219,0.0
2012-09-04,66.43143463134766,0.0
2012-09-05,65.83474731445312,0.0
2012-09-06,66.03364562988281,0.0
2012-09-07,67.12757873535156,0.0
2012-09-10,71.80164337158203,0.0
2012-09-11,71.80164337158203,0.0
2012-09-12,75.38178253173828,0.0
2012-09-13,74.6856460571289,0.0
2012-09-14,77.07240295410156,0.0
2012-09-17,76.97295379638672,0.0
2012-09-18,76.97295379638672,0.0
2012-09-19,75.77957153320312,0.0
2012-09-20,81.05033111572266,0.0
2012-09-21,86.71887969970703,0.0
2012-09-24,88.80729675292969,0.0
2012-09-25,92.2879867553711,0.0
2012-09-26,98.65267181396484,0.0
2012-09-27,96.16646575927734,0.0
2012-09-28,102.43170928955078,0.0
2012-10-01,109.3930892944336,0.0
2012-10-02,106.40963745117188,0.0
2012-10-03,104.91791534423828,0.0
2012-10-04,111.8792953491211,0.0
2012-10-05,119.3379135131836,0.0
2012-10-08,116.35446166992188,0.0
2012-10-09,117.34894561767578,0.0
2012-10-11,125.3048095703125,0.0
2012-10-12,129.28274536132812,0.0
2012-10-15,120.3323974609375,0.0
2012-10-16,118.84066772460938,0.0
2012-10-17,126.7965316772461,0.0
2012-10-18,129.28274536132812,0.0
2012-10-19,127.29377746582033,0.0
2012-10-22,126.2992935180664,0.0
2012-10-23,124.80756378173828,0.0
2012-10-24,124.80756378173828,0.0
2012-10-25,122.818603515625,0.0
2012-10-26,114.3655014038086,0.0
2012-10-29,106.40963745117188,0.0
2012-10-30,112.37653350830078,0.0
2012-10-31,117.34894561767578,0.0
2012-11-01,121.8241195678711,0.0
2012-11-02,118.34342956542967,0.0
2012-11-05,126.2992935180664,0.0
2012-11-06,134.7523956298828,0.0
2012-11-07,143.2054901123047,0.0
2012-11-08,141.21653747558594,0.0
2012-11-09,150.6641082763672,0.0
2012-11-12,148.1779022216797,0.0
2012-11-13,138.2330780029297,0.0
2012-11-14,147.6806640625,0.0
2012-11-15,146.68618774414062,0.0
2012-11-16,143.2054901123047,0.0
2012-11-19,135.7468719482422,0.0
2012-11-20,145.1944580078125,0.0
2012-11-21,147.1834259033203,0.0
2012-11-22,143.70274353027344,0.0
2012-11-23,144.19998168945312,0.0
2012-11-26,147.6806640625,0.0
2012-11-27,148.1779022216797,0.0
2012-11-28,152.653076171875,0.0
2012-11-29,153.15032958984375,0.0
2012-11-30,151.65859985351562,0.0
2012-12-03,149.6696319580078,0.0
2012-12-04,151.16136169433594,0.0
2012-12-05,161.60342407226562,0.0
2012-12-06,169.5592803955078,0.0
2012-12-07,179.5041046142578,0.0
2012-12-10,191.9351501464844,0.0
2012-12-11,178.50962829589844,0.0
2012-12-12,186.9627227783203,0.0
2012-12-13,182.4875640869141,0.0
2012-12-14,182.9848022460937,0.0
2012-12-17,179.00686645507812,0.0
2012-12-18,170.55377197265625,0.0
2012-12-19,182.4875640869141,0.0
2012-12-20,170.55377197265625,0.0
2012-12-21,171.05101013183594,0.0
2012-12-24,178.01239013671875,0.0
2012-12-25,165.58135986328125,0.0
2012-12-26,159.11721801757812,0.0
2012-12-27,148.1779022216797,0.0
2012-12-28,154.14480590820312,0.0
2013-01-02,154.14480590820312,0.0
2013-01-03,164.08963012695312,0.0
2013-01-04,167.0730743408203,0.0
2013-01-07,167.0730743408203,0.0
2013-01-08,174.03445434570312,0.0
2013-01-09,176.02342224121094,0.0
2013-01-10,164.08963012695312,0.0
2013-01-11,164.5868682861328,0.0
2013-01-14,168.56480407714844,0.0
2013-01-15,171.05101013183594,0.0
2013-01-16,171.05101013183594,0.0
2013-01-17,159.11721801757812,0.0
2013-01-18,168.56480407714844,0.0
2013-01-21,173.53721618652344,0.0
2013-01-22,177.0178985595703,0.0
2013-01-23,183.97927856445312,0.0
2013-01-24,180.995834350586,0.0
2013-01-25,184.4765167236328,0.0
2013-01-28,180.00135803222656,0.0
2013-01-29,180.49859619140625,0.0
2013-01-30,178.01239013671875,0.0
2013-01-31,177.51515197753906,0.0
2013-02-01,186.9627227783203,0.0
2013-02-04,190.44342041015625,0.0
2013-02-05,186.46548461914065,0.0
2013-02-06,194.9185943603516,0.0
2013-02-18,194.42135620117188,0.0
2013-02-19,196.9075622558593,0.0
2013-02-20,210.33306884765625,0.0
2013-02-21,216.7972106933593,0.0
2013-02-22,219.78065490722656,0.0
2013-02-25,218.28892517089844,0.0
2013-02-26,222.2668609619141,0.0
2013-02-27,213.31651306152344,0.0
2013-03-01,215.30548095703125,0.0
2013-03-04,200.38824462890625,0.0
2013-03-05,204.36618041992188,0.0
2013-03-06,197.40480041503903,0.0
2013-03-07,200.38824462890625,0.0
2013-03-08,197.40480041503903,0.0
2013-03-11,192.4323883056641,0.0
2013-03-12,200.885482788086,0.0
2013-03-13,198.89651489257807,0.0
2013-03-14,199.89100646972656,0.0
2013-03-15,205.36065673828125,0.0
2013-03-18,201.3827209472656,0.0
2013-03-19,199.89100646972656,0.0
2013-03-20,207.84686279296875,0.0
2013-03-21,203.37168884277344,0.0
2013-03-22,198.89651489257807,0.0
2013-03-25,202.3772125244141,0.0
2013-03-26,199.89100646972656,0.0
2013-03-27,195.41583251953125,0.0
2013-03-28,197.90203857421875,0.0
2013-03-29,196.9075622558593,0.0
2013-04-01,184.9737701416016,0.0
2013-04-02,185.47100830078125,0.0
2013-04-03,190.940658569336,0.0
2013-04-08,185.9682464599609,0.0
2013-04-09,198.89651489257807,0.0
2013-04-10,189.94618225097656,0.0
2013-04-11,187.45997619628903,0.0
2013-04-12,191.4378967285156,0.0
2013-04-15,185.47100830078125,0.0
2013-04-16,190.940658569336,0.0
2013-04-17,187.95721435546875,0.0
2013-04-18,184.9737701416016,0.0
2013-04-19,185.47100830078125,0.0
2013-04-22,187.95721435546875,0.0
2013-04-23,188.45445251464844,0.0
2013-04-24,187.95721435546875,0.0
2013-04-25,190.44342041015625,0.0
2013-04-26,178.50962829589844,0.0
2013-04-29,167.0730743408203,0.0
2013-04-30,165.58135986328125,0.0
2013-05-02,175.02894592285156,0.0
2013-05-03,169.06204223632812,0.0
2013-05-06,167.0730743408203,0.0
2013-05-07,168.06756591796875,0.0
2013-05-08,167.0730743408203,0.0
2013-05-09,168.56480407714844,0.0
2013-05-10,174.03445434570312,0.0
2013-05-13,172.0454864501953,0.0
2013-05-14,176.52066040039062,0.0
2013-05-15,174.03445434570312,0.0
2013-05-16,178.50962829589844,0.0
2013-05-17,183.97927856445312,0.0
2013-05-20,181.9903106689453,0.0
2013-05-21,179.5041046142578,0.0
2013-05-22,174.03445434570312,0.0
2013-05-23,172.0454864501953,0.0
2013-05-24,168.56480407714844,0.0
2013-05-27,172.0454864501953,0.0
2013-05-28,169.06204223632812,0.0
2013-05-29,167.5703125,0.0
2013-05-30,172.0454864501953,0.0
2013-05-31,171.54824829101562,0.0
2013-06-03,167.0730743408203,0.0
2013-06-04,168.06756591796875,0.0
2013-06-05,167.0730743408203,0.0
2013-06-06,165.0841064453125,0.0
2013-06-07,165.58135986328125,0.0
2013-06-10,177.0178985595703,0.0
2013-06-11,177.0178985595703,0.0
2013-06-13,181.4930725097656,0.0
2013-06-14,179.00686645507812,0.0
2013-06-17,180.00135803222656,0.0
2013-06-18,178.01239013671875,0.0
2013-06-19,175.02894592285156,0.0
2013-06-20,172.0454864501953,0.0
2013-06-21,173.03997802734375,0.0
2013-06-24,170.55377197265625,0.0
2013-06-25,166.07859802246094,0.0
2013-06-26,170.0565185546875,0.0
2013-06-27,170.55377197265625,0.0
2013-06-28,170.55377197265625,0.0
2013-07-01,174.03445434570312,0.0
2013-07-02,170.0565185546875,0.0
2013-07-03,172.542724609375,0.0
2013-07-04,173.03997802734375,0.0
2013-07-05,173.03997802734375,0.0
2013-07-08,169.06204223632812,0.0
2013-07-09,169.5592803955078,0.0
2013-07-10,170.55377197265625,0.0
2013-07-11,169.06204223632812,0.0
2013-07-12,173.53721618652344,0.0
2013-07-15,185.47100830078125,0.0
2013-07-16,180.995834350586,0.0
2013-07-17,178.50962829589844,0.0
2013-07-18,180.00135803222656,0.0
2013-07-19,189.94618225097656,0.0
2013-07-22,185.9682464599609,0.0
2013-07-23,188.95169067382807,0.0
2013-07-24,186.46548461914065,0.0
2013-07-25,177.51515197753906,0.0
2013-07-26,178.01239013671875,0.0
2013-07-29,177.0178985595703,0.0
2013-07-30,183.48204040527344,0.0
2013-07-31,182.9848022460937,0.0
2013-08-01,180.995834350586,0.0
2013-08-02,179.5041046142578,0.0
2013-08-05,177.0178985595703,0.0
2013-08-06,176.02342224121094,0.0
2013-08-07,173.03997802734375,0.0
2013-08-08,171.05101013183594,0.0
2013-08-09,170.55377197265625,0.0
2013-08-12,169.06204223632812,0.0
2013-08-13,170.55377197265625,0.0
2013-08-14,175.02894592285156,0.0
2013-08-15,175.52618408203125,0.0
2013-08-16,175.02894592285156,0.0
2013-08-19,173.53721618652344,0.0
2013-08-20,168.83331298828125,0.0
2013-08-22,170.0,0.0
2013-08-23,174.0,0.0
2013-08-26,186.0,0.0
2013-08-27,178.0,0.0
2013-08-28,182.5,0.0
2013-08-29,190.5,0.0
2013-08-30,186.0,0.0
2013-09-02,188.0,0.0
2013-09-03,196.0,0.0
2013-09-04,193.5,0.0
2013-09-05,199.0,0.0
2013-09-06,200.5,0.0
2013-09-09,186.5,0.0
2013-09-10,188.0,0.0
2013-09-11,197.5,0.0
2013-09-12,192.0,0.0
2013-09-13,192.0,0.0
2013-09-16,191.0,0.0
2013-09-17,193.5,0.0
2013-09-18,197.0,0.0
2013-09-23,198.5,0.0
2013-09-24,209.0,0.0
2013-09-25,205.0,0.0
2013-09-26,203.5,0.0
2013-09-27,203.0,0.0
2013-09-30,198.0,0.0
2013-10-01,198.0,0.0
2013-10-02,201.5,0.0
2013-10-03,208.5,0.0
2013-10-04,207.0,0.0
2013-10-07,210.5,0.0
2013-10-08,201.0,0.0
2013-10-09,199.5,0.0
2013-10-11,200.0,0.0
2013-10-14,200.5,0.0
2013-10-15,201.0,0.0
2013-10-16,198.5,0.0
2013-10-17,195.5,0.0
2013-10-18,196.0,0.0
2013-10-21,198.0,0.0
2013-10-22,197.0,0.0
2013-10-23,194.5,0.0
2013-10-24,194.5,0.0
2013-10-25,200.0,0.0
2013-10-28,200.5,0.0
2013-10-29,200.5,0.0
2013-10-30,198.5,0.0
2013-10-31,207.0,0.0
2013-11-01,205.0,0.0
2013-11-04,202.5,0.0
2013-11-05,200.5,0.0
2013-11-06,204.0,0.0
2013-11-07,200.0,0.0
2013-11-08,198.0,0.0
2013-11-11,203.0,0.0
2013-11-12,199.0,0.0
2013-11-13,192.0,0.0
2013-11-14,194.5,0.0
2013-11-15,199.5,0.0
2013-11-18,199.0,0.0
2013-11-19,207.0,0.0
2013-11-20,206.0,0.0
2013-11-21,203.0,0.0
2013-11-22,201.0,0.0
2013-11-25,197.5,0.0
2013-11-26,201.0,0.0
2013-11-27,203.0,0.0
2013-11-28,201.0,0.0
2013-11-29,202.5,0.0
2013-12-02,200.0,0.0
2013-12-03,197.0,0.0
2013-12-04,190.0,0.0
2013-12-05,193.0,0.0
2013-12-06,188.5,0.0
2013-12-09,181.5,0.0
2013-12-10,181.0,0.0
2013-12-11,182.5,0.0
2013-12-12,178.0,0.0
2013-12-13,178.0,0.0
2013-12-16,179.0,0.0
2013-12-17,178.5,0.0
2013-12-18,183.5,0.0
2013-12-19,188.5,0.0
2013-12-20,185.5,0.0
2013-12-23,187.0,0.0
2013-12-24,192.5,0.0
2013-12-25,191.0,0.0
2013-12-26,190.5,0.0
2013-12-27,191.5,0.0
2013-12-30,192.5,0.0
2013-12-31,199.0,0.0
2014-01-02,202.5,0.0
2014-01-03,200.0,0.0
2014-01-06,200.0,0.0
2014-01-07,199.0,0.0
2014-01-08,194.5,0.0
2014-01-09,186.0,0.0
2014-01-10,191.5,0.0
2014-01-13,187.0,0.0
2014-01-14,188.0,0.0
2014-01-15,189.5,0.0
2014-01-16,191.0,0.0
2014-01-17,189.5,0.0
2014-01-20,192.0,0.0
2014-01-21,192.0,0.0
2014-01-22,196.0,0.0
2014-01-23,201.0,0.0
2014-01-24,201.0,0.0
2014-01-27,202.0,0.0
2014-02-05,209.5,0.0
2014-02-06,208.0,0.0
2014-02-07,203.0,0.0
2014-02-10,206.0,0.0
2014-02-11,209.0,0.0
2014-02-12,206.0,0.0
2014-02-13,205.5,0.0
2014-02-14,203.0,0.0
2014-02-17,210.0,0.0
2014-02-18,206.5,0.0
2014-02-19,207.5,0.0
2014-02-20,206.0,0.0
2014-02-21,209.0,0.0
2014-02-24,208.5,0.0
2014-02-25,206.5,0.0
2014-02-26,205.0,0.0
2014-02-27,201.5,0.0
2014-03-03,203.0,0.0
2014-03-04,203.5,0.0
2014-03-05,208.0,0.0
2014-03-06,204.0,0.0
2014-03-07,200.5,0.0
2014-03-10,201.5,0.0
2014-03-11,206.0,0.0
2014-03-12,203.5,0.0
2014-03-13,217.5,0.0
2014-03-14,231.5,0.0
2014-03-17,247.5,0.0
2014-03-18,264.5,0.0
2014-03-19,257.0,0.0
2014-03-20,264.0,0.0
2014-03-21,249.0,0.0
2014-03-24,260.0,0.0
2014-03-25,278.0,0.0
2014-03-26,270.5,0.0
2014-03-27,271.0,0.0
2014-03-28,268.5,0.0
2014-03-31,256.5,0.0
2014-04-01,268.5,0.0
2014-04-02,264.5,0.0
2014-04-03,266.0,0.0
2014-04-07,266.5,0.0
2014-04-08,272.0,0.0
2014-04-09,273.0,0.0
2014-04-10,292.0,0.0
2014-04-11,282.5,0.0
2014-04-14,276.0,0.0
2014-04-15,295.0,0.0
2014-04-16,289.0,0.0
2014-04-17,298.5,0.0
2014-04-18,295.0,0.0
2014-04-21,310.5,0.0
2014-04-22,309.0,0.0
2014-04-23,325.0,0.0
2014-04-24,336.0,0.0
2014-04-25,325.0,0.0
2014-04-28,343.0,0.0
2014-04-29,367.0,0.0
2014-04-30,363.0,0.0
2014-05-02,387.0,0.0
2014-05-05,387.5,0.0
2014-05-06,414.5,0.0
2014-05-07,443.5,0.0
2014-05-08,441.0,0.0
2014-05-09,410.5,0.0
2014-05-12,385.0,0.0
2014-05-13,402.0,0.0
2014-05-14,430.0,0.0
2014-05-15,420.0,0.0
2014-05-16,415.0,0.0
2014-05-19,417.0,0.0
2014-05-20,415.0,0.0
2014-05-21,398.5,0.0
2014-05-22,403.0,0.0
2014-05-23,422.0,0.0
2014-05-26,421.0,0.0
2014-05-27,434.5,0.0
2014-05-28,431.5,0.0
2014-05-29,413.0,0.0
2014-05-30,417.0,0.0
2014-06-03,405.5,0.0
2014-06-04,415.0,0.0
2014-06-05,410.5,0.0
2014-06-06,416.5,0.0
2014-06-09,418.0,0.0
2014-06-10,447.0,0.0
2014-06-11,438.5,0.0
2014-06-12,460.0,0.0
2014-06-13,470.0,0.0
2014-06-16,473.0,0.0
2014-06-17,465.5,0.0
2014-06-18,455.0,0.0
2014-06-19,457.5,0.0
2014-06-20,459.0,0.0
2014-06-23,461.5,0.0
2014-06-24,460.0,0.0
2014-06-25,467.0,0.0
2014-06-26,466.0,0.0
2014-06-27,456.0,0.0
2014-06-30,452.0,0.0
2014-07-01,438.5,0.0
2014-07-02,430.0,0.0
2014-07-03,430.0,0.0
2014-07-04,408.0,0.0
2014-07-07,412.0,0.0
2014-07-08,402.0,0.0
2014-07-09,430.0,0.0
2014-07-10,432.5,0.0
2014-07-11,409.0,0.0
2014-07-14,423.0,0.0
2014-07-15,418.0,0.0
2014-07-16,407.0,0.0
2014-07-17,414.5,0.0
2014-07-18,411.0,0.0
2014-07-21,412.0,0.0
2014-07-22,429.0,0.0
2014-07-23,429.0,0.0
2014-07-24,459.0,0.0
2014-07-25,437.5,0.0
2014-07-28,407.0,0.0
2014-07-29,379.0,0.0
2014-07-30,352.5,0.0
2014-07-31,328.0,0.0
2014-08-01,305.5,0.0
2014-08-04,284.5,0.0
2014-08-05,265.0,0.0
2014-08-06,246.5,0.0
2014-08-07,229.5,0.0
2014-08-08,213.5,0.0
2014-08-11,199.0,0.0
2014-08-12,185.5,0.0
2014-08-13,173.0,0.0
2014-08-14,161.0,0.0
2014-08-15,150.0,0.0
2014-08-18,139.5,0.0
2014-08-19,130.0,0.0
2014-08-20,121.0,0.0
2014-08-21,113.0,0.0
2014-08-22,120.5,0.0
2014-08-25,118.0,0.0
2014-08-26,126.0,0.0
2014-08-27,127.5,0.0
2014-08-28,130.0,0.0
2014-08-29,139.0,0.0
2014-09-01,148.5,0.0
2014-09-02,148.0,0.0
2014-09-03,151.5,0.0
2014-09-04,162.0,0.0
2014-09-05,173.0,0.0
2014-09-09,185.0,0.0
2014-09-10,197.0,0.0
2014-09-11,188.0,0.0
2014-09-12,175.0,0.0
2014-09-15,171.5,0.0
2014-09-16,183.5,0.0
2014-09-17,183.0,0.0
2014-09-18,178.5,0.0
2014-09-19,181.5,0.0
2014-09-22,178.5,0.0
2014-09-23,172.0,0.0
2014-09-24,172.0,0.0
2014-09-25,169.0,0.0
2014-09-26,165.5,0.0
2014-09-29,177.0,0.0
2014-09-30,175.0,0.0
2014-10-01,171.0,0.0
2014-10-02,174.0,0.0
2014-10-03,171.5,0.0
2014-10-06,169.5,0.0
2014-10-07,169.0,0.0
2014-10-08,158.0,0.0
2014-10-09,148.5,0.0
2014-10-13,138.5,0.0
2014-10-14,148.0,0.0
2014-10-15,150.5,0.0
2014-10-16,144.5,0.0
2014-10-17,136.0,0.0
2014-10-20,132.0,0.0
2014-10-21,133.0,0.0
2014-10-22,130.0,0.0
2014-10-23,123.5,0.0
2014-10-24,130.0,0.0
2014-10-27,122.5,0.0
2014-10-28,125.5,0.0
2014-10-29,131.5,0.0
2014-10-30,129.5,0.0
2014-10-31,132.0,0.0
2014-11-03,133.5,0.0
2014-11-04,131.0,0.0
2014-11-05,129.0,0.0
2014-11-06,125.0,0.0
2014-11-07,125.5,0.0
2014-11-10,124.0,0.0
2014-11-11,129.0,0.0
2014-11-12,127.0,0.0
2014-11-13,126.0,0.0
2014-11-14,127.0,0.0
2014-11-17,125.0,0.0
2014-11-18,120.0,0.0
2014-11-19,119.5,0.0
2014-11-20,123.0,0.0
2014-11-21,120.5,0.0
2014-11-24,124.5,0.0
2014-11-25,123.5,0.0
2014-11-26,123.5,0.0
2014-11-27,121.0,0.0
2014-11-28,121.5,0.0
2014-12-01,122.0,0.0
2014-12-02,130.5,0.0
2014-12-03,139.5,0.0
2014-12-04,149.0,0.0
2014-12-05,152.5,0.0
2014-12-08,153.0,0.0
2014-12-09,149.0,0.0
2014-12-10,150.0,0.0
2014-12-11,152.5,0.0
2014-12-12,163.0,0.0
2014-12-15,174.0,0.0
2014-12-16,169.0,0.0
2014-12-17,170.5,0.0
2014-12-18,166.0,0.0
2014-12-19,155.0,0.0
2014-12-22,164.0,0.0
2014-12-23,159.0,0.0
2014-12-24,161.5,0.0
2014-12-25,159.5,0.0
2014-12-26,165.0,0.0
2014-12-29,164.0,0.0
2014-12-30,164.5,0.0
2014-12-31,166.5,0.0
2015-01-05,170.0,0.0
2015-01-06,164.0,0.0
2015-01-07,162.5,0.0
2015-01-08,158.5,0.0
2015-01-09,158.5,0.0
2015-01-12,163.5,0.0
2015-01-13,161.5,0.0
2015-01-14,162.5,0.0
2015-01-15,161.0,0.0
2015-01-16,155.0,0.0
2015-01-19,152.0,0.0
2015-01-20,159.0,0.0
2015-01-21,157.0,0.0
2015-01-22,158.0,0.0
2015-01-23,157.5,0.0
2015-01-26,156.0,0.0
2015-01-27,166.5,0.0
2015-01-28,165.0,0.0
2015-01-29,165.0,0.0
2015-01-30,163.5,0.0
2015-02-02,161.5,0.0
2015-02-03,161.5,0.0
2015-02-04,160.0,0.0
2015-02-05,158.0,0.0
2015-02-06,156.0,0.0
2015-02-09,154.0,0.0
2015-02-10,155.5,0.0
2015-02-11,156.5,0.0
2015-02-12,154.0,0.0
2015-02-13,159.0,0.0
2015-02-24,159.0,0.0
2015-02-25,162.5,0.0
2015-02-26,161.5,0.0
2015-03-02,160.0,0.0
2015-03-03,158.5,0.0
2015-03-04,158.0,0.0
2015-03-05,157.0,0.0
2015-03-06,157.5,0.0
2015-03-09,154.5,0.0
2015-03-10,153.5,0.0
2015-03-11,153.5,0.0
2015-03-12,159.5,0.0
2015-03-13,157.5,0.0
2015-03-16,157.5,0.0
2015-03-17,159.0,0.0
2015-03-18,158.0,0.0
2015-03-19,158.0,0.0
2015-03-20,166.0,0.0
2015-03-23,160.0,0.0
2015-03-24,159.0,0.0
2015-03-25,155.5,0.0
2015-03-26,155.5,0.0
2015-03-27,155.0,0.0
2015-03-30,144.5,0.0
2015-03-31,139.5,0.0
2015-04-01,133.0,0.0
2015-04-02,138.0,0.0
2015-04-07,136.0,0.0
2015-04-08,134.0,0.0
2015-04-09,133.5,0.0
2015-04-10,134.5,0.0
2015-04-13,133.5,0.0
2015-04-14,133.5,0.0
2015-04-15,136.5,0.0
2015-04-16,134.5,0.0
2015-04-17,130.0,0.0
2015-04-20,125.0,0.0
2015-04-21,123.5,0.0
2015-04-22,124.0,0.0
2015-04-23,124.0,0.0
2015-04-24,125.0,0.0
2015-04-27,133.5,0.0
2015-04-28,130.5,0.0
2015-04-29,130.5,0.0
2015-04-30,132.5,0.0
2015-05-04,135.5,0.0
2015-05-05,131.5,0.0
2015-05-06,132.5,0.0
2015-05-07,128.0,0.0
2015-05-08,125.5,0.0
2015-05-11,118.0,0.0
2015-05-12,121.0,0.0
2015-05-13,120.0,0.0
2015-05-14,121.0,0.0
2015-05-15,119.0,0.0
2015-05-18,111.5,0.0
2015-05-19,111.0,0.0
2015-05-20,110.0,0.0
2015-05-21,112.5,0.0
2015-05-22,115.0,0.0
2015-05-25,113.0,0.0
2015-05-26,112.5,0.0
2015-05-27,114.0,0.0
2015-05-28,115.0,0.0
2015-05-29,117.0,0.0
2015-06-01,113.5,0.0
2015-06-02,113.0,0.0
2015-06-03,107.5,0.0
2015-06-04,96.9000015258789,0.0
2015-06-05,89.19999694824219,0.0
2015-06-08,82.0,0.0
2015-06-09,73.80000305175781,0.0
2015-06-10,81.0999984741211,0.0
2015-06-11,89.19999694824219,0.0
2015-06-12,98.0999984741211,0.0
2015-06-15,101.5,0.0
2015-06-16,95.6999969482422,0.0
2015-06-17,98.5,0.0
2015-06-18,97.8000030517578,0.0
2015-06-22,97.8000030517578,0.0
2015-06-23,96.5,0.0
2015-06-24,96.5,0.0
2015-06-25,101.0,0.0
2015-06-26,99.5,0.0
2015-06-29,95.8000030517578,0.0
2015-06-30,97.5999984741211,0.0
2015-07-01,107.0,0.0
2015-07-02,106.5,0.0
2015-07-03,109.0,0.0
2015-07-06,109.0,0.0
2015-07-07,106.0,0.0
2015-07-08,99.9000015258789,0.0
2015-07-09,98.3000030517578,0.0
2015-07-10,98.3000030517578,0.0
2015-07-13,100.5,0.0
2015-07-14,98.8000030517578,0.0
2015-07-15,100.5,0.0
2015-07-16,110.5,0.0
2015-07-17,108.5,0.0
2015-07-20,106.5,0.0
2015-07-21,106.5,0.0
2015-07-22,108.0,0.0
2015-07-23,102.5,0.0
2015-07-24,101.0,0.0
2015-07-27,95.8000030517578,0.0
2015-07-28,95.0,0.0
2015-07-29,99.6999969482422,0.0
2015-07-30,97.5,0.0
2015-07-31,98.0,0.0
2015-08-03,99.0,0.0
2015-08-04,96.1999969482422,0.0
2015-08-05,98.0,0.0
2015-08-06,90.0,0.0
2015-08-07,89.5,0.0
2015-08-10,98.4000015258789,0.0
2015-08-11,94.8000030517578,0.0
2015-08-12,95.1999969482422,0.0
2015-08-13,95.5999984741211,0.0
2015-08-14,94.8000030517578,0.0
2015-08-17,91.5999984741211,0.0
2015-08-18,90.5,0.0
2015-08-19,86.5,0.0
2015-08-20,89.5999984741211,0.0
2015-08-21,86.5,0.0
2015-08-24,77.9000015258789,0.0
2015-08-25,82.80000305175781,0.0
2015-08-26,81.69999694824219,0.0
2015-08-27,81.5,0.0
2015-08-28,83.0,0.0
2015-08-31,83.19999694824219,0.0
2015-09-01,82.5999984741211,0.0
2015-09-02,83.80000305175781,0.0
2015-09-03,84.0,0.0
2015-09-04,83.0999984741211,0.0
2015-09-07,83.19999694824219,0.0
2015-09-08,83.4000015258789,0.0
2015-09-09,84.30000305175781,0.0
2015-09-10,92.6999969482422,0.0
2015-09-11,91.1999969482422,0.0
2015-09-14,98.5,0.0
2015-09-15,98.5,0.0
2015-09-16,102.5,0.0
2015-09-17,100.5,0.0
2015-09-18,106.0,0.0
2015-09-21,103.5,0.0
2015-09-22,101.0,0.0
2015-09-23,102.5,0.0
2015-09-24,97.3000030517578,0.0
2015-09-25,99.3000030517578,0.0
2015-09-29,99.3000030517578,0.0
2015-09-30,97.1999969482422,0.0
2015-10-01,97.4000015258789,0.0
2015-10-02,98.0999984741211,0.0
2015-10-05,98.3000030517578,0.0
2015-10-06,95.6999969482422,0.0
2015-10-07,96.0999984741211,0.0
2015-10-08,93.3000030517578,0.0
2015-10-12,94.3000030517578,0.0
2015-10-13,96.3000030517578,0.0
2015-10-14,95.0,0.0
2015-10-15,94.5,0.0
2015-10-16,94.5,0.0
2015-10-19,92.8000030517578,0.0
2015-10-20,96.4000015258789,0.0
2015-10-21,94.0,0.0
2015-10-22,93.6999969482422,0.0
2015-10-23,98.0999984741211,0.0
2015-10-26,97.1999969482422,0.0
2015-10-27,95.5,0.0
2015-10-28,96.8000030517578,0.0
2015-10-29,94.0999984741211,0.0
2015-10-30,94.0999984741211,0.0
2015-11-02,94.4000015258789,0.0
2015-11-03,95.1999969482422,0.0
2015-11-04,94.3000030517578,0.0
2015-11-05,94.8000030517578,0.0
2015-11-06,92.9000015258789,0.0
2015-11-09,88.80000305175781,0.0
2015-11-10,88.30000305175781,0.0
2015-11-11,86.0999984741211,0.0
2015-11-12,85.19999694824219,0.0
2015-11-13,86.30000305175781,0.0
2015-11-16,86.80000305175781,0.0
2015-11-17,87.0,0.0
2015-11-18,88.80000305175781,0.0
2015-11-19,89.80000305175781,0.0
2015-11-20,89.0999984741211,0.0
2015-11-23,89.0999984741211,0.0
2015-11-24,87.0999984741211,0.0
2015-11-25,86.80000305175781,0.0
2015-11-26,95.4000015258789,0.0
2015-11-27,99.5,0.0
2015-11-30,98.6999969482422,0.0
2015-12-01,99.0999984741211,0.0
2015-12-02,96.5999984741211,0.0
2015-12-03,99.0,0.0
2015-12-04,99.0,0.0
2015-12-07,98.4000015258789,0.0
2015-12-08,94.0,0.0
2015-12-09,88.5999984741211,0.0
2015-12-10,91.0,0.0
2015-12-11,87.19999694824219,0.0
2015-12-14,88.5,0.0
2015-12-15,89.0,0.0
2015-12-16,88.4000015258789,0.0
2015-12-17,89.0999984741211,0.0
2015-12-18,88.19999694824219,0.0
2015-12-21,87.0,0.0
2015-12-22,87.0,0.0
2015-12-23,86.19999694824219,0.0
2015-12-24,85.0,0.0
2015-12-25,87.4000015258789,0.0
2015-12-28,86.30000305175781,0.0
2015-12-29,85.30000305175781,0.0
2015-12-30,85.5,0.0
2015-12-31,85.5,0.0
2016-01-04,82.0,0.0
2016-01-05,79.5,0.0
2016-01-06,75.4000015258789,0.0
2016-01-07,72.80000305175781,0.0
2016-01-08,75.5,0.0
2016-01-11,72.5,0.0
2016-01-12,73.4000015258789,0.0
2016-01-13,74.4000015258789,0.0
2016-01-14,73.69999694824219,0.0
2016-01-15,74.30000305175781,0.0
2016-01-18,75.0,0.0
2016-01-19,75.19999694824219,0.0
2016-01-20,72.69999694824219,0.0
2016-01-21,71.5999984741211,0.0
2016-01-22,69.5,0.0
2016-01-25,70.5,0.0
2016-01-26,70.0,0.0
2016-01-27,69.0,0.0
2016-01-28,68.4000015258789,0.0
2016-01-29,70.0,0.0
2016-02-01,78.5,0.0
2016-02-02,77.30000305175781,0.0
2016-02-03,78.30000305175781,0.0
2016-02-15,76.5999984741211,0.0
2016-02-16,77.0,0.0
2016-02-17,77.0999984741211,0.0
2016-02-18,79.0,0.0
2016-02-19,77.5999984741211,0.0
2016-02-22,72.5999984741211,0.0
2016-02-23,73.19999694824219,0.0
2016-02-24,72.30000305175781,0.0
2016-02-25,72.30000305175781,0.0
2016-02-26,73.4000015258789,0.0
2016-03-01,72.5,0.0
2016-03-02,72.69999694824219,0.0
2016-03-03,73.19999694824219,0.0
2016-03-04,77.0999984741211,0.0
2016-03-07,74.9000015258789,0.0
2016-03-08,74.19999694824219,0.0
2016-03-09,75.0999984741211,0.0
2016-03-10,74.5,0.0
2016-03-11,75.30000305175781,0.0
2016-03-14,75.5,0.0
2016-03-15,74.0,0.0
2016-03-16,74.69999694824219,0.0
2016-03-17,73.30000305175781,0.0
2016-03-18,73.19999694824219,0.0
2016-03-21,74.19999694824219,0.0
2016-03-22,73.0999984741211,0.0
2016-03-23,72.0999984741211,0.0
2016-03-24,70.80000305175781,0.0
2016-03-25,70.4000015258789,0.0
2016-03-28,68.69999694824219,0.0
2016-03-29,66.19999694824219,0.0
2016-03-30,69.0,0.0
2016-03-31,70.69999694824219,0.0
2016-04-01,69.0,0.0
2016-04-06,67.69999694824219,0.0
2016-04-07,67.5999984741211,0.0
2016-04-08,67.19999694824219,0.0
2016-04-11,67.5999984741211,0.0
2016-04-12,66.5,0.0
2016-04-13,66.4000015258789,0.0
2016-04-14,64.69999694824219,0.0
2016-04-15,62.29999923706055,0.0
2016-04-18,64.30000305175781,0.0
2016-04-19,63.29999923706055,0.0
2016-04-20,62.59999847412109,0.0
2016-04-21,61.900001525878906,0.0
2016-04-22,57.79999923706055,0.0
2016-04-25,58.79999923706055,0.0
2016-04-26,59.79999923706055,0.0
2016-04-27,61.0,0.0
2016-04-28,61.900001525878906,0.0
2016-04-29,61.0,0.0
2016-05-03,59.29999923706055,0.0
2016-05-04,58.09999847412109,0.0
2016-05-05,57.20000076293945,0.0
2016-05-06,59.20000076293945,0.0
2016-05-09,57.29999923706055,0.0
2016-05-10,57.79999923706055,0.0
2016-05-11,56.5,0.0
2016-05-12,54.70000076293945,0.0
2016-05-13,52.09999847412109,0.0
2016-05-16,52.70000076293945,0.0
2016-05-17,57.900001525878906,0.0
2016-05-18,61.400001525878906,0.0
2016-05-19,59.5,0.0
2016-05-20,59.59999847412109,0.0
2016-05-23,65.5,0.0
2016-05-24,72.0,0.0
2016-05-25,77.5,0.0
2016-05-26,75.0999984741211,0.0
2016-05-27,77.5,0.0
2016-05-30,85.19999694824219,0.0
2016-05-31,90.8000030517578,0.0
2016-06-01,88.30000305175781,0.0
2016-06-02,85.69999694824219,0.0
2016-06-03,88.5,0.0
2016-06-06,82.5999984741211,0.0
2016-06-07,82.5999984741211,0.0
2016-06-08,83.30000305175781,0.0
2016-06-13,79.5999984741211,0.0
2016-06-14,80.4000015258789,0.0
2016-06-15,79.5999984741211,0.0
2016-06-16,77.80000305175781,0.0
2016-06-17,82.0,0.0
2016-06-20,82.5,0.0
2016-06-21,81.5999984741211,0.0
2016-06-22,81.4000015258789,0.0
2016-06-23,82.0,0.0
2016-06-24,77.5,0.0
2016-06-27,78.0999984741211,0.0
2016-06-28,78.30000305175781,0.0
2016-06-29,77.5,0.0
2016-06-30,82.0,0.0
2016-07-01,80.80000305175781,0.0
2016-07-04,79.5999984741211,0.0
2016-07-05,80.0999984741211,0.0
2016-07-06,78.0,0.0
2016-07-07,77.69999694824219,0.0
2016-07-08,77.69999694824219,0.0
2016-07-11,76.69999694824219,0.0
2016-07-12,77.0,0.0
2016-07-13,77.5,0.0
2016-07-14,77.80000305175781,0.0
2016-07-15,79.30000305175781,0.0
2016-07-18,82.5,0.0
2016-07-19,81.5999984741211,0.0
2016-07-20,80.5,0.0
2016-07-21,81.0,0.0
2016-07-22,85.30000305175781,0.0
2016-07-25,82.5999984741211,0.0
2016-07-26,83.0,0.0
2016-07-27,80.9000015258789,0.0
2016-07-28,80.5999984741211,0.0
2016-07-29,80.9000015258789,0.0
2016-08-01,80.5999984741211,0.0
2016-08-02,80.5,0.0
2016-08-03,79.5,0.0
2016-08-04,78.80000305175781,0.0
2016-08-05,79.5999984741211,0.0
2016-08-08,78.80000305175781,0.0
2016-08-09,77.5,0.0
2016-08-10,79.30000305175781,0.0
2016-08-11,78.0999984741211,0.0
2016-08-12,78.5,0.0
2016-08-15,77.69999694824219,0.0
2016-08-16,77.80000305175781,0.0
2016-08-17,77.0,0.0
2016-08-18,77.0999984741211,0.0
2016-08-19,77.19999694824219,0.0
2016-08-22,75.5999984741211,0.0
2016-08-23,75.5,0.0
2016-08-24,75.9000015258789,0.0
2016-08-25,76.0,0.0
2016-08-26,75.5999984741211,0.0
2016-08-29,74.5999984741211,0.0
2016-08-30,74.5999984741211,0.0
2016-08-31,73.30000305175781,0.0
2016-09-01,71.30000305175781,0.0
2016-09-02,68.0,0.0
2016-09-05,68.80000305175781,0.0
2016-09-06,68.5,0.0
2016-09-07,70.80000305175781,0.0
2016-09-08,70.4000015258789,0.0
2016-09-09,71.69999694824219,0.0
2016-09-12,70.0999984741211,0.0
2016-09-13,69.30000305175781,0.0
2016-09-14,70.30000305175781,0.0
2016-09-19,70.4000015258789,0.0
2016-09-20,70.69999694824219,0.0
2016-09-21,70.69999694824219,0.0
2016-09-22,70.0,0.0
2016-09-23,71.19999694824219,0.0
2016-09-26,70.5,0.0
2016-09-27,70.5,0.0
2016-09-28,70.5,0.0
2016-09-29,70.0,0.0
2016-09-30,70.0,0.0
2016-10-03,70.19999694824219,0.0
2016-10-04,69.69999694824219,0.0
2016-10-05,70.5,0.0
2016-10-06,70.0999984741211,0.0
2016-10-07,69.69999694824219,0.0
2016-10-11,67.5999984741211,0.0
2016-10-12,67.5,0.0
2016-10-13,67.0999984741211,0.0
2016-10-14,65.5999984741211,0.0
2016-10-17,65.69999694824219,0.0
2016-10-18,64.80000305175781,0.0
2016-10-19,65.0999984741211,0.0
2016-10-20,65.0999984741211,0.0
2016-10-21,65.5,0.0
2016-10-24,67.19999694824219,0.0
2016-10-25,67.0999984741211,0.0
2016-10-26,67.69999694824219,0.0
2016-10-27,71.69999694824219,0.0
2016-10-28,70.5,0.0
2016-10-31,70.0999984741211,0.0
2016-11-01,68.5999984741211,0.0
2016-11-02,66.5,0.0
2016-11-03,65.5,0.0
2016-11-04,66.0,0.0
2016-11-07,66.5999984741211,0.0
2016-11-08,66.80000305175781,0.0
2016-11-09,63.900001525878906,0.0
2016-11-10,66.69999694824219,0.0
2016-11-11,65.4000015258789,0.0
2016-11-14,64.5999984741211,0.0
2016-11-15,65.0,0.0
2016-11-16,65.0,0.0
2016-11-17,64.30000305175781,0.0
2016-11-18,70.69999694824219,0.0
2016-11-21,69.0999984741211,0.0
2016-11-22,67.69999694824219,0.0
2016-11-23,68.19999694824219,0.0
2016-11-24,68.5999984741211,0.0
2016-11-25,68.9000015258789,0.0
2016-11-28,68.0999984741211,0.0
2016-11-29,67.9000015258789,0.0
2016-11-30,69.0,0.0
2016-12-01,75.9000015258789,0.0
2016-12-02,83.0,0.0
2016-12-05,82.69999694824219,0.0
2016-12-06,80.5,0.0
2016-12-07,78.9000015258789,0.0
2016-12-08,78.4000015258789,0.0
2016-12-09,79.5,0.0
2016-12-12,78.0,0.0
2016-12-13,78.0,0.0
2016-12-14,77.5,0.0
2016-12-15,77.5999984741211,0.0
2016-12-16,81.5999984741211,0.0
2016-12-19,77.5,0.0
2016-12-20,76.19999694824219,0.0
2016-12-21,80.0999984741211,0.0
2016-12-22,78.80000305175781,0.0
2016-12-23,78.30000305175781,0.0
2016-12-26,77.5,0.0
2016-12-27,79.30000305175781,0.0
2016-12-28,78.30000305175781,0.0
2016-12-29,78.4000015258789,0.0
2016-12-30,79.30000305175781,0.0
2017-01-03,78.30000305175781,0.0
2017-01-04,78.0,0.0
2017-01-05,77.80000305175781,0.0
2017-01-06,77.30000305175781,0.0
2017-01-09,76.19999694824219,0.0
2017-01-10,76.19999694824219,0.0
2017-01-11,74.30000305175781,0.0
2017-01-12,73.4000015258789,0.0
2017-01-13,73.30000305175781,0.0
2017-01-16,72.30000305175781,0.0
2017-01-17,71.9000015258789,0.0
2017-01-18,73.19999694824219,0.0
2017-01-19,72.0999984741211,0.0
2017-01-20,72.0999984741211,0.0
2017-01-23,72.19999694824219,0.0
2017-01-24,71.5999984741211,0.0
2017-02-02,71.19999694824219,0.0
2017-02-03,73.9000015258789,0.0
2017-02-06,73.4000015258789,0.0
2017-02-07,72.9000015258789,0.0
2017-02-08,73.69999694824219,0.0
2017-02-09,73.0999984741211,0.0
2017-02-10,72.9000015258789,0.0
2017-02-13,73.0999984741211,0.0
2017-02-14,72.0999984741211,0.0
2017-02-15,73.4000015258789,0.0
2017-02-16,73.69999694824219,0.0
2017-02-17,77.0999984741211,0.0
2017-02-20,79.0,0.0
2017-02-21,76.5999984741211,0.0
2017-02-22,76.30000305175781,0.0
2017-02-23,76.19999694824219,0.0
2017-02-24,76.19999694824219,0.0
2017-03-01,68.5999984741211,0.0
2017-03-02,64.9000015258789,0.0
2017-03-03,66.5,0.0
2017-03-06,66.0999984741211,0.0
2017-03-07,66.19999694824219,0.0
2017-03-08,65.30000305175781,0.0
2017-03-09,64.5,0.0
2017-03-10,63.900001525878906,0.0
2017-03-13,63.900001525878906,0.0
2017-03-14,64.5,0.0
2017-03-15,64.30000305175781,0.0
2017-03-16,64.0,0.0
2017-03-17,64.30000305175781,0.0
2017-03-20,63.70000076293945,0.0
2017-03-21,63.400001525878906,0.0
2017-03-22,63.09999847412109,0.0
2017-03-23,62.900001525878906,0.0
2017-03-24,63.0,0.0
2017-03-27,62.5,0.0
2017-03-28,61.29999923706055,0.0
2017-03-29,60.79999923706055,0.0
2017-03-30,60.29999923706055,0.0
2017-03-31,60.0,0.0
2017-04-05,60.0,0.0
2017-04-06,58.29999923706055,0.0
2017-04-07,59.0,0.0
2017-04-10,58.59999847412109,0.0
2017-04-11,57.59999847412109,0.0
2017-04-12,57.70000076293945,0.0
2017-04-13,59.29999923706055,0.0
2017-04-14,57.400001525878906,0.0
2017-04-17,55.900001525878906,0.0
2017-04-18,57.09999847412109,0.0
2017-04-19,56.20000076293945,0.0
2017-04-20,55.900001525878906,0.0
2017-04-21,56.20000076293945,0.0
2017-04-24,55.400001525878906,0.0
2017-04-25,55.29999923706055,0.0
2017-04-26,56.0,0.0
2017-04-27,56.5,0.0
2017-04-28,56.70000076293945,0.0
2017-05-02,56.29999923706055,0.0
2017-05-03,56.0,0.0
2017-05-04,56.5,0.0
2017-05-05,56.70000076293945,0.0
2017-05-08,55.79999923706055,0.0
2017-05-09,54.400001525878906,0.0
2017-05-10,53.79999923706055,0.0
2017-05-11,53.900001525878906,0.0
2017-05-12,53.20000076293945,0.0
2017-05-15,54.59999847412109,0.0
2017-05-16,53.79999923706055,0.0
2017-05-17,53.400001525878906,0.0
2017-05-18,53.400001525878906,0.0
2017-05-19,53.5,0.0
2017-05-22,53.5,0.0
2017-05-23,53.09999847412109,0.0
2017-05-24,53.29999923706055,0.0
2017-05-25,53.5,0.0
2017-05-26,53.900001525878906,0.0
2017-05-31,53.09999847412109,0.0
2017-06-01,52.70000076293945,0.0
2017-06-02,54.400001525878906,0.0
2017-06-05,54.29999923706055,0.0
2017-06-06,57.09999847412109,0.0
2017-06-07,55.70000076293945,0.0
2017-06-08,55.09999847412109,0.0
2017-06-09,55.09999847412109,0.0
2017-06-12,55.5,0.0
2017-06-13,55.59999847412109,0.0
2017-06-14,53.900001525878906,0.0
2017-06-15,53.5,0.0
2017-06-16,53.20000076293945,0.0
2017-06-19,53.29999923706055,0.0
2017-06-20,53.0,0.0
2017-06-21,53.0,0.0
2017-06-22,54.09999847412109,0.0
2017-06-23,54.0,0.0
2017-06-26,54.09999847412109,0.0
2017-06-27,53.400001525878906,0.0
2017-06-28,53.09999847412109,0.0
2017-06-29,53.59999847412109,0.0
2017-06-30,53.20000076293945,0.0
2017-07-03,52.900001525878906,0.0
2017-07-04,52.70000076293945,0.0
2017-07-05,52.5,0.0
2017-07-06,52.5,0.0
2017-07-07,51.59999847412109,0.0
2017-07-10,51.20000076293945,0.0
2017-07-11,50.59999847412109,0.0
2017-07-12,49.95000076293945,0.0
2017-07-13,48.70000076293945,0.0
2017-07-14,49.54999923706055,0.0
2017-07-17,48.900001525878906,0.0
2017-07-18,48.29999923706055,0.0
2017-07-19,48.150001525878906,0.0
2017-07-20,48.34999847412109,0.0
2017-07-21,49.400001525878906,0.0
2017-07-24,49.29999923706055,0.0
2017-07-25,48.54999923706055,0.0
2017-07-26,48.54999923706055,0.0
2017-07-27,49.0,0.0
2017-07-28,48.59999847412109,0.0
2017-07-31,48.59999847412109,0.0
2017-08-01,48.20000076293945,0.0
2017-08-02,48.400001525878906,0.0
2017-08-03,48.20000076293945,0.0
2017-08-04,48.54999923706055,0.0
2017-08-07,48.25,0.0
2017-08-08,49.29999923706055,0.0
2017-08-09,51.0,0.0
2017-08-10,52.59999847412109,0.0
2017-08-11,50.70000076293945,0.0
2017-08-14,47.45000076293945,0.0
2017-08-15,46.45000076293945,0.0
2017-08-16,46.900001525878906,0.0
2017-08-17,47.09999847412109,0.0
2017-08-18,46.45000076293945,0.0
2017-08-21,46.29999923706055,0.0
2017-08-22,46.34999847412109,0.0
2017-08-23,46.45000076293945,0.0
2017-08-24,46.400001525878906,0.0
2017-08-25,46.400001525878906,0.0
2017-08-28,45.400001525878906,0.0
2017-08-29,44.59999847412109,0.0
2017-08-30,45.0,0.0
2017-08-31,46.20000076293945,0.0
2017-09-01,46.95000076293945,0.0
2017-09-04,45.5,0.0
2017-09-05,45.75,0.0
2017-09-06,46.54999923706055,0.0
2017-09-07,46.150001525878906,0.0
2017-09-08,46.25,0.0
2017-09-11,46.70000076293945,0.0
2017-09-12,46.150001525878906,0.0
2017-09-13,46.0,0.0
2017-09-14,45.84999847412109,0.0
2017-09-15,47.09999847412109,0.0
2017-09-18,46.5,0.0
2017-09-19,46.5,0.0
2017-09-20,45.79999923706055,0.0
2017-09-21,45.54999923706055,0.0
2017-09-22,45.150001525878906,0.0
2017-09-25,44.400001525878906,0.0
2017-09-26,44.45000076293945,0.0
2017-09-27,44.5,0.0
2017-09-28,44.54999923706055,0.0
2017-09-29,44.54999923706055,0.0
2017-10-02,45.0,0.0
2017-10-03,44.400001525878906,0.0
2017-10-05,43.900001525878906,0.0
2017-10-06,43.0,0.0
2017-10-11,41.34999847412109,0.0
2017-10-12,41.79999923706055,0.0
2017-10-13,41.25,0.0
2017-10-16,40.5,0.0
2017-10-17,39.59999847412109,0.0
2017-10-18,39.95000076293945,0.0
2017-10-19,39.900001525878906,0.0
2017-10-20,39.59999847412109,0.0
2017-10-23,39.54999923706055,0.0
2017-10-24,42.79999923706055,0.0
2017-10-25,41.25,0.0
2017-10-26,40.70000076293945,0.0
2017-10-27,40.0,0.0
2017-10-30,40.20000076293945,0.0
2017-10-31,39.900001525878906,0.0
2017-11-01,40.0,0.0
2017-11-02,40.04999923706055,0.0
2017-11-03,40.09999847412109,0.0
2017-11-06,39.900001525878906,0.0
2017-11-07,39.79999923706055,0.0
2017-11-08,39.84999847412109,0.0
2017-11-09,39.650001525878906,0.0
2017-11-10,39.400001525878906,0.0
2017-11-13,38.20000076293945,0.0
2017-11-14,37.09999847412109,0.0
2017-11-15,36.5,0.0
2017-11-16,37.04999923706055,0.0
2017-11-17,36.79999923706055,0.0
2017-11-20,38.900001525878906,0.0
2017-11-21,38.04999923706055,0.0
2017-11-22,37.70000076293945,0.0
2017-11-23,37.5,0.0
2017-11-24,37.650001525878906,0.0
2017-11-27,37.04999923706055,0.0
2017-11-28,36.5,0.0
2017-11-29,36.20000076293945,0.0
2017-11-30,35.349998474121094,0.0
2017-12-01,35.70000076293945,0.0
2017-12-04,35.400001525878906,0.0
2017-12-05,35.5,0.0
2017-12-06,35.29999923706055,0.0
2017-12-07,35.25,0.0
2017-12-08,34.75,0.0
2017-12-11,33.849998474121094,0.0
2017-12-12,35.349998474121094,0.0
2017-12-13,34.5,0.0
2017-12-14,35.650001525878906,0.0
2017-12-15,35.150001525878906,0.0
2017-12-18,34.5,0.0
2017-12-19,34.5,0.0
2017-12-20,34.79999923706055,0.0
2017-12-21,36.09999847412109,0.0
2017-12-22,35.79999923706055,0.0
2017-12-25,36.04999923706055,0.0
2017-12-26,35.5,0.0
2017-12-27,35.099998474121094,0.0
2017-12-28,35.25,0.0
2017-12-29,35.400001525878906,0.0
2018-01-02,35.400001525878906,0.0
2018-01-03,35.5,0.0
2018-01-04,36.34999847412109,0.0
2018-01-05,35.900001525878906,0.0
2018-01-08,36.54999923706055,0.0
2018-01-09,36.20000076293945,0.0
2018-01-10,36.400001525878906,0.0
2018-01-11,36.09999847412109,0.0
2018-01-12,36.29999923706055,0.0
2018-01-15,39.59999847412109,0.0
2018-01-16,39.09999847412109,0.0
2018-01-17,38.0,0.0
2018-01-18,38.09999847412109,0.0
2018-01-19,38.29999923706055,0.0
2018-01-22,37.650001525878906,0.0
2018-01-23,37.29999923706055,0.0
2018-01-24,37.25,0.0
2018-01-25,36.75,0.0
2018-01-26,37.0,0.0
2018-01-29,36.900001525878906,0.0
2018-01-30,36.400001525878906,0.0
2018-01-31,36.04999923706055,0.0
2018-02-01,35.900001525878906,0.0
2018-02-02,36.5,0.0
2018-02-05,35.79999923706055,0.0
2018-02-06,32.75,0.0
2018-02-07,33.04999923706055,0.0
2018-02-08,32.75,0.0
2018-02-09,32.75,0.0
2018-02-12,31.75,0.0
2018-02-21,32.25,0.0
2018-02-22,33.25,0.0
2018-02-23,33.04999923706055,0.0
2018-02-26,33.04999923706055,0.0
2018-02-27,32.95000076293945,0.0
2018-03-01,32.79999923706055,0.0
2018-03-02,32.54999923706055,0.0
2018-03-05,33.45000076293945,0.0
2018-03-06,33.349998474121094,0.0
2018-03-07,34.599998474121094,0.0
2018-03-08,34.79999923706055,0.0
2018-03-09,34.400001525878906,0.0
2018-03-12,34.0,0.0
2018-03-13,33.900001525878906,0.0
2018-03-14,34.45000076293945,0.0
2018-03-15,34.54999923706055,0.0
2018-03-16,38.0,0.0
2018-03-19,38.75,0.0
2018-03-20,37.79999923706055,0.0
2018-03-21,38.79999923706055,0.0
2018-03-22,37.54999923706055,0.0
2018-03-23,36.34999847412109,0.0
2018-03-26,38.95000076293945,0.0
2018-03-27,38.5,0.0
2018-03-28,38.5,0.0
2018-03-29,39.0,0.0
2018-03-30,38.20000076293945,0.0
2018-04-02,38.09999847412109,0.0
2018-04-03,37.95000076293945,0.0
2018-04-09,39.29999923706055,0.0
2018-04-10,38.20000076293945,0.0
2018-04-11,38.45000076293945,0.0
2018-04-12,38.900001525878906,0.0
2018-04-13,38.25,0.0
2018-04-16,37.20000076293945,0.0
2018-04-17,36.0,0.0
2018-04-18,36.0,0.0
2018-04-19,36.400001525878906,0.0
2018-04-20,36.5,0.0
2018-04-23,37.75,0.0
2018-04-24,36.75,0.0
2018-04-25,36.70000076293945,0.0
2018-04-26,34.599998474121094,0.0
2018-04-27,34.099998474121094,0.0
2018-04-30,34.70000076293945,0.0
2018-05-02,35.0,0.0
2018-05-03,34.599998474121094,0.0
2018-05-04,34.25,0.0
2018-05-07,34.20000076293945,0.0
2018-05-08,34.150001525878906,0.0
2018-05-09,33.400001525878906,0.0
2018-05-10,34.099998474121094,0.0
2018-05-11,33.599998474121094,0.0
2018-05-14,33.5,0.0
2018-05-15,33.29999923706055,0.0
2018-05-16,33.349998474121094,0.0
2018-05-17,33.25,0.0
2018-05-18,34.20000076293945,0.0
2018-05-21,34.20000076293945,0.0
2018-05-22,33.650001525878906,0.0
2018-05-23,34.0,0.0
2018-05-24,33.70000076293945,0.0
2018-05-25,33.400001525878906,0.0
2018-05-28,33.0,0.0
2018-05-29,32.79999923706055,0.0
2018-05-30,32.79999923706055,0.0
2018-05-31,33.650001525878906,0.0
2018-06-01,33.79999923706055,0.0
2018-06-04,34.0,0.0
2018-06-05,33.75,0.0
2018-06-06,33.70000076293945,0.0
2018-06-07,33.5,0.0
2018-06-08,33.20000076293945,0.0
2018-06-11,32.849998474121094,0.0
2018-06-12,33.0,0.0
2018-06-13,33.349998474121094,0.0
2018-06-14,33.04999923706055,0.0
2018-06-15,32.849998474121094,0.0
2018-06-19,34.5,0.0
2018-06-20,33.70000076293945,0.0
2018-06-21,34.25,0.0
2018-06-22,33.849998474121094,0.0
2018-06-25,33.25,0.0
2018-06-26,32.900001525878906,0.0
2018-06-27,32.70000076293945,0.0
2018-06-28,32.54999923706055,0.0
2018-06-29,32.599998474121094,0.0
2018-07-02,32.25,0.0
2018-07-03,31.450000762939453,0.0
2018-07-04,31.200000762939453,0.0
2018-07-05,30.100000381469727,0.0
2018-07-06,29.200000762939453,0.0
2018-07-09,29.799999237060547,0.0
2018-07-10,29.850000381469727,0.0
2018-07-11,29.89999961853028,0.0
2018-07-12,30.64999961853028,0.0
2018-07-13,30.5,0.0
2018-07-16,30.5,0.0
2018-07-17,30.299999237060547,0.0
2018-07-18,30.100000381469727,0.0
2018-07-19,29.799999237060547,0.0
2018-07-20,29.299999237060547,0.0
2018-07-23,29.100000381469727,0.0
2018-07-24,29.14999961853028,0.0
2018-07-25,29.100000381469727,0.0
2018-07-26,29.25,0.0
2018-07-27,29.14999961853028,0.0
2018-07-30,28.89999961853028,0.0
2018-07-31,28.600000381469727,0.0
2018-08-01,28.600000381469727,0.0
2018-08-02,28.299999237060547,0.0
2018-08-03,27.89999961853028,0.0
2018-08-06,27.5,0.0
2018-08-07,27.0,0.0
2018-08-08,27.600000381469727,0.0
2018-08-09,27.14999961853028,0.0
2018-08-10,28.0,0.0
2018-08-13,27.89999961853028,0.0
2018-08-14,27.64999961853028,0.0
2018-08-15,27.0,0.0
2018-08-16,26.299999237060547,0.0
2018-08-17,26.14999961853028,0.0
2018-08-20,25.89999961853028,0.0
2018-08-21,25.450000762939453,0.0
2018-08-22,25.5,0.0
2018-08-23,25.549999237060547,0.0
2018-08-24,25.5,0.0
2018-08-27,26.049999237060547,0.0
2018-08-28,26.14999961853028,0.0
2018-08-29,25.850000381469727,0.0
2018-08-30,25.75,0.0
2018-08-31,25.799999237060547,0.0
2018-09-03,24.799999237060547,0.0
2018-09-04,24.700000762939453,0.0
2018-09-05,27.14999961853028,0.0
2018-09-06,29.850000381469727,0.0
2018-09-07,32.79999923706055,0.0
2018-09-10,36.04999923706055,0.0
2018-09-11,39.650001525878906,0.0
2018-09-12,43.59999847412109,0.0
2018-09-13,41.900001525878906,0.0
2018-09-14,46.04999923706055,0.0
2018-09-17,50.59999847412109,0.0
2018-09-18,45.54999923706055,0.0
2018-09-19,46.900001525878906,0.0
2018-09-20,46.29999923706055,0.0
2018-09-21,46.59999847412109,0.0
2018-09-25,46.59999847412109,0.0
2018-09-26,48.20000076293945,0.0
2018-09-27,48.0,0.0
2018-09-28,49.29999923706055,0.0
2018-10-01,49.0,0.0
2018-10-02,48.54999923706055,0.0
2018-10-03,45.84999847412109,0.0
2018-10-04,50.400001525878906,0.0
2018-10-05,52.29999923706055,0.0
2018-10-08,48.79999923706055,0.0
2018-10-09,43.95000076293945,0.0
2018-10-11,39.59999847412109,0.0
2018-10-12,38.150001525878906,0.0
2018-10-15,39.900001525878906,0.0
2018-10-16,41.0,0.0
2018-10-17,41.09999847412109,0.0
2018-10-18,39.650001525878906,0.0
2018-10-19,38.70000076293945,0.0
2018-10-22,42.54999923706055,0.0
2018-10-23,46.29999923706055,0.0
2018-10-24,44.09999847412109,0.0
2018-10-25,43.5,0.0
2018-10-26,43.09999847412109,0.0
2018-10-29,40.59999847412109,0.0
2018-10-30,40.150001525878906,0.0
2018-10-31,40.400001525878906,0.0
2018-11-01,40.5,0.0
2018-11-02,40.0,0.0
2018-11-05,38.5,0.0
2018-11-06,38.650001525878906,0.0
2018-11-07,38.650001525878906,0.0
2018-11-08,42.5,0.0
2018-11-09,43.04999923706055,0.0
2018-11-12,41.09999847412109,0.0
2018-11-13,40.900001525878906,0.0
2018-11-14,40.150001525878906,0.0
2018-11-15,39.650001525878906,0.0
2018-11-16,40.0,0.0
2018-11-19,40.0,0.0
2018-11-20,41.79999923706055,0.0
2018-11-21,41.0,0.0
2018-11-22,41.150001525878906,0.0
2018-11-23,39.70000076293945,0.0
2018-11-26,39.54999923706055,0.0
2018-11-27,40.0,0.0
2018-11-28,41.04999923706055,0.0
2018-11-29,40.70000076293945,0.0
2018-11-30,41.5,0.0
2018-12-03,42.09999847412109,0.0
2018-12-04,41.400001525878906,0.0
2018-12-05,43.0,0.0
2018-12-06,39.900001525878906,0.0
2018-12-07,39.84999847412109,0.0
2018-12-10,39.0,0.0
2018-12-11,39.04999923706055,0.0
2018-12-12,39.34999847412109,0.0
2018-12-13,41.400001525878906,0.0
2018-12-14,40.70000076293945,0.0
2018-12-17,44.75,0.0
2018-12-18,43.5,0.0
2018-12-19,42.54999923706055,0.0
2018-12-20,43.59999847412109,0.0
2018-12-21,42.54999923706055,0.0
2018-12-24,42.0,0.0
2018-12-25,42.09999847412109,0.0
2018-12-26,41.70000076293945,0.0
2018-12-27,42.0,0.0
2018-12-28,45.04999923706055,0.0
2019-01-02,44.09999847412109,0.0
2019-01-03,48.5,0.0
2019-01-04,52.0,0.0
2019-01-07,52.0,0.0
2019-01-08,57.20000076293945,0.0
2019-01-09,57.5,0.0
2019-01-10,56.09999847412109,0.0
2019-01-11,56.29999923706055,0.0
2019-01-14,57.59999847412109,0.0
2019-01-15,55.70000076293945,0.0
2019-01-16,52.70000076293945,0.0
2019-01-17,53.29999923706055,0.0
2019-01-18,52.900001525878906,0.0
2019-01-21,52.5,0.0
2019-01-22,54.29999923706055,0.0
2019-01-23,54.400001525878906,0.0
2019-01-24,57.0,0.0
2019-01-25,55.79999923706055,0.0
2019-01-28,55.70000076293945,0.0
2019-01-29,55.09999847412109,0.0
2019-01-30,55.09999847412109,0.0
2019-02-11,57.400001525878906,0.0
2019-02-12,57.20000076293945,0.0
2019-02-13,56.70000076293945,0.0
2019-02-14,62.29999923706055,0.0
2019-02-15,67.0,0.0
2019-02-18,68.0,0.0
2019-02-19,66.69999694824219,0.0
2019-02-20,66.5999984741211,0.0
2019-02-21,67.0,0.0
2019-02-22,66.30000305175781,0.0
2019-02-25,67.0,0.0
2019-02-26,65.0,0.0
2019-02-27,67.5,0.0
2019-03-04,66.0999984741211,0.0
2019-03-05,65.5999984741211,0.0
2019-03-06,66.0999984741211,0.0
2019-03-07,65.0,0.0
2019-03-08,65.5,0.0
2019-03-11,65.69999694824219,0.0
2019-03-12,65.9000015258789,0.0
2019-03-13,66.80000305175781,0.0
2019-03-14,66.5,0.0
2019-03-15,62.0,0.0
2019-03-18,60.0,0.0
2019-03-19,60.70000076293945,0.0
2019-03-20,59.20000076293945,0.0
2019-03-21,59.29999923706055,0.0
2019-03-22,58.20000076293945,0.0
2019-03-25,58.70000076293945,0.0
2019-03-26,59.0,0.0
2019-03-27,59.59999847412109,0.0
2019-03-28,59.29999923706055,0.0
2019-03-29,59.0,0.0
2019-04-01,57.79999923706055,0.0
2019-04-02,57.59999847412109,0.0
2019-04-03,61.0,0.0
2019-04-08,61.20000076293945,0.0
2019-04-09,67.30000305175781,0.0
2019-04-10,74.0,0.0
2019-04-11,81.4000015258789,0.0
2019-04-12,80.30000305175781,0.0
2019-04-15,80.0,0.0
2019-04-16,87.0,0.0
2019-04-17,83.5,0.0
2019-04-18,80.5,0.0
2019-04-19,81.9000015258789,0.0
2019-04-22,82.0,0.0
2019-04-23,83.30000305175781,0.0
2019-04-24,81.69999694824219,0.0
2019-04-25,81.5999984741211,0.0
2019-04-26,82.0,0.0
2019-04-29,75.69999694824219,0.0
2019-04-30,76.5,0.0
2019-05-02,75.80000305175781,0.0
2019-05-03,76.4000015258789,0.0
2019-05-06,76.80000305175781,0.0
2019-05-07,76.5999984741211,0.0
2019-05-08,75.30000305175781,0.0
2019-05-09,72.0,0.0
2019-05-10,71.0,0.0
2019-05-13,67.5,0.0
2019-05-14,72.9000015258789,0.0
2019-05-15,73.4000015258789,0.0
2019-05-16,70.9000015258789,0.0
2019-05-17,69.80000305175781,0.0
2019-05-20,69.80000305175781,0.0
2019-05-21,70.5,0.0
2019-05-22,71.80000305175781,0.0
2019-05-23,73.5999984741211,0.0
2019-05-24,77.19999694824219,0.0
2019-05-27,74.30000305175781,0.0
2019-05-28,72.80000305175781,0.0
2019-05-29,73.19999694824219,0.0
2019-05-30,73.80000305175781,0.0
2019-05-31,73.5999984741211,0.0
2019-06-03,72.9000015258789,0.0
2019-06-04,74.0,0.0
2019-06-05,74.0999984741211,0.0
2019-06-06,73.0,0.0
2019-06-10,73.30000305175781,0.0
2019-06-11,75.19999694824219,0.0
2019-06-12,74.0,0.0
2019-06-13,73.30000305175781,0.0
2019-06-14,73.5,0.0
2019-06-17,74.0999984741211,0.0
2019-06-18,73.30000305175781,0.0
2019-06-19,73.9000015258789,0.0
2019-06-20,76.5,0.0
2019-06-21,74.5999984741211,0.0
2019-06-24,75.19999694824219,0.0
2019-06-25,74.0,0.0
2019-06-26,74.19999694824219,0.0
2019-06-27,74.5,0.0
2019-06-28,75.69999694824219,0.0
2019-07-01,76.0999984741211,0.0
2019-07-02,79.69999694824219,0.0
2019-07-03,78.5999984741211,0.0
2019-07-04,79.69999694824219,0.0
2019-07-05,79.5,0.0
2019-07-08,77.0999984741211,0.0
2019-07-09,76.19999694824219,0.0
2019-07-10,76.80000305175781,0.0
2019-07-11,74.69999694824219,0.0
2019-07-12,73.9000015258789,0.0
2019-07-15,74.9000015258789,0.0
2019-07-16,76.5999984741211,0.0
2019-07-17,77.30000305175781,0.0
2019-07-18,79.5,0.0
2019-07-19,78.0999984741211,0.0
2019-07-22,77.4000015258789,0.0
2019-07-23,76.69999694824219,0.0
2019-07-24,77.80000305175781,0.0
2019-07-25,76.9000015258789,0.0
2019-07-26,76.5999984741211,0.0
2019-07-29,75.30000305175781,0.0
2019-07-30,68.80000305175781,0.0
2019-07-31,66.69999694824219,0.0
2019-08-01,66.69999694824219,0.0
2019-08-02,66.9000015258789,0.0
2019-08-05,61.29999923706055,0.0
2019-08-06,62.400001525878906,0.0
2019-08-07,62.0,0.0
2019-08-08,61.29999923706055,0.0
2019-08-12,59.29999923706055,0.0
2019-08-13,62.09999847412109,0.0
2019-08-14,61.400001525878906,0.0
2019-08-15,64.4000015258789,0.0
2019-08-16,63.29999923706055,0.0
2019-08-19,64.0,0.0
2019-08-20,63.5,0.0
2019-08-21,62.70000076293945,0.0
2019-08-22,61.79999923706055,0.0
2019-08-23,61.70000076293945,0.0
2019-08-26,60.59999847412109,0.0
2019-08-27,60.70000076293945,0.0
2019-08-28,61.0,0.0
2019-08-29,61.79999923706055,0.0
2019-08-30,61.29999923706055,0.0
2019-09-02,62.09999847412109,0.0
2019-09-03,62.20000076293945,0.0
2019-09-04,62.5,0.0
2019-09-05,62.0,0.0
2019-09-06,61.20000076293945,0.0
2019-09-10,64.9000015258789,0.0
2019-09-11,62.900001525878906,0.0
2019-09-12,62.70000076293945,0.0
2019-09-16,62.09999847412109,0.0
2019-09-17,62.5,0.0
2019-09-18,62.29999923706055,0.0
2019-09-19,63.400001525878906,0.0
2019-09-20,63.09999847412109,0.0
2019-09-23,63.09999847412109,0.0
2019-09-24,63.0,0.0
2019-09-25,64.30000305175781,0.0
2019-09-26,63.59999847412109,0.0
2019-09-27,63.09999847412109,0.0
2019-10-01,62.59999847412109,0.0
2019-10-02,62.70000076293945,0.0
2019-10-03,63.0,0.0
2019-10-04,62.5,0.0
2019-10-07,61.79999923706055,0.0
2019-10-08,62.70000076293945,0.0
2019-10-09,62.09999847412109,0.0
2019-10-14,61.900001525878906,0.0
2019-10-15,61.5,0.0
2019-10-16,60.400001525878906,0.0
2019-10-17,60.70000076293945,0.0
2019-10-18,60.900001525878906,0.0
2019-10-21,60.29999923706055,0.0
2019-10-22,60.5,0.0
2019-10-23,60.70000076293945,0.0
2019-10-24,61.29999923706055,0.0
2019-10-25,60.70000076293945,0.0
2019-10-28,60.09999847412109,0.0
2019-10-29,60.0,0.0
2019-10-30,62.79999923706055,0.0
2019-10-31,61.5,0.0
2019-11-01,62.20000076293945,0.0
2019-11-04,61.59999847412109,0.0
2019-11-05,61.09999847412109,0.0
2019-11-06,61.09999847412109,0.0
2019-11-07,61.400001525878906,0.0
2019-11-08,61.5,0.0
2019-11-11,60.5,0.0
2019-11-12,61.0,0.0
2019-11-13,60.20000076293945,0.0
2019-11-14,60.20000076293945,0.0
2019-11-15,59.400001525878906,0.0
2019-11-18,59.0,0.0
2019-11-19,59.5,0.0
2019-11-20,59.09999847412109,0.0
2019-11-21,60.900001525878906,0.0
2019-11-22,66.9000015258789,0.0
2019-11-25,65.0999984741211,0.0
2019-11-26,64.19999694824219,0.0
2019-11-27,65.69999694824219,0.0
2019-11-28,65.5,0.0
2019-11-29,63.59999847412109,0.0
2019-12-02,62.900001525878906,0.0
2019-12-03,62.70000076293945,0.0
2019-12-04,63.20000076293945,0.0
2019-12-05,62.79999923706055,0.0
2019-12-06,63.09999847412109,0.0
2019-12-09,63.5,0.0
2019-12-10,63.5,0.0
2019-12-11,62.79999923706055,0.0
2019-12-12,62.0,0.0
2019-12-13,63.0,0.0
2019-12-16,62.400001525878906,0.0
2019-12-17,62.5,0.0
2019-12-18,62.29999923706055,0.0
2019-12-19,63.09999847412109,0.0
2019-12-20,62.79999923706055,0.0
2019-12-23,62.900001525878906,0.0
2019-12-24,63.0,0.0
2019-12-25,62.400001525878906,0.0
2019-12-26,62.20000076293945,0.0
2019-12-27,62.0,0.0
2019-12-30,61.70000076293945,0.0
2019-12-31,62.09999847412109,0.0
2020-01-02,61.900001525878906,0.0
2020-01-03,61.09999847412109,0.0
2020-01-06,60.0,0.0
2020-01-07,59.0,0.0
2020-01-08,56.79999923706055,0.0
2020-01-09,57.59999847412109,0.0
2020-01-10,59.79999923706055,0.0
2020-01-13,59.70000076293945,0.0
2020-01-14,58.79999923706055,0.0
2020-01-15,59.29999923706055,0.0
2020-01-16,59.20000076293945,0.0
2020-01-17,59.20000076293945,0.0
2020-01-20,59.20000076293945,0.0
2020-01-30,53.70000076293945,0.0
2020-01-31,54.0,0.0
2020-02-03,48.59999847412109,0.0
2020-02-04,53.400001525878906,0.0
2020-02-05,58.70000076293945,0.0
2020-02-06,62.20000076293945,0.0
2020-02-07,62.20000076293945,0.0
2020-02-10,59.900001525878906,0.0
2020-02-11,59.0,0.0
2020-02-12,60.0,0.0
2020-02-13,59.20000076293945,0.0
2020-02-14,59.20000076293945,0.0
2020-02-17,59.79999923706055,0.0
2020-02-18,61.0,0.0
2020-02-19,60.70000076293945,0.0
2020-02-20,59.5,0.0
2020-02-21,59.5,0.0
2020-02-24,60.900001525878906,0.0
2020-02-25,59.5,0.0
2020-02-26,59.0,0.0
2020-02-27,56.59999847412109,0.0
2020-03-02,58.0,0.0
2020-03-03,57.09999847412109,0.0
2020-03-04,56.59999847412109,0.0
2020-03-05,58.59999847412109,0.0
2020-03-06,57.900001525878906,0.0
2020-03-09,56.400001525878906,0.0
2020-03-10,54.59999847412109,0.0
2020-03-11,54.0,0.0
2020-03-12,48.70000076293945,0.0
2020-03-13,43.900001525878906,0.0
2020-03-16,41.95000076293945,0.0
2020-03-17,37.79999923706055,0.0
2020-03-18,41.54999923706055,0.0
2020-03-19,45.70000076293945,0.0
2020-03-20,50.20000076293945,0.0
2020-03-23,45.75,0.0
2020-03-24,46.20000076293945,0.0
2020-03-25,46.54999923706055,0.0
2020-03-26,46.0,0.0
2020-03-27,50.59999847412109,0.0
2020-03-30,48.900001525878906,0.0
2020-03-31,48.20000076293945,0.0
2020-04-01,47.79999923706055,0.0
2020-04-06,50.400001525878906,0.0
2020-04-07,49.79999923706055,0.0
2020-04-08,53.09999847412109,0.0
2020-04-09,52.900001525878906,0.0
2020-04-10,52.5,0.0
2020-04-13,52.79999923706055,0.0
2020-04-14,53.29999923706055,0.0
2020-04-15,52.59999847412109,0.0
2020-04-16,52.400001525878906,0.0
2020-04-17,51.09999847412109,0.0
2020-04-20,52.20000076293945,0.0
2020-04-21,51.20000076293945,0.0
2020-04-22,51.0,0.0
2020-04-23,55.900001525878906,0.0
2020-04-24,53.900001525878906,0.0
2020-04-27,54.59999847412109,0.0
2020-04-28,54.0,0.0
2020-04-29,53.59999847412109,0.0
2020-04-30,53.900001525878906,0.0
2020-05-04,55.09999847412109,0.0
2020-05-05,60.0,0.0
2020-05-06,62.5,0.0
2020-05-07,61.29999923706055,0.0
2020-05-08,57.09999847412109,0.0
2020-05-11,57.20000076293945,0.0
2020-05-12,57.400001525878906,0.0
2020-05-13,59.70000076293945,0.0
2020-05-14,57.900001525878906,0.0
2020-05-15,56.79999923706055,0.0
2020-05-18,62.400001525878906,0.0
2020-05-19,68.5,0.0
2020-05-20,63.0,0.0
2020-05-21,62.79999923706055,0.0
2020-05-22,64.5,0.0
2020-05-25,69.0,0.0
2020-05-26,65.9000015258789,0.0
2020-05-27,63.400001525878906,0.0
2020-05-28,62.900001525878906,0.0
2020-05-29,64.19999694824219,0.0
2020-06-01,63.0,0.0
2020-06-02,60.09999847412109,0.0
2020-06-03,60.900001525878906,0.0
2020-06-04,61.29999923706055,0.0
2020-06-05,61.5,0.0
2020-06-08,60.09999847412109,0.0
2020-06-09,62.0,0.0
2020-06-10,62.20000076293945,0.0
2020-06-11,58.900001525878906,0.0
2020-06-12,64.69999694824219,0.0
2020-06-15,71.0999984741211,0.0
2020-06-16,78.19999694824219,0.0
2020-06-17,86.0,0.0
2020-06-18,91.3000030517578,0.0
2020-06-19,84.5,0.0
2020-06-22,84.0999984741211,0.0
2020-06-23,82.19999694824219,0.0
2020-06-24,79.5,0.0
2020-06-29,87.4000015258789,0.0
2020-06-30,85.5,0.0
2020-07-01,84.5,0.0
2020-07-02,85.0999984741211,0.0
2020-07-03,83.5999984741211,0.0
2020-07-06,91.9000015258789,0.0
2020-07-07,89.0,0.0
2020-07-08,97.0,0.0
2020-07-09,102.5,0.0
2020-07-10,98.0,0.0
2020-07-13,91.9000015258789,0.0
2020-07-14,88.69999694824219,0.0
2020-07-15,86.69999694824219,0.0
2020-07-16,85.80000305175781,0.0
2020-07-17,77.30000305175781,0.0
2020-07-20,76.19999694824219,0.0
2020-07-21,77.19999694824219,0.0
2020-07-22,80.0,0.0
2020-07-23,77.5999984741211,0.0
2020-07-24,74.5999984741211,0.0
2020-07-27,76.0,0.0
2020-07-28,73.0999984741211,0.0
2020-07-29,76.0999984741211,0.0
2020-07-30,79.0999984741211,0.0
2020-07-31,77.5,0.0
2020-08-03,80.69999694824219,0.0
2020-08-04,79.0,0.0
2020-08-05,78.30000305175781,0.0
2020-08-06,78.5999984741211,0.0
2020-08-07,77.4000015258789,0.0
2020-08-10,75.4000015258789,0.0
2020-08-11,71.80000305175781,0.0
2020-08-12,73.0,0.0
2020-08-13,71.0,0.0
2020-08-14,72.0999984741211,0.0
2020-08-17,70.30000305175781,0.0
2020-08-18,71.69999694824219,0.0
2020-08-19,71.4000015258789,0.0
2020-08-20,67.69999694824219,0.0
2020-08-21,69.19999694824219,0.0
2020-08-24,69.5999984741211,0.0
2020-08-25,69.0,0.0
2020-08-26,72.80000305175781,0.0
2020-08-27,71.30000305175781,0.0
2020-08-28,71.30000305175781,0.0
2020-08-31,70.69999694824219,0.0
2020-09-01,69.5999984741211,0.0
2020-09-02,76.5,0.0
2020-09-03,75.0,0.0
2020-09-04,73.4000015258789,0.0
2020-09-07,71.5999984741211,0.0
2020-09-08,73.5,0.0
2020-09-09,72.19999694824219,0.0
2020-09-10,71.0999984741211,0.0
2020-09-11,69.69999694824219,0.0
2020-09-14,70.0,0.0
2020-09-15,71.0,0.0
2020-09-16,70.19999694824219,0.0
2020-09-17,70.0999984741211,0.0
2020-09-18,70.9000015258789,0.0
2020-09-21,70.5999984741211,0.0
2020-09-22,69.30000305175781,0.0
2020-09-23,68.5999984741211,0.0
2020-09-24,68.5,0.0
2020-09-25,65.19999694824219,0.0
2020-09-28,65.5999984741211,0.0
2020-09-29,64.19999694824219,0.0
2020-09-30,64.5999984741211,0.0
2020-10-05,65.80000305175781,0.0
2020-10-06,65.69999694824219,0.0
2020-10-07,65.4000015258789,0.0
2020-10-08,64.30000305175781,0.0
2020-10-12,63.09999847412109,0.0
2020-10-13,62.09999847412109,0.0
2020-10-14,63.09999847412109,0.0
2020-10-15,62.0,0.0
2020-10-16,61.29999923706055,0.0
2020-10-19,61.09999847412109,0.0
2020-10-20,61.29999923706055,0.0
2020-10-21,61.400001525878906,0.0
2020-10-22,60.0,0.0
2020-10-23,60.5,0.0
2020-10-26,59.09999847412109,0.0
2020-10-27,59.5,0.0
2020-10-28,58.79999923706055,0.0
2020-10-29,57.5,0.0
2020-10-30,56.70000076293945,0.0
2020-11-02,57.400001525878906,0.0
2020-11-03,58.70000076293945,0.0
2020-11-04,58.59999847412109,0.0
2020-11-05,58.70000076293945,0.0
2020-11-06,58.900001525878906,0.0
2020-11-09,59.5,0.0
2020-11-10,59.09999847412109,0.0
2020-11-11,57.59999847412109,0.0
2020-11-12,56.70000076293945,0.0
2020-11-13,57.900001525878906,0.0
2020-11-16,57.29999923706055,0.0
2020-11-17,58.29999923706055,0.0
2020-11-18,59.79999923706055,0.0
2020-11-19,60.400001525878906,0.0
2020-11-20,61.0,0.0
2020-11-23,61.0,0.0
2020-11-24,59.5,0.0
2020-11-25,65.4000015258789,0.0
2020-11-26,63.09999847412109,0.0
2020-11-27,61.20000076293945,0.0
2020-11-30,60.900001525878906,0.0
2020-12-01,60.59999847412109,0.0
2020-12-02,60.79999923706055,0.0
2020-12-03,60.29999923706055,0.0
2020-12-04,59.400001525878906,0.0
2020-12-07,57.29999923706055,0.0
2020-12-08,57.79999923706055,0.0
2020-12-09,57.400001525878906,0.0
2020-12-10,58.400001525878906,0.0
2020-12-11,59.5,0.0
2020-12-14,59.400001525878906,0.0
2020-12-15,57.70000076293945,0.0
2020-12-16,58.900001525878906,0.0
2020-12-17,58.400001525878906,0.0
2020-12-18,59.400001525878906,0.0
2020-12-21,58.79999923706055,0.0
2020-12-22,61.0,0.0
2020-12-23,59.70000076293945,0.0
2020-12-24,59.0,0.0
2020-12-25,58.70000076293945,0.0
2020-12-28,58.79999923706055,0.0
2020-12-29,60.20000076293945,0.0
2020-12-30,59.59999847412109,0.0
2020-12-31,59.20000076293945,0.0
2021-01-04,58.20000076293945,0.0
2021-01-05,57.5,0.0
2021-01-06,57.0,0.0
2021-01-07,57.0,0.0
2021-01-08,56.70000076293945,0.0
2021-01-11,55.400001525878906,0.0
2021-01-12,57.29999923706055,0.0
2021-01-13,55.59999847412109,0.0
2021-01-14,55.5,0.0
2021-01-15,53.400001525878906,0.0
2021-01-18,54.29999923706055,0.0
2021-01-19,53.20000076293945,0.0
2021-01-20,52.59999847412109,0.0
2021-01-21,51.0,0.0
2021-01-22,50.0,0.0
2021-01-25,51.09999847412109,0.0
2021-01-26,50.20000076293945,0.0
2021-01-27,49.29999923706055,0.0
2021-01-28,48.70000076293945,0.0
2021-01-29,47.34999847412109,0.0
2021-02-01,49.0,0.0
2021-02-02,48.5,0.0
2021-02-03,51.0,0.0
2021-02-04,54.09999847412109,0.0
2021-02-05,54.09999847412109,0.0
2021-02-17,55.09999847412109,0.0
2021-02-18,60.59999847412109,0.0
2021-02-19,66.5999984741211,0.0
2021-02-22,73.19999694824219,0.0
2021-02-23,66.19999694824219,0.0
2021-02-24,64.80000305175781,0.0
2021-02-25,66.80000305175781,0.0
2021-02-26,65.0999984741211,0.0
2021-03-02,63.5,0.0
2021-03-03,64.0,0.0
2021-03-04,63.0,0.0
2021-03-05,69.30000305175781,0.0
2021-03-08,68.0999984741211,0.0
2021-03-09,68.5999984741211,0.0
2021-03-10,69.19999694824219,0.0
2021-03-11,68.19999694824219,0.0
2021-03-12,65.69999694824219,0.0
2021-03-15,65.69999694824219,0.0
2021-03-16,64.0,0.0
2021-03-17,64.0999984741211,0.0
2021-03-18,64.80000305175781,0.0
2021-03-19,63.5,0.0
2021-03-22,62.70000076293945,0.0
2021-03-23,66.69999694824219,0.0
2021-03-24,69.5,0.0
2021-03-25,65.4000015258789,0.0
2021-03-26,65.5,0.0
2021-03-29,67.0999984741211,0.0
2021-03-30,66.5,0.0
2021-03-31,65.69999694824219,0.0
2021-04-01,65.30000305175781,0.0
2021-04-07,65.19999694824219,0.0
2021-04-08,64.80000305175781,0.0
2021-04-09,66.5999984741211,0.0
2021-04-12,73.19999694824219,0.0
2021-04-13,67.5999984741211,0.0
2021-04-14,65.5999984741211,0.0
2021-04-15,66.19999694824219,0.0
2021-04-16,66.0999984741211,0.0
2021-04-19,65.0999984741211,0.0
2021-04-20,65.5,0.0
2021-04-21,65.30000305175781,0.0
2021-04-22,63.70000076293945,0.0
2021-04-23,63.79999923706055,0.0
2021-04-26,63.900001525878906,0.0
2021-04-27,65.69999694824219,0.0
2021-04-28,64.19999694824219,0.0
2021-04-29,64.0999984741211,0.0
2021-05-03,65.30000305175781,0.0
2021-05-04,60.900001525878906,0.0
2021-05-05,61.0,0.0
2021-05-06,59.900001525878906,0.0
2021-05-07,61.0,0.0
2021-05-10,60.0,0.0
2021-05-11,61.400001525878906,0.0
2021-05-12,64.5,0.0
2021-05-13,67.0,0.0
2021-05-14,64.69999694824219,0.0
2021-05-17,71.0999984741211,0.0
2021-05-18,66.5,0.0
2021-05-19,65.0,0.0
2021-05-20,64.69999694824219,0.0
2021-05-21,65.80000305175781,0.0
2021-05-24,72.30000305175781,0.0
2021-05-25,68.19999694824219,0.0
2021-05-26,70.5999984741211,0.0
2021-05-27,77.5999984741211,0.0
2021-05-28,74.5999984741211,0.0
2021-05-31,67.30000305175781,0.0
2021-06-01,65.0999984741211,0.0
2021-06-02,62.29999923706055,0.0
2021-06-03,63.400001525878906,0.0
2021-06-04,62.900001525878906,0.0
2021-06-07,64.19999694824219,0.0
2021-06-08,70.5,0.0
2021-06-09,71.69999694824219,0.0
2021-06-10,78.80000305175781,0.0
2021-06-11,86.5999984741211,0.0
2021-06-15,81.0,0.0
2021-06-16,73.69999694824219,0.0
2021-06-17,74.30000305175781,0.0
2021-06-18,74.5999984741211,0.0
2021-06-21,72.0,0.0
2021-06-22,68.5,0.0
2021-06-23,70.5,0.0
2021-06-24,69.5999984741211,0.0
2021-06-25,67.80000305175781,0.0
2021-06-28,66.9000015258789,0.0
2021-06-29,65.4000015258789,0.0
2021-06-30,65.30000305175781,0.0
2021-07-01,65.0999984741211,0.0
2021-07-02,64.5,0.0
2021-07-05,65.80000305175781,0.0
2021-07-06,64.5,0.0
2021-07-07,65.80000305175781,0.0
2021-07-08,65.19999694824219,0.0
2021-07-09,64.80000305175781,0.0
2021-07-12,64.0,0.0
2021-07-13,61.400001525878906,0.0
2021-07-14,61.0,0.0
2021-07-15,65.0999984741211,0.0
2021-07-16,64.5,0.0
2021-07-19,64.30000305175781,0.0
2021-07-20,70.69999694824219,0.0
2021-07-21,67.0,0.0
2021-07-22,64.5999984741211,0.0
2021-07-23,63.20000076293945,0.0
2021-07-26,64.4000015258789,0.0
2021-07-27,62.5,0.0
2021-07-28,63.5,0.0
2021-07-29,64.69999694824219,0.0
2021-07-30,64.19999694824219,0.0
2021-08-02,65.19999694824219,0.0
2021-08-03,64.5,0.0
2021-08-04,64.80000305175781,0.0
2021-08-05,64.69999694824219,0.0
2021-08-06,64.5999984741211,0.0
2021-08-09,63.59999847412109,0.0
2021-08-10,63.59999847412109,0.0
2021-08-11,62.20000076293945,0.0
2021-08-12,63.0,0.0
2021-08-13,64.5999984741211,0.0
2021-08-16,68.0,0.0
2021-08-17,68.0,0.0
2021-08-18,63.59999847412109,0.0
2021-08-19,62.400001525878906,0.0
2021-08-20,63.09999847412109,0.0
2021-08-23,62.5,0.0
2021-08-24,60.900001525878906,0.0
2021-08-25,60.5,0.0
2021-08-26,60.20000076293945,0.0
2021-08-27,60.5,0.0
2021-08-30,60.20000076293945,0.0
2021-08-31,60.29999923706055,0.0
2021-09-01,59.5,0.0
2021-09-02,59.0,0.0
2021-09-03,58.70000076293945,0.0
2021-09-06,58.29999923706055,0.0
2021-09-07,59.5,0.0
2021-09-08,58.900001525878906,0.0
2021-09-09,58.20000076293945,0.0
2021-09-10,58.59999847412109,0.0
2021-09-13,60.0,0.0
2021-09-14,59.20000076293945,0.0
2021-09-15,59.29999923706055,0.0
2021-09-16,59.29999923706055,0.0
2021-09-17,58.900001525878906,0.0
2021-09-22,57.70000076293945,0.0
2021-09-23,58.29999923706055,0.0
2021-09-24,58.79999923706055,0.0
2021-09-27,58.79999923706055,0.0
2021-09-28,58.5,0.0
2021-09-29,57.09999847412109,0.0
2021-09-30,57.20000076293945,0.0
2021-10-01,56.70000076293945,0.0
2021-10-04,52.20000076293945,0.0
2021-10-05,51.09999847412109,0.0
2021-10-06,50.5,0.0
2021-10-07,51.20000076293945,0.0
2021-10-08,51.09999847412109,0.0
2021-10-12,50.59999847412109,0.0
2021-10-13,49.29999923706055,0.0
2021-10-14,52.900001525878906,0.0
2021-10-15,52.400001525878906,0.0
2021-10-18,51.09999847412109,0.0
2021-10-19,51.400001525878906,0.0
2021-10-20,51.09999847412109,0.0
2021-10-21,51.20000076293945,0.0
2021-10-22,50.29999923706055,0.0
2021-10-25,50.09999847412109,0.0
2021-10-26,49.900001525878906,0.0
2021-10-27,54.79999923706055,0.0
2021-10-28,56.900001525878906,0.0
2021-10-29,54.5,0.0
2021-11-01,52.79999923706055,0.0
2021-11-02,52.20000076293945,0.0
2021-11-03,52.79999923706055,0.0
2021-11-04,52.5,0.0
2021-11-05,52.900001525878906,0.0
2021-11-08,52.29999923706055,0.0
2021-11-09,52.09999847412109,0.0
2021-11-10,51.59999847412109,0.0
2021-11-11,52.09999847412109,0.0
2021-11-12,51.70000076293945,0.0
2021-11-15,50.79999923706055,0.0
2021-11-16,51.0,0.0
2021-11-17,50.70000076293945,0.0
2021-11-18,51.79999923706055,0.0
2021-11-19,51.09999847412109,0.0
2021-11-22,53.29999923706055,0.0
2021-11-23,52.0,0.0
2021-11-24,52.70000076293945,0.0
2021-11-25,52.29999923706055,0.0
2021-11-26,52.59999847412109,0.0
2021-11-29,53.29999923706055,0.0
2021-11-30,52.0,0.0
2021-12-01,51.79999923706055,0.0
2021-12-02,51.79999923706055,0.0
2021-12-03,52.70000076293945,0.0
2021-12-06,52.900001525878906,0.0
2021-12-07,53.09999847412109,0.0
2021-12-08,58.400001525878906,0.0
2021-12-09,55.0,0.0
2021-12-10,55.5,0.0
2021-12-13,56.0,0.0
2021-12-14,55.20000076293945,0.0
2021-12-15,55.29999923706055,0.0
2021-12-16,56.5,0.0
2021-12-17,56.79999923706055,0.0
2021-12-20,57.5,0.0
2021-12-21,57.29999923706055,0.0
2021-12-22,57.20000076293945,0.0
2021-12-23,56.70000076293945,0.0
2021-12-24,56.5,0.0
2021-12-27,56.20000076293945,0.0
2021-12-28,56.5,0.0
2021-12-29,56.59999847412109,0.0
2021-12-30,57.400001525878906,0.0
2022-01-03,56.09999847412109,0.0
2022-01-04,55.79999923706055,0.0
2022-01-05,55.79999923706055,0.0
2022-01-06,55.59999847412109,0.0
2022-01-07,55.59999847412109,0.0
2022-01-10,57.70000076293945,0.0
2022-01-11,55.20000076293945,0.0
2022-01-12,55.29999923706055,0.0
2022-01-13,55.29999923706055,0.0
2022-01-14,54.20000076293945,0.0
2022-01-17,57.20000076293945,0.0
2022-01-18,56.400001525878906,0.0
2022-01-19,55.5,0.0
2022-01-20,55.20000076293945,0.0
2022-01-21,54.5,0.0
2022-01-24,54.29999923706055,0.0
2022-01-25,52.70000076293945,0.0
2022-01-26,52.59999847412109,0.0
2022-02-07,53.09999847412109,0.0
2022-02-08,53.29999923706055,0.0
2022-02-09,53.5,0.0
2022-02-10,53.0,0.0
2022-02-11,52.900001525878906,0.0
2022-02-14,51.70000076293945,0.0
2022-02-15,54.29999923706055,0.0
2022-02-16,53.79999923706055,0.0
2022-02-17,52.900001525878906,0.0
2022-02-18,52.900001525878906,0.0
2022-02-21,53.5,0.0
2022-02-22,52.20000076293945,0.0
2022-02-23,52.5,0.0
2022-02-24,50.900001525878906,0.0
2022-02-25,51.09999847412109,0.0
2022-03-01,51.400001525878906,0.0
2022-03-02,52.09999847412109,0.0
2022-03-03,52.0,0.0
2022-03-04,52.09999847412109,0.0
2022-03-07,50.70000076293945,0.0
2022-03-08,49.20000076293945,0.0
2022-03-09,49.84999847412109,0.0
2022-03-10,50.29999923706055,0.0
2022-03-11,50.0,0.0
2022-03-14,49.84999847412109,0.0
2022-03-15,49.5,0.0
2022-03-16,49.400001525878906,0.0
2022-03-17,50.29999923706055,0.0
2022-03-18,51.5,0.0
2022-03-21,52.400001525878906,0.0
2022-03-22,52.59999847412109,0.0
2022-03-23,52.900001525878906,0.0
2022-03-24,52.900001525878906,0.0
2022-03-25,52.29999923706055,0.0
2022-03-28,52.09999847412109,0.0
2022-03-29,52.09999847412109,0.0
2022-03-30,52.70000076293945,0.0
2022-03-31,52.29999923706055,0.0
2022-04-01,52.70000076293945,0.0
2022-04-06,53.70000076293945,0.0
2022-04-07,53.29999923706055,0.0
2022-04-08,53.400001525878906,0.0
2022-04-11,53.400001525878906,0.0
2022-04-12,53.0,0.0
2022-04-13,54.5,0.0
2022-04-14,55.59999847412109,0.0
2022-04-15,56.0,0.0
2022-04-18,55.0,0.0
2022-04-19,53.900001525878906,0.0
2022-04-20,56.79999923706055,0.0
2022-04-21,56.09999847412109,0.0
2022-04-22,56.79999923706055,0.0
2022-04-25,55.29999923706055,0.0
2022-04-26,54.20000076293945,0.0
2022-04-27,53.59999847412109,0.0
2022-04-28,53.59999847412109,0.0
2022-04-29,53.400001525878906,0.0
2022-05-03,53.79999923706055,0.0
2022-05-04,53.20000076293945,0.0
2022-05-05,52.900001525878906,0.0
2022-05-06,51.79999923706055,0.0
2022-05-09,49.59999847412109,0.0
2022-05-10,48.5,0.0
2022-05-11,48.0,0.0
2022-05-12,44.79999923706055,0.0
2022-05-13,49.25,0.0
2022-05-16,48.70000076293945,0.0
2022-05-17,47.75,0.0
2022-05-18,48.25,0.0
2022-05-19,47.20000076293945,0.0
2022-05-20,47.5,0.0
2022-05-23,47.29999923706055,0.0
2022-05-24,46.70000076293945,0.0
2022-05-25,46.75,0.0
2022-05-26,46.59999847412109,0.0
2022-05-27,46.34999847412109,0.0
2022-05-30,46.79999923706055,0.0
2022-05-31,47.0,0.0
2022-06-01,46.900001525878906,0.0
2022-06-02,46.75,0.0
2022-06-06,46.70000076293945,0.0
2022-06-07,47.25,0.0
2022-06-08,47.0,0.0
2022-06-09,47.20000076293945,0.0
2022-06-10,47.70000076293945,0.0
2022-06-13,46.09999847412109,0.0
2022-06-14,46.29999923706055,0.0
2022-06-15,45.95000076293945,0.0
2022-06-16,45.79999923706055,0.0
2022-06-17,45.09999847412109,0.0
2022-06-20,44.09999847412109,0.0
2022-06-21,45.45000076293945,0.0
2022-06-22,43.900001525878906,0.0
2022-06-23,44.45000076293945,0.0
2022-06-24,44.29999923706055,0.0
2022-06-27,44.34999847412109,0.0
2022-06-28,43.900001525878906,0.0
2022-06-29,44.04999923706055,0.0
2022-06-30,42.900001525878906,0.0
2022-07-01,40.04999923706055,0.0
2022-07-04,38.150001525878906,0.0
2022-07-05,39.0,0.0
2022-07-06,39.150001525878906,0.0
2022-07-07,39.5,0.0
2022-07-08,39.79999923706055,0.0
2022-07-11,40.150001525878906,0.0
2022-07-12,38.70000076293945,0.0
2022-07-13,39.5,0.0
2022-07-14,40.0,0.0
2022-07-15,40.29999923706055,0.0
2022-07-18,40.400001525878906,0.0
2022-07-19,40.45000076293945,0.0
2022-07-20,40.29999923706055,0.0
2022-07-21,41.0,0.0
2022-07-22,41.45000076293945,0.0
2022-07-25,42.150001525878906,0.0
2022-07-26,41.20000076293945,0.0
2022-07-27,41.29999923706055,0.0
2022-07-28,40.95000076293945,0.0
2022-07-29,41.25,0.0
2022-08-01,41.09999847412109,0.0
2022-08-02,39.25,0.0
2022-08-03,39.650001525878906,0.0
2022-08-04,39.20000076293945,0.0
2022-08-05,39.59999847412109,0.0
2022-08-08,39.900001525878906,0.0
2022-08-09,40.0,0.0
2022-08-10,39.95000076293945,0.0
2022-08-11,39.900001525878906,0.0
2022-08-12,39.95000076293945,0.0
2022-08-15,40.04999923706055,0.0
2022-08-16,40.54999923706055,0.0
2022-08-17,40.84999847412109,0.0
2022-08-18,40.84999847412109,0.0
2022-08-19,40.84999847412109,0.0
2022-08-22,41.59999847412109,0.0
2022-08-23,40.900001525878906,0.0
2022-08-24,42.75,0.0
2022-08-25,42.25,0.0
2022-08-26,42.04999923706055,0.0
2022-08-29,41.650001525878906,0.0
2022-08-30,42.5,0.0
2022-08-31,46.75,0.0
2022-09-01,46.20000076293945,0.0
2022-09-02,45.20000076293945,0.0
2022-09-05,46.400001525878906,0.0
2022-09-06,43.84999847412109,0.0
2022-09-07,42.79999923706055,0.0
2022-09-08,43.45000076293945,0.0
2022-09-12,42.84999847412109,0.0
2022-09-13,41.650001525878906,0.0
2022-09-14,41.25,0.0
2022-09-15,41.45000076293945,0.0
2022-09-16,40.70000076293945,0.0
2022-09-19,40.0,0.0
2022-09-20,39.84999847412109,0.0
2022-09-21,39.0,0.0
2022-09-22,39.20000076293945,0.0
2022-09-23,38.5,0.0
2022-09-26,35.5,0.0
2022-09-27,35.849998474121094,0.0
2022-09-28,33.150001525878906,0.0
2022-09-29,33.599998474121094,0.0
2022-09-30,33.70000076293945,0.0
2022-10-03,33.95000076293945,0.0
2022-10-04,34.70000076293945,0.0
2022-10-05,34.29999923706055,0.0
2022-10-06,34.0,0.0
2022-10-07,34.0,0.0
2022-10-11,32.099998474121094,0.0
2022-10-12,33.04999923706055,0.0
2022-10-13,32.0,0.0
2022-10-14,32.75,0.0
2022-10-17,32.29999923706055,0.0
2022-10-18,32.54999923706055,0.0
2022-10-19,32.099998474121094,0.0
2022-10-20,30.950000762939453,0.0
2022-10-21,30.0,0.0
2022-10-24,30.100000381469727,0.0
2022-10-25,29.600000381469727,0.0
2022-10-26,28.799999237060547,0.0
2022-10-27,29.64999961853028,0.0
2022-10-28,29.299999237060547,0.0
2022-10-31,29.75,0.0
2022-11-01,30.100000381469727,0.0
2022-11-02,30.350000381469727,0.0
2022-11-03,30.600000381469727,0.0
2022-11-04,33.650001525878906,0.0
2022-11-07,32.95000076293945,0.0
2022-11-08,32.900001525878906,0.0
2022-11-09,33.099998474121094,0.0
2022-11-10,32.400001525878906,0.0
2022-11-11,32.400001525878906,0.0
2022-11-14,33.099998474121094,0.0
2022-11-15,33.099998474121094,0.0
2022-11-16,36.400001525878906,0.0
2022-11-17,35.5,0.0
2022-11-18,35.54999923706055,0.0
2022-11-21,36.20000076293945,0.0
2022-11-22,35.400001525878906,0.0
2022-11-23,35.79999923706055,0.0
2022-11-24,35.70000076293945,0.0
2022-11-25,34.79999923706055,0.0
2022-11-28,34.29999923706055,0.0
2022-11-29,35.25,0.0
2022-11-30,35.0,0.0
2022-12-01,35.45000076293945,0.0
2022-12-02,35.349998474121094,0.0
2022-12-05,35.849998474121094,0.0
2022-12-06,39.400001525878906,0.0
2022-12-07,37.59999847412109,0.0
2022-12-08,37.900001525878906,0.0
2022-12-09,37.150001525878906,0.0
2022-12-12,36.29999923706055,0.0
2022-12-13,36.84999847412109,0.0
2022-12-14,36.70000076293945,0.0
2022-12-15,36.54999923706055,0.0
2022-12-16,36.04999923706055,0.0
2022-12-19,36.09999847412109,0.0
2022-12-20,34.650001525878906,0.0
2022-12-21,34.599998474121094,0.0
2022-12-22,35.349998474121094,0.0
2022-12-23,35.5,0.0
2022-12-26,36.70000076293945,0.0
2022-12-27,36.25,0.0
2022-12-28,35.650001525878906,0.0
2022-12-29,35.75,0.0
2022-12-30,33.599998474121094,0.0
2023-01-03,32.0,0.0
2023-01-04,32.25,0.0
2023-01-05,32.400001525878906,0.0
2023-01-06,32.599998474121094,0.0
2023-01-09,32.70000076293945,0.0
2023-01-10,32.400001525878906,0.0
2023-01-11,32.29999923706055,0.0
2023-01-12,31.799999237060547,0.0
2023-01-13,31.350000381469727,0.0
2023-01-16,31.700000762939453,0.0
2023-01-17,31.5,0.0
2023-01-30,31.850000381469727,0.0
2023-01-31,32.400001525878906,0.0
2023-02-01,32.20000076293945,0.0
2023-02-02,32.45000076293945,0.0
2023-02-03,32.400001525878906,0.0
2023-02-06,32.599998474121094,0.0
2023-02-07,33.25,0.0
2023-02-08,32.900001525878906,0.0
2023-02-09,32.650001525878906,0.0
2023-02-10,32.099998474121094,0.0
2023-02-13,31.64999961853028,0.0
2023-02-14,31.700000762939453,0.0
2023-02-15,31.799999237060547,0.0
2023-02-16,32.349998474121094,0.0
2023-02-17,32.20000076293945,0.0
2023-02-20,32.599998474121094,0.0
2023-02-21,32.54999923706055,0.0
2023-02-22,32.400001525878906,0.0
2023-02-23,32.5,0.0
2023-02-24,32.599998474121094,0.0
2023-03-01,32.900001525878906,0.0
2023-03-02,32.25,0.0
2023-03-03,32.599998474121094,0.0
2023-03-06,32.75,0.0
2023-03-07,32.75,0.0
2023-03-08,32.400001525878906,0.0
2023-03-09,34.900001525878906,0.0
2023-03-10,32.849998474121094,0.0
2023-03-13,32.349998474121094,0.0
2023-03-14,32.599998474121094,0.0
2023-03-15,32.650001525878906,0.0
2023-03-16,32.04999923706055,0.0
2023-03-17,32.25,0.0
2023-03-20,32.25,0.0
2023-03-21,32.25,0.0
2023-03-22,32.25,0.0
2023-03-23,32.349998474121094,0.0
2023-03-24,32.5,0.0
2023-03-27,32.79999923706055,0.0
2023-03-28,32.79999923706055,0.0
2023-03-29,32.45000076293945,0.0
2023-03-30,32.400001525878906,0.0
2023-03-31,32.54999923706055,0.0
2023-04-06,32.45000076293945,0.0
2023-04-07,32.95000076293945,0.0
2023-04-10,33.150001525878906,0.0
2023-04-11,33.099998474121094,0.0
2023-04-12,33.54999923706055,0.0
2023-04-13,35.04999923706055,0.0
2023-04-14,35.25,0.0
2023-04-17,35.04999923706055,0.0
2023-04-18,34.20000076293945,0.0
2023-04-19,34.5,0.0
2023-04-20,33.900001525878906,0.0
2023-04-21,33.04999923706055,0.0
2023-04-24,34.25,0.0
2023-04-25,33.95000076293945,0.0
2023-04-26,33.900001525878906,0.0
2023-04-27,33.75,0.0
2023-04-28,34.349998474121094,0.0
2023-05-02,34.54999923706055,0.0
2023-05-03,34.5,0.0
2023-05-04,34.900001525878906,0.0
2023-05-05,35.0,0.0
2023-05-08,34.099998474121094,0.0
2023-05-09,33.5,0.0
2023-05-10,34.04999923706055,0.0
2023-05-11,33.150001525878906,0.0
2023-05-12,33.099998474121094,0.0
2023-05-15,33.099998474121094,0.0
2023-05-16,33.099998474121094,0.0
2023-05-17,33.29999923706055,0.0
2023-05-18,33.20000076293945,0.0
2023-05-19,32.95000076293945,0.0
2023-05-22,33.0,0.0
2023-05-23,33.70000076293945,0.0
2023-05-24,33.79999923706055,0.0
2023-05-25,33.349998474121094,0.0
2023-05-26,33.0,0.0
2023-05-29,33.25,0.0
2023-05-30,33.349998474121094,0.0
2023-05-31,33.20000076293945,0.0
2023-06-01,33.25,0.0
2023-06-02,33.25,0.0
2023-06-05,33.400001525878906,0.0
2023-06-06,33.400001525878906,0.0
2023-06-07,34.0,0.0
2023-06-08,33.900001525878906,0.0
2023-06-09,33.900001525878906,0.0
2023-06-12,34.0,0.0
2023-06-13,34.0,0.0
2023-06-14,33.599998474121094,0.0
2023-06-15,33.70000076293945,0.0
2023-06-16,33.70000076293945,0.0
2023-06-19,33.599998474121094,0.0
2023-06-20,32.900001525878906,0.0
2023-06-21,32.849998474121094,0.0
2023-06-26,33.0,0.0
2023-06-27,33.0,0.0
2023-06-28,33.04999923706055,0.0
2023-06-29,33.400001525878906,0.0
2023-06-30,33.20000076293945,0.0
2023-07-03,33.150001525878906,0.0
2023-07-04,33.150001525878906,0.0
2023-07-05,33.099998474121094,0.0
2023-07-06,33.099998474121094,0.0
2023-07-07,33.150001525878906,0.0
2023-07-10,32.900001525878906,0.0
2023-07-11,32.79999923706055,0.0
2023-07-12,32.349998474121094,0.0
2023-07-13,32.099998474121094,0.0
2023-07-14,32.900001525878906,0.0
2023-07-17,33.45000076293945,0.0
2023-07-18,32.849998474121094,0.0
2023-07-19,33.349998474121094,0.0
2023-07-20,33.25,0.0
2023-07-21,33.20000076293945,0.0
2023-07-24,32.54999923706055,0.0
2023-07-25,32.54999923706055,0.0
2023-07-26,32.20000076293945,0.0
2023-07-27,32.45000076293945,0.0
2023-07-28,32.20000076293945,0.0
2023-07-31,32.099998474121094,0.0
2023-08-01,32.20000076293945,0.0
2023-08-02,31.850000381469727,0.0
2023-08-04,31.799999237060547,0.0
2023-08-07,31.950000762939453,0.0
2023-08-08,31.89999961853028,0.0
2023-08-09,32.0,0.0
2023-08-10,31.549999237060547,0.0
2023-08-11,32.5,0.0
2023-08-14,31.5,0.0
2023-08-15,31.5,0.0
2023-08-16,31.200000762939453,0.0
2023-08-17,31.049999237060547,0.0
2023-08-18,31.0,0.0
2023-08-21,31.100000381469727,0.0
2023-08-22,30.64999961853028,0.0
2023-08-23,30.5,0.0
2023-08-24,30.5,0.0
2023-08-25,30.5,0.0
2023-08-28,30.549999237060547,0.0
2023-08-29,30.799999237060547,0.0
2023-08-30,33.849998474121094,0.0
2023-08-31,35.400001525878906,0.0
2023-09-01,33.54999923706055,0.0
2023-09-04,33.0,0.0
2023-09-05,33.5,0.0
2023-09-06,33.45000076293945,0.0
2023-09-07,33.95000076293945,0.0
2023-09-08,33.45000076293945,0.0
2023-09-11,33.70000076293945,0.0
2023-09-12,33.349998474121094,0.0
2023-09-13,34.04999923706055,0.0
2023-09-14,33.70000076293945,0.0
2023-09-15,33.70000076293945,0.0
2023-09-18,33.5,0.0
2023-09-19,33.900001525878906,0.0
2023-09-20,33.650001525878906,0.0
2023-09-21,33.04999923706055,0.0
2023-09-22,33.20000076293945,0.0
2023-09-25,33.20000076293945,0.0
2023-09-26,33.650001525878906,0.0
2023-09-27,33.900001525878906,0.0
2023-09-28,33.849998474121094,0.0
2023-10-02,33.5,0.0
2023-10-03,34.0,0.0
2023-10-04,33.75,0.0
2023-10-05,33.5,0.0
2023-10-06,33.900001525878906,0.0
2023-10-11,33.650001525878906,0.0
2023-10-12,33.5,0.0
2023-10-13,33.0,0.0
2023-10-16,36.29999923706055,0.0
2023-10-17,35.70000076293945,0.0
2023-10-18,35.099998474121094,0.0
2023-10-19,38.59999847412109,0.0
2023-10-20,42.45000076293945,0.0
2023-10-23,43.04999923706055,0.0
2023-10-24,40.900001525878906,0.0
2023-10-25,42.0,0.0
2023-10-26,39.95000076293945,0.0
2023-10-27,43.900001525878906,0.0
2023-10-30,48.25,0.0
2023-10-31,52.20000076293945,0.0
2023-11-01,51.5,0.0
2023-11-02,52.29999923706055,0.0
2023-11-03,55.59999847412109,0.0
2023-11-06,61.0,0.0
2023-11-07,61.0,0.0
2023-11-08,56.79999923706055,0.0
2023-11-09,59.900001525878906,0.0
2023-11-10,54.400001525878906,0.0
2023-11-13,51.5,0.0
2023-11-14,52.79999923706055,0.0
2023-11-15,55.5,0.0
2023-11-16,54.0,0.0
2023-11-17,52.20000076293945,0.0
2023-11-20,53.20000076293945,0.0
2023-11-21,51.79999923706055,0.0
2023-11-22,52.0,0.0
2023-11-23,56.5,0.0
2023-11-24,54.29999923706055,0.0
2023-11-27,54.20000076293945,0.0
2023-11-28,52.79999923706055,0.0
2023-11-29,52.79999923706055,0.0
2023-11-30,52.0,0.0
2023-12-01,51.29999923706055,0.0
2023-12-04,52.20000076293945,0.0
2023-12-05,50.0,0.0
2023-12-06,48.29999923706055,0.0
2023-12-07,48.45000076293945,0.0
2023-12-08,48.59999847412109,0.0
2023-12-11,47.34999847412109,0.0
2023-12-12,46.79999923706055,0.0
2023-12-13,47.20000076293945,0.0
2023-12-14,46.5,0.0
2023-12-15,46.04999923706055,0.0
2023-12-18,47.09999847412109,0.0
2023-12-19,46.70000076293945,0.0
2023-12-20,48.20000076293945,0.0
2023-12-21,46.75,0.0
2023-12-22,45.59999847412109,0.0
2023-12-25,43.34999847412109,0.0
2023-12-26,44.45000076293945,0.0
2023-12-27,44.20000076293945,0.0
2023-12-28,44.5,0.0
2023-12-29,44.79999923706055,0.0
2024-01-02,43.79999923706055,0.0
2024-01-03,43.54999923706055,0.0
2024-01-04,42.79999923706055,0.0
2024-01-05,43.59999847412109,0.0
2024-01-08,43.09999847412109,0.0
2024-01-09,42.04999923706055,0.0
2024-01-10,42.54999923706055,0.0
2024-01-11,42.20000076293945,0.0
2024-01-12,42.20000076293945,0.0
2024-01-15,43.09999847412109,0.0
2024-01-16,43.5,0.0
2024-01-17,42.04999923706055,0.0
2024-01-18,41.29999923706055,0.0
2024-01-19,41.29999923706055,0.0
2024-01-22,41.75,0.0
2024-01-23,41.20000076293945,0.0
2024-01-24,40.84999847412109,0.0
2024-01-25,40.29999923706055,0.0
2024-01-26,40.20000076293945,0.0
2024-01-29,40.75,0.0
2024-01-30,40.09999847412109,0.0
2024-01-31,40.400001525878906,0.0
2024-02-01,42.20000076293945,0.0
2024-02-02,40.400001525878906,0.0
2024-02-05,41.650001525878906,0.0
2024-02-15,41.29999923706055,0.0
2024-02-16,42.20000076293945,0.0
2024-02-19,42.900001525878906,0.0
2024-02-20,42.5,0.0
2024-02-21,42.0,0.0
2024-02-22,41.400001525878906,0.0
2024-02-23,40.900001525878906,0.0
2024-02-26,42.54999923706055,0.0
2024-02-27,42.34999847412109,0.0
2024-02-29,41.59999847412109,0.0
2024-03-01,41.25,0.0
2024-03-04,40.75,0.0
2024-03-05,40.84999847412109,0.0
2024-03-06,41.34999847412109,0.0
2024-03-07,41.09999847412109,0.0
2024-03-08,39.54999923706055,0.0
2024-03-11,39.54999923706055,0.0
2024-03-12,39.650001525878906,0.0
2024-03-13,39.650001525878906,0.0
2024-03-14,38.70000076293945,0.0
2024-03-15,37.900001525878906,0.0
2024-03-18,37.900001525878906,0.0
2024-03-19,37.84999847412109,0.0
2024-03-20,37.84999847412109,0.0
2024-03-21,38.09999847412109,0.0
2024-03-22,37.400001525878906,0.0
2024-03-25,37.400001525878906,0.0
2024-03-26,38.59999847412109,0.0
2024-03-27,38.95000076293945,0.0
2024-03-28,39.09999847412109,0.0
2024-03-29,38.75,0.0
2024-04-01,39.70000076293945,0.0
2024-04-02,39.04999923706055,0.0
2024-04-03,38.95000076293945,0.0
2024-04-08,39.5,0.0
2024-04-09,39.29999923706055,0.0
2024-04-10,39.59999847412109,0.0
2024-04-11,42.0,0.0
2024-04-12,40.650001525878906,0.0
2024-04-15,39.900001525878906,0.0
2024-04-16,38.400001525878906,0.0
2024-04-17,39.04999923706055,0.0
2024-04-18,38.79999923706055,0.0
2024-04-19,37.95000076293945,0.0
2024-04-22,38.0,0.0
2024-04-23,38.59999847412109,0.0
2024-04-24,38.75,0.0
2024-04-25,38.75,0.0
2024-04-26,38.650001525878906,0.0
2024-04-29,38.95000076293945,0.0
2024-04-30,38.70000076293945,0.0
2024-05-02,39.09999847412109,0.0
2024-05-03,39.20000076293945,0.0
2024-05-06,40.5,0.0
2024-05-07,39.29999923706055,0.0
2024-05-08,39.400001525878906,0.0
2024-05-09,39.04999923706055,0.0
2024-05-10,39.0,0.0
2024-05-13,38.650001525878906,0.0
2024-05-14,39.5,0.0
2024-05-15,39.75,0.0
2024-05-16,39.70000076293945,0.0
2024-05-17,42.0,0.0
2024-05-20,41.0,0.0
2024-05-21,41.75,0.0
2024-05-22,45.20000076293945,0.0
2024-05-23,42.650001525878906,0.0
2024-05-24,42.900001525878906,0.0
2024-05-27,42.150001525878906,0.0
2024-05-28,43.29999923706055,0.0
2024-05-29,43.900001525878906,0.0
2024-05-30,42.09999847412109,0.0
2024-05-31,43.09999847412109,0.0
2024-06-03,43.25,0.0
2024-06-04,43.34999847412109,0.0
2024-06-05,43.70000076293945,0.0
2024-06-06,42.900001525878906,0.0
2024-06-07,44.400001525878906,0.0
2024-06-11,45.70000076293945,0.0
2024-06-12,46.650001525878906,0.0
2024-06-13,45.150001525878906,0.0
2024-06-14,44.400001525878906,0.0
2024-06-17,45.70000076293945,0.0
2024-06-18,44.84999847412109,0.0
2024-06-19,44.59999847412109,0.0
2024-06-20,44.20000076293945,0.0
2024-06-21,43.29999923706055,0.0
2024-06-24,43.150001525878906,0.0
2024-06-25,43.09999847412109,0.0
2024-06-26,44.29999923706055,0.0
2024-06-27,44.29999923706055,0.0
2024-06-28,45.650001525878906,0.0
2024-07-01,46.59999847412109,0.0
2024-07-02,45.70000076293945,0.0
2024-07-03,44.95000076293945,0.0
2024-07-04,44.34999847412109,0.0
2024-07-05,44.79999923706055,0.0
2024-07-08,46.25,0.0
2024-07-09,44.400001525878906,0.0
2024-07-10,44.25,0.0
2024-07-11,43.5,0.0
2024-07-12,43.29999923706055,0.0
2024-07-15,43.25,0.0
2024-07-16,42.95000076293945,0.0
2024-07-17,43.59999847412109,0.0
2024-07-18,43.54999923706055,0.0
2024-07-19,42.09999847412109,0.0
2024-07-22,41.59999847412109,0.0
2024-07-23,42.34999847412109,0.0
2024-07-26,41.70000076293945,0.0
2024-07-29,40.5,0.0
2024-07-30,40.84999847412109,0.0
2024-07-31,40.59999847412109,0.0
2024-08-01,40.900001525878906,0.0
2024-08-02,39.34999847412109,0.0
2024-08-05,35.45000076293945,0.0
2024-08-06,34.79999923706055,0.0
2024-08-07,36.79999923706055,0.0
2024-08-08,36.95000076293945,0.0
2024-08-09,36.900001525878906,0.0
2024-08-12,37.400001525878906,0.0
2024-08-13,37.400001525878906,0.0
2024-08-14,37.20000076293945,0.0
2024-08-15,37.84999847412109,0.0
2024-08-16,38.5,0.0
2024-08-19,38.79999923706055,0.0
2024-08-20,38.79999923706055,0.0
2024-08-21,38.45000076293945,0.0
2024-08-22,38.59999847412109,0.0
2024-08-23,38.150001525878906,0.0
2024-08-26,38.650001525878906,0.0
2024-08-27,38.400001525878906,0.0
2024-08-28,38.70000076293945,0.0
2024-08-29,38.5,0.0
2024-08-30,38.59999847412109,0.0
2024-09-02,38.5,0.0
2024-09-03,37.75,0.0
2024-09-04,36.34999847412109,0.0
2024-09-05,36.25,0.0
2024-09-06,36.45000076293945,0.0
2024-09-09,36.09999847412109,0.0
2024-09-10,35.70000076293945,0.0
2024-09-11,35.599998474121094,0.0
2024-09-12,35.849998474121094,0.0
2024-09-13,35.29999923706055,0.0
2024-09-16,35.099998474121094,0.0
2024-09-18,38.59999847412109,0.0
2024-09-19,39.54999923706055,0.0
2024-09-20,39.20000076293945,0.0
2024-09-23,38.54999923706055,0.0
2024-09-24,37.900001525878906,0.0
2024-09-25,37.84999847412109,0.0
2024-09-26,38.20000076293945,0.0
2024-09-27,38.20000076293945,0.0
2024-09-30,38.5,0.0
2024-10-01,38.5,0.0
2024-10-04,37.79999923706055,0.0
2024-10-07,37.650001525878906,0.0
2024-10-08,37.34999847412109,0.0
2024-10-09,36.79999923706055,0.0
2024-10-11,37.84999847412109,0.0
2024-10-14,37.5,0.0
2024-10-15,37.54999923706055,0.0
2024-10-16,37.70000076293945,0.0
2024-10-17,37.70000076293945,0.0
2024-10-18,37.150001525878906,0.0
2024-10-21,37.29999923706055,0.0
2024-10-22,37.25,0.0
2024-10-23,36.95000076293945,0.0
2024-10-24,36.79999923706055,0.0
2024-10-25,36.84999847412109,0.0
2024-10-28,36.29999923706055,0.0
2024-10-29,36.95000076293945,0.0
2024-10-30,36.59999847412109,0.0
2024-11-01,37.09999847412109,0.0
2024-11-04,36.900001525878906,0.0
2024-11-05,37.25,0.0
2024-11-06,36.95000076293945,0.0
2024-11-07,36.79999923706055,0.0
2024-11-08,36.70000076293945,0.0
2024-11-11,36.20000076293945,0.0
2024-11-12,35.25,0.0
2024-11-13,35.20000076293945,0.0
2024-11-14,34.400001525878906,0.0
2024-11-15,34.599998474121094,0.0
2024-11-18,33.75,0.0
2024-11-19,34.349998474121094,0.0
2024-11-20,34.25,0.0
2024-11-21,34.5,0.0
2024-11-22,34.5,0.0
2024-11-25,34.95000076293945,0.0
2024-11-26,34.95000076293945,0.0
2024-11-27,34.900001525878906,0.0
2024-11-28,34.150001525878906,0.0
2024-11-29,35.04999923706055,0.0
2024-12-02,35.20000076293945,0.0
2024-12-03,34.75,0.0
2024-12-04,34.599998474121094,0.0
2024-12-05,34.400001525878906,0.0
2024-12-06,34.45000076293945,0.0
2024-12-09,34.400001525878906,0.0
2024-12-10,34.599998474121094,0.0
2024-12-11,33.25,0.0
2024-12-12,33.20000076293945,0.0
2024-12-13,31.75,0.0
2024-12-16,31.0,0.0
2024-12-17,32.0,0.0
2024-12-18,32.0,0.0
2024-12-19,31.700000762939453,0.0
2024-12-20,31.5,0.0
2024-12-23,31.799999237060547,0.0
2024-12-24,31.700000762939453,0.0
2024-12-25,31.799999237060547,0.0
2024-12-26,32.900001525878906,0.0
2024-12-27,32.79999923706055,0.0
2024-12-30,32.400001525878906,0.0
2024-12-31,32.400001525878906,0.0
2025-01-02,32.5,0.0
2025-01-03,32.5,0.0
2025-01-06,32.400001525878906,0.0
2025-01-07,32.5,0.0
2025-01-08,32.70000076293945,0.0
2025-01-09,33.20000076293945,0.0
2025-01-10,34.29999923706055,0.0
2025-01-13,34.20000076293945,0.0
2025-01-14,33.400001525878906,0.0
2025-01-15,33.0,0.0
2025-01-16,32.599998474121094,0.0
2025-01-17,32.599998474121094,0.0
2025-01-20,32.599998474121094,0.0
2025-01-21,32.54999923706055,0.0
2025-01-22,32.75,0.0
2025-02-03,36.0,0.0
2025-02-04,38.09999847412109,0.0
2025-02-05,36.150001525878906,0.0
2025-02-06,36.0,0.0
2025-02-07,36.20000076293945,0.0
2025-02-10,35.25,0.0
2025-02-11,34.79999923706055,0.0
2025-02-12,34.79999923706055,0.0
2025-02-13,35.650001525878906,0.0
2025-02-14,35.70000076293945,0.0
2025-02-17,35.5,0.0
2025-02-18,35.5,0.0
2025-02-19,35.400001525878906,0.0
2025-02-20,35.599998474121094,0.0
2025-02-21,35.70000076293945,0.0
2025-02-24,37.0,0.0
2025-02-25,36.150001525878906,0.0
2025-02-26,36.0,0.0
2025-02-27,35.400001525878906,0.0
2025-03-03,35.5,0.0
2025-03-04,35.54999923706055,0.0
2025-03-05,36.20000076293945,0.0
2025-03-06,35.400001525878906,0.0
2025-03-07,35.0,0.0
2025-03-10,34.95000076293945,0.0
2025-03-11,34.400001525878906,0.0
2025-03-12,34.95000076293945,0.0
2025-03-13,34.54999923706055,0.0
2025-03-14,34.95000076293945,0.0
2025-03-17,35.099998474121094,0.0
2025-03-18,35.45000076293945,0.0
2025-03-19,35.400001525878906,0.0
2025-03-20,35.400001525878906,0.0
2025-03-21,35.5,0.0
2025-03-24,34.599998474121094,0.0
2025-03-25,34.29999923706055,0.0
2025-03-26,34.5,0.0
2025-03-27,34.849998474121094,0.0
2025-03-28,33.400001525878906,0.0
2025-03-31,31.75,0.0
2025-04-01,31.850000381469727,0.0
2025-04-02,31.89999961853028,0.0
2025-04-07,28.75,0.0
2025-04-08,26.25,0.0
2025-04-09,23.64999961853028,0.0
2025-04-10,25.950000762939453,0.0
2025-04-11,27.0,0.0
2025-04-14,27.799999237060547,0.0
2025-04-15,29.299999237060547,0.0
2025-04-16,30.200000762939453,0.0
2025-04-17,29.850000381469727,0.0
2025-04-18,29.39999961853028,0.0
2025-04-21,28.299999237060547,0.0
2025-04-22,28.350000381469727,0.0
2025-04-23,28.700000762939453,0.0
2025-04-24,28.89999961853028,0.0
2025-04-25,29.0,0.0
2025-04-28,29.100000381469727,0.0
2025-04-29,29.549999237060547,0.0
2025-04-30,31.450000762939453,0.0
2025-05-02,30.450000762939453,0.0
2025-05-05,29.200000762939453,0.0
2025-05-06,29.700000762939453,0.0
2025-05-07,29.350000381469727,0.0
2025-05-08,30.200000762939453,0.0
2025-05-09,29.850000381469727,0.0
2025-05-12,30.14999961853028,0.0
2025-05-13,30.5,0.0
2025-05-14,30.39999961853028,0.0
2025-05-15,31.14999961853028,0.0
2025-05-16,31.850000381469727,0.0
2025-05-19,33.45000076293945,0.0
2025-05-20,31.799999237060547,0.0
2025-05-21,31.89999961853028,0.0
2025-05-22,31.299999237060547,0.0
2025-05-23,31.600000381469727,0.0
2025-05-26,31.350000381469727,0.0
2025-05-27,30.89999961853028,0.0
2025-05-28,31.549999237060547,0.0
2025-05-29,31.0,0.0
2025-06-02,30.700000762939453,0.0
2025-06-03,30.5,0.0
2025-06-04,31.350000381469727,0.0
2025-06-05,31.0,0.0
2025-06-06,31.0,0.0
2025-06-09,30.799999237060547,0.0
2025-06-10,31.0,0.0
2025-06-11,31.0,0.0
2025-06-12,31.049999237060547,0.0
2025-06-13,30.75,0.0
2025-06-16,30.200000762939453,0.0
2025-06-17,30.39999961853028,0.0
2025-06-18,31.350000381469727,0.0
2025-06-19,30.350000381469727,0.0
2025-06-20,30.299999237060547,0.0
2025-06-23,29.950000762939453,0.0
2025-06-24,30.25,0.0
2025-06-25,30.549999237060547,0.0
2025-06-26,30.549999237060547,0.0
2025-06-27,30.700000762939453,0.0
2025-06-30,30.200000762939453,0.0
2025-07-01,30.39999961853028,0.0
2025-07-02,30.700000762939453,0.0
2025-07-03,30.700000762939453,0.0
2025-07-04,30.64999961853028,0.0
2025-07-07,30.14999961853028,0.0
2025-07-08,30.0,0.0
2025-07-09,29.950000762939453,0.0
2025-07-10,29.950000762939453,0.0
2025-07-11,30.25,0.0
2025-07-14,30.350000381469727,0.0
2025-07-15,30.299999237060547,0.0
2025-07-16,30.25,0.0
2025-07-17,30.700000762939453,0.0
2025-07-18,30.799999237060547,0.0
2025-07-21,30.950000762939453,0.0
2025-07-22,30.39999961853028,0.0
2025-07-23,30.600000381469727,0.0
2025-07-24,30.600000381469727,0.0
2025-07-25,31.14999961853028,0.0
2025-07-28,31.299999237060547,0.0
2025-07-29,31.25,0.0
2025-07-30,31.0,0.0
2025-07-31,30.700000762939453,0.0
2025-08-04,31.0,0.0
2025-08-05,31.100000381469727,0.0
2025-08-06,31.100000381469727,0.0
2025-08-07,31.0,0.0
2025-08-08,31.0,0.0
2025-08-11,30.89999961853028,0.0
2025-08-12,30.450000762939453,0.0
2025-08-13,30.39999961853028,0.0
2025-08-14,30.5,0.0
2025-08-15,30.39999961853028,0.0
2025-08-18,30.14999961853028,0.0
2025-08-19,29.850000381469727,0.0
2025-08-20,29.850000381469727,0.0
2025-08-21,30.25,0.0
2025-08-22,30.200000762939453,0.0
2025-08-25,30.14999961853028,0.0
2025-08-26,29.89999961853028,0.0
2025-08-27,30.100000381469727,0.0
2025-08-28,30.100000381469727,0.0
2025-08-29,30.049999237060547,0.0
2025-09-01,29.200000762939453,0.0
2025-09-02,29.450000762939453,0.0
2025-09-03,29.450000762939453,0.0
2025-09-04,29.75,0.0
2025-09-05,29.89999961853028,0.0
2025-09-08,29.89999961853028,0.0
2025-09-09,29.75,0.0
2025-09-10,29.64999961853028,0.0
2025-09-11,29.0,0.0
2025-09-12,29.0,0.0
2025-09-15,28.600000381469727,0.0
2025-09-16,28.549999237060547,0.0
2025-09-17,28.75,0.0
2025-09-18,29.200000762939453,0.0
2025-09-19,29.25,0.0
2025-09-22,28.950000762939453,0.0
2025-09-23,28.600000381469727,0.0
2025-09-24,29.100000381469727,0.0
2025-09-25,29.049999237060547,0.0
2025-09-26,28.950000762939453,0.0
2025-09-30,29.0,0.0
2025-10-01,29.0,0.0
2025-10-02,29.0,0.0
2025-10-03,28.850000381469727,0.0
2025-10-07,28.350000381469727,0.0
2025-10-08,28.600000381469727,0.0
2025-10-09,28.799999237060547,0.0
2025-10-13,28.39999961853028,0.0
2025-10-14,28.39999961853028,0.0
2025-10-15,29.200000762939453,0.0
2025-10-16,29.25,0.0
2025-10-17,29.700000762939453,0.0
2025-10-20,29.14999961853028,0.0
2025-10-21,29.39999961853028,0.0
2025-10-22,30.100000381469727,0.0
2025-10-23,29.89999961853028,0.0
2025-10-27,29.950000762939453,0.0
2025-10-28,29.700000762939453,0.0
2025-10-29,29.549999237060547,0.0
2025-10-30,29.299999237060547,0.0
2025-10-31,29.450000762939453,0.0
2025-11-03,29.39999961853028,0.0
2025-11-04,28.799999237060547,0.0
2025-11-05,28.600000381469727,0.0
2025-11-06,28.75,0.0
2025-11-07,31.0,0.0
2025-11-10,29.950000762939453,0.0
2025-11-11,29.75,0.0
2025-11-12,29.799999237060547,0.0
2025-11-13,29.89999961853028,0.0
2025-11-14,29.950000762939453,0.0
2025-11-17,29.700000762939453,0.0
2025-11-18,28.799999237060547,0.0
2025-11-19,28.850000381469727,0.0
2025-11-20,29.0,0.0
2025-11-21,29.799999237060547,0.0
2025-11-24,30.200000762939453,0.0
2025-11-25,30.14999961853028,0.0
2025-11-26,30.049999237060547,0.0
2025-11-27,30.200000762939453,0.0
2025-11-28,30.299999237060547,0.0
2025-12-01,31.299999237060547,0.0
2025-12-02,31.350000381469727,0.0
2025-12-03,30.950000762939453,0.0
2025-12-04,30.89999961853028,0.0
2025-12-05,31.049999237060547,0.0
2025-12-08,30.5,0.0
2025-12-09,30.75,0.0
2025-12-10,30.89999961853028,0.0
2025-12-11,30.100000381469727,0.0
2025-12-12,30.75,0.0
2025-12-15,31.799999237060547,0.0
2025-12-16,32.349998474121094,0.0
2025-12-17,32.0,0.0
2025-12-18,31.950000762939453,0.0
2025-12-19,31.549999237060547,0.0
2025-12-22,31.700000762939453,0.0
2025-12-23,31.799999237060547,0.0
2025-12-24,31.799999237060547,0.0
2025-12-26,32.45000076293945,0.0
2025-12-29,32.70000076293945,0.0
2025-12-30,32.900001525878906,0.0
2025-12-31,32.400001525878906,0.0
2026-01-02,32.70000076293945,0.0
2026-01-05,31.799999237060547,0.0
2026-01-06,31.850000381469727,0.0
2026-01-07,31.64999961853028,0.0
2026-01-08,32.20000076293945,0.0
2026-01-09,32.25,0.0
2026-01-12,31.89999961853028,0.0
2026-01-13,31.89999961853028,0.0
2026-01-14,32.650001525878906,0.0
2026-01-15,32.75,0.0
2026-01-16,32.79999923706055,0.0
2026-01-19,33.20000076293945,0.0
2026-01-20,32.5,0.0
2026-01-21,31.700000762939453,0.0
2026-01-22,31.850000381469727,0.0
2026-01-23,32.79999923706055,0.0
2026-01-26,32.599998474121094,0.0
2026-01-27,33.75,0.0
2026-01-28,32.849998474121094,0.0
2026-01-29,32.75,0.0
2026-01-30,32.75,0.0
2026-02-02,31.950000762939453,0.0
2026-02-03,32.099998474121094,0.0
2026-02-04,32.099998474121094,0.0
2026-02-05,32.04999923706055,0.0
2026-02-06,31.600000381469727,0.0
2026-02-09,31.600000381469727,0.0
2026-02-10,32.150001525878906,0.0
2026-02-11,31.700000762939453,0.0
2026-02-23,31.100000381469727,0.0
2026-02-24,30.350000381469727,0.0
2026-02-25,30.049999237060547,0.0
2026-02-26,30.14999961853028,0.0
2026-03-02,30.200000762939453,0.0
2026-03-03,30.25,0.0
2026-03-04,29.350000381469727,0.0
2026-03-05,29.89999961853028,0.0
2026-03-06,30.14999961853028,0.0
2026-03-09,29.799999237060547,0.0
2026-03-10,30.299999237060547,0.0
2026-03-11,29.850000381469727,0.0
2026-03-12,29.5,0.0
2026-03-13,29.5,0.0
2026-03-16,29.39999961853028,0.0
2026-03-17,29.799999237060547,0.0
2026-03-18,32.75,0.0
2026-03-19,35.0,0.0
2026-03-20,32.5,0.0
2026-03-23,33.25,0.0
2026-03-24,32.599998474121094,0.0
2026-03-25,32.79999923706055,0.0
2026-03-26,31.75,0.0
2026-03-27,32.20000076293945,0.0
2026-03-30,32.099998474121094,0.0
2026-03-31,31.600000381469727,0.0
2026-04-01,31.950000762939453,0.0
2026-04-02,32.099998474121094,0.0
2026-04-07,32.95000076293945,0.0
2026-04-08,33.0,0.0
2026-04-09,32.900001525878906,0.0
2026-04-10,32.0,0.0
2026-04-13,31.700000762939453,0.0
2026-04-14,31.450000762939453,0.0
2026-04-15,31.25,0.0
2026-04-16,31.39999961853028,0.0
2026-04-17,30.5,0.0
2026-04-20,30.799999237060547,0.0
2026-04-21,30.600000381469727,0.0
2026-04-22,30.25,0.0
2026-04-23,29.850000381469727,0.0
2026-04-24,31.89999961853028,0.0
2026-04-27,35.04999923706055,0.0
2026-04-28,33.150001525878906,0.0
2026-04-29,33.650001525878906,0.0
2026-04-30,32.95000076293945,0.0
2026-05-04,33.150001525878906,0.0
2026-05-05,33.29999923706055,0.0
2026-05-06,33.150001525878906,0.0
2026-05-07,33.099998474121094,0.0
2026-05-08,33.04999923706055,0.0
2026-05-11,32.599998474121094,0.0
2026-05-12,31.799999237060547,0.0
2026-05-13,31.14999961853028,0.0
2026-05-14,31.200000762939453,0.0
2026-05-15,33.599998474121094,0.0
2026-05-18,36.95000076293945,0.0
2026-05-19,35.5,0.0
2026-05-20,37.25,0.0
2026-05-21,39.70000076293945,0.0
2026-05-22,37.25,0.0
2026-05-25,35.900001525878906,0.0
2026-05-26,36.150001525878906,0.0
2026-05-27,34.650001525878906,0.0
2026-05-28,33.099998474121094,0.0
2026-05-29,32.70000076293945,0.0
2026-06-01,32.45000076293945,0.0
2026-06-02,32.599998474121094,0.0
2026-06-03,32.0,0.0
2026-06-04,33.29999923706055,0.0
2026-06-05,32.04999923706055,0.0
2026-06-08,30.950000762939453,0.0
2026-06-09,34.0,0.0
2026-06-10,33.150001525878906,0.0
2026-06-11,32.849998474121094,0.0
2026-06-12,33.45000076293945,0.0
2026-06-15,33.349998474121094,0.0
2026-06-16,33.29999923706055,0.0
2026-06-17,33.400001525878906,0.0
2026-06-18,33.54999923706055,0.0
2026-06-22,33.20000076293945,0.0
2026-06-23,33.150001525878906,0.0
2026-06-24,33.400001525878906,0.0
2026-06-25,33.29999923706055,0.0
2026-06-26,32.54999923706055,0.0
2026-06-29,33.099998474121094,0.0
2026-06-30,33.599998474121094,0.0
2026-07-01,34.0,0.0
2026-07-02,33.95000076293945,0.0
2026-07-03,35.349998474121094,0.0
2026-07-06,37.04999923706055,0.0
2026-07-07,38.25,0.0
2026-07-08,37.59999847412109,0.0
2026-07-09,38.20000076293945,0.0
2026-07-10,38.20000076293945,0.0
2026-07-13,36.0,0.0
2026-07-14,34.599998474121094,0.0
2026-07-15,35.400001525878906,0.0
2026-07-16,35.75,0.0
2026-07-17,33.54999923706055,0.0
2026-07-20,33.79999923706055,0.0
2026-07-21,33.75,0.0
2026-07-22,34.150001525878906,0.0
2026-07-23,33.599998474121094,0.0
2026-07-24,33.0,0.0
2026-07-27,33.400001525878906,0.0
2026-07-28,32.349998474121094,0.0
2026-07-29,32.04999923706055,0.0
2026-07-30,31.100000381469727,0.0
2026-07-31,31.14999961853028,0.0
2026-08-03,31.64999961853028,0.0
2026-08-04,31.64999961853028,0.0
2026-08-05,33.5,0.0
2026-08-06,32.45000076293945,0.0
2026-08-07,33.70000076293945,0.0
2026-08-10,33.900001525878906,0.0
2026-08-11,33.45000076293945,0.0
2026-08-12,33.70000076293945,0.0
2026-08-13,34.150001525878906,0.0
2026-08-14,33.75,0.0
2026-08-17,34.150001525878906,0.0
2026-08-18,34.95000076293945,0.0
2026-08-19,34.0,0.0
2026-08-20,35.54999923706055,0.0
2026-08-21,37.20000076293945,0.0
2026-08-24,36.900001525878906,0.0
2026-08-25,37.70000076293945,0.0
