Date,Close,Dividends
2003-08-19,14.814647674560549,0.0
2003-08-20,15.810955047607422,0.0
2003-08-21,15.637685775756836,0.0
2003-08-22,15.074556350708008,0.0
2003-08-25,15.421099662780762,0.0
2003-08-26,15.161192893981934,0.0
2003-08-27,14.814647674560549,0.0
2003-08-28,13.818342208862305,0.0
2003-08-29,13.081941604614258,0.0
2003-09-01,13.4718017578125,0.0
2003-09-02,13.428485870361328,0.0
2003-09-03,13.60175609588623,0.0
2003-09-04,13.428485870361328,0.0
2003-09-05,13.515118598937988,0.0
2003-09-08,13.211894989013672,0.0
2003-09-09,12.995309829711914,0.0
2003-09-10,12.82203483581543,0.0
2003-09-11,12.82203483581543,0.0
2003-09-12,12.908672332763672,0.0
2003-09-15,12.995309829711914,0.0
2003-09-16,13.038625717163086,0.0
2003-09-17,12.82203483581543,0.0
2003-09-18,13.688387870788574,0.0
2003-09-19,14.468109130859377,0.0
2003-09-22,13.991616249084473,0.0
2003-09-23,13.775026321411133,0.0
2003-09-24,13.515118598937988,0.0
2003-09-25,13.385165214538574,0.0
2003-09-26,13.515118598937988,0.0
2003-09-29,13.081941604614258,0.0
2003-09-30,13.702300071716309,0.251513
2003-10-01,13.36809539794922,0.0
2003-10-02,13.511323928833008,0.0
2003-10-03,13.511323928833008,0.0
2003-10-06,13.415837287902832,0.0
2003-10-07,13.36809539794922,0.0
2003-10-08,13.511323928833008,0.0
2003-10-09,13.654553413391112,0.0
2003-10-10,13.654553413391112,0.0
2003-10-13,13.6068115234375,0.0
2003-10-14,13.750041007995604,0.0
2003-10-15,14.08424472808838,0.0
2003-10-16,14.08424472808838,0.0
2003-10-17,14.561677932739258,0.0
2003-10-20,14.609418869018556,0.0
2003-10-21,15.230080604553224,0.0
2003-10-22,14.80039405822754,0.0
2003-10-23,14.466190338134766,0.0
2003-10-24,14.370702743530272,0.0
2003-10-27,14.418449401855469,0.0
2003-10-28,14.370702743530272,0.0
2003-10-29,14.513931274414062,0.0
2003-10-30,14.32296085357666,0.0
2003-10-31,14.08424472808838,0.0
2003-11-03,13.988757133483888,0.0
2003-11-04,13.988757133483888,0.0
2003-11-05,14.179733276367188,0.0
2003-11-06,14.08424472808838,0.0
2003-11-07,14.036498069763184,0.0
2003-11-10,14.08424472808838,0.0
2003-11-11,13.988757133483888,0.0
2003-11-12,13.84552764892578,0.0
2003-11-13,13.84552764892578,0.0
2003-11-14,13.94101619720459,0.0
2003-11-17,13.702300071716309,0.0
2003-11-18,13.797786712646484,0.0
2003-11-19,13.6068115234375,0.0
2003-11-20,13.415837287902832,0.0
2003-11-21,13.36809539794922,0.0
2003-11-24,13.177120208740234,0.0
2003-11-25,13.177120208740234,0.0
2003-11-26,13.129379272460938,0.0
2003-11-27,12.890663146972656,0.0
2003-11-28,12.699692726135254,0.0
2003-12-01,12.938408851623535,0.0
2003-12-02,12.842921257019045,0.0
2003-12-03,13.22486686706543,0.0
2003-12-04,12.986149787902832,0.0
2003-12-05,12.986149787902832,0.0
2003-12-08,12.795174598693848,0.0
2003-12-09,12.65194606781006,0.0
2003-12-10,12.795174598693848,0.0
2003-12-11,13.22486686706543,0.0
2003-12-12,13.272607803344728,0.0
2003-12-15,13.177120208740234,0.0
2003-12-16,12.938408851623535,0.0
2003-12-17,12.74743366241455,0.0
2003-12-18,12.890663146972656,0.0
2003-12-19,12.890663146972656,0.0
2003-12-22,12.890663146972656,0.0
2003-12-23,12.986149787902832,0.0
2003-12-24,13.177120208740234,0.0
2003-12-25,12.986149787902832,0.0
2003-12-26,13.08163833618164,0.0
2003-12-29,12.938408851623535,0.0
2003-12-30,12.938408851623535,0.0
2003-12-31,13.033890724182127,0.0
2004-01-01,13.033890724182127,0.0
2004-01-02,13.129379272460938,0.0
2004-01-05,12.986149787902832,0.0
2004-01-06,12.986149787902832,0.0
2004-01-07,12.795174598693848,0.0
2004-01-08,13.320354461669922,0.0
2004-01-09,13.6068115234375,0.0
2004-01-12,13.6068115234375,0.0
2004-01-13,13.36809539794922,0.0
2004-01-14,13.463582992553713,0.0
2004-01-15,13.272607803344728,0.0
2004-01-16,13.129379272460938,0.0
2004-01-19,13.129379272460938,0.0
2004-01-20,13.129379272460938,0.0
2004-01-21,13.129379272460938,0.0
2004-01-22,13.129379272460938,0.0
2004-01-23,13.129379272460938,0.0
2004-01-26,13.129379272460938,0.0
2004-01-27,13.6068115234375,0.0
2004-01-28,13.6068115234375,0.0
2004-01-29,13.559070587158203,0.0
2004-01-30,14.179733276367188,0.0
2004-02-02,13.988757133483888,0.0
2004-02-03,13.702300071716309,0.0
2004-02-04,13.6068115234375,0.0
2004-02-05,13.559070587158203,0.0
2004-02-06,13.654553413391112,0.0
2004-02-09,13.654553413391112,0.0
2004-02-10,13.84552764892578,0.0
2004-02-11,13.702300071716309,0.0
2004-02-12,13.702300071716309,0.0
2004-02-13,13.84552764892578,0.0
2004-02-16,13.797786712646484,0.0
2004-02-17,13.702300071716309,0.0
2004-02-18,13.797786712646484,0.0
2004-02-19,13.893269538879396,0.0
2004-02-20,13.893269538879396,0.0
2004-02-23,13.84552764892578,0.0
2004-02-24,13.654553413391112,0.0
2004-02-25,13.797786712646484,0.0
2004-02-26,13.893269538879396,0.0
2004-02-27,13.94101619720459,0.0
2004-03-01,13.559070587158203,0.0
2004-03-02,13.415837287902832,0.0
2004-03-03,13.415837287902832,0.0
2004-03-04,13.511323928833008,0.0
2004-03-05,13.654553413391112,0.0
2004-03-08,13.84552764892578,0.0
2004-03-09,14.08424472808838,0.0
2004-03-10,14.179733276367188,0.0
2004-03-11,14.27521514892578,0.0
2004-03-12,14.08424472808838,0.0
2004-03-15,13.654553413391112,0.0
2004-03-16,13.463582992553713,0.0
2004-03-17,13.415837287902832,0.0
2004-03-18,13.511323928833008,0.0
2004-03-19,13.654553413391112,0.0
2004-03-22,12.699692726135254,0.0
2004-03-23,11.935802459716797,0.0
2004-03-24,12.270001411437988,0.0
2004-03-25,12.17451286315918,0.0
2004-03-26,11.983543395996094,0.0
2004-03-29,12.74743366241455,0.0
2004-03-30,13.129379272460938,0.0
2004-03-31,13.177120208740234,0.0
2004-04-01,13.033890724182127,0.0
2004-04-02,12.938408851623535,0.0
2004-04-05,13.415837287902832,0.0
2004-04-06,13.463582992553713,0.0
2004-04-07,13.36809539794922,0.0
2004-04-08,13.177120208740234,0.0
2004-04-09,13.08163833618164,0.0
2004-04-12,13.272607803344728,0.0
2004-04-13,13.177120208740234,0.0
2004-04-14,13.08163833618164,0.0
2004-04-15,13.08163833618164,0.0
2004-04-16,13.129379272460938,0.0
2004-04-19,13.129379272460938,0.0
2004-04-20,13.177120208740234,0.0
2004-04-21,13.08163833618164,0.0
2004-04-22,12.938408851623535,0.0
2004-04-23,12.795174598693848,0.0
2004-04-26,12.508716583251951,0.0
2004-04-27,12.317747116088867,0.0
2004-04-28,12.317747116088867,0.0
2004-04-29,11.935802459716797,0.0
2004-04-30,11.124164581298828,0.0
2004-05-03,10.885448455810549,0.0
2004-05-04,10.98093605041504,0.0
2004-05-05,10.217044830322266,0.0
2004-05-06,9.835100173950195,0.0
2004-05-07,10.26478672027588,0.0
2004-05-10,9.882841110229492,0.0
2004-05-11,10.02606964111328,0.0
2004-05-12,10.073817253112791,0.0
2004-05-13,10.073817253112791,0.0
2004-05-14,9.882841110229492,0.0
2004-05-17,9.26218032836914,0.0
2004-05-18,9.500896453857422,0.0
2004-05-19,10.073817253112791,0.0
2004-05-20,10.02606964111328,0.0
2004-05-21,10.217044830322266,0.0
2004-05-24,10.26478672027588,0.0
2004-05-25,10.312533378601074,0.0
2004-05-26,10.312533378601074,0.0
2004-05-27,10.26478672027588,0.0
2004-05-28,10.408015251159668,0.0
2004-05-31,10.12155818939209,0.0
2004-06-01,10.26478672027588,0.0
2004-06-02,10.169299125671388,0.0
2004-06-03,9.835100173950195,0.0
2004-06-04,9.930587768554688,0.0
2004-06-07,10.12155818939209,0.0
2004-06-08,10.217044830322266,0.0
2004-06-09,10.26478672027588,0.0
2004-06-10,10.217044830322266,0.0
2004-06-11,9.930587768554688,0.0
2004-06-14,9.882841110229492,0.0
2004-06-15,9.930587768554688,0.0
2004-06-16,9.357666969299316,0.0
2004-06-17,9.405407905578612,0.0
2004-06-18,9.26218032836914,0.0
2004-06-21,9.214438438415527,0.0
2004-06-22,9.214438438415527,0.0
2004-06-23,9.26218032836914,0.0
2004-06-24,9.357666969299316,0.0
2004-06-25,9.357666969299316,0.0
2004-06-28,9.26218032836914,0.0
2004-06-29,9.30992603302002,0.0
2004-06-30,9.357666969299316,0.0
2004-07-01,9.357666969299316,0.0
2004-07-02,9.214438438415527,0.0
2004-07-05,9.644124984741213,0.0
2004-07-06,9.166691780090332,0.0
2004-07-07,9.023463249206545,0.0
2004-07-08,8.880233764648438,0.0
2004-07-09,9.071209907531738,0.0
2004-07-12,8.92798137664795,0.0
2004-07-13,8.880233764648438,0.0
2004-07-14,8.641517639160156,0.0
2004-07-15,8.355059623718262,0.0
2004-07-16,8.020855903625488,0.0
2004-07-19,7.495681762695312,0.0
2004-07-20,7.018249034881592,0.0
2004-07-21,7.304711818695068,0.0
2004-07-22,7.209224224090576,0.0
2004-07-23,7.543423175811768,0.0
2004-07-26,7.304711818695068,0.0
2004-07-27,7.40019416809082,0.0
2004-07-28,7.447940826416016,0.0
2004-07-29,7.304711818695068,0.0
2004-07-30,7.304711818695068,0.0
2004-08-02,7.161478042602539,0.0
2004-08-03,7.065995216369629,0.0
2004-08-04,6.922760963439941,0.0
2004-08-05,7.113737106323242,0.0
2004-08-06,7.065995216369629,0.0
2004-08-09,7.089862823486328,0.0
2004-08-10,7.209224224090576,0.0
2004-08-11,7.209224224090576,0.0
2004-08-12,7.137609958648682,0.0
2004-08-13,7.113737106323242,0.0
2004-08-16,6.946634769439697,0.0
2004-08-17,6.717466831207275,0.265258
2004-08-18,6.6172051429748535,0.0
2004-08-19,6.842795848846436,0.0
2004-08-20,6.943051815032959,0.0
2004-08-23,6.993185997009277,0.0
2004-08-24,6.993185997009277,0.0
2004-08-25,6.993185997009277,0.0
2004-08-26,7.168642997741699,0.0
2004-08-27,6.667337894439697,0.0
2004-08-30,6.3916192054748535,0.0
2004-08-31,6.3164238929748535,0.0
2004-09-01,6.567076206207275,0.0
2004-09-02,6.917991161346436,0.0
2004-09-03,6.892923831939697,0.0
2004-09-06,6.867856979370117,0.0
2004-09-07,6.767600059509277,0.0
2004-09-08,6.767600059509277,0.0
2004-09-09,6.892923831939697,0.0
2004-09-10,6.867856979370117,0.0
2004-09-13,6.792662143707275,0.0
2004-09-14,6.867856979370117,0.0
2004-09-15,6.943051815032959,0.0
2004-09-16,6.917991161346436,0.0
2004-09-17,6.968119144439697,0.0
2004-09-20,6.968119144439697,0.0
2004-09-21,7.268898963928223,0.0
2004-09-22,7.669948101043701,0.0
2004-09-23,7.720076084136963,0.0
2004-09-24,7.820337772369385,0.0
2004-09-27,7.669948101043701,0.0
2004-09-28,7.669948101043701,0.0
2004-09-29,7.820337772369385,0.0
2004-09-30,7.870466232299805,0.0
2004-10-01,8.020855903625488,0.0
2004-10-04,8.171246528625488,0.0
2004-10-05,8.221380233764648,0.0
2004-10-06,8.171246528625488,0.0
2004-10-07,8.12111759185791,0.0
2004-10-08,8.12111759185791,0.0
2004-10-11,8.12111759185791,0.0
2004-10-12,8.020855903625488,0.0
2004-10-13,8.171246528625488,0.0
2004-10-14,8.070984840393066,0.0
2004-10-15,8.271509170532227,0.0
2004-10-18,8.12111759185791,0.0
2004-10-19,8.070984840393066,0.0
2004-10-20,8.42189884185791,0.0
2004-10-21,8.62242317199707,0.0
2004-10-22,8.822940826416016,0.0
2004-10-25,8.822940826416016,0.0
2004-10-26,8.772812843322754,0.0
2004-10-27,8.873074531555176,0.0
2004-10-28,8.923203468322754,0.0
2004-10-29,8.321637153625488,0.0
2004-11-01,7.970727920532227,0.0
2004-11-02,7.770204067230225,0.0
2004-11-03,7.720076084136963,0.0
2004-11-04,7.770204067230225,0.0
2004-11-05,7.820337772369385,0.0
2004-11-08,7.669948101043701,0.0
2004-11-09,7.669948101043701,0.0
2004-11-10,7.519552230834961,0.0
2004-11-11,7.519552230834961,0.0
2004-11-12,7.619813919067383,0.0
2004-11-15,7.419294834136963,0.0
2004-11-16,7.168642997741699,0.0
2004-11-17,7.419294834136963,0.0
2004-11-18,7.419294834136963,0.0
2004-11-19,7.469422817230225,0.0
2004-11-22,7.369161128997803,0.0
2004-11-23,7.218770980834961,0.0
2004-11-24,7.243837833404541,0.0
2004-11-25,7.193704128265381,0.0
2004-11-26,7.018247127532959,0.0
2004-11-29,7.043313980102539,0.0
2004-11-30,6.968119144439697,0.0
2004-12-01,6.817728996276856,0.0
2004-12-02,6.817728996276856,0.0
2004-12-03,6.742533206939697,0.0
2004-12-06,6.968119144439697,0.0
2004-12-07,6.917991161346436,0.0
2004-12-08,6.892923831939697,0.0
2004-12-09,6.767600059509277,0.0
2004-12-10,6.817728996276856,0.0
2004-12-13,6.792662143707275,0.0
2004-12-14,6.817728996276856,0.0
2004-12-15,6.917991161346436,0.0
2004-12-16,6.968119144439697,0.0
2004-12-17,6.993185997009277,0.0
2004-12-20,7.469422817230225,0.0
2004-12-21,7.569684982299805,0.0
2004-12-22,7.394227981567383,0.0
2004-12-23,7.319033145904541,0.0
2004-12-24,7.319033145904541,0.0
2004-12-27,7.118508815765381,0.0
2004-12-28,7.168642997741699,0.0
2004-12-29,7.168642997741699,0.0
2004-12-30,7.168642997741699,0.0
2004-12-31,7.619813919067383,0.0
2005-01-03,7.619813919067383,0.0
2005-01-04,7.619813919067383,0.0
2005-01-05,7.469422817230225,0.0
2005-01-06,7.569684982299805,0.0
2005-01-07,7.569684982299805,0.0
2005-01-10,7.419294834136963,0.0
2005-01-11,7.218770980834961,0.0
2005-01-12,7.143576145172119,0.0
2005-01-13,6.993185997009277,0.0
2005-01-14,7.118508815765381,0.0
2005-01-17,7.143576145172119,0.0
2005-01-18,7.043313980102539,0.0
2005-01-19,6.968119144439697,0.0
2005-01-20,6.767600059509277,0.0
2005-01-21,6.767600059509277,0.0
2005-01-24,6.667337894439697,0.0
2005-01-25,6.692399978637695,0.0
2005-01-26,6.742533206939697,0.0
2005-01-27,6.667337894439697,0.0
2005-01-28,6.692399978637695,0.0
2005-01-31,7.143576145172119,0.0
2005-02-01,7.018247127532959,0.0
2005-02-02,7.068380832672119,0.0
2005-02-03,7.118508815765381,0.0
2005-02-04,7.118508815765381,0.0
2005-02-07,7.118508815765381,0.0
2005-02-08,7.118508815765381,0.0
2005-02-09,7.118508815765381,0.0
2005-02-10,7.118508815765381,0.0
2005-02-11,7.118508815765381,0.0
2005-02-14,7.218770980834961,0.0
2005-02-15,7.193704128265381,0.0
2005-02-16,7.519552230834961,0.0
2005-02-17,7.268898963928223,0.0
2005-02-18,7.519552230834961,0.0
2005-02-21,7.494490146636963,0.0
2005-02-22,7.268898963928223,0.0
2005-02-23,7.419294834136963,0.0
2005-02-24,7.268898963928223,0.0
2005-02-25,7.118508815765381,0.0
2005-02-28,7.118508815765381,0.0
2005-03-01,7.043313980102539,0.0
2005-03-02,6.968119144439697,0.0
2005-03-03,6.968119144439697,0.0
2005-03-04,7.068380832672119,0.0
2005-03-07,7.118508815765381,0.0
2005-03-08,7.293965816497803,0.0
2005-03-09,7.795270919799805,0.0
2005-03-10,8.321637153625488,0.0
2005-03-11,8.296574592590332,0.0
2005-03-14,7.970727920532227,0.0
2005-03-15,7.619813919067383,0.0
2005-03-16,7.419294834136963,0.0
2005-03-17,7.218770980834961,0.0
2005-03-18,7.594747066497803,0.0
2005-03-21,7.419294834136963,0.0
2005-03-22,7.920594215393066,0.0
2005-03-23,7.720076084136963,0.0
2005-03-24,7.519552230834961,0.0
2005-03-25,8.045923233032227,0.0
2005-03-28,8.045923233032227,0.0
2005-03-29,8.12111759185791,0.0
2005-03-30,8.020855903625488,0.0
2005-03-31,8.246441841125488,0.0
2005-04-01,8.070984840393066,0.0
2005-04-04,8.246441841125488,0.0
2005-04-05,8.246441841125488,0.0
2005-04-06,8.57228946685791,0.0
2005-04-07,8.747746467590332,0.0
2005-04-08,8.973332405090332,0.0
2005-04-11,8.973332405090332,0.0
2005-04-12,8.973332405090332,0.0
2005-04-13,8.973332405090332,0.0
2005-04-14,8.722684860229492,0.0
2005-04-15,8.722684860229492,0.0
2005-04-18,8.722684860229492,0.0
2005-04-19,9.048531532287598,0.0
2005-04-20,9.023465156555176,0.0
2005-04-21,8.898137092590332,0.0
2005-04-22,8.873074531555176,0.0
2005-04-25,8.848008155822754,0.0
2005-04-26,8.822940826416016,0.0
2005-04-27,8.797880172729492,0.0
2005-04-28,8.948269844055176,0.0
2005-04-29,8.873074531555176,0.0
2005-05-02,8.873074531555176,0.0
2005-05-03,9.324246406555176,0.0
2005-05-04,9.47463607788086,0.0
2005-05-05,9.424508094787598,0.0
2005-05-06,9.95087432861328,0.0
2005-05-09,10.026068687438965,0.0
2005-05-10,10.301788330078123,0.0
2005-05-11,10.226593017578123,0.0
2005-05-12,10.326854705810549,0.0
2005-05-13,10.502311706542969,0.0
2005-05-16,10.477245330810549,0.0
2005-05-17,10.77802562713623,0.0
2005-05-18,11.379592895507812,0.0
2005-05-19,11.379592895507812,0.0
2005-05-20,11.379592895507812,0.0
2005-05-23,11.40466022491455,0.0
2005-05-24,10.97854995727539,0.0
2005-05-25,10.527374267578123,0.0
2005-05-26,10.577507019042969,0.0
2005-05-27,11.204134941101074,0.0
2005-05-30,10.953482627868652,0.0
2005-05-31,11.078805923461914,0.0
2005-06-01,11.27933120727539,0.0
2005-06-02,11.27933120727539,0.0
2005-06-03,11.179068565368652,0.0
2005-06-06,11.229202270507812,0.0
2005-06-07,11.304396629333496,0.0
2005-06-08,11.605177879333496,0.0
2005-06-09,11.95609188079834,0.0
2005-06-10,12.206745147705078,0.0
2005-06-13,12.206745147705078,0.0
2005-06-14,12.156611442565918,0.0
2005-06-15,12.156611442565918,0.0
2005-06-16,12.281940460205078,0.0
2005-06-17,12.281940460205078,0.0
2005-06-20,12.532591819763184,0.0
2005-06-21,12.3822021484375,0.0
2005-06-22,12.3822021484375,0.0
2005-06-23,12.056353569030762,0.0
2005-06-24,12.03128719329834,0.0
2005-06-27,12.231805801391602,0.0
2005-06-28,12.281940460205078,0.0
2005-06-29,12.407262802124023,0.0
2005-06-30,12.632848739624023,0.0
2005-07-01,12.983762741088867,0.0
2005-07-04,13.409872055053713,0.0
2005-07-05,13.43493366241455,0.0
2005-07-06,13.51012897491455,0.0
2005-07-07,13.184287071228027,0.0
2005-07-08,13.785847663879396,0.0
2005-07-11,14.011432647705078,0.0
2005-07-12,14.061567306518556,0.0
2005-07-13,13.810914993286133,0.0
2005-07-14,14.287153244018556,0.0
2005-07-15,14.111695289611816,0.0
2005-07-18,14.111695289611816,0.0
2005-07-19,14.387414932250977,0.0
2005-07-20,14.186890602111816,0.0
2005-07-21,13.785847663879396,0.0
2005-07-22,13.184287071228027,0.0
2005-07-25,13.861042976379396,0.0
2005-07-26,13.785847663879396,0.0
2005-07-27,14.036499977111816,0.0
2005-07-28,15.014042854309082,0.0
2005-07-29,15.715866088867188,0.0
2005-08-01,15.916390419006348,0.0
2005-08-02,15.540413856506348,0.0
2005-08-03,15.690803527832031,0.0
2005-08-04,15.690803527832031,0.0
2005-08-05,15.690803527832031,0.0
2005-08-08,15.490280151367188,0.0
2005-08-09,15.039109230041504,0.0
2005-08-10,15.765998840332031,0.0
2005-08-11,16.242237091064453,0.0
2005-08-12,15.991584777832031,0.0
2005-08-15,15.690803527832031,0.0
2005-08-16,15.690803527832031,0.0
2005-08-17,15.690803527832031,0.0
2005-08-18,16.04171371459961,0.0
2005-08-19,15.94145679473877,0.0
2005-08-22,17.044321060180664,0.0
2005-08-23,16.69340705871582,0.0
2005-08-24,16.76860237121582,0.0
2005-08-25,16.5179500579834,0.0
2005-08-26,16.44275665283203,0.0
2005-08-29,16.06678009033203,0.0
2005-08-30,15.440152168273926,0.0
2005-08-31,15.390018463134766,0.0
2005-09-01,15.390018463134766,0.0
2005-09-02,16.417694091796875,0.0
2005-09-05,16.5179500579834,0.0
2005-09-06,16.417694091796875,0.0
2005-09-07,16.743541717529297,0.0
2005-09-08,17.54562759399414,0.0
2005-09-09,17.54562759399414,0.0
2005-09-12,17.996797561645508,0.0
2005-09-13,17.54562759399414,0.0
2005-09-14,17.39523696899414,0.0
2005-09-15,16.99419403076172,0.0
2005-09-16,16.242237091064453,0.0
2005-09-19,16.893932342529297,0.0
2005-09-20,17.044321060180664,0.0
2005-09-21,17.746145248413086,0.0
2005-09-22,17.39523696899414,0.0
2005-09-23,17.14458465576172,0.0
2005-09-26,17.194713592529297,0.0
2005-09-27,17.32004165649414,0.0
2005-09-28,17.696016311645508,0.0
2005-09-29,19.89835548400879,0.0
2005-09-30,19.368104934692383,0.0
2005-10-03,20.009986877441406,0.0
2005-10-04,20.009986877441406,0.0
2005-10-05,20.70768547058105,0.0
2005-10-06,20.34488105773925,0.0
2005-10-07,21.656553268432617,0.0
2005-10-10,21.656553268432617,0.0
2005-10-11,21.82400131225586,0.0
2005-10-12,21.40538215637207,0.0
2005-10-13,21.21002769470215,0.0
2005-10-14,21.042579650878903,0.0
2005-10-17,19.702999114990234,0.0
2005-10-18,20.09370994567871,0.0
2005-10-19,20.03789329528809,0.0
2005-10-20,20.9588565826416,0.0
2005-10-21,21.0146713256836,0.0
2005-10-24,21.26584243774414,0.0
2005-10-25,20.42860412597656,0.0
2005-10-26,19.089025497436523,0.0
2005-10-27,17.86107635498047,0.0
2005-10-28,18.36341857910156,0.0
2005-10-31,19.535551071166992,0.0
2005-11-01,19.14484024047852,0.0
2005-11-02,20.09370994567871,0.0
2005-11-03,19.95417022705078,0.0
2005-11-04,19.591367721557617,0.0
2005-11-07,18.67040634155273,0.0
2005-11-08,18.19597053527832,0.0
2005-11-09,19.451828002929688,0.0
2005-11-10,20.42860412597656,0.0
2005-11-11,20.79140853881836,0.0
2005-11-14,20.679777145385746,0.0
2005-11-15,20.98676490783692,0.0
2005-11-16,21.042579650878903,0.0
2005-11-17,21.07048797607422,0.0
2005-11-18,21.32165908813477,0.0
2005-11-21,21.54492378234864,0.0
2005-11-22,20.54023742675781,0.0
2005-11-23,20.875131607055664,0.0
2005-11-24,20.819316864013672,0.0
2005-11-25,21.09839630126953,0.0
2005-11-28,22.54960823059082,0.0
2005-11-29,22.66123962402344,0.0
2005-11-30,23.21939849853516,0.0
2005-12-01,23.10776710510254,0.0
2005-12-02,23.27521514892578,0.0
2005-12-05,24.670610427856445,0.0
2005-12-06,24.78224372863769,0.0
2005-12-07,24.16826820373535,0.0
2005-12-08,24.00082015991211,0.0
2005-12-09,23.498477935791016,0.0
2005-12-12,23.163583755493164,0.0
2005-12-13,23.163583755493164,0.0
2005-12-14,23.163583755493164,0.0
2005-12-15,22.940319061279297,0.0
2005-12-16,23.21939849853516,0.0
2005-12-19,24.196176528930664,0.0
2005-12-20,23.41475486755371,0.0
2005-12-21,23.27521514892578,0.0
2005-12-22,20.453163146972656,0.0
2005-12-23,23.638017654418945,0.0
2005-12-26,20.578527450561523,0.0
2005-12-27,22.800779342651367,0.0
2005-12-28,22.66123962402344,0.0
2005-12-29,22.82868766784668,0.0
2005-12-30,23.27521514892578,0.0
2006-01-02,23.27521514892578,0.0
2006-01-03,24.893875122070312,0.0
2006-01-04,24.05663681030273,0.0
2006-01-05,23.41475486755371,0.0
2006-01-06,22.884502410888672,0.0
2006-01-09,23.30312156677246,0.0
2006-01-10,22.912410736083984,0.0
2006-01-11,22.82868766784668,0.0
2006-01-12,22.437976837158203,0.0
2006-01-13,22.437976837158203,0.0
2006-01-16,23.27521514892578,0.0
2006-01-17,23.191490173339844,0.0
2006-01-18,23.05195045471192,0.0
2006-01-19,23.44266128540039,0.0
2006-01-20,22.884502410888672,0.0
2006-01-23,23.0240421295166,0.0
2006-01-24,24.00082015991211,0.0
2006-01-25,23.72174072265625,0.0
2006-02-03,23.917097091674805,0.0
2006-02-06,24.44734764099121,0.0
2006-02-07,24.44734764099121,0.0
2006-02-08,23.44266128540039,0.0
2006-02-09,23.498477935791016,0.0
2006-02-10,23.55429458618164,0.0
2006-02-13,22.96822738647461,0.0
2006-02-14,23.27521514892578,0.0
2006-02-15,23.498477935791016,0.0
2006-02-16,24.05663681030273,0.0
2006-02-17,24.4194393157959,0.0
2006-02-20,24.3357162475586,0.0
2006-02-21,24.58688735961914,0.0
2006-02-22,23.55429458618164,0.0
2006-02-23,23.44266128540039,0.0
2006-02-24,23.69383430480957,0.0
2006-02-27,23.777557373046875,0.0
2006-03-01,23.805465698242188,0.0
2006-03-02,23.3868465423584,0.0
2006-03-03,23.191490173339844,0.0
2006-03-06,22.884502410888672,0.0
2006-03-07,22.940319061279297,0.0
2006-03-08,22.96822738647461,0.0
2006-03-09,23.079858779907227,0.0
2006-03-10,23.21939849853516,0.0
2006-03-13,23.27521514892578,0.0
2006-03-14,23.58220291137696,0.0
2006-03-15,24.3357162475586,0.0
2006-03-16,23.94500541687012,0.0
2006-03-17,23.777557373046875,0.0
2006-03-20,23.833372116088867,0.0
2006-03-21,23.41475486755371,0.0
2006-03-22,22.884502410888672,0.0
2006-03-23,21.293750762939453,0.0
2006-03-24,20.42860412597656,0.0
2006-03-27,21.489107131958008,0.0
2006-03-28,21.600738525390625,0.0
2006-03-29,21.85190963745117,0.0
2006-03-30,21.79609489440918,0.0
2006-03-31,21.71236991882324,0.0
2006-04-03,21.32165908813477,0.0
2006-04-04,21.433290481567383,0.0
2006-04-06,21.82400131225586,0.0
2006-04-07,21.879817962646484,0.0
2006-04-10,21.963542938232425,0.0
2006-04-11,22.214712142944336,0.0
2006-04-12,22.99613571166992,0.0
2006-04-13,22.99613571166992,0.0
2006-04-14,23.331029891967773,0.0
2006-04-17,23.27521514892578,0.0
2006-04-18,22.884502410888672,0.0
2006-04-19,23.163583755493164,0.0
2006-04-20,24.00082015991211,0.0
2006-04-21,23.55429458618164,0.0
2006-04-24,23.35893821716309,0.0
2006-04-25,22.884502410888672,0.0
2006-04-26,22.46588516235352,0.0
2006-04-27,23.10776710510254,0.0
2006-04-28,23.21939849853516,0.0
2006-05-02,23.0240421295166,0.0
2006-05-03,23.470569610595703,0.0
2006-05-04,23.69383430480957,0.0
2006-05-05,23.833372116088867,0.0
2006-05-08,23.833372116088867,0.0
2006-05-09,23.777557373046875,0.0
2006-05-10,23.13567543029785,0.0
2006-05-11,23.13567543029785,0.0
2006-05-12,23.3868465423584,0.0
2006-05-15,22.99613571166992,0.0
2006-05-16,22.884502410888672,0.0
2006-05-17,22.99613571166992,0.0
2006-05-18,19.80149269104004,0.0
2006-05-19,19.550840377807617,0.0
2006-05-22,21.433290481567383,0.0
2006-05-23,20.84722328186035,0.0
2006-05-24,20.763500213623047,0.0
2006-05-25,20.484420776367188,0.0
2006-05-26,21.489107131958008,0.0
2006-05-29,19.475645065307617,0.0
2006-05-30,21.68446159362793,0.0
2006-06-01,21.600738525390625,0.0
2006-06-02,21.768186569213867,0.0
2006-06-05,20.65186882019043,0.0
2006-06-06,20.37278938293457,0.0
2006-06-07,20.37278938293457,0.0
2006-06-08,18.9494857788086,0.0
2006-06-09,19.507644653320312,0.0
2006-06-12,19.256471633911133,0.0
2006-06-13,18.419233322143555,0.0
2006-06-14,18.698314666748047,0.0
2006-06-15,18.419233322143555,0.0
2006-06-16,18.9494857788086,0.0
2006-06-19,19.87044715881348,0.0
2006-06-20,19.479736328125,0.0
2006-06-21,19.535551071166992,0.0
2006-06-22,20.26115798950196,0.0
2006-06-23,19.9262638092041,0.0
2006-06-26,20.54023742675781,0.0
2006-06-27,20.875131607055664,0.0
2006-06-28,20.37278938293457,0.0
2006-06-29,20.679777145385746,0.0
2006-06-30,21.21002769470215,0.0
2006-07-03,21.042579650878903,0.0
2006-07-04,21.54492378234864,0.0
2006-07-05,21.042579650878903,0.0
2006-07-06,21.042579650878903,0.0
2006-07-07,21.628646850585938,0.0
2006-07-10,21.18211936950684,0.0
2006-07-11,20.98676490783692,0.0
2006-07-12,21.15421295166016,0.0
2006-07-13,20.37278938293457,0.0
2006-07-14,19.9262638092041,0.0
2006-07-17,19.284379959106445,0.0
2006-07-18,19.22856330871582,0.0
2006-07-19,19.396011352539062,0.0
2006-07-20,19.9262638092041,0.0
2006-07-21,20.09370994567871,0.0
2006-07-24,20.37278938293457,0.0
2006-07-25,20.65186882019043,0.0
2006-07-26,18.297578811645508,0.0
2006-07-27,18.642946243286133,0.804436
2006-07-28,19.876928329467773,0.0
2006-07-31,20.11146354675293,0.0
2006-08-01,20.11146354675293,0.0
2006-08-02,20.05282974243164,0.0
2006-08-03,20.0821475982666,0.0
2006-08-04,19.701026916503903,0.0
2006-08-07,18.762882232666016,0.0
2006-08-08,18.821516036987305,0.0
2006-08-09,19.29058837890625,0.0
2006-08-10,19.99419593811035,0.0
2006-08-11,20.492584228515625,0.0
2006-08-14,20.93234062194824,0.0
2006-08-15,21.04960823059082,0.0
2006-08-16,21.225509643554688,0.0
2006-08-17,22.69136047363281,0.0
2006-08-18,22.222288131713867,0.0
2006-08-21,21.10824203491211,0.0
2006-08-22,21.92911720275879,0.0
2006-08-23,21.57731437683105,0.0
2006-08-24,22.04638671875,0.0
2006-08-25,21.75321578979492,0.0
2006-08-28,21.69458198547364,0.0
2006-08-29,21.665264129638672,0.0
2006-08-30,21.489362716674805,0.0
2006-08-31,21.43072891235352,0.0
2006-09-01,21.43072891235352,0.0
2006-09-04,21.95843505859375,0.0
2006-09-05,22.39818954467773,0.0
2006-09-06,22.39818954467773,0.0
2006-09-07,22.60340881347656,0.0
2006-09-08,22.574092864990234,0.0
2006-09-11,23.16043281555176,0.0
2006-09-12,22.77931022644043,0.0
2006-09-13,22.39818954467773,0.0
2006-09-14,22.339555740356445,0.0
2006-09-15,22.28092193603516,0.0
2006-09-18,22.80862808227539,0.0
2006-09-19,22.86726188659668,0.0
2006-09-20,22.574092864990234,0.0
2006-09-21,22.83794593811035,0.0
2006-09-22,22.632726669311523,0.0
2006-09-25,22.69136047363281,0.0
2006-09-26,22.339555740356445,0.0
2006-09-27,22.39818954467773,0.0
2006-09-28,22.28092193603516,0.0
2006-09-29,22.01706886291504,0.0
2006-10-02,22.54477500915528,0.0
2006-10-03,22.31023979187012,0.0
2006-10-04,21.635948181152344,0.0
2006-10-05,21.7238998413086,0.0
2006-10-09,21.7238998413086,0.0
2006-10-11,21.81184959411621,0.0
2006-10-12,21.69458198547364,0.0
2006-10-13,22.134336471557617,0.0
2006-10-16,22.16365432739257,0.0
2006-10-17,21.92911720275879,0.0
2006-10-18,21.89980125427246,0.0
2006-10-19,21.635948181152344,0.0
2006-10-20,21.89980125427246,0.0
2006-10-23,21.84116744995117,0.0
2006-10-24,21.81184959411621,0.0
2006-10-25,21.57731437683105,0.0
2006-10-26,20.745121002197266,0.0
2006-10-27,22.339555740356445,0.0
2006-10-30,22.251604080200195,0.0
2006-10-31,22.574092864990234,0.0
2006-11-01,22.515457153320312,0.0
2006-11-02,22.222288131713867,0.0
2006-11-03,22.28092193603516,0.0
2006-11-06,21.98775291442871,0.0
2006-11-07,22.339555740356445,0.0
2006-11-08,22.28092193603516,0.0
2006-11-09,22.10502052307129,0.0
2006-11-10,21.84116744995117,0.0
2006-11-13,21.69458198547364,0.0
2006-11-14,21.782533645629883,0.0
2006-11-15,21.81184959411621,0.0
2006-11-16,21.95843505859375,0.0
2006-11-17,22.10502052307129,0.0
2006-11-20,22.10502052307129,0.0
2006-11-21,22.222288131713867,0.0
2006-11-22,22.42750740051269,0.0
2006-11-23,22.7499942779541,0.0
2006-11-24,23.482919692993164,0.0
2006-11-27,24.56764793395996,0.0
2006-11-28,23.80540657043457,0.0
2006-11-29,23.51223564147949,0.0
2006-11-30,24.186527252197266,0.0
2006-12-01,24.978086471557617,0.0
2006-12-04,25.38852310180664,0.0
2006-12-05,25.62306022644043,0.0
2006-12-06,25.47647476196289,0.0
2006-12-07,25.53510856628418,0.0
2006-12-08,24.7142333984375,0.0
2006-12-11,24.919452667236328,0.0
2006-12-12,24.098575592041016,0.0
2006-12-13,23.77608871459961,0.0
2006-12-14,24.56764793395996,0.0
2006-12-15,25.095354080200195,0.0
2006-12-18,25.50579261779785,0.0
2006-12-19,27.264812469482425,0.0
2006-12-20,27.264812469482425,0.0
2006-12-21,27.03027534484864,0.0
2006-12-22,27.44071388244629,0.0
2006-12-25,26.85437393188477,0.0
2006-12-26,27.264812469482425,0.0
2006-12-27,28.55476188659668,0.0
2006-12-28,28.61339569091797,0.0
2006-12-29,28.37885856628418,0.0
2007-01-02,28.61339569091797,0.0
2007-01-03,29.25836944580078,0.0
2007-01-04,28.730663299560547,0.0
2007-01-05,27.16227912902832,0.0
2007-01-08,28.34954261779785,0.0
2007-01-09,29.844709396362305,0.0
2007-01-10,29.31700325012207,0.0
2007-01-11,28.61339569091797,0.0
2007-01-12,29.141101837158203,0.0
2007-01-15,28.93588256835937,0.0
2007-01-16,27.106958389282227,0.0
2007-01-17,28.55476188659668,0.0
2007-01-18,29.28768539428711,0.0
2007-01-19,28.818613052368164,0.0
2007-01-22,28.32022476196289,0.0
2007-01-23,28.43749237060547,0.0
2007-01-24,28.818613052368164,0.0
2007-01-25,28.584077835083008,0.0
2007-01-26,28.46681022644043,0.0
2007-01-29,27.52866554260254,0.0
2007-01-30,26.91300773620605,0.0
2007-01-31,26.1665096282959,0.0
2007-02-01,27.557981491088867,0.0
2007-02-02,27.44071388244629,0.0
2007-02-05,27.44071388244629,0.0
2007-02-06,27.44071388244629,0.0
2007-02-07,27.557981491088867,0.0
2007-02-08,27.41139793395996,0.0
2007-02-09,27.41139793395996,0.0
2007-02-12,27.08890914916992,0.0
2007-02-13,27.147544860839844,0.0
2007-02-14,27.17686080932617,0.0
2007-02-26,27.17686080932617,0.0
2007-02-27,26.971641540527344,0.0
2007-03-01,24.61754608154297,0.0
2007-03-02,26.59052085876465,0.0
2007-03-05,25.32988929748535,0.0
2007-03-06,25.300573348999023,0.0
2007-03-07,25.32988929748535,0.0
2007-03-08,26.44393539428711,0.0
2007-03-09,27.557981491088867,0.0
2007-03-12,28.61339569091797,0.0
2007-03-13,28.78929710388184,0.0
2007-03-14,28.55476188659668,0.0
2007-03-15,29.05315017700196,0.0
2007-03-16,29.08246612548828,0.0
2007-03-19,29.05315017700196,0.0
2007-03-20,29.08246612548828,0.0
2007-03-21,29.37563705444336,0.0
2007-03-22,28.701345443725582,0.0
2007-03-23,28.17363929748535,0.0
2007-03-26,28.23227310180664,0.0
2007-03-27,28.78929710388184,0.0
2007-03-28,29.17041778564453,0.0
2007-03-29,29.25836944580078,0.0
2007-03-30,29.43427085876465,0.0
2007-04-02,29.17041778564453,0.0
2007-04-03,28.730663299560547,0.0
2007-04-04,28.87724876403809,0.0
2007-04-09,29.492904663085938,0.0
2007-04-10,30.07924461364746,0.0
2007-04-11,29.786075592041016,0.0
2007-04-12,29.786075592041016,0.0
2007-04-13,29.9033432006836,0.0
2007-04-16,29.786075592041016,0.0
2007-04-17,29.668806076049805,0.0
2007-04-18,29.9033432006836,0.0
2007-04-19,29.25836944580078,0.0
2007-04-20,29.727441787719727,0.0
2007-04-23,30.37241554260254,0.0
2007-04-24,29.844709396362305,0.0
2007-04-25,29.31700325012207,0.0
2007-04-26,29.492904663085938,0.0
2007-04-27,29.492904663085938,0.0
2007-04-30,29.19973564147949,0.0
2007-05-02,29.668806076049805,0.0
2007-05-03,27.826122283935547,0.0
2007-05-04,30.900121688842773,0.0
2007-05-07,31.07602310180664,0.0
2007-05-08,30.900121688842773,0.0
2007-05-09,30.665584564208984,0.0
2007-05-10,30.48968315124512,0.0
2007-05-11,30.48968315124512,0.0
2007-05-14,31.01738929748535,0.0
2007-05-15,30.25514793395996,0.0
2007-05-16,30.37241554260254,0.0
2007-05-17,30.19651222229004,0.0
2007-05-18,30.13787841796875,0.0
2007-05-21,29.61017227172852,0.0
2007-05-22,29.61017227172852,0.0
2007-05-23,30.548316955566406,0.0
2007-05-24,31.01738929748535,0.0
2007-05-25,31.3105583190918,0.0
2007-05-28,31.3105583190918,0.0
2007-05-29,31.545095443725582,0.0
2007-05-30,31.19329071044922,0.0
2007-05-31,32.7177734375,0.0
2007-06-01,32.541873931884766,0.0
2007-06-04,32.30733871459961,0.0
2007-06-05,32.24870300292969,0.0
2007-06-06,32.190067291259766,0.0
2007-06-07,31.36919212341309,0.0
2007-06-08,31.07602310180664,0.0
2007-06-11,30.665584564208984,0.0
2007-06-12,29.54104804992676,0.0
2007-06-13,31.779630661010746,0.0
2007-06-14,31.95553207397461,0.0
2007-06-15,32.30733871459961,0.0
2007-06-20,32.541873931884766,0.0
2007-06-21,33.18684768676758,0.0
2007-06-22,34.41815948486328,0.0
2007-06-25,32.08575820922852,0.0
2007-06-26,33.94908905029297,0.0
2007-06-27,33.597286224365234,0.0
2007-06-28,34.41815948486328,0.0
2007-06-29,36.001277923583984,0.0
2007-07-02,37.1739616394043,0.0
2007-07-03,36.93942260742188,0.0
2007-07-04,36.93942260742188,0.0
2007-07-05,37.115325927734375,0.0
2007-07-06,37.64303207397461,0.0
2007-07-09,39.22615051269531,0.0
2007-07-10,37.93620300292969,0.0
2007-07-11,37.23259353637695,0.0
2007-07-12,37.76029968261719,0.0
2007-07-13,38.2293701171875,0.0
2007-07-16,37.52576446533203,0.0
2007-07-17,37.29122924804688,0.0
2007-07-18,35.405006408691406,0.0
2007-07-19,38.053470611572266,0.0
2007-07-20,38.2293701171875,0.0
2007-07-23,38.69844436645508,0.0
2007-07-24,39.28478240966797,0.0
2007-07-25,39.46068572998047,0.0
2007-07-26,39.63658905029297,0.0
2007-07-27,38.52254104614258,0.0
2007-07-30,37.76029968261719,0.0
2007-07-31,39.51932144165039,0.0
2007-08-01,36.47980880737305,1.214834
2007-08-02,36.6662483215332,0.0
2007-08-03,39.08995056152344,0.0
2007-08-06,38.15775680541992,0.0
2007-08-07,37.16341781616211,0.0
2007-08-08,36.97697830200195,0.0
2007-08-09,37.41200256347656,0.0
2007-08-10,35.36117935180664,0.0
2007-08-13,35.36117935180664,0.0
2007-08-14,35.42332458496094,0.0
2007-08-15,34.24254608154297,0.0
2007-08-16,32.81318283081055,0.0
2007-08-17,32.68889236450195,0.0
2007-08-20,34.80186080932617,0.0
2007-08-21,34.55327606201172,0.0
2007-08-22,33.558937072753906,0.0
2007-08-23,34.739715576171875,0.0
2007-08-24,34.304691314697266,0.0
2007-08-27,34.92615509033203,0.0
2007-08-28,34.36684036254883,0.0
2007-08-29,36.35551834106445,0.0
2007-08-30,37.349857330322266,0.0
2007-08-31,37.2877082824707,0.0
2007-09-03,37.225563049316406,0.0
2007-09-04,37.53629302978516,0.0
2007-09-05,37.16341781616211,0.0
2007-09-06,37.2877082824707,0.0
2007-09-07,37.78487777709961,0.0
2007-09-10,37.03912353515625,0.0
2007-09-11,36.60409927368164,0.0
2007-09-12,36.7283935546875,0.0
2007-09-13,36.1690788269043,0.0
2007-09-14,36.1690788269043,0.0
2007-09-17,35.485469818115234,0.0
2007-09-18,35.485469818115234,0.0
2007-09-19,35.73405456542969,0.0
2007-09-20,36.97697830200195,0.0
2007-09-21,36.85268783569336,0.0
2007-09-26,37.10127258300781,0.0
2007-09-27,37.47414779663086,0.0
2007-09-28,36.6662483215332,0.0
2007-10-01,36.1690788269043,0.0
2007-10-02,37.03912353515625,0.0
2007-10-03,36.04478454589844,0.0
2007-10-04,36.10693359375,0.0
2007-10-05,35.11259460449219,0.0
2007-10-08,35.42332458496094,0.0
2007-10-09,35.920494079589844,0.0
2007-10-11,36.7905387878418,0.0
2007-10-12,37.03912353515625,0.0
2007-10-15,38.03346252441406,0.0
2007-10-16,40.02214050292969,0.0
2007-10-17,40.27072525024414,0.0
2007-10-18,41.202919006347656,0.0
2007-10-19,40.76789474487305,0.0
2007-10-22,41.5757942199707,0.0
2007-10-23,41.82438278198242,0.0
2007-10-24,41.38935852050781,0.0
2007-10-25,40.20858001708984,0.0
2007-10-26,39.89785003662109,0.0
2007-10-29,39.89785003662109,0.0
2007-10-30,40.83004379272461,0.0
2007-10-31,40.08428955078125,0.0
2007-11-01,40.02214050292969,0.0
2007-11-02,41.45150375366211,0.0
2007-11-05,42.259403228759766,0.0
2007-11-06,43.06730651855469,0.0
2007-11-07,43.12945175170898,0.0
2007-11-08,41.637943267822266,0.0
2007-11-09,40.02214050292969,0.0
2007-11-12,39.21424102783203,0.0
2007-11-13,38.46848678588867,0.0
2007-11-14,38.46848678588867,0.0
2007-11-15,38.15775680541992,0.0
2007-11-16,37.90917205810547,0.0
2007-11-19,38.53063201904297,0.0
2007-11-20,37.2877082824707,0.0
2007-11-21,37.225563049316406,0.0
2007-11-22,35.920494079589844,0.0
2007-11-23,34.80186080932617,0.0
2007-11-26,36.914833068847656,0.0
2007-11-27,35.796199798583984,0.0
2007-11-28,34.67757034301758,0.0
2007-11-29,35.485469818115234,0.0
2007-11-30,34.67757034301758,0.0
2007-12-03,34.67757034301758,0.0
2007-12-04,35.73405456542969,0.0
2007-12-05,35.796199798583984,0.0
2007-12-06,36.6662483215332,0.0
2007-12-07,36.41766357421875,0.0
2007-12-10,36.04478454589844,0.0
2007-12-11,37.16341781616211,0.0
2007-12-12,38.53063201904297,0.0
2007-12-13,36.541954040527344,0.0
2007-12-14,36.231224060058594,0.0
2007-12-17,34.36684036254883,0.0
2007-12-18,34.118255615234375,0.0
2007-12-19,35.42332458496094,0.0
2007-12-20,34.05610656738281,0.0
2007-12-21,34.428985595703125,0.0
2007-12-24,36.04478454589844,0.0
2007-12-25,35.73405456542969,0.0
2007-12-26,36.10693359375,0.0
2007-12-27,36.85268783569336,0.0
2007-12-28,37.16341781616211,0.0
2007-12-31,37.47414779663086,0.0
2008-01-02,37.2877082824707,0.0
2008-01-03,36.35551834106445,0.0
2008-01-04,34.55327606201172,0.0
2008-01-07,32.19172286987305,0.0
2008-01-08,29.95446014404297,0.0
2008-01-09,31.073091506958008,0.0
2008-01-10,30.762359619140625,0.0
2008-01-11,31.57026100158692,0.0
2008-01-14,29.98553276062012,0.0
2008-01-15,29.830167770385746,0.0
2008-01-16,27.74827003479004,0.0
2008-01-17,28.1522216796875,0.0
2008-01-18,28.89797592163086,0.0
2008-01-21,28.74260902404785,0.0
2008-01-22,26.753931045532227,0.0
2008-01-23,26.97144317626953,0.0
2008-01-24,28.83582878112793,0.0
2008-01-25,30.14089775085449,0.0
2008-01-28,28.58724403381348,0.0
2008-01-29,29.48836326599121,0.0
2008-01-30,30.016605377197266,0.0
2008-01-31,29.830167770385746,0.0
2008-02-01,28.89797592163086,0.0
2008-02-12,28.52509880065918,0.0
2008-02-13,28.02792739868164,0.0
2008-02-14,29.58158302307129,0.0
2008-02-15,29.053340911865234,0.0
2008-02-18,29.084413528442383,0.0
2008-02-19,31.073091506958008,0.0
2008-02-20,30.700214385986328,0.0
2008-02-21,31.197383880615234,0.0
2008-02-22,30.97987174987793,0.0
2008-02-25,32.9996223449707,0.0
2008-02-26,33.24820709228516,0.0
2008-02-27,33.31035232543945,0.0
2008-02-29,32.12957763671875,0.0
2008-03-03,30.17197036743164,0.0
2008-03-04,30.451629638671875,0.0
2008-03-05,30.23411750793457,0.0
2008-03-06,30.824506759643555,0.0
2008-03-07,30.762359619140625,0.0
2008-03-10,30.109825134277344,0.0
2008-03-11,29.519437789916992,0.0
2008-03-12,30.32733726501465,0.0
2008-03-13,29.11548614501953,0.0
2008-03-14,30.14089775085449,0.0
2008-03-17,30.203044891357425,0.0
2008-03-18,29.364070892333984,0.0
2008-03-19,29.830167770385746,0.0
2008-03-20,29.23977851867676,0.0
2008-03-21,29.79909324645996,0.0
2008-03-24,31.073091506958008,0.0
2008-03-25,30.94879913330078,0.0
2008-03-26,31.073091506958008,0.0
2008-03-27,30.60699462890625,0.0
2008-03-28,30.14089775085449,0.0
2008-03-31,30.078752517700195,0.0
2008-04-01,30.700214385986328,0.0
2008-04-02,32.00528335571289,0.0
2008-04-03,31.880992889404297,0.0
2008-04-07,31.9431381225586,0.0
2008-04-08,32.06742858886719,0.0
2008-04-09,32.3781623840332,0.0
2008-04-10,32.81318283081055,0.0
2008-04-11,33.86967086791992,0.0
2008-04-14,33.558937072753906,0.0
2008-04-15,33.62108612060547,0.0
2008-04-16,35.85834884643555,0.0
2008-04-17,36.41766357421875,0.0
2008-04-18,35.42332458496094,0.0
2008-04-21,35.42332458496094,0.0
2008-04-22,35.609764099121094,0.0
2008-04-23,35.36117935180664,0.0
2008-04-24,35.42332458496094,0.0
2008-04-25,34.864009857177734,0.0
2008-04-28,34.98830032348633,0.0
2008-04-29,35.11259460449219,0.0
2008-04-30,32.68889236450195,0.0
2008-05-02,31.9431381225586,0.0
2008-05-05,32.937477111816406,0.0
2008-05-06,33.24820709228516,0.0
2008-05-07,34.98830032348633,0.0
2008-05-08,33.49679183959961,0.0
2008-05-09,32.626747131347656,0.0
2008-05-12,33.18606185913086,0.0
2008-05-13,32.87533187866211,0.0
2008-05-14,32.9996223449707,0.0
2008-05-15,34.428985595703125,0.0
2008-05-16,36.231224060058594,0.0
2008-05-19,35.54761505126953,0.0
2008-05-20,34.05610656738281,0.0
2008-05-21,34.61542510986328,0.0
2008-05-22,33.93181610107422,0.0
2008-05-23,33.99396133422852,0.0
2008-05-26,33.558937072753906,0.0
2008-05-27,34.118255615234375,0.0
2008-05-28,32.937477111816406,0.0
2008-05-29,32.75103759765625,0.0
2008-05-30,32.31601333618164,0.0
2008-06-02,32.00528335571289,0.0
2008-06-03,31.445968627929688,0.0
2008-06-04,32.19172286987305,0.0
2008-06-05,32.81318283081055,0.0
2008-06-06,33.061767578125,0.0
2008-06-09,32.3781623840332,0.0
2008-06-10,31.38382148742676,0.0
2008-06-11,30.26519012451172,0.0
2008-06-12,28.89797592163086,0.0
2008-06-13,29.11548614501953,0.0
2008-06-16,29.830167770385746,0.0
2008-06-17,30.047679901123047,0.0
2008-06-18,30.2962646484375,0.0
2008-06-19,29.519437789916992,0.0
2008-06-20,28.338659286499023,0.0
2008-06-23,29.395143508911133,0.0
2008-06-24,29.33299827575684,0.0
2008-06-25,29.20870590209961,0.0
2008-06-26,28.711536407470703,0.0
2008-06-27,27.06466293334961,0.0
2008-06-30,26.97144317626953,0.0
2008-07-01,27.437538146972656,0.0
2008-07-02,28.43187713623047,0.0
2008-07-03,28.618316650390625,0.0
2008-07-04,27.34432029724121,0.0
2008-07-07,26.940370559692383,0.0
2008-07-08,25.91495704650879,0.0
2008-07-09,26.629638671875,0.0
2008-07-10,25.88388442993164,0.0
2008-07-11,26.72285842895508,0.0
2008-07-14,26.536420822143555,0.0
2008-07-15,26.3499813079834,0.0
2008-07-16,26.629638671875,0.0
2008-07-17,26.443199157714844,0.0
2008-07-18,26.039249420166016,0.0
2008-07-21,27.28217315673828,0.0
2008-07-22,28.711536407470703,0.0
2008-07-23,29.95446014404297,0.0
2008-07-24,30.66914176940918,0.0
2008-07-25,29.084413528442383,0.0
2008-07-28,29.084413528442383,0.0
2008-07-29,28.2143669128418,0.0
2008-07-30,28.618316650390625,0.0
2008-07-31,28.09007453918457,0.0
2008-08-01,28.89797592163086,0.0
2008-08-04,29.022266387939453,0.0
2008-08-05,29.084413528442383,0.0
2008-08-06,30.389482498168945,0.0
2008-08-07,33.00136184692383,0.0
2008-08-08,30.5759220123291,0.0
2008-08-11,32.626747131347656,0.0
2008-08-12,32.68889236450195,0.0
2008-08-13,32.68889236450195,0.0
2008-08-14,32.626747131347656,0.0
2008-08-15,30.451629638671875,0.0
2008-08-18,30.513776779174805,0.0
2008-08-19,31.445968627929688,0.0
2008-08-20,31.57026100158692,0.0
2008-08-21,31.508113861083984,0.0
2008-08-22,32.626747131347656,0.0
2008-08-25,30.408126831054688,1.649303
2008-08-26,29.690338134765625,0.0
2008-08-27,31.38692855834961,0.0
2008-08-28,30.86490058898925,0.0
2008-08-29,30.016605377197266,0.0
2008-09-01,28.15688133239746,0.0
2008-09-02,28.254762649536133,0.0
2008-09-03,28.254762649536133,0.0
2008-09-04,27.60222625732422,0.0
2008-09-05,27.73273468017578,0.0
2008-09-08,29.103057861328125,0.0
2008-09-09,27.27595901489257,0.0
2008-09-10,26.166650772094727,0.0
2008-09-11,25.05734062194824,0.0
2008-09-12,25.905635833740234,0.0
2008-09-15,24.66581916809082,0.0
2008-09-16,25.64462280273437,0.0
2008-09-17,25.416234970092773,0.0
2008-09-18,24.40480613708496,0.0
2008-09-19,26.101396560668945,0.0
2008-09-22,27.92849349975586,0.0
2008-09-23,29.364070892333984,0.0
2008-09-24,28.515775680541992,0.0
2008-09-25,27.8958683013916,0.0
2008-09-26,26.55817031860352,0.0
2008-09-29,26.55817031860352,0.0
2008-09-30,25.25310134887696,0.0
2008-10-01,25.448862075805664,0.0
2008-10-02,24.600566864013672,0.0
2008-10-03,25.84038352966309,0.0
2008-10-06,25.416234970092773,0.0
2008-10-07,25.350980758666992,0.0
2008-10-08,23.589136123657227,0.0
2008-10-09,23.55651092529297,0.0
2008-10-13,22.740842819213867,0.0
2008-10-14,24.01328468322754,0.0
2008-10-15,23.19761657714844,0.0
2008-10-16,22.4145736694336,0.0
2008-10-17,21.631532669067383,0.0
2008-10-20,20.88111686706543,0.0
2008-10-21,20.71798324584961,0.0
2008-10-22,20.000194549560547,0.0
2008-10-23,19.31503295898437,0.0
2008-10-24,18.662498474121094,0.0
2008-10-27,17.3574275970459,0.0
2008-10-28,16.150239944458008,0.0
2008-10-29,15.040929794311523,0.0
2008-10-30,16.084985733032227,0.0
2008-10-31,17.19429588317871,0.0
2008-11-03,18.368858337402344,0.0
2008-11-04,18.92351150512696,0.0
2008-11-05,18.4014835357666,0.0
2008-11-06,17.12904167175293,0.0
2008-11-07,18.30360412597656,0.0
2008-11-10,18.53199005126953,0.0
2008-11-11,17.25954818725586,0.0
2008-11-12,16.052358627319336,0.0
2008-11-13,14.943049430847168,0.0
2008-11-14,13.96424674987793,0.0
2008-11-17,13.018071174621582,0.0
2008-11-18,12.1371488571167,0.0
2008-11-19,11.419361114501951,0.0
2008-11-20,12.20240306854248,0.0
2008-11-21,13.050698280334473,0.0
2008-11-24,13.670605659484863,0.0
2008-11-25,14.094754219055176,0.0
2008-11-26,14.32314109802246,0.0
2008-11-27,15.073555946350098,0.0
2008-11-28,14.355768203735352,0.0
2008-12-01,15.040929794311523,0.0
2008-12-02,14.910423278808594,0.0
2008-12-03,14.551527976989746,0.0
2008-12-04,14.062127113342283,0.0
2008-12-05,13.80111312866211,0.0
2008-12-08,14.747288703918455,0.0
2008-12-09,15.75871753692627,0.0
2008-12-10,16.83540153503418,0.0
2008-12-11,16.96590805053711,0.0
2008-12-12,15.79134464263916,0.0
2008-12-15,16.737520217895508,0.0
2008-12-16,16.67226791381836,0.0
2008-12-17,16.378625869750977,0.0
2008-12-18,16.378625869750977,0.0
2008-12-19,17.09641456604004,0.0
2008-12-22,16.150239944458008,0.0
2008-12-23,15.334569931030272,0.0
2008-12-24,15.399824142456056,0.0
2008-12-25,15.367197036743164,0.0
2008-12-26,15.66083812713623,0.0
2008-12-29,15.367197036743164,0.0
2008-12-30,16.182865142822266,0.0
2008-12-31,16.248119354248047,0.0
2009-01-02,16.248119354248047,0.0
2009-01-05,16.313373565673828,0.0
2009-01-06,16.96590805053711,0.0
2009-01-07,18.140470504760746,0.0
2009-01-08,17.12904167175293,0.0
2009-01-09,16.704893112182617,0.0
2009-01-12,16.868026733398438,0.0
2009-01-13,16.704893112182617,0.0
2009-01-14,17.16166877746582,0.0
2009-01-15,16.019731521606445,0.0
2009-01-16,15.56295680999756,0.0
2009-01-19,15.693464279174805,0.0
2009-01-20,15.13881015777588,0.0
2009-01-21,15.204063415527344,0.0
2009-02-02,15.17143726348877,0.0
2009-02-03,15.823970794677734,0.0
2009-02-04,16.182865142822266,0.0
2009-02-05,15.726091384887695,0.0
2009-02-06,16.248119354248047,0.0
2009-02-09,17.29217529296875,0.0
2009-02-10,17.61844253540039,0.0
2009-02-11,17.94470977783203,0.0
2009-02-12,17.29217529296875,0.0
2009-02-13,17.94470977783203,0.0
2009-02-16,17.61844253540039,0.0
2009-02-17,16.868026733398438,0.0
2009-02-18,17.22692108154297,0.0
2009-02-19,17.487934112548828,0.0
2009-02-20,17.09641456604004,0.0
2009-02-23,17.61844253540039,0.0
2009-02-24,17.39005470275879,0.0
2009-02-25,17.3574275970459,0.0
2009-02-26,17.39005470275879,0.0
2009-02-27,17.45530891418457,0.0
2009-03-02,16.443880081176758,0.0
2009-03-03,16.998533248901367,0.0
2009-03-04,17.487934112548828,0.0
2009-03-05,18.00996208190918,0.0
2009-03-06,18.04258918762207,0.0
2009-03-09,17.8142032623291,0.0
2009-03-10,19.05401992797852,0.0
2009-03-11,20.35908889770508,0.0
2009-03-12,20.62010383605957,0.0
2009-03-13,20.29383659362793,0.0
2009-03-16,20.94637107849121,0.0
2009-03-17,21.631532669067383,0.0
2009-03-18,22.838722229003903,0.0
2009-03-19,21.85991859436035,0.0
2009-03-20,20.7506103515625,0.0
2009-03-23,22.186187744140625,0.0
2009-03-24,23.71964454650879,0.0
2009-03-25,24.07853889465332,0.0
2009-03-26,23.491256713867188,0.0
2009-03-27,23.230243682861328,0.0
2009-03-30,23.36075019836425,0.0
2009-03-31,23.85015106201172,0.0
2009-04-02,25.220474243164062,0.0
2009-04-03,24.99208641052246,0.0
2009-04-06,25.05734062194824,0.0
2009-04-07,24.47005844116211,0.0
2009-04-08,24.53531265258789,0.0
2009-04-09,25.84038352966309,0.0
2009-04-10,25.448862075805664,0.0
2009-04-13,25.807756423950195,0.0
2009-04-14,26.166650772094727,0.0
2009-04-15,26.753931045532227,0.0
2009-04-16,27.73273468017578,0.0
2009-04-17,25.905635833740234,0.0
2009-04-20,25.416234970092773,0.0
2009-04-21,26.427663803100582,0.0
2009-04-22,27.21070671081543,0.0
2009-04-23,27.080198287963867,0.0
2009-04-24,27.30858612060547,0.0
2009-04-27,25.64462280273437,0.0
2009-04-28,25.18784713745117,0.0
2009-04-29,25.5793685913086,0.0
2009-04-30,27.34121322631836,0.0
2009-05-04,29.23356437683105,0.0
2009-05-05,28.874670028686523,0.0
2009-05-06,30.86490058898925,0.0
2009-05-07,30.6038875579834,0.0
2009-05-08,30.6038875579834,0.0
2009-05-11,30.147113800048828,0.0
2009-05-12,28.059001922607425,0.0
2009-05-13,27.99374771118164,0.0
2009-05-14,28.32001495361328,0.0
2009-05-15,28.7441635131836,0.0
2009-05-18,29.755592346191406,0.0
2009-05-19,31.25642204284668,0.0
2009-05-20,33.27928161621094,0.0
2009-05-21,32.561492919921875,0.0
2009-05-22,32.75725173950195,0.0
2009-05-25,32.03946304321289,0.0
2009-05-26,31.6479434967041,0.0
2009-05-27,33.27928161621094,0.0
2009-06-01,35.56315231323242,0.0
2009-06-02,35.56315231323242,0.0
2009-06-03,35.23688507080078,0.0
2009-06-04,33.67080307006836,0.0
2009-06-05,32.528865814208984,0.0
2009-06-08,32.13734436035156,0.0
2009-06-09,30.86490058898925,0.0
2009-06-10,31.974210739135746,0.0
2009-06-11,32.39835739135742,0.0
2009-06-12,30.506006240844727,0.0
2009-06-15,32.626747131347656,0.0
2009-06-16,33.475040435791016,0.0
2009-06-17,35.49789810180664,0.0
2009-06-18,34.91061782836914,0.0
2009-06-19,34.5843505859375,0.0
2009-06-22,35.88941955566406,0.0
2009-06-23,35.49789810180664,0.0
2009-06-24,34.78010940551758,0.0
2009-06-25,34.5843505859375,0.0
2009-06-26,35.23688507080078,0.0
2009-06-29,35.23688507080078,0.0
2009-06-30,35.56315231323242,0.0
2009-07-01,36.99872970581055,0.0
2009-07-02,38.76057434082031,0.0
2009-07-03,38.76057434082031,0.0
2009-07-06,39.15209579467773,0.0
2009-07-07,39.54361724853516,0.0
2009-07-08,39.34785461425781,0.0
2009-07-09,39.67412185668945,0.0
2009-07-10,39.804630279541016,0.0
2009-07-13,38.36905288696289,0.0
2009-07-14,38.76057434082031,0.0
2009-07-15,40.71817779541016,0.0
2009-07-16,42.0885009765625,0.0
2009-07-17,42.0885009765625,0.0
2009-07-20,41.76223373413086,0.0
2009-07-21,42.023250579833984,0.0
2009-07-22,41.43596649169922,0.0
2009-07-23,43.1325569152832,0.0
2009-07-24,44.63338851928711,0.0
2009-07-27,44.30712127685547,0.0
2009-07-28,44.17661285400391,0.0
2009-07-29,43.39357376098633,0.0
2009-07-30,41.30546188354492,0.0
2009-07-31,42.67578506469727,0.0
2009-08-03,41.76223373413086,0.0
2009-08-04,41.35163116455078,0.704338
2009-08-05,40.8499641418457,0.0
2009-08-06,42.92829513549805,0.0
2009-08-07,42.92829513549805,0.0
2009-08-10,43.71662902832031,0.0
2009-08-11,42.92829513549805,0.0
2009-08-12,42.64162826538086,0.0
2009-08-13,42.999961853027344,0.0
2009-08-14,42.85662841796875,0.0
2009-08-17,41.20829772949219,0.0
2009-08-18,39.05830001831055,0.0
2009-08-19,39.41663360595703,0.0
2009-08-20,39.559967041015625,0.0
2009-08-21,38.69996643066406,0.0
2009-08-24,40.06163024902344,0.0
2009-08-25,42.56996154785156,0.0
2009-08-26,44.0032958984375,0.0
2009-08-27,42.71329879760742,0.0
2009-08-28,44.64829635620117,0.0
2009-08-31,45.72329330444336,0.0
2009-09-01,45.86662673950195,0.0
2009-09-02,45.14995956420898,0.0
2009-09-03,44.43329620361328,0.0
2009-09-04,44.28996276855469,0.0
2009-09-07,44.93495941162109,0.0
2009-09-08,45.579959869384766,0.0
2009-09-09,44.28996276855469,0.0
2009-09-10,44.93495941162109,0.0
2009-09-11,44.7199592590332,0.0
2009-09-14,44.86329650878906,0.0
2009-09-15,45.14995956420898,0.0
2009-09-16,45.14995956420898,0.0
2009-09-17,45.07829284667969,0.0
2009-09-18,46.00996017456055,0.0
2009-09-21,45.14995956420898,0.0
2009-09-22,43.9316291809082,0.0
2009-09-23,41.99663162231445,0.0
2009-09-24,42.92829513549805,0.0
2009-09-25,44.21829605102539,0.0
2009-09-28,42.28329849243164,0.0
2009-09-29,42.64162826538086,0.0
2009-09-30,42.85662841796875,0.0
2009-10-01,42.999961853027344,0.0
2009-10-02,42.28329849243164,0.0
2009-10-05,42.64162826538086,0.0
2009-10-06,44.28996276855469,0.0
2009-10-07,43.78829574584961,0.0
2009-10-08,43.50162887573242,0.0
2009-10-09,42.999961853027344,0.0
2009-10-12,43.214962005615234,0.0
2009-10-13,42.85662841796875,0.0
2009-10-14,42.64162826538086,0.0
2009-10-15,41.99663162231445,0.0
2009-10-16,42.06829833984375,0.0
2009-10-19,42.49829864501953,0.0
2009-10-20,42.28329849243164,0.0
2009-10-21,41.92496490478516,0.0
2009-10-22,41.78163146972656,0.0
2009-10-23,42.21163177490234,0.0
2009-10-26,41.70996475219727,0.0
2009-10-27,41.20829772949219,0.0
2009-10-28,40.20496368408203,0.0
2009-10-29,38.91496658325195,0.0
2009-10-30,39.77496719360352,0.0
2009-11-02,39.84663009643555,0.0
2009-11-03,39.98996353149414,0.0
2009-11-04,40.27663040161133,0.0
2009-11-05,40.8499641418457,0.0
2009-11-06,41.494964599609375,0.0
2009-11-09,42.92829513549805,0.0
2009-11-10,42.28329849243164,0.0
2009-11-11,42.92829513549805,0.0
2009-11-12,43.214962005615234,0.0
2009-11-13,44.0032958984375,0.0
2009-11-16,43.50162887573242,0.0
2009-11-17,43.71662902832031,0.0
2009-11-18,43.71662902832031,0.0
2009-11-19,43.57329559326172,0.0
2009-11-20,42.85662841796875,0.0
2009-11-23,43.35829544067383,0.0
2009-11-24,43.429962158203125,0.0
2009-11-25,44.0749626159668,0.0
2009-11-26,44.43329620361328,0.0
2009-11-27,43.644962310791016,0.0
2009-11-30,42.35496139526367,0.0
2009-12-01,42.71329879760742,0.0
2009-12-02,42.21163177490234,0.0
2009-12-03,41.42329788208008,0.0
2009-12-04,40.8499641418457,0.0
2009-12-07,41.92496490478516,0.0
2009-12-08,41.92496490478516,0.0
2009-12-09,41.42329788208008,0.0
2009-12-10,40.49163055419922,0.0
2009-12-11,40.56329727172852,0.0
2009-12-14,40.20496368408203,0.0
2009-12-15,40.921630859375,0.0
2009-12-16,41.92496490478516,0.0
2009-12-17,41.42329788208008,0.0
2009-12-18,41.63829803466797,0.0
2009-12-21,41.27996444702149,0.0
2009-12-22,42.13996505737305,0.0
2009-12-23,42.56996154785156,0.0
2009-12-24,42.28329849243164,0.0
2009-12-25,42.64162826538086,0.0
2009-12-28,42.85662841796875,0.0
2009-12-29,42.64162826538086,0.0
2009-12-30,43.71662902832031,0.0
2009-12-31,44.50496292114258,0.0
2010-01-04,44.0749626159668,0.0
2010-01-05,44.57662963867188,0.0
2010-01-06,47.0132942199707,0.0
2010-01-07,46.65496063232422,0.0
2010-01-08,46.79829406738281,0.0
2010-01-11,46.941627502441406,0.0
2010-01-12,47.228294372558594,0.0
2010-01-13,45.794960021972656,0.0
2010-01-14,46.511627197265625,0.0
2010-01-15,46.79829406738281,0.0
2010-01-18,46.00996017456055,0.0
2010-01-19,46.36829376220703,0.0
2010-01-20,45.22162628173828,0.0
2010-01-21,45.579959869384766,0.0
2010-01-22,44.50496292114258,0.0
2010-01-25,43.28662872314453,0.0
2010-01-26,41.85329818725586,0.0
2010-01-27,42.13996505737305,0.0
2010-01-28,44.0749626159668,0.0
2010-01-29,43.644962310791016,0.0
2010-02-01,42.85662841796875,0.0
2010-02-02,43.57329559326172,0.0
2010-02-03,44.791629791259766,0.0
2010-02-04,44.21829605102539,0.0
2010-02-05,41.56663131713867,0.0
2010-02-08,40.49163055419922,0.0
2010-02-09,41.35163116455078,0.0
2010-02-10,41.85329818725586,0.0
2010-02-22,40.56329727172852,0.0
2010-02-23,39.98996353149414,0.0
2010-02-24,39.48830032348633,0.0
2010-02-25,39.41663360595703,0.0
2010-02-26,39.41663360595703,0.0
2010-03-01,40.34829711914063,0.0
2010-03-02,40.34829711914063,0.0
2010-03-03,39.84663009643555,0.0
2010-03-04,39.91830062866211,0.0
2010-03-05,40.34829711914063,0.0
2010-03-08,41.99663162231445,0.0
2010-03-09,42.21163177490234,0.0
2010-03-10,41.63829803466797,0.0
2010-03-11,40.8499641418457,0.0
2010-03-12,40.63496398925781,0.0
2010-03-15,39.98996353149414,0.0
2010-03-16,40.921630859375,0.0
2010-03-17,42.21163177490234,0.0
2010-03-18,42.78496170043945,0.0
2010-03-19,43.07162857055664,0.0
2010-03-22,41.85329818725586,0.0
2010-03-23,41.99663162231445,0.0
2010-03-24,41.85329818725586,0.0
2010-03-25,42.999961853027344,0.0
2010-03-26,42.71329879760742,0.0
2010-03-29,42.42662811279297,0.0
2010-03-30,41.85329818725586,0.0
2010-03-31,41.35163116455078,0.0
2010-04-01,41.42329788208008,0.0
2010-04-02,41.494964599609375,0.0
2010-04-06,42.13996505737305,0.0
2010-04-07,42.28329849243164,0.0
2010-04-08,41.63829803466797,0.0
2010-04-09,41.42329788208008,0.0
2010-04-12,41.13663101196289,0.0
2010-04-13,40.70663070678711,0.0
2010-04-14,42.13996505737305,0.0
2010-04-15,42.21163177490234,0.0
2010-04-16,42.28329849243164,0.0
2010-04-19,41.27996444702149,0.0
2010-04-20,41.0649642944336,0.0
2010-04-21,41.78163146972656,0.0
2010-04-22,42.28329849243164,0.0
2010-04-23,42.71329879760742,0.0
2010-04-26,43.859962463378906,0.0
2010-04-27,45.07829284667969,0.0
2010-04-28,45.22162628173828,0.0
2010-04-29,43.57329559326172,0.0
2010-04-30,43.57329559326172,0.0
2010-05-03,42.92829513549805,0.0
2010-05-04,43.07162857055664,0.0
2010-05-05,41.20829772949219,0.0
2010-05-06,40.34829711914063,0.0
2010-05-07,40.06163024902344,0.0
2010-05-10,41.20829772949219,0.0
2010-05-11,40.34829711914063,0.0
2010-05-12,39.63163375854492,0.0
2010-05-13,40.56329727172852,0.0
2010-05-14,40.778297424316406,0.0
2010-05-17,38.05496597290039,0.0
2010-05-18,37.26663589477539,0.0
2010-05-19,35.72580337524414,0.0
2010-05-20,36.19163513183594,0.0
2010-05-21,37.0516357421875,0.0
2010-05-24,37.0516357421875,0.0
2010-05-25,36.40663528442383,0.0
2010-05-26,37.69663238525391,0.0
2010-05-27,37.0516357421875,0.0
2010-05-28,37.7682991027832,0.0
2010-05-31,38.12663269042969,0.0
2010-06-01,38.48496627807617,0.0
2010-06-02,37.55330276489258,0.0
2010-06-03,38.34163284301758,0.0
2010-06-04,37.69663238525391,0.0
2010-06-07,36.54996871948242,0.0
2010-06-08,35.76163482666016,0.0
2010-06-09,35.83330154418945,0.0
2010-06-10,35.61830139160156,0.0
2010-06-11,35.654136657714844,0.0
2010-06-14,35.40330123901367,0.0
2010-06-15,35.76163482666016,0.0
2010-06-17,35.68996810913086,0.0
2010-06-18,36.19163513183594,0.0
2010-06-21,37.0516357421875,0.0
2010-06-22,36.9799690246582,0.0
2010-06-23,37.481632232666016,0.0
2010-06-24,37.1233024597168,0.0
2010-06-25,35.97663497924805,0.0
2010-06-28,35.76163482666016,0.0
2010-06-29,35.68996810913086,0.0
2010-06-30,34.113304138183594,0.0
2010-07-01,34.543304443359375,0.0
2010-07-02,36.19163513183594,0.0
2010-07-05,35.68996810913086,0.0
2010-07-06,36.19163513183594,0.0
2010-07-07,36.9799690246582,0.0
2010-07-08,37.98329925537109,0.0
2010-07-09,39.41663360595703,0.0
2010-07-12,39.34496688842773,0.0
2010-07-13,38.69996643066406,0.0
2010-07-14,39.41663360595703,0.0
2010-07-15,39.48830032348633,0.0
2010-07-16,39.41663360595703,0.0
2010-07-19,38.843299865722656,0.0
2010-07-20,39.41663360595703,0.0
2010-07-21,39.41663360595703,0.0
2010-07-22,39.63163375854492,0.0
2010-07-23,40.8499641418457,0.0
2010-07-26,40.06163024902344,0.0
2010-07-27,40.13330078125,0.0
2010-07-28,40.13330078125,0.0
2010-07-29,38.84176254272461,1.948386
2010-07-30,38.91703414916992,0.0
2010-08-02,41.02473068237305,0.0
2010-08-03,41.7774772644043,0.0
2010-08-04,41.401100158691406,0.0
2010-08-05,40.42253112792969,0.0
2010-08-06,39.74505615234375,0.0
2010-08-09,40.27198028564453,0.0
2010-08-10,39.29341125488281,0.0
2010-08-11,38.31483840942383,0.0
2010-08-12,36.846981048583984,0.0
2010-08-13,37.22335433959961,0.0
2010-08-16,37.48681640625,0.0
2010-08-17,38.01374053955078,0.0
2010-08-18,38.31483840942383,0.0
2010-08-19,38.16428756713867,0.0
2010-08-20,38.089012145996094,0.0
2010-08-23,39.06758499145508,0.0
2010-08-24,38.84176254272461,0.0
2010-08-25,37.63736724853516,0.0
2010-08-26,37.260990142822266,0.0
2010-08-27,37.41154098510742,0.0
2010-08-30,37.18571853637695,0.0
2010-08-31,37.71264266967773,0.0
2010-09-01,37.71264266967773,0.0
2010-09-02,37.41154098510742,0.0
2010-09-03,38.31483840942383,0.0
2010-09-06,38.16428756713867,0.0
2010-09-07,38.76648712158203,0.0
2010-09-08,38.76648712158203,0.0
2010-09-09,39.29341125488281,0.0
2010-09-10,39.895606994628906,0.0
2010-09-13,40.497806549072266,0.0
2010-09-14,40.79890441894531,0.0
2010-09-15,41.401100158691406,0.0
2010-09-16,39.895606994628906,0.0
2010-09-17,40.34725570678711,0.0
2010-09-20,40.94945526123047,0.0
2010-09-21,40.497806549072266,0.0
2010-09-23,41.325828552246094,0.0
2010-09-24,40.87417984008789,0.0
2010-09-27,40.42253112792969,0.0
2010-09-28,41.02473068237305,0.0
2010-09-29,42.003299713134766,0.0
2010-09-30,42.90659713745117,0.0
2010-10-01,42.078575134277344,0.0
2010-10-04,41.7774772644043,0.0
2010-10-05,41.7774772644043,0.0
2010-10-06,42.003299713134766,0.0
2010-10-07,40.42253112792969,0.0
2010-10-08,39.895606994628906,0.0
2010-10-11,40.94945526123047,0.0
2010-10-12,40.79890441894531,0.0
2010-10-13,41.325828552246094,0.0
2010-10-14,41.25055313110352,0.0
2010-10-15,41.92802429199219,0.0
2010-10-18,42.53022384643555,0.0
2010-10-19,41.85275268554688,0.0
2010-10-20,43.13241958618164,0.0
2010-10-21,43.734619140625,0.0
2010-10-22,42.98187255859375,0.0
2010-10-25,45.91758728027344,0.0
2010-10-26,45.2401123046875,0.0
2010-10-27,46.89615631103516,0.0
2010-10-28,46.82088470458984,0.0
2010-10-29,47.34780502319336,0.0
2010-11-01,48.17582702636719,0.0
2010-11-02,48.251102447509766,0.0
2010-11-03,47.49835586547852,0.0
2010-11-04,46.21868515014648,0.0
2010-11-05,46.29396057128906,0.0
2010-11-08,45.01428985595703,0.0
2010-11-09,45.16484069824219,0.0
2010-11-10,45.2401123046875,0.0
2010-11-11,45.6917610168457,0.0
2010-11-12,45.465938568115234,0.0
2010-11-15,46.06813430786133,0.0
2010-11-16,46.67033386230469,0.0
2010-11-17,45.616485595703125,0.0
2010-11-18,45.08956527709961,0.0
2010-11-19,46.67033386230469,0.0
2010-11-22,47.87472915649414,0.0
2010-11-23,46.21868515014648,0.0
2010-11-24,46.51978302001953,0.0
2010-11-25,46.51978302001953,0.0
2010-11-26,46.51978302001953,0.0
2010-11-29,47.12198257446289,0.0
2010-11-30,46.51978302001953,0.0
2010-12-01,46.29396057128906,0.0
2010-12-02,45.465938568115234,0.0
2010-12-03,44.11099243164063,0.0
2010-12-06,45.6917610168457,0.0
2010-12-07,45.616485595703125,0.0
2010-12-08,45.16484069824219,0.0
2010-12-09,45.76703643798828,0.0
2010-12-10,46.44451141357422,0.0
2010-12-13,46.06813430786133,0.0
2010-12-14,45.616485595703125,0.0
2010-12-15,45.91758728027344,0.0
2010-12-16,45.616485595703125,0.0
2010-12-17,45.01428985595703,0.0
2010-12-20,44.86373901367188,0.0
2010-12-21,44.713191986083984,0.0
2010-12-22,45.31538772583008,0.0
2010-12-23,45.08956527709961,0.0
2010-12-24,44.86373901367188,0.0
2010-12-27,45.16484069824219,0.0
2010-12-28,45.54121398925781,0.0
2010-12-29,44.56264114379883,0.0
2010-12-30,44.56264114379883,0.0
2010-12-31,44.713191986083984,0.0
2011-01-03,45.01428985595703,0.0
2011-01-04,45.76703643798828,0.0
2011-01-05,43.65934371948242,0.0
2011-01-06,43.13241958618164,0.0
2011-01-07,43.50879669189453,0.0
2011-01-10,43.13241958618164,0.0
2011-01-11,44.713191986083984,0.0
2011-01-12,43.88516998291016,0.0
2011-01-13,43.80989456176758,0.0
2011-01-14,44.03571701049805,0.0
2011-01-17,43.734619140625,0.0
2011-01-18,44.03571701049805,0.0
2011-01-19,44.03571701049805,0.0
2011-01-20,43.358245849609375,0.0
2011-01-21,42.90659713745117,0.0
2011-01-24,43.358245849609375,0.0
2011-01-25,43.2829704284668,0.0
2011-01-26,43.88516998291016,0.0
2011-01-27,42.98187255859375,0.0
2011-01-28,42.90659713745117,0.0
2011-02-08,42.15385055541992,0.0
2011-02-09,41.02473068237305,0.0
2011-02-10,40.27198028564453,0.0
2011-02-11,38.46538925170898,0.0
2011-02-14,40.19670867919922,0.0
2011-02-15,41.02473068237305,0.0
2011-02-16,39.59450912475586,0.0
2011-02-17,39.895606994628906,0.0
2011-02-18,40.42253112792969,0.0
2011-02-21,40.497806549072266,0.0
2011-02-22,39.51923370361328,0.0
2011-02-23,39.06758499145508,0.0
2011-02-24,39.51923370361328,0.0
2011-02-25,39.82033157348633,0.0
2011-03-01,41.02473068237305,0.0
2011-03-02,40.497806549072266,0.0
2011-03-03,42.003299713134766,0.0
2011-03-04,42.6807746887207,0.0
2011-03-07,42.605499267578125,0.0
2011-03-08,42.30439758300781,0.0
2011-03-09,40.497806549072266,0.0
2011-03-10,38.76648712158203,0.0
2011-03-11,36.13187026977539,0.0
2011-03-14,35.90604782104492,0.0
2011-03-15,35.830772399902344,0.0
2011-03-16,36.28242111206055,0.0
2011-03-17,36.28242111206055,0.0
2011-03-18,36.846981048583984,0.0
2011-03-21,36.43296813964844,0.0
2011-03-22,36.508243560791016,0.0
2011-03-23,37.48681640625,0.0
2011-03-24,38.23956298828125,0.0
2011-03-25,38.46538925170898,0.0
2011-03-28,35.79313659667969,0.0
2011-03-29,35.078025817871094,0.0
2011-03-30,34.66401290893555,0.0
2011-03-31,35.078025817871094,0.0
2011-04-01,35.37912368774414,0.0
2011-04-06,35.15330123901367,0.0
2011-04-07,35.11566162109375,0.0
2011-04-08,35.5296745300293,0.0
2011-04-11,34.70165252685547,0.0
2011-04-12,33.94890213012695,0.0
2011-04-13,34.09945297241211,0.0
2011-04-14,34.513465881347656,0.0
2011-04-15,34.17472839355469,0.0
2011-04-18,34.02417755126953,0.0
2011-04-19,33.986541748046875,0.0
2011-04-20,34.8145637512207,0.0
2011-04-21,35.19093704223633,0.0
2011-04-22,35.4167594909668,0.0
2011-04-25,35.078025817871094,0.0
2011-04-26,34.92747497558594,0.0
2011-04-27,35.45439910888672,0.0
2011-04-28,37.63736724853516,0.0
2011-04-29,38.76648712158203,0.0
2011-05-03,38.76648712158203,0.0
2011-05-04,38.16428756713867,0.0
2011-05-05,38.23956298828125,0.0
2011-05-06,37.71264266967773,0.0
2011-05-09,38.91703414916992,0.0
2011-05-10,38.9923095703125,0.0
2011-05-11,38.76648712158203,0.0
2011-05-12,37.78791427612305,0.0
2011-05-13,37.78791427612305,0.0
2011-05-16,37.78791427612305,0.0
2011-05-17,36.65879440307617,0.0
2011-05-18,37.41154098510742,0.0
2011-05-19,36.88461685180664,0.0
2011-05-20,37.22335433959961,0.0
2011-05-23,36.88461685180664,0.0
2011-05-24,37.33626556396485,0.0
2011-05-25,37.33626556396485,0.0
2011-05-26,38.16428756713867,0.0
2011-05-27,39.36868667602539,0.0
2011-05-30,39.82033157348633,0.0
2011-05-31,40.64835357666016,0.0
2011-06-01,40.79890441894531,0.0
2011-06-02,40.19670867919922,0.0
2011-06-03,40.94945526123047,0.0
2011-06-07,41.70220184326172,0.0
2011-06-08,41.55165100097656,0.0
2011-06-09,40.57307815551758,0.0
2011-06-10,39.895606994628906,0.0
2011-06-13,39.51923370361328,0.0
2011-06-14,40.27198028564453,0.0
2011-06-15,40.87417984008789,0.0
2011-06-16,38.84176254272461,0.0
2011-06-17,38.16428756713867,0.0
2011-06-20,38.089012145996094,0.0
2011-06-21,38.76648712158203,0.0
2011-06-22,39.29341125488281,0.0
2011-06-23,37.71264266967773,0.0
2011-06-24,36.846981048583984,0.0
2011-06-27,36.28242111206055,0.0
2011-06-28,37.48681640625,0.0
2011-06-29,37.71264266967773,0.0
2011-06-30,38.390113830566406,0.0
2011-07-01,39.142860412597656,0.0
2011-07-04,38.84176254272461,0.0
2011-07-05,37.71264266967773,0.0
2011-07-06,38.31483840942383,0.0
2011-07-07,38.16428756713867,0.0
2011-07-08,38.69121170043945,0.0
2011-07-11,37.863189697265625,0.0
2011-07-12,36.54588317871094,0.0
2011-07-13,36.54588317871094,0.0
2011-07-14,36.13187026977539,0.0
2011-07-15,36.69643020629883,0.0
2011-07-18,35.755496978759766,0.0
2011-07-19,35.68022155761719,0.0
2011-07-20,35.9813232421875,0.0
2011-07-21,36.094234466552734,0.0
2011-07-22,36.094234466552734,0.0
2011-07-25,36.24478149414063,0.0
2011-07-26,37.260990142822266,0.0
2011-07-27,37.71264266967773,0.0
2011-07-28,36.88461685180664,0.0
2011-07-29,36.508243560791016,0.0
2011-08-01,37.599727630615234,0.0
2011-08-02,37.41154098510742,0.0
2011-08-03,36.65879440307617,0.0
2011-08-04,36.62115859985352,0.0
2011-08-05,34.06181716918945,0.0
2011-08-08,31.690662384033203,0.0
2011-08-09,29.733518600463867,0.0
2011-08-10,31.314287185668945,0.0
2011-08-11,30.86264038085937,0.0
2011-08-12,30.7873649597168,0.0
2011-08-15,31.80357360839844,0.0
2011-08-16,32.93269348144531,0.0
2011-08-17,30.86264038085937,0.0
2011-08-18,29.65824317932129,0.0
2011-08-19,27.58818817138672,0.0
2011-08-22,25.668682098388672,0.0
2011-08-23,26.722530364990234,0.0
2011-08-24,24.38197326660156,2.406107
2011-08-25,24.658592224121094,0.0
2011-08-26,24.935211181640625,0.0
2011-08-29,26.23927116394043,0.0
2011-08-30,27.62236595153809,0.0
2011-08-31,28.5312557220459,0.0
2011-09-01,28.33367156982422,0.0
2011-09-02,28.41270637512207,0.0
2011-09-05,26.91106033325196,0.0
2011-09-06,26.08120346069336,0.0
2011-09-07,27.62236595153809,0.0
2011-09-08,28.37318992614746,0.0
2011-09-09,28.45222282409668,0.0
2011-09-13,27.306230545043945,0.0
2011-09-14,26.79250907897949,0.0
2011-09-15,27.97801971435547,0.0
2011-09-16,28.68932342529297,0.0
2011-09-19,27.898984909057617,0.0
2011-09-20,28.45222282409668,0.0
2011-09-21,28.21512031555176,0.0
2011-09-22,26.673959732055664,0.0
2011-09-23,25.76506805419922,0.0
2011-09-26,24.737627029418945,0.0
2011-09-27,25.84410285949707,0.0
2011-09-28,25.56748390197754,0.0
2011-09-29,25.84410285949707,0.0
2011-09-30,27.62236595153809,0.0
2011-10-03,27.227195739746094,0.0
2011-10-04,27.266712188720703,0.0
2011-10-05,27.81995010375977,0.0
2011-10-06,26.95057678222656,0.0
2011-10-07,27.10864448547364,0.0
2011-10-11,29.005460739135746,0.0
2011-10-12,28.80787467956543,0.0
2011-10-13,29.24256134033203,0.0
2011-10-14,29.321596145629883,0.0
2011-10-17,29.24256134033203,0.0
2011-10-18,28.80787467956543,0.0
2011-10-19,28.64980697631836,0.0
2011-10-20,28.80787467956543,0.0
2011-10-21,28.76835823059082,0.0
2011-10-24,29.12401008605957,0.0
2011-10-25,29.835317611694336,0.0
2011-10-26,29.12401008605957,0.0
2011-10-27,28.92642593383789,0.0
2011-10-28,29.28207969665528,0.0
2011-10-31,27.81995010375977,0.0
2011-11-01,28.41270637512207,0.0
2011-11-02,28.33367156982422,0.0
2011-11-03,27.78043365478516,0.0
2011-11-04,28.057052612304688,0.0
2011-11-07,28.61029052734375,0.0
2011-11-08,29.716766357421875,0.0
2011-11-09,30.032901763916016,0.0
2011-11-10,29.40063095092773,0.0
2011-11-11,30.19096946716309,0.0
2011-11-14,30.665172576904297,0.0
2011-11-15,29.914350509643555,0.0
2011-11-16,29.40063095092773,0.0
2011-11-17,29.914350509643555,0.0
2011-11-18,28.84739112854004,0.0
2011-11-21,27.10864448547364,0.0
2011-11-22,27.069128036499023,0.0
2011-11-23,26.31830596923828,0.0
2011-11-24,26.436857223510746,0.0
2011-11-25,26.35782241821289,0.0
2011-11-28,28.01753616333008,0.0
2011-11-29,28.45222282409668,0.0
2011-11-30,29.005460739135746,0.0
2011-12-01,29.440147399902344,0.0
2011-12-02,29.637731552124023,0.0
2011-12-05,29.874834060668945,0.0
2011-12-06,29.440147399902344,0.0
2011-12-07,29.9538688659668,0.0
2011-12-08,29.914350509643555,0.0
2011-12-09,30.111936569213867,0.0
2011-12-12,30.507104873657227,0.0
2011-12-13,30.823240280151367,0.0
2011-12-14,30.507104873657227,0.0
2011-12-15,29.9538688659668,0.0
2011-12-16,30.032901763916016,0.0
2011-12-19,29.558698654174805,0.0
2011-12-20,30.032901763916016,0.0
2011-12-21,30.941791534423828,0.0
2011-12-22,30.74420738220215,0.0
2011-12-23,30.74420738220215,0.0
2011-12-26,30.467588424682617,0.0
2011-12-27,30.54662132263184,0.0
2011-12-28,30.38855361938477,0.0
2011-12-29,30.38855361938477,0.0
2011-12-30,30.309520721435547,0.0
2012-01-02,30.309520721435547,0.0
2012-01-03,30.309520721435547,0.0
2012-01-04,30.309520721435547,0.0
2012-01-05,30.309520721435547,0.0
2012-01-06,32.4039192199707,0.0
2012-01-09,32.79909133911133,0.0
2012-01-10,32.79909133911133,0.0
2012-01-11,32.87812423706055,0.0
2012-01-12,32.5224723815918,0.0
2012-01-13,32.641021728515625,0.0
2012-01-16,32.957157135009766,0.0
2012-01-17,32.79909133911133,0.0
2012-01-18,33.19425964355469,0.0
2012-01-30,34.34025192260742,0.0
2012-01-31,35.0910758972168,0.0
2012-02-01,34.45880126953125,0.0
2012-02-02,35.05155944824219,0.0
2012-02-03,35.565277099609375,0.0
2012-02-06,35.565277099609375,0.0
2012-02-07,36.55320358276367,0.0
2012-02-08,38.84518814086914,0.0
2012-02-09,38.56856918334961,0.0
2012-02-10,37.778228759765625,0.0
2012-02-13,37.778228759765625,0.0
2012-02-14,36.86933898925781,0.0
2012-02-15,37.699195861816406,0.0
2012-02-16,37.145957946777344,0.0
2012-02-17,37.06692123413086,0.0
2012-02-20,37.18547439575195,0.0
2012-02-21,36.86933898925781,0.0
2012-02-22,37.81774520874024,0.0
2012-02-23,36.8298225402832,0.0
2012-02-24,36.63223648071289,0.0
2012-02-29,38.68711853027344,0.0
2012-03-01,38.21291732788086,0.0
2012-03-02,38.094364166259766,0.0
2012-03-05,37.18547439575195,0.0
2012-03-06,37.02740478515625,0.0
2012-03-07,36.47417068481445,0.0
2012-03-08,36.86933898925781,0.0
2012-03-09,37.30402374267578,0.0
2012-03-12,36.94837188720703,0.0
2012-03-13,37.699195861816406,0.0
2012-03-14,37.778228759765625,0.0
2012-03-15,37.93629837036133,0.0
2012-03-16,37.30402374267578,0.0
2012-03-19,36.71126937866211,0.0
2012-03-20,36.8298225402832,0.0
2012-03-21,37.145957946777344,0.0
2012-03-22,37.383060455322266,0.0
2012-03-23,37.383060455322266,0.0
2012-03-26,36.6717529296875,0.0
2012-03-27,36.19755172729492,0.0
2012-03-28,36.07899856567383,0.0
2012-03-29,35.170108795166016,0.0
2012-03-30,35.170108795166016,0.0
2012-04-02,35.604793548583984,0.0
2012-04-03,34.2612190246582,0.0
2012-04-05,34.41928482055664,0.0
2012-04-06,34.06363296508789,0.0
2012-04-09,33.58942794799805,0.0
2012-04-10,34.30073547363281,0.0
2012-04-11,34.774940490722656,0.0
2012-04-12,34.814456939697266,0.0
2012-04-13,35.130592346191406,0.0
2012-04-16,34.41928482055664,0.0
2012-04-17,33.15474319458008,0.0
2012-04-18,33.2337760925293,0.0
2012-04-19,33.35232925415039,0.0
2012-04-20,33.03619384765625,0.0
2012-04-23,33.273292541503906,0.0
2012-04-24,33.70798110961914,0.0
2012-04-25,34.45880126953125,0.0
2012-04-26,34.18218231201172,0.0
2012-04-27,33.628944396972656,0.0
2012-04-30,34.65638732910156,0.0
2012-05-02,35.525760650634766,0.0
2012-05-03,35.36769485473633,0.0
2012-05-04,35.76286315917969,0.0
2012-05-07,34.9725227355957,0.0
2012-05-08,35.209625244140625,0.0
2012-05-09,33.78701400756836,0.0
2012-05-10,33.54991149902344,0.0
2012-05-11,33.74749755859375,0.0
2012-05-14,33.66846466064453,0.0
2012-05-15,33.19425964355469,0.0
2012-05-16,32.245853424072266,0.0
2012-05-17,33.11522674560547,0.0
2012-05-18,32.008750915527344,0.0
2012-05-21,32.08778381347656,0.0
2012-05-22,32.44343566894531,0.0
2012-05-23,31.45551300048828,0.0
2012-05-24,30.941791534423828,0.0
2012-05-25,29.51918029785156,0.0
2012-05-28,29.321596145629883,0.0
2012-05-29,30.032901763916016,0.0
2012-05-30,31.13937759399414,0.0
2012-05-31,29.9538688659668,0.0
2012-06-01,29.677249908447266,0.0
2012-06-04,28.21512031555176,0.0
2012-06-05,28.84739112854004,0.0
2012-06-06,28.68932342529297,0.0
2012-06-07,29.47966384887696,0.0
2012-06-08,29.321596145629883,0.0
2012-06-11,29.835317611694336,0.0
2012-06-12,29.716766357421875,0.0
2012-06-13,29.993385314941406,0.0
2012-06-14,29.51918029785156,0.0
2012-06-15,30.032901763916016,0.0
2012-06-18,31.49502944946289,0.0
2012-06-19,31.06034278869629,0.0
2012-06-20,30.98130989074707,0.0
2012-06-21,30.072418212890625,0.0
2012-06-22,29.440147399902344,0.0
2012-06-25,29.440147399902344,0.0
2012-06-26,29.12401008605957,0.0
2012-06-27,28.9659423828125,0.0
2012-06-28,28.45222282409668,0.0
2012-06-29,28.84739112854004,0.0
2012-07-02,29.637731552124023,0.0
2012-07-03,29.874834060668945,0.0
2012-07-04,29.47966384887696,0.0
2012-07-05,29.637731552124023,0.0
2012-07-06,29.9538688659668,0.0
2012-07-09,29.835317611694336,0.0
2012-07-10,29.203044891357425,0.0
2012-07-11,28.84739112854004,0.0
2012-07-12,28.61029052734375,0.0
2012-07-13,28.570772171020508,0.0
2012-07-16,28.17560386657715,0.0
2012-07-17,28.096569061279297,0.0
2012-07-18,27.62236595153809,0.0
2012-07-19,27.859468460083008,0.0
2012-07-20,27.97801971435547,0.0
2012-07-23,27.58284950256348,0.0
2012-07-24,27.464298248291016,0.0
2012-07-25,27.503814697265625,0.0
2012-07-26,28.057052612304688,0.0
2012-07-27,26.63839340209961,1.738747
2012-07-30,26.67988586425781,0.0
2012-07-31,26.84585762023925,0.0
2012-08-01,27.09481430053711,0.0
2012-08-02,27.09481430053711,0.0
2012-08-03,25.891521453857425,0.0
2012-08-06,26.67988586425781,0.0
2012-08-07,26.9703369140625,0.0
2012-08-08,26.80436515808105,0.0
2012-08-09,27.468250274658203,0.0
2012-08-10,27.841684341430664,0.0
2012-08-13,27.59272766113281,0.0
2012-08-14,27.966163635253903,0.0
2012-08-15,27.634220123291016,0.0
2012-08-16,27.468250274658203,0.0
2012-08-17,27.21929359436035,0.0
2012-08-20,27.468250274658203,0.0
2012-08-21,28.422584533691406,0.0
2012-08-22,28.298105239868164,0.0
2012-08-23,28.173627853393555,0.0
2012-08-24,27.509742736816406,0.0
2012-08-27,27.71720695495605,0.0
2012-08-28,27.8831787109375,0.0
2012-08-29,27.509742736816406,0.0
2012-08-30,27.30227851867676,0.0
2012-08-31,27.80019187927246,0.0
2012-09-03,27.966163635253903,0.0
2012-09-04,28.21512031555176,0.0
2012-09-05,27.4267578125,0.0
2012-09-06,27.8831787109375,0.0
2012-09-07,28.049148559570312,0.0
2012-09-10,27.634220123291016,0.0
2012-09-11,27.8831787109375,0.0
2012-09-12,27.71720695495605,0.0
2012-09-13,28.00765609741211,0.0
2012-09-14,29.54289054870605,0.0
2012-09-17,29.1694564819336,0.0
2012-09-18,28.713035583496094,0.0
2012-09-19,28.920499801635746,0.0
2012-09-20,29.1694564819336,0.0
2012-09-21,29.750354766845703,0.0
2012-09-24,29.45990562438965,0.0
2012-09-25,29.54289054870605,0.0
2012-09-26,28.920499801635746,0.0
2012-09-27,28.920499801635746,0.0
2012-09-28,29.2109489440918,0.0
2012-10-01,29.335426330566406,0.0
2012-10-02,29.25244140625,0.0
2012-10-03,28.754526138305664,0.0
2012-10-04,27.4267578125,0.0
2012-10-05,26.721378326416016,0.0
2012-10-08,27.053321838378903,0.0
2012-10-09,26.30645179748535,0.0
2012-10-11,25.684057235717773,0.0
2012-10-12,25.85003089904785,0.0
2012-10-15,26.14047813415528,0.0
2012-10-16,26.057493209838867,0.0
2012-10-17,26.057493209838867,0.0
2012-10-18,25.72555160522461,0.0
2012-10-19,25.601072311401367,0.0
2012-10-22,25.85003089904785,0.0
2012-10-23,25.601072311401367,0.0
2012-10-24,25.310623168945312,0.0
2012-10-25,24.81270980834961,0.0
2012-10-26,23.11150360107422,0.0
2012-10-29,22.157167434692383,0.0
2012-10-30,22.406124114990234,0.0
2012-10-31,23.27747344970703,0.0
2012-11-01,23.194488525390625,0.0
2012-11-02,24.107330322265625,0.0
2012-11-05,24.43927383422852,0.0
2012-11-06,24.563751220703125,0.0
2012-11-07,24.895694732666016,0.0
2012-11-08,24.27330207824707,0.0
2012-11-09,24.35628890991211,0.0
2012-11-12,23.899866104125977,0.0
2012-11-13,23.318967819213867,0.0
2012-11-14,23.36046028137207,0.0
2012-11-15,23.36046028137207,0.0
2012-11-16,23.44344520568848,0.0
2012-11-19,23.650909423828125,0.0
2012-11-20,23.56792449951172,0.0
2012-11-21,23.56792449951172,0.0
2012-11-22,23.56792449951172,0.0
2012-11-23,24.231809616088867,0.0
2012-11-26,24.646738052368164,0.0
2012-11-27,25.26913070678711,0.0
2012-11-28,25.18614387512207,0.0
2012-11-29,25.43510055541992,0.0
2012-11-30,26.472421646118164,0.0
2012-12-03,26.26495742797852,0.0
2012-12-04,26.26495742797852,0.0
2012-12-05,26.057493209838867,0.0
2012-12-06,25.808536529541016,0.0
2012-12-07,26.098987579345703,0.0
2012-12-10,26.016000747680664,0.0
2012-12-11,25.601072311401367,0.0
2012-12-12,25.64256477355957,0.0
2012-12-13,26.098987579345703,0.0
2012-12-14,25.684057235717773,0.0
2012-12-17,25.06166648864746,0.0
2012-12-18,24.563751220703125,0.0
2012-12-19,24.85420227050781,0.0
2012-12-20,24.231809616088867,0.0
2012-12-21,24.02434539794922,0.0
2012-12-24,24.52225875854492,0.0
2012-12-25,25.06166648864746,0.0
2012-12-26,24.81270980834961,0.0
2012-12-27,24.81270980834961,0.0
2012-12-28,24.978679656982425,0.0
2013-01-02,24.978679656982425,0.0
2013-01-03,24.895694732666016,0.0
2013-01-04,24.771215438842773,0.0
2013-01-07,25.103158950805664,0.0
2013-01-08,24.688230514526367,0.0
2013-01-09,24.48076629638672,0.0
2013-01-10,25.35211563110352,0.0
2013-01-11,25.39360809326172,0.0
2013-01-14,26.016000747680664,0.0
2013-01-15,25.97450828552246,0.0
2013-01-16,26.472421646118164,0.0
2013-01-17,27.80019187927246,0.0
2013-01-18,27.966163635253903,0.0
2013-01-21,27.80019187927246,0.0
2013-01-22,27.8831787109375,0.0
2013-01-23,27.966163635253903,0.0
2013-01-24,28.381092071533203,0.0
2013-01-25,29.086469650268555,0.0
2013-01-28,29.874834060668945,0.0
2013-01-29,28.961992263793945,0.0
2013-01-30,28.7960205078125,0.0
2013-01-31,28.381092071533203,0.0
2013-02-01,28.46407890319824,0.0
2013-02-04,28.381092071533203,0.0
2013-02-05,27.966163635253903,0.0
2013-02-06,27.75869941711425,0.0
2013-02-18,28.54706382751465,0.0
2013-02-19,29.04497718811035,0.0
2013-02-20,28.339599609375,0.0
2013-02-21,27.71720695495605,0.0
2013-02-22,27.468250274658203,0.0
2013-02-25,27.136306762695312,0.0
2013-02-26,27.468250274658203,0.0
2013-02-27,27.385263442993164,0.0
2013-03-01,27.59272766113281,0.0
2013-03-04,27.75869941711425,0.0
2013-03-05,27.8831787109375,0.0
2013-03-06,27.385263442993164,0.0
2013-03-07,27.30227851867676,0.0
2013-03-08,27.8831787109375,0.0
2013-03-11,28.049148559570312,0.0
2013-03-12,27.67571449279785,0.0
2013-03-13,27.468250274658203,0.0
2013-03-14,27.634220123291016,0.0
2013-03-15,28.049148559570312,0.0
2013-03-18,27.385263442993164,0.0
2013-03-19,27.75869941711425,0.0
2013-03-20,27.385263442993164,0.0
2013-03-21,27.59272766113281,0.0
2013-03-22,27.55123519897461,0.0
2013-03-25,27.80019187927246,0.0
2013-03-26,28.298105239868164,0.0
2013-03-27,27.55123519897461,0.0
2013-03-28,27.136306762695312,0.0
2013-03-29,27.59272766113281,0.0
2013-04-01,27.30227851867676,0.0
2013-04-02,27.468250274658203,0.0
2013-04-03,27.509742736816406,0.0
2013-04-08,25.808536529541016,0.0
2013-04-09,25.144651412963867,0.0
2013-04-10,25.18614387512207,0.0
2013-04-11,25.47659492492676,0.0
2013-04-12,25.310623168945312,0.0
2013-04-15,24.231809616088867,0.0
2013-04-16,24.107330322265625,0.0
2013-04-17,24.31479454040528,0.0
2013-04-18,24.065837860107425,0.0
2013-04-19,24.107330322265625,0.0
2013-04-22,23.650909423828125,0.0
2013-04-23,23.94136047363281,0.0
2013-04-24,24.35628890991211,0.0
2013-04-25,24.190317153930664,0.0
2013-04-26,24.397781372070312,0.0
2013-04-29,24.60524559020996,0.0
2013-04-30,24.85420227050781,0.0
2013-05-02,24.688230514526367,0.0
2013-05-03,24.35628890991211,0.0
2013-05-06,24.31479454040528,0.0
2013-05-07,24.14882469177246,0.0
2013-05-08,24.43927383422852,0.0
2013-05-09,24.52225875854492,0.0
2013-05-10,24.231809616088867,0.0
2013-05-13,24.31479454040528,0.0
2013-05-14,24.27330207824707,0.0
2013-05-15,24.27330207824707,0.0
2013-05-16,24.48076629638672,0.0
2013-05-17,24.43927383422852,0.0
2013-05-20,24.646738052368164,0.0
2013-05-21,24.646738052368164,0.0
2013-05-22,24.646738052368164,0.0
2013-05-23,24.52225875854492,0.0
2013-05-24,25.103158950805664,0.0
2013-05-27,25.43510055541992,0.0
2013-05-28,25.39360809326172,0.0
2013-05-29,25.43510055541992,0.0
2013-05-30,25.808536529541016,0.0
2013-05-31,25.559579849243164,0.0
2013-06-03,25.43510055541992,0.0
2013-06-04,25.310623168945312,0.0
2013-06-05,25.43510055541992,0.0
2013-06-06,25.144651412963867,0.0
2013-06-07,24.895694732666016,0.0
2013-06-10,25.51808738708496,0.0
2013-06-11,25.35211563110352,0.0
2013-06-13,24.978679656982425,0.0
2013-06-14,24.93718719482422,0.0
2013-06-17,24.81270980834961,0.0
2013-06-18,24.688230514526367,0.0
2013-06-19,24.52225875854492,0.0
2013-06-20,24.81270980834961,0.0
2013-06-21,24.563751220703125,0.0
2013-06-24,24.895694732666016,0.0
2013-06-25,24.065837860107425,0.0
2013-06-26,24.563751220703125,0.0
2013-06-27,24.895694732666016,0.0
2013-06-28,25.103158950805664,0.0
2013-07-01,24.43927383422852,0.0
2013-07-02,23.94136047363281,0.0
2013-07-03,23.23598289489746,0.0
2013-07-04,23.152996063232425,0.0
2013-07-05,23.36046028137207,0.0
2013-07-08,23.23598289489746,0.0
2013-07-09,23.070009231567383,0.0
2013-07-10,22.90403938293457,0.0
2013-07-11,23.070009231567383,0.0
2013-07-12,23.650909423828125,0.0
2013-07-15,23.69240379333496,0.0
2013-07-16,23.775388717651367,0.0
2013-07-17,23.94136047363281,0.0
2013-07-18,23.484939575195312,0.0
2013-07-19,22.90403938293457,0.0
2013-07-22,23.27747344970703,0.0
2013-07-23,23.60941696166992,0.0
2013-07-24,23.858373641967773,0.0
2013-07-25,23.775388717651367,0.0
2013-07-26,23.775388717651367,0.0
2013-07-29,23.81688117980957,0.0
2013-07-30,23.899866104125977,0.0
2013-07-31,23.733896255493164,0.0
2013-08-01,23.395729064941406,1.307024
2013-08-02,22.960054397583008,0.0
2013-08-05,23.00362205505371,0.0
2013-08-06,22.916486740112305,0.0
2013-08-07,22.3501091003418,0.0
2013-08-08,22.08870506286621,0.0
2013-08-09,21.435192108154297,0.0
2013-08-12,21.522327423095703,0.0
2013-08-13,21.827299118041992,0.0
2013-08-14,22.74221611022949,0.0
2013-08-15,22.3501091003418,0.0
2013-08-16,22.219406127929688,0.0
2013-08-19,21.827299118041992,0.0
2013-08-20,21.60946273803711,0.0
2013-08-22,21.69659805297852,0.0
2013-08-23,21.9580020904541,0.0
2013-08-26,22.219406127929688,0.0
2013-08-27,22.3501091003418,0.0
2013-08-28,22.8293514251709,0.0
2013-08-29,22.916486740112305,0.0
2013-08-30,23.395729064941406,0.0
2013-09-02,25.00772476196289,0.0
2013-09-03,26.576154708862305,0.0
2013-09-04,26.576154708862305,0.0
2013-09-05,26.40188407897949,0.0
2013-09-06,26.40188407897949,0.0
2013-09-09,26.619722366333008,0.0
2013-09-10,27.011829376220703,0.0
2013-09-11,26.66328811645508,0.0
2013-09-12,26.14047813415528,0.0
2013-09-13,26.096912384033203,0.0
2013-09-16,26.40188407897949,0.0
2013-09-17,26.31474876403809,0.0
2013-09-18,26.31474876403809,0.0
2013-09-23,26.0533447265625,0.0
2013-09-24,25.92264175415039,0.0
2013-09-25,26.14047813415528,0.0
2013-09-26,25.181995391845703,0.0
2013-09-27,25.486967086791992,0.0
2013-09-30,24.964157104492188,0.0
2013-10-01,25.138427734375,0.0
2013-10-02,24.964157104492188,0.0
2013-10-03,25.399831771850582,0.0
2013-10-04,25.0512924194336,0.0
2013-10-07,24.87702369689941,0.0
2013-10-08,25.181995391845703,0.0
2013-10-09,24.267078399658203,0.0
2013-10-11,23.00362205505371,0.0
2013-10-14,23.09075736999512,0.0
2013-10-15,23.48286437988281,0.0
2013-10-16,22.960054397583008,0.0
2013-10-17,24.049240112304688,0.0
2013-10-18,24.48491668701172,0.0
2013-10-21,24.005674362182617,0.0
2013-10-22,24.48491668701172,0.0
2013-10-23,24.48491668701172,0.0
2013-10-24,24.1799430847168,0.0
2013-10-25,23.96210670471192,0.0
2013-10-28,24.005674362182617,0.0
2013-10-29,24.005674362182617,0.0
2013-10-30,24.049240112304688,0.0
2013-10-31,24.049240112304688,0.0
2013-11-01,23.91853904724121,0.0
2013-11-04,24.049240112304688,0.0
2013-11-05,23.352161407470703,0.0
2013-11-06,23.09075736999512,0.0
2013-11-07,23.134323120117188,0.0
2013-11-08,23.09075736999512,0.0
2013-11-11,22.08870506286621,0.0
2013-11-12,22.08870506286621,0.0
2013-11-13,21.65303039550781,0.0
2013-11-14,22.001569747924805,0.0
2013-11-15,21.870868682861328,0.0
2013-11-18,21.78373336791992,0.0
2013-11-19,22.08870506286621,0.0
2013-11-20,21.827299118041992,0.0
2013-11-21,21.78373336791992,0.0
2013-11-22,21.9580020904541,0.0
2013-11-25,22.08870506286621,0.0
2013-11-26,22.74221611022949,0.0
2013-11-27,22.960054397583008,0.0
2013-11-28,22.785783767700195,0.0
2013-11-29,23.134323120117188,0.0
2013-12-02,23.177892684936523,0.0
2013-12-03,22.8729190826416,0.0
2013-12-04,22.698650360107425,0.0
2013-12-05,22.611515045166016,0.0
2013-12-06,22.8729190826416,0.0
2013-12-09,23.00362205505371,0.0
2013-12-10,22.74221611022949,0.0
2013-12-11,22.3936767578125,0.0
2013-12-12,21.74016571044922,0.0
2013-12-13,21.78373336791992,0.0
2013-12-16,21.522327423095703,0.0
2013-12-17,21.65303039550781,0.0
2013-12-18,21.78373336791992,0.0
2013-12-19,21.69659805297852,0.0
2013-12-20,21.348058700561523,0.0
2013-12-23,21.74016571044922,0.0
2013-12-24,21.78373336791992,0.0
2013-12-25,22.13227272033692,0.0
2013-12-26,21.9144344329834,0.0
2013-12-27,21.870868682861328,0.0
2013-12-30,21.9580020904541,0.0
2013-12-31,21.827299118041992,0.0
2014-01-02,21.69659805297852,0.0
2014-01-03,21.478759765625,0.0
2014-01-06,21.522327423095703,0.0
2014-01-07,21.565895080566406,0.0
2014-01-08,21.870868682861328,0.0
2014-01-09,22.001569747924805,0.0
2014-01-10,22.045137405395508,0.0
2014-01-13,22.045137405395508,0.0
2014-01-14,22.219406127929688,0.0
2014-01-15,22.65508270263672,0.0
2014-01-16,22.611515045166016,0.0
2014-01-17,22.219406127929688,0.0
2014-01-20,21.9144344329834,0.0
2014-01-21,21.9580020904541,0.0
2014-01-22,21.9144344329834,0.0
2014-01-23,21.827299118041992,0.0
2014-01-24,21.78373336791992,0.0
2014-01-27,21.870868682861328,0.0
2014-02-05,21.522327423095703,0.0
2014-02-06,21.60946273803711,0.0
2014-02-07,21.78373336791992,0.0
2014-02-10,21.69659805297852,0.0
2014-02-11,21.435192108154297,0.0
2014-02-12,21.522327423095703,0.0
2014-02-13,21.74016571044922,0.0
2014-02-14,21.69659805297852,0.0
2014-02-17,21.60946273803711,0.0
2014-02-18,21.870868682861328,0.0
2014-02-19,21.74016571044922,0.0
2014-02-20,21.65303039550781,0.0
2014-02-21,21.69659805297852,0.0
2014-02-24,21.60946273803711,0.0
2014-02-25,21.74016571044922,0.0
2014-02-26,22.045137405395508,0.0
2014-02-27,21.9580020904541,0.0
2014-03-03,21.69659805297852,0.0
2014-03-04,21.522327423095703,0.0
2014-03-05,21.9144344329834,0.0
2014-03-06,22.08870506286621,0.0
2014-03-07,21.69659805297852,0.0
2014-03-10,21.870868682861328,0.0
2014-03-11,21.65303039550781,0.0
2014-03-12,21.9144344329834,0.0
2014-03-13,21.9144344329834,0.0
2014-03-14,21.69659805297852,0.0
2014-03-17,21.870868682861328,0.0
2014-03-18,21.827299118041992,0.0
2014-03-19,21.74016571044922,0.0
2014-03-20,21.60946273803711,0.0
2014-03-21,21.78373336791992,0.0
2014-03-24,21.65303039550781,0.0
2014-03-25,21.522327423095703,0.0
2014-03-26,21.60946273803711,0.0
2014-03-27,21.565895080566406,0.0
2014-03-28,21.78373336791992,0.0
2014-03-31,21.827299118041992,0.0
2014-04-01,21.870868682861328,0.0
2014-04-02,22.175840377807617,0.0
2014-04-03,22.08870506286621,0.0
2014-04-07,22.65508270263672,0.0
2014-04-08,22.74221611022949,0.0
2014-04-09,22.785783767700195,0.0
2014-04-10,22.785783767700195,0.0
2014-04-11,22.3936767578125,0.0
2014-04-14,22.219406127929688,0.0
2014-04-15,22.306541442871094,0.0
2014-04-16,22.480812072753903,0.0
2014-04-17,22.567947387695312,0.0
2014-04-18,22.480812072753903,0.0
2014-04-21,22.567947387695312,0.0
2014-04-22,22.611515045166016,0.0
2014-04-23,22.567947387695312,0.0
2014-04-24,22.567947387695312,0.0
2014-04-25,21.9144344329834,0.0
2014-04-28,21.9144344329834,0.0
2014-04-29,22.045137405395508,0.0
2014-04-30,21.9580020904541,0.0
2014-05-02,21.9580020904541,0.0
2014-05-05,22.175840377807617,0.0
2014-05-06,22.045137405395508,0.0
2014-05-07,22.001569747924805,0.0
2014-05-08,22.08870506286621,0.0
2014-05-09,21.870868682861328,0.0
2014-05-12,21.78373336791992,0.0
2014-05-13,21.69659805297852,0.0
2014-05-14,21.9580020904541,0.0
2014-05-15,21.478759765625,0.0
2014-05-16,21.74016571044922,0.0
2014-05-19,21.78373336791992,0.0
2014-05-20,21.65303039550781,0.0
2014-05-21,21.69659805297852,0.0
2014-05-22,22.045137405395508,0.0
2014-05-23,22.175840377807617,0.0
2014-05-26,22.08870506286621,0.0
2014-05-27,22.08870506286621,0.0
2014-05-28,22.3936767578125,0.0
2014-05-29,22.306541442871094,0.0
2014-05-30,22.219406127929688,0.0
2014-06-03,23.2214584350586,0.0
2014-06-04,23.43929672241211,0.0
2014-06-05,23.61356544494629,0.0
2014-06-06,23.43929672241211,0.0
2014-06-09,23.70070075988769,0.0
2014-06-10,23.526430130004883,0.0
2014-06-11,23.395729064941406,0.0
2014-06-12,23.91853904724121,0.0
2014-06-13,24.310646057128903,0.0
2014-06-16,24.136375427246094,0.0
2014-06-17,24.049240112304688,0.0
2014-06-18,24.049240112304688,0.0
2014-06-19,24.267078399658203,0.0
2014-06-20,24.049240112304688,0.0
2014-06-23,23.352161407470703,0.0
2014-06-24,23.526430130004883,0.0
2014-06-25,23.526430130004883,0.0
2014-06-26,23.657133102416992,0.0
2014-06-27,23.56999969482422,0.0
2014-06-30,23.7442684173584,0.0
2014-07-01,24.1799430847168,0.0
2014-07-02,24.136375427246094,0.0
2014-07-03,24.52848243713379,0.0
2014-07-04,26.22761344909668,0.0
2014-07-07,26.0533447265625,0.0
2014-07-08,26.14047813415528,0.0
2014-07-09,25.486967086791992,0.0
2014-07-10,26.22761344909668,0.0
2014-07-11,26.22761344909668,0.0
2014-07-14,26.66328811645508,0.0
2014-07-15,26.22761344909668,0.0
2014-07-16,26.750423431396484,0.0
2014-07-17,26.22761344909668,0.0
2014-07-18,25.79194068908692,0.0
2014-07-21,26.0097770690918,0.0
2014-07-22,26.750423431396484,0.0
2014-07-23,26.750423431396484,0.0
2014-07-24,26.793991088867188,0.0
2014-07-25,26.5325870513916,0.0
2014-07-28,26.576154708862305,0.0
2014-07-29,25.06413078308105,1.539664
2014-07-30,26.08624839782715,0.0
2014-07-31,25.6862907409668,0.0
2014-08-01,25.28632926940918,0.0
2014-08-04,26.352888107299805,0.0
2014-08-05,26.21956825256348,0.0
2014-08-06,26.13068962097168,0.0
2014-08-07,25.95292854309082,0.0
2014-08-08,25.95292854309082,0.0
2014-08-11,27.46388816833496,0.0
2014-08-12,27.81940650939941,0.0
2014-08-13,27.952726364135746,0.0
2014-08-14,28.08604621887207,0.0
2014-08-15,28.66376686096192,0.0
2014-08-18,29.59700584411621,0.0
2014-08-19,29.330366134643555,0.0
2014-08-20,28.79708671569824,0.0
2014-08-21,29.59700584411621,0.0
2014-08-22,29.15260505676269,0.0
2014-08-25,29.285926818847656,0.0
2014-08-26,30.085845947265625,0.0
2014-08-27,30.66356468200684,0.0
2014-08-28,31.10796356201172,0.0
2014-08-29,31.10796356201172,0.0
2014-09-01,31.10796356201172,0.0
2014-09-02,30.21916580200196,0.0
2014-09-03,30.841323852539062,0.0
2014-09-04,30.75244331359864,0.0
2014-09-05,29.863645553588867,0.0
2014-09-09,30.041404724121094,0.0
2014-09-10,29.863645553588867,0.0
2014-09-11,30.085845947265625,0.0
2014-09-12,29.330366134643555,0.0
2014-09-15,30.21916580200196,0.0
2014-09-16,29.41924476623535,0.0
2014-09-17,28.70820617675781,0.0
2014-09-18,29.019285202026367,0.0
2014-09-19,28.35268783569336,0.0
2014-09-22,27.152807235717773,0.0
2014-09-23,27.81940650939941,0.0
2014-09-24,28.619325637817383,0.0
2014-09-25,28.26380729675293,0.0
2014-09-26,28.04160690307617,0.0
2014-09-29,26.93060874938965,0.0
2014-09-30,27.59720802307129,0.0
2014-10-01,27.99716758728028,0.0
2014-10-02,28.26380729675293,0.0
2014-10-03,28.53044509887696,0.0
2014-10-06,28.75264549255371,0.0
2014-10-07,27.59720802307129,0.0
2014-10-08,28.08604621887207,0.0
2014-10-09,28.08604621887207,0.0
2014-10-13,27.37500762939453,0.0
2014-10-14,28.308246612548828,0.0
2014-10-15,27.419448852539062,0.0
2014-10-16,27.46388816833496,0.0
2014-10-17,26.48620986938477,0.0
2014-10-20,26.93060874938965,0.0
2014-10-21,27.019487380981445,0.0
2014-10-22,27.063928604125977,0.0
2014-10-23,27.46388816833496,0.0
2014-10-24,26.752849578857425,0.0
2014-10-27,27.108367919921875,0.0
2014-10-28,27.730527877807617,0.0
2014-10-29,28.93040657043457,0.0
2014-10-30,28.53044509887696,0.0
2014-10-31,28.35268783569336,0.0
2014-11-03,28.1304874420166,0.0
2014-11-04,27.419448852539062,0.0
2014-11-05,26.88616752624512,0.0
2014-11-06,25.6862907409668,0.0
2014-11-07,25.7751693725586,0.0
2014-11-10,25.73073005676269,0.0
2014-11-11,25.90848922729492,0.0
2014-11-12,25.10857009887696,0.0
2014-11-13,25.419649124145508,0.0
2014-11-14,26.308448791503903,0.0
2014-11-17,25.37520980834961,0.0
2014-11-18,24.441970825195312,0.0
2014-11-19,24.441970825195312,0.0
2014-11-20,24.308650970458984,0.0
2014-11-21,24.61973190307617,0.0
2014-11-24,24.308650970458984,0.0
2014-11-25,23.95313262939453,0.0
2014-11-26,24.61973190307617,0.0
2014-11-27,24.975250244140625,0.0
2014-11-28,25.15300941467285,0.0
2014-12-01,25.15300941467285,0.0
2014-12-02,24.66417121887207,0.0
2014-12-03,24.70861053466797,0.0
2014-12-04,25.55297088623047,0.0
2014-12-05,25.197450637817383,0.0
2014-12-08,24.530851364135746,0.0
2014-12-09,24.61973190307617,0.0
2014-12-10,24.886371612548828,0.0
2014-12-11,24.353090286254883,0.0
2014-12-12,24.530851364135746,0.0
2014-12-15,24.66417121887207,0.0
2014-12-16,25.10857009887696,0.0
2014-12-17,24.441970825195312,0.0
2014-12-18,24.57529067993164,0.0
2014-12-19,24.841930389404297,0.0
2014-12-22,25.6862907409668,0.0
2014-12-23,25.508529663085938,0.0
2014-12-24,25.73073005676269,0.0
2014-12-25,25.864049911499023,0.0
2014-12-26,25.73073005676269,0.0
2014-12-29,25.7751693725586,0.0
2014-12-30,25.597410202026367,0.0
2014-12-31,25.508529663085938,0.0
2015-01-05,25.55297088623047,0.0
2015-01-06,24.975250244140625,0.0
2015-01-07,25.15300941467285,0.0
2015-01-08,25.73073005676269,0.0
2015-01-09,25.864049911499023,0.0
2015-01-12,25.597410202026367,0.0
2015-01-13,27.241687774658203,0.0
2015-01-14,27.2861270904541,0.0
2015-01-15,26.57508850097656,0.0
2015-01-16,26.70840835571289,0.0
2015-01-19,26.308448791503903,0.0
2015-01-20,26.441768646240234,0.0
2015-01-21,26.21956825256348,0.0
2015-01-22,26.663969039916992,0.0
2015-01-23,26.308448791503903,0.0
2015-01-26,26.04180908203125,0.0
2015-01-27,26.308448791503903,0.0
2015-01-28,26.21956825256348,0.0
2015-01-29,25.90848922729492,0.0
2015-01-30,25.7751693725586,0.0
2015-02-02,25.37520980834961,0.0
2015-02-03,25.33077049255371,0.0
2015-02-04,25.508529663085938,0.0
2015-02-05,26.08624839782715,0.0
2015-02-06,25.819610595703125,0.0
2015-02-09,25.508529663085938,0.0
2015-02-10,25.33077049255371,0.0
2015-02-11,25.33077049255371,0.0
2015-02-12,25.99736976623535,0.0
2015-02-13,25.7751693725586,0.0
2015-02-24,25.819610595703125,0.0
2015-02-25,25.95292854309082,0.0
2015-02-26,26.352888107299805,0.0
2015-03-02,26.48620986938477,0.0
2015-03-03,26.04180908203125,0.0
2015-03-04,26.17512893676757,0.0
2015-03-05,25.7751693725586,0.0
2015-03-06,25.597410202026367,0.0
2015-03-09,25.641849517822266,0.0
2015-03-10,25.819610595703125,0.0
2015-03-11,25.37520980834961,0.0
2015-03-12,25.37520980834961,0.0
2015-03-13,24.886371612548828,0.0
2015-03-16,24.441970825195312,0.0
2015-03-17,24.175331115722656,0.0
2015-03-18,24.175331115722656,0.0
2015-03-19,24.7974910736084,0.0
2015-03-20,24.441970825195312,0.0
2015-03-23,24.61973190307617,0.0
2015-03-24,24.70861053466797,0.0
2015-03-25,24.26421165466309,0.0
2015-03-26,24.308650970458984,0.0
2015-03-27,24.26421165466309,0.0
2015-03-30,24.042011260986328,0.0
2015-03-31,23.642051696777344,0.0
2015-04-01,23.730932235717773,0.0
2015-04-02,23.775371551513672,0.0
2015-04-07,23.95313262939453,0.0
2015-04-08,23.597612380981445,0.0
2015-04-09,23.819812774658203,0.0
2015-04-10,24.042011260986328,0.0
2015-04-13,23.775371551513672,0.0
2015-04-14,23.90869140625,0.0
2015-04-15,23.597612380981445,0.0
2015-04-16,24.08645248413086,0.0
2015-04-17,23.730932235717773,0.0
2015-04-20,23.28653335571289,0.0
2015-04-21,23.064332962036133,0.0
2015-04-22,23.28653335571289,0.0
2015-04-23,23.8642520904541,0.0
2015-04-24,24.219770431518555,0.0
2015-04-27,24.39753150939941,0.0
2015-04-28,24.042011260986328,0.0
2015-04-29,23.55317115783692,0.0
2015-04-30,23.24209213256836,0.0
2015-05-04,23.10877227783203,0.0
2015-05-05,22.708812713623047,0.0
2015-05-06,22.3532943725586,0.0
2015-05-07,22.708812713623047,0.0
2015-05-08,22.39773368835449,0.0
2015-05-11,21.997774124145508,0.0
2015-05-12,21.331174850463867,0.0
2015-05-13,22.219974517822266,0.0
2015-05-14,21.86445426940918,0.0
2015-05-15,22.886573791503903,0.0
2015-05-18,22.57549285888672,0.0
2015-05-19,22.75325393676757,0.0
2015-05-20,22.264413833618164,0.0
2015-05-21,21.90889358520508,0.0
2015-05-22,21.90889358520508,0.0
2015-05-25,22.57549285888672,0.0
2015-05-26,22.48661231994629,0.0
2015-05-27,22.3532943725586,0.0
2015-05-28,22.79769325256348,0.0
2015-05-29,22.39773368835449,0.0
2015-06-01,22.13109397888184,0.0
2015-06-02,22.13109397888184,0.0
2015-06-03,21.86445426940918,0.0
2015-06-04,21.37561416625977,0.0
2015-06-05,21.508935928344727,0.0
2015-06-08,21.331174850463867,0.0
2015-06-09,20.5312557220459,0.0
2015-06-10,20.620136260986328,0.0
2015-06-11,20.17573547363281,0.0
2015-06-12,20.042415618896484,0.0
2015-06-15,19.997976303100582,0.0
2015-06-16,19.46469688415528,0.0
2015-06-17,19.5980167388916,0.0
2015-06-18,19.95353507995605,0.0
2015-06-22,19.997976303100582,0.0
2015-06-23,20.042415618896484,0.0
2015-06-24,20.17573547363281,0.0
2015-06-25,20.220176696777344,0.0
2015-06-26,20.353496551513672,0.0
2015-06-29,20.353496551513672,0.0
2015-06-30,20.797895431518555,0.0
2015-07-01,21.24229431152344,0.0
2015-07-02,21.331174850463867,0.0
2015-07-03,21.37561416625977,0.0
2015-07-06,21.420055389404297,0.0
2015-07-07,21.420055389404297,0.0
2015-07-08,20.30905532836914,0.0
2015-07-09,20.5312557220459,0.0
2015-07-10,20.5312557220459,0.0
2015-07-13,20.26461601257324,0.0
2015-07-14,20.26461601257324,0.0
2015-07-15,19.95353507995605,0.0
2015-07-16,20.042415618896484,0.0
2015-07-17,19.997976303100582,0.0
2015-07-20,19.997976303100582,0.0
2015-07-21,20.086856842041016,0.0
2015-07-22,19.82021713256836,0.0
2015-07-23,19.73133659362793,0.0
2015-07-24,19.50913619995117,0.0
2015-07-27,17.820419311523438,0.0
2015-07-28,17.953739166259766,0.0
2015-07-29,17.775978088378906,0.0
2015-07-30,18.26481819152832,0.0
2015-07-31,18.35369873046875,0.0
2015-08-03,18.35369873046875,0.0
2015-08-04,18.17593765258789,0.0
2015-08-05,17.953739166259766,0.0
2015-08-06,16.398670196533203,1.093131
2015-08-07,15.390931129455566,0.0
2015-08-10,14.932868003845217,0.0
2015-08-11,14.749642372131348,0.0
2015-08-12,14.88706111907959,0.0
2015-08-13,14.428997993469238,0.0
2015-08-14,13.100613594055176,0.0
2015-08-17,12.734163284301758,0.0
2015-08-18,12.779969215393066,0.0
2015-08-19,12.092873573303224,0.0
2015-08-20,12.55093765258789,0.0
2015-08-21,12.184487342834473,0.0
2015-08-24,11.451584815979004,0.0
2015-08-25,12.5967435836792,0.0
2015-08-26,12.55093765258789,0.0
2015-08-27,13.78770923614502,0.0
2015-08-28,14.337385177612305,0.0
2015-08-31,14.749642372131348,0.0
2015-09-01,14.658028602600098,0.0
2015-09-02,15.024479866027832,0.0
2015-09-03,15.207706451416016,0.0
2015-09-04,14.932868003845217,0.0
2015-09-07,14.932868003845217,0.0
2015-09-08,14.658028602600098,0.0
2015-09-09,14.70383644104004,0.0
2015-09-10,15.528349876403809,0.0
2015-09-11,16.58189582824707,0.0
2015-09-14,16.627702713012695,0.0
2015-09-15,16.444477081298828,0.0
2015-09-16,16.444477081298828,0.0
2015-09-17,16.49028205871582,0.0
2015-09-18,16.765121459960938,0.0
2015-09-21,16.398670196533203,0.0
2015-09-22,16.90254020690918,0.0
2015-09-23,16.444477081298828,0.0
2015-09-24,15.390931129455566,0.0
2015-09-25,15.66576862335205,0.0
2015-09-29,15.66576862335205,0.0
2015-09-30,15.71157455444336,0.0
2015-10-01,15.98641300201416,0.0
2015-10-02,15.894801139831545,0.0
2015-10-05,15.894801139831545,0.0
2015-10-06,16.26125144958496,0.0
2015-10-07,16.307058334350586,0.0
2015-10-08,16.12383270263672,0.0
2015-10-12,16.49028205871582,0.0
2015-10-13,16.398670196533203,0.0
2015-10-14,16.352863311767578,0.0
2015-10-15,16.215444564819336,0.0
2015-10-16,16.215444564819336,0.0
2015-10-19,16.0322208404541,0.0
2015-10-20,16.0322208404541,0.0
2015-10-21,16.0322208404541,0.0
2015-10-22,16.26125144958496,0.0
2015-10-23,15.98641300201416,0.0
2015-10-26,16.215444564819336,0.0
2015-10-27,16.352863311767578,0.0
2015-10-28,16.215444564819336,0.0
2015-10-29,15.894801139831545,0.0
2015-10-30,15.024479866027832,0.0
2015-11-02,15.024479866027832,0.0
2015-11-03,15.207706451416016,0.0
2015-11-04,15.436737060546877,0.0
2015-11-05,15.940607070922852,0.0
2015-11-06,15.4825439453125,0.0
2015-11-09,15.299318313598633,0.0
2015-11-10,14.749642372131348,0.0
2015-11-11,14.245772361755373,0.0
2015-11-12,14.245772361755373,0.0
2015-11-13,14.062546730041504,0.0
2015-11-16,14.199966430664062,0.0
2015-11-17,14.612222671508787,0.0
2015-11-18,14.291579246520996,0.0
2015-11-19,14.612222671508787,0.0
2015-11-20,14.612222671508787,0.0
2015-11-23,14.978673934936523,0.0
2015-11-24,15.299318313598633,0.0
2015-11-25,15.024479866027832,0.0
2015-11-26,15.4825439453125,0.0
2015-11-27,15.528349876403809,0.0
2015-11-30,15.619962692260742,0.0
2015-12-01,15.4825439453125,0.0
2015-12-02,15.528349876403809,0.0
2015-12-03,15.528349876403809,0.0
2015-12-04,15.574155807495115,0.0
2015-12-07,15.940607070922852,0.0
2015-12-08,16.810928344726562,0.0
2015-12-09,17.177377700805664,0.0
2015-12-10,17.314796447753906,0.0
2015-12-11,17.498022079467773,0.0
2015-12-14,17.314796447753906,0.0
2015-12-15,17.406410217285156,0.0
2015-12-16,17.085765838623047,0.0
2015-12-17,17.5438289642334,0.0
2015-12-18,18.87221336364746,0.0
2015-12-21,18.6889877319336,0.0
2015-12-22,18.00189208984375,0.0
2015-12-23,18.093505859375,0.0
2015-12-24,17.589635848999023,0.0
2015-12-25,17.77286148071289,0.0
2015-12-28,18.139312744140625,0.0
2015-12-29,18.04769897460937,0.0
2015-12-30,17.45221519470215,0.0
2015-12-31,17.039958953857422,0.0
2016-01-04,16.627702713012695,0.0
2016-01-05,16.765121459960938,0.0
2016-01-06,15.98641300201416,0.0
2016-01-07,15.98641300201416,0.0
2016-01-08,16.58189582824707,0.0
2016-01-11,15.7573823928833,0.0
2016-01-12,15.619962692260742,0.0
2016-01-13,14.978673934936523,0.0
2016-01-14,15.253512382507324,0.0
2016-01-15,14.932868003845217,0.0
2016-01-18,15.116092681884766,0.0
2016-01-19,15.345125198364258,0.0
2016-01-20,15.98641300201416,0.0
2016-01-21,15.299318313598633,0.0
2016-01-22,15.80318832397461,0.0
2016-01-25,15.80318832397461,0.0
2016-01-26,16.215444564819336,0.0
2016-01-27,16.12383270263672,0.0
2016-01-28,16.307058334350586,0.0
2016-01-29,17.177377700805664,0.0
2016-02-01,17.131572723388672,0.0
2016-02-02,16.994152069091797,0.0
2016-02-03,16.67350959777832,0.0
2016-02-15,16.536090850830078,0.0
2016-02-16,16.765121459960938,0.0
2016-02-17,17.68124771118164,0.0
2016-02-18,17.5438289642334,0.0
2016-02-19,17.5438289642334,0.0
2016-02-22,17.498022079467773,0.0
2016-02-23,17.406410217285156,0.0
2016-02-24,17.864473342895508,0.0
2016-02-25,17.956085205078125,0.0
2016-02-26,18.139312744140625,0.0
2016-03-01,18.093505859375,0.0
2016-03-02,18.276731491088867,0.0
2016-03-03,18.368343353271484,0.0
2016-03-04,18.368343353271484,0.0
2016-03-07,19.238664627075195,0.0
2016-03-08,18.78059959411621,0.0
2016-03-09,19.10124588012696,0.0
2016-03-10,19.284469604492188,0.0
2016-03-11,19.238664627075195,0.0
2016-03-14,19.87995338439941,0.0
2016-03-15,19.37608337402344,0.0
2016-03-16,19.559307098388672,0.0
2016-03-17,19.238664627075195,0.0
2016-03-18,19.788339614868164,0.0
2016-03-21,21.0709171295166,0.0
2016-03-22,20.29220962524414,0.0
2016-03-23,19.65092086791992,0.0
2016-03-24,18.918018341064453,0.0
2016-03-25,18.597375869750977,0.0
2016-03-28,17.727054595947266,0.0
2016-03-29,17.406410217285156,0.0
2016-03-30,18.78059959411621,0.0
2016-03-31,18.23092460632324,0.0
2016-04-01,18.04769897460937,0.0
2016-04-06,17.818666458129883,0.0
2016-04-07,17.818666458129883,0.0
2016-04-08,17.63544273376465,0.0
2016-04-11,17.864473342895508,0.0
2016-04-12,17.45221519470215,0.0
2016-04-13,17.68124771118164,0.0
2016-04-14,17.406410217285156,0.0
2016-04-15,17.77286148071289,0.0
2016-04-18,17.727054595947266,0.0
2016-04-19,17.77286148071289,0.0
2016-04-20,17.268991470336914,0.0
2016-04-21,17.131572723388672,0.0
2016-04-22,16.994152069091797,0.0
2016-04-25,17.36060333251953,0.0
2016-04-26,17.589635848999023,0.0
2016-04-27,17.131572723388672,0.0
2016-04-28,17.68124771118164,0.0
2016-04-29,17.498022079467773,0.0
2016-05-03,17.131572723388672,0.0
2016-05-04,16.765121459960938,0.0
2016-05-05,16.398670196533203,0.0
2016-05-06,16.444477081298828,0.0
2016-05-09,16.719314575195312,0.0
2016-05-10,16.90254020690918,0.0
2016-05-11,15.98641300201416,0.0
2016-05-12,15.71157455444336,0.0
2016-05-13,15.619962692260742,0.0
2016-05-16,16.67350959777832,0.0
2016-05-17,17.314796447753906,0.0
2016-05-18,16.856733322143555,0.0
2016-05-19,16.810928344726562,0.0
2016-05-20,17.5438289642334,0.0
2016-05-23,18.4599552154541,0.0
2016-05-24,18.276731491088867,0.0
2016-05-25,18.41415023803711,0.0
2016-05-26,18.87221336364746,0.0
2016-05-27,18.73479461669922,0.0
2016-05-30,18.87221336364746,0.0
2016-05-31,19.19285774230957,0.0
2016-06-01,19.05543708801269,0.0
2016-06-02,18.6889877319336,0.0
2016-06-03,19.147050857543945,0.0
2016-06-06,19.10124588012696,0.0
2016-06-07,19.51350212097168,0.0
2016-06-08,19.51350212097168,0.0
2016-06-13,19.147050857543945,0.0
2016-06-14,19.87995338439941,0.0
2016-06-15,19.83414649963379,0.0
2016-06-16,19.74253463745117,0.0
2016-06-17,19.87995338439941,0.0
2016-06-20,19.60511589050293,0.0
2016-06-21,20.10898399353028,0.0
2016-06-22,20.200597763061523,0.0
2016-06-23,20.200597763061523,0.0
2016-06-24,19.696727752685547,0.0
2016-06-27,19.97156524658203,0.0
2016-06-28,19.87995338439941,0.0
2016-06-29,20.24640274047852,0.0
2016-06-30,20.521240234375,0.0
2016-07-01,20.521240234375,0.0
2016-07-04,20.79607963562012,0.0
2016-07-05,20.79607963562012,0.0
2016-07-06,20.79607963562012,0.0
2016-07-07,21.25414276123047,0.0
2016-07-08,21.25414276123047,0.0
2016-07-11,21.80381965637207,0.0
2016-07-12,21.666400909423828,0.0
2016-07-13,22.399301528930664,0.0
2016-07-14,22.90317153930664,0.0
2016-07-15,22.719945907592773,0.0
2016-07-18,21.758012771606445,0.0
2016-07-19,22.811559677124023,0.0
2016-07-20,22.811559677124023,0.0
2016-07-21,22.811559677124023,0.0
2016-07-22,22.90317153930664,0.0
2016-07-25,22.811559677124023,0.0
2016-07-26,22.857364654541016,0.0
2016-07-27,22.90317153930664,0.0
2016-07-28,22.857364654541016,0.0
2016-07-29,23.22381591796875,0.0
2016-08-01,22.35349464416504,0.0
2016-08-02,21.80381965637207,0.0
2016-08-03,21.34575653076172,0.0
2016-08-04,21.20833778381348,0.0
2016-08-05,21.16253089904785,0.0
2016-08-08,21.80381965637207,0.0
2016-08-09,21.04073905944824,1.064338
2016-08-10,20.757680892944336,0.0
2016-08-11,20.333091735839844,0.0
2016-08-12,20.89921188354492,0.0
2016-08-15,19.95568084716797,0.0
2016-08-16,20.616151809692383,0.0
2016-08-17,21.559682846069336,0.0
2016-08-18,21.2766227722168,0.0
2016-08-19,21.2766227722168,0.0
2016-08-22,20.89921188354492,0.0
2016-08-23,21.22944641113281,0.0
2016-08-24,20.89921188354492,0.0
2016-08-25,21.04073905944824,0.0
2016-08-26,21.22944641113281,0.0
2016-08-29,21.135093688964844,0.0
2016-08-30,21.04073905944824,0.0
2016-08-31,21.60685920715332,0.0
2016-09-01,21.2766227722168,0.0
2016-09-02,21.08791732788086,0.0
2016-09-05,21.46532821655273,0.0
2016-09-06,22.0786247253418,0.0
2016-09-07,21.984270095825195,0.0
2016-09-08,21.70121192932129,0.0
2016-09-09,21.654035568237305,0.0
2016-09-12,20.616151809692383,0.0
2016-09-13,20.28591537475586,0.0
2016-09-14,20.333091735839844,0.0
2016-09-19,21.135093688964844,0.0
2016-09-20,21.08791732788086,0.0
2016-09-21,21.2766227722168,0.0
2016-09-22,21.46532821655273,0.0
2016-09-23,22.0786247253418,0.0
2016-09-26,21.842742919921875,0.0
2016-09-27,21.842742919921875,0.0
2016-09-28,21.842742919921875,0.0
2016-09-29,22.55039024353028,0.0
2016-09-30,22.12580108642578,0.0
2016-10-03,21.70121192932129,0.0
2016-10-04,22.22015380859375,0.0
2016-10-05,22.361684799194336,0.0
2016-10-06,22.50321388244629,0.0
2016-10-07,22.64474296569824,0.0
2016-10-11,22.456037521362305,0.0
2016-10-12,22.55039024353028,0.0
2016-10-13,22.361684799194336,0.0
2016-10-14,22.361684799194336,0.0
2016-10-17,22.456037521362305,0.0
2016-10-18,22.17297744750977,0.0
2016-10-19,22.17297744750977,0.0
2016-10-20,22.0786247253418,0.0
2016-10-21,21.889917373657227,0.0
2016-10-24,22.17297744750977,0.0
2016-10-25,22.22015380859375,0.0
2016-10-26,21.937095642089844,0.0
2016-10-27,21.74838829040528,0.0
2016-10-28,22.17297744750977,0.0
2016-10-31,22.456037521362305,0.0
2016-11-01,22.64474296569824,0.0
2016-11-02,21.984270095825195,0.0
2016-11-03,21.46532821655273,0.0
2016-11-04,21.60685920715332,0.0
2016-11-07,21.70121192932129,0.0
2016-11-08,22.0786247253418,0.0
2016-11-09,21.2766227722168,0.0
2016-11-10,22.50321388244629,0.0
2016-11-11,21.559682846069336,0.0
2016-11-14,20.5689754486084,0.0
2016-11-15,21.70121192932129,0.0
2016-11-16,21.937095642089844,0.0
2016-11-17,21.889917373657227,0.0
2016-11-18,21.984270095825195,0.0
2016-11-21,21.937095642089844,0.0
2016-11-22,22.12580108642578,0.0
2016-11-23,21.889917373657227,0.0
2016-11-24,21.70121192932129,0.0
2016-11-25,21.60685920715332,0.0
2016-11-28,21.46532821655273,0.0
2016-11-29,21.46532821655273,0.0
2016-11-30,21.51250648498535,0.0
2016-12-01,21.74838829040528,0.0
2016-12-02,21.559682846069336,0.0
2016-12-05,21.37097549438477,0.0
2016-12-06,21.654035568237305,0.0
2016-12-07,21.60685920715332,0.0
2016-12-08,21.70121192932129,0.0
2016-12-09,22.12580108642578,0.0
2016-12-12,22.22015380859375,0.0
2016-12-13,22.12580108642578,0.0
2016-12-14,22.12580108642578,0.0
2016-12-15,22.26733016967773,0.0
2016-12-16,22.03144836425781,0.0
2016-12-19,22.12580108642578,0.0
2016-12-20,22.03144836425781,0.0
2016-12-21,22.03144836425781,0.0
2016-12-22,21.74838829040528,0.0
2016-12-23,21.842742919921875,0.0
2016-12-26,21.70121192932129,0.0
2016-12-27,21.70121192932129,0.0
2016-12-28,22.22015380859375,0.0
2016-12-29,23.54109764099121,0.0
2016-12-30,23.54109764099121,0.0
2017-01-03,23.588274002075195,0.0
2017-01-04,23.35239028930664,0.0
2017-01-05,23.06933212280273,0.0
2017-01-06,23.682626724243164,0.0
2017-01-09,23.588274002075195,0.0
2017-01-10,23.44674491882324,0.0
2017-01-11,25.192277908325195,0.0
2017-01-12,25.239452362060547,0.0
2017-01-13,25.192277908325195,0.0
2017-01-16,25.192277908325195,0.0
2017-01-17,25.61686515808105,0.0
2017-01-18,25.4753360748291,0.0
2017-01-19,24.81486320495605,0.0
2017-01-20,24.95639419555664,0.0
2017-01-23,25.14509963989257,0.0
2017-01-24,25.14509963989257,0.0
2017-02-02,24.81486320495605,0.0
2017-02-03,25.380983352661133,0.0
2017-02-06,25.56968879699707,0.0
2017-02-07,25.33380508422852,0.0
2017-02-08,25.286630630493164,0.0
2017-02-09,25.192277908325195,0.0
2017-02-10,25.239452362060547,0.0
2017-02-13,25.42815971374512,0.0
2017-02-14,25.380983352661133,0.0
2017-02-15,25.286630630493164,0.0
2017-02-16,24.909217834472656,0.0
2017-02-17,24.43745231628418,0.0
2017-02-20,24.39027404785156,0.0
2017-02-21,24.107215881347656,0.0
2017-02-22,24.484628677368164,0.0
2017-02-23,24.484628677368164,0.0
2017-02-24,24.2959213256836,0.0
2017-03-01,24.34309959411621,0.0
2017-03-02,24.578981399536133,0.0
2017-03-03,25.003570556640625,0.0
2017-03-06,24.72051048278809,0.0
2017-03-07,24.62615776062012,0.0
2017-03-08,24.767688751220703,0.0
2017-03-09,24.53180503845215,0.0
2017-03-10,24.767688751220703,0.0
2017-03-13,24.81486320495605,0.0
2017-03-14,24.767688751220703,0.0
2017-03-15,24.81486320495605,0.0
2017-03-16,24.767688751220703,0.0
2017-03-17,24.72051048278809,0.0
2017-03-20,25.0979232788086,0.0
2017-03-21,26.41886711120605,0.0
2017-03-22,26.607572555541992,0.0
2017-03-23,26.27733612060547,0.0
2017-03-24,26.32451438903809,0.0
2017-03-27,26.32451438903809,0.0
2017-03-28,26.27733612060547,0.0
2017-03-29,25.85274887084961,0.0
2017-03-30,26.041454315185547,0.0
2017-03-31,26.23016166687012,0.0
2017-04-05,26.89063262939453,0.0
2017-04-06,26.79627990722656,0.0
2017-04-07,27.032161712646484,0.0
2017-04-10,27.126514434814453,0.0
2017-04-11,26.9849853515625,0.0
2017-04-12,26.79627990722656,0.0
2017-04-13,26.70192527770996,0.0
2017-04-14,26.13580894470215,0.0
2017-04-17,25.8999252319336,0.0
2017-04-18,25.42815971374512,0.0
2017-04-19,25.66404151916504,0.0
2017-04-20,25.4753360748291,0.0
2017-04-21,25.52251243591309,0.0
2017-04-24,26.08863067626953,0.0
2017-04-25,26.65475082397461,0.0
2017-04-26,26.65475082397461,0.0
2017-04-27,26.607572555541992,0.0
2017-04-28,26.89063262939453,0.0
2017-05-02,27.17369270324707,0.0
2017-05-03,27.17369270324707,0.0
2017-05-04,26.79627990722656,0.0
2017-05-05,26.65475082397461,0.0
2017-05-08,25.758394241333008,0.0
2017-05-09,25.286630630493164,0.0
2017-05-10,26.041454315185547,0.0
2017-05-11,26.041454315185547,0.0
2017-05-12,26.1829833984375,0.0
2017-05-15,26.23016166687012,0.0
2017-05-16,26.32451438903809,0.0
2017-05-17,25.94710159301757,0.0
2017-05-18,25.758394241333008,0.0
2017-05-19,25.758394241333008,0.0
2017-05-22,25.758394241333008,0.0
2017-05-23,25.33380508422852,0.0
2017-05-24,26.08863067626953,0.0
2017-05-25,26.23016166687012,0.0
2017-05-26,26.1829833984375,0.0
2017-05-31,26.23016166687012,0.0
2017-06-01,26.79627990722656,0.0
2017-06-02,27.17369270324707,0.0
2017-06-05,27.07933807373047,0.0
2017-06-06,27.07933807373047,0.0
2017-06-07,26.89063262939453,0.0
2017-06-08,26.9849853515625,0.0
2017-06-09,28.070045471191406,0.0
2017-06-12,28.636165618896484,0.0
2017-06-13,28.44745826721192,0.0
2017-06-14,28.30592918395996,0.0
2017-06-15,29.24946022033692,0.0
2017-06-16,29.24946022033692,0.0
2017-06-19,29.48534393310547,0.0
2017-06-20,29.01357650756836,0.0
2017-06-21,29.24946022033692,0.0
2017-06-22,29.155107498168945,0.0
2017-06-23,29.909931182861328,0.0
2017-06-26,30.145814895629883,0.0
2017-06-27,30.0986385345459,0.0
2017-06-28,29.343812942504883,0.0
2017-06-29,28.96640014648437,0.0
2017-06-30,29.20228385925293,0.0
2017-07-03,29.343812942504883,0.0
2017-07-04,28.636165618896484,0.0
2017-07-05,28.636165618896484,0.0
2017-07-06,28.68334007263184,0.0
2017-07-07,28.68334007263184,0.0
2017-07-10,28.44745826721192,0.0
2017-07-11,29.060754776000977,0.0
2017-07-12,29.20228385925293,0.0
2017-07-13,29.060754776000977,0.0
2017-07-14,28.68334007263184,0.0
2017-07-17,28.77769470214844,0.0
2017-07-18,28.730518341064453,0.0
2017-07-19,28.636165618896484,0.0
2017-07-20,28.4946346282959,0.0
2017-07-21,28.54181289672852,0.0
2017-07-24,28.636165618896484,0.0
2017-07-25,28.91922378540039,0.0
2017-07-26,28.54181289672852,0.0
2017-07-27,28.96640014648437,0.0
2017-07-28,28.77769470214844,0.0
2017-07-31,28.77769470214844,0.0
2017-08-01,28.636165618896484,0.0
2017-08-02,27.73538398742676,1.117458
2017-08-03,27.881103515625,0.0
2017-08-04,28.4639835357666,0.0
2017-08-07,28.17254447937012,0.0
2017-08-08,27.589662551879883,0.0
2017-08-09,28.026824951171875,0.0
2017-08-10,27.54109001159668,0.0
2017-08-11,26.86106300354004,0.0
2017-08-14,25.84102249145508,0.0
2017-08-15,26.229610443115234,0.0
2017-08-16,26.03531646728516,0.0
2017-08-17,26.229610443115234,0.0
2017-08-18,25.5981559753418,0.0
2017-08-21,25.98674392700196,0.0
2017-08-22,26.132463455200195,0.0
2017-08-23,25.93816947937012,0.0
2017-08-24,26.132463455200195,0.0
2017-08-25,26.03531646728516,0.0
2017-08-28,26.083890914916992,0.0
2017-08-29,25.93816947937012,0.0
2017-08-30,26.229610443115234,0.0
2017-08-31,27.68680953979492,0.0
2017-09-01,27.39537048339844,0.0
2017-09-04,26.7153434753418,0.0
2017-09-05,26.6667709350586,0.0
2017-09-06,26.27818298339844,0.0
2017-09-07,25.88959693908692,0.0
2017-09-08,25.792449951171875,0.0
2017-09-11,26.132463455200195,0.0
2017-09-12,26.03531646728516,0.0
2017-09-13,25.16099548339844,0.0
2017-09-14,25.25814247131348,0.0
2017-09-15,24.91812896728516,0.0
2017-09-18,25.35528945922852,0.0
2017-09-19,24.04380989074707,0.0
2017-09-20,24.82098197937012,0.0
2017-09-21,24.23810195922852,0.0
2017-09-22,23.80094146728516,0.0
2017-09-25,23.3152084350586,0.0
2017-09-26,23.36378288269043,0.0
2017-09-27,23.80094146728516,0.0
2017-09-28,23.509502410888672,0.0
2017-09-29,23.558074951171875,0.0
2017-10-02,24.23810195922852,0.0
2017-10-03,24.09238243103028,0.0
2017-10-05,24.4323959350586,0.0
2017-10-06,24.28667640686035,0.0
2017-10-11,23.60664939880371,0.0
2017-10-12,24.14095497131348,0.0
2017-10-13,24.4809684753418,0.0
2017-10-16,25.5981559753418,0.0
2017-10-17,24.77240943908692,0.0
2017-10-18,24.189529418945312,0.0
2017-10-19,23.898088455200195,0.0
2017-10-20,23.995235443115234,0.0
2017-10-23,24.626689910888672,0.0
2017-10-24,25.16099548339844,0.0
2017-10-25,24.82098197937012,0.0
2017-10-26,24.86955642700196,0.0
2017-10-27,24.626689910888672,0.0
2017-10-30,24.28667640686035,0.0
2017-10-31,24.4323959350586,0.0
2017-11-01,24.23810195922852,0.0
2017-11-02,24.96670150756836,0.0
2017-11-03,25.5981559753418,0.0
2017-11-06,25.5981559753418,0.0
2017-11-07,25.84102249145508,0.0
2017-11-08,25.452436447143555,0.0
2017-11-09,25.88959693908692,0.0
2017-11-10,25.452436447143555,0.0
2017-11-13,25.5495834350586,0.0
2017-11-14,24.96670150756836,0.0
2017-11-15,23.995235443115234,0.0
2017-11-16,23.60664939880371,0.0
2017-11-17,23.80094146728516,0.0
2017-11-20,23.558074951171875,0.0
2017-11-21,23.509502410888672,0.0
2017-11-22,23.3152084350586,0.0
2017-11-23,23.65522193908692,0.0
2017-11-24,23.70379447937012,0.0
2017-11-27,23.218061447143555,0.0
2017-11-28,22.878047943115234,0.0
2017-11-29,23.02376747131348,0.0
2017-11-30,22.440887451171875,0.0
2017-12-01,21.955154418945312,0.0
2017-12-04,21.80943489074707,0.0
2017-12-05,21.90658187866211,0.0
2017-12-06,21.420848846435547,0.0
2017-12-07,21.12940788269043,0.0
2017-12-08,21.46942138671875,0.0
2017-12-11,22.63518142700196,0.0
2017-12-12,22.14944839477539,0.0
2017-12-13,22.392314910888672,0.0
2017-12-14,22.14944839477539,0.0
2017-12-15,21.71228790283203,0.0
2017-12-18,22.100875854492188,0.0
2017-12-19,22.392314910888672,0.0
2017-12-20,22.34374046325684,0.0
2017-12-21,22.29516792297364,0.0
2017-12-22,22.440887451171875,0.0
2017-12-25,23.072341918945312,0.0
2017-12-26,22.58660888671875,0.0
2017-12-27,22.82947540283203,0.0
2017-12-28,22.97519493103028,0.0
2017-12-29,23.26663589477539,0.0
2018-01-02,23.12091445922852,0.0
2018-01-03,22.92662239074707,0.0
2018-01-04,22.780902862548828,0.0
2018-01-05,22.97519493103028,0.0
2018-01-08,22.878047943115234,0.0
2018-01-09,22.878047943115234,0.0
2018-01-10,22.63518142700196,0.0
2018-01-11,22.780902862548828,0.0
2018-01-12,23.218061447143555,0.0
2018-01-15,23.26663589477539,0.0
2018-01-16,23.16948890686035,0.0
2018-01-17,23.218061447143555,0.0
2018-01-18,23.072341918945312,0.0
2018-01-19,23.12091445922852,0.0
2018-01-22,23.60664939880371,0.0
2018-01-23,24.189529418945312,0.0
2018-01-24,24.38382148742676,0.0
2018-01-25,23.898088455200195,0.0
2018-01-26,23.70379447937012,0.0
2018-01-29,23.60664939880371,0.0
2018-01-30,23.75236892700196,0.0
2018-01-31,23.80094146728516,0.0
2018-02-01,23.509502410888672,0.0
2018-02-02,23.509502410888672,0.0
2018-02-05,23.12091445922852,0.0
2018-02-06,21.71228790283203,0.0
2018-02-07,22.48946189880371,0.0
2018-02-08,22.34374046325684,0.0
2018-02-09,22.05230140686035,0.0
2018-02-12,22.24659538269043,0.0
2018-02-21,23.70379447937012,0.0
2018-02-22,23.80094146728516,0.0
2018-02-23,23.898088455200195,0.0
2018-02-26,23.60664939880371,0.0
2018-02-27,23.80094146728516,0.0
2018-03-01,24.189529418945312,0.0
2018-03-02,23.995235443115234,0.0
2018-03-05,24.14095497131348,0.0
2018-03-06,23.995235443115234,0.0
2018-03-07,23.94666290283203,0.0
2018-03-08,23.94666290283203,0.0
2018-03-09,24.675262451171875,0.0
2018-03-12,26.569623947143555,0.0
2018-03-13,26.569623947143555,0.0
2018-03-14,26.1810359954834,0.0
2018-03-15,25.74387550354004,0.0
2018-03-16,24.86955642700196,0.0
2018-03-19,24.72383689880371,0.0
2018-03-20,25.35528945922852,0.0
2018-03-21,25.35528945922852,0.0
2018-03-22,24.91812896728516,0.0
2018-03-23,24.14095497131348,0.0
2018-03-26,24.57811546325684,0.0
2018-03-27,24.96670150756836,0.0
2018-03-28,24.57811546325684,0.0
2018-03-29,24.23810195922852,0.0
2018-03-30,24.335248947143555,0.0
2018-04-02,23.849515914916992,0.0
2018-04-03,23.3152084350586,0.0
2018-04-09,23.02376747131348,0.0
2018-04-10,23.02376747131348,0.0
2018-04-11,23.26663589477539,0.0
2018-04-12,23.41235542297364,0.0
2018-04-13,23.12091445922852,0.0
2018-04-16,23.02376747131348,0.0
2018-04-17,23.558074951171875,0.0
2018-04-18,23.16948890686035,0.0
2018-04-19,23.558074951171875,0.0
2018-04-20,23.218061447143555,0.0
2018-04-23,23.41235542297364,0.0
2018-04-24,23.02376747131348,0.0
2018-04-25,22.82947540283203,0.0
2018-04-26,22.92662239074707,0.0
2018-04-27,22.97519493103028,0.0
2018-04-30,23.02376747131348,0.0
2018-05-02,23.218061447143555,0.0
2018-05-03,23.12091445922852,0.0
2018-05-04,22.732328414916992,0.0
2018-05-07,23.509502410888672,0.0
2018-05-08,23.16948890686035,0.0
2018-05-09,23.02376747131348,0.0
2018-05-10,22.780902862548828,0.0
2018-05-11,22.48946189880371,0.0
2018-05-14,22.97519493103028,0.0
2018-05-15,22.48946189880371,0.0
2018-05-16,22.440887451171875,0.0
2018-05-17,22.440887451171875,0.0
2018-05-18,22.34374046325684,0.0
2018-05-21,22.732328414916992,0.0
2018-05-22,22.82947540283203,0.0
2018-05-23,22.53803443908692,0.0
2018-05-24,22.53803443908692,0.0
2018-05-25,22.63518142700196,0.0
2018-05-28,22.68375587463379,0.0
2018-05-29,22.48946189880371,0.0
2018-05-30,22.14944839477539,0.0
2018-05-31,21.90658187866211,0.0
2018-06-01,22.392314910888672,0.0
2018-06-04,22.878047943115234,0.0
2018-06-05,22.63518142700196,0.0
2018-06-06,22.780902862548828,0.0
2018-06-07,22.780902862548828,0.0
2018-06-08,22.732328414916992,0.0
2018-06-11,22.878047943115234,0.0
2018-06-12,22.63518142700196,0.0
2018-06-13,22.68375587463379,0.0
2018-06-14,22.732328414916992,0.0
2018-06-15,22.53803443908692,0.0
2018-06-19,22.1980209350586,0.0
2018-06-20,22.34374046325684,0.0
2018-06-21,22.1980209350586,0.0
2018-06-22,22.100875854492188,0.0
2018-06-25,22.05230140686035,0.0
2018-06-26,21.760860443115234,0.0
2018-06-27,21.760860443115234,0.0
2018-06-28,21.760860443115234,0.0
2018-06-29,22.00372886657715,0.0
2018-07-02,21.760860443115234,0.0
2018-07-03,21.615140914916992,0.0
2018-07-04,21.56656837463379,0.0
2018-07-05,21.0808334350586,0.0
2018-07-06,21.0808334350586,0.0
2018-07-09,21.17798042297364,0.0
2018-07-10,21.37227439880371,0.0
2018-07-11,21.17798042297364,0.0
2018-07-12,21.17798042297364,0.0
2018-07-13,21.71228790283203,0.0
2018-07-16,22.05230140686035,0.0
2018-07-17,23.12091445922852,0.0
2018-07-18,23.02376747131348,0.0
2018-07-19,22.878047943115234,0.0
2018-07-20,22.58660888671875,0.0
2018-07-23,22.24659538269043,0.0
2018-07-24,22.53803443908692,0.0
2018-07-25,22.392314910888672,0.0
2018-07-26,22.48946189880371,0.0
2018-07-27,22.68375587463379,0.0
2018-07-30,22.732328414916992,0.0
2018-07-31,22.97519493103028,0.0
2018-08-01,22.350000381469727,1.174838
2018-08-02,22.100000381469727,0.0
2018-08-03,22.299999237060547,0.0
2018-08-06,22.450000762939453,0.0
2018-08-07,22.39999961853028,0.0
2018-08-08,22.39999961853028,0.0
2018-08-09,22.350000381469727,0.0
2018-08-10,22.39999961853028,0.0
2018-08-13,21.850000381469727,0.0
2018-08-14,21.64999961853028,0.0
2018-08-15,21.549999237060547,0.0
2018-08-16,21.350000381469727,0.0
2018-08-17,21.200000762939453,0.0
2018-08-20,21.200000762939453,0.0
2018-08-21,21.39999961853028,0.0
2018-08-22,21.350000381469727,0.0
2018-08-23,21.450000762939453,0.0
2018-08-24,21.299999237060547,0.0
2018-08-27,21.350000381469727,0.0
2018-08-28,21.450000762939453,0.0
2018-08-29,21.700000762939453,0.0
2018-08-30,21.700000762939453,0.0
2018-08-31,21.75,0.0
2018-09-03,21.600000381469727,0.0
2018-09-04,21.600000381469727,0.0
2018-09-05,21.450000762939453,0.0
2018-09-06,21.350000381469727,0.0
2018-09-07,21.200000762939453,0.0
2018-09-10,20.200000762939453,0.0
2018-09-11,20.5,0.0
2018-09-12,20.200000762939453,0.0
2018-09-13,20.39999961853028,0.0
2018-09-14,20.5,0.0
2018-09-17,20.100000381469727,0.0
2018-09-18,19.549999237060547,0.0
2018-09-19,19.75,0.0
2018-09-20,19.700000762939453,0.0
2018-09-21,19.850000381469727,0.0
2018-09-25,19.950000762939453,0.0
2018-09-26,19.850000381469727,0.0
2018-09-27,19.950000762939453,0.0
2018-09-28,19.89999961853028,0.0
2018-10-01,19.89999961853028,0.0
2018-10-02,19.850000381469727,0.0
2018-10-03,19.75,0.0
2018-10-04,19.5,0.0
2018-10-05,18.64999961853028,0.0
2018-10-08,18.25,0.0
2018-10-09,18.200000762939453,0.0
2018-10-11,17.0,0.0
2018-10-12,17.899999618530273,0.0
2018-10-15,17.75,0.0
2018-10-16,17.5,0.0
2018-10-17,17.549999237060547,0.0
2018-10-18,17.549999237060547,0.0
2018-10-19,17.549999237060547,0.0
2018-10-22,17.5,0.0
2018-10-23,17.600000381469727,0.0
2018-10-24,17.850000381469727,0.0
2018-10-25,17.799999237060547,0.0
2018-10-26,18.200000762939453,0.0
2018-10-29,18.049999237060547,0.0
2018-10-30,18.0,0.0
2018-10-31,18.89999961853028,0.0
2018-11-01,19.0,0.0
2018-11-02,18.549999237060547,0.0
2018-11-05,18.64999961853028,0.0
2018-11-06,18.5,0.0
2018-11-07,18.850000381469727,0.0
2018-11-08,18.700000762939453,0.0
2018-11-09,18.64999961853028,0.0
2018-11-12,19.049999237060547,0.0
2018-11-13,18.89999961853028,0.0
2018-11-14,18.549999237060547,0.0
2018-11-15,19.299999237060547,0.0
2018-11-16,19.350000381469727,0.0
2018-11-19,19.700000762939453,0.0
2018-11-20,19.14999961853028,0.0
2018-11-21,18.799999237060547,0.0
2018-11-22,18.950000762939453,0.0
2018-11-23,18.75,0.0
2018-11-26,18.950000762939453,0.0
2018-11-27,19.450000762939453,0.0
2018-11-28,19.5,0.0
2018-11-29,19.549999237060547,0.0
2018-11-30,19.549999237060547,0.0
2018-12-03,20.100000381469727,0.0
2018-12-04,20.14999961853028,0.0
2018-12-05,19.700000762939453,0.0
2018-12-06,19.0,0.0
2018-12-07,19.100000381469727,0.0
2018-12-10,18.850000381469727,0.0
2018-12-11,18.600000381469727,0.0
2018-12-12,19.100000381469727,0.0
2018-12-13,19.25,0.0
2018-12-14,19.200000762939453,0.0
2018-12-17,19.100000381469727,0.0
2018-12-18,18.75,0.0
2018-12-19,18.799999237060547,0.0
2018-12-20,18.75,0.0
2018-12-21,18.600000381469727,0.0
2018-12-24,19.25,0.0
2018-12-25,18.75,0.0
2018-12-26,18.799999237060547,0.0
2018-12-27,18.950000762939453,0.0
2018-12-28,19.100000381469727,0.0
2019-01-02,18.89999961853028,0.0
2019-01-03,18.950000762939453,0.0
2019-01-04,18.75,0.0
2019-01-07,19.14999961853028,0.0
2019-01-08,19.0,0.0
2019-01-09,19.39999961853028,0.0
2019-01-10,19.299999237060547,0.0
2019-01-11,19.350000381469727,0.0
2019-01-14,19.39999961853028,0.0
2019-01-15,19.700000762939453,0.0
2019-01-16,19.75,0.0
2019-01-17,19.799999237060547,0.0
2019-01-18,20.100000381469727,0.0
2019-01-21,20.0,0.0
2019-01-22,20.0,0.0
2019-01-23,20.0,0.0
2019-01-24,20.5,0.0
2019-01-25,21.299999237060547,0.0
2019-01-28,21.299999237060547,0.0
2019-01-29,21.0,0.0
2019-01-30,21.100000381469727,0.0
2019-02-11,21.299999237060547,0.0
2019-02-12,21.100000381469727,0.0
2019-02-13,21.14999961853028,0.0
2019-02-14,21.0,0.0
2019-02-15,21.0,0.0
2019-02-18,21.100000381469727,0.0
2019-02-19,21.14999961853028,0.0
2019-02-20,21.200000762939453,0.0
2019-02-21,21.14999961853028,0.0
2019-02-22,21.299999237060547,0.0
2019-02-25,21.39999961853028,0.0
2019-02-26,21.299999237060547,0.0
2019-02-27,21.350000381469727,0.0
2019-03-04,21.25,0.0
2019-03-05,21.200000762939453,0.0
2019-03-06,21.200000762939453,0.0
2019-03-07,21.0,0.0
2019-03-08,20.64999961853028,0.0
2019-03-11,20.64999961853028,0.0
2019-03-12,20.950000762939453,0.0
2019-03-13,21.0,0.0
2019-03-14,21.200000762939453,0.0
2019-03-15,20.700000762939453,0.0
2019-03-18,21.100000381469727,0.0
2019-03-19,21.39999961853028,0.0
2019-03-20,21.450000762939453,0.0
2019-03-21,21.5,0.0
2019-03-22,21.75,0.0
2019-03-25,22.25,0.0
2019-03-26,22.950000762939453,0.0
2019-03-27,23.75,0.0
2019-03-28,23.75,0.0
2019-03-29,23.700000762939453,0.0
2019-04-01,23.950000762939453,0.0
2019-04-02,24.14999961853028,0.0
2019-04-03,24.600000381469727,0.0
2019-04-08,25.100000381469727,0.0
2019-04-09,24.89999961853028,0.0
2019-04-10,25.14999961853028,0.0
2019-04-11,25.25,0.0
2019-04-12,25.200000762939453,0.0
2019-04-15,25.450000762939453,0.0
2019-04-16,26.0,0.0
2019-04-17,25.75,0.0
2019-04-18,25.700000762939453,0.0
2019-04-19,25.350000381469727,0.0
2019-04-22,25.14999961853028,0.0
2019-04-23,25.25,0.0
2019-04-24,25.25,0.0
2019-04-25,25.350000381469727,0.0
2019-04-26,25.25,0.0
2019-04-29,24.950000762939453,0.0
2019-04-30,25.600000381469727,0.0
2019-05-02,25.549999237060547,0.0
2019-05-03,25.64999961853028,0.0
2019-05-06,24.89999961853028,0.0
2019-05-07,25.5,0.0
2019-05-08,25.450000762939453,0.0
2019-05-09,24.549999237060547,0.0
2019-05-10,24.549999237060547,0.0
2019-05-13,23.049999237060547,0.0
2019-05-14,23.200000762939453,0.0
2019-05-15,23.5,0.0
2019-05-16,23.0,0.0
2019-05-17,22.549999237060547,0.0
2019-05-20,22.64999961853028,0.0
2019-05-21,22.950000762939453,0.0
2019-05-22,22.950000762939453,0.0
2019-05-23,23.100000381469727,0.0
2019-05-24,22.950000762939453,0.0
2019-05-27,23.049999237060547,0.0
2019-05-28,23.799999237060547,0.0
2019-05-29,23.100000381469727,0.0
2019-05-30,23.39999961853028,0.0
2019-05-31,22.5,0.0
2019-06-03,22.14999961853028,0.0
2019-06-04,22.450000762939453,0.0
2019-06-05,22.950000762939453,0.0
2019-06-06,22.850000381469727,0.0
2019-06-10,24.100000381469727,0.0
2019-06-11,23.799999237060547,0.0
2019-06-12,23.89999961853028,0.0
2019-06-13,23.75,0.0
2019-06-14,23.75,0.0
2019-06-17,23.600000381469727,0.0
2019-06-18,23.799999237060547,0.0
2019-06-19,24.049999237060547,0.0
2019-06-20,23.950000762939453,0.0
2019-06-21,23.950000762939453,0.0
2019-06-24,24.0,0.0
2019-06-25,23.89999961853028,0.0
2019-06-26,24.100000381469727,0.0
2019-06-27,24.299999237060547,0.0
2019-06-28,24.200000762939453,0.0
2019-07-01,24.299999237060547,0.0
2019-07-02,24.14999961853028,0.0
2019-07-03,24.14999961853028,0.0
2019-07-04,24.299999237060547,0.0
2019-07-05,24.14999961853028,0.0
2019-07-08,24.5,0.0
2019-07-09,24.350000381469727,0.0
2019-07-10,24.75,0.0
2019-07-11,24.89999961853028,0.0
2019-07-12,25.049999237060547,0.0
2019-07-15,25.049999237060547,0.0
2019-07-16,25.14999961853028,0.0
2019-07-17,25.0,0.0
2019-07-18,25.100000381469727,0.0
2019-07-19,25.299999237060547,0.0
2019-07-22,23.700000762939453,1.487932
2019-07-23,24.39999961853028,0.0
2019-07-24,24.14999961853028,0.0
2019-07-25,23.850000381469727,0.0
2019-07-26,23.39999961853028,0.0
2019-07-29,23.450000762939453,0.0
2019-07-30,23.549999237060547,0.0
2019-07-31,23.299999237060547,0.0
2019-08-01,23.25,0.0
2019-08-02,22.799999237060547,0.0
2019-08-05,22.450000762939453,0.0
2019-08-06,22.299999237060547,0.0
2019-08-07,22.299999237060547,0.0
2019-08-08,22.39999961853028,0.0
2019-08-12,22.5,0.0
2019-08-13,23.350000381469727,0.0
2019-08-14,23.549999237060547,0.0
2019-08-15,23.5,0.0
2019-08-16,23.600000381469727,0.0
2019-08-19,23.700000762939453,0.0
2019-08-20,24.25,0.0
2019-08-21,24.350000381469727,0.0
2019-08-22,24.549999237060547,0.0
2019-08-23,24.5,0.0
2019-08-26,24.299999237060547,0.0
2019-08-27,24.39999961853028,0.0
2019-08-28,24.350000381469727,0.0
2019-08-29,24.299999237060547,0.0
2019-08-30,24.89999961853028,0.0
2019-09-02,24.799999237060547,0.0
2019-09-03,24.75,0.0
2019-09-04,24.850000381469727,0.0
2019-09-05,24.850000381469727,0.0
2019-09-06,25.0,0.0
2019-09-10,25.100000381469727,0.0
2019-09-11,24.950000762939453,0.0
2019-09-12,24.600000381469727,0.0
2019-09-16,24.5,0.0
2019-09-17,24.89999961853028,0.0
2019-09-18,25.14999961853028,0.0
2019-09-19,25.14999961853028,0.0
2019-09-20,25.200000762939453,0.0
2019-09-23,26.0,0.0
2019-09-24,26.100000381469727,0.0
2019-09-25,26.200000762939453,0.0
2019-09-26,26.0,0.0
2019-09-27,25.049999237060547,0.0
2019-10-01,25.700000762939453,0.0
2019-10-02,25.5,0.0
2019-10-03,25.89999961853028,0.0
2019-10-04,26.14999961853028,0.0
2019-10-07,26.200000762939453,0.0
2019-10-08,26.25,0.0
2019-10-09,26.100000381469727,0.0
2019-10-14,26.299999237060547,0.0
2019-10-15,26.200000762939453,0.0
2019-10-16,26.5,0.0
2019-10-17,26.5,0.0
2019-10-18,26.350000381469727,0.0
2019-10-21,26.700000762939453,0.0
2019-10-22,26.850000381469727,0.0
2019-10-23,27.200000762939453,0.0
2019-10-24,27.350000381469727,0.0
2019-10-25,27.5,0.0
2019-10-28,27.799999237060547,0.0
2019-10-29,27.39999961853028,0.0
2019-10-30,27.450000762939453,0.0
2019-10-31,27.950000762939453,0.0
2019-11-01,28.0,0.0
2019-11-04,28.39999961853028,0.0
2019-11-05,27.850000381469727,0.0
2019-11-06,27.25,0.0
2019-11-07,27.39999961853028,0.0
2019-11-08,28.350000381469727,0.0
2019-11-11,27.89999961853028,0.0
2019-11-12,27.799999237060547,0.0
2019-11-13,28.14999961853028,0.0
2019-11-14,28.450000762939453,0.0
2019-11-15,28.64999961853028,0.0
2019-11-18,29.0,0.0
2019-11-19,29.25,0.0
2019-11-20,29.39999961853028,0.0
2019-11-21,29.100000381469727,0.0
2019-11-22,29.200000762939453,0.0
2019-11-25,28.950000762939453,0.0
2019-11-26,28.89999961853028,0.0
2019-11-27,29.0,0.0
2019-11-28,28.549999237060547,0.0
2019-11-29,27.700000762939453,0.0
2019-12-02,27.799999237060547,0.0
2019-12-03,28.89999961853028,0.0
2019-12-04,29.0,0.0
2019-12-05,29.0,0.0
2019-12-06,29.200000762939453,0.0
2019-12-09,29.200000762939453,0.0
2019-12-10,29.450000762939453,0.0
2019-12-11,29.5,0.0
2019-12-12,29.600000381469727,0.0
2019-12-13,29.850000381469727,0.0
2019-12-16,29.299999237060547,0.0
2019-12-17,29.799999237060547,0.0
2019-12-18,29.850000381469727,0.0
2019-12-19,29.75,0.0
2019-12-20,29.5,0.0
2019-12-23,29.14999961853028,0.0
2019-12-24,28.700000762939453,0.0
2019-12-25,29.100000381469727,0.0
2019-12-26,28.89999961853028,0.0
2019-12-27,28.89999961853028,0.0
2019-12-30,28.600000381469727,0.0
2019-12-31,28.350000381469727,0.0
2020-01-02,28.39999961853028,0.0
2020-01-03,28.299999237060547,0.0
2020-01-06,28.0,0.0
2020-01-07,28.5,0.0
2020-01-08,28.100000381469727,0.0
2020-01-09,28.700000762939453,0.0
2020-01-10,28.75,0.0
2020-01-13,28.75,0.0
2020-01-14,28.850000381469727,0.0
2020-01-15,28.89999961853028,0.0
2020-01-16,28.89999961853028,0.0
2020-01-17,29.299999237060547,0.0
2020-01-20,29.39999961853028,0.0
2020-01-30,27.200000762939453,0.0
2020-01-31,27.25,0.0
2020-02-03,27.0,0.0
2020-02-04,28.0,0.0
2020-02-05,27.799999237060547,0.0
2020-02-06,28.25,0.0
2020-02-07,28.25,0.0
2020-02-10,27.950000762939453,0.0
2020-02-11,28.0,0.0
2020-02-12,28.25,0.0
2020-02-13,28.299999237060547,0.0
2020-02-14,28.299999237060547,0.0
2020-02-17,27.600000381469727,0.0
2020-02-18,27.850000381469727,0.0
2020-02-19,28.100000381469727,0.0
2020-02-20,28.100000381469727,0.0
2020-02-21,27.89999961853028,0.0
2020-02-24,27.450000762939453,0.0
2020-02-25,27.25,0.0
2020-02-26,27.100000381469727,0.0
2020-02-27,27.049999237060547,0.0
2020-03-02,26.549999237060547,0.0
2020-03-03,26.89999961853028,0.0
2020-03-04,27.200000762939453,0.0
2020-03-05,27.200000762939453,0.0
2020-03-06,26.25,0.0
2020-03-09,25.299999237060547,0.0
2020-03-10,25.049999237060547,0.0
2020-03-11,24.700000762939453,0.0
2020-03-12,23.64999961853028,0.0
2020-03-13,23.0,0.0
2020-03-16,22.14999961853028,0.0
2020-03-17,20.799999237060547,0.0
2020-03-18,20.100000381469727,0.0
2020-03-19,18.64999961853028,0.0
2020-03-20,20.39999961853028,0.0
2020-03-23,19.200000762939453,0.0
2020-03-24,21.100000381469727,0.0
2020-03-25,23.200000762939453,0.0
2020-03-26,24.0,0.0
2020-03-27,23.75,0.0
2020-03-30,23.850000381469727,0.0
2020-03-31,24.5,0.0
2020-04-01,24.39999961853028,0.0
2020-04-06,25.14999961853028,0.0
2020-04-07,25.200000762939453,0.0
2020-04-08,25.100000381469727,0.0
2020-04-09,25.049999237060547,0.0
2020-04-10,25.25,0.0
2020-04-13,25.64999961853028,0.0
2020-04-14,26.700000762939453,0.0
2020-04-15,26.5,0.0
2020-04-16,26.200000762939453,0.0
2020-04-17,26.049999237060547,0.0
2020-04-20,26.0,0.0
2020-04-21,25.299999237060547,0.0
2020-04-22,25.549999237060547,0.0
2020-04-23,26.0,0.0
2020-04-24,26.0,0.0
2020-04-27,26.5,0.0
2020-04-28,26.89999961853028,0.0
2020-04-29,27.700000762939453,0.0
2020-04-30,28.25,0.0
2020-05-04,27.850000381469727,0.0
2020-05-05,27.75,0.0
2020-05-06,27.799999237060547,0.0
2020-05-07,27.700000762939453,0.0
2020-05-08,27.450000762939453,0.0
2020-05-11,27.799999237060547,0.0
2020-05-12,27.5,0.0
2020-05-13,27.549999237060547,0.0
2020-05-14,27.950000762939453,0.0
2020-05-15,28.100000381469727,0.0
2020-05-18,27.549999237060547,0.0
2020-05-19,28.299999237060547,0.0
2020-05-20,28.14999961853028,0.0
2020-05-21,28.350000381469727,0.0
2020-05-22,28.39999961853028,0.0
2020-05-25,28.200000762939453,0.0
2020-05-26,28.200000762939453,0.0
2020-05-27,28.600000381469727,0.0
2020-05-28,28.5,0.0
2020-05-29,28.600000381469727,0.0
2020-06-01,29.0,0.0
2020-06-02,29.14999961853028,0.0
2020-06-03,29.549999237060547,0.0
2020-06-04,29.850000381469727,0.0
2020-06-05,29.799999237060547,0.0
2020-06-08,30.450000762939453,0.0
2020-06-09,31.14999961853028,0.0
2020-06-10,31.450000762939453,0.0
2020-06-11,30.64999961853028,0.0
2020-06-12,30.700000762939453,0.0
2020-06-15,31.100000381469727,0.0
2020-06-16,31.450000762939453,0.0
2020-06-17,32.25,0.0
2020-06-18,34.0,0.0
2020-06-19,34.650001525878906,0.0
2020-06-22,34.79999923706055,0.0
2020-06-23,36.0,0.0
2020-06-24,35.650001525878906,0.0
2020-06-29,35.650001525878906,0.0
2020-06-30,35.79999923706055,0.0
2020-07-01,36.79999923706055,0.0
2020-07-02,37.150001525878906,0.0
2020-07-03,37.20000076293945,0.0
2020-07-06,38.650001525878906,0.0
2020-07-07,34.5,2.042251
2020-07-08,33.45000076293945,0.0
2020-07-09,33.400001525878906,0.0
2020-07-10,32.54999923706055,0.0
2020-07-13,34.20000076293945,0.0
2020-07-14,34.099998474121094,0.0
2020-07-15,34.04999923706055,0.0
2020-07-16,36.0,0.0
2020-07-17,35.79999923706055,0.0
2020-07-20,32.95000076293945,0.0
2020-07-21,33.900001525878906,0.0
2020-07-22,34.25,0.0
2020-07-23,35.599998474121094,0.0
2020-07-24,34.099998474121094,0.0
2020-07-27,33.25,0.0
2020-07-28,33.25,0.0
2020-07-29,33.79999923706055,0.0
2020-07-30,34.599998474121094,0.0
2020-07-31,34.5,0.0
2020-08-03,33.849998474121094,0.0
2020-08-04,35.0,0.0
2020-08-05,34.900001525878906,0.0
2020-08-06,34.95000076293945,0.0
2020-08-07,34.900001525878906,0.0
2020-08-10,34.5,0.0
2020-08-11,34.0,0.0
2020-08-12,34.70000076293945,0.0
2020-08-13,34.849998474121094,0.0
2020-08-14,34.75,0.0
2020-08-17,34.5,0.0
2020-08-18,33.900001525878906,0.0
2020-08-19,32.400001525878906,0.0
2020-08-20,30.89999961853028,0.0
2020-08-21,31.299999237060547,0.0
2020-08-24,32.599998474121094,0.0
2020-08-25,34.0,0.0
2020-08-26,33.599998474121094,0.0
2020-08-27,33.150001525878906,0.0
2020-08-28,32.599998474121094,0.0
2020-08-31,31.89999961853028,0.0
2020-09-01,32.349998474121094,0.0
2020-09-02,32.25,0.0
2020-09-03,31.700000762939453,0.0
2020-09-04,31.75,0.0
2020-09-07,31.299999237060547,0.0
2020-09-08,30.700000762939453,0.0
2020-09-09,30.450000762939453,0.0
2020-09-10,29.799999237060547,0.0
2020-09-11,29.89999961853028,0.0
2020-09-14,30.100000381469727,0.0
2020-09-15,29.75,0.0
2020-09-16,30.100000381469727,0.0
2020-09-17,29.64999961853028,0.0
2020-09-18,29.850000381469727,0.0
2020-09-21,29.5,0.0
2020-09-22,29.100000381469727,0.0
2020-09-23,29.950000762939453,0.0
2020-09-24,28.850000381469727,0.0
2020-09-25,29.14999961853028,0.0
2020-09-28,29.700000762939453,0.0
2020-09-29,29.39999961853028,0.0
2020-09-30,29.799999237060547,0.0
2020-10-05,29.549999237060547,0.0
2020-10-06,29.75,0.0
2020-10-07,29.350000381469727,0.0
2020-10-08,29.700000762939453,0.0
2020-10-12,28.850000381469727,0.0
2020-10-13,28.700000762939453,0.0
2020-10-14,29.049999237060547,0.0
2020-10-15,29.100000381469727,0.0
2020-10-16,28.799999237060547,0.0
2020-10-19,28.799999237060547,0.0
2020-10-20,28.950000762939453,0.0
2020-10-21,28.549999237060547,0.0
2020-10-22,28.75,0.0
2020-10-23,28.850000381469727,0.0
2020-10-26,29.299999237060547,0.0
2020-10-27,29.0,0.0
2020-10-28,29.14999961853028,0.0
2020-10-29,28.700000762939453,0.0
2020-10-30,28.5,0.0
2020-11-02,28.350000381469727,0.0
2020-11-03,28.75,0.0
2020-11-04,29.0,0.0
2020-11-05,29.100000381469727,0.0
2020-11-06,29.14999961853028,0.0
2020-11-09,29.5,0.0
2020-11-10,29.14999961853028,0.0
2020-11-11,29.450000762939453,0.0
2020-11-12,29.200000762939453,0.0
2020-11-13,30.299999237060547,0.0
2020-11-16,30.39999961853028,0.0
2020-11-17,30.299999237060547,0.0
2020-11-18,30.14999961853028,0.0
2020-11-19,29.950000762939453,0.0
2020-11-20,30.049999237060547,0.0
2020-11-23,30.100000381469727,0.0
2020-11-24,30.25,0.0
2020-11-25,30.049999237060547,0.0
2020-11-26,30.299999237060547,0.0
2020-11-27,30.950000762939453,0.0
2020-11-30,29.850000381469727,0.0
2020-12-01,30.64999961853028,0.0
2020-12-02,31.450000762939453,0.0
2020-12-03,31.299999237060547,0.0
2020-12-04,31.299999237060547,0.0
2020-12-07,31.549999237060547,0.0
2020-12-08,31.799999237060547,0.0
2020-12-09,32.150001525878906,0.0
2020-12-10,31.64999961853028,0.0
2020-12-11,31.600000381469727,0.0
2020-12-14,31.049999237060547,0.0
2020-12-15,30.049999237060547,0.0
2020-12-16,31.049999237060547,0.0
2020-12-17,30.39999961853028,0.0
2020-12-18,30.200000762939453,0.0
2020-12-21,30.049999237060547,0.0
2020-12-22,30.049999237060547,0.0
2020-12-23,30.0,0.0
2020-12-24,30.64999961853028,0.0
2020-12-25,30.549999237060547,0.0
2020-12-28,31.049999237060547,0.0
2020-12-29,30.950000762939453,0.0
2020-12-30,31.14999961853028,0.0
2020-12-31,31.0,0.0
2021-01-04,30.799999237060547,0.0
2021-01-05,30.5,0.0
2021-01-06,30.350000381469727,0.0
2021-01-07,30.5,0.0
2021-01-08,31.0,0.0
2021-01-11,31.0,0.0
2021-01-12,30.850000381469727,0.0
2021-01-13,30.89999961853028,0.0
2021-01-14,31.64999961853028,0.0
2021-01-15,31.0,0.0
2021-01-18,30.64999961853028,0.0
2021-01-19,30.75,0.0
2021-01-20,30.0,0.0
2021-01-21,29.89999961853028,0.0
2021-01-22,30.700000762939453,0.0
2021-01-25,31.200000762939453,0.0
2021-01-26,30.850000381469727,0.0
2021-01-27,32.349998474121094,0.0
2021-01-28,32.70000076293945,0.0
2021-01-29,31.25,0.0
2021-02-01,31.100000381469727,0.0
2021-02-02,31.14999961853028,0.0
2021-02-03,31.100000381469727,0.0
2021-02-04,30.75,0.0
2021-02-05,30.799999237060547,0.0
2021-02-17,31.0,0.0
2021-02-18,30.799999237060547,0.0
2021-02-19,31.14999961853028,0.0
2021-02-22,31.299999237060547,0.0
2021-02-23,31.799999237060547,0.0
2021-02-24,31.89999961853028,0.0
2021-02-25,31.700000762939453,0.0
2021-02-26,32.0,0.0
2021-03-02,31.350000381469727,0.0
2021-03-03,31.39999961853028,0.0
2021-03-04,31.350000381469727,0.0
2021-03-05,31.64999961853028,0.0
2021-03-08,31.799999237060547,0.0
2021-03-09,32.0,0.0
2021-03-10,32.099998474121094,0.0
2021-03-11,32.25,0.0
2021-03-12,32.400001525878906,0.0
2021-03-15,32.599998474121094,0.0
2021-03-16,32.599998474121094,0.0
2021-03-17,32.650001525878906,0.0
2021-03-18,33.849998474121094,0.0
2021-03-19,33.849998474121094,0.0
2021-03-22,34.349998474121094,0.0
2021-03-23,34.75,0.0
2021-03-24,33.75,0.0
2021-03-25,33.20000076293945,0.0
2021-03-26,33.45000076293945,0.0
2021-03-29,33.54999923706055,0.0
2021-03-30,33.849998474121094,0.0
2021-03-31,33.5,0.0
2021-04-01,33.400001525878906,0.0
2021-04-07,33.45000076293945,0.0
2021-04-08,33.54999923706055,0.0
2021-04-09,33.70000076293945,0.0
2021-04-12,33.400001525878906,0.0
2021-04-13,33.150001525878906,0.0
2021-04-14,33.0,0.0
2021-04-15,32.849998474121094,0.0
2021-04-16,32.95000076293945,0.0
2021-04-19,33.04999923706055,0.0
2021-04-20,33.099998474121094,0.0
2021-04-21,33.0,0.0
2021-04-22,32.54999923706055,0.0
2021-04-23,32.45000076293945,0.0
2021-04-26,32.79999923706055,0.0
2021-04-27,32.599998474121094,0.0
2021-04-28,32.70000076293945,0.0
2021-04-29,32.70000076293945,0.0
2021-05-03,31.64999961853028,0.0
2021-05-04,31.14999961853028,0.0
2021-05-05,30.799999237060547,0.0
2021-05-06,30.75,0.0
2021-05-07,31.14999961853028,0.0
2021-05-10,31.200000762939453,0.0
2021-05-11,30.5,0.0
2021-05-12,30.0,0.0
2021-05-13,29.700000762939453,0.0
2021-05-14,29.549999237060547,0.0
2021-05-17,27.89999961853028,0.0
2021-05-18,28.700000762939453,0.0
2021-05-19,29.14999961853028,0.0
2021-05-20,29.200000762939453,0.0
2021-05-21,29.100000381469727,0.0
2021-05-24,29.299999237060547,0.0
2021-05-25,29.549999237060547,0.0
2021-05-26,29.700000762939453,0.0
2021-05-27,29.549999237060547,0.0
2021-05-28,30.549999237060547,0.0
2021-05-31,30.75,0.0
2021-06-01,31.39999961853028,0.0
2021-06-02,31.350000381469727,0.0
2021-06-03,31.25,0.0
2021-06-04,30.950000762939453,0.0
2021-06-07,30.549999237060547,0.0
2021-06-08,30.64999961853028,0.0
2021-06-09,30.200000762939453,0.0
2021-06-10,30.25,0.0
2021-06-11,30.14999961853028,0.0
2021-06-15,30.14999961853028,0.0
2021-06-16,30.600000381469727,0.0
2021-06-17,30.600000381469727,0.0
2021-06-18,30.64999961853028,0.0
2021-06-21,30.299999237060547,0.0
2021-06-22,30.39999961853028,0.0
2021-06-23,30.39999961853028,0.0
2021-06-24,30.39999961853028,0.0
2021-06-25,30.799999237060547,0.0
2021-06-28,30.799999237060547,0.0
2021-06-29,30.75,0.0
2021-06-30,31.0,0.0
2021-07-01,31.049999237060547,0.0
2021-07-02,32.349998474121094,0.0
2021-07-05,32.54999923706055,0.0
2021-07-06,32.70000076293945,0.0
2021-07-07,32.75,0.0
2021-07-08,32.79999923706055,0.0
2021-07-09,32.70000076293945,0.0
2021-07-12,32.650001525878906,0.0
2021-07-13,32.20000076293945,0.0
2021-07-14,32.099998474121094,0.0
2021-07-15,31.950000762939453,0.0
2021-07-16,31.75,0.0
2021-07-19,31.64999961853028,0.0
2021-07-20,31.200000762939453,0.0
2021-07-21,28.049999237060547,2.2
2021-07-22,28.200000762939453,0.0
2021-07-23,28.100000381469727,0.0
2021-07-26,28.100000381469727,0.0
2021-07-27,28.14999961853028,0.0
2021-07-28,28.049999237060547,0.0
2021-07-29,28.0,0.0
2021-07-30,27.75,0.0
2021-08-02,27.600000381469727,0.0
2021-08-03,27.39999961853028,0.0
2021-08-04,27.299999237060547,0.0
2021-08-05,27.100000381469727,0.0
2021-08-06,27.700000762939453,0.0
2021-08-09,27.299999237060547,0.0
2021-08-10,27.200000762939453,0.0
2021-08-11,27.200000762939453,0.0
2021-08-12,27.350000381469727,0.0
2021-08-13,27.14999961853028,0.0
2021-08-16,26.700000762939453,0.0
2021-08-17,26.700000762939453,0.0
2021-08-18,27.0,0.0
2021-08-19,26.700000762939453,0.0
2021-08-20,26.89999961853028,0.0
2021-08-23,26.950000762939453,0.0
2021-08-24,27.600000381469727,0.0
2021-08-25,27.75,0.0
2021-08-26,27.350000381469727,0.0
2021-08-27,27.5,0.0
2021-08-30,27.64999961853028,0.0
2021-08-31,27.39999961853028,0.0
2021-09-01,27.549999237060547,0.0
2021-09-02,27.5,0.0
2021-09-03,27.549999237060547,0.0
2021-09-06,27.549999237060547,0.0
2021-09-07,27.450000762939453,0.0
2021-09-08,27.200000762939453,0.0
2021-09-09,27.100000381469727,0.0
2021-09-10,27.14999961853028,0.0
2021-09-13,27.049999237060547,0.0
2021-09-14,27.200000762939453,0.0
2021-09-15,27.75,0.0
2021-09-16,27.700000762939453,0.0
2021-09-17,27.700000762939453,0.0
2021-09-22,27.39999961853028,0.0
2021-09-23,27.75,0.0
2021-09-24,27.700000762939453,0.0
2021-09-27,27.600000381469727,0.0
2021-09-28,27.700000762939453,0.0
2021-09-29,27.25,0.0
2021-09-30,27.5,0.0
2021-10-01,27.450000762939453,0.0
2021-10-04,27.14999961853028,0.0
2021-10-05,27.39999961853028,0.0
2021-10-06,27.549999237060547,0.0
2021-10-07,28.350000381469727,0.0
2021-10-08,28.39999961853028,0.0
2021-10-12,28.700000762939453,0.0
2021-10-13,28.700000762939453,0.0
2021-10-14,28.39999961853028,0.0
2021-10-15,28.700000762939453,0.0
2021-10-18,28.350000381469727,0.0
2021-10-19,28.5,0.0
2021-10-20,28.89999961853028,0.0
2021-10-21,29.100000381469727,0.0
2021-10-22,29.25,0.0
2021-10-25,29.200000762939453,0.0
2021-10-26,29.299999237060547,0.0
2021-10-27,29.350000381469727,0.0
2021-10-28,29.350000381469727,0.0
2021-10-29,29.200000762939453,0.0
2021-11-01,29.100000381469727,0.0
2021-11-02,29.200000762939453,0.0
2021-11-03,29.299999237060547,0.0
2021-11-04,29.799999237060547,0.0
2021-11-05,29.549999237060547,0.0
2021-11-08,28.450000762939453,0.0
2021-11-09,28.850000381469727,0.0
2021-11-10,28.950000762939453,0.0
2021-11-11,28.64999961853028,0.0
2021-11-12,28.799999237060547,0.0
2021-11-15,28.75,0.0
2021-11-16,29.049999237060547,0.0
2021-11-17,28.799999237060547,0.0
2021-11-18,28.799999237060547,0.0
2021-11-19,29.200000762939453,0.0
2021-11-22,29.39999961853028,0.0
2021-11-23,29.100000381469727,0.0
2021-11-24,29.350000381469727,0.0
2021-11-25,29.64999961853028,0.0
2021-11-26,29.14999961853028,0.0
2021-11-29,29.299999237060547,0.0
2021-11-30,28.600000381469727,0.0
2021-12-01,29.299999237060547,0.0
2021-12-02,29.14999961853028,0.0
2021-12-03,29.14999961853028,0.0
2021-12-06,29.299999237060547,0.0
2021-12-07,29.350000381469727,0.0
2021-12-08,29.200000762939453,0.0
2021-12-09,29.14999961853028,0.0
2021-12-10,29.25,0.0
2021-12-13,29.0,0.0
2021-12-14,29.0,0.0
2021-12-15,29.0,0.0
2021-12-16,29.049999237060547,0.0
2021-12-17,28.850000381469727,0.0
2021-12-20,28.89999961853028,0.0
2021-12-21,28.950000762939453,0.0
2021-12-22,28.950000762939453,0.0
2021-12-23,28.950000762939453,0.0
2021-12-24,29.100000381469727,0.0
2021-12-27,29.200000762939453,0.0
2021-12-28,29.200000762939453,0.0
2021-12-29,29.25,0.0
2021-12-30,29.14999961853028,0.0
2022-01-03,29.0,0.0
2022-01-04,29.100000381469727,0.0
2022-01-05,29.049999237060547,0.0
2022-01-06,28.950000762939453,0.0
2022-01-07,29.049999237060547,0.0
2022-01-10,29.100000381469727,0.0
2022-01-11,29.350000381469727,0.0
2022-01-12,29.75,0.0
2022-01-13,30.0,0.0
2022-01-14,29.850000381469727,0.0
2022-01-17,30.14999961853028,0.0
2022-01-18,30.0,0.0
2022-01-19,30.950000762939453,0.0
2022-01-20,31.5,0.0
2022-01-21,31.25,0.0
2022-01-24,31.450000762939453,0.0
2022-01-25,31.600000381469727,0.0
2022-01-26,31.350000381469727,0.0
2022-02-07,31.600000381469727,0.0
2022-02-08,32.0,0.0
2022-02-09,32.0,0.0
2022-02-10,30.799999237060547,0.0
2022-02-11,31.0,0.0
2022-02-14,30.299999237060547,0.0
2022-02-15,30.64999961853028,0.0
2022-02-16,30.39999961853028,0.0
2022-02-17,30.600000381469727,0.0
2022-02-18,30.299999237060547,0.0
2022-02-21,30.299999237060547,0.0
2022-02-22,30.25,0.0
2022-02-23,30.0,0.0
2022-02-24,29.25,0.0
2022-02-25,29.39999961853028,0.0
2022-03-01,29.350000381469727,0.0
2022-03-02,29.350000381469727,0.0
2022-03-03,29.5,0.0
2022-03-04,29.5,0.0
2022-03-07,28.89999961853028,0.0
2022-03-08,28.950000762939453,0.0
2022-03-09,28.799999237060547,0.0
2022-03-10,29.450000762939453,0.0
2022-03-11,29.5,0.0
2022-03-14,29.64999961853028,0.0
2022-03-15,29.350000381469727,0.0
2022-03-16,29.5,0.0
2022-03-17,29.600000381469727,0.0
2022-03-18,29.75,0.0
2022-03-21,30.049999237060547,0.0
2022-03-22,30.0,0.0
2022-03-23,29.799999237060547,0.0
2022-03-24,29.700000762939453,0.0
2022-03-25,29.850000381469727,0.0
2022-03-28,29.950000762939453,0.0
2022-03-29,29.799999237060547,0.0
2022-03-30,29.850000381469727,0.0
2022-03-31,29.75,0.0
2022-04-01,29.89999961853028,0.0
2022-04-06,29.799999237060547,0.0
2022-04-07,29.25,0.0
2022-04-08,29.14999961853028,0.0
2022-04-11,29.049999237060547,0.0
2022-04-12,29.0,0.0
2022-04-13,29.39999961853028,0.0
2022-04-14,29.5,0.0
2022-04-15,29.39999961853028,0.0
2022-04-18,29.350000381469727,0.0
2022-04-19,29.25,0.0
2022-04-20,29.14999961853028,0.0
2022-04-21,29.299999237060547,0.0
2022-04-22,29.100000381469727,0.0
2022-04-25,28.600000381469727,0.0
2022-04-26,28.850000381469727,0.0
2022-04-27,28.25,0.0
2022-04-28,28.39999961853028,0.0
2022-04-29,28.5,0.0
2022-05-03,28.64999961853028,0.0
2022-05-04,28.799999237060547,0.0
2022-05-05,29.14999961853028,0.0
2022-05-06,29.049999237060547,0.0
2022-05-09,27.700000762939453,0.0
2022-05-10,27.39999961853028,0.0
2022-05-11,27.299999237060547,0.0
2022-05-12,27.0,0.0
2022-05-13,27.14999961853028,0.0
2022-05-16,27.600000381469727,0.0
2022-05-17,27.850000381469727,0.0
2022-05-18,27.850000381469727,0.0
2022-05-19,28.049999237060547,0.0
2022-05-20,27.799999237060547,0.0
2022-05-23,27.600000381469727,0.0
2022-05-24,27.299999237060547,0.0
2022-05-25,27.25,0.0
2022-05-26,27.350000381469727,0.0
2022-05-27,27.64999961853028,0.0
2022-05-30,28.200000762939453,0.0
2022-05-31,28.39999961853028,0.0
2022-06-01,28.600000381469727,0.0
2022-06-02,28.799999237060547,0.0
2022-06-06,28.549999237060547,0.0
2022-06-07,28.549999237060547,0.0
2022-06-08,28.64999961853028,0.0
2022-06-09,28.75,0.0
2022-06-10,28.799999237060547,0.0
2022-06-13,28.450000762939453,0.0
2022-06-14,28.799999237060547,0.0
2022-06-15,28.89999961853028,0.0
2022-06-16,28.850000381469727,0.0
2022-06-17,28.950000762939453,0.0
2022-06-20,28.200000762939453,0.0
2022-06-21,28.75,0.0
2022-06-22,28.549999237060547,0.0
2022-06-23,28.14999961853028,0.0
2022-06-24,28.700000762939453,0.0
2022-06-27,28.450000762939453,0.0
2022-06-28,28.299999237060547,0.0
2022-06-29,27.64999961853028,0.0
2022-06-30,26.700000762939453,0.0
2022-07-01,26.350000381469727,0.0
2022-07-04,26.299999237060547,0.0
2022-07-05,26.25,0.0
2022-07-06,23.39999961853028,2.200116
2022-07-07,23.600000381469727,0.0
2022-07-08,24.049999237060547,0.0
2022-07-11,24.450000762939453,0.0
2022-07-12,23.950000762939453,0.0
2022-07-13,23.950000762939453,0.0
2022-07-14,24.299999237060547,0.0
2022-07-15,24.450000762939453,0.0
2022-07-18,24.5,0.0
2022-07-19,24.64999961853028,0.0
2022-07-20,24.89999961853028,0.0
2022-07-21,25.100000381469727,0.0
2022-07-22,25.100000381469727,0.0
2022-07-25,25.200000762939453,0.0
2022-07-26,25.39999961853028,0.0
2022-07-27,26.0,0.0
2022-07-28,26.350000381469727,0.0
2022-07-29,26.5,0.0
2022-08-01,26.299999237060547,0.0
2022-08-02,26.39999961853028,0.0
2022-08-03,26.850000381469727,0.0
2022-08-04,26.700000762939453,0.0
2022-08-05,27.350000381469727,0.0
2022-08-08,27.64999961853028,0.0
2022-08-09,28.0,0.0
2022-08-10,28.14999961853028,0.0
2022-08-11,28.39999961853028,0.0
2022-08-12,28.64999961853028,0.0
2022-08-15,27.89999961853028,0.0
2022-08-16,28.200000762939453,0.0
2022-08-17,28.350000381469727,0.0
2022-08-18,28.350000381469727,0.0
2022-08-19,28.5,0.0
2022-08-22,28.350000381469727,0.0
2022-08-23,28.14999961853028,0.0
2022-08-24,27.850000381469727,0.0
2022-08-25,27.950000762939453,0.0
2022-08-26,28.049999237060547,0.0
2022-08-29,27.350000381469727,0.0
2022-08-30,27.5,0.0
2022-08-31,27.700000762939453,0.0
2022-09-01,27.450000762939453,0.0
2022-09-02,27.299999237060547,0.0
2022-09-05,27.14999961853028,0.0
2022-09-06,26.950000762939453,0.0
2022-09-07,26.75,0.0
2022-09-08,27.200000762939453,0.0
2022-09-12,27.39999961853028,0.0
2022-09-13,27.64999961853028,0.0
2022-09-14,27.39999961853028,0.0
2022-09-15,27.350000381469727,0.0
2022-09-16,27.350000381469727,0.0
2022-09-19,27.549999237060547,0.0
2022-09-20,27.799999237060547,0.0
2022-09-21,27.39999961853028,0.0
2022-09-22,27.25,0.0
2022-09-23,27.25,0.0
2022-09-26,26.950000762939453,0.0
2022-09-27,26.850000381469727,0.0
2022-09-28,26.850000381469727,0.0
2022-09-29,27.350000381469727,0.0
2022-09-30,26.549999237060547,0.0
2022-10-03,26.75,0.0
2022-10-04,27.100000381469727,0.0
2022-10-05,27.100000381469727,0.0
2022-10-06,27.0,0.0
2022-10-07,26.799999237060547,0.0
2022-10-11,26.299999237060547,0.0
2022-10-12,26.5,0.0
2022-10-13,26.5,0.0
2022-10-14,26.549999237060547,0.0
2022-10-17,26.600000381469727,0.0
2022-10-18,26.200000762939453,0.0
2022-10-19,26.200000762939453,0.0
2022-10-20,26.350000381469727,0.0
2022-10-21,26.100000381469727,0.0
2022-10-24,26.14999961853028,0.0
2022-10-25,25.950000762939453,0.0
2022-10-26,25.850000381469727,0.0
2022-10-27,26.0,0.0
2022-10-28,25.799999237060547,0.0
2022-10-31,26.049999237060547,0.0
2022-11-01,26.200000762939453,0.0
2022-11-02,25.950000762939453,0.0
2022-11-03,25.799999237060547,0.0
2022-11-04,25.350000381469727,0.0
2022-11-07,26.799999237060547,0.0
2022-11-08,27.25,0.0
2022-11-09,27.350000381469727,0.0
2022-11-10,27.200000762939453,0.0
2022-11-11,27.5,0.0
2022-11-14,27.5,0.0
2022-11-15,27.549999237060547,0.0
2022-11-16,27.700000762939453,0.0
2022-11-17,27.950000762939453,0.0
2022-11-18,27.64999961853028,0.0
2022-11-21,27.350000381469727,0.0
2022-11-22,27.39999961853028,0.0
2022-11-23,27.5,0.0
2022-11-24,27.350000381469727,0.0
2022-11-25,27.25,0.0
2022-11-28,27.100000381469727,0.0
2022-11-29,27.64999961853028,0.0
2022-11-30,27.64999961853028,0.0
2022-12-01,27.5,0.0
2022-12-02,27.600000381469727,0.0
2022-12-05,27.350000381469727,0.0
2022-12-06,27.5,0.0
2022-12-07,27.299999237060547,0.0
2022-12-08,27.799999237060547,0.0
2022-12-09,28.39999961853028,0.0
2022-12-12,28.5,0.0
2022-12-13,28.89999961853028,0.0
2022-12-14,29.14999961853028,0.0
2022-12-15,29.299999237060547,0.0
2022-12-16,30.0,0.0
2022-12-19,30.5,0.0
2022-12-20,30.100000381469727,0.0
2022-12-21,30.049999237060547,0.0
2022-12-22,30.14999961853028,0.0
2022-12-23,29.89999961853028,0.0
2022-12-26,29.64999961853028,0.0
2022-12-27,29.700000762939453,0.0
2022-12-28,29.299999237060547,0.0
2022-12-29,29.450000762939453,0.0
2022-12-30,29.39999961853028,0.0
2023-01-03,29.200000762939453,0.0
2023-01-04,29.39999961853028,0.0
2023-01-05,29.5,0.0
2023-01-06,29.299999237060547,0.0
2023-01-09,30.0,0.0
2023-01-10,30.14999961853028,0.0
2023-01-11,30.299999237060547,0.0
2023-01-12,30.100000381469727,0.0
2023-01-13,30.200000762939453,0.0
2023-01-16,30.100000381469727,0.0
2023-01-17,30.200000762939453,0.0
2023-01-30,31.200000762939453,0.0
2023-01-31,31.5,0.0
2023-02-01,31.39999961853028,0.0
2023-02-02,31.799999237060547,0.0
2023-02-03,31.950000762939453,0.0
2023-02-06,31.950000762939453,0.0
2023-02-07,31.950000762939453,0.0
2023-02-08,31.89999961853028,0.0
2023-02-09,31.799999237060547,0.0
2023-02-10,31.200000762939453,0.0
2023-02-13,31.700000762939453,0.0
2023-02-14,31.75,0.0
2023-02-15,31.799999237060547,0.0
2023-02-16,31.5,0.0
2023-02-17,31.64999961853028,0.0
2023-02-20,31.700000762939453,0.0
2023-02-21,31.75,0.0
2023-02-22,31.75,0.0
2023-02-23,32.20000076293945,0.0
2023-02-24,33.150001525878906,0.0
2023-03-01,32.54999923706055,0.0
2023-03-02,32.349998474121094,0.0
2023-03-03,32.650001525878906,0.0
2023-03-06,32.849998474121094,0.0
2023-03-07,33.150001525878906,0.0
2023-03-08,33.79999923706055,0.0
2023-03-09,33.95000076293945,0.0
2023-03-10,33.599998474121094,0.0
2023-03-13,33.650001525878906,0.0
2023-03-14,33.54999923706055,0.0
2023-03-15,34.5,0.0
2023-03-16,34.54999923706055,0.0
2023-03-17,34.95000076293945,0.0
2023-03-20,35.900001525878906,0.0
2023-03-21,37.54999923706055,0.0
2023-03-22,38.20000076293945,0.0
2023-03-23,39.650001525878906,0.0
2023-03-24,40.0,0.0
2023-03-27,41.20000076293945,0.0
2023-03-28,39.400001525878906,0.0
2023-03-29,39.54999923706055,0.0
2023-03-30,41.59999847412109,0.0
2023-03-31,41.84999847412109,0.0
2023-04-06,41.400001525878906,0.0
2023-04-07,40.59999847412109,0.0
2023-04-10,43.400001525878906,0.0
2023-04-11,43.45000076293945,0.0
2023-04-12,45.150001525878906,0.0
2023-04-13,44.45000076293945,0.0
2023-04-14,43.95000076293945,0.0
2023-04-17,44.20000076293945,0.0
2023-04-18,43.45000076293945,0.0
2023-04-19,45.650001525878906,0.0
2023-04-20,45.79999923706055,0.0
2023-04-21,44.5,0.0
2023-04-24,46.20000076293945,0.0
2023-04-25,43.70000076293945,0.0
2023-04-26,45.0,0.0
2023-04-27,46.0,0.0
2023-04-28,46.5,0.0
2023-05-02,50.09999847412109,0.0
2023-05-03,48.95000076293945,0.0
2023-05-04,49.54999923706055,0.0
2023-05-05,49.150001525878906,0.0
2023-05-08,49.900001525878906,0.0
2023-05-09,50.0,0.0
2023-05-10,48.09999847412109,0.0
2023-05-11,47.5,0.0
2023-05-12,50.09999847412109,0.0
2023-05-15,48.5,0.0
2023-05-16,48.45000076293945,0.0
2023-05-17,49.45000076293945,0.0
2023-05-18,50.59999847412109,0.0
2023-05-19,53.20000076293945,0.0
2023-05-22,52.70000076293945,0.0
2023-05-23,53.59999847412109,0.0
2023-05-24,56.09999847412109,0.0
2023-05-25,61.70000076293945,0.0
2023-05-26,65.0,0.0
2023-05-29,68.0,0.0
2023-05-30,66.30000305175781,0.0
2023-05-31,66.69999694824219,0.0
2023-06-01,69.4000015258789,0.0
2023-06-02,71.0999984741211,0.0
2023-06-05,71.0,0.0
2023-06-06,70.5999984741211,0.0
2023-06-07,68.5999984741211,0.0
2023-06-08,68.0,0.0
2023-06-09,73.0,0.0
2023-06-12,70.69999694824219,0.0
2023-06-13,71.80000305175781,0.0
2023-06-14,76.69999694824219,0.0
2023-06-15,80.19999694824219,0.0
2023-06-16,80.19999694824219,0.0
2023-06-19,78.4000015258789,0.0
2023-06-20,77.69999694824219,0.0
2023-06-21,84.0999984741211,0.0
2023-06-26,82.80000305175781,0.0
2023-06-27,79.5999984741211,0.0
2023-06-28,78.69999694824219,0.0
2023-06-29,83.5999984741211,0.0
2023-06-30,90.8000030517578,0.0
2023-07-03,95.6999969482422,0.0
2023-07-04,105.0,0.0
2023-07-05,102.5,2.598721
2023-07-06,105.5,0.0
2023-07-07,106.0,0.0
2023-07-10,103.0,0.0
2023-07-11,113.0,0.0
2023-07-12,124.0,0.0
2023-07-13,132.0,0.0
2023-07-14,142.0,0.0
2023-07-17,139.5,0.0
2023-07-18,133.0,0.0
2023-07-19,128.0,0.0
2023-07-20,134.5,0.0
2023-07-21,147.5,0.0
2023-07-24,158.0,0.0
2023-07-25,152.0,0.0
2023-07-26,156.5,0.0
2023-07-27,154.0,0.0
2023-07-28,157.0,0.0
2023-07-31,141.5,0.0
2023-08-01,135.0,0.0
2023-08-02,121.5,0.0
2023-08-04,114.0,0.0
2023-08-07,125.0,0.0
2023-08-08,129.0,0.0
2023-08-09,120.0,0.0
2023-08-10,113.5,0.0
2023-08-11,115.0,0.0
2023-08-14,111.5,0.0
2023-08-15,116.5,0.0
2023-08-16,128.0,0.0
2023-08-17,129.0,0.0
2023-08-18,120.5,0.0
2023-08-21,121.0,0.0
2023-08-22,123.5,0.0
2023-08-23,127.5,0.0
2023-08-24,122.5,0.0
2023-08-25,111.0,0.0
2023-08-28,109.5,0.0
2023-08-29,109.5,0.0
2023-08-30,112.0,0.0
2023-08-31,117.0,0.0
2023-09-01,109.0,0.0
2023-09-04,112.5,0.0
2023-09-05,112.5,0.0
2023-09-06,113.5,0.0
2023-09-07,110.0,0.0
2023-09-08,109.0,0.0
2023-09-11,102.5,0.0
2023-09-12,102.0,0.0
2023-09-13,102.0,0.0
2023-09-14,106.0,0.0
2023-09-15,104.5,0.0
2023-09-18,101.0,0.0
2023-09-19,98.4000015258789,0.0
2023-09-20,98.6999969482422,0.0
2023-09-21,100.5,0.0
2023-09-22,102.5,0.0
2023-09-25,103.0,0.0
2023-09-26,101.5,0.0
2023-09-27,103.0,0.0
2023-09-28,101.5,0.0
2023-10-02,111.0,0.0
2023-10-03,108.0,0.0
2023-10-04,106.0,0.0
2023-10-05,107.0,0.0
2023-10-06,108.5,0.0
2023-10-11,98.1999969482422,0.0
2023-10-12,102.5,0.0
2023-10-13,99.0999984741211,0.0
2023-10-16,98.0,0.0
2023-10-17,94.6999969482422,0.0
2023-10-18,91.0,0.0
2023-10-19,91.6999969482422,0.0
2023-10-20,91.4000015258789,0.0
2023-10-23,92.5,0.0
2023-10-24,96.1999969482422,0.0
2023-10-25,95.3000030517578,0.0
2023-10-26,93.1999969482422,0.0
2023-10-27,94.3000030517578,0.0
2023-10-30,93.6999969482422,0.0
2023-10-31,89.4000015258789,0.0
2023-11-01,89.5,0.0
2023-11-02,92.8000030517578,0.0
2023-11-03,91.1999969482422,0.0
2023-11-06,92.0999984741211,0.0
2023-11-07,93.4000015258789,0.0
2023-11-08,97.3000030517578,0.0
2023-11-09,98.5999984741211,0.0
2023-11-10,98.0999984741211,0.0
2023-11-13,100.0,0.0
2023-11-14,98.0999984741211,0.0
2023-11-15,99.0,0.0
2023-11-16,99.0,0.0
2023-11-17,99.0,0.0
2023-11-20,99.6999969482422,0.0
2023-11-21,102.5,0.0
2023-11-22,97.5999984741211,0.0
2023-11-23,95.0999984741211,0.0
2023-11-24,96.0,0.0
2023-11-27,92.6999969482422,0.0
2023-11-28,92.5,0.0
2023-11-29,93.3000030517578,0.0
2023-11-30,91.5,0.0
2023-12-01,92.8000030517578,0.0
2023-12-04,91.3000030517578,0.0
2023-12-05,89.19999694824219,0.0
2023-12-06,91.1999969482422,0.0
2023-12-07,93.4000015258789,0.0
2023-12-08,92.5999984741211,0.0
2023-12-11,91.8000030517578,0.0
2023-12-12,90.5,0.0
2023-12-13,92.9000015258789,0.0
2023-12-14,93.0999984741211,0.0
2023-12-15,91.5999984741211,0.0
2023-12-18,92.3000030517578,0.0
2023-12-19,92.0,0.0
2023-12-20,94.1999969482422,0.0
2023-12-21,95.1999969482422,0.0
2023-12-22,94.1999969482422,0.0
2023-12-25,96.5999984741211,0.0
2023-12-26,97.0,0.0
2023-12-27,96.6999969482422,0.0
2023-12-28,95.9000015258789,0.0
2023-12-29,98.5999984741211,0.0
2024-01-02,93.6999969482422,0.0
2024-01-03,93.5,0.0
2024-01-04,94.1999969482422,0.0
2024-01-05,93.5999984741211,0.0
2024-01-08,94.4000015258789,0.0
2024-01-09,94.0,0.0
2024-01-10,94.5,0.0
2024-01-11,97.5999984741211,0.0
2024-01-12,99.5,0.0
2024-01-15,98.5999984741211,0.0
2024-01-16,98.5999984741211,0.0
2024-01-17,97.9000015258789,0.0
2024-01-18,97.6999969482422,0.0
2024-01-19,107.0,0.0
2024-01-22,116.5,0.0
2024-01-23,117.0,0.0
2024-01-24,116.0,0.0
2024-01-25,115.0,0.0
2024-01-26,113.0,0.0
2024-01-29,116.5,0.0
2024-01-30,118.0,0.0
2024-01-31,114.5,0.0
2024-02-01,115.0,0.0
2024-02-02,120.0,0.0
2024-02-05,124.5,0.0
2024-02-15,130.5,0.0
2024-02-16,126.0,0.0
2024-02-19,122.5,0.0
2024-02-20,122.0,0.0
2024-02-21,118.5,0.0
2024-02-22,119.0,0.0
2024-02-23,116.0,0.0
2024-02-26,117.0,0.0
2024-02-27,113.5,0.0
2024-02-29,115.5,0.0
2024-03-01,118.0,0.0
2024-03-04,116.5,0.0
2024-03-05,121.5,0.0
2024-03-06,119.5,0.0
2024-03-07,116.0,0.0
2024-03-08,116.0,0.0
2024-03-11,121.0,0.0
2024-03-12,122.5,0.0
2024-03-13,116.5,0.0
2024-03-14,115.5,0.0
2024-03-15,119.5,0.0
2024-03-18,120.0,0.0
2024-03-19,122.5,0.0
2024-03-20,120.0,0.0
2024-03-21,120.5,0.0
2024-03-22,123.0,0.0
2024-03-25,122.0,0.0
2024-03-26,117.0,0.0
2024-03-27,117.0,0.0
2024-03-28,120.5,0.0
2024-03-29,124.5,0.0
2024-04-01,122.5,0.0
2024-04-02,125.0,0.0
2024-04-03,129.5,0.0
2024-04-08,132.0,0.0
2024-04-09,126.0,0.0
2024-04-10,125.5,0.0
2024-04-11,123.0,0.0
2024-04-12,122.5,0.0
2024-04-15,119.5,0.0
2024-04-16,114.0,0.0
2024-04-17,114.5,0.0
2024-04-18,118.0,0.0
2024-04-19,115.0,0.0
2024-04-22,108.5,0.0
2024-04-23,111.0,0.0
2024-04-24,115.5,0.0
2024-04-25,112.0,0.0
2024-04-26,113.0,0.0
2024-04-29,114.0,0.0
2024-04-30,113.5,0.0
2024-05-02,114.5,0.0
2024-05-03,111.0,0.0
2024-05-06,114.0,0.0
2024-05-07,114.5,0.0
2024-05-08,115.0,0.0
2024-05-09,112.0,0.0
2024-05-10,114.0,0.0
2024-05-13,111.0,0.0
2024-05-14,111.5,0.0
2024-05-15,115.0,0.0
2024-05-16,112.0,0.0
2024-05-17,112.0,0.0
2024-05-20,111.0,0.0
2024-05-21,112.5,0.0
2024-05-22,115.0,0.0
2024-05-23,114.0,0.0
2024-05-24,115.0,0.0
2024-05-27,116.5,0.0
2024-05-28,119.0,0.0
2024-05-29,116.0,0.0
2024-05-30,114.0,0.0
2024-05-31,112.0,0.0
2024-06-03,114.0,0.0
2024-06-04,112.5,0.0
2024-06-05,112.0,0.0
2024-06-06,112.0,0.0
2024-06-07,109.5,0.0
2024-06-11,107.5,0.0
2024-06-12,106.5,0.0
2024-06-13,108.5,0.0
2024-06-14,108.5,0.0
2024-06-17,106.5,0.0
2024-06-18,107.0,0.0
2024-06-19,111.0,0.0
2024-06-20,111.5,0.0
2024-06-21,113.0,0.0
2024-06-24,110.0,0.0
2024-06-25,108.0,2.599053
2024-06-26,107.0,0.0
2024-06-27,106.5,0.0
2024-06-28,106.0,0.0
2024-07-01,107.5,0.0
2024-07-02,107.5,0.0
2024-07-03,109.5,0.0
2024-07-04,109.0,0.0
2024-07-05,109.0,0.0
2024-07-08,111.0,0.0
2024-07-09,108.5,0.0
2024-07-10,108.0,0.0
2024-07-11,108.0,0.0
2024-07-12,106.0,0.0
2024-07-15,106.5,0.0
2024-07-16,113.5,0.0
2024-07-17,109.0,0.0
2024-07-18,107.0,0.0
2024-07-19,105.5,0.0
2024-07-22,100.5,0.0
2024-07-23,101.0,0.0
2024-07-26,97.0,0.0
2024-07-29,95.0,0.0
2024-07-30,97.0,0.0
2024-07-31,96.8000030517578,0.0
2024-08-01,100.0,0.0
2024-08-02,96.3000030517578,0.0
2024-08-05,86.69999694824219,0.0
2024-08-06,88.69999694824219,0.0
2024-08-07,97.5,0.0
2024-08-08,94.8000030517578,0.0
2024-08-09,97.3000030517578,0.0
2024-08-12,102.5,0.0
2024-08-13,102.0,0.0
2024-08-14,103.5,0.0
2024-08-15,101.5,0.0
2024-08-16,102.5,0.0
2024-08-19,100.5,0.0
2024-08-20,101.0,0.0
2024-08-21,101.5,0.0
2024-08-22,101.5,0.0
2024-08-23,102.5,0.0
2024-08-26,101.5,0.0
2024-08-27,101.5,0.0
2024-08-28,103.5,0.0
2024-08-29,101.5,0.0
2024-08-30,101.5,0.0
2024-09-02,100.0,0.0
2024-09-03,99.0999984741211,0.0
2024-09-04,94.0,0.0
2024-09-05,94.0,0.0
2024-09-06,98.0,0.0
2024-09-09,96.8000030517578,0.0
2024-09-10,94.3000030517578,0.0
2024-09-11,94.5,0.0
2024-09-12,99.3000030517578,0.0
2024-09-13,101.0,0.0
2024-09-16,103.0,0.0
2024-09-18,101.5,0.0
2024-09-19,102.5,0.0
2024-09-20,101.0,0.0
2024-09-23,101.5,0.0
2024-09-24,102.5,0.0
2024-09-25,104.5,0.0
2024-09-26,103.5,0.0
2024-09-27,104.0,0.0
2024-09-30,101.0,0.0
2024-10-01,101.5,0.0
2024-10-04,100.0,0.0
2024-10-07,102.0,0.0
2024-10-08,102.0,0.0
2024-10-09,105.0,0.0
2024-10-11,108.5,0.0
2024-10-14,109.0,0.0
2024-10-15,109.0,0.0
2024-10-16,109.5,0.0
2024-10-17,110.5,0.0
2024-10-18,109.0,0.0
2024-10-21,110.5,0.0
2024-10-22,113.0,0.0
2024-10-23,113.0,0.0
2024-10-24,109.5,0.0
2024-10-25,115.0,0.0
2024-10-28,113.5,0.0
2024-10-29,112.5,0.0
2024-10-30,111.0,0.0
2024-11-01,115.0,0.0
2024-11-04,116.0,0.0
2024-11-05,118.5,0.0
2024-11-06,119.5,0.0
2024-11-07,120.0,0.0
2024-11-08,123.5,0.0
2024-11-11,122.0,0.0
2024-11-12,117.0,0.0
2024-11-13,121.0,0.0
2024-11-14,118.5,0.0
2024-11-15,117.5,0.0
2024-11-18,113.5,0.0
2024-11-19,114.0,0.0
2024-11-20,114.0,0.0
2024-11-21,114.0,0.0
2024-11-22,118.5,0.0
2024-11-25,124.5,0.0
2024-11-26,120.0,0.0
2024-11-27,112.5,0.0
2024-11-28,113.5,0.0
2024-11-29,113.5,0.0
2024-12-02,114.0,0.0
2024-12-03,115.0,0.0
2024-12-04,116.0,0.0
2024-12-05,117.0,0.0
2024-12-06,119.0,0.0
2024-12-09,118.5,0.0
2024-12-10,116.5,0.0
2024-12-11,114.0,0.0
2024-12-12,113.5,0.0
2024-12-13,111.5,0.0
2024-12-16,106.5,0.0
2024-12-17,108.5,0.0
2024-12-18,108.0,0.0
2024-12-19,106.5,0.0
2024-12-20,106.0,0.0
2024-12-23,108.0,0.0
2024-12-24,107.5,0.0
2024-12-25,108.0,0.0
2024-12-26,106.0,0.0
2024-12-27,106.5,0.0
2024-12-30,104.0,0.0
2024-12-31,104.0,0.0
2025-01-02,103.0,0.0
2025-01-03,105.5,0.0
2025-01-06,106.5,0.0
2025-01-07,107.5,0.0
2025-01-08,107.5,0.0
2025-01-09,104.5,0.0
2025-01-10,103.0,0.0
2025-01-13,103.0,0.0
2025-01-14,104.5,0.0
2025-01-15,101.5,0.0
2025-01-16,104.5,0.0
2025-01-17,105.0,0.0
2025-01-20,112.5,0.0
2025-01-21,111.5,0.0
2025-01-22,110.0,0.0
2025-02-03,100.0,0.0
2025-02-04,99.0,0.0
2025-02-05,102.0,0.0
2025-02-06,103.5,0.0
2025-02-07,104.5,0.0
2025-02-10,104.0,0.0
2025-02-11,108.0,0.0
2025-02-12,108.5,0.0
2025-02-13,112.0,0.0
2025-02-14,111.5,0.0
2025-02-17,113.0,0.0
2025-02-18,116.0,0.0
2025-02-19,116.0,0.0
2025-02-20,116.5,0.0
2025-02-21,117.5,0.0
2025-02-24,115.0,0.0
2025-02-25,112.0,0.0
2025-02-26,115.0,0.0
2025-02-27,112.0,0.0
2025-03-03,107.0,0.0
2025-03-04,108.5,0.0
2025-03-05,110.5,0.0
2025-03-06,107.0,0.0
2025-03-07,107.0,0.0
2025-03-10,106.0,0.0
2025-03-11,104.5,0.0
2025-03-12,104.5,0.0
2025-03-13,104.0,0.0
2025-03-14,104.5,0.0
2025-03-17,106.0,0.0
2025-03-18,107.5,0.0
2025-03-19,103.0,0.0
2025-03-20,105.0,0.0
2025-03-21,105.5,0.0
2025-03-24,103.5,0.0
2025-03-25,103.5,0.0
2025-03-26,105.5,0.0
2025-03-27,104.5,0.0
2025-03-28,100.5,0.0
2025-03-31,95.3000030517578,0.0
2025-04-01,101.5,0.0
2025-04-02,101.0,0.0
2025-04-07,90.9000015258789,0.0
2025-04-08,81.9000015258789,0.0
2025-04-09,74.69999694824219,0.0
2025-04-10,82.0999984741211,0.0
2025-04-11,90.3000030517578,0.0
2025-04-14,97.3000030517578,0.0
2025-04-15,102.5,0.0
2025-04-16,99.6999969482422,0.0
2025-04-17,100.5,0.0
2025-04-18,105.0,0.0
2025-04-21,103.0,0.0
2025-04-22,98.8000030517578,0.0
2025-04-23,102.5,0.0
2025-04-24,101.0,0.0
2025-04-25,102.5,0.0
2025-04-28,102.5,0.0
2025-04-29,104.0,0.0
2025-04-30,101.5,0.0
2025-05-02,105.5,0.0
2025-05-05,103.5,0.0
2025-05-06,109.0,0.0
2025-05-07,106.5,0.0
2025-05-08,107.0,0.0
2025-05-09,107.0,0.0
2025-05-12,108.5,0.0
2025-05-13,108.5,0.0
2025-05-14,114.5,0.0
2025-05-15,111.5,0.0
2025-05-16,111.0,0.0
2025-05-19,109.0,0.0
2025-05-20,109.5,0.0
2025-05-21,113.0,0.0
2025-05-22,113.0,0.0
2025-05-23,113.0,0.0
2025-05-26,116.0,0.0
2025-05-27,115.0,0.0
2025-05-28,115.5,0.0
2025-05-29,116.5,0.0
2025-06-02,115.0,0.0
2025-06-03,109.5,3.799274
2025-06-04,114.0,0.0
2025-06-05,115.0,0.0
2025-06-06,110.0,0.0
2025-06-09,113.5,0.0
2025-06-10,114.5,0.0
2025-06-11,115.0,0.0
2025-06-12,116.5,0.0
2025-06-13,118.5,0.0
2025-06-16,119.0,0.0
2025-06-17,118.0,0.0
2025-06-18,116.0,0.0
2025-06-19,115.5,0.0
2025-06-20,118.5,0.0
2025-06-23,118.5,0.0
2025-06-24,120.0,0.0
2025-06-25,125.5,0.0
2025-06-26,125.0,0.0
2025-06-27,121.0,0.0
2025-06-30,122.5,0.0
2025-07-01,120.0,0.0
2025-07-02,120.0,0.0
2025-07-03,121.0,0.0
2025-07-04,119.0,0.0
2025-07-07,118.0,0.0
2025-07-08,118.5,0.0
2025-07-09,120.5,0.0
2025-07-10,120.0,0.0
2025-07-11,119.5,0.0
2025-07-14,117.0,0.0
2025-07-15,120.0,0.0
2025-07-16,118.0,0.0
2025-07-17,118.0,0.0
2025-07-18,119.0,0.0
2025-07-21,118.5,0.0
2025-07-22,114.5,0.0
2025-07-23,116.0,0.0
2025-07-24,117.0,0.0
2025-07-25,116.5,0.0
2025-07-28,120.0,0.0
2025-07-29,120.5,0.0
2025-07-30,120.5,0.0
2025-07-31,123.0,0.0
2025-08-04,119.5,0.0
2025-08-05,124.0,0.0
2025-08-06,122.5,0.0
2025-08-07,123.5,0.0
2025-08-08,124.5,0.0
2025-08-11,127.5,0.0
2025-08-12,126.0,0.0
2025-08-13,117.5,0.0
2025-08-14,116.5,0.0
2025-08-15,116.5,0.0
2025-08-18,116.0,0.0
2025-08-19,115.5,0.0
2025-08-20,113.5,0.0
2025-08-21,111.5,0.0
2025-08-22,112.0,0.0
2025-08-25,113.5,0.0
2025-08-26,113.0,0.0
2025-08-27,115.0,0.0
2025-08-28,115.0,0.0
2025-08-29,113.0,0.0
2025-09-01,109.5,0.0
2025-09-02,110.0,0.0
2025-09-03,110.0,0.0
2025-09-04,113.0,0.0
2025-09-05,115.5,0.0
2025-09-08,114.5,0.0
2025-09-09,116.0,0.0
2025-09-10,120.0,0.0
2025-09-11,119.0,0.0
2025-09-12,120.0,0.0
2025-09-15,119.5,0.0
2025-09-16,118.0,0.0
2025-09-17,119.0,0.0
2025-09-18,120.0,0.0
2025-09-19,121.0,0.0
2025-09-22,121.5,0.0
2025-09-23,122.5,0.0
2025-09-24,121.5,0.0
2025-09-25,125.5,0.0
2025-09-26,128.0,0.0
2025-09-30,140.5,0.0
2025-10-01,146.0,0.0
2025-10-02,149.5,0.0
2025-10-03,153.5,0.0
2025-10-07,156.0,0.0
2025-10-08,150.5,0.0
2025-10-09,151.0,0.0
2025-10-13,145.5,0.0
2025-10-14,138.0,0.0
2025-10-15,138.0,0.0
2025-10-16,139.5,0.0
2025-10-17,136.5,0.0
2025-10-20,142.0,0.0
2025-10-21,142.5,0.0
2025-10-22,143.5,0.0
2025-10-23,143.0,0.0
2025-10-27,146.5,0.0
2025-10-28,148.0,0.0
2025-10-29,152.5,0.0
2025-10-30,155.0,0.0
2025-10-31,150.5,0.0
2025-11-03,143.5,0.0
2025-11-04,139.0,0.0
2025-11-05,137.5,0.0
2025-11-06,142.0,0.0
2025-11-07,137.5,0.0
2025-11-10,138.5,0.0
2025-11-11,144.5,0.0
2025-11-12,139.0,0.0
2025-11-13,144.0,0.0
2025-11-14,140.5,0.0
2025-11-17,138.0,0.0
2025-11-18,137.0,0.0
2025-11-19,137.0,0.0
2025-11-20,143.0,0.0
2025-11-21,139.0,0.0
2025-11-24,139.0,0.0
2025-11-25,139.5,0.0
2025-11-26,142.5,0.0
2025-11-27,145.5,0.0
2025-11-28,144.5,0.0
2025-12-01,141.0,0.0
2025-12-02,143.0,0.0
2025-12-03,145.0,0.0
2025-12-04,146.0,0.0
2025-12-05,151.0,0.0
2025-12-08,149.0,0.0
2025-12-09,149.5,0.0
2025-12-10,147.5,0.0
2025-12-11,144.0,0.0
2025-12-12,143.5,0.0
2025-12-15,141.5,0.0
2025-12-16,139.0,0.0
2025-12-17,138.0,0.0
2025-12-18,139.5,0.0
2025-12-19,144.0,0.0
2025-12-22,146.5,0.0
2025-12-23,145.0,0.0
2025-12-24,145.5,0.0
2025-12-26,146.5,0.0
2025-12-29,146.0,0.0
2025-12-30,147.0,0.0
2025-12-31,150.5,0.0
2026-01-02,155.0,0.0
2026-01-05,155.0,0.0
2026-01-06,154.5,0.0
2026-01-07,158.5,0.0
2026-01-08,151.0,0.0
2026-01-09,149.0,0.0
2026-01-12,146.0,0.0
2026-01-13,143.5,0.0
2026-01-14,146.0,0.0
2026-01-15,143.5,0.0
2026-01-16,145.0,0.0
2026-01-19,138.5,0.0
2026-01-20,136.0,0.0
2026-01-21,133.5,0.0
2026-01-22,135.5,0.0
2026-01-23,136.5,0.0
2026-01-26,136.5,0.0
2026-01-27,134.5,0.0
2026-01-28,134.5,0.0
2026-01-29,132.5,0.0
2026-01-30,130.5,0.0
2026-02-02,128.0,0.0
2026-02-03,128.5,0.0
2026-02-04,129.0,0.0
2026-02-05,127.5,0.0
2026-02-06,129.0,0.0
2026-02-09,131.0,0.0
2026-02-10,129.5,0.0
2026-02-11,131.5,0.0
2026-02-23,129.5,0.0
2026-02-24,131.0,0.0
2026-02-25,138.0,0.0
2026-02-26,136.0,0.0
2026-03-02,135.0,0.0
2026-03-03,131.5,0.0
2026-03-04,125.0,0.0
2026-03-05,128.5,0.0
2026-03-06,130.5,0.0
2026-03-09,127.5,0.0
2026-03-10,129.0,0.0
2026-03-11,133.0,0.0
2026-03-12,132.5,0.0
2026-03-13,134.0,0.0
2026-03-16,135.0,0.0
2026-03-17,134.0,0.0
2026-03-18,130.5,0.0
2026-03-19,127.5,0.0
2026-03-20,130.0,0.0
2026-03-23,125.5,0.0
2026-03-24,129.0,0.0
2026-03-25,128.0,0.0
2026-03-26,127.0,0.0
2026-03-27,127.0,0.0
2026-03-30,125.5,0.0
2026-03-31,122.5,0.0
2026-04-01,127.0,0.0
2026-04-02,125.0,0.0
2026-04-07,123.5,0.0
2026-04-08,131.0,0.0
2026-04-09,132.5,0.0
2026-04-10,135.0,0.0
2026-04-13,134.5,0.0
2026-04-14,136.5,0.0
2026-04-15,133.0,0.0
2026-04-16,134.0,0.0
2026-04-17,136.5,0.0
2026-04-20,140.5,0.0
2026-04-21,144.5,0.0
2026-04-22,144.0,0.0
2026-04-23,139.5,0.0
2026-04-24,141.5,0.0
2026-04-27,142.5,0.0
2026-04-28,140.5,0.0
2026-04-29,140.5,0.0
2026-04-30,137.0,0.0
2026-05-04,140.5,0.0
2026-05-05,142.0,0.0
2026-05-06,146.5,0.0
2026-05-07,146.0,0.0
2026-05-08,146.5,0.0
2026-05-11,139.0,0.0
2026-05-12,141.5,0.0
2026-05-13,140.5,0.0
2026-05-14,138.0,0.0
2026-05-15,135.5,0.0
2026-05-18,135.5,0.0
2026-05-19,132.5,0.0
2026-05-20,132.5,0.0
2026-05-21,140.0,0.0
2026-05-22,144.5,0.0
2026-05-25,149.0,0.0
2026-05-26,146.0,0.0
2026-05-27,145.0,0.0
2026-05-28,144.5,0.0
2026-05-29,158.5,0.0
2026-06-01,174.0,0.0
2026-06-02,191.0,0.0
2026-06-03,194.0,0.0
2026-06-04,176.0,0.0
2026-06-05,171.0,0.0
2026-06-08,163.5,0.0
2026-06-09,165.5,0.0
2026-06-10,158.0,0.0
2026-06-11,152.5,0.0
2026-06-12,156.0,0.0
2026-06-15,161.5,0.0
2026-06-16,158.0,0.0
2026-06-17,162.5,0.0
2026-06-18,161.5,0.0
2026-06-22,162.5,0.0
2026-06-23,158.5,0.0
2026-06-24,157.5,0.0
2026-06-25,160.0,0.0
2026-06-26,153.0,0.0
2026-06-29,154.5,0.0
2026-06-30,158.5,0.0
2026-07-01,159.5,0.0
2026-07-02,158.5,0.0
2026-07-03,159.0,0.0
2026-07-06,158.0,0.0
2026-07-07,155.5,0.0
2026-07-08,146.5,5.500623
2026-07-09,144.5,0.0
2026-07-10,144.5,0.0
2026-07-13,143.5,0.0
2026-07-14,142.5,0.0
2026-07-15,145.5,0.0
2026-07-16,146.5,0.0
2026-07-17,139.0,0.0
2026-07-20,143.5,0.0
2026-07-21,149.5,0.0
2026-07-22,164.0,0.0
2026-07-23,173.5,0.0
2026-07-24,179.0,0.0
2026-07-27,177.0,0.0
2026-07-28,170.0,0.0
2026-07-29,169.5,0.0
2026-07-30,160.0,0.0
2026-07-31,176.0,0.0
2026-08-03,186.0,0.0
2026-08-04,195.0,0.0
2026-08-05,193.0,0.0
2026-08-06,189.5,0.0
2026-08-07,183.5,0.0
2026-08-10,193.0,0.0
2026-08-11,191.0,0.0
2026-08-12,193.5,0.0
2026-08-13,197.0,0.0
2026-08-14,193.5,0.0
2026-08-17,187.0,0.0
