Date,Close,Dividends
2007-12-31,12.646909713745115,0.0
2008-01-02,13.510259628295898,0.0
2008-01-03,13.25358772277832,0.0
2008-01-04,13.020251274108888,0.0
2008-01-07,12.110233306884766,0.0
2008-01-08,12.1802339553833,0.0
2008-01-09,12.1802339553833,0.0
2008-01-10,12.39023780822754,0.0
2008-01-11,12.576909065246582,0.0
2008-01-14,12.156901359558104,0.0
2008-01-15,12.576909065246582,0.0
2008-01-16,11.946895599365234,0.0
2008-01-17,11.92356300354004,0.0
2008-01-18,11.806894302368164,0.0
2008-01-21,11.900229454040527,0.0
2008-01-22,11.130213737487791,0.0
2008-01-23,10.406867027282717,0.0
2008-01-24,10.406867027282717,0.0
2008-01-25,10.780206680297852,0.0
2008-01-28,10.266863822937012,0.0
2008-01-29,9.893524169921877,0.0
2008-01-30,9.240178108215332,0.0
2008-01-31,8.6101655960083,0.0
2008-02-01,9.193510055541992,0.0
2008-02-12,9.823521614074709,0.0
2008-02-13,10.500202178955078,0.0
2008-02-14,11.223548889160156,0.0
2008-02-15,11.993563652038574,0.0
2008-02-18,12.810246467590332,0.0
2008-02-19,13.696929931640623,0.0
2008-02-20,13.906933784484863,0.0
2008-02-21,13.86026668548584,0.0
2008-02-22,14.443611145019531,0.0
2008-02-25,14.466944694519045,0.0
2008-02-26,13.720264434814451,0.0
2008-02-27,14.14027214050293,0.0
2008-02-29,14.233607292175291,0.0
2008-03-03,15.21362590789795,0.0
2008-03-04,14.70028305053711,0.0
2008-03-05,14.70028305053711,0.0
2008-03-06,14.37360954284668,0.0
2008-03-07,14.70028305053711,0.0
2008-03-10,14.18694019317627,0.0
2008-03-11,14.16360569000244,0.0
2008-03-12,15.143625259399414,0.0
2008-03-13,14.840286254882812,0.0
2008-03-14,14.513612747192385,0.0
2008-03-17,13.533594131469728,0.0
2008-03-18,13.206920623779297,0.0
2008-03-19,13.183587074279783,0.0
2008-03-20,13.020251274108888,0.0
2008-03-21,13.30025577545166,0.0
2008-03-24,14.210272789001465,0.0
2008-03-25,14.513612747192385,0.0
2008-03-26,14.37360954284668,0.0
2008-03-27,14.67694854736328,0.0
2008-03-28,14.513612747192385,0.0
2008-03-31,14.303608894348145,0.0
2008-04-01,13.790265083312988,0.0
2008-04-02,13.86026668548584,0.0
2008-04-03,13.906933784484863,0.0
2008-04-07,14.863618850708008,0.0
2008-04-08,14.280275344848633,0.0
2008-04-09,14.18694019317627,0.0
2008-04-10,14.466944694519045,0.0
2008-04-11,14.70028305053711,0.0
2008-04-14,14.793618202209473,0.0
2008-04-15,15.820304870605469,0.0
2008-04-16,16.9169921875,0.0
2008-04-17,17.360334396362305,0.0
2008-04-18,18.01367950439453,0.0
2008-04-21,16.7536563873291,0.0
2008-04-22,17.126995086669922,0.0
2008-04-23,16.84699058532715,0.0
2008-04-24,18.01367950439453,0.0
2008-04-25,19.2737045288086,0.0
2008-04-28,18.83036231994629,0.0
2008-04-29,20.13705444335937,0.0
2008-04-30,19.97371864318848,0.0
2008-05-02,20.067052841186523,0.0
2008-05-05,20.41706085205078,0.0
2008-05-06,19.5537109375,0.0
2008-05-07,19.60037612915039,0.0
2008-05-08,19.8803825378418,0.0
2008-05-09,19.22703742980957,0.0
2008-05-12,20.55706214904785,0.0
2008-05-13,20.207056045532227,0.0
2008-05-14,20.207056045532227,0.0
2008-05-15,19.92704963684082,0.0
2008-05-16,20.0203857421875,0.0
2008-05-19,20.11372184753418,0.0
2008-05-20,19.60037612915039,0.0
2008-05-21,19.46037483215332,0.0
2008-05-22,18.433687210083008,0.0
2008-05-23,17.15032958984375,0.0
2008-05-26,15.983640670776367,0.0
2008-05-27,16.566986083984375,0.0
2008-05-28,16.05364227294922,0.0
2008-05-29,15.493632316589355,0.0
2008-05-30,16.100309371948242,0.0
2008-06-02,16.216978073120117,0.0
2008-06-03,17.336999893188477,0.0
2008-06-04,16.473649978637695,0.0
2008-06-05,16.333648681640625,0.0
2008-06-06,16.38031578063965,0.0
2008-06-09,15.84363842010498,0.0
2008-06-10,15.866971969604492,0.0
2008-06-11,14.840286254882812,0.0
2008-06-12,13.86026668548584,0.0
2008-06-13,14.000268936157228,0.0
2008-06-16,13.906933784484863,0.0
2008-06-17,13.906933784484863,0.0
2008-06-18,14.70028305053711,0.0
2008-06-19,14.14027214050293,0.0
2008-06-20,13.766931533813477,0.0
2008-06-23,13.533594131469728,0.0
2008-06-24,14.466944694519045,0.0
2008-06-25,14.65361499786377,0.0
2008-06-26,14.65361499786377,0.0
2008-06-27,13.650262832641602,0.0
2008-06-30,12.716911315917969,0.0
2008-07-01,11.830227851867676,0.0
2008-07-02,12.040231704711914,0.0
2008-07-03,12.880248069763184,0.0
2008-07-04,12.646909713745115,0.0
2008-07-07,13.06691837310791,0.0
2008-07-08,12.460240364074709,0.0
2008-07-09,12.833580017089844,0.0
2008-07-10,13.603594779968262,0.0
2008-07-11,13.393590927124023,0.0
2008-07-14,13.673596382141112,0.0
2008-07-15,12.833580017089844,0.0
2008-07-16,12.903581619262695,0.0
2008-07-17,13.25358772277832,0.0
2008-07-18,12.78691291809082,0.0
2008-07-21,13.160252571105955,0.0
2008-07-22,13.160252571105955,0.0
2008-07-23,14.070270538330078,0.0
2008-07-24,14.093605041503906,0.0
2008-07-25,14.233607292175291,0.0
2008-07-28,14.233607292175291,0.0
2008-07-29,14.233607292175291,0.0
2008-07-30,14.233607292175291,0.0
2008-07-31,14.233607292175291,0.0
2008-08-01,14.233607292175291,0.0
2008-08-04,14.233607292175291,0.0
2008-08-05,14.233607292175291,0.0
2008-08-06,14.233607292175291,0.0
2008-08-07,14.233607292175291,0.0
2008-08-08,14.233607292175291,0.0
2008-08-11,14.233607292175291,0.0
2008-08-12,14.233607292175291,0.0
2008-08-13,14.233607292175291,0.0
2008-08-14,14.233607292175291,0.0
2008-08-15,14.233607292175291,0.0
2008-08-18,13.30025577545166,0.0
2008-08-19,13.346922874450684,0.0
2008-08-20,13.486926078796388,0.0
2008-08-21,13.206920623779297,0.0
2008-08-22,12.903581619262695,0.0
2008-08-25,12.973583221435549,0.0
2008-08-26,12.880248069763184,0.0
2008-08-27,13.183587074279783,0.0
2008-08-28,13.020251274108888,0.0
2008-08-29,12.880248069763184,0.0
2008-09-01,12.413572311401367,0.0
2008-09-02,12.22690200805664,0.0
2008-09-03,11.386885643005373,0.0
2008-09-04,10.59353733062744,0.0
2008-09-05,10.126860618591309,0.0
2008-09-08,10.826874732971191,0.0
2008-09-09,10.173528671264648,0.0
2008-09-10,10.453534126281738,0.0
2008-09-11,10.033526420593262,0.0
2008-09-12,9.986859321594238,0.0
2008-09-15,9.310178756713867,0.0
2008-09-16,8.680167198181152,0.0
2008-09-17,8.166824340820312,0.0
2008-09-18,7.606812953948975,0.0
2008-09-19,8.120156288146973,0.0
2008-09-22,8.680167198181152,0.0
2008-09-23,9.286845207214355,0.0
2008-09-24,9.91685676574707,0.0
2008-09-25,9.893524169921877,0.0
2008-09-26,9.333513259887695,0.0
2008-09-29,9.333513259887695,0.0
2008-09-30,9.286845207214355,0.0
2008-10-01,9.91685676574707,0.0
2008-10-02,9.986859321594238,0.0
2008-10-03,10.266863822937012,0.0
2008-10-06,9.800188064575195,0.0
2008-10-07,10.47686767578125,0.0
2008-10-08,9.940191268920898,0.0
2008-10-09,9.566850662231444,0.0
2008-10-13,9.333513259887695,0.0
2008-10-14,9.986859321594238,0.0
2008-10-15,9.800188064575195,0.0
2008-10-16,9.473514556884766,0.0
2008-10-17,9.193510055541992,0.0
2008-10-20,9.123509407043455,0.0
2008-10-21,9.356846809387209,0.0
2008-10-22,9.800188064575195,0.0
2008-10-23,9.613517761230469,0.0
2008-10-24,9.286845207214355,0.0
2008-10-27,8.656832695007324,0.0
2008-10-28,8.913504600524902,0.0
2008-10-29,8.493496894836426,0.0
2008-10-30,9.076841354370115,0.0
2008-10-31,9.613517761230469,0.0
2008-11-03,9.73018741607666,0.0
2008-11-04,10.406867027282717,0.0
2008-11-05,10.873541831970217,0.0
2008-11-06,11.433552742004396,0.0
2008-11-07,11.433552742004396,0.0
2008-11-10,11.130213737487791,0.0
2008-11-11,10.360198974609377,0.0
2008-11-12,10.570202827453612,0.0
2008-11-13,10.29019832611084,0.0
2008-11-14,10.430200576782228,0.0
2008-11-17,10.360198974609377,0.0
2008-11-18,9.636852264404297,0.0
2008-11-19,9.38018035888672,0.0
2008-11-20,8.89017105102539,0.0
2008-11-21,9.40351390838623,0.0
2008-11-24,9.100174903869627,0.0
2008-11-25,9.333513259887695,0.0
2008-11-26,9.473514556884766,0.0
2008-11-27,9.846856117248535,0.0
2008-11-28,9.613517761230469,0.0
2008-12-01,9.636852264404297,0.0
2008-12-02,9.053506851196287,0.0
2008-12-03,8.913504600524902,0.0
2008-12-04,9.053506851196287,0.0
2008-12-05,9.100174903869627,0.0
2008-12-08,9.566850662231444,0.0
2008-12-09,9.566850662231444,0.0
2008-12-10,9.986859321594238,0.0
2008-12-11,9.706852912902832,0.0
2008-12-12,9.146842956542969,0.0
2008-12-15,9.310178756713867,0.0
2008-12-16,9.263510704040527,0.0
2008-12-17,9.333513259887695,0.0
2008-12-18,9.40351390838623,0.0
2008-12-19,9.613517761230469,0.0
2008-12-22,9.800188064575195,0.0
2008-12-23,9.263510704040527,0.0
2008-12-24,9.286845207214355,0.0
2008-12-25,9.566850662231444,0.0
2008-12-26,9.38018035888672,0.0
2008-12-29,9.42684841156006,0.0
2008-12-30,9.613517761230469,0.0
2008-12-31,10.266863822937012,0.0
2009-01-02,10.266863822937012,0.0
2009-01-05,10.313531875610352,0.0
2009-01-06,10.033526420593262,0.0
2009-01-07,10.033526420593262,0.0
2009-01-08,9.38018035888672,0.0
2009-01-09,9.73018741607666,0.0
2009-01-12,9.473514556884766,0.0
2009-01-13,9.520182609558104,0.0
2009-01-14,9.45018196105957,0.0
2009-01-15,9.240178108215332,0.0
2009-01-16,9.240178108215332,0.0
2009-01-19,9.333513259887695,0.0
2009-01-20,9.146842956542969,0.0
2009-01-21,9.146842956542969,0.0
2009-02-02,9.146842956542969,0.0
2009-02-03,9.333513259887695,0.0
2009-02-04,9.333513259887695,0.0
2009-02-05,9.45018196105957,0.0
2009-02-06,9.613517761230469,0.0
2009-02-09,9.473514556884766,0.0
2009-02-10,9.590184211730955,0.0
2009-02-11,9.706852912902832,0.0
2009-02-12,9.893524169921877,0.0
2009-02-13,9.893524169921877,0.0
2009-02-16,9.870189666748049,0.0
2009-02-17,9.520182609558104,0.0
2009-02-18,9.473514556884766,0.0
2009-02-19,9.520182609558104,0.0
2009-02-20,9.40351390838623,0.0
2009-02-23,9.753520965576172,0.0
2009-02-24,9.800188064575195,0.0
2009-02-25,9.753520965576172,0.0
2009-02-26,9.753520965576172,0.0
2009-02-27,9.940191268920898,0.0
2009-03-02,9.660185813903809,0.0
2009-03-03,9.613517761230469,0.0
2009-03-04,9.753520965576172,0.0
2009-03-05,9.870189666748049,0.0
2009-03-06,10.546870231628418,0.0
2009-03-09,11.03687858581543,0.0
2009-03-10,10.733539581298828,0.0
2009-03-11,10.430200576782228,0.0
2009-03-12,10.406867027282717,0.0
2009-03-13,10.64020538330078,0.0
2009-03-16,11.10688018798828,0.0
2009-03-17,11.200215339660645,0.0
2009-03-18,11.060213088989258,0.0
2009-03-19,11.176881790161133,0.0
2009-03-20,10.99021053314209,0.0
2009-03-23,11.526887893676758,0.0
2009-03-24,11.386885643005373,0.0
2009-03-25,12.1802339553833,0.0
2009-03-26,13.020251274108888,0.0
2009-03-27,13.930268287658691,0.0
2009-03-30,14.37360954284668,0.0
2009-03-31,13.86026668548584,0.0
2009-04-02,15.166958808898926,0.0
2009-04-03,14.746950149536133,0.0
2009-04-06,15.353629112243652,0.0
2009-04-07,16.426982879638672,0.0
2009-04-08,17.570337295532227,0.0
2009-04-09,17.500337600708008,0.0
2009-04-10,18.66702651977539,0.0
2009-04-13,18.45702171325684,0.0
2009-04-14,18.90036392211914,0.0
2009-04-15,18.01367950439453,0.0
2009-04-16,17.500337600708008,0.0
2009-04-17,16.28697967529297,0.0
2009-04-20,15.353629112243652,0.0
2009-04-21,16.426982879638672,0.0
2009-04-22,17.47700309753418,0.0
2009-04-23,16.84699058532715,0.0
2009-04-24,16.566986083984375,0.0
2009-04-27,16.146976470947266,0.0
2009-04-28,15.026955604553224,0.0
2009-04-29,13.976936340332031,0.0
2009-04-30,14.933621406555176,0.0
2009-05-04,14.70028305053711,0.0
2009-05-05,14.910286903381348,0.0
2009-05-06,15.073622703552246,0.0
2009-05-07,15.330294609069824,0.0
2009-05-08,15.330294609069824,0.0
2009-05-11,15.58696746826172,0.0
2009-05-12,14.65361499786377,0.0
2009-05-13,14.70028305053711,0.0
2009-05-14,14.816951751708984,0.0
2009-05-15,14.606947898864746,0.0
2009-05-18,14.746950149536133,0.0
2009-05-19,14.630282402038574,0.0
2009-05-20,15.003622055053713,0.0
2009-05-21,14.630282402038574,0.0
2009-05-22,14.67694854736328,0.0
2009-05-25,14.023603439331056,0.0
2009-05-26,14.116937637329102,0.0
2009-05-27,14.466944694519045,0.0
2009-06-01,15.470297813415527,0.0
2009-06-02,14.770283699035645,0.0
2009-06-03,14.326942443847656,0.0
2009-06-04,14.16360569000244,0.0
2009-06-05,14.37360954284668,0.0
2009-06-08,14.466944694519045,0.0
2009-06-09,14.046936988830566,0.0
2009-06-10,13.533594131469728,0.0
2009-06-11,14.000268936157228,0.0
2009-06-12,13.953601837158203,0.0
2009-06-15,13.30025577545166,0.0
2009-06-16,13.30025577545166,0.0
2009-06-17,14.210272789001465,0.0
2009-06-18,13.766931533813477,0.0
2009-06-19,13.86026668548584,0.0
2009-06-22,14.000268936157228,0.0
2009-06-23,13.906933784484863,0.0
2009-06-24,13.976936340332031,0.0
2009-06-25,14.023603439331056,0.0
2009-06-26,15.003622055053713,0.0
2009-06-29,14.326942443847656,0.0
2009-06-30,14.233607292175291,0.0
2009-07-01,14.280275344848633,0.0
2009-07-02,14.910286903381348,0.0
2009-07-03,15.633633613586426,0.0
2009-07-06,16.310314178466797,0.0
2009-07-07,15.89030647277832,0.0
2009-07-08,16.38031578063965,0.0
2009-07-09,17.523670196533203,0.0
2009-07-10,17.2203311920166,0.0
2009-07-13,16.030309677124023,0.0
2009-07-14,17.033660888671875,0.0
2009-07-15,17.687007904052734,0.0
2009-07-16,17.266998291015625,0.0
2009-07-17,17.733675003051758,0.0
2009-07-20,18.57369041442871,0.0
2009-07-21,17.733675003051758,0.0
2009-07-22,17.266998291015625,0.08792
2009-07-23,17.08032989501953,0.0
2009-07-24,17.033660888671875,0.0
2009-07-27,17.733675003051758,0.0
2009-07-28,17.266998291015625,0.0
2009-07-29,17.31366729736328,0.0
2009-07-30,17.757009506225586,0.0
2009-07-31,18.27035140991211,0.0
2009-08-03,18.24701881408692,0.0
2009-08-04,17.45366859436035,0.0
2009-08-05,16.706987380981445,0.0
2009-08-06,17.290332794189453,0.0
2009-08-10,17.266998291015625,0.0
2009-08-11,17.266998291015625,0.0
2009-08-12,17.2203311920166,0.0
2009-08-13,17.266998291015625,0.0
2009-08-14,17.173664093017578,0.0
2009-08-17,16.4503173828125,0.0
2009-08-18,16.26364517211914,0.0
2009-08-19,16.100309371948242,0.0
2009-08-20,15.726968765258787,0.0
2009-08-21,16.006975173950195,0.0
2009-08-24,16.216978073120117,0.0
2009-08-25,16.52031707763672,0.0
2009-08-26,16.566986083984375,0.0
2009-08-27,15.913640022277832,0.0
2009-08-28,15.773636817932127,0.0
2009-08-31,15.726968765258787,0.0
2009-09-01,16.030309677124023,0.0
2009-09-02,17.033660888671875,0.0
2009-09-03,16.636987686157227,0.0
2009-09-04,16.333648681640625,0.0
2009-09-07,16.146976470947266,0.0
2009-09-08,16.030309677124023,0.0
2009-09-09,16.100309371948242,0.0
2009-09-10,15.773636817932127,0.0
2009-09-11,15.820304870605469,0.0
2009-09-14,16.193645477294922,0.0
2009-09-15,16.403648376464844,0.0
2009-09-16,16.240312576293945,0.0
2009-09-17,16.076976776123047,0.0
2009-09-18,16.100309371948242,0.0
2009-09-21,16.706987380981445,0.0
2009-09-22,16.333648681640625,0.0
2009-09-23,15.913640022277832,0.0
2009-09-24,15.423629760742188,0.0
2009-09-25,14.840286254882812,0.0
2009-09-28,14.513612747192385,0.0
2009-09-29,14.583614349365234,0.0
2009-09-30,14.65361499786377,0.0
2009-10-01,14.513612747192385,0.0
2009-10-02,14.886953353881836,0.0
2009-10-05,14.840286254882812,0.0
2009-10-06,15.470297813415527,0.0
2009-10-07,15.330294609069824,0.0
2009-10-08,15.960307121276855,0.0
2009-10-09,15.84363842010498,0.0
2009-10-12,16.05364227294922,0.0
2009-10-13,16.800323486328125,0.0
2009-10-14,16.706987380981445,0.0
2009-10-15,16.12364387512207,0.0
2009-10-16,16.26364517211914,0.0
2009-10-19,16.84699058532715,0.0
2009-10-20,16.6136531829834,0.0
2009-10-21,16.473649978637695,0.0
2009-10-22,16.240312576293945,0.0
2009-10-23,16.28697967529297,0.0
2009-10-26,16.38031578063965,0.0
2009-10-27,16.403648376464844,0.0
2009-10-28,16.4503173828125,0.0
2009-10-29,15.936972618103027,0.0
2009-10-30,15.773636817932127,0.0
2009-11-02,15.376962661743164,0.0
2009-11-03,15.21362590789795,0.0
2009-11-04,14.886953353881836,0.0
2009-11-05,15.190292358398438,0.0
2009-11-06,15.05029010772705,0.0
2009-11-09,14.840286254882812,0.0
2009-11-10,14.980287551879885,0.0
2009-11-11,14.863618850708008,0.0
2009-11-12,14.863618850708008,0.0
2009-11-13,14.933621406555176,0.0
2009-11-16,14.933621406555176,0.0
2009-11-17,14.840286254882812,0.0
2009-11-18,15.21362590789795,0.0
2009-11-19,14.980287551879885,0.0
2009-11-20,14.886953353881836,0.0
2009-11-23,14.840286254882812,0.0
2009-11-24,14.863618850708008,0.0
2009-11-25,15.120290756225586,0.0
2009-11-26,16.170310974121094,0.0
2009-11-27,16.636987686157227,0.0
2009-11-30,16.84699058532715,0.0
2009-12-01,18.01367950439453,0.0
2009-12-02,19.2737045288086,0.0
2009-12-03,19.13370132446289,0.0
2009-12-04,20.39372634887696,0.0
2009-12-07,21.81708717346192,0.0
2009-12-08,21.91042137145996,0.0
2009-12-09,22.30709648132324,0.0
2009-12-10,20.90706825256348,0.0
2009-12-11,21.09374046325684,0.0
2009-12-14,21.98042297363281,0.0
2009-12-15,21.467079162597656,0.0
2009-12-16,21.233741760253903,0.0
2009-12-17,21.233741760253903,0.0
2009-12-18,20.30039024353028,0.0
2009-12-21,20.627063751220703,0.0
2009-12-22,20.7903995513916,0.0
2009-12-23,20.55706214904785,0.0
2009-12-24,21.09374046325684,0.0
2009-12-25,21.513748168945312,0.0
2009-12-28,20.930402755737305,0.0
2009-12-29,20.55706214904785,0.0
2009-12-30,20.58039665222168,0.0
2009-12-31,20.463727951049805,0.0
2010-01-04,19.577043533325195,0.0
2010-01-05,19.60037612915039,0.0
2010-01-06,19.13370132446289,0.0
2010-01-07,18.76036071777344,0.0
2010-01-08,19.69371223449707,0.0
2010-01-11,19.43704032897949,0.0
2010-01-12,19.997051239013672,0.0
2010-01-13,19.507041931152344,0.0
2010-01-14,19.833715438842773,0.0
2010-01-15,20.067052841186523,0.0
2010-01-18,19.78704833984375,0.0
2010-01-19,19.97371864318848,0.0
2010-01-20,21.04707145690918,0.0
2010-01-21,20.1837215423584,0.0
2010-01-22,19.78704833984375,0.0
2010-01-25,19.36704063415528,0.0
2010-01-26,18.64369201660156,0.0
2010-01-27,17.873676300048828,0.0
2010-01-28,18.20034980773925,0.0
2010-01-29,17.733675003051758,0.0
2010-02-01,17.920345306396484,0.0
2010-02-02,17.500337600708008,0.0
2010-02-03,17.033660888671875,0.0
2010-02-04,17.31366729736328,0.0
2010-02-05,16.12364387512207,0.0
2010-02-08,15.680301666259766,0.0
2010-02-09,16.333648681640625,0.0
2010-02-10,17.47700309753418,0.0
2010-02-22,17.873676300048828,0.0
2010-02-23,17.64034080505371,0.0
2010-02-24,17.733675003051758,0.0
2010-02-25,17.407001495361328,0.0
2010-02-26,17.80367660522461,0.0
2010-03-01,17.897010803222656,0.0
2010-03-02,18.27035140991211,0.0
2010-03-03,18.480356216430664,0.0
2010-03-04,17.967012405395508,0.0
2010-03-05,18.01367950439453,0.0
2010-03-08,18.36368751525879,0.0
2010-03-09,18.90036392211914,0.0
2010-03-10,18.807029724121094,0.0
2010-03-11,19.670379638671875,0.0
2010-03-12,19.903717041015625,0.0
2010-03-15,19.78704833984375,0.0
2010-03-16,19.48370742797852,0.0
2010-03-17,19.507041931152344,0.0
2010-03-18,19.833715438842773,0.0
2010-03-19,19.76371383666992,0.0
2010-03-22,19.76371383666992,0.0
2010-03-23,20.487060546875,0.0
2010-03-24,20.39372634887696,0.0
2010-03-25,20.627063751220703,0.0
2010-03-26,20.697065353393555,0.0
2010-03-29,21.91042137145996,0.0
2010-03-30,21.39707946777344,0.0
2010-03-31,21.60708236694336,0.0
2010-04-01,21.42041206359864,0.0
2010-04-02,21.16374015808105,0.0
2010-04-06,21.00040435791016,0.0
2010-04-07,21.187074661254883,0.0
2010-04-08,21.187074661254883,0.0
2010-04-09,21.98042297363281,0.0
2010-04-12,21.747085571289062,0.0
2010-04-13,21.490413665771484,0.0
2010-04-14,22.353763580322266,0.0
2010-04-15,23.52045249938965,0.0
2010-04-16,23.70712280273437,0.0
2010-04-19,22.867107391357425,0.0
2010-04-20,22.63376808166504,0.0
2010-04-21,23.240447998046875,0.0
2010-04-22,23.473785400390625,0.0
2010-04-23,23.613788604736328,0.0
2010-04-26,23.613788604736328,0.0
2010-04-27,23.473785400390625,0.0
2010-04-28,23.10044479370117,0.0
2010-04-29,23.077110290527344,0.0
2010-04-30,22.42376518249512,0.0
2010-05-03,22.517099380493164,0.0
2010-05-04,22.40043067932129,0.0
2010-05-05,21.187074661254883,0.0
2010-05-06,20.30039024353028,0.0
2010-05-07,20.41706085205078,0.0
2010-05-10,21.81708717346192,0.0
2010-05-11,21.09374046325684,0.0
2010-05-12,20.953737258911133,0.0
2010-05-13,21.187074661254883,0.0
2010-05-14,21.37374496459961,0.0
2010-05-17,20.90706825256348,0.0
2010-05-18,21.653749465942383,0.0
2010-05-19,21.44374656677246,0.0
2010-05-20,20.860401153564453,0.0
2010-05-21,19.95038414001465,0.0
2010-05-24,20.3237247467041,0.0
2010-05-25,19.92704963684082,0.0
2010-05-26,20.440393447875977,0.0
2010-05-27,20.627063751220703,0.0
2010-05-28,20.627063751220703,0.0
2010-05-31,21.537080764770508,0.0
2010-06-01,21.233741760253903,0.0
2010-06-02,20.697065353393555,0.0
2010-06-03,21.327077865600582,0.0
2010-06-04,21.28041076660156,0.0
2010-06-07,20.83706855773925,0.0
2010-06-08,21.28041076660156,0.0
2010-06-09,21.28041076660156,0.0
2010-06-10,21.11707305908203,0.0
2010-06-11,21.513748168945312,0.0
2010-06-14,21.67708396911621,0.0
2010-06-15,22.40043067932129,0.0
2010-06-17,22.96044158935547,0.0
2010-06-18,23.007110595703125,0.0
2010-06-21,23.170446395874023,0.0
2010-06-22,23.80045890808105,0.0
2010-06-23,23.84712600708008,0.0
2010-06-24,23.70712280273437,0.0
2010-06-25,23.05377769470215,0.0
2010-06-28,23.05377769470215,0.0
2010-06-29,22.68043708801269,0.0
2010-06-30,23.66045570373535,0.0
2010-07-01,23.473785400390625,0.0
2010-07-02,23.4271183013916,0.0
2010-07-05,23.80045890808105,0.0
2010-07-06,23.80045890808105,0.0
2010-07-07,23.613788604736328,0.0
2010-07-08,23.33378219604492,0.0
2010-07-09,24.267133712768555,0.0
2010-07-12,24.267133712768555,0.0
2010-07-13,24.267133712768555,0.0
2010-07-14,24.31380271911621,0.0
2010-07-15,25.107149124145508,0.0
2010-07-16,25.620492935180664,0.0
2010-07-19,25.293819427490234,0.0
2010-07-20,25.38715553283692,0.0
2010-07-21,24.82714462280273,0.0
2010-07-22,24.640474319458008,0.0
2010-07-23,24.82714462280273,0.0
2010-07-26,24.547138214111328,0.0
2010-07-27,24.733810424804688,0.0
2010-07-28,24.92048072814941,0.0
2010-07-29,24.640474319458008,0.0
2010-07-30,24.500471115112305,0.0
2010-08-02,25.01381492614746,0.0
2010-08-03,25.01381492614746,0.0
2010-08-04,25.85383033752441,0.0
2010-08-05,25.200485229492188,0.0
2010-08-06,26.040502548217773,0.0
2010-08-09,27.067188262939453,0.0
2010-08-10,26.320507049560547,0.0
2010-08-11,26.36717414855957,0.0
2010-08-12,26.0871696472168,0.0
2010-08-13,25.947166442871094,0.0
2010-08-16,26.647180557250977,0.0
2010-08-17,25.90049934387207,0.0
2010-08-18,25.947166442871094,0.0
2010-08-19,25.90049934387207,0.0
2010-08-20,25.66716194152832,0.0
2010-08-23,25.713829040527344,0.0
2010-08-24,25.527158737182617,0.0
2010-08-25,24.267133712768555,0.0
2010-08-26,24.593807220458984,0.0
2010-08-27,24.547138214111328,0.0
2010-08-30,24.31380271911621,0.0
2010-08-31,23.473785400390625,0.0
2010-09-01,23.80045890808105,0.0
2010-09-02,23.84712600708008,0.0
2010-09-03,24.40713691711425,0.0
2010-09-06,25.527158737182617,0.0
2010-09-07,24.96714782714844,0.0
2010-09-08,25.57382583618164,0.0
2010-09-09,25.01381492614746,0.0
2010-09-10,24.82714462280273,0.0
2010-09-13,25.01381492614746,0.0
2010-09-14,25.200485229492188,0.0
2010-09-15,25.06048393249512,0.0
2010-09-16,25.107149124145508,0.0
2010-09-17,25.06048393249512,0.0
2010-09-20,24.96714782714844,0.0
2010-09-21,24.96714782714844,0.0
2010-09-23,25.01381492614746,0.0
2010-09-24,25.24715232849121,0.0
2010-09-27,25.153818130493164,0.0
2010-09-28,25.713829040527344,0.0
2010-09-29,25.760496139526367,0.0
2010-09-30,25.200485229492188,0.0
2010-10-01,25.38715553283692,0.0
2010-10-04,26.040502548217773,0.0
2010-10-05,25.90049934387207,0.0
2010-10-06,25.760496139526367,0.0
2010-10-07,25.433822631835938,0.0
2010-10-08,24.78047752380371,0.0
2010-10-11,23.473785400390625,0.0
2010-10-12,22.703771591186523,0.0
2010-10-13,23.007110595703125,0.0
2010-10-14,23.217113494873047,0.0
2010-10-15,23.007110595703125,0.0
2010-10-18,22.82043838500977,0.0
2010-10-19,22.773771286010746,0.0
2010-10-20,23.4271183013916,0.0
2010-10-21,23.240447998046875,0.0
2010-10-22,23.147111892700195,0.0
2010-10-25,23.240447998046875,0.0
2010-10-26,23.10044479370117,0.0
2010-10-27,22.93710708618164,0.0
2010-10-28,22.82043838500977,0.0
2010-10-29,22.657102584838867,0.0
2010-11-01,21.630416870117188,0.0
2010-11-02,21.00040435791016,0.0
2010-11-03,21.25707626342773,0.0
2010-11-04,21.747085571289062,0.0
2010-11-05,21.863754272460938,0.0
2010-11-08,21.467079162597656,0.0
2010-11-09,21.863754272460938,0.0
2010-11-10,21.467079162597656,0.0
2010-11-11,21.60708236694336,0.0
2010-11-12,21.630416870117188,0.0
2010-11-15,21.653749465942383,0.0
2010-11-16,21.28041076660156,0.0
2010-11-17,21.957088470458984,0.0
2010-11-18,22.12042617797852,0.0
2010-11-19,22.00375747680664,0.0
2010-11-22,21.88708877563477,0.0
2010-11-23,21.77041816711425,0.0
2010-11-24,21.513748168945312,0.0
2010-11-25,21.327077865600582,0.0
2010-11-26,21.327077865600582,0.0
2010-11-29,22.40043067932129,0.0
2010-11-30,22.097091674804688,0.0
2010-12-01,22.983776092529297,0.0
2010-12-02,23.473785400390625,0.0
2010-12-03,23.147111892700195,0.0
2010-12-06,23.80045890808105,0.0
2010-12-07,24.080463409423828,0.0
2010-12-08,24.080463409423828,0.0
2010-12-09,23.567121505737305,0.0
2010-12-10,23.8937931060791,0.0
2010-12-13,23.567121505737305,0.0
2010-12-14,22.96044158935547,0.0
2010-12-15,23.80045890808105,0.0
2010-12-16,24.080463409423828,0.0
2010-12-17,23.8937931060791,0.0
2010-12-20,23.70712280273437,0.0
2010-12-21,23.33378219604492,0.0
2010-12-22,22.89044189453125,0.0
2010-12-23,22.79710578918457,0.0
2010-12-24,22.773771286010746,0.0
2010-12-27,22.33042907714844,0.0
2010-12-28,21.747085571289062,0.0
2010-12-29,21.840421676635746,0.0
2010-12-30,22.050424575805664,0.0
2010-12-31,22.02709007263184,0.0
2011-01-03,22.40043067932129,0.0
2011-01-04,23.2871150970459,0.0
2011-01-05,23.4271183013916,0.0
2011-01-06,23.240447998046875,0.0
2011-01-07,23.05377769470215,0.0
2011-01-10,23.2871150970459,0.0
2011-01-11,23.33378219604492,0.0
2011-01-12,23.52045249938965,0.0
2011-01-13,23.147111892700195,0.0
2011-01-14,23.10044479370117,0.0
2011-01-17,22.68043708801269,0.0
2011-01-18,22.750438690185547,0.0
2011-01-19,22.773771286010746,0.0
2011-01-20,23.19378089904785,0.0
2011-01-21,22.79710578918457,0.0
2011-01-24,22.867107391357425,0.0
2011-01-25,22.82043838500977,0.0
2011-01-26,22.96044158935547,0.0
2011-01-27,22.867107391357425,0.0
2011-01-28,22.983776092529297,0.0
2011-02-08,22.89044189453125,0.0
2011-02-09,23.310449600219727,0.0
2011-02-10,23.05377769470215,0.0
2011-02-11,22.21376037597656,0.0
2011-02-14,22.40043067932129,0.0
2011-02-15,22.143760681152344,0.0
2011-02-16,22.23709487915039,0.0
2011-02-17,22.21376037597656,0.0
2011-02-18,22.42376518249512,0.0
2011-02-21,23.077110290527344,0.0
2011-02-22,22.82043838500977,0.0
2011-02-23,21.98042297363281,0.0
2011-02-24,21.840421676635746,0.0
2011-02-25,21.467079162597656,0.0
2011-03-01,21.67708396911621,0.0
2011-03-02,21.560415267944336,0.0
2011-03-03,21.560415267944336,0.0
2011-03-04,21.37374496459961,0.0
2011-03-07,21.42041206359864,0.0
2011-03-08,21.91042137145996,0.0
2011-03-09,21.79375267028809,0.0
2011-03-10,21.467079162597656,0.0
2011-03-11,21.187074661254883,0.0
2011-03-14,20.207056045532227,0.0
2011-03-15,19.69371223449707,0.0
2011-03-16,19.97371864318848,0.0
2011-03-17,19.36704063415528,0.0
2011-03-18,19.69371223449707,0.0
2011-03-21,20.533729553222656,0.0
2011-03-22,20.627063751220703,0.0
2011-03-23,20.7903995513916,0.0
2011-03-24,21.28041076660156,0.0
2011-03-25,21.00040435791016,0.0
2011-03-28,21.00040435791016,0.0
2011-03-29,20.81373405456543,0.0
2011-03-30,20.7903995513916,0.0
2011-03-31,20.90706825256348,0.0
2011-04-01,20.97707176208496,0.0
2011-04-06,21.37374496459961,0.0
2011-04-07,22.353763580322266,0.0
2011-04-08,22.40043067932129,0.0
2011-04-11,22.33042907714844,0.0
2011-04-12,22.07375717163086,0.0
2011-04-13,22.23709487915039,0.0
2011-04-14,22.23709487915039,0.0
2011-04-15,22.353763580322266,0.0
2011-04-18,22.72710418701172,0.0
2011-04-19,22.58710289001465,0.0
2011-04-20,22.867107391357425,0.0
2011-04-21,23.10044479370117,0.0
2011-04-22,23.007110595703125,0.0
2011-04-25,23.70712280273437,0.0
2011-04-26,23.33378219604492,0.0
2011-04-27,22.93710708618164,0.0
2011-04-28,22.867107391357425,0.0
2011-04-29,23.05377769470215,0.0
2011-05-03,22.983776092529297,0.0
2011-05-04,23.240447998046875,0.0
2011-05-05,23.077110290527344,0.0
2011-05-06,23.10044479370117,0.0
2011-05-09,23.123779296875,0.0
2011-05-10,23.10044479370117,0.0
2011-05-11,23.05377769470215,0.0
2011-05-12,22.42376518249512,0.0
2011-05-13,22.23709487915039,0.0
2011-05-16,22.353763580322266,0.0
2011-05-17,22.12042617797852,0.0
2011-05-18,22.21376037597656,0.0
2011-05-19,22.49376678466797,0.0
2011-05-20,22.190427780151367,0.0
2011-05-23,22.30709648132324,0.0
2011-05-24,21.863754272460938,0.0
2011-05-25,21.863754272460938,0.0
2011-05-26,21.583749771118164,0.0
2011-05-27,21.25707626342773,0.0
2011-05-30,19.78704833984375,0.0
2011-05-31,20.207056045532227,0.0
2011-06-01,19.97371864318848,0.0
2011-06-02,19.670379638671875,0.0
2011-06-03,19.833715438842773,0.0
2011-06-07,20.13705444335937,0.0
2011-06-08,19.997051239013672,0.0
2011-06-09,19.76371383666992,0.0
2011-06-10,19.46037483215332,0.0
2011-06-13,19.36704063415528,0.0
2011-06-14,19.22703742980957,0.0
2011-06-15,19.11036872863769,0.0
2011-06-16,18.20034980773925,0.0
2011-06-17,18.41035461425781,0.0
2011-06-20,17.967012405395508,0.0
2011-06-21,17.967012405395508,0.0
2011-06-22,18.317018508911133,0.0
2011-06-23,18.10701560974121,0.0
2011-06-24,19.13370132446289,0.0
2011-06-27,19.040367126464844,0.0
2011-06-28,19.06369972229004,0.0
2011-06-29,19.22703742980957,0.0
2011-06-30,19.2503719329834,0.0
2011-07-01,19.69371223449707,0.0
2011-07-04,19.8803825378418,0.0
2011-07-05,19.740379333496094,0.0
2011-07-06,19.740379333496094,0.0
2011-07-07,19.997051239013672,0.0
2011-07-08,19.8570499420166,0.0
2011-07-11,20.067052841186523,0.0
2011-07-12,19.833715438842773,0.0
2011-07-13,19.833715438842773,0.0
2011-07-14,19.48370742797852,0.0
2011-07-15,19.97371864318848,0.0
2011-07-18,21.11707305908203,0.0
2011-07-19,22.200788497924805,0.139881
2011-07-20,22.200788497924805,0.0
2011-07-21,22.05847549438477,0.0
2011-07-22,21.916162490844727,0.0
2011-07-25,21.745386123657227,0.0
2011-07-26,21.830774307250977,0.0
2011-07-27,21.80231285095215,0.0
2011-07-28,21.944625854492188,0.0
2011-07-29,21.887699127197266,0.0
2011-08-01,22.05847549438477,0.0
2011-08-02,21.85923767089844,0.0
2011-08-03,21.51768684387207,0.0
2011-08-04,21.11921119689941,0.0
2011-08-05,19.667621612548828,0.0
2011-08-08,18.30141830444336,0.0
2011-08-09,18.10218048095703,0.0
2011-08-10,19.32607078552246,0.0
2011-08-11,19.098369598388672,0.0
2011-08-12,19.06990623474121,0.0
2011-08-15,19.52530860900879,0.0
2011-08-16,20.20840835571289,0.0
2011-08-17,20.40764617919922,0.0
2011-08-18,20.094558715820312,0.0
2011-08-19,19.639158248901367,0.0
2011-08-22,19.24068260192871,0.0
2011-08-23,19.41145706176757,0.0
2011-08-24,19.06990623474121,0.0
2011-08-25,18.84220695495605,0.0
2011-08-26,18.614505767822266,0.0
2011-08-29,18.95605659484864,0.0
2011-08-30,19.297607421875,0.0
2011-08-31,19.24068260192871,0.0
2011-09-01,19.297607421875,0.0
2011-09-02,19.183757781982425,0.0
2011-09-05,18.52911949157715,0.0
2011-09-06,18.500656127929688,0.0
2011-09-07,18.4437313079834,0.0
2011-09-08,18.35834312438965,0.0
2011-09-09,18.27295684814453,0.0
2011-09-13,17.703704833984375,0.0
2011-09-14,16.764440536499023,0.0
2011-09-15,17.362154006958008,0.0
2011-09-16,17.789091110229492,0.0
2011-09-19,17.419078826904297,0.0
2011-09-20,17.362154006958008,0.0
2011-09-21,17.988330841064453,0.0
2011-09-22,17.447542190551758,0.0
2011-09-23,17.30522918701172,0.0
2011-09-26,16.13826560974121,0.0
2011-09-27,16.735977172851562,0.0
2011-09-28,16.565202713012695,0.0
2011-09-29,16.508277893066406,0.0
2011-09-30,16.849828720092773,0.0
2011-10-03,16.735977172851562,0.0
2011-10-04,16.280576705932617,0.0
2011-10-05,16.0244140625,0.0
2011-10-06,16.1951904296875,0.0
2011-10-07,16.223651885986328,0.0
2011-10-11,16.565202713012695,0.0
2011-10-12,16.451353073120117,0.0
2011-10-13,16.764440536499023,0.0
2011-10-14,16.565202713012695,0.0
2011-10-17,16.679052352905273,0.0
2011-10-18,16.337501525878906,0.0
2011-10-19,16.451353073120117,0.0
2011-10-20,16.337501525878906,0.0
2011-10-21,16.394428253173828,0.0
2011-10-24,16.565202713012695,0.0
2011-10-25,16.565202713012695,0.0
2011-10-26,16.792903900146484,0.0
2011-10-27,17.789091110229492,0.0
2011-10-28,17.419078826904297,0.0
2011-10-31,17.504467010498047,0.0
2011-11-01,17.33369255065918,0.0
2011-11-02,17.02060317993164,0.0
2011-11-03,16.565202713012695,0.0
2011-11-04,16.792903900146484,0.0
2011-11-07,16.679052352905273,0.0
2011-11-08,16.735977172851562,0.0
2011-11-09,16.792903900146484,0.0
2011-11-10,16.223651885986328,0.0
2011-11-11,16.0244140625,0.0
2011-11-14,16.10980224609375,0.0
2011-11-15,15.967489242553713,0.0
2011-11-16,15.995951652526855,0.0
2011-11-17,15.68286418914795,0.0
2011-11-18,15.255926132202148,0.0
2011-11-21,14.288199424743652,0.0
2011-11-22,13.43432331085205,0.0
2011-11-23,12.523521423339844,0.0
2011-11-24,13.064309120178224,0.0
2011-11-25,12.83660888671875,0.0
2011-11-28,13.32047176361084,0.0
2011-11-29,13.46278476715088,0.0
2011-11-30,13.235084533691406,0.0
2011-12-01,14.145886421203612,0.0
2011-12-02,14.45897388458252,0.0
2011-12-05,13.946647644042969,0.0
2011-12-06,13.690485000610352,0.0
2011-12-07,13.377396583557127,0.0
2011-12-08,13.149697303771973,0.0
2011-12-09,13.26354694366455,0.0
2011-12-12,13.946647644042969,0.0
2011-12-13,14.288199424743652,0.0
2011-12-14,14.316661834716797,0.0
2011-12-15,14.145886421203612,0.0
2011-12-16,14.174348831176758,0.0
2011-12-19,14.003573417663574,0.0
2011-12-20,14.48743724822998,0.0
2011-12-21,15.48362636566162,0.0
2011-12-22,16.565202713012695,0.0
2011-12-23,17.703704833984375,0.0
2011-12-26,18.92759323120117,0.0
2011-12-27,20.23687171936035,0.0
2011-12-28,20.777660369873047,0.0
2011-12-29,21.34691047668457,0.0
2011-12-30,21.033823013305664,0.0
2012-01-02,20.37918472290039,0.0
2012-01-03,20.806123733520508,0.0
2012-01-04,21.46076011657715,0.0
2012-01-05,21.176136016845703,0.0
2012-01-06,22.65618705749512,0.0
2012-01-09,22.79850006103516,0.0
2012-01-10,22.200788497924805,0.0
2012-01-11,21.887699127197266,0.0
2012-01-12,20.834585189819336,0.0
2012-01-13,21.318449020385746,0.0
2012-01-16,21.062286376953125,0.0
2012-01-17,21.80231285095215,0.0
2012-01-18,21.51768684387207,0.0
2012-01-30,22.48541259765625,0.0
2012-01-31,24.050853729248047,0.0
2012-02-01,23.737764358520508,0.0
2012-02-02,22.57080078125,0.0
2012-02-03,23.310827255249023,0.0
2012-02-06,22.51387596130371,0.0
2012-02-07,23.11158943176269,0.0
2012-02-08,23.28236389160156,0.0
2012-02-09,22.826963424682617,0.0
2012-02-10,22.770038604736328,0.0
2012-02-13,24.107778549194336,0.0
2012-02-14,23.168514251708984,0.0
2012-02-15,23.310827255249023,0.0
2012-02-16,22.65618705749512,0.0
2012-02-17,22.85542678833008,0.0
2012-02-20,22.969276428222656,0.0
2012-02-21,22.912351608276367,0.0
2012-02-22,22.940813064575195,0.0
2012-02-23,23.59545135498047,0.0
2012-02-24,23.11158943176269,0.0
2012-02-29,23.33928871154785,0.0
2012-03-01,23.14005279541016,0.0
2012-03-02,23.310827255249023,0.0
2012-03-05,22.599262237548828,0.0
2012-03-06,21.34691047668457,0.0
2012-03-07,21.37537384033203,0.0
2012-03-08,21.57461166381836,0.0
2012-03-09,21.5461483001709,0.0
2012-03-12,21.40383529663086,0.0
2012-03-13,21.5461483001709,0.0
2012-03-14,22.34309959411621,0.0
2012-03-15,22.030012130737305,0.0
2012-03-16,22.11540031433105,0.0
2012-03-19,22.143861770629883,0.0
2012-03-20,22.42848777770996,0.0
2012-03-21,21.944625854492188,0.0
2012-03-22,22.172325134277344,0.0
2012-03-23,22.65618705749512,0.0
2012-03-26,22.741575241088867,0.0
2012-03-27,22.200788497924805,0.0
2012-03-28,22.00155067443848,0.0
2012-03-29,20.806123733520508,0.0
2012-03-30,20.97689819335937,0.0
2012-04-02,20.777660369873047,0.0
2012-04-03,19.52530860900879,0.0
2012-04-05,18.614505767822266,0.0
2012-04-06,19.41145706176757,0.0
2012-04-09,19.01298141479492,0.0
2012-04-10,19.26914405822754,0.0
2012-04-11,20.60688591003418,0.0
2012-04-12,20.834585189819336,0.0
2012-04-13,20.97689819335937,0.0
2012-04-16,20.46457290649414,0.0
2012-04-17,19.923784255981445,0.0
2012-04-18,20.037633895874023,0.0
2012-04-19,20.037633895874023,0.0
2012-04-20,20.26533317565918,0.0
2012-04-23,20.23687171936035,0.0
2012-04-24,21.28998565673828,0.0
2012-04-25,21.14767265319824,0.0
2012-04-26,20.8630485534668,0.0
2012-04-27,20.20840835571289,0.0
2012-04-30,20.777660369873047,0.0
2012-05-02,21.26152229309082,0.0
2012-05-03,21.062286376953125,0.0
2012-05-04,21.176136016845703,0.0
2012-05-07,20.91997337341309,0.0
2012-05-08,20.94843482971192,0.0
2012-05-09,20.94843482971192,0.0
2012-05-10,20.777660369873047,0.0
2012-05-11,20.20840835571289,0.0
2012-05-14,19.895320892333984,0.0
2012-05-15,19.753007888793945,0.0
2012-05-16,19.1268310546875,0.0
2012-05-17,19.43992042541504,0.0
2012-05-18,18.699893951416016,0.0
2012-05-21,18.8137435913086,0.0
2012-05-22,19.696083068847656,0.0
2012-05-23,19.1268310546875,0.0
2012-05-24,18.899131774902344,0.0
2012-05-25,19.895320892333984,0.0
2012-05-28,19.83839607238769,0.0
2012-05-29,20.43610954284668,0.0
2012-05-30,20.20840835571289,0.0
2012-05-31,21.34691047668457,0.0
2012-06-01,20.3222599029541,0.0
2012-06-04,19.753007888793945,0.0
2012-06-05,19.83839607238769,0.0
2012-06-06,19.86685943603516,0.0
2012-06-07,19.86685943603516,0.0
2012-06-08,19.667621612548828,0.0
2012-06-11,19.781471252441406,0.0
2012-06-12,19.72454643249512,0.0
2012-06-13,19.72454643249512,0.0
2012-06-14,19.72454643249512,0.0
2012-06-15,19.95224571228028,0.0
2012-06-18,20.40764617919922,0.0
2012-06-19,20.37918472290039,0.0
2012-06-20,21.34691047668457,0.0
2012-06-21,21.233060836791992,0.0
2012-06-22,21.51768684387207,0.0
2012-06-25,21.40383529663086,0.0
2012-06-26,20.806123733520508,0.0
2012-06-27,20.891510009765625,0.0
2012-06-28,20.8630485534668,0.0
2012-06-29,20.97689819335937,0.0
2012-07-02,21.688461303710938,0.0
2012-07-03,21.20459747314453,0.0
2012-07-04,21.20459747314453,0.0
2012-07-05,21.14767265319824,0.0
2012-07-06,21.062286376953125,0.0
2012-07-09,20.891510009765625,0.0
2012-07-10,20.3222599029541,0.0
2012-07-11,20.40764617919922,0.0
2012-07-12,20.26533317565918,0.0
2012-07-13,20.1514835357666,0.0
2012-07-16,20.037633895874023,0.0
2012-07-17,20.20840835571289,0.0
2012-07-18,19.923784255981445,0.0
2012-07-19,20.23687171936035,0.0
2012-07-20,20.29379653930664,0.0
2012-07-23,20.094558715820312,0.0
2012-07-24,19.86685943603516,0.0
2012-07-25,19.895320892333984,0.0
2012-07-26,19.83839607238769,0.0
2012-07-27,20.037633895874023,0.0
2012-07-30,20.037633895874023,0.0
2012-07-31,20.35072135925293,0.0
2012-08-01,20.35072135925293,0.0
2012-08-02,20.35072135925293,0.0
2012-08-03,20.179946899414062,0.0
2012-08-06,19.895320892333984,0.0
2012-08-07,19.61069679260254,0.0
2012-08-08,19.809932708740234,0.0
2012-08-09,20.037633895874023,0.0
2012-08-10,20.00917053222656,0.0
2012-08-13,20.00917053222656,0.0
2012-08-14,19.98070907592773,0.0
2012-08-15,19.95224571228028,0.0
2012-08-16,20.54995918273925,0.0
2012-08-17,20.46457290649414,0.0
2012-08-20,20.52149772644043,0.0
2012-08-21,20.74919891357422,0.0
2012-08-22,20.97689819335937,0.0
2012-08-23,21.062286376953125,0.0
2012-08-24,21.57461166381836,0.0
2012-08-27,21.34691047668457,0.0
2012-08-28,21.575464248657227,0.054193
2012-08-29,21.778688430786133,0.0
2012-08-30,22.998023986816406,0.0
2012-08-31,22.96415328979492,0.0
2012-09-03,23.03189468383789,0.0
2012-09-04,23.13350486755371,0.0
2012-09-05,23.099634170532227,0.0
2012-09-06,22.591577529907227,0.0
2012-09-07,22.760929107666016,0.0
2012-09-10,22.93028259277344,0.0
2012-09-11,22.727060317993164,0.0
2012-09-12,23.03189468383789,0.0
2012-09-13,22.93028259277344,0.0
2012-09-14,23.03189468383789,0.0
2012-09-17,24.115747451782227,0.0
2012-09-18,23.70930290222168,0.0
2012-09-19,23.70930290222168,0.0
2012-09-20,23.70930290222168,0.0
2012-09-21,24.04800605773925,0.0
2012-09-24,23.777042388916016,0.0
2012-09-25,23.573820114135746,0.0
2012-09-26,24.115747451782227,0.0
2012-09-27,23.844783782958984,0.0
2012-09-28,24.45445251464844,0.0
2012-10-01,24.8270263671875,0.0
2012-10-02,23.87865447998047,0.0
2012-10-03,23.777042388916016,0.0
2012-10-04,23.8109130859375,0.0
2012-10-05,24.115747451782227,0.0
2012-10-08,23.743173599243164,0.0
2012-10-09,24.3189697265625,0.0
2012-10-11,23.87865447998047,0.0
2012-10-12,23.065763473510746,0.0
2012-10-15,22.86254119873047,0.0
2012-10-16,22.86254119873047,0.0
2012-10-17,22.93028259277344,0.0
2012-10-18,22.89641189575196,0.0
2012-10-19,23.675432205200195,0.0
2012-10-22,23.47220993041992,0.0
2012-10-23,23.675432205200195,0.0
2012-10-24,22.96415328979492,0.0
2012-10-25,22.01578140258789,0.0
2012-10-26,20.49161148071289,0.0
2012-10-29,19.069053649902344,0.0
2012-10-30,19.577110290527344,0.0
2012-10-31,19.441627502441406,0.0
2012-11-01,19.780332565307617,0.0
2012-11-02,19.780332565307617,0.0
2012-11-05,19.54323959350586,0.0
2012-11-06,19.71259117126465,0.0
2012-11-07,20.627092361450195,0.0
2012-11-08,20.186777114868164,0.0
2012-11-09,20.38999938964844,0.0
2012-11-12,20.05129623413086,0.0
2012-11-13,19.3061466217041,0.0
2012-11-14,19.678720474243164,0.0
2012-11-15,19.47549819946289,0.0
2012-11-16,19.3061466217041,0.0
2012-11-19,18.764219284057617,0.0
2012-11-20,18.764219284057617,0.0
2012-11-21,18.425514221191406,0.0
2012-11-22,18.391645431518555,0.0
2012-11-23,19.13679313659668,0.0
2012-11-26,19.272275924682617,0.0
2012-11-27,20.05129623413086,0.0
2012-11-28,19.746461868286133,0.0
2012-11-29,19.84807205200196,0.0
2012-11-30,19.54323959350586,0.0
2012-12-03,19.8142032623291,0.0
2012-12-04,19.91581344604492,0.0
2012-12-05,20.288389205932617,0.0
2012-12-06,20.55935287475586,0.0
2012-12-07,20.52548217773437,0.0
2012-12-10,20.86418533325196,0.0
2012-12-11,22.320615768432617,0.0
2012-12-12,23.743173599243164,0.0
2012-12-13,23.03189468383789,0.0
2012-12-14,23.40446853637696,0.0
2012-12-17,23.64156150817871,0.0
2012-12-18,23.53994941711425,0.0
2012-12-19,24.251230239868164,0.0
2012-12-20,23.167375564575195,0.0
2012-12-21,22.96415328979492,0.0
2012-12-24,25.74152946472168,0.0
2012-12-25,24.759286880493164,0.0
2012-12-26,25.06411933898925,0.0
2012-12-27,24.183488845825195,0.0
2012-12-28,24.48832321166992,0.0
2013-01-02,24.522193908691406,0.0
2013-01-03,24.42058181762696,0.0
2013-01-04,24.183488845825195,0.0
2013-01-07,24.115747451782227,0.0
2013-01-08,23.70930290222168,0.0
2013-01-09,23.91252517700196,0.0
2013-01-10,23.844783782958984,0.0
2013-01-11,23.94639587402344,0.0
2013-01-14,23.675432205200195,0.0
2013-01-15,23.167375564575195,0.0
2013-01-16,23.099634170532227,0.0
2013-01-17,22.52383613586425,0.0
2013-01-18,23.573820114135746,0.0
2013-01-21,23.573820114135746,0.0
2013-01-22,24.3189697265625,0.0
2013-01-23,23.94639587402344,0.0
2013-01-24,23.64156150817871,0.0
2013-01-25,23.844783782958984,0.0
2013-01-28,23.37059783935547,0.0
2013-01-29,23.53994941711425,0.0
2013-01-30,23.91252517700196,0.0
2013-01-31,23.94639587402344,0.0
2013-02-01,23.87865447998047,0.0
2013-02-04,24.48832321166992,0.0
2013-02-05,24.3189697265625,0.0
2013-02-06,23.94639587402344,0.0
2013-02-18,23.98026657104492,0.0
2013-02-19,24.14961814880371,0.0
2013-02-20,24.623804092407227,0.0
2013-02-21,25.267343521118164,0.0
2013-02-22,25.16573143005371,0.0
2013-02-25,25.50443649291992,0.0
2013-02-26,24.589933395385746,0.0
2013-02-27,24.759286880493164,0.0
2013-03-01,25.199602127075195,0.0
2013-03-04,24.183488845825195,0.0
2013-03-05,25.199602127075195,0.0
2013-03-06,24.623804092407227,0.0
2013-03-07,24.72541618347168,0.0
2013-03-08,24.251230239868164,0.0
2013-03-11,24.14961814880371,0.0
2013-03-12,24.352840423583984,0.0
2013-03-13,24.589933395385746,0.0
2013-03-14,24.522193908691406,0.0
2013-03-15,24.183488845825195,0.0
2013-03-18,24.04800605773925,0.0
2013-03-19,24.04800605773925,0.0
2013-03-20,24.183488845825195,0.0
2013-03-21,24.3189697265625,0.0
2013-03-22,24.183488845825195,0.0
2013-03-25,24.183488845825195,0.0
2013-03-26,24.28510093688965,0.0
2013-03-27,24.04800605773925,0.0
2013-03-28,23.573820114135746,0.0
2013-03-29,23.37059783935547,0.0
2013-04-01,23.03189468383789,0.0
2013-04-02,23.03189468383789,0.0
2013-04-03,23.47220993041992,0.0
2013-04-08,23.03189468383789,0.0
2013-04-09,22.89641189575196,0.0
2013-04-10,23.37059783935547,0.0
2013-04-11,23.20124626159668,0.0
2013-04-12,23.20124626159668,0.0
2013-04-15,23.03189468383789,0.0
2013-04-16,22.998023986816406,0.0
2013-04-17,22.96415328979492,0.0
2013-04-18,22.96415328979492,0.0
2013-04-19,23.336727142333984,0.0
2013-04-22,23.37059783935547,0.0
2013-04-23,23.03189468383789,0.0
2013-04-24,23.03189468383789,0.0
2013-04-25,23.607690811157227,0.0
2013-04-26,23.099634170532227,0.0
2013-04-29,22.828670501708984,0.0
2013-04-30,22.89641189575196,0.0
2013-05-02,22.96415328979492,0.0
2013-05-03,22.998023986816406,0.0
2013-05-06,22.89641189575196,0.0
2013-05-07,23.03189468383789,0.0
2013-05-08,23.065763473510746,0.0
2013-05-09,23.37059783935547,0.0
2013-05-10,23.94639587402344,0.0
2013-05-13,23.777042388916016,0.0
2013-05-14,24.860897064208984,0.0
2013-05-15,24.860897064208984,0.0
2013-05-16,25.16573143005371,0.0
2013-05-17,24.92863845825196,0.0
2013-05-20,24.522193908691406,0.0
2013-05-21,25.74152946472168,0.0
2013-05-22,25.606046676635746,0.0
2013-05-23,24.793155670166016,0.0
2013-05-24,24.522193908691406,0.0
2013-05-27,24.65767478942871,0.0
2013-05-28,24.45445251464844,0.0
2013-05-29,24.45445251464844,0.0
2013-05-30,24.55606269836425,0.0
2013-05-31,24.522193908691406,0.0
2013-06-03,24.115747451782227,0.0
2013-06-04,24.04800605773925,0.0
2013-06-05,23.844783782958984,0.0
2013-06-06,23.607690811157227,0.0
2013-06-07,23.675432205200195,0.0
2013-06-10,23.777042388916016,0.0
2013-06-11,23.844783782958984,0.0
2013-06-13,24.21735954284668,0.0
2013-06-14,23.506080627441406,0.0
2013-06-17,23.87865447998047,0.0
2013-06-18,24.183488845825195,0.0
2013-06-19,23.729625701904297,0.0
2013-06-20,24.246246337890625,0.0
2013-06-21,24.07305908203125,0.0
2013-06-24,23.830596923828125,0.0
2013-06-25,22.860746383666992,0.0
2013-06-26,22.8953857421875,0.0
2013-06-27,22.96466064453125,0.0
2013-06-28,22.51437187194824,0.0
2013-07-01,22.82611083984375,0.0
2013-07-02,22.618284225463867,0.0
2013-07-03,22.72219657897949,0.0
2013-07-04,22.410459518432617,0.0
2013-07-05,22.479734420776367,0.0
2013-07-08,22.410459518432617,0.0
2013-07-09,22.410459518432617,0.0
2013-07-10,22.202634811401367,0.0
2013-07-11,22.27190971374512,0.0
2013-07-12,22.99929618835449,0.0
2013-07-15,23.414947509765625,0.0
2013-07-16,23.137847900390625,0.0
2013-07-17,22.72219657897949,0.0
2013-07-18,22.72219657897949,0.0
2013-07-19,22.72219657897949,0.0
2013-07-22,22.375822067260746,0.0
2013-07-23,22.72219657897949,0.0
2013-07-24,22.72219657897949,0.0
2013-07-25,22.51437187194824,0.0
2013-07-26,22.306547164916992,0.0
2013-07-29,22.202634811401367,0.0
2013-07-30,22.23727226257324,0.0
2013-07-31,21.96017265319824,0.0
2013-08-01,22.306547164916992,0.0
2013-08-02,22.860746383666992,0.0
2013-08-05,22.652921676635746,0.0
2013-08-06,24.211610794067383,0.0
2013-08-07,23.553497314453125,0.0
2013-08-08,22.930021286010746,0.0
2013-08-09,22.652921676635746,0.0
2013-08-12,22.341184616088867,0.0
2013-08-13,22.44509696960449,0.0
2013-08-14,22.23727226257324,0.0
2013-08-15,22.27190971374512,0.0
2013-08-16,22.098722457885746,0.0
2013-08-19,21.96017265319824,0.0
2013-08-20,21.163509368896484,0.0
2013-08-22,21.54452133178711,0.0
2013-08-23,21.89089775085449,0.0
2013-08-26,21.28127670288086,0.0
2013-08-27,22.337478637695312,0.0
2013-08-28,22.409534454345703,0.0
2013-08-29,22.4455623626709,0.0
2013-08-30,22.625703811645508,0.0
2013-09-02,23.346267700195312,0.0
2013-09-03,23.63449478149414,0.0
2013-09-04,23.2021541595459,0.0
2013-09-05,23.418323516845703,0.0
2013-09-06,23.95874786376953,0.0
2013-09-09,23.27421188354492,0.0
2013-09-10,23.166126251220703,0.0
2013-09-11,23.56243705749512,0.0
2013-09-12,23.886690139770508,0.0
2013-09-13,23.56243705749512,0.0
2013-09-16,23.346267700195312,0.0
2013-09-17,23.27421188354492,0.0
2013-09-18,23.45435333251953,0.0
2013-09-23,23.81463432312012,0.0
2013-09-24,23.63449478149414,0.0
2013-09-25,24.246973037719727,0.0
2013-09-26,23.922718048095703,0.0
2013-09-27,24.64328384399414,0.0
2013-09-30,24.28300094604492,0.0
2013-10-01,23.850662231445312,0.0
2013-10-02,23.70655059814453,0.0
2013-10-03,23.70655059814453,0.0
2013-10-04,24.06683158874512,0.0
2013-10-07,24.607255935668945,0.0
2013-10-08,24.21094512939453,0.0
2013-10-09,23.850662231445312,0.0
2013-10-11,23.850662231445312,0.0
2013-10-14,23.130098342895508,0.0
2013-10-15,23.346267700195312,0.0
2013-10-16,23.2021541595459,0.0
2013-10-17,23.166126251220703,0.0
2013-10-18,23.382295608520508,0.0
2013-10-21,23.418323516845703,0.0
2013-10-22,23.418323516845703,0.0
2013-10-23,23.52640914916992,0.0
2013-10-24,23.77860641479492,0.0
2013-10-25,24.499170303344727,0.0
2013-10-28,24.679311752319336,0.0
2013-10-29,24.28300094604492,0.0
2013-10-30,24.931507110595703,0.0
2013-10-31,25.003564834594727,0.0
2013-11-01,24.355056762695312,0.0
2013-11-04,23.81463432312012,0.0
2013-11-05,23.70655059814453,0.0
2013-11-06,23.63449478149414,0.0
2013-11-07,23.56243705749512,0.0
2013-11-08,23.418323516845703,0.0
2013-11-11,23.346267700195312,0.0
2013-11-12,23.05804252624512,0.0
2013-11-13,22.841873168945312,0.0
2013-11-14,22.913930892944336,0.0
2013-11-15,23.130098342895508,0.0
2013-11-18,22.841873168945312,0.0
2013-11-19,22.985986709594727,0.0
2013-11-20,22.76981735229492,0.0
2013-11-21,22.30145072937012,0.0
2013-11-22,22.30145072937012,0.0
2013-11-25,22.409534454345703,0.0
2013-11-26,22.30145072937012,0.0
2013-11-27,22.4455623626709,0.0
2013-11-28,22.589675903320312,0.0
2013-11-29,22.80584526062012,0.0
2013-12-02,22.69776153564453,0.0
2013-12-03,23.130098342895508,0.0
2013-12-04,22.94995880126953,0.0
2013-12-05,22.80584526062012,0.0
2013-12-06,22.69776153564453,0.0
2013-12-09,22.4455623626709,0.0
2013-12-10,22.30145072937012,0.0
2013-12-11,22.1933650970459,0.0
2013-12-12,22.229394912719727,0.0
2013-12-13,22.1933650970459,0.0
2013-12-16,22.01322555541992,0.0
2013-12-17,21.869112014770508,0.0
2013-12-18,22.085281372070312,0.0
2013-12-19,21.977197647094727,0.0
2013-12-20,21.833084106445312,0.0
2013-12-23,21.869112014770508,0.0
2013-12-24,21.869112014770508,0.0
2013-12-25,22.01322555541992,0.0
2013-12-26,22.01322555541992,0.0
2013-12-27,21.977197647094727,0.0
2013-12-30,22.04925346374512,0.0
2013-12-31,22.409534454345703,0.0
2014-01-02,23.742578506469727,0.0
2014-01-03,23.346267700195312,0.0
2014-01-06,23.238182067871094,0.0
2014-01-07,22.985986709594727,0.0
2014-01-08,22.877901077270508,0.0
2014-01-09,22.30145072937012,0.0
2014-01-10,22.26542282104492,0.0
2014-01-13,22.661731719970703,0.0
2014-01-14,22.733789443969727,0.0
2014-01-15,22.94995880126953,0.0
2014-01-16,22.589675903320312,0.0
2014-01-17,22.337478637695312,0.0
2014-01-20,22.157337188720703,0.0
2014-01-21,22.1933650970459,0.0
2014-01-22,22.337478637695312,0.0
2014-01-23,22.229394912719727,0.0
2014-01-24,22.121309280395508,0.0
2014-01-27,21.977197647094727,0.0
2014-02-05,21.905139923095703,0.0
2014-02-06,22.4455623626709,0.0
2014-02-07,22.30145072937012,0.0
2014-02-10,22.661731719970703,0.0
2014-02-11,23.130098342895508,0.0
2014-02-12,23.05804252624512,0.0
2014-02-13,22.733789443969727,0.0
2014-02-14,22.51762008666992,0.0
2014-02-17,22.55364799499512,0.0
2014-02-18,22.337478637695312,0.0
2014-02-19,22.373506546020508,0.0
2014-02-20,22.4455623626709,0.0
2014-02-21,23.2021541595459,0.0
2014-02-24,24.21094512939453,0.0
2014-02-25,23.850662231445312,0.0
2014-02-26,23.77860641479492,0.0
2014-02-27,23.490381240844727,0.0
2014-03-03,23.850662231445312,0.0
2014-03-04,24.246973037719727,0.0
2014-03-05,24.03080368041992,0.0
2014-03-06,23.994775772094727,0.0
2014-03-07,23.418323516845703,0.0
2014-03-10,23.31023979187012,0.0
2014-03-11,23.418323516845703,0.0
2014-03-12,23.346267700195312,0.0
2014-03-13,23.346267700195312,0.0
2014-03-14,23.238182067871094,0.0
2014-03-17,23.994775772094727,0.0
2014-03-18,24.21094512939453,0.0
2014-03-19,23.742578506469727,0.0
2014-03-20,23.31023979187012,0.0
2014-03-21,23.27421188354492,0.0
2014-03-24,22.76981735229492,0.0
2014-03-25,23.130098342895508,0.0
2014-03-26,22.80584526062012,0.0
2014-03-27,22.913930892944336,0.0
2014-03-28,22.4455623626709,0.0
2014-03-31,22.51762008666992,0.0
2014-04-01,22.661731719970703,0.0
2014-04-02,22.589675903320312,0.0
2014-04-03,22.409534454345703,0.0
2014-04-07,22.229394912719727,0.0
2014-04-08,22.337478637695312,0.0
2014-04-09,22.337478637695312,0.0
2014-04-10,22.157337188720703,0.0
2014-04-11,22.985986709594727,0.0
2014-04-14,22.337478637695312,0.0
2014-04-15,22.373506546020508,0.0
2014-04-16,22.373506546020508,0.0
2014-04-17,22.51762008666992,0.0
2014-04-18,22.51762008666992,0.0
2014-04-21,22.409534454345703,0.0
2014-04-22,22.26542282104492,0.0
2014-04-23,22.229394912719727,0.0
2014-04-24,22.337478637695312,0.0
2014-04-25,22.481590270996094,0.0
2014-04-28,22.04925346374512,0.0
2014-04-29,22.877901077270508,0.0
2014-04-30,22.1933650970459,0.0
2014-05-02,22.841873168945312,0.0
2014-05-05,22.94995880126953,0.0
2014-05-06,23.77860641479492,0.0
2014-05-07,23.77860641479492,0.0
2014-05-08,23.27421188354492,0.0
2014-05-09,23.31023979187012,0.0
2014-05-12,23.05804252624512,0.0
2014-05-13,23.05804252624512,0.0
2014-05-14,23.598464965820312,0.0
2014-05-15,23.490381240844727,0.0
2014-05-16,23.490381240844727,0.0
2014-05-19,23.2021541595459,0.0
2014-05-20,23.31023979187012,0.0
2014-05-21,22.877901077270508,0.0
2014-05-22,22.913930892944336,0.0
2014-05-23,23.130098342895508,0.0
2014-05-26,23.742578506469727,0.0
2014-05-27,23.70655059814453,0.0
2014-05-28,23.95874786376953,0.0
2014-05-29,23.598464965820312,0.0
2014-05-30,23.418323516845703,0.0
2014-06-03,23.922718048095703,0.0
2014-06-04,23.63449478149414,0.0
2014-06-05,23.382295608520508,0.0
2014-06-06,23.27421188354492,0.0
2014-06-09,23.418323516845703,0.0
2014-06-10,23.31023979187012,0.0
2014-06-11,23.56243705749512,0.0
2014-06-12,23.382295608520508,0.0
2014-06-13,23.77860641479492,0.0
2014-06-16,24.138887405395508,0.0
2014-06-17,24.21094512939453,0.0
2014-06-18,23.670522689819336,0.0
2014-06-19,23.70655059814453,0.0
2014-06-20,23.45435333251953,0.0
2014-06-23,23.31023979187012,0.0
2014-06-24,23.238182067871094,0.0
2014-06-25,23.922718048095703,0.0
2014-06-26,23.670522689819336,0.0
2014-06-27,23.52640914916992,0.0
2014-06-30,23.63449478149414,0.0
2014-07-01,23.850662231445312,0.0
2014-07-02,23.45435333251953,0.0
2014-07-03,24.31902885437012,0.0
2014-07-04,23.850662231445312,0.0
2014-07-07,23.56243705749512,0.0
2014-07-08,25.183706283569336,0.0
2014-07-09,25.940298080444336,0.0
2014-07-10,25.32781982421875,0.0
2014-07-11,24.355056762695312,0.0
2014-07-14,24.82342338562012,0.0
2014-07-15,24.53519821166992,0.0
2014-07-16,23.994775772094727,0.0
2014-07-17,24.21094512939453,0.0
2014-07-18,24.39108657836914,0.0
2014-07-21,24.859451293945312,0.0
2014-07-22,24.607255935668945,0.0
2014-07-23,24.607255935668945,0.0
2014-07-24,24.39108657836914,0.0
2014-07-25,24.57122611999512,0.0
2014-07-28,23.27421188354492,0.0
2014-07-29,23.094070434570312,0.0
2014-07-30,22.94995880126953,0.0
2014-07-31,23.02201461791992,0.0
2014-08-01,22.69776153564453,0.0
2014-08-04,22.337478637695312,0.0
2014-08-05,22.481590270996094,0.0
2014-08-06,21.76102828979492,0.0
2014-08-07,21.869112014770508,0.0
2014-08-08,22.69776153564453,0.0
2014-08-11,22.913930892944336,0.0
2014-08-12,22.1933650970459,0.0
2014-08-13,22.157337188720703,0.0
2014-08-14,21.905139923095703,0.0
2014-08-15,21.112520217895508,0.0
2014-08-18,19.887561798095703,0.0
2014-08-19,20.716209411621094,0.0
2014-08-20,20.572097778320312,0.0
2014-08-21,20.572097778320312,0.0
2014-08-22,20.716209411621094,0.0
2014-08-25,21.04046440124512,0.0
2014-08-26,21.50882911682129,0.0
2014-08-27,21.328689575195312,0.0
2014-08-28,21.220605850219727,0.0
2014-08-29,21.29266166687012,0.0
2014-09-01,21.328689575195312,0.0
2014-09-02,20.968406677246094,0.0
2014-09-03,20.896350860595703,0.0
2014-09-04,20.860322952270508,0.0
2014-09-05,20.896350860595703,0.0
2014-09-09,20.968406677246094,0.0
2014-09-10,20.824295043945312,0.0
2014-09-11,20.824295043945312,0.0
2014-09-12,20.608125686645508,0.0
2014-09-15,20.608125686645508,0.0
2014-09-16,20.464012145996094,0.0
2014-09-17,20.391956329345703,0.0
2014-09-18,20.28387260437012,0.0
2014-09-19,21.04046440124512,0.0
2014-09-22,20.716209411621094,0.0
2014-09-23,20.4279842376709,0.0
2014-09-24,20.53606986999512,0.0
2014-09-25,20.53606986999512,0.0
2014-09-26,20.211814880371094,0.0
2014-09-29,20.391956329345703,0.0
2014-09-30,20.1757869720459,0.0
2014-10-01,20.211814880371094,0.0
2014-10-02,20.103731155395508,0.0
2014-10-03,20.391956329345703,0.0
2014-10-06,20.50004005432129,0.0
2014-10-07,20.211814880371094,0.0
2014-10-08,20.464012145996094,0.0
2014-10-09,20.24784469604492,0.0
2014-10-13,20.139759063720703,0.0
2014-10-14,19.851533889770508,0.0
2014-10-15,19.203025817871094,0.0
2014-10-16,18.878772735595703,0.0
2014-10-17,18.194236755371094,0.0
2014-10-20,18.30232048034668,0.0
2014-10-21,19.094940185546875,0.0
2014-10-22,18.806716918945312,0.0
2014-10-23,18.446434020996094,0.0
2014-10-24,18.590547561645508,0.0
2014-10-27,18.55451774597168,0.0
2014-10-28,18.338348388671875,0.0
2014-10-29,19.311111450195312,0.0
2014-10-30,19.094940185546875,0.0
2014-10-31,19.094940185546875,0.0
2014-11-03,19.23905372619629,0.0
2014-11-04,19.347139358520508,0.0
2014-11-05,19.1669979095459,0.0
2014-11-06,18.626575469970703,0.0
2014-11-07,18.9148006439209,0.0
2014-11-10,18.98685646057129,0.0
2014-11-11,19.311111450195312,0.0
2014-11-12,19.022884368896484,0.0
2014-11-13,19.022884368896484,0.0
2014-11-14,18.9148006439209,0.0
2014-11-17,18.590547561645508,0.0
2014-11-18,18.446434020996094,0.0
2014-11-19,18.338348388671875,0.0
2014-11-20,18.55451774597168,0.0
2014-11-21,18.770687103271484,0.0
2014-11-24,18.6626033782959,0.0
2014-11-25,18.950828552246094,0.0
2014-11-26,18.806716918945312,0.0
2014-11-27,18.806716918945312,0.0
2014-11-28,19.23905372619629,0.0
2014-12-01,19.23905372619629,0.0
2014-12-02,19.779476165771484,0.0
2014-12-03,20.824295043945312,0.0
2014-12-04,20.319900512695312,0.0
2014-12-05,20.391956329345703,0.0
2014-12-08,20.572097778320312,0.0
2014-12-09,20.24784469604492,0.0
2014-12-10,20.211814880371094,0.0
2014-12-11,20.896350860595703,0.0
2014-12-12,20.860322952270508,0.0
2014-12-15,20.608125686645508,0.0
2014-12-16,20.75223731994629,0.0
2014-12-17,20.4279842376709,0.0
2014-12-18,20.391956329345703,0.0
2014-12-19,20.031673431396484,0.0
2014-12-22,20.24784469604492,0.0
2014-12-23,20.103731155395508,0.0
2014-12-24,20.50004005432129,0.0
2014-12-25,20.319900512695312,0.0
2014-12-26,20.4279842376709,0.0
2014-12-29,20.53606986999512,0.0
2014-12-30,20.572097778320312,0.0
2014-12-31,20.608125686645508,0.0
2015-01-05,20.788265228271484,0.0
2015-01-06,20.1757869720459,0.0
2015-01-07,20.211814880371094,0.0
2015-01-08,20.031673431396484,0.0
2015-01-09,20.067703247070312,0.0
2015-01-12,20.067703247070312,0.0
2015-01-13,19.9235897064209,0.0
2015-01-14,19.887561798095703,0.0
2015-01-15,19.81550407409668,0.0
2015-01-16,19.52728080749512,0.0
2015-01-19,19.23905372619629,0.0
2015-01-20,19.311111450195312,0.0
2015-01-21,19.23905372619629,0.0
2015-01-22,19.52728080749512,0.0
2015-01-23,19.455223083496094,0.0
2015-01-26,19.347139358520508,0.0
2015-01-27,19.887561798095703,0.0
2015-01-28,19.599336624145508,0.0
2015-01-29,19.599336624145508,0.0
2015-01-30,19.455223083496094,0.0
2015-02-02,19.383167266845703,0.0
2015-02-03,19.311111450195312,0.0
2015-02-04,19.203025817871094,0.0
2015-02-05,19.094940185546875,0.0
2015-02-06,18.950828552246094,0.0
2015-02-09,18.878772735595703,0.0
2015-02-10,18.806716918945312,0.0
2015-02-11,18.73465919494629,0.0
2015-02-12,18.590547561645508,0.0
2015-02-13,18.9148006439209,0.0
2015-02-24,18.98685646057129,0.0
2015-02-25,18.950828552246094,0.0
2015-02-26,19.311111450195312,0.0
2015-03-02,19.094940185546875,0.0
2015-03-03,19.203025817871094,0.0
2015-03-04,19.275081634521484,0.0
2015-03-05,19.347139358520508,0.0
2015-03-06,19.49125099182129,0.0
2015-03-09,19.49125099182129,0.0
2015-03-10,19.599336624145508,0.0
2015-03-11,19.4191951751709,0.0
2015-03-12,19.563308715820312,0.0
2015-03-13,19.599336624145508,0.0
2015-03-16,19.599336624145508,0.0
2015-03-17,19.311111450195312,0.0
2015-03-18,19.455223083496094,0.0
2015-03-19,19.455223083496094,0.0
2015-03-20,20.211814880371094,0.0
2015-03-23,19.887561798095703,0.0
2015-03-24,19.707420349121094,0.0
2015-03-25,19.49125099182129,0.0
2015-03-26,19.347139358520508,0.0
2015-03-27,19.275081634521484,0.0
2015-03-30,18.950828552246094,0.0
2015-03-31,18.842744827270508,0.0
2015-04-01,18.6626033782959,0.0
2015-04-02,18.73465919494629,0.0
2015-04-07,18.770687103271484,0.0
2015-04-08,18.73465919494629,0.0
2015-04-09,18.770687103271484,0.0
2015-04-10,18.6626033782959,0.0
2015-04-13,18.698631286621094,0.0
2015-04-14,18.842744827270508,0.0
2015-04-15,19.203025817871094,0.0
2015-04-16,19.022884368896484,0.0
2015-04-17,19.05891227722168,0.0
2015-04-20,18.950828552246094,0.0
2015-04-21,18.73465919494629,0.0
2015-04-22,18.73465919494629,0.0
2015-04-23,18.73465919494629,0.0
2015-04-24,18.73465919494629,0.0
2015-04-27,19.383167266845703,0.0
2015-04-28,18.9148006439209,0.0
2015-04-29,18.950828552246094,0.0
2015-04-30,19.022884368896484,0.0
2015-05-04,18.806716918945312,0.0
2015-05-05,18.806716918945312,0.0
2015-05-06,19.022884368896484,0.0
2015-05-07,18.73465919494629,0.0
2015-05-08,18.6626033782959,0.0
2015-05-11,18.194236755371094,0.0
2015-05-12,18.194236755371094,0.0
2015-05-13,17.97806739807129,0.0
2015-05-14,18.014095306396484,0.0
2015-05-15,17.942039489746094,0.0
2015-05-18,17.077362060546875,0.0
2015-05-19,17.22147560119629,0.0
2015-05-20,17.005306243896484,0.0
2015-05-21,16.825164794921875,0.0
2015-05-22,16.86119270324707,0.0
2015-05-25,16.933250427246094,0.0
2015-05-26,17.22147560119629,0.0
2015-05-27,17.22147560119629,0.0
2015-05-28,17.257503509521484,0.0
2015-05-29,17.61778450012207,0.0
2015-06-01,17.401615142822266,0.0
2015-06-02,17.581756591796875,0.0
2015-06-03,17.509700775146484,0.0
2015-06-04,16.933250427246094,0.0
2015-06-05,16.645023345947266,0.0
2015-06-08,16.71708106994629,0.0
2015-06-09,16.428855895996094,0.0
2015-06-10,17.113391876220703,0.0
2015-06-11,16.825164794921875,0.0
2015-06-12,16.825164794921875,0.0
2015-06-15,16.500911712646484,0.0
2015-06-16,16.248714447021484,0.0
2015-06-17,17.077362060546875,0.0
2015-06-18,17.077362060546875,0.0
2015-06-22,16.86119270324707,0.0
2015-06-23,16.86119270324707,0.0
2015-06-24,16.825164794921875,0.0
2015-06-25,17.437644958496094,0.0
2015-06-26,17.29353141784668,0.0
2015-06-29,16.86119270324707,0.0
2015-06-30,16.86119270324707,0.0
2015-07-01,17.077362060546875,0.0
2015-07-02,17.22147560119629,0.0
2015-07-03,17.185447692871094,0.0
2015-07-06,17.257503509521484,0.0
2015-07-07,17.54572868347168,0.0
2015-07-08,17.04133415222168,0.0
2015-07-09,16.96927833557129,0.0
2015-07-10,16.96927833557129,0.0
2015-07-13,17.257503509521484,0.0
2015-07-14,17.942039489746094,0.0
2015-07-15,17.869983673095703,0.0
2015-07-16,18.122180938720703,0.0
2015-07-17,18.446434020996094,0.0
2015-07-20,18.338348388671875,0.0
2015-07-21,17.942039489746094,0.0
2015-07-22,17.869983673095703,0.0
2015-07-23,18.698631286621094,0.0
2015-07-24,18.55451774597168,0.0
2015-07-27,18.23026466369629,0.0
2015-07-28,18.374378204345703,0.0
2015-07-29,19.022884368896484,0.0
2015-07-30,18.518489837646484,0.0
2015-07-31,18.446434020996094,0.0
2015-08-03,18.55451774597168,0.0
2015-08-04,18.374378204345703,0.0
2015-08-05,18.30232048034668,0.0
2015-08-06,18.30232048034668,0.0
2015-08-07,18.806716918945312,0.0
2015-08-10,18.806716918945312,0.0
2015-08-11,18.73465919494629,0.0
2015-08-12,18.374378204345703,0.0
2015-08-13,18.1582088470459,0.0
2015-08-14,18.23026466369629,0.0
2015-08-17,18.194236755371094,0.0
2015-08-18,18.446434020996094,0.0
2015-08-19,18.086151123046875,0.0
2015-08-20,18.1582088470459,0.0
2015-08-21,17.72587013244629,0.0
2015-08-24,17.1494197845459,0.0
2015-08-25,16.933250427246094,0.0
2015-08-26,17.077362060546875,0.0
2015-08-27,17.077362060546875,0.0
2015-08-28,17.401615142822266,0.0
2015-08-31,17.689842224121094,0.0
2015-09-01,17.72587013244629,0.0
2015-09-02,17.9060115814209,0.0
2015-09-03,17.9060115814209,0.0
2015-09-04,17.833955764770508,0.0
2015-09-07,18.086151123046875,0.0
2015-09-08,18.086151123046875,0.0
2015-09-09,18.122180938720703,0.0
2015-09-10,18.446434020996094,0.0
2015-09-11,18.266292572021484,0.0
2015-09-14,18.05012321472168,0.0
2015-09-15,18.122180938720703,0.0
2015-09-16,18.73465919494629,0.0
2015-09-17,18.374378204345703,0.0
2015-09-18,19.81550407409668,0.0
2015-09-21,19.635364532470703,0.0
2015-09-22,20.608125686645508,0.0
2015-09-23,20.319900512695312,0.0
2015-09-24,19.74344825744629,0.0
2015-09-25,19.81550407409668,0.0
2015-09-29,19.81550407409668,0.0
2015-09-30,19.455223083496094,0.0
2015-10-01,19.599336624145508,0.0
2015-10-02,19.311111450195312,0.0
2015-10-05,19.383167266845703,0.0
2015-10-06,19.23905372619629,0.0
2015-10-07,19.347139358520508,0.0
2015-10-08,18.9148006439209,0.0
2015-10-12,19.4191951751709,0.0
2015-10-13,19.311111450195312,0.0
2015-10-14,19.311111450195312,0.0
2015-10-15,19.383167266845703,0.0
2015-10-16,19.311111450195312,0.0
2015-10-19,19.4191951751709,0.0
2015-10-20,19.851533889770508,0.0
2015-10-21,19.635364532470703,0.0
2015-10-22,19.383167266845703,0.0
2015-10-23,19.383167266845703,0.0
2015-10-26,19.130970001220703,0.0
2015-10-27,19.05891227722168,0.0
2015-10-28,19.23905372619629,0.0
2015-10-29,19.311111450195312,0.0
2015-10-30,19.275081634521484,0.0
2015-11-02,19.563308715820312,0.0
2015-11-03,19.81550407409668,0.0
2015-11-04,19.74344825744629,0.0
2015-11-05,19.707420349121094,0.0
2015-11-06,19.383167266845703,0.0
2015-11-09,18.950828552246094,0.0
2015-11-10,19.383167266845703,0.0
2015-11-11,18.73465919494629,0.0
2015-11-12,18.806716918945312,0.0
2015-11-13,18.48246192932129,0.0
2015-11-16,19.347139358520508,0.0
2015-11-17,19.6713924407959,0.0
2015-11-18,19.52728080749512,0.0
2015-11-19,19.779476165771484,0.0
2015-11-20,19.81550407409668,0.0
2015-11-23,19.81550407409668,0.0
2015-11-24,19.635364532470703,0.0
2015-11-25,20.24784469604492,0.0
2015-11-26,20.860322952270508,0.0
2015-11-27,21.04046440124512,0.0
2015-11-30,20.644153594970703,0.0
2015-12-01,22.337478637695312,0.0
2015-12-02,21.76102828979492,0.0
2015-12-03,21.076492309570312,0.0
2015-12-04,21.076492309570312,0.0
2015-12-07,21.076492309570312,0.0
2015-12-08,20.53606986999512,0.0
2015-12-09,19.599336624145508,0.0
2015-12-10,19.81550407409668,0.0
2015-12-11,19.52728080749512,0.0
2015-12-14,19.383167266845703,0.0
2015-12-15,19.74344825744629,0.0
2015-12-16,19.52728080749512,0.0
2015-12-17,19.52728080749512,0.0
2015-12-18,19.094940185546875,0.0
2015-12-21,19.49125099182129,0.0
2015-12-22,19.23905372619629,0.0
2015-12-23,18.9148006439209,0.0
2015-12-24,19.455223083496094,0.0
2015-12-25,19.094940185546875,0.0
2015-12-28,19.311111450195312,0.0
2015-12-29,19.275081634521484,0.0
2015-12-30,19.094940185546875,0.0
2015-12-31,19.094940185546875,0.0
2016-01-04,18.770687103271484,0.0
2016-01-05,18.770687103271484,0.0
2016-01-06,18.6626033782959,0.0
2016-01-07,18.338348388671875,0.0
2016-01-08,18.770687103271484,0.0
2016-01-11,18.590547561645508,0.0
2016-01-12,18.014095306396484,0.0
2016-01-13,18.73465919494629,0.0
2016-01-14,18.23026466369629,0.0
2016-01-15,18.30232048034668,0.0
2016-01-18,18.698631286621094,0.0
2016-01-19,18.518489837646484,0.0
2016-01-20,18.1582088470459,0.0
2016-01-21,18.23026466369629,0.0
2016-01-22,17.9060115814209,0.0
2016-01-25,18.014095306396484,0.0
2016-01-26,17.97806739807129,0.0
2016-01-27,17.6538143157959,0.0
2016-01-28,17.72587013244629,0.0
2016-01-29,17.869983673095703,0.0
2016-02-01,18.05012321472168,0.0
2016-02-02,17.942039489746094,0.0
2016-02-03,18.014095306396484,0.0
2016-02-15,17.869983673095703,0.0
2016-02-16,17.942039489746094,0.0
2016-02-17,18.086151123046875,0.0
2016-02-18,19.81550407409668,0.0
2016-02-19,19.311111450195312,0.0
2016-02-22,18.6626033782959,0.0
2016-02-23,18.842744827270508,0.0
2016-02-24,19.094940185546875,0.0
2016-02-25,18.9148006439209,0.0
2016-02-26,18.9148006439209,0.0
2016-03-01,18.9148006439209,0.0
2016-03-02,18.9148006439209,0.0
2016-03-03,18.9148006439209,0.0
2016-03-04,18.950828552246094,0.0
2016-03-07,18.6626033782959,0.0
2016-03-08,18.6626033782959,0.0
2016-03-09,19.05891227722168,0.0
2016-03-10,18.98685646057129,0.0
2016-03-11,18.950828552246094,0.0
2016-03-14,18.98685646057129,0.0
2016-03-15,18.73465919494629,0.0
2016-03-16,18.878772735595703,0.0
2016-03-17,18.6626033782959,0.0
2016-03-18,18.9148006439209,0.0
2016-03-21,18.9148006439209,0.0
2016-03-22,20.788265228271484,0.0
2016-03-23,19.851533889770508,0.0
2016-03-24,19.23905372619629,0.0
2016-03-25,19.05891227722168,0.0
2016-03-28,18.518489837646484,0.0
2016-03-29,18.518489837646484,0.0
2016-03-30,18.55451774597168,0.0
2016-03-31,19.6713924407959,0.0
2016-04-01,19.455223083496094,0.0
2016-04-06,19.022884368896484,0.0
2016-04-07,18.842744827270508,0.0
2016-04-08,18.9148006439209,0.0
2016-04-11,18.6626033782959,0.0
2016-04-12,18.518489837646484,0.0
2016-04-13,18.4104061126709,0.0
2016-04-14,18.446434020996094,0.0
2016-04-15,18.446434020996094,0.0
2016-04-18,18.30232048034668,0.0
2016-04-19,18.266292572021484,0.0
2016-04-20,18.086151123046875,0.0
2016-04-21,17.942039489746094,0.0
2016-04-22,17.6538143157959,0.0
2016-04-25,17.72587013244629,0.0
2016-04-26,17.761898040771484,0.0
2016-04-27,17.9060115814209,0.0
2016-04-28,17.72587013244629,0.0
2016-04-29,17.6538143157959,0.0
2016-05-03,17.54572868347168,0.0
2016-05-04,17.005306243896484,0.0
2016-05-05,17.689842224121094,0.0
2016-05-06,17.185447692871094,0.0
2016-05-09,17.04133415222168,0.0
2016-05-10,17.04133415222168,0.0
2016-05-11,16.86119270324707,0.0
2016-05-12,17.22147560119629,0.0
2016-05-13,17.257503509521484,0.0
2016-05-16,17.72587013244629,0.0
2016-05-17,17.833955764770508,0.0
2016-05-18,17.6538143157959,0.0
2016-05-19,17.401615142822266,0.0
2016-05-20,17.47367286682129,0.0
2016-05-23,17.79792594909668,0.0
2016-05-24,17.6538143157959,0.0
2016-05-25,17.6538143157959,0.0
2016-05-26,17.437644958496094,0.0
2016-05-27,17.437644958496094,0.0
2016-05-30,18.1582088470459,0.0
2016-05-31,18.374378204345703,0.0
2016-06-01,17.942039489746094,0.0
2016-06-02,17.869983673095703,0.0
2016-06-03,17.761898040771484,0.0
2016-06-06,17.401615142822266,0.0
2016-06-07,17.401615142822266,0.0
2016-06-08,17.54572868347168,0.0
2016-06-13,17.437644958496094,0.0
2016-06-14,17.36558723449707,0.0
2016-06-15,17.72587013244629,0.0
2016-06-16,17.9060115814209,0.0
2016-06-17,17.761898040771484,0.0
2016-06-20,17.54572868347168,0.0
2016-06-21,17.509700775146484,0.0
2016-06-22,17.581756591796875,0.0
2016-06-23,17.437644958496094,0.0
2016-06-24,16.96927833557129,0.0
2016-06-27,17.1494197845459,0.0
2016-06-28,17.437644958496094,0.0
2016-06-29,17.22147560119629,0.0
2016-06-30,17.29353141784668,0.0
2016-07-01,17.36558723449707,0.0
2016-07-04,17.869983673095703,0.0
2016-07-05,17.942039489746094,0.0
2016-07-06,17.79792594909668,0.0
2016-07-07,17.689842224121094,0.0
2016-07-08,17.689842224121094,0.0
2016-07-11,17.6538143157959,0.0
2016-07-12,17.689842224121094,0.0
2016-07-13,17.833955764770508,0.0
2016-07-14,18.1582088470459,0.0
2016-07-15,18.6626033782959,0.0
2016-07-18,20.391956329345703,0.0
2016-07-19,20.067703247070312,0.0
2016-07-20,19.779476165771484,0.0
2016-07-21,19.4191951751709,0.0
2016-07-22,18.9148006439209,0.0
2016-07-25,18.626575469970703,0.0
2016-07-26,18.518489837646484,0.0
2016-07-27,18.48246192932129,0.0
2016-07-28,18.842744827270508,0.0
2016-07-29,18.770687103271484,0.0
2016-08-01,18.626575469970703,0.0
2016-08-02,18.55451774597168,0.0
2016-08-03,18.518489837646484,0.0
2016-08-04,18.266292572021484,0.0
2016-08-05,18.194236755371094,0.0
2016-08-08,18.1582088470459,0.0
2016-08-09,17.9060115814209,0.0
2016-08-10,17.689842224121094,0.0
2016-08-11,17.689842224121094,0.0
2016-08-12,17.833955764770508,0.0
2016-08-15,17.581756591796875,0.0
2016-08-16,17.689842224121094,0.0
2016-08-17,17.581756591796875,0.0
2016-08-18,17.833955764770508,0.0
2016-08-19,17.61778450012207,0.0
2016-08-22,17.36558723449707,0.0
2016-08-23,17.61778450012207,0.0
2016-08-24,17.79792594909668,0.0
2016-08-25,17.509700775146484,0.0
2016-08-26,17.437644958496094,0.0
2016-08-29,17.401615142822266,0.0
2016-08-30,17.329559326171875,0.0
2016-08-31,17.22147560119629,0.0
2016-09-01,17.22147560119629,0.0
2016-09-02,17.29353141784668,0.0
2016-09-05,17.36558723449707,0.0
2016-09-06,17.401615142822266,0.0
2016-09-07,17.6538143157959,0.0
2016-09-08,17.437644958496094,0.0
2016-09-09,17.437644958496094,0.0
2016-09-12,17.077362060546875,0.0
2016-09-13,17.04133415222168,0.0
2016-09-14,17.257503509521484,0.0
2016-09-19,17.257503509521484,0.0
2016-09-20,17.22147560119629,0.0
2016-09-21,17.22147560119629,0.0
2016-09-22,17.509700775146484,0.0
2016-09-23,17.47367286682129,0.0
2016-09-26,17.329559326171875,0.0
2016-09-27,17.329559326171875,0.0
2016-09-28,17.329559326171875,0.0
2016-09-29,17.257503509521484,0.0
2016-09-30,17.113391876220703,0.0
2016-10-03,17.113391876220703,0.0
2016-10-04,17.185447692871094,0.0
2016-10-05,17.36558723449707,0.0
2016-10-06,17.22147560119629,0.0
2016-10-07,17.077362060546875,0.0
2016-10-11,16.933250427246094,0.0
2016-10-12,17.1494197845459,0.0
2016-10-13,17.005306243896484,0.0
2016-10-14,16.645023345947266,0.0
2016-10-17,16.645023345947266,0.0
2016-10-18,16.753108978271484,0.0
2016-10-19,16.71708106994629,0.0
2016-10-20,17.437644958496094,0.0
2016-10-21,17.077362060546875,0.0
2016-10-24,16.96927833557129,0.0
2016-10-25,17.005306243896484,0.0
2016-10-26,16.86119270324707,0.0
2016-10-27,17.005306243896484,0.0
2016-10-28,16.78913688659668,0.0
2016-10-31,16.86119270324707,0.0
2016-11-01,16.60899543762207,0.0
2016-11-02,16.500911712646484,0.0
2016-11-03,15.996517181396484,0.0
2016-11-04,15.85240364074707,0.0
2016-11-07,15.888431549072266,0.0
2016-11-08,15.924460411071776,0.0
2016-11-09,15.78034782409668,0.0
2016-11-10,16.86119270324707,0.0
2016-11-11,16.500911712646484,0.0
2016-11-14,16.068572998046875,0.0
2016-11-15,16.1406307220459,0.0
2016-11-16,16.068572998046875,0.0
2016-11-17,15.888431549072266,0.0
2016-11-18,16.176658630371094,0.0
2016-11-21,16.03254508972168,0.0
2016-11-22,16.10460090637207,0.0
2016-11-23,16.10460090637207,0.0
2016-11-24,15.960489273071287,0.0
2016-11-25,15.85240364074707,0.0
2016-11-28,16.03254508972168,0.0
2016-11-29,16.1406307220459,0.0
2016-11-30,16.10460090637207,0.0
2016-12-01,16.10460090637207,0.0
2016-12-02,16.21268653869629,0.0
2016-12-05,16.03254508972168,0.0
2016-12-06,15.996517181396484,0.0
2016-12-07,16.03254508972168,0.0
2016-12-08,16.10460090637207,0.0
2016-12-09,16.1406307220459,0.0
2016-12-12,16.03254508972168,0.0
2016-12-13,16.03254508972168,0.0
2016-12-14,15.996517181396484,0.0
2016-12-15,16.03254508972168,0.0
2016-12-16,15.960489273071287,0.0
2016-12-19,15.924460411071776,0.0
2016-12-20,15.924460411071776,0.0
2016-12-21,15.85240364074707,0.0
2016-12-22,15.888431549072266,0.0
2016-12-23,15.85240364074707,0.0
2016-12-26,15.816375732421877,0.0
2016-12-27,16.21268653869629,0.0
2016-12-28,16.71708106994629,0.0
2016-12-29,16.8972225189209,0.0
2016-12-30,16.60899543762207,0.0
2017-01-03,16.645023345947266,0.0
2017-01-04,16.60899543762207,0.0
2017-01-05,16.60899543762207,0.0
2017-01-06,16.572967529296875,0.0
2017-01-09,16.28474235534668,0.0
2017-01-10,16.46488380432129,0.0
2017-01-11,16.46488380432129,0.0
2017-01-12,16.392826080322266,0.0
2017-01-13,16.28474235534668,0.0
2017-01-16,16.248714447021484,0.0
2017-01-17,16.10460090637207,0.0
2017-01-18,16.1406307220459,0.0
2017-01-19,15.996517181396484,0.0
2017-01-20,16.03254508972168,0.0
2017-01-23,16.03254508972168,0.0
2017-01-24,16.068572998046875,0.0
2017-02-02,16.10460090637207,0.0
2017-02-03,16.10460090637207,0.0
2017-02-06,16.176658630371094,0.0
2017-02-07,16.248714447021484,0.0
2017-02-08,16.35679817199707,0.0
2017-02-09,16.28474235534668,0.0
2017-02-10,16.176658630371094,0.0
2017-02-13,16.428855895996094,0.0
2017-02-14,16.28474235534668,0.0
2017-02-15,16.28474235534668,0.0
2017-02-16,16.428855895996094,0.0
2017-02-17,16.645023345947266,0.0
2017-02-20,16.392826080322266,0.0
2017-02-21,16.35679817199707,0.0
2017-02-22,16.500911712646484,0.0
2017-02-23,16.35679817199707,0.0
2017-02-24,16.500911712646484,0.0
2017-03-01,16.53693962097168,0.0
2017-03-02,16.572967529296875,0.0
2017-03-03,16.500911712646484,0.0
2017-03-06,16.53693962097168,0.0
2017-03-07,17.185447692871094,0.0
2017-03-08,17.329559326171875,0.0
2017-03-09,16.86119270324707,0.0
2017-03-10,16.60899543762207,0.0
2017-03-13,16.71708106994629,0.0
2017-03-14,16.60899543762207,0.0
2017-03-15,16.53693962097168,0.0
2017-03-16,16.53693962097168,0.0
2017-03-17,16.71708106994629,0.0
2017-03-20,16.572967529296875,0.0
2017-03-21,16.572967529296875,0.0
2017-03-22,16.53693962097168,0.0
2017-03-23,16.35679817199707,0.0
2017-03-24,16.392826080322266,0.0
2017-03-27,16.28474235534668,0.0
2017-03-28,15.996517181396484,0.0
2017-03-29,15.888431549072266,0.0
2017-03-30,15.924460411071776,0.0
2017-03-31,15.85240364074707,0.0
2017-04-05,15.960489273071287,0.0
2017-04-06,15.888431549072266,0.0
2017-04-07,15.960489273071287,0.0
2017-04-10,15.672263145446776,0.0
2017-04-11,15.600207328796388,0.0
2017-04-12,15.708291053771973,0.0
2017-04-13,15.528149604797363,0.0
2017-04-14,15.09581184387207,0.0
2017-04-17,14.951699256896973,0.0
2017-04-18,15.492121696472168,0.0
2017-04-19,15.131839752197266,0.0
2017-04-20,15.059783935546877,0.0
2017-04-21,15.02375602722168,0.0
2017-04-24,14.699501991271973,0.0
2017-04-25,15.311981201171877,0.0
2017-04-26,15.239925384521484,0.0
2017-04-27,15.924460411071776,0.0
2017-04-28,15.708291053771973,0.0
2017-05-02,15.708291053771973,0.0
2017-05-03,15.672263145446776,0.0
2017-05-04,15.34800910949707,0.0
2017-05-05,15.384037971496582,0.0
2017-05-08,15.131839752197266,0.0
2017-05-09,15.09581184387207,0.0
2017-05-10,14.951699256896973,0.0
2017-05-11,14.735529899597168,0.0
2017-05-12,16.176658630371094,0.0
2017-05-15,17.761898040771484,0.0
2017-05-16,18.05012321472168,0.0
2017-05-17,17.833955764770508,0.0
2017-05-18,18.05012321472168,0.0
2017-05-19,17.437644958496094,0.0
2017-05-22,17.1494197845459,0.0
2017-05-23,17.329559326171875,0.0
2017-05-24,17.1494197845459,0.0
2017-05-25,17.1494197845459,0.0
2017-05-26,17.581756591796875,0.0
2017-05-31,18.014095306396484,0.0
2017-06-01,17.689842224121094,0.0
2017-06-02,17.689842224121094,0.0
2017-06-05,17.36558723449707,0.0
2017-06-06,17.185447692871094,0.0
2017-06-07,17.329559326171875,0.0
2017-06-08,17.29353141784668,0.0
2017-06-09,17.113391876220703,0.0
2017-06-12,17.185447692871094,0.0
2017-06-13,17.005306243896484,0.0
2017-06-14,16.572967529296875,0.0
2017-06-15,16.392826080322266,0.0
2017-06-16,16.500911712646484,0.0
2017-06-19,16.428855895996094,0.0
2017-06-20,16.500911712646484,0.0
2017-06-21,16.572967529296875,0.0
2017-06-22,17.72587013244629,0.0
2017-06-23,17.97806739807129,0.0
2017-06-26,17.61778450012207,0.0
2017-06-27,17.61778450012207,0.0
2017-06-28,17.329559326171875,0.0
2017-06-29,17.22147560119629,0.0
2017-06-30,17.22147560119629,0.0
2017-07-03,17.29353141784668,0.0
2017-07-04,16.8972225189209,0.0
2017-07-05,16.86119270324707,0.0
2017-07-06,16.68105125427246,0.0
2017-07-07,16.60899543762207,0.0
2017-07-10,16.392826080322266,0.0
2017-07-11,16.35679817199707,0.0
2017-07-12,16.392826080322266,0.0
2017-07-13,16.46488380432129,0.0
2017-07-14,16.53693962097168,0.0
2017-07-17,16.500911712646484,0.0
2017-07-18,16.392826080322266,0.0
2017-07-19,16.500911712646484,0.0
2017-07-20,16.78913688659668,0.0
2017-07-21,17.401615142822266,0.0
2017-07-24,17.185447692871094,0.0
2017-07-25,16.86119270324707,0.0
2017-07-26,17.04133415222168,0.0
2017-07-27,17.005306243896484,0.0
2017-07-28,16.86119270324707,0.0
2017-07-31,16.86119270324707,0.0
2017-08-01,16.825164794921875,0.0
2017-08-02,16.753108978271484,0.0
2017-08-03,16.71708106994629,0.0
2017-08-04,16.572967529296875,0.0
2017-08-07,16.428855895996094,0.0
2017-08-08,16.428855895996094,0.0
2017-08-09,16.35679817199707,0.0
2017-08-10,16.03254508972168,0.0
2017-08-11,15.85240364074707,0.0
2017-08-14,15.203897476196287,0.0
2017-08-15,15.492121696472168,0.0
2017-08-16,15.564179420471191,0.0
2017-08-17,15.672263145446776,0.0
2017-08-18,15.492121696472168,0.0
2017-08-21,15.384037971496582,0.0
2017-08-22,15.456093788146973,0.0
2017-08-23,15.384037971496582,0.0
2017-08-24,15.492121696472168,0.0
2017-08-25,15.564179420471191,0.0
2017-08-28,15.528149604797363,0.0
2017-08-29,15.420065879821776,0.0
2017-08-30,15.78034782409668,0.0
2017-08-31,16.248714447021484,0.0
2017-09-01,16.10460090637207,0.0
2017-09-04,15.744318962097168,0.0
2017-09-05,15.708291053771973,0.0
2017-09-06,15.636235237121582,0.0
2017-09-07,15.672263145446776,0.0
2017-09-08,15.636235237121582,0.0
2017-09-11,15.492121696472168,0.0
2017-09-12,15.492121696472168,0.0
2017-09-13,15.456093788146973,0.0
2017-09-14,15.492121696472168,0.0
2017-09-15,15.600207328796388,0.0
2017-09-18,15.528149604797363,0.0
2017-09-19,15.528149604797363,0.0
2017-09-20,15.456093788146973,0.0
2017-09-21,15.564179420471191,0.0
2017-09-22,15.456093788146973,0.0
2017-09-25,15.203897476196287,0.0
2017-09-26,15.311981201171877,0.0
2017-09-27,15.27595329284668,0.0
2017-09-28,15.203897476196287,0.0
2017-09-29,15.203897476196287,0.0
2017-10-02,15.203897476196287,0.0
2017-10-03,15.203897476196287,0.0
2017-10-05,15.203897476196287,0.0
2017-10-06,15.203897476196287,0.0
2017-10-11,15.27595329284668,0.0
2017-10-12,15.239925384521484,0.0
2017-10-13,15.16786766052246,0.0
2017-10-16,15.239925384521484,0.0
2017-10-17,15.09581184387207,0.0
2017-10-18,15.34800910949707,0.0
2017-10-19,15.239925384521484,0.0
2017-10-20,15.27595329284668,0.0
2017-10-23,15.16786766052246,0.0
2017-10-24,15.34800910949707,0.0
2017-10-25,15.239925384521484,0.0
2017-10-26,15.239925384521484,0.0
2017-10-27,15.16786766052246,0.0
2017-10-30,15.09581184387207,0.0
2017-10-31,15.059783935546877,0.0
2017-11-01,14.951699256896973,0.0
2017-11-02,14.987727165222168,0.0
2017-11-03,14.987727165222168,0.0
2017-11-06,14.879643440246582,0.0
2017-11-07,14.951699256896973,0.0
2017-11-08,14.879643440246582,0.0
2017-11-09,14.879643440246582,0.0
2017-11-10,14.915671348571776,0.0
2017-11-13,15.34800910949707,0.0
2017-11-14,15.27595329284668,0.0
2017-11-15,15.311981201171877,0.0
2017-11-16,15.34800910949707,0.0
2017-11-17,15.311981201171877,0.0
2017-11-20,16.60899543762207,0.0
2017-11-21,16.1406307220459,0.0
2017-11-22,15.888431549072266,0.0
2017-11-23,16.068572998046875,0.0
2017-11-24,16.068572998046875,0.0
2017-11-27,15.816375732421877,0.0
2017-11-28,15.85240364074707,0.0
2017-11-29,15.78034782409668,0.0
2017-11-30,15.85240364074707,0.0
2017-12-01,15.600207328796388,0.0
2017-12-04,15.636235237121582,0.0
2017-12-05,15.924460411071776,0.0
2017-12-06,15.744318962097168,0.0
2017-12-07,15.600207328796388,0.0
2017-12-08,15.492121696472168,0.0
2017-12-11,15.636235237121582,0.0
2017-12-12,15.744318962097168,0.0
2017-12-13,15.888431549072266,0.0
2017-12-14,15.924460411071776,0.0
2017-12-15,16.03254508972168,0.0
2017-12-18,16.1406307220459,0.0
2017-12-19,15.888431549072266,0.0
2017-12-20,15.924460411071776,0.0
2017-12-21,15.960489273071287,0.0
2017-12-22,16.03254508972168,0.0
2017-12-25,15.924460411071776,0.0
2017-12-26,15.708291053771973,0.0
2017-12-27,15.888431549072266,0.0
2017-12-28,15.960489273071287,0.0
2017-12-29,15.996517181396484,0.0
2018-01-02,15.960489273071287,0.0
2018-01-03,15.888431549072266,0.0
2018-01-04,15.924460411071776,0.0
2018-01-05,15.888431549072266,0.0
2018-01-08,15.996517181396484,0.0
2018-01-09,15.924460411071776,0.0
2018-01-10,15.960489273071287,0.0
2018-01-11,15.996517181396484,0.0
2018-01-12,16.28474235534668,0.0
2018-01-15,16.60899543762207,0.0
2018-01-16,16.53693962097168,0.0
2018-01-17,16.28474235534668,0.0
2018-01-18,16.248714447021484,0.0
2018-01-19,16.320770263671875,0.0
2018-01-22,16.392826080322266,0.0
2018-01-23,16.21268653869629,0.0
2018-01-24,16.21268653869629,0.0
2018-01-25,16.176658630371094,0.0
2018-01-26,16.248714447021484,0.0
2018-01-29,16.068572998046875,0.0
2018-01-30,15.924460411071776,0.0
2018-01-31,15.85240364074707,0.0
2018-02-01,15.78034782409668,0.0
2018-02-02,15.708291053771973,0.0
2018-02-05,15.384037971496582,0.0
2018-02-06,14.483332633972168,0.0
2018-02-07,14.627446174621582,0.0
2018-02-08,14.663474082946776,0.0
2018-02-09,14.663474082946776,0.0
2018-02-12,14.375247955322266,0.0
2018-02-21,14.735529899597168,0.0
2018-02-22,14.735529899597168,0.0
2018-02-23,14.84361457824707,0.0
2018-02-26,14.80758571624756,0.0
2018-02-27,14.879643440246582,0.0
2018-03-01,15.02375602722168,0.0
2018-03-02,14.84361457824707,0.0
2018-03-05,15.09581184387207,0.0
2018-03-06,14.987727165222168,0.0
2018-03-07,15.059783935546877,0.0
2018-03-08,15.059783935546877,0.0
2018-03-09,14.879643440246582,0.0
2018-03-12,14.879643440246582,0.0
2018-03-13,14.879643440246582,0.0
2018-03-14,15.131839752197266,0.0
2018-03-15,15.131839752197266,0.0
2018-03-16,15.27595329284668,0.0
2018-03-19,15.636235237121582,0.0
2018-03-20,15.744318962097168,0.0
2018-03-21,15.636235237121582,0.0
2018-03-22,15.384037971496582,0.0
2018-03-23,15.27595329284668,0.0
2018-03-26,16.28474235534668,0.0
2018-03-27,15.636235237121582,0.0
2018-03-28,15.564179420471191,0.0
2018-03-29,15.744318962097168,0.0
2018-03-30,15.384037971496582,0.0
2018-04-02,15.492121696472168,0.0
2018-04-03,15.492121696472168,0.0
2018-04-09,15.744318962097168,0.0
2018-04-10,15.492121696472168,0.0
2018-04-11,15.456093788146973,0.0
2018-04-12,15.564179420471191,0.0
2018-04-13,15.27595329284668,0.0
2018-04-16,15.059783935546877,0.0
2018-04-17,14.627446174621582,0.0
2018-04-18,14.663474082946776,0.0
2018-04-19,14.84361457824707,0.0
2018-04-20,14.80758571624756,0.0
2018-04-23,14.84361457824707,0.0
2018-04-24,14.519360542297363,0.0
2018-04-25,14.663474082946776,0.0
2018-04-26,14.519360542297363,0.0
2018-04-27,14.663474082946776,0.0
2018-04-30,14.699501991271973,0.0
2018-05-02,15.672263145446776,0.0
2018-05-03,15.311981201171877,0.0
2018-05-04,15.09581184387207,0.0
2018-05-07,15.059783935546877,0.0
2018-05-08,15.059783935546877,0.0
2018-05-09,14.915671348571776,0.0
2018-05-10,14.879643440246582,0.0
2018-05-11,14.627446174621582,0.0
2018-05-14,14.59141731262207,0.0
2018-05-15,14.59141731262207,0.0
2018-05-16,14.59141731262207,0.0
2018-05-17,14.555389404296877,0.0
2018-05-18,14.447304725646973,0.0
2018-05-21,14.447304725646973,0.0
2018-05-22,14.41127586364746,0.0
2018-05-23,14.555389404296877,0.0
2018-05-24,14.627446174621582,0.0
2018-05-25,14.447304725646973,0.0
2018-05-28,14.447304725646973,0.0
2018-05-29,14.41127586364746,0.0
2018-05-30,14.33922004699707,0.0
2018-05-31,14.699501991271973,0.0
2018-06-01,15.600207328796388,0.0
2018-06-04,16.176658630371094,0.0
2018-06-05,15.636235237121582,0.0
2018-06-06,15.34800910949707,0.0
2018-06-07,15.27595329284668,0.0
2018-06-08,15.16786766052246,0.0
2018-06-11,14.915671348571776,0.0
2018-06-12,14.987727165222168,0.0
2018-06-13,14.951699256896973,0.0
2018-06-14,14.987727165222168,0.0
2018-06-15,15.131839752197266,0.0
2018-06-19,14.951699256896973,0.0
2018-06-20,14.771557807922363,0.0
2018-06-21,15.02375602722168,0.0
2018-06-22,14.84361457824707,0.0
2018-06-25,14.771557807922363,0.0
2018-06-26,14.627446174621582,0.0
2018-06-27,14.627446174621582,0.0
2018-06-28,14.59141731262207,0.0
2018-06-29,14.59141731262207,0.0
2018-07-02,14.627446174621582,0.0
2018-07-03,14.447304725646973,0.0
2018-07-04,14.483332633972168,0.0
2018-07-05,14.447304725646973,0.0
2018-07-06,14.33922004699707,0.0
2018-07-09,14.41127586364746,0.0
2018-07-10,14.33922004699707,0.0
2018-07-11,14.519360542297363,0.0
2018-07-12,14.915671348571776,0.0
2018-07-13,14.771557807922363,0.0
2018-07-16,14.915671348571776,0.0
2018-07-17,14.699501991271973,0.0
2018-07-18,14.879643440246582,0.0
2018-07-19,14.771557807922363,0.0
2018-07-20,14.663474082946776,0.0
2018-07-23,14.519360542297363,0.0
2018-07-24,14.555389404296877,0.0
2018-07-25,14.555389404296877,0.0
2018-07-26,14.627446174621582,0.0
2018-07-27,14.555389404296877,0.0
2018-07-30,14.483332633972168,0.0
2018-07-31,14.483332633972168,0.0
2018-08-01,14.483332633972168,0.0
2018-08-02,14.33922004699707,0.0
2018-08-03,14.41127586364746,0.0
2018-08-06,14.41127586364746,0.0
2018-08-07,14.41127586364746,0.0
2018-08-08,14.375247955322266,0.0
2018-08-09,14.33922004699707,0.0
2018-08-10,14.05099391937256,0.0
2018-08-13,13.546600341796877,0.0
2018-08-14,13.58262825012207,0.0
2018-08-15,13.186318397521973,0.0
2018-08-16,12.970149040222168,0.0
2018-08-17,12.753979682922363,0.0
2018-08-20,12.465753555297852,0.0
2018-08-21,12.609867095947266,0.0
2018-08-22,12.681922912597656,0.0
2018-08-23,12.79000759124756,0.0
2018-08-24,12.609867095947266,0.0
2018-08-27,12.609867095947266,0.0
2018-08-28,12.717950820922852,0.0
2018-08-29,12.753979682922363,0.0
2018-08-30,12.970149040222168,0.0
2018-08-31,12.970149040222168,0.0
2018-09-03,12.753979682922363,0.0
2018-09-04,12.753979682922363,0.0
2018-09-05,12.681922912597656,0.0
2018-09-06,12.717950820922852,0.0
2018-09-07,12.82603645324707,0.0
2018-09-10,12.82603645324707,0.0
2018-09-11,12.753979682922363,0.0
2018-09-12,12.934120178222656,0.0
2018-09-13,12.862064361572266,0.0
2018-09-14,12.82603645324707,0.0
2018-09-17,12.681922912597656,0.0
2018-09-18,12.681922912597656,0.0
2018-09-19,12.753979682922363,0.0
2018-09-20,12.82603645324707,0.0
2018-09-21,12.82603645324707,0.0
2018-09-25,12.79000759124756,0.0
2018-09-26,12.89809226989746,0.0
2018-09-27,12.89809226989746,0.0
2018-09-28,12.82603645324707,0.0
2018-10-01,12.934120178222656,0.0
2018-10-02,13.04220485687256,0.0
2018-10-03,13.11426067352295,0.0
2018-10-04,13.33043098449707,0.0
2018-10-05,13.546600341796877,0.0
2018-10-08,14.05099391937256,0.0
2018-10-09,13.58262825012207,0.0
2018-10-11,12.35766887664795,0.0
2018-10-12,12.39369773864746,0.0
2018-10-15,12.321640968322754,0.0
2018-10-16,12.35766887664795,0.0
2018-10-17,12.35766887664795,0.0
2018-10-18,12.35766887664795,0.0
2018-10-19,12.213557243347168,0.0
2018-10-22,12.35766887664795,0.0
2018-10-23,12.177528381347656,0.0
2018-10-24,12.35766887664795,0.0
2018-10-25,11.709161758422852,0.0
2018-10-26,12.177528381347656,0.0
2018-10-29,12.069443702697754,0.0
2018-10-30,11.81724739074707,0.0
2018-10-31,12.03341579437256,0.0
2018-11-01,11.961359024047852,0.0
2018-11-02,12.069443702697754,0.0
2018-11-05,12.03341579437256,0.0
2018-11-06,11.997387886047363,0.0
2018-11-07,12.10547161102295,0.0
2018-11-08,12.177528381347656,0.0
2018-11-09,12.10547161102295,0.0
2018-11-12,12.177528381347656,0.0
2018-11-13,11.925331115722656,0.0
2018-11-14,11.925331115722656,0.0
2018-11-15,11.997387886047363,0.0
2018-11-16,12.069443702697754,0.0
2018-11-19,12.35766887664795,0.0
2018-11-20,12.069443702697754,0.0
2018-11-21,11.925331115722656,0.0
2018-11-22,11.709161758422852,0.0
2018-11-23,11.60107707977295,0.0
2018-11-26,11.34887981414795,0.0
2018-11-27,10.88051414489746,0.0
2018-11-28,10.77242946624756,0.0
2018-11-29,10.77242946624756,0.0
2018-11-30,10.12392234802246,0.0
2018-12-03,10.12392234802246,0.0
2018-12-04,10.12392234802246,0.0
2018-12-05,10.051864624023438,0.0
2018-12-06,9.58349895477295,0.0
2018-12-07,9.58349895477295,0.0
2018-12-10,9.115132331848145,0.0
2018-12-11,8.89896297454834,0.0
2018-12-12,9.15116024017334,0.0
2018-12-13,9.547470092773438,0.0
2018-12-14,9.439386367797852,0.0
2018-12-17,9.367328643798828,0.0
2018-12-18,9.511442184448242,0.0
2018-12-19,9.403358459472656,0.0
2018-12-20,9.187189102172852,0.0
2018-12-21,9.223217010498049,0.0
2018-12-24,9.259244918823242,0.0
2018-12-25,9.07910442352295,0.0
2018-12-26,8.97101879119873,0.0
2018-12-27,9.115132331848145,0.0
2018-12-28,9.07910442352295,0.0
2019-01-02,9.367328643798828,0.0
2019-01-03,9.943780899047852,0.0
2019-01-04,10.12392234802246,0.0
2019-01-07,10.159950256347656,0.0
2019-01-08,10.268033981323242,0.0
2019-01-09,10.195978164672852,0.0
2019-01-10,10.195978164672852,0.0
2019-01-11,10.268033981323242,0.0
2019-01-14,10.159950256347656,0.0
2019-01-15,10.015836715698242,0.0
2019-01-16,10.12392234802246,0.0
2019-01-17,10.087892532348633,0.0
2019-01-18,10.051864624023438,0.0
2019-01-21,10.159950256347656,0.0
2019-01-22,10.232006072998049,0.0
2019-01-23,10.12392234802246,0.0
2019-01-24,10.41214656829834,0.0
2019-01-25,10.376118659973145,0.0
2019-01-28,10.268033981323242,0.0
2019-01-29,10.448175430297852,0.0
2019-01-30,10.52023220062256,0.0
2019-02-11,10.66434383392334,0.0
2019-02-12,10.700372695922852,0.0
2019-02-13,10.736400604248049,0.0
2019-02-14,10.77242946624756,0.0
2019-02-15,10.59228801727295,0.0
2019-02-18,10.808457374572754,0.0
2019-02-19,10.88051414489746,0.0
2019-02-20,10.66434383392334,0.0
2019-02-21,10.556260108947754,0.0
2019-02-22,10.304061889648438,0.0
2019-02-25,10.195978164672852,0.0
2019-02-26,10.232006072998049,0.0
2019-02-27,10.195978164672852,0.0
2019-03-04,10.12392234802246,0.0
2019-03-05,10.087892532348633,0.0
2019-03-06,10.12392234802246,0.0
2019-03-07,11.13271141052246,0.0
2019-03-08,11.60107707977295,0.0
2019-03-11,12.249585151672363,0.0
2019-03-12,12.609867095947266,0.0
2019-03-13,12.177528381347656,0.0
2019-03-14,11.961359024047852,0.0
2019-03-15,11.709161758422852,0.0
2019-03-18,11.42093563079834,0.0
2019-03-19,11.456965446472168,0.0
2019-03-20,11.384907722473145,0.0
2019-03-21,11.456965446472168,0.0
2019-03-22,11.42093563079834,0.0
2019-03-25,11.13271141052246,0.0
2019-03-26,11.168739318847656,0.0
2019-03-27,10.988597869873049,0.0
2019-03-28,10.808457374572754,0.0
2019-03-29,11.024625778198242,0.0
2019-04-01,10.808457374572754,0.0
2019-04-02,10.736400604248049,0.0
2019-04-03,10.84448528289795,0.0
2019-04-08,10.88051414489746,0.0
2019-04-09,11.13271141052246,0.0
2019-04-10,11.204767227172852,0.0
2019-04-11,10.952569961547852,0.0
2019-04-12,10.916542053222656,0.0
2019-04-15,10.88051414489746,0.0
2019-04-16,10.88051414489746,0.0
2019-04-17,10.808457374572754,0.0
2019-04-18,10.66434383392334,0.0
2019-04-19,10.700372695922852,0.0
2019-04-22,10.66434383392334,0.0
2019-04-23,10.66434383392334,0.0
2019-04-24,10.628315925598145,0.0
2019-04-25,10.700372695922852,0.0
2019-04-26,10.77242946624756,0.0
2019-04-29,10.59228801727295,0.0
2019-04-30,10.556260108947754,0.0
2019-05-02,10.52023220062256,0.0
2019-05-03,10.484203338623049,0.0
2019-05-06,10.232006072998049,0.0
2019-05-07,10.268033981323242,0.0
2019-05-08,10.12392234802246,0.0
2019-05-09,9.799668312072754,0.0
2019-05-10,9.83569622039795,0.0
2019-05-13,10.087892532348633,0.0
2019-05-14,10.159950256347656,0.0
2019-05-15,10.12392234802246,0.0
2019-05-16,10.087892532348633,0.0
2019-05-17,10.087892532348633,0.0
2019-05-20,10.087892532348633,0.0
2019-05-21,10.087892532348633,0.0
2019-05-22,10.159950256347656,0.0
2019-05-23,10.087892532348633,0.0
2019-05-24,10.087892532348633,0.0
2019-05-27,9.90775203704834,0.0
2019-05-28,9.871724128723145,0.0
2019-05-29,9.799668312072754,0.0
2019-05-30,9.83569622039795,0.0
2019-05-31,9.90775203704834,0.0
2019-06-03,9.83569622039795,0.0
2019-06-04,9.83569622039795,0.0
2019-06-05,9.83569622039795,0.0
2019-06-06,9.83569622039795,0.0
2019-06-10,9.83569622039795,0.0
2019-06-11,9.799668312072754,0.0
2019-06-12,9.799668312072754,0.0
2019-06-13,9.72761058807373,0.0
2019-06-14,9.871724128723145,0.0
2019-06-17,9.943780899047852,0.0
2019-06-18,9.799668312072754,0.0
2019-06-19,9.83569622039795,0.0
2019-06-20,9.871724128723145,0.0
2019-06-21,9.90775203704834,0.0
2019-06-24,9.83569622039795,0.0
2019-06-25,9.65555477142334,0.0
2019-06-26,9.58349895477295,0.0
2019-06-27,9.58349895477295,0.0
2019-06-28,9.619526863098145,0.0
2019-07-01,9.547470092773438,0.0
2019-07-02,9.72761058807373,0.0
2019-07-03,9.65555477142334,0.0
2019-07-04,9.65555477142334,0.0
2019-07-05,9.799668312072754,0.0
2019-07-08,9.691582679748535,0.0
2019-07-09,9.799668312072754,0.0
2019-07-10,9.72761058807373,0.0
2019-07-11,9.76364040374756,0.0
2019-07-12,9.799668312072754,0.0
2019-07-15,10.77242946624756,0.0
2019-07-16,10.448175430297852,0.0
2019-07-17,10.12392234802246,0.0
2019-07-18,10.41214656829834,0.0
2019-07-19,10.268033981323242,0.0
2019-07-22,10.34009075164795,0.0
2019-07-23,10.232006072998049,0.0
2019-07-24,10.159950256347656,0.0
2019-07-25,10.12392234802246,0.0
2019-07-26,10.159950256347656,0.0
2019-07-29,10.12392234802246,0.0
2019-07-30,9.90775203704834,0.0
2019-07-31,9.76364040374756,0.0
2019-08-01,9.83569622039795,0.0
2019-08-02,9.691582679748535,0.0
2019-08-05,9.58349895477295,0.0
2019-08-06,9.511442184448242,0.0
2019-08-07,9.511442184448242,0.0
2019-08-08,9.65555477142334,0.0
2019-08-12,9.547470092773438,0.0
2019-08-13,9.547470092773438,0.0
2019-08-14,9.65555477142334,0.0
2019-08-15,9.58349895477295,0.0
2019-08-16,9.619526863098145,0.0
2019-08-19,9.65555477142334,0.0
2019-08-20,9.76364040374756,0.0
2019-08-21,9.90775203704834,0.0
2019-08-22,9.979808807373049,0.0
2019-08-23,9.90775203704834,0.0
2019-08-26,9.799668312072754,0.0
2019-08-27,9.799668312072754,0.0
2019-08-28,9.799668312072754,0.0
2019-08-29,9.799668312072754,0.0
2019-08-30,9.799668312072754,0.0
2019-09-02,9.943780899047852,0.0
2019-09-03,10.087892532348633,0.0
2019-09-04,10.12392234802246,0.0
2019-09-05,10.12392234802246,0.0
2019-09-06,10.051864624023438,0.0
2019-09-10,10.087892532348633,0.0
2019-09-11,10.12392234802246,0.0
2019-09-12,10.087892532348633,0.0
2019-09-16,10.015836715698242,0.0
2019-09-17,10.159950256347656,0.0
2019-09-18,10.12392234802246,0.0
2019-09-19,10.159950256347656,0.0
2019-09-20,10.12392234802246,0.0
2019-09-23,10.159950256347656,0.0
2019-09-24,10.232006072998049,0.0
2019-09-25,10.448175430297852,0.0
2019-09-26,10.304061889648438,0.0
2019-09-27,10.015836715698242,0.0
2019-10-01,9.943780899047852,0.0
2019-10-02,9.799668312072754,0.0
2019-10-03,9.72761058807373,0.0
2019-10-04,9.65555477142334,0.0
2019-10-07,9.65555477142334,0.0
2019-10-08,9.58349895477295,0.0
2019-10-09,9.547470092773438,0.0
2019-10-14,9.475414276123049,0.0
2019-10-15,9.475414276123049,0.0
2019-10-16,9.72761058807373,0.0
2019-10-17,9.691582679748535,0.0
2019-10-18,9.65555477142334,0.0
2019-10-21,9.65555477142334,0.0
2019-10-22,9.691582679748535,0.0
2019-10-23,9.72761058807373,0.0
2019-10-24,9.72761058807373,0.0
2019-10-25,9.58349895477295,0.0
2019-10-28,9.58349895477295,0.0
2019-10-29,9.58349895477295,0.0
2019-10-30,9.691582679748535,0.0
2019-10-31,9.619526863098145,0.0
2019-11-01,9.619526863098145,0.0
2019-11-04,9.58349895477295,0.0
2019-11-05,9.65555477142334,0.0
2019-11-06,9.72761058807373,0.0
2019-11-07,9.72761058807373,0.0
2019-11-08,9.65555477142334,0.0
2019-11-11,9.65555477142334,0.0
2019-11-12,9.619526863098145,0.0
2019-11-13,9.65555477142334,0.0
2019-11-14,9.619526863098145,0.0
2019-11-15,9.76364040374756,0.0
2019-11-18,9.72761058807373,0.0
2019-11-19,9.65555477142334,0.0
2019-11-20,10.087892532348633,0.0
2019-11-21,10.34009075164795,0.0
2019-11-22,10.376118659973145,0.0
2019-11-25,10.195978164672852,0.0
2019-11-26,10.12392234802246,0.0
2019-11-27,10.232006072998049,0.0
2019-11-28,10.232006072998049,0.0
2019-11-29,10.232006072998049,0.0
2019-12-02,10.304061889648438,0.0
2019-12-03,10.268033981323242,0.0
2019-12-04,10.376118659973145,0.0
2019-12-05,11.024625778198242,0.0
2019-12-06,10.77242946624756,0.0
2019-12-09,10.700372695922852,0.0
2019-12-10,10.736400604248049,0.0
2019-12-11,10.628315925598145,0.0
2019-12-12,10.556260108947754,0.0
2019-12-13,10.41214656829834,0.0
2019-12-16,10.556260108947754,0.0
2019-12-17,10.484203338623049,0.0
2019-12-18,10.556260108947754,0.0
2019-12-19,10.52023220062256,0.0
2019-12-20,10.484203338623049,0.0
2019-12-23,10.556260108947754,0.0
2019-12-24,10.484203338623049,0.0
2019-12-25,10.52023220062256,0.0
2019-12-26,10.66434383392334,0.0
2019-12-27,10.556260108947754,0.0
2019-12-30,10.232006072998049,0.0
2019-12-31,10.232006072998049,0.0
2020-01-02,10.41214656829834,0.0
2020-01-03,10.232006072998049,0.0
2020-01-06,10.304061889648438,0.0
2020-01-07,10.159950256347656,0.0
2020-01-08,10.304061889648438,0.0
2020-01-09,10.448175430297852,0.0
2020-01-10,10.700372695922852,0.0
2020-01-13,10.232006072998049,0.0
2020-01-14,10.268033981323242,0.0
2020-01-15,10.159950256347656,0.0
2020-01-16,10.159950256347656,0.0
2020-01-17,10.087892532348633,0.0
2020-01-20,10.12392234802246,0.0
2020-01-30,10.087892532348633,0.0
2020-01-31,10.051864624023438,0.0
2020-02-03,10.12392234802246,0.0
2020-02-04,9.979808807373049,0.0
2020-02-05,9.943780899047852,0.0
2020-02-06,10.087892532348633,0.0
2020-02-07,10.087892532348633,0.0
2020-02-10,9.90775203704834,0.0
2020-02-11,10.448175430297852,0.0
2020-02-12,10.52023220062256,0.0
2020-02-13,10.304061889648438,0.0
2020-02-14,10.304061889648438,0.0
2020-02-17,10.195978164672852,0.0
2020-02-18,10.159950256347656,0.0
2020-02-19,10.232006072998049,0.0
2020-02-20,10.268033981323242,0.0
2020-02-21,10.232006072998049,0.0
2020-02-24,10.448175430297852,0.0
2020-02-25,10.66434383392334,0.0
2020-02-26,10.66434383392334,0.0
2020-02-27,10.34009075164795,0.0
2020-03-02,10.232006072998049,0.0
2020-03-03,10.268033981323242,0.0
2020-03-04,10.195978164672852,0.0
2020-03-05,10.304061889648438,0.0
2020-03-06,10.736400604248049,0.0
2020-03-09,11.168739318847656,0.0
2020-03-10,10.84448528289795,0.0
2020-03-11,10.88051414489746,0.0
2020-03-12,10.159950256347656,0.0
2020-03-13,10.159950256347656,0.0
2020-03-16,9.223217010498049,0.0
2020-03-17,8.89896297454834,0.0
2020-03-18,8.71882152557373,0.0
2020-03-19,8.682793617248535,0.0
2020-03-20,9.475414276123049,0.0
2020-03-23,8.97101879119873,0.0
2020-03-24,9.223217010498049,0.0
2020-03-25,9.295272827148438,0.0
2020-03-26,9.15116024017334,0.0
2020-03-27,9.043075561523438,0.0
2020-03-30,8.934990882873535,0.0
2020-03-31,9.007047653198242,0.0
2020-04-01,9.007047653198242,0.0
2020-04-06,9.223217010498049,0.0
2020-04-07,9.223217010498049,0.0
2020-04-08,9.439386367797852,0.0
2020-04-09,9.511442184448242,0.0
2020-04-10,9.367328643798828,0.0
2020-04-13,9.65555477142334,0.0
2020-04-14,9.943780899047852,0.0
2020-04-15,10.916542053222656,0.0
2020-04-16,11.997387886047363,0.0
2020-04-17,13.186318397521973,0.0
2020-04-20,14.483332633972168,0.0
2020-04-21,13.942910194396973,0.0
2020-04-22,13.006176948547363,0.0
2020-04-23,14.05099391937256,0.0
2020-04-24,13.906882286071776,0.0
2020-04-27,13.618656158447266,0.0
2020-04-28,13.40248680114746,0.0
2020-04-29,13.762768745422363,0.0
2020-04-30,14.014966011047363,0.0
2020-05-04,15.384037971496582,0.0
2020-05-05,16.03254508972168,0.0
2020-05-06,15.85240364074707,0.0
2020-05-07,15.924460411071776,0.0
2020-05-08,15.239925384521484,0.0
2020-05-11,14.555389404296877,0.0
2020-05-12,14.447304725646973,0.0
2020-05-13,15.888431549072266,0.0
2020-05-14,17.47367286682129,0.0
2020-05-15,19.203025817871094,0.0
2020-05-18,21.112520217895508,0.0
2020-05-19,23.2021541595459,0.0
2020-05-20,24.21094512939453,0.0
2020-05-21,21.79705619812012,0.0
2020-05-22,22.69776153564453,0.0
2020-05-25,22.69776153564453,0.0
2020-05-26,21.25663375854492,0.0
2020-05-27,20.1757869720459,0.0
2020-05-28,20.75223731994629,0.0
2020-05-29,22.337478637695312,0.0
2020-06-01,22.733789443969727,0.0
2020-06-02,23.05804252624512,0.0
2020-06-03,25.363847732543945,0.0
2020-06-04,26.264551162719727,0.0
2020-06-05,26.624834060668945,0.0
2020-06-08,28.35418701171875,0.0
2020-06-09,28.462270736694336,0.0
2020-06-10,31.30849838256836,0.0
2020-06-11,28.822553634643555,0.0
2020-06-12,28.462270736694336,0.0
2020-06-15,28.462270736694336,0.0
2020-06-16,31.30849838256836,0.0
2020-06-17,34.40692138671875,0.0
2020-06-18,37.8296012878418,0.0
2020-06-19,41.57653427124024,0.0
2020-06-22,45.68374633789063,0.0
2020-06-23,43.59411239624024,0.0
2020-06-24,45.251407623291016,0.0
2020-06-29,49.71890640258789,0.0
2020-06-30,54.04228973388672,0.0
2020-07-01,59.44651794433594,0.0
2020-07-02,65.35514068603516,0.0
2020-07-03,71.84021759033203,0.0
2020-07-06,78.90174102783203,0.0
2020-07-07,86.46765899658203,0.0
2020-07-08,95.11442565917967,0.0
2020-07-09,104.48175811767578,0.0
2020-07-10,103.76119232177734,0.0
2020-07-13,93.67330169677734,0.0
2020-07-14,84.30596923828125,0.0
2020-07-15,76.01948547363281,0.0
2020-07-16,68.45356750488281,0.0
2020-07-17,61.60820770263672,0.0
2020-07-20,55.48341369628906,0.0
2020-07-21,49.93507385253906,0.0
2020-07-22,54.90696334838867,0.0
2020-07-23,60.16707992553711,0.0
2020-07-24,56.56426239013672,0.0
2020-07-27,50.94386291503906,0.0
2020-07-28,45.89991760253906,0.0
2020-07-29,43.810279846191406,0.0
2020-07-30,48.13366317749024,0.0
2020-07-31,52.88938522338867,0.0
2020-08-03,58.14950180053711,0.0
2020-08-04,63.91401290893555,0.0
2020-08-05,70.1108627319336,0.0
2020-08-06,64.0581283569336,0.0
2020-08-07,63.69784164428711,0.0
2020-08-10,64.41840362548828,0.0
2020-08-11,59.80680084228516,0.0
2020-08-12,64.7786865234375,0.0
2020-08-13,60.52736282348633,0.0
2020-08-14,62.18465805053711,0.0
2020-08-17,63.12139129638672,0.0
2020-08-18,66.2918701171875,0.0
2020-08-19,68.45356750488281,0.0
2020-08-20,61.60820770263672,0.0
2020-08-21,63.48167419433594,0.0
2020-08-24,63.04933547973633,0.0
2020-08-25,60.52736282348633,0.0
2020-08-26,64.85074615478516,0.0
2020-08-27,61.96849060058594,0.0
2020-08-28,61.89643478393555,0.0
2020-08-31,61.10381317138672,0.0
2020-09-01,59.37445831298828,0.0
2020-09-02,59.95091247558594,0.0
2020-09-03,58.43772888183594,0.0
2020-09-04,57.35688018798828,0.0
2020-09-07,53.10555648803711,0.0
2020-09-08,57.28482437133789,0.0
2020-09-09,54.90696334838867,0.0
2020-09-10,53.46583557128906,0.0
2020-09-11,52.24087905883789,0.0
2020-09-14,52.74527359008789,0.0
2020-09-15,56.13192367553711,0.0
2020-09-16,54.90696334838867,0.0
2020-09-17,55.26724624633789,0.0
2020-09-18,60.7435302734375,0.0
2020-09-21,63.12139129638672,0.0
2020-09-22,59.08623504638672,0.0
2020-09-23,59.15829086303711,0.0
2020-09-24,62.68905258178711,0.0
2020-09-25,64.70663452148438,0.0
2020-09-28,62.40082931518555,0.0
2020-09-29,59.87885665893555,0.0
2020-09-30,60.88764572143555,0.0
2020-10-05,59.95091247558594,0.0
2020-10-06,59.51857376098633,0.0
2020-10-07,59.15829086303711,0.0
2020-10-08,60.38325119018555,0.0
2020-10-12,59.08623504638672,0.0
2020-10-13,58.94212341308594,0.0
2020-10-14,58.14950180053711,0.0
2020-10-15,56.56426239013672,0.0
2020-10-16,57.64510726928711,0.0
2020-10-19,58.00539016723633,0.0
2020-10-20,58.58184051513672,0.0
2020-10-21,57.64510726928711,0.0
2020-10-22,56.2039794921875,0.0
2020-10-23,56.34809112548828,0.0
2020-10-26,53.24966812133789,0.0
2020-10-27,53.1776123046875,0.0
2020-10-28,52.81732940673828,0.0
2020-10-29,53.03349685668945,0.0
2020-10-30,52.09676361083984,0.0
2020-11-02,52.24087905883789,0.0
2020-11-03,51.52031326293945,0.0
2020-11-04,51.80854034423828,0.0
2020-11-05,51.88059616088867,0.0
2020-11-06,52.60115814208984,0.0
2020-11-09,51.52031326293945,0.0
2020-11-10,49.86301803588867,0.0
2020-11-11,50.58358001708984,0.0
2020-11-12,48.42189025878906,0.0
2020-11-13,49.86301803588867,0.0
2020-11-16,49.35862350463867,0.0
2020-11-17,50.79975128173828,0.0
2020-11-18,51.6644287109375,0.0
2020-11-19,50.87180709838867,0.0
2020-11-20,50.29535675048828,0.0
2020-11-23,50.29535675048828,0.0
2020-11-24,49.21451187133789,0.0
2020-11-25,49.21451187133789,0.0
2020-11-26,49.21451187133789,0.0
2020-11-27,50.79975128173828,0.0
2020-11-30,54.04228973388672,0.0
2020-12-01,51.44825744628906,0.0
2020-12-02,50.29535675048828,0.0
2020-12-03,49.64684677124024,0.0
2020-12-04,49.57479095458984,0.0
2020-12-07,48.13366317749024,0.0
2020-12-08,45.46757888793945,0.0
2020-12-09,45.39552307128906,0.0
2020-12-10,42.225040435791016,0.0
2020-12-11,46.40431213378906,0.0
2020-12-14,48.27777862548828,0.0
2020-12-15,45.46757888793945,0.0
2020-12-16,49.50273513793945,0.0
2020-12-17,47.91749572753906,0.0
2020-12-18,47.62926864624024,0.0
2020-12-21,46.40431213378906,0.0
2020-12-22,48.42189025878906,0.0
2020-12-23,47.34104537963867,0.0
2020-12-24,46.54842376708984,0.0
2020-12-25,46.83665084838867,0.0
2020-12-28,48.34983444213867,0.0
2020-12-29,48.63805770874024,0.0
2020-12-30,48.99834060668945,0.0
2020-12-31,48.99834060668945,0.0
2021-01-04,46.90870666503906,0.0
2021-01-05,46.47636795043945,0.0
2021-01-06,45.03524017333984,0.0
2021-01-07,45.03524017333984,0.0
2021-01-08,44.45878982543945,0.0
2021-01-11,43.52205657958984,0.0
2021-01-12,43.52205657958984,0.0
2021-01-13,42.94560623168945,0.0
2021-01-14,41.93681335449219,0.0
2021-01-15,42.00887298583984,0.0
2021-01-18,42.8735466003418,0.0
2021-01-19,42.51326751708984,0.0
2021-01-20,42.15298461914063,0.0
2021-01-21,42.15298461914063,0.0
2021-01-22,41.43242263793945,0.0
2021-01-25,41.50447845458984,0.0
2021-01-26,40.06335067749024,0.0
2021-01-27,39.703067779541016,0.0
2021-01-28,41.07213973999024,0.0
2021-01-29,40.13540649414063,0.0
2021-02-01,38.8383903503418,0.0
2021-02-02,39.91923522949219,0.0
2021-02-03,39.91923522949219,0.0
2021-02-04,39.775123596191406,0.0
2021-02-05,43.738224029541016,0.0
2021-02-17,41.43242263793945,0.0
2021-02-18,41.720645904541016,0.0
2021-02-19,45.82786178588867,0.0
2021-02-22,50.36741256713867,0.0
2021-02-23,49.14245223999024,0.0
2021-02-24,54.04228973388672,0.0
2021-02-25,52.96144104003906,0.0
2021-02-26,52.09676361083984,0.0
2021-03-02,49.35862350463867,0.0
2021-03-03,50.94386291503906,0.0
2021-03-04,50.07918548583984,0.0
2021-03-05,51.30414581298828,0.0
2021-03-08,50.15124130249024,0.0
2021-03-09,49.50273513793945,0.0
2021-03-10,49.43067932128906,0.0
2021-03-11,50.29535675048828,0.0
2021-03-12,50.22329711914063,0.0
2021-03-15,50.6556396484375,0.0
2021-03-16,50.43946838378906,0.0
2021-03-17,50.00712966918945,0.0
2021-03-18,50.00712966918945,0.0
2021-03-19,48.92628479003906,0.0
2021-03-22,47.91749572753906,0.0
2021-03-23,48.27777862548828,0.0
2021-03-24,48.99834060668945,0.0
2021-03-25,48.49394607543945,0.0
2021-03-26,48.56600189208984,0.0
2021-03-29,50.79975128173828,0.0
2021-03-30,50.22329711914063,0.0
2021-03-31,49.43067932128906,0.0
2021-04-01,49.57479095458984,0.0
2021-04-07,48.49394607543945,0.0
2021-04-08,48.20572280883789,0.0
2021-04-09,48.71011352539063,0.0
2021-04-12,49.21451187133789,0.0
2021-04-13,48.27777862548828,0.0
2021-04-14,46.69253540039063,0.0
2021-04-15,46.62047958374024,0.0
2021-04-16,46.54842376708984,0.0
2021-04-19,45.39552307128906,0.0
2021-04-20,45.46757888793945,0.0
2021-04-21,45.82786178588867,0.0
2021-04-22,43.95439529418945,0.0
2021-04-23,43.233829498291016,0.0
2021-04-26,42.51326751708984,0.0
2021-04-27,46.764591217041016,0.0
2021-04-28,45.89991760253906,0.0
2021-04-29,46.83665084838867,0.0
2021-05-03,46.90870666503906,0.0
2021-05-04,44.53084564208984,0.0
2021-05-05,44.314674377441406,0.0
2021-05-06,43.305885314941406,0.0
2021-05-07,46.69253540039063,0.0
2021-05-10,45.97197341918945,0.0
2021-05-11,44.81907272338867,0.0
2021-05-12,44.3867301940918,0.0
2021-05-13,44.67495727539063,0.0
2021-05-14,43.95439529418945,0.0
2021-05-17,39.703067779541016,0.0
2021-05-18,40.92802429199219,0.0
2021-05-19,40.56774520874024,0.0
2021-05-20,39.8471794128418,0.0
2021-05-21,40.42362976074219,0.0
2021-05-24,40.3515739440918,0.0
2021-05-25,40.3515739440918,0.0
2021-05-26,41.792701721191406,0.0
2021-05-27,40.8559684753418,0.0
2021-05-28,40.8559684753418,0.0
2021-05-31,40.279518127441406,0.0
2021-06-01,41.14419555664063,0.0
2021-06-02,40.63980102539063,0.0
2021-06-03,41.216251373291016,0.0
2021-06-04,42.51326751708984,0.0
2021-06-07,42.36915588378906,0.0
2021-06-08,42.36915588378906,0.0
2021-06-09,44.17056274414063,0.0
2021-06-10,46.98076248168945,0.0
2021-06-11,44.45878982543945,0.0
2021-06-15,44.17056274414063,0.0
2021-06-16,43.66616821289063,0.0
2021-06-17,43.810279846191406,0.0
2021-06-18,44.314674377441406,0.0
2021-06-21,43.01766204833984,0.0
2021-06-22,42.801490783691406,0.0
2021-06-23,42.94560623168945,0.0
2021-06-24,43.45000076293945,0.0
2021-06-25,43.45000076293945,0.0
2021-06-28,44.09850692749024,0.0
2021-06-29,43.16177368164063,0.0
2021-06-30,44.314674377441406,0.0
2021-07-01,43.52205657958984,0.0
2021-07-02,43.45000076293945,0.0
2021-07-05,43.16177368164063,0.0
2021-07-06,42.36915588378906,0.0
2021-07-07,41.8647575378418,0.0
2021-07-08,41.792701721191406,0.0
2021-07-09,41.792701721191406,0.0
2021-07-12,43.305885314941406,0.0
2021-07-13,42.00887298583984,0.0
2021-07-14,42.15298461914063,0.0
2021-07-15,42.297096252441406,0.0
2021-07-16,41.93681335449219,0.0
2021-07-19,42.00887298583984,0.0
2021-07-20,41.792701721191406,0.0
2021-07-21,41.07213973999024,0.0
2021-07-22,40.63980102539063,0.0
2021-07-23,41.00008010864258,0.0
2021-07-26,40.8559684753418,0.0
2021-07-27,40.3515739440918,0.0
2021-07-28,39.775123596191406,0.0
2021-07-29,41.43242263793945,0.0
2021-07-30,41.288307189941406,0.0
2021-08-02,41.43242263793945,0.0
2021-08-03,42.00887298583984,0.0
2021-08-04,41.93681335449219,0.0
2021-08-05,42.08092880249024,0.0
2021-08-06,41.792701721191406,0.0
2021-08-09,40.56774520874024,0.0
2021-08-10,39.99129486083984,0.0
2021-08-11,39.3427848815918,0.0
2021-08-12,39.703067779541016,0.0
2021-08-13,39.41484069824219,0.0
2021-08-16,38.91044616699219,0.0
2021-08-17,38.91044616699219,0.0
2021-08-18,38.766334533691406,0.0
2021-08-19,37.46931838989258,0.0
2021-08-20,37.253150939941406,0.0
2021-08-23,37.46931838989258,0.0
2021-08-24,38.189884185791016,0.0
2021-08-25,38.189884185791016,0.0
2021-08-26,42.00887298583984,0.0
2021-08-27,40.207462310791016,0.0
2021-08-30,39.703067779541016,0.0
2021-08-31,39.41484069824219,0.0
2021-09-01,39.8471794128418,0.0
2021-09-02,39.91923522949219,0.0
2021-09-03,40.42362976074219,0.0
2021-09-06,40.8559684753418,0.0
2021-09-07,40.63980102539063,0.0
2021-09-08,39.775123596191406,0.0
2021-09-09,40.42362976074219,0.0
2021-09-10,40.3515739440918,0.0
2021-09-13,42.297096252441406,0.0
2021-09-14,41.288307189941406,0.0
2021-09-15,41.57653427124024,0.0
2021-09-16,42.00887298583984,0.0
2021-09-17,41.07213973999024,0.0
2021-09-22,41.43242263793945,0.0
2021-09-23,42.00887298583984,0.0
2021-09-24,41.8647575378418,0.0
2021-09-27,42.94560623168945,0.0
2021-09-28,43.12723159790039,0.0
2021-09-29,41.940242767333984,0.0
2021-09-30,42.33590698242188,0.0
2021-10-01,41.78197860717773,0.0
2021-10-04,41.30718231201172,0.0
2021-10-05,40.59498977661133,0.0
2021-10-06,40.5158576965332,0.0
2021-10-07,41.14891815185547,0.0
2021-10-08,40.83238983154297,0.0
2021-10-12,41.86111068725586,0.0
2021-10-13,41.2280502319336,0.0
2021-10-14,43.602027893066406,0.0
2021-10-15,44.78901672363281,0.0
2021-10-18,46.68819808959961,0.0
2021-10-19,47.00472640991211,0.0
2021-10-20,47.79605102539063,0.0
2021-10-21,48.19171524047852,0.0
2021-10-22,48.42911148071289,0.0
2021-10-25,49.85349655151367,0.0
2021-10-26,48.27084732055664,0.0
2021-10-27,46.055137634277344,0.0
2021-10-28,50.64482498168945,0.0
2021-10-29,50.09089660644531,0.0
2021-11-01,48.66651153564453,0.0
2021-11-02,49.6161003112793,0.0
2021-11-03,46.84646224975586,0.0
2021-11-04,45.73860549926758,0.0
2021-11-05,45.58034133911133,0.0
2021-11-08,45.97600555419922,0.0
2021-11-09,46.60906219482422,0.0
2021-11-10,45.89686965942383,0.0
2021-11-11,45.65947341918945,0.0
2021-11-12,46.45079803466797,0.0
2021-11-15,45.97600555419922,0.0
2021-11-16,45.73860549926758,0.0
2021-11-17,46.13426971435547,0.0
2021-11-18,50.56569290161133,0.0
2021-11-19,50.48655700683594,0.0
2021-11-22,52.385738372802734,0.0
2021-11-23,51.35701751708984,0.0
2021-11-24,56.4214973449707,0.0
2021-11-25,54.83884811401367,0.0
2021-11-26,55.39277648925781,0.0
2021-11-29,49.85349655151367,0.0
2021-11-30,51.43614959716797,0.0
2021-12-01,50.56569290161133,0.0
2021-12-02,50.24916076660156,0.0
2021-12-03,51.27788543701172,0.0
2021-12-06,52.623138427734375,0.0
2021-12-07,52.93966674804688,0.0
2021-12-08,54.9179801940918,0.0
2021-12-09,54.205787658691406,0.0
2021-12-10,56.02583694458008,0.0
2021-12-13,55.15537643432617,0.0
2021-12-14,53.097930908203125,0.0
2021-12-15,54.28491973876953,0.0
2021-12-16,53.96839141845703,0.0
2021-12-17,54.364051818847656,0.0
2021-12-20,53.41446304321289,0.0
2021-12-21,53.96839141845703,0.0
2021-12-22,53.81012344360352,0.0
2021-12-23,54.99711227416992,0.0
2021-12-24,55.15537643432617,0.0
2021-12-27,53.57272720336914,0.0
2021-12-28,54.6014518737793,0.0
2021-12-29,54.364051818847656,0.0
2021-12-30,54.83884811401367,0.0
2022-01-03,52.78140258789063,0.0
2022-01-04,52.78140258789063,0.0
2022-01-05,51.910945892333984,0.0
2022-01-06,51.04048538208008,0.0
2022-01-07,50.72395706176758,0.0
2022-01-10,51.515281677246094,0.0
2022-01-11,50.48655700683594,0.0
2022-01-12,50.09089660644531,0.0
2022-01-13,50.96135330200195,0.0
2022-01-14,49.220436096191406,0.0
2022-01-17,50.17002868652344,0.0
2022-01-18,49.77436447143555,0.0
2022-01-19,49.14130401611328,0.0
2022-01-20,49.220436096191406,0.0
2022-01-21,48.033451080322266,0.0
2022-01-24,47.16299057006836,0.0
2022-01-25,45.89686965942383,0.0
2022-01-26,48.349979400634766,0.0
2022-02-07,49.53696823120117,0.0
2022-02-08,51.19874954223633,0.0
2022-02-09,51.04048538208008,0.0
2022-02-10,50.64482498168945,0.0
2022-02-11,50.01176452636719,0.0
2022-02-14,50.01176452636719,0.0
2022-02-15,50.24916076660156,0.0
2022-02-16,52.78140258789063,0.0
2022-02-17,51.75267791748047,0.0
2022-02-18,52.06921005249024,0.0
2022-02-21,52.46487045288086,0.0
2022-02-22,51.35701751708984,0.0
2022-02-23,52.06921005249024,0.0
2022-02-24,49.06217193603516,0.0
2022-02-25,49.93263244628906,0.0
2022-03-01,50.01176452636719,0.0
2022-03-02,50.01176452636719,0.0
2022-03-03,49.6161003112793,0.0
2022-03-04,48.98303985595703,0.0
2022-03-07,46.68819808959961,0.0
2022-03-08,45.18467712402344,0.0
2022-03-09,45.58034133911133,0.0
2022-03-10,46.60906219482422,0.0
2022-03-11,45.73860549926758,0.0
2022-03-14,45.42207717895508,0.0
2022-03-15,43.602027893066406,0.0
2022-03-16,44.15595626831055,0.0
2022-03-17,47.55865478515625,0.0
2022-03-18,50.01176452636719,0.0
2022-03-21,50.17002868652344,0.0
2022-03-22,51.04048538208008,0.0
2022-03-23,50.48655700683594,0.0
2022-03-24,50.8030891418457,0.0
2022-03-25,50.8030891418457,0.0
2022-03-28,50.32829284667969,0.0
2022-03-29,52.623138427734375,0.0
2022-03-30,51.515281677246094,0.0
2022-03-31,48.349979400634766,0.0
2022-04-01,48.508243560791016,0.0
2022-04-06,48.42911148071289,0.0
2022-04-07,47.637786865234375,0.0
2022-04-08,47.87518310546875,0.0
2022-04-11,46.925594329833984,0.0
2022-04-12,46.68819808959961,0.0
2022-04-13,46.529930114746094,0.0
2022-04-14,47.00472640991211,0.0
2022-04-15,47.00472640991211,0.0
2022-04-18,47.08385848999024,0.0
2022-04-19,46.529930114746094,0.0
2022-04-20,46.2134017944336,0.0
2022-04-21,50.8030891418457,0.0
2022-04-22,49.29956817626953,0.0
2022-04-25,47.55865478515625,0.0
2022-04-26,46.45079803466797,0.0
2022-04-27,46.13426971435547,0.0
2022-04-28,45.89686965942383,0.0
2022-04-29,45.8177375793457,0.0
2022-05-03,46.37166595458984,0.0
2022-05-04,45.89686965942383,0.0
2022-05-05,46.37166595458984,0.0
2022-05-06,45.97600555419922,0.0
2022-05-09,44.70988464355469,0.0
2022-05-10,43.918556213378906,0.0
2022-05-11,44.07682418823242,0.0
2022-05-12,44.3142204284668,0.0
2022-05-13,44.78901672363281,0.0
2022-05-16,44.94728088378906,0.0
2022-05-17,44.86814880371094,0.0
2022-05-18,45.5012092590332,0.0
2022-05-19,44.86814880371094,0.0
2022-05-20,45.18467712402344,0.0
2022-05-23,45.58034133911133,0.0
2022-05-24,44.94728088378906,0.0
2022-05-25,44.94728088378906,0.0
2022-05-26,45.26380920410156,0.0
2022-05-27,45.73860549926758,0.0
2022-05-30,45.8177375793457,0.0
2022-05-31,46.529930114746094,0.0
2022-06-01,45.8177375793457,0.0
2022-06-02,46.055137634277344,0.0
2022-06-06,45.26380920410156,0.0
2022-06-07,44.86814880371094,0.0
2022-06-08,44.70988464355469,0.0
2022-06-09,46.13426971435547,0.0
2022-06-10,45.97600555419922,0.0
2022-06-13,44.39335250854492,0.0
2022-06-14,44.23508834838867,0.0
2022-06-15,45.8177375793457,0.0
2022-06-16,47.95431518554688,0.0
2022-06-17,48.27084732055664,0.0
2022-06-20,47.00472640991211,0.0
2022-06-21,49.06217193603516,0.0
2022-06-22,48.27084732055664,0.0
2022-06-23,48.27084732055664,0.0
2022-06-24,53.097930908203125,0.0
2022-06-27,50.56569290161133,0.0
2022-06-28,45.73860549926758,0.0
2022-06-29,47.00472640991211,0.0
2022-06-30,44.47248458862305,0.0
2022-07-01,43.28549957275391,0.0
2022-07-04,41.069786071777344,0.0
2022-07-05,43.918556213378906,0.0
2022-07-06,42.494171142578125,0.0
2022-07-07,42.731571197509766,0.0
2022-07-08,42.33590698242188,0.0
2022-07-11,42.96896743774414,0.0
2022-07-12,41.70284652709961,0.0
2022-07-13,42.731571197509766,0.0
2022-07-14,43.12723159790039,0.0
2022-07-15,43.52289581298828,0.0
2022-07-18,45.09921646118164,0.034692
2022-07-19,45.79304885864258,0.0
2022-07-20,46.83380126953125,0.0
2022-07-21,48.56838607788086,0.0
2022-07-22,49.69586563110352,0.0
2022-07-25,51.083534240722656,0.0
2022-07-26,50.73661804199219,0.0
2022-07-27,50.21624374389648,0.0
2022-07-28,50.73661804199219,0.0
2022-07-29,50.64988708496094,0.0
2022-08-01,49.69586563110352,0.0
2022-08-02,48.741844177246094,0.0
2022-08-03,47.96128082275391,0.0
2022-08-04,47.61436462402344,0.0
2022-08-05,48.13473892211914,0.0
2022-08-08,46.83380126953125,0.0
2022-08-09,46.48688125610352,0.0
2022-08-10,45.96650695800781,0.0
2022-08-11,45.96650695800781,0.0
2022-08-12,46.13996505737305,0.0
2022-08-15,46.31342315673828,0.0
2022-08-16,46.48688125610352,0.0
2022-08-17,46.13996505737305,0.0
2022-08-18,46.40015411376953,0.0
2022-08-19,48.22146987915039,0.0
2022-08-22,52.9915771484375,0.0
2022-08-23,58.28206253051758,0.0
2022-08-24,60.450294494628906,0.0
2022-08-25,60.97066879272461,0.0
2022-08-26,65.30713653564453,0.0
2022-08-29,63.74600601196289,0.0
2022-08-30,65.04694366455078,0.0
2022-08-31,67.90901184082031,0.0
2022-09-01,67.99574279785156,0.0
2022-09-02,67.82228088378906,0.0
2022-09-05,64.61329650878906,0.0
2022-09-06,64.17964935302734,0.0
2022-09-07,66.43461608886719,0.0
2022-09-08,67.6488265991211,0.0
2022-09-12,68.77630615234375,0.0
2022-09-13,67.56209564208984,0.0
2022-09-14,68.51611328125,0.0
2022-09-15,65.4805908203125,0.0
2022-09-16,65.04694366455078,0.0
2022-09-19,63.31235885620117,0.0
2022-09-20,62.445068359375,0.0
2022-09-21,61.83796310424805,0.0
2022-09-22,62.18487930297852,0.0
2022-09-23,62.18487930297852,0.0
2022-09-26,57.32804107666016,0.0
2022-09-27,58.88916778564453,0.0
2022-09-28,55.07307815551758,0.0
2022-09-29,58.45552062988281,0.0
2022-09-30,57.50149917602539,0.0
2022-10-03,53.94559860229492,0.0
2022-10-04,54.81289291381836,0.0
2022-10-05,55.5067253112793,0.0
2022-10-06,56.98112487792969,0.0
2022-10-07,55.940372467041016,0.0
2022-10-11,53.07830810546875,0.0
2022-10-12,53.6854133605957,0.0
2022-10-13,50.73661804199219,0.0
2022-10-14,52.29774475097656,0.0
2022-10-17,51.517181396484375,0.0
2022-10-18,50.56315994262695,0.0
2022-10-19,50.042781829833984,0.0
2022-10-20,49.34894943237305,0.0
2022-10-21,47.35417556762695,0.0
2022-10-24,47.26744842529297,0.0
2022-10-25,46.2266960144043,0.0
2022-10-26,46.48688125610352,0.0
2022-10-27,48.56838607788086,0.0
2022-10-28,46.573612213134766,0.0
2022-10-31,47.00725936889648,0.0
2022-11-01,48.13473892211914,0.0
2022-11-02,48.82857131958008,0.0
2022-11-03,49.17549133300781,0.0
2022-11-04,49.43567657470703,0.0
2022-11-07,49.9560546875,0.0
2022-11-08,49.9560546875,0.0
2022-11-09,50.38970184326172,0.0
2022-11-10,50.21624374389648,0.0
2022-11-11,51.517181396484375,0.0
2022-11-14,50.996803283691406,0.0
2022-11-15,50.91007614135742,0.0
2022-11-16,52.38447189331055,0.0
2022-11-17,52.73139190673828,0.0
2022-11-18,55.940372467041016,0.0
2022-11-21,57.76168823242188,0.0
2022-11-22,55.15980911254883,0.0
2022-11-23,60.62375259399414,0.0
2022-11-24,61.57777404785156,0.0
2022-11-25,60.01664733886719,0.0
2022-11-28,60.88394165039063,0.0
2022-11-29,59.32281494140625,0.0
2022-11-30,59.32281494140625,0.0
2022-12-01,60.19010543823242,0.0
2022-12-02,60.53702545166016,0.0
2022-12-05,60.797210693359375,0.0
2022-12-06,57.76168823242188,0.0
2022-12-07,57.93514633178711,0.0
2022-12-08,57.241310119628906,0.0
2022-12-09,56.80766677856445,0.0
2022-12-12,56.374019622802734,0.0
2022-12-13,56.11383056640625,0.0
2022-12-14,56.89439392089844,0.0
2022-12-15,55.33326721191406,0.0
2022-12-16,54.205787658691406,0.0
2022-12-19,54.639434814453125,0.0
2022-12-20,52.90485000610352,0.0
2022-12-21,53.85887145996094,0.0
2022-12-22,59.236083984375,0.0
2022-12-23,57.93514633178711,0.0
2022-12-26,57.32804107666016,0.0
2022-12-27,57.41476821899414,0.0
2022-12-28,56.7209358215332,0.0
2022-12-29,54.11905670166016,0.0
2022-12-30,53.94559860229492,0.0
2023-01-03,53.85887145996094,0.0
2023-01-04,53.33849334716797,0.0
2023-01-05,53.165035247802734,0.0
2023-01-06,53.51195526123047,0.0
2023-01-09,54.639434814453125,0.0
2023-01-10,53.6854133605957,0.0
2023-01-11,54.205787658691406,0.0
2023-01-12,51.86409759521485,0.0
2023-01-13,52.29774475097656,0.0
2023-01-16,54.205787658691406,0.0
2023-01-17,54.205787658691406,0.0
2023-01-30,54.89962387084961,0.0
2023-01-31,57.50149917602539,0.0
2023-02-01,56.54747772216797,0.0
2023-02-02,57.241310119628906,0.0
2023-02-03,56.98112487792969,0.0
2023-02-06,57.67495727539063,0.0
2023-02-07,58.80243682861328,0.0
2023-02-08,59.49627304077149,0.0
2023-02-09,57.84841537475586,0.0
2023-02-10,58.45552062988281,0.0
2023-02-13,57.67495727539063,0.0
2023-02-14,56.98112487792969,0.0
2023-02-15,57.15458297729492,0.0
2023-02-16,58.1953353881836,0.0
2023-02-17,58.02187347412109,0.0
2023-02-20,58.10860443115234,0.0
2023-02-21,57.67495727539063,0.0
2023-02-22,56.80766677856445,0.0
2023-02-23,57.241310119628906,0.0
2023-02-24,56.2005615234375,0.0
2023-03-01,56.374019622802734,0.0
2023-03-02,57.84841537475586,0.0
2023-03-03,57.32804107666016,0.0
2023-03-06,57.241310119628906,0.0
2023-03-07,56.63420867919922,0.0
2023-03-08,56.46074676513672,0.0
2023-03-09,56.89439392089844,0.0
2023-03-10,55.24654006958008,0.0
2023-03-13,54.639434814453125,0.0
2023-03-14,54.03232955932617,0.0
2023-03-15,54.639434814453125,0.0
2023-03-16,53.42522430419922,0.0
2023-03-17,54.205787658691406,0.0
2023-03-20,54.639434814453125,0.0
2023-03-21,55.07307815551758,0.0
2023-03-22,55.41999816894531,0.0
2023-03-23,55.76691436767578,0.0
2023-03-24,57.32804107666016,0.0
2023-03-27,57.58823013305664,0.0
2023-03-28,56.63420867919922,0.0
2023-03-29,58.10860443115234,0.0
2023-03-30,58.28206253051758,0.0
2023-03-31,57.76168823242188,0.0
2023-04-06,58.54225158691406,0.0
2023-04-07,58.7157096862793,0.0
2023-04-10,56.80766677856445,0.0
2023-04-11,57.241310119628906,0.0
2023-04-12,58.28206253051758,0.0
2023-04-13,58.97589874267578,0.0
2023-04-14,57.84841537475586,0.0
2023-04-17,57.67495727539063,0.0
2023-04-18,57.76168823242188,0.0
2023-04-19,58.1953353881836,0.0
2023-04-20,56.63420867919922,0.0
2023-04-21,54.9863510131836,0.0
2023-04-24,54.9863510131836,0.0
2023-04-25,53.33849334716797,0.0
2023-04-26,53.07830810546875,0.0
2023-04-27,53.33849334716797,0.0
2023-04-28,54.37924575805664,0.0
2023-05-02,55.24654006958008,0.0
2023-05-03,54.72616195678711,0.0
2023-05-04,54.9863510131836,0.0
2023-05-05,54.205787658691406,0.0
2023-05-08,53.6854133605957,0.0
2023-05-09,53.33849334716797,0.0
2023-05-10,53.59868240356445,0.0
2023-05-11,52.73139190673828,0.0
2023-05-12,51.86409759521485,0.0
2023-05-15,52.03755569458008,0.0
2023-05-16,52.73139190673828,0.0
2023-05-17,52.29774475097656,0.0
2023-05-18,51.60390853881836,0.0
2023-05-19,51.34372329711914,0.0
2023-05-22,51.517181396484375,0.0
2023-05-23,51.950828552246094,0.0
2023-05-24,51.34372329711914,0.0
2023-05-25,50.64988708496094,0.0
2023-05-26,49.86932373046875,0.0
2023-05-29,50.38970184326172,0.0
2023-05-30,50.129512786865234,0.0
2023-05-31,51.25699234008789,0.0
2023-06-01,51.25699234008789,0.0
2023-06-02,52.12428665161133,0.0
2023-06-05,51.86409759521485,0.0
2023-06-06,52.38447189331055,0.0
2023-06-07,52.38447189331055,0.0
2023-06-08,51.60390853881836,0.0
2023-06-09,52.64466094970703,0.0
2023-06-12,52.73139190673828,0.0
2023-06-13,53.07830810546875,0.0
2023-06-14,53.251766204833984,0.0
2023-06-15,53.165035247802734,0.0
2023-06-16,54.761905670166016,0.038095
2023-06-19,54.47618865966797,0.0
2023-06-20,54.66666412353516,0.0
2023-06-21,53.71428680419922,0.0
2023-06-26,54.761905670166016,0.0
2023-06-27,56.0,0.0
2023-06-28,55.523807525634766,0.0
2023-06-29,56.47618865966797,0.0
2023-06-30,55.0476188659668,0.0
2023-07-03,54.380950927734375,0.0
2023-07-04,54.0952377319336,0.0
2023-07-05,54.28571319580078,0.0
2023-07-06,53.61904525756836,0.0
2023-07-07,53.80952453613281,0.0
2023-07-10,54.28571319580078,0.0
2023-07-11,53.80952453613281,0.0
2023-07-12,52.85714340209961,0.0
2023-07-13,51.238094329833984,0.0
2023-07-14,51.523807525634766,0.0
2023-07-17,54.47618865966797,0.0
2023-07-18,52.9523811340332,0.0
2023-07-19,53.14285659790039,0.0
2023-07-20,52.9523811340332,0.0
2023-07-21,51.904762268066406,0.0
2023-07-24,51.523807525634766,0.0
2023-07-25,51.71428680419922,0.0
2023-07-26,50.85714340209961,0.0
2023-07-27,50.9523811340332,0.0
2023-07-28,50.57142639160156,0.0
2023-07-31,50.0952377319336,0.0
2023-08-01,50.0952377319336,0.0
2023-08-02,49.0476188659668,0.0
2023-08-04,50.19047546386719,0.0
2023-08-07,49.238094329833984,0.0
2023-08-08,48.57142639160156,0.0
2023-08-09,48.47618865966797,0.0
2023-08-10,48.28571319580078,0.0
2023-08-11,48.19047546386719,0.0
2023-08-14,45.0476188659668,0.0
2023-08-15,46.61904525756836,0.0
2023-08-16,47.14285659790039,0.0
2023-08-17,46.80952453613281,0.0
2023-08-18,46.19047546386719,0.0
2023-08-21,46.57142639160156,0.0
2023-08-22,45.85714340209961,0.0
2023-08-23,45.61904525756836,0.0
2023-08-24,45.523807525634766,0.0
2023-08-25,45.85714340209961,0.0
2023-08-28,45.80952453613281,0.0
2023-08-29,47.238094329833984,0.0
2023-08-30,48.66666412353516,0.0
2023-08-31,48.66666412353516,0.0
2023-09-01,48.28571319580078,0.0
2023-09-04,48.28571319580078,0.0
2023-09-05,47.0476188659668,0.0
2023-09-06,46.57142639160156,0.0
2023-09-07,46.57142639160156,0.0
2023-09-08,46.761905670166016,0.0
2023-09-11,47.0952377319336,0.0
2023-09-12,47.71428680419922,0.0
2023-09-13,48.0952377319336,0.0
2023-09-14,48.85714340209961,0.0
2023-09-15,49.238094329833984,0.0
2023-09-18,49.42856979370117,0.0
2023-09-19,47.904762268066406,0.0
2023-09-20,47.42856979370117,0.0
2023-09-21,46.80952453613281,0.0
2023-09-22,46.761905670166016,0.0
2023-09-25,47.0,0.0
2023-09-26,45.9523811340332,0.0
2023-09-27,46.380950927734375,0.0
2023-09-28,46.0,0.0
2023-10-02,46.19047546386719,0.0
2023-10-03,45.761905670166016,0.0
2023-10-04,45.71428680419922,0.0
2023-10-05,46.57142639160156,0.0
2023-10-06,46.71428680419922,0.0
2023-10-11,46.57142639160156,0.0
2023-10-12,46.42856979370117,0.0
2023-10-13,45.9523811340332,0.0
2023-10-16,47.238094329833984,0.0
2023-10-17,46.28571319580078,0.0
2023-10-18,45.61904525756836,0.0
2023-10-19,49.0476188659668,0.0
2023-10-20,47.523807525634766,0.0
2023-10-23,49.238094329833984,0.0
2023-10-24,50.19047546386719,0.0
2023-10-25,50.0,0.0
2023-10-26,49.42856979370117,0.0
2023-10-27,51.238094329833984,0.0
2023-10-30,49.904762268066406,0.0
2023-10-31,48.85714340209961,0.0
2023-11-01,48.380950927734375,0.0
2023-11-02,48.19047546386719,0.0
2023-11-03,47.71428680419922,0.0
2023-11-06,48.19047546386719,0.0
2023-11-07,52.9523811340332,0.0
2023-11-08,54.47618865966797,0.0
2023-11-09,53.42856979370117,0.0
2023-11-10,53.904762268066406,0.0
2023-11-13,52.57142639160156,0.0
2023-11-14,50.0952377319336,0.0
2023-11-15,50.0952377319336,0.0
2023-11-16,49.61904525756836,0.0
2023-11-17,48.9523811340332,0.0
2023-11-20,49.238094329833984,0.0
2023-11-21,49.523807525634766,0.0
2023-11-22,49.14285659790039,0.0
2023-11-23,50.0,0.0
2023-11-24,50.0,0.0
2023-11-27,50.0,0.0
2023-11-28,49.523807525634766,0.0
2023-11-29,50.0,0.0
2023-11-30,49.904762268066406,0.0
2023-12-01,49.80952453613281,0.0
2023-12-04,49.71428680419922,0.0
2023-12-05,48.47618865966797,0.0
2023-12-06,48.19047546386719,0.0
2023-12-07,48.19047546386719,0.0
2023-12-08,48.0,0.0
2023-12-11,47.71428680419922,0.0
2023-12-12,47.904762268066406,0.0
2023-12-13,47.71428680419922,0.0
2023-12-14,47.80952453613281,0.0
2023-12-15,48.19047546386719,0.0
2023-12-18,47.71428680419922,0.0
2023-12-19,47.14285659790039,0.0
2023-12-20,47.238094329833984,0.0
2023-12-21,47.380950927734375,0.0
2023-12-22,48.0,0.0
2023-12-25,47.47618865966797,0.0
2023-12-26,48.380950927734375,0.0
2023-12-27,48.28571319580078,0.0
2023-12-28,47.904762268066406,0.0
2023-12-29,48.0952377319336,0.0
2024-01-02,47.80952453613281,0.0
2024-01-03,48.19047546386719,0.0
2024-01-04,47.14285659790039,0.0
2024-01-05,47.61904525756836,0.0
2024-01-08,46.9523811340332,0.0
2024-01-09,46.33333206176758,0.0
2024-01-10,46.57142639160156,0.0
2024-01-11,46.47618865966797,0.0
2024-01-12,46.19047546386719,0.0
2024-01-15,46.66666412353516,0.0
2024-01-16,45.71428680419922,0.0
2024-01-17,44.71428680419922,0.0
2024-01-18,44.61904525756836,0.0
2024-01-19,44.85714340209961,0.0
2024-01-22,46.0952377319336,0.0
2024-01-23,46.0,0.0
2024-01-24,45.71428680419922,0.0
2024-01-25,45.33333206176758,0.0
2024-01-26,46.0952377319336,0.0
2024-01-29,45.380950927734375,0.0
2024-01-30,44.380950927734375,0.0
2024-01-31,44.238094329833984,0.0
2024-02-01,43.85714340209961,0.0
2024-02-02,44.28571319580078,0.0
2024-02-05,43.71428680419922,0.0
2024-02-15,43.19047546386719,0.0
2024-02-16,44.66666412353516,0.0
2024-02-19,44.80952453613281,0.0
2024-02-20,44.57142639160156,0.0
2024-02-21,44.85714340209961,0.0
2024-02-22,44.33333206176758,0.0
2024-02-23,44.238094329833984,0.0
2024-02-26,44.85714340209961,0.0
2024-02-27,44.0476188659668,0.0
2024-02-29,44.238094329833984,0.0
2024-03-01,43.57142639160156,0.0
2024-03-04,42.9523811340332,0.0
2024-03-05,42.761905670166016,0.0
2024-03-06,42.380950927734375,0.0
2024-03-07,46.523807525634766,0.0
2024-03-08,43.33333206176758,0.0
2024-03-11,43.0476188659668,0.0
2024-03-12,42.85714340209961,0.0
2024-03-13,42.14285659790039,0.0
2024-03-14,42.33333206176758,0.0
2024-03-15,41.80952453613281,0.0
2024-03-18,41.19047546386719,0.0
2024-03-19,41.0,0.0
2024-03-20,41.0,0.0
2024-03-21,42.0,0.0
2024-03-22,42.33333206176758,0.0
2024-03-25,42.33333206176758,0.0
2024-03-26,42.33333206176758,0.0
2024-03-27,42.66666412353516,0.0
2024-03-28,42.42856979370117,0.0
2024-03-29,42.33333206176758,0.0
2024-04-01,42.61904525756836,0.0
2024-04-02,42.57142639160156,0.0
2024-04-03,42.66666412353516,0.0
2024-04-08,42.9523811340332,0.0
2024-04-09,42.66666412353516,0.0
2024-04-10,43.19047546386719,0.0
2024-04-11,43.14285659790039,0.0
2024-04-12,42.71428680419922,0.0
2024-04-15,41.57142639160156,0.0
2024-04-16,39.66666412353516,0.0
2024-04-17,39.523807525634766,0.0
2024-04-18,39.85714340209961,0.0
2024-04-19,37.71428680419922,0.0
2024-04-22,38.380950927734375,0.0
2024-04-23,39.61904525756836,0.0
2024-04-24,39.14285659790039,0.0
2024-04-25,38.80952453613281,0.0
2024-04-26,38.85714340209961,0.0
2024-04-29,39.9523811340332,0.0
2024-04-30,39.80952453613281,0.0
2024-05-02,40.19047546386719,0.0
2024-05-03,40.380950927734375,0.0
2024-05-06,40.14285659790039,0.0
2024-05-07,39.380950927734375,0.0
2024-05-08,39.42856979370117,0.0
2024-05-09,38.85714340209961,0.0
2024-05-10,39.42856979370117,0.0
2024-05-13,38.9523811340332,0.0
2024-05-14,39.61904525756836,0.0
2024-05-15,39.61904525756836,0.0
2024-05-16,40.9523811340332,0.0
2024-05-17,40.523807525634766,0.0
2024-05-20,40.238094329833984,0.0
2024-05-21,39.904762268066406,0.0
2024-05-22,39.238094329833984,0.0
2024-05-23,38.66666412353516,0.0
2024-05-24,38.0952377319336,0.0
2024-05-27,38.19047546386719,0.0
2024-05-28,38.42856979370117,0.0
2024-05-29,38.0952377319336,0.0
2024-05-30,37.71428680419922,0.0
2024-05-31,38.66666412353516,0.0
2024-06-03,38.238094329833984,0.0
2024-06-04,38.28571319580078,0.0
2024-06-05,39.523807525634766,0.0
2024-06-06,38.14285659790039,0.0
2024-06-07,38.33333206176758,0.0
2024-06-11,38.33333206176758,0.0
2024-06-12,38.380950927734375,0.0
2024-06-13,37.9523811340332,0.0
2024-06-14,37.85714340209961,0.0
2024-06-17,38.14285659790039,0.0
2024-06-18,38.0,0.0
2024-06-19,37.71428680419922,0.0
2024-06-20,38.28571319580078,0.0
2024-06-21,38.28571319580078,0.0
2024-06-24,38.14285659790039,0.0
2024-06-25,37.9523811340332,0.0
2024-06-26,39.28571319580078,0.0
2024-06-27,38.42856979370117,0.0
2024-06-28,39.47618865966797,0.0
2024-07-01,39.57142639160156,0.0
2024-07-02,38.904762268066406,0.0
2024-07-03,38.9523811340332,0.0
2024-07-04,38.523807525634766,0.0
2024-07-05,39.0,0.0
2024-07-08,38.9523811340332,0.0
2024-07-09,38.19047546386719,0.0
2024-07-10,38.14285659790039,0.0
2024-07-11,37.904762268066406,0.0
2024-07-12,38.0,0.0
2024-07-15,38.9523811340332,0.0
2024-07-16,38.28571319580078,0.0
2024-07-17,39.80952453613281,0.0
2024-07-18,40.28571319580078,0.0
2024-07-19,39.380950927734375,0.0
2024-07-22,43.28571319580078,0.0
2024-07-23,44.238094329833984,0.0
2024-07-26,42.523807525634766,0.0
2024-07-29,39.0476188659668,0.0
2024-07-30,39.238094329833984,0.0
2024-07-31,38.523807525634766,0.0
2024-08-01,39.238094329833984,0.0
2024-08-02,38.14285659790039,0.0
2024-08-05,34.33333206176758,0.0
2024-08-06,32.57142639160156,0.0
2024-08-07,34.85714340209961,0.0
2024-08-08,35.0,0.0
2024-08-09,35.0476188659668,0.0
2024-08-12,35.61904525756836,0.0
2024-08-13,35.61904525756836,0.0
2024-08-14,36.904762268066406,0.0
2024-08-15,37.523807525634766,0.0
2024-08-16,38.380950927734375,0.0
2024-08-19,38.904762268066406,0.0
2024-08-20,39.761905670166016,0.0
2024-08-21,40.380950927734375,0.0
2024-08-22,41.80952453613281,0.0
2024-08-23,41.523807525634766,0.0
2024-08-26,41.904762268066406,0.0
2024-08-27,42.523807525634766,0.0
2024-08-28,42.904762268066406,0.0
2024-08-29,42.20000076293945,0.0
2024-08-30,43.5,0.0
2024-09-02,43.29999923706055,0.0
2024-09-03,42.650001525878906,0.0
2024-09-04,41.0,0.0
2024-09-05,40.20000076293945,0.0
2024-09-06,40.29999923706055,0.0
2024-09-09,43.54999923706055,0.0
2024-09-10,41.79999923706055,0.0
2024-09-11,41.84999847412109,0.0
2024-09-12,42.84999847412109,0.0
2024-09-13,42.5,0.0
2024-09-16,41.20000076293945,0.0
2024-09-18,40.59999847412109,0.0
2024-09-19,40.70000076293945,0.0
2024-09-20,40.5,0.0
2024-09-23,40.04999923706055,0.0
2024-09-24,40.150001525878906,0.0
2024-09-25,40.59999847412109,0.0
2024-09-26,40.45000076293945,0.0
2024-09-27,41.0,0.0
2024-09-30,41.04999923706055,0.0
2024-10-01,42.0,0.0
2024-10-04,41.75,0.0
2024-10-07,40.70000076293945,0.0
2024-10-08,40.45000076293945,0.0
2024-10-09,40.09999847412109,0.0
2024-10-11,39.25,0.0
2024-10-14,39.20000076293945,0.0
2024-10-15,39.34999847412109,0.0
2024-10-16,39.04999923706055,0.0
2024-10-17,39.25,0.0
2024-10-18,39.34999847412109,0.0
2024-10-21,39.29999923706055,0.0
2024-10-22,39.34999847412109,0.0
2024-10-23,39.20000076293945,0.0
2024-10-24,39.5,0.0
2024-10-25,39.04999923706055,0.0
2024-10-28,38.75,0.0
2024-10-29,38.70000076293945,0.0
2024-10-30,38.04999923706055,0.0
2024-11-01,39.09999847412109,0.0
2024-11-04,38.5,0.0
2024-11-05,38.84999847412109,0.0
2024-11-06,38.29999923706055,0.0
2024-11-07,38.95000076293945,0.0
2024-11-08,38.54999923706055,0.0
2024-11-11,38.75,0.0
2024-11-12,36.79999923706055,0.0
2024-11-13,36.20000076293945,0.0
2024-11-14,35.20000076293945,0.0
2024-11-15,35.29999923706055,0.0
2024-11-18,34.599998474121094,0.0
2024-11-19,35.54999923706055,0.0
2024-11-20,35.79999923706055,0.0
2024-11-21,35.849998474121094,0.0
2024-11-22,37.04999923706055,0.0
2024-11-25,38.0,0.0
2024-11-26,38.95000076293945,0.0
2024-11-27,39.09999847412109,0.0
2024-11-28,39.25,0.0
2024-11-29,40.0,0.0
2024-12-02,39.79999923706055,0.0
2024-12-03,40.25,0.0
2024-12-04,41.0,0.0
2024-12-05,39.34999847412109,0.0
2024-12-06,37.400001525878906,0.0
2024-12-09,36.650001525878906,0.0
2024-12-10,36.75,0.0
2024-12-11,37.09999847412109,0.0
2024-12-12,37.0,0.0
2024-12-13,35.45000076293945,0.0
2024-12-16,33.75,0.0
2024-12-17,34.25,0.0
2024-12-18,34.400001525878906,0.0
2024-12-19,33.599998474121094,0.0
2024-12-20,33.04999923706055,0.0
2024-12-23,33.349998474121094,0.0
2024-12-24,33.70000076293945,0.0
2024-12-25,33.29999923706055,0.0
2024-12-26,33.79999923706055,0.0
2024-12-27,33.70000076293945,0.0
2024-12-30,33.099998474121094,0.0
2024-12-31,33.0,0.0
2025-01-02,32.650001525878906,0.0
2025-01-03,32.20000076293945,0.0
2025-01-06,32.79999923706055,0.0
2025-01-07,32.20000076293945,0.0
2025-01-08,32.0,0.0
2025-01-09,31.14999961853028,0.0
2025-01-10,31.450000762939453,0.0
2025-01-13,29.549999237060547,0.0
2025-01-14,30.850000381469727,0.0
2025-01-15,30.600000381469727,0.0
2025-01-16,30.89999961853028,0.0
2025-01-17,30.799999237060547,0.0
2025-01-20,31.39999961853028,0.0
2025-01-21,31.39999961853028,0.0
2025-01-22,31.600000381469727,0.0
2025-02-03,31.950000762939453,0.0
2025-02-04,31.299999237060547,0.0
2025-02-05,31.5,0.0
2025-02-06,32.25,0.0
2025-02-07,32.20000076293945,0.0
2025-02-10,32.04999923706055,0.0
2025-02-11,32.25,0.0
2025-02-12,32.599998474121094,0.0
2025-02-13,32.849998474121094,0.0
2025-02-14,34.349998474121094,0.0
2025-02-17,33.95000076293945,0.0
2025-02-18,33.04999923706055,0.0
2025-02-19,32.95000076293945,0.0
2025-02-20,33.04999923706055,0.0
2025-02-21,32.900001525878906,0.0
2025-02-24,32.900001525878906,0.0
2025-02-25,33.400001525878906,0.0
2025-02-26,33.150001525878906,0.0
2025-02-27,32.599998474121094,0.0
2025-03-03,31.299999237060547,0.0
2025-03-04,31.100000381469727,0.0
2025-03-05,31.299999237060547,0.0
2025-03-06,31.100000381469727,0.0
2025-03-07,30.89999961853028,0.0
2025-03-10,32.5,0.0
2025-03-11,31.850000381469727,0.0
2025-03-12,31.549999237060547,0.0
2025-03-13,30.700000762939453,0.0
2025-03-14,30.549999237060547,0.0
2025-03-17,30.39999961853028,0.0
2025-03-18,30.5,0.0
2025-03-19,30.299999237060547,0.0
2025-03-20,30.450000762939453,0.0
2025-03-21,30.0,0.0
2025-03-24,29.549999237060547,0.0
2025-03-25,29.14999961853028,0.0
2025-03-26,29.25,0.0
2025-03-27,29.299999237060547,0.0
2025-03-28,28.450000762939453,0.0
2025-03-31,26.0,0.0
2025-04-01,27.049999237060547,0.0
2025-04-02,27.350000381469727,0.0
2025-04-07,24.64999961853028,0.0
2025-04-08,22.200000762939453,0.0
2025-04-09,20.0,0.0
2025-04-10,22.0,0.0
2025-04-11,22.850000381469727,0.0
2025-04-14,22.549999237060547,0.0
2025-04-15,23.14999961853028,0.0
2025-04-16,22.64999961853028,0.0
2025-04-17,24.14999961853028,0.0
2025-04-18,23.5,0.0
2025-04-21,22.64999961853028,0.0
2025-04-22,22.25,0.0
2025-04-23,23.200000762939453,0.0
2025-04-24,23.049999237060547,0.0
2025-04-25,23.14999961853028,0.0
2025-04-28,23.549999237060547,0.0
2025-04-29,23.64999961853028,0.0
2025-04-30,23.64999961853028,0.0
2025-05-02,23.64999961853028,0.0
2025-05-05,22.89999961853028,0.0
2025-05-06,23.0,0.0
2025-05-07,22.75,0.0
2025-05-08,23.700000762939453,0.0
2025-05-09,23.299999237060547,0.0
2025-05-12,23.850000381469727,0.0
2025-05-13,23.850000381469727,0.0
2025-05-14,24.350000381469727,0.0
2025-05-15,24.200000762939453,0.0
2025-05-16,24.549999237060547,0.0
2025-05-19,25.600000381469727,0.0
2025-05-20,24.799999237060547,0.0
2025-05-21,24.5,0.0
2025-05-22,24.25,0.0
2025-05-23,24.299999237060547,0.0
2025-05-26,24.100000381469727,0.0
2025-05-27,24.0,0.0
2025-05-28,24.0,0.0
2025-05-29,23.350000381469727,0.0
2025-06-02,22.850000381469727,0.0
2025-06-03,22.89999961853028,0.0
2025-06-04,23.200000762939453,0.0
2025-06-05,23.100000381469727,0.0
2025-06-06,23.049999237060547,0.0
2025-06-09,22.799999237060547,0.0
2025-06-10,22.950000762939453,0.0
2025-06-11,25.200000762939453,0.0
2025-06-12,27.700000762939453,0.0
2025-06-13,28.549999237060547,0.0
2025-06-16,26.14999961853028,0.0
2025-06-17,25.049999237060547,0.0
2025-06-18,24.450000762939453,0.0
2025-06-19,24.5,0.0
2025-06-20,23.450000762939453,0.0
2025-06-23,23.450000762939453,0.0
2025-06-24,23.600000381469727,0.0
2025-06-25,23.450000762939453,0.0
2025-06-26,23.549999237060547,0.0
2025-06-27,23.350000381469727,0.0
2025-06-30,23.0,0.0
2025-07-01,22.950000762939453,0.0
2025-07-02,23.25,0.0
2025-07-03,23.5,0.0
2025-07-04,22.75,0.0
2025-07-07,22.5,0.0
2025-07-08,22.5,0.0
2025-07-09,22.5,0.0
2025-07-10,22.549999237060547,0.0
2025-07-11,23.14999961853028,0.0
2025-07-14,22.89999961853028,0.0
2025-07-15,23.299999237060547,0.0
2025-07-16,23.64999961853028,0.0
2025-07-17,24.200000762939453,0.0
2025-07-18,24.25,0.0
2025-07-21,24.450000762939453,0.0
2025-07-22,23.799999237060547,0.0
2025-07-23,24.5,0.0
2025-07-24,24.600000381469727,0.0
2025-07-25,24.450000762939453,0.0
2025-07-28,24.25,0.0
2025-07-29,24.049999237060547,0.0
2025-07-30,24.350000381469727,0.0
2025-07-31,24.049999237060547,0.0
2025-08-04,23.850000381469727,0.0
2025-08-05,26.200000762939453,0.0
2025-08-06,24.75,0.0
2025-08-07,23.850000381469727,0.0
2025-08-08,24.049999237060547,0.0
2025-08-11,23.549999237060547,0.0
2025-08-12,23.64999961853028,0.0
2025-08-13,24.14999961853028,0.0
2025-08-14,24.700000762939453,0.0
2025-08-15,24.600000381469727,0.0
2025-08-18,24.39999961853028,0.0
2025-08-19,24.25,0.0
2025-08-20,23.799999237060547,0.0
2025-08-21,24.5,0.0
2025-08-22,24.700000762939453,0.0
2025-08-25,25.39999961853028,0.0
2025-08-26,25.049999237060547,0.0
2025-08-27,25.64999961853028,0.0
2025-08-28,25.5,0.0
2025-08-29,24.14999961853028,0.0
2025-09-01,24.25,0.0
2025-09-02,25.600000381469727,0.0
2025-09-03,25.450000762939453,0.0
2025-09-04,25.600000381469727,0.0
2025-09-05,25.600000381469727,0.0
2025-09-08,25.64999961853028,0.0
2025-09-09,25.25,0.0
2025-09-10,25.200000762939453,0.0
2025-09-11,24.14999961853028,0.0
2025-09-12,24.049999237060547,0.0
2025-09-15,23.89999961853028,0.0
2025-09-16,23.799999237060547,0.0
2025-09-17,23.5,0.0
2025-09-18,23.700000762939453,0.0
2025-09-19,23.200000762939453,0.0
2025-09-22,23.350000381469727,0.0
2025-09-23,23.100000381469727,0.0
2025-09-24,23.200000762939453,0.0
2025-09-25,23.049999237060547,0.0
2025-09-26,22.799999237060547,0.0
2025-09-30,23.100000381469727,0.0
2025-10-01,22.75,0.0
2025-10-02,22.850000381469727,0.0
2025-10-03,22.600000381469727,0.0
2025-10-07,22.5,0.0
2025-10-08,22.39999961853028,0.0
2025-10-09,22.299999237060547,0.0
2025-10-13,22.049999237060547,0.0
2025-10-14,22.100000381469727,0.0
2025-10-15,22.100000381469727,0.0
2025-10-16,22.299999237060547,0.0
2025-10-17,22.39999961853028,0.0
2025-10-20,22.0,0.0
2025-10-21,22.25,0.0
2025-10-22,22.39999961853028,0.0
2025-10-23,22.25,0.0
2025-10-27,22.200000762939453,0.0
2025-10-28,22.200000762939453,0.0
2025-10-29,21.89999961853028,0.0
2025-10-30,21.64999961853028,0.0
2025-10-31,22.0,0.0
2025-11-03,22.100000381469727,0.0
2025-11-04,22.0,0.0
2025-11-05,21.25,0.0
2025-11-06,20.950000762939453,0.0
2025-11-07,21.0,0.0
2025-11-10,21.100000381469727,0.0
2025-11-11,20.600000381469727,0.0
2025-11-12,20.700000762939453,0.0
2025-11-13,20.799999237060547,0.0
2025-11-14,20.299999237060547,0.0
2025-11-17,19.799999237060547,0.0
2025-11-18,19.200000762939453,0.0
2025-11-19,19.450000762939453,0.0
2025-11-20,19.200000762939453,0.0
2025-11-21,18.950000762939453,0.0
2025-11-24,19.600000381469727,0.0
2025-11-25,20.100000381469727,0.0
2025-11-26,20.850000381469727,0.0
2025-11-27,21.25,0.0
2025-11-28,21.64999961853028,0.0
2025-12-01,21.39999961853028,0.0
2025-12-02,22.14999961853028,0.0
2025-12-03,21.600000381469727,0.0
2025-12-04,22.0,0.0
2025-12-05,21.64999961853028,0.0
2025-12-08,19.5,0.0
2025-12-09,19.39999961853028,0.0
2025-12-10,19.049999237060547,0.0
2025-12-11,19.200000762939453,0.0
2025-12-12,19.0,0.0
2025-12-15,19.14999961853028,0.0
2025-12-16,19.100000381469727,0.0
2025-12-17,18.950000762939453,0.0
2025-12-18,19.200000762939453,0.0
2025-12-19,19.049999237060547,0.0
2025-12-22,19.14999961853028,0.0
2025-12-23,19.100000381469727,0.0
2025-12-24,18.950000762939453,0.0
2025-12-26,18.700000762939453,0.0
2025-12-29,18.64999961853028,0.0
2025-12-30,18.350000381469727,0.0
2025-12-31,18.5,0.0
2026-01-02,18.39999961853028,0.0
2026-01-05,17.899999618530273,0.0
2026-01-06,18.299999237060547,0.0
2026-01-07,18.950000762939453,0.0
2026-01-08,19.350000381469727,0.0
2026-01-09,20.299999237060547,0.0
2026-01-12,20.350000381469727,0.0
2026-01-13,20.549999237060547,0.0
2026-01-14,21.0,0.0
2026-01-15,21.350000381469727,0.0
2026-01-16,20.700000762939453,0.0
2026-01-19,21.100000381469727,0.0
2026-01-20,21.200000762939453,0.0
2026-01-21,20.89999961853028,0.0
2026-01-22,20.549999237060547,0.0
2026-01-23,21.049999237060547,0.0
2026-01-26,20.89999961853028,0.0
2026-01-27,21.200000762939453,0.0
2026-01-28,21.0,0.0
2026-01-29,20.600000381469727,0.0
2026-01-30,20.0,0.0
2026-02-02,19.5,0.0
2026-02-03,19.39999961853028,0.0
2026-02-04,19.350000381469727,0.0
2026-02-05,19.049999237060547,0.0
2026-02-06,18.799999237060547,0.0
2026-02-09,18.549999237060547,0.0
2026-02-10,18.549999237060547,0.0
2026-02-11,18.450000762939453,0.0
2026-02-23,18.799999237060547,0.0
2026-02-24,18.75,0.0
2026-02-25,18.75,0.0
2026-02-26,18.64999961853028,0.0
2026-03-02,18.200000762939453,0.0
2026-03-03,17.899999618530273,0.0
2026-03-04,17.100000381469727,0.0
2026-03-05,17.5,0.0
2026-03-06,17.850000381469727,0.0
2026-03-09,17.200000762939453,0.0
2026-03-10,17.0,0.0
2026-03-11,17.299999237060547,0.0
2026-03-12,17.0,0.0
2026-03-13,18.100000381469727,0.0
2026-03-16,17.549999237060547,0.0
2026-03-17,17.350000381469727,0.0
2026-03-18,17.399999618530273,0.0
2026-03-19,17.0,0.0
2026-03-20,16.799999237060547,0.0
2026-03-23,16.649999618530273,0.0
2026-03-24,16.799999237060547,0.0
2026-03-25,17.200000762939453,0.0
2026-03-26,16.799999237060547,0.0
2026-03-27,17.0,0.0
2026-03-30,16.850000381469727,0.0
2026-03-31,16.799999237060547,0.0
2026-04-01,17.299999237060547,0.0
2026-04-02,17.25,0.0
2026-04-07,17.149999618530273,0.0
2026-04-08,17.149999618530273,0.0
2026-04-09,16.700000762939453,0.0
2026-04-10,16.899999618530273,0.0
2026-04-13,16.950000762939453,0.0
2026-04-14,16.850000381469727,0.0
2026-04-15,17.350000381469727,0.0
2026-04-16,17.75,0.0
2026-04-17,17.149999618530273,0.0
2026-04-20,16.75,0.0
2026-04-21,16.350000381469727,0.0
2026-04-22,16.350000381469727,0.0
2026-04-23,15.800000190734863,0.0
2026-04-24,15.600000381469728,0.0
2026-04-27,15.699999809265137,0.0
2026-04-28,15.600000381469728,0.0
2026-04-29,15.600000381469728,0.0
2026-04-30,15.5,0.0
2026-05-04,15.449999809265137,0.0
2026-05-05,15.949999809265137,0.0
2026-05-06,15.399999618530272,0.0
2026-05-07,15.199999809265137,0.0
2026-05-08,15.0,0.0
2026-05-11,15.100000381469728,0.0
2026-05-12,14.850000381469728,0.0
2026-05-13,14.899999618530272,0.0
2026-05-14,15.149999618530272,0.0
2026-05-15,14.600000381469728,0.0
2026-05-18,14.699999809265137,0.0
2026-05-19,14.649999618530272,0.0
2026-05-20,14.600000381469728,0.0
2026-05-21,16.049999237060547,0.0
2026-05-22,15.75,0.0
2026-05-25,15.100000381469728,0.0
2026-05-26,14.5,0.0
2026-05-27,14.300000190734863,0.0
2026-05-28,14.350000381469728,0.0
2026-05-29,14.399999618530272,0.0
2026-06-01,14.550000190734863,0.0
2026-06-02,14.699999809265137,0.0
2026-06-03,14.649999618530272,0.0
2026-06-04,15.100000381469728,0.0
2026-06-05,15.149999618530272,0.0
2026-06-08,15.0,0.0
2026-06-09,15.0,0.0
2026-06-10,14.850000381469728,0.0
2026-06-11,14.649999618530272,0.0
2026-06-12,15.0,0.0
2026-06-15,15.0,0.0
2026-06-16,14.699999809265137,0.0
2026-06-17,14.75,0.0
2026-06-18,15.050000190734863,0.0
2026-06-22,14.850000381469728,0.0
2026-06-23,15.100000381469728,0.0
2026-06-24,15.149999618530272,0.0
2026-06-25,15.5,0.0
2026-06-26,15.5,0.0
2026-06-29,16.100000381469727,0.0
2026-06-30,16.049999237060547,0.0
2026-07-01,15.800000190734863,0.0
2026-07-02,15.600000381469728,0.0
2026-07-03,17.149999618530273,0.0
2026-07-06,17.899999618530273,0.0
2026-07-07,17.649999618530273,0.0
2026-07-08,18.0,0.0
2026-07-09,17.149999618530273,0.0
2026-07-10,17.149999618530273,0.0
2026-07-13,16.149999618530273,0.0
2026-07-14,15.699999809265137,0.0
2026-07-15,16.100000381469727,0.0
2026-07-16,15.850000381469728,0.0
2026-07-17,15.449999809265137,0.0
2026-07-20,15.449999809265137,0.0
2026-07-21,15.449999809265137,0.0
2026-07-22,15.300000190734863,0.0
2026-07-23,15.199999809265137,0.0
2026-07-24,14.899999618530272,0.0
2026-07-27,14.949999809265137,0.0
2026-07-28,14.449999809265137,0.0
2026-07-29,14.050000190734863,0.0
2026-07-30,13.649999618530273,0.0
2026-07-31,13.850000381469727,0.0
2026-08-03,14.5,0.0
2026-08-04,14.649999618530273,0.0
2026-08-05,14.550000190734863,0.0
2026-08-06,14.399999618530273,0.0
2026-08-07,14.699999809265137,0.0
