Date,Close,Dividends
2013-08-29,428.5074768066406,0.0
2013-08-30,391.9498901367188,0.0
2013-09-02,383.89111328125,0.0
2013-09-03,395.6129760742188,0.0
2013-09-04,377.2975769042969,0.0
2013-09-05,393.4151306152344,0.0
2013-09-06,411.7305603027344,0.0
2013-09-09,396.0159301757813,0.0
2013-09-10,397.4445190429688,0.0
2013-09-11,413.9284057617188,0.0
2013-09-12,407.3348388671875,0.0
2013-09-13,415.3936462402344,0.0
2013-09-16,384.5504760742188,0.0
2013-09-17,375.8323364257813,0.0
2013-09-18,369.9714050292969,0.0
2013-09-23,365.5390625,0.0
2013-09-24,366.3083190917969,0.0
2013-09-25,360.8136901855469,0.0
2013-09-26,355.3190612792969,0.0
2013-09-27,351.6559753417969,0.0
2013-09-30,352.7549133300781,0.0
2013-10-01,351.2896728515625,0.0
2013-10-02,358.7623596191406,0.0
2013-10-03,363.70751953125,0.0
2013-10-04,362.02252197265625,0.0
2013-10-07,355.355712890625,0.0
2013-10-08,349.9709777832031,0.0
2013-10-09,348.102783203125,0.0
2013-10-11,368.1398620605469,0.0
2013-10-14,357.9198608398437,0.0
2013-10-15,359.31182861328125,0.0
2013-10-16,353.8538513183594,0.0
2013-10-17,357.3703918457031,0.0
2013-10-18,360.04443359375,0.0
2013-10-21,356.0150451660156,0.0
2013-10-22,350.11749267578125,0.0
2013-10-23,358.5792236328125,0.0
2013-10-24,355.3190612792969,0.0
2013-10-25,367.1874694824219,0.0
2013-10-28,357.1506042480469,0.0
2013-10-29,357.9198608398437,0.0
2013-10-30,452.02447509765625,0.0
2013-10-31,454.2223205566406,0.0
2013-11-01,446.8961486816406,0.0
2013-11-04,421.1446838378906,0.0
2013-11-05,390.1183471679688,0.0
2013-11-06,409.53271484375,0.0
2013-11-07,395.6129760742188,0.0
2013-11-08,389.3857421875,0.0
2013-11-11,384.6237487792969,0.0
2013-11-12,383.1585083007813,0.0
2013-11-13,364.4767761230469,0.0
2013-11-14,369.9714050292969,0.0
2013-11-15,373.744384765625,0.0
2013-11-18,386.4552917480469,0.0
2013-11-19,390.8509826660156,0.0
2013-11-20,385.7959289550781,0.0
2013-11-21,369.2754211425781,0.0
2013-11-22,367.0409240722656,0.0
2013-11-25,371.03369140625,0.0
2013-11-26,371.8029479980469,0.0
2013-11-27,373.6344909667969,0.0
2013-11-28,374.66015625,0.0
2013-11-29,374.3670959472656,0.0
2013-12-02,370.5574951171875,0.0
2013-12-03,367.4804992675781,0.0
2013-12-04,356.0516967773437,0.0
2013-12-05,351.6559753417969,0.0
2013-12-06,358.9821472167969,0.0
2013-12-09,347.9562683105469,0.0
2013-12-10,326.014404296875,0.0
2013-12-11,312.0580444335937,0.0
2013-12-12,308.61474609375,0.0
2013-12-13,315.1350402832031,0.0
2013-12-16,314.32916259765625,0.0
2013-12-17,322.351318359375,0.0
2013-12-18,323.0106811523437,0.0
2013-12-19,329.677490234375,0.0
2013-12-20,329.677490234375,0.0
2013-12-23,319.4208679199219,0.0
2013-12-24,315.7577819824219,0.0
2013-12-25,306.6000671386719,0.0
2013-12-26,296.7463684082031,0.0
2013-12-27,298.5412902832031,0.0
2013-12-30,297.0760498046875,0.0
2013-12-31,280.7020568847656,0.0
2014-01-02,278.3943176269531,0.0
2014-01-03,290.44586181640625,0.0
2014-01-06,298.431396484375,0.0
2014-01-07,296.7463684082031,0.0
2014-01-08,293.0466613769531,0.0
2014-01-09,293.4129638671875,0.0
2014-01-10,292.31402587890625,0.0
2014-01-13,287.5520324707031,0.0
2014-01-14,282.0574035644531,0.0
2014-01-15,286.48974609375,0.0
2014-01-16,285.7204895019531,0.0
2014-01-17,288.2846374511719,0.0
2014-01-20,288.9440002441406,0.0
2014-01-21,293.0466613769531,0.0
2014-01-22,293.92578125,0.0
2014-01-23,293.7792663574219,0.0
2014-01-24,300.3728332519531,0.0
2014-01-27,299.4936828613281,0.0
2014-02-05,299.64019775390625,0.0
2014-02-06,296.7463684082031,0.0
2014-02-07,298.5412902832031,0.0
2014-02-10,315.025146484375,0.0
2014-02-11,324.9154663085937,0.0
2014-02-12,318.688232421875,0.0
2014-02-13,322.351318359375,0.0
2014-02-14,318.688232421875,0.0
2014-02-17,318.688232421875,0.0
2014-02-18,319.78717041015625,0.0
2014-02-19,318.688232421875,0.0
2014-02-20,319.0911865234375,0.0
2014-02-21,319.4574890136719,0.0
2014-02-24,321.435546875,0.0
2014-02-25,322.351318359375,0.0
2014-02-26,334.1098327636719,0.0
2014-02-27,334.5860290527344,0.0
2014-03-03,332.2782897949219,0.0
2014-03-04,331.472412109375,0.0
2014-03-05,326.014404296875,0.0
2014-03-06,322.387939453125,0.0
2014-03-07,321.435546875,0.0
2014-03-10,321.3256530761719,0.0
2014-03-11,322.351318359375,0.0
2014-03-12,320.519775390625,0.0
2014-03-13,322.351318359375,0.0
2014-03-14,323.4136047363281,0.0
2014-03-17,321.9850158691406,0.0
2014-03-18,351.2896728515625,0.0
2014-03-19,338.7619323730469,0.0
2014-03-20,322.351318359375,0.0
2014-03-21,322.351318359375,0.0
2014-03-24,320.519775390625,0.0
2014-03-25,325.977783203125,0.0
2014-03-26,324.182861328125,0.0
2014-03-27,322.351318359375,0.0
2014-03-28,321.2890319824219,0.0
2014-03-31,323.0839233398437,0.0
2014-04-01,324.182861328125,0.0
2014-04-02,324.182861328125,0.0
2014-04-03,327.11334228515625,0.0
2014-04-07,324.182861328125,0.0
2014-04-08,324.182861328125,0.0
2014-04-09,329.5675964355469,0.0
2014-04-10,324.182861328125,0.0
2014-04-11,324.182861328125,0.0
2014-04-14,326.014404296875,0.0
2014-04-15,327.11334228515625,0.0
2014-04-16,326.014404296875,0.0
2014-04-17,326.014404296875,0.0
2014-04-18,326.014404296875,0.0
2014-04-21,344.329833984375,0.0
2014-04-22,345.0624389648437,0.0
2014-04-23,344.329833984375,0.0
2014-04-24,349.8244323730469,0.0
2014-04-25,333.340576171875,0.0
2014-04-28,337.003662109375,0.0
2014-04-29,347.9928894042969,0.0
2014-04-30,344.329833984375,0.0
2014-05-02,349.0185546875,0.0
2014-05-05,347.2969055175781,0.0
2014-05-06,372.865234375,0.0
2014-05-07,369.9714050292969,0.0
2014-05-08,355.3190612792969,0.0
2014-05-09,345.0624389648437,0.0
2014-05-12,345.3921203613281,0.0
2014-05-13,347.9928894042969,0.0
2014-05-14,345.0624389648437,0.0
2014-05-15,375.4293823242188,0.0
2014-05-16,450.5592346191406,0.0
2014-05-19,435.9068908691406,0.0
2014-05-20,410.2653198242188,0.0
2014-05-21,409.0931396484375,0.0
2014-05-22,410.2653198242188,0.0
2014-05-23,408.9465942382813,0.0
2014-05-26,428.5807495117188,0.0
2014-05-27,446.8961486816406,0.0
2014-05-28,421.2545776367188,0.0
2014-05-29,436.236572265625,0.0
2014-05-30,429.0569458007813,0.0
2014-06-03,429.2034606933594,0.0
2014-06-04,429.2034606933594,0.0
2014-06-05,413.9284057617188,0.0
2014-06-06,413.8551330566406,0.0
2014-06-09,406.6022338867188,0.0
2014-06-10,417.5914916992188,0.0
2014-06-11,422.5732727050781,0.0
2014-06-12,410.7781372070313,0.0
2014-06-13,405.4300537109375,0.0
2014-06-16,406.6022338867188,0.0
2014-06-17,412.0968627929688,0.0
2014-06-18,401.6204528808594,0.0
2014-06-19,404.2212219238281,0.0
2014-06-20,406.8952941894531,0.0
2014-06-23,406.6022338867188,0.0
2014-06-24,402.9391479492188,0.0
2014-06-25,414.2947082519531,0.0
2014-06-26,409.38616943359375,0.0
2014-06-27,406.6022338867188,0.0
2014-06-30,401.6936950683594,0.0
2014-07-01,401.6936950683594,0.0
2014-07-02,391.9498901367188,0.0
2014-07-03,393.7814331054688,0.0
2014-07-04,392.3162231445313,0.0
2014-07-07,384.6603698730469,0.0
2014-07-08,373.6344909667969,0.0
2014-07-09,370.3377075195313,0.0
2014-07-10,374.40374755859375,0.0
2014-07-11,377.2975769042969,0.0
2014-07-14,369.9714050292969,0.0
2014-07-15,366.5647277832031,0.0
2014-07-16,355.68536376953125,0.0
2014-07-17,361.5096740722656,0.0
2014-07-18,366.3083190917969,0.0
2014-07-21,365.9420166015625,0.0
2014-07-22,367.4804992675781,0.0
2014-07-23,367.4804992675781,0.0
2014-07-24,367.5171508789063,0.0
2014-07-25,367.5171508789063,0.0
2014-07-28,350.5204467773437,0.0
2014-07-29,338.835205078125,0.0
2014-07-30,345.0990600585937,0.0
2014-07-31,346.161376953125,0.0
2014-08-01,337.003662109375,0.0
2014-08-04,340.666748046875,0.0
2014-08-05,340.5934753417969,0.0
2014-08-06,329.677490234375,0.0
2014-08-07,328.6518249511719,0.0
2014-08-08,324.182861328125,0.0
2014-08-11,335.172119140625,0.0
2014-08-12,342.498291015625,0.0
2014-08-13,356.7843017578125,0.0
2014-08-14,357.1139831542969,0.0
2014-08-15,342.4616394042969,0.0
2014-08-18,300.3728332519531,0.0
2014-08-19,304.0359191894531,0.0
2014-08-20,304.0359191894531,0.0
2014-08-21,309.493896484375,0.0
2014-08-22,322.351318359375,0.0
2014-08-25,324.182861328125,0.0
2014-08-26,334.4394836425781,0.0
2014-08-27,346.161376953125,0.0
2014-08-28,337.003662109375,0.0
2014-08-29,335.208740234375,0.0
2014-09-01,340.666748046875,0.0
2014-09-02,337.076904296875,0.0
2014-09-03,335.172119140625,0.0
2014-09-04,330.9961853027344,0.0
2014-09-05,328.1390075683594,0.0
2014-09-09,331.8753356933594,0.0
2014-09-10,331.472412109375,0.0
2014-09-11,330.556640625,0.0
2014-09-12,329.677490234375,0.0
2014-09-15,330.6665344238281,0.0
2014-09-16,331.3991394042969,0.0
2014-09-17,330.77642822265625,0.0
2014-09-18,330.4100952148437,0.0
2014-09-19,356.2348327636719,0.0
2014-09-22,358.9455261230469,0.0
2014-09-23,347.9928894042969,0.0
2014-09-24,347.9562683105469,0.0
2014-09-25,354.5864562988281,0.0
2014-09-26,347.9562683105469,0.0
2014-09-29,358.9821472167969,0.0
2014-09-30,352.7915344238281,0.0
2014-10-01,366.2716979980469,0.0
2014-10-02,397.1148376464844,0.0
2014-10-03,384.5870971679688,0.0
2014-10-06,379.1291198730469,0.0
2014-10-07,387.6640930175781,0.0
2014-10-08,387.6640930175781,0.0
2014-10-09,365.3559265136719,0.0
2014-10-13,352.7549133300781,0.0
2014-10-14,358.9455261230469,0.0
2014-10-15,364.4767761230469,0.0
2014-10-16,368.1398620605469,0.0
2014-10-17,365.3925476074219,0.0
2014-10-20,359.8979187011719,0.0
2014-10-21,351.6193542480469,0.0
2014-10-22,344.329833984375,0.0
2014-10-23,335.172119140625,0.0
2014-10-24,337.003662109375,0.0
2014-10-27,339.3846740722656,0.0
2014-10-28,256.7821350097656,0.0
2014-10-29,271.80078125,0.0
2014-10-30,269.2366027832031,0.0
2014-10-31,278.3943176269531,0.0
2014-11-03,282.0574035644531,0.0
2014-11-04,272.1670837402344,0.0
2014-11-05,260.4452209472656,0.0
2014-11-06,255.68321228027344,0.0
2014-11-07,250.18858337402344,0.0
2014-11-10,267.4050598144531,0.0
2014-11-11,262.64306640625,0.0
2014-11-12,256.41583251953125,0.0
2014-11-13,252.75274658203125,0.0
2014-11-14,245.06027221679688,0.0
2014-11-17,228.2100830078125,0.0
2014-11-18,212.4588317871093,0.0
2014-11-19,202.2021942138672,0.0
2014-11-20,208.0631256103516,0.0
2014-11-21,201.8358764648437,0.0
2014-11-24,202.5684967041016,0.0
2014-11-25,206.2315826416016,0.0
2014-11-26,208.429428100586,0.0
2014-11-27,201.4695739746093,0.0
2014-11-28,203.6674194335937,0.0
2014-12-01,204.4000396728516,0.0
2014-12-02,218.68606567382807,0.0
2014-12-03,233.7047119140625,0.0
2014-12-04,241.76348876953125,0.0
2014-12-05,256.41583251953125,0.0
2014-12-08,250.92120361328125,0.0
2014-12-09,243.9613342285156,0.0
2014-12-10,238.83302307128903,0.0
2014-12-11,243.9613342285156,0.0
2014-12-12,252.3864288330078,0.0
2014-12-15,259.71258544921875,0.0
2014-12-16,253.1190490722656,0.0
2014-12-17,246.15919494628903,0.0
2014-12-18,243.59503173828125,0.0
2014-12-19,227.1111602783203,0.0
2014-12-22,235.16993713378903,0.0
2014-12-23,229.3090057373047,0.0
2014-12-24,228.9427032470703,0.0
2014-12-25,231.50685119628903,0.0
2014-12-26,232.6057891845703,0.0
2014-12-29,230.40792846679688,0.0
2014-12-30,228.9427032470703,0.0
2014-12-31,233.7047119140625,0.0
2015-01-05,231.8731689453125,0.0
2015-01-06,227.4774627685547,0.0
2015-01-07,225.6459197998047,0.0
2015-01-08,220.1513061523437,0.0
2015-01-09,220.1513061523437,0.0
2015-01-12,219.0523681640625,0.0
2015-01-13,215.755599975586,0.0
2015-01-14,212.8251342773437,0.0
2015-01-15,206.9642028808593,0.0
2015-01-16,203.3011169433593,0.0
2015-01-19,201.8358764648437,0.0
2015-01-20,202.5684967041016,0.0
2015-01-21,206.2315826416016,0.0
2015-01-22,201.8358764648437,0.0
2015-01-23,202.2021942138672,0.0
2015-01-26,203.6674194335937,0.0
2015-01-27,209.5283660888672,0.0
2015-01-28,204.4000396728516,0.0
2015-01-29,202.2021942138672,0.0
2015-01-30,201.8358764648437,0.0
2015-02-02,199.271728515625,0.0
2015-02-03,197.8064880371093,0.0
2015-02-04,197.07388305664065,0.0
2015-02-05,195.608642578125,0.0
2015-02-06,209.1620483398437,0.0
2015-02-09,209.5283660888672,0.0
2015-02-10,201.4695739746093,0.0
2015-02-11,199.6380310058593,0.0
2015-02-12,197.8064880371093,0.0
2015-02-13,199.6380310058593,0.0
2015-02-24,199.271728515625,0.0
2015-02-25,199.271728515625,0.0
2015-02-26,199.271728515625,0.0
2015-03-02,198.5391082763672,0.0
2015-03-03,197.07388305664065,0.0
2015-03-04,197.440185546875,0.0
2015-03-05,196.3412628173828,0.0
2015-03-06,196.3412628173828,0.0
2015-03-09,194.1434020996093,0.0
2015-03-10,191.57925415039065,0.0
2015-03-11,186.08462524414065,0.0
2015-03-12,184.6194000244141,0.0
2015-03-13,184.98570251464844,0.0
2015-03-16,184.98570251464844,0.0
2015-03-17,179.67422485351562,0.0
2015-03-18,179.12477111816406,0.0
2015-03-19,179.12477111816406,0.0
2015-03-20,186.81724548339844,0.0
2015-03-23,181.5057678222656,0.0
2015-03-24,179.85739135742188,0.0
2015-03-25,174.36276245117188,0.0
2015-03-26,167.95236206054688,0.0
2015-03-27,163.0072021484375,0.0
2015-03-30,152.38426208496094,0.0
2015-03-31,146.52333068847656,0.0
2015-04-01,149.45379638671875,0.0
2015-04-02,155.6810302734375,0.0
2015-04-07,166.4871368408203,0.0
2015-04-08,176.56060791015625,0.0
2015-04-09,169.6007537841797,0.0
2015-04-10,172.3480682373047,0.0
2015-04-13,169.96705627441406,0.0
2015-04-14,170.15020751953125,0.0
2015-04-15,171.06597900390625,0.0
2015-04-16,169.6007537841797,0.0
2015-04-17,163.0072021484375,0.0
2015-04-20,160.4430389404297,0.0
2015-04-21,171.61544799804688,0.0
2015-04-22,183.5204620361328,0.0
2015-04-23,186.81724548339844,0.0
2015-04-24,176.56060791015625,0.0
2015-04-27,181.32261657714844,0.0
2015-04-28,178.02584838867188,0.0
2015-04-29,176.19430541992188,0.0
2015-04-30,176.92691040039062,0.0
2015-05-04,175.82798767089844,0.0
2015-05-05,168.86813354492188,0.0
2015-05-06,169.2344512939453,0.0
2015-05-07,167.03659057617188,0.0
2015-05-08,164.47244262695312,0.0
2015-05-11,156.77996826171875,0.0
2015-05-12,153.30003356933594,0.0
2015-05-13,152.7505645751953,0.0
2015-05-14,148.72117614746094,0.0
2015-05-15,147.80540466308594,0.0
2015-05-18,141.39500427246094,0.0
2015-05-19,142.86024475097656,0.0
2015-05-20,142.86024475097656,0.0
2015-05-21,142.86024475097656,0.0
2015-05-22,152.7505645751953,0.0
2015-05-25,148.35487365722656,0.0
2015-05-26,144.69178771972656,0.0
2015-05-27,147.25595092773438,0.0
2015-05-28,146.52333068847656,0.0
2015-05-29,156.77996826171875,0.0
2015-06-01,166.6702880859375,0.0
2015-06-02,159.89358520507812,0.0
2015-06-03,159.71043395996094,0.0
2015-06-04,153.8494873046875,0.0
2015-06-05,150.18641662597656,0.0
2015-06-08,147.62225341796875,0.0
2015-06-09,139.5634765625,0.0
2015-06-10,146.15701293945312,0.0
2015-06-11,144.3254852294922,0.0
2015-06-12,147.07278442382812,0.0
2015-06-15,147.62225341796875,0.0
2015-06-16,143.95916748046875,0.0
2015-06-17,142.86024475097656,0.0
2015-06-18,145.05809020996094,0.0
2015-06-22,146.52333068847656,0.0
2015-06-23,145.42440795898438,0.0
2015-06-24,144.69178771972656,0.0
2015-06-25,144.87493896484375,0.0
2015-06-26,144.69178771972656,0.0
2015-06-29,142.12762451171875,0.0
2015-06-30,146.52333068847656,0.0
2015-07-01,146.52333068847656,0.0
2015-07-02,148.72117614746094,0.0
2015-07-03,149.45379638671875,0.0
2015-07-06,146.88963317871094,0.0
2015-07-07,144.69178771972656,0.0
2015-07-08,139.92977905273438,0.0
2015-07-09,138.46453857421875,0.0
2015-07-10,138.46453857421875,0.0
2015-07-13,152.20111083984375,0.0
2015-07-14,148.35487365722656,0.0
2015-07-15,146.15701293945312,0.0
2015-07-16,148.72117614746094,0.0
2015-07-17,149.0874786376953,0.0
2015-07-20,146.52333068847656,0.0
2015-07-21,143.04339599609375,0.0
2015-07-22,143.22654724121094,0.0
2015-07-23,143.4097137451172,0.0
2015-07-24,143.59286499023438,0.0
2015-07-27,135.53407287597656,0.0
2015-07-28,136.63299560546875,0.0
2015-07-29,137.36561584472656,0.0
2015-07-30,141.39500427246094,0.0
2015-07-31,138.46453857421875,0.0
2015-08-03,136.0835418701172,0.0
2015-08-04,125.826904296875,0.0
2015-08-05,126.74267578125,0.0
2015-08-06,125.2774429321289,0.0
2015-08-07,124.91114044189452,0.0
2015-08-10,128.02476501464844,0.0
2015-08-11,124.54483032226562,0.0
2015-08-12,124.17852020263672,0.0
2015-08-13,121.9806671142578,0.0
2015-08-14,121.9806671142578,0.0
2015-08-17,118.13442993164062,0.0
2015-08-18,113.55558013916016,0.0
2015-08-19,105.13048553466795,0.0
2015-08-20,106.22941589355467,0.0
2015-08-21,100.73478698730467,0.0
2015-08-24,90.66130828857422,0.0
2015-08-25,90.11184692382812,0.0
2015-08-26,86.81507110595703,0.0
2015-08-27,87.91399383544922,0.0
2015-08-28,90.47815704345705,0.0
2015-08-31,91.57707977294922,0.0
2015-09-01,91.57707977294922,0.0
2015-09-02,100.73478698730467,0.0
2015-09-03,99.6358642578125,0.0
2015-09-04,97.07170104980467,0.0
2015-09-07,99.2695541381836,0.0
2015-09-08,99.6358642578125,0.0
2015-09-09,100.91793823242188,0.0
2015-09-10,106.22941589355467,0.0
2015-09-11,104.76417541503906,0.0
2015-09-14,107.32833862304688,0.0
2015-09-15,111.72403717041016,0.0
2015-09-16,115.75342559814452,0.0
2015-09-17,111.35772705078124,0.0
2015-09-18,115.02081298828124,0.0
2015-09-21,126.37637329101562,0.0
2015-09-22,139.01400756835938,0.0
2015-09-23,143.22654724121094,0.0
2015-09-24,129.12368774414062,0.0
2015-09-25,141.02870178222656,0.0
2015-09-29,141.02870178222656,0.0
2015-09-30,155.13157653808594,0.0
2015-10-01,160.4430389404297,0.0
2015-10-02,161.1756591796875,0.0
2015-10-05,154.21580505371094,0.0
2015-10-06,147.07278442382812,0.0
2015-10-07,150.0032501220703,0.0
2015-10-08,139.19715881347656,0.0
2015-10-12,150.18641662597656,0.0
2015-10-13,147.25595092773438,0.0
2015-10-14,148.72117614746094,0.0
2015-10-15,147.25595092773438,0.0
2015-10-16,158.2451934814453,0.0
2015-10-19,166.12081909179688,0.0
2015-10-20,182.6046905517578,0.0
2015-10-21,176.0111541748047,0.0
2015-10-22,175.82798767089844,0.0
2015-10-23,168.5018310546875,0.0
2015-10-26,164.1061248779297,0.0
2015-10-27,165.38819885253906,0.0
2015-10-28,167.5860595703125,0.0
2015-10-29,160.0767364501953,0.0
2015-10-30,158.2451934814453,0.0
2015-11-02,167.03659057617188,0.0
2015-11-03,180.04054260253906,0.0
2015-11-04,184.98570251464844,0.0
2015-11-05,178.20899963378906,0.0
2015-11-06,173.99644470214844,0.0
2015-11-09,165.20504760742188,0.0
2015-11-10,166.6702880859375,0.0
2015-11-11,159.3441162109375,0.0
2015-11-12,157.14627075195312,0.0
2015-11-13,163.0072021484375,0.0
2015-11-16,179.30792236328125,0.0
2015-11-17,173.2638397216797,0.0
2015-11-18,172.3480682373047,0.0
2015-11-19,170.88282775878906,0.0
2015-11-20,179.49107360839844,0.0
2015-11-23,179.49107360839844,0.0
2015-11-24,173.0806884765625,0.0
2015-11-25,173.63014221191406,0.0
2015-11-26,187.54986572265625,0.0
2015-11-27,182.6046905517578,0.0
2015-11-30,175.0953826904297,0.0
2015-12-01,177.29322814941406,0.0
2015-12-02,174.36276245117188,0.0
2015-12-03,186.450927734375,0.0
2015-12-04,194.1434020996093,0.0
2015-12-07,189.3813934326172,0.0
2015-12-08,183.5204620361328,0.0
2015-12-09,171.79859924316406,0.0
2015-12-10,168.86813354492188,0.0
2015-12-11,157.14627075195312,0.0
2015-12-14,159.3441162109375,0.0
2015-12-15,164.1061248779297,0.0
2015-12-16,163.7398223876953,0.0
2015-12-17,166.6702880859375,0.0
2015-12-18,173.63014221191406,0.0
2015-12-21,171.06597900390625,0.0
2015-12-22,172.53121948242188,0.0
2015-12-23,168.5018310546875,0.0
2015-12-24,163.37350463867188,0.0
2015-12-25,167.7692108154297,0.0
2015-12-28,167.03659057617188,0.0
2015-12-29,165.20504760742188,0.0
2015-12-30,165.7545166015625,0.0
2015-12-31,165.5713653564453,0.0
2016-01-04,157.5125732421875,0.0
2016-01-05,157.5125732421875,0.0
2016-01-06,157.3294219970703,0.0
2016-01-07,150.9190216064453,0.0
2016-01-08,153.8494873046875,0.0
2016-01-11,151.28533935546875,0.0
2016-01-12,143.59286499023438,0.0
2016-01-13,147.25595092773438,0.0
2016-01-14,145.79071044921875,0.0
2016-01-15,148.35487365722656,0.0
2016-01-18,151.46849060058594,0.0
2016-01-19,151.28533935546875,0.0
2016-01-20,145.79071044921875,0.0
2016-01-21,143.4097137451172,0.0
2016-01-22,140.29608154296875,0.0
2016-01-25,143.22654724121094,0.0
2016-01-26,141.02870178222656,0.0
2016-01-27,141.76132202148438,0.0
2016-01-28,142.4939422607422,0.0
2016-01-29,144.50863647460938,0.0
2016-02-01,148.35487365722656,0.0
2016-02-02,147.62225341796875,0.0
2016-02-03,146.52333068847656,0.0
2016-02-15,146.88963317871094,0.0
2016-02-16,149.82009887695312,0.0
2016-02-17,152.7505645751953,0.0
2016-02-18,153.8494873046875,0.0
2016-02-19,151.8347930908203,0.0
2016-02-22,142.4939422607422,0.0
2016-02-23,147.62225341796875,0.0
2016-02-24,154.39895629882812,0.0
2016-02-25,151.28533935546875,0.0
2016-02-26,152.7505645751953,0.0
2016-03-01,150.18641662597656,0.0
2016-03-02,150.18641662597656,0.0
2016-03-03,148.90432739257812,0.0
2016-03-04,148.90432739257812,0.0
2016-03-07,146.70648193359375,0.0
2016-03-08,144.69178771972656,0.0
2016-03-09,150.55271911621094,0.0
2016-03-10,150.55271911621094,0.0
2016-03-11,153.11688232421875,0.0
2016-03-14,154.5821075439453,0.0
2016-03-15,148.35487365722656,0.0
2016-03-16,150.18641662597656,0.0
2016-03-17,147.25595092773438,0.0
2016-03-18,145.42440795898438,0.0
2016-03-21,148.35487365722656,0.0
2016-03-22,148.35487365722656,0.0
2016-03-23,145.24124145507812,0.0
2016-03-24,143.4097137451172,0.0
2016-03-25,145.42440795898438,0.0
2016-03-28,144.3254852294922,0.0
2016-03-29,139.5634765625,0.0
2016-03-30,142.12762451171875,0.0
2016-03-31,156.23049926757812,0.0
2016-04-01,161.72512817382812,0.0
2016-04-06,148.90432739257812,0.0
2016-04-07,146.52333068847656,0.0
2016-04-08,148.72117614746094,0.0
2016-04-11,148.90432739257812,0.0
2016-04-12,142.86024475097656,0.0
2016-04-13,143.4097137451172,0.0
2016-04-14,142.86024475097656,0.0
2016-04-15,143.22654724121094,0.0
2016-04-18,143.22654724121094,0.0
2016-04-19,142.86024475097656,0.0
2016-04-20,139.7466278076172,0.0
2016-04-21,142.12762451171875,0.0
2016-04-22,138.46453857421875,0.0
2016-04-25,140.6623992919922,0.0
2016-04-26,139.38031005859375,0.0
2016-04-27,138.46453857421875,0.0
2016-04-28,136.9993133544922,0.0
2016-04-29,137.36561584472656,0.0
2016-05-03,132.9699249267578,0.0
2016-05-04,132.60360717773438,0.0
2016-05-05,134.06884765625,0.0
2016-05-06,136.26669311523438,0.0
2016-05-09,135.53407287597656,0.0
2016-05-10,136.816162109375,0.0
2016-05-11,135.53407287597656,0.0
2016-05-12,129.85629272460938,0.0
2016-05-13,130.03945922851562,0.0
2016-05-16,130.2226104736328,0.0
2016-05-17,132.60360717773438,0.0
2016-05-18,133.8856964111328,0.0
2016-05-19,133.51937866210938,0.0
2016-05-20,131.87100219726562,0.0
2016-05-23,133.3362274169922,0.0
2016-05-24,131.1383819580078,0.0
2016-05-25,128.7573699951172,0.0
2016-05-26,128.94052124023438,0.0
2016-05-27,128.94052124023438,0.0
2016-05-30,137.73193359375,0.0
2016-05-31,134.61830139160156,0.0
2016-06-01,133.3362274169922,0.0
2016-06-02,131.5046844482422,0.0
2016-06-03,133.70252990722656,0.0
2016-06-06,130.77206420898438,0.0
2016-06-07,130.77206420898438,0.0
2016-06-08,128.94052124023438,0.0
2016-06-13,127.4752960205078,0.0
2016-06-14,126.01006317138672,0.0
2016-06-15,127.84160614013672,0.0
2016-06-16,125.46060180664062,0.0
2016-06-17,125.6437530517578,0.0
2016-06-20,125.09429168701172,0.0
2016-06-21,126.01006317138672,0.0
2016-06-22,125.6437530517578,0.0
2016-06-23,125.6437530517578,0.0
2016-06-24,119.05020141601562,0.0
2016-06-27,119.23336029052734,0.0
2016-06-28,120.33228302001952,0.0
2016-06-29,123.26274871826172,0.0
2016-06-30,123.26274871826172,0.0
2016-07-01,123.8122100830078,0.0
2016-07-04,123.44590759277344,0.0
2016-07-05,129.85629272460938,0.0
2016-07-06,127.4752960205078,0.0
2016-07-07,124.54483032226562,0.0
2016-07-08,124.54483032226562,0.0
2016-07-11,121.61436462402344,0.0
2016-07-12,119.41651153564452,0.0
2016-07-13,120.33228302001952,0.0
2016-07-14,121.24805450439452,0.0
2016-07-15,121.24805450439452,0.0
2016-07-18,133.3362274169922,0.0
2016-07-19,129.489990234375,0.0
2016-07-20,129.12368774414062,0.0
2016-07-21,130.03945922851562,0.0
2016-07-22,126.01006317138672,0.0
2016-07-25,123.44590759277344,0.0
2016-07-26,123.8122100830078,0.0
2016-07-27,124.17852020263672,0.0
2016-07-28,124.54483032226562,0.0
2016-07-29,124.91114044189452,0.0
2016-08-01,123.99536895751952,0.0
2016-08-02,122.16382598876952,0.0
2016-08-03,120.51543426513672,0.0
2016-08-04,119.59966278076172,0.0
2016-08-05,119.78282165527344,0.0
2016-08-08,119.78282165527344,0.0
2016-08-09,119.96597290039062,0.0
2016-08-10,119.78282165527344,0.0
2016-08-11,117.95127868652344,0.0
2016-08-12,120.14913177490234,0.0
2016-08-15,119.78282165527344,0.0
2016-08-16,119.05020141601562,0.0
2016-08-17,115.93658447265624,0.0
2016-08-18,117.95127868652344,0.0
2016-08-19,118.86705017089844,0.0
2016-08-22,120.51543426513672,0.0
2016-08-23,120.14913177490234,0.0
2016-08-24,116.48604583740234,0.0
2016-08-25,115.75342559814452,0.0
2016-08-26,116.48604583740234,0.0
2016-08-29,114.83766174316406,0.0
2016-08-30,114.96226501464844,0.0
2016-08-31,112.38298797607422,0.0
2016-09-01,114.22532653808594,0.0
2016-09-02,113.30416107177734,0.0
2016-09-05,112.75145721435548,0.0
2016-09-06,113.48839569091795,0.0
2016-09-07,114.22532653808594,0.0
2016-09-08,113.11992645263672,0.0
2016-09-09,114.5937957763672,0.0
2016-09-12,113.85685729980467,0.0
2016-09-13,113.48839569091795,0.0
2016-09-14,113.48839569091795,0.0
2016-09-19,112.38298797607422,0.0
2016-09-20,112.9356918334961,0.0
2016-09-21,112.38298797607422,0.0
2016-09-22,111.64604949951172,0.0
2016-09-23,113.48839569091795,0.0
2016-09-26,113.85685729980467,0.0
2016-09-27,113.85685729980467,0.0
2016-09-28,113.85685729980467,0.0
2016-09-29,111.27758026123048,0.0
2016-09-30,110.90911102294922,0.0
2016-10-03,110.35640716552734,0.0
2016-10-04,109.06676483154295,0.0
2016-10-05,108.14559173583984,0.0
2016-10-06,107.96135711669922,0.0
2016-10-07,109.2509994506836,0.0
2016-10-11,104.46090698242188,0.0
2016-10-12,103.908203125,0.0
2016-10-13,104.6451416015625,0.0
2016-10-14,103.908203125,0.0
2016-10-17,105.382080078125,0.0
2016-10-18,105.75054931640624,0.0
2016-10-19,106.85595703125,0.0
2016-10-20,106.1190185546875,0.0
2016-10-21,106.67172241210938,0.0
2016-10-24,106.85595703125,0.0
2016-10-25,106.1190185546875,0.0
2016-10-26,105.56631469726562,0.0
2016-10-27,104.09243774414062,0.0
2016-10-28,103.908203125,0.0
2016-10-31,103.53973388671876,0.0
2016-11-01,103.1712646484375,0.0
2016-11-02,102.61856079101562,0.0
2016-11-03,101.51315307617188,0.0
2016-11-04,102.80279541015624,0.0
2016-11-07,102.06585693359376,0.0
2016-11-08,100.40774536132812,0.0
2016-11-09,99.48657989501952,0.0
2016-11-10,104.6451416015625,0.0
2016-11-11,106.67172241210938,0.0
2016-11-14,109.43523406982422,0.0
2016-11-15,109.80370330810548,0.0
2016-11-16,109.80370330810548,0.0
2016-11-17,107.96135711669922,0.0
2016-11-18,109.43523406982422,0.0
2016-11-21,108.5140609741211,0.0
2016-11-22,110.54064178466795,0.0
2016-11-23,111.4618148803711,0.0
2016-11-24,111.4618148803711,0.0
2016-11-25,111.83028411865234,0.0
2016-11-28,111.09334564208984,0.0
2016-11-29,111.27758026123048,0.0
2016-11-30,111.4618148803711,0.0
2016-12-01,111.27758026123048,0.0
2016-12-02,111.09334564208984,0.0
2016-12-05,111.09334564208984,0.0
2016-12-06,111.09334564208984,0.0
2016-12-07,110.90911102294922,0.0
2016-12-08,110.7248764038086,0.0
2016-12-09,111.09334564208984,0.0
2016-12-12,110.17217254638672,0.0
2016-12-13,108.88253021240234,0.0
2016-12-14,108.32982635498048,0.0
2016-12-15,106.1190185546875,0.0
2016-12-16,106.85595703125,0.0
2016-12-19,105.01361083984376,0.0
2016-12-20,106.48748779296876,0.0
2016-12-21,105.93478393554688,0.0
2016-12-22,106.48748779296876,0.0
2016-12-23,107.40865325927734,0.0
2016-12-26,107.96135711669922,0.0
2016-12-27,107.59288787841795,0.0
2016-12-28,106.67172241210938,0.0
2016-12-29,106.85595703125,0.0
2016-12-30,107.22441864013672,0.0
2017-01-03,104.82937622070312,0.0
2017-01-04,105.56631469726562,0.0
2017-01-05,106.67172241210938,0.0
2017-01-06,117.17308044433594,0.0
2017-01-09,112.75145721435548,0.0
2017-01-10,112.01451873779295,0.0
2017-01-11,111.09334564208984,0.0
2017-01-12,110.54064178466795,0.0
2017-01-13,108.32982635498048,0.0
2017-01-16,104.82937622070312,0.0
2017-01-17,105.382080078125,0.0
2017-01-18,105.382080078125,0.0
2017-01-19,104.6451416015625,0.0
2017-01-20,105.93478393554688,0.0
2017-01-23,106.30325317382812,0.0
2017-01-24,108.69829559326172,0.0
2017-02-02,107.40865325927734,0.0
2017-02-03,107.22441864013672,0.0
2017-02-06,107.22441864013672,0.0
2017-02-07,106.48748779296876,0.0
2017-02-08,106.85595703125,0.0
2017-02-09,107.22441864013672,0.0
2017-02-10,106.1190185546875,0.0
2017-02-13,106.85595703125,0.0
2017-02-14,106.67172241210938,0.0
2017-02-15,106.30325317382812,0.0
2017-02-16,106.85595703125,0.0
2017-02-17,107.59288787841795,0.0
2017-02-20,107.22441864013672,0.0
2017-02-21,107.22441864013672,0.0
2017-02-22,106.1190185546875,0.0
2017-02-23,105.56631469726562,0.0
2017-02-24,106.85595703125,0.0
2017-03-01,105.56631469726562,0.0
2017-03-02,104.27667236328124,0.0
2017-03-03,104.46090698242188,0.0
2017-03-06,105.75054931640624,0.0
2017-03-07,106.1190185546875,0.0
2017-03-08,105.56631469726562,0.0
2017-03-09,103.908203125,0.0
2017-03-10,104.27667236328124,0.0
2017-03-13,104.6451416015625,0.0
2017-03-14,105.382080078125,0.0
2017-03-15,103.53973388671876,0.0
2017-03-16,104.09243774414062,0.0
2017-03-17,103.72396850585938,0.0
2017-03-20,102.06585693359376,0.0
2017-03-21,100.96044921875,0.0
2017-03-22,99.85504913330078,0.0
2017-03-23,100.40774536132812,0.0
2017-03-24,100.0392837524414,0.0
2017-03-27,97.64423370361328,0.0
2017-03-28,96.90729522705078,0.0
2017-03-29,97.45999908447266,0.0
2017-03-30,97.45999908447266,0.0
2017-03-31,98.19693756103516,0.0
2017-04-05,107.96135711669922,0.0
2017-04-06,105.01361083984376,0.0
2017-04-07,105.19784545898438,0.0
2017-04-10,110.35640716552734,0.0
2017-04-11,107.40865325927734,0.0
2017-04-12,106.85595703125,0.0
2017-04-13,107.04019165039062,0.0
2017-04-14,109.06676483154295,0.0
2017-04-17,106.85595703125,0.0
2017-04-18,116.2519073486328,0.0
2017-04-19,119.0154266357422,0.0
2017-04-20,120.12083435058594,0.0
2017-04-21,121.96317291259766,0.0
2017-04-24,121.96317291259766,0.0
2017-04-25,121.5947036743164,0.0
2017-04-26,120.67353057861328,0.0
2017-04-27,120.8577651977539,0.0
2017-04-28,121.5947036743164,0.0
2017-05-02,119.93659973144533,0.0
2017-05-03,116.62037658691406,0.0
2017-05-04,115.33073425292967,0.0
2017-05-05,110.54064178466795,0.0
2017-05-08,111.64604949951172,0.0
2017-05-09,111.83028411865234,0.0
2017-05-10,112.38298797607422,0.0
2017-05-11,111.64604949951172,0.0
2017-05-12,110.90911102294922,0.0
2017-05-15,112.56722259521484,0.0
2017-05-16,112.38298797607422,0.0
2017-05-17,111.4618148803711,0.0
2017-05-18,110.90911102294922,0.0
2017-05-19,111.4618148803711,0.0
2017-05-22,109.80370330810548,0.0
2017-05-23,110.54064178466795,0.0
2017-05-24,109.80370330810548,0.0
2017-05-25,107.96135711669922,0.0
2017-05-26,112.01451873779295,0.0
2017-05-31,113.11992645263672,0.0
2017-06-01,112.38298797607422,0.0
2017-06-02,113.48839569091795,0.0
2017-06-05,112.01451873779295,0.0
2017-06-06,110.90911102294922,0.0
2017-06-07,110.17217254638672,0.0
2017-06-08,110.7248764038086,0.0
2017-06-09,110.54064178466795,0.0
2017-06-12,110.35640716552734,0.0
2017-06-13,109.9879379272461,0.0
2017-06-14,108.5140609741211,0.0
2017-06-15,107.96135711669922,0.0
2017-06-16,108.32982635498048,0.0
2017-06-19,107.04019165039062,0.0
2017-06-20,107.22441864013672,0.0
2017-06-21,107.22441864013672,0.0
2017-06-22,109.9879379272461,0.0
2017-06-23,109.61946868896484,0.0
2017-06-26,108.32982635498048,0.0
2017-06-27,108.69829559326172,0.0
2017-06-28,108.32982635498048,0.0
2017-06-29,109.43523406982422,0.0
2017-06-30,109.43523406982422,0.0
2017-07-03,109.9879379272461,0.0
2017-07-04,109.06676483154295,0.0
2017-07-05,109.80370330810548,0.0
2017-07-06,108.14559173583984,0.0
2017-07-07,108.5140609741211,0.0
2017-07-10,107.59288787841795,0.0
2017-07-11,108.32982635498048,0.0
2017-07-12,107.96135711669922,0.0
2017-07-13,107.22441864013672,0.0
2017-07-14,107.04019165039062,0.0
2017-07-17,107.96135711669922,0.0
2017-07-18,108.32982635498048,0.0
2017-07-19,109.80370330810548,0.0
2017-07-20,109.80370330810548,0.0
2017-07-21,110.35640716552734,0.0
2017-07-24,113.11992645263672,0.0
2017-07-25,112.01451873779295,0.0
2017-07-26,111.27758026123048,0.0
2017-07-27,111.27758026123048,0.0
2017-07-28,111.64604949951172,0.0
2017-07-31,111.27758026123048,0.0
2017-08-01,110.90911102294922,0.0
2017-08-02,110.7248764038086,0.0
2017-08-03,110.90911102294922,0.0
2017-08-04,110.7248764038086,0.0
2017-08-07,110.54064178466795,0.0
2017-08-08,110.54064178466795,0.0
2017-08-09,110.54064178466795,0.0
2017-08-10,110.54064178466795,0.0
2017-08-11,110.54064178466795,0.0
2017-08-14,106.48748779296876,0.0
2017-08-15,107.59288787841795,0.0
2017-08-16,107.7771224975586,0.0
2017-08-17,107.96135711669922,0.0
2017-08-18,106.85595703125,0.0
2017-08-21,106.85595703125,0.0
2017-08-22,105.93478393554688,0.0
2017-08-23,106.85595703125,0.0
2017-08-24,106.48748779296876,0.0
2017-08-25,106.85595703125,0.0
2017-08-28,106.85595703125,0.0
2017-08-29,106.67172241210938,0.0
2017-08-30,106.1190185546875,0.0
2017-08-31,106.48748779296876,0.0
2017-09-01,106.85595703125,0.0
2017-09-04,104.6451416015625,0.0
2017-09-05,104.46090698242188,0.0
2017-09-06,102.80279541015624,0.0
2017-09-07,103.53973388671876,0.0
2017-09-08,104.46090698242188,0.0
2017-09-11,103.35549926757812,0.0
2017-09-12,102.434326171875,0.0
2017-09-13,102.06585693359376,0.0
2017-09-14,103.35549926757812,0.0
2017-09-15,102.434326171875,0.0
2017-09-18,102.434326171875,0.0
2017-09-19,101.6973876953125,0.0
2017-09-20,102.06585693359376,0.0
2017-09-21,102.61856079101562,0.0
2017-09-22,100.77621459960938,0.0
2017-09-25,98.93387603759766,0.0
2017-09-26,99.11811065673828,0.0
2017-09-27,98.93387603759766,0.0
2017-09-28,98.74964141845705,0.0
2017-09-29,98.38117218017578,0.0
2017-10-02,98.74964141845705,0.0
2017-10-03,98.74964141845705,0.0
2017-10-05,100.96044921875,0.0
2017-10-06,101.88162231445312,0.0
2017-10-11,109.06676483154295,0.0
2017-10-12,110.17217254638672,0.0
2017-10-13,107.59288787841795,0.0
2017-10-16,107.59288787841795,0.0
2017-10-17,107.96135711669922,0.0
2017-10-18,106.30325317382812,0.0
2017-10-19,106.48748779296876,0.0
2017-10-20,106.85595703125,0.0
2017-10-23,105.75054931640624,0.0
2017-10-24,106.1190185546875,0.0
2017-10-25,106.67172241210938,0.0
2017-10-26,106.30325317382812,0.0
2017-10-27,106.30325317382812,0.0
2017-10-30,105.382080078125,0.0
2017-10-31,105.75054931640624,0.0
2017-11-01,105.75054931640624,0.0
2017-11-02,106.48748779296876,0.0
2017-11-03,106.48748779296876,0.0
2017-11-06,106.30325317382812,0.0
2017-11-07,106.67172241210938,0.0
2017-11-08,105.93478393554688,0.0
2017-11-09,106.85595703125,0.0
2017-11-10,106.85595703125,0.0
2017-11-13,104.82937622070312,0.0
2017-11-14,105.93478393554688,0.0
2017-11-15,105.01361083984376,0.0
2017-11-16,104.82937622070312,0.0
2017-11-17,105.01361083984376,0.0
2017-11-20,105.01361083984376,0.0
2017-11-21,106.1190185546875,0.0
2017-11-22,104.46090698242188,0.0
2017-11-23,104.46090698242188,0.0
2017-11-24,104.09243774414062,0.0
2017-11-27,103.53973388671876,0.0
2017-11-28,104.09243774414062,0.0
2017-11-29,103.908203125,0.0
2017-11-30,103.908203125,0.0
2017-12-01,104.09243774414062,0.0
2017-12-04,105.19784545898438,0.0
2017-12-05,105.19784545898438,0.0
2017-12-06,104.09243774414062,0.0
2017-12-07,102.434326171875,0.0
2017-12-08,103.72396850585938,0.0
2017-12-11,103.72396850585938,0.0
2017-12-12,103.72396850585938,0.0
2017-12-13,102.80279541015624,0.0
2017-12-14,102.80279541015624,0.0
2017-12-15,102.98703002929688,0.0
2017-12-18,102.80279541015624,0.0
2017-12-19,102.61856079101562,0.0
2017-12-20,102.61856079101562,0.0
2017-12-21,102.98703002929688,0.0
2017-12-22,104.27667236328124,0.0
2017-12-25,103.1712646484375,0.0
2017-12-26,102.61856079101562,0.0
2017-12-27,102.434326171875,0.0
2017-12-28,102.80279541015624,0.0
2017-12-29,104.6451416015625,0.0
2018-01-02,106.1190185546875,0.0
2018-01-03,105.56631469726562,0.0
2018-01-04,105.75054931640624,0.0
2018-01-05,105.93478393554688,0.0
2018-01-08,105.382080078125,0.0
2018-01-09,105.56631469726562,0.0
2018-01-10,106.1190185546875,0.0
2018-01-11,106.85595703125,0.0
2018-01-12,107.59288787841795,0.0
2018-01-15,108.32982635498048,0.0
2018-01-16,107.96135711669922,0.0
2018-01-17,108.32982635498048,0.0
2018-01-18,107.96135711669922,0.0
2018-01-19,108.69829559326172,0.0
2018-01-22,108.14559173583984,0.0
2018-01-23,107.22441864013672,0.0
2018-01-24,107.59288787841795,0.0
2018-01-25,107.96135711669922,0.0
2018-01-26,107.96135711669922,0.0
2018-01-29,108.69829559326172,0.0
2018-01-30,108.14559173583984,0.0
2018-01-31,107.04019165039062,0.0
2018-02-01,107.22441864013672,0.0
2018-02-02,108.5140609741211,0.0
2018-02-05,108.5140609741211,0.0
2018-02-06,115.88343811035156,0.0
2018-02-07,113.85685729980467,0.0
2018-02-08,114.22532653808594,0.0
2018-02-09,114.22532653808594,0.0
2018-02-12,114.96226501464844,0.0
2018-02-21,115.14649963378906,0.0
2018-02-22,113.48839569091795,0.0
2018-02-23,113.48839569091795,0.0
2018-02-26,112.56722259521484,0.0
2018-02-27,109.43523406982422,0.0
2018-03-01,110.17217254638672,0.0
2018-03-02,110.90911102294922,0.0
2018-03-05,111.09334564208984,0.0
2018-03-06,109.80370330810548,0.0
2018-03-07,109.61946868896484,0.0
2018-03-08,109.80370330810548,0.0
2018-03-09,110.17217254638672,0.0
2018-03-12,110.54064178466795,0.0
2018-03-13,110.54064178466795,0.0
2018-03-14,109.2509994506836,0.0
2018-03-15,109.43523406982422,0.0
2018-03-16,110.35640716552734,0.0
2018-03-19,121.22623443603516,0.0
2018-03-20,116.98884582519533,0.0
2018-03-21,113.30416107177734,0.0
2018-03-22,111.64604949951172,0.0
2018-03-23,107.96135711669922,0.0
2018-03-26,112.38298797607422,0.0
2018-03-27,112.38298797607422,0.0
2018-03-28,110.90911102294922,0.0
2018-03-29,119.75236511230467,0.0
2018-03-30,113.30416107177734,0.0
2018-04-02,114.22532653808594,0.0
2018-04-03,112.9356918334961,0.0
2018-04-09,116.0676727294922,0.0
2018-04-10,111.64604949951172,0.0
2018-04-11,111.27758026123048,0.0
2018-04-12,110.90911102294922,0.0
2018-04-13,110.90911102294922,0.0
2018-04-16,109.06676483154295,0.0
2018-04-17,106.1190185546875,0.0
2018-04-18,107.04019165039062,0.0
2018-04-19,107.7771224975586,0.0
2018-04-20,106.85595703125,0.0
2018-04-23,107.04019165039062,0.0
2018-04-24,105.01361083984376,0.0
2018-04-25,105.01361083984376,0.0
2018-04-26,105.01361083984376,0.0
2018-04-27,104.46090698242188,0.0
2018-04-30,104.46090698242188,0.0
2018-05-02,104.82937622070312,0.0
2018-05-03,109.43523406982422,0.0
2018-05-04,108.14559173583984,0.0
2018-05-07,105.75054931640624,0.0
2018-05-08,106.1190185546875,0.0
2018-05-09,105.382080078125,0.0
2018-05-10,106.48748779296876,0.0
2018-05-11,106.30325317382812,0.0
2018-05-14,104.82937622070312,0.0
2018-05-15,104.46090698242188,0.0
2018-05-16,103.1712646484375,0.0
2018-05-17,103.1712646484375,0.0
2018-05-18,102.98703002929688,0.0
2018-05-21,101.88162231445312,0.0
2018-05-22,100.77621459960938,0.0
2018-05-23,100.96044921875,0.0
2018-05-24,100.96044921875,0.0
2018-05-25,100.96044921875,0.0
2018-05-28,99.48657989501952,0.0
2018-05-29,99.48657989501952,0.0
2018-05-30,99.48657989501952,0.0
2018-05-31,99.11811065673828,0.0
2018-06-01,101.14468383789062,0.0
2018-06-04,101.14468383789062,0.0
2018-06-05,101.51315307617188,0.0
2018-06-06,101.6973876953125,0.0
2018-06-07,100.59198760986328,0.0
2018-06-08,100.40774536132812,0.0
2018-06-11,101.32891845703124,0.0
2018-06-12,101.32891845703124,0.0
2018-06-13,100.59198760986328,0.0
2018-06-14,100.22351837158205,0.0
2018-06-15,101.14468383789062,0.0
2018-06-19,100.0392837524414,0.0
2018-06-20,100.22351837158205,0.0
2018-06-21,101.14468383789062,0.0
2018-06-22,100.59198760986328,0.0
2018-06-25,99.67081451416016,0.0
2018-06-26,97.8284683227539,0.0
2018-06-27,98.38117218017578,0.0
2018-06-28,97.64423370361328,0.0
2018-06-29,95.24918365478516,0.0
2018-07-02,96.3545913696289,0.0
2018-07-03,94.5122528076172,0.0
2018-07-04,94.32801055908205,0.0
2018-07-05,92.11720275878906,0.0
2018-07-06,93.2226104736328,0.0
2018-07-09,93.0383758544922,0.0
2018-07-10,93.59107971191406,0.0
2018-07-11,92.85414123535156,0.0
2018-07-12,95.98612213134766,0.0
2018-07-13,97.8284683227539,0.0
2018-07-16,95.80188751220705,0.0
2018-07-17,95.24918365478516,0.0
2018-07-18,95.80188751220705,0.0
2018-07-19,96.17035675048828,0.0
2018-07-20,97.64423370361328,0.0
2018-07-23,100.22351837158205,0.0
2018-07-24,98.5654067993164,0.0
2018-07-25,96.72306060791016,0.0
2018-07-26,95.24918365478516,0.0
2018-07-27,95.43341827392578,0.0
2018-07-30,95.98612213134766,0.0
2018-07-31,96.3545913696289,0.0
2018-08-01,95.06494903564452,0.0
2018-08-02,94.32801055908205,0.0
2018-08-03,94.32801055908205,0.0
2018-08-06,93.77531433105467,0.0
2018-08-07,93.2226104736328,0.0
2018-08-08,94.5122528076172,0.0
2018-08-09,94.69647979736328,0.0
2018-08-10,94.5122528076172,0.0
2018-08-13,92.11720275878906,0.0
2018-08-14,92.11720275878906,0.0
2018-08-15,91.38026428222656,0.0
2018-08-16,90.82756042480467,0.0
2018-08-17,89.72215270996094,0.0
2018-08-20,90.45909118652344,0.0
2018-08-21,90.45909118652344,0.0
2018-08-22,90.0906219482422,0.0
2018-08-23,90.64332580566406,0.0
2018-08-24,91.01179504394533,0.0
2018-08-27,89.35368347167969,0.0
2018-08-28,89.72215270996094,0.0
2018-08-29,88.61674499511719,0.0
2018-08-30,88.43251037597656,0.0
2018-08-31,88.61674499511719,0.0
2018-09-03,89.16944885253906,0.0
2018-09-04,89.16944885253906,0.0
2018-09-05,88.80097961425781,0.0
2018-09-06,91.19602966308594,0.0
2018-09-07,91.19602966308594,0.0
2018-09-10,92.85414123535156,0.0
2018-09-11,89.72215270996094,0.0
2018-09-12,90.2748565673828,0.0
2018-09-13,91.38026428222656,0.0
2018-09-14,92.48567199707033,0.0
2018-09-17,92.48567199707033,0.0
2018-09-18,101.6973876953125,0.0
2018-09-19,106.85595703125,0.0
2018-09-20,104.09243774414062,0.0
2018-09-21,102.434326171875,0.0
2018-09-25,98.19693756103516,0.0
2018-09-26,96.17035675048828,0.0
2018-09-27,94.69647979736328,0.0
2018-09-28,94.32801055908205,0.0
2018-10-01,98.19693756103516,0.0
2018-10-02,94.69647979736328,0.0
2018-10-03,95.43341827392578,0.0
2018-10-04,96.17035675048828,0.0
2018-10-05,97.27576446533205,0.0
2018-10-08,95.43341827392578,0.0
2018-10-09,97.0915298461914,0.0
2018-10-11,89.53791809082031,0.0
2018-10-12,89.53791809082031,0.0
2018-10-15,96.53882598876952,0.0
2018-10-16,96.17035675048828,0.0
2018-10-17,99.3023452758789,0.0
2018-10-18,97.8284683227539,0.0
2018-10-19,96.90729522705078,0.0
2018-10-22,99.67081451416016,0.0
2018-10-23,96.53882598876952,0.0
2018-10-24,93.0383758544922,0.0
2018-10-25,92.48567199707033,0.0
2018-10-26,91.01179504394533,0.0
2018-10-29,93.2226104736328,0.0
2018-10-30,92.85414123535156,0.0
2018-10-31,93.59107971191406,0.0
2018-11-01,93.2226104736328,0.0
2018-11-02,92.11720275878906,0.0
2018-11-05,93.0383758544922,0.0
2018-11-06,95.80188751220705,0.0
2018-11-07,94.32801055908205,0.0
2018-11-08,92.48567199707033,0.0
2018-11-09,93.40684509277344,0.0
2018-11-12,91.7487335205078,0.0
2018-11-13,89.53791809082031,0.0
2018-11-14,90.45909118652344,0.0
2018-11-15,89.90638732910156,0.0
2018-11-16,91.38026428222656,0.0
2018-11-19,90.64332580566406,0.0
2018-11-20,90.64332580566406,0.0
2018-11-21,90.2748565673828,0.0
2018-11-22,91.5644989013672,0.0
2018-11-23,90.2748565673828,0.0
2018-11-26,91.19602966308594,0.0
2018-11-27,90.82756042480467,0.0
2018-11-28,90.2748565673828,0.0
2018-11-29,90.0906219482422,0.0
2018-11-30,90.45909118652344,0.0
2018-12-03,90.0906219482422,0.0
2018-12-04,91.01179504394533,0.0
2018-12-05,90.64332580566406,0.0
2018-12-06,89.90638732910156,0.0
2018-12-07,90.82756042480467,0.0
2018-12-10,90.0906219482422,0.0
2018-12-11,89.90638732910156,0.0
2018-12-12,90.0906219482422,0.0
2018-12-13,91.01179504394533,0.0
2018-12-14,90.64332580566406,0.0
2018-12-17,90.82756042480467,0.0
2018-12-18,89.53791809082031,0.0
2018-12-19,89.90638732910156,0.0
2018-12-20,90.2748565673828,0.0
2018-12-21,89.53791809082031,0.0
2018-12-24,90.2748565673828,0.0
2018-12-25,88.61674499511719,0.0
2018-12-26,97.45999908447266,0.0
2018-12-27,94.5122528076172,0.0
2018-12-28,90.82756042480467,0.0
2019-01-02,89.35368347167969,0.0
2019-01-03,89.90638732910156,0.0
2019-01-04,91.01179504394533,0.0
2019-01-07,91.38026428222656,0.0
2019-01-08,93.0383758544922,0.0
2019-01-09,92.48567199707033,0.0
2019-01-10,91.01179504394533,0.0
2019-01-11,91.38026428222656,0.0
2019-01-14,92.11720275878906,0.0
2019-01-15,93.95954132080078,0.0
2019-01-16,93.95954132080078,0.0
2019-01-17,94.5122528076172,0.0
2019-01-18,95.06494903564452,0.0
2019-01-21,94.8807144165039,0.0
2019-01-22,94.69647979736328,0.0
2019-01-23,104.09243774414062,0.0
2019-01-24,102.61856079101562,0.0
2019-01-25,100.77621459960938,0.0
2019-01-28,98.01270294189452,0.0
2019-01-29,99.11811065673828,0.0
2019-01-30,100.77621459960938,0.0
2019-02-11,100.59198760986328,0.0
2019-02-12,103.908203125,0.0
2019-02-13,102.25009155273438,0.0
2019-02-14,102.80279541015624,0.0
2019-02-15,104.27667236328124,0.0
2019-02-18,104.27667236328124,0.0
2019-02-19,104.27667236328124,0.0
2019-02-20,104.46090698242188,0.0
2019-02-21,106.30325317382812,0.0
2019-02-22,105.93478393554688,0.0
2019-02-25,103.53973388671876,0.0
2019-02-26,104.27667236328124,0.0
2019-02-27,105.75054931640624,0.0
2019-03-04,105.382080078125,0.0
2019-03-05,107.22441864013672,0.0
2019-03-06,106.85595703125,0.0
2019-03-07,105.01361083984376,0.0
2019-03-08,104.46090698242188,0.0
2019-03-11,107.22441864013672,0.0
2019-03-12,106.85595703125,0.0
2019-03-13,106.1190185546875,0.0
2019-03-14,105.93478393554688,0.0
2019-03-15,106.1190185546875,0.0
2019-03-18,104.27667236328124,0.0
2019-03-19,105.19784545898438,0.0
2019-03-20,104.27667236328124,0.0
2019-03-21,104.6451416015625,0.0
2019-03-22,105.382080078125,0.0
2019-03-25,104.6451416015625,0.0
2019-03-26,103.72396850585938,0.0
2019-03-27,104.46090698242188,0.0
2019-03-28,104.6451416015625,0.0
2019-03-29,104.46090698242188,0.0
2019-04-01,104.46090698242188,0.0
2019-04-02,104.82937622070312,0.0
2019-04-03,105.01361083984376,0.0
2019-04-08,105.01361083984376,0.0
2019-04-09,105.19784545898438,0.0
2019-04-10,105.19784545898438,0.0
2019-04-11,104.46090698242188,0.0
2019-04-12,103.908203125,0.0
2019-04-15,104.27667236328124,0.0
2019-04-16,104.82937622070312,0.0
2019-04-17,104.27667236328124,0.0
2019-04-18,104.09243774414062,0.0
2019-04-19,103.908203125,0.0
2019-04-22,103.35549926757812,0.0
2019-04-23,103.53973388671876,0.0
2019-04-24,103.1712646484375,0.0
2019-04-25,102.06585693359376,0.0
2019-04-26,102.434326171875,0.0
2019-04-29,102.80279541015624,0.0
2019-04-30,103.53973388671876,0.0
2019-05-02,103.53973388671876,0.0
2019-05-03,103.908203125,0.0
2019-05-06,103.1712646484375,0.0
2019-05-07,103.35549926757812,0.0
2019-05-08,103.35549926757812,0.0
2019-05-09,102.06585693359376,0.0
2019-05-10,103.1712646484375,0.0
2019-05-13,101.14468383789062,0.0
2019-05-14,100.59198760986328,0.0
2019-05-15,101.14468383789062,0.0
2019-05-16,101.88162231445312,0.0
2019-05-17,101.88162231445312,0.0
2019-05-20,101.51315307617188,0.0
2019-05-21,101.6973876953125,0.0
2019-05-22,101.88162231445312,0.0
2019-05-23,101.88162231445312,0.0
2019-05-24,99.67081451416016,0.0
2019-05-27,99.48657989501952,0.0
2019-05-28,100.22351837158205,0.0
2019-05-29,99.48657989501952,0.0
2019-05-30,98.74964141845705,0.0
2019-05-31,99.48657989501952,0.0
2019-06-03,98.74964141845705,0.0
2019-06-04,99.48657989501952,0.0
2019-06-05,99.48657989501952,0.0
2019-06-06,99.3023452758789,0.0
2019-06-10,99.48657989501952,0.0
2019-06-11,98.74964141845705,0.0
2019-06-12,98.5654067993164,0.0
2019-06-13,99.11811065673828,0.0
2019-06-14,99.48657989501952,0.0
2019-06-17,109.43523406982422,0.0
2019-06-18,105.56631469726562,0.0
2019-06-19,105.75054931640624,0.0
2019-06-20,105.382080078125,0.0
2019-06-21,102.98703002929688,0.0
2019-06-24,103.908203125,0.0
2019-06-25,103.72396850585938,0.0
2019-06-26,103.1712646484375,0.0
2019-06-27,101.88162231445312,0.0
2019-06-28,103.1712646484375,0.0
2019-07-01,102.434326171875,0.0
2019-07-02,106.85595703125,0.0
2019-07-03,106.1190185546875,0.0
2019-07-04,105.93478393554688,0.0
2019-07-05,108.14559173583984,0.0
2019-07-08,107.96135711669922,0.0
2019-07-09,106.85595703125,0.0
2019-07-10,106.67172241210938,0.0
2019-07-11,106.85595703125,0.0
2019-07-12,107.22441864013672,0.0
2019-07-15,107.59288787841795,0.0
2019-07-16,107.40865325927734,0.0
2019-07-17,107.40865325927734,0.0
2019-07-18,107.40865325927734,0.0
2019-07-19,107.96135711669922,0.0
2019-07-22,109.06676483154295,0.0
2019-07-23,111.83028411865234,0.0
2019-07-24,119.0154266357422,0.0
2019-07-25,116.43614196777344,0.0
2019-07-26,117.5415496826172,0.0
2019-07-29,118.64695739746094,0.0
2019-07-30,115.88343811035156,0.0
2019-07-31,115.14649963378906,0.0
2019-08-01,112.01451873779295,0.0
2019-08-02,110.90911102294922,0.0
2019-08-05,110.54064178466795,0.0
2019-08-06,112.01451873779295,0.0
2019-08-07,112.1987533569336,0.0
2019-08-08,112.01451873779295,0.0
2019-08-12,109.9879379272461,0.0
2019-08-13,109.61946868896484,0.0
2019-08-14,109.43523406982422,0.0
2019-08-15,109.9879379272461,0.0
2019-08-16,110.17217254638672,0.0
2019-08-19,110.35640716552734,0.0
2019-08-20,110.54064178466795,0.0
2019-08-21,110.54064178466795,0.0
2019-08-22,112.56722259521484,0.0
2019-08-23,112.9356918334961,0.0
2019-08-26,111.64604949951172,0.0
2019-08-27,112.56722259521484,0.0
2019-08-28,112.75145721435548,0.0
2019-08-29,113.11992645263672,0.0
2019-08-30,114.22532653808594,0.0
2019-09-02,117.7257843017578,0.0
2019-09-03,116.43614196777344,0.0
2019-09-04,116.43614196777344,0.0
2019-09-05,115.88343811035156,0.0
2019-09-06,115.33073425292967,0.0
2019-09-10,115.14649963378906,0.0
2019-09-11,114.96226501464844,0.0
2019-09-12,114.5937957763672,0.0
2019-09-16,114.7780303955078,0.0
2019-09-17,116.43614196777344,0.0
2019-09-18,115.33073425292967,0.0
2019-09-19,115.51496887207033,0.0
2019-09-20,114.96226501464844,0.0
2019-09-23,114.22532653808594,0.0
2019-09-24,114.5937957763672,0.0
2019-09-25,115.88343811035156,0.0
2019-09-26,115.88343811035156,0.0
2019-09-27,113.85685729980467,0.0
2019-10-01,114.22532653808594,0.0
2019-10-02,112.75145721435548,0.0
2019-10-03,112.9356918334961,0.0
2019-10-04,112.38298797607422,0.0
2019-10-07,112.01451873779295,0.0
2019-10-08,111.27758026123048,0.0
2019-10-09,111.4618148803711,0.0
2019-10-14,111.4618148803711,0.0
2019-10-15,111.09334564208984,0.0
2019-10-16,109.43523406982422,0.0
2019-10-17,109.43523406982422,0.0
2019-10-18,109.43523406982422,0.0
2019-10-21,110.54064178466795,0.0
2019-10-22,110.90911102294922,0.0
2019-10-23,110.54064178466795,0.0
2019-10-24,110.54064178466795,0.0
2019-10-25,108.69829559326172,0.0
2019-10-28,107.96135711669922,0.0
2019-10-29,107.59288787841795,0.0
2019-10-30,108.69829559326172,0.0
2019-10-31,109.80370330810548,0.0
2019-11-01,109.80370330810548,0.0
2019-11-04,110.54064178466795,0.0
2019-11-05,112.01451873779295,0.0
2019-11-06,113.11992645263672,0.0
2019-11-07,111.83028411865234,0.0
2019-11-08,111.27758026123048,0.0
2019-11-11,110.90911102294922,0.0
2019-11-12,111.27758026123048,0.0
2019-11-13,110.54064178466795,0.0
2019-11-14,111.27758026123048,0.0
2019-11-15,110.54064178466795,0.0
2019-11-18,110.54064178466795,0.0
2019-11-19,110.54064178466795,0.0
2019-11-20,110.54064178466795,0.0
2019-11-21,111.27758026123048,0.0
2019-11-22,111.4618148803711,0.0
2019-11-25,111.09334564208984,0.0
2019-11-26,110.35640716552734,0.0
2019-11-27,110.54064178466795,0.0
2019-11-28,110.90911102294922,0.0
2019-11-29,110.54064178466795,0.0
2019-12-02,110.54064178466795,0.0
2019-12-03,110.17217254638672,0.0
2019-12-04,110.17217254638672,0.0
2019-12-05,110.35640716552734,0.0
2019-12-06,110.7248764038086,0.0
2019-12-09,111.09334564208984,0.0
2019-12-10,110.7248764038086,0.0
2019-12-11,110.54064178466795,0.0
2019-12-12,110.54064178466795,0.0
2019-12-13,110.54064178466795,0.0
2019-12-16,109.9879379272461,0.0
2019-12-17,111.27758026123048,0.0
2019-12-18,111.83028411865234,0.0
2019-12-19,111.64604949951172,0.0
2019-12-20,111.4618148803711,0.0
2019-12-23,110.54064178466795,0.0
2019-12-24,109.2509994506836,0.0
2019-12-25,109.61946868896484,0.0
2019-12-26,110.17217254638672,0.0
2019-12-27,109.80370330810548,0.0
2019-12-30,109.80370330810548,0.0
2019-12-31,110.54064178466795,0.0
2020-01-02,108.69829559326172,0.0
2020-01-03,108.32982635498048,0.0
2020-01-06,107.96135711669922,0.0
2020-01-07,107.22441864013672,0.0
2020-01-08,109.80370330810548,0.0
2020-01-09,109.80370330810548,0.0
2020-01-10,108.69829559326172,0.0
2020-01-13,107.59288787841795,0.0
2020-01-14,106.85595703125,0.0
2020-01-15,107.59288787841795,0.0
2020-01-16,107.59288787841795,0.0
2020-01-17,107.7771224975586,0.0
2020-01-20,106.48748779296876,0.0
2020-01-30,109.80370330810548,0.0
2020-01-31,107.7771224975586,0.0
2020-02-03,109.80370330810548,0.0
2020-02-04,109.80370330810548,0.0
2020-02-05,109.9879379272461,0.0
2020-02-06,109.06676483154295,0.0
2020-02-07,107.59288787841795,0.0
2020-02-10,106.85595703125,0.0
2020-02-11,106.1190185546875,0.0
2020-02-12,106.48748779296876,0.0
2020-02-13,106.48748779296876,0.0
2020-02-14,105.56631469726562,0.0
2020-02-17,104.6451416015625,0.0
2020-02-18,103.1712646484375,0.0
2020-02-19,103.1712646484375,0.0
2020-02-20,102.80279541015624,0.0
2020-02-21,102.434326171875,0.0
2020-02-24,102.434326171875,0.0
2020-02-25,100.59198760986328,0.0
2020-02-26,100.22351837158205,0.0
2020-02-27,97.64423370361328,0.0
2020-03-02,96.90729522705078,0.0
2020-03-03,97.0915298461914,0.0
2020-03-04,97.0915298461914,0.0
2020-03-05,98.01270294189452,0.0
2020-03-06,98.74964141845705,0.0
2020-03-09,96.53882598876952,0.0
2020-03-10,96.17035675048828,0.0
2020-03-11,95.06494903564452,0.0
2020-03-12,92.11720275878906,0.0
2020-03-13,86.9586410522461,0.0
2020-03-16,80.32620239257812,0.0
2020-03-17,72.40412139892578,0.0
2020-03-18,67.42979431152344,0.0
2020-03-19,62.2712287902832,0.0
2020-03-20,65.95591735839844,0.0
2020-03-23,67.42979431152344,0.0
2020-03-24,69.82483673095703,0.0
2020-03-25,74.9833984375,0.0
2020-03-26,75.7203369140625,0.0
2020-03-27,75.53610229492188,0.0
2020-03-30,75.35186767578125,0.0
2020-03-31,78.11538696289062,0.0
2020-04-01,75.16763305664062,0.0
2020-04-06,76.64151000976562,0.0
2020-04-07,79.22079467773438,0.0
2020-04-08,87.14287567138672,0.0
2020-04-09,79.22079467773438,0.0
2020-04-10,83.64241790771484,0.0
2020-04-13,91.01179504394533,0.0
2020-04-14,92.66990661621094,0.0
2020-04-15,91.93296813964844,0.0
2020-04-16,92.48567199707033,0.0
2020-04-17,92.11720275878906,0.0
2020-04-20,90.0906219482422,0.0
2020-04-21,90.82756042480467,0.0
2020-04-22,93.95954132080078,0.0
2020-04-23,95.06494903564452,0.0
2020-04-24,95.43341827392578,0.0
2020-04-27,97.45999908447266,0.0
2020-04-28,99.48657989501952,0.0
2020-04-29,100.40774536132812,0.0
2020-04-30,103.53973388671876,0.0
2020-05-04,104.82937622070312,0.0
2020-05-05,106.48748779296876,0.0
2020-05-06,106.67172241210938,0.0
2020-05-07,107.22441864013672,0.0
2020-05-08,117.91001892089844,0.0
2020-05-11,108.69829559326172,0.0
2020-05-12,112.38298797607422,0.0
2020-05-13,112.56722259521484,0.0
2020-05-14,112.38298797607422,0.0
2020-05-15,113.85685729980467,0.0
2020-05-18,118.27848815917967,0.0
2020-05-19,118.46272277832033,0.0
2020-05-20,117.5415496826172,0.0
2020-05-21,118.27848815917967,0.0
2020-05-22,118.46272277832033,0.0
2020-05-25,130.25372314453125,0.0
2020-05-26,132.64877319335938,0.0
2020-05-27,133.20147705078125,0.0
2020-05-28,133.5699462890625,0.0
2020-05-29,135.59652709960938,0.0
2020-06-01,145.54518127441406,0.0
2020-06-02,139.64967346191406,0.0
2020-06-03,142.41319274902344,0.0
2020-06-04,143.7028350830078,0.0
2020-06-05,151.07220458984375,0.0
2020-06-08,165.8109588623047,0.0
2020-06-09,182.39205932617188,0.0
2020-06-10,200.4470367431641,0.0
2020-06-11,208.9218139648437,0.0
2020-06-12,206.342529296875,0.0
2020-06-15,226.976791381836,0.0
2020-06-16,222.9236297607422,0.0
2020-06-17,242.4524688720703,0.0
2020-06-18,266.4029541015625,0.0
2020-06-19,250.19032287597656,0.0
2020-06-22,274.8777160644531,0.0
2020-06-23,265.666015625,0.0
2020-06-24,252.4011383056641,0.0
2020-06-29,267.8768310546875,0.0
2020-06-30,268.98223876953125,0.0
2020-07-01,295.8804626464844,0.0
2020-07-02,325.35797119140625,0.0
2020-07-03,357.783203125,0.0
2020-07-06,392.4192810058594,0.0
2020-07-07,431.1084899902344,0.0
2020-07-08,473.482421875,0.0
2020-07-09,519.541015625,0.0
2020-07-10,504.8022766113281,0.0
2020-07-13,455.0589904785156,0.0
2020-07-14,410.84271240234375,0.0
2020-07-15,370.3111572265625,0.0
2020-07-16,335.3066101074219,0.0
2020-07-17,301.77593994140625,0.0
2020-07-20,271.92999267578125,0.0
2020-07-21,245.03175354003903,0.0
2020-07-22,269.3507080078125,0.0
2020-07-23,270.8245849609375,0.0
2020-07-24,265.29754638671875,0.0
2020-07-27,238.76779174804688,0.0
2020-07-28,215.185775756836,0.0
2020-07-29,220.34434509277344,0.0
2020-07-30,242.08399963378903,0.0
2020-07-31,266.03448486328125,0.0
2020-08-03,276.3515930175781,0.0
2020-08-04,303.9867553710937,0.0
2020-08-05,334.2012023925781,0.0
2020-08-06,317.6201171875,0.0
2020-08-07,324.6210327148437,0.0
2020-08-10,305.8291015625,0.0
2020-08-11,305.8291015625,0.0
2020-08-12,336.4120178222656,0.0
2020-08-13,307.67144775390625,0.0
2020-08-14,291.0903625488281,0.0
2020-08-17,276.3515930175781,0.0
2020-08-18,288.5110778808594,0.0
2020-08-19,293.3011779785156,0.0
2020-08-20,273.035400390625,0.0
2020-08-21,283.7209777832031,0.0
2020-08-24,292.9327087402344,0.0
2020-08-25,275.9831237792969,0.0
2020-08-26,303.24981689453125,0.0
2020-08-27,294.7750549316406,0.0
2020-08-28,293.3011779785156,0.0
2020-08-31,284.4579162597656,0.0
2020-09-01,277.8254699707031,0.0
2020-09-02,276.7200622558594,0.0
2020-09-03,263.08673095703125,0.0
2020-09-04,260.5074462890625,0.0
2020-09-07,247.24256896972656,0.0
2020-09-08,259.40203857421875,0.0
2020-09-09,249.8218536376953,0.0
2020-09-10,246.1371612548828,0.0
2020-09-11,232.1353454589844,0.0
2020-09-14,224.76597595214844,0.0
2020-09-15,247.24256896972656,0.0
2020-09-16,227.7137145996093,0.0
2020-09-17,229.1875915527344,0.0
2020-09-18,243.9263458251953,0.0
2020-09-21,239.5047302246093,0.0
2020-09-22,232.5038146972656,0.0
2020-09-23,225.1344451904297,0.0
2020-09-24,226.6083221435547,0.0
2020-09-25,222.1866912841797,0.0
2020-09-28,223.29209899902344,0.0
2020-09-29,218.87046813964844,0.0
2020-09-30,219.6074066162109,0.0
2020-10-05,218.5019989013672,0.0
2020-10-06,219.6074066162109,0.0
2020-10-07,219.2389373779297,0.0
2020-10-08,214.4488525390625,0.0
2020-10-12,207.44793701171875,0.0
2020-10-13,205.9740600585937,0.0
2020-10-14,205.9740600585937,0.0
2020-10-15,199.3416290283203,0.0
2020-10-16,198.97315979003903,0.0
2020-10-19,186.0767517089844,0.0
2020-10-20,189.39295959472656,0.0
2020-10-21,188.65603637695312,0.0
2020-10-22,186.81369018554688,0.0
2020-10-23,187.18215942382807,0.0
2020-10-26,179.07583618164062,0.0
2020-10-27,182.5762939453125,0.0
2020-10-28,185.70828247070312,0.0
2020-10-29,182.76052856445312,0.0
2020-10-30,177.97042846679688,0.0
2020-11-02,180.5497131347656,0.0
2020-11-03,179.44430541992188,0.0
2020-11-04,175.20692443847656,0.0
2020-11-05,177.04925537109375,0.0
2020-11-06,177.04925537109375,0.0
2020-11-09,176.31231689453125,0.0
2020-11-10,175.75961303710938,0.0
2020-11-11,172.4434051513672,0.0
2020-11-12,163.23167419433594,0.0
2020-11-13,165.9951934814453,0.0
2020-11-16,167.2848358154297,0.0
2020-11-17,168.0217742919922,0.0
2020-11-18,184.6028747558593,0.0
2020-11-19,203.0263061523437,0.0
2020-11-20,193.4461212158203,0.0
2020-11-23,186.0767517089844,0.0
2020-11-24,178.70736694335938,0.0
2020-11-25,179.44430541992188,0.0
2020-11-26,175.02268981933594,0.0
2020-11-27,184.6028747558593,0.0
2020-11-30,182.02359008789065,0.0
2020-12-01,180.5497131347656,0.0
2020-12-02,179.44430541992188,0.0
2020-12-03,174.46998596191406,0.0
2020-12-04,175.20692443847656,0.0
2020-12-07,168.39024353027344,0.0
2020-12-08,169.6798858642578,0.0
2020-12-09,167.10060119628906,0.0
2020-12-10,167.65330505371094,0.0
2020-12-11,169.12718200683594,0.0
2020-12-14,169.31141662597656,0.0
2020-12-15,165.0740203857422,0.0
2020-12-16,171.7064666748047,0.0
2020-12-17,169.6798858642578,0.0
2020-12-18,168.57447814941406,0.0
2020-12-21,165.8109588623047,0.0
2020-12-22,182.39205932617188,0.0
2020-12-23,173.3645782470703,0.0
2020-12-24,167.65330505371094,0.0
2020-12-25,166.5478973388672,0.0
2020-12-28,167.10060119628906,0.0
2020-12-29,168.7587127685547,0.0
2020-12-30,172.4434051513672,0.0
2020-12-31,172.07493591308594,0.0
2021-01-04,168.2060089111328,0.0
2021-01-05,167.65330505371094,0.0
2021-01-06,165.2582550048828,0.0
2021-01-07,165.8109588623047,0.0
2021-01-08,164.70555114746094,0.0
2021-01-11,162.49473571777344,0.0
2021-01-12,165.9951934814453,0.0
2021-01-13,162.49473571777344,0.0
2021-01-14,160.65240478515625,0.0
2021-01-15,154.75689697265625,0.0
2021-01-18,154.75689697265625,0.0
2021-01-19,152.1776123046875,0.0
2021-01-20,150.15103149414062,0.0
2021-01-21,148.1244659423828,0.0
2021-01-22,147.3875274658203,0.0
2021-01-25,151.440673828125,0.0
2021-01-26,148.1244659423828,0.0
2021-01-27,147.3875274658203,0.0
2021-01-28,147.3875274658203,0.0
2021-01-29,147.2032928466797,0.0
2021-02-01,148.8614044189453,0.0
2021-02-02,154.75689697265625,0.0
2021-02-03,153.09878540039062,0.0
2021-02-04,151.07220458984375,0.0
2021-02-05,158.0731201171875,0.0
2021-02-17,158.0731201171875,0.0
2021-02-18,165.62672424316406,0.0
2021-02-19,182.02359008789065,0.0
2021-02-22,200.0785675048828,0.0
2021-02-23,190.12989807128903,0.0
2021-02-24,202.6578369140625,0.0
2021-02-25,195.28846740722656,0.0
2021-02-26,188.28756713867188,0.0
2021-03-02,184.23440551757807,0.0
2021-03-03,184.0501708984375,0.0
2021-03-04,180.1812438964844,0.0
2021-03-05,187.91909790039065,0.0
2021-03-08,184.97134399414065,0.0
2021-03-09,184.23440551757807,0.0
2021-03-10,186.4452209472656,0.0
2021-03-11,191.2353057861328,0.0
2021-03-12,188.65603637695312,0.0
2021-03-15,186.0767517089844,0.0
2021-03-16,186.4452209472656,0.0
2021-03-17,186.4452209472656,0.0
2021-03-18,184.6028747558593,0.0
2021-03-19,183.4974670410156,0.0
2021-03-22,186.4452209472656,0.0
2021-03-23,190.4983673095703,0.0
2021-03-24,194.9199981689453,0.0
2021-03-25,191.9722442626953,0.0
2021-03-26,193.4461212158203,0.0
2021-03-29,211.5010986328125,0.0
2021-03-30,203.76324462890625,0.0
2021-03-31,204.1317138671875,0.0
2021-04-01,201.5524444580078,0.0
2021-04-07,195.28846740722656,0.0
2021-04-08,197.1308135986328,0.0
2021-04-09,199.3416290283203,0.0
2021-04-12,219.2389373779297,0.0
2021-04-13,208.5533447265625,0.0
2021-04-14,204.50018310546875,0.0
2021-04-15,205.6055908203125,0.0
2021-04-16,204.86865234375,0.0
2021-04-19,200.8155059814453,0.0
2021-04-20,209.65875244140625,0.0
2021-04-21,205.6055908203125,0.0
2021-04-22,204.50018310546875,0.0
2021-04-23,204.1317138671875,0.0
2021-04-26,204.86865234375,0.0
2021-04-27,210.0272216796875,0.0
2021-04-28,207.0794677734375,0.0
2021-04-29,205.9740600585937,0.0
2021-05-03,202.6578369140625,0.0
2021-05-04,190.12989807128903,0.0
2021-05-05,189.7614288330078,0.0
2021-05-06,187.18215942382807,0.0
2021-05-07,188.28756713867188,0.0
2021-05-10,186.81369018554688,0.0
2021-05-11,182.39205932617188,0.0
2021-05-12,200.4470367431641,0.0
2021-05-13,219.2389373779297,0.0
2021-05-14,197.4992828369141,0.0
2021-05-17,212.238037109375,0.0
2021-05-18,198.6046905517578,0.0
2021-05-19,191.6037750244141,0.0
2021-05-20,184.97134399414065,0.0
2021-05-21,186.0767517089844,0.0
2021-05-24,184.23440551757807,0.0
2021-05-25,183.313232421875,0.0
2021-05-26,184.0501708984375,0.0
2021-05-27,184.23440551757807,0.0
2021-05-28,184.6028747558593,0.0
2021-05-31,181.6551208496093,0.0
2021-06-01,182.02359008789065,0.0
2021-06-02,182.02359008789065,0.0
2021-06-03,182.20782470703125,0.0
2021-06-04,183.86593627929688,0.0
2021-06-07,184.23440551757807,0.0
2021-06-08,184.23440551757807,0.0
2021-06-09,184.23440551757807,0.0
2021-06-10,187.5506286621093,0.0
2021-06-11,185.33981323242188,0.0
2021-06-15,184.0501708984375,0.0
2021-06-16,182.02359008789065,0.0
2021-06-17,180.73394775390625,0.0
2021-06-18,181.47088623046875,0.0
2021-06-21,178.8916015625,0.0
2021-06-22,178.70736694335938,0.0
2021-06-23,179.07583618164062,0.0
2021-06-24,179.26007080078125,0.0
2021-06-25,180.91818237304688,0.0
2021-06-28,182.02359008789065,0.0
2021-06-29,180.91818237304688,0.0
2021-06-30,181.83935546875,0.0
2021-07-01,182.5762939453125,0.0
2021-07-02,182.39205932617188,0.0
2021-07-05,180.5497131347656,0.0
2021-07-06,180.1812438964844,0.0
2021-07-07,179.99700927734375,0.0
2021-07-08,178.70736694335938,0.0
2021-07-09,177.78619384765625,0.0
2021-07-12,177.60195922851562,0.0
2021-07-13,175.20692443847656,0.0
2021-07-14,172.81187438964844,0.0
2021-07-15,172.81187438964844,0.0
2021-07-16,170.9695281982422,0.0
2021-07-19,181.1024169921875,0.0
2021-07-20,184.23440551757807,0.0
2021-07-21,178.70736694335938,0.0
2021-07-22,177.97042846679688,0.0
2021-07-23,178.1546630859375,0.0
2021-07-26,180.5497131347656,0.0
2021-07-27,188.65603637695312,0.0
2021-07-28,181.28665161132807,0.0
2021-07-29,186.4452209472656,0.0
2021-07-30,186.4452209472656,0.0
2021-08-02,204.86865234375,0.0
2021-08-03,225.1344451904297,0.0
2021-08-04,247.6110382080078,0.0
2021-08-05,272.2984619140625,0.0
2021-08-06,299.1966857910156,0.0
2021-08-09,329.0426330566406,0.0
2021-08-10,320.19940185546875,0.0
2021-08-11,288.5110778808594,0.0
2021-08-12,317.25164794921875,0.0
2021-08-13,335.3066101074219,0.0
2021-08-16,342.6759948730469,0.0
2021-08-17,324.2525634765625,0.0
2021-08-18,302.1444091796875,0.0
2021-08-19,288.5110778808594,0.0
2021-08-20,317.25164794921875,0.0
2021-08-23,331.6219177246094,0.0
2021-08-24,329.4111022949219,0.0
2021-08-25,322.41021728515625,0.0
2021-08-26,339.3597717285156,0.0
2021-08-27,326.0948791503906,0.0
2021-08-30,334.2012023925781,0.0
2021-08-31,342.6759948730469,0.0
2021-09-01,332.3588562011719,0.0
2021-09-02,334.5696716308594,0.0
2021-09-03,329.0426330566406,0.0
2021-09-06,329.4111022949219,0.0
2021-09-07,336.0435485839844,0.0
2021-09-08,326.0948791503906,0.0
2021-09-09,328.3056945800781,0.0
2021-09-10,329.0426330566406,0.0
2021-09-13,361.83636474609375,0.0
2021-09-14,379.5228576660156,0.0
2021-09-15,405.315673828125,0.0
2021-09-16,401.6310119628906,0.0
2021-09-17,383.2075500488281,0.0
2021-09-22,392.4192810058594,0.0
2021-09-23,397.9463195800781,0.0
2021-09-24,436.6355285644531,0.0
2021-09-27,421.8967895507813,0.0
2021-09-28,438.4778747558594,0.0
2021-09-29,480.851806640625,0.0
2021-09-30,486.3788146972656,0.0
2021-10-01,528.7527465820312,0.0
2021-10-04,477.1671142578125,0.0
2021-10-05,515.8563232421875,0.0
2021-10-06,482.6941223144531,0.0
2021-10-07,490.0635070800781,0.0
2021-10-08,456.90130615234375,0.0
2021-10-12,471.64007568359375,0.0
2021-10-13,479.0094604492188,0.0
2021-10-14,493.7481994628906,0.0
2021-10-15,480.851806640625,0.0
2021-10-18,488.2211608886719,0.0
2021-10-19,486.3788146972656,0.0
2021-10-20,501.1175842285156,0.0
2021-10-21,501.1175842285156,0.0
2021-10-22,451.3742980957031,0.0
2021-10-25,407.1580200195313,0.0
2021-10-26,366.62646484375,0.0
2021-10-27,330.1480407714844,0.0
2021-10-28,297.3543395996094,0.0
2021-10-29,267.8768310546875,0.0
2021-11-01,241.34706115722656,0.0
2021-11-02,217.39659118652344,0.0
2021-11-03,195.6569366455078,0.0
2021-11-04,176.12808227539062,0.0
2021-11-05,158.62582397460938,0.0
2021-11-08,154.01995849609375,0.0
2021-11-09,169.31141662597656,0.0
2021-11-10,161.94204711914062,0.0
2021-11-11,149.2298583984375,0.0
2021-11-12,140.0181427001953,0.0
2021-11-15,150.88796997070312,0.0
2021-11-16,165.8109588623047,0.0
2021-11-17,149.2298583984375,0.0
2021-11-18,134.306884765625,0.0
2021-11-19,129.70101928710938,0.0
2021-11-22,132.64877319335938,0.0
2021-11-23,120.67353057861328,0.0
2021-11-24,123.0685806274414,0.0
2021-11-25,130.6221923828125,0.0
2021-11-26,130.25372314453125,0.0
2021-11-29,127.49020385742188,0.0
2021-11-30,121.22623443603516,0.0
2021-12-01,119.93659973144533,0.0
2021-12-02,118.83119201660156,0.0
2021-12-03,114.40956115722656,0.0
2021-12-06,105.01361083984376,0.0
2021-12-07,109.06676483154295,0.0
2021-12-08,116.98884582519533,0.0
2021-12-09,120.48929595947266,0.0
2021-12-10,128.96408081054688,0.0
2021-12-13,139.0969696044922,0.0
2021-12-14,129.70101928710938,0.0
2021-12-15,125.83209991455078,0.0
2021-12-16,122.70011138916016,0.0
2021-12-17,122.70011138916016,0.0
2021-12-20,119.75236511230467,0.0
2021-12-21,117.35731506347656,0.0
2021-12-22,122.70011138916016,0.0
2021-12-23,120.8577651977539,0.0
2021-12-24,117.5415496826172,0.0
2021-12-27,116.2519073486328,0.0
2021-12-28,117.17308044433594,0.0
2021-12-29,116.98884582519533,0.0
2021-12-30,116.98884582519533,0.0
2022-01-03,113.48839569091795,0.0
2022-01-04,114.40956115722656,0.0
2022-01-05,113.85685729980467,0.0
2022-01-06,115.69920349121094,0.0
2022-01-07,113.48839569091795,0.0
2022-01-10,113.85685729980467,0.0
2022-01-11,112.1987533569336,0.0
2022-01-12,110.54064178466795,0.0
2022-01-13,110.7248764038086,0.0
2022-01-14,108.32982635498048,0.0
2022-01-17,109.2509994506836,0.0
2022-01-18,107.96135711669922,0.0
2022-01-19,107.04019165039062,0.0
2022-01-20,108.88253021240234,0.0
2022-01-21,106.85595703125,0.0
2022-01-24,105.382080078125,0.0
2022-01-25,105.93478393554688,0.0
2022-01-26,107.04019165039062,0.0
2022-02-07,106.67172241210938,0.0
2022-02-08,112.1987533569336,0.0
2022-02-09,121.96317291259766,0.0
2022-02-10,122.51587677001952,0.0
2022-02-11,121.5947036743164,0.0
2022-02-14,116.43614196777344,0.0
2022-02-15,114.5937957763672,0.0
2022-02-16,115.69920349121094,0.0
2022-02-17,118.27848815917967,0.0
2022-02-18,117.7257843017578,0.0
2022-02-21,129.33255004882812,0.0
2022-02-22,142.2289581298828,0.0
2022-02-23,150.51950073242188,0.0
2022-02-24,135.59652709960938,0.0
2022-02-25,140.38661193847656,0.0
2022-03-01,140.38661193847656,0.0
2022-03-02,140.7550811767578,0.0
2022-03-03,140.93931579589844,0.0
2022-03-04,138.72850036621094,0.0
2022-03-07,130.06948852539062,0.0
2022-03-08,129.70101928710938,0.0
2022-03-09,129.70101928710938,0.0
2022-03-10,131.54336547851562,0.0
2022-03-11,130.25372314453125,0.0
2022-03-14,129.33255004882812,0.0
2022-03-15,126.0163345336914,0.0
2022-03-16,125.2793960571289,0.0
2022-03-17,126.20056915283205,0.0
2022-03-18,127.49020385742188,0.0
2022-03-21,128.22714233398438,0.0
2022-03-22,134.12265014648438,0.0
2022-03-23,138.5442657470703,0.0
2022-03-24,138.91273498535156,0.0
2022-03-25,137.0703887939453,0.0
2022-03-28,139.46543884277344,0.0
2022-03-29,140.7550811767578,0.0
2022-03-30,141.86048889160156,0.0
2022-03-31,139.2812042236328,0.0
2022-04-01,140.38661193847656,0.0
2022-04-06,137.0703887939453,0.0
2022-04-07,134.49111938476562,0.0
2022-04-08,147.9402313232422,0.0
2022-04-11,160.65240478515625,0.0
2022-04-12,144.62400817871094,0.0
2022-04-13,135.96499633789062,0.0
2022-04-14,137.8073272705078,0.0
2022-04-15,134.49111938476562,0.0
2022-04-18,136.33346557617188,0.0
2022-04-19,131.91183471679688,0.0
2022-04-20,131.54336547851562,0.0
2022-04-21,134.306884765625,0.0
2022-04-22,133.20147705078125,0.0
2022-04-25,125.46363067626952,0.0
2022-04-26,126.38480377197266,0.0
2022-04-27,137.43885803222656,0.0
2022-04-28,130.43795776367188,0.0
2022-04-29,133.20147705078125,0.0
2022-05-03,131.72760009765625,0.0
2022-05-04,129.1483154296875,0.0
2022-05-05,128.411376953125,0.0
2022-05-06,128.96408081054688,0.0
2022-05-09,126.38480377197266,0.0
2022-05-10,127.30596923828124,0.0
2022-05-11,126.75326538085938,0.0
2022-05-12,125.46363067626952,0.0
2022-05-13,125.83209991455078,0.0
2022-05-16,125.46363067626952,0.0
2022-05-17,125.09516143798828,0.0
2022-05-18,123.62128448486328,0.0
2022-05-19,115.88343811035156,0.0
2022-05-20,113.11992645263672,0.0
2022-05-23,111.64604949951172,0.0
2022-05-24,112.01451873779295,0.0
2022-05-25,114.04109191894533,0.0
2022-05-26,112.38298797607422,0.0
2022-05-27,112.1987533569336,0.0
2022-05-30,110.54064178466795,0.0
2022-05-31,111.27758026123048,0.0
2022-06-01,109.9879379272461,0.0
2022-06-02,110.35640716552734,0.0
2022-06-06,110.54064178466795,0.0
2022-06-07,109.61946868896484,0.0
2022-06-08,109.61946868896484,0.0
2022-06-09,108.69829559326172,0.0
2022-06-10,109.43523406982422,0.0
2022-06-13,109.80370330810548,0.0
2022-06-14,107.7771224975586,0.0
2022-06-15,107.96135711669922,0.0
2022-06-16,109.80370330810548,0.0
2022-06-17,108.14559173583984,0.0
2022-06-20,106.1190185546875,0.0
2022-06-21,106.85595703125,0.0
2022-06-22,104.6451416015625,0.0
2022-06-23,104.27667236328124,0.0
2022-06-24,105.19784545898438,0.0
2022-06-27,110.90911102294922,0.0
2022-06-28,110.54064178466795,0.0
2022-06-29,110.54064178466795,0.0
2022-06-30,106.48748779296876,0.0
2022-07-01,101.51315307617188,0.0
2022-07-04,100.77621459960938,0.0
2022-07-05,99.85504913330078,0.0
2022-07-06,98.5654067993164,0.0
2022-07-07,100.59198760986328,0.0
2022-07-08,99.67081451416016,0.0
2022-07-11,106.48748779296876,0.0
2022-07-12,102.80279541015624,0.0
2022-07-13,104.09243774414062,0.0
2022-07-14,100.96044921875,0.0
2022-07-15,100.22351837158205,0.0
2022-07-18,101.32891845703124,0.0
2022-07-19,102.61856079101562,0.0
2022-07-20,101.14468383789062,0.0
2022-07-21,100.96044921875,0.0
2022-07-22,102.434326171875,0.0
2022-07-25,102.80279541015624,0.0
2022-07-26,102.06585693359376,0.0
2022-07-27,101.6973876953125,0.0
2022-07-28,100.77621459960938,0.0
2022-07-29,101.32891845703124,0.0
2022-08-01,100.22351837158205,0.0
2022-08-02,99.11811065673828,0.0
2022-08-03,97.64423370361328,0.0
2022-08-04,98.01270294189452,0.0
2022-08-05,98.38117218017578,0.0
2022-08-08,97.64423370361328,0.0
2022-08-09,97.27576446533205,0.0
2022-08-10,98.93387603759766,0.0
2022-08-11,98.74964141845705,0.0
2022-08-12,97.64423370361328,0.0
2022-08-15,98.01270294189452,0.0
2022-08-16,98.74964141845705,0.0
2022-08-17,103.1712646484375,0.0
2022-08-18,102.434326171875,0.0
2022-08-19,112.56722259521484,0.0
2022-08-22,123.8055191040039,0.0
2022-08-23,118.09425354003906,0.0
2022-08-24,112.38298797607422,0.0
2022-08-25,116.0676727294922,0.0
2022-08-26,119.56813049316406,0.0
2022-08-29,118.64695739746094,0.0
2022-08-30,122.3316421508789,0.0
2022-08-31,123.43704986572266,0.0
2022-09-01,120.8577651977539,0.0
2022-09-02,118.64695739746094,0.0
2022-09-05,115.88343811035156,0.0
2022-09-06,108.69829559326172,0.0
2022-09-07,110.54064178466795,0.0
2022-09-08,111.83028411865234,0.0
2022-09-12,114.22532653808594,0.0
2022-09-13,111.83028411865234,0.0
2022-09-14,111.64604949951172,0.0
2022-09-15,111.64604949951172,0.0
2022-09-16,110.17217254638672,0.0
2022-09-19,110.17217254638672,0.0
2022-09-20,110.35640716552734,0.0
2022-09-21,110.35640716552734,0.0
2022-09-22,108.5140609741211,0.0
2022-09-23,107.40865325927734,0.0
2022-09-26,105.01361083984376,0.0
2022-09-27,113.48839569091795,0.0
2022-09-28,106.85595703125,0.0
2022-09-29,106.85595703125,0.0
2022-09-30,102.80279541015624,0.0
2022-10-03,102.80279541015624,0.0
2022-10-04,104.46090698242188,0.0
2022-10-05,103.72396850585938,0.0
2022-10-06,104.27667236328124,0.0
2022-10-07,104.82937622070312,0.0
2022-10-11,101.51315307617188,0.0
2022-10-12,101.6973876953125,0.0
2022-10-13,96.72306060791016,0.0
2022-10-14,96.90729522705078,0.0
2022-10-17,97.0915298461914,0.0
2022-10-18,97.0915298461914,0.0
2022-10-19,95.98612213134766,0.0
2022-10-20,96.3545913696289,0.0
2022-10-21,98.5654067993164,0.0
2022-10-24,96.90729522705078,0.0
2022-10-25,92.11720275878906,0.0
2022-10-26,89.16944885253906,0.0
2022-10-27,91.7487335205078,0.0
2022-10-28,88.43251037597656,0.0
2022-10-31,89.35368347167969,0.0
2022-11-01,90.64332580566406,0.0
2022-11-02,91.01179504394533,0.0
2022-11-03,92.48567199707033,0.0
2022-11-04,94.8807144165039,0.0
2022-11-07,95.98612213134766,0.0
2022-11-08,96.90729522705078,0.0
2022-11-09,98.01270294189452,0.0
2022-11-10,99.48657989501952,0.0
2022-11-11,96.90729522705078,0.0
2022-11-14,94.5122528076172,0.0
2022-11-15,94.32801055908205,0.0
2022-11-16,90.64332580566406,0.0
2022-11-17,89.72215270996094,0.0
2022-11-18,88.06404113769531,0.0
2022-11-21,85.85323333740234,0.0
2022-11-22,86.77440643310547,0.0
2022-11-23,86.59017181396484,0.0
2022-11-24,86.2217025756836,0.0
2022-11-25,86.2217025756836,0.0
2022-11-28,87.6955795288086,0.0
2022-11-29,88.61674499511719,0.0
2022-11-30,97.27576446533205,0.0
2022-12-01,101.32891845703124,0.0
2022-12-02,106.67172241210938,0.0
2022-12-05,104.09243774414062,0.0
2022-12-06,101.32891845703124,0.0
2022-12-07,97.8284683227539,0.0
2022-12-08,96.53882598876952,0.0
2022-12-09,98.74964141845705,0.0
2022-12-12,99.85504913330078,0.0
2022-12-13,101.32891845703124,0.0
2022-12-14,100.77621459960938,0.0
2022-12-15,100.59198760986328,0.0
2022-12-16,96.72306060791016,0.0
2022-12-19,99.11811065673828,0.0
2022-12-20,95.80188751220705,0.0
2022-12-21,95.06494903564452,0.0
2022-12-22,92.11720275878906,0.0
2022-12-23,95.24918365478516,0.0
2022-12-26,99.3023452758789,0.0
2022-12-27,94.69647979736328,0.0
2022-12-28,92.85414123535156,0.0
2022-12-29,93.59107971191406,0.0
2022-12-30,93.59107971191406,0.0
2023-01-03,92.66990661621094,0.0
2023-01-04,92.85414123535156,0.0
2023-01-05,92.85414123535156,0.0
2023-01-06,93.95954132080078,0.0
2023-01-09,93.95954132080078,0.0
2023-01-10,92.30143737792967,0.0
2023-01-11,91.19602966308594,0.0
2023-01-12,89.53791809082031,0.0
2023-01-13,90.2748565673828,0.0
2023-01-16,90.2748565673828,0.0
2023-01-17,91.7487335205078,0.0
2023-01-30,91.93296813964844,0.0
2023-01-31,90.45909118652344,0.0
2023-02-01,91.93296813964844,0.0
2023-02-02,95.80188751220705,0.0
2023-02-03,97.27576446533205,0.0
2023-02-06,97.0915298461914,0.0
2023-02-07,94.32801055908205,0.0
2023-02-08,93.59107971191406,0.0
2023-02-09,93.59107971191406,0.0
2023-02-10,94.32801055908205,0.0
2023-02-13,92.85414123535156,0.0
2023-02-14,92.11720275878906,0.0
2023-02-15,91.7487335205078,0.0
2023-02-16,91.7487335205078,0.0
2023-02-17,92.11720275878906,0.0
2023-02-20,91.93296813964844,0.0
2023-02-21,91.7487335205078,0.0
2023-02-22,89.53791809082031,0.0
2023-02-23,89.72215270996094,0.0
2023-02-24,89.53791809082031,0.0
2023-03-01,89.16944885253906,0.0
2023-03-02,89.16944885253906,0.0
2023-03-03,90.64332580566406,0.0
2023-03-06,91.5644989013672,0.0
2023-03-07,90.45909118652344,0.0
2023-03-08,90.2748565673828,0.0
2023-03-09,90.2748565673828,0.0
2023-03-10,90.2748565673828,0.0
2023-03-13,89.90638732910156,0.0
2023-03-14,88.80097961425781,0.0
2023-03-15,88.80097961425781,0.0
2023-03-16,87.6955795288086,0.0
2023-03-17,89.35368347167969,0.0
2023-03-20,82.5370101928711,0.0
2023-03-21,74.79916381835938,0.0
2023-03-22,70.3775405883789,0.0
2023-03-23,73.50952911376953,0.0
2023-03-24,71.8514175415039,0.0
2023-03-27,73.69376373291016,0.0
2023-03-28,73.3252944946289,0.0
2023-03-29,73.50952911376953,0.0
2023-03-30,73.50952911376953,0.0
2023-03-31,72.77259063720703,0.0
2023-04-06,73.69376373291016,0.0
2023-04-07,72.95682525634766,0.0
2023-04-10,72.77259063720703,0.0
2023-04-11,70.74600982666016,0.0
2023-04-12,70.3775405883789,0.0
2023-04-13,71.48294830322266,0.0
2023-04-14,71.29871368408203,0.0
2023-04-17,71.1144790649414,0.0
2023-04-18,72.95682525634766,0.0
2023-04-19,71.8514175415039,0.0
2023-04-20,71.8514175415039,0.0
2023-04-21,70.74600982666016,0.0
2023-04-24,71.8514175415039,0.0
2023-04-25,71.1144790649414,0.0
2023-04-26,71.1144790649414,0.0
2023-04-27,72.03565216064453,0.0
2023-04-28,72.95682525634766,0.0
2023-05-02,72.95682525634766,0.0
2023-05-03,71.48294830322266,0.0
2023-05-04,72.95682525634766,0.0
2023-05-05,71.8514175415039,0.0
2023-05-08,70.74600982666016,0.0
2023-05-09,70.00907135009766,0.0
2023-05-10,68.9036636352539,0.0
2023-05-11,68.16673278808594,0.0
2023-05-12,68.16673278808594,0.0
2023-05-15,67.06132507324219,0.0
2023-05-16,67.06132507324219,0.0
2023-05-17,67.06132507324219,0.0
2023-05-18,66.69285583496094,0.0
2023-05-19,66.87709045410156,0.0
2023-05-22,67.24555969238281,0.0
2023-05-23,67.24555969238281,0.0
2023-05-24,67.61402893066406,0.0
2023-05-25,67.06132507324219,0.0
2023-05-26,66.50862121582031,0.0
2023-05-29,66.69285583496094,0.0
2023-05-30,66.87709045410156,0.0
2023-05-31,69.45636749267578,0.0
2023-06-01,71.66718292236328,0.0
2023-06-02,70.00907135009766,0.0
2023-06-05,68.53519439697266,0.0
2023-06-06,68.16673278808594,0.0
2023-06-07,67.61402893066406,0.0
2023-06-08,66.69285583496094,0.0
2023-06-09,67.06132507324219,0.0
2023-06-12,65.77168273925781,0.0
2023-06-13,65.77168273925781,0.0
2023-06-14,64.85050964355469,0.0
2023-06-15,64.85050964355469,0.0
2023-06-16,63.74510192871094,0.0
2023-06-19,62.63969802856445,0.0
2023-06-20,63.0081672668457,0.0
2023-06-21,63.92933654785156,0.0
2023-06-26,63.92933654785156,0.0
2023-06-27,66.14015197753906,0.0
2023-06-28,65.58744812011719,0.0
2023-06-29,65.58744049072266,0.0
2023-06-30,65.58744049072266,0.0
2023-07-03,65.58744049072266,0.0
2023-07-04,65.58744049072266,0.0
2023-07-05,65.58744049072266,0.0
2023-07-06,65.58744049072266,0.0
2023-07-07,65.58744049072266,0.0
2023-07-10,59.55730056762695,0.0
2023-07-11,54.93053436279297,0.0
2023-07-12,54.93053436279297,0.0
2023-07-13,51.7803955078125,0.0
2023-07-14,48.72869873046875,0.0
2023-07-17,47.84272384643555,0.0
2023-07-18,47.44895553588867,0.0
2023-07-19,48.87636184692383,0.0
2023-07-20,48.87636184692383,0.0
2023-07-21,48.33493423461914,0.0
2023-07-24,48.48259735107422,0.0
2023-07-25,48.48259735107422,0.0
2023-07-26,48.23649215698242,0.0
2023-07-27,48.088829040527344,0.0
2023-07-28,47.54739761352539,0.0
2023-07-31,48.43337631225586,0.0
2023-08-01,48.53181457519531,0.0
2023-08-02,48.53181457519531,0.0
2023-08-04,46.858306884765625,0.0
2023-08-07,47.252071380615234,0.0
2023-08-08,47.20285034179688,0.0
2023-08-09,47.252071380615234,0.0
2023-08-10,47.252071380615234,0.0
2023-08-11,47.252071380615234,0.0
2023-08-14,48.03960800170898,0.0
2023-08-15,48.03960800170898,0.0
2023-08-16,48.03960800170898,0.0
2023-08-17,48.72869873046875,0.0
2023-08-18,48.72869873046875,0.0
2023-08-21,46.02154922485352,0.0
2023-08-22,47.44895553588867,0.0
2023-08-23,48.23649215698242,0.0
2023-08-24,48.1380500793457,0.0
2023-08-25,48.1380500793457,0.0
2023-08-28,48.1380500793457,0.0
2023-08-29,45.82466506958008,0.0
2023-08-30,46.26765441894531,0.0
2023-08-31,47.20285034179688,0.0
2023-09-01,48.18727111816406,0.0
2023-09-04,49.07324600219727,0.0
2023-09-05,49.07324600219727,0.0
2023-09-06,48.23649215698242,0.0
2023-09-07,48.53181457519531,0.0
2023-09-08,48.23649215698242,0.0
2023-09-11,48.18727111816406,0.0
2023-09-12,48.18727111816406,0.0
2023-09-13,48.1380500793457,0.0
2023-09-14,48.1380500793457,0.0
2023-09-15,47.64583969116211,0.0
2023-09-18,46.26765441894531,0.0
2023-09-19,47.74428176879883,0.0
2023-09-20,46.759864807128906,0.0
2023-09-21,47.54739761352539,0.0
2023-09-22,47.54739761352539,0.0
2023-09-25,44.49570083618164,0.0
2023-09-26,44.39725875854492,0.0
2023-09-27,44.2988166809082,0.0
2023-09-28,44.2988166809082,0.0
2023-10-02,43.31439971923828,0.0
2023-10-03,40.36114501953125,0.0
2023-10-04,39.42594909667969,0.0
2023-10-05,40.0,0.0
2023-10-06,41.20000076293945,0.0
2023-10-11,40.59999847412109,0.0
2023-10-12,41.79999923706055,0.0
2023-10-13,41.79999923706055,0.0
2023-10-16,41.0,0.0
2023-10-17,37.70000076293945,0.0
2023-10-18,38.45000076293945,0.0
2023-10-19,39.09999847412109,0.0
2023-10-20,40.150001525878906,0.0
2023-10-23,41.0,0.0
2023-10-24,41.25,0.0
2023-10-25,42.0,0.0
2023-10-26,42.0,0.0
2023-10-27,42.0,0.0
2023-10-30,41.0,0.0
2023-10-31,36.900001525878906,0.0
2023-11-01,36.0,0.0
2023-11-02,36.5,0.0
2023-11-03,36.20000076293945,0.0
2023-11-06,36.29999923706055,0.0
2023-11-07,36.45000076293945,0.0
2023-11-08,36.400001525878906,0.0
2023-11-09,36.0,0.0
2023-11-10,36.29999923706055,0.0
2023-11-13,36.0,0.0
2023-11-14,35.400001525878906,0.0
2023-11-15,35.45000076293945,0.0
2023-11-16,35.400001525878906,0.0
2023-11-17,35.54999923706055,0.0
2023-11-20,35.099998474121094,0.0
2023-11-21,35.5,0.0
2023-11-22,35.599998474121094,0.0
2023-11-23,35.54999923706055,0.0
2023-11-24,35.599998474121094,0.0
2023-11-27,35.599998474121094,0.0
2023-11-28,36.70000076293945,0.0
2023-11-29,36.95000076293945,0.0
2023-11-30,37.04999923706055,0.0
2023-12-01,36.79999923706055,0.0
2023-12-04,36.79999923706055,0.0
2023-12-05,36.79999923706055,0.0
2023-12-06,36.79999923706055,0.0
2023-12-07,37.150001525878906,0.0
2023-12-08,37.150001525878906,0.0
2023-12-11,37.09999847412109,0.0
2023-12-12,36.79999923706055,0.0
2023-12-13,36.79999923706055,0.0
2023-12-14,36.84999847412109,0.0
2023-12-15,37.79999923706055,0.0
2023-12-18,37.95000076293945,0.0
2023-12-19,38.04999923706055,0.0
2023-12-20,38.09999847412109,0.0
2023-12-21,38.20000076293945,0.0
2023-12-22,38.5,0.0
2023-12-25,38.5,0.0
2023-12-26,38.5,0.0
2023-12-27,38.400001525878906,0.0
2023-12-28,38.400001525878906,0.0
2023-12-29,38.400001525878906,0.0
2024-01-02,37.900001525878906,0.0
2024-01-03,37.79999923706055,0.0
2024-01-04,37.79999923706055,0.0
2024-01-05,38.29999923706055,0.0
2024-01-08,38.29999923706055,0.0
2024-01-09,37.400001525878906,0.0
2024-01-10,37.29999923706055,0.0
2024-01-11,37.29999923706055,0.0
2024-01-12,37.5,0.0
2024-01-15,37.5,0.0
2024-01-16,37.5,0.0
2024-01-17,37.5,0.0
2024-01-18,37.5,0.0
2024-01-19,37.59999847412109,0.0
2024-01-22,36.900001525878906,0.0
2024-01-23,36.900001525878906,0.0
2024-01-24,37.29999923706055,0.0
2024-01-25,36.84999847412109,0.0
2024-01-26,36.59999847412109,0.0
2024-01-29,36.650001525878906,0.0
2024-01-30,36.650001525878906,0.0
2024-01-31,37.09999847412109,0.0
2024-02-01,37.09999847412109,0.0
2024-02-02,37.09999847412109,0.0
2024-02-05,36.84999847412109,0.0
2024-02-15,36.84999847412109,0.0
2024-02-16,36.5,0.0
2024-02-19,36.54999923706055,0.0
2024-02-20,38.0,0.0
2024-02-21,37.95000076293945,0.0
2024-02-22,37.84999847412109,0.0
2024-02-23,37.84999847412109,0.0
2024-02-26,37.54999923706055,0.0
2024-02-27,37.650001525878906,0.0
2024-02-29,37.900001525878906,0.0
2024-03-01,37.79999923706055,0.0
2024-03-04,37.5,0.0
2024-03-05,36.400001525878906,0.0
2024-03-06,36.5,0.0
2024-03-07,37.0,0.0
2024-03-08,36.54999923706055,0.0
2024-03-11,36.29999923706055,0.0
2024-03-12,36.25,0.0
2024-03-13,36.59999847412109,0.0
2024-03-14,36.79999923706055,0.0
2024-03-15,36.70000076293945,0.0
2024-03-18,36.70000076293945,0.0
2024-03-19,37.79999923706055,0.0
2024-03-20,38.150001525878906,0.0
2024-03-21,37.400001525878906,0.0
2024-03-22,37.25,0.0
2024-03-25,37.25,0.0
2024-03-26,37.45000076293945,0.0
2024-03-27,37.59999847412109,0.0
2024-03-28,37.95000076293945,0.0
2024-03-29,38.20000076293945,0.0
2024-04-01,38.34999847412109,0.0
2024-04-02,38.0,0.0
2024-04-03,41.79999923706055,0.0
2024-04-08,45.95000076293945,0.0
2024-04-09,50.5,0.0
2024-04-10,55.5,0.0
2024-04-11,53.79999923706055,0.0
2024-04-12,52.0,0.0
2024-04-15,49.84999847412109,0.0
2024-04-16,47.59999847412109,0.0
2024-04-17,47.95000076293945,0.0
2024-04-18,47.29999923706055,0.0
2024-04-19,46.79999923706055,0.0
2024-04-22,45.400001525878906,0.0
2024-04-23,45.5,0.0
2024-04-24,47.79999923706055,0.0
2024-04-25,47.79999923706055,0.0
2024-04-26,52.5,0.0
2024-04-29,48.20000076293945,0.0
2024-04-30,47.09999847412109,0.0
2024-05-02,47.45000076293945,0.0
2024-05-03,48.20000076293945,0.0
2024-05-06,48.09999847412109,0.0
2024-05-07,46.5,0.0
2024-05-08,46.650001525878906,0.0
2024-05-09,46.84999847412109,0.0
2024-05-10,45.79999923706055,0.0
2024-05-13,46.09999847412109,0.0
2024-05-14,45.59999847412109,0.0
2024-05-15,46.0,0.0
2024-05-16,45.59999847412109,0.0
2024-05-17,45.70000076293945,0.0
2024-05-20,45.150001525878906,0.0
2024-05-21,44.70000076293945,0.0
2024-05-22,45.0,0.0
2024-05-23,44.400001525878906,0.0
2024-05-24,44.34999847412109,0.0
2024-05-27,44.09999847412109,0.0
2024-05-28,44.54999923706055,0.0
2024-05-29,44.150001525878906,0.0
2024-05-30,44.09999847412109,0.0
2024-05-31,44.20000076293945,0.0
2024-06-03,44.0,0.0
2024-06-04,44.29999923706055,0.0
2024-06-05,46.34999847412109,0.0
2024-06-06,46.70000076293945,0.0
2024-06-07,45.84999847412109,0.0
2024-06-11,44.84999847412109,0.0
2024-06-12,44.650001525878906,0.0
2024-06-13,44.59999847412109,0.0
2024-06-14,44.150001525878906,0.0
2024-06-17,43.95000076293945,0.0
2024-06-18,44.0,0.0
2024-06-19,43.79999923706055,0.0
2024-06-20,43.650001525878906,0.0
2024-06-21,43.5,0.0
2024-06-24,43.25,0.0
2024-06-25,43.20000076293945,0.0
2024-06-26,44.5,0.0
2024-06-27,44.0,0.0
2024-06-28,47.0,0.0
2024-07-01,46.0,0.0
2024-07-02,46.84999847412109,0.0
2024-07-03,46.04999923706055,0.0
2024-07-04,45.5,0.0
2024-07-05,45.650001525878906,0.0
2024-07-08,45.5,0.0
2024-07-09,44.150001525878906,0.0
2024-07-10,44.150001525878906,0.0
2024-07-11,44.09999847412109,0.0
2024-07-12,43.70000076293945,0.0
2024-07-15,43.59999847412109,0.0
2024-07-16,43.45000076293945,0.0
2024-07-17,44.70000076293945,0.0
2024-07-18,44.900001525878906,0.0
2024-07-19,44.79999923706055,0.0
2024-07-22,44.45000076293945,0.0
2024-07-23,45.20000076293945,0.0
2024-07-26,45.0,0.0
2024-07-29,44.0,0.0
2024-07-30,43.79999923706055,0.0
2024-07-31,44.34999847412109,0.0
2024-08-01,44.34999847412109,0.0
2024-08-02,44.25,0.0
2024-08-05,39.84999847412109,0.0
2024-08-06,38.20000076293945,0.0
2024-08-07,41.25,0.0
2024-08-08,39.84999847412109,0.0
2024-08-09,41.0,0.0
2024-08-12,41.0,0.0
2024-08-13,39.54999923706055,0.0
2024-08-14,39.79999923706055,0.0
2024-08-15,40.0,0.0
2024-08-16,40.0,0.0
2024-08-19,39.79999923706055,0.0
2024-08-20,39.900001525878906,0.0
2024-08-21,39.900001525878906,0.0
2024-08-22,39.5,0.0
2024-08-23,40.5,0.0
2024-08-26,39.70000076293945,0.0
2024-08-27,39.5,0.0
2024-08-28,39.54999923706055,0.0
2024-08-29,39.59999847412109,0.0
2024-08-30,39.59999847412109,0.0
2024-09-02,40.0,0.0
2024-09-03,40.0,0.0
2024-09-04,39.70000076293945,0.0
2024-09-05,39.95000076293945,0.0
2024-09-06,39.25,0.0
2024-09-09,39.09999847412109,0.0
2024-09-10,39.70000076293945,0.0
2024-09-11,38.95000076293945,0.0
2024-09-12,39.900001525878906,0.0
2024-09-13,39.900001525878906,0.0
2024-09-16,39.04999923706055,0.0
2024-09-18,39.0,0.0
2024-09-19,39.0,0.0
2024-09-20,38.75,0.0
2024-09-23,38.70000076293945,0.0
2024-09-24,38.900001525878906,0.0
2024-09-25,38.79999923706055,0.0
2024-09-26,39.95000076293945,0.0
2024-09-27,38.70000076293945,0.0
2024-09-30,38.70000076293945,0.0
2024-10-01,38.70000076293945,0.0
2024-10-04,38.400001525878906,0.0
2024-10-07,38.900001525878906,0.0
2024-10-08,38.900001525878906,0.0
2024-10-09,38.34999847412109,0.0
2024-10-11,38.34999847412109,0.0
2024-10-14,38.34999847412109,0.0
2024-10-15,37.20000076293945,0.0
2024-10-16,37.20000076293945,0.0
2024-10-17,37.20000076293945,0.0
2024-10-18,37.29999923706055,0.0
2024-10-21,37.400001525878906,0.0
2024-10-22,37.0,0.0
2024-10-23,37.25,0.0
2024-10-24,37.34999847412109,0.0
2024-10-25,37.0,0.0
2024-10-28,36.84999847412109,0.0
2024-10-29,36.84999847412109,0.0
2024-10-30,36.84999847412109,0.0
2024-11-01,37.29999923706055,0.0
2024-11-04,38.45000076293945,0.0
2024-11-05,38.0,0.0
2024-11-06,37.75,0.0
2024-11-07,37.79999923706055,0.0
2024-11-08,38.79999923706055,0.0
2024-11-11,38.0,0.0
2024-11-12,37.04999923706055,0.0
2024-11-13,37.0,0.0
2024-11-14,36.650001525878906,0.0
2024-11-15,36.650001525878906,0.0
2024-11-18,35.650001525878906,0.0
2024-11-19,36.5,0.0
2024-11-20,36.20000076293945,0.0
2024-11-21,35.70000076293945,0.0
2024-11-22,36.29999923706055,0.0
2024-11-25,36.400001525878906,0.0
2024-11-26,36.34999847412109,0.0
2024-11-27,35.849998474121094,0.0
2024-11-28,34.849998474121094,0.0
2024-11-29,35.25,0.0
2024-12-02,35.79999923706055,0.0
2024-12-03,35.5,0.0
2024-12-04,35.599998474121094,0.0
2024-12-05,35.650001525878906,0.0
2024-12-06,35.599998474121094,0.0
2024-12-09,35.150001525878906,0.0
2024-12-10,35.599998474121094,0.0
2024-12-11,35.599998474121094,0.0
2024-12-12,35.599998474121094,0.0
2024-12-13,35.400001525878906,0.0
2024-12-16,35.20000076293945,0.0
2024-12-17,38.70000076293945,0.0
2024-12-18,34.54999923706055,0.0
2024-12-19,34.599998474121094,0.0
2024-12-20,34.29999923706055,0.0
2024-12-23,35.45000076293945,0.0
2024-12-24,35.45000076293945,0.0
2024-12-25,35.45000076293945,0.0
2024-12-26,35.45000076293945,0.0
2024-12-27,34.599998474121094,0.0
2024-12-30,34.599998474121094,0.0
2024-12-31,34.849998474121094,0.0
2025-01-02,38.29999923706055,0.0
2025-01-03,34.54999923706055,0.0
2025-01-06,33.95000076293945,0.0
2025-01-07,34.29999923706055,0.0
2025-01-08,34.54999923706055,0.0
2025-01-09,33.79999923706055,0.0
2025-01-10,34.099998474121094,0.0
2025-01-13,33.75,0.0
2025-01-14,37.09999847412109,0.0
2025-01-15,37.09999847412109,0.0
2025-01-16,33.400001525878906,0.0
2025-01-17,34.25,0.0
2025-01-20,34.349998474121094,0.0
2025-01-21,34.099998474121094,0.0
2025-01-22,34.849998474121094,0.0
2025-02-03,34.900001525878906,0.0
2025-02-04,35.04999923706055,0.0
2025-02-05,35.04999923706055,0.0
2025-02-06,36.45000076293945,0.0
2025-02-07,36.20000076293945,0.0
2025-02-10,35.650001525878906,0.0
2025-02-11,36.0,0.0
2025-02-12,36.04999923706055,0.0
2025-02-13,35.20000076293945,0.0
2025-02-14,35.400001525878906,0.0
2025-02-17,34.95000076293945,0.0
2025-02-18,34.79999923706055,0.0
2025-02-19,35.79999923706055,0.0
2025-02-20,35.25,0.0
2025-02-21,35.29999923706055,0.0
2025-02-24,35.599998474121094,0.0
2025-02-25,35.54999923706055,0.0
2025-02-26,35.599998474121094,0.0
2025-02-27,35.599998474121094,0.0
2025-03-03,35.20000076293945,0.0
2025-03-04,34.70000076293945,0.0
2025-03-05,34.95000076293945,0.0
2025-03-06,34.150001525878906,0.0
2025-03-07,34.29999923706055,0.0
2025-03-10,34.5,0.0
2025-03-11,34.5,0.0
2025-03-12,34.5,0.0
2025-03-13,34.400001525878906,0.0
2025-03-14,34.54999923706055,0.0
2025-03-17,34.54999923706055,0.0
2025-03-18,34.400001525878906,0.0
2025-03-19,34.20000076293945,0.0
2025-03-20,34.20000076293945,0.0
2025-03-21,34.29999923706055,0.0
2025-03-24,34.29999923706055,0.0
2025-03-25,33.900001525878906,0.0
2025-03-26,34.0,0.0
2025-03-27,34.20000076293945,0.0
2025-03-28,33.5,0.0
2025-03-31,32.79999923706055,0.0
2025-04-01,32.650001525878906,0.0
2025-04-02,32.150001525878906,0.0
2025-04-07,28.950000762939453,0.0
2025-04-08,27.39999961853028,0.0
2025-04-09,24.700000762939453,0.0
2025-04-10,27.049999237060547,0.0
2025-04-11,27.049999237060547,0.0
2025-04-14,27.0,0.0
2025-04-15,27.5,0.0
2025-04-16,27.89999961853028,0.0
2025-04-17,28.299999237060547,0.0
2025-04-18,29.0,0.0
2025-04-21,29.0,0.0
2025-04-22,28.049999237060547,0.0
2025-04-23,29.700000762939453,0.0
2025-04-24,29.950000762939453,0.0
2025-04-25,29.549999237060547,0.0
2025-04-28,30.0,0.0
2025-04-29,30.0,0.0
2025-04-30,30.0,0.0
2025-05-02,30.0,0.0
2025-05-05,30.0,0.0
2025-05-06,29.25,0.0
2025-05-07,29.5,0.0
2025-05-08,30.0,0.0
2025-05-09,30.0,0.0
2025-05-12,30.0,0.0
2025-05-13,29.200000762939453,0.0
2025-05-14,29.350000381469727,0.0
2025-05-15,29.100000381469727,0.0
2025-05-16,29.100000381469727,0.0
2025-05-19,29.799999237060547,0.0
2025-05-20,29.25,0.0
2025-05-21,29.25,0.0
2025-05-22,29.950000762939453,0.0
2025-05-23,28.950000762939453,0.0
2025-05-26,29.600000381469727,0.0
2025-05-27,29.600000381469727,0.0
2025-05-28,29.0,0.0
2025-05-29,29.0,0.0
2025-06-02,29.0,0.0
2025-06-03,29.0,0.0
2025-06-04,29.0,0.0
2025-06-05,29.0,0.0
2025-06-06,29.0,0.0
2025-06-09,28.549999237060547,0.0
2025-06-10,28.549999237060547,0.0
2025-06-11,30.0,0.0
2025-06-12,30.350000381469727,0.0
2025-06-13,29.799999237060547,0.0
2025-06-16,28.549999237060547,0.0
2025-06-17,29.049999237060547,0.0
2025-06-18,29.049999237060547,0.0
2025-06-19,27.700000762939453,0.0
2025-06-20,27.799999237060547,0.0
2025-06-23,28.299999237060547,0.0
2025-06-24,27.700000762939453,0.0
2025-06-25,28.100000381469727,0.0
2025-06-26,28.200000762939453,0.0
2025-06-27,28.200000762939453,0.0
2025-06-30,28.100000381469727,0.0
2025-07-01,28.100000381469727,0.0
2025-07-02,28.100000381469727,0.0
2025-07-03,28.100000381469727,0.0
2025-07-04,28.0,0.0
2025-07-07,28.75,0.0
2025-07-08,28.39999961853028,0.0
2025-07-09,28.5,0.0
2025-07-10,28.049999237060547,0.0
2025-07-11,28.64999961853028,0.0
2025-07-14,28.64999961853028,0.0
2025-07-15,28.64999961853028,0.0
2025-07-16,27.700000762939453,0.0
2025-07-17,28.100000381469727,0.0
2025-07-18,28.200000762939453,0.0
2025-07-21,27.64999961853028,0.0
2025-07-22,27.700000762939453,0.0
2025-07-23,27.950000762939453,0.0
2025-07-24,27.89999961853028,0.0
2025-07-25,27.89999961853028,0.0
2025-07-28,28.0,0.0
2025-07-29,28.0,0.0
2025-07-30,27.850000381469727,0.0
2025-07-31,27.299999237060547,0.0
2025-08-04,27.350000381469727,0.0
2025-08-05,27.850000381469727,0.0
2025-08-06,27.5,0.0
2025-08-07,27.5,0.0
2025-08-08,27.799999237060547,0.0
2025-08-11,27.350000381469727,0.0
2025-08-12,27.299999237060547,0.0
2025-08-13,27.350000381469727,0.0
2025-08-14,27.200000762939453,0.0
2025-08-15,27.350000381469727,0.0
2025-08-18,27.100000381469727,0.0
2025-08-19,27.450000762939453,0.0
2025-08-20,27.450000762939453,0.0
2025-08-21,27.450000762939453,0.0
2025-08-22,27.450000762939453,0.0
2025-08-25,27.450000762939453,0.0
2025-08-26,27.450000762939453,0.0
2025-08-27,27.450000762939453,0.0
2025-08-28,27.450000762939453,0.0
2025-08-29,27.39999961853028,0.0
2025-09-01,27.0,0.0
2025-09-02,26.89999961853028,0.0
2025-09-03,27.25,0.0
2025-09-04,26.299999237060547,0.0
2025-09-05,26.850000381469727,0.0
2025-09-08,27.25,0.0
2025-09-09,26.64999961853028,0.0
2025-09-10,26.25,0.0
2025-09-11,26.299999237060547,0.0
2025-09-12,27.100000381469727,0.0
2025-09-15,27.049999237060547,0.0
2025-09-16,26.600000381469727,0.0
2025-09-17,26.5,0.0
2025-09-18,26.549999237060547,0.0
2025-09-19,26.5,0.0
2025-09-22,26.549999237060547,0.0
2025-09-23,28.299999237060547,0.0
2025-09-24,27.799999237060547,0.0
2025-09-25,28.049999237060547,0.0
2025-09-26,28.14999961853028,0.0
2025-09-30,28.14999961853028,0.0
2025-10-01,27.25,0.0
2025-10-02,27.049999237060547,0.0
2025-10-03,26.89999961853028,0.0
2025-10-07,27.200000762939453,0.0
2025-10-08,26.549999237060547,0.0
2025-10-09,27.75,0.0
2025-10-13,27.75,0.0
2025-10-14,27.64999961853028,0.0
2025-10-15,26.75,0.0
2025-10-16,25.89999961853028,0.0
2025-10-17,26.450000762939453,0.0
2025-10-20,27.950000762939453,0.0
2025-10-21,26.549999237060547,0.0
2025-10-22,26.799999237060547,0.0
2025-10-23,28.0,0.0
2025-10-27,27.75,0.0
2025-10-28,26.200000762939453,0.0
2025-10-29,26.39999961853028,0.0
2025-10-30,26.75,0.0
2025-10-31,27.850000381469727,0.0
2025-11-03,27.049999237060547,0.0
2025-11-04,26.89999961853028,0.0
2025-11-05,27.100000381469727,0.0
2025-11-06,26.64999961853028,0.0
2025-11-07,25.350000381469727,0.0
2025-11-10,26.049999237060547,0.0
2025-11-11,26.64999961853028,0.0
2025-11-12,26.700000762939453,0.0
2025-11-13,25.5,0.0
2025-11-14,25.600000381469727,0.0
2025-11-17,25.64999961853028,0.0
2025-11-18,25.0,0.0
2025-11-19,24.850000381469727,0.0
2025-11-20,24.950000762939453,0.0
2025-11-21,26.450000762939453,0.0
2025-11-24,25.5,0.0
2025-11-25,25.64999961853028,0.0
2025-11-26,26.0,0.0
2025-11-27,26.0,0.0
2025-11-28,26.450000762939453,0.0
2025-12-01,26.450000762939453,0.0
2025-12-02,26.5,0.0
2025-12-03,25.39999961853028,0.0
2025-12-04,25.950000762939453,0.0
2025-12-05,25.850000381469727,0.0
2025-12-08,25.75,0.0
2025-12-09,25.799999237060547,0.0
2025-12-10,25.799999237060547,0.0
2025-12-11,25.799999237060547,0.0
2025-12-12,25.799999237060547,0.0
2025-12-15,25.850000381469727,0.0
2025-12-16,25.850000381469727,0.0
2025-12-17,25.850000381469727,0.0
2025-12-18,25.850000381469727,0.0
2025-12-19,25.5,0.0
2025-12-22,25.5,0.0
2025-12-23,25.350000381469727,0.0
2025-12-24,25.350000381469727,0.0
2025-12-26,25.350000381469727,0.0
2025-12-29,25.0,0.0
2025-12-30,24.600000381469727,0.0
2025-12-31,24.89999961853028,0.0
2026-01-02,24.89999961853028,0.0
2026-01-05,24.25,0.0
2026-01-06,24.25,0.0
2026-01-07,24.0,0.0
2026-01-08,24.5,0.0
2026-01-09,24.5,0.0
2026-01-12,24.200000762939453,0.0
2026-01-13,24.14999961853028,0.0
2026-01-14,24.64999961853028,0.0
2026-01-15,24.600000381469727,0.0
2026-01-16,24.5,0.0
2026-01-19,24.25,0.0
2026-01-20,24.350000381469727,0.0
2026-01-21,24.39999961853028,0.0
2026-01-22,24.0,0.0
2026-01-23,24.0,0.0
2026-01-26,23.950000762939453,0.0
2026-01-27,23.799999237060547,0.0
2026-01-28,23.700000762939453,0.0
2026-01-29,23.600000381469727,0.0
2026-01-30,23.299999237060547,0.0
2026-02-02,23.0,0.0
2026-02-03,23.0,0.0
2026-02-04,23.0,0.0
2026-02-05,22.5,0.0
2026-02-06,22.0,0.0
2026-02-09,22.0,0.0
2026-02-10,22.0,0.0
2026-02-11,21.950000762939453,0.0
2026-02-23,22.200000762939453,0.0
2026-02-24,21.64999961853028,0.0
2026-02-25,21.850000381469727,0.0
2026-02-26,22.350000381469727,0.0
2026-03-02,21.799999237060547,0.0
2026-03-03,20.0,0.0
2026-03-04,20.100000381469727,0.0
2026-03-05,20.600000381469727,0.0
2026-03-06,20.350000381469727,0.0
2026-03-09,21.200000762939453,0.0
2026-03-10,20.89999961853028,0.0
2026-03-11,20.89999961853028,0.0
2026-03-12,20.89999961853028,0.0
2026-03-13,20.89999961853028,0.0
2026-03-16,21.0,0.0
2026-03-17,20.450000762939453,0.0
2026-03-18,20.5,0.0
2026-03-19,20.5,0.0
2026-03-20,20.5,0.0
2026-03-23,20.0,0.0
2026-03-24,19.950000762939453,0.0
2026-03-25,20.0,0.0
2026-03-26,20.049999237060547,0.0
2026-03-27,20.25,0.0
2026-03-30,20.5,0.0
2026-03-31,20.450000762939453,0.0
2026-04-01,20.100000381469727,0.0
2026-04-02,20.450000762939453,0.0
2026-04-07,20.450000762939453,0.0
2026-04-08,20.5,0.0
2026-04-09,20.5,0.0
2026-04-10,20.450000762939453,0.0
2026-04-13,20.5,0.0
2026-04-14,20.450000762939453,0.0
2026-04-15,20.450000762939453,0.0
2026-04-16,20.450000762939453,0.0
2026-04-17,19.799999237060547,0.0
2026-04-20,19.5,0.0
2026-04-21,19.89999961853028,0.0
2026-04-22,19.89999961853028,0.0
2026-04-23,19.549999237060547,0.0
2026-04-24,19.850000381469727,0.0
2026-04-27,19.950000762939453,0.0
2026-04-28,19.950000762939453,0.0
2026-04-29,19.950000762939453,0.0
2026-04-30,19.600000381469727,0.0
2026-05-04,20.600000381469727,0.0
2026-05-05,20.0,0.0
2026-05-06,20.450000762939453,0.0
2026-05-07,20.799999237060547,0.0
2026-05-08,20.5,0.0
2026-05-11,20.049999237060547,0.0
2026-05-12,21.0,0.0
2026-05-13,21.0,0.0
2026-05-14,21.0,0.0
2026-05-15,21.0,0.0
2026-05-18,20.0,0.0
2026-05-19,20.0,0.0
2026-05-20,20.0,0.0
2026-05-21,20.0,0.0
2026-05-22,19.799999237060547,0.0
2026-05-25,19.950000762939453,0.0
2026-05-26,19.950000762939453,0.0
2026-05-27,19.950000762939453,0.0
2026-05-28,19.5,0.0
2026-05-29,20.0,0.0
2026-06-01,19.799999237060547,0.0
2026-06-02,20.5,0.0
2026-06-03,20.75,0.0
2026-06-04,20.75,0.0
2026-06-05,20.700000762939453,0.0
2026-06-08,21.100000381469727,0.0
2026-06-09,21.100000381469727,0.0
2026-06-10,20.5,0.0
2026-06-11,21.100000381469727,0.0
2026-06-12,21.049999237060547,0.0
2026-06-15,20.850000381469727,0.0
2026-06-16,20.5,0.0
2026-06-17,20.549999237060547,0.0
2026-06-18,21.14999961853028,0.0
2026-06-22,20.89999961853028,0.0
2026-06-23,20.89999961853028,0.0
2026-06-24,20.200000762939453,0.0
2026-06-25,20.5,0.0
2026-06-26,20.0,0.0
2026-06-29,20.350000381469727,0.0
2026-06-30,20.049999237060547,0.0
2026-07-01,20.0,0.0
2026-07-02,20.14999961853028,0.0
2026-07-03,20.5,0.0
2026-07-06,21.299999237060547,0.0
2026-07-07,20.950000762939453,0.0
2026-07-08,20.350000381469727,0.0
2026-07-09,20.5,0.0
2026-07-10,20.5,0.0
2026-07-13,20.200000762939453,0.0
2026-07-14,19.700000762939453,0.0
2026-07-15,19.950000762939453,0.0
2026-07-16,19.89999961853028,0.0
2026-07-17,19.0,0.0
2026-07-20,19.5,0.0
2026-07-21,19.39999961853028,0.0
2026-07-22,19.600000381469727,0.0
2026-07-23,19.200000762939453,0.0
2026-07-24,19.200000762939453,0.0
2026-07-27,19.200000762939453,0.0
2026-07-28,19.200000762939453,0.0
2026-07-29,19.200000762939453,0.0
2026-07-30,19.0,0.0
2026-07-31,19.5,0.0
2026-08-03,19.299999237060547,0.0
2026-08-04,19.600000381469727,0.0
2026-08-05,19.200000762939453,0.0
2026-08-06,19.14999961853028,0.0
2026-08-07,19.200000762939453,0.0
2026-08-10,19.0,0.0
2026-08-11,19.0,0.0
2026-08-12,18.549999237060547,0.0
2026-08-13,18.850000381469727,0.0
2026-08-14,18.75,0.0
2026-08-17,19.450000762939453,0.0
2026-08-18,19.5,0.0
2026-08-19,19.5,0.0
2026-08-20,19.450000762939453,0.0
2026-08-21,20.0,0.0
2026-08-24,20.0,0.0
2026-08-25,20.0,0.0
2026-08-26,19.950000762939453,0.0
2026-08-27,19.950000762939453,0.0
2026-08-28,19.049999237060547,0.0
2026-08-31,19.049999237060547,0.0
2026-09-01,19.0,0.0
