Date,Close,Dividends
2011-09-23,11.691797256469728,0.0
2011-09-26,11.172767639160156,0.0
2011-09-27,11.145450592041016,0.0
2011-09-28,11.145450592041016,0.0
2011-09-29,11.145450592041016,0.0
2011-09-30,10.59910488128662,0.0
2011-10-03,9.998125076293944,0.0
2011-10-04,9.39714527130127,0.0
2011-10-05,10.052760124206545,0.0
2011-10-06,10.107394218444824,0.0
2011-10-07,10.162029266357422,0.0
2011-10-11,10.872278213500977,0.0
2011-10-12,10.57178783416748,0.0
2011-10-13,10.618304252624512,0.0
2011-10-14,10.561216354370115,0.0
2011-10-17,10.561216354370115,0.0
2011-10-18,10.389952659606934,0.0
2011-10-19,10.389952659606934,0.0
2011-10-20,10.161602973937988,0.0
2011-10-21,10.218689918518066,0.0
2011-10-24,10.389952659606934,0.0
2011-10-25,11.01791763305664,0.0
2011-10-26,11.674426078796388,0.0
2011-10-27,11.217723846435549,0.0
2011-10-28,11.902775764465332,0.0
2011-10-31,11.645881652832031,0.0
2011-11-01,11.817145347595217,0.0
2011-11-02,11.588793754577637,0.0
2011-11-03,11.303356170654297,0.0
2011-11-04,11.474618911743164,0.0
2011-11-07,11.446075439453123,0.0
2011-11-08,11.331899642944336,0.0
2011-11-09,11.27481174468994,0.0
2011-11-10,10.78956699371338,0.0
2011-11-11,10.875198364257812,0.0
2011-11-14,10.989374160766602,0.0
2011-11-15,10.78956699371338,0.0
2011-11-16,10.761022567749023,0.0
2011-11-17,10.903741836547852,0.0
2011-11-18,10.846654891967772,0.0
2011-11-21,10.78956699371338,0.0
2011-11-22,10.475584983825684,0.0
2011-11-23,9.99034023284912,0.0
2011-11-24,10.0474271774292,0.0
2011-11-25,9.733445167541504,0.0
2011-11-28,9.819076538085938,0.0
2011-11-29,9.904707908630373,0.0
2011-11-30,9.733445167541504,0.0
2011-12-01,10.104515075683594,0.0
2011-12-02,10.27577781677246,0.0
2011-12-05,9.933252334594728,0.0
2011-12-06,9.819076538085938,0.0
2011-12-07,9.64781379699707,0.0
2011-12-08,9.419463157653809,0.0
2011-12-09,8.90567398071289,0.0
2011-12-12,9.134024620056152,0.0
2011-12-13,9.219655990600586,0.0
2011-12-14,9.219655990600586,0.0
2011-12-15,9.590725898742676,0.0
2011-12-16,9.333831787109377,0.0
2011-12-19,8.791499137878418,0.0
2011-12-20,8.791499137878418,0.0
2011-12-21,9.24820041656494,0.0
2011-12-22,9.876164436340332,0.0
2011-12-23,10.561216354370115,0.0
2011-12-26,11.07500457763672,0.0
2011-12-27,10.561216354370115,0.0
2011-12-28,10.846654891967772,0.0
2011-12-29,10.78956699371338,0.0
2011-12-30,10.618304252624512,0.0
2012-01-02,10.332865715026855,0.0
2012-01-03,10.447040557861328,0.0
2012-01-04,11.160636901855469,0.0
2012-01-05,11.303356170654297,0.0
2012-01-06,11.588793754577637,0.0
2012-01-09,11.531705856323242,0.0
2012-01-10,11.360443115234377,0.0
2012-01-11,11.189180374145508,0.0
2012-01-12,10.903741836547852,0.0
2012-01-13,10.846654891967772,0.0
2012-01-16,10.532671928405762,0.0
2012-01-17,11.13209342956543,0.0
2012-01-18,10.903741836547852,0.0
2012-01-30,11.189180374145508,0.0
2012-01-31,11.531705856323242,0.0
2012-02-01,11.531705856323242,0.0
2012-02-02,11.27481174468994,0.0
2012-02-03,12.04549503326416,0.0
2012-02-06,12.559284210205078,0.0
2012-02-07,13.073073387145996,0.0
2012-02-08,13.701037406921388,0.0
2012-02-09,13.41559886932373,0.0
2012-02-10,13.329968452453612,0.0
2012-02-13,14.243370056152344,0.0
2012-02-14,13.900843620300291,0.0
2012-02-15,14.871334075927734,0.0
2012-02-16,15.213859558105469,0.0
2012-02-17,15.413666725158691,0.0
2012-02-20,15.413666725158691,0.0
2012-02-21,14.842790603637695,0.0
2012-02-22,14.50026512145996,0.0
2012-02-23,14.357545852661133,0.0
2012-02-24,13.872300148010254,0.0
2012-02-29,14.842790603637695,0.0
2012-03-01,14.614439964294434,0.0
2012-03-02,14.671527862548828,0.0
2012-03-05,14.528807640075684,0.0
2012-03-06,13.701037406921388,0.0
2012-03-07,13.41559886932373,0.0
2012-03-08,13.586861610412598,0.0
2012-03-09,13.358510971069336,0.0
2012-03-12,13.015986442565918,0.0
2012-03-13,13.04452896118164,0.0
2012-03-14,13.78666877746582,0.0
2012-03-15,13.529773712158203,0.0
2012-03-16,13.472686767578123,0.0
2012-03-19,13.586861610412598,0.0
2012-03-20,13.643950462341309,0.0
2012-03-21,13.358510971069336,0.0
2012-03-22,13.472686767578123,0.0
2012-03-23,14.072107315063477,0.0
2012-03-26,14.443177223205566,0.0
2012-03-27,13.929388046264648,0.0
2012-03-28,13.986475944519045,0.0
2012-03-29,13.073073387145996,0.0
2012-03-30,13.13016128540039,0.0
2012-04-02,13.015986442565918,0.0
2012-04-03,12.15967082977295,0.0
2012-04-05,11.474618911743164,0.0
2012-04-06,11.902775764465332,0.0
2012-04-09,11.817145347595217,0.0
2012-04-10,11.817145347595217,0.0
2012-04-11,12.216757774353027,0.0
2012-04-12,12.102582931518556,0.0
2012-04-13,12.01695156097412,0.0
2012-04-16,11.988408088684082,0.0
2012-04-17,11.360443115234377,0.0
2012-04-18,11.360443115234377,0.0
2012-04-19,11.246268272399902,0.0
2012-04-20,11.189180374145508,0.0
2012-04-23,11.217723846435549,0.0
2012-04-24,11.13209342956543,0.0
2012-04-25,11.360443115234377,0.0
2012-04-26,11.246268272399902,0.0
2012-04-27,10.960829734802246,0.0
2012-04-30,10.960829734802246,0.0
2012-05-02,11.70296859741211,0.0
2012-05-03,11.588793754577637,0.0
2012-05-04,11.988408088684082,0.0
2012-05-07,11.76005744934082,0.0
2012-05-08,11.902775764465332,0.0
2012-05-09,11.70296859741211,0.0
2012-05-10,11.474618911743164,0.0
2012-05-11,11.189180374145508,0.0
2012-05-14,11.07500457763672,0.0
2012-05-15,11.41753101348877,0.0
2012-05-16,11.303356170654297,0.0
2012-05-17,11.303356170654297,0.0
2012-05-18,11.01791763305664,0.0
2012-05-21,11.01791763305664,0.0
2012-05-22,11.303356170654297,0.0
2012-05-23,11.41753101348877,0.0
2012-05-24,11.303356170654297,0.0
2012-05-25,11.303356170654297,0.0
2012-05-28,11.27481174468994,0.0
2012-05-29,11.76005744934082,0.0
2012-05-30,11.645881652832031,0.0
2012-05-31,11.845688819885254,0.0
2012-06-01,11.617338180541992,0.0
2012-06-04,11.01791763305664,0.0
2012-06-05,11.189180374145508,0.0
2012-06-06,11.474618911743164,0.0
2012-06-07,11.388986587524414,0.0
2012-06-08,11.303356170654297,0.0
2012-06-11,11.303356170654297,0.0
2012-06-12,11.246268272399902,0.0
2012-06-13,11.217723846435549,0.0
2012-06-14,11.246268272399902,0.0
2012-06-15,11.41753101348877,0.0
2012-06-18,11.845688819885254,0.0
2012-06-19,12.01695156097412,0.0
2012-06-20,12.730546951293944,0.0
2012-06-21,12.445109367370604,0.0
2012-06-22,12.530739784240724,0.0
2012-06-25,12.673460006713867,0.0
2012-06-26,12.102582931518556,0.0
2012-06-27,12.330933570861816,0.0
2012-06-28,12.15967082977295,0.0
2012-06-29,12.273845672607422,0.0
2012-07-02,12.673460006713867,0.0
2012-07-03,12.70200252532959,0.0
2012-07-04,12.616372108459473,0.0
2012-07-05,12.41656494140625,0.0
2012-07-06,12.273845672607422,0.0
2012-07-09,12.102582931518556,0.0
2012-07-10,11.874232292175291,0.0
2012-07-11,12.01695156097412,0.0
2012-07-12,11.845688819885254,0.0
2012-07-13,11.731513023376465,0.0
2012-07-16,11.617338180541992,0.0
2012-07-17,11.817145347595217,0.0
2012-07-18,11.70296859741211,0.0
2012-07-19,11.931320190429688,0.0
2012-07-20,11.845688819885254,0.0
2012-07-23,12.01695156097412,0.0
2012-07-24,11.78860092163086,0.0
2012-07-25,11.817145347595217,0.0
2012-07-26,11.817145347595217,0.0
2012-07-27,12.04549503326416,0.0
2012-07-30,12.074039459228516,0.0
2012-07-31,12.074039459228516,0.0
2012-08-01,12.15967082977295,0.0
2012-08-02,12.15967082977295,0.0
2012-08-03,11.959863662719728,0.0
2012-08-06,11.959863662719728,0.0
2012-08-07,11.874232292175291,0.0
2012-08-08,11.902775764465332,0.0
2012-08-09,11.988408088684082,0.0
2012-08-10,11.931320190429688,0.0
2012-08-13,11.874232292175291,0.0
2012-08-14,11.78860092163086,0.0
2012-08-15,11.731513023376465,0.0
2012-08-16,12.102582931518556,0.0
2012-08-17,12.074039459228516,0.0
2012-08-20,11.817145347595217,0.0
2012-08-21,12.445109367370604,0.0
2012-08-22,12.473652839660645,0.0
2012-08-23,12.644915580749512,0.0
2012-08-24,12.958897590637209,0.0
2012-08-27,13.529773712158203,0.0
2012-08-28,13.472686767578123,0.0
2012-08-29,13.529773712158203,0.0
2012-08-30,13.187249183654783,0.0
2012-08-31,13.244336128234863,0.0
2012-09-03,13.15870475769043,0.0
2012-09-04,13.13016128540039,0.0
2012-09-05,12.901809692382812,0.0
2012-09-06,13.03025722503662,0.062796
2012-09-07,12.998859405517578,0.0
2012-09-10,13.06165599822998,0.0
2012-09-11,13.06165599822998,0.0
2012-09-12,13.093053817749023,0.0
2012-09-13,13.093053817749023,0.0
2012-09-14,13.093053817749023,0.0
2012-09-17,13.124451637268066,0.0
2012-09-18,12.904664993286133,0.0
2012-09-19,12.873266220092772,0.0
2012-09-20,12.873266220092772,0.0
2012-09-21,13.752415657043455,0.0
2012-09-24,14.129195213317873,0.0
2012-09-25,14.28618621826172,0.0
2012-09-26,15.259531021118164,0.0
2012-09-27,14.976946830749512,0.0
2012-09-28,15.13393783569336,0.0
2012-10-01,15.196734428405762,0.0
2012-10-02,14.223389625549316,0.0
2012-10-03,14.348981857299805,0.0
2012-10-04,15.071141242980955,0.0
2012-10-05,15.636308670043944,0.0
2012-10-08,15.32232666015625,0.0
2012-10-09,14.851353645324709,0.0
2012-10-11,14.631566047668455,0.0
2012-10-12,14.69436264038086,0.0
2012-10-15,14.129195213317873,0.0
2012-10-16,14.47457504272461,0.0
2012-10-17,14.69436264038086,0.0
2012-10-18,14.72576141357422,0.0
2012-10-19,15.57351303100586,0.0
2012-10-22,16.20147705078125,0.0
2012-10-23,17.300413131713867,0.0
2012-10-24,16.20147705078125,0.0
2012-10-25,15.385123252868652,0.0
2012-10-26,14.47457504272461,0.0
2012-10-29,13.50123119354248,0.0
2012-10-30,14.191990852355955,0.0
2012-10-31,14.066397666931152,0.0
2012-11-01,14.066397666931152,0.0
2012-11-02,14.097797393798828,0.0
2012-11-05,14.537371635437012,0.0
2012-11-06,14.757159233093262,0.0
2012-11-07,15.259531021118164,0.0
2012-11-08,14.757159233093262,0.0
2012-11-09,14.819955825805664,0.0
2012-11-12,14.882752418518066,0.0
2012-11-13,14.317584037780762,0.0
2012-11-14,14.631566047668455,0.0
2012-11-15,14.317584037780762,0.0
2012-11-16,14.129195213317873,0.0
2012-11-19,13.50123119354248,0.0
2012-11-20,13.721017837524414,0.0
2012-11-21,13.187249183654783,0.0
2012-11-22,13.344240188598633,0.0
2012-11-23,13.752415657043455,0.0
2012-11-26,14.348981857299805,0.0
2012-11-27,14.568770408630373,0.0
2012-11-28,14.69436264038086,0.0
2012-11-29,14.380380630493164,0.0
2012-11-30,14.317584037780762,0.0
2012-12-03,14.191990852355955,0.0
2012-12-04,14.348981857299805,0.0
2012-12-05,14.72576141357422,0.0
2012-12-06,15.730504035949709,0.0
2012-12-07,16.327070236206055,0.0
2012-12-10,17.45740509033203,0.0
2012-12-11,18.650537490844727,0.0
2012-12-12,19.937864303588867,0.0
2012-12-13,21.319385528564453,0.0
2012-12-14,22.795101165771484,0.0
2012-12-17,24.36501121520996,0.0
2012-12-18,26.06051445007324,0.0
2012-12-19,27.787416458129883,0.0
2012-12-20,28.41538047790528,0.0
2012-12-21,27.63042640686035,0.0
2012-12-24,31.58660125732422,0.0
2012-12-25,29.38872528076172,0.0
2012-12-26,27.347841262817383,0.0
2012-12-27,25.46394920349121,0.0
2012-12-28,25.746532440185547,0.0
2013-01-02,24.867382049560547,0.0
2013-01-03,26.594284057617188,0.0
2013-01-04,26.594284057617188,0.0
2013-01-07,26.06051445007324,0.0
2013-01-08,27.00246238708496,0.0
2013-01-09,28.007204055786133,0.0
2013-01-10,27.88161277770996,0.0
2013-01-11,29.734106063842773,0.0
2013-01-14,29.765504837036133,0.0
2013-01-15,28.792160034179688,0.0
2013-01-16,27.69322204589844,0.0
2013-01-17,25.777931213378903,0.0
2013-01-18,26.93966484069824,0.0
2013-01-21,26.93966484069824,0.0
2013-01-22,28.823558807373047,0.0
2013-01-23,29.26313209533692,0.0
2013-01-24,27.944408416748047,0.0
2013-01-25,29.891096115112305,0.0
2013-01-28,29.26313209533692,0.0
2013-01-29,29.639911651611328,0.0
2013-01-30,29.137540817260746,0.0
2013-01-31,29.26313209533692,0.0
2013-02-01,29.106142044067383,0.0
2013-02-04,28.258390426635746,0.0
2013-02-05,28.352584838867188,0.0
2013-02-06,29.45152282714844,0.0
2013-02-18,29.16893768310547,0.0
2013-02-19,30.236478805541992,0.0
2013-02-20,32.34015655517578,0.0
2013-02-21,34.600830078125,0.0
2013-02-22,36.98709487915039,0.0
2013-02-25,39.87572860717773,0.0
2013-02-26,39.812931060791016,0.0
2013-02-27,37.677852630615234,0.0
2013-03-01,38.11742782592773,0.0
2013-03-04,35.47998046875,0.0
2013-03-05,37.677852630615234,0.0
2013-03-06,37.30107498168945,0.0
2013-03-07,37.48946380615234,0.0
2013-03-08,35.79396057128906,0.0
2013-03-11,36.359130859375,0.0
2013-03-12,38.87098693847656,0.0
2013-03-13,39.56174850463867,0.0
2013-03-14,38.933780670166016,0.0
2013-03-15,39.93852615356445,0.0
2013-03-18,38.933780670166016,0.0
2013-03-19,40.06411743164063,0.0
2013-03-20,42.8271598815918,0.0
2013-03-21,43.078346252441406,0.0
2013-03-22,41.885215759277344,0.0
2013-03-25,42.88995742797852,0.0
2013-03-26,43.078346252441406,0.0
2013-03-27,42.07360458374024,0.0
2013-03-28,42.701568603515625,0.0
2013-03-29,42.13639831542969,0.0
2013-04-01,39.624542236328125,0.0
2013-04-02,40.880470275878906,0.0
2013-04-03,42.199195861816406,0.0
2013-04-08,40.62928771972656,0.0
2013-04-09,41.00606536865234,0.0
2013-04-10,40.00132369995117,0.0
2013-04-11,39.75013732910156,0.0
2013-04-12,39.56174850463867,0.0
2013-04-15,37.11268615722656,0.0
2013-04-16,38.55700302124024,0.0
2013-04-17,37.99183654785156,0.0
2013-04-18,37.11268615722656,0.0
2013-04-19,36.98709487915039,0.0
2013-04-22,38.11742782592773,0.0
2013-04-23,37.92903900146485,0.0
2013-04-24,37.36387252807617,0.0
2013-04-25,36.73590850830078,0.0
2013-04-26,34.72642135620117,0.0
2013-04-29,33.91006851196289,0.0
2013-04-30,34.09845733642578,0.0
2013-05-02,36.48472213745117,0.0
2013-05-03,36.10794448852539,0.0
2013-05-06,34.97760772705078,0.0
2013-05-07,35.79396057128906,0.0
2013-05-08,35.73116683959961,0.0
2013-05-09,36.42192459106445,0.0
2013-05-10,37.30107498168945,0.0
2013-05-13,36.92429733276367,0.0
2013-05-14,38.43141174316406,0.0
2013-05-15,37.55226135253906,0.0
2013-05-16,38.933780670166016,0.0
2013-05-17,40.18971252441406,0.0
2013-05-20,39.87572860717773,0.0
2013-05-21,39.56174850463867,0.0
2013-05-22,37.11268615722656,0.0
2013-05-23,36.92429733276367,0.0
2013-05-24,36.610313415527344,0.0
2013-05-27,36.23353576660156,0.0
2013-05-28,36.48472213745117,0.0
2013-05-29,36.23353576660156,0.0
2013-05-30,36.73590850830078,0.0
2013-05-31,36.610313415527344,0.0
2013-06-03,35.79396057128906,0.0
2013-06-04,35.79396057128906,0.0
2013-06-05,34.72642135620117,0.0
2013-06-06,33.7216796875,0.0
2013-06-07,34.34964370727539,0.0
2013-06-10,35.85675811767578,0.0
2013-06-11,34.97760772705078,0.0
2013-06-13,34.41244125366211,0.0
2013-06-14,34.47523498535156,0.0
2013-06-17,36.86149978637695,0.0
2013-06-18,36.04514694213867,0.0
2013-06-19,35.16599655151367,0.0
2013-06-20,34.41244125366211,0.0
2013-06-21,33.59608459472656,0.0
2013-06-24,33.2821044921875,0.0
2013-06-25,31.14702606201172,0.0
2013-06-26,31.39821052551269,0.0
2013-06-27,30.770246505737305,0.0
2013-06-28,28.94915008544922,0.0
2013-07-01,30.770246505737305,0.0
2013-07-02,29.70270729064941,0.0
2013-07-03,29.734106063842773,0.0
2013-07-04,28.03860282897949,0.0
2013-07-05,26.37449836730957,0.0
2013-07-08,24.553401947021484,0.0
2013-07-09,25.809329986572266,0.0
2013-07-10,25.43255043029785,0.0
2013-07-11,25.11856842041016,0.0
2013-07-12,26.87686920166016,0.0
2013-07-15,28.72936248779297,0.0
2013-07-16,29.38872528076172,0.0
2013-07-17,29.106142044067383,0.0
2013-07-18,29.4829216003418,0.0
2013-07-19,28.57237243652344,0.0
2013-07-22,27.88161277770996,0.0
2013-07-23,28.6037712097168,0.0
2013-07-24,28.258390426635746,0.0
2013-07-25,27.12805557250977,0.0
2013-07-26,27.12805557250977,0.0
2013-07-29,27.63042640686035,0.0
2013-07-30,28.03860282897949,0.0
2013-07-31,29.922494888305664,0.0
2013-08-01,29.32592964172364,0.0
2013-08-02,29.57711410522461,0.0
2013-08-05,28.50957679748535,0.0
2013-08-06,29.38872528076172,0.0
2013-08-07,28.69796562194824,0.0
2013-08-08,28.44677925109864,0.0
2013-08-09,27.88161277770996,0.0
2013-08-12,27.88161277770996,0.0
2013-08-13,27.75601959228516,0.0
2013-08-14,27.75601959228516,0.0
2013-08-15,28.132797241210938,0.0
2013-08-16,27.787416458129883,0.0
2013-08-19,27.4106388092041,0.0
2013-08-20,26.06051445007324,0.0
2013-08-22,26.37449836730957,0.0
2013-08-23,26.688480377197266,0.0
2013-08-26,27.567630767822266,0.0
2013-08-27,26.688480377197266,0.0
2013-08-28,27.253646850585938,0.0
2013-08-29,27.347841262817383,0.0
2013-08-30,27.065258026123047,0.0
2013-09-02,27.253646850585938,0.0
2013-09-03,29.137540817260746,0.0
2013-09-04,30.45626449584961,0.0
2013-09-05,31.712194442749023,0.0
2013-09-06,32.71693420410156,0.0
2013-09-09,30.45626449584961,0.0
2013-09-10,30.079486846923828,0.0
2013-09-11,31.96337890625,0.0
2013-09-12,31.272619247436523,0.0
2013-09-13,30.833044052124023,0.0
2013-09-16,30.990034103393555,0.0
2013-09-17,31.241220474243164,0.0
2013-09-18,32.02617645263672,0.0
2013-09-23,33.47049331665039,0.0
2013-09-24,33.09371566772461,0.0
2013-09-25,32.65414047241211,0.0
2013-09-26,31.712194442749023,0.0
2013-09-27,31.712194442749023,0.0
2013-09-30,31.77499008178711,0.0
2013-10-01,31.36681365966797,0.0
2013-10-02,30.958635330200195,0.0
2013-10-03,31.712194442749023,0.0
2013-10-04,32.34015655517578,0.0
2013-10-07,32.65414047241211,0.0
2013-10-08,31.96337890625,0.0
2013-10-09,32.08897018432617,0.0
2013-10-11,31.46100807189941,0.0
2013-10-14,29.985292434692383,0.0
2013-10-15,30.801645278930664,0.0
2013-10-16,30.864442825317383,0.0
2013-10-17,30.58185768127441,0.0
2013-10-18,30.89583969116211,0.0
2013-10-21,30.92723846435547,0.0
2013-10-22,30.89583969116211,0.0
2013-10-23,32.02617645263672,0.0
2013-10-24,32.59134292602539,0.0
2013-10-25,32.46575164794922,0.0
2013-10-28,31.837785720825195,0.0
2013-10-29,31.712194442749023,0.0
2013-10-30,32.02617645263672,0.0
2013-10-31,31.837785720825195,0.0
2013-11-01,30.67605209350586,0.0
2013-11-04,29.137540817260746,0.0
2013-11-05,30.14228248596192,0.0
2013-11-06,31.58660125732422,0.0
2013-11-07,31.649396896362305,0.0
2013-11-08,31.14702606201172,0.0
2013-11-11,30.990034103393555,0.0
2013-11-12,30.29927444458008,0.0
2013-11-13,30.362070083618164,0.0
2013-11-14,30.45626449584961,0.0
2013-11-15,30.70745086669922,0.0
2013-11-18,31.39821052551269,0.0
2013-11-19,31.649396896362305,0.0
2013-11-20,31.209821701049805,0.0
2013-11-21,30.519062042236328,0.0
2013-11-22,30.519062042236328,0.0
2013-11-25,30.864442825317383,0.0
2013-11-26,30.70745086669922,0.0
2013-11-27,31.05283164978028,0.0
2013-11-28,31.14702606201172,0.0
2013-11-29,32.02617645263672,0.0
2013-12-02,31.77499008178711,0.0
2013-12-03,31.11562728881836,0.0
2013-12-04,30.45626449584961,0.0
2013-12-05,30.89583969116211,0.0
2013-12-06,30.519062042236328,0.0
2013-12-09,29.79690361022949,0.0
2013-12-10,29.70270729064941,0.0
2013-12-11,29.57711410522461,0.0
2013-12-12,29.200336456298828,0.0
2013-12-13,29.106142044067383,0.0
2013-12-16,28.44677925109864,0.0
2013-12-17,28.69796562194824,0.0
2013-12-18,29.32592964172364,0.0
2013-12-19,28.98054885864257,0.0
2013-12-20,28.760761260986328,0.0
2013-12-23,28.760761260986328,0.0
2013-12-24,28.98054885864257,0.0
2013-12-25,28.823558807373047,0.0
2013-12-26,28.50957679748535,0.0
2013-12-27,28.635168075561523,0.0
2013-12-30,28.69796562194824,0.0
2013-12-31,28.383983612060547,0.0
2014-01-02,28.635168075561523,0.0
2014-01-03,27.81881523132324,0.0
2014-01-06,26.437294006347656,0.0
2014-01-07,26.8454704284668,0.0
2014-01-08,26.87686920166016,0.0
2014-01-09,26.06051445007324,0.0
2014-01-10,25.777931213378903,0.0
2014-01-13,25.11856842041016,0.0
2014-01-14,24.678993225097656,0.0
2014-01-15,26.405895233154297,0.0
2014-01-16,26.37449836730957,0.0
2014-01-17,25.93492317199707,0.0
2014-01-20,25.746532440185547,0.0
2014-01-21,25.840728759765625,0.0
2014-01-22,26.31170082092285,0.0
2014-01-23,26.06051445007324,0.0
2014-01-24,25.746532440185547,0.0
2014-01-27,25.43255043029785,0.0
2014-02-05,25.558143615722656,0.0
2014-02-06,26.56288719177246,0.0
2014-02-07,26.12331199645996,0.0
2014-02-10,26.12331199645996,0.0
2014-02-11,27.913009643554688,0.0
2014-02-12,27.567630767822266,0.0
2014-02-13,28.854955673217773,0.0
2014-02-14,28.321186065673828,0.0
2014-02-17,28.72936248779297,0.0
2014-02-18,29.011947631835938,0.0
2014-02-19,30.330671310424805,0.0
2014-02-20,29.82830047607422,0.0
2014-02-21,30.26787567138672,0.0
2014-02-24,31.58660125732422,0.0
2014-02-25,31.58660125732422,0.0
2014-02-26,31.241220474243164,0.0
2014-02-27,30.45626449584961,0.0
2014-03-03,30.236478805541992,0.0
2014-03-04,29.985292434692383,0.0
2014-03-05,31.241220474243164,0.0
2014-03-06,30.6446533203125,0.0
2014-03-07,29.639911651611328,0.0
2014-03-10,29.734106063842773,0.0
2014-03-11,29.985292434692383,0.0
2014-03-12,29.38872528076172,0.0
2014-03-13,31.02143287658692,0.0
2014-03-14,30.770246505737305,0.0
2014-03-17,32.59134292602539,0.0
2014-03-18,32.21456527709961,0.0
2014-03-19,31.58660125732422,0.0
2014-03-20,30.519062042236328,0.0
2014-03-21,29.79690361022949,0.0
2014-03-24,29.137540817260746,0.0
2014-03-25,30.330671310424805,0.0
2014-03-26,30.770246505737305,0.0
2014-03-27,30.393468856811523,0.0
2014-03-28,29.70270729064941,0.0
2014-03-31,30.6446533203125,0.0
2014-04-01,31.272619247436523,0.0
2014-04-02,30.770246505737305,0.0
2014-04-03,30.48766326904297,0.0
2014-04-07,30.01668930053711,0.0
2014-04-08,30.770246505737305,0.0
2014-04-09,30.393468856811523,0.0
2014-04-10,30.45626449584961,0.0
2014-04-11,30.45626449584961,0.0
2014-04-14,29.200336456298828,0.0
2014-04-15,29.42012405395508,0.0
2014-04-16,29.42012405395508,0.0
2014-04-17,31.39821052551269,0.0
2014-04-18,30.58185768127441,0.0
2014-04-21,31.90058326721192,0.0
2014-04-22,31.5238037109375,0.0
2014-04-23,33.7216796875,0.0
2014-04-24,35.41718292236328,0.0
2014-04-25,35.79396057128906,0.0
2014-04-28,38.24302291870117,0.0
2014-04-29,39.624542236328125,0.0
2014-04-30,39.436153411865234,0.0
2014-05-02,41.82241821289063,0.0
2014-05-05,39.87572860717773,0.0
2014-05-06,40.00132369995117,0.0
2014-05-07,41.9480094909668,0.0
2014-05-08,40.18971252441406,0.0
2014-05-09,38.49420547485352,0.0
2014-05-12,36.86149978637695,0.0
2014-05-13,39.436153411865234,0.0
2014-05-14,39.812931060791016,0.0
2014-05-15,39.05937576293945,0.0
2014-05-16,40.754878997802734,0.0
2014-05-19,40.754878997802734,0.0
2014-05-20,39.436153411865234,0.0
2014-05-21,40.126914978027344,0.0
2014-05-22,42.199195861816406,0.0
2014-05-23,42.32478713989258,0.0
2014-05-26,41.25725173950195,0.0
2014-05-27,44.08308792114258,0.0
2014-05-28,46.02977752685547,0.0
2014-05-29,45.087833404541016,0.0
2014-05-30,45.33901977539063,0.0
2014-06-03,45.0250358581543,0.0
2014-06-04,44.397071838378906,0.0
2014-06-05,43.45512390136719,0.0
2014-06-06,45.52740859985352,0.0
2014-06-09,47.03451919555664,0.0
2014-06-10,46.40655517578125,0.0
2014-06-11,47.09731674194336,0.0
2014-06-12,47.97646713256836,0.0
2014-06-13,49.92315673828125,0.0
2014-06-16,52.49781036376953,0.0
2014-06-17,50.67671585083008,0.0
2014-06-18,49.10680389404297,0.0
2014-06-19,49.98595428466797,0.0
2014-06-20,49.92315673828125,0.0
2014-06-23,49.29519271850586,0.0
2014-06-24,49.60917282104492,0.0
2014-06-25,52.74899673461914,0.0
2014-06-26,52.12103271484375,0.0
2014-06-27,51.05349349975586,0.0
2014-06-30,51.7442512512207,0.0
2014-07-01,50.11154556274414,0.0
2014-07-02,48.79281997680664,0.0
2014-07-03,49.79756546020508,0.0
2014-07-04,50.11154556274414,0.0
2014-07-07,50.73950958251953,0.0
2014-07-08,49.73476791381836,0.0
2014-07-09,51.86984634399414,0.0
2014-07-10,51.61865997314453,0.0
2014-07-11,49.16959762573242,0.0
2014-07-14,49.16959762573242,0.0
2014-07-15,49.10680389404297,0.0
2014-07-16,47.03451919555664,0.0
2014-07-17,46.46935272216797,0.0
2014-07-18,48.47883987426758,0.0
2014-07-21,48.98120880126953,0.0
2014-07-22,49.10680389404297,0.0
2014-07-23,49.10680389404297,0.0
2014-07-24,50.86510467529297,0.0
2014-07-25,49.23239517211914,0.0
2014-07-28,45.84138870239258,0.0
2014-07-29,45.59020233154297,0.0
2014-07-30,43.957496643066406,0.0
2014-07-31,44.64825820922852,0.0
2014-08-01,43.39232635498047,0.0
2014-08-04,41.5084342956543,0.0
2014-08-05,42.01080703735352,0.0
2014-08-06,39.12217330932617,0.0
2014-08-07,36.42192459106445,0.0
2014-08-08,38.933780670166016,0.0
2014-08-11,41.63402938842773,0.0
2014-08-12,41.13165664672852,0.0
2014-08-13,42.8271598815918,0.0
2014-08-14,41.69682312011719,0.0
2014-08-15,38.80818939208984,0.0
2014-08-18,36.10794448852539,0.0
2014-08-19,38.61980056762695,0.0
2014-08-20,38.43141174316406,0.0
2014-08-21,39.87572860717773,0.0
2014-08-22,41.75962066650391,0.0
2014-08-25,44.533966064453125,0.125593
2014-08-26,47.64615631103516,0.0
2014-08-27,47.49795913696289,0.0
2014-08-28,47.34975814819336,0.0
2014-08-29,48.683555603027344,0.0
2014-09-01,49.05405426025391,0.0
2014-09-02,47.94255828857422,0.0
2014-09-03,47.64615631103516,0.0
2014-09-04,48.16485595703125,0.0
2014-09-05,48.09075546264648,0.0
2014-09-09,47.64615631103516,0.0
2014-09-10,46.756961822509766,0.0
2014-09-11,45.79366302490234,0.0
2014-09-12,44.459869384765625,0.0
2014-09-15,46.60876083374024,0.0
2014-09-16,47.423858642578125,0.0
2014-09-17,46.9792594909668,0.0
2014-09-18,46.31236267089844,0.0
2014-09-19,48.53535461425781,0.0
2014-09-22,49.12815475463867,0.0
2014-09-23,48.16485595703125,0.0
2014-09-24,47.423858642578125,0.0
2014-09-25,47.423858642578125,0.0
2014-09-26,46.83106231689453,0.0
2014-09-29,47.572059631347656,0.0
2014-09-30,46.83106231689453,0.0
2014-10-01,46.756961822509766,0.0
2014-10-02,46.53466033935547,0.0
2014-10-03,46.46056365966797,0.0
2014-10-06,47.12746047973633,0.0
2014-10-07,46.09006118774414,0.0
2014-10-08,44.08937072753906,0.0
2014-10-09,42.97787094116211,0.0
2014-10-13,40.087982177734375,0.0
2014-10-14,40.45848083496094,0.0
2014-10-15,39.27288436889648,0.0
2014-10-16,38.38368606567383,0.0
2014-10-17,36.64234161376953,0.0
2014-10-20,36.60528945922852,0.0
2014-10-21,39.12468338012695,0.0
2014-10-22,39.05058288574219,0.0
2014-10-23,37.71678924560547,0.0
2014-10-24,37.346290588378906,0.0
2014-10-27,34.7527961730957,0.0
2014-10-28,35.97544479370117,0.0
2014-10-29,38.01318740844727,0.0
2014-10-30,37.49448776245117,0.0
2014-10-31,37.86498641967773,0.0
2014-11-03,37.86498641967773,0.0
2014-11-04,37.04988861083984,0.0
2014-11-05,36.494140625,0.0
2014-11-06,35.123294830322266,0.0
2014-11-07,34.97509765625,0.0
2014-11-10,34.86394500732422,0.0
2014-11-11,37.04988861083984,0.0
2014-11-12,36.04954147338867,0.0
2014-11-13,36.45709228515625,0.0
2014-11-14,36.23479080200195,0.0
2014-11-17,35.19739532470703,0.0
2014-11-18,33.71540069580078,0.0
2014-11-19,33.71540069580078,0.0
2014-11-20,35.567893981933594,0.0
2014-11-21,34.86394500732422,0.0
2014-11-24,34.86394500732422,0.0
2014-11-25,36.67938995361328,0.0
2014-11-26,37.198089599609375,0.0
2014-11-27,36.568241119384766,0.0
2014-11-28,36.67938995361328,0.0
2014-12-01,37.79088592529297,0.0
2014-12-02,39.86568069458008,0.0
2014-12-03,41.64407730102539,0.0
2014-12-04,40.754878997802734,0.0
2014-12-05,41.49587631225586,0.0
2014-12-08,42.08867645263672,0.0
2014-12-09,40.903076171875,0.0
2014-12-10,40.903076171875,0.0
2014-12-11,40.903076171875,0.0
2014-12-12,42.16277313232422,0.0
2014-12-15,41.49587631225586,0.0
2014-12-16,40.8289794921875,0.0
2014-12-17,39.93978118896485,0.0
2014-12-18,39.56928253173828,0.0
2014-12-19,38.16138458251953,0.0
2014-12-22,40.23617935180664,0.0
2014-12-23,39.56928253173828,0.0
2014-12-24,39.56928253173828,0.0
2014-12-25,39.34698486328125,0.0
2014-12-26,42.08867645263672,0.0
2014-12-29,41.19947814941406,0.0
2014-12-30,41.34767532348633,0.0
2014-12-31,41.64407730102539,0.0
2015-01-05,41.49587631225586,0.0
2015-01-06,40.01388168334961,0.0
2015-01-07,40.087982177734375,0.0
2015-01-08,39.34698486328125,0.0
2015-01-09,39.42108154296875,0.0
2015-01-12,39.93978118896485,0.0
2015-01-13,39.56928253173828,0.0
2015-01-14,39.49518203735352,0.0
2015-01-15,39.12468338012695,0.0
2015-01-16,38.16138458251953,0.0
2015-01-19,37.86498641967773,0.0
2015-01-20,38.457786560058594,0.0
2015-01-21,38.2354850769043,0.0
2015-01-22,38.457786560058594,0.0
2015-01-23,39.56928253173828,0.0
2015-01-26,39.19878387451172,0.0
2015-01-27,41.1253776550293,0.0
2015-01-28,40.16207885742188,0.0
2015-01-29,40.01388168334961,0.0
2015-01-30,39.64338302612305,0.0
2015-02-02,39.27288436889648,0.0
2015-02-03,39.42108154296875,0.0
2015-02-04,38.97648239135742,0.0
2015-02-05,39.05058288574219,0.0
2015-02-06,39.34698486328125,0.0
2015-02-09,40.53257751464844,0.0
2015-02-10,40.6103744506836,0.0
2015-02-11,40.53389739990234,0.0
2015-02-12,40.53389739990234,0.0
2015-02-13,42.29291534423828,0.0
2015-02-24,42.44587326049805,0.0
2015-02-25,42.98122787475586,0.0
2015-02-26,42.67530822753906,0.0
2015-03-02,41.98699951171875,0.0
2015-03-03,41.6046028137207,0.0
2015-03-04,41.83404159545898,0.0
2015-03-05,41.6046028137207,0.0
2015-03-06,41.75756072998047,0.0
2015-03-09,41.145729064941406,0.0
2015-03-10,41.06924819946289,0.0
2015-03-11,40.68685531616211,0.0
2015-03-12,41.75756072998047,0.0
2015-03-13,42.29291534423828,0.0
2015-03-16,42.29291534423828,0.0
2015-03-17,41.91051864624024,0.0
2015-03-18,41.83404159545898,0.0
2015-03-19,41.68108367919922,0.0
2015-03-20,44.58728790283203,0.0
2015-03-23,43.05770492553711,0.0
2015-03-24,42.59883117675781,0.0
2015-03-25,41.45164489746094,0.0
2015-03-26,41.06924819946289,0.0
2015-03-27,41.222206115722656,0.0
2015-03-30,39.46318817138672,0.0
2015-03-31,40.1515007019043,0.0
2015-04-01,39.2337532043457,0.0
2015-04-02,39.38671112060547,0.0
2015-04-07,39.845584869384766,0.0
2015-04-08,37.551212310791016,0.0
2015-04-09,37.39825439453125,0.0
2015-04-10,35.8304328918457,0.0
2015-04-13,36.70994567871094,0.0
2015-04-14,36.93938064575195,0.0
2015-04-15,37.32177734375,0.0
2015-04-16,36.78642272949219,0.0
2015-04-17,36.059871673583984,0.0
2015-04-20,36.02163314819336,0.0
2015-04-21,35.48627853393555,0.0
2015-04-22,35.945152282714844,0.0
2015-04-23,35.868675231933594,0.0
2015-04-24,35.79219436645508,0.0
2015-04-27,37.16881942749024,0.0
2015-04-28,36.251068115234375,0.0
2015-04-29,35.945152282714844,0.0
2015-04-30,36.1363525390625,0.0
2015-05-04,35.983394622802734,0.0
2015-05-05,36.02163314819336,0.0
2015-05-06,38.39248275756836,0.0
2015-05-07,36.67170333862305,0.0
2015-05-08,36.51874542236328,0.0
2015-05-11,34.950923919677734,0.0
2015-05-12,35.48627853393555,0.0
2015-05-13,35.065643310546875,0.0
2015-05-14,35.1038818359375,0.0
2015-05-15,34.33909225463867,0.0
2015-05-18,32.0064811706543,0.0
2015-05-19,33.61254119873047,0.0
2015-05-20,33.42134475708008,0.0
2015-05-21,34.56853103637695,0.0
2015-05-22,34.6450080871582,0.0
2015-05-25,34.109657287597656,0.0
2015-05-26,33.574302673339844,0.0
2015-05-27,33.803741455078125,0.0
2015-05-28,33.91845703125,0.0
2015-05-29,34.41557312011719,0.0
2015-06-01,33.84197998046875,0.0
2015-06-02,33.803741455078125,0.0
2015-06-03,33.49782180786133,0.0
2015-06-04,32.35063934326172,0.0
2015-06-05,31.89176368713379,0.0
2015-06-08,30.97401428222656,0.0
2015-06-09,28.144290924072266,0.0
2015-06-10,30.8210563659668,0.0
2015-06-11,31.088733673095703,0.0
2015-06-12,31.394649505615234,0.0
2015-06-15,30.89753532409668,0.0
2015-06-16,30.59161949157715,0.0
2015-06-17,30.97401428222656,0.0
2015-06-18,31.088733673095703,0.0
2015-06-22,30.78281784057617,0.0
2015-06-23,30.8210563659668,0.0
2015-06-24,31.394649505615234,0.0
2015-06-25,33.11542892456055,0.0
2015-06-26,32.65655517578125,0.0
2015-06-29,31.547607421875,0.0
2015-06-30,31.968242645263672,0.0
2015-07-01,32.885990142822266,0.0
2015-07-02,32.771270751953125,0.0
2015-07-03,33.34486389160156,0.0
2015-07-06,33.26838684082031,0.0
2015-07-07,33.65078353881836,0.0
2015-07-08,32.96247100830078,0.0
2015-07-09,32.388877868652344,0.0
2015-07-10,32.388877868652344,0.0
2015-07-13,33.30662536621094,0.0
2015-07-14,33.61254119873047,0.0
2015-07-15,33.42134475708008,0.0
2015-07-16,34.03317642211914,0.0
2015-07-17,34.79796600341797,0.0
2015-07-20,34.186134338378906,0.0
2015-07-21,33.49782180786133,0.0
2015-07-22,33.574302673339844,0.0
2015-07-23,32.465354919433594,0.0
2015-07-24,31.93000221252441,0.0
2015-07-27,29.67387008666992,0.0
2015-07-28,30.20922470092773,0.0
2015-07-29,30.74457740783692,0.0
2015-07-30,30.78281784057617,0.0
2015-07-31,30.0945053100586,0.0
2015-08-03,29.788589477539062,0.0
2015-08-04,27.379499435424805,0.0
2015-08-05,28.06781005859375,0.0
2015-08-06,26.920625686645508,0.0
2015-08-07,26.155834197998047,0.0
2015-08-10,27.76189422607422,0.0
2015-08-11,26.767667770385746,0.0
2015-08-12,26.38527107238769,0.0
2015-08-13,26.538230895996094,0.0
2015-08-14,26.729427337646484,0.0
2015-08-17,26.04111671447754,0.0
2015-08-18,24.09090042114257,0.0
2015-08-19,22.63779830932617,0.0
2015-08-20,24.473295211791992,0.0
2015-08-21,23.020193099975582,0.0
2015-08-24,21.25735092163086,0.076479
2015-08-25,22.507783889770508,0.0
2015-08-26,22.54946517944336,0.0
2015-08-27,23.34140586853028,0.0
2015-08-28,23.79989624023437,0.0
2015-08-31,24.42511367797852,0.0
2015-09-01,24.17502784729004,0.0
2015-09-02,25.50882148742676,0.0
2015-09-03,25.55050277709961,0.0
2015-09-04,25.38377952575684,0.0
2015-09-07,26.50916862487793,0.0
2015-09-08,26.25908088684082,0.0
2015-09-09,26.55084991455078,0.0
2015-09-10,28.051368713378903,0.0
2015-09-11,27.634557723999023,0.0
2015-09-14,27.759599685668945,0.0
2015-09-15,27.759599685668945,0.0
2015-09-16,29.84365463256836,0.0
2015-09-17,29.343481063842773,0.0
2015-09-18,30.385507583618164,0.0
2015-09-21,29.84365463256836,0.0
2015-09-22,29.84365463256836,0.0
2015-09-23,30.01037979125977,0.0
2015-09-24,28.426498413085938,0.0
2015-09-25,29.30179977416992,0.0
2015-09-29,29.30179977416992,0.0
2015-09-30,30.17710304260254,0.0
2015-10-01,30.302146911621094,0.0
2015-10-02,29.927017211914062,0.0
2015-10-05,29.760292053222656,0.0
2015-10-06,29.0100326538086,0.0
2015-10-07,29.84365463256836,0.0
2015-10-08,28.884990692138672,0.0
2015-10-12,28.63490295410156,0.0
2015-10-13,29.051713943481445,0.0
2015-10-14,28.968351364135746,0.0
2015-10-15,28.801626205444336,0.0
2015-10-16,29.67692947387696,0.0
2015-10-19,29.51020622253418,0.0
2015-10-20,30.09374046325684,0.0
2015-10-21,29.55188751220703,0.0
2015-10-22,29.88533592224121,0.0
2015-10-23,30.21878433227539,0.0
2015-10-26,30.01037979125977,0.0
2015-10-27,29.801973342895508,0.0
2015-10-28,31.71930313110352,0.0
2015-10-29,31.010725021362305,0.0
2015-10-30,31.26081085205078,0.0
2015-11-02,31.88602638244629,0.0
2015-11-03,31.969390869140625,0.0
2015-11-04,31.760984420776367,0.0
2015-11-05,31.969390869140625,0.0
2015-11-06,31.010725021362305,0.0
2015-11-09,29.718610763549805,0.0
2015-11-10,29.718610763549805,0.0
2015-11-11,28.843307495117188,0.0
2015-11-12,29.26011848449707,0.0
2015-11-13,29.51020622253418,0.0
2015-11-16,29.6352481842041,0.0
2015-11-17,30.343826293945312,0.0
2015-11-18,30.88568115234375,0.0
2015-11-19,31.26081085205078,0.0
2015-11-20,31.80266571044922,0.0
2015-11-23,31.80266571044922,0.0
2015-11-24,31.010725021362305,0.0
2015-11-25,32.51124572753906,0.0
2015-11-26,33.26150131225586,0.0
2015-11-27,32.42788314819336,0.0
2015-11-30,31.80266571044922,0.0
2015-12-01,32.761329650878906,0.0
2015-12-02,32.88637161254883,0.0
2015-12-03,35.88740921020508,0.0
2015-12-04,35.05379104614258,0.0
2015-12-07,34.970428466796875,0.0
2015-12-08,35.84572982788086,0.0
2015-12-09,33.17814254760742,0.0
2015-12-10,33.76167678833008,0.0
2015-12-11,31.677621841430664,0.0
2015-12-14,31.677621841430664,0.0
2015-12-15,32.92805480957031,0.0
2015-12-16,32.51124572753906,0.0
2015-12-17,33.09477996826172,0.0
2015-12-18,32.6779670715332,0.0
2015-12-21,32.51124572753906,0.0
2015-12-22,32.55292510986328,0.0
2015-12-23,32.5946044921875,0.0
2015-12-24,31.71930313110352,0.0
2015-12-25,31.84434509277344,0.0
2015-12-28,31.677621841430664,0.0
2015-12-29,31.385854721069336,0.0
2015-12-30,32.71965026855469,0.0
2015-12-31,32.55292510986328,0.0
2016-01-04,31.677621841430664,0.0
2016-01-05,31.17744827270508,0.0
2016-01-06,30.9273624420166,0.0
2016-01-07,29.385162353515625,0.0
2016-01-08,30.302146911621094,0.0
2016-01-11,29.093395233154297,0.0
2016-01-12,27.84296226501465,0.0
2016-01-13,28.426498413085938,0.0
2016-01-14,28.093048095703125,0.0
2016-01-15,28.843307495117188,0.0
2016-01-18,29.88533592224121,0.0
2016-01-19,29.6352481842041,0.0
2016-01-20,28.343135833740234,0.0
2016-01-21,27.92632484436035,0.0
2016-01-22,27.8846435546875,0.0
2016-01-25,28.25977325439453,0.0
2016-01-26,28.00968742370605,0.0
2016-01-27,27.50951385498047,0.0
2016-01-28,27.17606544494629,0.0
2016-01-29,27.92632484436035,0.0
2016-02-01,28.134729385375977,0.0
2016-02-02,28.426498413085938,0.0
2016-02-03,28.426498413085938,0.0
2016-02-15,28.134729385375977,0.0
2016-02-16,28.46817970275879,0.0
2016-02-17,28.55154037475586,0.0
2016-02-18,29.385162353515625,0.0
2016-02-19,28.843307495117188,0.0
2016-02-22,27.84296226501465,0.0
2016-02-23,28.25977325439453,0.0
2016-02-24,27.92632484436035,0.0
2016-02-25,27.67623710632324,0.0
2016-02-26,27.92632484436035,0.0
2016-03-01,27.759599685668945,0.0
2016-03-02,27.8012809753418,0.0
2016-03-03,28.176410675048828,0.0
2016-03-04,29.0100326538086,0.0
2016-03-07,28.426498413085938,0.0
2016-03-08,28.343135833740234,0.0
2016-03-09,28.75994682312012,0.0
2016-03-10,28.67658424377441,0.0
2016-03-11,28.75994682312012,0.0
2016-03-14,29.1767578125,0.0
2016-03-15,28.509859085083008,0.0
2016-03-16,28.92667007446289,0.0
2016-03-17,28.343135833740234,0.0
2016-03-18,28.093048095703125,0.0
2016-03-21,28.46817970275879,0.0
2016-03-22,29.6352481842041,0.0
2016-03-23,28.92667007446289,0.0
2016-03-24,28.176410675048828,0.0
2016-03-25,28.134729385375977,0.0
2016-03-28,27.59287643432617,0.0
2016-03-29,26.63421058654785,0.0
2016-03-30,27.50951385498047,0.0
2016-03-31,30.01037979125977,0.0
2016-04-01,28.968351364135746,0.0
2016-04-06,28.25977325439453,0.0
2016-04-07,28.343135833740234,0.0
2016-04-08,28.00968742370605,0.0
2016-04-11,27.968006134033203,0.0
2016-04-12,27.8012809753418,0.0
2016-04-13,27.8012809753418,0.0
2016-04-14,27.59287643432617,0.0
2016-04-15,27.467832565307617,0.0
2016-04-18,27.092702865600582,0.0
2016-04-19,27.17606544494629,0.0
2016-04-20,26.759254455566406,0.0
2016-04-21,26.425806045532227,0.0
2016-04-22,24.88360595703125,0.0
2016-04-25,25.50882148742676,0.0
2016-04-26,25.92563247680664,0.0
2016-04-27,25.758907318115234,0.0
2016-04-28,26.1340389251709,0.0
2016-04-29,25.59218406677246,0.0
2016-05-03,25.092010498046875,0.0
2016-05-04,24.675199508666992,0.0
2016-05-05,23.92494010925293,0.0
2016-05-06,23.508129119873047,0.0
2016-05-09,22.67450714111328,0.0
2016-05-10,23.424768447875977,0.0
2016-05-11,23.25804328918457,0.0
2016-05-12,23.049638748168945,0.0
2016-05-13,22.34106063842773,0.0
2016-05-16,23.174680709838867,0.0
2016-05-17,23.674854278564453,0.0
2016-05-18,23.508129119873047,0.0
2016-05-19,23.383087158203125,0.0
2016-05-20,23.174680709838867,0.0
2016-05-23,23.88326072692871,0.0
2016-05-24,24.17502784729004,0.0
2016-05-25,24.25838851928711,0.0
2016-05-26,23.92494010925293,0.0
2016-05-27,24.049983978271484,0.0
2016-05-30,24.96696853637696,0.0
2016-05-31,24.88360595703125,0.0
2016-06-01,24.55015754699707,0.0
2016-06-02,23.88326072692871,0.0
2016-06-03,24.42511367797852,0.0
2016-06-06,24.049983978271484,0.0
2016-06-07,24.049983978271484,0.0
2016-06-08,24.049983978271484,0.0
2016-06-13,23.96662139892578,0.0
2016-06-14,24.049983978271484,0.0
2016-06-15,26.425806045532227,0.0
2016-06-16,25.758907318115234,0.0
2016-06-17,25.675546646118164,0.0
2016-06-20,25.50882148742676,0.0
2016-06-21,25.425460815429688,0.0
2016-06-22,25.467140197753903,0.0
2016-06-23,25.25873565673828,0.0
2016-06-24,24.17502784729004,0.0
2016-06-27,24.34175109863281,0.0
2016-06-28,24.75856208801269,0.0
2016-06-29,24.8419246673584,0.0
2016-06-30,24.9252872467041,0.0
2016-07-01,25.008649826049805,0.0
2016-07-04,24.88360595703125,0.0
2016-07-05,26.092357635498047,0.0
2016-07-06,25.675546646118164,0.0
2016-07-07,25.59218406677246,0.0
2016-07-08,25.59218406677246,0.0
2016-07-11,25.50882148742676,0.0
2016-07-12,25.80058860778809,0.0
2016-07-13,26.55084991455078,0.0
2016-07-14,28.843307495117188,0.0
2016-07-15,29.051713943481445,0.0
2016-07-18,29.051713943481445,0.0
2016-07-19,31.927709579467773,0.0
2016-07-20,35.0954704284668,0.0
2016-07-21,35.0954704284668,0.0
2016-07-22,34.095123291015625,0.0
2016-07-25,35.012107849121094,0.0
2016-07-26,34.47025680541992,0.0
2016-07-27,33.63663482666016,0.0
2016-07-28,34.095123291015625,0.0
2016-07-29,34.345211029052734,0.0
2016-08-01,34.01176452636719,0.0
2016-08-02,33.678314208984375,0.0
2016-08-03,34.01176452636719,0.0
2016-08-04,33.76167678833008,0.0
2016-08-05,33.428226470947266,0.0
2016-08-08,32.17779541015625,0.0
2016-08-09,30.51055145263672,0.0
2016-08-10,31.71930313110352,0.0
2016-08-11,31.344173431396484,0.0
2016-08-12,31.427536010742188,0.0
2016-08-15,30.8439998626709,0.0
2016-08-16,31.05240631103516,0.0
2016-08-17,30.42719078063965,0.0
2016-08-18,30.42719078063965,0.0
2016-08-19,30.677276611328125,0.0
2016-08-22,29.6352481842041,0.0
2016-08-23,29.96869850158692,0.0
2016-08-24,30.052059173583984,0.0
2016-08-25,29.96869850158692,0.0
2016-08-26,29.84365463256836,0.0
2016-08-29,29.593568801879883,0.0
2016-08-30,29.927017211914062,0.0
2016-08-31,29.927017211914062,0.0
2016-09-01,31.17744827270508,0.0
2016-09-02,30.677276611328125,0.0
2016-09-05,31.344173431396484,0.0
2016-09-06,31.59425926208496,0.0
2016-09-07,32.80301284790039,0.0
2016-09-08,32.42788314819336,0.0
2016-09-09,32.46956253051758,0.0
2016-09-12,31.760984420776367,0.0
2016-09-13,31.427536010742188,0.0
2016-09-14,31.344173431396484,0.0
2016-09-19,31.677621841430664,0.0
2016-09-20,31.344173431396484,0.0
2016-09-21,31.51089859008789,0.0
2016-09-22,31.26081085205078,0.0
2016-09-23,32.46956253051758,0.0
2016-09-26,32.011070251464844,0.0
2016-09-27,32.011070251464844,0.0
2016-09-28,32.011070251464844,0.0
2016-09-29,32.09443283081055,0.0
2016-09-30,31.677621841430664,0.0
2016-10-03,31.51089859008789,0.0
2016-10-04,31.344173431396484,0.0
2016-10-05,31.094087600708008,0.0
2016-10-06,31.010725021362305,0.0
2016-10-07,30.593914031982425,0.0
2016-10-11,29.927017211914062,0.0
2016-10-12,29.67692947387696,0.0
2016-10-13,29.21843719482422,0.0
2016-10-14,27.84296226501465,0.0
2016-10-17,28.093048095703125,0.0
2016-10-18,28.051368713378903,0.0
2016-10-19,28.051368713378903,0.0
2016-10-20,27.759599685668945,0.0
2016-10-21,27.59287643432617,0.0
2016-10-24,27.384471893310547,0.0
2016-10-25,28.75994682312012,0.0
2016-10-26,28.25977325439453,0.0
2016-10-27,28.176410675048828,0.0
2016-10-28,28.176410675048828,0.0
2016-10-31,27.759599685668945,0.0
2016-11-01,27.67623710632324,0.0
2016-11-02,26.425806045532227,0.0
2016-11-03,25.59218406677246,0.0
2016-11-04,25.96731376647949,0.0
2016-11-07,25.675546646118164,0.0
2016-11-08,25.96731376647949,0.0
2016-11-09,25.675546646118164,0.0
2016-11-10,28.21809196472168,0.0
2016-11-11,28.426498413085938,0.0
2016-11-14,27.634557723999023,0.0
2016-11-15,27.634557723999023,0.0
2016-11-16,27.67623710632324,0.0
2016-11-17,27.8012809753418,0.0
2016-11-18,29.1767578125,0.0
2016-11-21,29.718610763549805,0.0
2016-11-22,29.343481063842773,0.0
2016-11-23,29.51020622253418,0.0
2016-11-24,29.801973342895508,0.0
2016-11-25,29.1767578125,0.0
2016-11-28,28.801626205444336,0.0
2016-11-29,28.75994682312012,0.0
2016-11-30,28.843307495117188,0.0
2016-12-01,30.052059173583984,0.0
2016-12-02,29.51020622253418,0.0
2016-12-05,28.843307495117188,0.0
2016-12-06,28.75994682312012,0.0
2016-12-07,28.55154037475586,0.0
2016-12-08,28.509859085083008,0.0
2016-12-09,28.884990692138672,0.0
2016-12-12,28.67658424377441,0.0
2016-12-13,28.55154037475586,0.0
2016-12-14,28.46817970275879,0.0
2016-12-15,28.00968742370605,0.0
2016-12-16,28.509859085083008,0.0
2016-12-19,28.093048095703125,0.0
2016-12-20,28.093048095703125,0.0
2016-12-21,28.176410675048828,0.0
2016-12-22,28.509859085083008,0.0
2016-12-23,28.176410675048828,0.0
2016-12-26,27.8012809753418,0.0
2016-12-27,27.8846435546875,0.0
2016-12-28,27.8846435546875,0.0
2016-12-29,28.59322166442871,0.0
2016-12-30,28.59322166442871,0.0
2017-01-03,28.176410675048828,0.0
2017-01-04,28.176410675048828,0.0
2017-01-05,28.343135833740234,0.0
2017-01-06,28.25977325439453,0.0
2017-01-09,28.00968742370605,0.0
2017-01-10,27.67623710632324,0.0
2017-01-11,28.00968742370605,0.0
2017-01-12,27.759599685668945,0.0
2017-01-13,27.634557723999023,0.0
2017-01-16,27.092702865600582,0.0
2017-01-17,26.38412475585937,0.0
2017-01-18,27.25942611694336,0.0
2017-01-19,26.80093574523925,0.0
2017-01-20,26.675891876220703,0.0
2017-01-23,26.80093574523925,0.0
2017-01-24,26.88429832458496,0.0
2017-02-02,26.63421058654785,0.0
2017-02-03,26.84261512756348,0.0
2017-02-06,26.84261512756348,0.0
2017-02-07,26.592529296875,0.0
2017-02-08,27.59287643432617,0.0
2017-02-09,27.009340286254883,0.0
2017-02-10,26.80093574523925,0.0
2017-02-13,27.17606544494629,0.0
2017-02-14,26.84261512756348,0.0
2017-02-15,26.80093574523925,0.0
2017-02-16,27.968006134033203,0.0
2017-02-17,28.718265533447266,0.0
2017-02-20,28.343135833740234,0.0
2017-02-21,28.093048095703125,0.0
2017-02-22,28.00968742370605,0.0
2017-02-23,27.67623710632324,0.0
2017-02-24,27.8012809753418,0.0
2017-03-01,27.13438415527344,0.0
2017-03-02,27.05102157592773,0.0
2017-03-03,27.17606544494629,0.0
2017-03-06,27.25942611694336,0.0
2017-03-07,28.67658424377441,0.0
2017-03-08,28.00968742370605,0.0
2017-03-09,27.59287643432617,0.0
2017-03-10,27.42615127563477,0.0
2017-03-13,27.342788696289062,0.0
2017-03-14,26.80093574523925,0.0
2017-03-15,26.84261512756348,0.0
2017-03-16,26.92597961425781,0.0
2017-03-17,26.717573165893555,0.0
2017-03-20,26.592529296875,0.0
2017-03-21,26.50916862487793,0.0
2017-03-22,26.63421058654785,0.0
2017-03-23,26.50916862487793,0.0
2017-03-24,26.592529296875,0.0
2017-03-27,26.008995056152344,0.0
2017-03-28,25.38377952575684,0.0
2017-03-29,25.21705436706543,0.0
2017-03-30,25.050329208374023,0.0
2017-03-31,25.092010498046875,0.0
2017-04-05,25.342098236083984,0.0
2017-04-06,25.59218406677246,0.0
2017-04-07,25.50882148742676,0.0
2017-04-10,25.092010498046875,0.0
2017-04-11,24.8419246673584,0.0
2017-04-12,24.30006980895996,0.0
2017-04-13,24.21670722961425,0.0
2017-04-14,24.00830268859864,0.0
2017-04-17,23.424768447875977,0.0
2017-04-18,23.091318130493164,0.0
2017-04-19,23.299724578857425,0.0
2017-04-20,23.84157943725586,0.0
2017-04-21,23.6331729888916,0.0
2017-04-24,23.5498104095459,0.0
2017-04-25,23.508129119873047,0.0
2017-04-26,23.75821685791016,0.0
2017-04-27,23.674854278564453,0.0
2017-04-28,23.424768447875977,0.0
2017-05-02,23.21636199951172,0.0
2017-05-03,22.96627616882324,0.0
2017-05-04,22.59114646911621,0.0
2017-05-05,21.965930938720703,0.0
2017-05-08,22.34106063842773,0.0
2017-05-09,22.424421310424805,0.0
2017-05-10,22.716188430786133,0.0
2017-05-11,22.21601676940918,0.0
2017-05-12,22.34106063842773,0.0
2017-05-15,23.674854278564453,0.0
2017-05-16,23.007957458496094,0.0
2017-05-17,22.59114646911621,0.0
2017-05-18,22.174335479736328,0.0
2017-05-19,22.424421310424805,0.0
2017-05-22,22.299379348754883,0.0
2017-05-23,22.34106063842773,0.0
2017-05-24,22.507783889770508,0.0
2017-05-25,22.54946517944336,0.0
2017-05-26,22.92459487915039,0.0
2017-05-31,22.174335479736328,0.0
2017-06-01,22.174335479736328,0.0
2017-06-02,22.507783889770508,0.0
2017-06-05,22.67450714111328,0.0
2017-06-06,23.25804328918457,0.0
2017-06-07,22.757869720458984,0.0
2017-06-08,22.757869720458984,0.0
2017-06-09,23.007957458496094,0.0
2017-06-12,22.59114646911621,0.0
2017-06-13,22.382741928100582,0.0
2017-06-14,21.84088706970215,0.0
2017-06-15,22.00761032104492,0.0
2017-06-16,22.34106063842773,0.0
2017-06-19,22.090972900390625,0.0
2017-06-20,21.799205780029297,0.0
2017-06-21,22.090972900390625,0.0
2017-06-22,23.59149169921875,0.0
2017-06-23,23.25804328918457,0.0
2017-06-26,22.92459487915039,0.0
2017-06-27,22.757869720458984,0.0
2017-06-28,22.507783889770508,0.0
2017-06-29,22.59114646911621,0.0
2017-06-30,22.54946517944336,0.0
2017-07-03,22.757869720458984,0.0
2017-07-04,22.59114646911621,0.0
2017-07-05,22.424421310424805,0.0
2017-07-06,22.34106063842773,0.0
2017-07-07,22.174335479736328,0.0
2017-07-10,21.84088706970215,0.0
2017-07-11,21.92424964904785,0.0
2017-07-12,21.757524490356445,0.0
2017-07-13,21.674161911010746,0.0
2017-07-14,21.757524490356445,0.0
2017-07-17,21.757524490356445,0.0
2017-07-18,21.882568359375,0.0
2017-07-19,22.67450714111328,0.0
2017-07-20,22.424421310424805,0.0
2017-07-21,23.466449737548828,0.0
2017-07-24,23.59149169921875,0.0
2017-07-25,23.091318130493164,0.0
2017-07-26,23.25804328918457,0.0
2017-07-27,23.007957458496094,0.0
2017-07-28,22.841232299804688,0.0
2017-07-31,22.67450714111328,0.0
2017-08-01,22.466102600097656,0.0
2017-08-02,22.632827758789062,0.0
2017-08-03,22.299379348754883,0.0
2017-08-04,22.34106063842773,0.0
2017-08-07,22.00761032104492,0.0
2017-08-08,22.13265419006348,0.0
2017-08-09,21.84088706970215,0.0
2017-08-10,21.92424964904785,0.0
2017-08-11,21.674161911010746,0.0
2017-08-14,20.5070915222168,0.0
2017-08-15,20.75717735290528,0.0
2017-08-16,20.5070915222168,0.0
2017-08-17,20.75717735290528,0.0
2017-08-18,20.5904541015625,0.0
2017-08-21,20.54877281188965,0.0
2017-08-22,20.5904541015625,0.0
2017-08-23,20.465410232543945,0.0
2017-08-24,20.54877281188965,0.0
2017-08-25,20.465410232543945,0.0
2017-08-28,20.09028053283692,0.0
2017-08-29,19.75683212280273,0.0
2017-08-30,19.59010887145996,0.0
2017-08-31,21.54911994934082,0.0
2017-09-01,22.92459487915039,0.0
2017-09-04,22.54946517944336,0.0
2017-09-05,22.382741928100582,0.0
2017-09-06,21.965930938720703,0.0
2017-09-07,21.757524490356445,0.0
2017-09-08,21.7158432006836,0.0
2017-09-11,21.38239479064941,0.0
2017-09-12,21.215669631958008,0.0
2017-09-13,20.96558380126953,0.0
2017-09-14,20.96558380126953,0.0
2017-09-15,20.96558380126953,0.0
2017-09-18,20.92390251159668,0.0
2017-09-19,20.75717735290528,0.0
2017-09-20,20.54877281188965,0.0
2017-09-21,20.673816680908203,0.0
2017-09-22,20.5070915222168,0.0
2017-09-25,20.13196182250977,0.0
2017-09-26,20.340368270874023,0.0
2017-09-27,20.423730850219727,0.0
2017-09-28,20.21532440185547,0.0
2017-09-29,20.13196182250977,0.0
2017-10-02,20.340368270874023,0.0
2017-10-03,20.21532440185547,0.0
2017-10-05,20.09028053283692,0.0
2017-10-06,20.173643112182617,0.0
2017-10-11,19.92355728149414,0.0
2017-10-12,19.965238571166992,0.0
2017-10-13,19.92355728149414,0.0
2017-10-16,19.715150833129883,0.0
2017-10-17,19.59010887145996,0.0
2017-10-18,19.59010887145996,0.0
2017-10-19,19.50674629211425,0.0
2017-10-20,19.214977264404297,0.0
2017-10-23,19.08993530273437,0.0
2017-10-24,20.25700569152832,0.0
2017-10-25,19.59010887145996,0.0
2017-10-26,19.423383712768555,0.0
2017-10-27,19.381702423095703,0.0
2017-10-30,19.25666046142578,0.0
2017-10-31,19.214977264404297,0.0
2017-11-01,19.29834175109864,0.0
2017-11-02,19.34002113342285,0.0
2017-11-03,19.29834175109864,0.0
2017-11-06,19.214977264404297,0.0
2017-11-07,19.17329788208008,0.0
2017-11-08,19.17329788208008,0.0
2017-11-09,19.17329788208008,0.0
2017-11-10,19.131616592407227,0.0
2017-11-13,19.048254013061523,0.0
2017-11-14,18.88153076171875,0.0
2017-11-15,18.63144302368164,0.0
2017-11-16,18.423038482666016,0.0
2017-11-17,18.25631332397461,0.0
2017-11-20,19.25666046142578,0.0
2017-11-21,18.92321014404297,0.0
2017-11-22,18.756486892700195,0.0
2017-11-23,18.756486892700195,0.0
2017-11-24,18.63144302368164,0.0
2017-11-27,18.423038482666016,0.0
2017-11-28,18.548080444335938,0.0
2017-11-29,18.464719772338867,0.0
2017-11-30,18.25631332397461,0.0
2017-12-01,18.089588165283203,0.0
2017-12-04,18.29799461364746,0.0
2017-12-05,18.25631332397461,0.0
2017-12-06,18.172950744628903,0.0
2017-12-07,17.5477352142334,0.0
2017-12-08,16.67243194580078,0.0
2017-12-11,16.714113235473633,0.0
2017-12-12,16.92251968383789,0.0
2017-12-13,16.755794525146484,0.0
2017-12-14,16.63075065612793,0.0
2017-12-15,16.505708694458008,0.0
2017-12-18,16.547388076782227,0.0
2017-12-19,16.505708694458008,0.0
2017-12-20,16.464027404785156,0.0
2017-12-21,16.755794525146484,0.0
2017-12-22,17.25596809387207,0.0
2017-12-25,16.96419906616211,0.0
2017-12-26,16.714113235473633,0.0
2017-12-27,16.755794525146484,0.0
2017-12-28,16.839157104492188,0.0
2017-12-29,16.92251968383789,0.0
2018-01-02,17.047561645507812,0.0
2018-01-03,17.25596809387207,0.0
2018-01-04,17.130924224853516,0.0
2018-01-05,17.25596809387207,0.0
2018-01-08,18.172950744628903,0.0
2018-01-09,18.21463203430176,0.0
2018-01-10,18.21463203430176,0.0
2018-01-11,18.047908782958984,0.0
2018-01-12,17.92286491394043,0.0
2018-01-15,18.96489143371582,0.0
2018-01-16,18.96489143371582,0.0
2018-01-17,18.423038482666016,0.0
2018-01-18,18.21463203430176,0.0
2018-01-19,18.339675903320312,0.0
2018-01-22,18.423038482666016,0.0
2018-01-23,18.172950744628903,0.0
2018-01-24,17.96454620361328,0.0
2018-01-25,17.756141662597656,0.0
2018-01-26,18.006227493286133,0.0
2018-01-29,17.797822952270508,0.0
2018-01-30,17.422691345214844,0.0
2018-01-31,17.25596809387207,0.0
2018-02-01,17.21428680419922,0.0
2018-02-02,17.25596809387207,0.0
2018-02-05,17.506053924560547,0.0
2018-02-06,16.547388076782227,0.0
2018-02-07,16.67243194580078,0.0
2018-02-08,16.755794525146484,0.0
2018-02-09,16.755794525146484,0.0
2018-02-12,16.547388076782227,0.0
2018-02-21,17.130924224853516,0.0
2018-02-22,17.25596809387207,0.0
2018-02-23,17.047561645507812,0.0
2018-02-26,17.130924224853516,0.0
2018-02-27,18.8398494720459,0.0
2018-03-01,19.50674629211425,0.0
2018-03-02,19.08993530273437,0.0
2018-03-05,20.96558380126953,0.0
2018-03-06,20.96558380126953,0.0
2018-03-07,20.75717735290528,0.0
2018-03-08,20.5070915222168,0.0
2018-03-09,19.84019470214844,0.0
2018-03-12,20.173643112182617,0.0
2018-03-13,20.048599243164062,0.0
2018-03-14,22.049291610717773,0.0
2018-03-15,22.757869720458984,0.0
2018-03-16,22.757869720458984,0.0
2018-03-19,23.424768447875977,0.0
2018-03-20,23.132999420166016,0.0
2018-03-21,22.96627616882324,0.0
2018-03-22,22.34106063842773,0.0
2018-03-23,22.174335479736328,0.0
2018-03-26,23.6331729888916,0.0
2018-03-27,23.091318130493164,0.0
2018-03-28,22.716188430786133,0.0
2018-03-29,22.92459487915039,0.0
2018-03-30,22.67450714111328,0.0
2018-04-02,22.507783889770508,0.0
2018-04-03,22.79955291748047,0.0
2018-04-09,25.050329208374023,0.0
2018-04-10,25.675546646118164,0.0
2018-04-11,26.55084991455078,0.0
2018-04-12,26.92597961425781,0.0
2018-04-13,26.50916862487793,0.0
2018-04-16,25.50882148742676,0.0
2018-04-17,24.88360595703125,0.0
2018-04-18,24.55015754699707,0.0
2018-04-19,26.008995056152344,0.0
2018-04-20,26.425806045532227,0.0
2018-04-23,26.592529296875,0.0
2018-04-24,25.008649826049805,0.0
2018-04-25,26.25908088684082,0.0
2018-04-26,25.008649826049805,0.0
2018-04-27,24.8419246673584,0.0
2018-04-30,27.30110740661621,0.0
2018-05-02,30.01037979125977,0.0
2018-05-03,33.011417388916016,0.0
2018-05-04,33.678314208984375,0.0
2018-05-07,33.92839813232422,0.0
2018-05-08,33.053096771240234,0.0
2018-05-09,31.344173431396484,0.0
2018-05-10,31.59425926208496,0.0
2018-05-11,30.052059173583984,0.0
2018-05-14,32.51124572753906,0.0
2018-05-15,32.05275344848633,0.0
2018-05-16,32.09443283081055,0.0
2018-05-17,31.010725021362305,0.0
2018-05-18,30.969043731689453,0.0
2018-05-21,31.26081085205078,0.0
2018-05-22,31.46921730041504,0.0
2018-05-23,31.677621841430664,0.0
2018-05-24,31.344173431396484,0.0
2018-05-25,30.677276611328125,0.0
2018-05-28,30.385507583618164,0.0
2018-05-29,29.801973342895508,0.0
2018-05-30,28.843307495117188,0.0
2018-05-31,30.21878433227539,0.0
2018-06-01,30.42719078063965,0.0
2018-06-04,29.927017211914062,0.0
2018-06-05,29.55188751220703,0.0
2018-06-06,28.718265533447266,0.0
2018-06-07,28.21809196472168,0.0
2018-06-08,27.59287643432617,0.0
2018-06-11,28.92667007446289,0.0
2018-06-12,28.301454544067383,0.0
2018-06-13,28.00968742370605,0.0
2018-06-14,27.384471893310547,0.0
2018-06-15,27.67623710632324,0.0
2018-06-19,27.30110740661621,0.0
2018-06-20,26.84261512756348,0.0
2018-06-21,27.42615127563477,0.0
2018-06-22,27.25942611694336,0.0
2018-06-25,27.342788696289062,0.0
2018-06-26,26.88429832458496,0.0
2018-06-27,26.38412475585937,0.0
2018-06-28,25.342098236083984,0.0
2018-06-29,25.59218406677246,0.0
2018-07-02,25.50882148742676,0.0
2018-07-03,24.88360595703125,0.0
2018-07-04,24.25838851928711,0.0
2018-07-05,23.25804328918457,0.0
2018-07-06,23.25804328918457,0.0
2018-07-09,24.21670722961425,0.0
2018-07-10,25.84227180480957,0.0
2018-07-11,26.38412475585937,0.0
2018-07-12,26.63421058654785,0.0
2018-07-13,26.425806045532227,0.0
2018-07-16,25.92563247680664,0.0
2018-07-17,25.92563247680664,0.0
2018-07-18,25.050329208374023,0.0
2018-07-19,24.9252872467041,0.0
2018-07-20,24.75856208801269,0.0
2018-07-23,24.00830268859864,0.0
2018-07-24,24.21670722961425,0.0
2018-07-25,24.17502784729004,0.0
2018-07-26,24.17502784729004,0.0
2018-07-27,24.25838851928711,0.0
2018-07-30,23.84157943725586,0.0
2018-07-31,23.84157943725586,0.0
2018-08-01,24.17502784729004,0.0
2018-08-02,23.96662139892578,0.0
2018-08-03,24.25838851928711,0.0
2018-08-06,24.59183883666992,0.0
2018-08-07,24.17502784729004,0.0
2018-08-08,23.92494010925293,0.0
2018-08-09,23.79989624023437,0.0
2018-08-10,23.59149169921875,0.0
2018-08-13,21.965930938720703,0.0
2018-08-14,22.2576961517334,0.0
2018-08-15,21.63248062133789,0.0
2018-08-16,21.54911994934082,0.0
2018-08-17,21.424076080322266,0.0
2018-08-20,21.17398834228516,0.0
2018-08-21,21.424076080322266,0.0
2018-08-22,21.17398834228516,0.0
2018-08-23,22.00761032104492,0.0
2018-08-24,21.54911994934082,0.0
2018-08-27,21.674161911010746,0.0
2018-08-28,21.674161911010746,0.0
2018-08-29,21.59079933166504,0.0
2018-08-30,21.59079933166504,0.0
2018-08-31,21.674161911010746,0.0
2018-09-03,21.34071350097656,0.0
2018-09-04,21.34071350097656,0.0
2018-09-05,21.09062767028809,0.0
2018-09-06,22.00761032104492,0.0
2018-09-07,24.133346557617188,0.0
2018-09-10,22.54946517944336,0.0
2018-09-11,22.13265419006348,0.0
2018-09-12,24.34175109863281,0.0
2018-09-13,24.34175109863281,0.0
2018-09-14,24.21670722961425,0.0
2018-09-17,24.17502784729004,0.0
2018-09-18,23.424768447875977,0.0
2018-09-19,23.174680709838867,0.0
2018-09-20,23.091318130493164,0.0
2018-09-21,23.007957458496094,0.0
2018-09-25,22.841232299804688,0.0
2018-09-26,23.75821685791016,0.0
2018-09-27,23.59149169921875,0.0
2018-09-28,23.5498104095459,0.0
2018-10-01,23.84157943725586,0.0
2018-10-02,23.716535568237305,0.0
2018-10-03,23.132999420166016,0.0
2018-10-04,24.50847625732422,0.0
2018-10-05,24.17502784729004,0.0
2018-10-08,26.592529296875,0.0
2018-10-09,24.25838851928711,0.0
2018-10-11,21.84088706970215,0.0
2018-10-12,21.7158432006836,0.0
2018-10-15,22.13265419006348,0.0
2018-10-16,22.424421310424805,0.0
2018-10-17,23.5498104095459,0.0
2018-10-18,23.92494010925293,0.0
2018-10-19,24.30006980895996,0.0
2018-10-22,24.466794967651367,0.0
2018-10-23,24.34175109863281,0.0
2018-10-24,23.92494010925293,0.0
2018-10-25,23.132999420166016,0.0
2018-10-26,23.174680709838867,0.0
2018-10-29,22.424421310424805,0.0
2018-10-30,22.13265419006348,0.0
2018-10-31,22.174335479736328,0.0
2018-11-01,22.507783889770508,0.0
2018-11-02,22.466102600097656,0.0
2018-11-05,22.466102600097656,0.0
2018-11-06,23.84157943725586,0.0
2018-11-07,23.59149169921875,0.0
2018-11-08,23.6331729888916,0.0
2018-11-09,23.049638748168945,0.0
2018-11-12,22.59114646911621,0.0
2018-11-13,22.54946517944336,0.0
2018-11-14,22.59114646911621,0.0
2018-11-15,22.34106063842773,0.0
2018-11-16,22.632827758789062,0.0
2018-11-19,22.54946517944336,0.0
2018-11-20,22.466102600097656,0.0
2018-11-21,22.54946517944336,0.0
2018-11-22,23.007957458496094,0.0
2018-11-23,23.091318130493164,0.0
2018-11-26,23.25804328918457,0.0
2018-11-27,23.34140586853028,0.0
2018-11-28,23.299724578857425,0.0
2018-11-29,23.75821685791016,0.0
2018-11-30,23.79989624023437,0.0
2018-12-03,23.59149169921875,0.0
2018-12-04,23.132999420166016,0.0
2018-12-05,23.091318130493164,0.0
2018-12-06,22.382741928100582,0.0
2018-12-07,22.507783889770508,0.0
2018-12-10,22.13265419006348,0.0
2018-12-11,22.2576961517334,0.0
2018-12-12,22.2576961517334,0.0
2018-12-13,22.382741928100582,0.0
2018-12-14,22.34106063842773,0.0
2018-12-17,22.424421310424805,0.0
2018-12-18,22.2576961517334,0.0
2018-12-19,22.049291610717773,0.0
2018-12-20,22.2576961517334,0.0
2018-12-21,22.299379348754883,0.0
2018-12-24,22.13265419006348,0.0
2018-12-25,21.84088706970215,0.0
2018-12-26,21.84088706970215,0.0
2018-12-27,21.799205780029297,0.0
2018-12-28,21.799205780029297,0.0
2019-01-02,22.174335479736328,0.0
2019-01-03,22.67450714111328,0.0
2019-01-04,22.34106063842773,0.0
2019-01-07,22.507783889770508,0.0
2019-01-08,23.674854278564453,0.0
2019-01-09,23.174680709838867,0.0
2019-01-10,23.007957458496094,0.0
2019-01-11,22.716188430786133,0.0
2019-01-14,22.382741928100582,0.0
2019-01-15,22.424421310424805,0.0
2019-01-16,22.382741928100582,0.0
2019-01-17,22.424421310424805,0.0
2019-01-18,22.424421310424805,0.0
2019-01-21,22.59114646911621,0.0
2019-01-22,22.757869720458984,0.0
2019-01-23,22.841232299804688,0.0
2019-01-24,23.049638748168945,0.0
2019-01-25,22.88291358947754,0.0
2019-01-28,22.92459487915039,0.0
2019-01-29,23.091318130493164,0.0
2019-01-30,23.383087158203125,0.0
2019-02-11,23.6331729888916,0.0
2019-02-12,23.674854278564453,0.0
2019-02-13,23.75821685791016,0.0
2019-02-14,24.25838851928711,0.0
2019-02-15,24.800243377685547,0.0
2019-02-18,27.25942611694336,0.0
2019-02-19,26.342443466186523,0.0
2019-02-20,26.675891876220703,0.0
2019-02-21,26.88429832458496,0.0
2019-02-22,26.25908088684082,0.0
2019-02-25,25.80058860778809,0.0
2019-02-26,25.92563247680664,0.0
2019-02-27,26.300762176513672,0.0
2019-03-04,26.717573165893555,0.0
2019-03-05,26.50916862487793,0.0
2019-03-06,26.675891876220703,0.0
2019-03-07,26.675891876220703,0.0
2019-03-08,27.59287643432617,0.0
2019-03-11,26.675891876220703,0.0
2019-03-12,26.38412475585937,0.0
2019-03-13,25.92563247680664,0.0
2019-03-14,25.008649826049805,0.0
2019-03-15,24.55015754699707,0.0
2019-03-18,24.17502784729004,0.0
2019-03-19,24.466794967651367,0.0
2019-03-20,24.383432388305664,0.0
2019-03-21,24.75856208801269,0.0
2019-03-22,24.75856208801269,0.0
2019-03-25,24.63351821899414,0.0
2019-03-26,24.800243377685547,0.0
2019-03-27,24.800243377685547,0.0
2019-03-28,24.59183883666992,0.0
2019-03-29,24.50847625732422,0.0
2019-04-01,24.133346557617188,0.0
2019-04-02,24.133346557617188,0.0
2019-04-03,24.42511367797852,0.0
2019-04-08,24.383432388305664,0.0
2019-04-09,25.008649826049805,0.0
2019-04-10,24.8419246673584,0.0
2019-04-11,25.050329208374023,0.0
2019-04-12,25.008649826049805,0.0
2019-04-15,24.716880798339844,0.0
2019-04-16,24.88360595703125,0.0
2019-04-17,24.9252872467041,0.0
2019-04-18,24.63351821899414,0.0
2019-04-19,24.63351821899414,0.0
2019-04-22,24.63351821899414,0.0
2019-04-23,24.55015754699707,0.0
2019-04-24,24.800243377685547,0.0
2019-04-25,24.800243377685547,0.0
2019-04-26,24.55015754699707,0.0
2019-04-29,24.00830268859864,0.0
2019-04-30,24.17502784729004,0.0
2019-05-02,24.17502784729004,0.0
2019-05-03,24.17502784729004,0.0
2019-05-06,23.6331729888916,0.0
2019-05-07,23.88326072692871,0.0
2019-05-08,23.716535568237305,0.0
2019-05-09,22.841232299804688,0.0
2019-05-10,22.67450714111328,0.0
2019-05-13,22.507783889770508,0.0
2019-05-14,22.632827758789062,0.0
2019-05-15,22.79955291748047,0.0
2019-05-16,22.79955291748047,0.0
2019-05-17,22.382741928100582,0.0
2019-05-20,22.382741928100582,0.0
2019-05-21,22.92459487915039,0.0
2019-05-22,22.59114646911621,0.0
2019-05-23,22.466102600097656,0.0
2019-05-24,22.507783889770508,0.0
2019-05-27,22.34106063842773,0.0
2019-05-28,22.299379348754883,0.0
2019-05-29,22.34106063842773,0.0
2019-05-30,22.757869720458984,0.0
2019-05-31,23.091318130493164,0.0
2019-06-03,23.049638748168945,0.0
2019-06-04,23.174680709838867,0.0
2019-06-05,23.049638748168945,0.0
2019-06-06,23.007957458496094,0.0
2019-06-10,22.79955291748047,0.0
2019-06-11,22.59114646911621,0.0
2019-06-12,22.466102600097656,0.0
2019-06-13,22.54946517944336,0.0
2019-06-14,23.88326072692871,0.0
2019-06-17,24.049983978271484,0.0
2019-06-18,23.716535568237305,0.0
2019-06-19,23.59149169921875,0.0
2019-06-20,23.88326072692871,0.0
2019-06-21,23.674854278564453,0.0
2019-06-24,23.508129119873047,0.0
2019-06-25,23.34140586853028,0.0
2019-06-26,23.21636199951172,0.0
2019-06-27,23.174680709838867,0.0
2019-06-28,23.424768447875977,0.0
2019-07-01,23.25804328918457,0.0
2019-07-02,23.5498104095459,0.0
2019-07-03,23.466449737548828,0.0
2019-07-04,23.466449737548828,0.0
2019-07-05,23.88326072692871,0.0
2019-07-08,23.674854278564453,0.0
2019-07-09,23.6331729888916,0.0
2019-07-10,23.75821685791016,0.0
2019-07-11,23.75821685791016,0.0
2019-07-12,23.716535568237305,0.0
2019-07-15,24.133346557617188,0.0
2019-07-16,24.049983978271484,0.0
2019-07-17,24.00830268859864,0.0
2019-07-18,24.466794967651367,0.0
2019-07-19,24.466794967651367,0.0
2019-07-22,24.716880798339844,0.0
2019-07-23,24.42511367797852,0.0
2019-07-24,24.383432388305664,0.0
2019-07-25,24.21670722961425,0.0
2019-07-26,24.17502784729004,0.0
2019-07-29,24.091665267944336,0.0
2019-07-30,23.92494010925293,0.0
2019-07-31,23.92494010925293,0.0
2019-08-01,24.091665267944336,0.0
2019-08-02,23.59149169921875,0.0
2019-08-05,24.091665267944336,0.0
2019-08-06,23.96662139892578,0.0
2019-08-07,23.96662139892578,0.0
2019-08-08,24.17502784729004,0.0
2019-08-12,24.25838851928711,0.0
2019-08-13,24.30006980895996,0.0
2019-08-14,24.30006980895996,0.0
2019-08-15,24.21670722961425,0.0
2019-08-16,24.42511367797852,0.0
2019-08-19,25.633865356445312,0.0
2019-08-20,25.758907318115234,0.0
2019-08-21,25.425460815429688,0.0
2019-08-22,25.59218406677246,0.0
2019-08-23,24.8419246673584,0.0
2019-08-26,24.716880798339844,0.0
2019-08-27,24.88360595703125,0.0
2019-08-28,24.75856208801269,0.0
2019-08-29,24.675199508666992,0.0
2019-08-30,24.800243377685547,0.0
2019-09-02,25.425460815429688,0.0
2019-09-03,25.425460815429688,0.0
2019-09-04,25.133691787719727,0.0
2019-09-05,24.9252872467041,0.0
2019-09-06,24.75856208801269,0.0
2019-09-10,24.25838851928711,0.0
2019-09-11,24.133346557617188,0.0
2019-09-12,24.30006980895996,0.0
2019-09-16,24.34175109863281,0.0
2019-09-17,24.675199508666992,0.0
2019-09-18,24.675199508666992,0.0
2019-09-19,24.30006980895996,0.0
2019-09-20,24.30006980895996,0.0
2019-09-23,24.30006980895996,0.0
2019-09-24,24.50847625732422,0.0
2019-09-25,24.34175109863281,0.0
2019-09-26,24.383432388305664,0.0
2019-09-27,24.21670722961425,0.0
2019-10-01,24.049983978271484,0.0
2019-10-02,23.84157943725586,0.0
2019-10-03,23.674854278564453,0.0
2019-10-04,23.25804328918457,0.0
2019-10-07,23.25804328918457,0.0
2019-10-08,23.091318130493164,0.0
2019-10-09,23.174680709838867,0.0
2019-10-14,23.174680709838867,0.0
2019-10-15,23.049638748168945,0.0
2019-10-16,23.007957458496094,0.0
2019-10-17,23.25804328918457,0.0
2019-10-18,23.25804328918457,0.0
2019-10-21,23.25804328918457,0.0
2019-10-22,23.132999420166016,0.0
2019-10-23,23.091318130493164,0.0
2019-10-24,23.21636199951172,0.0
2019-10-25,23.132999420166016,0.0
2019-10-28,22.2576961517334,0.0
2019-10-29,22.174335479736328,0.0
2019-10-30,22.716188430786133,0.0
2019-10-31,22.54946517944336,0.0
2019-11-01,22.54946517944336,0.0
2019-11-04,22.757869720458984,0.0
2019-11-05,22.424421310424805,0.0
2019-11-06,22.174335479736328,0.0
2019-11-07,22.382741928100582,0.0
2019-11-08,22.466102600097656,0.0
2019-11-11,22.13265419006348,0.0
2019-11-12,22.21601676940918,0.0
2019-11-13,22.21601676940918,0.0
2019-11-14,22.21601676940918,0.0
2019-11-15,23.25804328918457,0.0
2019-11-18,22.632827758789062,0.0
2019-11-19,22.88291358947754,0.0
2019-11-20,24.466794967651367,0.0
2019-11-21,24.59183883666992,0.0
2019-11-22,24.8419246673584,0.0
2019-11-25,24.55015754699707,0.0
2019-11-26,24.049983978271484,0.0
2019-11-27,23.88326072692871,0.0
2019-11-28,24.00830268859864,0.0
2019-11-29,24.21670722961425,0.0
2019-12-02,23.674854278564453,0.0
2019-12-03,23.75821685791016,0.0
2019-12-04,24.59183883666992,0.0
2019-12-05,25.675546646118164,0.0
2019-12-06,24.800243377685547,0.0
2019-12-09,24.50847625732422,0.0
2019-12-10,24.466794967651367,0.0
2019-12-11,24.25838851928711,0.0
2019-12-12,24.133346557617188,0.0
2019-12-13,23.75821685791016,0.0
2019-12-16,24.383432388305664,0.0
2019-12-17,24.30006980895996,0.0
2019-12-18,24.30006980895996,0.0
2019-12-19,24.383432388305664,0.0
2019-12-20,24.466794967651367,0.0
2019-12-23,24.50847625732422,0.0
2019-12-24,24.50847625732422,0.0
2019-12-25,25.008649826049805,0.0
2019-12-26,25.84227180480957,0.0
2019-12-27,26.425806045532227,0.0
2019-12-30,24.8419246673584,0.0
2019-12-31,24.50847625732422,0.0
2020-01-02,24.800243377685547,0.0
2020-01-03,25.425460815429688,0.0
2020-01-06,25.467140197753903,0.0
2020-01-07,25.008649826049805,0.0
2020-01-08,24.50847625732422,0.0
2020-01-09,24.55015754699707,0.0
2020-01-10,24.675199508666992,0.0
2020-01-13,24.50847625732422,0.0
2020-01-14,24.9252872467041,0.0
2020-01-15,24.88360595703125,0.0
2020-01-16,24.50847625732422,0.0
2020-01-17,24.383432388305664,0.0
2020-01-20,24.30006980895996,0.0
2020-01-30,23.174680709838867,0.0
2020-01-31,23.174680709838867,0.0
2020-02-03,22.049291610717773,0.0
2020-02-04,22.507783889770508,0.0
2020-02-05,23.174680709838867,0.0
2020-02-06,23.34140586853028,0.0
2020-02-07,23.34140586853028,0.0
2020-02-10,23.59149169921875,0.0
2020-02-11,23.79989624023437,0.0
2020-02-12,24.55015754699707,0.0
2020-02-13,24.25838851928711,0.0
2020-02-14,24.00830268859864,0.0
2020-02-17,24.25838851928711,0.0
2020-02-18,24.383432388305664,0.0
2020-02-19,24.716880798339844,0.0
2020-02-20,25.467140197753903,0.0
2020-02-21,25.008649826049805,0.0
2020-02-24,25.050329208374023,0.0
2020-02-25,25.092010498046875,0.0
2020-02-26,27.59287643432617,0.0
2020-02-27,26.092357635498047,0.0
2020-03-02,25.675546646118164,0.0
2020-03-03,25.50882148742676,0.0
2020-03-04,25.425460815429688,0.0
2020-03-05,25.467140197753903,0.0
2020-03-06,26.008995056152344,0.0
2020-03-09,25.633865356445312,0.0
2020-03-10,25.133691787719727,0.0
2020-03-11,24.88360595703125,0.0
2020-03-12,23.75821685791016,0.0
2020-03-13,23.75821685791016,0.0
2020-03-16,21.17398834228516,0.0
2020-03-17,19.84019470214844,0.0
2020-03-18,18.798168182373047,0.0
2020-03-19,16.92251968383789,0.0
2020-03-20,17.797822952270508,0.0
2020-03-23,17.5477352142334,0.0
2020-03-24,19.29834175109864,0.0
2020-03-25,20.84054183959961,0.0
2020-03-26,20.882221221923828,0.0
2020-03-27,20.75717735290528,0.0
2020-03-30,20.673816680908203,0.0
2020-03-31,20.715496063232425,0.0
2020-04-01,20.75717735290528,0.0
2020-04-06,22.507783889770508,0.0
2020-04-07,23.007957458496094,0.0
2020-04-08,24.88360595703125,0.0
2020-04-09,25.092010498046875,0.0
2020-04-10,24.96696853637696,0.0
2020-04-13,26.092357635498047,0.0
2020-04-14,26.300762176513672,0.0
2020-04-15,26.300762176513672,0.0
2020-04-16,28.92667007446289,0.0
2020-04-17,31.80266571044922,0.0
2020-04-20,34.970428466796875,0.0
2020-04-21,38.42995834350586,0.0
2020-04-22,39.18021774291992,0.0
2020-04-23,43.09823989868164,0.0
2020-04-24,45.93255233764648,0.0
2020-04-27,46.51608657836914,0.0
2020-04-28,43.01487731933594,0.0
2020-04-29,44.01522064208984,0.0
2020-04-30,46.68281173706055,0.0
2020-05-04,51.35109329223633,0.0
2020-05-05,56.43618392944336,0.0
2020-05-06,56.68627166748047,0.0
2020-05-07,61.6879997253418,0.0
2020-05-08,62.68834686279297,0.0
2020-05-11,60.8543815612793,0.0
2020-05-12,60.02075958251953,0.0
2020-05-13,66.02283477783203,0.0
2020-05-14,72.60844421386719,0.0
2020-05-15,79.86095428466797,0.0
2020-05-18,87.5302734375,0.0
2020-05-19,96.2833023071289,0.0
2020-05-20,105.86994934082033,0.0
2020-05-21,95.44967651367188,0.0
2020-05-22,104.20270538330078,0.0
2020-05-25,110.45486450195312,0.0
2020-05-26,102.9522705078125,0.0
2020-05-27,105.03632354736328,0.0
2020-05-28,111.7052993774414,0.0
2020-05-29,116.29022216796876,0.0
2020-06-01,115.45659637451172,0.0
2020-06-02,120.04151916503906,0.0
2020-06-03,127.1272964477539,0.0
2020-06-04,125.4600601196289,0.0
2020-06-05,133.37945556640625,0.0
2020-06-08,146.7174072265625,0.0
2020-06-09,161.3057861328125,0.0
2020-06-10,177.14459228515625,0.0
2020-06-11,159.6385498046875,0.0
2020-06-12,143.7997283935547,0.0
2020-06-15,143.7997283935547,0.0
2020-06-16,157.97129821777344,0.0
2020-06-17,173.39329528808594,0.0
2020-06-18,190.4825439453125,0.0
2020-06-19,209.2390289306641,0.0
2020-06-22,216.7416229248047,0.0
2020-06-23,200.06919860839844,0.0
2020-06-24,190.06573486328125,0.0
2020-06-29,201.3196258544922,0.0
2020-06-30,207.57179260253903,0.0
2020-07-01,225.07785034179688,0.0
2020-07-02,247.58563232421875,0.0
2020-07-03,272.1774597167969,0.0
2020-07-06,299.2701721191406,0.0
2020-07-07,328.8637390136719,0.0
2020-07-08,361.3749694824219,0.0
2020-07-09,375.1297302246094,0.0
2020-07-10,337.61676025390625,0.0
2020-07-13,303.8551025390625,0.0
2020-07-14,273.8446960449219,0.0
2020-07-15,246.75201416015625,0.0
2020-07-16,222.16017150878903,0.0
2020-07-17,200.06919860839844,0.0
2020-07-20,180.06227111816406,0.0
2020-07-21,162.139404296875,0.0
2020-07-22,177.9782257080078,0.0
2020-07-23,187.14805603027344,0.0
2020-07-24,175.060546875,0.0
2020-07-27,157.5544891357422,0.0
2020-07-28,142.1324920654297,0.0
2020-07-29,127.96092224121094,0.0
2020-07-30,140.46524047851562,0.0
2020-07-31,154.22000122070312,0.0
2020-08-03,169.64199829101562,0.0
2020-08-04,177.9782257080078,0.0
2020-08-05,188.8153076171875,0.0
2020-08-06,184.2303771972656,0.0
2020-08-07,187.14805603027344,0.0
2020-08-10,205.4877319335937,0.0
2020-08-11,211.3230895996093,0.0
2020-08-12,232.16363525390625,0.0
2020-08-13,224.66102600097656,0.0
2020-08-14,229.24595642089844,0.0
2020-08-17,233.4140625,0.0
2020-08-18,255.50503540039065,0.0
2020-08-19,280.513671875,0.0
2020-08-20,252.5873565673828,0.0
2020-08-21,244.6679534912109,0.0
2020-08-24,249.2528686523437,0.0
2020-08-25,252.5873565673828,0.0
2020-08-26,275.0951538085937,0.0
2020-08-27,267.1757507324219,0.0
2020-08-28,268.4261779785156,0.0
2020-08-31,283.0145568847656,0.0
2020-09-01,275.0951538085937,0.0
2020-09-02,274.6783447265625,0.0
2020-09-03,255.0882263183593,0.0
2020-09-04,250.08648681640625,0.0
2020-09-07,236.3317413330078,0.0
2020-09-08,258.0058898925781,0.0
2020-09-09,251.7537384033203,0.0
2020-09-10,251.33692932128903,0.0
2020-09-11,255.0882263183593,0.0
2020-09-14,260.5067749023437,0.0
2020-09-15,273.8446960449219,0.0
2020-09-16,270.5102233886719,0.0
2020-09-17,278.846435546875,0.0
2020-09-18,305.93914794921875,0.0
2020-09-21,299.6869812011719,0.0
2020-09-22,277.59600830078125,0.0
2020-09-23,280.09686279296875,0.0
2020-09-24,288.0162658691406,0.0
2020-09-25,297.6029357910156,0.0
2020-09-28,286.3490295410156,0.0
2020-09-29,275.92877197265625,0.0
2020-09-30,285.0986022949219,0.0
2020-10-05,286.7658386230469,0.0
2020-10-06,285.0986022949219,0.0
2020-10-07,282.1809387207031,0.0
2020-10-08,291.35076904296875,0.0
2020-10-12,290.9339599609375,0.0
2020-10-13,292.18438720703125,0.0
2020-10-14,288.0162658691406,0.0
2020-10-15,281.7641296386719,0.0
2020-10-16,286.7658386230469,0.0
2020-10-19,287.5994567871094,0.0
2020-10-20,292.6011962890625,0.0
2020-10-21,289.6835327148437,0.0
2020-10-22,285.9322204589844,0.0
2020-10-23,285.9322204589844,0.0
2020-10-26,266.7589111328125,0.0
2020-10-27,270.5102233886719,0.0
2020-10-28,247.58563232421875,0.0
2020-10-29,248.41925048828125,0.0
2020-10-30,244.2511444091797,0.0
2020-11-02,240.08303833007807,0.0
2020-11-03,233.83087158203125,0.0
2020-11-04,241.75027465820312,0.0
2020-11-05,243.4175262451172,0.0
2020-11-06,246.75201416015625,0.0
2020-11-09,237.5821685791016,0.0
2020-11-10,226.74508666992188,0.0
2020-11-11,232.5804443359375,0.0
2020-11-12,220.492919921875,0.0
2020-11-13,223.8274078369141,0.0
2020-11-16,220.90972900390625,0.0
2020-11-17,230.91319274902344,0.0
2020-11-18,239.24940490722656,0.0
2020-11-19,233.83087158203125,0.0
2020-11-20,228.41232299804688,0.0
2020-11-23,231.3300018310547,0.0
2020-11-24,228.8291473388672,0.0
2020-11-25,230.0795745849609,0.0
2020-11-26,235.081298828125,0.0
2020-11-27,243.4175262451172,0.0
2020-11-30,238.4157867431641,0.0
2020-12-01,228.41232299804688,0.0
2020-12-02,222.9937896728516,0.0
2020-12-03,216.7416229248047,0.0
2020-12-04,221.7433624267578,0.0
2020-12-07,212.9903259277344,0.0
2020-12-08,196.7347106933593,0.0
2020-12-09,195.48426818847656,0.0
2020-12-10,180.06227111816406,0.0
2020-12-11,197.98513793945312,0.0
2020-12-14,198.8187561035156,0.0
2020-12-15,188.39849853515625,0.0
2020-12-16,207.1549835205078,0.0
2020-12-17,200.4860076904297,0.0
2020-12-18,198.8187561035156,0.0
2020-12-21,194.6506500244141,0.0
2020-12-22,197.56832885742188,0.0
2020-12-23,194.2338409423828,0.0
2020-12-24,188.39849853515625,0.0
2020-12-25,192.5666046142578,0.0
2020-12-28,203.82049560546875,0.0
2020-12-29,201.73643493652344,0.0
2020-12-30,205.4877319335937,0.0
2020-12-31,200.9028167724609,0.0
2021-01-04,190.8993530273437,0.0
2021-01-05,192.14979553222656,0.0
2021-01-06,187.981674194336,0.0
2021-01-07,187.5648651123047,0.0
2021-01-08,185.48081970214844,0.0
2021-01-11,177.14459228515625,0.0
2021-01-12,177.9782257080078,0.0
2021-01-13,168.39157104492188,0.0
2021-01-14,157.5544891357422,0.0
2021-01-15,165.8907012939453,0.0
2021-01-18,175.060546875,0.0
2021-01-19,171.72605895996094,0.0
2021-01-20,172.55967712402344,0.0
2021-01-21,177.9782257080078,0.0
2021-01-22,172.55967712402344,0.0
2021-01-25,169.22518920898438,0.0
2021-01-26,162.55621337890625,0.0
2021-01-27,162.55621337890625,0.0
2021-01-28,160.47216796875,0.0
2021-01-29,153.80319213867188,0.0
2021-02-01,153.80319213867188,0.0
2021-02-02,165.0570831298828,0.0
2021-02-03,165.47389221191406,0.0
2021-02-04,166.72433471679688,0.0
2021-02-05,183.39675903320312,0.0
2021-02-17,173.39329528808594,0.0
2021-02-18,175.060546875,0.0
2021-02-19,192.5666046142578,0.0
2021-02-22,211.73989868164065,0.0
2021-02-23,218.40887451171875,0.0
2021-02-24,240.08303833007807,0.0
2021-02-25,225.07785034179688,0.0
2021-02-26,217.158432006836,0.0
2021-03-02,204.2373046875,0.0
2021-03-03,212.9903259277344,0.0
2021-03-04,209.2390289306641,0.0
2021-03-05,220.90972900390625,0.0
2021-03-08,208.4054107666016,0.0
2021-03-09,210.07264709472656,0.0
2021-03-10,210.07264709472656,0.0
2021-03-11,219.24249267578125,0.0
2021-03-12,217.57525634765625,0.0
2021-03-15,218.40887451171875,0.0
2021-03-16,217.9920654296875,0.0
2021-03-17,215.0743865966797,0.0
2021-03-18,215.0743865966797,0.0
2021-03-19,209.6558380126953,0.0
2021-03-22,205.4877319335937,0.0
2021-03-23,208.4054107666016,0.0
2021-03-24,211.3230895996093,0.0
2021-03-25,208.4054107666016,0.0
2021-03-26,210.48947143554688,0.0
2021-03-29,230.91319274902344,0.0
2021-03-30,227.5787048339844,0.0
2021-03-31,220.492919921875,0.0
2021-04-01,222.5769805908203,0.0
2021-04-07,215.0743865966797,0.0
2021-04-08,210.07264709472656,0.0
2021-04-09,210.90628051757807,0.0
2021-04-12,211.73989868164065,0.0
2021-04-13,208.4054107666016,0.0
2021-04-14,201.73643493652344,0.0
2021-04-15,200.9028167724609,0.0
2021-04-16,201.3196258544922,0.0
2021-04-19,195.48426818847656,0.0
2021-04-20,195.48426818847656,0.0
2021-04-21,196.31790161132807,0.0
2021-04-22,189.23211669921875,0.0
2021-04-23,182.1463317871093,0.0
2021-04-26,178.39503479003906,0.0
2021-04-27,195.90109252929688,0.0
2021-04-28,187.981674194336,0.0
2021-04-29,196.7347106933593,0.0
2021-05-03,193.8170318603516,0.0
2021-05-04,183.39675903320312,0.0
2021-05-05,182.56314086914065,0.0
2021-05-06,178.39503479003906,0.0
2021-05-07,195.90109252929688,0.0
2021-05-10,191.316162109375,0.0
2021-05-11,187.981674194336,0.0
2021-05-12,184.647201538086,0.0
2021-05-13,181.72952270507807,0.0
2021-05-14,180.4790802001953,0.0
2021-05-17,163.3898468017578,0.0
2021-05-18,173.39329528808594,0.0
2021-05-19,167.97476196289062,0.0
2021-05-20,165.8907012939453,0.0
2021-05-21,171.3092498779297,0.0
2021-05-24,170.05880737304688,0.0
2021-05-25,168.80838012695312,0.0
2021-05-26,177.56141662597656,0.0
2021-05-27,172.55967712402344,0.0
2021-05-28,172.55967712402344,0.0
2021-05-31,170.4756317138672,0.0
2021-06-01,172.1428680419922,0.0
2021-06-02,170.89244079589844,0.0
2021-06-03,170.4756317138672,0.0
2021-06-04,171.72605895996094,0.0
2021-06-07,169.22518920898438,0.0
2021-06-08,169.22518920898438,0.0
2021-06-09,176.31097412109375,0.0
2021-06-10,193.8170318603516,0.0
2021-06-11,185.48081970214844,0.0
2021-06-15,184.647201538086,0.0
2021-06-16,182.97994995117188,0.0
2021-06-17,181.72952270507807,0.0
2021-06-18,184.2303771972656,0.0
2021-06-21,176.727783203125,0.0
2021-06-22,172.55967712402344,0.0
2021-06-23,172.9764862060547,0.0
2021-06-24,175.47735595703125,0.0
2021-06-25,175.8941650390625,0.0
2021-06-28,184.2303771972656,0.0
2021-06-29,182.56314086914065,0.0
2021-06-30,193.4002227783203,0.0
2021-07-01,189.64892578125,0.0
2021-07-02,187.5648651123047,0.0
2021-07-05,182.56314086914065,0.0
2021-07-06,175.8941650390625,0.0
2021-07-07,174.64373779296875,0.0
2021-07-08,174.2269287109375,0.0
2021-07-09,172.9764862060547,0.0
2021-07-12,174.2269287109375,0.0
2021-07-13,169.64199829101562,0.0
2021-07-14,169.64199829101562,0.0
2021-07-15,172.1428680419922,0.0
2021-07-16,170.4756317138672,0.0
2021-07-19,169.22518920898438,0.0
2021-07-20,167.97476196289062,0.0
2021-07-21,164.2234649658203,0.0
2021-07-22,162.97303771972656,0.0
2021-07-23,163.3898468017578,0.0
2021-07-26,160.47216796875,0.0
2021-07-27,154.22000122070312,0.0
2021-07-28,149.6350860595703,0.0
2021-07-29,160.88897705078125,0.0
2021-07-30,160.88897705078125,0.0
2021-08-02,162.55621337890625,0.0
2021-08-03,165.0570831298828,0.0
2021-08-04,163.3898468017578,0.0
2021-08-05,166.72433471679688,0.0
2021-08-06,167.55795288085938,0.0
2021-08-09,159.22174072265625,0.0
2021-08-10,156.7208709716797,0.0
2021-08-11,155.05361938476562,0.0
2021-08-12,160.88897705078125,0.0
2021-08-13,162.55621337890625,0.0
2021-08-16,158.3881072998047,0.0
2021-08-17,158.3881072998047,0.0
2021-08-18,157.5544891357422,0.0
2021-08-19,154.22000122070312,0.0
2021-08-20,152.96957397460938,0.0
2021-08-23,152.55276489257812,0.0
2021-08-24,151.71913146972656,0.0
2021-08-25,150.4687042236328,0.0
2021-08-26,165.47389221191406,0.0
2021-08-27,162.97303771972656,0.0
2021-08-30,159.22174072265625,0.0
2021-08-31,160.88897705078125,0.0
2021-09-01,160.88897705078125,0.0
2021-09-02,159.22174072265625,0.0
2021-09-03,159.6385498046875,0.0
2021-09-06,162.55621337890625,0.0
2021-09-07,162.55621337890625,0.0
2021-09-08,158.80491638183594,0.0
2021-09-09,159.22174072265625,0.0
2021-09-10,158.3881072998047,0.0
2021-09-13,157.97129821777344,0.0
2021-09-14,155.05361938476562,0.0
2021-09-15,154.22000122070312,0.0
2021-09-16,152.96957397460938,0.0
2021-09-17,152.55276489257812,0.0
2021-09-22,153.80319213867188,0.0
2021-09-23,160.47216796875,0.0
2021-09-24,159.22174072265625,0.0
2021-09-27,158.3881072998047,0.0
2021-09-28,157.97129821777344,0.0
2021-09-29,154.22000122070312,0.0
2021-09-30,154.22000122070312,0.0
2021-10-01,152.55276489257812,0.0
2021-10-04,147.551025390625,0.0
2021-10-05,143.38291931152344,0.0
2021-10-06,138.38119506835938,0.0
2021-10-07,139.63162231445312,0.0
2021-10-08,140.46524047851562,0.0
2021-10-12,150.4687042236328,0.0
2021-10-13,149.6350860595703,0.0
2021-10-14,164.2234649658203,0.0
2021-10-15,178.8118438720703,0.0
2021-10-18,194.2338409423828,0.0
2021-10-19,199.235580444336,0.0
2021-10-20,212.57351684570312,0.0
2021-10-21,212.57351684570312,0.0
2021-10-22,212.15670776367188,0.0
2021-10-25,221.7433624267578,0.0
2021-10-26,218.40887451171875,0.0
2021-10-27,204.2373046875,0.0
2021-10-28,224.66102600097656,0.0
2021-10-29,218.40887451171875,0.0
2021-11-01,218.40887451171875,0.0
2021-11-02,231.3300018310547,0.0
2021-11-03,208.4054107666016,0.0
2021-11-04,202.570053100586,0.0
2021-11-05,200.9028167724609,0.0
2021-11-08,203.82049560546875,0.0
2021-11-09,211.73989868164065,0.0
2021-11-10,208.4054107666016,0.0
2021-11-11,204.65411376953125,0.0
2021-11-12,213.823959350586,0.0
2021-11-15,213.4071350097656,0.0
2021-11-16,210.07264709472656,0.0
2021-11-17,214.2407684326172,0.0
2021-11-18,235.49810791015625,0.0
2021-11-19,235.91493225097656,0.0
2021-11-22,249.669677734375,0.0
2021-11-23,247.58563232421875,0.0
2021-11-24,272.1774597167969,0.0
2021-11-25,248.41925048828125,0.0
2021-11-26,255.0882263183593,0.0
2021-11-29,229.6627655029297,0.0
2021-11-30,248.00244140625,0.0
2021-12-01,240.91665649414065,0.0
2021-12-02,241.33346557617188,0.0
2021-12-03,242.5838928222656,0.0
2021-12-06,247.1688232421875,0.0
2021-12-07,245.9183807373047,0.0
2021-12-08,250.50331115722656,0.0
2021-12-09,248.00244140625,0.0
2021-12-10,251.7537384033203,0.0
2021-12-13,251.33692932128903,0.0
2021-12-14,237.5821685791016,0.0
2021-12-15,240.4998474121093,0.0
2021-12-16,240.4998474121093,0.0
2021-12-17,243.00070190429688,0.0
2021-12-20,236.74855041503903,0.0
2021-12-21,239.24940490722656,0.0
2021-12-22,237.5821685791016,0.0
2021-12-23,242.5838928222656,0.0
2021-12-24,239.24940490722656,0.0
2021-12-27,233.83087158203125,0.0
2021-12-28,239.66622924804688,0.0
2021-12-29,239.24940490722656,0.0
2021-12-30,239.66622924804688,0.0
2022-01-03,231.746810913086,0.0
2022-01-04,230.91319274902344,0.0
2022-01-05,229.6627655029297,0.0
2022-01-06,222.5769805908203,0.0
2022-01-07,220.90972900390625,0.0
2022-01-10,220.90972900390625,0.0
2022-01-11,215.4911956787109,0.0
2022-01-12,211.3230895996093,0.0
2022-01-13,212.57351684570312,0.0
2022-01-14,202.98687744140625,0.0
2022-01-17,209.6558380126953,0.0
2022-01-18,206.73817443847656,0.0
2022-01-19,205.0709228515625,0.0
2022-01-20,204.65411376953125,0.0
2022-01-21,199.6523895263672,0.0
2022-01-24,197.56832885742188,0.0
2022-01-25,191.316162109375,0.0
2022-01-26,199.235580444336,0.0
2022-02-07,205.0709228515625,0.0
2022-02-08,215.0743865966797,0.0
2022-02-09,212.57351684570312,0.0
2022-02-10,209.2390289306641,0.0
2022-02-11,204.65411376953125,0.0
2022-02-14,202.570053100586,0.0
2022-02-15,202.1532440185547,0.0
2022-02-16,215.9080047607422,0.0
2022-02-17,212.9903259277344,0.0
2022-02-18,215.9080047607422,0.0
2022-02-21,216.32481384277344,0.0
2022-02-22,211.3230895996093,0.0
2022-02-23,215.0743865966797,0.0
2022-02-24,201.3196258544922,0.0
2022-02-25,206.32135009765625,0.0
2022-03-01,209.6558380126953,0.0
2022-03-02,210.48947143554688,0.0
2022-03-03,205.904541015625,0.0
2022-03-04,200.9028167724609,0.0
2022-03-07,187.14805603027344,0.0
2022-03-08,178.8118438720703,0.0
2022-03-09,176.727783203125,0.0
2022-03-10,180.06227111816406,0.0
2022-03-11,175.8941650390625,0.0
2022-03-14,174.64373779296875,0.0
2022-03-15,167.14114379882812,0.0
2022-03-16,167.14114379882812,0.0
2022-03-17,183.8135681152344,0.0
2022-03-18,190.4825439453125,0.0
2022-03-21,188.8153076171875,0.0
2022-03-22,191.316162109375,0.0
2022-03-23,189.23211669921875,0.0
2022-03-24,188.39849853515625,0.0
2022-03-25,185.8976287841797,0.0
2022-03-28,185.8976287841797,0.0
2022-03-29,194.6506500244141,0.0
2022-03-30,190.06573486328125,0.0
2022-03-31,178.8118438720703,0.0
2022-04-01,175.8941650390625,0.0
2022-04-06,175.060546875,0.0
2022-04-07,173.81011962890625,0.0
2022-04-08,172.55967712402344,0.0
2022-04-11,167.55795288085938,0.0
2022-04-12,167.14114379882812,0.0
2022-04-13,167.55795288085938,0.0
2022-04-14,167.14114379882812,0.0
2022-04-15,165.47389221191406,0.0
2022-04-18,165.47389221191406,0.0
2022-04-19,164.64027404785156,0.0
2022-04-20,164.2234649658203,0.0
2022-04-21,180.4790802001953,0.0
2022-04-22,172.9764862060547,0.0
2022-04-25,165.8907012939453,0.0
2022-04-26,163.80665588378906,0.0
2022-04-27,163.3898468017578,0.0
2022-04-28,163.3898468017578,0.0
2022-04-29,162.139404296875,0.0
2022-05-03,167.14114379882812,0.0
2022-05-04,167.97476196289062,0.0
2022-05-05,165.8907012939453,0.0
2022-05-06,162.97303771972656,0.0
2022-05-09,158.3881072998047,0.0
2022-05-10,155.05361938476562,0.0
2022-05-11,155.8872528076172,0.0
2022-05-12,155.8872528076172,0.0
2022-05-13,154.22000122070312,0.0
2022-05-16,153.80319213867188,0.0
2022-05-17,150.05189514160156,0.0
2022-05-18,151.3023223876953,0.0
2022-05-19,147.96783447265625,0.0
2022-05-20,150.4687042236328,0.0
2022-05-23,150.05189514160156,0.0
2022-05-24,147.13421630859375,0.0
2022-05-25,147.96783447265625,0.0
2022-05-26,150.88551330566406,0.0
2022-05-27,153.38638305664062,0.0
2022-05-30,153.38638305664062,0.0
2022-05-31,157.97129821777344,0.0
2022-06-01,152.96957397460938,0.0
2022-06-02,150.88551330566406,0.0
2022-06-06,145.8837890625,0.0
2022-06-07,142.9661102294922,0.0
2022-06-08,142.9661102294922,0.0
2022-06-09,150.88551330566406,0.0
2022-06-10,150.4687042236328,0.0
2022-06-13,143.38291931152344,0.0
2022-06-14,143.38291931152344,0.0
2022-06-15,150.4687042236328,0.0
2022-06-16,160.05535888671875,0.0
2022-06-17,161.72259521484375,0.0
2022-06-20,157.97129821777344,0.0
2022-06-21,166.72433471679688,0.0
2022-06-22,164.2234649658203,0.0
2022-06-23,164.2234649658203,0.0
2022-06-24,175.060546875,0.0
2022-06-27,169.22518920898438,0.0
2022-06-28,157.13768005371094,0.0
2022-06-29,161.72259521484375,0.0
2022-06-30,146.30059814453125,0.0
2022-07-01,140.88206481933594,0.0
2022-07-04,132.1290283203125,0.0
2022-07-05,145.0501708984375,0.0
2022-07-06,139.21481323242188,0.0
2022-07-07,140.46524047851562,0.0
2022-07-08,140.04843139648438,0.0
2022-07-11,141.71568298339844,0.0
2022-07-12,137.96438598632812,0.0
2022-07-13,140.04843139648438,0.0
2022-07-14,141.2988739013672,0.0
2022-07-15,139.21481323242188,0.0
2022-07-18,142.1324920654297,0.0
2022-07-19,143.7997283935547,0.0
2022-07-20,145.8837890625,0.0
2022-07-21,152.55276489257812,0.0
2022-07-22,155.05361938476562,0.0
2022-07-25,159.6385498046875,0.0
2022-07-26,155.05361938476562,0.0
2022-07-27,155.05361938476562,0.0
2022-07-28,157.5544891357422,0.0
2022-07-29,157.13768005371094,0.0
2022-08-01,152.96957397460938,0.0
2022-08-02,145.46697998046875,0.0
2022-08-03,142.54930114746094,0.0
2022-08-04,142.1324920654297,0.0
2022-08-05,146.30059814453125,0.0
2022-08-08,142.54930114746094,0.0
2022-08-09,142.1324920654297,0.0
2022-08-10,140.88206481933594,0.0
2022-08-11,141.2988739013672,0.0
2022-08-12,142.54930114746094,0.0
2022-08-15,144.63336181640625,0.0
2022-08-16,143.38291931152344,0.0
2022-08-17,141.71568298339844,0.0
2022-08-18,143.7997283935547,0.0
2022-08-19,152.13595581054688,0.0
2022-08-22,167.14114379882812,0.0
2022-08-23,183.8135681152344,0.0
2022-08-24,202.1532440185547,0.0
2022-08-25,216.7416229248047,0.0
2022-08-26,236.74855041503903,0.0
2022-08-29,236.74855041503903,0.0
2022-08-30,236.3317413330078,0.0
2022-08-31,246.75201416015625,0.0
2022-09-01,248.41925048828125,0.0
2022-09-02,241.75027465820312,0.0
2022-09-05,231.3300018310547,0.0
2022-09-06,223.8274078369141,0.0
2022-09-07,231.746810913086,0.0
2022-09-08,237.1653594970703,0.0
2022-09-12,243.00070190429688,0.0
2022-09-13,237.5821685791016,0.0
2022-09-14,244.6679534912109,0.0
2022-09-15,227.16189575195312,0.0
2022-09-16,226.32827758789065,0.0
2022-09-19,217.158432006836,0.0
2022-09-20,216.7416229248047,0.0
2022-09-21,213.4071350097656,0.0
2022-09-22,216.32481384277344,0.0
2022-09-23,222.5769805908203,0.0
2022-09-26,204.65411376953125,0.0
2022-09-27,202.1532440185547,0.0
2022-09-28,188.39849853515625,0.0
2022-09-29,207.1549835205078,0.0
2022-09-30,210.48947143554688,0.0
2022-10-03,194.6506500244141,0.0
2022-10-04,200.06919860839844,0.0
2022-10-05,204.65411376953125,0.0
2022-10-06,216.32481384277344,0.0
2022-10-07,214.2407684326172,0.0
2022-10-11,203.82049560546875,0.0
2022-10-12,210.07264709472656,0.0
2022-10-13,195.48426818847656,0.0
2022-10-14,202.98687744140625,0.0
2022-10-17,199.235580444336,0.0
2022-10-18,195.90109252929688,0.0
2022-10-19,192.98341369628903,0.0
2022-10-20,189.64892578125,0.0
2022-10-21,179.22865295410156,0.0
2022-10-24,180.06227111816406,0.0
2022-10-25,175.47735595703125,0.0
2022-10-26,175.8941650390625,0.0
2022-10-27,193.4002227783203,0.0
2022-10-28,186.3144378662109,0.0
2022-10-31,190.06573486328125,0.0
2022-11-01,199.6523895263672,0.0
2022-11-02,201.73643493652344,0.0
2022-11-03,205.0709228515625,0.0
2022-11-04,206.32135009765625,0.0
2022-11-07,205.0709228515625,0.0
2022-11-08,202.570053100586,0.0
2022-11-09,202.98687744140625,0.0
2022-11-10,202.570053100586,0.0
2022-11-11,210.48947143554688,0.0
2022-11-14,208.4054107666016,0.0
2022-11-15,207.9886016845703,0.0
2022-11-16,213.823959350586,0.0
2022-11-17,215.9080047607422,0.0
2022-11-18,229.24595642089844,0.0
2022-11-21,226.74508666992188,0.0
2022-11-22,219.6593017578125,0.0
2022-11-23,241.33346557617188,0.0
2022-11-24,241.75027465820312,0.0
2022-11-25,234.2476806640625,0.0
2022-11-28,245.9183807373047,0.0
2022-11-29,239.24940490722656,0.0
2022-11-30,238.4157867431641,0.0
2022-12-01,243.00070190429688,0.0
2022-12-02,245.50157165527344,0.0
2022-12-05,247.58563232421875,0.0
2022-12-06,232.5804443359375,0.0
2022-12-07,229.24595642089844,0.0
2022-12-08,222.5769805908203,0.0
2022-12-09,216.7416229248047,0.0
2022-12-12,214.2407684326172,0.0
2022-12-13,211.3230895996093,0.0
2022-12-14,215.9080047607422,0.0
2022-12-15,205.904541015625,0.0
2022-12-16,202.570053100586,0.0
2022-12-19,201.3196258544922,0.0
2022-12-20,197.15151977539065,0.0
2022-12-21,199.235580444336,0.0
2022-12-22,218.82568359375,0.0
2022-12-23,216.32481384277344,0.0
2022-12-26,215.0743865966797,0.0
2022-12-27,220.492919921875,0.0
2022-12-28,214.2407684326172,0.0
2022-12-29,202.570053100586,0.0
2022-12-30,204.65411376953125,0.0
2023-01-03,203.82049560546875,0.0
2023-01-04,200.06919860839844,0.0
2023-01-05,200.06919860839844,0.0
2023-01-06,201.3196258544922,0.0
2023-01-09,204.2373046875,0.0
2023-01-10,198.4019470214844,0.0
2023-01-11,197.56832885742188,0.0
2023-01-12,188.8153076171875,0.0
2023-01-13,193.4002227783203,0.0
2023-01-16,200.9028167724609,0.0
2023-01-17,203.82049560546875,0.0
2023-01-30,208.8222198486328,0.0
2023-01-31,224.2442169189453,0.0
2023-02-01,217.158432006836,0.0
2023-02-02,220.492919921875,0.0
2023-02-03,219.24249267578125,0.0
2023-02-06,220.90972900390625,0.0
2023-02-07,227.5787048339844,0.0
2023-02-08,240.08303833007807,0.0
2023-02-09,236.74855041503903,0.0
2023-02-10,241.75027465820312,0.0
2023-02-13,231.746810913086,0.0
2023-02-14,225.9114685058593,0.0
2023-02-15,226.32827758789065,0.0
2023-02-16,230.0795745849609,0.0
2023-02-17,229.6627655029297,0.0
2023-02-20,233.4140625,0.0
2023-02-21,230.0795745849609,0.0
2023-02-22,221.7433624267578,0.0
2023-02-23,222.16017150878903,0.0
2023-02-24,218.40887451171875,0.0
2023-03-01,217.57525634765625,0.0
2023-03-02,225.49465942382807,0.0
2023-03-03,222.5769805908203,0.0
2023-03-06,224.66102600097656,0.0
2023-03-07,222.5769805908203,0.0
2023-03-08,220.0761108398437,0.0
2023-03-09,220.0761108398437,0.0
2023-03-10,215.4911956787109,0.0
2023-03-13,213.823959350586,0.0
2023-03-14,211.3230895996093,0.0
2023-03-15,216.7416229248047,0.0
2023-03-16,208.8222198486328,0.0
2023-03-17,211.73989868164065,0.0
2023-03-20,212.15670776367188,0.0
2023-03-21,212.15670776367188,0.0
2023-03-22,217.158432006836,0.0
2023-03-23,217.9920654296875,0.0
2023-03-24,224.2442169189453,0.0
2023-03-27,224.2442169189453,0.0
2023-03-28,217.9920654296875,0.0
2023-03-29,225.49465942382807,0.0
2023-03-30,225.49465942382807,0.0
2023-03-31,222.5769805908203,0.0
2023-04-06,226.32827758789065,0.0
2023-04-07,227.16189575195312,0.0
2023-04-10,222.9937896728516,0.0
2023-04-11,222.5769805908203,0.0
2023-04-12,225.07785034179688,0.0
2023-04-13,232.5804443359375,0.0
2023-04-14,228.8291473388672,0.0
2023-04-17,229.24595642089844,0.0
2023-04-18,232.16363525390625,0.0
2023-04-19,234.2476806640625,0.0
2023-04-20,225.49465942382807,0.0
2023-04-21,210.90628051757807,0.0
2023-04-24,209.2390289306641,0.0
2023-04-25,201.73643493652344,0.0
2023-04-26,199.6523895263672,0.0
2023-04-27,198.4019470214844,0.0
2023-04-28,200.9028167724609,0.0
2023-05-02,207.1549835205078,0.0
2023-05-03,204.65411376953125,0.0
2023-05-04,205.904541015625,0.0
2023-05-05,204.2373046875,0.0
2023-05-08,199.6523895263672,0.0
2023-05-09,199.6523895263672,0.0
2023-05-10,202.1532440185547,0.0
2023-05-11,197.56832885742188,0.0
2023-05-12,186.7312469482422,0.0
2023-05-15,184.2303771972656,0.0
2023-05-16,188.39849853515625,0.0
2023-05-17,190.8993530273437,0.0
2023-05-18,189.23211669921875,0.0
2023-05-19,186.3144378662109,0.0
2023-05-22,190.4825439453125,0.0
2023-05-23,193.4002227783203,0.0
2023-05-24,190.4825439453125,0.0
2023-05-25,187.5648651123047,0.0
2023-05-26,183.8135681152344,0.0
2023-05-29,187.14805603027344,0.0
2023-05-30,185.8976287841797,0.0
2023-05-31,192.14979553222656,0.0
2023-06-01,190.06573486328125,0.0
2023-06-02,199.6523895263672,0.0
2023-06-05,196.7347106933593,0.0
2023-06-06,199.6523895263672,0.0
2023-06-07,200.06919860839844,0.0
2023-06-08,194.6506500244141,0.0
2023-06-09,199.235580444336,0.0
2023-06-12,200.9028167724609,0.0
2023-06-13,200.06919860839844,0.0
2023-06-14,197.15151977539065,0.0
2023-06-15,192.14979553222656,0.0
2023-06-16,205.7206573486328,0.093713
2023-06-19,205.7206573486328,0.0
2023-06-20,205.24444580078125,0.0
2023-06-21,200.0061950683593,0.0
2023-06-26,199.5299835205078,0.0
2023-06-27,209.53028869628903,0.0
2023-06-28,209.05409240722656,0.0
2023-06-29,209.53028869628903,0.0
2023-06-30,205.7206573486328,0.0
2023-07-03,201.9110107421875,0.0
2023-07-04,200.0061950683593,0.0
2023-07-05,199.0537872314453,0.0
2023-07-06,196.1965484619141,0.0
2023-07-07,195.244140625,0.0
2023-07-10,198.1013641357422,0.0
2023-07-11,195.7203369140625,0.0
2023-07-12,192.38690185546875,0.0
2023-07-13,183.3390045166016,0.0
2023-07-14,188.5772705078125,0.0
2023-07-17,200.0061950683593,0.0
2023-07-18,192.8631134033203,0.0
2023-07-19,198.1013641357422,0.0
2023-07-20,200.95860290527344,0.0
2023-07-21,195.244140625,0.0
2023-07-24,193.8155212402344,0.0
2023-07-25,196.6727600097656,0.0
2023-07-26,190.9582977294922,0.0
2023-07-27,190.48208618164065,0.0
2023-07-28,189.053466796875,0.0
2023-07-31,184.7676239013672,0.0
2023-08-01,185.24383544921875,0.0
2023-08-02,180.0055694580078,0.0
2023-08-04,182.86280822753903,0.0
2023-08-07,179.05316162109375,0.0
2023-08-08,175.24351501464844,0.0
2023-08-09,175.24351501464844,0.0
2023-08-10,174.76731872558594,0.0
2023-08-11,175.7197265625,0.0
2023-08-14,167.1480255126953,0.0
2023-08-15,172.38629150390625,0.0
2023-08-16,177.62454223632812,0.0
2023-08-17,177.62454223632812,0.0
2023-08-18,175.24351501464844,0.0
2023-08-21,179.5293731689453,0.0
2023-08-22,174.76731872558594,0.0
2023-08-23,173.3386993408203,0.0
2023-08-24,172.38629150390625,0.0
2023-08-25,172.86248779296875,0.0
2023-08-28,173.8148956298828,0.0
2023-08-29,179.05316162109375,0.0
2023-08-30,188.5772705078125,0.0
2023-08-31,189.053466796875,0.0
2023-09-01,185.72003173828125,0.0
2023-09-04,185.72003173828125,0.0
2023-09-05,172.86248779296875,0.0
2023-09-06,170.48146057128906,0.0
2023-09-07,169.0528564453125,0.0
2023-09-08,170.48146057128906,0.0
2023-09-11,170.48146057128906,0.0
2023-09-12,171.9100799560547,0.0
2023-09-13,171.4338836669922,0.0
2023-09-14,174.29110717773438,0.0
2023-09-15,177.14834594726562,0.0
2023-09-18,176.1959228515625,0.0
2023-09-19,172.38629150390625,0.0
2023-09-20,170.95767211914062,0.0
2023-09-21,168.10044860839844,0.0
2023-09-22,168.10044860839844,0.0
2023-09-25,170.00526428222656,0.0
2023-09-26,165.2432098388672,0.0
2023-09-27,168.57664489746094,0.0
2023-09-28,166.19561767578125,0.0
2023-10-02,168.10044860839844,0.0
2023-10-03,163.81459045410156,0.0
2023-10-04,160.4811553955078,0.0
2023-10-05,165.71942138671875,0.0
2023-10-06,168.10044860839844,0.0
2023-10-11,168.10044860839844,0.0
2023-10-12,167.62423706054688,0.0
2023-10-13,165.2432098388672,0.0
2023-10-16,172.86248779296875,0.0
2023-10-17,171.4338836669922,0.0
2023-10-18,166.6718292236328,0.0
2023-10-19,181.43418884277344,0.0
2023-10-20,174.76731872558594,0.0
2023-10-23,180.0055694580078,0.0
2023-10-24,180.4817810058593,0.0
2023-10-25,185.24383544921875,0.0
2023-10-26,187.6248474121093,0.0
2023-10-27,193.8155212402344,0.0
2023-10-30,188.5772705078125,0.0
2023-10-31,186.6724395751953,0.0
2023-11-01,186.1962432861328,0.0
2023-11-02,182.86280822753903,0.0
2023-11-03,183.81521606445312,0.0
2023-11-06,188.5772705078125,0.0
2023-11-07,207.1492614746093,0.0
2023-11-08,215.7209625244141,0.0
2023-11-09,219.5306091308593,0.0
2023-11-10,210.00650024414065,0.0
2023-11-13,207.6254730224609,0.0
2023-11-14,201.434799194336,0.0
2023-11-15,203.8158264160156,0.0
2023-11-16,201.434799194336,0.0
2023-11-17,196.6727600097656,0.0
2023-11-20,196.1965484619141,0.0
2023-11-21,195.7203369140625,0.0
2023-11-22,194.76792907714844,0.0
2023-11-23,194.291732788086,0.0
2023-11-24,195.244140625,0.0
2023-11-27,194.291732788086,0.0
2023-11-28,194.291732788086,0.0
2023-11-29,198.1013641357422,0.0
2023-11-30,195.244140625,0.0
2023-12-01,195.244140625,0.0
2023-12-04,195.244140625,0.0
2023-12-05,188.5772705078125,0.0
2023-12-06,186.1962432861328,0.0
2023-12-07,184.2914123535156,0.0
2023-12-08,184.2914123535156,0.0
2023-12-11,181.910385131836,0.0
2023-12-12,185.24383544921875,0.0
2023-12-13,181.910385131836,0.0
2023-12-14,183.81521606445312,0.0
2023-12-15,187.14865112304688,0.0
2023-12-18,184.2914123535156,0.0
2023-12-19,182.3865966796875,0.0
2023-12-20,182.3865966796875,0.0
2023-12-21,183.3390045166016,0.0
2023-12-22,185.24383544921875,0.0
2023-12-25,183.3390045166016,0.0
2023-12-26,187.6248474121093,0.0
2023-12-27,187.14865112304688,0.0
2023-12-28,183.3390045166016,0.0
2023-12-29,185.24383544921875,0.0
2024-01-02,184.2914123535156,0.0
2024-01-03,182.86280822753903,0.0
2024-01-04,174.29110717773438,0.0
2024-01-05,175.7197265625,0.0
2024-01-08,174.76731872558594,0.0
2024-01-09,173.3386993408203,0.0
2024-01-10,174.76731872558594,0.0
2024-01-11,175.24351501464844,0.0
2024-01-12,171.4338836669922,0.0
2024-01-15,173.8148956298828,0.0
2024-01-16,169.0528564453125,0.0
2024-01-17,164.29080200195312,0.0
2024-01-18,164.29080200195312,0.0
2024-01-19,167.1480255126953,0.0
2024-01-22,170.95767211914062,0.0
2024-01-23,170.95767211914062,0.0
2024-01-24,168.10044860839844,0.0
2024-01-25,165.71942138671875,0.0
2024-01-26,168.10044860839844,0.0
2024-01-29,167.1480255126953,0.0
2024-01-30,164.29080200195312,0.0
2024-01-31,164.76699829101562,0.0
2024-02-01,164.76699829101562,0.0
2024-02-02,165.71942138671875,0.0
2024-02-05,164.29080200195312,0.0
2024-02-15,164.76699829101562,0.0
2024-02-16,168.57664489746094,0.0
2024-02-19,169.529052734375,0.0
2024-02-20,169.529052734375,0.0
2024-02-21,168.57664489746094,0.0
2024-02-22,167.1480255126953,0.0
2024-02-23,168.10044860839844,0.0
2024-02-26,172.38629150390625,0.0
2024-02-27,168.57664489746094,0.0
2024-02-29,168.10044860839844,0.0
2024-03-01,165.71942138671875,0.0
2024-03-04,162.8621826171875,0.0
2024-03-05,160.4811553955078,0.0
2024-03-06,159.52874755859375,0.0
2024-03-07,175.24351501464844,0.0
2024-03-08,162.8621826171875,0.0
2024-03-11,162.38597106933594,0.0
2024-03-12,162.8621826171875,0.0
2024-03-13,159.0525360107422,0.0
2024-03-14,160.0049591064453,0.0
2024-03-15,160.0049591064453,0.0
2024-03-18,157.14772033691406,0.0
2024-03-19,157.14772033691406,0.0
2024-03-20,157.14772033691406,0.0
2024-03-21,164.29080200195312,0.0
2024-03-22,164.29080200195312,0.0
2024-03-25,164.29080200195312,0.0
2024-03-26,162.8621826171875,0.0
2024-03-27,165.71942138671875,0.0
2024-03-28,165.71942138671875,0.0
2024-03-29,165.71942138671875,0.0
2024-04-01,164.29080200195312,0.0
2024-04-02,164.29080200195312,0.0
2024-04-03,163.81459045410156,0.0
2024-04-08,165.71942138671875,0.0
2024-04-09,165.2432098388672,0.0
2024-04-10,166.6718292236328,0.0
2024-04-11,167.1480255126953,0.0
2024-04-12,163.81459045410156,0.0
2024-04-15,158.10012817382812,0.0
2024-04-16,151.43325805664062,0.0
2024-04-17,150.48085021972656,0.0
2024-04-18,149.5284423828125,0.0
2024-04-19,138.57571411132812,0.0
2024-04-22,141.90914916992188,0.0
2024-04-23,147.6236114501953,0.0
2024-04-24,146.19500732421875,0.0
2024-04-25,145.24258422851562,0.0
2024-04-26,145.7187957763672,0.0
2024-04-29,151.43325805664062,0.0
2024-04-30,150.95704650878906,0.0
2024-05-02,152.86187744140625,0.0
2024-05-03,150.48085021972656,0.0
2024-05-06,151.9094696044922,0.0
2024-05-07,148.57603454589844,0.0
2024-05-08,149.5284423828125,0.0
2024-05-09,145.24258422851562,0.0
2024-05-10,145.7187957763672,0.0
2024-05-13,142.38536071777344,0.0
2024-05-14,145.24258422851562,0.0
2024-05-15,146.67120361328125,0.0
2024-05-16,155.71910095214844,0.0
2024-05-17,151.43325805664062,0.0
2024-05-20,152.86187744140625,0.0
2024-05-21,149.05223083496094,0.0
2024-05-22,146.67120361328125,0.0
2024-05-23,147.6236114501953,0.0
2024-05-24,145.7187957763672,0.0
2024-05-27,144.76638793945312,0.0
2024-05-28,147.1474151611328,0.0
2024-05-29,146.19500732421875,0.0
2024-05-30,142.86155700683594,0.0
2024-05-31,143.3377685546875,0.0
2024-06-03,143.81398010253906,0.0
2024-06-04,144.76638793945312,0.0
2024-06-05,145.24258422851562,0.0
2024-06-06,142.38536071777344,0.0
2024-06-07,144.76638793945312,0.0
2024-06-11,144.29017639160156,0.0
2024-06-12,142.86155700683594,0.0
2024-06-13,141.43295288085938,0.0
2024-06-14,141.90914916992188,0.0
2024-06-17,143.81398010253906,0.0
2024-06-18,144.29017639160156,0.0
2024-06-19,142.38536071777344,0.0
2024-06-20,144.29017639160156,0.0
2024-06-21,144.29017639160156,0.0
2024-06-24,143.81398010253906,0.0
2024-06-25,144.76638793945312,0.0
2024-06-26,152.3856658935547,0.0
2024-06-27,150.004638671875,0.0
2024-06-28,156.1953125,0.0
2024-07-01,156.1953125,0.0
2024-07-02,151.43325805664062,0.0
2024-07-03,152.3856658935547,0.0
2024-07-04,150.004638671875,0.0
2024-07-05,151.43325805664062,0.0
2024-07-08,150.48085021972656,0.0
2024-07-09,149.5284423828125,0.0
2024-07-10,150.004638671875,0.0
2024-07-11,146.19500732421875,0.0
2024-07-12,146.67120361328125,0.0
2024-07-15,152.86187744140625,0.0
2024-07-16,152.3856658935547,0.0
2024-07-17,163.33839416503906,0.0
2024-07-18,161.90977478027344,0.0
2024-07-19,160.95736694335938,0.0
2024-07-22,176.67213439941406,0.0
2024-07-23,176.1959228515625,0.0
2024-07-26,170.0,0.0
2024-07-29,160.0,0.0
2024-07-30,162.5,0.0
2024-07-31,158.5,0.0
2024-08-01,161.0,0.0
2024-08-02,153.5,0.0
2024-08-05,138.5,0.0
2024-08-06,132.5,0.0
2024-08-07,139.0,0.0
2024-08-08,140.5,0.0
2024-08-09,141.5,0.0
2024-08-12,143.0,0.0
2024-08-13,142.0,0.0
2024-08-14,145.0,0.0
2024-08-15,147.5,0.0
2024-08-16,152.0,0.0
2024-08-19,151.5,0.0
2024-08-20,154.0,0.0
2024-08-21,155.0,0.0
2024-08-22,159.0,0.0
2024-08-23,158.5,0.0
2024-08-26,158.0,0.0
2024-08-27,162.0,0.0
2024-08-28,161.5,0.0
2024-08-29,158.0,0.0
2024-08-30,162.0,0.0
2024-09-02,158.5,0.0
2024-09-03,157.5,0.0
2024-09-04,150.0,0.0
2024-09-05,146.5,0.0
2024-09-06,145.5,0.0
2024-09-09,155.0,0.0
2024-09-10,150.5,0.0
2024-09-11,151.0,0.0
2024-09-12,157.0,0.0
2024-09-13,154.5,0.0
2024-09-16,146.5,0.0
2024-09-18,143.0,0.0
2024-09-19,145.0,0.0
2024-09-20,145.0,0.0
2024-09-23,141.5,0.0
2024-09-24,140.0,0.0
2024-09-25,142.0,0.0
2024-09-26,140.5,0.0
2024-09-27,141.5,0.0
2024-09-30,143.0,0.0
2024-10-01,144.5,0.0
2024-10-04,142.0,0.0
2024-10-07,139.0,0.0
2024-10-08,142.5,0.0
2024-10-09,139.0,0.0
2024-10-11,137.0,0.0
2024-10-14,138.5,0.0
2024-10-15,140.0,0.0
2024-10-16,138.5,0.0
2024-10-17,140.0,0.0
2024-10-18,139.0,0.0
2024-10-21,140.0,0.0
2024-10-22,139.0,0.0
2024-10-23,138.0,0.0
2024-10-24,138.0,0.0
2024-10-25,133.0,0.0
2024-10-28,130.5,0.0
2024-10-29,129.5,0.0
2024-10-30,128.5,0.0
2024-11-01,129.5,0.0
2024-11-04,127.5,0.0
2024-11-05,126.5,0.0
2024-11-06,122.0,0.0
2024-11-07,125.5,0.0
2024-11-08,123.5,0.0
2024-11-11,124.5,0.0
2024-11-12,115.5,0.0
2024-11-13,110.5,0.0
2024-11-14,106.5,0.0
2024-11-15,107.5,0.0
2024-11-18,101.5,0.0
2024-11-19,105.0,0.0
2024-11-20,106.5,0.0
2024-11-21,105.0,0.0
2024-11-22,103.5,0.0
2024-11-25,106.5,0.0
2024-11-26,107.0,0.0
2024-11-27,105.0,0.0
2024-11-28,101.5,0.0
2024-11-29,107.0,0.0
2024-12-02,105.0,0.0
2024-12-03,105.0,0.0
2024-12-04,106.0,0.0
2024-12-05,101.5,0.0
2024-12-06,94.5999984741211,0.0
2024-12-09,93.5,0.0
2024-12-10,95.5999984741211,0.0
2024-12-11,92.5,0.0
2024-12-12,92.3000030517578,0.0
2024-12-13,89.0,0.0
2024-12-16,85.69999694824219,0.0
2024-12-17,88.0,0.0
2024-12-18,89.30000305175781,0.0
2024-12-19,87.4000015258789,0.0
2024-12-20,86.19999694824219,0.0
2024-12-23,88.0,0.0
2024-12-24,89.0,0.0
2024-12-25,88.0,0.0
2024-12-26,88.5999984741211,0.0
2024-12-27,89.0,0.0
2024-12-30,87.19999694824219,0.0
2024-12-31,87.30000305175781,0.0
2025-01-02,86.0999984741211,0.0
2025-01-03,83.80000305175781,0.0
2025-01-06,87.69999694824219,0.0
2025-01-07,87.30000305175781,0.0
2025-01-08,85.0999984741211,0.0
2025-01-09,83.80000305175781,0.0
2025-01-10,83.0999984741211,0.0
2025-01-13,76.9000015258789,0.0
2025-01-14,79.19999694824219,0.0
2025-01-15,78.4000015258789,0.0
2025-01-16,79.69999694824219,0.0
2025-01-17,78.19999694824219,0.0
2025-01-20,79.0,0.0
2025-01-21,79.19999694824219,0.0
2025-01-22,79.0,0.0
2025-02-03,77.19999694824219,0.0
2025-02-04,76.69999694824219,0.0
2025-02-05,74.69999694824219,0.0
2025-02-06,77.5999984741211,0.0
2025-02-07,78.5,0.0
2025-02-10,76.9000015258789,0.0
2025-02-11,77.19999694824219,0.0
2025-02-12,78.4000015258789,0.0
2025-02-13,78.30000305175781,0.0
2025-02-14,84.5,0.0
2025-02-17,83.80000305175781,0.0
2025-02-18,81.19999694824219,0.0
2025-02-19,81.19999694824219,0.0
2025-02-20,80.9000015258789,0.0
2025-02-21,81.5999984741211,0.0
2025-02-24,80.9000015258789,0.0
2025-02-25,79.9000015258789,0.0
2025-02-26,79.69999694824219,0.0
2025-02-27,77.9000015258789,0.0
2025-03-03,74.0,0.0
2025-03-04,73.30000305175781,0.0
2025-03-05,74.4000015258789,0.0
2025-03-06,74.80000305175781,0.0
2025-03-07,75.80000305175781,0.0
2025-03-10,82.0999984741211,0.0
2025-03-11,80.9000015258789,0.0
2025-03-12,79.0999984741211,0.0
2025-03-13,76.0999984741211,0.0
2025-03-14,75.19999694824219,0.0
2025-03-17,75.4000015258789,0.0
2025-03-18,75.0999984741211,0.0
2025-03-19,74.9000015258789,0.0
2025-03-20,76.19999694824219,0.0
2025-03-21,73.5999984741211,0.0
2025-03-24,72.0,0.0
2025-03-25,72.4000015258789,0.0
2025-03-26,72.0999984741211,0.0
2025-03-27,73.0,0.0
2025-03-28,70.0,0.0
2025-03-31,64.69999694824219,0.0
2025-04-01,69.0,0.0
2025-04-02,70.0,0.0
2025-04-07,63.0,0.0
2025-04-08,57.09999847412109,0.0
2025-04-09,51.400001525878906,0.0
2025-04-10,56.5,0.0
2025-04-11,57.59999847412109,0.0
2025-04-14,59.09999847412109,0.0
2025-04-15,62.09999847412109,0.0
2025-04-16,60.400001525878906,0.0
2025-04-17,61.5,0.0
2025-04-18,60.900001525878906,0.0
2025-04-21,58.79999923706055,0.0
2025-04-22,57.900001525878906,0.0
2025-04-23,61.29999923706055,0.0
2025-04-24,60.29999923706055,0.0
2025-04-25,61.20000076293945,0.0
2025-04-28,62.09999847412109,0.0
2025-04-29,63.29999923706055,0.0
2025-04-30,62.5,0.0
2025-05-02,61.09999847412109,0.0
2025-05-05,58.400001525878906,0.0
2025-05-06,58.79999923706055,0.0
2025-05-07,57.400001525878906,0.0
2025-05-08,60.400001525878906,0.0
2025-05-09,59.09999847412109,0.0
2025-05-12,61.59999847412109,0.0
2025-05-13,61.400001525878906,0.0
2025-05-14,62.29999923706055,0.0
2025-05-15,62.09999847412109,0.0
2025-05-16,62.29999923706055,0.0
2025-05-19,63.09999847412109,0.0
2025-05-20,61.20000076293945,0.0
2025-05-21,62.0,0.0
2025-05-22,60.29999923706055,0.0
2025-05-23,59.900001525878906,0.0
2025-05-26,60.29999923706055,0.0
2025-05-27,59.29999923706055,0.0
2025-05-28,59.400001525878906,0.0
2025-05-29,58.5,0.0
2025-06-02,57.09999847412109,0.0
2025-06-03,56.59999847412109,0.0
2025-06-04,58.0,0.0
2025-06-05,57.400001525878906,0.0
2025-06-06,57.59999847412109,0.0
2025-06-09,57.20000076293945,0.0
2025-06-10,57.59999847412109,0.0
2025-06-11,63.29999923706055,0.0
2025-06-12,69.5999984741211,0.0
2025-06-13,76.5,0.0
2025-06-16,75.5999984741211,0.0
2025-06-17,71.9000015258789,0.0
2025-06-18,68.0,0.0
2025-06-19,70.69999694824219,0.0
2025-06-20,67.0,0.0
2025-06-23,64.9000015258789,0.0
2025-06-24,65.5,0.0
2025-06-25,65.5999984741211,0.0
2025-06-26,65.5999984741211,0.0
2025-06-27,64.4000015258789,0.0
2025-06-30,63.20000076293945,0.0
2025-07-01,61.900001525878906,0.0
2025-07-02,62.79999923706055,0.0
2025-07-03,63.79999923706055,0.0
2025-07-04,60.29999923706055,0.0
2025-07-07,59.29999923706055,0.0
2025-07-08,58.59999847412109,0.0
2025-07-09,58.70000076293945,0.0
2025-07-10,59.29999923706055,0.0
2025-07-11,61.20000076293945,0.0
2025-07-14,60.5,0.0
2025-07-15,60.900001525878906,0.0
2025-07-16,61.20000076293945,0.0
2025-07-17,64.4000015258789,0.0
2025-07-18,64.5999984741211,0.0
2025-07-21,65.69999694824219,0.0
2025-07-22,62.59999847412109,0.0
2025-07-23,65.4000015258789,0.0
2025-07-24,65.80000305175781,0.0
2025-07-25,65.69999694824219,0.0
2025-07-28,64.80000305175781,0.0
2025-07-29,63.900001525878906,0.0
2025-07-30,64.69999694824219,0.0
2025-07-31,63.59999847412109,0.0
2025-08-04,62.70000076293945,0.0
2025-08-05,68.9000015258789,0.0
2025-08-06,68.0999984741211,0.0
2025-08-07,65.69999694824219,0.0
2025-08-08,65.0999984741211,0.0
2025-08-11,64.5999984741211,0.0
2025-08-12,64.69999694824219,0.0
2025-08-13,67.4000015258789,0.0
2025-08-14,71.0,0.0
2025-08-15,71.0999984741211,0.0
2025-08-18,70.30000305175781,0.0
2025-08-19,69.80000305175781,0.0
2025-08-20,67.5,0.0
2025-08-21,69.4000015258789,0.0
2025-08-22,70.9000015258789,0.0
2025-08-25,74.0,0.0
2025-08-26,72.30000305175781,0.0
2025-08-27,76.4000015258789,0.0
2025-08-28,75.5999984741211,0.0
2025-08-29,70.0,0.0
2025-09-01,71.4000015258789,0.0
2025-09-02,78.5,0.0
2025-09-03,76.0,0.0
2025-09-04,74.80000305175781,0.0
2025-09-05,76.19999694824219,0.0
2025-09-08,77.69999694824219,0.0
2025-09-09,76.69999694824219,0.0
2025-09-10,76.0,0.0
2025-09-11,72.5999984741211,0.0
2025-09-12,71.30000305175781,0.0
2025-09-15,70.4000015258789,0.0
2025-09-16,70.4000015258789,0.0
2025-09-17,68.69999694824219,0.0
2025-09-18,68.9000015258789,0.0
2025-09-19,67.69999694824219,0.0
2025-09-22,69.19999694824219,0.0
2025-09-23,68.19999694824219,0.0
2025-09-24,67.80000305175781,0.0
2025-09-25,66.5,0.0
2025-09-26,67.19999694824219,0.0
2025-09-30,68.5999984741211,0.0
2025-10-01,68.4000015258789,0.0
2025-10-02,68.4000015258789,0.0
2025-10-03,65.19999694824219,0.0
2025-10-07,64.9000015258789,0.0
2025-10-08,65.0,0.0
2025-10-09,65.69999694824219,0.0
2025-10-13,63.20000076293945,0.0
2025-10-14,62.0,0.0
2025-10-15,61.900001525878906,0.0
2025-10-16,62.900001525878906,0.0
2025-10-17,63.5,0.0
2025-10-20,61.70000076293945,0.0
2025-10-21,63.09999847412109,0.0
2025-10-22,63.0,0.0
2025-10-23,63.0,0.0
2025-10-27,63.5,0.0
2025-10-28,64.5,0.0
2025-10-29,63.0,0.0
2025-10-30,63.29999923706055,0.0
2025-10-31,64.80000305175781,0.0
2025-11-03,65.5999984741211,0.0
2025-11-04,66.0,0.0
2025-11-05,61.79999923706055,0.0
2025-11-06,61.0,0.0
2025-11-07,61.0,0.0
2025-11-10,61.70000076293945,0.0
2025-11-11,60.79999923706055,0.0
2025-11-12,62.0,0.0
2025-11-13,62.79999923706055,0.0
2025-11-14,62.5,0.0
2025-11-17,60.79999923706055,0.0
2025-11-18,57.59999847412109,0.0
2025-11-19,58.79999923706055,0.0
2025-11-20,58.900001525878906,0.0
2025-11-21,57.29999923706055,0.0
2025-11-24,60.70000076293945,0.0
2025-11-25,62.09999847412109,0.0
2025-11-26,65.0999984741211,0.0
2025-11-27,67.5,0.0
2025-11-28,68.0,0.0
2025-12-01,68.4000015258789,0.0
2025-12-02,72.69999694824219,0.0
2025-12-03,68.9000015258789,0.0
2025-12-04,71.0,0.0
2025-12-05,70.5,0.0
2025-12-08,63.5,0.0
2025-12-09,60.79999923706055,0.0
2025-12-10,58.5,0.0
2025-12-11,58.79999923706055,0.0
2025-12-12,57.900001525878906,0.0
2025-12-15,57.900001525878906,0.0
2025-12-16,58.0,0.0
2025-12-17,57.20000076293945,0.0
2025-12-18,58.400001525878906,0.0
2025-12-19,58.20000076293945,0.0
2025-12-22,58.900001525878906,0.0
2025-12-23,58.29999923706055,0.0
2025-12-24,58.0,0.0
2025-12-26,57.5,0.0
2025-12-29,56.79999923706055,0.0
2025-12-30,56.09999847412109,0.0
2025-12-31,55.59999847412109,0.0
2026-01-02,56.09999847412109,0.0
2026-01-05,55.400001525878906,0.0
2026-01-06,58.400001525878906,0.0
2026-01-07,60.900001525878906,0.0
2026-01-08,63.0,0.0
2026-01-09,69.30000305175781,0.0
2026-01-12,69.0,0.0
2026-01-13,71.5999984741211,0.0
2026-01-14,74.80000305175781,0.0
2026-01-15,74.80000305175781,0.0
2026-01-16,70.5,0.0
2026-01-19,71.0,0.0
2026-01-20,70.4000015258789,0.0
2026-01-21,69.4000015258789,0.0
2026-01-22,68.5999984741211,0.0
2026-01-23,69.5,0.0
2026-01-26,68.30000305175781,0.0
2026-01-27,69.30000305175781,0.0
2026-01-28,67.69999694824219,0.0
2026-01-29,67.69999694824219,0.0
2026-01-30,65.80000305175781,0.0
2026-02-02,64.69999694824219,0.0
2026-02-03,65.4000015258789,0.0
2026-02-04,62.70000076293945,0.0
2026-02-05,60.5,0.0
2026-02-06,58.70000076293945,0.0
2026-02-09,58.29999923706055,0.0
2026-02-10,58.29999923706055,0.0
2026-02-11,58.20000076293945,0.0
2026-02-23,60.29999923706055,0.0
2026-02-24,60.09999847412109,0.0
2026-02-25,60.09999847412109,0.0
2026-02-26,59.5,0.0
2026-03-02,58.20000076293945,0.0
2026-03-03,56.59999847412109,0.0
2026-03-04,53.20000076293945,0.0
2026-03-05,53.79999923706055,0.0
2026-03-06,54.900001525878906,0.0
2026-03-09,52.400001525878906,0.0
2026-03-10,52.5,0.0
2026-03-11,53.29999923706055,0.0
2026-03-12,52.09999847412109,0.0
2026-03-13,57.29999923706055,0.0
2026-03-16,54.900001525878906,0.0
2026-03-17,54.0,0.0
2026-03-18,54.59999847412109,0.0
2026-03-19,52.5,0.0
2026-03-20,52.0,0.0
2026-03-23,51.0,0.0
2026-03-24,51.79999923706055,0.0
2026-03-25,53.400001525878906,0.0
2026-03-26,52.09999847412109,0.0
2026-03-27,52.29999923706055,0.0
2026-03-30,52.5,0.0
2026-03-31,52.09999847412109,0.0
2026-04-01,53.20000076293945,0.0
2026-04-02,54.59999847412109,0.0
2026-04-07,54.5,0.0
2026-04-08,54.59999847412109,0.0
2026-04-09,53.09999847412109,0.0
2026-04-10,52.900001525878906,0.0
2026-04-13,53.20000076293945,0.0
2026-04-14,53.09999847412109,0.0
2026-04-15,54.59999847412109,0.0
2026-04-16,55.70000076293945,0.0
2026-04-17,54.400001525878906,0.0
2026-04-20,52.400001525878906,0.0
2026-04-21,51.79999923706055,0.0
2026-04-22,52.900001525878906,0.0
2026-04-23,51.400001525878906,0.0
2026-04-24,50.59999847412109,0.0
2026-04-27,52.5,0.0
2026-04-28,52.0,0.0
2026-04-29,51.79999923706055,0.0
2026-04-30,53.20000076293945,0.0
2026-05-04,54.20000076293945,0.0
2026-05-05,56.70000076293945,0.0
2026-05-06,54.09999847412109,0.0
2026-05-07,52.900001525878906,0.0
2026-05-08,51.59999847412109,0.0
2026-05-11,51.5,0.0
2026-05-12,51.0,0.0
2026-05-13,50.70000076293945,0.0
2026-05-14,52.0,0.0
2026-05-15,50.29999923706055,0.0
2026-05-18,50.29999923706055,0.0
2026-05-19,50.0,0.0
2026-05-20,49.0,0.0
2026-05-21,53.900001525878906,0.0
2026-05-22,53.0,0.0
2026-05-25,52.0,0.0
2026-05-26,50.70000076293945,0.0
2026-05-27,50.79999923706055,0.0
2026-05-28,49.70000076293945,0.0
2026-05-29,50.400001525878906,0.0
2026-06-01,51.09999847412109,0.0
2026-06-02,51.20000076293945,0.0
2026-06-03,50.09999847412109,0.0
2026-06-04,50.20000076293945,0.0
2026-06-05,50.400001525878906,0.0
2026-06-08,49.650001525878906,0.0
2026-06-09,49.79999923706055,0.0
2026-06-10,49.0,0.0
2026-06-11,47.75,0.0
2026-06-12,48.34999847412109,0.0
2026-06-15,49.150001525878906,0.0
2026-06-16,47.84999847412109,0.0
2026-06-17,47.54999923706055,0.0
2026-06-18,48.0,0.0
2026-06-22,47.900001525878906,0.0
2026-06-23,48.59999847412109,0.0
2026-06-24,49.400001525878906,0.0
2026-06-25,50.20000076293945,0.0
2026-06-26,48.150001525878906,0.0
2026-06-29,50.59999847412109,0.0
2026-06-30,52.20000076293945,0.0
2026-07-01,51.79999923706055,0.0
2026-07-02,52.09999847412109,0.0
2026-07-03,57.29999923706055,0.0
2026-07-06,59.70000076293945,0.0
2026-07-07,56.70000076293945,0.0
2026-07-08,55.70000076293945,0.0
2026-07-09,54.20000076293945,0.0
2026-07-10,54.20000076293945,0.0
2026-07-13,51.0,0.0
2026-07-14,49.0,0.0
2026-07-15,50.70000076293945,0.0
2026-07-16,50.29999923706055,0.0
2026-07-17,48.59999847412109,0.0
2026-07-20,47.79999923706055,0.0
2026-07-21,47.79999923706055,0.0
2026-07-22,47.70000076293945,0.0
2026-07-23,47.900001525878906,0.0
2026-07-24,46.34999847412109,0.0
2026-07-27,46.25,0.0
2026-07-28,43.650001525878906,0.0
2026-07-29,42.25,0.0
2026-07-30,41.150001525878906,0.0
2026-07-31,41.75,0.0
2026-08-03,45.45000076293945,0.0
2026-08-04,47.45000076293945,0.0
2026-08-05,45.75,0.0
2026-08-06,45.54999923706055,0.0
2026-08-07,45.59999847412109,0.0
2026-08-10,45.45000076293945,0.0
2026-08-11,47.29999923706055,0.0
2026-08-12,46.84999847412109,0.0
2026-08-13,47.95000076293945,0.0
2026-08-14,46.5,0.0
2026-08-17,46.900001525878906,0.0
2026-08-18,47.400001525878906,0.0
2026-08-19,47.34999847412109,0.0
2026-08-20,48.29999923706055,0.0
2026-08-21,50.0,0.0
2026-08-24,47.59999847412109,0.0
2026-08-25,46.95000076293945,0.0
2026-08-26,47.79999923706055,0.0
2026-08-27,47.150001525878906,0.0
2026-08-28,46.95000076293945,0.0
2026-08-31,46.5,0.0
2026-09-01,46.45000076293945,0.0
2026-09-02,46.650001525878906,0.0
2026-09-03,44.75,0.0
2026-09-04,44.650001525878906,0.0
