Date,Close,Dividends
2006-06-21,1.128906011581421,0.0
2006-06-22,1.102344036102295,0.0
2006-06-23,1.0990630388259888,0.0
2006-06-26,1.103124976158142,0.0
2006-06-27,1.0618749856948853,0.0
2006-06-28,1.0748440027236938,0.0
2006-06-29,1.1398439407348633,0.0
2006-06-30,1.128906011581421,0.0
2006-07-03,1.142030954360962,0.0
2006-07-05,1.0970309972763062,0.0
2006-07-06,1.0906250476837158,0.0
2006-07-07,1.0667190551757812,0.0
2006-07-10,1.049062967300415,0.0
2006-07-11,1.066249966621399,0.0
2006-07-12,1.024062991142273,0.0
2006-07-13,0.99140602350235,0.0
2006-07-14,0.971094012260437,0.0
2006-07-17,0.97578102350235,0.0
2006-07-18,0.981249988079071,0.0
2006-07-19,1.002500057220459,0.0
2006-07-20,0.9751560091972352,0.0
2006-07-21,0.953125,0.0
2006-07-24,0.9882810115814208,0.0
2006-07-25,0.9979689717292786,0.0
2006-07-26,1.0,0.0
2006-07-27,0.989844024181366,0.0
2006-07-28,1.0293749570846558,0.0
2006-07-31,1.027343988418579,0.0
2006-08-01,0.9921879768371582,0.0
2006-08-02,1.0104689598083496,0.0
2006-08-03,1.027343988418579,0.0
2006-08-04,1.017969012260437,0.0
2006-08-07,1.0056250095367432,0.0
2006-08-08,0.99296897649765,0.0
2006-08-09,0.9925000071525574,0.0
2006-08-10,1.0051560401916504,0.0
2006-08-11,0.9953129887580872,0.0
2006-08-14,1.0043749809265137,0.0
2006-08-15,1.0567189455032349,0.0
2006-08-16,1.107030987739563,0.0
2006-08-17,1.114063024520874,0.0
2006-08-18,1.1124999523162842,0.0
2006-08-21,1.092188000679016,0.0
2006-08-22,1.0950000286102295,0.0
2006-08-23,1.076563000679016,0.0
2006-08-24,1.084843993186951,0.0
2006-08-25,1.089063048362732,0.0
2006-08-28,1.104688048362732,0.0
2006-08-29,1.111719012260437,0.0
2006-08-30,1.121562957763672,0.0
2006-08-31,1.120313048362732,0.0
2006-09-01,1.1304689645767212,0.0
2006-09-05,1.1507810354232788,0.0
2006-09-06,1.105937957763672,0.0
2006-09-07,1.096094012260437,0.0
2006-09-08,1.107030987739563,0.0
2006-09-11,1.1218750476837158,0.0
2006-09-12,1.1654690504074097,0.0
2006-09-13,1.178905963897705,0.0
2006-09-14,1.1776560544967651,0.0
2006-09-15,1.1890629529953003,0.0
2006-09-18,1.1881250143051147,0.0
2006-09-19,1.1737500429153442,0.0
2006-09-20,1.2085939645767212,0.0
2006-09-21,1.1929689645767212,0.0
2006-09-22,1.1723439693450928,0.0
2006-09-25,1.2156250476837158,0.0
2006-09-26,1.2256250381469729,0.0
2006-09-27,1.2193750143051147,0.0
2006-09-28,1.2265629768371582,0.0
2006-09-29,1.217188000679016,0.0
2006-10-02,1.1875,0.0
2006-10-03,1.195937991142273,0.0
2006-10-04,1.2507810592651367,0.0
2006-10-05,1.2671879529953003,0.0
2006-10-06,1.2601560354232788,0.0
2006-10-09,1.2664060592651367,0.0
2006-10-10,1.2734379768371582,0.0
2006-10-11,1.2687499523162842,0.0
2006-10-12,1.310938000679016,0.0
2006-10-13,1.320937991142273,0.0
2006-10-16,1.323438048362732,0.0
2006-10-17,1.2976560592651367,0.0
2006-10-18,1.279688000679016,0.0
2006-10-19,1.290624976158142,0.0
2006-10-20,1.2937500476837158,0.0
2006-10-23,1.3168749809265137,0.0
2006-10-24,1.3043750524520874,0.0
2006-10-25,1.3203129768371582,0.0
2006-10-26,1.341405987739563,0.0
2006-10-27,1.3034379482269287,0.0
2006-10-30,1.318750023841858,0.0
2006-10-31,1.326563000679016,0.0
2006-11-01,1.290624976158142,0.0
2006-11-02,1.2918750047683716,0.0
2006-11-03,1.2843749523162842,0.0
2006-11-06,1.3132810592651367,0.0
2006-11-07,1.339843988418579,0.0
2006-11-08,1.357969045639038,0.0
2006-11-09,1.339063048362732,0.0
2006-11-10,1.3539060354232788,0.0
2006-11-13,1.3757810592651367,0.0
2006-11-14,1.410938024520874,0.0
2006-11-15,1.4198440313339231,0.0
2006-11-16,1.4343750476837158,0.0
2006-11-17,1.431249976158142,0.0
2006-11-20,1.4367189407348633,0.0
2006-11-21,1.4406249523162842,0.0
2006-11-22,1.4587500095367432,0.0
2006-11-24,1.4495309591293335,0.0
2006-11-27,1.3842190504074097,0.0
2006-11-28,1.388280987739563,0.0
2006-11-29,1.410938024520874,0.0
2006-11-30,1.4065630435943604,0.0
2006-12-01,1.3878129720687866,0.0
2006-12-04,1.4226560592651367,0.0
2006-12-05,1.4295309782028198,0.0
2006-12-06,1.4190629720687866,0.0
2006-12-07,1.384374976158142,0.0
2006-12-08,1.3984379768371582,0.0
2006-12-11,1.4093749523162842,0.0
2006-12-12,1.3909380435943604,0.0
2006-12-13,1.394531011581421,0.0
2006-12-14,1.424219012260437,0.0
2006-12-15,1.433593988418579,0.0
2006-12-18,1.4007810354232788,0.0
2006-12-19,1.395313024520874,0.0
2006-12-20,1.301563024520874,0.084703
2006-12-21,1.283594012260437,0.0
2006-12-22,1.259374976158142,0.0
2006-12-26,1.265625,0.0
2006-12-27,1.2779690027236938,0.0
2006-12-28,1.2671879529953003,0.0
2006-12-29,1.2662500143051147,0.0
2007-01-03,1.270313024520874,0.0
2007-01-04,1.3159379959106443,0.0
2007-01-05,1.296875,0.0
2007-01-08,1.3049999475479126,0.0
2007-01-09,1.320937991142273,0.0
2007-01-10,1.355468988418579,0.0
2007-01-11,1.3781249523162842,0.0
2007-01-12,1.3921879529953003,0.0
2007-01-16,1.3921879529953003,0.0
2007-01-17,1.3668750524520874,0.0
2007-01-18,1.310938000679016,0.0
2007-01-19,1.314844012260437,0.0
2007-01-22,1.2890629768371582,0.0
2007-01-23,1.2829689979553225,0.0
2007-01-24,1.321874976158142,0.0
2007-01-25,1.285938024520874,0.0
2007-01-26,1.2770309448242188,0.0
2007-01-29,1.2845309972763062,0.0
2007-01-30,1.287968993186951,0.0
2007-01-31,1.303905963897705,0.0
2007-02-01,1.305469036102295,0.0
2007-02-02,1.3167190551757812,0.0
2007-02-05,1.3121880292892456,0.0
2007-02-06,1.306249976158142,0.0
2007-02-07,1.3373440504074097,0.0
2007-02-08,1.3378130197525024,0.0
2007-02-09,1.2960939407348633,0.0
2007-02-12,1.2857810258865356,0.0
2007-02-13,1.2998440265655518,0.0
2007-02-14,1.3387500047683716,0.0
2007-02-15,1.3529690504074097,0.0
2007-02-16,1.348438024520874,0.0
2007-02-20,1.364063024520874,0.0
2007-02-21,1.3729690313339231,0.0
2007-02-22,1.3875000476837158,0.0
2007-02-23,1.375,0.0
2007-02-26,1.3624999523162842,0.0
2007-02-27,1.2312500476837158,0.0
2007-02-28,1.2576559782028198,0.0
2007-03-01,1.2445310354232788,0.0
2007-03-02,1.2009379863739014,0.0
2007-03-05,1.1843750476837158,0.0
2007-03-06,1.227656006813049,0.0
2007-03-07,1.216405987739563,0.0
2007-03-08,1.239063024520874,0.0
2007-03-09,1.2346880435943604,0.0
2007-03-12,1.246093988418579,0.0
2007-03-13,1.1989059448242188,0.0
2007-03-14,1.2321879863739014,0.0
2007-03-15,1.2287499904632568,0.0
2007-03-16,1.2242189645767212,0.0
2007-03-19,1.2489060163497925,0.0
2007-03-20,1.265625,0.0
2007-03-21,1.3125,0.0
2007-03-22,1.3046879768371582,0.0
2007-03-23,1.2932809591293335,0.0
2007-03-26,1.3032809495925903,0.0
2007-03-27,1.2892190217971802,0.000188
2007-03-28,1.2625000476837158,0.0
2007-03-29,1.260938048362732,0.0
2007-03-30,1.2653130292892456,0.0
2007-04-02,1.2606250047683716,0.0
2007-04-03,1.297031044960022,0.0
2007-04-04,1.3046879768371582,0.0
2007-04-05,1.318750023841858,0.0
2007-04-09,1.312343955039978,0.0
2007-04-10,1.3224999904632568,0.0
2007-04-11,1.295469045639038,0.0
2007-04-12,1.3179689645767212,0.0
2007-04-13,1.3226560354232788,0.0
2007-04-16,1.3457809686660769,0.0
2007-04-17,1.3512500524520874,0.0
2007-04-18,1.346094012260437,0.0
2007-04-19,1.3471879959106443,0.0
2007-04-20,1.3674999475479126,0.0
2007-04-23,1.3681249618530271,0.0
2007-04-24,1.3790630102157593,0.0
2007-04-25,1.4187500476837158,0.0
2007-04-26,1.433593988418579,0.0
2007-04-27,1.435155987739563,0.0
2007-04-30,1.397655963897705,0.0
2007-05-01,1.40625,0.0
2007-05-02,1.424219012260437,0.0
2007-05-03,1.435155987739563,0.0
2007-05-04,1.4385939836502075,0.0
2007-05-07,1.4353129863739014,0.0
2007-05-08,1.4345309734344482,0.0
2007-05-09,1.4451559782028198,0.0
2007-05-10,1.4089059829711914,0.0
2007-05-11,1.4420310258865356,0.0
2007-05-14,1.4212499856948853,0.0
2007-05-15,1.4007810354232788,0.0
2007-05-16,1.4268749952316284,0.0
2007-05-17,1.4115630388259888,0.0
2007-05-18,1.4346879720687866,0.0
2007-05-21,1.4546879529953003,0.0
2007-05-22,1.4564059972763062,0.0
2007-05-23,1.443593978881836,0.0
2007-05-24,1.402812957763672,0.0
2007-05-25,1.4178129434585571,0.0
2007-05-29,1.435938000679016,0.0
2007-05-30,1.4614059925079346,0.0
2007-05-31,1.4798439741134644,0.0
2007-06-01,1.4785939455032349,0.0
2007-06-04,1.482813000679016,0.0
2007-06-05,1.4848439693450928,0.0
2007-06-06,1.4509379863739014,0.0
2007-06-07,1.402500033378601,0.0
2007-06-08,1.4401559829711914,0.0
2007-06-11,1.4343750476837158,0.0
2007-06-12,1.4149999618530271,0.0
2007-06-13,1.4429689645767212,0.0
2007-06-14,1.4684380292892456,0.0
2007-06-15,1.496093988418579,0.0
2007-06-18,1.4945310354232788,0.0
2007-06-19,1.4926559925079346,0.0
2007-06-20,1.4659379720687866,0.0
2007-06-21,1.4934380054473877,0.0
2007-06-22,1.4642189741134644,0.0
2007-06-25,1.457031011581421,0.0
2007-06-26,1.4406249523162842,0.0
2007-06-27,1.473438024520874,0.0
2007-06-28,1.477187991142273,0.0
2007-06-29,1.4864059686660769,0.0
2007-07-02,1.5053130388259888,0.0
2007-07-03,1.522655963897705,0.0
2007-07-05,1.5399999618530271,0.0
2007-07-06,1.558593988418579,0.0
2007-07-09,1.559999942779541,0.0
2007-07-10,1.5345309972763062,0.0
2007-07-11,1.5604690313339231,0.0
2007-07-12,1.600780963897705,0.0
2007-07-13,1.6243749856948853,0.0
2007-07-16,1.622655987739563,0.0
2007-07-17,1.6389060020446775,0.0
2007-07-18,1.640625,0.0
2007-07-19,1.6478129625320437,0.0
2007-07-20,1.633906006813049,0.0
2007-07-23,1.631250023841858,0.0
2007-07-24,1.5868749618530271,0.0
2007-07-25,1.589063048362732,0.0
2007-07-26,1.553905963897705,0.0
2007-07-27,1.4920309782028198,0.0
2007-07-30,1.5340629816055298,0.0
2007-07-31,1.46875,0.0
2007-08-01,1.486562967300415,0.0
2007-08-02,1.5159380435943604,0.0
2007-08-03,1.4557809829711914,0.0
2007-08-06,1.484375,0.0
2007-08-07,1.5026559829711914,0.0
2007-08-08,1.546718955039978,0.0
2007-08-09,1.4695310592651367,0.0
2007-08-10,1.4418749809265137,0.0
2007-08-13,1.4606250524520874,0.0
2007-08-14,1.4140629768371582,0.0
2007-08-15,1.361719012260437,0.0
2007-08-16,1.330469012260437,0.0
2007-08-17,1.3778129816055298,0.0
2007-08-20,1.386718988418579,0.0
2007-08-21,1.425781011581421,0.0
2007-08-22,1.4590630531311035,0.0
2007-08-23,1.453125,0.0
2007-08-24,1.496093988418579,0.0
2007-08-27,1.4667190313339231,0.0
2007-08-28,1.403905987739563,0.0
2007-08-29,1.4810940027236938,0.0
2007-08-30,1.503906011581421,0.0
2007-08-31,1.5301560163497925,0.0
2007-09-04,1.5835939645767212,0.0
2007-09-05,1.5509380102157593,0.0
2007-09-06,1.546875,0.0
2007-09-07,1.4957809448242188,0.0
2007-09-10,1.4934380054473877,0.0
2007-09-11,1.53125,0.0
2007-09-12,1.537968993186951,0.0
2007-09-13,1.5446879863739014,0.0
2007-09-14,1.544530987739563,0.0
2007-09-17,1.5185940265655518,0.0
2007-09-18,1.5978130102157593,0.0
2007-09-19,1.6073440313339231,0.0
2007-09-20,1.5970309972763062,0.0
2007-09-21,1.616405963897705,0.0
2007-09-24,1.633906006813049,0.0
2007-09-25,1.662343978881836,0.0
2007-09-26,1.6771880388259888,0.0
2007-09-27,1.699218988418579,0.0
2007-09-28,1.6890629529953003,0.0
2007-10-01,1.7179689407348633,0.0
2007-10-02,1.7218749523162842,0.0
2007-10-03,1.6953129768371582,0.0
2007-10-04,1.703125,0.0
2007-10-05,1.7818750143051147,0.0
2007-10-08,1.795313000679016,0.0
2007-10-09,1.815624952316284,0.0
2007-10-10,1.825780987739563,0.0
2007-10-11,1.772655963897705,0.0
2007-10-12,1.8239059448242188,0.0
2007-10-15,1.793437957763672,0.0
2007-10-16,1.785156011581421,0.0
2007-10-17,1.8232810497283936,0.0
2007-10-18,1.835625052452088,0.0
2007-10-19,1.7478129863739014,0.0
2007-10-22,1.7846879959106443,0.0
2007-10-23,1.8465629816055296,0.0
2007-10-24,1.835155963897705,0.0
2007-10-25,1.814375042915344,0.0
2007-10-26,1.837188005447388,0.0
2007-10-29,1.8551559448242188,0.0
2007-10-30,1.855468988418579,0.0
2007-10-31,1.9135940074920648,0.0
2007-11-01,1.856250047683716,0.0
2007-11-02,1.875938057899475,0.0
2007-11-05,1.853124976158142,0.0
2007-11-06,1.883594036102295,0.0
2007-11-07,1.795469045639038,0.0
2007-11-08,1.667188048362732,0.0
2007-11-09,1.5723439455032349,0.0
2007-11-12,1.4898439645767212,0.0
2007-11-13,1.6104689836502075,0.0
2007-11-14,1.5885939598083496,0.0
2007-11-15,1.558593988418579,0.0
2007-11-16,1.5892189741134644,0.0
2007-11-19,1.5487500429153442,0.0
2007-11-20,1.5603129863739014,0.0
2007-11-21,1.5125000476837158,0.0
2007-11-23,1.549375057220459,0.0
2007-11-26,1.5078129768371582,0.0
2007-11-27,1.5543750524520874,0.0
2007-11-28,1.647655963897705,0.0
2007-11-29,1.660156011581421,0.0
2007-11-30,1.6478129625320437,0.0
2007-12-03,1.6176559925079346,0.0
2007-12-04,1.602187991142273,0.0
2007-12-05,1.6589059829711914,0.0
2007-12-06,1.695937991142273,0.0
2007-12-07,1.7073440551757812,0.0
2007-12-10,1.717344045639038,0.0
2007-12-11,1.6432809829711914,0.0
2007-12-12,1.6653130054473877,0.0
2007-12-13,1.640781044960022,0.0
2007-12-14,1.615625023841858,0.0
2007-12-17,1.5415630340576172,0.0
2007-12-18,1.544374942779541,0.0
2007-12-19,1.558593988418579,0.0
2007-12-20,1.5403130054473877,0.0795
2007-12-21,1.59375,0.0
2007-12-24,1.6124999523162842,0.0
2007-12-26,1.628906011581421,0.0
2007-12-27,1.5835939645767212,0.0
2007-12-28,1.5792189836502075,0.0
2007-12-31,1.5503129959106443,0.0
2008-01-02,1.5007810592651367,0.0
2008-01-03,1.509374976158142,0.0
2008-01-04,1.378749966621399,0.0
2008-01-07,1.3609379529953003,0.0
2008-01-08,1.298280954360962,0.0
2008-01-09,1.339843988418579,0.0
2008-01-10,1.3406250476837158,0.0
2008-01-11,1.303593993186951,0.0
2008-01-14,1.337656021118164,0.0
2008-01-15,1.276563048362732,0.0
2008-01-16,1.239063024520874,0.0
2008-01-17,1.2050000429153442,0.0
2008-01-18,1.198438048362732,0.0
2008-01-22,1.1332809925079346,0.0
2008-01-23,1.1432809829711914,0.0
2008-01-24,1.176563024520874,0.0
2008-01-25,1.125,0.0
2008-01-28,1.1421879529953003,0.0
2008-01-29,1.1475000381469729,0.0
2008-01-30,1.1460939645767212,0.0
2008-01-31,1.1726560592651367,0.0
2008-02-01,1.2109379768371582,0.0
2008-02-04,1.1685940027236938,0.0
2008-02-05,1.1129690408706665,0.0
2008-02-06,1.0656249523162842,0.0
2008-02-07,1.087499976158142,0.0
2008-02-08,1.1015629768371582,0.0
2008-02-11,1.1262500286102295,0.0
2008-02-12,1.117969036102295,0.0
2008-02-13,1.1578129529953003,0.0
2008-02-14,1.121250033378601,0.0
2008-02-15,1.1171879768371582,0.0
2008-02-19,1.1065629720687866,0.0
2008-02-20,1.1167190074920654,0.0
2008-02-21,1.0996880531311035,0.0
2008-02-22,1.109375,0.0
2008-02-25,1.1139060258865356,0.0
2008-02-26,1.1242189407348633,0.0
2008-02-27,1.1314059495925903,0.0
2008-02-28,1.107030987739563,0.0
2008-02-29,1.0740629434585571,0.0
2008-03-03,1.050781011581421,0.0
2008-03-04,1.0593750476837158,0.0
2008-03-05,1.0796879529953003,0.0
2008-03-06,1.0246880054473877,0.0
2008-03-07,1.0192190408706665,0.0
2008-03-10,0.9785940051078796,0.0
2008-03-11,1.0673439502716064,0.0
2008-03-12,1.0465630292892456,0.0
2008-03-13,1.063438057899475,0.0
2008-03-14,1.0206249952316284,0.0
2008-03-17,0.9943749904632568,0.0
2008-03-18,1.080469012260437,0.0
2008-03-19,1.026563048362732,0.0
2008-03-20,1.0556249618530271,0.0
2008-03-24,1.1421879529953003,0.0
2008-03-25,1.1507810354232788,0.0
2008-03-26,1.1281249523162842,0.0
2008-03-27,1.1050000190734863,0.0
2008-03-28,1.0882810354232788,0.0
2008-03-31,1.0929689407348633,0.0
2008-04-01,1.1848440170288086,0.0
2008-04-02,1.1929689645767212,0.0
2008-04-03,1.1950000524520874,0.0
2008-04-04,1.2009379863739014,0.0
2008-04-07,1.194218993186951,0.0
2008-04-08,1.183593988418579,0.0
2008-04-09,1.1578129529953003,0.0
2008-04-10,1.1853129863739014,0.0
2008-04-11,1.1217190027236938,0.0
2008-04-14,1.105468988418579,0.0
2008-04-15,1.107030987739563,0.0
2008-04-16,1.188905954360962,0.0
2008-04-17,1.191406011581421,0.0
2008-04-18,1.2389060258865356,0.0
2008-04-21,1.2554689645767212,0.0
2008-04-22,1.2312500476837158,0.0
2008-04-23,1.2443749904632568,0.0
2008-04-24,1.2612500190734863,0.0
2008-04-25,1.2625000476837158,0.0
2008-04-28,1.2668750286102295,0.0
2008-04-29,1.2825000286102295,0.0
2008-04-30,1.263280987739563,0.0
2008-05-01,1.342344045639038,0.0
2008-05-02,1.357030987739563,0.0
2008-05-05,1.3395309448242188,0.0
2008-05-06,1.368906021118164,0.0
2008-05-07,1.3156249523162842,0.0
2008-05-08,1.3173439502716064,0.0
2008-05-09,1.3165630102157593,0.0
2008-05-12,1.3657809495925903,0.0
2008-05-13,1.3737499713897705,0.0
2008-05-14,1.3623440265655518,0.0
2008-05-15,1.415624976158142,0.0
2008-05-16,1.415624976158142,0.0
2008-05-19,1.4018750190734863,0.0
2008-05-20,1.376405954360962,0.0
2008-05-21,1.3198440074920654,0.0
2008-05-22,1.317188024520874,0.0
2008-05-23,1.3128130435943604,0.0
2008-05-27,1.3571879863739014,0.0
2008-05-28,1.3729690313339231,0.0
2008-05-29,1.3979690074920654,0.0
2008-05-30,1.4140629768371582,0.0
2008-06-02,1.3823440074920654,0.0
2008-06-03,1.365468978881836,0.0
2008-06-04,1.3887499570846558,0.0
2008-06-05,1.441249966621399,0.0
2008-06-06,1.3457809686660769,0.0
2008-06-09,1.3431249856948853,0.0
2008-06-10,1.325624942779541,0.0
2008-06-11,1.2648439407348633,0.0
2008-06-12,1.2671879529953003,0.0
2008-06-13,1.314687967300415,0.0
2008-06-16,1.3335939645767212,0.0
2008-06-17,1.3270310163497925,0.0
2008-06-18,1.2976560592651367,0.0
2008-06-19,1.334375023841858,0.0
2008-06-20,1.2687499523162842,0.0
2008-06-23,1.240468978881836,0.0
2008-06-24,1.2321879863739014,0.000516
2008-06-25,1.2587499618530271,0.0
2008-06-26,1.1696879863739014,0.0
2008-06-27,1.1729689836502075,0.0
2008-06-30,1.1460939645767212,0.0
2008-07-01,1.1760940551757812,0.0
2008-07-02,1.1184380054473877,0.0
2008-07-03,1.1124999523162842,0.0
2008-07-07,1.1293749809265137,0.0
2008-07-08,1.169374942779541,0.0
2008-07-09,1.124843955039978,0.0
2008-07-10,1.1442190408706665,0.0
2008-07-11,1.1089060306549072,0.0
2008-07-14,1.0928130149841309,0.0
2008-07-15,1.0881249904632568,0.0
2008-07-16,1.1401560306549072,0.0
2008-07-17,1.1353130340576172,0.0
2008-07-18,1.1209379434585571,0.0
2008-07-21,1.1218750476837158,0.0
2008-07-22,1.1209379434585571,0.0
2008-07-23,1.1465630531311035,0.0
2008-07-24,1.1073440313339231,0.0
2008-07-25,1.1370309591293335,0.0
2008-07-28,1.1024999618530271,0.0
2008-07-29,1.1354689598083496,0.0
2008-07-30,1.1549999713897705,0.0
2008-07-31,1.1510939598083496,0.0
2008-08-01,1.1232810020446775,0.0
2008-08-04,1.100780963897705,0.0
2008-08-05,1.168437957763672,0.0
2008-08-06,1.2034380435943604,0.0
2008-08-07,1.1909379959106443,0.0
2008-08-08,1.2376559972763062,0.0
2008-08-11,1.260938048362732,0.0
2008-08-12,1.2659380435943604,0.0
2008-08-13,1.2598439455032349,0.0
2008-08-14,1.2899999618530271,0.0
2008-08-15,1.290781021118164,0.0
2008-08-18,1.2628129720687866,0.0
2008-08-19,1.2312500476837158,0.0
2008-08-20,1.2242189645767212,0.0
2008-08-21,1.2096879482269287,0.0
2008-08-22,1.243749976158142,0.0
2008-08-25,1.1974999904632568,0.0
2008-08-26,1.1926560401916504,0.0
2008-08-27,1.204530954360962,0.0
2008-08-28,1.2110940217971802,0.0
2008-08-29,1.1731250286102295,0.0
2008-09-02,1.1435940265655518,0.0
2008-09-03,1.122655987739563,0.0
2008-09-04,1.0503129959106443,0.0
2008-09-05,1.046718955039978,0.0
2008-09-08,1.0348440408706665,0.0
2008-09-09,0.995938003063202,0.0
2008-09-10,1.0049999952316284,0.0
2008-09-11,1.0456249713897705,0.0
2008-09-12,1.0496879816055298,0.0
2008-09-15,0.9810940027236938,0.0
2008-09-16,0.987500011920929,0.0
2008-09-17,0.8890630006790161,0.0
2008-09-18,0.9532809853553772,0.0
2008-09-19,0.989687979221344,0.0
2008-09-22,0.91484397649765,0.0
2008-09-23,0.8968750238418579,0.0
2008-09-24,0.9154689908027648,0.0
2008-09-25,0.9248440265655518,0.0
2008-09-26,0.918749988079071,0.0
2008-09-29,0.7414060235023499,0.0
2008-09-30,0.8184379935264587,0.0
2008-10-01,0.7970309853553772,0.0
2008-10-02,0.7328130006790161,0.0
2008-10-03,0.6992189884185791,0.0
2008-10-06,0.6337500214576721,0.0
2008-10-07,0.5703129768371582,0.0
2008-10-08,0.5557810068130493,0.0
2008-10-09,0.5128129720687866,0.0
2008-10-10,0.5204690098762512,0.0
2008-10-13,0.6484379768371582,0.0
2008-10-14,0.588280975818634,0.0
2008-10-15,0.4807809889316559,0.0
2008-10-16,0.5354689955711365,0.0
2008-10-17,0.534375011920929,0.0
2008-10-20,0.5703129768371582,0.0
2008-10-21,0.5129690170288086,0.0
2008-10-22,0.4782809913158417,0.0
2008-10-23,0.473906010389328,0.0
2008-10-24,0.4465630054473877,0.0
2008-10-27,0.4204689860343933,0.0
2008-10-28,0.508437991142273,0.0
2008-10-29,0.5139060020446777,0.0
2008-10-30,0.5406249761581421,0.0
2008-10-31,0.5434380173683167,0.0
2008-11-03,0.5459380149841309,0.0
2008-11-04,0.5770310163497925,0.0
2008-11-05,0.5140630006790161,0.0
2008-11-06,0.4654690027236938,0.0
2008-11-07,0.4857810139656067,0.0
2008-11-10,0.4776560068130493,0.0
2008-11-11,0.4587500095367431,0.0
2008-11-12,0.4123440086841583,0.0
2008-11-13,0.4606249928474426,0.0
2008-11-14,0.4153130054473877,0.0
2008-11-17,0.3992190062999725,0.0
2008-11-18,0.3956249952316284,0.0
2008-11-19,0.3546879887580871,0.0
2008-11-20,0.3223440051078796,0.0
2008-11-21,0.3476560115814209,0.0
2008-11-24,0.3890630006790161,0.0
2008-11-25,0.3864060044288635,0.0
2008-11-26,0.4182809889316559,0.0
2008-11-28,0.4131250083446502,0.0
2008-12-01,0.3517189919948578,0.0
2008-12-02,0.374219000339508,0.0
2008-12-03,0.392969012260437,0.0
2008-12-04,0.371874988079071,0.0
2008-12-05,0.4017190039157867,0.0
2008-12-08,0.4335939884185791,0.0
2008-12-09,0.4301559925079345,0.0
2008-12-10,0.4296880066394806,0.0
2008-12-11,0.4059379994869232,0.0
2008-12-12,0.4217190146446228,0.0
2008-12-15,0.4070309996604919,0.0
2008-12-16,0.4453130066394806,0.0
2008-12-17,0.4348439872264862,0.0
2008-12-18,0.4207809865474701,0.0
2008-12-19,0.4254690110683441,0.0
2008-12-22,0.4089060127735138,0.0
2008-12-23,0.4037500023841858,0.0
2008-12-24,0.4048439860343933,0.0
2008-12-26,0.4051559865474701,0.0
2008-12-29,0.3948439955711365,0.0
2008-12-30,0.4128130078315735,0.0
2008-12-31,0.4201560020446777,0.0
2009-01-02,0.4571880102157593,0.0
2009-01-05,0.4571880102157593,0.0
2009-01-06,0.4665629863739013,0.0
2009-01-07,0.4404689967632293,0.0
2009-01-08,0.449999988079071,0.0
2009-01-09,0.4300000071525574,0.0
2009-01-12,0.4140630066394806,0.0
2009-01-13,0.4135940074920654,0.0
2009-01-14,0.3887499868869781,0.0
2009-01-15,0.4001559913158417,0.0
2009-01-16,0.4101560115814209,0.0
2009-01-20,0.3710939884185791,0.0
2009-01-21,0.3995310068130493,0.0
2009-01-22,0.3910939991474151,0.0
2009-01-23,0.392655998468399,0.0
2009-01-26,0.3985939919948578,0.0
2009-01-27,0.4051559865474701,0.0
2009-01-28,0.4321880042552948,0.0
2009-01-29,0.411406010389328,0.0
2009-01-30,0.395781010389328,0.0
2009-02-02,0.4060940146446228,0.0
2009-02-03,0.419063001871109,0.0
2009-02-04,0.4193750023841858,0.0
2009-02-05,0.4384379982948303,0.0
2009-02-06,0.4607810080051422,0.0
2009-02-09,0.465938001871109,0.0
2009-02-10,0.4309380054473877,0.0
2009-02-11,0.4278129935264587,0.0
2009-02-12,0.4375,0.0
2009-02-13,0.4328129887580871,0.0
2009-02-17,0.4000000059604645,0.0
2009-02-18,0.3989059925079345,0.0
2009-02-19,0.387499988079071,0.0
2009-02-20,0.3885940015316009,0.0
2009-02-23,0.3618749976158142,0.0
2009-02-24,0.3843750059604645,0.0
2009-02-25,0.3799999952316284,0.0
2009-02-26,0.359375,0.0
2009-02-27,0.3518750071525574,0.0
2009-03-02,0.329688012599945,0.0
2009-03-03,0.3290629982948303,0.0
2009-03-04,0.345780998468399,0.0
2009-03-05,0.325780987739563,0.0
2009-03-06,0.3207809925079345,0.0
2009-03-09,0.3062500059604645,0.0
2009-03-10,0.3435940146446228,0.0
2009-03-11,0.3539060056209564,0.0
2009-03-12,0.3778130114078522,0.0
2009-03-13,0.3806250095367431,0.0
2009-03-16,0.3667190074920654,0.0
2009-03-17,0.3943749964237213,0.0
2009-03-18,0.4043749868869781,0.0
2009-03-19,0.4042190015316009,0.0
2009-03-20,0.3925000131130218,0.0
2009-03-23,0.4387499988079071,0.0
2009-03-24,0.4232810139656067,0.0
2009-03-25,0.4260939955711365,0.0
2009-03-26,0.4528129994869232,0.0
2009-03-27,0.434688001871109,0.0
2009-03-30,0.4126560091972351,0.0
2009-03-31,0.4220309853553772,0.0
2009-04-01,0.4337500035762787,0.0
2009-04-02,0.4615629911422729,0.0
2009-04-03,0.47843798995018,0.0
2009-04-06,0.4756250083446502,0.0
2009-04-07,0.4495309889316559,0.0
2009-04-08,0.4665629863739013,0.0
2009-04-09,0.4945310056209564,0.0
2009-04-13,0.4932810068130493,0.0
2009-04-14,0.4806250035762787,0.0
2009-04-15,0.4799999892711639,0.0
2009-04-16,0.5037500262260437,0.0
2009-04-17,0.5040630102157593,0.0
2009-04-20,0.4715630114078522,0.0
2009-04-21,0.4851559996604919,0.0
2009-04-22,0.489531010389328,0.0
2009-04-23,0.4996879994869232,0.0
2009-04-24,0.5162500143051147,0.0
2009-04-27,0.5167189836502075,0.0
2009-04-28,0.5095310211181641,0.0
2009-04-29,0.5231249928474426,0.0
2009-04-30,0.5331249833106995,0.0
2009-05-01,0.535938024520874,0.0
2009-05-04,0.5585939884185791,0.0
2009-05-05,0.5568749904632568,0.0
2009-05-06,0.5567190051078796,0.0
2009-05-07,0.5301560163497925,0.0
2009-05-08,0.5320309996604919,0.0
2009-05-11,0.5353130102157593,0.0
2009-05-12,0.5220310091972351,0.0
2009-05-13,0.4931249916553497,0.0
2009-05-14,0.5037500262260437,0.0
2009-05-15,0.5026559829711914,0.0
2009-05-18,0.5293750166893005,0.0
2009-05-19,0.5354689955711365,0.0
2009-05-20,0.5310940146446228,0.0
2009-05-21,0.5117189884185791,0.0
2009-05-22,0.5078129768371582,0.0
2009-05-26,0.5465630292892456,0.0
2009-05-27,0.5375000238418579,0.0
2009-05-28,0.5520309805870056,0.0
2009-05-29,0.5640630125999451,0.0
2009-06-01,0.5981249809265137,0.0
2009-06-02,0.5981249809265137,0.0
2009-06-03,0.5965629816055298,0.0
2009-06-04,0.6085940003395081,0.0
2009-06-05,0.6101559996604919,0.0
2009-06-08,0.6054689884185791,0.0
2009-06-09,0.6156250238418579,0.0
2009-06-10,0.6107810139656067,0.0
2009-06-11,0.6101559996604919,0.0
2009-06-12,0.6057810187339783,0.0
2009-06-15,0.5796880125999451,0.0
2009-06-16,0.5695310235023499,0.0
2009-06-17,0.5790629982948303,0.0
2009-06-18,0.5760939717292786,0.0
2009-06-19,0.5890629887580872,0.0
2009-06-22,0.5557810068130493,0.0
2009-06-23,0.5526559948921204,0.0
2009-06-24,0.5706250071525574,0.0
2009-06-25,0.5939059853553772,0.0
2009-06-26,0.596094012260437,0.0
2009-06-29,0.5978130102157593,0.0
2009-06-30,0.5953130125999451,0.0
2009-07-01,0.5962499976158142,0.0
2009-07-02,0.5706250071525574,0.0
2009-07-06,0.5653129816055298,0.0
2009-07-07,0.5370309948921204,0.0
2009-07-08,0.5418750047683716,0.0
2009-07-09,0.5429689884185791,0.0
2009-07-10,0.5484380125999451,0.0
2009-07-13,0.5687500238418579,0.0
2009-07-14,0.5728129744529724,0.0
2009-07-15,0.6109380125999451,0.0
2009-07-16,0.6256250143051147,0.0
2009-07-17,0.6323440074920654,0.0
2009-07-20,0.6446880102157593,0.0
2009-07-21,0.6546880006790161,0.0
2009-07-22,0.6640629768371582,0.0
2009-07-23,0.6940630078315735,0.0
2009-07-24,0.6934379935264587,0.0
2009-07-27,0.6945310235023499,0.0
2009-07-28,0.6990630030632019,0.0
2009-07-29,0.6934379935264587,0.0
2009-07-30,0.7014060020446777,0.0
2009-07-31,0.6965630054473877,0.0
2009-08-03,0.7176560163497925,0.0
2009-08-04,0.7171880006790161,0.0
2009-08-05,0.7073439955711365,0.0
2009-08-06,0.6949999928474426,0.0
2009-08-07,0.7109379768371582,0.0
2009-08-10,0.7032809853553772,0.0
2009-08-11,0.690625011920929,0.0
2009-08-12,0.7118750214576721,0.0
2009-08-13,0.7190629839897156,0.0
2009-08-14,0.7026559710502625,0.0
2009-08-17,0.661719024181366,0.0
2009-08-18,0.680312991142273,0.0
2009-08-19,0.689844012260437,0.0
2009-08-20,0.7065629959106445,0.0
2009-08-21,0.724062979221344,0.0
2009-08-24,0.7229689955711365,0.0
2009-08-25,0.7278130054473877,0.0
2009-08-26,0.7259380221366882,0.0
2009-08-27,0.728905975818634,0.0
2009-08-28,0.7306249737739563,0.0
2009-08-31,0.7151560187339783,0.0
2009-09-01,0.6885939836502075,0.0
2009-09-02,0.6871880292892456,0.0
2009-09-03,0.6965630054473877,0.0
2009-09-04,0.7259380221366882,0.0
2009-09-08,0.7404689788818359,0.0
2009-09-09,0.7528129816055298,0.0
2009-09-10,0.7668750286102295,0.0
2009-09-11,0.7681249976158142,0.0
2009-09-14,0.7742189764976501,0.0
2009-09-15,0.7793750166893005,0.0
2009-09-16,0.802187979221344,0.0
2009-09-17,0.801563024520874,0.0
2009-09-18,0.8054689764976501,0.0
2009-09-21,0.8089060187339783,0.0
2009-09-22,0.8123440146446228,0.0
2009-09-23,0.8039060235023499,0.0
2009-09-24,0.7901560068130493,0.0
2009-09-25,0.7764059901237488,0.0
2009-09-28,0.8026559948921204,0.0
2009-09-29,0.7959380149841309,0.0
2009-09-30,0.7964059710502625,0.0
2009-10-01,0.75,0.0
2009-10-02,0.7448440194129944,0.0
2009-10-05,0.7571880221366882,0.0
2009-10-06,0.7834380269050598,0.0
2009-10-07,0.7879689931869507,0.0
2009-10-08,0.7951560020446777,0.0
2009-10-09,0.8032810091972351,0.0
2009-10-12,0.8071879744529724,0.0
2009-10-13,0.807030975818634,0.0
2009-10-14,0.8292189836502075,0.0
2009-10-15,0.8262500166893005,0.0
2009-10-16,0.815625011920929,0.0
2009-10-19,0.8306249976158142,0.0
2009-10-20,0.8315629959106445,0.0
2009-10-21,0.8282809853553772,0.0
2009-10-22,0.8356249928474426,0.0
2009-10-23,0.8289059996604919,0.0
2009-10-26,0.8229690194129944,0.0
2009-10-27,0.7985939979553223,0.0
2009-10-28,0.7621880173683167,0.0
2009-10-29,0.7873439788818359,0.0
2009-10-30,0.7453129887580872,0.0
2009-11-02,0.7512500286102295,0.0
2009-11-03,0.7564060091972351,0.0
2009-11-04,0.7589060068130493,0.0
2009-11-05,0.7956249713897705,0.0
2009-11-06,0.8054689764976501,0.0
2009-11-09,0.8399999737739563,0.0
2009-11-10,0.8426560163497925,0.0
2009-11-11,0.8542190194129944,0.0
2009-11-12,0.8453130125999451,0.0
2009-11-13,0.8595309853553772,0.0
2009-11-16,0.8770310282707214,0.0
2009-11-17,0.8817189931869507,0.0
2009-11-18,0.872655987739563,0.0
2009-11-19,0.8445309996604919,0.0
2009-11-20,0.8371880054473877,0.0
2009-11-23,0.862500011920929,0.0
2009-11-24,0.857030987739563,0.0
2009-11-25,0.8642190098762512,0.0
2009-11-27,0.8384379744529724,0.0
2009-11-30,0.8393750190734863,0.0
2009-12-01,0.8571879863739014,0.0
2009-12-02,0.8601559996604919,0.0
2009-12-03,0.8531249761581421,0.0
2009-12-04,0.8615630269050598,0.0
2009-12-07,0.8531249761581421,0.0
2009-12-08,0.8426560163497925,0.0
2009-12-09,0.8595309853553772,0.0
2009-12-10,0.8682810068130493,0.0
2009-12-11,0.8620309829711914,0.0
2009-12-14,0.8778129816055298,0.0
2009-12-15,0.8685939908027649,0.0
2009-12-16,0.8709380030632019,0.0
2009-12-17,0.8500000238418579,0.0
2009-12-18,0.8765630125999451,0.0
2009-12-21,0.8968750238418579,0.0
2009-12-22,0.9075000286102296,0.0
2009-12-23,0.920313000679016,0.0
2009-12-24,0.9371880292892456,0.0
2009-12-28,0.9465630054473876,0.0
2009-12-29,0.9392189979553224,0.0
2009-12-30,0.9446880221366882,0.0
2009-12-31,0.9293749928474426,0.0
2010-01-04,0.9542189836502076,0.0
2010-01-05,0.9548439979553224,0.0
2010-01-06,0.944374978542328,0.0
2010-01-07,0.94453102350235,0.0
2010-01-08,0.9598439931869508,0.0
2010-01-11,0.9528130292892456,0.0
2010-01-12,0.9290630221366882,0.0
2010-01-13,0.9512500166893004,0.0
2010-01-14,0.9524999856948853,0.0
2010-01-15,0.931249976158142,0.0
2010-01-19,0.9604690074920654,0.0
2010-01-20,0.9335939884185792,0.0
2010-01-21,0.9153130054473876,0.0
2010-01-22,0.8626559972763062,0.0
2010-01-25,0.8676559925079346,0.0
2010-01-26,0.869530975818634,0.0
2010-01-27,0.8824999928474426,0.0
2010-01-28,0.8384379744529724,0.0
2010-01-29,0.8084380030632019,0.0
2010-02-01,0.8253129720687866,0.0
2010-02-02,0.8404690027236938,0.0
2010-02-03,0.8501560091972351,0.0
2010-02-04,0.8018749952316284,0.0
2010-02-05,0.8132809996604919,0.0
2010-02-08,0.8029689788818359,0.0
2010-02-09,0.8195310235023499,0.0
2010-02-10,0.8160939812660217,0.0
2010-02-11,0.8399999737739563,0.0
2010-02-12,0.8440629839897156,0.0
2010-02-16,0.8653129935264587,0.0
2010-02-17,0.8745309710502625,0.0
2010-02-18,0.8857809901237488,0.0
2010-02-19,0.8846880197525024,0.0
2010-02-22,0.8809379935264587,0.0
2010-02-23,0.8585940003395081,0.0
2010-02-24,0.8754690289497375,0.0
2010-02-25,0.877344012260437,0.0
2010-02-26,0.8824999928474426,0.0
2010-03-01,0.9073439836502076,0.0
2010-03-02,0.9128130078315736,0.0
2010-03-03,0.915000021457672,0.0
2010-03-04,0.9207810163497924,0.0
2010-03-05,0.9479690194129944,0.0
2010-03-08,0.952344000339508,0.0
2010-03-09,0.9653130173683168,0.0
2010-03-10,0.9784380197525024,0.0
2010-03-11,0.9854689836502076,0.0
2010-03-12,0.9868749976158142,0.0
2010-03-15,0.982813000679016,0.0
2010-03-16,0.9948440194129944,0.0
2010-03-17,0.998438000679016,0.0
2010-03-18,1.0054689645767212,0.0
2010-03-19,0.993906021118164,0.0
2010-03-22,1.011718988418579,0.0
2010-03-23,1.0262500047683716,0.0
2010-03-24,1.0164060592651367,0.0
2010-03-25,1.0120309591293335,0.0
2010-03-26,1.015625,0.0
2010-03-29,1.0246880054473877,0.0
2010-03-30,1.03125,0.0
2010-03-31,1.0225000381469729,0.0
2010-04-01,1.0215630531311035,0.0
2010-04-05,1.039687991142273,0.0
2010-04-06,1.045469045639038,0.0
2010-04-07,1.0415630340576172,0.0
2010-04-08,1.044530987739563,0.0
2010-04-09,1.0575000047683716,0.0
2010-04-12,1.059062957763672,0.0
2010-04-13,1.0700000524520874,0.0
2010-04-14,1.0957809686660769,0.0
2010-04-15,1.1053129434585571,0.0
2010-04-16,1.0792189836502075,0.0
2010-04-19,1.0773439407348633,0.0
2010-04-20,1.0885939598083496,0.0
2010-04-21,1.100780963897705,0.0
2010-04-22,1.1123440265655518,0.0
2010-04-23,1.1218750476837158,0.0
2010-04-26,1.116405963897705,0.0
2010-04-27,1.0704690217971802,0.0
2010-04-28,1.071406006813049,0.0
2010-04-29,1.1074999570846558,0.0
2010-04-30,1.0656249523162842,0.0
2010-05-03,1.0942189693450928,0.0
2010-05-04,1.0281250476837158,0.0
2010-05-05,1.018125057220459,0.0
2010-05-06,0.950780987739563,0.0
2010-05-07,0.9049999713897704,0.0
2010-05-10,0.9953129887580872,0.0
2010-05-11,0.9942190051078796,0.0
2010-05-12,1.03125,0.0
2010-05-13,0.9990630149841307,0.0
2010-05-14,0.961562991142273,0.0
2010-05-17,0.9674999713897704,0.0
2010-05-18,0.9407809972763062,0.0
2010-05-19,0.924219012260437,0.0
2010-05-20,0.8575000166893005,0.0
2010-05-21,0.8751559853553772,0.0
2010-05-24,0.8671879768371582,0.0
2010-05-25,0.8692190051078796,0.0
2010-05-26,0.8481249809265137,0.0
2010-05-27,0.914687991142273,0.0
2010-05-28,0.9029690027236938,0.0
2010-06-01,0.8856250047683716,0.0
2010-06-02,0.9290630221366882,0.0
2010-06-03,0.9454690217971802,0.0
2010-06-04,0.8832809925079346,0.0
2010-06-07,0.8503130078315735,0.0
2010-06-08,0.8467190265655518,0.0
2010-06-09,0.8317189812660217,0.0
2010-06-10,0.8790630102157593,0.0
2010-06-11,0.8954690098762512,0.0
2010-06-14,0.8956249952316284,0.0
2010-06-15,0.9432809948921204,0.0
2010-06-16,0.952344000339508,0.0
2010-06-17,0.957813024520874,0.0
2010-06-18,0.9604690074920654,0.0
2010-06-21,0.9465630054473876,0.0
2010-06-22,0.927968978881836,0.0
2010-06-23,0.9214059710502625,0.0
2010-06-24,0.8926560282707214,0.0
2010-06-25,0.8890630006790161,0.0
2010-06-28,0.8835939764976501,0.0
2010-06-29,0.8154690265655518,0.0
2010-06-30,0.7906249761581421,0.0
2010-07-01,0.785938024520874,0.0
2010-07-02,0.7814059853553772,0.0
2010-07-06,0.7854689955711365,0.0
2010-07-07,0.8353130221366882,0.0
2010-07-08,0.8440629839897156,0.0
2010-07-09,0.8609380125999451,0.0
2010-07-12,0.8656250238418579,0.0
2010-07-13,0.8868749737739563,0.0
2010-07-14,0.8971880078315735,0.0
2010-07-15,0.8993750214576721,0.0
2010-07-16,0.8498439788818359,0.0
2010-07-19,0.8635939955711365,0.0
2010-07-20,0.883437991142273,0.0
2010-07-21,0.8604689836502075,0.0
2010-07-22,0.9035940170288086,0.0
2010-07-23,0.9151560068130492,0.0
2010-07-26,0.9293749928474426,0.0
2010-07-27,0.928749978542328,0.0
2010-07-28,0.9145309925079346,0.0
2010-07-29,0.900780975818634,0.0
2010-07-30,0.9053130149841307,0.0
2010-08-02,0.9384379982948304,0.0
2010-08-03,0.9310939908027648,0.0
2010-08-04,0.949999988079071,0.0
2010-08-05,0.9454690217971802,0.0
2010-08-06,0.9423440098762512,0.0
2010-08-09,0.9543750286102296,0.0
2010-08-10,0.9395310282707214,0.0
2010-08-11,0.887499988079071,0.0
2010-08-12,0.8725000023841858,0.0
2010-08-13,0.8603129982948303,0.0
2010-08-16,0.8635939955711365,0.0
2010-08-17,0.8854690194129944,0.0
2010-08-18,0.8920310139656067,0.0
2010-08-19,0.8653129935264587,0.0
2010-08-20,0.8675000071525574,0.0
2010-08-23,0.8504689931869507,0.0
2010-08-24,0.8196880221366882,0.0
2010-08-25,0.8342189788818359,0.0
2010-08-26,0.8149999976158142,0.0
2010-08-27,0.8354690074920654,0.0
2010-08-30,0.8173440098762512,0.0
2010-08-31,0.8128129839897156,0.0
2010-09-01,0.859375,0.0
2010-09-02,0.8793749809265137,0.0
2010-09-03,0.909375011920929,0.0
2010-09-07,0.895937979221344,0.0
2010-09-08,0.9171879887580872,0.0
2010-09-09,0.9240630269050598,0.0
2010-09-10,0.9307810068130492,0.0
2010-09-13,0.9574999809265136,0.0
2010-09-14,0.9651560187339784,0.0
2010-09-15,0.977500021457672,0.0
2010-09-16,0.9850000143051147,0.0
2010-09-17,0.99140602350235,0.0
2010-09-20,1.0259380340576172,0.0
2010-09-21,1.0235940217971802,0.0
2010-09-22,1.0201560258865356,0.0
2010-09-23,1.019374966621399,0.0
2010-09-24,1.0604690313339231,0.0
2010-09-27,1.0495309829711914,0.0
2010-09-28,1.0510940551757812,0.0
2010-09-29,1.0449999570846558,0.0
2010-09-30,1.0357810258865356,0.0
2010-10-01,1.033594012260437,0.0
2010-10-04,1.010938048362732,0.0
2010-10-05,1.0595309734344482,0.0
2010-10-06,1.0426559448242188,0.0
2010-10-07,1.0484379529953003,0.0
2010-10-08,1.0612499713897705,0.0
2010-10-11,1.0643750429153442,0.0
2010-10-12,1.0800000429153442,0.0
2010-10-13,1.0967190265655518,0.0
2010-10-14,1.0924999713897705,0.0
2010-10-15,1.1385940313339231,0.0
2010-10-18,1.1353130340576172,0.0
2010-10-19,1.1082810163497925,0.0
2010-10-20,1.1245310306549072,0.0
2010-10-21,1.1290630102157593,0.0
2010-10-22,1.1446880102157593,0.0
2010-10-25,1.1540629863739014,0.0
2010-10-26,1.160938024520874,0.0
2010-10-27,1.1692190170288086,0.0
2010-10-28,1.1737500429153442,0.0
2010-10-29,1.1698440313339231,0.0
2010-11-01,1.1701560020446775,0.0
2010-11-02,1.1946879625320437,0.0
2010-11-03,1.2064059972763062,0.0
2010-11-04,1.2348439693450928,0.0
2010-11-05,1.2351560592651367,0.0
2010-11-08,1.238281011581421,0.0
2010-11-09,1.222656011581421,0.0
2010-11-10,1.21875,0.0
2010-11-11,1.2217190265655518,0.0
2010-11-12,1.1806249618530271,0.0
2010-11-15,1.173280954360962,0.0
2010-11-16,1.133906006813049,0.0
2010-11-17,1.1401560306549072,0.0
2010-11-18,1.1767189502716064,0.0
2010-11-19,1.1784379482269287,0.0
2010-11-22,1.1990629434585571,0.0
2010-11-23,1.1615630388259888,0.0
2010-11-24,1.2073440551757812,0.0
2010-11-26,1.1910940408706665,0.0
2010-11-29,1.1906249523162842,0.0
2010-11-30,1.159999966621399,0.0
2010-12-01,1.209218978881836,0.0
2010-12-02,1.2346880435943604,0.0
2010-12-03,1.2403130531311035,0.0
2010-12-06,1.2392189502716064,0.0
2010-12-07,1.2417190074920654,0.0
2010-12-08,1.251405954360962,0.0
2010-12-09,1.252500057220459,0.0
2010-12-10,1.2692190408706665,0.0
2010-12-13,1.2607810497283936,0.0
2010-12-14,1.2634379863739014,0.0
2010-12-15,1.2535940408706665,0.0
2010-12-16,1.2714060544967651,0.0
2010-12-17,1.2753130197525024,0.0
2010-12-20,1.2779690027236938,0.0
2010-12-21,1.2914060354232788,0.0
2010-12-22,1.2926559448242188,0.0
2010-12-23,1.2857810258865356,0.0
2010-12-27,1.285938024520874,0.0
2010-12-28,1.282188057899475,0.0
2010-12-29,1.287343978881836,0.0
2010-12-30,1.2807810306549072,0.0
2010-12-31,1.272343993186951,0.0
2011-01-03,1.3114060163497925,0.0
2011-01-04,1.309062957763672,0.0
2011-01-05,1.331874966621399,0.0
2011-01-06,1.340000033378601,0.0
2011-01-07,1.3382810354232788,0.0
2011-01-10,1.3471879959106443,0.0
2011-01-11,1.350780963897705,0.0
2011-01-12,1.3698439598083496,0.0
2011-01-13,1.3729690313339231,0.0
2011-01-14,1.3926559686660769,0.0
2011-01-18,1.400156021118164,0.0
2011-01-19,1.368749976158142,0.0
2011-01-20,1.3473440408706665,0.0
2011-01-21,1.3271880149841309,0.0
2011-01-24,1.3645310401916504,0.0
2011-01-25,1.3674999475479126,0.0
2011-01-26,1.383437991142273,0.0
2011-01-27,1.399999976158142,0.0
2011-01-28,1.3289060592651367,0.0
2011-01-31,1.342188000679016,0.0
2011-02-01,1.391563057899475,0.0
2011-02-02,1.387187957763672,0.0
2011-02-03,1.3912500143051147,0.0
2011-02-04,1.4081250429153442,0.0
2011-02-07,1.421718955039978,0.0
2011-02-08,1.4418749809265137,0.0
2011-02-09,1.4354690313339231,0.0
2011-02-10,1.4406249523162842,0.0
2011-02-11,1.460155963897705,0.0
2011-02-14,1.467188000679016,0.0
2011-02-15,1.4635939598083496,0.0
2011-02-16,1.482969045639038,0.0
2011-02-17,1.4817190170288086,0.0
2011-02-18,1.4756250381469729,0.0
2011-02-22,1.388280987739563,0.0
2011-02-23,1.3657809495925903,0.0
2011-02-24,1.3790630102157593,0.0
2011-02-25,1.4182809591293335,0.0
2011-02-28,1.4254690408706665,0.0
2011-03-01,1.3799999952316284,0.0
2011-03-02,1.3934379816055298,0.0
2011-03-03,1.4481250047683716,0.0
2011-03-04,1.4321880340576172,0.0
2011-03-07,1.3951560258865356,0.0
2011-03-08,1.4056249856948853,0.0
2011-03-09,1.385938048362732,0.0
2011-03-10,1.3440630435943604,0.0
2011-03-11,1.359375,0.0
2011-03-14,1.3495310544967651,0.0
2011-03-15,1.3128130435943604,0.0
2011-03-16,1.2495310306549072,0.0
2011-03-17,1.2712500095367432,0.0
2011-03-18,1.2660939693450928,0.0
2011-03-21,1.3125,0.0
2011-03-22,1.310938000679016,0.0
2011-03-23,1.3240629434585571,0.0
2011-03-24,1.3742189407348633,0.0
2011-03-25,1.3776559829711914,0.0
2011-03-28,1.3612500429153442,0.0
2011-03-29,1.3879690170288086,0.0
2011-03-30,1.401563048362732,0.0
2011-03-31,1.4057810306549072,0.0
2011-04-01,1.4068750143051147,0.0
2011-04-04,1.3984379768371582,0.0
2011-04-05,1.3898439407348633,0.0
2011-04-06,1.3965630531311035,0.0
2011-04-07,1.3959380388259888,0.0
2011-04-08,1.3823440074920654,0.0
2011-04-11,1.3731249570846558,0.0
2011-04-12,1.3548439741134644,0.0
2011-04-13,1.377187967300415,0.0
2011-04-14,1.371250033378601,0.0
2011-04-15,1.3668750524520874,0.0
2011-04-18,1.3471879959106443,0.0
2011-04-19,1.3642189502716064,0.0
2011-04-20,1.4249999523162842,0.0
2011-04-21,1.4476560354232788,0.0
2011-04-25,1.4559379816055298,0.0
2011-04-26,1.471250057220459,0.0
2011-04-27,1.4918750524520874,0.0
2011-04-28,1.488124966621399,0.0
2011-04-29,1.486875057220459,0.0
2011-05-02,1.480468988418579,0.0
2011-05-03,1.4651559591293335,0.0
2011-05-04,1.462031006813049,0.0
2011-05-05,1.4443750381469729,0.0
2011-05-06,1.455625057220459,0.0
2011-05-09,1.4660940170288086,0.0
2011-05-10,1.4901560544967651,0.0
2011-05-11,1.4682810306549072,0.0
2011-05-12,1.4848439693450928,0.0
2011-05-13,1.4504690170288086,0.0
2011-05-16,1.399999976158142,0.0
2011-05-17,1.407188057899475,0.0
2011-05-18,1.4320310354232788,0.0
2011-05-19,1.439844012260437,0.0
2011-05-20,1.417968988418579,0.0
2011-05-23,1.377500057220459,0.0
2011-05-24,1.3598439693450928,0.0
2011-05-25,1.3700000047683716,0.0
2011-05-26,1.3875000476837158,0.0
2011-05-27,1.4010939598083496,0.0
2011-05-31,1.444530963897705,0.0
2011-06-01,1.3823440074920654,0.0
2011-06-02,1.3889060020446775,0.0
2011-06-03,1.347656011581421,0.0
2011-06-06,1.324218988418579,0.0
2011-06-07,1.3204690217971802,0.0
2011-06-08,1.3004690408706665,0.0
2011-06-09,1.3042190074920654,0.0
2011-06-10,1.265781044960022,0.0
2011-06-13,1.2639060020446775,0.0
2011-06-14,1.2956249713897705,0.0
2011-06-15,1.250156044960022,0.0
2011-06-16,1.2395310401916504,0.0
2011-06-17,1.2310940027236938,0.0
2011-06-20,1.2431249618530271,0.0
2011-06-21,1.2960939407348633,0.0
2011-06-22,1.278749942779541,0.0
2011-06-23,1.3025000095367432,0.0
2011-06-24,1.257030963897705,0.0
2011-06-27,1.297813057899475,0.0
2011-06-28,1.3353129625320437,0.0
2011-06-29,1.3470309972763062,0.0
2011-06-30,1.381718993186951,0.0
2011-07-01,1.424062967300415,0.0
2011-07-05,1.4375,0.0
2011-07-06,1.4457809925079346,0.0
2011-07-07,1.4874999523162842,0.0
2011-07-08,1.478281021118164,0.0
2011-07-11,1.4264060258865356,0.0
2011-07-12,1.4026559591293335,0.0
2011-07-13,1.414844036102295,0.0
2011-07-14,1.3823440074920654,0.0
2011-07-15,1.4187500476837158,0.0
2011-07-18,1.4040629863739014,0.0
2011-07-19,1.4682810306549072,0.0
2011-07-20,1.454530954360962,0.0
2011-07-21,1.475780963897705,0.0
2011-07-22,1.5051560401916504,0.0
2011-07-25,1.5,0.0
2011-07-26,1.5053130388259888,0.0
2011-07-27,1.4292190074920654,0.0
2011-07-28,1.433750033378601,0.0
2011-07-29,1.4235939979553225,0.0
2011-08-01,1.413280963897705,0.0
2011-08-02,1.340312957763672,0.0
2011-08-03,1.364063024520874,0.0
2011-08-04,1.239063024520874,0.0
2011-08-05,1.2223440408706665,0.0
2011-08-08,1.0792189836502075,0.0
2011-08-09,1.1790629625320437,0.0
2011-08-10,1.0824999809265137,0.0
2011-08-11,1.1776560544967651,0.0
2011-08-12,1.1973439455032349,0.0
2011-08-15,1.2324999570846558,0.0
2011-08-16,1.211719036102295,0.0
2011-08-17,1.198438048362732,0.0
2011-08-18,1.0817190408706665,0.0
2011-08-19,1.042188048362732,0.0
2011-08-22,1.0489059686660769,0.0
2011-08-23,1.1342190504074097,0.0
2011-08-24,1.1517189741134644,0.0
2011-08-25,1.115468978881836,0.0
2011-08-26,1.1698440313339231,0.0
2011-08-29,1.2374999523162842,0.0
2011-08-30,1.252344012260437,0.0
2011-08-31,1.2581249475479126,0.0
2011-09-01,1.2334380149841309,0.0
2011-09-02,1.175781011581421,0.0
2011-09-06,1.1762499809265137,0.0
2011-09-07,1.235313057899475,0.0
2011-09-08,1.2239060401916504,0.0
2011-09-09,1.169530987739563,0.0
2011-09-12,1.200624942779541,0.0
2011-09-13,1.2314059734344482,0.0
2011-09-14,1.2667189836502075,0.0
2011-09-15,1.3042190074920654,0.0
2011-09-16,1.3264060020446775,0.0
2011-09-19,1.3293750286102295,0.0
2011-09-20,1.3179689645767212,0.0
2011-09-21,1.2715630531311035,0.0
2011-09-22,1.1893750429153442,0.0
2011-09-23,1.2139060497283936,0.0
2011-09-26,1.2417190074920654,0.0
2011-09-27,1.2676559686660769,0.0
2011-09-28,1.2301559448242188,0.0
2011-09-29,1.201719045639038,0.0
2011-09-30,1.1398439407348633,0.0
2011-10-03,1.080312967300415,0.0
2011-10-04,1.1245310306549072,0.0
2011-10-05,1.1823439598083496,0.0
2011-10-06,1.2214059829711914,0.0
2011-10-07,1.2060940265655518,0.0
2011-10-10,1.2885940074920654,0.0
2011-10-11,1.3048440217971802,0.0
2011-10-12,1.3198440074920654,0.0
2011-10-13,1.3445310592651367,0.0
2011-10-14,1.392969012260437,0.0
2011-10-17,1.352344036102295,0.0
2011-10-18,1.383906006813049,0.0
2011-10-19,1.330625057220459,0.0
2011-10-20,1.318750023841858,0.0
2011-10-21,1.3506250381469729,0.0
2011-10-24,1.406406044960022,0.0
2011-10-25,1.3520309925079346,0.0
2011-10-26,1.3481249809265137,0.0
2011-10-27,1.423280954360962,0.0
2011-10-28,1.4262499809265137,0.0
2011-10-31,1.3792190551757812,0.0
2011-11-01,1.3065630197525024,0.0
2011-11-02,1.3276560306549072,0.0
2011-11-03,1.383437991142273,0.0
2011-11-04,1.3696880340576172,0.0
2011-11-07,1.3885940313339231,0.0
2011-11-08,1.420469045639038,0.0
2011-11-09,1.3223439455032349,0.0
2011-11-10,1.318750023841858,0.0
2011-11-11,1.367969036102295,0.0
2011-11-14,1.352344036102295,0.0
2011-11-15,1.381718993186951,0.0
2011-11-16,1.334843993186951,0.0
2011-11-17,1.2757810354232788,0.0
2011-11-18,1.2540630102157593,0.0
2011-11-21,1.2065629959106443,0.0
2011-11-22,1.212656021118164,0.0
2011-11-23,1.1578129529953003,0.0
2011-11-25,1.1410939693450928,0.0
2011-11-28,1.2195310592651367,0.0
2011-11-29,1.2050000429153442,0.0
2011-11-30,1.2939059734344482,0.0
2011-12-01,1.3120310306549072,0.0
2011-12-02,1.3025000095367432,0.0
2011-12-05,1.3324999809265137,0.0
2011-12-06,1.3260940313339231,0.0
2011-12-07,1.3273439407348633,0.0
2011-12-08,1.2818750143051147,0.0
2011-12-09,1.3223439455032349,0.0
2011-12-12,1.293437957763672,0.0
2011-12-13,1.2635940313339231,0.0
2011-12-14,1.2256250381469729,0.0
2011-12-15,1.2178130149841309,0.0
2011-12-16,1.2289060354232788,0.0
2011-12-19,1.207031011581421,0.0
2011-12-20,1.277343988418579,0.0
2011-12-21,1.2400000095367432,0.0
2011-12-22,1.2612500190734863,0.0
2011-12-23,1.283437967300415,0.0
2011-12-27,1.2909380197525024,0.0
2011-12-28,1.2634379863739014,0.0
2011-12-29,1.278905987739563,0.0
2011-12-30,1.2728129625320437,0.0
2012-01-03,1.319218993186951,0.0
2012-01-04,1.330625057220459,0.0
2012-01-05,1.353281021118164,0.0
2012-01-06,1.361875057220459,0.0
2012-01-09,1.3540630340576172,0.0
2012-01-10,1.373594045639038,0.0
2012-01-11,1.3798439502716064,0.0
2012-01-12,1.3910939693450928,0.0
2012-01-13,1.381250023841858,0.0
2012-01-17,1.403905987739563,0.0
2012-01-18,1.441406011581421,0.0
2012-01-19,1.4604690074920654,0.0
2012-01-20,1.4565629959106443,0.0
2012-01-23,1.456874966621399,0.0
2012-01-24,1.451719045639038,0.0
2012-01-25,1.4876559972763062,0.0
2012-01-26,1.4768749475479126,0.0
2012-01-27,1.4873440265655518,0.0
2012-01-30,1.489063024520874,0.0
2012-01-31,1.4926559925079346,0.0
2012-02-01,1.5160939693450928,0.0
2012-02-02,1.526563048362732,0.0
2012-02-03,1.5681250095367432,0.0
2012-02-06,1.5667190551757812,0.0
2012-02-07,1.5728130340576172,0.0
2012-02-08,1.5873440504074097,0.0
2012-02-09,1.611719012260437,0.0
2012-02-10,1.589063048362732,0.0
2012-02-13,1.6170309782028198,0.0
2012-02-14,1.625938057899475,0.0
2012-02-15,1.6024999618530271,0.0
2012-02-16,1.647655963897705,0.0
2012-02-17,1.6375000476837158,0.0
2012-02-21,1.6456249952316284,0.0
2012-02-22,1.6315629482269287,0.0
2012-02-23,1.6534379720687866,0.0
2012-02-24,1.6643749475479126,0.0
2012-02-27,1.668437957763672,0.0
2012-02-28,1.7021880149841309,0.0
2012-02-29,1.6882810592651367,0.0
2012-03-01,1.7131249904632568,0.0
2012-03-02,1.7112499475479126,0.0
2012-03-05,1.6768749952316284,0.0
2012-03-06,1.6432809829711914,0.0
2012-03-07,1.6675000190734863,0.0
2012-03-08,1.7042189836502075,0.0
2012-03-09,1.718593955039978,0.0
2012-03-12,1.7200000286102295,0.0
2012-03-13,1.7831250429153442,0.0
2012-03-14,1.797031044960022,0.0
2012-03-15,1.805469036102295,0.0
2012-03-16,1.8025000095367432,0.0
2012-03-19,1.830780982971192,0.0
2012-03-20,1.83609402179718,0.0
2012-03-21,1.837031006813049,0.0
2012-03-22,1.8284380435943604,0.0
2012-03-23,1.827968955039978,0.0
2012-03-26,1.890625,0.0
2012-03-27,1.895313024520874,0.0
2012-03-28,1.8803130388259888,0.0
2012-03-29,1.868124961853028,0.0
2012-03-30,1.8585939407348635,0.0
2012-04-02,1.8965630531311035,0.0
2012-04-03,1.896875023841858,0.0
2012-04-04,1.8454689979553225,0.0
2012-04-05,1.8667190074920648,0.0
2012-04-09,1.839687943458557,0.0
2012-04-10,1.778905987739563,0.0
2012-04-11,1.7976560592651367,0.0
2012-04-12,1.837188005447388,0.0
2012-04-13,1.782655954360962,0.0
2012-04-16,1.7446880340576172,0.0
2012-04-17,1.8131250143051147,0.0
2012-04-18,1.802968978881836,0.0
2012-04-19,1.765781044960022,0.0
2012-04-20,1.753749966621399,0.0
2012-04-23,1.7237499952316284,0.0
2012-04-24,1.703125,0.0
2012-04-25,1.7935940027236938,0.0
2012-04-26,1.815000057220459,0.0
2012-04-27,1.836562991142273,0.0
2012-04-30,1.8107810020446773,0.0
2012-05-01,1.8160940408706665,0.0
2012-05-02,1.8245309591293333,0.0
2012-05-03,1.7865630388259888,0.0
2012-05-04,1.6979689598083496,0.0
2012-05-07,1.7003129720687866,0.0
2012-05-08,1.6875,0.0
2012-05-09,1.6818749904632568,0.0
2012-05-10,1.669374942779541,0.0
2012-05-11,1.670313000679016,0.0
2012-05-14,1.6396880149841309,0.0
2012-05-15,1.6278129816055298,0.0
2012-05-16,1.605625033378601,0.0
2012-05-17,1.5378129482269287,0.0
2012-05-18,1.4990630149841309,0.0
2012-05-21,1.5796879529953003,0.0
2012-05-22,1.5768749713897705,0.0
2012-05-23,1.5856250524520874,0.0
2012-05-24,1.565000057220459,0.0
2012-05-25,1.558750033378601,0.0
2012-05-29,1.5978130102157593,0.0
2012-05-30,1.571874976158142,0.0
2012-05-31,1.5584379434585571,0.0
2012-06-01,1.4746880531311035,0.0
2012-06-04,1.496562957763672,0.0
2012-06-05,1.5096880197525024,0.0
2012-06-06,1.5800000429153442,0.0
2012-06-07,1.5659379959106443,0.0
2012-06-08,1.5978130102157593,0.0
2012-06-11,1.546875,0.0
2012-06-12,1.5796879529953003,0.0
2012-06-13,1.5584379434585571,0.0
2012-06-14,1.5703129768371582,0.0
2012-06-15,1.6087499856948853,0.0
2012-06-18,1.639063000679016,0.0
2012-06-19,1.6725000143051147,0.0
2012-06-20,1.6771880388259888,0.0
2012-06-21,1.5918749570846558,0.0
2012-06-22,1.6246880292892456,0.0
2012-06-25,1.5615630149841309,0.0
2012-06-26,1.582813024520874,0.0
2012-06-27,1.6012500524520874,0.0
2012-06-28,1.5668749809265137,0.0
2012-06-29,1.6637500524520874,0.0
2012-07-02,1.674375057220459,0.0
2012-07-03,1.7018749713897705,0.0
2012-07-05,1.7037500143051147,0.0
2012-07-06,1.660938024520874,0.0
2012-07-09,1.65625,0.0
2012-07-10,1.6231249570846558,0.0
2012-07-11,1.6043750047683716,0.0
2012-07-12,1.5759379863739014,0.0
2012-07-13,1.621562957763672,0.0
2012-07-16,1.6134380102157593,0.0
2012-07-17,1.628749966621399,0.0
2012-07-18,1.6737500429153442,0.0
2012-07-19,1.7100000381469729,0.0
2012-07-20,1.6665630340576172,0.0
2012-07-23,1.627187967300415,0.0
2012-07-24,1.5993750095367432,0.0
2012-07-25,1.5771880149841309,0.0
2012-07-26,1.617812991142273,0.0
2012-07-27,1.6990629434585571,0.0
2012-07-30,1.693750023841858,0.0
2012-07-31,1.6909379959106443,0.0
2012-08-01,1.6821880340576172,0.0
2012-08-02,1.6706249713897705,0.0
2012-08-03,1.7321879863739014,0.0
2012-08-06,1.7599999904632568,0.0
2012-08-07,1.789687991142273,0.0
2012-08-08,1.7862499952316284,0.0
2012-08-09,1.7971880435943604,0.0
2012-08-10,1.8009380102157593,0.0
2012-08-13,1.808750033378601,0.0
2012-08-14,1.810938000679016,0.0
2012-08-15,1.820000052452088,0.0
2012-08-16,1.862499952316284,0.0
2012-08-17,1.878749966621399,0.0
2012-08-20,1.8849999904632568,0.0
2012-08-21,1.8706250190734863,0.0
2012-08-22,1.8846880197525024,0.0
2012-08-23,1.8550000190734863,0.0
2012-08-24,1.8762500286102293,0.0
2012-08-27,1.8828129768371584,0.0
2012-08-28,1.8828129768371584,0.0
2012-08-29,1.882500052452088,0.0
2012-08-30,1.8450000286102293,0.0
2012-08-31,1.870937943458557,0.0
2012-09-04,1.8662500381469729,0.0
2012-09-05,1.861562967300415,0.0
2012-09-06,1.9431250095367432,0.0
2012-09-07,1.9378130435943604,0.0
2012-09-10,1.8896880149841309,0.0
2012-09-11,1.883437991142273,0.0
2012-09-12,1.895313024520874,0.0
2012-09-13,1.943750023841858,0.0
2012-09-14,1.980312943458557,0.0
2012-09-17,1.9815629720687864,0.0
2012-09-18,1.985313057899475,0.0
2012-09-19,1.991562962532044,0.0
2012-09-20,1.9884380102157595,0.0
2012-09-21,1.9900000095367432,0.0
2012-09-24,1.963750004768372,0.0
2012-09-25,1.9096879959106443,0.0
2012-09-26,1.8799999952316284,0.0
2012-09-27,1.930624961853028,0.0
2012-09-28,1.9009380340576167,0.0
2012-10-01,1.8921879529953003,0.0
2012-10-02,1.9053130149841309,0.0
2012-10-03,1.9268749952316284,0.0
2012-10-04,1.941249966621399,0.0
2012-10-05,1.9196879863739007,0.0
2012-10-08,1.887187957763672,0.0
2012-10-09,1.8274999856948853,0.0
2012-10-10,1.808750033378601,0.0
2012-10-11,1.7946879863739014,0.0
2012-10-12,1.7937500476837158,0.0
2012-10-15,1.8190629482269287,0.0
2012-10-16,1.871875047683716,0.0
2012-10-17,1.8706250190734863,0.0
2012-10-18,1.8278130292892456,0.0
2012-10-19,1.7396880388259888,0.0
2012-10-22,1.758437991142273,0.0
2012-10-23,1.723438024520874,0.0
2012-10-24,1.7084380388259888,0.0
2012-10-25,1.7106250524520874,0.0
2012-10-26,1.7206250429153442,0.0
2012-10-31,1.6990629434585571,0.0
2012-11-01,1.7478129863739014,0.0
2012-11-02,1.7059379816055298,0.0
2012-11-05,1.7321879863739014,0.0
2012-11-06,1.7396880388259888,0.0
2012-11-07,1.65625,0.0
2012-11-08,1.6074999570846558,0.0
2012-11-09,1.6196880340576172,0.0
2012-11-12,1.6168750524520874,0.0
2012-11-13,1.5965629816055298,0.0
2012-11-14,1.5571880340576172,0.0
2012-11-15,1.5456249713897705,0.0
2012-11-16,1.558750033378601,0.0
2012-11-19,1.6337499618530271,0.0
2012-11-20,1.6346880197525024,0.0
2012-11-21,1.6425000429153442,0.0
2012-11-23,1.691249966621399,0.0
2012-11-26,1.7081249952316284,0.0
2012-11-27,1.6946879625320437,0.0
2012-11-28,1.7237499952316284,0.0
2012-11-29,1.7440630197525024,0.0
2012-11-30,1.7400000095367432,0.0
2012-12-03,1.7340630292892456,0.0
2012-12-04,1.7268749475479126,0.0
2012-12-05,1.6906249523162842,0.0
2012-12-06,1.7121880054473877,0.0
2012-12-07,1.6915630102157593,0.0
2012-12-10,1.7021880149841309,0.0
2012-12-11,1.7468750476837158,0.0
2012-12-12,1.7374999523162842,0.0
2012-12-13,1.7109379768371582,0.0
2012-12-14,1.6790629625320437,0.0
2012-12-17,1.725000023841858,0.0
2012-12-18,1.7759380340576172,0.0
2012-12-19,1.7603130340576172,0.0
2012-12-20,1.7590630054473877,0.0
2012-12-21,1.7243750095367432,0.0
2012-12-24,1.715000033378601,0.0
2012-12-26,1.6853129863739014,0.002563
2012-12-27,1.6790629625320437,0.0
2012-12-28,1.6462500095367432,0.0
2012-12-31,1.7128130197525024,0.0
2013-01-02,1.823438048362732,0.0
2013-01-03,1.8065630197525024,0.0
2013-01-04,1.793437957763672,0.0
2013-01-07,1.796875,0.0
2013-01-08,1.7918750047683716,0.0
2013-01-09,1.7999999523162842,0.0
2013-01-10,1.8221880197525024,0.0
2013-01-11,1.828125,0.0
2013-01-14,1.810938000679016,0.0
2013-01-15,1.7937500476837158,0.0
2013-01-16,1.807500004768372,0.0
2013-01-17,1.824062943458557,0.0
2013-01-18,1.8174999952316284,0.0
2013-01-22,1.824062943458557,0.0
2013-01-23,1.842188000679016,0.0
2013-01-24,1.7940629720687866,0.0
2013-01-25,1.8121880292892456,0.0
2013-01-28,1.819687962532044,0.0
2013-01-29,1.8128130435943604,0.0
2013-01-30,1.814375042915344,0.0
2013-01-31,1.8037500381469729,0.0
2013-02-01,1.845937967300415,0.0
2013-02-04,1.78125,0.0
2013-02-05,1.836562991142273,0.0
2013-02-06,1.8228130340576167,0.0
2013-02-07,1.826563000679016,0.0
2013-02-08,1.8637499809265137,0.0
2013-02-11,1.864063024520874,0.0
2013-02-12,1.8487499952316284,0.0
2013-02-13,1.861875057220459,0.0
2013-02-14,1.8596880435943604,0.0
2013-02-15,1.8506250381469729,0.0
2013-02-19,1.8765629529953003,0.0
2013-02-20,1.818750023841858,0.0
2013-02-21,1.779688000679016,0.0
2013-02-22,1.815000057220459,0.0
2013-02-25,1.7696880102157593,0.0
2013-02-26,1.7825000286102295,0.0
2013-02-27,1.8184380531311035,0.0
2013-02-28,1.8125,0.0
2013-03-01,1.8271880149841309,0.0
2013-03-04,1.8440630435943604,0.0
2013-03-05,1.899688005447388,0.0
2013-03-06,1.889063000679016,0.0
2013-03-07,1.899688005447388,0.0
2013-03-08,1.9018750190734863,0.0
2013-03-11,1.914999961853028,0.0
2013-03-12,1.901563048362732,0.0
2013-03-13,1.8949999809265137,0.0
2013-03-14,1.908437967300415,0.0
2013-03-15,1.897812962532044,0.0
2013-03-18,1.8878129720687864,0.0
2013-03-19,1.882500052452088,0.0
2013-03-20,1.9018750190734863,0.004094
2013-03-21,1.861562967300415,0.0
2013-03-22,1.8962500095367432,0.0
2013-03-25,1.8815629482269287,0.0
2013-03-26,1.9034379720687864,0.0
2013-03-27,1.908125042915344,0.0
2013-03-28,1.918437957763672,0.0
2013-04-01,1.8909380435943604,0.0
2013-04-02,1.9209380149841309,0.0
2013-04-03,1.885938048362732,0.0
2013-04-04,1.887500047683716,0.0
2013-04-05,1.855312943458557,0.0
2013-04-08,1.8753130435943604,0.0
2013-04-09,1.899062991142273,0.0
2013-04-10,1.9740630388259888,0.0
2013-04-11,1.9703129529953003,0.0
2013-04-12,1.96875,0.0
2013-04-15,1.891563057899475,0.0
2013-04-16,1.942188024520874,0.0
2013-04-17,1.8662500381469729,0.0
2013-04-18,1.8137500286102293,0.0
2013-04-19,1.864063024520874,0.0
2013-04-22,1.899999976158142,0.0
2013-04-23,1.9368749856948853,0.0
2013-04-24,1.9353129863739007,0.0
2013-04-25,1.9559379816055296,0.0
2013-04-26,1.945000052452088,0.0
2013-04-29,1.980312943458557,0.0
2013-04-30,2.007812976837158,0.0
2013-05-01,1.9909379482269287,0.0
2013-05-02,2.040313005447388,0.0
2013-05-03,2.088749885559082,0.0
2013-05-06,2.104063034057617,0.0
2013-05-07,2.101562976837158,0.0
2013-05-08,2.122499942779541,0.0
2013-05-09,2.118438005447388,0.0
2013-05-10,2.1409380435943604,0.0
2013-05-13,2.148124933242798,0.0
2013-05-14,2.1696879863739014,0.0
2013-05-15,2.1781249046325684,0.0
2013-05-16,2.174375057220459,0.0
2013-05-17,2.2140629291534424,0.0
2013-05-20,2.207813024520874,0.0
2013-05-21,2.211874961853028,0.0
2013-05-22,2.176563024520874,0.0
2013-05-23,2.1628129482269287,0.0
2013-05-24,2.1624999046325684,0.0
2013-05-28,2.190000057220459,0.0
2013-05-29,2.168750047683716,0.0
2013-05-30,2.1912500858306885,0.0
2013-05-31,2.150624990463257,0.0
2013-06-03,2.1596879959106445,0.0
2013-06-04,2.137187957763672,0.0
2013-06-05,2.082813024520874,0.0
2013-06-06,2.0981249809265137,0.0
2013-06-07,2.157500028610229,0.0
2013-06-10,2.1606249809265137,0.0
2013-06-11,2.117187976837158,0.0
2013-06-12,2.067812919616699,0.0
2013-06-13,2.118438005447388,0.0
2013-06-14,2.0924999713897705,0.0
2013-06-17,2.1309380531311035,0.0
2013-06-18,2.166249990463257,0.0
2013-06-19,2.1178131103515625,0.0
2013-06-20,2.0143749713897705,0.0
2013-06-21,1.996875047683716,0.0
2013-06-24,1.9565629959106443,0.0
2013-06-25,1.9837499856948853,0.0
2013-06-26,2.0174999237060547,0.0
2013-06-27,2.0374999046325684,0.0
2013-06-28,2.039375066757202,0.0
2013-07-01,2.0687499046325684,0.0
2013-07-02,2.0693750381469727,0.0
2013-07-03,2.086874961853028,0.0
2013-07-05,2.117187976837158,0.0
2013-07-08,2.1209380626678467,0.0
2013-07-09,2.1468749046325684,0.0
2013-07-10,2.172812938690185,0.0
2013-07-11,2.262500047683716,0.0
2013-07-12,2.2790629863739014,0.0
2013-07-15,2.2896881103515625,0.0
2013-07-16,2.283750057220459,0.0
2013-07-17,2.294063091278076,0.0
2013-07-18,2.282500028610229,0.0
2013-07-19,2.2362499237060547,0.0
2013-07-22,2.247188091278076,0.0
2013-07-23,2.216249942779541,0.0
2013-07-24,2.2296879291534424,0.0
2013-07-25,2.2562499046325684,0.0
2013-07-26,2.280625104904175,0.0
2013-07-29,2.2725000381469727,0.0
2013-07-30,2.2956249713897705,0.0
2013-07-31,2.305624961853028,0.0
2013-08-01,2.351249933242798,0.0
2013-08-02,2.3787500858306885,0.0
2013-08-05,2.382188081741333,0.0
2013-08-06,2.353749990463257,0.0
2013-08-07,2.345000028610229,0.0
2013-08-08,2.3662500381469727,0.0
2013-08-09,2.349062919616699,0.0
2013-08-12,2.3578128814697266,0.0
2013-08-13,2.384063005447388,0.0
2013-08-14,2.367500066757202,0.0
2013-08-15,2.288749933242798,0.0
2013-08-16,2.284374952316284,0.0
2013-08-19,2.2771880626678467,0.0
2013-08-20,2.2971880435943604,0.0
2013-08-21,2.28125,0.0
2013-08-22,2.3243749141693115,0.0
2013-08-23,2.3575000762939453,0.0
2013-08-26,2.3581249713897705,0.0
2013-08-27,2.260624885559082,0.0
2013-08-28,2.280937910079956,0.0
2013-08-29,2.311875104904175,0.0
2013-08-30,2.2815630435943604,0.0
2013-09-03,2.3053131103515625,0.0
2013-09-04,2.3571879863739014,0.0
2013-09-05,2.3653130531311035,0.0
2013-09-06,2.3706250190734863,0.0
2013-09-09,2.424999952316284,0.0
2013-09-10,2.449687957763672,0.0
2013-09-11,2.440624952316284,0.0
2013-09-12,2.4359378814697266,0.0
2013-09-13,2.44031310081482,0.0
2013-09-16,2.4262499809265137,0.0
2013-09-17,2.4593749046325684,0.0
2013-09-18,2.517812967300415,0.0
2013-09-19,2.5293750762939453,0.0
2013-09-20,2.5112500190734863,0.0
2013-09-23,2.500624895095825,0.0
2013-09-24,2.50156307220459,0.0
2013-09-25,2.486562967300415,0.0
2013-09-26,2.523437976837158,0.0
2013-09-27,2.517812967300415,0.0
2013-09-30,2.499687910079956,0.0
2013-10-01,2.555624961853028,0.0
2013-10-02,2.5528130531311035,0.0
2013-10-03,2.494062900543213,0.0
2013-10-04,2.5356249809265137,0.0
2013-10-07,2.493750095367432,0.0
2013-10-08,2.400624990463257,0.0
2013-10-09,2.383125066757202,0.0
2013-10-10,2.481874942779541,0.0
2013-10-11,2.522813081741333,0.0
2013-10-14,2.557499885559082,0.0
2013-10-15,2.538438081741333,0.0
2013-10-16,2.5956249237060547,0.0
2013-10-17,2.6253130435943604,0.0
2013-10-18,2.7100000381469727,0.0
2013-10-21,2.721250057220459,0.0
2013-10-22,2.725938081741333,0.0
2013-10-23,2.697499990463257,0.0
2013-10-24,2.720000028610229,0.0
2013-10-25,2.757812976837158,0.0
2013-10-28,2.760624885559082,0.0
2013-10-29,2.76843810081482,0.0
2013-10-30,2.7637500762939453,0.0
2013-10-31,2.751250028610229,0.0
2013-11-01,2.752187967300415,0.0
2013-11-04,2.758749961853028,0.0
2013-11-05,2.766562938690185,0.0
2013-11-06,2.765000104904175,0.0
2013-11-07,2.661562919616699,0.0
2013-11-08,2.733438014984131,0.0
2013-11-11,2.7249999046325684,0.0
2013-11-12,2.7321879863739014,0.0
2013-11-13,2.799062967300415,0.0
2013-11-14,2.8143749237060547,0.0
2013-11-15,2.825313091278076,0.0
2013-11-18,2.773437976837158,0.0
2013-11-19,2.7543749809265137,0.0
2013-11-20,2.743750095367432,0.0
2013-11-21,2.7956249713897705,0.0
2013-11-22,2.827500104904175,0.0
2013-11-25,2.8399999141693115,0.0
2013-11-26,2.869688034057617,0.0
2013-11-27,2.90906310081482,0.0
2013-11-29,2.9412500858306885,0.0
2013-12-02,2.9262499809265137,0.0
2013-12-03,2.921562910079956,0.0
2013-12-04,2.927187919616699,0.0
2013-12-05,2.921875,0.0
2013-12-06,2.962812900543213,0.0
2013-12-09,2.98593807220459,0.0
2013-12-10,2.9825000762939453,0.0
2013-12-11,2.90625,0.0
2013-12-12,2.89218807220459,0.0
2013-12-13,2.882812976837158,0.0
2013-12-16,2.914375066757202,0.0
2013-12-17,2.9040629863739014,0.0
2013-12-18,2.97156310081482,0.0
2013-12-19,2.952188014984131,0.0
2013-12-20,3.0115630626678467,0.0
2013-12-23,3.075313091278076,0.0
2013-12-24,3.079375028610229,0.0
2013-12-26,3.098438024520874,0.0
2013-12-27,3.0824999809265137,0.0
2013-12-30,3.073124885559082,0.0
2013-12-31,3.112499952316284,0.0
2014-01-02,3.064687967300415,0.0
2014-01-03,3.021250009536743,0.0
2014-01-06,2.996562957763672,0.0
2014-01-07,3.0512499809265137,0.0
2014-01-08,3.0668749809265137,0.0
2014-01-09,3.0450000762939453,0.0
2014-01-10,3.064687967300415,0.0
2014-01-13,2.971874952316284,0.0
2014-01-14,3.087812900543213,0.0
2014-01-15,3.1368749141693115,0.0
2014-01-16,3.140312910079956,0.0
2014-01-17,3.103437900543213,0.0
2014-01-21,3.150312900543213,0.0
2014-01-22,3.168750047683716,0.0
2014-01-23,3.145937919616699,0.0
2014-01-24,3.017812967300415,0.0
2014-01-27,2.963749885559082,0.0
2014-01-28,2.9593749046325684,0.0
2014-01-29,2.8965630531311035,0.0
2014-01-30,2.9984378814697266,0.0
2014-01-31,2.985625028610229,0.0
2014-02-03,2.851562976837158,0.0
2014-02-04,2.890000104904175,0.0
2014-02-05,2.875,0.0
2014-02-06,2.945625066757202,0.0
2014-02-07,3.0509378910064697,0.0
2014-02-10,3.086874961853028,0.0
2014-02-11,3.156874895095825,0.0
2014-02-12,3.169374942779541,0.0
2014-02-13,3.215625047683716,0.0
2014-02-14,3.2300000190734863,0.0
2014-02-18,3.2615630626678467,0.0
2014-02-19,3.2171878814697266,0.0
2014-02-20,3.243438005447388,0.0
2014-02-21,3.234375,0.0
2014-02-24,3.273124933242798,0.0
2014-02-25,3.263124942779541,0.0
2014-02-26,3.257812976837158,0.0
2014-02-27,3.3009378910064697,0.0
2014-02-28,3.291874885559082,0.0
2014-03-03,3.243750095367432,0.0
2014-03-04,3.3265628814697266,0.0
2014-03-05,3.345000028610229,0.0
2014-03-06,3.337188005447388,0.0
2014-03-07,3.304687976837158,0.0
2014-03-10,3.309688091278076,0.0
2014-03-11,3.28281307220459,0.0
2014-03-12,3.305624961853028,0.0
2014-03-13,3.2140629291534424,0.0
2014-03-14,3.1678130626678467,0.0
2014-03-17,3.2256250381469727,0.0
2014-03-18,3.3028130531311035,0.0
2014-03-19,3.26843810081482,0.0
2014-03-20,3.284374952316284,0.0
2014-03-21,3.204375028610229,0.0
2014-03-24,3.150624990463257,0.0
2014-03-25,3.169063091278076,0.0
2014-03-26,3.087500095367432,0.0
2014-03-27,3.0531249046325684,0.0
2014-03-28,3.0659379959106445,0.0
2014-03-31,3.1078128814697266,0.0
2014-04-01,3.216249942779541,0.0
2014-04-02,3.233438014984131,0.0
2014-04-03,3.1828129291534424,0.0
2014-04-04,3.0109379291534424,0.0
2014-04-07,2.9571878910064697,0.0
2014-04-08,3.009063005447388,0.0
2014-04-09,3.1131250858306885,0.0
2014-04-10,2.920938014984131,0.0
2014-04-11,2.853125095367432,0.0
2014-04-14,2.8965630531311035,0.0
2014-04-15,2.914999961853028,0.0
2014-04-16,2.9909379482269287,0.0
2014-04-17,2.9928131103515625,0.0
2014-04-21,3.0381250381469727,0.0
2014-04-22,3.087188005447388,0.0
2014-04-23,3.0315630435943604,0.0
2014-04-24,3.090625047683716,0.0
2014-04-25,2.9909379482269287,0.0
2014-04-28,3.012500047683716,0.0
2014-04-29,3.0578129291534424,0.0
2014-04-30,3.0740630626678467,0.0
2014-05-01,3.09375,0.0
2014-05-02,3.0818750858306885,0.0
2014-05-05,3.1131250858306885,0.0
2014-05-06,3.031874895095825,0.0
2014-05-07,3.0134379863739014,0.0
2014-05-08,3.008749961853028,0.0
2014-05-09,3.031874895095825,0.0
2014-05-12,3.1290628910064697,0.0
2014-05-13,3.133125066757202,0.0
2014-05-14,3.1003129482269287,0.0
2014-05-15,3.0534379482269287,0.0
2014-05-16,3.092813014984131,0.0
2014-05-19,3.137500047683716,0.0
2014-05-20,3.114063024520874,0.0
2014-05-21,3.172812938690185,0.0
2014-05-22,3.1987500190734863,0.0
2014-05-23,3.246875047683716,0.0
2014-05-27,3.328749895095825,0.0
2014-05-28,3.306562900543213,0.0
2014-05-29,3.3481249809265137,0.0
2014-05-30,3.3503129482269287,0.0
2014-06-02,3.3418750762939453,0.0
2014-06-03,3.340312957763672,0.0
2014-06-04,3.3628129959106445,0.0
2014-06-05,3.4206249713897705,0.0
2014-06-06,3.4593749046325684,0.0
2014-06-09,3.454062938690185,0.0
2014-06-10,3.4646880626678467,0.0
2014-06-11,3.462812900543213,0.0
2014-06-12,3.403749942779541,0.0
2014-06-13,3.4221880435943604,0.0
2014-06-16,3.427500009536743,0.0
2014-06-17,3.430938005447388,0.0
2014-06-18,3.4728128910064697,0.0
2014-06-19,3.465312957763672,0.0
2014-06-20,3.471874952316284,0.0
2014-06-23,3.473750114440918,0.0
2014-06-24,3.4674999713897705,0.0
2014-06-25,3.5065629482269287,0.005625
2014-06-26,3.509375095367432,0.0
2014-06-27,3.538749933242798,0.0
2014-06-30,3.5531249046325684,0.0
2014-07-01,3.6315629482269287,0.0
2014-07-02,3.642499923706055,0.0
2014-07-03,3.685312986373901,0.0
2014-07-07,3.664062976837158,0.0
2014-07-08,3.577500104904175,0.0
2014-07-09,3.630000114440918,0.0
2014-07-10,3.607500076293945,0.0
2014-07-11,3.650312900543213,0.0
2014-07-14,3.698124885559082,0.0
2014-07-15,3.672499895095825,0.0
2014-07-16,3.700313091278076,0.0
2014-07-17,3.602813005447388,0.0
2014-07-18,3.713124990463257,0.0
2014-07-21,3.70468807220459,0.0
2014-07-22,3.755000114440918,0.0
2014-07-23,3.8009378910064697,0.0
2014-07-24,3.793437957763672,0.0
2014-07-25,3.759999990463257,0.0
2014-07-28,3.7643749713897705,0.0
2014-07-29,3.753124952316284,0.0
2014-07-30,3.781874895095825,0.0
2014-07-31,3.627500057220459,0.0
2014-08-01,3.601562976837158,0.0
2014-08-04,3.648750066757202,0.0
2014-08-05,3.594687938690185,0.0
2014-08-06,3.587500095367432,0.0
2014-08-07,3.5662500858306885,0.0
2014-08-08,3.6159379482269287,0.0
2014-08-11,3.659687995910645,0.0
2014-08-12,3.654375076293945,0.0
2014-08-13,3.734062910079956,0.0
2014-08-14,3.7725000381469727,0.0
2014-08-15,3.807499885559082,0.0
2014-08-18,3.8678131103515625,0.0
2014-08-19,3.9103128910064697,0.0
2014-08-20,3.912499904632568,0.0
2014-08-21,3.9259378910064697,0.0
2014-08-22,3.936875104904175,0.0
2014-08-25,3.965625047683716,0.0
2014-08-26,3.974999904632568,0.0
2014-08-27,3.9753129482269287,0.0
2014-08-28,3.963749885559082,0.0
2014-08-29,3.9956250190734863,0.0
2014-09-02,4.01843786239624,0.0
2014-09-03,3.971250057220459,0.0
2014-09-04,3.960624933242798,0.0
2014-09-05,4.005000114440918,0.0
2014-09-08,4.017813205718994,0.0
2014-09-09,3.952188014984131,0.0
2014-09-10,4.0134382247924805,0.0
2014-09-11,4.010313034057617,0.0
2014-09-12,3.967813014984131,0.0
2014-09-15,3.889688014984131,0.0
2014-09-16,3.958125114440918,0.0
2014-09-17,3.972500085830689,0.0
2014-09-18,4.03000020980835,0.0
2014-09-19,4.022812843322754,0.0
2014-09-22,3.950937986373901,0.0
2014-09-23,3.929063081741333,0.0
2014-09-24,4.012813091278076,0.0
2014-09-25,3.8446879386901855,0.0
2014-09-26,3.9284379482269287,0.0
2014-09-29,3.916874885559082,0.0
2014-09-30,3.9287500381469727,0.0
2014-10-01,3.801563024520874,0.0
2014-10-02,3.799062967300415,0.0
2014-10-03,3.87531304359436,0.0
2014-10-06,3.858438014984131,0.0
2014-10-07,3.749375104904175,0.0
2014-10-08,3.898437976837158,0.0
2014-10-09,3.767499923706055,0.0
2014-10-10,3.578749895095825,0.0
2014-10-13,3.468437910079956,0.0
2014-10-14,3.4668750762939453,0.0
2014-10-15,3.424999952316284,0.0
2014-10-16,3.379688024520874,0.0
2014-10-17,3.470000028610229,0.0
2014-10-20,3.572499990463257,0.0
2014-10-21,3.759375095367432,0.0
2014-10-22,3.719374895095825,0.0
2014-10-23,3.833437919616699,0.0
2014-10-24,3.8918750286102295,0.0
2014-10-27,3.902188062667847,0.0
2014-10-28,4.017499923706055,0.0
2014-10-29,3.986562967300415,0.0
2014-10-30,4.005938053131104,0.0
2014-10-31,4.114375114440918,0.0
2014-11-03,4.138124942779541,0.0
2014-11-04,4.112500190734863,0.0
2014-11-05,4.110000133514404,0.0
2014-11-06,4.137499809265137,0.0
2014-11-07,4.128125190734863,0.0
2014-11-10,4.1596879959106445,0.0
2014-11-11,4.183437824249268,0.0
2014-11-12,4.199062824249268,0.0
2014-11-13,4.234063148498535,0.0
2014-11-14,4.259375095367432,0.0
2014-11-17,4.23312520980835,0.0
2014-11-18,4.299063205718994,0.0
2014-11-19,4.259375095367432,0.0
2014-11-20,4.2978129386901855,0.0
2014-11-21,4.31374979019165,0.0
2014-11-24,4.382500171661377,0.0
2014-11-25,4.395625114440918,0.0
2014-11-26,4.452813148498535,0.0
2014-11-28,4.492499828338623,0.0
2014-12-01,4.389999866485596,0.0
2014-12-02,4.425000190734863,0.0
2014-12-03,4.442812919616699,0.0
2014-12-04,4.435937881469727,0.0
2014-12-05,4.438125133514404,0.0
2014-12-08,4.372188091278076,0.0
2014-12-09,4.404375076293945,0.0
2014-12-10,4.263750076293945,0.0
2014-12-11,4.304687976837158,0.0
2014-12-12,4.210937976837158,0.0
2014-12-15,4.125,0.0
2014-12-16,3.989063024520874,0.0
2014-12-17,4.130938053131104,0.0
2014-12-18,4.335000038146973,0.0
2014-12-19,4.364062786102295,0.0
2014-12-22,4.3915629386901855,0.0025
2014-12-23,4.3628129959106445,0.0
2014-12-24,4.3678131103515625,0.0
2014-12-26,4.429687976837158,0.0
2014-12-29,4.427813053131104,0.0
2014-12-30,4.364999771118164,0.0
2014-12-31,4.273125171661377,0.0
2015-01-02,4.255312919616699,0.0
2015-01-05,4.125625133514404,0.0
2015-01-06,4.01687479019165,0.0
2015-01-07,4.117187976837158,0.0
2015-01-08,4.274687767028809,0.0
2015-01-09,4.2196879386901855,0.0
2015-01-12,4.132812976837158,0.0
2015-01-13,4.12656307220459,0.0
2015-01-14,4.085625171661377,0.0
2015-01-15,3.977813005447388,0.0
2015-01-16,4.071562767028809,0.0
2015-01-20,4.134375095367432,0.0
2015-01-21,4.176249980926514,0.0
2015-01-22,4.330625057220459,0.0
2015-01-23,4.349374771118164,0.0
2015-01-26,4.340624809265137,0.0
2015-01-27,4.118124961853027,0.0
2015-01-28,4.073124885559082,0.0
2015-01-29,4.147812843322754,0.0
2015-01-30,4.087187767028809,0.0
2015-02-02,4.156562805175781,0.0
2015-02-03,4.236249923706055,0.0
2015-02-04,4.226562976837158,0.0
2015-02-05,4.300624847412109,0.0
2015-02-06,4.248437881469727,0.0
2015-02-09,4.220938205718994,0.0
2015-02-10,4.352812767028809,0.0
2015-02-11,4.385313034057617,0.0
2015-02-12,4.4853129386901855,0.0
2015-02-13,4.561874866485596,0.0
2015-02-17,4.5709381103515625,0.0
2015-02-18,4.584374904632568,0.0
2015-02-19,4.629063129425049,0.0
2015-02-20,4.690625190734863,0.0
2015-02-23,4.701562881469727,0.0
2015-02-24,4.707499980926514,0.0
2015-02-25,4.683125019073486,0.0
2015-02-26,4.730625152587891,0.0
2015-02-27,4.689374923706055,0.0
2015-03-02,4.773749828338623,0.0
2015-03-03,4.726874828338623,0.0
2015-03-04,4.692812919616699,0.0
2015-03-05,4.707188129425049,0.0
2015-03-06,4.598437786102295,0.0
2015-03-09,4.624063014984131,0.0
2015-03-10,4.458125114440918,0.0
2015-03-11,4.4040632247924805,0.0
2015-03-12,4.463749885559082,0.0
2015-03-13,4.422500133514404,0.0
2015-03-16,4.539062976837158,0.0
2015-03-17,4.5503129959106445,0.0
2015-03-18,4.641250133514404,0.0
2015-03-19,4.653749942779541,0.0
2015-03-20,4.717813014984131,0.0
2015-03-23,4.694375038146973,0.0
2015-03-24,4.660937786102295,0.0
2015-03-25,4.444687843322754,0.002469
2015-03-26,4.414999961853027,0.0
2015-03-27,4.4509382247924805,0.0
2015-03-30,4.559374809265137,0.0
2015-03-31,4.45468807220459,0.0
2015-04-01,4.408750057220459,0.0
2015-04-02,4.413125038146973,0.0
2015-04-06,4.48562479019165,0.0
2015-04-07,4.46999979019165,0.0
2015-04-08,4.540937900543213,0.0
2015-04-09,4.597813129425049,0.0
2015-04-10,4.634687900543213,0.0
2015-04-13,4.61093807220459,0.0
2015-04-14,4.585312843322754,0.0
2015-04-15,4.639062881469727,0.0
2015-04-16,4.62781286239624,0.0
2015-04-17,4.4853129386901855,0.0
2015-04-20,4.618750095367432,0.0
2015-04-21,4.656875133514404,0.0
2015-04-22,4.707188129425049,0.0
2015-04-23,4.744999885559082,0.0
2015-04-24,4.870625019073486,0.0
2015-04-27,4.848437786102295,0.0
2015-04-28,4.825624942779541,0.0
2015-04-29,4.767813205718994,0.0
2015-04-30,4.614375114440918,0.0
2015-05-01,4.739999771118164,0.0
2015-05-04,4.75281286239624,0.0
2015-05-05,4.601874828338623,0.0
2015-05-06,4.540312767028809,0.0
2015-05-07,4.589687824249268,0.0
2015-05-08,4.702499866485596,0.0
2015-05-11,4.664374828338623,0.0
2015-05-12,4.625312805175781,0.0
2015-05-13,4.643125057220459,0.0
2015-05-14,4.777500152587891,0.0
2015-05-15,4.779687881469727,0.0
2015-05-18,4.820624828338623,0.0
2015-05-19,4.8078131675720215,0.0
2015-05-20,4.813125133514404,0.0
2015-05-21,4.864999771118164,0.0
2015-05-22,4.858749866485596,0.0
2015-05-26,4.742499828338623,0.0
2015-05-27,4.894999980926514,0.0
2015-05-28,4.87375020980835,0.0
2015-05-29,4.818749904632568,0.0
2015-06-01,4.845624923706055,0.0
2015-06-02,4.816249847412109,0.0
2015-06-03,4.844375133514404,0.0
2015-06-04,4.774374961853027,0.0
2015-06-05,4.749374866485596,0.0
2015-06-08,4.653749942779541,0.0
2015-06-09,4.638750076293945,0.0
2015-06-10,4.758749961853027,0.0
2015-06-11,4.775625228881836,0.0
2015-06-12,4.697500228881836,0.0
2015-06-15,4.653124809265137,0.0
2015-06-16,4.699999809265137,0.0
2015-06-17,4.726250171661377,0.0
2015-06-18,4.86062479019165,0.0
2015-06-19,4.814374923706055,0.0
2015-06-22,4.885624885559082,0.0
2015-06-23,4.894374847412109,0.0
2015-06-24,4.846250057220459,0.0
2015-06-25,4.823124885559082,0.0
2015-06-26,4.76437520980835,0.0
2015-06-29,4.541250228881836,0.0
2015-06-30,4.571875095367432,0.0
2015-07-01,4.641250133514404,0.0
2015-07-02,4.644999980926514,0.0
2015-07-06,4.623125076293945,0.0
2015-07-07,4.641250133514404,0.0
2015-07-08,4.481874942779541,0.0
2015-07-09,4.475625038146973,0.0
2015-07-10,4.615624904632568,0.0
2015-07-13,4.772500038146973,0.0
2015-07-14,4.836249828338623,0.0
2015-07-15,4.847499847412109,0.0
2015-07-16,4.982500076293945,0.0
2015-07-17,5.127500057220459,0.0
2015-07-20,5.166874885559082,0.0
2015-07-21,5.156875133514404,0.0
2015-07-22,5.045000076293945,0.0
2015-07-23,5.002500057220459,0.0
2015-07-24,4.90749979019165,0.0
2015-07-27,4.823124885559082,0.0
2015-07-28,4.90625,0.0
2015-07-29,4.946875095367432,0.0
2015-07-30,4.991250038146973,0.0
2015-07-31,4.979374885559082,0.0
2015-08-03,4.95187520980835,0.0
2015-08-04,4.928750038146973,0.0
2015-08-05,5.003749847412109,0.0
2015-08-06,4.847499847412109,0.0
2015-08-07,4.831250190734863,0.0
2015-08-10,4.940625190734863,0.0
2015-08-11,4.816874980926514,0.0
2015-08-12,4.845624923706055,0.0
2015-08-13,4.828125,0.0
2015-08-14,4.84375,0.0
2015-08-17,4.924375057220459,0.0
2015-08-18,4.876874923706055,0.0
2015-08-19,4.81125020980835,0.0
2015-08-20,4.547500133514404,0.0
2015-08-21,4.15749979019165,0.0
2015-08-24,3.844374895095825,0.0
2015-08-25,3.799375057220459,0.0
2015-08-26,4.179999828338623,0.0
2015-08-27,4.389999866485596,0.0
2015-08-28,4.394999980926514,0.0
2015-08-31,4.281875133514404,0.0
2015-09-01,4.023125171661377,0.0
2015-09-02,4.241250038146973,0.0
2015-09-03,4.195000171661377,0.0
2015-09-04,4.096875190734863,0.0
2015-09-08,4.32687520980835,0.0
2015-09-09,4.231874942779541,0.0
2015-09-10,4.320000171661377,0.0
2015-09-11,4.368750095367432,0.0
2015-09-14,4.341875076293945,0.0
2015-09-15,4.442500114440918,0.0
2015-09-16,4.494375228881836,0.0
2015-09-17,4.49875020980835,0.0
2015-09-18,4.37375020980835,0.0
2015-09-21,4.399374961853027,0.0
2015-09-22,4.268750190734863,0.0
2015-09-23,4.271249771118164,0.0
2015-09-24,4.244999885559082,0.0
2015-09-25,4.170000076293945,0.0
2015-09-28,3.932499885559082,0.0
2015-09-29,3.893749952316284,0.0
2015-09-30,4.065625190734863,0.0
2015-10-01,4.103125095367432,0.0
2015-10-02,4.246874809265137,0.0
2015-10-05,4.372499942779541,0.0
2015-10-06,4.331250190734863,0.0
2015-10-07,4.380000114440918,0.0
2015-10-08,4.414999961853027,0.0
2015-10-09,4.45187520980835,0.0
2015-10-12,4.477499961853027,0.0
2015-10-13,4.415625095367432,0.0
2015-10-14,4.405624866485596,0.0
2015-10-15,4.550000190734863,0.0
2015-10-16,4.590000152587891,0.0
2015-10-19,4.64187479019165,0.0
2015-10-20,4.59375,0.0
2015-10-21,4.535624980926514,0.0
2015-10-22,4.721250057220459,0.0
2015-10-23,4.985000133514404,0.0
2015-10-26,4.992499828338623,0.0
2015-10-27,5.009375095367432,0.0
2015-10-28,5.09375,0.0
2015-10-29,5.078125,0.0
2015-10-30,5.033750057220459,0.0
2015-11-02,5.148749828338623,0.0
2015-11-03,5.183125019073486,0.0
2015-11-04,5.184374809265137,0.0
2015-11-05,5.149374961853027,0.0
2015-11-06,5.161874771118164,0.0
2015-11-09,5.052499771118164,0.0
2015-11-10,5.021874904632568,0.0
2015-11-11,5.011875152587891,0.0
2015-11-12,4.913125038146973,0.0
2015-11-13,4.721875190734863,0.0
2015-11-16,4.856249809265137,0.0
2015-11-17,4.862500190734863,0.0
2015-11-18,5.046249866485596,0.0
2015-11-19,5.054999828338623,0.0
2015-11-20,5.121874809265137,0.0
2015-11-23,5.094375133514404,0.0
2015-11-24,5.088125228881836,0.0
2015-11-25,5.093124866485596,0.0
2015-11-27,5.109375,0.0
2015-11-30,5.081874847412109,0.0
2015-12-01,5.183750152587891,0.0
2015-12-02,5.122499942779541,0.0
2015-12-03,4.946249961853027,0.0
2015-12-04,5.174375057220459,0.0
2015-12-07,5.130000114440918,0.0
2015-12-08,5.131875038146973,0.0
2015-12-09,4.974999904632568,0.0
2015-12-10,5.018125057220459,0.0
2015-12-11,4.789374828338623,0.0
2015-12-14,4.863749980926514,0.0
2015-12-15,4.920000076293945,0.0
2015-12-16,5.058125019073486,0.0
2015-12-17,4.918125152587891,0.0
2015-12-18,4.73562479019165,0.0
2015-12-21,4.833125114440918,0.0
2015-12-22,4.893125057220459,0.002875
2015-12-23,4.966875076293945,0.0
2015-12-24,4.963125228881836,0.0
2015-12-28,4.953750133514404,0.0
2015-12-29,5.109375,0.0
2015-12-30,5.021249771118164,0.0
2015-12-31,4.897500038146973,0.0
2016-01-04,4.693124771118164,0.0
2016-01-05,4.668125152587891,0.0
2016-01-06,4.583749771118164,0.0
2016-01-07,4.29812479019165,0.0
2016-01-08,4.223124980926514,0.0
2016-01-11,4.253125190734863,0.0
2016-01-12,4.351874828338623,0.0
2016-01-13,4.048749923706055,0.0
2016-01-14,4.21875,0.0
2016-01-15,3.9574999809265137,0.0
2016-01-19,3.974375009536743,0.0
2016-01-20,3.9518749713897705,0.0
2016-01-21,3.961250066757202,0.0
2016-01-22,4.186874866485596,0.0
2016-01-25,4.065000057220459,0.0
2016-01-26,4.136875152587891,0.0
2016-01-27,3.929374933242798,0.0
2016-01-28,4.038125038146973,0.0
2016-01-29,4.207499980926514,0.0
2016-02-01,4.224374771118164,0.0
2016-02-02,4.04562520980835,0.0
2016-02-03,4.008749961853027,0.0
2016-02-04,4.007500171661377,0.0
2016-02-05,3.726249933242798,0.0
2016-02-08,3.613125085830689,0.0
2016-02-09,3.588749885559082,0.0
2016-02-10,3.619374990463257,0.0
2016-02-11,3.612499952316284,0.0
2016-02-12,3.716249942779541,0.0
2016-02-16,3.878124952316284,0.0
2016-02-17,4.058750152587891,0.0
2016-02-18,3.96875,0.0
2016-02-19,3.991874933242798,0.0
2016-02-22,4.119999885559082,0.0
2016-02-23,3.984375,0.0
2016-02-24,4.060625076293945,0.0
2016-02-25,4.138124942779541,0.0
2016-02-26,4.128749847412109,0.0
2016-02-29,4.054999828338623,0.0
2016-03-01,4.313125133514404,0.0
2016-03-02,4.317500114440918,0.0
2016-03-03,4.302499771118164,0.0
2016-03-04,4.306250095367432,0.0
2016-03-07,4.254374980926514,0.0
2016-03-08,4.179999828338623,0.0
2016-03-09,4.235000133514404,0.0
2016-03-10,4.224374771118164,0.0
2016-03-11,4.368750095367432,0.0
2016-03-14,4.381875038146973,0.0
2016-03-15,4.380000114440918,0.0
2016-03-16,4.457499980926514,0.0
2016-03-17,4.452499866485596,0.0
2016-03-18,4.469375133514404,0.0
2016-03-21,4.501874923706055,0.0
2016-03-22,4.526875019073486,0.0
2016-03-23,4.448124885559082,0.0
2016-03-24,4.450624942779541,0.0
2016-03-28,4.439374923706055,0.0
2016-03-29,4.575624942779541,0.0
2016-03-30,4.626874923706055,0.0
2016-03-31,4.612500190734863,0.0
2016-04-01,4.707499980926514,0.0
2016-04-04,4.670000076293945,0.0
2016-04-05,4.585625171661377,0.0
2016-04-06,4.73312520980835,0.0
2016-04-07,4.590624809265137,0.0
2016-04-08,4.590624809265137,0.0
2016-04-11,4.554999828338623,0.0
2016-04-12,4.633124828338623,0.0
2016-04-13,4.750625133514404,0.0
2016-04-14,4.75,0.0
2016-04-15,4.724999904632568,0.0
2016-04-18,4.775000095367432,0.0
2016-04-19,4.716249942779541,0.0
2016-04-20,4.721875190734863,0.0
2016-04-21,4.724374771118164,0.0
2016-04-22,4.583749771118164,0.0
2016-04-25,4.583125114440918,0.0
2016-04-26,4.541250228881836,0.0
2016-04-27,4.463125228881836,0.0
2016-04-28,4.359375,0.0
2016-04-29,4.309999942779541,0.0
2016-05-02,4.389999866485596,0.0
2016-05-03,4.310625076293945,0.0
2016-05-04,4.254374980926514,0.0
2016-05-05,4.253749847412109,0.0
2016-05-06,4.297500133514404,0.0
2016-05-09,4.320000171661377,0.0
2016-05-10,4.43874979019165,0.0
2016-05-11,4.360000133514404,0.0
2016-05-12,4.320000171661377,0.0
2016-05-13,4.289999961853027,0.0
2016-05-16,4.393750190734863,0.0
2016-05-17,4.284999847412109,0.0
2016-05-18,4.315000057220459,0.0
2016-05-19,4.271249771118164,0.0
2016-05-20,4.361249923706055,0.0
2016-05-23,4.349374771118164,0.0
2016-05-24,4.526875019073486,0.0
2016-05-25,4.591875076293945,0.0
2016-05-26,4.617499828338623,0.0
2016-05-27,4.664999961853027,0.0
2016-05-31,4.683750152587891,0.0
2016-06-01,4.681250095367432,0.0
2016-06-02,4.703750133514404,0.0
2016-06-03,4.65749979019165,0.0
2016-06-06,4.689374923706055,0.0
2016-06-07,4.67062520980835,0.0
2016-06-08,4.683125019073486,0.0
2016-06-09,4.666874885559082,0.0
2016-06-10,4.5625,0.0
2016-06-13,4.48312520980835,0.0
2016-06-14,4.487500190734863,0.0
2016-06-15,4.460000038146973,0.0
2016-06-16,4.486875057220459,0.0
2016-06-17,4.383124828338623,0.0
2016-06-20,4.433750152587891,0.0
2016-06-21,4.462500095367432,0.0
2016-06-22,4.438125133514404,0.0025
2016-06-23,4.563125133514404,0.0
2016-06-24,4.192500114440918,0.0
2016-06-27,4.030624866485596,0.0
2016-06-28,4.199999809265137,0.0
2016-06-29,4.346875190734863,0.0
2016-06-30,4.447500228881836,0.0
2016-07-01,4.491875171661377,0.0
2016-07-05,4.435625076293945,0.0
2016-07-06,4.507500171661377,0.0
2016-07-07,4.536250114440918,0.0
2016-07-08,4.676249980926514,0.0
2016-07-11,4.731249809265137,0.0
2016-07-12,4.776249885559082,0.0
2016-07-13,4.755624771118164,0.0
2016-07-14,4.815625190734863,0.0
2016-07-15,4.801875114440918,0.0
2016-07-18,4.865624904632568,0.0
2016-07-19,4.82937479019165,0.0
2016-07-20,4.943124771118164,0.0
2016-07-21,4.921249866485596,0.0
2016-07-22,4.960000038146973,0.0
2016-07-25,4.962500095367432,0.0
2016-07-26,4.974999904632568,0.0
2016-07-27,5.038750171661377,0.0
2016-07-28,5.077499866485596,0.0
2016-07-29,5.096875190734863,0.0
2016-08-01,5.150000095367432,0.0
2016-08-02,5.071875095367432,0.0
2016-08-03,5.107500076293945,0.0
2016-08-04,5.135624885559082,0.0
2016-08-05,5.23312520980835,0.0
2016-08-08,5.223124980926514,0.0
2016-08-09,5.246874809265137,0.0
2016-08-10,5.21999979019165,0.0
2016-08-11,5.263750076293945,0.0
2016-08-12,5.270625114440918,0.0
2016-08-15,5.315625190734863,0.0
2016-08-16,5.257500171661377,0.0
2016-08-17,5.273125171661377,0.0
2016-08-18,5.278124809265137,0.0
2016-08-19,5.273749828338623,0.0
2016-08-22,5.28000020980835,0.0
2016-08-23,5.29812479019165,0.0
2016-08-24,5.228750228881836,0.0
2016-08-25,5.211249828338623,0.0
2016-08-26,5.227499961853027,0.0
2016-08-29,5.242499828338623,0.0
2016-08-30,5.208125114440918,0.0
2016-08-31,5.194375038146973,0.0
2016-09-01,5.221250057220459,0.0
2016-09-02,5.254374980926514,0.0
2016-09-06,5.320624828338623,0.0
2016-09-07,5.32937479019165,0.0
2016-09-08,5.264999866485596,0.0
2016-09-09,4.998125076293945,0.0
2016-09-12,5.175000190734863,0.0
2016-09-13,5.086249828338623,0.0
2016-09-14,5.137499809265137,0.0
2016-09-15,5.296249866485596,0.0
2016-09-16,5.289374828338623,0.0
2016-09-19,5.241875171661377,0.0
2016-09-20,5.261250019073486,0.0
2016-09-21,5.363124847412109,0.0
2016-09-22,5.450624942779541,0.0
2016-09-23,5.379374980926514,0.0
2016-09-26,5.290625095367432,0.0
2016-09-27,5.393125057220459,0.0
2016-09-28,5.413750171661377,0.0
2016-09-29,5.331874847412109,0.0
2016-09-30,5.408750057220459,0.0
2016-10-03,5.395625114440918,0.0
2016-10-04,5.381249904632568,0.0
2016-10-05,5.416874885559082,0.0
2016-10-06,5.413125038146973,0.0
2016-10-07,5.388750076293945,0.0
2016-10-10,5.453125,0.0
2016-10-11,5.296249866485596,0.0
2016-10-12,5.292500019073486,0.0
2016-10-13,5.254374980926514,0.0
2016-10-14,5.262499809265137,0.0
2016-10-17,5.23562479019165,0.0
2016-10-18,5.328125,0.0
2016-10-19,5.324999809265137,0.0
2016-10-20,5.315000057220459,0.0
2016-10-21,5.355000019073486,0.0
2016-10-24,5.48312520980835,0.0
2016-10-25,5.445000171661377,0.0
2016-10-26,5.374374866485596,0.0
2016-10-27,5.32687520980835,0.0
2016-10-28,5.253125190734863,0.0
2016-10-31,5.243124961853027,0.0
2016-11-01,5.168125152587891,0.0
2016-11-02,5.082499980926514,0.0
2016-11-03,4.985000133514404,0.0
2016-11-04,4.946875095367432,0.0
2016-11-07,5.18625020980835,0.0
2016-11-08,5.253125190734863,0.0
2016-11-09,5.297500133514404,0.0
2016-11-10,5.125625133514404,0.0
2016-11-11,5.131249904632568,0.0
2016-11-14,5.028749942779541,0.0
2016-11-15,5.168749809265137,0.0
2016-11-16,5.228125095367432,0.0
2016-11-17,5.303124904632568,0.0
2016-11-18,5.264999866485596,0.0
2016-11-21,5.371250152587891,0.0
2016-11-22,5.40625,0.0
2016-11-23,5.362500190734863,0.0
2016-11-25,5.395625114440918,0.0
2016-11-28,5.372499942779541,0.0
2016-11-29,5.408124923706055,0.0
2016-11-30,5.273125171661377,0.0
2016-12-01,5.096250057220459,0.0
2016-12-02,5.111875057220459,0.0
2016-12-05,5.190625190734863,0.0
2016-12-06,5.21750020980835,0.0
2016-12-07,5.348124980926514,0.0
2016-12-08,5.366250038146973,0.0
2016-12-09,5.449999809265137,0.0
2016-12-12,5.400000095367432,0.0
2016-12-13,5.536874771118164,0.0
2016-12-14,5.511875152587891,0.0
2016-12-15,5.529375076293945,0.0
2016-12-16,5.492499828338623,0.0
2016-12-19,5.536250114440918,0.0
2016-12-20,5.57937479019165,0.0
2016-12-21,5.56374979019165,0.003688
2016-12-22,5.531875133514404,0.0
2016-12-23,5.538125038146973,0.0
2016-12-27,5.599374771118164,0.0
2016-12-28,5.510624885559082,0.0
2016-12-29,5.491875171661377,0.0
2016-12-30,5.382500171661377,0.0
2017-01-03,5.475625038146973,0.0
2017-01-04,5.533124923706055,0.0
2017-01-05,5.59499979019165,0.0
2017-01-06,5.693124771118164,0.0
2017-01-09,5.731249809265137,0.0
2017-01-10,5.756249904632568,0.0
2017-01-11,5.783124923706055,0.0
2017-01-12,5.765625,0.0
2017-01-13,5.806875228881836,0.0
2017-01-17,5.770625114440918,0.0
2017-01-18,5.796875,0.0
2017-01-19,5.787499904632568,0.0
2017-01-20,5.813125133514404,0.0
2017-01-23,5.821875095367432,0.0
2017-01-24,5.901249885559082,0.0
2017-01-25,6.018750190734863,0.0
2017-01-26,6.028124809265137,0.0
2017-01-27,6.051249980926514,0.0
2017-01-30,5.960625171661377,0.0
2017-01-31,5.935625076293945,0.0
2017-02-01,6.016250133514404,0.0
2017-02-02,6.005624771118164,0.0
2017-02-03,6.036874771118164,0.0
2017-02-06,6.053124904632568,0.0
2017-02-07,6.096875190734863,0.0
2017-02-08,6.119999885559082,0.0
2017-02-09,6.162499904632568,0.0
2017-02-10,6.20187520980835,0.0
2017-02-13,6.272500038146973,0.0
2017-02-14,6.3125,0.0
2017-02-15,6.385000228881836,0.0
2017-02-16,6.383124828338623,0.0
2017-02-17,6.43874979019165,0.0
2017-02-21,6.5,0.0
2017-02-22,6.505624771118164,0.0
2017-02-23,6.458749771118164,0.0
2017-02-24,6.478750228881836,0.0
2017-02-27,6.496874809265137,0.0
2017-02-28,6.455625057220459,0.0
2017-03-01,6.595624923706055,0.0
2017-03-02,6.530624866485596,0.0
2017-03-03,6.553124904632568,0.0
2017-03-06,6.525000095367432,0.0
2017-03-07,6.49875020980835,0.0
2017-03-08,6.522500038146973,0.0
2017-03-09,6.53125,0.0
2017-03-10,6.587500095367432,0.0
2017-03-13,6.607500076293945,0.0
2017-03-14,6.573124885559082,0.0
2017-03-15,6.65500020980835,0.0
2017-03-16,6.650000095367432,0.0
2017-03-17,6.637499809265137,0.0
2017-03-20,6.651875019073486,0.0
2017-03-21,6.45437479019165,0.0
2017-03-22,6.537499904632568,0.001188
2017-03-23,6.506875038146973,0.0
2017-03-24,6.525625228881836,0.0
2017-03-27,6.551875114440918,0.0
2017-03-28,6.630000114440918,0.0
2017-03-29,6.691874980926514,0.0
2017-03-30,6.710625171661377,0.0
2017-03-31,6.703750133514404,0.0
2017-04-03,6.693749904632568,0.0
2017-04-04,6.712500095367432,0.0
2017-04-05,6.661250114440918,0.0
2017-04-06,6.667500019073486,0.0
2017-04-07,6.660624980926514,0.0
2017-04-10,6.666874885559082,0.0
2017-04-11,6.610000133514404,0.0
2017-04-12,6.554999828338623,0.0
2017-04-13,6.499374866485596,0.0
2017-04-17,6.605625152587891,0.0
2017-04-18,6.588749885559082,0.0
2017-04-19,6.607500076293945,0.0
2017-04-20,6.712500095367432,0.0
2017-04-21,6.712500095367432,0.0
2017-04-24,6.874374866485596,0.0
2017-04-25,6.974374771118164,0.0
2017-04-26,6.95437479019165,0.0
2017-04-27,7.035624980926514,0.0
2017-04-28,7.060625076293945,0.0
2017-05-01,7.179999828338623,0.0
2017-05-02,7.209374904632568,0.0
2017-05-03,7.162499904632568,0.0
2017-05-04,7.167500019073486,0.0
2017-05-05,7.21875,0.0
2017-05-08,7.25,0.0
2017-05-09,7.301249980926514,0.0
2017-05-10,7.307499885559082,0.0
2017-05-11,7.29562520980835,0.0
2017-05-12,7.328750133514404,0.0
2017-05-15,7.37375020980835,0.0
2017-05-16,7.4375,0.0
2017-05-17,7.056250095367432,0.0
2017-05-18,7.176249980926514,0.0
2017-05-19,7.240624904632568,0.0
2017-05-22,7.362500190734863,0.0
2017-05-23,7.374374866485596,0.0
2017-05-24,7.444375038146973,0.0
2017-05-25,7.567500114440918,0.0
2017-05-26,7.59375,0.0
2017-05-30,7.60812520980835,0.0
2017-05-31,7.598750114440918,0.0
2017-06-01,7.664999961853027,0.0
2017-06-02,7.831250190734863,0.0
2017-06-05,7.829999923706055,0.0
2017-06-06,7.772500038146973,0.0
2017-06-07,7.828125,0.0
2017-06-08,7.846250057220459,0.0
2017-06-09,7.45187520980835,0.0
2017-06-12,7.369375228881836,0.0
2017-06-13,7.488749980926514,0.0
2017-06-14,7.421875,0.0
2017-06-15,7.352499961853027,0.0
2017-06-16,7.299375057220459,0.0
2017-06-19,7.533750057220459,0.0
2017-06-20,7.418125152587891,0.0
2017-06-21,7.5625,0.000438
2017-06-22,7.556875228881836,0.0
2017-06-23,7.612500190734863,0.0
2017-06-26,7.544374942779541,0.0
2017-06-27,7.270625114440918,0.0
2017-06-28,7.473124980926514,0.0
2017-06-29,7.216249942779541,0.0
2017-06-30,7.207499980926514,0.0
2017-07-03,7.069375038146973,0.0
2017-07-05,7.206874847412109,0.0
2017-07-06,7.074999809265137,0.0
2017-07-07,7.222499847412109,0.0
2017-07-10,7.322500228881836,0.0
2017-07-11,7.362500190734863,0.0
2017-07-12,7.540625095367432,0.0
2017-07-13,7.571875095367432,0.0
2017-07-14,7.686874866485596,0.0
2017-07-17,7.695000171661377,0.0
2017-07-18,7.800000190734863,0.0
2017-07-19,7.889999866485596,0.0
2017-07-20,7.909999847412109,0.0
2017-07-21,7.898749828338623,0.0
2017-07-24,7.96875,0.0
2017-07-25,7.934999942779541,0.0
2017-07-26,7.983749866485596,0.0
2017-07-27,7.889999866485596,0.0
2017-07-28,7.868750095367432,0.0
2017-07-31,7.798749923706055,0.0
2017-08-01,7.832499980926514,0.0
2017-08-02,7.875,0.0
2017-08-03,7.822500228881836,0.0
2017-08-04,7.84250020980835,0.0
2017-08-07,7.9375,0.0
2017-08-08,7.914999961853027,0.0
2017-08-09,7.892499923706055,0.0
2017-08-10,7.550000190734863,0.0
2017-08-11,7.663750171661377,0.0
2017-08-14,7.862500190734863,0.0
2017-08-15,7.872499942779541,0.0
2017-08-16,7.902500152587891,0.0
2017-08-17,7.579999923706055,0.0
2017-08-18,7.559999942779541,0.0
2017-08-21,7.551249980926514,0.0
2017-08-22,7.776249885559082,0.0
2017-08-23,7.71750020980835,0.0
2017-08-24,7.677499771118164,0.0
2017-08-25,7.642499923706055,0.0
2017-08-28,7.681250095367432,0.0
2017-08-29,7.744999885559082,0.0
2017-08-30,7.929999828338623,0.0
2017-08-31,8.077500343322754,0.0
2017-09-01,8.076250076293945,0.0
2017-09-05,7.927499771118164,0.0
2017-09-06,7.973750114440918,0.0
2017-09-07,8.012499809265137,0.0
2017-09-08,7.87624979019165,0.0
2017-09-11,8.046250343322754,0.0
2017-09-12,8.0912504196167,0.0
2017-09-13,8.113750457763672,0.0
2017-09-14,8.016249656677246,0.0
2017-09-15,8.067500114440918,0.0
2017-09-18,8.050000190734863,0.0
2017-09-19,8.077500343322754,0.0
2017-09-20,8.029999732971191,0.0
2017-09-21,7.925000190734863,0.0
2017-09-22,7.912499904632568,0.0
2017-09-25,7.747499942779541,0.0
2017-09-26,7.784999847412109,0.0
2017-09-27,7.923749923706055,0.0
2017-09-28,7.916250228881836,0.0
2017-09-29,8.02750015258789,0.0
2017-10-02,8.038749694824219,0.0
2017-10-03,8.078749656677246,0.0
2017-10-04,8.09000015258789,0.0
2017-10-05,8.25,0.0
2017-10-06,8.267499923706055,0.0
2017-10-09,8.2524995803833,0.0
2017-10-10,8.263750076293945,0.0
2017-10-11,8.313750267028809,0.0
2017-10-12,8.282500267028809,0.0
2017-10-13,8.342499732971191,0.0
2017-10-16,8.399999618530273,0.0
2017-10-17,8.418749809265137,0.0
2017-10-18,8.399999618530273,0.0
2017-10-19,8.337499618530273,0.0
2017-10-20,8.380000114440918,0.0
2017-10-23,8.271249771118164,0.0
2017-10-24,8.302499771118164,0.0
2017-10-25,8.234999656677246,0.0
2017-10-26,8.1875,0.0
2017-10-27,8.649999618530273,0.0
2017-10-30,8.697500228881836,0.0
2017-10-31,8.760000228881836,0.0
2017-11-01,8.756250381469727,0.0
2017-11-02,8.7162504196167,0.0
2017-11-03,8.881250381469727,0.0
2017-11-06,8.943750381469727,0.0
2017-11-07,8.953749656677246,0.0
2017-11-08,9.02750015258789,0.0
2017-11-09,8.927499771118164,0.0
2017-11-10,8.930000305175781,0.0
2017-11-13,8.948749542236328,0.0
2017-11-14,8.887499809265137,0.0
2017-11-15,8.795000076293945,0.0
2017-11-16,9.02375030517578,0.0
2017-11-17,8.954999923706055,0.0
2017-11-20,8.9399995803833,0.0
2017-11-21,9.130000114440918,0.0
2017-11-22,9.154999732971191,0.0
2017-11-24,9.22249984741211,0.0
2017-11-27,9.212499618530272,0.0
2017-11-28,9.258749961853027,0.0
2017-11-29,8.94124984741211,0.0
2017-11-30,9.085000038146973,0.0
2017-12-01,9.00749969482422,0.0
2017-12-04,8.800000190734863,0.0
2017-12-05,8.802499771118164,0.0
2017-12-06,8.882499694824219,0.0
2017-12-07,8.944999694824219,0.0
2017-12-08,9.02375030517578,0.0
2017-12-11,9.16374969482422,0.0
2017-12-12,9.137499809265137,0.0
2017-12-13,9.170000076293944,0.0
2017-12-14,9.15625,0.0
2017-12-15,9.356249809265137,0.0
2017-12-18,9.517499923706056,0.0
2017-12-19,9.40999984741211,0.0
2017-12-20,9.386249542236328,0.0
2017-12-21,9.387499809265137,0.0
2017-12-22,9.364999771118164,0.0
2017-12-26,9.263750076293944,0.0
2017-12-27,9.265000343322754,0.0
2017-12-28,9.2837495803833,0.0
2017-12-29,9.166250228881836,0.0
2018-01-02,9.483750343322754,0.0
2018-01-03,9.668749809265137,0.0
2018-01-04,9.703749656677246,0.0
2018-01-05,9.896249771118164,0.0
2018-01-08,9.970000267028809,0.0
2018-01-09,9.978750228881836,0.0
2018-01-10,9.923749923706056,0.0
2018-01-11,10.061249732971191,0.0
2018-01-12,10.203749656677246,0.0
2018-01-16,10.146249771118164,0.0
2018-01-17,10.364999771118164,0.0
2018-01-18,10.368749618530272,0.0
2018-01-19,10.4350004196167,0.0
2018-01-22,10.65625,0.0
2018-01-23,10.829999923706056,0.0
2018-01-24,10.697500228881836,0.0
2018-01-25,10.68375015258789,0.0
2018-01-26,10.99625015258789,0.0
2018-01-29,10.897500038146973,0.0
2018-01-30,10.72249984741211,0.0
2018-01-31,10.801250457763672,0.0
2018-02-01,10.6225004196167,0.0
2018-02-02,10.192500114440918,0.0
2018-02-05,9.4037504196167,0.0
2018-02-06,9.88249969482422,0.0
2018-02-07,9.630000114440918,0.0
2018-02-08,8.827500343322754,0.0
2018-02-09,9.11750030517578,0.0
2018-02-12,9.449999809265137,0.0
2018-02-13,9.53499984741211,0.0
2018-02-14,9.899999618530272,0.0
2018-02-15,10.255000114440918,0.0
2018-02-16,10.178750038146973,0.0
2018-02-20,10.203749656677246,0.0
2018-02-21,10.143750190734863,0.0
2018-02-22,10.154999732971191,0.0
2018-02-23,10.556249618530272,0.0
2018-02-26,10.833749771118164,0.0
2018-02-27,10.563750267028809,0.0
2018-02-28,10.431249618530272,0.0
2018-03-01,10.10124969482422,0.0
2018-03-02,10.27750015258789,0.0
2018-03-05,10.5,0.0
2018-03-06,10.587499618530272,0.0
2018-03-07,10.635000228881836,0.0
2018-03-08,10.75374984741211,0.0
2018-03-09,11.162500381469728,0.0
2018-03-12,11.265000343322754,0.0
2018-03-13,10.987500190734863,0.0
2018-03-14,10.978750228881836,0.0
2018-03-15,10.948749542236328,0.0
2018-03-16,10.896249771118164,0.0
2018-03-19,10.43375015258789,0.0
2018-03-20,10.49250030517578,0.0
2018-03-21,10.395000457763672,0.0
2018-03-22,9.8774995803833,0.0
2018-03-23,9.352499961853027,0.0
2018-03-26,10.056249618530272,0.0
2018-03-27,9.392499923706056,0.0
2018-03-28,9.1875,0.0
2018-03-29,9.524999618530272,0.0
2018-04-02,8.977499961853027,0.0
2018-04-03,9.170000076293944,0.0
2018-04-04,9.407500267028809,0.0
2018-04-05,9.5600004196167,0.0
2018-04-06,9.098750114440918,0.0
2018-04-09,9.204999923706056,0.0
2018-04-10,9.609999656677246,0.0
2018-04-11,9.510000228881836,0.0
2018-04-12,9.727499961853027,0.0
2018-04-13,9.636249542236328,0.0
2018-04-16,9.772500038146973,0.0
2018-04-17,10.188750267028809,0.0
2018-04-18,10.236249923706056,0.0
2018-04-19,10.0625,0.0
2018-04-20,9.734999656677246,0.0
2018-04-23,9.682499885559082,0.0
2018-04-24,9.271249771118164,0.0
2018-04-25,9.300000190734863,0.0
2018-04-26,9.675000190734863,0.0
2018-04-27,9.69124984741211,0.0
2018-04-30,9.550000190734863,0.0
2018-05-01,9.760000228881836,0.0
2018-05-02,9.654999732971191,0.0
2018-05-03,9.64875030517578,0.0
2018-05-04,10.012499809265137,0.0
2018-05-07,10.170000076293944,0.0
2018-05-08,10.147500038146973,0.0
2018-05-09,10.38249969482422,0.0
2018-05-10,10.592499732971191,0.0
2018-05-11,10.572500228881836,0.0
2018-05-14,10.603750228881836,0.0
2018-05-15,10.369999885559082,0.0
2018-05-16,10.508749961853027,0.0
2018-05-17,10.420000076293944,0.0
2018-05-18,10.3125,0.0
2018-05-21,10.432499885559082,0.0
2018-05-22,10.40250015258789,0.0
2018-05-23,10.576250076293944,0.0
2018-05-24,10.56624984741211,0.0
2018-05-25,10.588749885559082,0.0
2018-05-29,10.493749618530272,0.0
2018-05-30,10.640000343322754,0.0
2018-05-31,10.626250267028809,0.0
2018-06-01,10.960000038146973,0.0
2018-06-04,11.147500038146973,0.0
2018-06-05,11.220000267028809,0.0
2018-06-06,11.353750228881836,0.0
2018-06-07,11.176250457763672,0.0
2018-06-08,11.164999961853027,0.0
2018-06-11,11.225000381469728,0.0
2018-06-12,11.34375,0.0
2018-06-13,11.333749771118164,0.0
2018-06-14,11.56999969482422,0.0
2018-06-15,11.488750457763672,0.0
2018-06-18,11.475000381469728,0.0
2018-06-19,11.404999732971191,0.0
2018-06-20,11.567500114440918,0.0
2018-06-21,11.362500190734863,0.0
2018-06-22,11.289999961853027,0.0
2018-06-25,10.798749923706056,0.0
2018-06-26,10.890000343322754,0.0
2018-06-27,10.581250190734863,0.0
2018-06-28,10.77375030517578,0.0
2018-06-29,10.807499885559082,0.0
2018-07-02,10.970000267028809,0.0
2018-07-03,10.713749885559082,0.0
2018-07-05,10.979999542236328,0.0
2018-07-06,11.311249732971191,0.0
2018-07-09,11.521249771118164,0.0
2018-07-10,11.53874969482422,0.0
2018-07-11,11.423749923706056,0.0
2018-07-12,11.798749923706056,0.0
2018-07-13,11.822500228881836,0.0
2018-07-16,11.771249771118164,0.0
2018-07-17,11.918749809265137,0.0
2018-07-18,11.866250038146973,0.0
2018-07-19,11.75,0.0
2018-07-20,11.734999656677246,0.0
2018-07-23,11.80875015258789,0.0
2018-07-24,11.911250114440918,0.0
2018-07-25,12.237500190734863,0.0
2018-07-26,11.88249969482422,0.0
2018-07-27,11.55500030517578,0.0
2018-07-30,11.223750114440918,0.0
2018-07-31,11.352499961853027,0.0
2018-08-01,11.47249984741211,0.0
2018-08-02,11.78499984741211,0.0
2018-08-03,11.852499961853027,0.0
2018-08-06,12.0,0.0
2018-08-07,12.071249961853027,0.0
2018-08-08,12.092499732971191,0.0
2018-08-09,12.082500457763672,0.0
2018-08-10,11.90250015258789,0.0
2018-08-13,11.881250381469728,0.0
2018-08-14,12.024999618530272,0.0
2018-08-15,11.736249923706056,0.0
2018-08-16,11.801250457763672,0.0
2018-08-17,11.807499885559082,0.0
2018-08-20,11.789999961853027,0.0
2018-08-21,11.87125015258789,0.0
2018-08-22,11.958749771118164,0.0
2018-08-23,11.923749923706056,0.0
2018-08-24,12.142499923706056,0.0
2018-08-27,12.387499809265137,0.0
2018-08-28,12.426250457763672,0.0
2018-08-29,12.713749885559082,0.0
2018-08-30,12.65999984741211,0.0
2018-08-31,12.6899995803833,0.0
2018-09-04,12.587499618530272,0.0
2018-09-05,12.261249542236328,0.0
2018-09-06,12.039999961853027,0.0
2018-09-07,11.96500015258789,0.0
2018-09-10,12.020000457763672,0.0
2018-09-11,12.202500343322754,0.0
2018-09-12,12.137499809265137,0.0
2018-09-13,12.375,0.0
2018-09-14,12.3100004196167,0.0
2018-09-17,11.962499618530272,0.0
2018-09-18,12.1537504196167,0.0
2018-09-19,12.138750076293944,0.0
2018-09-20,12.391249656677246,0.0
2018-09-21,12.265000343322754,0.0
2018-09-24,12.324999809265137,0.0
2018-09-25,12.363750457763672,0.0
2018-09-26,12.3725004196167,0.0
2018-09-27,12.582500457763672,0.0
2018-09-28,12.585000038146973,0.0
2018-10-01,12.626250267028809,0.0
2018-10-02,12.567500114440918,0.0
2018-10-03,12.603750228881836,0.0
2018-10-04,12.114999771118164,0.0
2018-10-05,11.824999809265137,0.0
2018-10-08,11.672499656677246,0.0
2018-10-09,11.737500190734863,0.0
2018-10-10,10.71500015258789,0.0
2018-10-11,10.446249961853027,0.0
2018-10-12,11.026249885559082,0.0
2018-10-15,10.74625015258789,0.0
2018-10-16,11.37125015258789,0.0
2018-10-17,11.385000228881836,0.0
2018-10-18,10.876250267028809,0.0
2018-10-19,10.835000038146973,0.0
2018-10-22,10.948749542236328,0.0
2018-10-23,10.8774995803833,0.0
2018-10-24,9.86750030517578,0.0
2018-10-25,10.5337495803833,0.0
2018-10-26,10.0287504196167,0.0
2018-10-29,9.642499923706056,0.0
2018-10-30,9.896249771118164,0.0
2018-10-31,10.35124969482422,0.0
2018-11-01,10.649999618530272,0.0
2018-11-02,10.328749656677246,0.0
2018-11-05,10.25749969482422,0.0
2018-11-06,10.41374969482422,0.0
2018-11-07,11.057499885559082,0.0
2018-11-08,10.922499656677246,0.0
2018-11-09,10.551250457763672,0.0
2018-11-12,9.927499771118164,0.0
2018-11-13,9.931249618530272,0.0
2018-11-14,9.765000343322754,0.0
2018-11-15,10.112500190734863,0.0
2018-11-16,10.045000076293944,0.0
2018-11-19,9.383749961853027,0.0
2018-11-20,9.05500030517578,0.0
2018-11-21,9.18375015258789,0.0
2018-11-23,9.050000190734863,0.0
2018-11-26,9.467499732971191,0.0
2018-11-27,9.53499984741211,0.0
2018-11-28,10.135000228881836,0.0
2018-11-29,10.074999809265137,0.0
2018-11-30,10.229999542236328,0.0
2018-12-03,10.56999969482422,0.0
2018-12-04,9.760000228881836,0.0
2018-12-06,9.899999618530272,0.0
2018-12-07,9.237500190734863,0.0
2018-12-10,9.4350004196167,0.0
2018-12-11,9.493749618530272,0.0
2018-12-12,9.662500381469728,0.0
2018-12-13,9.671250343322754,0.0
2018-12-14,9.171250343322754,0.0
2018-12-17,8.786250114440918,0.0
2018-12-18,8.882499694824219,0.0
2018-12-19,8.462499618530273,0.0
2018-12-20,8.208749771118164,0.0
2018-12-21,7.679999828338623,0.0
2018-12-24,7.315000057220459,0.0
2018-12-26,8.210000038146973,0.005
2018-12-27,8.2787504196167,0.0
2018-12-28,8.268750190734863,0.0
2018-12-31,8.398750305175781,0.0
2019-01-02,8.461250305175781,0.0
2019-01-03,7.893750190734863,0.0
2019-01-04,8.601249694824219,0.0
2019-01-07,8.774999618530273,0.0
2019-01-08,8.949999809265137,0.0
2019-01-09,9.083749771118164,0.0
2019-01-10,9.130000114440918,0.0
2019-01-11,9.074999809265137,0.0
2019-01-14,8.90999984741211,0.0
2019-01-15,9.261249542236328,0.0
2019-01-16,9.258749961853027,0.0
2019-01-17,9.390000343322754,0.0
2019-01-18,9.572500228881836,0.0
2019-01-22,9.207500457763672,0.0
2019-01-23,9.21875,0.0
2019-01-24,9.329999923706056,0.0
2019-01-25,9.5649995803833,0.0
2019-01-28,9.31999969482422,0.0
2019-01-29,9.137499809265137,0.0
2019-01-30,9.619999885559082,0.0
2019-01-31,9.896249771118164,0.0
2019-02-01,9.80500030517578,0.0
2019-02-04,10.046250343322754,0.0
2019-02-05,10.227499961853027,0.0
2019-02-06,10.15999984741211,0.0
2019-02-07,9.886249542236328,0.0
2019-02-08,9.917499542236328,0.0
2019-02-11,9.904999732971191,0.0
2019-02-12,10.201250076293944,0.0
2019-02-13,10.207500457763672,0.0
2019-02-14,10.225000381469728,0.0
2019-02-15,10.321249961853027,0.0
2019-02-19,10.354999542236328,0.0
2019-02-20,10.353750228881836,0.0
2019-02-21,10.268750190734863,0.0
2019-02-22,10.425000190734863,0.0
2019-02-25,10.5,0.0
2019-02-26,10.518750190734863,0.0
2019-02-27,10.501250267028809,0.0
2019-02-28,10.452500343322754,0.0
2019-03-01,10.604999542236328,0.0
2019-03-04,10.600000381469728,0.0
2019-03-05,10.614999771118164,0.0
2019-03-06,10.489999771118164,0.0
2019-03-07,10.234999656677246,0.0
2019-03-08,10.198749542236328,0.0
2019-03-11,10.625,0.0
2019-03-12,10.744999885559082,0.0
2019-03-13,10.901249885559082,0.0
2019-03-14,10.859999656677246,0.0
2019-03-15,11.046250343322754,0.0
2019-03-18,11.103750228881836,0.0
2019-03-19,11.18375015258789,0.0
2019-03-20,11.267499923706056,0.007875
2019-03-21,11.613750457763672,0.0
2019-03-22,11.09375,0.0
2019-03-25,11.0649995803833,0.0
2019-03-26,11.164999961853027,0.0
2019-03-27,11.032500267028809,0.0
2019-03-28,11.067500114440918,0.0
2019-03-29,11.241250038146973,0.0
2019-04-01,11.542499542236328,0.0
2019-04-02,11.613750457763672,0.0
2019-04-03,11.7475004196167,0.0
2019-04-04,11.737500190734863,0.0
2019-04-05,11.852499961853027,0.0
2019-04-08,11.91374969482422,0.0
2019-04-09,11.829999923706056,0.0
2019-04-10,11.957500457763672,0.0
2019-04-11,11.89875030517578,0.0
2019-04-12,11.99625015258789,0.0
2019-04-15,11.9975004196167,0.0
2019-04-16,12.078749656677246,0.0
2019-04-17,12.15999984741211,0.0
2019-04-18,12.186249732971191,0.0
2019-04-22,12.258749961853027,0.0
2019-04-23,12.567500114440918,0.0
2019-04-24,12.487500190734863,0.0
2019-04-25,12.572500228881836,0.0
2019-04-26,12.609999656677246,0.0
2019-04-29,12.647500038146973,0.0
2019-04-30,12.460000038146973,0.0
2019-05-01,12.363750457763672,0.0
2019-05-02,12.270000457763672,0.0
2019-05-03,12.654999732971191,0.0
2019-05-06,12.50749969482422,0.0
2019-05-07,12.005000114440918,0.0
2019-05-08,11.932499885559082,0.0
2019-05-09,11.822500228881836,0.0
2019-05-10,11.8462495803833,0.0
2019-05-13,11.015000343322754,0.0
2019-05-14,11.25749969482422,0.0
2019-05-15,11.5649995803833,0.0
2019-05-16,11.800000190734863,0.0
2019-05-17,11.55875015258789,0.0
2019-05-20,11.177499771118164,0.0
2019-05-21,11.401249885559082,0.0
2019-05-22,11.300000190734863,0.0
2019-05-23,10.948749542236328,0.0
2019-05-24,10.93375015258789,0.0
2019-05-28,10.85124969482422,0.0
2019-05-29,10.677499771118164,0.0
2019-05-30,10.768750190734863,0.0
2019-05-31,10.4087495803833,0.0
2019-06-03,9.9712495803833,0.0
2019-06-04,10.516249656677246,0.0
2019-06-05,10.671250343322754,0.0
2019-06-06,10.835000038146973,0.0
2019-06-07,11.25,0.0
2019-06-10,11.50749969482422,0.0
2019-06-11,11.547499656677246,0.0
2019-06-12,11.420000076293944,0.0
2019-06-13,11.552499771118164,0.0
2019-06-14,11.4375,0.0
2019-06-17,11.582500457763672,0.0
2019-06-18,11.920000076293944,0.0
2019-06-19,12.00749969482422,0.0
2019-06-20,12.22624969482422,0.0
2019-06-21,12.196249961853027,0.0
2019-06-24,12.192500114440918,0.0
2019-06-25,11.765000343322754,0.005125
2019-06-26,11.869999885559082,0.0
2019-06-27,11.96500015258789,0.0
2019-06-28,12.001250267028809,0.0
2019-07-01,12.3125,0.0
2019-07-02,12.412500381469728,0.0
2019-07-03,12.588749885559082,0.0
2019-07-05,12.547499656677246,0.0
2019-07-08,12.362500190734863,0.0
2019-07-09,12.487500190734863,0.0
2019-07-10,12.731249809265137,0.0
2019-07-11,12.71125030517578,0.0
2019-07-12,12.857500076293944,0.0
2019-07-15,12.928750038146973,0.0
2019-07-16,12.800000190734863,0.0
2019-07-17,12.677499771118164,0.0
2019-07-18,12.717499732971191,0.0
2019-07-19,12.501250267028809,0.0
2019-07-22,12.7162504196167,0.0
2019-07-23,12.876250267028809,0.0
2019-07-24,13.05500030517578,0.0
2019-07-25,12.802499771118164,0.0
2019-07-26,13.0600004196167,0.0
2019-07-29,12.979999542236328,0.0
2019-07-30,12.859999656677246,0.0
2019-07-31,12.518750190734863,0.0
2019-08-01,12.3774995803833,0.0
2019-08-02,12.017499923706056,0.0
2019-08-05,11.146249771118164,0.0
2019-08-06,11.473750114440918,0.0
2019-08-07,11.572500228881836,0.0
2019-08-08,12.095000267028809,0.0
2019-08-09,11.864999771118164,0.0
2019-08-12,11.595000267028809,0.0
2019-08-13,12.114999771118164,0.0
2019-08-14,11.361249923706056,0.0
2019-08-15,11.3462495803833,0.0
2019-08-16,11.704999923706056,0.0
2019-08-19,12.0625,0.0
2019-08-20,11.899999618530272,0.0
2019-08-21,12.106249809265137,0.0
2019-08-22,12.02750015258789,0.0
2019-08-23,11.270000457763672,0.0
2019-08-26,11.598750114440918,0.0
2019-08-27,11.55875015258789,0.0
2019-08-28,11.626250267028809,0.0
2019-08-29,11.982500076293944,0.0
2019-08-30,11.928750038146973,0.0
2019-09-03,11.692500114440918,0.0
2019-09-04,12.029999732971191,0.0
2019-09-05,12.47249984741211,0.0
2019-09-06,12.443750381469728,0.0
2019-09-09,12.385000228881836,0.0
2019-09-10,12.326250076293944,0.0
2019-09-11,12.547499656677246,0.0
2019-09-12,12.641249656677246,0.0
2019-09-13,12.55875015258789,0.0
2019-09-16,12.432499885559082,0.0
2019-09-17,12.551250457763672,0.0
2019-09-18,12.550000190734863,0.0
2019-09-19,12.58625030517578,0.0
2019-09-20,12.31999969482422,0.0
2019-09-23,12.327500343322754,0.0
2019-09-24,11.99250030517578,0.0
2019-09-25,12.263750076293944,0.0
2019-09-26,12.173749923706056,0.0
2019-09-27,11.88249969482422,0.0
2019-09-30,12.0912504196167,0.0
2019-10-01,11.892499923706056,0.0
2019-10-02,11.483750343322754,0.0
2019-10-03,11.739999771118164,0.0
2019-10-04,12.08625030517578,0.0
2019-10-07,12.005000114440918,0.0
2019-10-08,11.63249969482422,0.0
2019-10-09,11.881250381469728,0.0
2019-10-10,12.046250343322754,0.0
2019-10-11,12.35124969482422,0.0
2019-10-14,12.362500190734863,0.0
2019-10-15,12.667499542236328,0.0
2019-10-16,12.603750228881836,0.0
2019-10-17,12.673749923706056,0.0
2019-10-18,12.428750038146973,0.0
2019-10-21,12.647500038146973,0.0
2019-10-22,12.44499969482422,0.0
2019-10-23,12.491250038146973,0.0
2019-10-24,12.727499961853027,0.0
2019-10-25,12.923749923706056,0.0
2019-10-28,13.1850004196167,0.0
2019-10-29,12.987500190734863,0.0
2019-10-30,13.0912504196167,0.0
2019-10-31,13.111249923706056,0.0
2019-11-01,13.356249809265137,0.0
2019-11-04,13.510000228881836,0.0
2019-11-05,13.515000343322754,0.0
2019-11-06,13.4662504196167,0.0
2019-11-07,13.556249618530272,0.0
2019-11-08,13.66374969482422,0.0
2019-11-11,13.625,0.0
2019-11-12,13.696249961853027,0.0
2019-11-13,13.677499771118164,0.0
2019-11-14,13.6850004196167,0.0
2019-11-15,13.854999542236328,0.0
2019-11-18,13.90999984741211,0.0
2019-11-19,13.94124984741211,0.0
2019-11-20,13.772500038146973,0.0
2019-11-21,13.710000038146973,0.0
2019-11-22,13.729999542236328,0.0
2019-11-25,14.052499771118164,0.0
2019-11-26,14.104999542236328,0.0
2019-11-27,14.300000190734863,0.0
2019-11-29,14.164999961853027,0.0
2019-12-02,13.852499961853027,0.0
2019-12-03,13.651249885559082,0.0
2019-12-04,13.789999961853027,0.0
2019-12-05,13.842499732971191,0.0
2019-12-06,14.131250381469728,0.0
2019-12-09,14.012499809265137,0.0
2019-12-10,13.988750457763672,0.0
2019-12-11,14.138750076293944,0.0
2019-12-12,14.350000381469728,0.0
2019-12-13,14.436249732971191,0.0
2019-12-16,14.712499618530272,0.0
2019-12-17,14.728750228881836,0.0
2019-12-18,14.75,0.0
2019-12-19,14.94499969482422,0.0
2019-12-20,15.068750381469728,0.0
2019-12-23,15.137499809265137,0.0
2019-12-24,15.138750076293944,0.00625
2019-12-26,15.414999961853027,0.0
2019-12-27,15.3774995803833,0.0
2019-12-30,15.170000076293944,0.0
2019-12-31,15.236249923706056,0.0
2020-01-02,15.736249923706056,0.0
2020-01-03,15.457500457763672,0.0
2020-01-06,15.641249656677246,0.0
2020-01-07,15.633749961853027,0.0
2020-01-08,15.869999885559082,0.0
2020-01-09,16.1512508392334,0.0
2020-01-10,16.06624984741211,0.0
2020-01-13,16.426250457763672,0.0
2020-01-14,16.30500030517578,0.0
2020-01-15,16.3075008392334,0.0
2020-01-16,16.614999771118164,0.0
2020-01-17,16.783750534057617,0.0
2020-01-21,16.768749237060547,0.0
2020-01-22,16.853750228881836,0.0
2020-01-23,16.953750610351562,0.0
2020-01-24,16.66374969482422,0.0
2020-01-27,15.977499961853027,0.0
2020-01-28,16.459999084472656,0.0
2020-01-29,16.511249542236328,0.0
2020-01-30,16.631250381469727,0.0
2020-01-31,16.092500686645508,0.0
2020-02-03,16.571250915527344,0.0
2020-02-04,17.333749771118164,0.0
2020-02-05,17.466249465942383,0.0
2020-02-06,17.756250381469727,0.0
2020-02-07,17.596250534057617,0.0
2020-02-10,18.03249931335449,0.0
2020-02-11,18.03249931335449,0.0
2020-02-12,18.386249542236328,0.0
2020-02-13,18.325000762939453,0.0
2020-02-14,18.42250061035156,0.0
2020-02-18,18.45375061035156,0.0
2020-02-19,18.799999237060547,0.0
2020-02-20,18.434999465942383,0.0
2020-02-21,17.748750686645508,0.0
2020-02-24,16.3700008392334,0.0
2020-02-25,15.486249923706056,0.0
2020-02-26,15.619999885559082,0.0
2020-02-27,14.056249618530272,0.0
2020-02-28,14.197500228881836,0.0
2020-03-02,15.5337495803833,0.0
2020-03-03,14.542499542236328,0.0
2020-03-04,15.736249923706056,0.0
2020-03-05,14.78874969482422,0.0
2020-03-06,14.289999961853027,0.0
2020-03-09,12.322500228881836,0.0
2020-03-10,13.643750190734863,0.0
2020-03-11,12.453749656677246,0.0
2020-03-12,10.14875030517578,0.0
2020-03-13,12.082500457763672,0.0
2020-03-16,9.14875030517578,0.0
2020-03-17,10.38249969482422,0.0
2020-03-18,9.732500076293944,0.0
2020-03-19,9.866250038146973,0.0
2020-03-20,9.077500343322754,0.0
2020-03-23,9.123749732971191,0.0
2020-03-24,10.512499809265137,0.0
2020-03-25,10.323749542236328,0.001125
2020-03-26,11.4350004196167,0.0
2020-03-27,10.5962495803833,0.0
2020-03-30,11.407500267028809,0.0
2020-03-31,11.197500228881836,0.0
2020-04-01,10.262499809265137,0.0
2020-04-02,10.670000076293944,0.0
2020-04-03,10.380000114440918,0.0
2020-04-06,11.856249809265137,0.0
2020-04-07,11.8100004196167,0.0
2020-04-08,12.323749542236328,0.0
2020-04-09,12.354999542236328,0.0
2020-04-13,12.638750076293944,0.0
2020-04-14,13.731249809265137,0.0
2020-04-15,13.417499542236328,0.0
2020-04-16,13.926250457763672,0.0
2020-04-17,14.15625,0.0
2020-04-20,13.828749656677246,0.0
2020-04-21,12.800000190734863,0.0
2020-04-22,13.5912504196167,0.0
2020-04-23,13.526249885559082,0.0
2020-04-24,13.9712495803833,0.0
2020-04-27,14.141249656677246,0.0
2020-04-28,13.637499809265137,0.0
2020-04-29,14.567500114440918,0.0
2020-04-30,14.6225004196167,0.0
2020-05-01,13.738750457763672,0.0
2020-05-04,14.082500457763672,0.0
2020-05-05,14.396249771118164,0.0
2020-05-06,14.571249961853027,0.0
2020-05-07,14.957500457763672,0.0
2020-05-08,15.350000381469728,0.0
2020-05-11,15.604999542236328,0.0
2020-05-12,14.982500076293944,0.0
2020-05-13,14.608750343322754,0.0
2020-05-14,14.927499771118164,0.0
2020-05-15,15.119999885559082,0.0
2020-05-18,15.698749542236328,0.0
2020-05-19,15.59749984741211,0.0
2020-05-20,16.232500076293945,0.0
2020-05-21,15.875,0.0
2020-05-22,15.973750114440918,0.0
2020-05-26,15.90999984741211,0.0
2020-05-27,16.061250686645508,0.0
2020-05-28,15.998749732971191,0.0
2020-05-29,16.43375015258789,0.0
2020-06-01,16.608749389648438,0.0
2020-06-02,16.815000534057617,0.0
2020-06-03,16.962499618530273,0.0
2020-06-04,16.719999313354492,0.0
2020-06-05,17.375,0.0
2020-06-08,17.6612491607666,0.0
2020-06-09,17.90250015258789,0.0
2020-06-10,18.34749984741211,0.0
2020-06-11,16.533750534057617,0.0
2020-06-12,16.764999389648438,0.0
2020-06-15,17.18375015258789,0.0
2020-06-16,17.801250457763672,0.0
2020-06-17,17.887500762939453,0.0
2020-06-18,17.998750686645508,0.0
2020-06-19,17.97624969482422,0.0
2020-06-22,18.42250061035156,0.0
2020-06-23,18.716249465942383,0.0
2020-06-24,17.966249465942383,0.0
2020-06-25,18.311250686645508,0.0
2020-06-26,17.416250228881836,0.0
2020-06-29,17.783750534057617,0.0
2020-06-30,18.46125030517578,0.0
2020-07-01,18.93124961853028,0.0
2020-07-02,19.1875,0.0
2020-07-06,20.136249542236328,0.0
2020-07-07,19.85124969482422,0.0
2020-07-08,20.366249084472656,0.0
2020-07-09,20.70499992370605,0.0
2020-07-10,21.013750076293945,0.0
2020-07-13,20.138750076293945,0.0
2020-07-14,20.4325008392334,0.0
2020-07-15,20.477500915527344,0.0
2020-07-16,20.19124984741211,0.0
2020-07-17,20.256250381469727,0.0
2020-07-20,21.420000076293945,0.0
2020-07-21,20.96875,0.0
2020-07-22,21.116249084472656,0.0
2020-07-23,20.002500534057617,0.0
2020-07-24,19.61750030517578,0.0
2020-07-27,20.325000762939453,0.0
2020-07-28,19.81999969482422,0.0
2020-07-29,20.278749465942383,0.0
2020-07-30,20.482500076293945,0.0
2020-07-31,21.209999084472656,0.0
2020-08-03,21.771249771118164,0.0
2020-08-04,21.940000534057617,0.0
2020-08-05,22.05500030517578,0.0
2020-08-06,22.616249084472656,0.0
2020-08-07,22.107500076293945,0.0
2020-08-10,21.90999984741211,0.0
2020-08-11,21.092500686645508,0.0
2020-08-12,22.153749465942383,0.0
2020-08-13,22.241249084472656,0.0
2020-08-14,22.200000762939453,0.0
2020-08-17,22.6924991607666,0.0
2020-08-18,23.13500022888184,0.0
2020-08-19,22.832500457763672,0.0
2020-08-20,23.46500015258789,0.0
2020-08-21,23.77750015258789,0.0
2020-08-24,24.084999084472656,0.0
2020-08-25,24.459999084472656,0.0
2020-08-26,25.497499465942383,0.0
2020-08-27,25.32749938964844,0.0
2020-08-28,25.592500686645508,0.0
2020-08-31,26.040000915527344,0.0
2020-09-01,26.89999961853028,0.0
2020-09-02,27.40250015258789,0.0
2020-09-03,24.592500686645508,0.0
2020-09-04,23.940000534057617,0.0
2020-09-08,21.65749931335449,0.0
2020-09-09,22.920000076293945,0.0
2020-09-10,21.979999542236328,0.0
2020-09-11,21.70249938964844,0.0
2020-09-14,22.457500457763672,0.0
2020-09-15,23.09749984741211,0.0
2020-09-16,22.334999084472656,0.0
2020-09-17,21.670000076293945,0.0
2020-09-18,21.09749984741211,0.0
2020-09-21,21.280000686645508,0.0
2020-09-22,22.042499542236328,0.0
2020-09-23,20.6875,0.0
2020-09-24,20.895000457763672,0.0
2020-09-25,21.88500022888184,0.0
2020-09-28,22.762500762939453,0.0
2020-09-29,22.5575008392334,0.0
2020-09-30,22.912500381469727,0.0
2020-10-01,23.607500076293945,0.0
2020-10-02,22.27750015258789,0.0
2020-10-05,23.24250030517578,0.0
2020-10-06,22.3799991607666,0.0
2020-10-07,23.200000762939453,0.0
2020-10-08,23.40999984741211,0.0
2020-10-09,24.1200008392334,0.0
2020-10-12,25.602500915527344,0.0
2020-10-13,25.584999084472656,0.0
2020-10-14,25.177499771118164,0.0
2020-10-15,24.82250022888184,0.0
2020-10-16,24.5625,0.0
2020-10-19,23.73500061035156,0.0
2020-10-20,23.88249969482422,0.0
2020-10-21,23.82250022888184,0.0
2020-10-22,23.82999992370605,0.0
2020-10-23,23.9375,0.0
2020-10-26,23.18000030517578,0.0
2020-10-27,23.537500381469727,0.0
2020-10-28,21.71500015258789,0.0
2020-10-29,22.4375,0.0
2020-10-30,21.375,0.0
2020-11-02,21.434999465942383,0.0
2020-11-03,22.15250015258789,0.0
2020-11-04,24.13500022888184,0.0
2020-11-05,25.405000686645508,0.0
2020-11-06,25.44750022888184,0.0
2020-11-09,24.3700008392334,0.0
2020-11-10,23.53499984741211,0.0
2020-11-11,24.57749938964844,0.0
2020-11-12,24.34499931335449,0.0
2020-11-13,24.792499542236328,0.0
2020-11-16,25.122499465942383,0.0
2020-11-17,24.959999084472656,0.0
2020-11-18,24.607500076293945,0.0
2020-11-19,24.979999542236328,0.0
2020-11-20,24.65999984741211,0.0
2020-11-23,24.65749931335449,0.0
2020-11-24,25.362499237060547,0.0
2020-11-25,25.68000030517578,0.0
2020-11-27,26.13500022888184,0.0
2020-11-30,26.20249938964844,0.0
2020-12-01,26.950000762939453,0.0
2020-12-02,26.96999931335449,0.0
2020-12-03,27.03249931335449,0.0
2020-12-04,27.287500381469727,0.0
2020-12-07,27.575000762939453,0.0
2020-12-08,27.7450008392334,0.0
2020-12-09,26.52750015258789,0.0
2020-12-10,26.700000762939453,0.0
2020-12-11,26.602500915527344,0.0
2020-12-14,26.950000762939453,0.0
2020-12-15,27.549999237060547,0.0
2020-12-16,27.854999542236328,0.0
2020-12-17,28.217500686645508,0.0
2020-12-18,28.022499084472656,0.0
2020-12-21,27.950000762939453,0.0
2020-12-22,28.084999084472656,0.0
2020-12-23,27.80500030517578,0.0
2020-12-24,28.04750061035156,0.0
2020-12-28,28.61750030517578,0.0
2020-12-29,28.670000076293945,0.0
2020-12-30,28.645000457763672,0.0
2020-12-31,28.77750015258789,0.0
2021-01-04,27.967500686645508,0.0
2021-01-05,28.42250061035156,0.0
2021-01-06,27.65999984741211,0.0
2021-01-07,29.01000022888184,0.0
2021-01-08,29.739999771118164,0.0
2021-01-11,28.854999542236328,0.0
2021-01-12,28.78499984741211,0.0
2021-01-13,29.15749931335449,0.0
2021-01-14,28.83749961853028,0.0
2021-01-15,28.38999938964844,0.0
2021-01-19,29.229999542236328,0.0
2021-01-20,30.5674991607666,0.0
2021-01-21,31.082500457763672,0.0
2021-01-22,30.887500762939453,0.0
2021-01-25,31.434999465942383,0.0
2021-01-26,31.479999542236328,0.0
2021-01-27,29.78499984741211,0.0
2021-01-28,30.082500457763672,0.0
2021-01-29,28.842500686645508,0.0
2021-02-01,30.26000022888184,0.0
2021-02-02,31.252500534057617,0.0
2021-02-03,30.982500076293945,0.0
2021-02-04,31.72249984741211,0.0
2021-02-05,31.94499969482422,0.0
2021-02-08,32.345001220703125,0.0
2021-02-09,32.334999084472656,0.0
2021-02-10,32.1775016784668,0.0
2021-02-11,32.53499984741211,0.0
2021-02-12,32.89500045776367,0.0
2021-02-16,32.724998474121094,0.0
2021-02-17,32.407501220703125,0.0
2021-02-18,32.11249923706055,0.0
2021-02-19,31.842500686645508,0.0
2021-02-22,30.1924991607666,0.0
2021-02-23,30.0049991607666,0.0
2021-02-24,30.4950008392334,0.0
2021-02-25,28.334999084472656,0.0
2021-02-26,28.63500022888184,0.0
2021-03-01,30.32749938964844,0.0
2021-03-02,29.34499931335449,0.0
2021-03-03,27.655000686645508,0.0
2021-03-04,26.727500915527344,0.0
2021-03-05,27.54750061035156,0.0
2021-03-08,25.979999542236328,0.0
2021-03-09,28.03499984741211,0.0
2021-03-10,27.86750030517578,0.0
2021-03-11,29.15999984741211,0.0
2021-03-12,28.67250061035156,0.0
2021-03-15,29.292499542236328,0.0
2021-03-16,29.612499237060547,0.0
2021-03-17,29.84749984741211,0.0
2021-03-18,28.00749969482422,0.0
2021-03-19,28.26000022888184,0.0
2021-03-22,29.27499961853028,0.0
2021-03-23,28.97249984741211,0.0
2021-03-24,28.012500762939453,0.0
2021-03-25,27.9325008392334,0.0
2021-03-26,28.76499938964844,0.0
2021-03-29,28.739999771118164,0.0
2021-03-30,28.459999084472656,0.0
2021-03-31,29.29750061035156,0.0
2021-04-01,30.325000762939453,0.0
2021-04-05,31.540000915527344,0.0
2021-04-06,31.47249984741211,0.0
2021-04-07,31.627500534057617,0.0
2021-04-08,32.29249954223633,0.0
2021-04-09,32.6875,0.0
2021-04-12,32.592498779296875,0.0
2021-04-13,33.352500915527344,0.0
2021-04-14,32.54999923706055,0.0
2021-04-15,33.52750015258789,0.0
2021-04-16,33.61750030517578,0.0
2021-04-19,32.997501373291016,0.0
2021-04-20,32.494998931884766,0.0
2021-04-21,33.06999969482422,0.0
2021-04-22,32.275001525878906,0.0
2021-04-23,33.084999084472656,0.0
2021-04-26,33.51250076293945,0.0
2021-04-27,33.20500183105469,0.0
2021-04-28,32.942501068115234,0.0
2021-04-29,33.217498779296875,0.0
2021-04-30,32.76750183105469,0.0
2021-05-03,32.432498931884766,0.0
2021-05-04,31.26000022888184,0.0
2021-05-05,31.03499984741211,0.0
2021-05-06,31.520000457763672,0.0
2021-05-07,32.01499938964844,0.0
2021-05-10,30.387500762939453,0.0
2021-05-11,30.32999992370605,0.0
2021-05-12,28.76000022888184,0.0
2021-05-13,29.20499992370605,0.0
2021-05-14,30.479999542236328,0.0
2021-05-17,30.112499237060547,0.0
2021-05-18,29.69750022888184,0.0
2021-05-19,29.76749992370605,0.0
2021-05-20,30.920000076293945,0.0
2021-05-21,30.56999969482422,0.0
2021-05-24,31.607500076293945,0.0
2021-05-25,31.690000534057617,0.0
2021-05-26,31.89999961853028,0.0
2021-05-27,31.670000076293945,0.0
2021-05-28,31.84499931335449,0.0
2021-06-01,31.64999961853028,0.0
2021-06-02,31.770000457763672,0.0
2021-06-03,31.084999084472656,0.0
2021-06-04,32.18000030517578,0.0
2021-06-07,32.345001220703125,0.0
2021-06-08,32.369998931884766,0.0
2021-06-09,32.400001525878906,0.0
2021-06-10,33.08000183105469,0.0
2021-06-11,33.2400016784668,0.0
2021-06-14,33.875,0.0
2021-06-15,33.42499923706055,0.0
2021-06-16,33.185001373291016,0.0
2021-06-17,34.025001525878906,0.0
2021-06-18,33.494998931884766,0.0
2021-06-21,33.900001525878906,0.0
2021-06-22,34.53499984741211,0.0
2021-06-23,34.560001373291016,0.0
2021-06-24,34.9900016784668,0.0
2021-06-25,34.915000915527344,0.0
2021-06-28,35.755001068115234,0.0
2021-06-29,36.0099983215332,0.0
2021-06-30,35.904998779296875,0.0
2021-07-01,35.93000030517578,0.0
2021-07-02,36.7400016784668,0.0
2021-07-06,37.04999923706055,0.0
2021-07-07,37.18000030517578,0.0
2021-07-08,36.77999877929688,0.0
2021-07-09,37.22499847412109,0.0
2021-07-12,37.5099983215332,0.0
2021-07-13,37.494998931884766,0.0
2021-07-14,37.625,0.0
2021-07-15,37.095001220703125,0.0
2021-07-16,36.5,0.0
2021-07-19,35.900001525878906,0.0
2021-07-20,36.73500061035156,0.0
2021-07-21,37.275001525878906,0.0
2021-07-22,37.79499816894531,0.0
2021-07-23,38.65499877929688,0.0
2021-07-26,38.7400016784668,0.0
2021-07-27,37.88999938964844,0.0
2021-07-28,38.15999984741211,0.0
2021-07-29,38.310001373291016,0.0
2021-07-30,37.900001525878906,0.0
2021-08-02,37.89500045776367,0.0
2021-08-03,38.35499954223633,0.0
2021-08-04,38.47999954223633,0.0
2021-08-05,38.96500015258789,0.0
2021-08-06,38.61000061035156,0.0
2021-08-09,38.75,0.0
2021-08-10,38.36000061035156,0.0
2021-08-11,38.23500061035156,0.0
2021-08-12,38.505001068115234,0.0
2021-08-13,38.755001068115234,0.0
2021-08-16,38.78499984741211,0.0
2021-08-17,38.10499954223633,0.0
2021-08-18,37.3650016784668,0.0
2021-08-19,37.73500061035156,0.0
2021-08-20,38.52000045776367,0.0
2021-08-23,39.65999984741211,0.0
2021-08-24,39.90499877929688,0.0
2021-08-25,39.95000076293945,0.0
2021-08-26,39.48500061035156,0.0
2021-08-27,40.2599983215332,0.0
2021-08-30,41.165000915527344,0.0
2021-08-31,41.08000183105469,0.0
2021-09-01,41.22499847412109,0.0
2021-09-02,41.17499923706055,0.0
2021-09-03,41.435001373291016,0.0
2021-09-07,41.53499984741211,0.0
2021-09-08,41.26499938964844,0.0
2021-09-09,40.93999862670898,0.0
2021-09-10,40.33000183105469,0.0
2021-09-13,40.275001525878906,0.0
2021-09-14,40.040000915527344,0.0
2021-09-15,40.630001068115234,0.0
2021-09-16,40.70500183105469,0.0
2021-09-17,39.7400016784668,0.0
2021-09-20,38.084999084472656,0.0
2021-09-21,38.15999984741211,0.0
2021-09-22,38.88999938964844,0.0
2021-09-23,39.59999847412109,0.0
2021-09-24,39.665000915527344,0.0
2021-09-27,39.04999923706055,0.0
2021-09-28,36.81999969482422,0.0
2021-09-29,36.72999954223633,0.0
2021-09-30,36.3849983215332,0.0
2021-10-01,36.875,0.0
2021-10-04,35.345001220703125,0.0
2021-10-05,36.290000915527344,0.0
2021-10-06,36.744998931884766,0.0
2021-10-07,37.41999816894531,0.0
2021-10-08,37.040000915527344,0.0
2021-10-11,36.47499847412109,0.0
2021-10-12,36.22999954223633,0.0
2021-10-13,36.79999923706055,0.0
2021-10-14,38.150001525878906,0.0
2021-10-15,38.630001068115234,0.0
2021-10-18,39.40999984741211,0.0
2021-10-19,39.98500061035156,0.0
2021-10-20,39.88999938964844,0.0
2021-10-21,40.380001068115234,0.0
2021-10-22,39.68999862670898,0.0
2021-10-25,40.5,0.0
2021-10-26,40.72499847412109,0.0
2021-10-27,40.935001373291016,0.0
2021-10-28,41.86000061035156,0.0
2021-10-29,42.27000045776367,0.0
2021-11-01,42.55500030517578,0.0
2021-11-02,42.915000915527344,0.0
2021-11-03,43.81999969482422,0.0
2021-11-04,44.93000030517578,0.0
2021-11-05,45.02000045776367,0.0
2021-11-08,44.900001525878906,0.0
2021-11-09,44.26499938964844,0.0
2021-11-10,42.97499847412109,0.0
2021-11-11,43.21500015258789,0.0
2021-11-12,44.119998931884766,0.0
2021-11-15,44.10499954223633,0.0
2021-11-16,44.72499847412109,0.0
2021-11-17,44.76499938964844,0.0
2021-11-18,45.685001373291016,0.0
2021-11-19,46.18999862670898,0.0
2021-11-22,45.1349983215332,0.0
2021-11-23,44.709999084472656,0.0
2021-11-24,45.025001525878906,0.0
2021-11-26,43.22499847412109,0.0
2021-11-29,45.14500045776367,0.0
2021-11-30,43.80500030517578,0.0
2021-12-01,42.31999969482422,0.0
2021-12-02,42.94499969482422,0.0
2021-12-03,41.45000076293945,0.0
2021-12-06,42.130001068115234,0.0
2021-12-07,44.665000915527344,0.0
2021-12-08,45.040000915527344,0.0
2021-12-09,43.709999084472656,0.0
2021-12-10,44.65499877929688,0.0
2021-12-13,43.36000061035156,0.0
2021-12-14,42.4900016784668,0.0
2021-12-15,44.38999938964844,0.0
2021-12-16,42.119998931884766,0.0
2021-12-17,41.68999862670898,0.0
2021-12-20,40.84999847412109,0.0
2021-12-21,42.68000030517578,0.0
2021-12-22,43.72999954223633,0.0
2021-12-23,44.400001525878906,0.0
2021-12-27,45.82500076293945,0.0
2021-12-28,45.45000076293945,0.0
2021-12-29,45.40999984741211,0.0
2021-12-30,45.095001220703125,0.0
2021-12-31,44.5099983215332,0.0
2022-01-03,45.435001373291016,0.0
2022-01-04,44.244998931884766,0.0
2022-01-05,41.494998931884766,0.0
2022-01-06,41.46500015258789,0.0
2022-01-07,40.54999923706055,0.0
2022-01-10,40.64500045776367,0.0
2022-01-11,41.84000015258789,0.0
2022-01-12,42.16999816894531,0.0
2022-01-13,40.03499984741211,0.0
2022-01-14,40.540000915527344,0.0
2022-01-18,38.54999923706055,0.0
2022-01-19,37.65999984741211,0.0
2022-01-20,36.665000915527344,0.0
2022-01-21,34.599998474121094,0.0
2022-01-24,35.02000045776367,0.0
2022-01-25,33.27000045776367,0.0
2022-01-26,33.32500076293945,0.0
2022-01-27,32.54999923706055,0.0
2022-01-28,34.6349983215332,0.0
2022-01-31,36.85499954223633,0.0
2022-02-01,37.29499816894531,0.0
2022-02-02,37.91999816894531,0.0
2022-02-03,34.810001373291016,0.0
2022-02-04,35.70000076293945,0.0
2022-02-07,35.13999938964844,0.0
2022-02-08,35.93000030517578,0.0
2022-02-09,37.45500183105469,0.0
2022-02-10,35.75,0.0
2022-02-11,33.494998931884766,0.0
2022-02-14,33.584999084472656,0.0
2022-02-15,35.22999954223633,0.0
2022-02-16,35.19499969482422,0.0
2022-02-17,33.10499954223633,0.0
2022-02-18,32.34000015258789,0.0
2022-02-22,31.684999465942383,0.0
2022-02-23,30.075000762939453,0.0
2022-02-24,32.09000015258789,0.0
2022-02-25,33.08000183105469,0.0
2022-02-28,33.334999084472656,0.0
2022-03-01,32.2400016784668,0.0
2022-03-02,33.29999923706055,0.0
2022-03-03,32.349998474121094,0.0
2022-03-04,31.440000534057617,0.0
2022-03-07,29.104999542236328,0.0
2022-03-08,28.81999969482422,0.0
2022-03-09,30.93000030517578,0.0
2022-03-10,30.23500061035156,0.0
2022-03-11,28.95499992370605,0.0
2022-03-14,27.86000061035156,0.0
2022-03-15,29.57999992370605,0.0
2022-03-16,31.795000076293945,0.0
2022-03-17,32.53499984741211,0.0
2022-03-18,33.88999938964844,0.0
2022-03-21,33.70000076293945,0.0
2022-03-22,35.0099983215332,0.0
2022-03-23,34.005001068115234,0.0
2022-03-24,35.52000045776367,0.0
2022-03-25,35.470001220703125,0.0
2022-03-28,36.56499862670898,0.0
2022-03-29,37.79499816894531,0.0
2022-03-30,36.9900016784668,0.0
2022-03-31,35.959999084472656,0.0
2022-04-01,35.935001373291016,0.0
2022-04-04,37.380001068115234,0.0
2022-04-05,35.744998931884766,0.0
2022-04-06,34.150001525878906,0.0
2022-04-07,34.334999084472656,0.0
2022-04-08,33.36000061035156,0.0
2022-04-11,31.790000915527344,0.0
2022-04-12,31.540000915527344,0.0
2022-04-13,32.790000915527344,0.0
2022-04-14,31.28499984741211,0.0
2022-04-18,31.38500022888184,0.0
2022-04-19,32.71500015258789,0.0
2022-04-20,31.76000022888184,0.0
2022-04-21,30.489999771118164,0.0
2022-04-22,28.86000061035156,0.0
2022-04-25,29.6200008392334,0.0
2022-04-26,27.334999084472656,0.0
2022-04-27,27.30500030517578,0.0
2022-04-28,29.225000381469727,0.0
2022-04-29,26.600000381469727,0.0
2022-05-02,27.4950008392334,0.0
2022-05-03,27.57999992370605,0.0
2022-05-04,29.43000030517578,0.0
2022-05-05,26.5049991607666,0.0
2022-05-06,25.84000015258789,0.0
2022-05-09,23.790000915527344,0.0
2022-05-10,24.375,0.0
2022-05-11,22.90999984741211,0.0
2022-05-12,22.809999465942383,0.0
2022-05-13,24.475000381469727,0.0
2022-05-16,23.924999237060547,0.0
2022-05-17,25.15999984741211,0.0
2022-05-18,22.65999984741211,0.0
2022-05-19,22.434999465942383,0.0
2022-05-20,22.280000686645508,0.0
2022-05-23,23.02499961853028,0.0
2022-05-24,22.040000915527344,0.0
2022-05-25,22.670000076293945,0.0
2022-05-26,23.915000915527344,0.0
2022-05-27,25.5,0.0
2022-05-31,25.334999084472656,0.0
2022-06-01,24.96500015258789,0.0
2022-06-02,26.34000015258789,0.0
2022-06-03,24.93000030517578,0.0
2022-06-06,25.1200008392334,0.0
2022-06-07,25.565000534057617,0.0
2022-06-08,25.18000030517578,0.0
2022-06-09,23.80500030517578,0.0
2022-06-10,22.11000061035156,0.0
2022-06-13,20.075000762939453,0.0
2022-06-14,20.170000076293945,0.0
2022-06-15,21.155000686645508,0.0
2022-06-16,19.459999084472656,0.0
2022-06-17,19.90999984741211,0.0
2022-06-21,20.915000915527344,0.0
2022-06-22,20.84499931335449,0.0
2022-06-23,21.46500015258789,0.0
2022-06-24,22.975000381469727,0.0
2022-06-27,22.584999084472656,0.0
2022-06-28,21.200000762939453,0.0
2022-06-29,21.26000022888184,0.0
2022-06-30,20.70499992370605,0.0
2022-07-01,20.975000381469727,0.0
2022-07-05,21.69499969482422,0.0
2022-07-06,21.959999084472656,0.0
2022-07-07,22.895000457763672,0.0
2022-07-08,22.96999931335449,0.0
2022-07-11,21.959999084472656,0.0
2022-07-12,21.545000076293945,0.0
2022-07-13,21.46500015258789,0.0
2022-07-14,21.61000061035156,0.0
2022-07-15,22.3799991607666,0.0
2022-07-18,22.0049991607666,0.0
2022-07-19,23.34499931335449,0.0
2022-07-20,24.084999084472656,0.0
2022-07-21,24.77499961853028,0.0
2022-07-22,23.905000686645508,0.0
2022-07-25,23.64999961853028,0.0
2022-07-26,22.69499969482422,0.0
2022-07-27,24.614999771118164,0.0
2022-07-28,25.07999992370605,0.0
2022-07-29,26.01000022888184,0.0
2022-08-01,25.979999542236328,0.0
2022-08-02,25.80500030517578,0.0
2022-08-03,27.209999084472656,0.0
2022-08-04,27.44499969482422,0.0
2022-08-05,27.01000022888184,0.0
2022-08-08,26.834999084472656,0.0
2022-08-09,26.21999931335449,0.0
2022-08-10,27.68000030517578,0.0
2022-08-11,27.364999771118164,0.0
2022-08-12,28.44499969482422,0.0
2022-08-15,28.875,0.0
2022-08-16,28.739999771118164,0.0
2022-08-17,28.075000762939453,0.0
2022-08-18,28.21999931335449,0.0
2022-08-19,27.11000061035156,0.0
2022-08-22,25.674999237060547,0.0
2022-08-23,25.6299991607666,0.0
2022-08-24,25.77499961853028,0.0
2022-08-25,26.670000076293945,0.0
2022-08-26,24.479999542236328,0.0
2022-08-29,24.0,0.0
2022-08-30,23.459999084472656,0.0
2022-08-31,23.184999465942383,0.0
2022-09-01,23.200000762939453,0.0
2022-09-02,22.53499984741211,0.0
2022-09-06,22.209999084472656,0.0
2022-09-07,23.100000381469727,0.0
2022-09-08,23.334999084472656,0.0
2022-09-09,24.34499931335449,0.0
2022-09-12,24.920000076293945,0.0
2022-09-13,22.174999237060547,0.0
2022-09-14,22.540000915527344,0.0
2022-09-15,21.76000022888184,0.0
2022-09-16,21.4950008392334,0.0
2022-09-19,21.84000015258789,0.0
2022-09-20,21.475000381469727,0.0
2022-09-21,20.700000762939453,0.0
2022-09-22,20.200000762939453,0.0
2022-09-23,19.540000915527344,0.0
2022-09-26,19.34499931335449,0.0
2022-09-27,19.395000457763672,0.0
2022-09-28,20.14999961853028,0.0
2022-09-29,19.01499938964844,0.0
2022-09-30,18.32999992370605,0.0
2022-10-03,19.19499969482422,0.0
2022-10-04,20.39999961853028,0.0
2022-10-05,20.364999771118164,0.0
2022-10-06,20.040000915527344,0.0
2022-10-07,18.5049991607666,0.0
2022-10-10,18.11000061035156,0.0
2022-10-11,17.65999984741211,0.0
2022-10-12,17.6299991607666,0.0
2022-10-13,18.43000030517578,0.0
2022-10-14,17.309999465942383,0.0
2022-10-17,18.48500061035156,0.0
2022-10-18,18.77499961853028,0.0
2022-10-19,18.614999771118164,0.0
2022-10-20,18.405000686645508,0.0
2022-10-21,19.28499984741211,0.0
2022-10-24,19.70499992370605,0.0
2022-10-25,20.51000022888184,0.0
2022-10-26,19.59000015258789,0.0
2022-10-27,18.864999771118164,0.0
2022-10-28,20.030000686645508,0.0
2022-10-31,19.540000915527344,0.0
2022-11-01,19.145000457763672,0.0
2022-11-02,17.834999084472656,0.0
2022-11-03,17.139999389648438,0.0
2022-11-04,17.684999465942383,0.0
2022-11-07,18.06999969482422,0.0
2022-11-08,18.31999969482422,0.0
2022-11-09,17.459999084472656,0.0
2022-11-10,20.040000915527344,0.0
2022-11-11,20.780000686645508,0.0
2022-11-14,20.405000686645508,0.0
2022-11-15,20.979999542236328,0.0
2022-11-16,20.395000457763672,0.0
2022-11-17,20.290000915527344,0.0
2022-11-18,20.295000076293945,0.0
2022-11-21,19.8700008392334,0.0
2022-11-22,20.440000534057617,0.0
2022-11-23,20.84499931335449,0.0
2022-11-25,20.559999465942383,0.0
2022-11-28,19.950000762939453,0.0
2022-11-29,19.655000686645508,0.0
2022-11-30,21.450000762939453,0.0
2022-12-01,21.489999771118164,0.0
2022-12-02,21.31999969482422,0.0
2022-12-05,20.57999992370605,0.0
2022-12-06,19.729999542236328,0.0
2022-12-07,19.559999465942383,0.0
2022-12-08,20.03499984741211,0.0
2022-12-09,19.77499961853028,0.0
2022-12-12,20.2549991607666,0.0
2022-12-13,20.69499969482422,0.0
2022-12-14,20.375,0.0
2022-12-15,19.0049991607666,0.0
2022-12-16,18.6299991607666,0.0
2022-12-19,18.125,0.0
2022-12-20,18.075000762939453,0.0
2022-12-21,18.604999542236328,0.0
2022-12-22,17.6299991607666,0.0545
2022-12-23,17.71500015258789,0.0
2022-12-27,17.18000030517578,0.0
2022-12-28,16.725000381469727,0.0
2022-12-29,17.53499984741211,0.0
2022-12-30,17.520000457763672,0.0
2023-01-03,17.274999618530273,0.0
2023-01-04,17.440000534057617,0.0
2023-01-05,16.8700008392334,0.0
2023-01-06,17.799999237060547,0.0
2023-01-09,18.03499984741211,0.0
2023-01-10,18.34000015258789,0.0
2023-01-11,18.959999084472656,0.0
2023-01-12,19.13999938964844,0.0
2023-01-13,19.405000686645508,0.0
2023-01-17,19.46999931335449,0.0
2023-01-18,18.96999931335449,0.0
2023-01-19,18.59000015258789,0.0
2023-01-20,19.6299991607666,0.0
2023-01-23,20.489999771118164,0.0
2023-01-24,20.395000457763672,0.0
2023-01-25,20.28499984741211,0.0
2023-01-26,21.06999969482422,0.0
2023-01-27,21.48500061035156,0.0
2023-01-30,20.600000381469727,0.0
2023-01-31,21.23500061035156,0.0
2023-02-01,22.155000686645508,0.0
2023-02-02,23.71500015258789,0.0
2023-02-03,22.86000061035156,0.0
2023-02-06,22.479999542236328,0.0
2023-02-07,23.415000915527344,0.0
2023-02-08,22.559999465942383,0.0
2023-02-09,22.145000457763672,0.0
2023-02-10,21.864999771118164,0.0
2023-02-13,22.56999969482422,0.0
2023-02-14,22.875,0.0
2023-02-15,23.2450008392334,0.0
2023-02-16,22.334999084472656,0.0
2023-02-17,22.01499938964844,0.0
2023-02-21,20.96999931335449,0.0
2023-02-22,21.0,0.0
2023-02-23,21.364999771118164,0.0
2023-02-24,20.6299991607666,0.0
2023-02-27,20.934999465942383,0.0
2023-02-28,20.864999771118164,0.0
2023-03-01,20.530000686645508,0.0
2023-03-02,20.8799991607666,0.0
2023-03-03,21.729999542236328,0.0
2023-03-06,21.76000022888184,0.0
2023-03-07,21.225000381469727,0.0
2023-03-08,21.44499969482422,0.0
2023-03-09,20.65999984741211,0.0
2023-03-10,20.084999084472656,0.0
2023-03-13,20.38999938964844,0.0
2023-03-14,21.32999992370605,0.0
2023-03-15,21.540000915527344,0.0
2023-03-16,22.665000915527344,0.0
2023-03-17,22.440000534057617,0.0
2023-03-20,22.604999542236328,0.0
2023-03-21,23.23500061035156,0.0
2023-03-22,22.600000381469727,0.0
2023-03-23,23.14999961853028,0.0
2023-03-24,23.30500030517578,0.0
2023-03-27,22.96999931335449,0.0
2023-03-28,22.739999771118164,0.0
2023-03-29,23.575000762939453,0.0
2023-03-30,23.989999771118164,0.0
2023-03-31,24.78499984741211,0.0
2023-04-03,24.65999984741211,0.0
2023-04-04,24.4950008392334,0.0
2023-04-05,23.98500061035156,0.0
2023-04-06,24.32999992370605,0.0
2023-04-10,24.27499961853028,0.0
2023-04-11,23.96500015258789,0.0
2023-04-12,23.530000686645508,0.0
2023-04-13,24.450000762939453,0.0
2023-04-14,24.34499931335449,0.0
2023-04-17,24.3700008392334,0.0
2023-04-18,24.38500022888184,0.0
2023-04-19,24.354999542236328,0.0
2023-04-20,23.979999542236328,0.0
2023-04-21,24.01000022888184,0.0
2023-04-24,23.905000686645508,0.0
2023-04-25,23.01000022888184,0.0
2023-04-26,23.270000457763672,0.0
2023-04-27,24.53499984741211,0.0
2023-04-28,24.8700008392334,0.0
2023-05-01,24.80500030517578,0.0
2023-05-02,24.36000061035156,0.0
2023-05-03,24.059999465942383,0.0
2023-05-04,23.875,0.0
2023-05-05,24.875,0.0
2023-05-08,24.989999771118164,0.0
2023-05-09,24.674999237060547,0.0
2023-05-10,25.209999084472656,0.0
2023-05-11,25.36000061035156,0.0
2023-05-12,25.174999237060547,0.0
2023-05-15,25.44499969482422,0.0
2023-05-16,25.489999771118164,0.0
2023-05-17,26.114999771118164,0.0
2023-05-18,27.05500030517578,0.0
2023-05-19,26.934999465942383,0.0
2023-05-22,27.09499931335449,0.0
2023-05-23,26.415000915527344,0.0
2023-05-24,26.13500022888184,0.0
2023-05-25,27.38999938964844,0.0
2023-05-26,28.795000076293945,0.0
2023-05-30,29.040000915527344,0.0
2023-05-31,28.65999984741211,0.0
2023-06-01,29.3700008392334,0.0
2023-06-02,29.799999237060547,0.0
2023-06-05,29.834999084472656,0.0
2023-06-06,29.825000762939453,0.0
2023-06-07,28.799999237060547,0.0
2023-06-08,29.4950008392334,0.0
2023-06-09,29.709999084472656,0.0
2023-06-12,30.725000381469727,0.0
2023-06-13,31.174999237060547,0.0
2023-06-14,31.6299991607666,0.0
2023-06-15,32.36000061035156,0.0
2023-06-16,31.940000534057617,0.0
2023-06-20,31.864999771118164,0.0
2023-06-21,30.9950008392334,0.0
2023-06-22,31.709999084472656,0.0
2023-06-23,31.06999969482422,0.0
2023-06-26,30.23500061035156,0.0
2023-06-27,31.26499938964844,0.0
2023-06-28,31.3700008392334,0.0
2023-06-29,31.229999542236328,0.0
2023-06-30,32.189998626708984,0.0
2023-07-03,32.345001220703125,0.0
2023-07-05,32.31999969482422,0.0
2023-07-06,31.81999969482422,0.0
2023-07-07,31.59000015258789,0.0
2023-07-10,31.6299991607666,0.0
2023-07-11,31.920000076293945,0.0
2023-07-12,32.72999954223633,0.0
2023-07-13,33.80500030517578,0.0
2023-07-14,33.790000915527344,0.0
2023-07-17,34.404998779296875,0.0
2023-07-18,34.97999954223633,0.0
2023-07-19,34.88999938964844,0.0
2023-07-20,33.310001373291016,0.0
2023-07-21,33.10499954223633,0.0
2023-07-24,33.209999084472656,0.0
2023-07-25,33.66999816894531,0.0
2023-07-26,33.435001373291016,0.0
2023-07-27,33.25,0.0
2023-07-28,34.45500183105469,0.0
2023-07-31,34.51499938964844,0.0
2023-08-01,34.31999969482422,0.0
2023-08-02,32.79999923706055,0.0
2023-08-03,32.68000030517578,0.0
2023-08-04,32.3650016784668,0.0
2023-08-07,32.915000915527344,0.0
2023-08-08,32.34000015258789,0.0
2023-08-09,31.6200008392334,0.0
2023-08-10,31.725000381469727,0.0
2023-08-11,31.309999465942383,0.0
2023-08-14,32.02000045776367,0.0
2023-08-15,31.325000762939453,0.0
2023-08-16,30.645000457763672,0.0
2023-08-17,29.959999084472656,0.0
2023-08-18,29.8799991607666,0.0
2023-08-21,30.850000381469727,0.0
2023-08-22,30.7549991607666,0.0
2023-08-23,31.71500015258789,0.0
2023-08-24,30.31999969482422,0.0
2023-08-25,30.815000534057617,0.0
2023-08-28,31.280000686645508,0.0
2023-08-29,32.619998931884766,0.0
2023-08-30,32.97999954223633,0.0
2023-08-31,33.13999938964844,0.0
2023-09-01,33.095001220703125,0.0
2023-09-05,33.154998779296875,0.0
2023-09-06,32.56999969482422,0.0
2023-09-07,32.08000183105469,0.0
2023-09-08,32.154998779296875,0.0
2023-09-11,32.915000915527344,0.0
2023-09-12,32.185001373291016,0.0
2023-09-13,32.41999816894531,0.0
2023-09-14,32.935001373291016,0.0
2023-09-15,31.780000686645508,0.0
2023-09-18,31.86000061035156,0.0
2023-09-19,31.71999931335449,0.0
2023-09-20,30.799999237060547,0.088
2023-09-21,29.63500022888184,0.0
2023-09-22,29.65999984741211,0.0
2023-09-25,29.924999237060547,0.0
2023-09-26,29.01499938964844,0.0
2023-09-27,29.170000076293945,0.0
2023-09-28,29.6299991607666,0.0
2023-09-29,29.674999237060547,0.0
2023-10-02,30.14999961853028,0.0
2023-10-03,29.084999084472656,0.0
2023-10-04,29.8700008392334,0.0
2023-10-05,29.674999237060547,0.0
2023-10-06,30.655000686645508,0.0
2023-10-09,30.975000381469727,0.0
2023-10-10,31.295000076293945,0.0
2023-10-11,31.75,0.0
2023-10-12,31.4950008392334,0.0
2023-10-13,30.71500015258789,0.0
2023-10-16,31.420000076293945,0.0
2023-10-17,31.20499992370605,0.0
2023-10-18,30.325000762939453,0.0
2023-10-19,29.780000686645508,0.0
2023-10-20,28.895000457763672,0.0
2023-10-23,29.049999237060547,0.0
2023-10-24,29.6299991607666,0.0
2023-10-25,28.15999984741211,0.0
2023-10-26,27.075000762939453,0.0
2023-10-27,27.334999084472656,0.0
2023-10-30,27.924999237060547,0.0
2023-10-31,28.209999084472656,0.0
2023-11-01,29.190000534057617,0.0
2023-11-02,30.225000381469727,0.0
2023-11-03,30.924999237060547,0.0
2023-11-06,31.165000915527344,0.0
2023-11-07,31.7450008392334,0.0
2023-11-08,31.795000076293945,0.0
2023-11-09,31.290000915527344,0.0
2023-11-10,32.65999984741211,0.0
2023-11-13,32.46500015258789,0.0
2023-11-14,33.849998474121094,0.0
2023-11-15,33.89500045776367,0.0
2023-11-16,33.95500183105469,0.0
2023-11-17,33.95000076293945,0.0
2023-11-20,34.779998779296875,0.0
2023-11-21,34.334999084472656,0.0
2023-11-22,34.630001068115234,0.0
2023-11-24,34.5099983215332,0.0
2023-11-27,34.45000076293945,0.0
2023-11-28,34.619998931884766,0.0
2023-11-29,34.540000915527344,0.0
2023-11-30,34.35499954223633,0.0
2023-12-01,34.55500030517578,0.0
2023-12-04,33.88999938964844,0.0
2023-12-05,34.05500030517578,0.0
2023-12-06,33.65999984741211,0.0
2023-12-07,34.60499954223633,0.0
2023-12-08,34.875,0.0
2023-12-11,35.474998474121094,0.0
2023-12-12,36.040000915527344,0.0
2023-12-13,36.93999862670898,0.0
2023-12-14,36.86000061035156,0.0
2023-12-15,37.130001068115234,0.0
2023-12-18,37.66999816894531,0.0
2023-12-19,38.040000915527344,0.0
2023-12-20,36.85499954223633,0.039
2023-12-21,37.709999084472656,0.0
2023-12-22,37.81499862670898,0.0
2023-12-26,38.255001068115234,0.0
2023-12-27,38.400001525878906,0.0
2023-12-28,38.33000183105469,0.0
2023-12-29,38.0,0.0
2024-01-02,36.720001220703125,0.0
2024-01-03,35.935001373291016,0.0
2024-01-04,35.540000915527344,0.0
2024-01-05,35.630001068115234,0.0
2024-01-08,37.09000015258789,0.0
2024-01-09,37.23500061035156,0.0
2024-01-10,37.720001220703125,0.0
2024-01-11,37.84000015258789,0.0
2024-01-12,37.88999938964844,0.0
2024-01-16,37.875,0.0
2024-01-17,37.43000030517578,0.0
2024-01-18,38.5,0.0
2024-01-19,39.994998931884766,0.0
2024-01-22,40.095001220703125,0.0
2024-01-23,40.415000915527344,0.0
2024-01-24,40.845001220703125,0.0
2024-01-25,40.92499923706055,0.0
2024-01-26,40.42499923706055,0.0
2024-01-29,41.26499938964844,0.0
2024-01-30,40.68999862670898,0.0
2024-01-31,39.09999847412109,0.0
2024-02-01,40.02999877929688,0.0
2024-02-02,41.369998931884766,0.0
2024-02-05,41.220001220703125,0.0
2024-02-06,41.06999969482422,0.0
2024-02-07,41.89500045776367,0.0
2024-02-08,42.02999877929688,0.0
2024-02-09,42.84000015258789,0.0
2024-02-12,42.4900016784668,0.0
2024-02-13,41.15499877929688,0.0
2024-02-14,42.060001373291016,0.0
2024-02-15,42.27000045776367,0.0
2024-02-16,41.505001068115234,0.0
2024-02-20,40.869998931884766,0.0
2024-02-21,40.52999877929688,0.0
2024-02-22,42.89500045776367,0.0
2024-02-23,42.619998931884766,0.0
2024-02-26,42.56999969482422,0.0
2024-02-27,42.775001525878906,0.0
2024-02-28,42.290000915527344,0.0
2024-02-29,43.02000045776367,0.0
2024-03-01,44.30500030517578,0.0
2024-03-04,43.94499969482422,0.0
2024-03-05,42.380001068115234,0.0
2024-03-06,42.900001525878906,0.0
2024-03-07,44.18999862670898,0.0
2024-03-08,42.880001068115234,0.0
2024-03-11,42.55500030517578,0.0
2024-03-12,43.790000915527344,0.0
2024-03-13,43.08000183105469,0.0
2024-03-14,42.85499954223633,0.0
2024-03-15,41.81999969482422,0.0
2024-03-18,42.61000061035156,0.0
2024-03-19,42.810001373291016,0.0
2024-03-20,43.79999923706055,0.0275
2024-03-21,44.18000030517578,0.0
2024-03-22,44.255001068115234,0.0
2024-03-25,43.94499969482422,0.0
2024-03-26,43.65999984741211,0.0
2024-03-27,43.95000076293945,0.0
2024-03-28,43.7400016784668,0.0
2024-04-01,43.94499969482422,0.0
2024-04-02,43.165000915527344,0.0
2024-04-03,43.334999084472656,0.0
2024-04-04,41.98500061035156,0.0
2024-04-05,42.98500061035156,0.0
2024-04-08,43.0099983215332,0.0
2024-04-09,43.310001373291016,0.0
2024-04-10,42.52000045776367,0.0
2024-04-11,43.89500045776367,0.0
2024-04-12,42.47499847412109,0.0
2024-04-15,41.060001373291016,0.0
2024-04-16,41.060001373291016,0.0
2024-04-17,40.05500030517578,0.0
2024-04-18,39.56499862670898,0.0
2024-04-19,37.93999862670898,0.0
2024-04-22,38.685001373291016,0.0
2024-04-23,39.845001220703125,0.0
2024-04-24,40.10499954223633,0.0
2024-04-25,39.68000030517578,0.0
2024-04-26,40.915000915527344,0.0
2024-04-29,41.22999954223633,0.0
2024-04-30,39.65999984741211,0.0
2024-05-01,39.07500076293945,0.0
2024-05-02,40.060001373291016,0.0
2024-05-03,41.65999984741211,0.0
2024-05-06,42.59000015258789,0.0
2024-05-07,42.56999969482422,0.0
2024-05-08,42.525001525878906,0.0
2024-05-09,42.68000030517578,0.0
2024-05-10,42.8849983215332,0.0
2024-05-13,43.07500076293945,0.0
2024-05-14,43.61000061035156,0.0
2024-05-15,44.95000076293945,0.0
2024-05-16,44.76499938964844,0.0
2024-05-17,44.720001220703125,0.0
2024-05-20,45.33000183105469,0.0
2024-05-21,45.48500061035156,0.0
2024-05-22,45.470001220703125,0.0
2024-05-23,45.02999877929688,0.0
2024-05-24,45.880001068115234,0.0
2024-05-28,46.20500183105469,0.0
2024-05-29,45.55500030517578,0.0
2024-05-30,44.560001373291016,0.0
2024-05-31,44.560001373291016,0.0
2024-06-03,44.845001220703125,0.0
2024-06-04,45.06999969482422,0.0
2024-06-05,46.88999938964844,0.0
2024-06-06,46.84999847412109,0.0
2024-06-07,46.7400016784668,0.0
2024-06-10,47.11000061035156,0.0
2024-06-11,47.73500061035156,0.0
2024-06-12,48.9900016784668,0.0
2024-06-13,49.494998931884766,0.0
2024-06-14,49.98500061035156,0.0
2024-06-17,51.20000076293945,0.0
2024-06-18,51.21500015258789,0.0
2024-06-20,50.400001525878906,0.0
2024-06-21,50.09999847412109,0.0
2024-06-24,48.97499847412109,0.0
2024-06-25,50.09000015258789,0.0
2024-06-26,50.2400016784668,0.053
2024-06-27,50.470001220703125,0.0
2024-06-28,49.90499877929688,0.0
2024-07-01,50.51499938964844,0.0
2024-07-02,51.560001373291016,0.0
2024-07-03,52.39500045776367,0.0
2024-07-05,53.459999084472656,0.0
2024-07-08,53.72499847412109,0.0
2024-07-09,53.77999877929688,0.0
2024-07-10,54.915000915527344,0.0
2024-07-11,52.470001220703125,0.0
2024-07-12,53.06499862670898,0.0
2024-07-15,53.36000061035156,0.0
2024-07-16,53.38999938964844,0.0
2024-07-17,50.244998931884766,0.0
2024-07-18,49.75,0.0
2024-07-19,48.845001220703125,0.0
2024-07-22,50.275001525878906,0.0
2024-07-23,49.93000030517578,0.0
2024-07-24,46.31999969482422,0.0
2024-07-25,45.30500030517578,0.0
2024-07-26,46.220001220703125,0.0
2024-07-29,46.36000061035156,0.0
2024-07-30,45.08000183105469,0.0
2024-07-31,47.755001068115234,0.0
2024-08-01,45.44499969482422,0.0
2024-08-02,43.25,0.0
2024-08-05,40.744998931884766,0.0
2024-08-06,41.45000076293945,0.0
2024-08-07,40.52999877929688,0.0
2024-08-08,43.02000045776367,0.0
2024-08-09,43.45500183105469,0.0
2024-08-12,43.6150016784668,0.0
2024-08-13,45.76499938964844,0.0
2024-08-14,45.79999923706055,0.0
2024-08-15,48.09000015258789,0.0
2024-08-16,48.17499923706055,0.0
2024-08-19,49.43999862670898,0.0
2024-08-20,49.220001220703125,0.0
2024-08-21,49.69499969482422,0.0
2024-08-22,48.08000183105469,0.0
2024-08-23,49.1150016784668,0.0
2024-08-26,48.14500045776367,0.0
2024-08-27,48.43000030517578,0.0
2024-08-28,47.310001373291016,0.0
2024-08-29,47.165000915527344,0.0
2024-08-30,48.275001525878906,0.0
2024-09-03,45.310001373291016,0.0
2024-09-04,45.06999969482422,0.0
2024-09-05,45.15999984741211,0.0
2024-09-06,42.720001220703125,0.0
2024-09-09,43.790000915527344,0.0
2024-09-10,44.584999084472656,0.0
2024-09-11,46.48500061035156,0.0
2024-09-12,47.435001373291016,0.0
2024-09-13,47.81499862670898,0.0
2024-09-16,47.380001068115234,0.0
2024-09-17,47.43000030517578,0.0
2024-09-18,46.98500061035156,0.0
2024-09-19,49.3849983215332,0.0
2024-09-20,49.15999984741211,0.0
2024-09-23,49.41999816894531,0.0
2024-09-24,49.88999938964844,0.0
2024-09-25,49.98500061035156,0.0255
2024-09-26,50.69499969482422,0.0
2024-09-27,50.09999847412109,0.0
2024-09-30,50.34999847412109,0.0
2024-10-01,48.92499923706055,0.0
2024-10-02,49.09000015258789,0.0
2024-10-03,49.0099983215332,0.0
2024-10-04,50.17499923706055,0.0
2024-10-07,49.04499816894531,0.0
2024-10-08,50.5099983215332,0.0
2024-10-09,51.29499816894531,0.0
2024-10-10,51.185001373291016,0.0
2024-10-11,51.290000915527344,0.0
2024-10-14,52.150001525878906,0.0
2024-10-15,50.75,0.0
2024-10-16,50.76499938964844,0.0
2024-10-17,50.845001220703125,0.0
2024-10-18,51.46500015258789,0.0
2024-10-21,51.65999984741211,0.0
2024-10-22,51.7599983215332,0.0
2024-10-23,50.15999984741211,0.0
2024-10-24,50.96500015258789,0.0
2024-10-25,51.54999923706055,0.0
2024-10-28,51.56999969482422,0.0
2024-10-29,52.54499816894531,0.0
2024-10-30,51.75,0.0
2024-10-31,49.13999938964844,0.0
2024-11-01,49.82500076293945,0.0
2024-11-04,49.51499938964844,0.0
2024-11-05,50.77999877929688,0.0
2024-11-06,53.540000915527344,0.0
2024-11-07,55.22499847412109,0.0
2024-11-08,55.29999923706055,0.0
2024-11-11,55.22999954223633,0.0
2024-11-12,55.03499984741211,0.0
2024-11-13,54.880001068115234,0.0
2024-11-14,54.09000015258789,0.0
2024-11-15,51.47499847412109,0.0
2024-11-18,52.209999084472656,0.0
2024-11-19,52.90499877929688,0.0
2024-11-20,52.84000015258789,0.0
2024-11-21,53.22499847412109,0.0
2024-11-22,53.36000061035156,0.0
2024-11-25,53.525001525878906,0.0
2024-11-26,54.084999084472656,0.0
2024-11-27,53.22499847412109,0.0
2024-11-29,54.10499954223633,0.0
2024-12-02,55.28499984741211,0.0
2024-12-03,55.6349983215332,0.0
2024-12-04,56.9900016784668,0.0
2024-12-05,56.67499923706055,0.0
2024-12-06,57.665000915527344,0.0
2024-12-09,56.7400016784668,0.0
2024-12-10,56.32500076293945,0.0
2024-12-11,58.35499954223633,0.0
2024-12-12,57.59000015258789,0.0
2024-12-13,58.43999862670898,0.0
2024-12-16,60.125,0.0
2024-12-17,59.59000015258789,0.0
2024-12-18,55.290000915527344,0.0
2024-12-19,54.755001068115234,0.0
2024-12-20,55.72499847412109,0.0
2024-12-23,56.7400016784668,0.0305
2024-12-24,58.27000045776367,0.0
2024-12-26,58.165000915527344,0.0
2024-12-27,56.58000183105469,0.0
2024-12-30,55.06499862670898,0.0
2024-12-31,54.119998931884766,0.0
2025-01-02,53.880001068115234,0.0
2025-01-03,55.63999938964844,0.0
2025-01-06,56.90499877929688,0.0
2025-01-07,54.85499954223633,0.0
2025-01-08,54.8650016784668,0.0
2025-01-10,53.1150016784668,0.0
2025-01-13,52.78499984741211,0.0
2025-01-14,52.65999984741211,0.0
2025-01-15,55.040000915527344,0.0
2025-01-16,54.30500030517578,0.0
2025-01-17,56.095001220703125,0.0
2025-01-21,56.70000076293945,0.0
2025-01-22,58.18000030517578,0.0
2025-01-23,58.435001373291016,0.0
2025-01-24,57.744998931884766,0.0
2025-01-27,54.33000183105469,0.0
2025-01-28,55.96500015258789,0.0
2025-01-29,55.7400016784668,0.0
2025-01-30,56.20500183105469,0.0
2025-01-31,56.005001068115234,0.0
2025-02-03,55.1150016784668,0.0
2025-02-04,56.459999084472656,0.0
2025-02-05,56.95500183105469,0.0
2025-02-06,57.52999877929688,0.0
2025-02-07,56.07500076293945,0.0
2025-02-10,57.39500045776367,0.0
2025-02-11,57.125,0.0
2025-02-12,57.18999862670898,0.0
2025-02-13,58.81999969482422,0.0
2025-02-14,59.27000045776367,0.0
2025-02-18,59.52999877929688,0.0
2025-02-19,59.560001373291016,0.0
2025-02-20,59.02999877929688,0.0
2025-02-21,56.56999969482422,0.0
2025-02-24,55.20500183105469,0.0
2025-02-25,53.80500030517578,0.0
2025-02-26,54.04999923706055,0.0
2025-02-27,51.06999969482422,0.0
2025-02-28,52.64500045776367,0.0
2025-03-03,50.39500045776367,0.0
2025-03-04,50.025001525878906,0.0
2025-03-05,51.334999084472656,0.0
2025-03-06,48.5099983215332,0.0
2025-03-07,49.18000030517578,0.0
2025-03-10,45.45500183105469,0.0
2025-03-11,45.125,0.0
2025-03-12,46.165000915527344,0.0
2025-03-13,44.47499847412109,0.0
2025-03-14,46.595001220703125,0.0
2025-03-17,47.19499969482422,0.0
2025-03-18,45.59999847412109,0.0
2025-03-19,46.7599983215332,0.0
2025-03-20,46.45000076293945,0.0
2025-03-21,46.77999877929688,0.0
2025-03-24,48.75,0.0
2025-03-25,49.33000183105469,0.0
2025-03-26,47.505001068115234,0.013
2025-03-27,46.93999862670898,0.0
2025-03-28,44.470001220703125,0.0
2025-03-31,44.43999862670898,0.0
2025-04-01,45.1349983215332,0.0
2025-04-02,45.79499816894531,0.0
2025-04-03,40.900001525878906,0.0
2025-04-04,35.904998779296875,0.0
2025-04-07,36.0099983215332,0.0
2025-04-08,34.66999816894531,0.0
2025-04-09,42.81499862670898,0.0
2025-04-10,39.31499862670898,0.0
2025-04-11,40.70500183105469,0.0
2025-04-14,41.27000045776367,0.0
2025-04-15,41.3650016784668,0.0
2025-04-16,38.880001068115234,0.0
2025-04-17,38.81999969482422,0.0
2025-04-21,36.91999816894531,0.0
2025-04-22,38.80500030517578,0.0
2025-04-23,40.52999877929688,0.0
2025-04-24,42.834999084472656,0.0
2025-04-25,43.77999877929688,0.0
2025-04-28,43.7599983215332,0.0
2025-04-29,44.29999923706055,0.0
2025-04-30,44.290000915527344,0.0
2025-05-01,45.375,0.0
2025-05-02,46.77000045776367,0.0
2025-05-05,46.220001220703125,0.0
2025-05-06,45.369998931884766,0.0
2025-05-07,45.709999084472656,0.0
2025-05-08,46.619998931884766,0.0
2025-05-09,46.540000915527344,0.0
2025-05-12,50.33000183105469,0.0
2025-05-13,51.845001220703125,0.0
2025-05-14,52.46500015258789,0.0
2025-05-15,52.58000183105469,0.0
2025-05-16,53.02999877929688,0.0
2025-05-19,53.10499954223633,0.0
2025-05-20,52.72499847412109,0.0
2025-05-21,51.2599983215332,0.0
2025-05-22,51.45000076293945,0.0
2025-05-23,50.470001220703125,0.0
2025-05-27,52.81499862670898,0.0
2025-05-28,52.3650016784668,0.0
2025-05-29,52.55500030517578,0.0
2025-05-30,52.3650016784668,0.0
2025-06-02,53.16999816894531,0.0
2025-06-03,54.01499938964844,0.0
2025-06-04,54.29499816894531,0.0
2025-06-05,53.44499969482422,0.0
2025-06-06,54.47499847412109,0.0
2025-06-09,54.625,0.0
2025-06-10,55.35499954223633,0.0
2025-06-11,54.970001220703125,0.0
2025-06-12,55.220001220703125,0.0
2025-06-13,53.80500030517578,0.0
2025-06-16,55.28499984741211,0.0
2025-06-17,54.185001373291016,0.0
2025-06-18,54.15999984741211,0.0
2025-06-20,53.67499923706055,0.0
2025-06-23,54.79499816894531,0.0
2025-06-24,56.45500183105469,0.0
2025-06-25,56.665000915527344,0.062
2025-06-26,57.73500061035156,0.0
2025-06-27,58.1150016784668,0.0
2025-06-30,58.85499954223633,0.0
2025-07-01,57.83000183105469,0.0
2025-07-02,58.64500045776367,0.0
2025-07-03,59.744998931884766,0.0
2025-07-07,58.84999847412109,0.0
2025-07-08,58.89500045776367,0.0
2025-07-09,59.72499847412109,0.0
2025-07-10,59.53499984741211,0.0
2025-07-11,59.25,0.0
2025-07-14,59.65499877929688,0.0
2025-07-15,59.75,0.0
2025-07-16,59.880001068115234,0.0
2025-07-17,60.84000015258789,0.0
2025-07-18,60.685001373291016,0.0
2025-07-21,61.310001373291016,0.0
2025-07-22,60.665000915527344,0.0
2025-07-23,61.209999084472656,0.0
2025-07-24,61.47999954223633,0.0
2025-07-25,61.72499847412109,0.0
2025-07-28,62.1150016784668,0.0
2025-07-29,61.93000030517578,0.0
2025-07-30,62.07500076293945,0.0
2025-07-31,61.3849983215332,0.0
2025-08-01,58.935001373291016,0.0
2025-08-04,61.09999847412109,0.0
2025-08-05,60.255001068115234,0.0
2025-08-06,61.77000045776367,0.0
2025-08-07,62.185001373291016,0.0
2025-08-08,63.310001373291016,0.0
2025-08-11,62.900001525878906,0.0
2025-08-12,64.5,0.0
2025-08-13,64.55000305175781,0.0
2025-08-14,64.43499755859375,0.0
2025-08-15,63.83000183105469,0.0
2025-08-18,63.790000915527344,0.0
2025-08-19,62.040000915527344,0.0
2025-08-20,61.28499984741211,0.0
2025-08-21,60.72499847412109,0.0
2025-08-22,62.56999969482422,0.0
2025-08-25,62.19499969482422,0.0
2025-08-26,62.69499969482422,0.0
2025-08-27,62.869998931884766,0.0
2025-08-28,63.6349983215332,0.0
2025-08-29,62.11000061035156,0.0
2025-09-02,61.08000183105469,0.0
2025-09-03,62.0099983215332,0.0
2025-09-04,63.13999938964844,0.0
2025-09-05,63.27999877929688,0.0
2025-09-08,63.900001525878906,0.0
2025-09-09,64.24500274658203,0.0
2025-09-10,64.28500366210938,0.0
2025-09-11,65.01499938964844,0.0
2025-09-12,65.57499694824219,0.0
2025-09-15,66.69000244140625,0.0
2025-09-16,66.54000091552734,0.0
2025-09-17,66.25499725341797,0.0
2025-09-18,67.4800033569336,0.0
2025-09-19,68.36000061035156,0.0
2025-09-22,69.15499877929688,0.0
2025-09-23,68.22000122070312,0.0
2025-09-24,67.7249984741211,0.0205
2025-09-25,67.11499786376953,0.0
2025-09-26,67.65499877929688,0.0
2025-09-29,68.26000213623047,0.0
2025-09-30,68.5999984741211,0.0
2025-10-01,69.26000213623047,0.0
2025-10-02,69.81999969482422,0.0
2025-10-03,69.19000244140625,0.0
2025-10-06,70.23500061035156,0.0
2025-10-07,69.4800033569336,0.0
2025-10-08,71.05999755859375,0.0
2025-10-09,70.875,0.0
2025-10-10,65.90499877929688,0.0
2025-10-13,68.71499633789062,0.0
2025-10-14,67.80000305175781,0.0
2025-10-15,68.72000122070312,0.0
2025-10-16,68.20999908447266,0.0
2025-10-17,69.08000183105469,0.0
2025-10-20,70.80500030517578,0.0
2025-10-21,70.76499938964844,0.0
2025-10-22,69.36000061035156,0.0
2025-10-23,70.55000305175781,0.0
2025-10-24,71.98999786376953,0.0
2025-10-27,74.56999969482422,0.0
2025-10-28,75.69499969482422,0.0
2025-10-29,76.38500213623047,0.0
2025-10-30,74.0250015258789,0.0
2025-10-31,74.73999786376953,0.0
2025-11-03,75.41000366210938,0.0
2025-11-04,72.31999969482422,0.0
2025-11-05,73.2699966430664,0.0
2025-11-06,70.52999877929688,0.0
2025-11-07,70.05500030517578,0.0
2025-11-10,73.125,0.0
2025-11-11,72.73500061035156,0.0
2025-11-12,72.61000061035156,0.0
2025-11-13,69.625,0.0
2025-11-14,69.69499969482422,0.0
2025-11-17,68.5,0.0
2025-11-18,66.83499908447266,0.0
2025-11-19,67.59500122070312,0.0
2025-11-20,64.41000366210938,0.0
2025-11-21,65.36000061035156,0.0
2025-11-24,68.7300033569336,0.0
2025-11-25,69.51000213623047,0.0
2025-11-26,70.73999786376953,0.0
2025-11-28,71.80999755859375,0.0
2025-12-01,71.3499984741211,0.0
2025-12-02,72.47000122070312,0.0
2025-12-03,72.79000091552734,0.0
2025-12-04,72.62000274658203,0.0
2025-12-05,73.22000122070312,0.0
2025-12-08,72.88999938964844,0.0
2025-12-09,73.0999984741211,0.0
2025-12-10,73.66000366210938,0.0
2025-12-11,73.18000030517578,0.0
2025-12-12,70.33999633789062,0.0
2025-12-15,69.62999725341797,0.0
2025-12-16,69.9000015258789,0.0
2025-12-17,67.27999877929688,0.0
2025-12-18,69.23999786376953,0.0
2025-12-19,71.05000305175781,0.0
2025-12-22,71.66999816894531,0.0
2025-12-23,72.36000061035156,0.0
2025-12-24,72.7300033569336,0.023
2025-12-26,72.68000030517578,0.0
2025-12-29,71.95999908447266,0.0
2025-12-30,71.61000061035156,0.0
2025-12-31,70.41000366210938,0.0
2026-01-02,70.0999984741211,0.0
2026-01-05,71.19999694824219,0.0
2026-01-06,72.45999908447266,0.0
2026-01-07,72.58999633789062,0.0
2026-01-08,71.75,0.0
2026-01-09,73.13999938964844,0.0
2026-01-12,73.2699966430664,0.0
2026-01-13,73.01000213623047,0.0
2026-01-14,71.48999786376953,0.0
2026-01-15,71.94000244140625,0.0
2026-01-16,71.75,0.0
2026-01-20,68.7300033569336,0.0
2026-01-21,70.54000091552734,0.0
2026-01-22,71.61000061035156,0.0
2026-01-23,72.05000305175781,0.0
2026-01-26,72.66000366210938,0.0
2026-01-27,73.95999908447266,0.0
2026-01-28,74.36000061035156,0.0
2026-01-29,73.5199966430664,0.0
2026-01-30,71.70999908447266,0.0
2026-02-02,72.7300033569336,0.0
2026-02-03,70.45999908447266,0.0
2026-02-04,67.9800033569336,0.0
2026-02-05,66.04000091552734,0.0
2026-02-06,68.79000091552734,0.0
2026-02-09,69.83000183105469,0.0
2026-02-10,69.18000030517578,0.0
2026-02-11,69.5199966430664,0.0
2026-02-12,66.69000244140625,0.0
2026-02-13,66.91999816894531,0.0
2026-02-17,66.7699966430664,0.0
2026-02-18,67.75,0.0
2026-02-19,67.23999786376953,0.0
2026-02-20,68.4000015258789,0.0
2026-02-23,66.75,0.0
2026-02-24,68.12999725341797,0.0
2026-02-25,70.08000183105469,0.0
2026-02-26,68.44000244140625,0.0
2026-02-27,67.98999786376953,0.0
2026-03-02,68.12999725341797,0.0
2026-03-03,66.68000030517578,0.0
2026-03-04,68.6500015258789,0.0
2026-03-05,68.26000213623047,0.0
2026-03-06,66.19000244140625,0.0
2026-03-09,67.94000244140625,0.0
2026-03-10,67.91000366210938,0.0
2026-03-11,67.9000015258789,0.0
2026-03-12,65.58000183105469,0.0
2026-03-13,64.76000213623047,0.0
2026-03-16,66.19000244140625,0.0
2026-03-17,66.8499984741211,0.0
2026-03-18,64.94999694824219,0.0
2026-03-19,64.52999877929688,0.0
2026-03-20,62.130001068115234,0.0
2026-03-23,63.58000183105469,0.0
2026-03-24,62.63999938964844,0.0
2026-03-25,63.43000030517578,0.013
2026-03-26,60.43000030517578,0.0
2026-03-27,58.04999923706055,0.0
2026-03-30,57.15999984741211,0.0
2026-03-31,61.0,0.0
2026-04-01,62.4900016784668,0.0
2026-04-02,62.59999847412109,0.0
2026-04-06,63.34999847412109,0.0
2026-04-07,63.38999938964844,0.0
2026-04-08,67.08000183105469,0.0
2026-04-09,68.01000213623047,0.0
2026-04-10,68.19000244140625,0.0
2026-04-13,69.58999633789062,0.0
2026-04-14,72.0999984741211,0.0
2026-04-15,74.11000061035156,0.0
2026-04-16,74.80000305175781,0.0
2026-04-17,76.7300033569336,0.0
2026-04-20,76.2699966430664,0.0
2026-04-21,75.66999816894531,0.0
2026-04-22,78.18000030517578,0.0
2026-04-23,77.30000305175781,0.0
2026-04-24,80.23999786376953,0.0
2026-04-27,80.29000091552734,0.0
2026-04-28,78.66999816894531,0.0
2026-04-29,79.63999938964844,0.0
2026-04-30,81.05000305175781,0.0
2026-05-01,82.5999984741211,0.0
2026-05-04,82.27999877929688,0.0
2026-05-05,84.38999938964844,0.0
2026-05-06,87.8499984741211,0.0
2026-05-07,87.66000366210938,0.0
2026-05-08,91.72000122070312,0.0
2026-05-11,92.26000213623048,0.0
2026-05-12,90.69000244140624,0.0
2026-05-13,92.5500030517578,0.0
2026-05-14,93.9000015258789,0.0
2026-05-15,91.02999877929688,0.0
2026-05-18,90.1999969482422,0.0
2026-05-19,89.12999725341797,0.0
2026-05-20,92.0500030517578,0.0
2026-05-21,92.37999725341795,0.0
2026-05-22,93.0999984741211,0.0
2026-05-26,96.4000015258789,0.0
2026-05-27,96.19000244140624,0.0
2026-05-28,97.79000091552734,0.0
2026-05-29,98.45999908447266,0.0
2026-06-01,99.62999725341795,0.0
2026-06-02,100.52999877929688,0.0
2026-06-03,100.0,0.0
2026-06-04,99.0199966430664,0.0
2026-06-05,89.54000091552734,0.0
2026-06-08,92.25,0.0
2026-06-09,90.12000274658205,0.0
2026-06-10,86.51000213623047,0.0
2026-06-11,92.18000030517578,0.0
2026-06-12,93.37999725341795,0.0
2026-06-15,99.18000030517578,0.0
2026-06-16,95.45999908447266,0.0
2026-06-17,93.55999755859376,0.0
2026-06-18,97.91000366210938,0.0
2026-06-22,97.68000030517578,0.0
2026-06-23,91.22000122070312,0.0
2026-06-24,90.37000274658205,0.061
2026-06-25,91.7699966430664,0.0
2026-06-26,89.12000274658203,0.0
2026-06-29,93.68000030517578,0.0
2026-06-30,96.76000213623048,0.0
2026-07-01,93.9000015258789,0.0
2026-07-02,90.61000061035156,0.0
2026-07-06,93.13999938964844,0.0
2026-07-07,89.69000244140625,0.0
2026-07-08,90.13999938964844,0.0
2026-07-09,93.13999938964844,0.0
2026-07-10,93.6999969482422,0.0
2026-07-13,90.12999725341795,0.0
2026-07-14,92.12999725341795,0.0
2026-07-15,91.61000061035156,0.0
2026-07-16,88.56999969482422,0.0
2026-07-17,85.91000366210938,0.0
2026-07-20,86.02999877929688,0.0
2026-07-21,89.2300033569336,0.0
2026-07-22,88.27999877929688,0.0
2026-07-23,85.0,0.0
2026-07-24,83.0,0.0
2026-07-27,82.4800033569336,0.0
2026-07-28,80.87000274658203,0.0
2026-07-29,77.58000183105469,0.0
2026-07-30,82.68000030517578,0.0
2026-07-31,83.66999816894531,0.0
2026-08-03,86.62000274658203,0.0
2026-08-04,92.45999908447266,0.0
2026-08-05,90.80000305175781,0.0
2026-08-06,90.12999725341797,0.0
2026-08-07,92.20999908447266,0.0
2026-08-10,91.62999725341797,0.0
2026-08-11,90.9800033569336,0.0
