Date,Close,Dividends
2010-03-11,0.6604999899864197,0.0
2010-03-12,0.6441670060157776,0.0
2010-03-15,0.6238330006599426,0.0
2010-03-16,0.6744999885559082,0.0
2010-03-17,0.6988329887390137,0.0
2010-03-18,0.681833028793335,0.0
2010-03-19,0.650833010673523,0.0
2010-03-22,0.6978330016136169,0.0
2010-03-23,0.7428330183029175,0.0
2010-03-24,0.7016670107841492,0.0
2010-03-25,0.6981670260429382,0.0
2010-03-26,0.6871669888496399,0.0
2010-03-29,0.7056670188903809,0.0
2010-03-30,0.7191669940948486,0.0
2010-03-31,0.7080000042915344,0.0
2010-04-01,0.710332989692688,0.0
2010-04-05,0.7705000042915344,0.0
2010-04-06,0.7588329911231995,0.0
2010-04-07,0.7663329839706421,0.0
2010-04-08,0.7391669750213623,0.0
2010-04-09,0.7588329911231995,0.0
2010-04-12,0.7778329849243164,0.0
2010-04-13,0.7928329706192017,0.0
2010-04-14,0.8948330283164978,0.0
2010-04-15,0.9024999737739564,0.0
2010-04-16,0.8691669702529907,0.0
2010-04-19,0.8398330211639404,0.0
2010-04-20,0.8805000185966492,0.0
2010-04-21,0.8529999852180481,0.0
2010-04-22,0.9011669754981996,0.0
2010-04-23,0.9051669836044312,0.0
2010-04-26,0.9131669998168944,0.0
2010-04-27,0.8186669945716858,0.0
2010-04-28,0.8349999785423279,0.0
2010-04-29,0.8636670112609863,0.0
2010-04-30,0.7471669912338257,0.0
2010-05-03,0.8021669983863831,0.0
2010-05-04,0.6959999799728394,0.0
2010-05-05,0.6736670136451721,0.0
2010-05-06,0.6163330078125,0.0
2010-05-07,0.5788329839706421,0.0
2010-05-10,0.6800000071525574,0.0
2010-05-11,0.6669999957084656,0.0
2010-05-12,0.7211670279502869,0.0
2010-05-13,0.664667010307312,0.0
2010-05-14,0.6039999723434448,0.0
2010-05-17,0.6290000081062317,0.0
2010-05-18,0.5776669979095459,0.0
2010-05-19,0.5868330001831055,0.0
2010-05-20,0.5389999747276306,0.0
2010-05-21,0.574167013168335,0.0
2010-05-24,0.5403329730033875,0.0
2010-05-25,0.5525000095367432,0.0
2010-05-26,0.5496670007705688,0.0
2010-05-27,0.6333330273628235,0.0
2010-05-28,0.6028329730033875,0.0
2010-06-01,0.5618330240249634,0.0
2010-06-02,0.6218330264091492,0.0
2010-06-03,0.6456670165061951,0.0
2010-06-04,0.5616670250892639,0.0
2010-06-07,0.4990000128746032,0.0
2010-06-08,0.4934999942779541,0.0
2010-06-09,0.4836669862270355,0.0
2010-06-10,0.5368329882621765,0.0
2010-06-11,0.5598329901695251,0.0
2010-06-14,0.5705000162124634,0.0
2010-06-15,0.6654999852180481,0.0
2010-06-16,0.6746670007705688,0.0
2010-06-17,0.6703330278396606,0.0
2010-06-18,0.6658329963684082,0.0
2010-06-21,0.6481670141220093,0.0
2010-06-22,0.6140000224113464,0.0
2010-06-23,0.619333028793335,0.0
2010-06-24,0.5653330087661743,0.0
2010-06-25,0.5671669840812683,0.0
2010-06-28,0.5738329887390137,0.0
2010-06-29,0.4956670105457306,0.0
2010-06-30,0.4716669917106628,0.0
2010-07-01,0.4735000133514404,0.0
2010-07-02,0.4676670134067535,0.0
2010-07-06,0.4668329954147339,0.0
2010-07-07,0.540166974067688,0.0
2010-07-08,0.5361670255661011,0.0
2010-07-09,0.5546669960021973,0.0
2010-07-12,0.5758330225944519,0.0
2010-07-13,0.6128330230712891,0.0
2010-07-14,0.6071670055389404,0.0
2010-07-15,0.5993329882621765,0.0
2010-07-16,0.5423330068588257,0.0
2010-07-19,0.5833330154418945,0.0
2010-07-20,0.5849999785423279,0.0
2010-07-21,0.5494999885559082,0.0
2010-07-22,0.5998330116271973,0.0
2010-07-23,0.6113330125808716,0.0
2010-07-26,0.6333330273628235,0.0
2010-07-27,0.6203330159187317,0.0
2010-07-28,0.5881670117378235,0.0
2010-07-29,0.5525000095367432,0.0
2010-07-30,0.5351669788360596,0.0
2010-08-02,0.5634999871253967,0.0
2010-08-03,0.546500027179718,0.0
2010-08-04,0.5625,0.0
2010-08-05,0.5490000247955322,0.0
2010-08-06,0.5496670007705688,0.0
2010-08-09,0.558667004108429,0.0
2010-08-10,0.5158330202102661,0.0
2010-08-11,0.453667014837265,0.0
2010-08-12,0.4354999959468841,0.0
2010-08-13,0.4223330020904541,0.0
2010-08-16,0.4266670048236847,0.0
2010-08-17,0.4429999887943268,0.0
2010-08-18,0.4578329920768738,0.0
2010-08-19,0.4348329901695251,0.0
2010-08-20,0.4398329854011535,0.0
2010-08-23,0.4243330061435699,0.0
2010-08-24,0.4028330147266388,0.0
2010-08-25,0.4149999916553497,0.0
2010-08-26,0.3913330137729645,0.0
2010-08-27,0.414667010307312,0.0
2010-08-30,0.3846670091152191,0.0
2010-08-31,0.360166996717453,0.0
2010-09-01,0.3936670124530792,0.0
2010-09-02,0.4198330044746399,0.0
2010-09-03,0.4379999935626983,0.0
2010-09-07,0.4143329858779907,0.0
2010-09-08,0.4074999988079071,0.0
2010-09-09,0.4091669917106628,0.0
2010-09-10,0.3931669890880584,0.0
2010-09-13,0.4321669936180115,0.0
2010-09-14,0.4533329904079437,0.0
2010-09-15,0.4498330056667328,0.0
2010-09-16,0.4593330025672912,0.0
2010-09-17,0.4596669971942901,0.0
2010-09-20,0.4651669859886169,0.0
2010-09-21,0.4620000123977661,0.0
2010-09-22,0.4428330063819885,0.000133
2010-09-23,0.4513329863548279,0.0
2010-09-24,0.5049999952316284,0.0
2010-09-27,0.4963330030441284,0.0
2010-09-28,0.5195000171661377,0.0
2010-09-29,0.531000018119812,0.0
2010-09-30,0.5195000171661377,0.0
2010-10-01,0.5139999985694885,0.0
2010-10-04,0.4930000007152557,0.0
2010-10-05,0.5238329768180847,0.0
2010-10-06,0.5058330297470093,0.0
2010-10-07,0.5059999823570251,0.0
2010-10-08,0.5224999785423279,0.0
2010-10-11,0.5320000052452087,0.0
2010-10-12,0.5433329939842224,0.0
2010-10-13,0.5458329916000366,0.0
2010-10-14,0.541333019733429,0.0
2010-10-15,0.5536670088768005,0.0
2010-10-18,0.5408329963684082,0.0
2010-10-19,0.5181670188903809,0.0
2010-10-20,0.5268329977989197,0.0
2010-10-21,0.5189999938011169,0.0
2010-10-22,0.5498329997062683,0.0
2010-10-25,0.5678330063819885,0.0
2010-10-26,0.5606669783592224,0.0
2010-10-27,0.6121670007705688,0.0
2010-10-28,0.6136670112609863,0.0
2010-10-29,0.6251670122146606,0.0
2010-11-01,0.6188330054283142,0.0
2010-11-02,0.6308330297470093,0.0
2010-11-03,0.6516669988632202,0.0
2010-11-04,0.7114999890327454,0.0
2010-11-05,0.7263330221176147,0.0
2010-11-08,0.7273330092430115,0.0
2010-11-09,0.6996669769287109,0.0
2010-11-10,0.7005000114440918,0.0
2010-11-11,0.6759999990463257,0.0
2010-11-12,0.6743329763412476,0.0
2010-11-15,0.6593329906463623,0.0
2010-11-16,0.6313329935073853,0.0
2010-11-17,0.6294999718666077,0.0
2010-11-18,0.664667010307312,0.0
2010-11-19,0.6970000267028809,0.0
2010-11-22,0.722832977771759,0.0
2010-11-23,0.703499972820282,0.0
2010-11-24,0.7598329782485962,0.0
2010-11-26,0.7471669912338257,0.0
2010-11-29,0.7419999837875366,0.0
2010-11-30,0.7145000100135803,0.0
2010-12-01,0.7829999923706055,0.0
2010-12-02,0.8270000219345093,0.0
2010-12-03,0.8389999866485596,0.0
2010-12-06,0.8346670269966125,0.0
2010-12-07,0.8330000042915344,0.0
2010-12-08,0.8558329939842224,0.0
2010-12-09,0.8619999885559082,0.0
2010-12-10,0.8643329739570618,0.0
2010-12-13,0.8481670022010803,0.0
2010-12-14,0.8264999985694885,0.0
2010-12-15,0.800832986831665,0.0
2010-12-16,0.8149999976158142,0.0
2010-12-17,0.8316670060157776,0.0
2010-12-20,0.8221669793128967,0.0
2010-12-21,0.8395000100135803,0.0
2010-12-22,0.8403329849243164,0.0
2010-12-23,0.8333330154418945,0.0
2010-12-27,0.8358330130577087,0.0
2010-12-28,0.8251670002937317,0.0
2010-12-29,0.828499972820282,0.0
2010-12-30,0.8358330130577087,0.0
2010-12-31,0.8331670165061951,0.0
2011-01-03,0.8518329858779907,0.0
2011-01-04,0.8546670079231262,0.0
2011-01-05,0.8629999756813049,0.0
2011-01-06,0.9108330011367798,0.0
2011-01-07,0.9168329834938048,0.0
2011-01-10,0.945667028427124,0.0
2011-01-11,0.9561669826507568,0.0
2011-01-12,1.0098329782485962,0.0
2011-01-13,1.0095000267028809,0.0
2011-01-14,1.0920000076293943,0.0
2011-01-18,1.0791670083999634,0.0
2011-01-19,1.003999948501587,0.0
2011-01-20,0.9674999713897704,0.0
2011-01-21,0.950833022594452,0.0
2011-01-24,1.0195000171661377,0.0
2011-01-25,0.9981669783592224,0.0
2011-01-26,1.025833010673523,0.0
2011-01-27,1.0824999809265137,0.0
2011-01-28,0.9948329925537108,0.0
2011-01-31,1.0061670541763306,0.0
2011-02-01,1.0789999961853027,0.0
2011-02-02,1.0973329544067385,0.0
2011-02-03,1.0985000133514404,0.0
2011-02-04,1.16349995136261,0.0
2011-02-07,1.1514999866485596,0.0
2011-02-08,1.1488330364227295,0.0
2011-02-09,1.1269999742507937,0.0
2011-02-10,1.136667013168335,0.0
2011-02-11,1.1626670360565186,0.0
2011-02-14,1.189167022705078,0.0
2011-02-15,1.1551669836044312,0.0
2011-02-16,1.1916669607162476,0.0
2011-02-17,1.2441669702529907,0.0
2011-02-18,1.2298330068588257,0.0
2011-02-22,1.0833330154418943,0.0
2011-02-23,1.0251669883728027,0.0
2011-02-24,1.0758329629898071,0.0
2011-02-25,1.1571669578552246,0.0
2011-02-28,1.1221669912338257,0.0
2011-03-01,1.0551669597625732,0.0
2011-03-02,1.1001670360565186,0.0
2011-03-03,1.1640000343322754,0.0
2011-03-04,1.1273330450057983,0.0
2011-03-07,1.034000039100647,0.0
2011-03-08,1.0394999980926514,0.0
2011-03-09,0.9468330144882202,0.0
2011-03-10,0.8751670122146606,0.0
2011-03-11,0.8985000252723694,0.0
2011-03-14,0.8948330283164978,0.0
2011-03-15,0.8623329997062683,0.0
2011-03-16,0.8066669702529907,0.0
2011-03-17,0.8361669778823853,0.0
2011-03-18,0.8445000052452087,0.0
2011-03-21,0.8881670236587524,0.0
2011-03-22,0.8673329949378967,0.0
2011-03-23,0.8908330202102661,0.0
2011-03-24,0.9564999938011168,0.0
2011-03-25,0.9484999775886536,0.0
2011-03-28,0.953000009059906,0.0
2011-03-29,0.9791669845581056,0.0
2011-03-30,0.98233300447464,0.0
2011-03-31,0.9573330283164978,0.0
2011-04-01,0.9238330125808716,0.0
2011-04-04,0.8999999761581421,0.0
2011-04-05,0.958666980266571,0.0
2011-04-06,1.005666971206665,0.0
2011-04-07,0.99099999666214,0.0
2011-04-08,0.9666669964790344,0.0
2011-04-11,0.9406669735908508,0.0
2011-04-12,0.8830000162124634,0.0
2011-04-13,0.890500009059906,0.0
2011-04-14,0.8923329710960388,0.0
2011-04-15,0.9100000262260436,0.0
2011-04-18,0.8613330125808716,0.0
2011-04-19,0.8716670274734497,0.0
2011-04-20,0.9833329916000366,0.0
2011-04-21,0.980666995048523,0.0
2011-04-25,0.9835000038146972,0.0
2011-04-26,1.0308330059051514,0.0
2011-04-27,1.0306669473648071,0.0
2011-04-28,1.0101670026779177,0.0
2011-04-29,1.024999976158142,0.0
2011-05-02,0.9929999709129332,0.0
2011-05-03,0.9563329815864564,0.0
2011-05-04,0.9580000042915344,0.0
2011-05-05,0.9638329744338988,0.0
2011-05-06,0.9850000143051147,0.0
2011-05-09,0.9764999747276306,0.0
2011-05-10,0.9891669750213624,0.0
2011-05-11,0.9664999842643738,0.0
2011-05-12,1.0061670541763306,0.0
2011-05-13,0.9671670198440552,0.0
2011-05-16,0.9261670112609864,0.0
2011-05-17,0.8926669955253601,0.0
2011-05-18,0.9430000185966492,0.0
2011-05-19,0.9194999933242798,0.0
2011-05-20,0.9110000133514404,0.0
2011-05-23,0.8550000190734863,0.0
2011-05-24,0.8356670141220093,0.0
2011-05-25,0.8576670289039612,0.0
2011-05-26,0.881833016872406,0.0
2011-05-27,0.9131669998168944,0.0
2011-05-31,0.9541670083999634,0.0
2011-06-01,0.867667019367218,0.0
2011-06-02,0.8679999709129333,0.0
2011-06-03,0.8218330144882202,0.0
2011-06-06,0.8018329739570618,0.0
2011-06-07,0.8136669993400574,0.0
2011-06-08,0.7648329734802246,0.0
2011-06-09,0.7673329710960388,0.0
2011-06-10,0.7301669716835022,0.0
2011-06-13,0.7088329792022705,0.0
2011-06-14,0.7484999895095825,0.0
2011-06-15,0.7045000195503235,0.0
2011-06-16,0.680666983127594,0.0
2011-06-17,0.6510000228881836,0.0
2011-06-20,0.652999997138977,0.0
2011-06-21,0.7021669745445251,0.0
2011-06-22,0.6918330192565918,0.0
2011-06-23,0.7229999899864197,0.0
2011-06-24,0.6713330149650574,0.0
2011-06-27,0.6828330159187317,0.0
2011-06-28,0.7088329792022705,0.0
2011-06-29,0.7118330001831055,0.0
2011-06-30,0.7633330225944519,0.0
2011-07-01,0.8131669759750366,0.0
2011-07-05,0.7910000085830688,0.0
2011-07-06,0.7726669907569885,0.0
2011-07-07,0.8183330297470093,0.0
2011-07-08,0.7816669940948486,0.0
2011-07-11,0.7415000200271606,0.0
2011-07-12,0.6781669855117798,0.0
2011-07-13,0.6710000038146973,0.0
2011-07-14,0.6408330202102661,0.0
2011-07-15,0.6510000228881836,0.0
2011-07-18,0.6230000257492065,0.0
2011-07-19,0.6846669912338257,0.0
2011-07-20,0.675832986831665,0.0
2011-07-21,0.694333016872406,0.0
2011-07-22,0.7413330078125,0.0
2011-07-25,0.7129999995231628,0.0
2011-07-26,0.7308329939842224,0.0
2011-07-27,0.650833010673523,0.0
2011-07-28,0.6460000276565552,0.0
2011-07-29,0.6305000185966492,0.0
2011-08-01,0.6290000081062317,0.0
2011-08-02,0.5731670260429382,0.0
2011-08-03,0.5913329720497131,0.0
2011-08-04,0.4943329989910126,0.0
2011-08-05,0.4583329856395721,0.0
2011-08-08,0.3866670131683349,0.0
2011-08-09,0.4386669993400574,0.0
2011-08-10,0.4123330116271972,0.0
2011-08-11,0.4736669957637787,0.0
2011-08-12,0.4690000116825104,0.0
2011-08-15,0.4966669976711273,0.0
2011-08-16,0.4686670005321502,0.0
2011-08-17,0.4584999978542328,0.0
2011-08-18,0.3791669905185699,0.0
2011-08-19,0.3569999933242798,0.0
2011-08-22,0.367000013589859,0.0
2011-08-23,0.4231669902801513,0.0
2011-08-24,0.4225000143051147,0.0
2011-08-25,0.3889999985694885,0.0
2011-08-26,0.4198330044746399,0.0
2011-08-29,0.4666669964790344,0.0
2011-08-30,0.4666669964790344,0.0
2011-08-31,0.4566670060157776,0.0
2011-09-01,0.4338330030441284,0.0
2011-09-02,0.4040000140666961,0.0
2011-09-06,0.3959999978542328,0.0
2011-09-07,0.4469999969005584,0.0
2011-09-08,0.4403330087661743,0.0
2011-09-09,0.4259999990463257,0.0
2011-09-12,0.464832991361618,0.0
2011-09-13,0.4930000007152557,0.0
2011-09-14,0.5299999713897705,0.0
2011-09-15,0.5540000200271606,0.0
2011-09-16,0.5558329820632935,0.0
2011-09-19,0.5371670126914978,0.0
2011-09-20,0.5195000171661377,0.0
2011-09-21,0.4869999885559082,0.0
2011-09-22,0.438167005777359,0.0
2011-09-23,0.4621669948101043,0.0
2011-09-26,0.4613330066204071,0.0
2011-09-27,0.4864999949932098,0.0
2011-09-28,0.4444999992847442,0.0
2011-09-29,0.4263330101966858,0.0
2011-09-30,0.3835000097751617,0.0
2011-10-03,0.3408330082893371,0.0
2011-10-04,0.3838329911231994,0.0
2011-10-05,0.4199999868869781,0.0
2011-10-06,0.4345000088214874,0.0
2011-10-07,0.441332995891571,0.0
2011-10-10,0.476500004529953,0.0
2011-10-11,0.4733330011367798,0.0
2011-10-12,0.4858329892158508,0.0
2011-10-13,0.5163329839706421,0.0
2011-10-14,0.5346670150756836,0.0
2011-10-17,0.4906669855117798,0.0
2011-10-18,0.522333025932312,0.0
2011-10-19,0.4881669878959656,0.0
2011-10-20,0.4646669924259186,0.0
2011-10-21,0.4930000007152557,0.0
2011-10-24,0.5441669821739197,0.0
2011-10-25,0.5148329734802246,0.0
2011-10-26,0.5220000147819519,0.0
2011-10-27,0.5885000228881836,0.0
2011-10-28,0.5931670069694519,0.0
2011-10-31,0.5479999780654907,0.0
2011-11-01,0.4954999983310699,0.0
2011-11-02,0.503000020980835,0.0
2011-11-03,0.5481669902801514,0.0
2011-11-04,0.5673329830169678,0.0
2011-11-07,0.5648329854011536,0.0
2011-11-08,0.5738329887390137,0.0
2011-11-09,0.4959999918937683,0.0
2011-11-10,0.5091670155525208,0.0
2011-11-11,0.5611670017242432,0.0
2011-11-14,0.5418329834938049,0.0
2011-11-15,0.5638329982757568,0.0
2011-11-16,0.5546669960021973,0.0
2011-11-17,0.4916670024394989,0.0
2011-11-18,0.4769999980926513,0.0
2011-11-21,0.4496670067310333,0.0
2011-11-22,0.4334999918937683,0.0
2011-11-23,0.3926669955253601,0.0
2011-11-25,0.3763329982757568,0.0
2011-11-28,0.4148330092430115,0.0
2011-11-29,0.4054999947547912,0.0
2011-11-30,0.4748330116271972,0.0
2011-12-01,0.4830000102519989,0.0
2011-12-02,0.4798330068588257,0.0
2011-12-05,0.4946669936180115,0.0
2011-12-06,0.4916670024394989,0.0
2011-12-07,0.5090000033378601,0.0
2011-12-08,0.4656670093536377,0.0
2011-12-09,0.4824999868869781,0.0
2011-12-12,0.4438329935073852,0.0
2011-12-13,0.4120000004768371,0.0
2011-12-14,0.3921670019626617,0.0
2011-12-15,0.391167014837265,0.0
2011-12-16,0.4003329873085022,0.0
2011-12-19,0.3666670024394989,0.0
2011-12-20,0.4149999916553497,0.0
2011-12-21,0.4028330147266388,0.0
2011-12-22,0.4424999952316284,0.0
2011-12-23,0.4488329887390136,0.0
2011-12-27,0.4476670026779175,0.0
2011-12-28,0.425832986831665,0.0
2011-12-29,0.438167005777359,0.0
2011-12-30,0.4326669871807098,0.0
2012-01-03,0.4485000073909759,0.0
2012-01-04,0.4481669962406158,0.0
2012-01-05,0.4675000011920929,0.0
2012-01-06,0.4716669917106628,0.0
2012-01-09,0.4978330135345459,0.0
2012-01-10,0.5131670236587524,0.0
2012-01-11,0.5195000171661377,0.0
2012-01-12,0.5370000004768372,0.0
2012-01-13,0.5019999742507935,0.0
2012-01-17,0.5084999799728394,0.0
2012-01-18,0.5833330154418945,0.0
2012-01-19,0.6191669702529907,0.0
2012-01-20,0.6281669735908508,0.0
2012-01-23,0.6233329772949219,0.0
2012-01-24,0.6276670098304749,0.0
2012-01-25,0.6358330249786377,0.0
2012-01-26,0.6161670088768005,0.0
2012-01-27,0.6246669888496399,0.0
2012-01-30,0.6028329730033875,0.0
2012-01-31,0.6053329706192017,0.0
2012-02-01,0.6451669931411743,0.0
2012-02-02,0.6576669812202454,0.0
2012-02-03,0.6855000257492065,0.0
2012-02-06,0.6636670231819153,0.0
2012-02-07,0.6643329858779907,0.0
2012-02-08,0.6894999742507935,0.0
2012-02-09,0.6955000162124634,0.0
2012-02-10,0.6524999737739563,0.0
2012-02-13,0.6593329906463623,0.0
2012-02-14,0.6688330173492432,0.0
2012-02-15,0.6778330206871033,0.0
2012-02-16,0.7279999852180481,0.0
2012-02-17,0.7110000252723694,0.0
2012-02-21,0.6825000047683716,0.0
2012-02-22,0.6721670031547546,0.0
2012-02-23,0.6761670112609863,0.0
2012-02-24,0.6711670160293579,0.0
2012-02-27,0.6718329787254333,0.0
2012-02-28,0.7058330178260803,0.0
2012-02-29,0.6731669902801514,0.0
2012-03-01,0.6738330125808716,0.0
2012-03-02,0.6531670093536377,0.0
2012-03-05,0.6043329834938049,0.0
2012-03-06,0.5860000252723694,0.0
2012-03-07,0.6141669750213623,0.0
2012-03-08,0.6403329968452454,0.0
2012-03-09,0.6610000133514404,0.0
2012-03-12,0.6430000066757202,0.0
2012-03-13,0.6846669912338257,0.0
2012-03-14,0.6784999966621399,0.0
2012-03-15,0.7168329954147339,0.0
2012-03-16,0.7183330059051514,0.0
2012-03-19,0.7356669902801514,0.0
2012-03-20,0.7213330268859863,0.0
2012-03-21,0.7283329963684082,0.0
2012-03-22,0.7158330082893372,0.0
2012-03-23,0.7213330268859863,0.0
2012-03-26,0.7518330216407776,0.0
2012-03-27,0.75,0.0
2012-03-28,0.7229999899864197,0.0
2012-03-29,0.7253329753875732,0.0
2012-03-30,0.7336670160293579,0.0
2012-04-02,0.7329999804496765,0.0
2012-04-03,0.699167013168335,0.0
2012-04-04,0.6514999866485596,0.0
2012-04-05,0.6576669812202454,0.0
2012-04-09,0.6303330063819885,0.0
2012-04-10,0.5973330140113831,0.0
2012-04-11,0.6251670122146606,0.0
2012-04-12,0.659500002861023,0.0
2012-04-13,0.6241670250892639,0.0
2012-04-16,0.6251670122146606,0.0
2012-04-17,0.6541669964790344,0.0
2012-04-18,0.6378329992294312,0.0
2012-04-19,0.6169999837875366,0.0
2012-04-20,0.574167013168335,0.0
2012-04-23,0.5531669855117798,0.0
2012-04-24,0.5398330092430115,0.0
2012-04-25,0.5758330225944519,0.0
2012-04-26,0.6146669983863831,0.0
2012-04-27,0.6151670217514038,0.0
2012-04-30,0.6051669716835022,0.0
2012-05-01,0.6123329997062683,0.0
2012-05-02,0.6208329796791077,0.0
2012-05-03,0.5763329863548279,0.0
2012-05-04,0.5391669869422913,0.0
2012-05-07,0.5358330011367798,0.0
2012-05-08,0.5264999866485596,0.0
2012-05-09,0.5220000147819519,0.0
2012-05-10,0.5153329968452454,0.0
2012-05-11,0.5263329744338989,0.0
2012-05-14,0.5108330249786377,0.0
2012-05-15,0.4946669936180115,0.0
2012-05-16,0.4718329906463623,0.0
2012-05-17,0.4376670122146606,0.0
2012-05-18,0.4135000109672546,0.0
2012-05-21,0.4448330104351043,0.0
2012-05-22,0.4361670017242431,0.0
2012-05-23,0.441332995891571,0.0
2012-05-24,0.4239999949932098,0.0
2012-05-25,0.4393329918384552,0.0
2012-05-29,0.4651669859886169,0.0
2012-05-30,0.4399999976158142,0.0
2012-05-31,0.4253329932689667,0.0
2012-06-01,0.3754999935626983,0.0
2012-06-04,0.3703329861164093,0.0
2012-06-05,0.3953329920768738,0.0
2012-06-06,0.4353330135345459,0.0
2012-06-07,0.4176670014858246,0.0
2012-06-08,0.4359999895095825,0.0
2012-06-11,0.4111669957637787,0.0
2012-06-12,0.4391669929027557,0.0
2012-06-13,0.4241670072078705,0.0
2012-06-14,0.4228329956531524,0.0
2012-06-15,0.4418329894542694,0.0
2012-06-18,0.4625000059604645,0.0
2012-06-19,0.4766669869422912,0.0
2012-06-20,0.4928329885005951,0.0
2012-06-21,0.4311670064926147,0.0
2012-06-22,0.4490000009536743,0.0
2012-06-25,0.4056670069694519,0.0
2012-06-26,0.4093329906463623,0.0
2012-06-27,0.4261670112609863,0.0
2012-06-28,0.4176670014858246,0.0
2012-06-29,0.4699999988079071,0.0
2012-07-02,0.4681670069694519,0.0
2012-07-03,0.4894999861717224,0.0
2012-07-05,0.4761669933795929,0.0
2012-07-06,0.441332995891571,0.0
2012-07-09,0.4259999990463257,0.0
2012-07-10,0.3961670100688934,0.0
2012-07-11,0.3838329911231994,0.0
2012-07-12,0.3664999902248382,0.0
2012-07-13,0.3758330047130584,0.0
2012-07-16,0.363332986831665,0.0
2012-07-17,0.3583329916000366,0.0
2012-07-18,0.3946669995784759,0.0
2012-07-19,0.4198330044746399,0.0
2012-07-20,0.3988330066204071,0.0
2012-07-23,0.3869999945163727,0.0
2012-07-24,0.3833329975605011,0.0
2012-07-25,0.403667002916336,0.0
2012-07-26,0.4320000112056732,0.0
2012-07-27,0.4620000123977661,0.0
2012-07-30,0.4498330056667328,0.0
2012-07-31,0.4605000019073486,0.0
2012-08-01,0.4596669971942901,0.0
2012-08-02,0.4553329944610595,0.0
2012-08-03,0.4833329916000366,0.0
2012-08-06,0.4918330013751983,0.0
2012-08-07,0.5214999914169312,0.0
2012-08-08,0.5285000205039978,0.0
2012-08-09,0.5381669998168945,0.0
2012-08-10,0.5451670289039612,0.0
2012-08-13,0.5346670150756836,0.0
2012-08-14,0.5199999809265137,0.0
2012-08-15,0.5288329720497131,0.0
2012-08-16,0.5563330054283142,0.0
2012-08-17,0.5451670289039612,0.0
2012-08-20,0.5308330059051514,0.0
2012-08-21,0.5320000052452087,0.0
2012-08-22,0.5208330154418945,0.0
2012-08-23,0.5103330016136169,0.0
2012-08-24,0.5186669826507568,0.0
2012-08-27,0.5139999985694885,0.0
2012-08-28,0.5126670002937317,0.0
2012-08-29,0.5136669874191284,0.0
2012-08-30,0.4881669878959656,0.0
2012-08-31,0.507332980632782,0.0
2012-09-04,0.4956670105457306,0.0
2012-09-05,0.4846670031547546,0.0
2012-09-06,0.5363330245018005,0.0
2012-09-07,0.5263329744338989,0.0
2012-09-10,0.4988330006599426,0.0
2012-09-11,0.507332980632782,0.0
2012-09-12,0.5105000138282776,0.0
2012-09-13,0.5246670246124268,0.0
2012-09-14,0.5448330044746399,0.0
2012-09-17,0.5298330187797546,0.0
2012-09-18,0.5224999785423279,0.0
2012-09-19,0.512499988079071,0.0
2012-09-20,0.4991669952869415,0.0
2012-09-21,0.4996669888496399,0.0
2012-09-24,0.477167010307312,0.0
2012-09-25,0.4406670033931732,0.0
2012-09-26,0.4329999983310699,0.0
2012-09-27,0.4620000123977661,0.0
2012-09-28,0.4493330121040344,0.0
2012-10-01,0.445499986410141,0.0
2012-10-02,0.4535000026226043,0.0
2012-10-03,0.4460000097751617,0.0
2012-10-04,0.4563330113887787,0.0
2012-10-05,0.4544999897480011,0.0
2012-10-08,0.4393329918384552,0.0
2012-10-09,0.4186669886112213,0.0
2012-10-10,0.4013330042362213,0.0
2012-10-11,0.4038330018520355,0.0
2012-10-12,0.3970000147819519,0.0
2012-10-15,0.4143329858779907,0.0
2012-10-16,0.4410000145435333,0.0
2012-10-17,0.4379999935626983,0.0
2012-10-18,0.4269999861717224,0.0
2012-10-19,0.3903329968452453,0.0
2012-10-22,0.3896670043468475,0.0
2012-10-23,0.3933329880237579,0.0
2012-10-24,0.3751670122146606,0.0
2012-10-25,0.3903329968452453,0.0
2012-10-26,0.3958329856395721,0.0
2012-10-31,0.3953329920768738,0.0
2012-11-01,0.4356670081615448,0.0
2012-11-02,0.4113329946994781,0.0
2012-11-05,0.4318329989910126,0.0
2012-11-06,0.4490000009536743,0.0
2012-11-07,0.4151670038700104,0.0
2012-11-08,0.4000000059604645,0.0
2012-11-09,0.4028330147266388,0.0
2012-11-12,0.4031670093536377,0.0
2012-11-13,0.3944999873638153,0.0
2012-11-14,0.3751670122146606,0.0
2012-11-15,0.3598330020904541,0.0
2012-11-16,0.3603329956531524,0.0
2012-11-19,0.3808329999446869,0.0
2012-11-20,0.3783330023288727,0.0
2012-11-21,0.380167007446289,0.0
2012-11-23,0.3996669948101043,0.0
2012-11-26,0.4063329994678497,0.0
2012-11-27,0.4014999866485595,0.0
2012-11-28,0.4154999852180481,0.0
2012-11-29,0.4189999997615814,0.0
2012-11-30,0.4173330068588257,0.0
2012-12-03,0.4118329882621765,0.0
2012-12-04,0.4188329875469208,0.0
2012-12-05,0.4161669909954071,0.0
2012-12-06,0.4309999942779541,0.0
2012-12-07,0.4338330030441284,0.0
2012-12-10,0.4418329894542694,0.0
2012-12-11,0.4684999883174896,0.0
2012-12-12,0.4629999995231628,0.0
2012-12-13,0.449999988079071,0.0
2012-12-14,0.4406670033931732,0.0
2012-12-17,0.4458329975605011,0.0
2012-12-18,0.4665000140666961,0.0
2012-12-19,0.4701670110225677,0.0
2012-12-20,0.4693329930305481,0.0
2012-12-21,0.4544999897480011,0.0
2012-12-24,0.4505000114440918,0.0
2012-12-26,0.4403330087661743,0.0
2012-12-27,0.43333300948143,0.0
2012-12-28,0.425832986831665,0.0
2012-12-31,0.4481669962406158,0.0
2013-01-02,0.5051670074462891,0.0
2013-01-03,0.4961670041084289,0.0
2013-01-04,0.4945000112056732,0.0
2013-01-07,0.4894999861717224,0.0
2013-01-08,0.4733330011367798,0.0
2013-01-09,0.4873329997062683,0.0
2013-01-10,0.5070000290870667,0.0
2013-01-11,0.5158330202102661,0.0
2013-01-14,0.5115000009536743,0.0
2013-01-15,0.503832995891571,0.0
2013-01-16,0.5201669931411743,0.0
2013-01-17,0.5531669855117798,0.0
2013-01-18,0.5443329811096191,0.0
2013-01-22,0.5394999980926514,0.0
2013-01-23,0.5571669936180115,0.0
2013-01-24,0.5423330068588257,0.0
2013-01-25,0.5625,0.0
2013-01-28,0.566332995891571,0.0
2013-01-29,0.5558329820632935,0.0
2013-01-30,0.558667004108429,0.0
2013-01-31,0.5536670088768005,0.0
2013-02-01,0.5831670165061951,0.0
2013-02-04,0.5578330159187317,0.0
2013-02-05,0.5841670036315918,0.0
2013-02-06,0.5873330235481262,0.0
2013-02-07,0.5796669721603394,0.0
2013-02-08,0.602167010307312,0.0
2013-02-11,0.6048330068588257,0.0
2013-02-12,0.6086670160293579,0.0
2013-02-13,0.6134999990463257,0.0
2013-02-14,0.6309999823570251,0.0
2013-02-15,0.6188330054283142,0.0
2013-02-19,0.6411669850349426,0.0
2013-02-20,0.5981670022010803,0.0
2013-02-21,0.565500020980835,0.0
2013-02-22,0.600832998752594,0.0
2013-02-25,0.5665000081062317,0.0
2013-02-26,0.5806670188903809,0.0
2013-02-27,0.6066669821739197,0.0
2013-02-28,0.6221669912338257,0.0
2013-03-01,0.6001669764518738,0.0
2013-03-04,0.5976669788360596,0.0
2013-03-05,0.6316670179367065,0.0
2013-03-06,0.6345000267028809,0.0
2013-03-07,0.6426669955253601,0.0
2013-03-08,0.6441670060157776,0.0
2013-03-11,0.6471670269966125,0.0
2013-03-12,0.6568329930305481,0.0
2013-03-13,0.6626669764518738,0.0
2013-03-14,0.6718329787254333,0.0
2013-03-15,0.6391670107841492,0.0
2013-03-18,0.613332986831665,0.0
2013-03-19,0.6061670184135437,0.0
2013-03-20,0.6299999952316284,0.0
2013-03-21,0.6001669764518738,0.0
2013-03-22,0.6190000176429749,0.0
2013-03-25,0.6158329844474792,0.0
2013-03-26,0.6328330039978027,0.0
2013-03-27,0.6355000138282776,0.0
2013-03-28,0.6470000147819519,0.0
2013-04-01,0.6104999780654907,0.0
2013-04-02,0.5929999947547913,0.0
2013-04-03,0.5573329925537109,0.0
2013-04-04,0.5786669850349426,0.0
2013-04-05,0.5703330039978027,0.0
2013-04-08,0.5913329720497131,0.0
2013-04-09,0.6075000166893005,0.0
2013-04-10,0.6464999914169312,0.0
2013-04-11,0.6401669979095459,0.0
2013-04-12,0.630666971206665,0.0
2013-04-15,0.5856670141220093,0.0
2013-04-16,0.6208329796791077,0.0
2013-04-17,0.5596669912338257,0.0
2013-04-18,0.5444999933242798,0.0
2013-04-19,0.5575000047683716,0.0
2013-04-22,0.5745000243186951,0.0
2013-04-23,0.6115000247955322,0.0
2013-04-24,0.6334999799728394,0.0
2013-04-25,0.6520000100135803,0.0
2013-04-26,0.6341670155525208,0.0
2013-04-29,0.6558330059051514,0.0
2013-04-30,0.6753330230712891,0.0
2013-05-01,0.6563330292701721,0.0
2013-05-02,0.6834999918937683,0.0
2013-05-03,0.7033330202102661,0.0
2013-05-06,0.7174999713897705,0.0
2013-05-07,0.7164999842643738,0.0
2013-05-08,0.7446669936180115,0.0
2013-05-09,0.7565000057220459,0.0
2013-05-10,0.777167022228241,0.0
2013-05-13,0.753832995891571,0.0
2013-05-14,0.7653329968452454,0.0
2013-05-15,0.7856670022010803,0.0
2013-05-16,0.7706670165061951,0.0
2013-05-17,0.7996670007705688,0.0
2013-05-20,0.7951670289039612,0.0
2013-05-21,0.7935000061988831,0.0
2013-05-22,0.7571669816970825,0.0
2013-05-23,0.7563329935073853,0.0
2013-05-24,0.7561669945716858,0.0
2013-05-28,0.7763329744338989,0.0
2013-05-29,0.7858330011367798,0.0
2013-05-30,0.8220000267028809,0.0
2013-05-31,0.7979999780654907,0.0
2013-06-03,0.800000011920929,0.0
2013-06-04,0.8106669783592224,0.0
2013-06-05,0.7730000019073486,0.0
2013-06-06,0.7670000195503235,0.0
2013-06-07,0.8036670088768005,0.0
2013-06-10,0.816332995891571,0.0
2013-06-11,0.7641670107841492,0.0
2013-06-12,0.7361670136451721,0.0
2013-06-13,0.7806670069694519,0.0
2013-06-14,0.7721670269966125,0.0
2013-06-17,0.8053330183029175,0.0
2013-06-18,0.8445000052452087,0.0
2013-06-19,0.8169999718666077,0.0
2013-06-20,0.7408329844474792,0.0
2013-06-21,0.7465000152587891,0.0
2013-06-24,0.7001670002937317,0.0
2013-06-25,0.7519999742507935,0.0
2013-06-26,0.761667013168335,0.0
2013-06-27,0.7716670036315918,0.0
2013-06-28,0.7820000052452087,0.0
2013-07-01,0.7761669754981995,0.0
2013-07-02,0.7781670093536377,0.0
2013-07-03,0.7904999852180481,0.0
2013-07-05,0.8213329911231995,0.0
2013-07-08,0.7724999785423279,0.0
2013-07-09,0.7963330149650574,0.0
2013-07-10,0.8236669898033142,0.0
2013-07-11,0.8761669993400574,0.0
2013-07-12,0.8911669850349426,0.0
2013-07-15,0.890999972820282,0.0
2013-07-16,0.8983330130577087,0.0
2013-07-17,0.9006670117378235,0.0
2013-07-18,0.8783329725265503,0.0
2013-07-19,0.8730000257492065,0.0
2013-07-22,0.8666669726371765,0.0
2013-07-23,0.8571670055389404,0.0
2013-07-24,0.8101670145988464,0.0
2013-07-25,0.8246669769287109,0.0
2013-07-26,0.8023329973220825,0.0
2013-07-29,0.7891669869422913,0.0
2013-07-30,0.815500020980835,0.0
2013-07-31,0.8271669745445251,0.0
2013-08-01,0.871999979019165,0.0
2013-08-02,0.8554999828338623,0.0
2013-08-05,0.8514999747276306,0.0
2013-08-06,0.8341670036315918,0.0
2013-08-07,0.8081669807434082,0.0
2013-08-08,0.8106669783592224,0.0
2013-08-09,0.7986670136451721,0.0
2013-08-12,0.8075000047683716,0.0
2013-08-13,0.8345000147819519,0.0
2013-08-14,0.7973330020904541,0.0
2013-08-15,0.742667019367218,0.0
2013-08-16,0.75,0.0
2013-08-19,0.7348330020904541,0.0
2013-08-20,0.7494999766349792,0.0
2013-08-21,0.7329999804496765,0.0
2013-08-22,0.7578330039978027,0.0
2013-08-23,0.7583330273628235,0.0
2013-08-26,0.7531669735908508,0.0
2013-08-27,0.6970000267028809,0.0
2013-08-28,0.7200000286102295,0.0
2013-08-29,0.7475000023841858,0.0
2013-08-30,0.7269999980926514,0.0
2013-09-03,0.7448329925537109,0.0
2013-09-04,0.8019999861717224,0.0
2013-09-05,0.8208330273628235,0.0
2013-09-06,0.8108329772949219,0.0
2013-09-09,0.8433330059051514,0.0
2013-09-10,0.8901669979095459,0.0
2013-09-11,0.8824999928474426,0.0
2013-09-12,0.8671669960021973,0.0
2013-09-13,0.8786669969558716,0.0
2013-09-16,0.8891670107841492,0.0
2013-09-17,0.9071670174598694,0.0
2013-09-18,0.9304999709129332,0.0
2013-09-19,0.9208329916000366,0.0
2013-09-20,0.906000018119812,0.0
2013-09-23,0.894333004951477,0.0
2013-09-24,0.9123330116271972,0.0
2013-09-25,0.914667010307312,0.0
2013-09-26,0.913332998752594,0.0
2013-09-27,0.8923329710960388,0.0
2013-09-30,0.8939999938011169,0.0
2013-10-01,0.9171670079231262,0.0
2013-10-02,0.915499985218048,0.0
2013-10-03,0.908167004585266,0.0
2013-10-04,0.92849999666214,0.0
2013-10-07,0.914667010307312,0.0
2013-10-08,0.871167004108429,0.0
2013-10-09,0.8600000143051147,0.0
2013-10-10,0.9185000061988832,0.0
2013-10-11,0.9269999861717224,0.0
2013-10-14,0.9451670050621032,0.0
2013-10-15,0.9210000038146972,0.0
2013-10-16,0.9471669793128968,0.0
2013-10-17,0.9671670198440552,0.0
2013-10-18,0.9736670255661012,0.0
2013-10-21,0.9851670265197754,0.0
2013-10-22,0.9786670207977296,0.0
2013-10-23,0.8820000290870667,0.0
2013-10-24,0.9035000205039978,0.0
2013-10-25,0.9135000109672546,0.0
2013-10-28,0.9323329925537108,0.0
2013-10-29,0.9733330011367798,0.0
2013-10-30,0.9589999914169312,0.0
2013-10-31,0.9753329753875732,0.0
2013-11-01,0.964667022228241,0.0
2013-11-04,0.9628329873085022,0.0
2013-11-05,0.9541670083999634,0.0
2013-11-06,0.9648330211639404,0.0
2013-11-07,0.9093329906463624,0.0
2013-11-08,0.9394999742507936,0.0
2013-11-11,0.9388329982757568,0.0
2013-11-12,0.9545000195503236,0.0
2013-11-13,0.9815000295639038,0.0
2013-11-14,0.9678329825401306,0.0
2013-11-15,0.986167013645172,0.0
2013-11-18,0.959500014781952,0.0
2013-11-19,0.9259999990463256,0.0
2013-11-20,0.9121670126914978,0.0
2013-11-21,0.9608330130577089,0.0
2013-11-22,0.962499976158142,0.0
2013-11-25,0.9591670036315918,0.0
2013-11-26,0.9838330149650574,0.0
2013-11-27,0.9966670274734496,0.0
2013-11-29,0.9965000152587892,0.0
2013-12-02,0.9911670088768004,0.0
2013-12-03,1.0013329982757568,0.0
2013-12-04,0.9886670112609864,0.0
2013-12-05,0.9951670169830322,0.0
2013-12-06,1.0295000076293943,0.0
2013-12-09,1.037500023841858,0.0
2013-12-10,1.0286669731140137,0.0
2013-12-11,0.998332977294922,0.0
2013-12-12,0.9731670022010804,0.0
2013-12-13,0.9679999947547911,0.0
2013-12-16,1.006999969482422,0.0
2013-12-17,1.0383330583572388,0.0
2013-12-18,1.059000015258789,0.0
2013-12-19,1.0399999618530271,0.0
2013-12-20,1.066499948501587,0.0
2013-12-23,1.093000054359436,0.0
2013-12-24,1.1059999465942385,0.0
2013-12-26,1.1161669492721558,0.0
2013-12-27,1.1131670475006104,0.0
2013-12-30,1.1216670274734497,0.0
2013-12-31,1.150333046913147,0.0
2014-01-02,1.098667025566101,0.0
2014-01-03,1.0946669578552246,0.0
2014-01-06,1.0740000009536743,0.0
2014-01-07,1.0989999771118164,0.0
2014-01-08,1.1475000381469729,0.0
2014-01-09,1.1231670379638672,0.0
2014-01-10,1.1368329524993896,0.0
2014-01-13,1.0963330268859863,0.0
2014-01-14,1.171666979789734,0.0
2014-01-15,1.2013330459594729,0.0
2014-01-16,1.1813329458236694,0.0
2014-01-17,1.1610000133514404,0.0
2014-01-21,1.1838330030441284,0.0
2014-01-22,1.2243330478668213,0.0
2014-01-23,1.1826670169830322,0.0
2014-01-24,1.099666953086853,0.0
2014-01-27,1.0786670446395874,0.0
2014-01-28,1.091832995414734,0.0
2014-01-29,1.0765000581741333,0.0
2014-01-30,1.1183329820632937,0.0
2014-01-31,1.10099995136261,0.0
2014-02-03,1.031499981880188,0.0
2014-02-04,1.033167004585266,0.0
2014-02-05,1.0373330116271973,0.0
2014-02-06,1.0866669416427612,0.0
2014-02-07,1.1391669511795044,0.0
2014-02-10,1.1566669940948486,0.0
2014-02-11,1.2008329629898071,0.0
2014-02-12,1.23466694355011,0.0
2014-02-13,1.2790000438690186,0.0
2014-02-14,1.3001669645309448,0.0
2014-02-18,1.3106670379638672,0.0
2014-02-19,1.3076670169830322,0.0
2014-02-20,1.3385000228881836,0.0
2014-02-21,1.318166971206665,0.0
2014-02-24,1.3333330154418943,0.0
2014-02-25,1.3138329982757568,0.0
2014-02-26,1.3393330574035645,0.0
2014-02-27,1.337499976158142,0.0
2014-02-28,1.3333330154418943,0.0
2014-03-03,1.3114999532699585,0.0
2014-03-04,1.3795000314712524,0.0
2014-03-05,1.3881670236587524,0.0
2014-03-06,1.4198329448699951,0.0
2014-03-07,1.4131669998168943,0.0
2014-03-10,1.4041670560836792,0.0
2014-03-11,1.3818329572677612,0.0
2014-03-12,1.4166669845581057,0.0
2014-03-13,1.3458329439163208,0.0
2014-03-14,1.3244999647140503,0.0
2014-03-17,1.371999979019165,0.0
2014-03-18,1.430500030517578,0.0
2014-03-19,1.4273329973220823,0.0
2014-03-20,1.5076669454574585,0.0
2014-03-21,1.468000054359436,0.0
2014-03-24,1.4498330354690552,0.0
2014-03-25,1.4798330068588257,0.0
2014-03-26,1.434999942779541,0.0
2014-03-27,1.399500012397766,0.0
2014-03-28,1.4296669960021973,0.0
2014-03-31,1.4984999895095823,0.0
2014-04-01,1.56850004196167,0.0
2014-04-02,1.5586669445037842,0.0
2014-04-03,1.5679999589920044,0.0
2014-04-04,1.4361670017242432,0.0
2014-04-07,1.3964999914169312,0.0
2014-04-08,1.4488329887390137,0.0
2014-04-09,1.4954999685287476,0.0
2014-04-10,1.3576669692993164,0.0
2014-04-11,1.2928329706192017,0.0
2014-04-14,1.3231669664382937,0.0
2014-04-15,1.350499987602234,0.0
2014-04-16,1.3426669836044312,0.0
2014-04-17,1.4201669692993164,0.0
2014-04-21,1.4576669931411743,0.0
2014-04-22,1.4993330240249634,0.0
2014-04-23,1.4931670427322388,0.0
2014-04-24,1.516332983970642,0.0
2014-04-25,1.3696670532226562,0.0
2014-04-28,1.3446669578552246,0.0
2014-04-29,1.3691669702529907,0.0
2014-04-30,1.3968329429626465,0.0
2014-05-01,1.3830000162124634,0.0
2014-05-02,1.391332983970642,0.0
2014-05-05,1.3980000019073486,0.0
2014-05-06,1.3813329935073853,0.0
2014-05-07,1.383999943733215,0.0
2014-05-08,1.4123330116271973,0.0
2014-05-09,1.400833010673523,0.0
2014-05-12,1.476667046546936,0.0
2014-05-13,1.444000005722046,0.0
2014-05-14,1.4071669578552246,0.0
2014-05-15,1.3578330278396606,0.0
2014-05-16,1.3980000019073486,0.0
2014-05-19,1.4428329467773438,0.0
2014-05-20,1.4225000143051147,0.0
2014-05-21,1.4429999589920044,0.0
2014-05-22,1.4641669988632202,0.0
2014-05-23,1.503499984741211,0.0
2014-05-27,1.5609999895095823,0.0
2014-05-28,1.565999984741211,0.0
2014-05-29,1.5756670236587524,0.0
2014-05-30,1.5821670293807983,0.0
2014-06-02,1.6078330278396606,0.0
2014-06-03,1.6531670093536377,0.0
2014-06-04,1.6756670475006104,0.0
2014-06-05,1.6988329887390137,0.0
2014-06-06,1.724166989326477,0.0
2014-06-09,1.7365000247955322,0.0
2014-06-10,1.7538330554962158,0.0
2014-06-11,1.779332995414734,0.0
2014-06-12,1.7608330249786377,0.0
2014-06-13,1.8108329772949217,0.0
2014-06-16,1.8446669578552248,0.0
2014-06-17,1.886167049407959,0.0
2014-06-18,1.8634999990463257,0.0
2014-06-19,1.8686670064926147,0.0
2014-06-20,1.8849999904632568,0.0
2014-06-23,1.8641669750213623,0.0
2014-06-24,1.8226670026779173,0.0
2014-06-25,1.8423329591751096,0.0
2014-06-26,1.8188329935073853,0.0
2014-06-27,1.8274999856948853,0.0
2014-06-30,1.8846670389175413,0.0
2014-07-01,1.9623329639434808,0.0
2014-07-02,1.977167010307312,0.0
2014-07-03,2.0169999599456787,0.0
2014-07-07,1.9748330116271973,0.0
2014-07-08,1.945000052452088,0.0
2014-07-09,1.978832960128784,0.0
2014-07-10,1.9503329992294312,0.0
2014-07-11,1.954167008399964,0.0
2014-07-14,1.9804999828338623,0.0
2014-07-15,1.9648330211639404,0.0
2014-07-16,2.0328330993652344,0.0
2014-07-17,1.8758330345153809,0.0
2014-07-18,1.9493329524993896,0.0
2014-07-21,1.9653329849243164,0.0
2014-07-22,2.0028328895568848,0.0
2014-07-23,1.8645000457763672,0.0
2014-07-24,1.817332983016968,0.0
2014-07-25,1.7079999446868896,0.0
2014-07-28,1.7024999856948853,0.0
2014-07-29,1.6946669816970823,0.0
2014-07-30,1.7446670532226562,0.0
2014-07-31,1.6263329982757568,0.0
2014-08-01,1.6506669521331787,0.0
2014-08-04,1.6713329553604126,0.0
2014-08-05,1.621500015258789,0.0
2014-08-06,1.6360000371932983,0.0
2014-08-07,1.5718330144882202,0.0
2014-08-08,1.624500036239624,0.0
2014-08-11,1.6734999418258667,0.0
2014-08-12,1.6671669483184814,0.0
2014-08-13,1.7151670455932615,0.0
2014-08-14,1.7243330478668213,0.0
2014-08-15,1.776332974433899,0.0
2014-08-18,1.799833059310913,0.0
2014-08-19,1.838333010673523,0.0
2014-08-20,1.88349997997284,0.0
2014-08-21,1.9084999561309808,0.0
2014-08-22,1.9126670360565183,0.0
2014-08-25,1.8895000219345093,0.0
2014-08-26,1.891167044639588,0.0
2014-08-27,1.90149998664856,0.0
2014-08-28,1.942167043685913,0.0
2014-08-29,1.963667035102844,0.0
2014-09-02,1.937167048454285,0.0
2014-09-03,1.954167008399964,0.0
2014-09-04,1.9691669940948489,0.0
2014-09-05,2.018666982650757,0.0
2014-09-08,2.0311670303344727,0.0
2014-09-09,1.9773329496383667,0.0
2014-09-10,1.9753329753875728,0.0
2014-09-11,1.9903329610824585,0.0
2014-09-12,1.9133330583572388,0.0
2014-09-15,1.843500018119812,0.0
2014-09-16,1.939167022705078,0.0
2014-09-17,1.9850000143051147,0.0
2014-09-18,2.0703330039978027,0.0
2014-09-19,1.9963330030441284,0.0
2014-09-22,1.923333048820496,0.0
2014-09-23,1.9083329439163208,0.0
2014-09-24,1.9768329858779907,0.0
2014-09-25,1.869832992553711,0.0
2014-09-26,1.93483304977417,0.0
2014-09-29,1.9429999589920044,0.0
2014-09-30,1.8945000171661377,0.0
2014-10-01,1.7563329935073853,0.0
2014-10-02,1.727167010307312,0.0
2014-10-03,1.7533329725265503,0.0
2014-10-06,1.7109999656677246,0.0
2014-10-07,1.6148329973220823,0.0
2014-10-08,1.7213330268859863,0.0
2014-10-09,1.5835000276565552,0.0
2014-10-10,1.2553329467773438,0.0
2014-10-13,1.1741670370101929,0.0
2014-10-14,1.2404999732971191,0.0
2014-10-15,1.2568329572677612,0.0
2014-10-16,1.311332941055298,0.0
2014-10-17,1.3433330059051514,0.0
2014-10-20,1.4068330526351929,0.0
2014-10-21,1.55983304977417,0.0
2014-10-22,1.4950000047683716,0.0
2014-10-23,1.5596669912338257,0.0
2014-10-24,1.6100000143051147,0.0
2014-10-27,1.6265000104904177,0.0
2014-10-28,1.6973329782485962,0.0
2014-10-29,1.7074999809265137,0.0
2014-10-30,1.6498329639434814,0.0
2014-10-31,1.8416670560836792,0.0
2014-11-03,1.8758330345153809,0.0
2014-11-04,1.860167026519776,0.0
2014-11-05,1.914999961853028,0.0
2014-11-06,1.866166949272156,0.0
2014-11-07,1.8113329410552976,0.0
2014-11-10,1.8523329496383667,0.0
2014-11-11,1.8361669778823853,0.0
2014-11-12,1.8328330516815183,0.0
2014-11-13,1.8359999656677248,0.0
2014-11-14,1.8811670541763303,0.0
2014-11-17,1.8568329811096191,0.0
2014-11-18,1.96416699886322,0.0
2014-11-19,1.926332950592041,0.0
2014-11-20,1.9800000190734863,0.0
2014-11-21,2.039499998092652,0.0
2014-11-24,2.102499961853028,0.0
2014-11-25,2.1016669273376465,0.0
2014-11-26,2.23716688156128,0.0
2014-11-28,2.25,0.0
2014-12-01,2.171499967575073,0.0
2014-12-02,2.2128329277038574,0.0
2014-12-03,2.350332975387573,0.0
2014-12-04,2.3605000972747803,0.0
2014-12-05,2.433000087738037,0.0
2014-12-08,2.328166961669922,0.0
2014-12-09,2.3218328952789307,0.0
2014-12-10,2.191833019256592,0.0
2014-12-11,2.2230000495910645,0.0
2014-12-12,2.11299991607666,0.0
2014-12-15,2.052999973297119,0.0
2014-12-16,2.0179998874664307,0.0
2014-12-17,2.14816689491272,0.0
2014-12-18,2.266666889190674,0.0
2014-12-19,2.249000072479248,0.0
2014-12-22,2.3488330841064453,0.0
2014-12-23,2.3355000019073486,8.3e-05
2014-12-24,2.3436670303344727,0.0
2014-12-26,2.352833032608032,0.0
2014-12-29,2.3318328857421875,0.0
2014-12-30,2.291666984558105,0.0
2014-12-31,2.246999979019165,0.0
2015-01-02,2.2471671104431152,0.0
2015-01-05,2.119999885559082,0.0
2015-01-06,1.9756669998168943,0.0
2015-01-07,2.0355000495910645,0.0
2015-01-08,2.2186670303344727,0.0
2015-01-09,2.2241671085357666,0.0
2015-01-12,2.0905001163482666,0.0
2015-01-13,2.0281670093536377,0.0
2015-01-14,1.995666980743408,0.0
2015-01-15,1.9470000267028809,0.0
2015-01-16,2.013499975204468,0.0
2015-01-20,2.07716703414917,0.0
2015-01-21,2.1453330516815186,0.0
2015-01-22,2.185667037963867,0.0
2015-01-23,2.1665000915527344,0.0
2015-01-26,2.189167022705078,0.0
2015-01-27,2.063333034515381,0.0
2015-01-28,2.032500028610229,0.0
2015-01-29,2.038332939147949,0.0
2015-01-30,1.9129999876022337,0.0
2015-02-02,1.930500030517578,0.0
2015-02-03,2.034667015075684,0.0
2015-02-04,2.059000015258789,0.0
2015-02-05,2.115333080291748,0.0
2015-02-06,2.0833330154418945,0.0
2015-02-09,2.015166997909546,0.0
2015-02-10,2.219332933425904,0.0
2015-02-11,2.2416670322418213,0.0
2015-02-12,2.3498330116271973,0.0
2015-02-13,2.399832963943481,0.0
2015-02-17,2.423832893371582,0.0
2015-02-18,2.400000095367432,0.0
2015-02-19,2.421999931335449,0.0
2015-02-20,2.4651670455932617,0.0
2015-02-23,2.416167020797729,0.0
2015-02-24,2.513999938964844,0.0
2015-02-25,2.4718329906463623,0.0
2015-02-26,2.5220000743865967,0.0
2015-02-27,2.503833055496216,0.0
2015-03-02,2.711833000183105,0.0
2015-03-03,2.555166959762573,0.0
2015-03-04,2.5510001182556152,0.0
2015-03-05,2.553333044052124,0.0
2015-03-06,2.476332902908325,0.0
2015-03-09,2.497999906539917,0.0
2015-03-10,2.3570001125335693,0.0
2015-03-11,2.376832962036133,0.0
2015-03-12,2.373832941055298,0.0
2015-03-13,2.42283296585083,0.0
2015-03-16,2.5295000076293945,0.0
2015-03-17,2.4756669998168945,0.0
2015-03-18,2.5299999713897705,0.0
2015-03-19,2.548500061035156,0.0
2015-03-20,2.6603329181671143,0.0
2015-03-23,2.585833072662353,0.0
2015-03-24,2.519666910171509,0.0
2015-03-25,2.174499988555908,0.0
2015-03-26,2.0848329067230225,0.0
2015-03-27,2.25600004196167,0.0
2015-03-30,2.3499999046325684,0.0
2015-03-31,2.267333030700684,0.0
2015-04-01,2.2246670722961426,0.0
2015-04-02,2.2023329734802246,0.0
2015-04-06,2.233833074569702,0.0
2015-04-07,2.239500045776367,0.0
2015-04-08,2.2798330783843994,0.0
2015-04-09,2.368333101272583,0.0
2015-04-10,2.3948330879211426,0.0
2015-04-13,2.3483328819274902,0.0
2015-04-14,2.2798330783843994,0.0
2015-04-15,2.3949999809265137,0.0
2015-04-16,2.364833116531372,0.0
2015-04-17,2.263499975204468,0.0
2015-04-20,2.318833112716675,0.0
2015-04-21,2.369499921798706,0.0
2015-04-22,2.4676671028137207,0.0
2015-04-23,2.3518331050872803,0.0
2015-04-24,2.236833095550537,0.0
2015-04-27,2.260166883468628,0.0
2015-04-28,2.263000011444092,0.0
2015-04-29,2.2249999046325684,0.0
2015-04-30,2.174166917800904,0.0
2015-05-01,2.3436670303344727,0.0
2015-05-04,2.328332901000977,0.0
2015-05-05,2.181166887283325,0.0
2015-05-06,2.1730000972747803,0.0
2015-05-07,2.246166944503784,0.0
2015-05-08,2.310499906539917,0.0
2015-05-11,2.311167001724243,0.0
2015-05-12,2.25583291053772,0.0
2015-05-13,2.2926669120788574,0.0
2015-05-14,2.377332925796509,0.0
2015-05-15,2.388999938964844,0.0
2015-05-18,2.453000068664551,0.0
2015-05-19,2.430666923522949,0.0
2015-05-20,2.44333291053772,0.0
2015-05-21,2.4800000190734863,0.0
2015-05-22,2.497999906539917,0.0
2015-05-26,2.444000005722046,0.0
2015-05-27,2.72933292388916,0.0
2015-05-28,2.736666917800904,0.0
2015-05-29,2.760667085647583,0.0
2015-06-01,2.773333072662353,0.0
2015-06-02,2.675333023071289,0.0
2015-06-03,2.621999979019165,0.0
2015-06-04,2.553333044052124,0.0
2015-06-05,2.557332992553711,0.0
2015-06-08,2.416666984558105,0.0
2015-06-09,2.4040000438690186,0.0
2015-06-10,2.49399995803833,0.0
2015-06-11,2.492666959762573,0.0
2015-06-12,2.42466688156128,0.0
2015-06-15,2.4066669940948486,0.0
2015-06-16,2.431999921798706,0.0
2015-06-17,2.437333106994629,0.0
2015-06-18,2.540667057037353,0.0
2015-06-19,2.5179998874664307,0.0
2015-06-22,2.5653328895568848,0.0
2015-06-23,2.5213329792022705,0.0
2015-06-24,2.446666955947876,0.0
2015-06-25,2.441333055496216,0.0
2015-06-26,2.2633330821990967,0.0
2015-06-29,2.069999933242798,0.0
2015-06-30,2.0946669578552246,0.0
2015-07-01,2.109999895095825,0.0
2015-07-02,2.135999917984009,0.0
2015-07-06,2.0506670475006104,0.0
2015-07-07,2.023333072662353,0.0
2015-07-08,1.875332951545716,0.0
2015-07-09,1.7860000133514404,0.0
2015-07-10,1.8873330354690552,0.0
2015-07-13,1.932667016983032,0.0
2015-07-14,1.999333024024964,0.0
2015-07-15,1.958667039871216,0.0
2015-07-16,1.9713330268859863,0.0
2015-07-17,1.95466697216034,0.0
2015-07-20,1.914667010307312,0.0
2015-07-21,1.919999957084656,0.0
2015-07-22,1.777999997138977,0.0
2015-07-23,1.8559999465942385,0.0
2015-07-24,1.74399995803833,0.0
2015-07-27,1.702666997909546,0.0
2015-07-28,1.808666944503784,0.0
2015-07-29,1.8179999589920044,0.0
2015-07-30,1.838667035102844,0.0
2015-07-31,1.77400004863739,0.0
2015-08-03,1.7566670179367063,0.0
2015-08-04,1.6979999542236328,0.0
2015-08-05,1.7613329887390137,0.0
2015-08-06,1.6693329811096191,0.0
2015-08-07,1.696666955947876,0.0
2015-08-10,1.8240000009536743,0.0
2015-08-11,1.7000000476837158,0.0
2015-08-12,1.7286670207977295,0.0
2015-08-13,1.6759999990463257,0.0
2015-08-14,1.6466670036315918,0.0
2015-08-17,1.6959999799728394,0.0
2015-08-18,1.591333031654358,0.0
2015-08-19,1.546666979789734,0.0
2015-08-20,1.374667048454285,0.0
2015-08-21,1.2773330211639404,0.0
2015-08-24,1.179332971572876,0.0
2015-08-25,1.140666961669922,0.0
2015-08-26,1.309999942779541,0.0
2015-08-27,1.457332968711853,0.0
2015-08-28,1.48533296585083,0.0
2015-08-31,1.46733295917511,0.0
2015-09-01,1.315999984741211,0.0
2015-09-02,1.408666968345642,0.0
2015-09-03,1.4413330554962158,0.0
2015-09-04,1.3646670579910278,0.0
2015-09-08,1.5433330535888672,0.0
2015-09-09,1.462000012397766,0.0
2015-09-10,1.4826669692993164,0.0
2015-09-11,1.4819999933242798,0.0
2015-09-14,1.4966670274734497,0.0
2015-09-15,1.5479999780654907,0.0
2015-09-16,1.5606670379638672,0.0
2015-09-17,1.5186669826507568,0.0
2015-09-18,1.442667007446289,0.0
2015-09-21,1.4279999732971191,0.0
2015-09-22,1.3346669673919678,0.0
2015-09-23,1.3040000200271606,0.0
2015-09-24,1.2986669540405271,0.0
2015-09-25,1.3186670541763306,0.0
2015-09-28,1.2086670398712158,0.0
2015-09-29,1.23533296585083,0.0
2015-09-30,1.373332977294922,0.0
2015-10-01,1.3279999494552612,0.0
2015-10-02,1.4133330583572388,0.0
2015-10-05,1.4919999837875366,0.0
2015-10-06,1.5073330402374268,0.0
2015-10-07,1.5753329992294312,0.0
2015-10-08,1.6046669483184814,0.0
2015-10-09,1.562000036239624,0.0
2015-10-12,1.5686670541763306,0.0
2015-10-13,1.5053329467773438,0.0
2015-10-14,1.675333023071289,0.0
2015-10-15,1.7253329753875732,0.0
2015-10-16,1.7319999933242798,0.0
2015-10-19,1.7313330173492432,0.0
2015-10-20,1.7233330011367798,0.0
2015-10-21,1.7326669692993164,0.0
2015-10-22,1.908666968345642,0.0
2015-10-23,1.9833329916000368,0.0
2015-10-26,1.864667057991028,0.0
2015-10-27,1.825999975204468,0.0
2015-10-28,1.920667052268982,0.0
2015-10-29,1.7519999742507937,0.0
2015-10-30,1.796666979789734,0.0
2015-11-02,1.8420000076293943,0.0
2015-11-03,1.869333028793335,0.0
2015-11-04,1.8893330097198489,0.0
2015-11-05,1.7713329792022705,0.0
2015-11-06,1.9046670198440552,0.0
2015-11-09,1.8506669998168943,0.0
2015-11-10,1.75,0.0
2015-11-11,1.753999948501587,0.0
2015-11-12,1.6893329620361328,0.0
2015-11-13,1.6419999599456787,0.0
2015-11-16,1.703333020210266,0.0
2015-11-17,1.7366670370101929,0.0
2015-11-18,1.787999987602234,0.0
2015-11-19,1.8006670475006104,0.0
2015-11-20,1.8193329572677608,0.0
2015-11-23,1.7466670274734497,0.0
2015-11-24,1.8140000104904173,0.0
2015-11-25,1.8186670541763303,0.0
2015-11-27,1.859333038330078,0.0
2015-11-30,1.9160000085830688,0.0
2015-12-01,1.99066698551178,0.0
2015-12-02,1.9626669883728027,0.0
2015-12-03,1.9259999990463257,0.0
2015-12-04,2.0326669216156006,0.0
2015-12-07,1.974666953086853,0.0
2015-12-08,1.9266669750213623,0.0
2015-12-09,1.850000023841858,0.0
2015-12-10,1.8819999694824217,0.0
2015-12-11,1.7713329792022705,0.0
2015-12-14,1.737333059310913,0.0
2015-12-15,1.817332983016968,0.0
2015-12-16,1.859333038330078,0.0
2015-12-17,1.7773330211639404,0.0
2015-12-18,1.7146669626235962,0.0
2015-12-21,1.809999942779541,0.0
2015-12-22,1.816666960716248,0.0
2015-12-23,1.8559999465942385,0.0
2015-12-24,1.875332951545716,0.0
2015-12-28,1.853332996368408,0.0
2015-12-29,1.920667052268982,0.0
2015-12-30,1.861333012580872,0.0
2015-12-31,1.7846670150756836,0.0
2016-01-04,1.7239999771118164,0.0
2016-01-05,1.670667052268982,0.0
2016-01-06,1.5360000133514404,0.0
2016-01-07,1.3786669969558716,0.0
2016-01-08,1.3106670379638672,0.0
2016-01-11,1.3306670188903809,0.0
2016-01-12,1.3639999628067017,0.0
2016-01-13,1.23466694355011,0.0
2016-01-14,1.3106670379638672,0.0
2016-01-15,1.133999943733215,0.0
2016-01-19,1.1380000114440918,0.0
2016-01-20,1.159999966621399,0.0
2016-01-21,1.2079999446868896,0.0
2016-01-22,1.2786669731140137,0.0
2016-01-25,1.2239999771118164,0.0
2016-01-26,1.2599999904632568,0.0
2016-01-27,1.2153329849243164,0.0
2016-01-28,1.2046669721603394,0.0
2016-01-29,1.3673330545425415,0.0
2016-02-01,1.3880000114440918,0.0
2016-02-02,1.2506669759750366,0.0
2016-02-03,1.2606669664382937,0.0
2016-02-04,1.3226670026779177,0.0
2016-02-05,1.188667058944702,0.0
2016-02-08,1.0966670513153076,0.0
2016-02-09,1.0753329992294312,0.0
2016-02-10,1.0520000457763672,0.0
2016-02-11,1.027999997138977,0.0
2016-02-12,1.0959999561309814,0.0
2016-02-16,1.212000012397766,0.0
2016-02-17,1.2986669540405271,0.0
2016-02-18,1.277999997138977,0.0
2016-02-19,1.2953330278396606,0.0
2016-02-22,1.3566670417785645,0.0
2016-02-23,1.2906670570373535,0.0
2016-02-24,1.3446669578552246,0.0
2016-02-25,1.3966670036315918,0.0
2016-02-26,1.4179999828338623,0.0
2016-02-29,1.4106669425964355,0.0
2016-03-01,1.527999997138977,0.0
2016-03-02,1.5540000200271606,0.0
2016-03-03,1.557332992553711,0.0
2016-03-04,1.6066670417785645,0.0
2016-03-07,1.624667048454285,0.0
2016-03-08,1.5140000581741333,0.0
2016-03-09,1.551332950592041,0.0
2016-03-10,1.5720000267028809,0.0
2016-03-11,1.6653330326080322,0.0
2016-03-14,1.6460000276565552,0.0
2016-03-15,1.636667013168335,0.0
2016-03-16,1.6820000410079956,0.0
2016-03-17,1.7186670303344729,0.0
2016-03-18,1.7873330116271973,0.0
2016-03-21,1.7960000038146973,0.0
2016-03-22,1.7913329601287842,0.0
2016-03-23,1.7193330526351929,0.0
2016-03-24,1.7153329849243164,0.0
2016-03-28,1.713333010673523,0.0
2016-03-29,1.7786669731140137,0.0
2016-03-30,1.8320000171661377,0.0
2016-03-31,1.8006670475006104,0.0
2016-04-01,1.8359999656677248,0.0
2016-04-04,1.7853330373764038,0.0
2016-04-05,1.7533329725265503,0.0
2016-04-06,1.8066669702529907,0.0
2016-04-07,1.722000002861023,0.0
2016-04-08,1.7480000257492063,0.0
2016-04-11,1.745332956314087,0.0
2016-04-12,1.7400000095367432,0.0
2016-04-13,1.858667016029358,0.0
2016-04-14,1.8133330345153809,0.0
2016-04-15,1.76466703414917,0.0
2016-04-18,1.7673330307006836,0.0
2016-04-19,1.7000000476837158,0.0
2016-04-20,1.75,0.0
2016-04-21,1.7193330526351929,0.0
2016-04-22,1.7286670207977295,0.0
2016-04-25,1.6973329782485962,0.0
2016-04-26,1.76533305644989,0.0
2016-04-27,1.8220000267028809,0.0
2016-04-28,1.675333023071289,0.0
2016-04-29,1.546666979789734,0.0
2016-05-02,1.5786670446395874,0.0
2016-05-03,1.5260000228881836,0.0
2016-05-04,1.4713330268859863,0.0
2016-05-05,1.4826669692993164,0.0
2016-05-06,1.4886670112609863,0.0
2016-05-09,1.4819999933242798,0.0
2016-05-10,1.5373330116271973,0.0
2016-05-11,1.523332953453064,0.0
2016-05-12,1.442667007446289,0.0
2016-05-13,1.4600000381469729,0.0
2016-05-16,1.527999997138977,0.0
2016-05-17,1.4980000257492063,0.0
2016-05-18,1.570667028427124,0.0
2016-05-19,1.5399999618530271,0.0
2016-05-20,1.6833330392837524,0.0
2016-05-23,1.7200000286102295,0.0
2016-05-24,1.8446669578552248,0.0
2016-05-25,1.8773330450057983,0.0
2016-05-26,1.8960000276565552,0.0
2016-05-27,1.9306670427322388,0.0
2016-05-31,1.962000012397766,0.0
2016-06-01,1.996000051498413,0.0
2016-06-02,1.994667053222656,0.0
2016-06-03,2.0133330821990967,0.0
2016-06-06,1.9980000257492063,0.0
2016-06-07,2.0566670894622803,0.0
2016-06-08,2.051332950592041,0.0
2016-06-09,2.059333086013794,0.0
2016-06-10,1.955999970436096,0.0
2016-06-13,1.929332971572876,0.0
2016-06-14,1.924000024795532,0.0
2016-06-15,1.9246670007705688,0.0
2016-06-16,1.922667026519776,0.0
2016-06-17,1.874667048454285,0.0
2016-06-20,1.937999963760376,0.0
2016-06-21,1.9579999446868896,0.0
2016-06-22,1.9493329524993896,0.0
2016-06-23,2.101332902908325,0.0
2016-06-24,1.7466670274734497,0.0
2016-06-27,1.5386669635772705,0.0
2016-06-28,1.6619999408721924,0.0
2016-06-29,1.7619999647140503,0.0
2016-06-30,1.8580000400543213,0.0
2016-07-01,1.7979999780654907,0.0
2016-07-05,1.707332968711853,0.0
2016-07-06,1.7146669626235962,0.0
2016-07-07,1.7773330211639404,0.0
2016-07-08,1.9266669750213623,0.0
2016-07-11,1.9900000095367432,0.0
2016-07-12,2.0713329315185547,0.0
2016-07-13,2.076667070388794,0.0
2016-07-14,2.121999979019165,0.0
2016-07-15,2.117332935333252,0.0
2016-07-18,2.2126669883728027,0.0
2016-07-19,2.186666965484619,0.0
2016-07-20,2.2920000553131104,0.0
2016-07-21,2.24399995803833,0.0
2016-07-22,2.2793331146240234,0.0
2016-07-25,2.315999984741211,0.0
2016-07-26,2.5986669063568115,0.0
2016-07-27,2.582667112350464,0.0
2016-07-28,2.5420000553131104,0.0
2016-07-29,2.50333309173584,0.0
2016-08-01,2.516666889190674,0.0
2016-08-02,2.3959999084472656,0.0
2016-08-03,2.4126670360565186,0.0
2016-08-04,2.475332975387573,0.0
2016-08-05,2.569999933242798,0.0
2016-08-08,2.559333086013794,0.0
2016-08-09,2.625333070755005,0.0
2016-08-10,2.564666986465454,0.0
2016-08-11,2.601332902908325,0.0
2016-08-12,2.634666919708252,0.0
2016-08-15,2.74399995803833,0.0
2016-08-16,2.685333013534546,0.0
2016-08-17,2.684000015258789,0.0
2016-08-18,2.743333101272583,0.0
2016-08-19,2.814666986465454,0.0
2016-08-22,2.818000078201294,0.0
2016-08-23,2.863332986831665,0.0
2016-08-24,2.7893331050872803,0.0
2016-08-25,2.8233330249786377,0.0
2016-08-26,2.8626670837402344,0.0
2016-08-29,2.8919999599456787,0.0
2016-08-30,2.8666670322418213,0.0
2016-08-31,2.868666887283325,0.0
2016-09-01,2.944000005722046,0.0
2016-09-02,2.927999973297119,0.0
2016-09-06,2.9033329486846924,0.0
2016-09-07,2.8393330574035645,0.0
2016-09-08,2.826667070388794,0.0
2016-09-09,2.5153329372406006,0.0
2016-09-12,2.66599988937378,0.0
2016-09-13,2.5886669158935547,0.0
2016-09-14,2.6626670360565186,0.0
2016-09-15,2.846667051315308,0.0
2016-09-16,2.8480000495910645,0.0
2016-09-19,2.861999988555908,0.0
2016-09-20,2.825999975204468,0.0
2016-09-21,2.936666965484619,0.0
2016-09-22,2.970666885375977,0.0
2016-09-23,2.875999927520752,0.0
2016-09-26,2.7866671085357666,0.0
2016-09-27,2.936666965484619,0.0
2016-09-28,2.9560000896453857,0.0
2016-09-29,3.064666986465454,0.0
2016-09-30,3.2073330879211426,0.0
2016-10-03,3.140666961669922,0.0
2016-10-04,3.1166670322418213,0.0
2016-10-05,3.189332962036133,0.0
2016-10-06,3.244667053222656,0.0
2016-10-07,3.2260000705718994,0.0
2016-10-10,3.177999973297119,0.0
2016-10-11,2.97933292388916,0.0
2016-10-12,2.946000099182129,0.0
2016-10-13,2.8393330574035645,0.0
2016-10-14,2.908667087554932,0.0
2016-10-17,2.859333038330078,0.0
2016-10-18,2.96399998664856,0.0
2016-10-19,2.9200000762939453,0.0
2016-10-20,2.9826669692993164,0.0
2016-10-21,2.958667039871216,0.0
2016-10-24,3.123332977294922,0.0
2016-10-25,3.115999937057495,0.0
2016-10-26,3.0980000495910645,0.0
2016-10-27,3.0566670894622803,0.0
2016-10-28,3.003999948501587,0.0
2016-10-31,3.051332950592041,0.0
2016-11-01,2.9653329849243164,0.0
2016-11-02,2.9059998989105225,0.0
2016-11-03,2.886667013168335,0.0
2016-11-04,2.8359999656677246,0.0
2016-11-07,3.0813329219818115,0.0
2016-11-08,3.101332902908325,0.0
2016-11-09,3.052000045776367,0.0
2016-11-10,2.860666990280152,0.0
2016-11-11,3.183332920074463,0.0
2016-11-14,3.130000114440918,0.0
2016-11-15,3.310667037963867,0.0
2016-11-16,3.425333023071289,0.0
2016-11-17,3.5373330116271973,0.0
2016-11-18,3.609999895095825,0.0
2016-11-21,3.6579999923706055,0.0
2016-11-22,3.804666996002197,0.0
2016-11-23,3.819999933242798,0.0
2016-11-25,3.8359999656677246,0.0
2016-11-28,3.803999900817871,0.0
2016-11-29,3.7820000648498535,0.0
2016-11-30,3.71399998664856,0.0
2016-12-01,3.1646668910980225,0.0
2016-12-02,3.2873330116271973,0.0
2016-12-05,3.40733289718628,0.0
2016-12-06,3.548666954040528,0.0
2016-12-07,3.7733330726623535,0.0
2016-12-08,3.869999885559082,0.0
2016-12-09,3.821332931518554,0.0
2016-12-12,3.7346670627594,0.0
2016-12-13,3.860666990280152,0.0
2016-12-14,3.8519999980926514,0.0
2016-12-15,4.054666996002197,0.0
2016-12-16,3.922667026519776,0.0
2016-12-19,4.044666767120361,0.0
2016-12-20,3.9686670303344727,0.184267
2016-12-21,3.9686670303344727,0.0
2016-12-22,4.03266716003418,0.0
2016-12-23,4.092667102813721,0.0
2016-12-27,4.242000102996826,0.0
2016-12-28,3.995332956314087,0.0
2016-12-29,3.994667053222656,0.0
2016-12-30,3.80666708946228,0.0
2017-01-03,3.812666893005371,0.0
2017-01-04,3.8473329544067374,0.0
2017-01-05,3.7413330078125,0.0
2017-01-06,3.831332921981812,0.0
2017-01-09,3.954667091369629,0.0
2017-01-10,4.01466703414917,0.0
2017-01-11,4.052667140960693,0.0
2017-01-12,3.947999954223633,0.0
2017-01-13,4.022666931152344,0.0
2017-01-17,3.829333066940308,0.0
2017-01-18,3.989332914352417,0.0
2017-01-19,3.9346671104431152,0.0
2017-01-20,4.0873332023620605,0.0
2017-01-23,4.006667137145996,0.0
2017-01-24,4.244667053222656,0.0
2017-01-25,4.431333065032959,0.0
2017-01-26,4.354000091552734,0.0
2017-01-27,4.519332885742188,0.0
2017-01-30,4.447332859039307,0.0
2017-01-31,4.27400016784668,0.0
2017-02-01,4.477333068847656,0.0
2017-02-02,4.466000080108643,0.0
2017-02-03,4.543333053588867,0.0
2017-02-06,4.590666770935059,0.0
2017-02-07,4.641333103179932,0.0
2017-02-08,4.664000034332275,0.0
2017-02-09,4.541999816894531,0.0
2017-02-10,4.531332969665527,0.0
2017-02-13,4.563333034515381,0.0
2017-02-14,4.51533317565918,0.0
2017-02-15,4.627999782562256,0.0
2017-02-16,4.64533281326294,0.0
2017-02-17,4.71999979019165,0.0
2017-02-21,4.922667026519775,0.0
2017-02-22,4.923333168029785,0.0
2017-02-23,4.678667068481445,0.0
2017-02-24,4.670667171478272,0.0
2017-02-27,4.805333137512207,0.0
2017-02-28,4.619332790374756,0.0
2017-03-01,4.835999965667725,0.0
2017-03-02,4.685999870300293,0.0
2017-03-03,4.677332878112793,0.0
2017-03-06,4.684667110443115,0.0
2017-03-07,4.71733283996582,0.0
2017-03-08,4.751999855041504,0.0
2017-03-09,4.774666786193848,0.0
2017-03-10,4.939332962036133,0.0
2017-03-13,5.053999900817871,0.0
2017-03-14,5.007332801818848,0.0
2017-03-15,5.128666877746582,0.0
2017-03-16,5.108666896820068,0.0
2017-03-17,5.136666774749756,0.0
2017-03-20,5.251333236694336,0.0
2017-03-21,4.886000156402588,0.0
2017-03-22,5.041999816894531,0.0
2017-03-23,5.00333309173584,0.0
2017-03-24,5.108666896820068,0.0
2017-03-27,5.135333061218262,0.0
2017-03-28,5.186666965484619,0.0
2017-03-29,5.143332958221436,0.0
2017-03-30,5.231332778930664,0.0
2017-03-31,5.221333026885986,0.0
2017-04-03,5.130667209625244,0.0
2017-04-04,5.052000045776367,0.0
2017-04-05,4.942667007446289,0.0
2017-04-06,4.96133279800415,0.0
2017-04-07,5.027332782745361,0.0
2017-04-10,4.910666942596436,0.0
2017-04-11,4.791333198547363,0.0
2017-04-12,4.53866720199585,0.0
2017-04-13,4.451333045959473,0.0
2017-04-17,4.625332832336426,0.0
2017-04-18,4.680666923522949,0.0
2017-04-19,4.757332801818848,0.0
2017-04-20,4.98533296585083,0.0
2017-04-21,4.915332794189453,0.0
2017-04-24,5.126667022705078,0.0
2017-04-25,5.286666870117188,0.0
2017-04-26,5.150667190551758,0.0
2017-04-27,5.369999885559082,0.0
2017-04-28,5.0960001945495605,0.0
2017-05-01,5.244667053222656,0.0
2017-05-02,5.076000213623047,0.0
2017-05-03,5.131999969482422,0.0
2017-05-04,5.119332790374756,0.0
2017-05-05,5.173999786376953,0.0
2017-05-08,5.116666793823242,0.0
2017-05-09,5.271999835968018,0.0
2017-05-10,5.605999946594238,0.0
2017-05-11,5.66266679763794,0.0
2017-05-12,5.714000225067139,0.0
2017-05-15,5.97599983215332,0.0
2017-05-16,6.242667198181152,0.0
2017-05-17,5.423333168029785,0.0
2017-05-18,5.734000205993652,0.0
2017-05-19,5.922667026519775,0.0
2017-05-22,6.111999988555908,0.0
2017-05-23,6.041333198547363,0.0
2017-05-24,6.15399980545044,0.0
2017-05-25,6.257332801818848,0.0
2017-05-26,6.332666873931885,0.0
2017-05-30,6.459332942962647,0.0
2017-05-31,6.457333087921143,0.0
2017-06-01,6.47333288192749,0.0
2017-06-02,6.665999889373779,0.0
2017-06-05,6.723999977111816,0.0
2017-06-06,6.7906670570373535,0.0
2017-06-07,6.949999809265137,0.0
2017-06-08,7.314000129699707,0.0
2017-06-09,6.392000198364258,0.0
2017-06-12,6.284667015075684,0.0
2017-06-13,6.406000137329102,0.0
2017-06-14,6.199333190917969,0.0
2017-06-15,6.050000190734863,0.0
2017-06-16,5.980000019073486,0.0
2017-06-19,6.320666790008545,0.0
2017-06-20,6.1106672286987305,0.0
2017-06-21,6.318666934967041,0.0
2017-06-22,6.27133321762085,0.0
2017-06-23,6.3293328285217285,0.0
2017-06-26,6.171999931335449,0.0
2017-06-27,5.673333168029785,0.0
2017-06-28,5.9633331298828125,0.0
2017-06-29,5.515999794006348,0.0
2017-06-30,5.433332920074463,0.0
2017-07-03,5.199999809265137,0.0
2017-07-05,5.53000020980835,0.0
2017-07-06,5.456666946411133,0.0
2017-07-07,5.724667072296143,0.0
2017-07-10,5.929999828338623,0.0
2017-07-11,6.069333076477051,0.0
2017-07-12,6.358666896820068,0.0
2017-07-13,6.305333137512207,0.0
2017-07-14,6.557332992553711,0.0
2017-07-17,6.47333288192749,0.0
2017-07-18,6.533999919891357,0.0
2017-07-19,6.709332942962647,0.0
2017-07-20,6.767333030700684,0.0
2017-07-21,6.593999862670898,0.0
2017-07-24,6.529333114624023,0.0
2017-07-25,6.525332927703857,0.0
2017-07-26,6.71999979019165,0.0
2017-07-27,6.4166669845581055,0.0
2017-07-28,6.354000091552734,0.0
2017-07-31,6.21133279800415,0.0
2017-08-01,6.315332889556885,0.0
2017-08-02,6.180666923522949,0.0
2017-08-03,6.107333183288574,0.0
2017-08-04,6.113999843597412,0.0
2017-08-07,6.432000160217285,0.0
2017-08-08,6.364666938781738,0.0
2017-08-09,6.302000045776367,0.0
2017-08-10,5.776000022888184,0.0
2017-08-11,5.871333122253418,0.0
2017-08-14,6.326000213623047,0.0
2017-08-15,6.372666835784912,0.0
2017-08-16,6.401332855224609,0.0
2017-08-17,5.891333103179932,0.0
2017-08-18,5.945333003997803,0.0
2017-08-21,5.817999839782715,0.0
2017-08-22,6.093999862670898,0.0
2017-08-23,6.174666881561279,0.0
2017-08-24,6.167333126068115,0.0
2017-08-25,6.075333118438721,0.0
2017-08-28,6.122666835784912,0.0
2017-08-29,6.165999889373779,0.0
2017-08-30,6.480000019073486,0.0
2017-08-31,6.670000076293945,0.0
2017-09-01,6.757332801818848,0.0
2017-09-05,6.471333026885986,0.0
2017-09-06,6.510000228881836,0.0
2017-09-07,6.539999961853027,0.0
2017-09-08,6.297999858856201,0.0
2017-09-11,6.667333126068115,0.0
2017-09-12,6.756667137145996,0.0
2017-09-13,6.783999919891357,0.0
2017-09-14,6.878666877746582,0.0
2017-09-15,7.227333068847656,0.0
2017-09-18,7.513999938964844,0.0
2017-09-19,7.592000007629394,0.0
2017-09-20,7.271999835968018,0.0
2017-09-21,7.183332920074463,0.0
2017-09-22,7.285999774932861,0.0
2017-09-25,6.861999988555908,0.0
2017-09-26,6.849999904632568,0.0
2017-09-27,7.329999923706055,0.0
2017-09-28,7.494667053222656,0.0
2017-09-29,7.684000015258789,0.0
2017-10-02,7.817333221435547,0.0
2017-10-03,7.894667148590088,0.0
2017-10-04,7.946667194366455,0.0
2017-10-05,7.9633331298828125,0.0
2017-10-06,8.066666603088379,0.0
2017-10-09,8.235333442687988,0.0
2017-10-10,8.395333290100098,0.0
2017-10-11,8.5600004196167,0.0
2017-10-12,8.473333358764648,0.0
2017-10-13,8.640000343322754,0.0
2017-10-16,8.763999938964844,0.0
2017-10-17,8.744667053222656,0.0
2017-10-18,8.830666542053223,0.0
2017-10-19,8.75333309173584,0.0
2017-10-20,8.879332542419434,0.0
2017-10-23,9.022000312805176,0.0
2017-10-24,9.206000328063965,0.0
2017-10-25,8.846667289733887,0.0
2017-10-26,9.005332946777344,0.0
2017-10-27,9.557332992553713,0.0
2017-10-30,9.647333145141602,0.0
2017-10-31,9.86400032043457,0.0
2017-11-01,9.772000312805176,0.0
2017-11-02,9.90133285522461,0.0
2017-11-03,10.429332733154297,0.0
2017-11-06,10.873332977294922,0.0
2017-11-07,10.84333324432373,0.0
2017-11-08,10.952667236328123,0.0
2017-11-09,10.28600025177002,0.0
2017-11-10,10.481332778930664,0.0
2017-11-13,10.56666660308838,0.0
2017-11-14,10.53733253479004,0.0
2017-11-15,10.258000373840332,0.0
2017-11-16,10.720000267028809,0.0
2017-11-17,10.57800006866455,0.0
2017-11-20,10.951333045959473,0.0
2017-11-21,11.343999862670898,0.0
2017-11-22,11.12266731262207,0.0
2017-11-24,11.420000076293944,0.0
2017-11-27,10.989999771118164,0.0
2017-11-28,10.979999542236328,0.0
2017-11-29,9.536666870117188,0.0
2017-11-30,9.713333129882812,0.0
2017-12-01,9.380666732788086,0.0
2017-12-04,8.699999809265137,0.0
2017-12-05,8.711333274841309,0.0
2017-12-06,8.799332618713379,0.0
2017-12-07,9.05666732788086,0.0
2017-12-08,8.916666984558105,0.0
2017-12-11,9.071999549865724,0.0
2017-12-12,8.800000190734863,0.0
2017-12-13,8.798666954040527,0.0
2017-12-14,8.778667449951172,0.0
2017-12-15,9.169333457946776,0.0
2017-12-18,9.78733253479004,0.0
2017-12-19,9.744000434875488,0.008067
2017-12-20,9.947999954223633,0.0
2017-12-21,9.62600040435791,0.0
2017-12-22,9.600666999816896,0.0
2017-12-26,9.32333278656006,0.0
2017-12-27,9.417332649230955,0.0
2017-12-28,9.477333068847656,0.0
2017-12-29,9.19333267211914,0.0
2018-01-02,9.951333045959473,0.0
2018-01-03,10.446666717529297,0.0
2018-01-04,10.630000114440918,0.0
2018-01-05,10.821999549865724,0.0
2018-01-08,11.065333366394045,0.0
2018-01-09,10.747332572937012,0.0
2018-01-10,10.350000381469728,0.0
2018-01-11,10.533332824707031,0.0
2018-01-12,10.696666717529297,0.0
2018-01-16,10.81133270263672,0.0
2018-01-17,11.7413330078125,0.0
2018-01-18,11.908666610717772,0.0
2018-01-19,11.940667152404783,0.0
2018-01-22,12.21733283996582,0.0
2018-01-23,12.494667053222656,0.0
2018-01-24,11.63466739654541,0.0
2018-01-25,11.029333114624023,0.0
2018-01-26,12.075332641601562,0.0
2018-01-29,12.036666870117188,0.0
2018-01-30,11.303999900817873,0.0
2018-01-31,11.593999862670898,0.0
2018-02-01,11.422666549682615,0.0
2018-02-02,10.468667030334473,0.0
2018-02-05,9.067999839782717,0.0
2018-02-06,10.0,0.0
2018-02-07,9.334667205810549,0.0
2018-02-08,8.153332710266113,0.0
2018-02-09,8.895999908447266,0.0
2018-02-12,9.36533260345459,0.0
2018-02-13,9.351332664489746,0.0
2018-02-14,9.97933292388916,0.0
2018-02-15,10.347999572753906,0.0
2018-02-16,10.230667114257812,0.0
2018-02-20,10.760666847229004,0.0
2018-02-21,10.395999908447266,0.0
2018-02-22,10.3186674118042,0.0
2018-02-23,10.988666534423828,0.0
2018-02-26,11.687999725341797,0.0
2018-02-27,11.579999923706056,0.0
2018-02-28,11.261333465576172,0.0
2018-03-01,10.718000411987305,0.0
2018-03-02,11.272000312805176,0.0
2018-03-05,11.579333305358888,0.0
2018-03-06,12.102666854858398,0.0
2018-03-07,12.197999954223633,0.0
2018-03-08,12.25,0.0
2018-03-09,13.013333320617676,0.0
2018-03-12,13.41866683959961,0.0
2018-03-13,12.791999816894531,0.0
2018-03-14,12.786666870117188,0.0
2018-03-15,12.749333381652832,0.0
2018-03-16,12.739333152770996,0.0
2018-03-19,12.001333236694336,0.0
2018-03-20,12.281999588012695,0.0
2018-03-21,12.36533260345459,0.0
2018-03-22,11.350000381469728,0.0
2018-03-23,10.214667320251465,0.0
2018-03-26,11.499333381652832,0.0
2018-03-27,10.21733283996582,0.0
2018-03-28,9.56933307647705,0.0
2018-03-29,10.187999725341797,0.0
2018-04-02,9.008000373840332,0.0
2018-04-03,9.52400016784668,0.0
2018-04-04,9.887332916259766,0.0
2018-04-05,9.583333015441896,0.0
2018-04-06,8.708666801452637,0.0
2018-04-09,8.868000030517578,0.0
2018-04-10,9.720666885375977,0.0
2018-04-11,9.724666595458984,0.0
2018-04-12,10.278667449951172,0.0
2018-04-13,10.03733253479004,0.0
2018-04-16,10.10200023651123,0.0
2018-04-17,10.67133331298828,0.0
2018-04-18,10.34066677093506,0.0
2018-04-19,9.005332946777344,0.0
2018-04-20,8.682000160217285,0.0
2018-04-23,8.332667350769043,0.0
2018-04-24,8.130000114440918,0.0
2018-04-25,8.101332664489746,0.0
2018-04-26,8.595999717712402,0.0
2018-04-27,8.406000137329102,0.0
2018-04-30,8.12733268737793,0.0
2018-05-01,8.529333114624023,0.0
2018-05-02,8.411999702453613,0.0
2018-05-03,8.564000129699707,0.0
2018-05-04,9.1813325881958,0.0
2018-05-07,9.432666778564451,0.0
2018-05-08,9.633333206176758,0.0
2018-05-09,10.04933261871338,0.0
2018-05-10,10.586000442504885,0.0
2018-05-11,10.333333015441896,0.0
2018-05-14,10.739999771118164,0.0
2018-05-15,10.359999656677246,0.0
2018-05-16,10.777999877929688,0.0
2018-05-17,10.652000427246094,0.0
2018-05-18,10.20400047302246,0.0
2018-05-21,10.522666931152344,0.0
2018-05-22,10.699999809265137,0.0
2018-05-23,10.871333122253418,0.0
2018-05-24,10.984000205993652,0.0
2018-05-25,11.254667282104492,0.0
2018-05-29,11.03933334350586,0.0
2018-05-30,11.258000373840332,0.0
2018-05-31,11.013999938964844,0.0
2018-06-01,11.751999855041504,0.0
2018-06-04,12.03933334350586,0.0
2018-06-05,12.199333190917969,0.0
2018-06-06,12.434666633605955,0.0
2018-06-07,12.104666709899902,0.0
2018-06-08,11.785332679748535,0.0
2018-06-11,11.697999954223633,0.0
2018-06-12,11.87733268737793,0.0
2018-06-13,11.83666706085205,0.0
2018-06-14,12.03933334350586,0.0
2018-06-15,12.015999794006348,0.0
2018-06-18,11.646666526794434,0.0
2018-06-19,11.239333152770996,0.0234
2018-06-20,11.416000366210938,0.0
2018-06-21,10.98799991607666,0.0
2018-06-22,10.733332633972168,0.0
2018-06-25,9.785332679748535,0.0
2018-06-26,9.887999534606934,0.0
2018-06-27,9.160667419433594,0.0
2018-06-28,9.392000198364258,0.0
2018-06-29,9.43333339691162,0.0
2018-07-02,9.607333183288574,0.0
2018-07-03,9.064000129699709,0.0
2018-07-05,9.797332763671877,0.0
2018-07-06,10.167332649230955,0.0
2018-07-09,10.357333183288574,0.0
2018-07-10,10.6813325881958,0.0
2018-07-11,9.85200023651123,0.0
2018-07-12,10.063332557678224,0.0
2018-07-13,9.934666633605955,0.0
2018-07-16,9.894000053405762,0.0
2018-07-17,10.332667350769045,0.0
2018-07-18,10.555999755859377,0.0
2018-07-19,10.478667259216309,0.0
2018-07-20,10.325332641601562,0.0
2018-07-23,10.368666648864746,0.0
2018-07-24,10.034000396728516,0.0
2018-07-25,10.191332817077637,0.0
2018-07-26,10.745332717895508,0.0
2018-07-27,10.59066677093506,0.0
2018-07-30,10.28933334350586,0.0
2018-07-31,10.481332778930664,0.0
2018-08-01,10.423999786376951,0.0
2018-08-02,10.747332572937012,0.0
2018-08-03,10.800000190734863,0.0
2018-08-06,10.994667053222656,0.0
2018-08-07,11.263999938964844,0.0
2018-08-08,11.350000381469728,0.0
2018-08-09,10.998666763305664,0.0
2018-08-10,10.170000076293944,0.0
2018-08-13,10.210000038146973,0.0
2018-08-14,10.179332733154297,0.0
2018-08-15,9.760000228881836,0.0
2018-08-16,9.69200038909912,0.0
2018-08-17,9.470666885375977,0.0
2018-08-20,9.4486665725708,0.0
2018-08-21,10.008000373840332,0.0
2018-08-22,10.13933277130127,0.0
2018-08-23,10.173999786376951,0.0
2018-08-24,10.611332893371582,0.0
2018-08-27,11.108667373657228,0.0
2018-08-28,11.237333297729492,0.0
2018-08-29,11.330666542053224,0.0
2018-08-30,11.01200008392334,0.0
2018-08-31,11.199999809265137,0.0
2018-09-04,11.457332611083984,0.0
2018-09-05,11.292667388916016,0.0
2018-09-06,10.386667251586914,0.0
2018-09-07,10.260666847229004,0.0
2018-09-10,10.595333099365234,0.0
2018-09-11,10.278667449951172,0.0
2018-09-12,9.925999641418455,0.0
2018-09-13,10.275333404541016,0.0
2018-09-14,10.608667373657228,0.0
2018-09-17,10.133333206176758,0.0
2018-09-18,10.41800022125244,0.0
2018-09-19,10.477333068847656,0.0
2018-09-20,10.838000297546388,0.0
2018-09-21,10.740667343139648,0.0
2018-09-24,10.854666709899902,0.0
2018-09-25,10.284667015075684,0.030133
2018-09-26,9.994667053222656,0.0
2018-09-27,10.12399959564209,0.0
2018-09-28,10.307332992553713,0.0
2018-10-01,10.393333435058594,0.0
2018-10-02,10.40999984741211,0.0
2018-10-03,10.427332878112791,0.0
2018-10-04,9.866666793823242,0.0
2018-10-05,9.170000076293944,0.0
2018-10-08,8.844667434692383,0.0
2018-10-09,8.837332725524902,0.0
2018-10-10,7.664667129516602,0.0
2018-10-11,7.420667171478271,0.0
2018-10-12,7.834000110626221,0.0
2018-10-15,7.624667167663574,0.0
2018-10-16,8.371333122253418,0.0
2018-10-17,8.26533317565918,0.0
2018-10-18,7.646667003631592,0.0
2018-10-19,7.285999774932861,0.0
2018-10-22,7.427999973297119,0.0
2018-10-23,7.308667182922363,0.0
2018-10-24,5.863333225250244,0.0
2018-10-25,6.26200008392334,0.0
2018-10-26,5.928667068481445,0.0
2018-10-29,5.754000186920166,0.0
2018-10-30,6.46999979019165,0.0
2018-10-31,6.702667236328125,0.0
2018-11-01,7.625332832336426,0.0
2018-11-02,7.283332824707031,0.0
2018-11-05,7.0960001945495605,0.0
2018-11-06,7.353332996368408,0.0
2018-11-07,7.617332935333252,0.0
2018-11-08,7.517333030700684,0.0
2018-11-09,7.0980000495910645,0.0
2018-11-12,6.168000221252441,0.0
2018-11-13,6.395999908447266,0.0
2018-11-14,6.470666885375977,0.0
2018-11-15,7.125332832336426,0.0
2018-11-16,6.870666980743408,0.0
2018-11-19,6.071332931518555,0.0
2018-11-20,6.099999904632568,0.0
2018-11-21,6.172667026519775,0.0
2018-11-23,6.170000076293945,0.0
2018-11-26,6.518667221069336,0.0
2018-11-27,6.560667037963867,0.0
2018-11-28,7.011332988739014,0.0
2018-11-29,6.844666957855225,0.0
2018-11-30,7.125999927520752,0.0
2018-12-03,7.702000141143799,0.0
2018-12-04,6.578667163848877,0.0
2018-12-06,6.470666885375977,0.0
2018-12-07,5.745999813079834,0.0
2018-12-10,5.989333152770996,0.0
2018-12-11,6.095333099365234,0.0
2018-12-12,6.365333080291748,0.0
2018-12-13,6.294666767120361,0.0
2018-12-14,6.026000022888184,0.0
2018-12-17,5.800000190734863,0.0
2018-12-18,6.029333114624023,0.0
2018-12-19,5.267333030700684,0.0
2018-12-20,5.132667064666748,0.0
2018-12-21,4.897333145141602,0.0
2018-12-24,4.4720001220703125,0.0
2018-12-26,5.24066686630249,0.0
2018-12-27,5.338666915893555,0.018867
2018-12-28,5.451333045959473,0.0
2018-12-31,5.554666996002197,0.0
2019-01-02,5.702000141143799,0.0
2019-01-03,4.688666820526123,0.0
2019-01-04,5.294666767120361,0.0
2019-01-07,5.605332851409912,0.0
2019-01-08,5.519332885742188,0.0
2019-01-09,5.946000099182129,0.0
2019-01-10,6.113333225250244,0.0
2019-01-11,6.283999919891357,0.0
2019-01-14,5.986667156219482,0.0
2019-01-15,6.026000022888184,0.0
2019-01-16,5.878666877746582,0.0
2019-01-17,6.081999778747559,0.0
2019-01-18,6.499332904815674,0.0
2019-01-22,5.952667236328125,0.0
2019-01-23,5.828667163848877,0.0
2019-01-24,6.825333118438721,0.0
2019-01-25,7.261332988739014,0.0
2019-01-28,6.818666934967041,0.0
2019-01-29,6.52400016784668,0.0
2019-01-30,7.090000152587891,0.0
2019-01-31,7.095333099365234,0.0
2019-02-01,7.343332767486572,0.0
2019-02-04,7.453999996185303,0.0
2019-02-05,7.558000087738037,0.0
2019-02-06,8.165332794189453,0.0
2019-02-07,7.619999885559082,0.0
2019-02-08,7.588666915893555,0.0
2019-02-11,7.697332859039307,0.0
2019-02-12,8.182666778564453,0.0
2019-02-13,8.253999710083008,0.0
2019-02-14,8.3186674118042,0.0
2019-02-15,8.453332901000977,0.0
2019-02-19,8.398667335510254,0.0
2019-02-20,8.630000114440918,0.0
2019-02-21,8.4399995803833,0.0
2019-02-22,8.703332901000977,0.0
2019-02-25,8.92199993133545,0.0
2019-02-26,8.737333297729492,0.0
2019-02-27,8.428667068481445,0.0
2019-02-28,8.449333190917969,0.0
2019-03-01,8.670000076293945,0.0
2019-03-04,8.673999786376953,0.0
2019-03-05,8.550000190734863,0.0
2019-03-06,8.131999969482422,0.0
2019-03-07,7.855332851409912,0.0
2019-03-08,7.842667102813721,0.0
2019-03-11,8.402000427246094,0.0
2019-03-12,8.5,0.0
2019-03-13,8.604000091552734,0.0
2019-03-14,8.457332611083984,0.0
2019-03-15,9.185999870300291,0.0
2019-03-18,9.12600040435791,0.0
2019-03-19,9.478667259216309,0.0162
2019-03-20,9.208666801452637,0.0
2019-03-21,10.16333293914795,0.0
2019-03-22,9.298666954040527,0.0
2019-03-25,8.944000244140625,0.0
2019-03-26,9.215999603271484,0.0
2019-03-27,8.812000274658203,0.0
2019-03-28,8.765999794006348,0.0
2019-03-29,9.169333457946776,0.0
2019-04-01,9.844667434692385,0.0
2019-04-02,9.87600040435791,0.0
2019-04-03,10.548666954040527,0.0
2019-04-04,10.588666915893556,0.0
2019-04-05,10.830666542053224,0.0
2019-04-08,10.908666610717772,0.0
2019-04-09,10.540666580200195,0.0
2019-04-10,10.81133270263672,0.0
2019-04-11,10.784667015075684,0.0
2019-04-12,11.233332633972168,0.0
2019-04-15,10.994000434875488,0.0
2019-04-16,12.041333198547363,0.0
2019-04-17,12.589332580566406,0.0
2019-04-18,12.613332748413086,0.0
2019-04-22,12.618666648864746,0.0
2019-04-23,12.997332572937012,0.0
2019-04-24,13.37399959564209,0.0
2019-04-25,12.645999908447266,0.0
2019-04-26,12.329333305358888,0.0
2019-04-29,12.264666557312012,0.0
2019-04-30,12.536666870117188,0.0
2019-05-01,12.22933292388916,0.0
2019-05-02,12.636667251586914,0.0
2019-05-03,12.890000343322754,0.0
2019-05-06,12.256667137145996,0.0
2019-05-07,11.362000465393066,0.0
2019-05-08,11.089332580566406,0.0
2019-05-09,10.694666862487791,0.0
2019-05-10,10.72599983215332,0.0
2019-05-13,9.211999893188477,0.0
2019-05-14,9.871333122253418,0.0
2019-05-15,10.113332748413086,0.0
2019-05-16,9.600000381469728,0.0
2019-05-17,9.03266716003418,0.0
2019-05-20,7.949999809265137,0.0
2019-05-21,8.449999809265137,0.0
2019-05-22,7.921332836151123,0.0
2019-05-23,7.52066707611084,0.0
2019-05-24,7.325333118438721,0.0
2019-05-28,7.125999927520752,0.0
2019-05-29,7.222667217254639,0.0
2019-05-30,7.387332916259766,0.0
2019-05-31,7.066667079925537,0.0
2019-06-03,7.134666919708252,0.0
2019-06-04,8.039999961853027,0.0
2019-06-05,7.880000114440918,0.0
2019-06-06,8.207332611083984,0.0
2019-06-07,8.464667320251465,0.0
2019-06-10,9.124667167663574,0.0
2019-06-11,9.19333267211914,0.0
2019-06-12,8.54466724395752,0.0
2019-06-13,8.706666946411133,0.0
2019-06-14,8.016667366027832,0.0
2019-06-17,7.855332851409912,0.0
2019-06-18,8.880000114440918,0.0
2019-06-19,8.897333145141602,0.0
2019-06-20,9.144000053405762,0.0
2019-06-21,8.95533275604248,0.0
2019-06-24,9.014666557312012,0.0
2019-06-25,8.619333267211914,0.012933
2019-06-26,9.429332733154297,0.0
2019-06-27,9.845333099365234,0.0
2019-06-28,9.88599967956543,0.0
2019-07-01,10.685999870300291,0.0
2019-07-02,10.23799991607666,0.0
2019-07-03,10.07866668701172,0.0
2019-07-05,9.91800022125244,0.0
2019-07-08,9.678000450134276,0.0
2019-07-09,9.90133285522461,0.0
2019-07-10,10.109333038330078,0.0
2019-07-11,10.185999870300291,0.0
2019-07-12,10.767999649047852,0.0
2019-07-15,11.018667221069336,0.0
2019-07-16,10.661999702453612,0.0
2019-07-17,10.751333236694336,0.0
2019-07-18,11.244000434875488,0.0
2019-07-19,11.169333457946776,0.0
2019-07-22,11.82333278656006,0.0
2019-07-23,12.273332595825195,0.0
2019-07-24,13.392000198364258,0.0
2019-07-25,12.71266746520996,0.0
2019-07-26,12.703332901000977,0.0
2019-07-29,12.8013334274292,0.0
2019-07-30,12.714667320251465,0.0
2019-07-31,11.486666679382324,0.0
2019-08-01,10.797332763671877,0.0
2019-08-02,10.291333198547363,0.0
2019-08-05,8.946666717529297,0.0
2019-08-06,9.305999755859377,0.0
2019-08-07,9.501999855041504,0.0
2019-08-08,10.278667449951172,0.0
2019-08-09,9.70400047302246,0.0
2019-08-12,9.355999946594238,0.0
2019-08-13,10.182000160217283,0.0
2019-08-14,9.227333068847656,0.0
2019-08-15,9.15133285522461,0.0
2019-08-16,9.899999618530272,0.0
2019-08-19,10.468667030334473,0.0
2019-08-20,10.302666664123535,0.0
2019-08-21,10.594667434692385,0.0
2019-08-22,10.583333015441896,0.0
2019-08-23,9.211999893188477,0.0
2019-08-26,9.4399995803833,0.0
2019-08-27,9.341333389282228,0.0
2019-08-28,9.512666702270508,0.0
2019-08-29,10.15666675567627,0.0
2019-08-30,10.329999923706056,0.0
2019-09-03,9.792667388916016,0.0
2019-09-04,10.59333324432373,0.0
2019-09-05,11.582667350769045,0.0
2019-09-06,11.629332542419434,0.0
2019-09-09,11.792667388916016,0.0
2019-09-10,11.947999954223633,0.0
2019-09-11,12.483332633972168,0.0
2019-09-12,12.59333324432373,0.0
2019-09-13,12.47933292388916,0.0
2019-09-16,12.225333213806152,0.0
2019-09-17,12.33666706085205,0.0
2019-09-18,12.36066722869873,0.0
2019-09-19,12.172666549682615,0.0
2019-09-20,11.494000434875488,0.0
2019-09-23,11.845333099365234,0.0
2019-09-24,11.251999855041504,0.020867
2019-09-25,11.827333450317385,0.0
2019-09-26,11.864666938781738,0.0
2019-09-27,11.0,0.0
2019-09-30,11.347999572753906,0.0
2019-10-01,11.03733253479004,0.0
2019-10-02,10.516667366027832,0.0
2019-10-03,11.054667472839355,0.0
2019-10-04,11.654000282287598,0.0
2019-10-07,11.388667106628418,0.0
2019-10-08,10.341333389282228,0.0
2019-10-09,10.862667083740234,0.0
2019-10-10,11.178667068481444,0.0
2019-10-11,11.929332733154297,0.0
2019-10-14,11.927332878112791,0.0
2019-10-15,12.709333419799805,0.0
2019-10-16,12.15666675567627,0.0
2019-10-17,12.284000396728516,0.0
2019-10-18,11.87399959564209,0.0
2019-10-21,12.54933261871338,0.0
2019-10-22,12.255999565124512,0.0
2019-10-23,11.543333053588867,0.0
2019-10-24,12.380666732788086,0.0
2019-10-25,13.142666816711426,0.0
2019-10-28,13.83199977874756,0.0
2019-10-29,13.469332695007324,0.0
2019-10-30,13.471332550048828,0.0
2019-10-31,13.218000411987305,0.0
2019-11-01,14.129332542419434,0.0
2019-11-04,15.054667472839355,0.0
2019-11-05,15.141332626342772,0.0
2019-11-06,14.800000190734863,0.0
2019-11-07,15.09066677093506,0.0
2019-11-08,15.33133316040039,0.0
2019-11-11,15.08199977874756,0.0
2019-11-12,15.215332984924316,0.0
2019-11-13,15.206666946411133,0.0
2019-11-14,15.08133316040039,0.0
2019-11-15,15.473333358764648,0.0
2019-11-18,15.379332542419434,0.0
2019-11-19,15.141332626342772,0.0
2019-11-20,14.620667457580566,0.0
2019-11-21,14.121333122253418,0.0
2019-11-22,14.11400032043457,0.0
2019-11-25,15.140666961669922,0.0
2019-11-26,14.935999870300291,0.0
2019-11-27,15.255999565124512,0.0
2019-11-29,14.762666702270508,0.0
2019-12-02,14.113332748413086,0.0
2019-12-03,13.468000411987305,0.0
2019-12-04,14.100666999816896,0.0
2019-12-05,14.270000457763672,0.0
2019-12-06,14.93333339691162,0.0
2019-12-09,14.6813325881958,0.0
2019-12-10,14.844667434692385,0.0
2019-12-11,15.817999839782717,0.0
2019-12-12,17.101333618164062,0.0
2019-12-13,16.81999969482422,0.0
2019-12-16,17.297332763671875,0.0
2019-12-17,17.524667739868164,0.0
2019-12-18,17.499332427978516,0.0
2019-12-19,17.910667419433594,0.0
2019-12-20,18.48600006103516,0.0
2019-12-23,18.591333389282227,0.0192
2019-12-24,18.72933387756348,0.0
2019-12-26,18.799999237060547,0.0
2019-12-27,18.59066772460937,0.0
2019-12-30,18.19933319091797,0.0
2019-12-31,18.321332931518555,0.0
2020-01-02,19.464000701904297,0.0
2020-01-03,18.41266632080078,0.0
2020-01-06,17.82866668701172,0.0
2020-01-07,18.74799919128418,0.0
2020-01-08,18.78933334350586,0.0
2020-01-09,19.11400032043457,0.0
2020-01-10,18.72333335876465,0.0
2020-01-13,19.457332611083984,0.0
2020-01-14,19.582666397094727,0.0
2020-01-15,18.87666702270508,0.0
2020-01-16,19.82266616821289,0.0
2020-01-17,20.207332611083984,0.0
2020-01-21,20.170000076293945,0.0
2020-01-22,20.65133285522461,0.0
2020-01-23,21.12266731262207,0.0
2020-01-24,20.408666610717773,0.0
2020-01-27,18.041332244873047,0.0
2020-01-28,19.332666397094727,0.0
2020-01-29,18.26666641235352,0.0
2020-01-30,18.19866752624512,0.0
2020-01-31,16.24066734313965,0.0
2020-02-03,16.860666275024414,0.0
2020-02-04,18.433332443237305,0.0
2020-02-05,19.63999938964844,0.0
2020-02-06,19.652666091918945,0.0
2020-02-07,18.266000747680664,0.0
2020-02-10,19.09333229064941,0.0
2020-02-11,20.23933219909668,0.0
2020-02-12,21.1286678314209,0.0
2020-02-13,21.17533302307129,0.0
2020-02-14,21.03933334350586,0.0
2020-02-18,20.165332794189453,0.0
2020-02-19,21.73200035095215,0.0
2020-02-20,20.76066780090332,0.0
2020-02-21,18.89666748046875,0.0
2020-02-24,16.200666427612305,0.0
2020-02-25,14.71266746520996,0.0
2020-02-26,14.836000442504885,0.0
2020-02-27,12.741999626159668,0.0
2020-02-28,13.666666984558104,0.0
2020-03-02,15.020000457763672,0.0
2020-03-03,13.499333381652832,0.0
2020-03-04,15.475333213806152,0.0
2020-03-05,14.087332725524902,0.0
2020-03-06,13.240667343139648,0.0
2020-03-09,9.88599967956543,0.0
2020-03-10,11.773332595825195,0.0
2020-03-11,9.776000022888184,0.0
2020-03-12,6.802667140960693,0.0
2020-03-13,8.661333084106445,0.0
2020-03-16,5.318666934967041,0.0
2020-03-17,5.847332954406738,0.0
2020-03-18,4.333333015441895,0.0
2020-03-19,4.662000179290772,0.0
2020-03-20,4.263332843780518,0.0
2020-03-23,4.659999847412109,0.0
2020-03-24,6.249332904815674,0.005267
2020-03-25,6.004666805267334,0.0
2020-03-26,7.205333232879639,0.0
2020-03-27,6.0960001945495605,0.0
2020-03-30,6.751999855041504,0.0
2020-03-31,6.315999984741211,0.0
2020-04-01,5.294000148773193,0.0
2020-04-02,5.778666973114014,0.0
2020-04-03,5.435332775115967,0.0
2020-04-06,7.102666854858398,0.0
2020-04-07,7.013332843780518,0.0
2020-04-08,7.716000080108643,0.0
2020-04-09,7.210000038146973,0.0
2020-04-13,7.46999979019165,0.0
2020-04-14,8.461999893188477,0.0
2020-04-15,7.775332927703857,0.0
2020-04-16,8.347332954406738,0.0
2020-04-17,8.564000129699707,0.0
2020-04-20,8.011333465576172,0.0
2020-04-21,6.886000156402588,0.0
2020-04-22,8.03933334350586,0.0
2020-04-23,7.835332870483398,0.0
2020-04-24,8.333999633789062,0.0
2020-04-27,8.670666694641113,0.0
2020-04-28,8.535332679748535,0.0
2020-04-29,9.760000228881836,0.0
2020-04-30,8.734000205993652,0.0
2020-05-01,7.406667232513428,0.0
2020-05-04,7.614666938781738,0.0
2020-05-05,8.000666618347168,0.0
2020-05-06,8.277999877929688,0.0
2020-05-07,8.52066707611084,0.0
2020-05-08,9.26533317565918,0.0
2020-05-11,9.239999771118164,0.0
2020-05-12,8.456666946411133,0.0
2020-05-13,8.001333236694336,0.0
2020-05-14,8.640666961669922,0.0
2020-05-15,8.099332809448242,0.0
2020-05-18,9.232666969299316,0.0
2020-05-19,9.121999740600586,0.0
2020-05-20,10.15933322906494,0.0
2020-05-21,9.369999885559082,0.0
2020-05-22,9.505999565124512,0.0
2020-05-26,9.800666809082031,0.0
2020-05-27,10.219332695007324,0.0
2020-05-28,9.548666954040527,0.0
2020-05-29,10.27400016784668,0.0
2020-06-01,10.146666526794434,0.0
2020-06-02,10.800000190734863,0.0
2020-06-03,11.74666690826416,0.0
2020-06-04,12.055999755859377,0.0
2020-06-05,12.934000015258787,0.0
2020-06-08,12.85533332824707,0.0
2020-06-09,12.87733268737793,0.0
2020-06-10,12.996000289916992,0.0
2020-06-11,10.515999794006348,0.0
2020-06-12,10.95199966430664,0.0
2020-06-15,11.432666778564451,0.0
2020-06-16,12.038666725158691,0.0
2020-06-17,12.371999740600586,0.0
2020-06-18,12.314666748046877,0.0
2020-06-19,12.06666660308838,0.0
2020-06-22,12.38933277130127,0.0
2020-06-23,12.4913330078125,0.006267
2020-06-24,11.652000427246094,0.0
2020-06-25,11.93866729736328,0.0
2020-06-26,11.223999977111816,0.0
2020-06-29,11.609999656677246,0.0
2020-06-30,12.547332763671877,0.0
2020-07-01,12.022666931152344,0.0
2020-07-02,12.470000267028809,0.0
2020-07-06,13.470000267028809,0.0
2020-07-07,12.972000122070312,0.0
2020-07-08,13.5086669921875,0.0
2020-07-09,14.04599952697754,0.0
2020-07-10,13.906000137329102,0.0
2020-07-13,13.211999893188477,0.0
2020-07-14,13.911999702453612,0.0
2020-07-15,13.772666931152344,0.0
2020-07-16,13.604666709899902,0.0
2020-07-17,13.856666564941406,0.0
2020-07-20,14.71066665649414,0.0
2020-07-21,14.399333000183104,0.0
2020-07-22,14.571999549865724,0.0
2020-07-23,13.893333435058594,0.0
2020-07-24,13.231332778930664,0.0
2020-07-27,14.48466682434082,0.0
2020-07-28,13.628000259399414,0.0
2020-07-29,14.510666847229004,0.0
2020-07-30,15.359999656677246,0.0
2020-07-31,15.100666999816896,0.0
2020-08-03,15.999333381652832,0.0
2020-08-04,16.68666648864746,0.0
2020-08-05,16.65399932861328,0.0
2020-08-06,16.593332290649414,0.0
2020-08-07,16.029333114624023,0.0
2020-08-10,16.03933334350586,0.0
2020-08-11,15.508000373840332,0.0
2020-08-12,17.06999969482422,0.0
2020-08-13,16.511333465576172,0.0
2020-08-14,16.453332901000977,0.0
2020-08-17,17.076000213623047,0.0
2020-08-18,16.79400062561035,0.0
2020-08-19,16.468000411987305,0.0
2020-08-20,16.03933334350586,0.0
2020-08-21,16.392667770385742,0.0
2020-08-24,16.84600067138672,0.0
2020-08-25,17.3886661529541,0.0
2020-08-26,17.584667205810547,0.0
2020-08-27,16.89933204650879,0.0
2020-08-28,17.856666564941406,0.0
2020-08-31,17.80666732788086,0.0
2020-09-01,18.80933380126953,0.0
2020-09-02,20.49666786193848,0.0
2020-09-03,16.998666763305664,0.0
2020-09-04,16.527332305908203,0.0
2020-09-08,14.173999786376951,0.0
2020-09-09,15.345999717712402,0.0
2020-09-10,14.708666801452637,0.0
2020-09-11,14.657333374023438,0.0
2020-09-14,15.583999633789062,0.0
2020-09-15,16.385332107543945,0.0
2020-09-16,15.892000198364258,0.0
2020-09-17,15.81933307647705,0.0
2020-09-18,15.08199977874756,0.0
2020-09-21,15.009332656860352,0.0
2020-09-22,15.553333282470703,0.0
2020-09-23,14.395333290100098,0.0
2020-09-24,14.815999984741213,0.0
2020-09-25,15.45533275604248,0.0
2020-09-28,16.71733283996582,0.0
2020-09-29,16.856666564941406,0.0
2020-09-30,16.87933349609375,0.0
2020-10-01,17.92733383178711,0.0
2020-10-02,16.32933235168457,0.0
2020-10-05,17.92333221435547,0.0
2020-10-06,17.617332458496094,0.0
2020-10-07,18.68000030517578,0.0
2020-10-08,19.32866668701172,0.0
2020-10-09,20.34266662597656,0.0
2020-10-12,21.22599983215332,0.0
2020-10-13,21.200666427612305,0.0
2020-10-14,20.86466789245605,0.0
2020-10-15,20.700000762939453,0.0
2020-10-16,20.40466690063477,0.0
2020-10-19,20.076000213623047,0.0
2020-10-20,20.011999130249023,0.0
2020-10-21,19.589332580566406,0.0
2020-10-22,19.65800094604492,0.0
2020-10-23,19.3700008392334,0.0
2020-10-26,18.132667541503903,0.0
2020-10-27,17.94533348083496,0.0
2020-10-28,16.159332275390625,0.0
2020-10-29,17.445999145507812,0.0
2020-10-30,16.59666633605957,0.0
2020-11-02,16.86400032043457,0.0
2020-11-03,17.867332458496094,0.0
2020-11-04,19.739999771118164,0.0
2020-11-05,22.34333229064941,0.0
2020-11-06,23.49266624450684,0.0
2020-11-09,22.595333099365234,0.0
2020-11-10,20.56333351135254,0.0
2020-11-11,22.804000854492188,0.0
2020-11-12,21.92133331298828,0.0
2020-11-13,22.73466682434082,0.0
2020-11-16,24.411333084106445,0.0
2020-11-17,23.81666755676269,0.0
2020-11-18,23.31133270263672,0.0
2020-11-19,24.3933334350586,0.0
2020-11-20,23.997333526611328,0.0
2020-11-23,25.08333206176757,0.0
2020-11-24,25.488666534423828,0.0
2020-11-25,25.215999603271484,0.0
2020-11-27,26.083999633789062,0.0
2020-11-30,27.064666748046875,0.0
2020-12-01,28.500667572021484,0.0
2020-12-02,28.71733283996582,0.0
2020-12-03,28.76066780090332,0.0
2020-12-04,31.15466690063477,0.0
2020-12-07,31.562000274658203,0.0
2020-12-08,31.959999084472656,0.0
2020-12-09,29.226667404174805,0.0
2020-12-10,29.170000076293945,0.0
2020-12-11,28.163333892822266,0.0
2020-12-14,29.224000930786133,0.0
2020-12-15,30.44266700744629,0.0
2020-12-16,30.375333786010746,0.0
2020-12-17,30.538000106811523,0.0
2020-12-18,30.139333724975582,0.0
2020-12-21,29.54599952697754,0.0
2020-12-22,29.433332443237305,0.0034
2020-12-23,28.82200050354004,0.0
2020-12-24,29.65399932861328,0.0
2020-12-28,29.485332489013672,0.0
2020-12-29,29.2586669921875,0.0
2020-12-30,30.771333694458008,0.0
2020-12-31,31.09866714477539,0.0
2021-01-04,30.66933250427246,0.0
2021-01-05,32.44599914550781,0.0
2021-01-06,32.207332611083984,0.0
2021-01-07,35.75666809082031,0.0
2021-01-08,35.78666687011719,0.0
2021-01-11,37.09000015258789,0.0
2021-01-12,37.81866836547852,0.0
2021-01-13,37.91933441162109,0.0
2021-01-14,40.38666534423828,0.0
2021-01-15,37.82400131225586,0.0
2021-01-19,41.66666793823242,0.0
2021-01-20,41.319332122802734,0.0
2021-01-21,43.158668518066406,0.0
2021-01-22,40.790000915527344,0.0
2021-01-25,40.96533203125,0.0
2021-01-26,39.05533218383789,0.0
2021-01-27,33.14400100708008,0.0
2021-01-28,35.13399887084961,0.0
2021-01-29,33.400665283203125,0.0
2021-02-01,37.34799957275391,0.0
2021-02-02,39.04800033569336,0.0
2021-02-03,36.63266754150391,0.0
2021-02-04,37.53799819946289,0.0
2021-02-05,36.7226676940918,0.0
2021-02-08,40.133331298828125,0.0
2021-02-09,39.62200164794922,0.0
2021-02-10,39.99666595458984,0.0
2021-02-11,44.16466522216797,0.0
2021-02-12,45.77199935913086,0.0
2021-02-16,46.58200073242188,0.0
2021-02-17,44.01066589355469,0.0
2021-02-18,42.685333251953125,0.0
2021-02-19,45.79866790771485,0.0
2021-02-22,40.80666732788086,0.0
2021-02-23,39.97866821289063,0.0
2021-02-24,43.74533462524414,0.0
2021-02-25,36.21866607666016,0.0
2021-02-26,38.71066665649414,0.0
2021-03-01,42.55799865722656,0.0
2021-03-02,38.54999923706055,0.0
2021-03-03,35.0099983215332,0.0
2021-03-04,29.979999542236328,0.0
2021-03-05,32.75,0.0
2021-03-08,27.520000457763672,0.0
2021-03-09,32.45000076293945,0.0
2021-03-10,30.71999931335449,0.0
2021-03-11,34.470001220703125,0.0
2021-03-12,33.41999816894531,0.0
2021-03-15,35.56999969482422,0.0
2021-03-16,36.97999954223633,0.0
2021-03-17,38.41999816894531,0.0
2021-03-18,33.709999084472656,0.0
2021-03-19,34.75,0.0
2021-03-22,37.0,0.0
2021-03-23,34.029998779296875,0.016
2021-03-24,32.59000015258789,0.0
2021-03-25,32.810001373291016,0.0
2021-03-26,37.68999862670898,0.0
2021-03-29,35.790000915527344,0.0
2021-03-30,35.52000045776367,0.0
2021-03-31,38.209999084472656,0.0
2021-04-01,42.40999984741211,0.0
2021-04-05,45.0,0.0
2021-04-06,43.380001068115234,0.0
2021-04-07,43.380001068115234,0.0
2021-04-08,44.790000915527344,0.0
2021-04-09,44.47999954223633,0.0
2021-04-12,43.09000015258789,0.0
2021-04-13,42.68999862670898,0.0
2021-04-14,41.27000045776367,0.0
2021-04-15,43.470001220703125,0.0
2021-04-16,42.75,0.0
2021-04-19,39.59999847412109,0.0
2021-04-20,37.709999084472656,0.0
2021-04-21,40.75,0.0
2021-04-22,37.97999954223633,0.0
2021-04-23,40.150001525878906,0.0
2021-04-26,42.209999084472656,0.0
2021-04-27,41.34000015258789,0.0
2021-04-28,39.41999816894531,0.0
2021-04-29,40.310001373291016,0.0
2021-04-30,36.900001525878906,0.0
2021-05-03,35.61000061035156,0.0
2021-05-04,33.970001220703125,0.0
2021-05-05,34.54999923706055,0.0
2021-05-06,35.400001525878906,0.0
2021-05-07,36.93000030517578,0.0
2021-05-10,31.93000030517578,0.0
2021-05-11,32.11000061035156,0.0
2021-05-12,28.1299991607666,0.0
2021-05-13,29.32999992370605,0.0
2021-05-14,31.93000030517578,0.0
2021-05-17,31.100000381469727,0.0
2021-05-18,30.290000915527344,0.0
2021-05-19,32.04999923706055,0.0
2021-05-20,34.63999938964844,0.0
2021-05-21,34.13999938964844,0.0
2021-05-24,36.52999877929688,0.0
2021-05-25,36.93999862670898,0.0
2021-05-26,37.18000030517578,0.0
2021-05-27,37.86000061035156,0.0
2021-05-28,38.77999877929688,0.0
2021-06-01,38.34000015258789,0.0
2021-06-02,39.18999862670898,0.0
2021-06-03,37.119998931884766,0.0
2021-06-04,39.7400016784668,0.0
2021-06-07,38.90999984741211,0.0
2021-06-08,38.16999816894531,0.0
2021-06-09,37.70000076293945,0.0
2021-06-10,39.040000915527344,0.0
2021-06-11,39.4900016784668,0.0
2021-06-14,41.16999816894531,0.0
2021-06-15,40.040000915527344,0.0
2021-06-16,39.18000030517578,0.0
2021-06-17,40.310001373291016,0.0
2021-06-18,37.31999969482422,0.0
2021-06-21,38.119998931884766,0.0
2021-06-22,38.59999847412109,0.0
2021-06-23,39.04999923706055,0.0
2021-06-24,41.08000183105469,0.0
2021-06-25,40.65999984741211,0.0
2021-06-28,43.650001525878906,0.0
2021-06-29,44.63999938964844,0.0
2021-06-30,44.540000915527344,0.0
2021-07-01,42.56999969482422,0.0
2021-07-02,43.31999969482422,0.0
2021-07-06,43.040000915527344,0.0
2021-07-07,41.2400016784668,0.0
2021-07-08,39.77999877929688,0.0
2021-07-09,41.77000045776367,0.0
2021-07-12,43.33000183105469,0.0
2021-07-13,42.619998931884766,0.0
2021-07-14,42.15999984741211,0.0
2021-07-15,39.41999816894531,0.0
2021-07-16,36.7599983215332,0.0
2021-07-19,36.84000015258789,0.0
2021-07-20,38.34000015258789,0.0
2021-07-21,41.84999847412109,0.0
2021-07-22,40.7400016784668,0.0
2021-07-23,41.54999923706055,0.0
2021-07-26,41.45000076293945,0.0
2021-07-27,39.150001525878906,0.0
2021-07-28,41.18000030517578,0.0
2021-07-29,43.45000076293945,0.0
2021-07-30,44.38999938964844,0.0
2021-08-02,45.209999084472656,0.0
2021-08-03,45.970001220703125,0.0
2021-08-04,47.61000061035156,0.0
2021-08-05,47.16999816894531,0.0
2021-08-06,46.630001068115234,0.0
2021-08-09,46.150001525878906,0.0
2021-08-10,44.45000076293945,0.0
2021-08-11,44.16999816894531,0.0
2021-08-12,42.619998931884766,0.0
2021-08-13,43.47999954223633,0.0
2021-08-16,43.0099983215332,0.0
2021-08-17,40.459999084472656,0.0
2021-08-18,38.65999984741211,0.0
2021-08-19,39.630001068115234,0.0
2021-08-20,40.43000030517578,0.0
2021-08-23,43.68999862670898,0.0
2021-08-24,43.72999954223633,0.0
2021-08-25,44.77999877929688,0.0
2021-08-26,44.68000030517578,0.0
2021-08-27,47.29999923706055,0.0
2021-08-30,47.7400016784668,0.0
2021-08-31,46.54999923706055,0.0
2021-09-01,45.959999084472656,0.0
2021-09-02,46.29999923706055,0.0
2021-09-03,47.2400016784668,0.0
2021-09-07,46.77000045776367,0.0
2021-09-08,44.95000076293945,0.0
2021-09-09,45.54999923706055,0.0
2021-09-10,46.59000015258789,0.0
2021-09-13,47.869998931884766,0.0
2021-09-14,47.869998931884766,0.0
2021-09-15,48.59000015258789,0.0
2021-09-16,49.06999969482422,0.0
2021-09-17,46.75,0.0
2021-09-20,43.29999923706055,0.0
2021-09-21,43.59999847412109,0.0
2021-09-22,46.2599983215332,0.0
2021-09-23,48.09999847412109,0.0
2021-09-24,47.95000076293945,0.0
2021-09-27,47.68999862670898,0.0
2021-09-28,42.22999954223633,0.0
2021-09-29,40.119998931884766,0.0
2021-09-30,40.040000915527344,0.0
2021-10-01,40.06999969482422,0.0
2021-10-04,37.02000045776367,0.0
2021-10-05,38.650001525878906,0.0
2021-10-06,39.060001373291016,0.0
2021-10-07,40.38999938964844,0.0
2021-10-08,39.33000183105469,0.0
2021-10-11,38.380001068115234,0.0
2021-10-12,37.04999923706055,0.0
2021-10-13,37.650001525878906,0.0
2021-10-14,41.04999923706055,0.0
2021-10-15,41.84000015258789,0.0
2021-10-18,42.86000061035156,0.0
2021-10-19,44.43000030517578,0.0
2021-10-20,44.20000076293945,0.0
2021-10-21,45.59000015258789,0.0
2021-10-22,44.04999923706055,0.0
2021-10-25,45.060001373291016,0.0
2021-10-26,44.959999084472656,0.0
2021-10-27,44.09000015258789,0.0
2021-10-28,47.0,0.0
2021-10-29,47.650001525878906,0.0
2021-11-01,49.959999084472656,0.0
2021-11-02,51.81999969482422,0.0
2021-11-03,53.66999816894531,0.0
2021-11-04,59.08000183105469,0.0
2021-11-05,60.90999984741211,0.0
2021-11-08,63.540000915527344,0.0
2021-11-09,63.400001525878906,0.0
2021-11-10,57.95000076293945,0.0
2021-11-11,61.63999938964844,0.0
2021-11-12,63.34999847412109,0.0
2021-11-15,63.20000076293945,0.0
2021-11-16,66.1500015258789,0.0
2021-11-17,64.5199966430664,0.0
2021-11-18,67.9800033569336,0.0
2021-11-19,68.61000061035156,0.0
2021-11-22,65.43000030517578,0.0
2021-11-23,64.73999786376953,0.0
2021-11-24,66.87999725341797,0.0
2021-11-26,61.369998931884766,0.0
2021-11-29,68.41000366210938,0.0
2021-11-30,64.66999816894531,0.0
2021-12-01,63.15999984741211,0.0
2021-12-02,63.25,0.0
2021-12-03,62.93000030517578,0.0
2021-12-06,62.59999847412109,0.0
2021-12-07,71.98999786376953,0.0
2021-12-08,70.69000244140625,0.0
2021-12-09,65.9000015258789,0.0
2021-12-10,67.5999984741211,0.0
2021-12-13,62.34000015258789,0.0
2021-12-14,61.52000045776367,0.0
2021-12-15,68.12000274658203,0.0
2021-12-16,59.22999954223633,0.0
2021-12-17,58.959999084472656,0.0
2021-12-20,57.54999923706055,0.0
2021-12-21,63.5,0.014
2021-12-22,65.37999725341797,0.0
2021-12-23,67.41000366210938,0.0
2021-12-27,72.98999786376953,0.0
2021-12-28,70.5199966430664,0.0
2021-12-29,71.0,0.0
2021-12-30,68.36000061035156,0.0
2021-12-31,68.01000213623047,0.0
2022-01-03,72.0999984741211,0.0
2022-01-04,71.06999969482422,0.0
2022-01-05,64.01000213623047,0.0
2022-01-06,65.54000091552734,0.0
2022-01-07,59.7400016784668,0.0
2022-01-10,60.0,0.0
2022-01-11,63.290000915527344,0.0
2022-01-12,64.58000183105469,0.0
2022-01-13,60.20000076293945,0.0
2022-01-14,64.4800033569336,0.0
2022-01-18,55.97999954223633,0.0
2022-01-19,50.81999969482422,0.0
2022-01-20,45.9900016784668,0.0
2022-01-21,43.709999084472656,0.0
2022-01-24,45.45000076293945,0.0
2022-01-25,40.18999862670898,0.0
2022-01-26,42.119998931884766,0.0
2022-01-27,36.36000061035156,0.0
2022-01-28,38.40999984741211,0.0
2022-01-31,44.58000183105469,0.0
2022-02-01,45.90999984741211,0.0
2022-02-02,49.34000015258789,0.0
2022-02-03,42.630001068115234,0.0
2022-02-04,43.459999084472656,0.0
2022-02-07,43.40999984741211,0.0
2022-02-08,46.59999847412109,0.0
2022-02-09,51.02000045776367,0.0
2022-02-10,46.41999816894531,0.0
2022-02-11,39.540000915527344,0.0
2022-02-14,39.59000015258789,0.0
2022-02-15,46.0099983215332,0.0
2022-02-16,46.09999847412109,0.0
2022-02-17,40.869998931884766,0.0
2022-02-18,39.630001068115234,0.0
2022-02-22,38.61000061035156,0.0
2022-02-23,35.90999984741211,0.0
2022-02-24,39.93999862670898,0.0
2022-02-25,41.77999877929688,0.0
2022-02-28,41.0099983215332,0.0
2022-03-01,36.58000183105469,0.0
2022-03-02,40.119998931884766,0.0
2022-03-03,37.54999923706055,0.0
2022-03-04,34.77000045776367,0.0
2022-03-07,29.57999992370605,0.0
2022-03-08,31.15999984741211,0.0
2022-03-09,34.93000030517578,0.0
2022-03-10,32.75,0.0
2022-03-11,30.690000534057617,0.0
2022-03-14,27.90999984741211,0.0
2022-03-15,31.51000022888184,0.0
2022-03-16,36.29999923706055,0.0
2022-03-17,36.95000076293945,0.0
2022-03-18,39.16999816894531,0.0
2022-03-21,39.0,0.0
2022-03-22,39.59000015258789,0.007
2022-03-23,36.68999862670898,0.0
2022-03-24,42.09000015258789,0.0
2022-03-25,42.0099983215332,0.0
2022-03-28,42.709999084472656,0.0
2022-03-29,45.58000183105469,0.0
2022-03-30,41.34999847412109,0.0
2022-03-31,38.77999877929688,0.0
2022-04-01,36.290000915527344,0.0
2022-04-04,37.959999084472656,0.0
2022-04-05,32.880001068115234,0.0
2022-04-06,30.51000022888184,0.0
2022-04-07,30.51000022888184,0.0
2022-04-08,28.290000915527344,0.0
2022-04-11,26.489999771118164,0.0
2022-04-12,26.239999771118164,0.0
2022-04-13,28.030000686645508,0.0
2022-04-14,25.61000061035156,0.0
2022-04-18,26.979999542236328,0.0
2022-04-19,28.75,0.0
2022-04-20,28.5,0.0
2022-04-21,26.209999084472656,0.0
2022-04-22,24.450000762939453,0.0
2022-04-25,25.670000076293945,0.0
2022-04-26,22.43000030517578,0.0
2022-04-27,21.950000762939453,0.0
2022-04-28,25.57999992370605,0.0
2022-04-29,22.239999771118164,0.0
2022-05-02,24.5,0.0
2022-05-03,25.11000061035156,0.0
2022-05-04,28.020000457763672,0.0
2022-05-05,23.989999771118164,0.0
2022-05-06,23.350000381469727,0.0
2022-05-09,19.71999931335449,0.0
2022-05-10,21.09000015258789,0.0
2022-05-11,19.14999961853028,0.0
2022-05-12,19.40999984741211,0.0
2022-05-13,22.489999771118164,0.0
2022-05-16,21.3700008392334,0.0
2022-05-17,24.57999992370605,0.0
2022-05-18,20.850000381469727,0.0
2022-05-19,20.51000022888184,0.0
2022-05-20,20.36000061035156,0.0
2022-05-23,20.6299991607666,0.0
2022-05-24,19.100000381469727,0.0
2022-05-25,20.190000534057617,0.0
2022-05-26,22.540000915527344,0.0
2022-05-27,25.26000022888184,0.0
2022-05-31,24.86000061035156,0.0
2022-06-01,23.709999084472656,0.0
2022-06-02,26.200000762939453,0.0
2022-06-03,23.93000030517578,0.0
2022-06-06,23.90999984741211,0.0
2022-06-07,24.600000381469727,0.0
2022-06-08,22.90999984741211,0.0
2022-06-09,21.09000015258789,0.0
2022-06-10,18.809999465942383,0.0
2022-06-13,15.550000190734863,0.0
2022-06-14,15.760000228881836,0.0
2022-06-15,16.610000610351562,0.0
2022-06-16,13.56999969482422,0.0
2022-06-17,13.699999809265137,0.0
2022-06-21,14.800000190734863,0.0
2022-06-22,14.289999961853027,0.019
2022-06-23,14.010000228881836,0.0
2022-06-24,15.8100004196167,0.0
2022-06-27,15.800000190734863,0.0
2022-06-28,14.5600004196167,0.0
2022-06-29,13.550000190734863,0.0
2022-06-30,13.100000381469728,0.0
2022-07-01,11.600000381469728,0.0
2022-07-05,11.850000381469728,0.0
2022-07-06,12.09000015258789,0.0
2022-07-07,13.710000038146973,0.0
2022-07-08,13.90999984741211,0.0
2022-07-11,12.90999984741211,0.0
2022-07-12,12.970000267028809,0.0
2022-07-13,13.289999961853027,0.0
2022-07-14,14.06999969482422,0.0
2022-07-15,15.109999656677246,0.0
2022-07-18,14.920000076293944,0.0
2022-07-19,16.950000762939453,0.0
2022-07-20,18.200000762939453,0.0
2022-07-21,19.100000381469727,0.0
2022-07-22,17.649999618530273,0.0
2022-07-25,17.299999237060547,0.0
2022-07-26,16.43000030517578,0.0
2022-07-27,18.729999542236328,0.0
2022-07-28,19.3700008392334,0.0
2022-07-29,19.82999992370605,0.0
2022-08-01,20.01000022888184,0.0
2022-08-02,19.920000076293945,0.0
2022-08-03,21.549999237060547,0.0
2022-08-04,22.06999969482422,0.0
2022-08-05,21.559999465942383,0.0
2022-08-08,20.540000915527344,0.0
2022-08-09,17.690000534057617,0.0
2022-08-10,19.90999984741211,0.0
2022-08-11,19.780000686645508,0.0
2022-08-12,21.600000381469727,0.0
2022-08-15,21.780000686645508,0.0
2022-08-16,21.13999938964844,0.0
2022-08-17,19.549999237060547,0.0
2022-08-18,20.88999938964844,0.0
2022-08-19,19.170000076293945,0.0
2022-08-22,17.040000915527344,0.0
2022-08-23,17.329999923706055,0.0
2022-08-24,17.40999984741211,0.0
2022-08-25,19.31999969482422,0.0
2022-08-26,15.979999542236328,0.0
2022-08-29,15.050000190734863,0.0
2022-08-30,14.470000267028809,0.0
2022-08-31,14.039999961853027,0.0
2022-09-01,13.220000267028809,0.0
2022-09-02,12.859999656677246,0.0
2022-09-06,12.420000076293944,0.0
2022-09-07,12.989999771118164,0.0
2022-09-08,13.649999618530272,0.0
2022-09-09,14.649999618530272,0.0
2022-09-12,14.779999732971191,0.0
2022-09-13,12.09000015258789,0.0
2022-09-14,12.460000038146973,0.0
2022-09-15,11.90999984741211,0.0
2022-09-16,12.0600004196167,0.0
2022-09-19,12.260000228881836,0.0
2022-09-20,11.699999809265137,0.04
2022-09-21,11.399999618530272,0.0
2022-09-22,10.510000228881836,0.0
2022-09-23,10.029999732971191,0.0
2022-09-26,9.550000190734863,0.0
2022-09-27,9.8100004196167,0.0
2022-09-28,10.170000076293944,0.0
2022-09-29,9.289999961853027,0.0
2022-09-30,8.859999656677246,0.0
2022-10-03,9.699999809265137,0.0
2022-10-04,11.039999961853027,0.0
2022-10-05,11.420000076293944,0.0
2022-10-06,11.1899995803833,0.0
2022-10-07,9.210000038146973,0.0
2022-10-10,8.279999732971191,0.0
2022-10-11,7.570000171661377,0.0
2022-10-12,7.340000152587891,0.0
2022-10-13,8.0,0.0
2022-10-14,6.929999828338623,0.0
2022-10-17,7.329999923706055,0.0
2022-10-18,7.400000095367432,0.0
2022-10-19,7.570000171661377,0.0
2022-10-20,7.699999809265137,0.0
2022-10-21,8.579999923706055,0.0
2022-10-24,8.680000305175781,0.0
2022-10-25,9.260000228881836,0.0
2022-10-26,9.010000228881836,0.0
2022-10-27,8.520000457763672,0.0
2022-10-28,9.5,0.0
2022-10-31,8.920000076293945,0.0
2022-11-01,9.100000381469728,0.0
2022-11-02,8.239999771118164,0.0
2022-11-03,7.889999866485596,0.0
2022-11-04,8.989999771118164,0.0
2022-11-07,9.59000015258789,0.0
2022-11-08,10.170000076293944,0.0
2022-11-09,9.239999771118164,0.0
2022-11-10,12.079999923706056,0.0
2022-11-11,13.220000267028809,0.0
2022-11-14,12.770000457763672,0.0
2022-11-15,13.869999885559082,0.0
2022-11-16,12.130000114440918,0.0
2022-11-17,12.369999885559082,0.0
2022-11-18,12.489999771118164,0.0
2022-11-21,11.890000343322754,0.0
2022-11-22,12.899999618530272,0.0
2022-11-23,13.31999969482422,0.0
2022-11-25,12.859999656677246,0.0
2022-11-28,11.84000015258789,0.0
2022-11-29,11.729999542236328,0.0
2022-11-30,13.81999969482422,0.0
2022-12-01,13.5,0.0
2022-12-02,13.029999732971191,0.0
2022-12-05,12.59000015258789,0.0
2022-12-06,11.720000267028809,0.0
2022-12-07,11.699999809265137,0.0
2022-12-08,12.619999885559082,0.0
2022-12-09,12.31999969482422,0.0
2022-12-12,12.979999542236328,0.0
2022-12-13,13.630000114440918,0.0
2022-12-14,13.0,0.0
2022-12-15,11.399999618530272,0.0
2022-12-16,11.109999656677246,0.0
2022-12-19,10.6899995803833,0.0
2022-12-20,10.40999984741211,0.038
2022-12-21,11.140000343322754,0.0
2022-12-22,9.779999732971191,0.0
2022-12-23,9.770000457763672,0.0
2022-12-27,9.270000457763672,0.0
2022-12-28,8.859999656677246,0.0
2022-12-29,9.670000076293944,0.0
2022-12-30,9.670000076293944,0.0
2023-01-03,9.359999656677246,0.0
2023-01-04,10.06999969482422,0.0
2023-01-05,9.56999969482422,0.0
2023-01-06,10.869999885559082,0.0
2023-01-09,11.529999732971191,0.0
2023-01-10,11.970000267028809,0.0
2023-01-11,12.399999618530272,0.0
2023-01-12,12.81999969482422,0.0
2023-01-13,12.949999809265137,0.0
2023-01-17,13.0600004196167,0.0
2023-01-18,12.81999969482422,0.0
2023-01-19,11.770000457763672,0.0
2023-01-20,12.789999961853027,0.0
2023-01-23,14.739999771118164,0.0
2023-01-24,14.4399995803833,0.0
2023-01-25,14.529999732971191,0.0
2023-01-26,15.239999771118164,0.0
2023-01-27,14.979999542236328,0.0
2023-01-30,13.800000190734863,0.0
2023-01-31,14.520000457763672,0.0
2023-02-01,16.799999237060547,0.0
2023-02-02,17.920000076293945,0.0
2023-02-03,16.93000030517578,0.0
2023-02-06,16.100000381469727,0.0
2023-02-07,17.59000015258789,0.0
2023-02-08,16.489999771118164,0.0
2023-02-09,16.579999923706055,0.0
2023-02-10,15.800000190734863,0.0
2023-02-13,16.420000076293945,0.0
2023-02-14,17.329999923706055,0.0
2023-02-15,17.540000915527344,0.0
2023-02-16,16.280000686645508,0.0
2023-02-17,15.5,0.0
2023-02-21,14.010000228881836,0.0
2023-02-22,13.829999923706056,0.0
2023-02-23,15.079999923706056,0.0
2023-02-24,14.3100004196167,0.0
2023-02-27,14.5,0.0
2023-02-28,14.649999618530272,0.0
2023-03-01,14.68000030517578,0.0
2023-03-02,15.010000228881836,0.0
2023-03-03,15.68000030517578,0.0
2023-03-06,15.170000076293944,0.0
2023-03-07,14.649999618530272,0.0
2023-03-08,15.8100004196167,0.0
2023-03-09,14.90999984741211,0.0
2023-03-10,14.050000190734863,0.0
2023-03-13,14.020000457763672,0.0
2023-03-14,15.220000267028809,0.0
2023-03-15,14.6899995803833,0.0
2023-03-16,16.420000076293945,0.0
2023-03-17,16.1299991607666,0.0
2023-03-20,16.610000610351562,0.0
2023-03-21,16.670000076293945,0.025
2023-03-22,16.239999771118164,0.0
2023-03-23,17.489999771118164,0.0
2023-03-24,16.56999969482422,0.0
2023-03-27,15.970000267028809,0.0
2023-03-28,15.630000114440918,0.0
2023-03-29,17.079999923706055,0.0
2023-03-30,17.950000762939453,0.0
2023-03-31,18.299999237060547,0.0
2023-04-03,17.809999465942383,0.0
2023-04-04,16.790000915527344,0.0
2023-04-05,15.920000076293944,0.0
2023-04-06,15.65999984741211,0.0
2023-04-10,16.389999389648438,0.0
2023-04-11,16.209999084472656,0.0
2023-04-12,15.329999923706056,0.0
2023-04-13,15.670000076293944,0.0
2023-04-14,15.579999923706056,0.0
2023-04-17,15.579999923706056,0.0
2023-04-18,15.779999732971191,0.0
2023-04-19,15.260000228881836,0.0
2023-04-20,15.199999809265137,0.0
2023-04-21,14.859999656677246,0.0
2023-04-24,14.630000114440918,0.0
2023-04-25,13.199999809265137,0.0
2023-04-26,13.369999885559082,0.0
2023-04-27,13.539999961853027,0.0
2023-04-28,14.229999542236328,0.0
2023-05-01,14.65999984741211,0.0
2023-05-02,14.350000381469728,0.0
2023-05-03,13.84000015258789,0.0
2023-05-04,13.600000381469728,0.0
2023-05-05,14.470000267028809,0.0
2023-05-08,14.649999618530272,0.0
2023-05-09,13.9399995803833,0.0
2023-05-10,14.3100004196167,0.0
2023-05-11,14.06999969482422,0.0
2023-05-12,14.020000457763672,0.0
2023-05-15,15.109999656677246,0.0
2023-05-16,15.050000190734863,0.0
2023-05-17,16.139999389648438,0.0
2023-05-18,17.670000076293945,0.0
2023-05-19,17.389999389648438,0.0
2023-05-22,17.530000686645508,0.0
2023-05-23,16.920000076293945,0.0
2023-05-24,16.030000686645508,0.0
2023-05-25,19.14999961853028,0.0
2023-05-26,22.8799991607666,0.0
2023-05-30,22.8700008392334,0.0
2023-05-31,21.14999961853028,0.0
2023-06-01,22.15999984741211,0.0
2023-06-02,22.020000457763672,0.0
2023-06-05,20.96999931335449,0.0
2023-06-06,21.729999542236328,0.0
2023-06-07,21.63999938964844,0.0
2023-06-08,22.280000686645508,0.0
2023-06-09,22.39999961853028,0.0
2023-06-12,24.600000381469727,0.0
2023-06-13,25.559999465942383,0.0
2023-06-14,26.63999938964844,0.0
2023-06-15,25.950000762939453,0.0
2023-06-16,25.239999771118164,0.0
2023-06-20,24.64999961853028,0.0
2023-06-21,22.780000686645508,0.038
2023-06-22,23.100000381469727,0.0
2023-06-23,21.88999938964844,0.0
2023-06-26,22.09000015258789,0.0
2023-06-27,24.3700008392334,0.0
2023-06-28,23.71999931335449,0.0
2023-06-29,23.809999465942383,0.0
2023-06-30,24.82999992370605,0.0
2023-07-03,25.489999771118164,0.0
2023-07-05,23.850000381469727,0.0
2023-07-06,22.979999542236328,0.0
2023-07-07,22.959999084472656,0.0
2023-07-10,24.31999969482422,0.0
2023-07-11,24.34000015258789,0.0
2023-07-12,25.690000534057617,0.0
2023-07-13,27.280000686645508,0.0
2023-07-14,26.229999542236328,0.0
2023-07-17,28.059999465942383,0.0
2023-07-18,28.26000022888184,0.0
2023-07-19,27.290000915527344,0.0
2023-07-20,24.290000915527344,0.0
2023-07-21,24.920000076293945,0.0
2023-07-24,24.89999961853028,0.0
2023-07-25,26.1299991607666,0.0
2023-07-26,25.059999465942383,0.0
2023-07-27,26.459999084472656,0.0
2023-07-28,28.14999961853028,0.0
2023-07-31,28.40999984741211,0.0
2023-08-01,28.530000686645508,0.0
2023-08-02,25.280000686645508,0.0
2023-08-03,25.14999961853028,0.0
2023-08-04,24.8799991607666,0.0
2023-08-07,25.65999984741211,0.0
2023-08-08,24.459999084472656,0.0
2023-08-09,23.09000015258789,0.0
2023-08-10,22.809999465942383,0.0
2023-08-11,21.13999938964844,0.0
2023-08-14,22.93000030517578,0.0
2023-08-15,21.799999237060547,0.0
2023-08-16,20.530000686645508,0.0
2023-08-17,19.90999984741211,0.0
2023-08-18,20.14999961853028,0.0
2023-08-21,21.8799991607666,0.0
2023-08-22,21.350000381469727,0.0
2023-08-23,22.600000381469727,0.0
2023-08-24,20.40999984741211,0.0
2023-08-25,20.65999984741211,0.0
2023-08-28,21.420000076293945,0.0
2023-08-29,23.06999969482422,0.0
2023-08-30,23.39999961853028,0.0
2023-08-31,23.86000061035156,0.0
2023-09-01,24.020000457763672,0.0
2023-09-05,24.020000457763672,0.0
2023-09-06,23.440000534057617,0.0
2023-09-07,21.8700008392334,0.0
2023-09-08,21.5,0.0
2023-09-11,21.450000762939453,0.0
2023-09-12,20.940000534057617,0.0
2023-09-13,21.229999542236328,0.0
2023-09-14,21.64999961853028,0.0
2023-09-15,19.790000915527344,0.0
2023-09-18,19.93000030517578,0.0
2023-09-19,19.43000030517578,0.033
2023-09-20,18.479999542236328,0.0
2023-09-21,17.420000076293945,0.0
2023-09-22,17.84000015258789,0.0
2023-09-25,18.21999931335449,0.0
2023-09-26,17.239999771118164,0.0
2023-09-27,17.68000030517578,0.0
2023-09-28,18.63999938964844,0.0
2023-09-29,18.8700008392334,0.0
2023-10-02,19.07999992370605,0.0
2023-10-03,17.889999389648438,0.0
2023-10-04,18.63999938964844,0.0
2023-10-05,18.39999961853028,0.0
2023-10-06,19.46999931335449,0.0
2023-10-09,19.3799991607666,0.0
2023-10-10,20.049999237060547,0.0
2023-10-11,20.51000022888184,0.0
2023-10-12,20.68000030517578,0.0
2023-10-13,18.979999542236328,0.0
2023-10-16,19.809999465942383,0.0
2023-10-17,19.299999237060547,0.0
2023-10-18,18.280000686645508,0.0
2023-10-19,17.43000030517578,0.0
2023-10-20,16.639999389648438,0.0
2023-10-23,16.389999389648438,0.0
2023-10-24,17.040000915527344,0.0
2023-10-25,14.970000267028809,0.0
2023-10-26,14.729999542236328,0.0
2023-10-27,15.100000381469728,0.0
2023-10-30,14.529999732971191,0.0
2023-10-31,14.899999618530272,0.0
2023-11-01,15.949999809265137,0.0
2023-11-02,17.079999923706055,0.0
2023-11-03,18.3799991607666,0.0
2023-11-06,18.25,0.0
2023-11-07,18.600000381469727,0.0
2023-11-08,18.670000076293945,0.0
2023-11-09,18.38999938964844,0.0
2023-11-10,20.600000381469727,0.0
2023-11-13,20.020000457763672,0.0
2023-11-14,22.13999938964844,0.0
2023-11-15,22.6299991607666,0.0
2023-11-16,22.71999931335449,0.0
2023-11-17,23.1299991607666,0.0
2023-11-20,24.18000030517578,0.0
2023-11-21,22.84000015258789,0.0
2023-11-22,23.0,0.0
2023-11-24,23.09000015258789,0.0
2023-11-27,22.96999931335449,0.0
2023-11-28,22.540000915527344,0.0
2023-11-29,23.21999931335449,0.0
2023-11-30,22.809999465942383,0.0
2023-12-01,23.06999969482422,0.0
2023-12-04,22.309999465942383,0.0
2023-12-05,21.93000030517578,0.0
2023-12-06,21.46999931335449,0.0
2023-12-07,23.18000030517578,0.0
2023-12-08,23.700000762939453,0.0
2023-12-11,26.11000061035156,0.0
2023-12-12,26.64999961853028,0.0
2023-12-13,27.920000076293945,0.0
2023-12-14,30.190000534057617,0.0
2023-12-15,30.56999969482422,0.0
2023-12-18,30.290000915527344,0.0
2023-12-19,30.75,0.0
2023-12-20,28.100000381469727,0.0
2023-12-21,30.26000022888184,0.063
2023-12-22,30.51000022888184,0.0
2023-12-26,32.15999984741211,0.0
2023-12-27,32.349998474121094,0.0
2023-12-28,32.220001220703125,0.0
2023-12-29,31.39999961853028,0.0
2024-01-02,28.040000915527344,0.0
2024-01-03,26.25,0.0
2024-01-04,25.57999992370605,0.0
2024-01-05,25.93000030517578,0.0
2024-01-08,28.43000030517578,0.0
2024-01-09,28.420000076293945,0.0
2024-01-10,28.170000076293945,0.0
2024-01-11,28.459999084472656,0.0
2024-01-12,28.100000381469727,0.0
2024-01-16,29.190000534057617,0.0
2024-01-17,28.43000030517578,0.0
2024-01-18,31.190000534057617,0.0
2024-01-19,34.86000061035156,0.0
2024-01-22,35.2599983215332,0.0
2024-01-23,35.91999816894531,0.0
2024-01-24,37.41999816894531,0.0
2024-01-25,37.119998931884766,0.0
2024-01-26,34.0099983215332,0.0
2024-01-29,35.040000915527344,0.0
2024-01-30,33.529998779296875,0.0
2024-01-31,32.099998474121094,0.0
2024-02-01,32.45000076293945,0.0
2024-02-02,33.650001525878906,0.0
2024-02-05,35.099998474121094,0.0
2024-02-06,33.83000183105469,0.0
2024-02-07,35.36000061035156,0.0
2024-02-08,37.150001525878906,0.0
2024-02-09,39.31999969482422,0.0
2024-02-12,39.150001525878906,0.0
2024-02-13,36.84000015258789,0.0
2024-02-14,39.119998931884766,0.0
2024-02-15,39.11000061035156,0.0
2024-02-16,38.33000183105469,0.0
2024-02-20,36.41999816894531,0.0
2024-02-21,36.13999938964844,0.0
2024-02-22,41.41999816894531,0.0
2024-02-23,40.16999816894531,0.0
2024-02-26,41.209999084472656,0.0
2024-02-27,41.11000061035156,0.0
2024-02-28,39.79999923706055,0.0
2024-02-29,42.84000015258789,0.0
2024-03-01,48.33000183105469,0.0
2024-03-04,49.77000045776367,0.0
2024-03-05,46.84000015258789,0.0
2024-03-06,50.220001220703125,0.0
2024-03-07,55.31999969482422,0.0
2024-03-08,48.95000076293945,0.0
2024-03-11,46.77000045776367,0.0
2024-03-12,49.58000183105469,0.0
2024-03-13,46.08000183105469,0.0
2024-03-14,43.52999877929688,0.0
2024-03-15,42.7400016784668,0.0
2024-03-18,42.540000915527344,0.0
2024-03-19,41.41999816894531,0.035
2024-03-20,43.400001525878906,0.0
2024-03-21,46.310001373291016,0.0
2024-03-22,46.43000030517578,0.0
2024-03-25,45.88999938964844,0.0
2024-03-26,45.02999877929688,0.0
2024-03-27,46.5,0.0
2024-03-28,46.52999877929688,0.0
2024-04-01,47.9900016784668,0.0
2024-04-02,45.880001068115234,0.0
2024-04-03,46.18999862670898,0.0
2024-04-04,42.369998931884766,0.0
2024-04-05,43.619998931884766,0.0
2024-04-08,44.0,0.0
2024-04-09,45.38999938964844,0.0
2024-04-10,43.09000015258789,0.0
2024-04-11,45.79999923706055,0.0
2024-04-12,41.5099983215332,0.0
2024-04-15,39.77999877929688,0.0
2024-04-16,40.540000915527344,0.0
2024-04-17,37.060001373291016,0.0
2024-04-18,34.90999984741211,0.0
2024-04-19,30.790000915527344,0.0
2024-04-22,32.06999969482422,0.0
2024-04-23,34.11000061035156,0.0
2024-04-24,35.4900016784668,0.0
2024-04-25,37.40999984741211,0.0
2024-04-26,39.79999923706055,0.0
2024-04-29,40.61000061035156,0.0
2024-04-30,38.18000030517578,0.0
2024-05-01,34.369998931884766,0.0
2024-05-02,36.45000076293945,0.0
2024-05-03,38.970001220703125,0.0
2024-05-06,41.29999923706055,0.0
2024-05-07,40.36000061035156,0.0
2024-05-08,40.40999984741211,0.0
2024-05-09,39.959999084472656,0.0
2024-05-10,41.02999877929688,0.0
2024-05-13,41.27000045776367,0.0
2024-05-14,43.209999084472656,0.0
2024-05-15,47.0,0.0
2024-05-16,46.2599983215332,0.0
2024-05-17,45.400001525878906,0.0
2024-05-20,48.25,0.0
2024-05-21,47.97999954223633,0.0
2024-05-22,49.380001068115234,0.0
2024-05-23,48.810001373291016,0.0
2024-05-24,51.43999862670898,0.0
2024-05-28,54.040000915527344,0.0
2024-05-29,50.97999954223633,0.0
2024-05-30,50.0,0.0
2024-05-31,48.59000015258789,0.0
2024-06-03,48.59000015258789,0.0
2024-06-04,47.59000015258789,0.0
2024-06-05,53.52000045776367,0.0
2024-06-06,52.5099983215332,0.0
2024-06-07,51.869998931884766,0.0
2024-06-10,53.95000076293945,0.0
2024-06-11,54.16999816894531,0.0
2024-06-12,58.720001220703125,0.0
2024-06-13,60.86000061035156,0.0
2024-06-14,60.09999847412109,0.0
2024-06-17,62.66999816894531,0.0
2024-06-18,65.23999786376953,0.0
2024-06-20,60.02000045776367,0.0
2024-06-21,58.20000076293945,0.0
2024-06-24,53.220001220703125,0.0
2024-06-25,55.29999923706055,0.149
2024-06-26,54.77999877929688,0.0
2024-06-27,53.79999923706055,0.0
2024-06-28,55.36000061035156,0.0
2024-07-01,55.36000061035156,0.0
2024-07-02,57.59999847412109,0.0
2024-07-03,60.38999938964844,0.0
2024-07-05,60.810001373291016,0.0
2024-07-08,64.30999755859375,0.0
2024-07-09,64.25,0.0
2024-07-10,68.58999633789062,0.0
2024-07-11,61.9900016784668,0.0
2024-07-12,63.93999862670898,0.0
2024-07-15,64.13999938964844,0.0
2024-07-16,65.30000305175781,0.0
2024-07-17,51.54999923706055,0.0
2024-07-18,51.65999984741211,0.0
2024-07-19,47.0,0.0
2024-07-22,52.93000030517578,0.0
2024-07-23,50.52999877929688,0.0
2024-07-24,42.900001525878906,0.0
2024-07-25,39.77999877929688,0.0
2024-07-26,41.91999816894531,0.0
2024-07-29,41.810001373291016,0.0
2024-07-30,37.2400016784668,0.0
2024-07-31,44.38999938964844,0.0
2024-08-01,35.0,0.0
2024-08-02,29.34000015258789,0.0
2024-08-05,27.88999938964844,0.0
2024-08-06,28.57999992370605,0.0
2024-08-07,26.21999931335449,0.0
2024-08-08,31.459999084472656,0.0
2024-08-09,31.01000022888184,0.0
2024-08-12,31.40999984741211,0.0
2024-08-13,35.279998779296875,0.0
2024-08-14,35.04999923706055,0.0
2024-08-15,39.91999816894531,0.0
2024-08-16,39.72999954223633,0.0
2024-08-19,41.59999847412109,0.0
2024-08-20,40.09000015258789,0.0
2024-08-21,41.72999954223633,0.0
2024-08-22,37.5099983215332,0.0
2024-08-23,40.400001525878906,0.0
2024-08-26,37.369998931884766,0.0
2024-08-27,38.4900016784668,0.0
2024-08-28,36.59999847412109,0.0
2024-08-29,36.18999862670898,0.0
2024-08-30,38.790000915527344,0.0
2024-09-03,30.06999969482422,0.0
2024-09-04,30.299999237060547,0.0
2024-09-05,29.75,0.0
2024-09-06,25.959999084472656,0.0
2024-09-09,27.43000030517578,0.0
2024-09-10,28.350000381469727,0.0
2024-09-11,32.220001220703125,0.0
2024-09-12,31.809999465942383,0.0
2024-09-13,33.43000030517578,0.0
2024-09-16,32.15999984741211,0.0
2024-09-17,32.15999984741211,0.0
2024-09-18,31.13999938964844,0.0
2024-09-19,35.119998931884766,0.0
2024-09-20,33.54999923706055,0.0
2024-09-23,33.91999816894531,0.0
2024-09-24,35.06999969482422,0.06
2024-09-25,35.7400016784668,0.0
2024-09-26,39.650001525878906,0.0
2024-09-27,37.65999984741211,0.0
2024-09-30,36.68000030517578,0.0
2024-10-01,33.83000183105469,0.0
2024-10-02,34.959999084472656,0.0
2024-10-03,35.209999084472656,0.0
2024-10-04,36.68000030517578,0.0
2024-10-07,36.40999984741211,0.0
2024-10-08,37.459999084472656,0.0
2024-10-09,38.61000061035156,0.0
2024-10-10,37.83000183105469,0.0
2024-10-11,38.66999816894531,0.0
2024-10-14,40.81999969482422,0.0
2024-10-15,34.470001220703125,0.0
2024-10-16,34.459999084472656,0.0
2024-10-17,35.209999084472656,0.0
2024-10-18,35.27000045776367,0.0
2024-10-21,35.09000015258789,0.0
2024-10-22,34.689998626708984,0.0
2024-10-23,33.79999923706055,0.0
2024-10-24,34.290000915527344,0.0
2024-10-25,35.279998779296875,0.0
2024-10-28,35.349998474121094,0.0
2024-10-29,37.97999954223633,0.0
2024-10-30,34.0099983215332,0.0
2024-10-31,30.09000015258789,0.0
2024-11-01,30.82999992370605,0.0
2024-11-04,30.350000381469727,0.0
2024-11-05,31.3799991607666,0.0
2024-11-06,34.119998931884766,0.0
2024-11-07,36.209999084472656,0.0
2024-11-08,35.40999984741211,0.0
2024-11-11,32.77000045776367,0.0
2024-11-12,31.670000076293945,0.0
2024-11-13,29.690000534057617,0.0
2024-11-14,29.600000381469727,0.0
2024-11-15,26.65999984741211,0.0
2024-11-18,27.670000076293945,0.0
2024-11-19,27.850000381469727,0.0
2024-11-20,27.1299991607666,0.0
2024-11-21,28.489999771118164,0.0
2024-11-22,28.489999771118164,0.0
2024-11-25,29.32999992370605,0.0
2024-11-26,28.1299991607666,0.0
2024-11-27,26.979999542236328,0.0
2024-11-29,28.059999465942383,0.0
2024-12-02,30.200000762939453,0.0
2024-12-03,29.729999542236328,0.0
2024-12-04,30.8799991607666,0.0
2024-12-05,29.1200008392334,0.0
2024-12-06,29.61000061035156,0.0
2024-12-09,29.229999542236328,0.0
2024-12-10,27.059999465942383,0.0
2024-12-11,29.1200008392334,0.0
2024-12-12,28.459999084472656,0.0
2024-12-13,30.700000762939453,0.0
2024-12-16,32.5099983215332,0.0
2024-12-17,31.1299991607666,0.0
2024-12-18,27.82999992370605,0.0
2024-12-19,26.299999237060547,0.0
2024-12-20,27.299999237060547,0.0
2024-12-23,29.59000015258789,0.077
2024-12-24,30.479999542236328,0.0
2024-12-26,30.56999969482422,0.0
2024-12-27,29.690000534057617,0.0
2024-12-30,27.940000534057617,0.0
2024-12-31,27.309999465942383,0.0
2025-01-02,27.670000076293945,0.0
2025-01-03,29.81999969482422,0.0
2025-01-06,32.4900016784668,0.0
2025-01-07,31.14999961853028,0.0
2025-01-08,30.18000030517578,0.0
2025-01-10,28.059999465942383,0.0
2025-01-13,27.850000381469727,0.0
2025-01-14,28.1200008392334,0.0
2025-01-15,29.940000534057617,0.0
2025-01-16,29.989999771118164,0.0
2025-01-17,32.4900016784668,0.0
2025-01-21,33.689998626708984,0.0
2025-01-22,35.150001525878906,0.0
2025-01-23,34.91999816894531,0.0
2025-01-24,32.650001525878906,0.0
2025-01-27,25.059999465942383,0.0
2025-01-28,25.3700008392334,0.0
2025-01-29,25.68000030517578,0.0
2025-01-30,27.14999961853028,0.0
2025-01-31,27.020000457763672,0.0
2025-02-03,25.61000061035156,0.0
2025-02-04,26.25,0.0
2025-02-05,27.700000762939453,0.0
2025-02-06,27.690000534057617,0.0
2025-02-07,26.32999992370605,0.0
2025-02-10,27.350000381469727,0.0
2025-02-11,27.39999961853028,0.0
2025-02-12,27.540000915527344,0.0
2025-02-13,28.46999931335449,0.0
2025-02-14,28.549999237060547,0.0
2025-02-18,29.989999771118164,0.0
2025-02-19,31.46999931335449,0.0
2025-02-20,31.700000762939453,0.0
2025-02-21,28.809999465942383,0.0
2025-02-24,26.76000022888184,0.0
2025-02-25,25.06999969482422,0.0
2025-02-26,26.290000915527344,0.0
2025-02-27,21.75,0.0
2025-02-28,22.729999542236328,0.0
2025-03-03,20.51000022888184,0.0
2025-03-04,20.64999961853028,0.0
2025-03-05,21.950000762939453,0.0
2025-03-06,19.229999542236328,0.0
2025-03-07,20.8799991607666,0.0
2025-03-10,17.989999771118164,0.0
2025-03-11,17.40999984741211,0.0
2025-03-12,18.299999237060547,0.0
2025-03-13,18.09000015258789,0.0
2025-03-14,19.799999237060547,0.0
2025-03-17,20.790000915527344,0.0
2025-03-18,19.93000030517578,0.0
2025-03-19,20.3799991607666,0.0
2025-03-20,19.93000030517578,0.0
2025-03-21,19.280000686645508,0.0
2025-03-24,21.0,0.0
2025-03-25,20.549999237060547,0.065
2025-03-26,18.790000915527344,0.0
2025-03-27,17.760000228881836,0.0
2025-03-28,16.030000686645508,0.0
2025-03-31,15.949999809265137,0.0
2025-04-01,15.949999809265137,0.0
2025-04-02,16.260000228881836,0.0
2025-04-03,11.40999984741211,0.0
2025-04-04,8.729999542236328,0.0
2025-04-07,9.149999618530272,0.0
2025-04-08,8.25,0.0
2025-04-09,12.770000457763672,0.0
2025-04-10,9.630000114440918,0.0
2025-04-11,10.229999542236328,0.0
2025-04-14,10.470000267028809,0.0
2025-04-15,10.600000381469728,0.0
2025-04-16,9.34000015258789,0.0
2025-04-17,9.199999809265137,0.0
2025-04-21,8.710000038146973,0.0
2025-04-22,9.18000030517578,0.0
2025-04-23,10.289999961853027,0.0
2025-04-24,12.0,0.0
2025-04-25,12.34000015258789,0.0
2025-04-28,12.289999961853027,0.0
2025-04-29,11.859999656677246,0.0
2025-04-30,12.15999984741211,0.0
2025-05-01,12.100000381469728,0.0
2025-05-02,13.289999961853027,0.0
2025-05-05,13.050000190734863,0.0
2025-05-06,12.640000343322754,0.0
2025-05-07,13.279999732971191,0.0
2025-05-08,13.65999984741211,0.0
2025-05-09,14.109999656677246,0.0
2025-05-12,17.1299991607666,0.0
2025-05-13,18.600000381469727,0.0
2025-05-14,18.84000015258789,0.0
2025-05-15,18.46999931335449,0.0
2025-05-16,18.38999938964844,0.0
2025-05-19,18.059999465942383,0.0
2025-05-20,17.969999313354492,0.0
2025-05-21,17.0,0.0
2025-05-22,16.510000228881836,0.0
2025-05-23,15.729999542236328,0.0
2025-05-27,17.290000915527344,0.0
2025-05-28,17.040000915527344,0.0
2025-05-29,17.200000762939453,0.0
2025-05-30,16.170000076293945,0.0
2025-06-02,16.899999618530273,0.0
2025-06-03,18.299999237060547,0.0
2025-06-04,19.09000015258789,0.0
2025-06-05,18.809999465942383,0.0
2025-06-06,19.18000030517578,0.0
2025-06-09,20.57999992370605,0.0
2025-06-10,21.88999938964844,0.0
2025-06-11,21.63999938964844,0.0
2025-06-12,21.690000534057617,0.0
2025-06-13,20.040000915527344,0.0
2025-06-16,21.89999961853028,0.0
2025-06-17,21.420000076293945,0.0
2025-06-18,21.61000061035156,0.0
2025-06-20,21.209999084472656,0.0
2025-06-23,21.57999992370605,0.0
2025-06-24,23.950000762939453,0.068
2025-06-25,24.57999992370605,0.0
2025-06-26,25.200000762939453,0.0
2025-06-27,25.11000061035156,0.0
2025-06-30,25.11000061035156,0.0
2025-07-01,24.709999084472656,0.0
2025-07-02,26.049999237060547,0.0
2025-07-03,26.43000030517578,0.0
2025-07-07,24.96999931335449,0.0
2025-07-08,26.3700008392334,0.0
2025-07-09,26.64999961853028,0.0
2025-07-10,27.3700008392334,0.0
2025-07-11,27.290000915527344,0.0
2025-07-14,26.5,0.0
2025-07-15,27.290000915527344,0.0
2025-07-16,27.030000686645508,0.0
2025-07-17,27.31999969482422,0.0
2025-07-18,27.32999992370605,0.0
2025-07-21,27.5,0.0
2025-07-22,26.31999969482422,0.0
2025-07-23,25.780000686645508,0.0
2025-07-24,25.6200008392334,0.0
2025-07-25,25.600000381469727,0.0
2025-07-28,26.8799991607666,0.0
2025-07-29,27.030000686645508,0.0
2025-07-30,27.61000061035156,0.0
2025-07-31,24.979999542236328,0.0
2025-08-01,24.07999992370605,0.0
2025-08-04,25.0,0.0
2025-08-05,24.520000457763672,0.0
2025-08-06,23.989999771118164,0.0
2025-08-07,25.0,0.0
2025-08-08,25.709999084472656,0.0
2025-08-11,25.61000061035156,0.0
2025-08-12,28.0,0.0
2025-08-13,29.270000457763672,0.0
2025-08-14,29.420000076293945,0.0
2025-08-15,27.3700008392334,0.0
2025-08-18,27.530000686645508,0.0
2025-08-19,26.239999771118164,0.0
2025-08-20,25.799999237060547,0.0
2025-08-21,25.350000381469727,0.0
2025-08-22,27.450000762939453,0.0
2025-08-25,27.299999237060547,0.0
2025-08-26,27.940000534057617,0.0
2025-08-27,28.18000030517578,0.0
2025-08-28,28.530000686645508,0.0
2025-08-29,26.040000915527344,0.0
2025-09-02,25.25,0.0
2025-09-03,24.90999984741211,0.0
2025-09-04,25.64999961853028,0.0
2025-09-05,26.450000762939453,0.0
2025-09-08,27.07999992370605,0.0
2025-09-09,27.18000030517578,0.0
2025-09-10,28.600000381469727,0.0
2025-09-11,29.170000076293945,0.0
2025-09-12,29.299999237060547,0.0
2025-09-15,30.0,0.0
2025-09-16,30.479999542236328,0.0
2025-09-17,30.46999931335449,0.0
2025-09-18,33.63999938964844,0.0
2025-09-19,33.02000045776367,0.0
2025-09-22,34.43000030517578,0.0
2025-09-23,34.29999923706055,0.01
2025-09-24,34.20000076293945,0.0
2025-09-25,33.849998474121094,0.0
2025-09-26,34.02000045776367,0.0
2025-09-29,34.02000045776367,0.0
2025-09-30,34.84000015258789,0.0
2025-10-01,36.86000061035156,0.0
2025-10-02,39.08000183105469,0.0
2025-10-03,38.22999954223633,0.0
2025-10-06,41.709999084472656,0.0
2025-10-07,38.83000183105469,0.0
2025-10-08,42.77999877929688,0.0
2025-10-09,42.2400016784668,0.0
2025-10-10,34.209999084472656,0.0
2025-10-13,39.13999938964844,0.0
2025-10-14,36.630001068115234,0.0
2025-10-15,39.97999954223633,0.0
2025-10-16,40.56999969482422,0.0
2025-10-17,40.290000915527344,0.0
2025-10-20,42.2400016784668,0.0
2025-10-21,41.5099983215332,0.0
2025-10-22,38.38999938964844,0.0
2025-10-23,41.16999816894531,0.0
2025-10-24,43.13999938964844,0.0
2025-10-27,46.84000015258789,0.0
2025-10-28,46.959999084472656,0.0
2025-10-29,49.380001068115234,0.0
2025-10-30,47.38999938964844,0.0
2025-10-31,47.77999877929688,0.0
2025-11-03,48.58000183105469,0.0
2025-11-04,42.79999923706055,0.0
2025-11-05,46.83000183105469,0.0
2025-11-06,43.0099983215332,0.0
2025-11-07,41.7400016784668,0.0
2025-11-10,44.959999084472656,0.0
2025-11-11,41.810001373291016,0.0
2025-11-12,43.709999084472656,0.0
2025-11-13,39.220001220703125,0.0
2025-11-14,38.86000061035156,0.0
2025-11-17,36.84000015258789,0.0
2025-11-18,34.349998474121094,0.0
2025-11-19,35.959999084472656,0.0
2025-11-20,30.809999465942383,0.0
2025-11-21,31.729999542236328,0.0
2025-11-24,35.86000061035156,0.0
2025-11-25,36.16999816894531,0.0
2025-11-26,39.18999862670898,0.0
2025-11-28,41.2599983215332,0.0
2025-12-01,41.310001373291016,0.0
2025-12-02,43.79999923706055,0.0
2025-12-03,46.58000183105469,0.0
2025-12-04,45.15999984741211,0.0
2025-12-05,46.5,0.0
2025-12-08,47.9900016784668,0.0
2025-12-09,47.790000915527344,0.0
2025-12-10,49.650001525878906,0.0
2025-12-11,48.790000915527344,0.0
2025-12-12,41.709999084472656,0.0
2025-12-15,41.18000030517578,0.0
2025-12-16,40.4900016784668,0.0
2025-12-17,36.0099983215332,0.0
2025-12-18,38.58000183105469,0.0
2025-12-19,41.720001220703125,0.0
2025-12-22,43.2599983215332,0.0
2025-12-23,43.70000076293945,0.0
2025-12-24,44.209999084472656,0.0
2025-12-26,44.209999084472656,0.0
2025-12-29,43.81999969482422,0.0
2025-12-30,43.66999816894531,0.0
2025-12-31,42.02999877929688,0.0
2026-01-02,47.2400016784668,0.0
2026-01-05,49.220001220703125,0.0
2026-01-06,54.0099983215332,0.0
2026-01-07,52.290000915527344,0.0
2026-01-08,49.650001525878906,0.0
2026-01-09,53.95000076293945,0.0
2026-01-12,54.650001525878906,0.0
2026-01-13,56.06999969482422,0.0
2026-01-14,55.380001068115234,0.0
2026-01-15,58.08000183105469,0.0
2026-01-16,60.75,0.0
2026-01-20,57.93999862670898,0.0
2026-01-21,63.47999954223633,0.0
2026-01-22,63.720001220703125,0.0
2026-01-23,61.59999847412109,0.0
2026-01-26,60.70000076293945,0.0
2026-01-27,64.95999908447266,0.0
2026-01-28,70.08999633789062,0.0
2026-01-29,70.47000122070312,0.0
2026-01-30,61.790000915527344,0.0
2026-02-02,65.19999694824219,0.0
2026-02-03,61.20000076293945,0.0
2026-02-04,53.18999862670898,0.0
2026-02-05,53.25,0.0
2026-02-06,61.75,0.0
2026-02-09,64.02999877929688,0.0
2026-02-10,63.34000015258789,0.0
2026-02-11,68.05000305175781,0.0
2026-02-12,63.09999847412109,0.0
2026-02-13,64.58999633789062,0.0
2026-02-17,64.3499984741211,0.0
2026-02-18,66.29000091552734,0.0
2026-02-19,65.2300033569336,0.0
2026-02-20,67.11000061035156,0.0
2026-02-23,65.86000061035156,0.0
2026-02-24,68.52999877929688,0.0
2026-02-25,71.86000061035156,0.0
2026-02-26,65.33999633789062,0.0
2026-02-27,62.77000045776367,0.0
2026-03-02,62.7599983215332,0.0
2026-03-03,53.41999816894531,0.0
2026-03-04,56.619998931884766,0.0
2026-03-05,54.79999923706055,0.0
2026-03-06,47.88999938964844,0.0
2026-03-09,53.31999969482422,0.0
2026-03-10,54.59000015258789,0.0
2026-03-11,56.09000015258789,0.0
2026-03-12,50.27999877929688,0.0
2026-03-13,50.720001220703125,0.0
2026-03-16,53.68999862670898,0.0
2026-03-17,54.95000076293945,0.0
2026-03-18,54.02000045776367,0.0
2026-03-19,54.84999847412109,0.0
2026-03-20,51.13999938964844,0.0
2026-03-23,53.02999877929688,0.0
2026-03-24,54.959999084472656,0.0
2026-03-25,57.040000915527344,0.0
2026-03-26,48.970001220703125,0.0
2026-03-27,46.61000061035156,0.0
2026-03-30,40.619998931884766,0.0
2026-03-31,47.90999984741211,0.0
2026-04-01,52.2599983215332,0.0
2026-04-02,52.75,0.0
2026-04-06,54.810001373291016,0.0
2026-04-07,56.54999923706055,0.0
2026-04-08,67.5,0.0
2026-04-09,71.9800033569336,0.0
2026-04-10,76.38999938964844,0.0
2026-04-13,80.55999755859375,0.0
2026-04-14,85.30999755859375,0.0
2026-04-15,85.95999908447266,0.0
2026-04-16,88.37000274658203,0.0
2026-04-17,94.68000030517578,0.0
2026-04-20,95.94000244140624,0.0
2026-04-21,98.08999633789062,0.0
2026-04-22,105.63999938964844,0.0
2026-04-23,112.7699966430664,0.0
2026-04-24,128.32000732421875,0.0
2026-04-27,123.38999938964844,0.0
2026-04-28,109.55999755859376,0.0
2026-04-29,117.97000122070312,0.0
2026-04-30,126.9800033569336,0.0
2026-05-01,130.39999389648438,0.0
2026-05-04,127.5500030517578,0.0
2026-05-05,144.16000366210938,0.0
2026-05-06,165.85000610351562,0.0
2026-05-07,152.10000610351562,0.0
2026-05-08,176.94000244140625,0.0
2026-05-11,190.4199981689453,0.0
2026-05-12,172.52000427246094,0.0
2026-05-13,184.2400054931641,0.0
2026-05-14,186.19000244140625,0.0
2026-05-15,164.17999267578125,0.0
2026-05-18,151.75,0.0
2026-05-19,151.88999938964844,0.0
2026-05-20,173.1999969482422,0.0
2026-05-21,178.38999938964844,0.0
2026-05-22,190.5599975585937,0.0
2026-05-26,225.7899932861328,0.0
2026-05-27,217.97999572753903,0.0
2026-05-28,224.6300048828125,0.0
2026-05-29,224.33999633789065,0.0
2026-06-01,227.02999877929688,0.0
2026-06-02,266.32000732421875,0.0
2026-06-03,280.5400085449219,0.0
2026-06-04,262.70001220703125,0.0
2026-06-05,182.5399932861328,0.0
2026-06-08,211.44000244140625,0.0
2026-06-09,201.67999267578125,0.0
2026-06-10,180.6499938964844,0.0
2026-06-11,223.9900054931641,0.0
2026-06-12,234.67999267578125,0.0
2026-06-15,272.5,0.0
2026-06-16,226.19000244140625,0.0
2026-06-17,233.8600006103516,0.0
2026-06-18,279.2900085449219,0.0
2026-06-22,300.7699890136719,0.0
2026-06-23,231.4199981689453,0.0
2026-06-24,229.57000732421875,0.0
2026-06-25,252.6100006103516,0.0
2026-06-26,215.6000061035156,0.0
2026-06-29,236.5200042724609,0.0
2026-06-30,266.7099914550781,0.0
2026-07-01,217.5500030517578,0.0
2026-07-02,181.47000122070312,0.0
2026-07-06,194.6499938964844,0.0
2026-07-07,165.27999877929688,0.0
2026-07-08,174.82000732421875,0.0
2026-07-09,192.4499969482422,0.0
2026-07-10,192.259994506836,0.0
2026-07-13,165.3699951171875,0.0
2026-07-14,176.66000366210938,0.0
2026-07-15,165.5500030517578,0.0
2026-07-16,142.47999572753906,0.0
2026-07-17,135.47000122070312,0.0
2026-07-20,136.80999755859375,0.0
2026-07-21,158.5399932861328,0.0
2026-07-22,160.99000549316406,0.0
2026-07-23,157.5,0.0
2026-07-24,136.80999755859375,0.0
2026-07-27,128.14999389648438,0.0
2026-07-28,109.54000091552734,0.0
2026-07-29,91.98999786376953,0.0
2026-07-30,114.72000122070312,0.0
2026-07-31,114.72000122070312,0.0
2026-08-03,116.70999908447266,0.0
2026-08-04,139.89999389648438,0.0
2026-08-05,132.07000732421875,0.0
