Date,Close,Dividends
2006-06-21,4.46875,0.0
2006-06-22,4.421249866485596,0.0
2006-06-23,4.42062520980835,0.0
2006-06-26,4.446249961853027,0.0
2006-06-27,4.367499828338623,0.0
2006-06-28,4.40625,0.0
2006-06-29,4.593124866485596,0.0
2006-06-30,4.590624809265137,0.0
2006-07-03,4.653124809265137,0.0
2006-07-05,4.591249942779541,0.0
2006-07-06,4.605625152587891,0.0
2006-07-07,4.552499771118164,0.0
2006-07-10,4.560625076293945,0.0
2006-07-11,4.599374771118164,0.0
2006-07-12,4.508749961853027,0.0
2006-07-13,4.372499942779541,0.0
2006-07-14,4.333125114440918,0.0
2006-07-17,4.328750133514404,0.0
2006-07-18,4.335625171661377,0.0
2006-07-19,4.484375,0.0
2006-07-20,4.431875228881836,0.0
2006-07-21,4.361875057220459,0.0
2006-07-24,4.5,0.0
2006-07-25,4.556875228881836,0.0
2006-07-26,4.565625190734863,0.0
2006-07-27,4.521874904632568,0.0
2006-07-28,4.625,0.0
2006-07-31,4.612500190734863,0.0
2006-08-01,4.571249961853027,0.0
2006-08-02,4.606249809265137,0.0
2006-08-03,4.629374980926514,0.0
2006-08-04,4.628125190734863,0.0
2006-08-07,4.602499961853027,0.0
2006-08-08,4.565000057220459,0.0
2006-08-09,4.53000020980835,0.0
2006-08-10,4.570000171661377,0.0
2006-08-11,4.536874771118164,0.0
2006-08-14,4.552499771118164,0.0
2006-08-15,4.664374828338623,0.0
2006-08-16,4.742499828338623,0.0
2006-08-17,4.761875152587891,0.0
2006-08-18,4.78125,0.0
2006-08-21,4.758749961853027,0.0
2006-08-22,4.76687479019165,0.0
2006-08-23,4.723750114440918,0.0
2006-08-24,4.741250038146973,0.0
2006-08-25,4.75,0.0
2006-08-28,4.790625095367432,0.0
2006-08-29,4.813125133514404,0.0
2006-08-30,4.8125,0.0
2006-08-31,4.808750152587891,0.0
2006-09-01,4.857500076293945,0.0
2006-09-05,4.866250038146973,0.0
2006-09-06,4.78125,0.0
2006-09-07,4.73312520980835,0.0
2006-09-08,4.76687479019165,0.0
2006-09-11,4.765625,0.0
2006-09-12,4.858749866485596,0.0
2006-09-13,4.90625,0.0
2006-09-14,4.882500171661377,0.0
2006-09-15,4.924375057220459,0.0
2006-09-18,4.923749923706055,0.0
2006-09-19,4.89187479019165,0.0
2006-09-20,4.951250076293945,0.0
2006-09-21,4.897500038146973,0.0
2006-09-22,4.870625019073486,0.0
2006-09-25,4.961249828338623,0.0
2006-09-26,5.026249885559082,0.0
2006-09-27,5.038750171661377,0.0
2006-09-28,5.054999828338623,0.0
2006-09-29,5.034375190734863,0.0
2006-10-02,4.992499828338623,0.0
2006-10-03,5.010624885559082,0.0
2006-10-04,5.128125190734863,0.0
2006-10-05,5.152500152587891,0.0
2006-10-06,5.137499809265137,0.0
2006-10-09,5.142499923706055,0.0
2006-10-10,5.158124923706055,0.0
2006-10-11,5.137499809265137,0.0
2006-10-12,5.229374885559082,0.0
2006-10-13,5.253749847412109,0.0
2006-10-16,5.269999980926514,0.0
2006-10-17,5.227499961853027,0.0
2006-10-18,5.242499828338623,0.0
2006-10-19,5.251874923706055,0.0
2006-10-20,5.259375095367432,0.0
2006-10-23,5.308125019073486,0.0
2006-10-24,5.331874847412109,0.0
2006-10-25,5.361875057220459,0.0
2006-10-26,5.408124923706055,0.0
2006-10-27,5.336874961853027,0.0
2006-10-30,5.329999923706055,0.0
2006-10-31,5.3125,0.0
2006-11-01,5.249374866485596,0.0
2006-11-02,5.244999885559082,0.0
2006-11-03,5.212500095367432,0.0
2006-11-06,5.339375019073486,0.0
2006-11-07,5.367499828338623,0.0
2006-11-08,5.402500152587891,0.0
2006-11-09,5.340624809265137,0.0
2006-11-10,5.349999904632568,0.0
2006-11-13,5.371874809265137,0.0
2006-11-14,5.448124885559082,0.0
2006-11-15,5.486875057220459,0.0
2006-11-16,5.510624885559082,0.0
2006-11-17,5.509375095367432,0.0
2006-11-20,5.506249904632568,0.0
2006-11-21,5.523125171661377,0.0
2006-11-22,5.546875,0.0
2006-11-24,5.503125190734863,0.0
2006-11-27,5.356249809265137,0.0
2006-11-28,5.38937520980835,0.0
2006-11-29,5.486249923706055,0.0
2006-11-30,5.490624904632568,0.0
2006-12-01,5.465624809265137,0.0
2006-12-04,5.553124904632568,0.0
2006-12-05,5.598124980926514,0.0
2006-12-06,5.581874847412109,0.0
2006-12-07,5.542500019073486,0.0
2006-12-08,5.553750038146973,0.0
2006-12-11,5.582499980926514,0.0
2006-12-12,5.572500228881836,0.0
2006-12-13,5.599999904632568,0.0
2006-12-14,5.675000190734863,0.0
2006-12-15,5.698750019073486,0.0
2006-12-18,5.662499904632568,0.0
2006-12-19,5.693124771118164,0.0
2006-12-20,5.434999942779541,0.237313
2006-12-21,5.402500152587891,0.0
2006-12-22,5.325624942779541,0.0
2006-12-26,5.396249771118164,0.0
2006-12-27,5.471875190734863,0.0
2006-12-28,5.449999809265137,0.0
2006-12-29,5.393750190734863,0.0
2007-01-03,5.358749866485596,0.0
2007-01-04,5.386250019073486,0.0
2007-01-05,5.301249980926514,0.0
2007-01-08,5.345624923706055,0.0
2007-01-09,5.331874847412109,0.0
2007-01-10,5.356249809265137,0.0
2007-01-11,5.42062520980835,0.0
2007-01-12,5.484375,0.0
2007-01-16,5.476250171661377,0.0
2007-01-17,5.473750114440918,0.0
2007-01-18,5.428124904632568,0.0
2007-01-19,5.460625171661377,0.0
2007-01-22,5.401875019073486,0.0
2007-01-23,5.440000057220459,0.0
2007-01-24,5.525000095367432,0.0
2007-01-25,5.413750171661377,0.0
2007-01-26,5.400000095367432,0.0
2007-01-29,5.383749961853027,0.0
2007-01-30,5.440625190734863,0.0
2007-01-31,5.508124828338623,0.0
2007-02-01,5.572500228881836,0.0
2007-02-02,5.591249942779541,0.0
2007-02-05,5.583749771118164,0.0
2007-02-06,5.583749771118164,0.0
2007-02-07,5.603125095367432,0.0
2007-02-08,5.591875076293945,0.0
2007-02-09,5.525625228881836,0.0
2007-02-12,5.479374885559082,0.0
2007-02-13,5.56374979019165,0.0
2007-02-14,5.648125171661377,0.0
2007-02-15,5.646874904632568,0.0
2007-02-16,5.645625114440918,0.0
2007-02-20,5.672500133514404,0.0
2007-02-21,5.661874771118164,0.0
2007-02-22,5.651875019073486,0.0
2007-02-23,5.621250152587891,0.0
2007-02-26,5.606874942779541,0.0
2007-02-27,5.156875133514404,0.0
2007-02-28,5.256249904632568,0.0
2007-03-01,5.242499828338623,0.0
2007-03-02,5.09375,0.0
2007-03-05,4.993124961853027,0.0
2007-03-06,5.165625095367432,0.0
2007-03-07,5.145625114440918,0.0
2007-03-08,5.206250190734863,0.0
2007-03-09,5.228125095367432,0.0
2007-03-12,5.256249904632568,0.0
2007-03-13,5.041874885559082,0.0
2007-03-14,5.118124961853027,0.0
2007-03-15,5.14187479019165,0.0
2007-03-16,5.098124980926514,0.0
2007-03-19,5.223124980926514,0.0
2007-03-20,5.283750057220459,0.0
2007-03-21,5.458125114440918,0.0
2007-03-22,5.455625057220459,0.0
2007-03-23,5.456874847412109,0.0
2007-03-26,5.468124866485596,0.0
2007-03-27,5.398125171661377,0.015625
2007-03-28,5.318749904632568,0.0
2007-03-29,5.34375,0.0
2007-03-30,5.340624809265137,0.0
2007-04-02,5.353125095367432,0.0
2007-04-03,5.458749771118164,0.0
2007-04-04,5.465624809265137,0.0
2007-04-05,5.500625133514404,0.0
2007-04-09,5.516250133514404,0.0
2007-04-10,5.521874904632568,0.0
2007-04-11,5.460000038146973,0.0
2007-04-12,5.53125,0.0
2007-04-13,5.571249961853027,0.0
2007-04-16,5.676249980926514,0.0
2007-04-17,5.703125,0.0
2007-04-18,5.706874847412109,0.0
2007-04-19,5.710625171661377,0.0
2007-04-20,5.807499885559082,0.0
2007-04-23,5.778749942779541,0.0
2007-04-24,5.78125,0.0
2007-04-25,5.881249904632568,0.0
2007-04-26,5.900000095367432,0.0
2007-04-27,5.880000114440918,0.0
2007-04-30,5.79812479019165,0.0
2007-05-01,5.8125,0.0
2007-05-02,5.883124828338623,0.0
2007-05-03,5.93625020980835,0.0
2007-05-04,5.978125095367432,0.0
2007-05-07,5.981874942779541,0.0
2007-05-08,5.974999904632568,0.0
2007-05-09,6.01437520980835,0.0
2007-05-10,5.878125190734863,0.0
2007-05-11,5.96999979019165,0.0
2007-05-14,5.948124885559082,0.0
2007-05-15,5.931875228881836,0.0
2007-05-16,6.026875019073486,0.0
2007-05-17,6.011875152587891,0.0
2007-05-18,6.102499961853027,0.0
2007-05-21,6.09375,0.0
2007-05-22,6.104374885559082,0.0
2007-05-23,6.097499847412109,0.0
2007-05-24,5.96875,0.0
2007-05-25,6.015625,0.0
2007-05-29,6.061874866485596,0.0
2007-05-30,6.161874771118164,0.0
2007-05-31,6.155624866485596,0.0
2007-06-01,6.203750133514404,0.0
2007-06-04,6.20437479019165,0.0
2007-06-05,6.15500020980835,0.0
2007-06-06,6.018125057220459,0.0
2007-06-07,5.814374923706055,0.0
2007-06-08,5.943749904632568,0.0
2007-06-11,5.978125095367432,0.0
2007-06-12,5.831250190734863,0.0
2007-06-13,6.012499809265137,0.0
2007-06-14,6.078125,0.0
2007-06-15,6.146249771118164,0.0
2007-06-18,6.131249904632568,0.0
2007-06-19,6.158124923706055,0.0
2007-06-20,5.988749980926514,0.0
2007-06-21,6.060625076293945,0.0
2007-06-22,5.948750019073486,0.0
2007-06-25,5.888750076293945,0.0
2007-06-26,5.765625,0.017063
2007-06-27,5.926249980926514,0.0
2007-06-28,5.913125038146973,0.0
2007-06-29,5.90625,0.0
2007-07-02,6.023125171661377,0.0
2007-07-03,6.053750038146973,0.0
2007-07-05,6.039374828338623,0.0
2007-07-06,6.103125095367432,0.0
2007-07-09,6.105000019073486,0.0
2007-07-10,5.919374942779541,0.0
2007-07-11,6.019999980926514,0.0
2007-07-12,6.222499847412109,0.0
2007-07-13,6.260000228881836,0.0
2007-07-16,6.249374866485596,0.0
2007-07-17,6.237500190734863,0.0
2007-07-18,6.21999979019165,0.0
2007-07-19,6.258124828338623,0.0
2007-07-20,6.124374866485596,0.0
2007-07-23,6.170000076293945,0.0
2007-07-24,5.964375019073486,0.0
2007-07-25,5.981249809265137,0.0
2007-07-26,5.696875095367432,0.0
2007-07-27,5.489999771118164,0.0
2007-07-30,5.637499809265137,0.0
2007-07-31,5.490624904632568,0.0
2007-08-01,5.564374923706055,0.0
2007-08-02,5.64187479019165,0.0
2007-08-03,5.324999809265137,0.0
2007-08-06,5.534375190734863,0.0
2007-08-07,5.637499809265137,0.0
2007-08-08,5.796875,0.0
2007-08-09,5.465000152587891,0.0
2007-08-10,5.387499809265137,0.0
2007-08-13,5.441249847412109,0.0
2007-08-14,5.260624885559082,0.0
2007-08-15,5.130000114440918,0.0
2007-08-16,5.184374809265137,0.0
2007-08-17,5.398125171661377,0.0
2007-08-20,5.384375095367432,0.0
2007-08-21,5.40500020980835,0.0
2007-08-22,5.521874904632568,0.0
2007-08-23,5.511250019073486,0.0
2007-08-24,5.637499809265137,0.0
2007-08-27,5.540625095367432,0.0
2007-08-28,5.31125020980835,0.0
2007-08-29,5.50124979019165,0.0
2007-08-30,5.471875190734863,0.0
2007-08-31,5.551249980926514,0.0
2007-09-04,5.695000171661377,0.0
2007-09-05,5.568749904632568,0.0
2007-09-06,5.624374866485596,0.0
2007-09-07,5.455625057220459,0.0
2007-09-10,5.419374942779541,0.0
2007-09-11,5.568749904632568,0.0
2007-09-12,5.59375,0.0
2007-09-13,5.653749942779541,0.0
2007-09-14,5.662499904632568,0.0
2007-09-17,5.590000152587891,0.0
2007-09-18,5.919374942779541,0.0
2007-09-19,5.998125076293945,0.0
2007-09-20,5.918749809265137,0.0
2007-09-21,5.9375,0.0
2007-09-24,5.925000190734863,0.0
2007-09-25,5.890625,0.01525
2007-09-26,5.934374809265137,0.0
2007-09-27,6.006249904632568,0.0
2007-09-28,5.96750020980835,0.0
2007-10-01,6.114999771118164,0.0
2007-10-02,6.098750114440918,0.0
2007-10-03,6.055624961853027,0.0
2007-10-04,6.074999809265137,0.0
2007-10-05,6.221250057220459,0.0
2007-10-08,6.156875133514404,0.0
2007-10-09,6.256875038146973,0.0
2007-10-10,6.230625152587891,0.0
2007-10-11,6.184374809265137,0.0
2007-10-12,6.243124961853027,0.0
2007-10-15,6.146249771118164,0.0
2007-10-16,6.073124885559082,0.0
2007-10-17,6.084374904632568,0.0
2007-10-18,6.04812479019165,0.0
2007-10-19,5.706250190734863,0.0
2007-10-22,5.787499904632568,0.0
2007-10-23,5.846875190734863,0.0
2007-10-24,5.856249809265137,0.0
2007-10-25,5.879374980926514,0.0
2007-10-26,6.01687479019165,0.0
2007-10-29,6.042500019073486,0.0
2007-10-30,5.958125114440918,0.0
2007-10-31,6.093124866485596,0.0
2007-11-01,5.801875114440918,0.0
2007-11-02,5.815625190734863,0.0
2007-11-05,5.714375019073486,0.0
2007-11-06,5.883124828338623,0.0
2007-11-07,5.571249961853027,0.0
2007-11-08,5.49875020980835,0.0
2007-11-09,5.360000133514404,0.0
2007-11-12,5.268750190734863,0.0
2007-11-13,5.568749904632568,0.0
2007-11-14,5.508124828338623,0.0
2007-11-15,5.368124961853027,0.0
2007-11-16,5.369999885559082,0.0
2007-11-19,5.212500095367432,0.0
2007-11-20,5.272500038146973,0.0
2007-11-21,5.073750019073486,0.0
2007-11-23,5.224999904632568,0.0
2007-11-26,5.025000095367432,0.0
2007-11-27,5.144999980926514,0.0
2007-11-28,5.439374923706055,0.0
2007-11-29,5.458125114440918,0.0
2007-11-30,5.574999809265137,0.0
2007-12-03,5.478125095367432,0.0
2007-12-04,5.400000095367432,0.0
2007-12-05,5.568124771118164,0.0
2007-12-06,5.723750114440918,0.0
2007-12-07,5.737500190734863,0.0
2007-12-10,5.807499885559082,0.0
2007-12-11,5.5,0.0
2007-12-12,5.596875190734863,0.0
2007-12-13,5.59499979019165,0.0
2007-12-14,5.432499885559082,0.0
2007-12-17,5.259375095367432,0.0
2007-12-18,5.326250076293945,0.0
2007-12-19,5.334374904632568,0.0
2007-12-20,5.155624866485596,0.228063
2007-12-21,5.324999809265137,0.0
2007-12-24,5.409375190734863,0.0
2007-12-26,5.40625,0.0
2007-12-27,5.265625,0.0
2007-12-28,5.251874923706055,0.0
2007-12-31,5.175000190734863,0.0
2008-01-02,5.066874980926514,0.0
2008-01-03,5.065000057220459,0.0
2008-01-04,4.824999809265137,0.0
2008-01-07,4.8125,0.0
2008-01-08,4.646874904632568,0.0
2008-01-09,4.75124979019165,0.0
2008-01-10,4.824999809265137,0.0
2008-01-11,4.735000133514404,0.0
2008-01-14,4.818124771118164,0.0
2008-01-15,4.591249942779541,0.0
2008-01-16,4.530624866485596,0.0
2008-01-17,4.279375076293945,0.0
2008-01-18,4.191874980926514,0.0
2008-01-22,4.101250171661377,0.0
2008-01-23,4.310625076293945,0.0
2008-01-24,4.375,0.0
2008-01-25,4.23562479019165,0.0
2008-01-28,4.390625,0.0
2008-01-29,4.419374942779541,0.0
2008-01-30,4.363749980926514,0.0
2008-01-31,4.509375095367432,0.0
2008-02-01,4.65500020980835,0.0
2008-02-04,4.541874885559082,0.0
2008-02-05,4.300000190734863,0.0
2008-02-06,4.221875190734863,0.0
2008-02-07,4.285624980926514,0.0
2008-02-08,4.21875,0.0
2008-02-11,4.262499809265137,0.0
2008-02-12,4.356249809265137,0.0
2008-02-13,4.438125133514404,0.0
2008-02-14,4.337500095367432,0.0
2008-02-15,4.355625152587891,0.0
2008-02-19,4.393750190734863,0.0
2008-02-20,4.398749828338623,0.0
2008-02-21,4.321875095367432,0.0
2008-02-22,4.387499809265137,0.0
2008-02-25,4.493750095367432,0.0
2008-02-26,4.546875,0.0
2008-02-27,4.539374828338623,0.0
2008-02-28,4.443124771118164,0.0
2008-02-29,4.264999866485596,0.0
2008-03-03,4.219375133514404,0.0
2008-03-04,4.202499866485596,0.0
2008-03-05,4.255624771118164,0.0
2008-03-06,4.074375152587891,0.0
2008-03-07,3.999375104904175,0.0
2008-03-10,3.883125066757202,0.0
2008-03-11,4.174375057220459,0.0
2008-03-12,4.097499847412109,0.0
2008-03-13,4.112500190734863,0.0
2008-03-14,3.9831249713897705,0.0
2008-03-17,3.895625114440918,0.0
2008-03-18,4.218124866485596,0.0
2008-03-19,4.000625133514404,0.0
2008-03-20,4.150000095367432,0.0
2008-03-24,4.327499866485596,0.0
2008-03-25,4.317500114440918,0.009688
2008-03-26,4.206874847412109,0.0
2008-03-27,4.181250095367432,0.0
2008-03-28,4.100625038146973,0.0
2008-03-31,4.125,0.0
2008-04-01,4.409375190734863,0.0
2008-04-02,4.435625076293945,0.0
2008-04-03,4.458125114440918,0.0
2008-04-04,4.443124771118164,0.0
2008-04-07,4.4375,0.0
2008-04-08,4.432499885559082,0.0
2008-04-09,4.363124847412109,0.0
2008-04-10,4.384375095367432,0.0
2008-04-11,4.213749885559082,0.0
2008-04-14,4.175000190734863,0.0
2008-04-15,4.213125228881836,0.0
2008-04-16,4.425624847412109,0.0
2008-04-17,4.429999828338623,0.0
2008-04-18,4.534999847412109,0.0
2008-04-21,4.542500019073486,0.0
2008-04-22,4.496250152587891,0.0
2008-04-23,4.480625152587891,0.0
2008-04-24,4.516250133514404,0.0
2008-04-25,4.595624923706055,0.0
2008-04-28,4.599374771118164,0.0
2008-04-29,4.558125019073486,0.0
2008-04-30,4.510624885559082,0.0
2008-05-01,4.691874980926514,0.0
2008-05-02,4.715624809265137,0.0
2008-05-05,4.683125019073486,0.0
2008-05-06,4.753749847412109,0.0
2008-05-07,4.581250190734863,0.0
2008-05-08,4.566874980926514,0.0
2008-05-09,4.542500019073486,0.0
2008-05-12,4.654375076293945,0.0
2008-05-13,4.656875133514404,0.0
2008-05-14,4.681250095367432,0.0
2008-05-15,4.786874771118164,0.0
2008-05-16,4.79812479019165,0.0
2008-05-19,4.8125,0.0
2008-05-20,4.736875057220459,0.0
2008-05-21,4.574999809265137,0.0
2008-05-22,4.574999809265137,0.0
2008-05-23,4.461874961853027,0.0
2008-05-27,4.51687479019165,0.0
2008-05-28,4.570000171661377,0.0
2008-05-29,4.608749866485596,0.0
2008-05-30,4.616875171661377,0.0
2008-06-02,4.519374847412109,0.0
2008-06-03,4.487500190734863,0.0
2008-06-04,4.470624923706055,0.0
2008-06-05,4.654375076293945,0.0
2008-06-06,4.358749866485596,0.0
2008-06-09,4.385624885559082,0.0
2008-06-10,4.329999923706055,0.0
2008-06-11,4.206250190734863,0.0
2008-06-12,4.237500190734863,0.0
2008-06-13,4.34250020980835,0.0
2008-06-16,4.349374771118164,0.0
2008-06-17,4.300000190734863,0.0
2008-06-18,4.204999923706055,0.0
2008-06-19,4.225625038146973,0.0
2008-06-20,4.083749771118164,0.0
2008-06-23,4.070624828338623,0.0
2008-06-24,4.048749923706055,0.013375
2008-06-25,4.087500095367432,0.0
2008-06-26,3.8550000190734863,0.0
2008-06-27,3.8193750381469727,0.0
2008-06-30,3.8524999618530273,0.0
2008-07-01,3.868750095367432,0.0
2008-07-02,3.728749990463257,0.0
2008-07-03,3.7387499809265137,0.0
2008-07-07,3.6606249809265137,0.0
2008-07-08,3.793750047683716,0.0
2008-07-09,3.642499923706055,0.0
2008-07-10,3.691250085830689,0.0
2008-07-11,3.601249933242798,0.0
2008-07-14,3.523124933242798,0.0
2008-07-15,3.4287500381469727,0.0
2008-07-16,3.631249904632568,0.0
2008-07-17,3.663749933242798,0.0
2008-07-18,3.710624933242798,0.0
2008-07-21,3.728749990463257,0.0
2008-07-22,3.806250095367432,0.0
2008-07-23,3.839999914169312,0.0
2008-07-24,3.6675000190734863,0.0
2008-07-25,3.681250095367432,0.0
2008-07-28,3.563750028610229,0.0
2008-07-29,3.7200000286102295,0.0
2008-07-30,3.855624914169312,0.0
2008-07-31,3.7543749809265137,0.0
2008-08-01,3.714999914169312,0.0
2008-08-04,3.6493749618530273,0.0
2008-08-05,3.8368749618530273,0.0
2008-08-06,3.8662500381469727,0.0
2008-08-07,3.755625009536743,0.0
2008-08-08,3.900624990463257,0.0
2008-08-11,3.963124990463257,0.0
2008-08-12,3.890625,0.0
2008-08-13,3.8450000286102295,0.0
2008-08-14,3.898750066757202,0.0
2008-08-15,3.936875104904175,0.0
2008-08-18,3.831875085830689,0.0
2008-08-19,3.749375104904175,0.0
2008-08-20,3.780625104904175,0.0
2008-08-21,3.791249990463257,0.0
2008-08-22,3.8862500190734863,0.0
2008-08-25,3.744999885559082,0.0
2008-08-26,3.7643749713897705,0.0
2008-08-27,3.825624942779541,0.0
2008-08-28,3.921875,0.0
2008-08-29,3.838749885559082,0.0
2008-09-02,3.7956249713897705,0.0
2008-09-03,3.7881250381469727,0.0
2008-09-04,3.563124895095825,0.0
2008-09-05,3.5843749046325684,0.0
2008-09-08,3.732500076293945,0.0
2008-09-09,3.5,0.0
2008-09-10,3.53125,0.0
2008-09-11,3.633125066757202,0.0
2008-09-12,3.666249990463257,0.0
2008-09-15,3.321875095367432,0.0
2008-09-16,3.414999961853028,0.0
2008-09-17,3.125,0.0
2008-09-18,3.323124885559082,0.0
2008-09-19,3.577500104904175,0.0
2008-09-22,3.4049999713897705,0.0
2008-09-23,3.251250028610229,0.0
2008-09-24,3.266875028610229,0.008313
2008-09-25,3.346874952316284,0.0
2008-09-26,3.3712499141693115,0.0
2008-09-29,2.90625,0.0
2008-09-30,3.077500104904175,0.0
2008-10-01,3.078125,0.0
2008-10-02,2.825624942779541,0.0
2008-10-03,2.7481250762939453,0.0
2008-10-06,2.523750066757202,0.0
2008-10-07,2.252500057220459,0.0
2008-10-08,2.159374952316284,0.0
2008-10-09,1.856250047683716,0.0
2008-10-10,1.8125,0.0
2008-10-13,2.21875,0.0
2008-10-14,2.188124895095825,0.0
2008-10-15,1.8137500286102293,0.0
2008-10-16,1.932500004768372,0.0
2008-10-17,1.931249976158142,0.0
2008-10-20,2.101249933242798,0.0
2008-10-21,1.981250047683716,0.0
2008-10-22,1.7831250429153442,0.0
2008-10-23,1.784999966621399,0.0
2008-10-24,1.65625,0.0
2008-10-27,1.5456249713897705,0.0
2008-10-28,1.887500047683716,0.0
2008-10-29,1.841249942779541,0.0
2008-10-30,1.9275000095367432,0.0
2008-10-31,2.002500057220459,0.0
2008-11-03,2.0299999713897705,0.0
2008-11-04,2.140625,0.0
2008-11-05,1.941249966621399,0.0
2008-11-06,1.756250023841858,0.0
2008-11-07,1.850000023841858,0.0
2008-11-10,1.7725000381469729,0.0
2008-11-11,1.7181249856948853,0.0
2008-11-12,1.5525000095367432,0.0
2008-11-13,1.756250023841858,0.0
2008-11-14,1.5893750190734863,0.0
2008-11-17,1.5281250476837158,0.0
2008-11-18,1.5393749475479126,0.0
2008-11-19,1.3862500190734863,0.0
2008-11-20,1.1881250143051147,0.0
2008-11-21,1.325624942779541,0.0
2008-11-24,1.478124976158142,0.0
2008-11-25,1.5231250524520874,0.0
2008-11-26,1.6256250143051147,0.0
2008-11-28,1.662500023841858,0.0
2008-12-01,1.375,0.0
2008-12-02,1.4718749523162842,0.0
2008-12-03,1.5518749952316284,0.0
2008-12-04,1.4637500047683716,0.0
2008-12-05,1.5674999952316284,0.0
2008-12-08,1.678125023841858,0.0
2008-12-09,1.6162500381469729,0.0
2008-12-10,1.6475000381469729,0.0
2008-12-11,1.5625,0.0
2008-12-12,1.5787500143051147,0.0
2008-12-15,1.5425000190734863,0.0
2008-12-16,1.6956249475479126,0.0
2008-12-17,1.6649999618530271,0.0
2008-12-18,1.603124976158142,0.0
2008-12-19,1.5918749570846558,0.0
2008-12-22,1.540624976158142,0.0
2008-12-23,1.5106250047683716,0.003688
2008-12-24,1.524999976158142,0.0
2008-12-26,1.5418750047683716,0.0
2008-12-29,1.5368750095367432,0.0
2008-12-30,1.5987499952316284,0.0
2008-12-31,1.6418750286102295,0.0
2009-01-02,1.7431249618530271,0.0
2009-01-05,1.7412500381469729,0.0
2009-01-06,1.769374966621399,0.0
2009-01-07,1.668125033378601,0.0
2009-01-08,1.6793750524520874,0.0
2009-01-09,1.6043750047683716,0.0
2009-01-12,1.5318750143051147,0.0
2009-01-13,1.5331250429153442,0.0
2009-01-14,1.4375,0.0
2009-01-15,1.4406249523162842,0.0
2009-01-16,1.459375023841858,0.0
2009-01-20,1.306249976158142,0.0
2009-01-21,1.4175000190734863,0.0
2009-01-22,1.3762500286102295,0.0
2009-01-23,1.388124942779541,0.0
2009-01-26,1.4018750190734863,0.0
2009-01-27,1.4325000047683716,0.0
2009-01-28,1.5293749570846558,0.0
2009-01-29,1.4356249570846558,0.0
2009-01-30,1.371250033378601,0.0
2009-02-02,1.3681249618530271,0.0
2009-02-03,1.4056249856948853,0.0
2009-02-04,1.3925000429153442,0.0
2009-02-05,1.4287500381469729,0.0
2009-02-06,1.5099999904632568,0.0
2009-02-09,1.5162500143051147,0.0
2009-02-10,1.377500057220459,0.0
2009-02-11,1.3981250524520874,0.0
2009-02-12,1.4006249904632568,0.0
2009-02-13,1.3650000095367432,0.0
2009-02-17,1.2481249570846558,0.0
2009-02-18,1.240625023841858,0.0
2009-02-19,1.216249942779541,0.0
2009-02-20,1.1893750429153442,0.0
2009-02-23,1.1062500476837158,0.0
2009-02-24,1.190000057220459,0.0
2009-02-25,1.1687500476837158,0.0
2009-02-26,1.1331249475479126,0.0
2009-02-27,1.081874966621399,0.0
2009-03-02,0.984375,0.0
2009-03-03,0.9643750190734864,0.0
2009-03-04,1.011875033378601,0.0
2009-03-05,0.930625021457672,0.0
2009-03-06,0.928749978542328,0.0
2009-03-09,0.9087499976158142,0.0
2009-03-10,1.019374966621399,0.0
2009-03-11,1.0293749570846558,0.0
2009-03-12,1.111875057220459,0.0
2009-03-13,1.1299999952316284,0.0
2009-03-16,1.1256250143051147,0.0
2009-03-17,1.1931250095367432,0.0
2009-03-18,1.2431249618530271,0.0
2009-03-19,1.2137500047683716,0.0
2009-03-20,1.1637500524520874,0.0
2009-03-23,1.3300000429153442,0.0
2009-03-24,1.2725000381469729,0.00675
2009-03-25,1.2937500476837158,0.0
2009-03-26,1.3512500524520874,0.0
2009-03-27,1.3012499809265137,0.0
2009-03-30,1.2112499475479126,0.0
2009-03-31,1.2331249713897705,0.0
2009-04-01,1.2806249856948853,0.0
2009-04-02,1.3537499904632568,0.0
2009-04-03,1.3825000524520874,0.0
2009-04-06,1.3624999523162842,0.0
2009-04-07,1.2981250286102295,0.0
2009-04-08,1.3268749713897705,0.0
2009-04-09,1.431249976158142,0.0
2009-04-13,1.4381250143051147,0.0
2009-04-14,1.3862500190734863,0.0
2009-04-15,1.4143749475479126,0.0
2009-04-16,1.4581249952316284,0.0
2009-04-17,1.472499966621399,0.0
2009-04-20,1.3487499952316284,0.0
2009-04-21,1.402500033378601,0.0
2009-04-22,1.3862500190734863,0.0
2009-04-23,1.4112499952316284,0.0
2009-04-24,1.4550000429153442,0.0
2009-04-27,1.4268749952316284,0.0
2009-04-28,1.4175000190734863,0.0
2009-04-29,1.478124976158142,0.0
2009-04-30,1.4837499856948853,0.0
2009-05-01,1.4981249570846558,0.0
2009-05-04,1.5981249809265137,0.0
2009-05-05,1.584375023841858,0.0
2009-05-06,1.638124942779541,0.0
2009-05-07,1.5993750095367432,0.0
2009-05-08,1.6706249713897705,0.0
2009-05-11,1.6081249713897705,0.0
2009-05-12,1.5931249856948853,0.0
2009-05-13,1.5206249952316284,0.0
2009-05-14,1.5418750047683716,0.0
2009-05-15,1.515625,0.0
2009-05-18,1.6050000190734863,0.0
2009-05-19,1.5987499952316284,0.0
2009-05-20,1.5787500143051147,0.0
2009-05-21,1.5306249856948853,0.0
2009-05-22,1.5256249904632568,0.0
2009-05-26,1.6062500476837158,0.0
2009-05-27,1.546875,0.0
2009-05-28,1.5893750190734863,0.0
2009-05-29,1.649999976158142,0.0
2009-06-01,1.725000023841858,0.0
2009-06-02,1.7324999570846558,0.0
2009-06-03,1.6843750476837158,0.0
2009-06-04,1.7156250476837158,0.0
2009-06-05,1.7174999713897705,0.0
2009-06-08,1.7037500143051147,0.0
2009-06-09,1.7168749570846558,0.0
2009-06-10,1.7112499475479126,0.0
2009-06-11,1.7262500524520874,0.0
2009-06-12,1.7374999523162842,0.0
2009-06-15,1.652500033378601,0.0
2009-06-16,1.611875057220459,0.0
2009-06-17,1.6037499904632568,0.0
2009-06-18,1.627500057220459,0.0
2009-06-19,1.6393749713897705,0.0
2009-06-22,1.5412499904632568,0.0
2009-06-23,1.546875,0.0
2009-06-24,1.5637500286102295,0.005375
2009-06-25,1.6337499618530271,0.0
2009-06-26,1.6262500286102295,0.0
2009-06-29,1.6568750143051147,0.0
2009-06-30,1.6337499618530271,0.0
2009-07-01,1.6418750286102295,0.0
2009-07-02,1.5537500381469729,0.0
2009-07-06,1.5543750524520874,0.0
2009-07-07,1.4924999475479126,0.0
2009-07-08,1.490625023841858,0.0
2009-07-09,1.5,0.0
2009-07-10,1.488124966621399,0.0
2009-07-13,1.5625,0.0
2009-07-14,1.580625057220459,0.0
2009-07-15,1.669374942779541,0.0
2009-07-16,1.699375033378601,0.0
2009-07-17,1.7018749713897705,0.0
2009-07-20,1.7356250286102295,0.0
2009-07-21,1.7531249523162842,0.0
2009-07-22,1.752500057220459,0.0
2009-07-23,1.8287500143051147,0.0
2009-07-24,1.8487499952316284,0.0
2009-07-27,1.8581249713897705,0.0
2009-07-28,1.847499966621399,0.0
2009-07-29,1.8293750286102293,0.0
2009-07-30,1.8674999475479128,0.0
2009-07-31,1.870000004768372,0.0
2009-08-03,1.933750033378601,0.0
2009-08-04,1.945000052452088,0.0
2009-08-05,1.934375047683716,0.0
2009-08-06,1.914999961853028,0.0
2009-08-07,1.962499976158142,0.0
2009-08-10,1.953125,0.0
2009-08-11,1.903749942779541,0.0
2009-08-12,1.9456249475479128,0.0
2009-08-13,1.9768749475479128,0.0
2009-08-14,1.9487500190734863,0.0
2009-08-17,1.847499966621399,0.0
2009-08-18,1.8818750381469729,0.0
2009-08-19,1.9143749475479128,0.0
2009-08-20,1.9543750286102293,0.0
2009-08-21,2.025000095367432,0.0
2009-08-24,2.0299999713897705,0.0
2009-08-25,2.0356249809265137,0.0
2009-08-26,2.036250114440918,0.0
2009-08-27,2.047499895095825,0.0
2009-08-28,2.039999961853028,0.0
2009-08-31,2.008125066757202,0.0
2009-09-01,1.918750047683716,0.0
2009-09-02,1.904374957084656,0.0
2009-09-03,1.934999942779541,0.0
2009-09-04,1.9900000095367432,0.0
2009-09-08,2.024374961853028,0.0
2009-09-09,2.056250095367432,0.0
2009-09-10,2.0956249237060547,0.0
2009-09-11,2.096250057220459,0.0
2009-09-14,2.1206250190734863,0.0
2009-09-15,2.133125066757202,0.0
2009-09-16,2.198124885559082,0.0
2009-09-17,2.1937499046325684,0.0
2009-09-18,2.196249961853028,0.0
2009-09-21,2.1875,0.0
2009-09-22,2.2100000381469727,0.0
2009-09-23,2.1756250858306885,0.0
2009-09-24,2.119999885559082,0.005625
2009-09-25,2.0999999046325684,0.0
2009-09-28,2.1706249713897705,0.0
2009-09-29,2.1581249237060547,0.0
2009-09-30,2.1449999809265137,0.0
2009-10-01,2.0381250381469727,0.0
2009-10-02,2.0193750858306885,0.0
2009-10-05,2.0762500762939453,0.0
2009-10-06,2.1362500190734863,0.0
2009-10-07,2.149374961853028,0.0
2009-10-08,2.1831250190734863,0.0
2009-10-09,2.206249952316284,0.0
2009-10-12,2.226875066757202,0.0
2009-10-13,2.21875,0.0
2009-10-14,2.2925000190734863,0.0
2009-10-15,2.306250095367432,0.0
2009-10-16,2.273750066757202,0.0
2009-10-19,2.311875104904175,0.0
2009-10-20,2.289375066757202,0.0
2009-10-21,2.2462499141693115,0.0
2009-10-22,2.288749933242798,0.0
2009-10-23,2.241874933242798,0.0
2009-10-26,2.190624952316284,0.0
2009-10-27,2.1700000762939453,0.0
2009-10-28,2.0899999141693115,0.0
2009-10-29,2.1762499809265137,0.0
2009-10-30,2.0531249046325684,0.0
2009-11-02,2.0818750858306885,0.0
2009-11-03,2.0924999713897705,0.0
2009-11-04,2.101875066757202,0.0
2009-11-05,2.181250095367432,0.0
2009-11-06,2.1937499046325684,0.0
2009-11-09,2.294374942779541,0.0
2009-11-10,2.294374942779541,0.0
2009-11-11,2.317500114440918,0.0
2009-11-12,2.270625114440918,0.0
2009-11-13,2.2956249713897705,0.0
2009-11-16,2.361875057220459,0.0
2009-11-17,2.366874933242798,0.0
2009-11-18,2.3656249046325684,0.0
2009-11-19,2.3031249046325684,0.0
2009-11-20,2.288749933242798,0.0
2009-11-23,2.3481249809265137,0.0
2009-11-24,2.3506250381469727,0.0
2009-11-25,2.366874933242798,0.0
2009-11-27,2.291249990463257,0.0
2009-11-30,2.306250095367432,0.0
2009-12-01,2.358750104904175,0.0
2009-12-02,2.362499952316284,0.0
2009-12-03,2.325000047683716,0.0
2009-12-04,2.3499999046325684,0.0
2009-12-07,2.341249942779541,0.0
2009-12-08,2.2925000190734863,0.0
2009-12-09,2.306874990463257,0.0
2009-12-10,2.333125114440918,0.0
2009-12-11,2.3550000190734863,0.0
2009-12-14,2.385624885559082,0.0
2009-12-15,2.3631250858306885,0.0
2009-12-16,2.3712499141693115,0.0
2009-12-17,2.3143749237060547,0.0
2009-12-18,2.3393750190734863,0.0
2009-12-21,2.383749961853028,0.0
2009-12-22,2.403125047683716,0.0
2009-12-23,2.4131250381469727,0.000563
2009-12-24,2.4393749237060547,0.0
2009-12-28,2.446249961853028,0.0
2009-12-29,2.4412500858306885,0.0
2009-12-30,2.434999942779541,0.0
2009-12-31,2.390000104904175,0.0
2010-01-04,2.4668750762939453,0.0
2010-01-05,2.4831249713897705,0.0
2010-01-06,2.484999895095825,0.0
2010-01-07,2.505625009536743,0.0
2010-01-08,2.523124933242798,0.0
2010-01-11,2.53125,0.0
2010-01-12,2.483750104904175,0.0
2010-01-13,2.523750066757202,0.0
2010-01-14,2.5381250381469727,0.0
2010-01-15,2.4825000762939453,0.0
2010-01-19,2.543750047683716,0.0
2010-01-20,2.4906249046325684,0.0
2010-01-21,2.395625114440918,0.0
2010-01-22,2.291249990463257,0.0
2010-01-25,2.3106250762939453,0.0
2010-01-26,2.291874885559082,0.0
2010-01-27,2.313750028610229,0.0
2010-01-28,2.260624885559082,0.0
2010-01-29,2.210624933242798,0.0
2010-02-01,2.278125047683716,0.0
2010-02-02,2.3343749046325684,0.0
2010-02-03,2.311875104904175,0.0
2010-02-04,2.1706249713897705,0.0
2010-02-05,2.181874990463257,0.0
2010-02-08,2.1468749046325684,0.0
2010-02-09,2.1993749141693115,0.0
2010-02-10,2.190000057220459,0.0
2010-02-11,2.234999895095825,0.0
2010-02-12,2.231874942779541,0.0
2010-02-16,2.302500009536743,0.0
2010-02-17,2.3243749141693115,0.0
2010-02-18,2.352499961853028,0.0
2010-02-19,2.365000009536743,0.0
2010-02-22,2.362499952316284,0.0
2010-02-23,2.306874990463257,0.0
2010-02-24,2.346250057220459,0.0
2010-02-25,2.3424999713897705,0.0
2010-02-26,2.3456249237060547,0.0
2010-03-01,2.3924999237060547,0.0
2010-03-02,2.4043750762939453,0.0
2010-03-03,2.4100000858306885,0.0
2010-03-04,2.423125028610229,0.0
2010-03-05,2.494374990463257,0.0
2010-03-08,2.494999885559082,0.0
2010-03-09,2.502500057220459,0.0
2010-03-10,2.524374961853028,0.0
2010-03-11,2.546250104904175,0.0
2010-03-12,2.546250104904175,0.0
2010-03-15,2.548125028610229,0.0
2010-03-16,2.588749885559082,0.0
2010-03-17,2.619374990463257,0.0
2010-03-18,2.616874933242798,0.0
2010-03-19,2.590625047683716,0.0
2010-03-22,2.616874933242798,0.0
2010-03-23,2.6549999713897705,0.0
2010-03-24,2.619374990463257,0.010313
2010-03-25,2.6081249713897705,0.0
2010-03-26,2.610625028610229,0.0
2010-03-29,2.638124942779541,0.0
2010-03-30,2.643125057220459,0.0
2010-03-31,2.625624895095825,0.0
2010-04-01,2.6606249809265137,0.0
2010-04-05,2.703749895095825,0.0
2010-04-06,2.7168750762939453,0.0
2010-04-07,2.6875,0.0
2010-04-08,2.703749895095825,0.0
2010-04-09,2.739375114440918,0.0
2010-04-12,2.749375104904175,0.0
2010-04-13,2.7537500858306885,0.0
2010-04-14,2.8143749237060547,0.0
2010-04-15,2.819999933242798,0.0
2010-04-16,2.731874942779541,0.0
2010-04-19,2.751250028610229,0.0
2010-04-20,2.798125028610229,0.0
2010-04-21,2.7874999046325684,0.0
2010-04-22,2.804374933242798,0.0
2010-04-23,2.8393750190734863,0.0
2010-04-26,2.8193750381469727,0.0
2010-04-27,2.6875,0.0
2010-04-28,2.7249999046325684,0.0
2010-04-29,2.791874885559082,0.0
2010-04-30,2.6993749141693115,0.0
2010-05-03,2.7725000381469727,0.0
2010-05-04,2.640000104904175,0.0
2010-05-05,2.6056249141693115,0.0
2010-05-06,2.431250095367432,0.0
2010-05-07,2.3612499237060547,0.0
2010-05-10,2.5687499046325684,0.0
2010-05-11,2.5531249046325684,0.0
2010-05-12,2.625624895095825,0.0
2010-05-13,2.5606250762939453,0.0
2010-05-14,2.46875,0.0
2010-05-17,2.4706249237060547,0.0
2010-05-18,2.403749942779541,0.0
2010-05-19,2.3768749237060547,0.0
2010-05-20,2.194999933242798,0.0
2010-05-21,2.259375095367432,0.0
2010-05-24,2.2012500762939453,0.0
2010-05-25,2.206249952316284,0.0
2010-05-26,2.176875114440918,0.0
2010-05-27,2.325000047683716,0.0
2010-05-28,2.265000104904175,0.0
2010-06-01,2.188750028610229,0.0
2010-06-02,2.3012499809265137,0.0
2010-06-03,2.322499990463257,0.0
2010-06-04,2.1606249809265137,0.0
2010-06-07,2.101249933242798,0.0
2010-06-08,2.1449999809265137,0.0
2010-06-09,2.1231250762939453,0.0
2010-06-10,2.249375104904175,0.0
2010-06-11,2.2699999809265137,0.0
2010-06-14,2.265625,0.0
2010-06-15,2.366874933242798,0.0
2010-06-16,2.364375114440918,0.0
2010-06-17,2.3712499141693115,0.0
2010-06-18,2.375624895095825,0.0
2010-06-21,2.362499952316284,0.0
2010-06-22,2.2799999713897705,0.005063
2010-06-23,2.2643749713897705,0.0
2010-06-24,2.190624952316284,0.0
2010-06-25,2.2100000381469727,0.0
2010-06-28,2.193125009536743,0.0
2010-06-29,2.059999942779541,0.0
2010-06-30,2.013124942779541,0.0
2010-07-01,2.0043749809265137,0.0
2010-07-02,1.9787499904632568,0.0
2010-07-06,2.0043749809265137,0.0
2010-07-07,2.130625009536743,0.0
2010-07-08,2.171875,0.0
2010-07-09,2.203749895095825,0.0
2010-07-12,2.208750009536743,0.0
2010-07-13,2.276249885559082,0.0
2010-07-14,2.274374961853028,0.0
2010-07-15,2.276249885559082,0.0
2010-07-16,2.148750066757202,0.0
2010-07-19,2.1756250858306885,0.0
2010-07-20,2.221874952316284,0.0
2010-07-21,2.166249990463257,0.0
2010-07-22,2.2618749141693115,0.0
2010-07-23,2.299999952316284,0.0
2010-07-26,2.352499961853028,0.0
2010-07-27,2.3475000858306885,0.0
2010-07-28,2.318125009536743,0.0
2010-07-29,2.2950000762939453,0.0
2010-07-30,2.296250104904175,0.0
2010-08-02,2.3968749046325684,0.0
2010-08-03,2.375,0.0
2010-08-04,2.40625,0.0
2010-08-05,2.4018750190734863,0.0
2010-08-06,2.3812499046325684,0.0
2010-08-09,2.406874895095825,0.0
2010-08-10,2.3818750381469727,0.0
2010-08-11,2.250624895095825,0.0
2010-08-12,2.2225000858306885,0.0
2010-08-13,2.208125114440918,0.0
2010-08-16,2.208125114440918,0.0
2010-08-17,2.259375095367432,0.0
2010-08-18,2.2699999809265137,0.0
2010-08-19,2.1918749809265137,0.0
2010-08-20,2.1762499809265137,0.0
2010-08-23,2.1606249809265137,0.0
2010-08-24,2.0956249237060547,0.0
2010-08-25,2.109999895095825,0.0
2010-08-26,2.081249952316284,0.0
2010-08-27,2.1468749046325684,0.0
2010-08-30,2.085624933242798,0.0
2010-08-31,2.083750009536743,0.0
2010-09-01,2.2093749046325684,0.0
2010-09-02,2.25,0.0
2010-09-03,2.309375047683716,0.0
2010-09-07,2.258125066757202,0.0
2010-09-08,2.2874999046325684,0.0
2010-09-09,2.309999942779541,0.0
2010-09-10,2.3343749046325684,0.0
2010-09-13,2.385624885559082,0.0
2010-09-14,2.3812499046325684,0.0
2010-09-15,2.399374961853028,0.0
2010-09-16,2.3975000381469727,0.0
2010-09-17,2.4024999141693115,0.0
2010-09-20,2.4731249809265137,0.0
2010-09-21,2.456249952316284,0.007375
2010-09-22,2.434375047683716,0.0
2010-09-23,2.391875028610229,0.0
2010-09-24,2.4887499809265137,0.0
2010-09-27,2.4674999713897705,0.0
2010-09-28,2.485625028610229,0.0
2010-09-29,2.473750114440918,0.0
2010-09-30,2.460624933242798,0.0
2010-10-01,2.4806249141693115,0.0
2010-10-04,2.442500114440918,0.0
2010-10-05,2.541874885559082,0.0
2010-10-06,2.5425000190734863,0.0
2010-10-07,2.536250114440918,0.0
2010-10-08,2.563124895095825,0.0
2010-10-11,2.5687499046325684,0.0
2010-10-12,2.5843749046325684,0.0
2010-10-13,2.6231250762939453,0.0
2010-10-14,2.606874942779541,0.0
2010-10-15,2.614375114440918,0.0
2010-10-18,2.641875028610229,0.0
2010-10-19,2.568125009536743,0.0
2010-10-20,2.619999885559082,0.0
2010-10-21,2.630625009536743,0.0
2010-10-22,2.6424999237060547,0.0
2010-10-25,2.6549999713897705,0.0
2010-10-26,2.65625,0.0
2010-10-27,2.641875028610229,0.0
2010-10-28,2.645625114440918,0.0
2010-10-29,2.6468749046325684,0.0
2010-11-01,2.648750066757202,0.0
2010-11-02,2.690000057220459,0.0
2010-11-03,2.713749885559082,0.0
2010-11-04,2.8162500858306885,0.0
2010-11-05,2.838749885559082,0.0
2010-11-08,2.829375028610229,0.0
2010-11-09,2.786250114440918,0.0
2010-11-10,2.8087499141693115,0.0
2010-11-11,2.786875009536743,0.0
2010-11-12,2.7206249237060547,0.0
2010-11-15,2.712500095367432,0.0
2010-11-16,2.627500057220459,0.0
2010-11-17,2.628124952316284,0.0
2010-11-18,2.7093749046325684,0.0
2010-11-19,2.7225000858306885,0.0
2010-11-22,2.71875,0.0
2010-11-23,2.640000104904175,0.0
2010-11-24,2.7174999713897705,0.0
2010-11-26,2.658750057220459,0.0
2010-11-29,2.671250104904175,0.0
2010-11-30,2.6362500190734863,0.0
2010-12-01,2.750624895095825,0.0
2010-12-02,2.822499990463257,0.0
2010-12-03,2.836250066757202,0.0
2010-12-06,2.8299999237060547,0.0
2010-12-07,2.8343749046325684,0.0
2010-12-08,2.856874942779541,0.0
2010-12-09,2.8768749237060547,0.0
2010-12-10,2.9124999046325684,0.0
2010-12-13,2.913749933242798,0.0
2010-12-14,2.919374942779541,0.0
2010-12-15,2.8943750858306885,0.0
2010-12-16,2.924375057220459,0.0
2010-12-17,2.932499885559082,0.0
2010-12-20,2.9443750381469727,0.0
2010-12-21,2.981250047683716,0.0
2010-12-22,3.000624895095825,0.0
2010-12-23,2.993124961853028,0.000625
2010-12-27,2.996875047683716,0.0
2010-12-28,3.002500057220459,0.0
2010-12-29,3.0068750381469727,0.0
2010-12-30,2.999375104904175,0.0
2010-12-31,3.003124952316284,0.0
2011-01-03,3.0606250762939453,0.0
2011-01-04,3.056250095367432,0.0
2011-01-05,3.088124990463257,0.0
2011-01-06,3.0768749713897705,0.0
2011-01-07,3.065000057220459,0.0
2011-01-10,3.056874990463257,0.0
2011-01-11,3.077500104904175,0.0
2011-01-12,3.134375095367432,0.0
2011-01-13,3.127500057220459,0.0
2011-01-14,3.1675000190734863,0.0
2011-01-18,3.180000066757202,0.0
2011-01-19,3.116874933242798,0.0
2011-01-20,3.109375,0.0
2011-01-21,3.121875047683716,0.0
2011-01-24,3.1606249809265137,0.0
2011-01-25,3.159374952316284,0.0
2011-01-26,3.1837499141693115,0.0
2011-01-27,3.2018749713897705,0.0
2011-01-28,3.0893750190734863,0.0
2011-01-31,3.133125066757202,0.0
2011-02-01,3.2362499237060547,0.0
2011-02-02,3.221874952316284,0.0
2011-02-03,3.236875057220459,0.0
2011-02-04,3.2562499046325684,0.0
2011-02-07,3.296875,0.0
2011-02-08,3.3268749713897705,0.0
2011-02-09,3.309375047683716,0.0
2011-02-10,3.313750028610229,0.0
2011-02-11,3.352499961853028,0.0
2011-02-14,3.368124961853028,0.0
2011-02-15,3.3499999046325684,0.0
2011-02-16,3.387500047683716,0.0
2011-02-17,3.4100000858306885,0.0
2011-02-18,3.4237499237060547,0.0
2011-02-22,3.286875009536743,0.0
2011-02-23,3.243750095367432,0.0
2011-02-24,3.241874933242798,0.0
2011-02-25,3.309375047683716,0.0
2011-02-28,3.3506250381469727,0.0
2011-03-01,3.237499952316284,0.0
2011-03-02,3.251250028610229,0.0
2011-03-03,3.362499952316284,0.0
2011-03-04,3.3143749237060547,0.0
2011-03-07,3.260624885559082,0.0
2011-03-08,3.3162500858306885,0.0
2011-03-09,3.3081250190734863,0.0
2011-03-10,3.1856250762939453,0.0
2011-03-11,3.2300000190734863,0.0
2011-03-14,3.1912500858306885,0.0
2011-03-15,3.119999885559082,0.0
2011-03-16,3.0018749237060547,0.0
2011-03-17,3.0768749713897705,0.0
2011-03-18,3.101875066757202,0.0
2011-03-21,3.196875095367432,0.0
2011-03-22,3.174375057220459,0.0
2011-03-23,3.186875104904175,0.007813
2011-03-24,3.2462499141693115,0.0
2011-03-25,3.266875028610229,0.0
2011-03-28,3.251250028610229,0.0
2011-03-29,3.296250104904175,0.0
2011-03-30,3.337500095367432,0.0
2011-03-31,3.329375028610229,0.0
2011-04-01,3.356250047683716,0.0
2011-04-04,3.364375114440918,0.0
2011-04-05,3.362499952316284,0.0
2011-04-06,3.3818750381469727,0.0
2011-04-07,3.368750095367432,0.0
2011-04-08,3.3418750762939453,0.0
2011-04-11,3.3237500190734863,0.0
2011-04-12,3.2725000381469727,0.0
2011-04-13,3.270625114440918,0.0
2011-04-14,3.276249885559082,0.0
2011-04-15,3.302500009536743,0.0
2011-04-18,3.2249999046325684,0.0
2011-04-19,3.2612500190734863,0.0
2011-04-20,3.3506250381469727,0.0
2011-04-21,3.383749961853028,0.0
2011-04-25,3.380625009536743,0.0
2011-04-26,3.4375,0.0
2011-04-27,3.481250047683716,0.0
2011-04-28,3.5068750381469727,0.0
2011-04-29,3.520625114440918,0.0
2011-05-02,3.5112500190734863,0.0
2011-05-03,3.4825000762939453,0.0
2011-05-04,3.4362499713897705,0.0
2011-05-05,3.376250028610229,0.0
2011-05-06,3.403749942779541,0.0
2011-05-09,3.431250095367432,0.0
2011-05-10,3.4906249046325684,0.0
2011-05-11,3.418750047683716,0.0
2011-05-12,3.4487500190734863,0.0
2011-05-13,3.3949999809265137,0.0
2011-05-16,3.351249933242798,0.0
2011-05-17,3.351875066757202,0.0
2011-05-18,3.409374952316284,0.0
2011-05-19,3.4262499809265137,0.0
2011-05-20,3.3737499713897705,0.0
2011-05-23,3.294374942779541,0.0
2011-05-24,3.289375066757202,0.0
2011-05-25,3.3087499141693115,0.0
2011-05-26,3.338124990463257,0.0
2011-05-27,3.3637499809265137,0.0
2011-05-31,3.436875104904175,0.0
2011-06-01,3.2793750762939453,0.0
2011-06-02,3.273124933242798,0.0
2011-06-03,3.208750009536743,0.0
2011-06-06,3.141249895095825,0.0
2011-06-07,3.134999990463257,0.0
2011-06-08,3.108750104904175,0.0
2011-06-09,3.155625104904175,0.0
2011-06-10,3.0687499046325684,0.0
2011-06-13,3.071249961853028,0.0
2011-06-14,3.150000095367432,0.0
2011-06-15,3.039375066757202,0.0
2011-06-16,3.0506250858306885,0.0
2011-06-17,3.070625066757202,0.0
2011-06-20,3.101249933242798,0.0
2011-06-21,3.1837499141693115,0.0
2011-06-22,3.1443750858306885,0.002625
2011-06-23,3.1287500858306885,0.0
2011-06-24,3.055624961853028,0.0
2011-06-27,3.1050000190734863,0.0
2011-06-28,3.188124895095825,0.0
2011-06-29,3.2462499141693115,0.0
2011-06-30,3.305624961853028,0.0
2011-07-01,3.403125047683716,0.0
2011-07-05,3.3975000381469727,0.0
2011-07-06,3.4024999141693115,0.0
2011-07-07,3.479374885559082,0.0
2011-07-08,3.427500009536743,0.0
2011-07-11,3.305000066757202,0.0
2011-07-12,3.273750066757202,0.0
2011-07-13,3.2950000762939453,0.0
2011-07-14,3.2518749237060547,0.0
2011-07-15,3.2874999046325684,0.0
2011-07-18,3.231874942779541,0.0
2011-07-19,3.336250066757202,0.0
2011-07-20,3.333125114440918,0.0
2011-07-21,3.4256250858306885,0.0
2011-07-22,3.430000066757202,0.0
2011-07-25,3.393749952316284,0.0
2011-07-26,3.368124961853028,0.0
2011-07-27,3.2306249141693115,0.0
2011-07-28,3.2100000381469727,0.0
2011-07-29,3.166249990463257,0.0
2011-08-01,3.1362500190734863,0.0
2011-08-02,2.976875066757202,0.0
2011-08-03,3.010624885559082,0.0
2011-08-04,2.726875066757202,0.0
2011-08-05,2.7143750190734863,0.0
2011-08-08,2.3656249046325684,0.0
2011-08-09,2.586250066757202,0.0
2011-08-10,2.3475000858306885,0.0
2011-08-11,2.565000057220459,0.0
2011-08-12,2.601249933242798,0.0
2011-08-15,2.7100000381469727,0.0
2011-08-16,2.664375066757202,0.0
2011-08-17,2.6675000190734863,0.0
2011-08-18,2.4356250762939453,0.0
2011-08-19,2.3581249713897705,0.0
2011-08-22,2.358750104904175,0.0
2011-08-23,2.516875028610229,0.0
2011-08-24,2.583750009536743,0.0
2011-08-25,2.508125066757202,0.0
2011-08-26,2.5799999237060547,0.0
2011-08-29,2.728749990463257,0.0
2011-08-30,2.7387499809265137,0.0
2011-08-31,2.760624885559082,0.0
2011-09-01,2.710624933242798,0.0
2011-09-02,2.568125009536743,0.0
2011-09-06,2.531874895095825,0.0
2011-09-07,2.674999952316284,0.0
2011-09-08,2.618124961853028,0.0
2011-09-09,2.4800000190734863,0.0
2011-09-12,2.515000104904175,0.0
2011-09-13,2.559999942779541,0.0
2011-09-14,2.6293749809265137,0.0
2011-09-15,2.7206249237060547,0.0
2011-09-16,2.7543749809265137,0.0
2011-09-19,2.6987500190734863,0.0
2011-09-20,2.693125009536743,0.0
2011-09-21,2.521250009536743,0.005188
2011-09-22,2.365000009536743,0.0
2011-09-23,2.3868749141693115,0.0
2011-09-26,2.5062499046325684,0.0
2011-09-27,2.5625,0.0
2011-09-28,2.455625057220459,0.0
2011-09-29,2.496875047683716,0.0
2011-09-30,2.3731250762939453,0.0
2011-10-03,2.2387499809265137,0.0
2011-10-04,2.3268749713897705,0.0
2011-10-05,2.421875,0.0
2011-10-06,2.508749961853028,0.0
2011-10-07,2.477499961853028,0.0
2011-10-10,2.640625,0.0
2011-10-11,2.643125057220459,0.0
2011-10-12,2.690624952316284,0.0
2011-10-13,2.680624961853028,0.0
2011-10-14,2.773750066757202,0.0
2011-10-17,2.6675000190734863,0.0
2011-10-18,2.773124933242798,0.0
2011-10-19,2.704375028610229,0.0
2011-10-20,2.726875066757202,0.0
2011-10-21,2.829375028610229,0.0
2011-10-24,2.901249885559082,0.0
2011-10-25,2.791249990463257,0.0
2011-10-26,2.846250057220459,0.0
2011-10-27,3.0425000190734863,0.0
2011-10-28,3.0425000190734863,0.0
2011-10-31,2.890625,0.0
2011-11-01,2.734999895095825,0.0
2011-11-02,2.821875095367432,0.0
2011-11-03,2.9256250858306885,0.0
2011-11-04,2.888124942779541,0.0
2011-11-07,2.924999952316284,0.0
2011-11-08,2.999375104904175,0.0
2011-11-09,2.776249885559082,0.0
2011-11-10,2.828749895095825,0.0
2011-11-11,2.938750028610229,0.0
2011-11-14,2.8818750381469727,0.0
2011-11-15,2.9124999046325684,0.0
2011-11-16,2.821249961853028,0.0
2011-11-17,2.726875066757202,0.0
2011-11-18,2.7225000858306885,0.0
2011-11-21,2.618124961853028,0.0
2011-11-22,2.596250057220459,0.0
2011-11-23,2.4831249713897705,0.0
2011-11-25,2.4706249237060547,0.0
2011-11-28,2.614375114440918,0.0
2011-11-29,2.6287500858306885,0.0
2011-11-30,2.8456249237060547,0.0
2011-12-01,2.846874952316284,0.0
2011-12-02,2.843125104904175,0.0
2011-12-05,2.903749942779541,0.0
2011-12-06,2.905625104904175,0.0
2011-12-07,2.921250104904175,0.0
2011-12-08,2.799375057220459,0.0
2011-12-09,2.891249895095825,0.0
2011-12-12,2.806250095367432,0.0
2011-12-13,2.7568750381469727,0.0
2011-12-14,2.696249961853028,0.0
2011-12-15,2.7149999141693115,0.0
2011-12-16,2.721874952316284,0.0
2011-12-19,2.665625095367432,0.0
2011-12-20,2.8243749141693115,0.0
2011-12-21,2.836250066757202,0.0
2011-12-22,2.890000104904175,0.0
2011-12-23,2.9375,0.000563
2011-12-27,2.9412500858306885,0.0
2011-12-28,2.8706250190734863,0.0
2011-12-29,2.921875,0.0
2011-12-30,2.899374961853028,0.0
2012-01-03,2.9887499809265137,0.0
2012-01-04,2.9962499141693115,0.0
2012-01-05,3.015000104904175,0.0
2012-01-06,3.002500057220459,0.0
2012-01-09,3.009999990463257,0.0
2012-01-10,3.0625,0.0
2012-01-11,3.0668749809265137,0.0
2012-01-12,3.0799999237060547,0.0
2012-01-13,3.059999942779541,0.0
2012-01-17,3.0687499046325684,0.0
2012-01-18,3.137500047683716,0.0
2012-01-19,3.172499895095825,0.0
2012-01-20,3.176875114440918,0.0
2012-01-23,3.180000066757202,0.0
2012-01-24,3.173125028610229,0.0
2012-01-25,3.2256250381469727,0.0
2012-01-26,3.1918749809265137,0.0
2012-01-27,3.1875,0.0
2012-01-30,3.1681249141693115,0.0
2012-01-31,3.159374952316284,0.0
2012-02-01,3.215625047683716,0.0
2012-02-02,3.228749990463257,0.0
2012-02-03,3.321875095367432,0.0
2012-02-06,3.3168749809265137,0.0
2012-02-07,3.331249952316284,0.0
2012-02-08,3.351875066757202,0.0
2012-02-09,3.359999895095825,0.0
2012-02-10,3.3143749237060547,0.0
2012-02-13,3.356874942779541,0.0
2012-02-14,3.354374885559082,0.0
2012-02-15,3.321249961853028,0.0
2012-02-16,3.3893749713897705,0.0
2012-02-17,3.409374952316284,0.0
2012-02-21,3.415625095367432,0.0
2012-02-22,3.391875028610229,0.0
2012-02-23,3.421250104904175,0.0
2012-02-24,3.4362499713897705,0.0
2012-02-27,3.4512500762939453,0.0
2012-02-28,3.46875,0.0
2012-02-29,3.4262499809265137,0.0
2012-03-01,3.479374885559082,0.0
2012-03-02,3.458125114440918,0.0
2012-03-05,3.430624961853028,0.0
2012-03-06,3.325624942779541,0.0
2012-03-07,3.3712499141693115,0.0
2012-03-08,3.438124895095825,0.0
2012-03-09,3.463749885559082,0.0
2012-03-12,3.466249942779541,0.0
2012-03-13,3.593125104904175,0.0
2012-03-14,3.5843749046325684,0.0
2012-03-15,3.621875047683716,0.0
2012-03-16,3.6362500190734863,0.0
2012-03-19,3.663749933242798,0.0
2012-03-20,3.642499923706055,0.0
2012-03-21,3.619999885559082,0.008563
2012-03-22,3.5687499046325684,0.0
2012-03-23,3.5918750762939453,0.0
2012-03-26,3.691250085830689,0.0
2012-03-27,3.669374942779541,0.0
2012-03-28,3.633125066757202,0.0
2012-03-29,3.619374990463257,0.0
2012-03-30,3.6475000381469727,0.0
2012-04-02,3.700624942779541,0.0
2012-04-03,3.674999952316284,0.0
2012-04-04,3.595000028610229,0.0
2012-04-05,3.5956249237060547,0.0
2012-04-09,3.518125057220459,0.0
2012-04-10,3.3949999809265137,0.0
2012-04-11,3.444999933242798,0.0
2012-04-12,3.543750047683716,0.0
2012-04-13,3.454375028610229,0.0
2012-04-16,3.448124885559082,0.0
2012-04-17,3.554374933242798,0.0
2012-04-18,3.5293750762939453,0.0
2012-04-19,3.4881250858306885,0.0
2012-04-20,3.4962499141693115,0.0
2012-04-23,3.434999942779541,0.0
2012-04-24,3.463124990463257,0.0
2012-04-25,3.5606250762939453,0.0
2012-04-26,3.607500076293945,0.0
2012-04-27,3.621875047683716,0.0
2012-04-30,3.588749885559082,0.0
2012-05-01,3.6337499618530273,0.0
2012-05-02,3.6137499809265137,0.0
2012-05-03,3.559375047683716,0.0
2012-05-04,3.4443750381469727,0.0
2012-05-07,3.446875095367432,0.0
2012-05-08,3.421250104904175,0.0
2012-05-09,3.378124952316284,0.0
2012-05-10,3.390625,0.0
2012-05-11,3.372499942779541,0.0
2012-05-14,3.298125028610229,0.0
2012-05-15,3.262500047683716,0.0
2012-05-16,3.2362499237060547,0.0
2012-05-17,3.138124942779541,0.0
2012-05-18,3.0824999809265137,0.0
2012-05-21,3.1893749237060547,0.0
2012-05-22,3.200624942779541,0.0
2012-05-23,3.2068750858306885,0.0
2012-05-24,3.219374895095825,0.0
2012-05-25,3.195625066757202,0.0
2012-05-29,3.274374961853028,0.0
2012-05-30,3.1781249046325684,0.0
2012-05-31,3.180624961853028,0.0
2012-06-01,3.0043749809265137,0.0
2012-06-04,3.0043749809265137,0.0
2012-06-05,3.043750047683716,0.0
2012-06-06,3.184999942779541,0.0
2012-06-07,3.184999942779541,0.0
2012-06-08,3.2387499809265137,0.0
2012-06-11,3.1581249237060547,0.0
2012-06-12,3.2300000190734863,0.0
2012-06-13,3.186875104904175,0.0
2012-06-14,3.253124952316284,0.0
2012-06-15,3.3187499046325684,0.0
2012-06-18,3.3324999809265137,0.0
2012-06-19,3.400000095367432,0.0
2012-06-20,3.384999990463257,0.003625
2012-06-21,3.231874942779541,0.0
2012-06-22,3.276249885559082,0.0
2012-06-25,3.174999952316284,0.0
2012-06-26,3.2068750858306885,0.0
2012-06-27,3.2643749713897705,0.0
2012-06-28,3.246875047683716,0.0
2012-06-29,3.4081249237060547,0.0
2012-07-02,3.4281249046325684,0.0
2012-07-03,3.4749999046325684,0.0
2012-07-05,3.443125009536743,0.0
2012-07-06,3.375624895095825,0.0
2012-07-09,3.3656249046325684,0.0
2012-07-10,3.3125,0.0
2012-07-11,3.311875104904175,0.0
2012-07-12,3.28125,0.0
2012-07-13,3.3818750381469727,0.0
2012-07-16,3.371875047683716,0.0
2012-07-17,3.416874885559082,0.0
2012-07-18,3.466249942779541,0.0
2012-07-19,3.483750104904175,0.0
2012-07-20,3.421875,0.0
2012-07-23,3.3550000190734863,0.0
2012-07-24,3.301875114440918,0.0
2012-07-25,3.2950000762939453,0.0
2012-07-26,3.399374961853028,0.0
2012-07-27,3.531874895095825,0.0
2012-07-30,3.528749942779541,0.0
2012-07-31,3.494374990463257,0.0
2012-08-01,3.4756250381469727,0.0
2012-08-02,3.4287500381469727,0.0
2012-08-03,3.5612499713897705,0.0
2012-08-06,3.5737500190734863,0.0
2012-08-07,3.6081249713897705,0.0
2012-08-08,3.619374990463257,0.0
2012-08-09,3.627500057220459,0.0
2012-08-10,3.638124942779541,0.0
2012-08-13,3.638124942779541,0.0
2012-08-14,3.634999990463257,0.0
2012-08-15,3.638750076293945,0.0
2012-08-16,3.695625066757202,0.0
2012-08-17,3.7074999809265137,0.0
2012-08-20,3.7074999809265137,0.0
2012-08-21,3.6831250190734863,0.0
2012-08-22,3.684999942779541,0.0
2012-08-23,3.626874923706055,0.0
2012-08-24,3.6706249713897705,0.0
2012-08-27,3.6706249713897705,0.0
2012-08-28,3.666249990463257,0.0
2012-08-29,3.668750047683716,0.0
2012-08-30,3.617500066757202,0.0
2012-08-31,3.655625104904175,0.0
2012-09-04,3.631249904632568,0.0
2012-09-05,3.635624885559082,0.0
2012-09-06,3.783750057220459,0.0
2012-09-07,3.8168749809265137,0.0
2012-09-10,3.771874904632568,0.0
2012-09-11,3.791874885559082,0.0
2012-09-12,3.8168749809265137,0.0
2012-09-13,3.9375,0.0
2012-09-14,3.966875076293945,0.0
2012-09-17,3.943749904632568,0.0
2012-09-18,3.939374923706055,0.0
2012-09-19,3.939374923706055,0.0
2012-09-20,3.941250085830689,0.0
2012-09-21,3.934999942779541,0.0
2012-09-24,3.921875,0.0
2012-09-25,3.841875076293945,0.007375
2012-09-26,3.791874885559082,0.0
2012-09-27,3.864375114440918,0.0
2012-09-28,3.826250076293945,0.0
2012-10-01,3.847500085830689,0.0
2012-10-02,3.853749990463257,0.0
2012-10-03,3.884999990463257,0.0
2012-10-04,3.9462499618530273,0.0
2012-10-05,3.941250085830689,0.0
2012-10-08,3.913749933242798,0.0
2012-10-09,3.8393750190734863,0.0
2012-10-10,3.790625095367432,0.0
2012-10-11,3.791874885559082,0.0
2012-10-12,3.767499923706055,0.0
2012-10-15,3.826250076293945,0.0
2012-10-16,3.904375076293945,0.0
2012-10-17,3.943125009536743,0.0
2012-10-18,3.924375057220459,0.0
2012-10-19,3.789375066757202,0.0
2012-10-22,3.791249990463257,0.0
2012-10-23,3.685625076293945,0.0
2012-10-24,3.666874885559082,0.0
2012-10-25,3.683749914169312,0.0
2012-10-26,3.679374933242798,0.0
2012-10-31,3.6675000190734863,0.0
2012-11-01,3.758125066757202,0.0
2012-11-02,3.689374923706055,0.0
2012-11-05,3.704999923706055,0.0
2012-11-06,3.759999990463257,0.0
2012-11-07,3.594374895095825,0.0
2012-11-08,3.503124952316284,0.0
2012-11-09,3.509999990463257,0.0
2012-11-12,3.515625,0.0
2012-11-13,3.493750095367432,0.0
2012-11-14,3.398750066757202,0.0
2012-11-15,3.385624885559082,0.0
2012-11-16,3.415625095367432,0.0
2012-11-19,3.554374933242798,0.0
2012-11-20,3.563124895095825,0.0
2012-11-21,3.575624942779541,0.0
2012-11-23,3.6706249713897705,0.0
2012-11-26,3.660000085830689,0.0
2012-11-27,3.625,0.0
2012-11-28,3.6731250286102295,0.0
2012-11-29,3.712500095367432,0.0
2012-11-30,3.7018749713897705,0.0
2012-12-03,3.6731250286102295,0.0
2012-12-04,3.662499904632568,0.0
2012-12-05,3.678124904632568,0.0
2012-12-06,3.698124885559082,0.0
2012-12-07,3.7256250381469727,0.0
2012-12-10,3.728125095367432,0.0
2012-12-11,3.777499914169312,0.0
2012-12-12,3.78125,0.0
2012-12-13,3.740000009536743,0.0
2012-12-14,3.708750009536743,0.0
2012-12-17,3.793750047683716,0.0
2012-12-18,3.881249904632568,0.0
2012-12-19,3.820625066757202,0.0
2012-12-20,3.8662500381469727,0.0
2012-12-21,3.795000076293945,0.0
2012-12-24,3.771250009536743,0.0
2012-12-26,3.729374885559082,0.007
2012-12-27,3.726249933242798,0.0
2012-12-28,3.643749952316284,0.0
2012-12-31,3.771874904632568,0.0
2013-01-02,3.955625057220459,0.0
2013-01-03,3.9362499713897705,0.0
2013-01-04,3.970624923706055,0.0
2013-01-07,3.9518749713897705,0.0
2013-01-08,3.928124904632568,0.0
2013-01-09,3.950000047683716,0.0
2013-01-10,4.008124828338623,0.0
2013-01-11,4.011250019073486,0.0
2013-01-14,4.001874923706055,0.0
2013-01-15,4.008749961853027,0.0
2013-01-16,4.007500171661377,0.0
2013-01-17,4.058125019073486,0.0
2013-01-18,4.078125,0.0
2013-01-22,4.120625019073486,0.0
2013-01-23,4.132500171661377,0.0
2013-01-24,4.135624885559082,0.0
2013-01-25,4.184374809265137,0.0
2013-01-28,4.176249980926514,0.0
2013-01-29,4.206250190734863,0.0
2013-01-30,4.174375057220459,0.0
2013-01-31,4.159375190734863,0.0
2013-02-01,4.234375,0.0
2013-02-04,4.143125057220459,0.0
2013-02-05,4.226874828338623,0.0
2013-02-06,4.231874942779541,0.0
2013-02-07,4.223124980926514,0.0
2013-02-08,4.265625,0.0
2013-02-11,4.264999866485596,0.0
2013-02-12,4.278749942779541,0.0
2013-02-13,4.286874771118164,0.0
2013-02-14,4.296249866485596,0.0
2013-02-15,4.286250114440918,0.0
2013-02-19,4.346250057220459,0.0
2013-02-20,4.236875057220459,0.0
2013-02-21,4.188125133514404,0.0
2013-02-22,4.267499923706055,0.0
2013-02-25,4.11062479019165,0.0
2013-02-26,4.162499904632568,0.0
2013-02-27,4.26687479019165,0.0
2013-02-28,4.249374866485596,0.0
2013-03-01,4.276875019073486,0.0
2013-03-04,4.321249961853027,0.0
2013-03-05,4.400000095367432,0.0
2013-03-06,4.414374828338623,0.0
2013-03-07,4.433125019073486,0.0
2013-03-08,4.46999979019165,0.0
2013-03-11,4.50124979019165,0.0
2013-03-12,4.480625152587891,0.0
2013-03-13,4.490624904632568,0.0
2013-03-14,4.538750171661377,0.0
2013-03-15,4.526875019073486,0.0
2013-03-18,4.479374885559082,0.0
2013-03-19,4.456874847412109,0.0
2013-03-20,4.512499809265137,0.002
2013-03-21,4.440000057220459,0.0
2013-03-22,4.506875038146973,0.0
2013-03-25,4.476250171661377,0.0
2013-03-26,4.544374942779541,0.0
2013-03-27,4.539999961853027,0.0
2013-03-28,4.56125020980835,0.0
2013-04-01,4.533124923706055,0.0
2013-04-02,4.57937479019165,0.0
2013-04-03,4.48562479019165,0.0
2013-04-04,4.522500038146973,0.0
2013-04-05,4.481249809265137,0.0
2013-04-08,4.543125152587891,0.0
2013-04-09,4.571875095367432,0.0
2013-04-10,4.6875,0.0
2013-04-11,4.716875076293945,0.0
2013-04-12,4.692500114440918,0.0
2013-04-15,4.476874828338623,0.0
2013-04-16,4.604374885559082,0.0
2013-04-17,4.469375133514404,0.0
2013-04-18,4.412499904632568,0.0
2013-04-19,4.485000133514404,0.0
2013-04-22,4.533124923706055,0.0
2013-04-23,4.625625133514404,0.0
2013-04-24,4.637499809265137,0.0
2013-04-25,4.670000076293945,0.0
2013-04-26,4.652500152587891,0.0
2013-04-29,4.711249828338623,0.0
2013-04-30,4.737500190734863,0.0
2013-05-01,4.651875019073486,0.0
2013-05-02,4.73562479019165,0.0
2013-05-03,4.828125,0.0
2013-05-06,4.861249923706055,0.0
2013-05-07,4.908124923706055,0.0
2013-05-08,4.953125,0.0
2013-05-09,4.928750038146973,0.0
2013-05-10,4.959374904632568,0.0
2013-05-13,4.965624809265137,0.0
2013-05-14,5.070000171661377,0.0
2013-05-15,5.123125076293945,0.0
2013-05-16,5.074999809265137,0.0
2013-05-17,5.174375057220459,0.0
2013-05-20,5.171249866485596,0.0
2013-05-21,5.189374923706055,0.0
2013-05-22,5.100625038146973,0.0
2013-05-23,5.082499980926514,0.0
2013-05-24,5.068749904632568,0.0
2013-05-28,5.125,0.0
2013-05-29,5.065000057220459,0.0
2013-05-30,5.099999904632568,0.0
2013-05-31,4.953125,0.0
2013-06-03,5.005624771118164,0.0
2013-06-04,4.962500095367432,0.0
2013-06-05,4.819375038146973,0.0
2013-06-06,4.904375076293945,0.0
2013-06-07,5.026249885559082,0.0
2013-06-10,5.026249885559082,0.0
2013-06-11,4.927499771118164,0.0
2013-06-12,4.848124980926514,0.0
2013-06-13,4.991875171661377,0.0
2013-06-14,4.928750038146973,0.0
2013-06-17,5.004374980926514,0.0
2013-06-18,5.07937479019165,0.0
2013-06-19,4.943124771118164,0.0
2013-06-20,4.698750019073486,0.0
2013-06-21,4.724374771118164,0.0
2013-06-24,4.607500076293945,0.0
2013-06-25,4.696249961853027,0.0
2013-06-26,4.781875133514404,0.003313
2013-06-27,4.837500095367432,0.0
2013-06-28,4.79562520980835,0.0
2013-07-01,4.849374771118164,0.0
2013-07-02,4.837500095367432,0.0
2013-07-03,4.848750114440918,0.0
2013-07-05,4.954999923706055,0.0
2013-07-08,5.009375095367432,0.0
2013-07-09,5.083125114440918,0.0
2013-07-10,5.085625171661377,0.0
2013-07-11,5.224999904632568,0.0
2013-07-12,5.223750114440918,0.0
2013-07-15,5.273125171661377,0.0
2013-07-16,5.228750228881836,0.0
2013-07-17,5.256875038146973,0.0
2013-07-18,5.313125133514404,0.0
2013-07-19,5.335625171661377,0.0
2013-07-22,5.354374885559082,0.0
2013-07-23,5.331874847412109,0.0
2013-07-24,5.291874885559082,0.0
2013-07-25,5.3125,0.0
2013-07-26,5.323750019073486,0.0
2013-07-29,5.293125152587891,0.0
2013-07-30,5.294374942779541,0.0
2013-07-31,5.295000076293945,0.0
2013-08-01,5.422500133514404,0.0
2013-08-02,5.441874980926514,0.0
2013-08-05,5.426875114440918,0.0
2013-08-06,5.368750095367432,0.0
2013-08-07,5.331874847412109,0.0
2013-08-08,5.361249923706055,0.0
2013-08-09,5.333125114440918,0.0
2013-08-12,5.321875095367432,0.0
2013-08-13,5.355625152587891,0.0
2013-08-14,5.303124904632568,0.0
2013-08-15,5.145625114440918,0.0
2013-08-16,5.118124961853027,0.0
2013-08-19,5.051875114440918,0.0
2013-08-20,5.098124980926514,0.0
2013-08-21,5.035624980926514,0.0
2013-08-22,5.125625133514404,0.0
2013-08-23,5.159375190734863,0.0
2013-08-26,5.124374866485596,0.0
2013-08-27,4.956250190734863,0.0
2013-08-28,4.989999771118164,0.0
2013-08-29,5.006875038146973,0.0
2013-08-30,4.973124980926514,0.0
2013-09-03,5.017499923706055,0.0
2013-09-04,5.103125095367432,0.0
2013-09-05,5.109375,0.0
2013-09-06,5.116875171661377,0.0
2013-09-09,5.220624923706055,0.0
2013-09-10,5.29562520980835,0.0
2013-09-11,5.32687520980835,0.0
2013-09-12,5.304375171661377,0.0
2013-09-13,5.321875095367432,0.0
2013-09-16,5.387499809265137,0.0
2013-09-17,5.434374809265137,0.0
2013-09-18,5.559374809265137,0.0
2013-09-19,5.542500019073486,0.0
2013-09-20,5.458749771118164,0.0
2013-09-23,5.414999961853027,0.0
2013-09-24,5.386250019073486,0.0
2013-09-25,5.355000019073486,0.005375
2013-09-26,5.388750076293945,0.0
2013-09-27,5.34375,0.0
2013-09-30,5.289999961853027,0.0
2013-10-01,5.368750095367432,0.0
2013-10-02,5.351250171661377,0.0
2013-10-03,5.262499809265137,0.0
2013-10-04,5.335000038146973,0.0
2013-10-07,5.246874809265137,0.0
2013-10-08,5.124374866485596,0.0
2013-10-09,5.125,0.0
2013-10-10,5.346250057220459,0.0
2013-10-11,5.418125152587891,0.0
2013-10-14,5.463749885559082,0.0
2013-10-15,5.385000228881836,0.0
2013-10-16,5.53249979019165,0.0
2013-10-17,5.606874942779541,0.0
2013-10-18,5.681250095367432,0.0
2013-10-21,5.681875228881836,0.0
2013-10-22,5.745625019073486,0.0
2013-10-23,5.695000171661377,0.0
2013-10-24,5.735000133514404,0.0
2013-10-25,5.78000020980835,0.0
2013-10-28,5.802499771118164,0.0
2013-10-29,5.865624904632568,0.0
2013-10-30,5.804999828338623,0.0
2013-10-31,5.769999980926514,0.0
2013-11-01,5.792500019073486,0.0
2013-11-04,5.837500095367432,0.0
2013-11-05,5.804375171661377,0.0
2013-11-06,5.859375,0.0
2013-11-07,5.710000038146973,0.0
2013-11-08,5.861875057220459,0.0
2013-11-11,5.865624904632568,0.0
2013-11-12,5.841249942779541,0.0
2013-11-13,5.93625020980835,0.0
2013-11-14,5.998125076293945,0.0
2013-11-15,6.04812479019165,0.0
2013-11-18,6.007500171661377,0.0
2013-11-19,5.977499961853027,0.0
2013-11-20,5.944375038146973,0.0
2013-11-21,6.038125038146973,0.0
2013-11-22,6.09375,0.0
2013-11-25,6.091875076293945,0.0
2013-11-26,6.088125228881836,0.0
2013-11-27,6.112500190734863,0.0
2013-11-29,6.103125095367432,0.0
2013-12-02,6.079999923706055,0.0
2013-12-03,6.03125,0.0
2013-12-04,6.018750190734863,0.0
2013-12-05,5.969375133514404,0.0
2013-12-06,6.103750228881836,0.0
2013-12-09,6.130000114440918,0.0
2013-12-10,6.086249828338623,0.0
2013-12-11,5.949375152587891,0.0
2013-12-12,5.913750171661377,0.0
2013-12-13,5.908750057220459,0.0
2013-12-16,5.98312520980835,0.0
2013-12-17,5.938125133514404,0.0
2013-12-18,6.13937520980835,0.0
2013-12-19,6.137499809265137,0.0
2013-12-20,6.199375152587891,0.0
2013-12-23,6.268750190734863,0.0
2013-12-24,6.291874885559082,0.005875
2013-12-26,6.355625152587891,0.0
2013-12-27,6.355000019073486,0.0
2013-12-30,6.348750114440918,0.0
2013-12-31,6.409999847412109,0.0
2014-01-02,6.286874771118164,0.0
2014-01-03,6.278749942779541,0.0
2014-01-06,6.25,0.0
2014-01-07,6.321875095367432,0.0
2014-01-08,6.324375152587891,0.0
2014-01-09,6.334374904632568,0.0
2014-01-10,6.361875057220459,0.0
2014-01-13,6.198124885559082,0.0
2014-01-14,6.32937479019165,0.0
2014-01-15,6.402500152587891,0.0
2014-01-16,6.381249904632568,0.0
2014-01-17,6.327499866485596,0.0
2014-01-21,6.362500190734863,0.0
2014-01-22,6.375,0.0
2014-01-23,6.271874904632568,0.0
2014-01-24,6.001874923706055,0.0
2014-01-27,5.938125133514404,0.0
2014-01-28,6.010000228881836,0.0
2014-01-29,5.894999980926514,0.0
2014-01-30,6.021249771118164,0.0
2014-01-31,5.946249961853027,0.0
2014-02-03,5.673749923706055,0.0
2014-02-04,5.756875038146973,0.0
2014-02-05,5.743750095367432,0.0
2014-02-06,5.889999866485596,0.0
2014-02-07,6.042500019073486,0.0
2014-02-10,6.060625076293945,0.0
2014-02-11,6.193749904632568,0.0
2014-02-12,6.203125,0.0
2014-02-13,6.264999866485596,0.0
2014-02-14,6.333125114440918,0.0
2014-02-18,6.351250171661377,0.0
2014-02-19,6.267499923706055,0.0
2014-02-20,6.333749771118164,0.0
2014-02-21,6.323124885559082,0.0
2014-02-24,6.386250019073486,0.0
2014-02-25,6.387499809265137,0.0
2014-02-26,6.385624885559082,0.0
2014-02-27,6.454999923706055,0.0
2014-02-28,6.485000133514404,0.0
2014-03-03,6.395625114440918,0.0
2014-03-04,6.581250190734863,0.0
2014-03-05,6.579999923706055,0.0
2014-03-06,6.618124961853027,0.0
2014-03-07,6.619999885559082,0.0
2014-03-10,6.618750095367432,0.0
2014-03-11,6.550624847412109,0.0
2014-03-12,6.553750038146973,0.0
2014-03-13,6.40625,0.0
2014-03-14,6.368750095367432,0.0
2014-03-17,6.480000019073486,0.0
2014-03-18,6.575624942779541,0.0
2014-03-19,6.511875152587891,0.0
2014-03-20,6.577499866485596,0.0
2014-03-21,6.528749942779541,0.0
2014-03-24,6.476250171661377,0.0
2014-03-25,6.538125038146973,0.0
2014-03-26,6.439374923706055,0.001875
2014-03-27,6.418125152587891,0.0
2014-03-28,6.471875190734863,0.0
2014-03-31,6.581874847412109,0.0
2014-04-01,6.666250228881836,0.0
2014-04-02,6.711874961853027,0.0
2014-04-03,6.696875095367432,0.0
2014-04-04,6.538750171661377,0.0
2014-04-07,6.393125057220459,0.0
2014-04-08,6.442500114440918,0.0
2014-04-09,6.582499980926514,0.0
2014-04-10,6.303124904632568,0.0
2014-04-11,6.191249847412109,0.0
2014-04-14,6.287499904632568,0.0
2014-04-15,6.377500057220459,0.0
2014-04-16,6.503125190734863,0.0
2014-04-17,6.522500038146973,0.0
2014-04-21,6.572500228881836,0.0
2014-04-22,6.62624979019165,0.0
2014-04-23,6.602499961853027,0.0
2014-04-24,6.62375020980835,0.0
2014-04-25,6.518750190734863,0.0
2014-04-28,6.558125019073486,0.0
2014-04-29,6.614999771118164,0.0
2014-04-30,6.663125038146973,0.0
2014-05-01,6.65625,0.0
2014-05-02,6.638750076293945,0.0
2014-05-05,6.664999961853027,0.0
2014-05-06,6.550624847412109,0.0
2014-05-07,6.624374866485596,0.0
2014-05-08,6.608749866485596,0.0
2014-05-09,6.632500171661377,0.0
2014-05-12,6.758124828338623,0.0
2014-05-13,6.768125057220459,0.0
2014-05-14,6.706874847412109,0.0
2014-05-15,6.587500095367432,0.0
2014-05-16,6.636250019073486,0.0
2014-05-19,6.683125019073486,0.0
2014-05-20,6.590624809265137,0.0
2014-05-21,6.70437479019165,0.0
2014-05-22,6.739375114440918,0.0
2014-05-23,6.794374942779541,0.0
2014-05-27,6.878125190734863,0.0
2014-05-28,6.865624904632568,0.0
2014-05-29,6.938125133514404,0.0
2014-05-30,6.956874847412109,0.0
2014-06-02,6.973750114440918,0.0
2014-06-03,6.96875,0.0
2014-06-04,6.997499942779541,0.0
2014-06-05,7.085000038146973,0.0
2014-06-06,7.153749942779541,0.0
2014-06-09,7.169374942779541,0.0
2014-06-10,7.171875,0.0
2014-06-11,7.121874809265137,0.0
2014-06-12,7.020625114440918,0.0
2014-06-13,7.061874866485596,0.0
2014-06-16,7.071249961853027,0.0
2014-06-17,7.108749866485596,0.0
2014-06-18,7.213749885559082,0.0
2014-06-19,7.233749866485596,0.0
2014-06-20,7.260000228881836,0.0
2014-06-23,7.258124828338623,0.0
2014-06-24,7.168125152587891,0.0
2014-06-25,7.224999904632568,0.005688
2014-06-26,7.213749885559082,0.0
2014-06-27,7.242499828338623,0.0
2014-06-30,7.236249923706055,0.0
2014-07-01,7.331874847412109,0.0
2014-07-02,7.345624923706055,0.0
2014-07-03,7.423749923706055,0.0
2014-07-07,7.368124961853027,0.0
2014-07-08,7.270625114440918,0.0
2014-07-09,7.337500095367432,0.0
2014-07-10,7.279375076293945,0.0
2014-07-11,7.297500133514404,0.0
2014-07-14,7.371250152587891,0.0
2014-07-15,7.345624923706055,0.0
2014-07-16,7.400000095367432,0.0
2014-07-17,7.230000019073486,0.0
2014-07-18,7.37624979019165,0.0
2014-07-21,7.345624923706055,0.0
2014-07-22,7.409999847412109,0.0
2014-07-23,7.445000171661377,0.0
2014-07-24,7.443124771118164,0.0
2014-07-25,7.374374866485596,0.0
2014-07-28,7.378125190734863,0.0
2014-07-29,7.315000057220459,0.0
2014-07-30,7.320000171661377,0.0
2014-07-31,7.028124809265137,0.0
2014-08-01,6.986249923706055,0.0
2014-08-04,7.083749771118164,0.0
2014-08-05,6.946249961853027,0.0
2014-08-06,6.948124885559082,0.0
2014-08-07,6.872499942779541,0.0
2014-08-08,7.03249979019165,0.0
2014-08-11,7.071249961853027,0.0
2014-08-12,7.052499771118164,0.0
2014-08-13,7.151875019073486,0.0
2014-08-14,7.216249942779541,0.0
2014-08-15,7.214375019073486,0.0
2014-08-18,7.334374904632568,0.0
2014-08-19,7.408750057220459,0.0
2014-08-20,7.449999809265137,0.0
2014-08-21,7.490624904632568,0.0
2014-08-22,7.46750020980835,0.0
2014-08-25,7.545000076293945,0.0
2014-08-26,7.556875228881836,0.0
2014-08-27,7.550624847412109,0.0
2014-08-28,7.538750171661377,0.0
2014-08-29,7.581250190734863,0.0
2014-09-02,7.573124885559082,0.0
2014-09-03,7.568124771118164,0.0
2014-09-04,7.541250228881836,0.0
2014-09-05,7.611875057220459,0.0
2014-09-08,7.571875095367432,0.0
2014-09-09,7.478125095367432,0.0
2014-09-10,7.53249979019165,0.0
2014-09-11,7.545000076293945,0.0
2014-09-12,7.459374904632568,0.0
2014-09-15,7.445624828338623,0.0
2014-09-16,7.560625076293945,0.0
2014-09-17,7.577499866485596,0.0
2014-09-18,7.658124923706055,0.0
2014-09-19,7.643750190734863,0.0
2014-09-22,7.528124809265137,0.0
2014-09-23,7.443124771118164,0.0
2014-09-24,7.556250095367432,0.00325
2014-09-25,7.306875228881836,0.0
2014-09-26,7.427499771118164,0.0
2014-09-29,7.398125171661377,0.0
2014-09-30,7.355625152587891,0.0
2014-10-01,7.161874771118164,0.0
2014-10-02,7.161250114440918,0.0
2014-10-03,7.318124771118164,0.0
2014-10-06,7.299375057220459,0.0
2014-10-07,7.078125,0.0
2014-10-08,7.321875095367432,0.0
2014-10-09,7.028749942779541,0.0
2014-10-10,6.871874809265137,0.0
2014-10-13,6.643125057220459,0.0
2014-10-14,6.672500133514404,0.0
2014-10-15,6.568124771118164,0.0
2014-10-16,6.557499885559082,0.0
2014-10-17,6.71750020980835,0.0
2014-10-20,6.848124980926514,0.0
2014-10-21,7.118750095367432,0.0
2014-10-22,7.019999980926514,0.0
2014-10-23,7.178750038146973,0.0
2014-10-24,7.283124923706055,0.0
2014-10-27,7.21875,0.0
2014-10-28,7.433125019073486,0.0
2014-10-29,7.414999961853027,0.0
2014-10-30,7.509375095367432,0.0
2014-10-31,7.677499771118164,0.0
2014-11-03,7.685625076293945,0.0
2014-11-04,7.636250019073486,0.0
2014-11-05,7.732500076293945,0.0
2014-11-06,7.795000076293945,0.0
2014-11-07,7.806875228881836,0.0
2014-11-10,7.853750228881836,0.0
2014-11-11,7.868750095367432,0.0
2014-11-12,7.855000019073486,0.0
2014-11-13,7.866875171661377,0.0
2014-11-14,7.87375020980835,0.0
2014-11-17,7.883749961853027,0.0
2014-11-18,7.973750114440918,0.0
2014-11-19,7.945624828338623,0.0
2014-11-20,7.976250171661377,0.0
2014-11-21,8.056249618530273,0.0
2014-11-24,8.108124732971191,0.0
2014-11-25,8.100000381469727,0.0
2014-11-26,8.136249542236328,0.0
2014-11-28,8.102499961853027,0.0
2014-12-01,7.988749980926514,0.0
2014-12-02,8.085624694824219,0.0
2014-12-03,8.15250015258789,0.0
2014-12-04,8.130000114440918,0.0
2014-12-05,8.161874771118164,0.0
2014-12-08,8.051250457763672,0.0
2014-12-09,8.036874771118164,0.0
2014-12-10,7.781875133514404,0.0
2014-12-11,7.852499961853027,0.0
2014-12-12,7.605625152587891,0.0
2014-12-15,7.492499828338623,0.0
2014-12-16,7.374374866485596,0.0
2014-12-17,7.672500133514404,0.0
2014-12-18,8.0493745803833,0.0
2014-12-19,8.114999771118164,0.0
2014-12-22,8.171250343322754,0.01525
2014-12-23,8.198124885559082,0.0
2014-12-24,8.197500228881836,0.0
2014-12-26,8.253125190734863,0.0
2014-12-29,8.2681245803833,0.0
2014-12-30,8.18375015258789,0.0
2014-12-31,8.01937484741211,0.0
2015-01-02,8.008749961853027,0.0
2015-01-05,7.716875076293945,0.0
2015-01-06,7.578125,0.0
2015-01-07,7.76687479019165,0.0
2015-01-08,8.039999961853027,0.0
2015-01-09,7.901249885559082,0.0
2015-01-12,7.779375076293945,0.0
2015-01-13,7.739375114440918,0.0
2015-01-14,7.643125057220459,0.0
2015-01-15,7.504374980926514,0.0
2015-01-16,7.696249961853027,0.0
2015-01-20,7.731874942779541,0.0
2015-01-21,7.808125019073486,0.0
2015-01-22,8.040624618530273,0.0
2015-01-23,7.949999809265137,0.0
2015-01-26,7.988749980926514,0.0
2015-01-27,7.778749942779541,0.0
2015-01-28,7.576250076293945,0.0
2015-01-29,7.721250057220459,0.0
2015-01-30,7.526249885559082,0.0
2015-02-02,7.704999923706055,0.0
2015-02-03,7.929375171661377,0.0
2015-02-04,7.869375228881836,0.0
2015-02-05,8.035625457763672,0.0
2015-02-06,7.985000133514404,0.0
2015-02-09,7.912499904632568,0.0
2015-02-10,8.077500343322754,0.0
2015-02-11,8.090624809265137,0.0
2015-02-12,8.244375228881836,0.0
2015-02-13,8.311875343322754,0.0
2015-02-17,8.34375,0.0
2015-02-18,8.341875076293945,0.0
2015-02-19,8.332500457763672,0.0
2015-02-20,8.428125381469727,0.0
2015-02-23,8.42562484741211,0.0
2015-02-24,8.475000381469727,0.0
2015-02-25,8.454999923706055,0.0
2015-02-26,8.436875343322754,0.0
2015-02-27,8.384374618530273,0.0
2015-03-02,8.485625267028809,0.0
2015-03-03,8.413749694824219,0.0
2015-03-04,8.3462495803833,0.0
2015-03-05,8.361249923706055,0.0
2015-03-06,8.1274995803833,0.0
2015-03-09,8.194375038146973,0.0
2015-03-10,7.926249980926514,0.0
2015-03-11,7.89187479019165,0.0
2015-03-12,8.089374542236328,0.0
2015-03-13,7.994375228881836,0.0
2015-03-16,8.2056245803833,0.0
2015-03-17,8.15250015258789,0.0
2015-03-18,8.346875190734863,0.0
2015-03-19,8.26937484741211,0.0
2015-03-20,8.415624618530273,0.0
2015-03-23,8.388750076293945,0.0
2015-03-24,8.286874771118164,0.0
2015-03-25,8.03499984741211,0.015375
2015-03-26,7.998125076293945,0.0
2015-03-27,8.029999732971191,0.0
2015-03-30,8.227499961853027,0.0
2015-03-31,8.081250190734863,0.0
2015-04-01,8.028124809265137,0.0
2015-04-02,8.0756254196167,0.0
2015-04-06,8.188124656677246,0.0
2015-04-07,8.149374961853027,0.0
2015-04-08,8.198749542236328,0.0
2015-04-09,8.273124694824219,0.0
2015-04-10,8.358750343322754,0.0
2015-04-13,8.286874771118164,0.0
2015-04-14,8.31624984741211,0.0
2015-04-15,8.390000343322754,0.0
2015-04-16,8.384374618530273,0.0
2015-04-17,8.191875457763672,0.0
2015-04-20,8.341875076293945,0.0
2015-04-21,8.321249961853027,0.0
2015-04-22,8.401874542236328,0.0
2015-04-23,8.443750381469727,0.0
2015-04-24,8.4818754196167,0.0
2015-04-27,8.410625457763672,0.0
2015-04-28,8.46500015258789,0.0
2015-04-29,8.3931245803833,0.0
2015-04-30,8.229999542236328,0.0
2015-05-01,8.403124809265137,0.0
2015-05-04,8.45687484741211,0.0
2015-05-05,8.260000228881836,0.0
2015-05-06,8.189374923706055,0.0
2015-05-07,8.25374984741211,0.0
2015-05-08,8.473750114440918,0.0
2015-05-11,8.388750076293945,0.0
2015-05-12,8.338749885559082,0.0
2015-05-13,8.34375,0.0
2015-05-14,8.515625,0.0
2015-05-15,8.534375190734863,0.0
2015-05-18,8.585000038146973,0.0
2015-05-19,8.578125,0.0
2015-05-20,8.56624984741211,0.0
2015-05-21,8.618749618530273,0.0
2015-05-22,8.578749656677246,0.0
2015-05-26,8.396249771118164,0.0
2015-05-27,8.545000076293945,0.0
2015-05-28,8.529999732971191,0.0
2015-05-29,8.420000076293945,0.0
2015-06-01,8.454999923706055,0.0
2015-06-02,8.442500114440918,0.0
2015-06-03,8.489999771118164,0.0
2015-06-04,8.353750228881836,0.0
2015-06-05,8.31624984741211,0.0
2015-06-08,8.208749771118164,0.0
2015-06-09,8.208749771118164,0.0
2015-06-10,8.399999618530273,0.0
2015-06-11,8.452500343322754,0.0
2015-06-12,8.329999923706055,0.0
2015-06-15,8.251250267028809,0.0
2015-06-16,8.342499732971191,0.0
2015-06-17,8.369999885559082,0.0
2015-06-18,8.537500381469727,0.0
2015-06-19,8.4399995803833,0.0
2015-06-22,8.55875015258789,0.0
2015-06-23,8.56624984741211,0.0
2015-06-24,8.431249618530273,0.00975
2015-06-25,8.3774995803833,0.0
2015-06-26,8.37874984741211,0.0
2015-06-29,8.037500381469727,0.0
2015-06-30,8.06624984741211,0.0
2015-07-01,8.186249732971191,0.0
2015-07-02,8.173749923706055,0.0
2015-07-06,8.125,0.0
2015-07-07,8.21875,0.0
2015-07-08,7.951250076293945,0.0
2015-07-09,7.974999904632568,0.0
2015-07-10,8.178750038146973,0.0
2015-07-13,8.358750343322754,0.0
2015-07-14,8.4350004196167,0.0
2015-07-15,8.427499771118164,0.0
2015-07-16,8.555000305175781,0.0
2015-07-17,8.572500228881836,0.0
2015-07-20,8.582500457763672,0.0
2015-07-21,8.511249542236328,0.0
2015-07-22,8.475000381469727,0.0
2015-07-23,8.388750076293945,0.0
2015-07-24,8.210000038146973,0.0
2015-07-27,8.114999771118164,0.0
2015-07-28,8.3100004196167,0.0
2015-07-29,8.426250457763672,0.0
2015-07-30,8.431249618530273,0.0
2015-07-31,8.40625,0.0
2015-08-03,8.3462495803833,0.0
2015-08-04,8.311249732971191,0.0
2015-08-05,8.373749732971191,0.0
2015-08-06,8.24625015258789,0.0
2015-08-07,8.204999923706055,0.0
2015-08-10,8.407500267028809,0.0
2015-08-11,8.251250267028809,0.0
2015-08-12,8.270000457763672,0.0
2015-08-13,8.25374984741211,0.0
2015-08-14,8.311249732971191,0.0
2015-08-17,8.40625,0.0
2015-08-18,8.354999542236328,0.0
2015-08-19,8.22249984741211,0.0
2015-08-20,7.881249904632568,0.0
2015-08-21,7.389999866485596,0.0
2015-08-24,6.778749942779541,0.0
2015-08-25,6.616250038146973,0.0
2015-08-26,7.128749847412109,0.0
2015-08-27,7.474999904632568,0.0
2015-08-28,7.473750114440918,0.0
2015-08-31,7.357500076293945,0.0
2015-09-01,6.911250114440918,0.0
2015-09-02,7.178750038146973,0.0
2015-09-03,7.190000057220459,0.0
2015-09-04,6.972499847412109,0.0
2015-09-08,7.328750133514404,0.0
2015-09-09,7.125,0.0
2015-09-10,7.201250076293945,0.0
2015-09-11,7.264999866485596,0.0
2015-09-14,7.212500095367432,0.0
2015-09-15,7.392499923706055,0.0
2015-09-16,7.525000095367432,0.0
2015-09-17,7.487500190734863,0.0
2015-09-18,7.244999885559082,0.0
2015-09-21,7.31374979019165,0.0
2015-09-22,7.130000114440918,0.0
2015-09-23,7.098750114440918,0.0
2015-09-24,7.058750152587891,0.0
2015-09-25,7.048749923706055,0.0
2015-09-28,6.692500114440918,0.0
2015-09-29,6.701250076293945,0.0
2015-09-30,6.949999809265137,0.0
2015-10-01,6.989999771118164,0.0
2015-10-02,7.197500228881836,0.0
2015-10-05,7.451250076293945,0.0
2015-10-06,7.400000095367432,0.0
2015-10-07,7.521249771118164,0.0
2015-10-08,7.65749979019165,0.0
2015-10-09,7.664999961853027,0.0
2015-10-12,7.678750038146973,0.0
2015-10-13,7.585000038146973,0.0
2015-10-14,7.505000114440918,0.0
2015-10-15,7.739999771118164,0.0
2015-10-16,7.802499771118164,0.0
2015-10-19,7.81125020980835,0.0
2015-10-20,7.793749809265137,0.0
2015-10-21,7.703750133514404,0.0
2015-10-22,7.953750133514404,0.0
2015-10-23,8.137499809265137,0.0
2015-10-26,8.09749984741211,0.0
2015-10-27,8.061249732971191,0.0
2015-10-28,8.244999885559082,0.0
2015-10-29,8.238750457763672,0.0
2015-10-30,8.162500381469727,0.0
2015-11-02,8.352499961853027,0.0
2015-11-03,8.40250015258789,0.0
2015-11-04,8.354999542236328,0.0
2015-11-05,8.336250305175781,0.0
2015-11-06,8.329999923706055,0.0
2015-11-09,8.175000190734863,0.0
2015-11-10,8.202500343322754,0.0
2015-11-11,8.145000457763672,0.0
2015-11-12,7.918749809265137,0.0
2015-11-13,7.738749980926514,0.0
2015-11-16,7.972499847412109,0.0
2015-11-17,7.954999923706055,0.0
2015-11-18,8.21500015258789,0.0
2015-11-19,8.199999809265137,0.0
2015-11-20,8.260000228881836,0.0
2015-11-23,8.242500305175781,0.0
2015-11-24,8.261249542236328,0.0
2015-11-25,8.262499809265137,0.0
2015-11-27,8.276249885559082,0.0
2015-11-30,8.211250305175781,0.0
2015-12-01,8.366250038146973,0.0
2015-12-02,8.193750381469727,0.0
2015-12-03,7.960000038146973,0.0
2015-12-04,8.271249771118164,0.0
2015-12-07,8.170000076293945,0.0
2015-12-08,8.0625,0.0
2015-12-09,7.934999942779541,0.0
2015-12-10,7.976250171661377,0.0
2015-12-11,7.658750057220459,0.0
2015-12-14,7.744999885559082,0.0
2015-12-15,7.909999847412109,0.0
2015-12-16,8.135000228881836,0.0
2015-12-17,7.897500038146973,0.0
2015-12-18,7.598750114440918,0.0
2015-12-21,7.727499961853027,0.0
2015-12-22,7.84375,0.02425
2015-12-23,8.03499984741211,0.0
2015-12-24,8.0024995803833,0.0
2015-12-28,7.977499961853027,0.0
2015-12-29,8.142499923706055,0.0
2015-12-30,8.0337495803833,0.0
2015-12-31,7.875,0.0
2016-01-04,7.648749828338623,0.0
2016-01-05,7.682499885559082,0.0
2016-01-06,7.476250171661377,0.0
2016-01-07,7.119999885559082,0.0
2016-01-08,6.96750020980835,0.0
2016-01-11,6.971250057220459,0.0
2016-01-12,7.079999923706055,0.0
2016-01-13,6.732500076293945,0.0
2016-01-14,6.952499866485596,0.0
2016-01-15,6.651249885559082,0.0
2016-01-19,6.667500019073486,0.0
2016-01-20,6.510000228881836,0.0
2016-01-21,6.577499866485596,0.0
2016-01-22,6.84375,0.0
2016-01-25,6.642499923706055,0.0
2016-01-26,6.81374979019165,0.0
2016-01-27,6.670000076293945,0.0
2016-01-28,6.741250038146973,0.0
2016-01-29,7.058750152587891,0.0
2016-02-01,7.065000057220459,0.0
2016-02-02,6.800000190734863,0.0
2016-02-03,6.885000228881836,0.0
2016-02-04,6.90500020980835,0.0
2016-02-05,6.648749828338623,0.0
2016-02-08,6.463749885559082,0.0
2016-02-09,6.457499980926514,0.0
2016-02-10,6.449999809265137,0.0
2016-02-11,6.292500019073486,0.0
2016-02-12,6.542500019073486,0.0
2016-02-16,6.758749961853027,0.0
2016-02-17,6.982500076293945,0.0
2016-02-18,6.926249980926514,0.0
2016-02-19,6.918749809265137,0.0
2016-02-22,7.117499828338623,0.0
2016-02-23,6.948750019073486,0.0
2016-02-24,7.007500171661377,0.0
2016-02-25,7.175000190734863,0.0
2016-02-26,7.141250133514404,0.0
2016-02-29,7.014999866485596,0.0
2016-03-01,7.361249923706055,0.0
2016-03-02,7.427499771118164,0.0
2016-03-03,7.478750228881836,0.0
2016-03-04,7.523749828338623,0.0
2016-03-07,7.546249866485596,0.0
2016-03-08,7.37375020980835,0.0
2016-03-09,7.448750019073486,0.0
2016-03-10,7.456250190734863,0.0
2016-03-11,7.703750133514404,0.0
2016-03-14,7.677499771118164,0.0
2016-03-15,7.661250114440918,0.0
2016-03-16,7.74875020980835,0.0
2016-03-17,7.84250020980835,0.0
2016-03-18,7.90625,0.0
2016-03-21,7.926249980926514,0.0
2016-03-22,7.916250228881836,0.0
2016-03-23,7.800000190734863,0.0
2016-03-24,7.789999961853027,0.0
2016-03-28,7.796249866485596,0.0
2016-03-29,7.949999809265137,0.0
2016-03-30,8.013750076293945,0.0
2016-03-31,7.977499961853027,0.0
2016-04-01,8.079999923706055,0.0
2016-04-04,8.0287504196167,0.0
2016-04-05,7.869999885559082,0.0
2016-04-06,8.03499984741211,0.0
2016-04-07,7.84250020980835,0.0
2016-04-08,7.891250133514404,0.0
2016-04-11,7.848750114440918,0.0
2016-04-12,8.0,0.0
2016-04-13,8.154999732971191,0.0
2016-04-14,8.15625,0.0
2016-04-15,8.133749961853027,0.0
2016-04-18,8.25,0.0
2016-04-19,8.298749923706055,0.0
2016-04-20,8.317500114440918,0.0
2016-04-21,8.226249694824219,0.0
2016-04-22,8.233750343322754,0.0
2016-04-25,8.196249961853027,0.0
2016-04-26,8.226249694824219,0.0
2016-04-27,8.261249542236328,0.0
2016-04-28,8.114999771118164,0.0
2016-04-29,8.024999618530273,0.0
2016-05-02,8.145000457763672,0.0
2016-05-03,8.00374984741211,0.0
2016-05-04,7.909999847412109,0.0
2016-05-05,7.916250228881836,0.0
2016-05-06,7.96750020980835,0.0
2016-05-09,7.986249923706055,0.0
2016-05-10,8.176250457763672,0.0
2016-05-11,8.02750015258789,0.0
2016-05-12,8.032500267028809,0.0
2016-05-13,7.891250133514404,0.0
2016-05-16,8.043749809265137,0.0
2016-05-17,7.900000095367432,0.0
2016-05-18,7.902500152587891,0.0
2016-05-19,7.847499847412109,0.0
2016-05-20,7.9375,0.0
2016-05-23,7.917500019073486,0.0
2016-05-24,8.12125015258789,0.0
2016-05-25,8.227499961853027,0.0
2016-05-26,8.236249923706055,0.0
2016-05-27,8.303750038146973,0.0
2016-05-31,8.279999732971191,0.0
2016-06-01,8.313750267028809,0.0
2016-06-02,8.362500190734863,0.0
2016-06-03,8.3100004196167,0.0
2016-06-06,8.398750305175781,0.0
2016-06-07,8.420000076293945,0.0
2016-06-08,8.473750114440918,0.0
2016-06-09,8.451250076293945,0.0
2016-06-10,8.295000076293945,0.0
2016-06-13,8.164999961853027,0.0
2016-06-14,8.133749961853027,0.0
2016-06-15,8.107500076293945,0.0
2016-06-16,8.1587495803833,0.0
2016-06-17,8.09375,0.0
2016-06-20,8.196249961853027,0.0
2016-06-21,8.243749618530273,0.0
2016-06-22,8.204999923706055,0.010875
2016-06-23,8.414999961853027,0.0
2016-06-24,7.803750038146973,0.0
2016-06-27,7.528749942779541,0.0
2016-06-28,7.798749923706055,0.0
2016-06-29,8.071249961853027,0.0
2016-06-30,8.282500267028809,0.0
2016-07-01,8.321249961853027,0.0
2016-07-05,8.203749656677246,0.0
2016-07-06,8.301250457763672,0.0
2016-07-07,8.287500381469727,0.0
2016-07-08,8.536250114440918,0.0
2016-07-11,8.600000381469727,0.0
2016-07-12,8.72249984741211,0.0
2016-07-13,8.717499732971191,0.0
2016-07-14,8.813750267028809,0.0
2016-07-15,8.795000076293945,0.0
2016-07-18,8.8412504196167,0.0
2016-07-19,8.819999694824219,0.0
2016-07-20,8.896249771118164,0.0
2016-07-21,8.823749542236328,0.0
2016-07-22,8.90999984741211,0.0
2016-07-25,8.862500190734863,0.0
2016-07-26,8.863750457763672,0.0
2016-07-27,8.845000267028809,0.0
2016-07-28,8.863750457763672,0.0
2016-07-29,8.895000457763672,0.0
2016-08-01,8.8774995803833,0.0
2016-08-02,8.767499923706055,0.0
2016-08-03,8.819999694824219,0.0
2016-08-04,8.831250190734863,0.0
2016-08-05,8.97249984741211,0.0
2016-08-08,8.96875,0.0
2016-08-09,8.973750114440918,0.0
2016-08-10,8.9350004196167,0.0
2016-08-11,9.012499809265137,0.0
2016-08-12,8.9975004196167,0.0
2016-08-15,9.048749923706056,0.0
2016-08-16,8.958749771118164,0.0
2016-08-17,8.986249923706055,0.0
2016-08-18,9.0287504196167,0.0
2016-08-19,9.005000114440918,0.0
2016-08-22,9.001250267028809,0.0
2016-08-23,9.03125,0.0
2016-08-24,8.948749542236328,0.0
2016-08-25,8.932499885559082,0.0
2016-08-26,8.896249771118164,0.0
2016-08-29,8.981249809265137,0.0
2016-08-30,8.949999809265137,0.0
2016-08-31,8.9037504196167,0.0
2016-09-01,8.901249885559082,0.0
2016-09-02,8.979999542236328,0.0
2016-09-06,9.036250114440918,0.0
2016-09-07,9.037500381469728,0.0
2016-09-08,8.994999885559082,0.0
2016-09-09,8.557499885559082,0.0
2016-09-12,8.806249618530273,0.0
2016-09-13,8.552499771118164,0.0
2016-09-14,8.538749694824219,0.0
2016-09-15,8.717499732971191,0.0
2016-09-16,8.646249771118164,0.0
2016-09-19,8.648750305175781,0.0
2016-09-20,8.651249885559082,0.0
2016-09-21,8.829999923706055,0.007625
2016-09-22,8.946249961853027,0.0
2016-09-23,8.8462495803833,0.0
2016-09-26,8.704999923706055,0.0
2016-09-27,8.811249732971191,0.0
2016-09-28,8.898750305175781,0.0
2016-09-29,8.739999771118164,0.0
2016-09-30,8.87125015258789,0.0
2016-10-03,8.819999694824219,0.0
2016-10-04,8.742500305175781,0.0
2016-10-05,8.8125,0.0
2016-10-06,8.827500343322754,0.0
2016-10-07,8.762499809265137,0.0
2016-10-10,8.850000381469727,0.0
2016-10-11,8.635000228881836,0.0
2016-10-12,8.6537504196167,0.0
2016-10-13,8.59375,0.0
2016-10-14,8.602499961853027,0.0
2016-10-17,8.546250343322754,0.0
2016-10-18,8.642499923706055,0.0
2016-10-19,8.6850004196167,0.0
2016-10-20,8.65999984741211,0.0
2016-10-21,8.662500381469727,0.0
2016-10-24,8.733750343322754,0.0
2016-10-25,8.681249618530273,0.0
2016-10-26,8.643750190734863,0.0
2016-10-27,8.601249694824219,0.0
2016-10-28,8.547499656677246,0.0
2016-10-31,8.545000076293945,0.0
2016-11-01,8.427499771118164,0.0
2016-11-02,8.321249961853027,0.0
2016-11-03,8.244999885559082,0.0
2016-11-04,8.22249984741211,0.0
2016-11-07,8.579999923706055,0.0
2016-11-08,8.657500267028809,0.0
2016-11-09,8.851249694824219,0.0
2016-11-10,8.890000343322754,0.0
2016-11-11,8.850000381469727,0.0
2016-11-14,8.864999771118164,0.0
2016-11-15,9.0,0.0
2016-11-16,8.96875,0.0
2016-11-17,9.061249732971191,0.0
2016-11-18,9.021249771118164,0.0
2016-11-21,9.14875030517578,0.0
2016-11-22,9.188750267028809,0.0
2016-11-23,9.198749542236328,0.0
2016-11-25,9.266249656677246,0.0
2016-11-28,9.186249732971191,0.0
2016-11-29,9.2162504196167,0.0
2016-11-30,9.162500381469728,0.0
2016-12-01,9.09375,0.0
2016-12-02,9.108750343322754,0.0
2016-12-05,9.2162504196167,0.0
2016-12-06,9.276249885559082,0.0
2016-12-07,9.512499809265137,0.0
2016-12-08,9.567500114440918,0.0
2016-12-09,9.676250457763672,0.0
2016-12-12,9.654999732971191,0.0
2016-12-13,9.78499984741211,0.0
2016-12-14,9.626250267028809,0.0
2016-12-15,9.696249961853027,0.0
2016-12-16,9.667499542236328,0.0
2016-12-19,9.698749542236328,0.0
2016-12-20,9.772500038146973,0.0
2016-12-21,9.717499732971191,0.01175
2016-12-22,9.682499885559082,0.0
2016-12-23,9.706250190734863,0.0
2016-12-27,9.7524995803833,0.0
2016-12-28,9.59749984741211,0.0
2016-12-29,9.587499618530272,0.0
2016-12-30,9.517499923706056,0.0
2017-01-03,9.657500267028809,0.0
2017-01-04,9.771249771118164,0.0
2017-01-05,9.75374984741211,0.0
2017-01-06,9.824999809265137,0.0
2017-01-09,9.760000228881836,0.0
2017-01-10,9.758749961853027,0.0
2017-01-11,9.8125,0.0
2017-01-12,9.767499923706056,0.0
2017-01-13,9.80875015258789,0.0
2017-01-17,9.738750457763672,0.0
2017-01-18,9.779999732971191,0.0
2017-01-19,9.712499618530272,0.0
2017-01-20,9.770000457763672,0.0
2017-01-23,9.727499961853027,0.0
2017-01-24,9.842499732971191,0.0
2017-01-25,10.010000228881836,0.0
2017-01-26,9.998749732971191,0.0
2017-01-27,9.97249984741211,0.0
2017-01-30,9.852499961853027,0.0
2017-01-31,9.84749984741211,0.0
2017-02-01,9.850000381469728,0.0
2017-02-02,9.854999542236328,0.0
2017-02-03,9.993749618530272,0.0
2017-02-06,9.958749771118164,0.0
2017-02-07,9.962499618530272,0.0
2017-02-08,9.988750457763672,0.0
2017-02-09,10.095000267028809,0.0
2017-02-10,10.173749923706056,0.0
2017-02-13,10.287500381469728,0.0
2017-02-14,10.375,0.0
2017-02-15,10.477499961853027,0.0
2017-02-16,10.46500015258789,0.0
2017-02-17,10.486249923706056,0.0
2017-02-21,10.612500190734863,0.0
2017-02-22,10.598750114440918,0.0
2017-02-23,10.61750030517578,0.0
2017-02-24,10.636249542236328,0.0
2017-02-27,10.675000190734863,0.0
2017-02-28,10.618749618530272,0.0
2017-03-01,10.899999618530272,0.0
2017-03-02,10.7787504196167,0.0
2017-03-03,10.78499984741211,0.0
2017-03-06,10.71875,0.0
2017-03-07,10.65999984741211,0.0
2017-03-08,10.612500190734863,0.0
2017-03-09,10.640000343322754,0.0
2017-03-10,10.706250190734863,0.0
2017-03-13,10.72249984741211,0.0
2017-03-14,10.645000457763672,0.0
2017-03-15,10.81999969482422,0.0
2017-03-16,10.7837495803833,0.0
2017-03-17,10.74250030517578,0.0
2017-03-20,10.7162504196167,0.0
2017-03-21,10.44124984741211,0.0
2017-03-22,10.479999542236328,0.011125
2017-03-23,10.454999923706056,0.0
2017-03-24,10.442500114440918,0.0
2017-03-27,10.414999961853027,0.0
2017-03-28,10.563750267028809,0.0
2017-03-29,10.59000015258789,0.0
2017-03-30,10.647500038146973,0.0
2017-03-31,10.604999542236328,0.0
2017-04-03,10.56624984741211,0.0
2017-04-04,10.583749771118164,0.0
2017-04-05,10.516249656677246,0.0
2017-04-06,10.5649995803833,0.0
2017-04-07,10.546250343322754,0.0
2017-04-10,10.55875015258789,0.0
2017-04-11,10.53499984741211,0.0
2017-04-12,10.447500228881836,0.0
2017-04-13,10.313750267028809,0.0
2017-04-17,10.488750457763672,0.0
2017-04-18,10.420000076293944,0.0
2017-04-19,10.385000228881836,0.0
2017-04-20,10.546250343322754,0.0
2017-04-21,10.487500190734863,0.0
2017-04-24,10.710000038146973,0.0
2017-04-25,10.832500457763672,0.0
2017-04-26,10.826250076293944,0.0
2017-04-27,10.84000015258789,0.0
2017-04-28,10.801250457763672,0.0
2017-05-01,10.8462495803833,0.0
2017-05-02,10.853750228881836,0.0
2017-05-03,10.827500343322754,0.0
2017-05-04,10.848750114440918,0.0
2017-05-05,10.942500114440918,0.0
2017-05-08,10.9350004196167,0.0
2017-05-09,10.912500381469728,0.0
2017-05-10,10.946249961853027,0.0
2017-05-11,10.904999732971191,0.0
2017-05-12,10.875,0.0
2017-05-15,10.977499961853027,0.0
2017-05-16,10.96500015258789,0.0
2017-05-17,10.579999923706056,0.0
2017-05-18,10.654999732971191,0.0
2017-05-19,10.796250343322754,0.0
2017-05-22,10.90250015258789,0.0
2017-05-23,10.949999809265137,0.0
2017-05-24,10.998749732971191,0.0
2017-05-25,11.09749984741211,0.0
2017-05-26,11.102499961853027,0.0
2017-05-30,11.081250190734863,0.0
2017-05-31,11.076250076293944,0.0
2017-06-01,11.24250030517578,0.0
2017-06-02,11.31624984741211,0.0
2017-06-05,11.307499885559082,0.0
2017-06-06,11.241250038146973,0.0
2017-06-07,11.272500038146973,0.0
2017-06-08,11.286250114440918,0.0
2017-06-09,11.25,0.0
2017-06-12,11.24250030517578,0.0
2017-06-13,11.348750114440918,0.0
2017-06-14,11.328749656677246,0.0
2017-06-15,11.279999732971191,0.0
2017-06-16,11.28125,0.0
2017-06-19,11.463749885559082,0.0
2017-06-20,11.31624984741211,0.0
2017-06-21,11.295000076293944,0.01025
2017-06-22,11.2837495803833,0.0
2017-06-23,11.3149995803833,0.0
2017-06-26,11.31999969482422,0.0
2017-06-27,11.146249771118164,0.0
2017-06-28,11.332500457763672,0.0
2017-06-29,11.146249771118164,0.0
2017-06-30,11.181249618530272,0.0
2017-07-03,11.2212495803833,0.0
2017-07-05,11.262499809265137,0.0
2017-07-06,11.0649995803833,0.0
2017-07-07,11.203749656677246,0.0
2017-07-10,11.227499961853027,0.0
2017-07-11,11.203749656677246,0.0
2017-07-12,11.375,0.0
2017-07-13,11.4087495803833,0.0
2017-07-14,11.511249542236328,0.0
2017-07-17,11.515000343322754,0.0
2017-07-18,11.52750015258789,0.0
2017-07-19,11.647500038146973,0.0
2017-07-20,11.6537504196167,0.0
2017-07-21,11.640000343322754,0.0
2017-07-24,11.62874984741211,0.0
2017-07-25,11.678750038146973,0.0
2017-07-26,11.6899995803833,0.0
2017-07-27,11.666250228881836,0.0
2017-07-28,11.633749961853027,0.0
2017-07-31,11.6225004196167,0.0
2017-08-01,11.666250228881836,0.0
2017-08-02,11.677499771118164,0.0
2017-08-03,11.641249656677246,0.0
2017-08-04,11.677499771118164,0.0
2017-08-07,11.7162504196167,0.0
2017-08-08,11.666250228881836,0.0
2017-08-09,11.65250015258789,0.0
2017-08-10,11.333749771118164,0.0
2017-08-11,11.356249809265137,0.0
2017-08-14,11.585000038146973,0.0
2017-08-15,11.582500457763672,0.0
2017-08-16,11.618749618530272,0.0
2017-08-17,11.258749961853027,0.0
2017-08-18,11.220000267028809,0.0
2017-08-21,11.238750457763672,0.0
2017-08-22,11.462499618530272,0.0
2017-08-23,11.388750076293944,0.0
2017-08-24,11.337499618530272,0.0
2017-08-25,11.386249542236328,0.0
2017-08-28,11.391249656677246,0.0
2017-08-29,11.407500267028809,0.0
2017-08-30,11.517499923706056,0.0
2017-08-31,11.6587495803833,0.0
2017-09-01,11.69499969482422,0.0
2017-09-05,11.522500038146973,0.0
2017-09-06,11.59749984741211,0.0
2017-09-07,11.595000267028809,0.0
2017-09-08,11.5625,0.0
2017-09-11,11.801250457763672,0.0
2017-09-12,11.886249542236328,0.0
2017-09-13,11.899999618530272,0.0
2017-09-14,11.891249656677246,0.0
2017-09-15,11.926250457763672,0.0
2017-09-18,11.97249984741211,0.0
2017-09-19,11.989999771118164,0.0
2017-09-20,12.0,0.0
2017-09-21,11.93375015258789,0.0
2017-09-22,11.938750267028809,0.0
2017-09-25,11.888750076293944,0.0
2017-09-26,11.901249885559082,0.0
2017-09-27,11.982500076293944,0.01125
2017-09-28,12.010000228881836,0.0
2017-09-29,12.092499732971191,0.0
2017-10-02,12.1899995803833,0.0
2017-10-03,12.248749732971191,0.0
2017-10-04,12.2787504196167,0.0
2017-10-05,12.416250228881836,0.0
2017-10-06,12.392499923706056,0.0
2017-10-09,12.35124969482422,0.0
2017-10-10,12.412500381469728,0.0
2017-10-11,12.447500228881836,0.0
2017-10-12,12.407500267028809,0.0
2017-10-13,12.4399995803833,0.0
2017-10-16,12.475000381469728,0.0
2017-10-17,12.49250030517578,0.0
2017-10-18,12.508749961853027,0.0
2017-10-19,12.515000343322754,0.0
2017-10-20,12.645000457763672,0.0
2017-10-23,12.547499656677246,0.0
2017-10-24,12.58625030517578,0.0
2017-10-25,12.463749885559082,0.0
2017-10-26,12.49250030517578,0.0
2017-10-27,12.692500114440918,0.0
2017-10-30,12.602499961853027,0.0
2017-10-31,12.640000343322754,0.0
2017-11-01,12.673749923706056,0.0
2017-11-02,12.681249618530272,0.0
2017-11-03,12.761249542236328,0.0
2017-11-06,12.795000076293944,0.0
2017-11-07,12.791250228881836,0.0
2017-11-08,12.832500457763672,0.0
2017-11-09,12.734999656677246,0.0
2017-11-10,12.723750114440918,0.0
2017-11-13,12.744999885559082,0.0
2017-11-14,12.686249732971191,0.0
2017-11-15,12.557499885559082,0.0
2017-11-16,12.762499809265137,0.0
2017-11-17,12.692500114440918,0.0
2017-11-20,12.729999542236328,0.0
2017-11-21,12.895000457763672,0.0
2017-11-22,12.876250267028809,0.0
2017-11-24,12.932499885559082,0.0
2017-11-27,12.922499656677246,0.0
2017-11-28,13.173749923706056,0.0
2017-11-29,13.164999961853027,0.0
2017-11-30,13.38249969482422,0.0
2017-12-01,13.329999923706056,0.0
2017-12-04,13.297499656677246,0.0
2017-12-05,13.206250190734863,0.0
2017-12-06,13.207500457763672,0.0
2017-12-07,13.28874969482422,0.0
2017-12-08,13.43000030517578,0.0
2017-12-11,13.515000343322754,0.0
2017-12-12,13.563750267028809,0.0
2017-12-13,13.553750038146973,0.0
2017-12-14,13.443750381469728,0.0
2017-12-15,13.667499542236328,0.0
2017-12-18,13.833749771118164,0.0
2017-12-19,13.738750457763672,0.0
2017-12-20,13.717499732971191,0.0
2017-12-21,13.765000343322754,0.0
2017-12-22,13.758749961853027,0.0
2017-12-26,13.703749656677246,0.020125
2017-12-27,13.720000267028809,0.0
2017-12-28,13.771249771118164,0.0
2017-12-29,13.678750038146973,0.0
2018-01-02,13.863750457763672,0.0
2018-01-03,14.029999732971191,0.0
2018-01-04,14.154999732971191,0.0
2018-01-05,14.332500457763672,0.0
2018-01-08,14.386249542236328,0.0
2018-01-09,14.451250076293944,0.0
2018-01-10,14.404999732971191,0.0
2018-01-11,14.606249809265137,0.0
2018-01-12,14.800000190734863,0.0
2018-01-16,14.697500228881836,0.0
2018-01-17,14.981249809265137,0.0
2018-01-18,14.928750038146973,0.0
2018-01-19,15.05875015258789,0.0
2018-01-22,15.300000190734863,0.0
2018-01-23,15.364999771118164,0.0
2018-01-24,15.356249809265137,0.0
2018-01-25,15.362500190734863,0.0
2018-01-26,15.713749885559082,0.0
2018-01-29,15.50374984741211,0.0
2018-01-30,15.176250457763672,0.0
2018-01-31,15.206250190734863,0.0
2018-02-01,15.166250228881836,0.0
2018-02-02,14.50749969482422,0.0
2018-02-05,13.328749656677246,0.0
2018-02-06,13.811249732971191,0.0
2018-02-07,13.651249885559082,0.0
2018-02-08,12.642499923706056,0.0
2018-02-09,13.026249885559082,0.0
2018-02-12,13.380000114440918,0.0
2018-02-13,13.456250190734863,0.0
2018-02-14,13.821249961853027,0.0
2018-02-15,14.16374969482422,0.0
2018-02-16,14.172499656677246,0.0
2018-02-20,14.0024995803833,0.0
2018-02-21,13.84749984741211,0.0
2018-02-22,13.87874984741211,0.0
2018-02-23,14.326250076293944,0.0
2018-02-26,14.661250114440918,0.0
2018-02-27,14.291250228881836,0.0
2018-02-28,13.978750228881836,0.0
2018-03-01,13.600000381469728,0.0
2018-03-02,13.738750457763672,0.0
2018-03-05,14.051250457763672,0.0
2018-03-06,14.12125015258789,0.0
2018-03-07,14.104999542236328,0.0
2018-03-08,14.237500190734863,0.0
2018-03-09,14.72624969482422,0.0
2018-03-12,14.698749542236328,0.0
2018-03-13,14.511249542236328,0.0
2018-03-14,14.357500076293944,0.0
2018-03-15,14.327500343322754,0.0
2018-03-16,14.353750228881836,0.0
2018-03-19,13.96875,0.0
2018-03-20,14.012499809265137,0.0
2018-03-21,13.93000030517578,0.02
2018-03-22,13.238750457763672,0.0
2018-03-23,12.668749809265137,0.0
2018-03-26,13.368749618530272,0.0
2018-03-27,12.895000457763672,0.0
2018-03-28,12.829999923706056,0.0
2018-03-29,13.1850004196167,0.0
2018-04-02,12.59000015258789,0.0
2018-04-03,12.90250015258789,0.0
2018-04-04,13.192500114440918,0.0
2018-04-05,13.38249969482422,0.0
2018-04-06,12.791250228881836,0.0
2018-04-09,12.896249771118164,0.0
2018-04-10,13.3125,0.0
2018-04-11,13.18000030517578,0.0
2018-04-12,13.383749961853027,0.0
2018-04-13,13.3125,0.0
2018-04-16,13.526249885559082,0.0
2018-04-17,13.811249732971191,0.0
2018-04-18,13.833749771118164,0.0
2018-04-19,13.672499656677246,0.0
2018-04-20,13.447500228881836,0.0
2018-04-23,13.438750267028809,0.0
2018-04-24,13.081250190734863,0.0
2018-04-25,13.138750076293944,0.0
2018-04-26,13.39875030517578,0.0
2018-04-27,13.428750038146973,0.0
2018-04-30,13.21125030517578,0.0
2018-05-01,13.268750190734863,0.0
2018-05-02,13.083749771118164,0.0
2018-05-03,13.02375030517578,0.0
2018-05-04,13.359999656677246,0.0
2018-05-07,13.438750267028809,0.0
2018-05-08,13.442500114440918,0.0
2018-05-09,13.707500457763672,0.0
2018-05-10,13.957500457763672,0.0
2018-05-11,14.015000343322754,0.0
2018-05-14,14.047499656677246,0.0
2018-05-15,13.854999542236328,0.0
2018-05-16,13.97624969482422,0.0
2018-05-17,13.951250076293944,0.0
2018-05-18,13.883749961853027,0.0
2018-05-21,14.082500457763672,0.0
2018-05-22,14.0024995803833,0.0
2018-05-23,14.083749771118164,0.0
2018-05-24,14.026249885559082,0.0
2018-05-25,13.953749656677246,0.0
2018-05-29,13.643750190734863,0.0
2018-05-30,13.988750457763672,0.0
2018-05-31,13.793749809265137,0.0
2018-06-01,14.083749771118164,0.0
2018-06-04,14.220000267028809,0.0
2018-06-05,14.255000114440918,0.0
2018-06-06,14.484999656677246,0.0
2018-06-07,14.467499732971191,0.0
2018-06-08,14.55500030517578,0.0
2018-06-11,14.59000015258789,0.0
2018-06-12,14.636249542236328,0.0
2018-06-13,14.521249771118164,0.0
2018-06-14,14.604999542236328,0.0
2018-06-15,14.5649995803833,0.0
2018-06-18,14.50374984741211,0.0
2018-06-19,14.391249656677246,0.0
2018-06-20,14.416250228881836,0.023625
2018-06-21,14.229999542236328,0.0
2018-06-22,14.274999618530272,0.0
2018-06-25,13.887499809265137,0.0
2018-06-26,13.943750381469728,0.0
2018-06-27,13.708749771118164,0.0
2018-06-28,13.87125015258789,0.0
2018-06-29,13.911250114440918,0.0
2018-07-02,13.97624969482422,0.0
2018-07-03,13.857500076293944,0.0
2018-07-05,14.087499618530272,0.0
2018-07-06,14.311249732971191,0.0
2018-07-09,14.576250076293944,0.0
2018-07-10,14.671250343322754,0.0
2018-07-11,14.46875,0.0
2018-07-12,14.720000267028809,0.0
2018-07-13,14.74250030517578,0.0
2018-07-16,14.71500015258789,0.0
2018-07-17,14.845000267028809,0.0
2018-07-18,14.899999618530272,0.0
2018-07-19,14.78874969482422,0.0
2018-07-20,14.7524995803833,0.0
2018-07-23,14.80500030517578,0.0
2018-07-24,14.942500114440918,0.0
2018-07-25,15.21500015258789,0.0
2018-07-26,15.1225004196167,0.0
2018-07-27,14.921250343322754,0.0
2018-07-30,14.75374984741211,0.0
2018-07-31,14.897500038146973,0.0
2018-08-01,14.861249923706056,0.0
2018-08-02,15.001250267028809,0.0
2018-08-03,15.146249771118164,0.0
2018-08-06,15.255000114440918,0.0
2018-08-07,15.34375,0.0
2018-08-08,15.329999923706056,0.0
2018-08-09,15.28874969482422,0.0
2018-08-10,15.076250076293944,0.0
2018-08-13,14.958749771118164,0.0
2018-08-14,15.154999732971191,0.0
2018-08-15,14.926250457763672,0.0
2018-08-16,15.170000076293944,0.0
2018-08-17,15.262499809265137,0.0
2018-08-20,15.33625030517578,0.0
2018-08-21,15.397500038146973,0.0
2018-08-22,15.386249542236328,0.0
2018-08-23,15.338749885559082,0.0
2018-08-24,15.522500038146973,0.0
2018-08-27,15.761249542236328,0.0
2018-08-28,15.779999732971191,0.0
2018-08-29,15.952500343322754,0.0
2018-08-30,15.8125,0.0
2018-08-31,15.813750267028809,0.0
2018-09-04,15.767499923706056,0.0
2018-09-05,15.667499542236328,0.0
2018-09-06,15.578749656677246,0.0
2018-09-07,15.510000228881836,0.0
2018-09-10,15.5625,0.0
2018-09-11,15.675000190734863,0.0
2018-09-12,15.68000030517578,0.0
2018-09-13,15.85124969482422,0.0
2018-09-14,15.859999656677246,0.0
2018-09-17,15.6875,0.0
2018-09-18,15.856249809265137,0.0
2018-09-19,15.888750076293944,0.0
2018-09-20,16.136249542236328,0.0
2018-09-21,16.116249084472656,0.0
2018-09-24,16.010000228881836,0.0
2018-09-25,15.9712495803833,0.0
2018-09-26,15.856249809265137,0.015
2018-09-27,15.94499969482422,0.0
2018-09-28,15.9399995803833,0.0
2018-10-01,16.051250457763672,0.0
2018-10-02,16.033750534057617,0.0
2018-10-03,16.0575008392334,0.0
2018-10-04,15.803750038146973,0.0
2018-10-05,15.62874984741211,0.0
2018-10-08,15.607500076293944,0.0
2018-10-09,15.571249961853027,0.0
2018-10-10,14.571249961853027,0.0
2018-10-11,13.932499885559082,0.0
2018-10-12,14.324999809265137,0.0
2018-10-15,14.167499542236328,0.0
2018-10-16,14.77375030517578,0.0
2018-10-17,14.77375030517578,0.0
2018-10-18,14.353750228881836,0.0
2018-10-19,14.326250076293944,0.0
2018-10-22,14.197500228881836,0.0
2018-10-23,14.047499656677246,0.0
2018-10-24,13.201250076293944,0.0
2018-10-25,13.668749809265137,0.0
2018-10-26,13.18375015258789,0.0
2018-10-29,13.037500381469728,0.0
2018-10-30,13.418749809265137,0.0
2018-10-31,13.706250190734863,0.0
2018-11-01,13.981249809265137,0.0
2018-11-02,13.828749656677246,0.0
2018-11-05,13.975000381469728,0.0
2018-11-06,14.14875030517578,0.0
2018-11-07,14.74625015258789,0.0
2018-11-08,14.692500114440918,0.0
2018-11-09,14.423749923706056,0.0
2018-11-12,13.858750343322754,0.0
2018-11-13,13.8149995803833,0.0
2018-11-14,13.613750457763672,0.0
2018-11-15,13.899999618530272,0.0
2018-11-16,13.97249984741211,0.0
2018-11-19,13.5,0.0
2018-11-20,13.001250267028809,0.0
2018-11-21,13.082500457763672,0.0
2018-11-23,12.920000076293944,0.0
2018-11-26,13.317500114440918,0.0
2018-11-27,13.404999732971191,0.0
2018-11-28,14.008749961853027,0.0
2018-11-29,13.962499618530272,0.0
2018-11-30,14.137499809265137,0.0
2018-12-03,14.4975004196167,0.0
2018-12-04,13.576250076293944,0.0
2018-12-06,13.53499984741211,0.0
2018-12-07,12.888750076293944,0.0
2018-12-10,12.922499656677246,0.0
2018-12-11,12.93375015258789,0.0
2018-12-12,13.06624984741211,0.0
2018-12-13,13.056249618530272,0.0
2018-12-14,12.563750267028809,0.0
2018-12-17,12.057499885559082,0.0
2018-12-18,12.042499542236328,0.0
2018-12-19,11.676250457763672,0.0
2018-12-20,11.302499771118164,0.0
2018-12-21,10.823749542236328,0.0
2018-12-24,10.22624969482422,0.0
2018-12-26,11.228750228881836,0.0285
2018-12-27,11.449999809265137,0.0
2018-12-28,11.393750190734863,0.0
2018-12-31,11.602499961853027,0.0
2019-01-02,11.616250038146973,0.0
2019-01-03,11.042499542236328,0.0
2019-01-04,11.803750038146973,0.0
2019-01-07,11.975000381469728,0.0
2019-01-08,12.19499969482422,0.0
2019-01-09,12.307499885559082,0.0
2019-01-10,12.40250015258789,0.0
2019-01-11,12.397500038146973,0.0
2019-01-14,12.258749961853027,0.0
2019-01-15,12.53874969482422,0.0
2019-01-16,12.587499618530272,0.0
2019-01-17,12.772500038146973,0.0
2019-01-18,13.109999656677246,0.0
2019-01-22,12.770000457763672,0.0
2019-01-23,12.803750038146973,0.0
2019-01-24,12.824999809265137,0.0
2019-01-25,13.036250114440918,0.0
2019-01-28,12.848750114440918,0.0
2019-01-29,12.802499771118164,0.0
2019-01-30,13.206250190734863,0.0
2019-01-31,13.427499771118164,0.0
2019-02-01,13.454999923706056,0.0
2019-02-04,13.643750190734863,0.0
2019-02-05,13.75374984741211,0.0
2019-02-06,13.707500457763672,0.0
2019-02-07,13.448749542236328,0.0
2019-02-08,13.47624969482422,0.0
2019-02-11,13.491250038146973,0.0
2019-02-12,13.842499732971191,0.0
2019-02-13,13.922499656677246,0.0
2019-02-14,13.854999542236328,0.0
2019-02-15,14.157500267028809,0.0
2019-02-19,14.210000038146973,0.0
2019-02-20,14.261249542236328,0.0
2019-02-21,14.157500267028809,0.0
2019-02-22,14.329999923706056,0.0
2019-02-25,14.380000114440918,0.0
2019-02-26,14.34375,0.0
2019-02-27,14.333749771118164,0.0
2019-02-28,14.261249542236328,0.0
2019-03-01,14.463749885559082,0.0
2019-03-04,14.345000267028809,0.0
2019-03-05,14.303750038146973,0.0
2019-03-06,14.12125015258789,0.0
2019-03-07,13.888750076293944,0.0
2019-03-08,13.831250190734863,0.0
2019-03-11,14.238750457763672,0.0
2019-03-12,14.328749656677246,0.0
2019-03-13,14.524999618530272,0.0
2019-03-14,14.505000114440918,0.0
2019-03-15,14.645000457763672,0.0
2019-03-18,14.755000114440918,0.0
2019-03-19,14.758749961853027,0.0
2019-03-20,14.62125015258789,0.0275
2019-03-21,14.956250190734863,0.0
2019-03-22,14.37874984741211,0.0
2019-03-25,14.362500190734863,0.0
2019-03-26,14.5649995803833,0.0
2019-03-27,14.418749809265137,0.0
2019-03-28,14.536250114440918,0.0
2019-03-29,14.725000381469728,0.0
2019-04-01,15.05500030517578,0.0
2019-04-02,15.06624984741211,0.0
2019-04-03,15.12125015258789,0.0
2019-04-04,15.19124984741211,0.0
2019-04-05,15.321249961853027,0.0
2019-04-08,15.356249809265137,0.0
2019-04-09,15.192500114440918,0.0
2019-04-10,15.291250228881836,0.0
2019-04-11,15.2837495803833,0.0
2019-04-12,15.488750457763672,0.0
2019-04-15,15.46875,0.0
2019-04-16,15.483750343322754,0.0
2019-04-17,15.40999984741211,0.0
2019-04-18,15.462499618530272,0.0
2019-04-22,15.484999656677246,0.0
2019-04-23,15.767499923706056,0.0
2019-04-24,15.696249961853027,0.0
2019-04-25,15.668749809265137,0.0
2019-04-26,15.817500114440918,0.0
2019-04-29,15.857500076293944,0.0
2019-04-30,15.861249923706056,0.0
2019-05-01,15.642499923706056,0.0
2019-05-02,15.567500114440918,0.0
2019-05-03,15.859999656677246,0.0
2019-05-06,15.728750228881836,0.0
2019-05-07,15.204999923706056,0.0
2019-05-08,15.162500381469728,0.0
2019-05-09,15.0625,0.0
2019-05-10,15.197500228881836,0.0
2019-05-13,14.448749542236328,0.0
2019-05-14,14.707500457763672,0.0
2019-05-15,14.86750030517578,0.0
2019-05-16,15.145000457763672,0.0
2019-05-17,14.954999923706056,0.0
2019-05-20,14.758749961853027,0.0
2019-05-21,15.012499809265137,0.0
2019-05-22,14.926250457763672,0.0
2019-05-23,14.55875015258789,0.0
2019-05-24,14.609999656677246,0.0
2019-05-28,14.338749885559082,0.0
2019-05-29,14.1537504196167,0.0
2019-05-30,14.21500015258789,0.0
2019-05-31,13.835000038146973,0.0
2019-06-03,13.75749969482422,0.0
2019-06-04,14.352499961853027,0.0
2019-06-05,14.600000381469728,0.0
2019-06-06,14.792499542236328,0.0
2019-06-07,15.081250190734863,0.0
2019-06-10,15.228750228881836,0.0
2019-06-11,15.217499732971191,0.0
2019-06-12,15.16374969482422,0.0
2019-06-13,15.296250343322754,0.0
2019-06-14,15.24250030517578,0.0
2019-06-17,15.266249656677246,0.0
2019-06-18,15.5600004196167,0.0
2019-06-19,15.649999618530272,0.0
2019-06-20,15.9350004196167,0.0
2019-06-21,15.895000457763672,0.0
2019-06-24,15.854999542236328,0.0
2019-06-25,15.505000114440918,0.03325
2019-06-26,15.4662504196167,0.0
2019-06-27,15.585000038146973,0.0
2019-06-28,15.751250267028809,0.0
2019-07-01,16.012500762939453,0.0
2019-07-02,16.0987491607666,0.0
2019-07-03,16.34749984741211,0.0
2019-07-05,16.3075008392334,0.0
2019-07-08,16.126249313354492,0.0
2019-07-09,16.178749084472656,0.0
2019-07-10,16.31624984741211,0.0
2019-07-11,16.388750076293945,0.0
2019-07-12,16.541250228881836,0.0
2019-07-15,16.549999237060547,0.0
2019-07-16,16.4375,0.0
2019-07-17,16.21125030517578,0.0
2019-07-18,16.329999923706055,0.0
2019-07-19,16.143749237060547,0.0
2019-07-22,16.221250534057617,0.0
2019-07-23,16.450000762939453,0.0
2019-07-24,16.600000381469727,0.0
2019-07-25,16.44124984741211,0.0
2019-07-26,16.65999984741211,0.0
2019-07-29,16.604999542236328,0.0
2019-07-30,16.522499084472656,0.0
2019-07-31,16.147499084472656,0.0
2019-08-01,15.859999656677246,0.0
2019-08-02,15.654999732971191,0.0
2019-08-05,14.71500015258789,0.0
2019-08-06,15.09749984741211,0.0
2019-08-07,15.106249809265137,0.0
2019-08-08,15.68375015258789,0.0
2019-08-09,15.481249809265137,0.0
2019-08-12,15.108750343322754,0.0
2019-08-13,15.5625,0.0
2019-08-14,14.651249885559082,0.0
2019-08-15,14.729999542236328,0.0
2019-08-16,15.161250114440918,0.0
2019-08-19,15.52750015258789,0.0
2019-08-20,15.28125,0.0
2019-08-21,15.522500038146973,0.0
2019-08-22,15.508749961853027,0.0
2019-08-23,14.708749771118164,0.0
2019-08-26,15.03125,0.0
2019-08-27,14.912500381469728,0.0
2019-08-28,15.12125015258789,0.0
2019-08-29,15.510000228881836,0.0
2019-08-30,15.494999885559082,0.0
2019-09-03,15.313750267028809,0.0
2019-09-04,15.65250015258789,0.0
2019-09-05,16.0625,0.0
2019-09-06,16.083749771118164,0.0
2019-09-09,16.094999313354492,0.0
2019-09-10,16.09749984741211,0.0
2019-09-11,16.3174991607666,0.0
2019-09-12,16.431249618530273,0.0
2019-09-13,16.40250015258789,0.0
2019-09-16,16.299999237060547,0.0
2019-09-17,16.377500534057617,0.0
2019-09-18,16.4012508392334,0.0
2019-09-19,16.391250610351562,0.0
2019-09-20,16.22249984741211,0.0
2019-09-23,16.22624969482422,0.0
2019-09-24,15.967499732971191,0.0
2019-09-25,16.147499084472656,0.0
2019-09-26,16.0887508392334,0.0
2019-09-27,15.911250114440918,0.0
2019-09-30,16.056249618530273,0.0
2019-10-01,15.675000190734863,0.0
2019-10-02,15.123749732971191,0.0
2019-10-03,15.354999542236328,0.0
2019-10-04,15.768750190734863,0.0
2019-10-07,15.640000343322754,0.0
2019-10-08,15.151249885559082,0.0
2019-10-09,15.426250457763672,0.0
2019-10-10,15.636249542236328,0.0
2019-10-11,15.9662504196167,0.0
2019-10-14,15.9375,0.0
2019-10-15,16.2450008392334,0.0
2019-10-16,16.190000534057617,0.0
2019-10-17,16.27375030517578,0.0
2019-10-18,16.135000228881836,0.0
2019-10-21,16.363750457763672,0.0
2019-10-22,16.24250030517578,0.0
2019-10-23,16.3387508392334,0.0
2019-10-24,16.395000457763672,0.0
2019-10-25,16.528749465942383,0.0
2019-10-28,16.71500015258789,0.0
2019-10-29,16.696250915527344,0.0
2019-10-30,16.801250457763672,0.0
2019-10-31,16.698749542236328,0.0
2019-11-01,17.020000457763672,0.0
2019-11-04,17.139999389648438,0.0
2019-11-05,17.103750228881836,0.0
2019-11-06,17.114999771118164,0.0
2019-11-07,17.231250762939453,0.0
2019-11-08,17.315000534057617,0.0
2019-11-11,17.247499465942383,0.0
2019-11-12,17.30875015258789,0.0
2019-11-13,17.322500228881836,0.0
2019-11-14,17.368749618530273,0.0
2019-11-15,17.622499465942383,0.0
2019-11-18,17.641250610351562,0.0
2019-11-19,17.625,0.0
2019-11-20,17.502500534057617,0.0
2019-11-21,17.44499969482422,0.0
2019-11-22,17.516250610351562,0.0
2019-11-25,17.783750534057617,0.0
2019-11-26,17.866249084472656,0.0
2019-11-27,18.020000457763672,0.0
2019-11-29,17.87874984741211,0.0
2019-12-02,17.581249237060547,0.0
2019-12-03,17.33625030517578,0.0
2019-12-04,17.5575008392334,0.0
2019-12-05,17.61750030517578,0.0
2019-12-06,17.931249618530273,0.0
2019-12-09,17.825000762939453,0.0
2019-12-10,17.7762508392334,0.0
2019-12-11,17.877500534057617,0.0
2019-12-12,18.18124961853028,0.0
2019-12-13,18.20375061035156,0.0
2019-12-16,18.45249938964844,0.0
2019-12-17,18.458749771118164,0.0
2019-12-18,18.46249961853028,0.0
2019-12-19,18.60874938964844,0.0
2019-12-20,18.79750061035156,0.0
2019-12-23,18.82749938964844,0.0
2019-12-24,18.79624938964844,0.033625
2019-12-26,18.981250762939453,0.0
2019-12-27,18.9737491607666,0.0
2019-12-30,18.771249771118164,0.0
2019-12-31,18.854999542236328,0.0
2020-01-02,19.193750381469727,0.0
2020-01-03,18.908750534057617,0.0
2020-01-06,19.051250457763672,0.0
2020-01-07,18.940000534057617,0.0
2020-01-08,19.13249969482422,0.0
2020-01-09,19.395000457763672,0.0
2020-01-10,19.28125,0.0
2020-01-13,19.543750762939453,0.0
2020-01-14,19.487499237060547,0.0
2020-01-15,19.5674991607666,0.0
2020-01-16,19.88999938964844,0.0
2020-01-17,20.02750015258789,0.0
2020-01-21,19.934999465942383,0.0
2020-01-22,19.94750022888184,0.0
2020-01-23,19.982500076293945,0.0
2020-01-24,19.616249084472656,0.0
2020-01-27,18.99250030517578,0.0
2020-01-28,19.388750076293945,0.0
2020-01-29,19.35874938964844,0.0
2020-01-30,19.46875,0.0
2020-01-31,18.772499084472656,0.0
2020-02-03,19.052499771118164,0.0
2020-02-04,19.627500534057617,0.0
2020-02-05,20.07875061035156,0.0
2020-02-06,20.21500015258789,0.0
2020-02-07,19.99374961853028,0.0
2020-02-10,20.295000076293945,0.0
2020-02-11,20.357500076293945,0.0
2020-02-12,20.61750030517578,0.0
2020-02-13,20.57250022888184,0.0
2020-02-14,20.63249969482422,0.0
2020-02-18,20.52499961853028,0.0
2020-02-19,20.71500015258789,0.0
2020-02-20,20.54874992370605,0.0
2020-02-21,20.113750457763672,0.0
2020-02-24,18.75,0.0
2020-02-25,17.646249771118164,0.0
2020-02-26,17.512500762939453,0.0
2020-02-27,15.93375015258789,0.0
2020-02-28,15.869999885559082,0.0
2020-03-02,17.153749465942383,0.0
2020-03-03,16.188749313354492,0.0
2020-03-04,17.530000686645508,0.0
2020-03-05,16.358749389648438,0.0
2020-03-06,15.826250076293944,0.0
2020-03-09,13.362500190734863,0.0
2020-03-10,14.732500076293944,0.0
2020-03-11,13.270000457763672,0.0
2020-03-12,10.736249923706056,0.0
2020-03-13,12.71500015258789,0.0
2020-03-16,9.744999885559082,0.0
2020-03-17,10.956250190734863,0.0
2020-03-18,9.832500457763672,0.0
2020-03-19,9.826250076293944,0.0
2020-03-20,8.9350004196167,0.0
2020-03-23,8.422499656677246,0.0
2020-03-24,10.013750076293944,0.0
2020-03-25,10.270000457763672,0.02475
2020-03-26,11.479999542236328,0.0
2020-03-27,10.770000457763672,0.0
2020-03-30,11.4712495803833,0.0
2020-03-31,11.113750457763672,0.0
2020-04-01,10.113750457763672,0.0
2020-04-02,10.588749885559082,0.0
2020-04-03,10.286250114440918,0.0
2020-04-06,11.676250457763672,0.0
2020-04-07,11.6875,0.0
2020-04-08,12.473750114440918,0.0
2020-04-09,12.845000267028809,0.0
2020-04-13,12.607500076293944,0.0
2020-04-14,13.361249923706056,0.0
2020-04-15,12.787500381469728,0.0
2020-04-16,12.918749809265137,0.0
2020-04-17,13.609999656677246,0.0
2020-04-20,13.12874984741211,0.0
2020-04-21,12.317500114440918,0.0
2020-04-22,12.876250267028809,0.0
2020-04-23,12.868749618530272,0.0
2020-04-24,13.237500190734863,0.0
2020-04-27,13.61750030517578,0.0
2020-04-28,13.484999656677246,0.0
2020-04-29,14.188750267028809,0.0
2020-04-30,13.912500381469728,0.0
2020-05-01,13.176250457763672,0.0
2020-05-04,13.261249542236328,0.0
2020-05-05,13.501250267028809,0.0
2020-05-06,13.31624984741211,0.0
2020-05-07,13.635000228881836,0.0
2020-05-08,14.08625030517578,0.0
2020-05-11,14.09749984741211,0.0
2020-05-12,13.517499923706056,0.0
2020-05-13,13.047499656677246,0.0
2020-05-14,13.363750457763672,0.0
2020-05-15,13.483750343322754,0.0
2020-05-18,14.307499885559082,0.0
2020-05-19,14.015000343322754,0.0
2020-05-20,14.484999656677246,0.0
2020-05-21,14.270000457763672,0.0
2020-05-22,14.329999923706056,0.0
2020-05-26,14.698749542236328,0.0
2020-05-27,15.12125015258789,0.0
2020-05-28,15.071249961853027,0.0
2020-05-29,15.186249732971191,0.0
2020-06-01,15.326250076293944,0.0
2020-06-02,15.579999923706056,0.0
2020-06-03,15.9975004196167,0.0
2020-06-04,15.89875030517578,0.0
2020-06-05,16.721250534057617,0.0
2020-06-08,17.138750076293945,0.0
2020-06-09,16.877500534057617,0.0
2020-06-10,16.681249618530273,0.0
2020-06-11,14.751250267028809,0.0
2020-06-12,15.116250038146973,0.0
2020-06-15,15.385000228881836,0.0
2020-06-16,15.978750228881836,0.0
2020-06-17,15.845000267028809,0.0
2020-06-18,15.853750228881836,0.0
2020-06-19,15.667499542236328,0.0
2020-06-22,15.887499809265137,0.0
2020-06-23,16.018749237060547,0.0
2020-06-24,15.210000038146973,0.0
2020-06-25,15.520000457763672,0.0
2020-06-26,14.796250343322754,0.0
2020-06-29,15.225000381469728,0.0
2020-06-30,15.635000228881836,0.0
2020-07-01,15.833749771118164,0.0
2020-07-02,16.0,0.0
2020-07-06,16.4950008392334,0.0
2020-07-07,16.149999618530273,0.0
2020-07-08,16.399999618530273,0.0
2020-07-09,16.21500015258789,0.0
2020-07-10,16.547500610351562,0.0
2020-07-13,16.267499923706055,0.0
2020-07-14,16.676250457763672,0.0
2020-07-15,16.9950008392334,0.0
2020-07-16,16.87874984741211,0.0
2020-07-17,16.9637508392334,0.0
2020-07-20,17.25,0.0
2020-07-21,17.30875015258789,0.0
2020-07-22,17.5049991607666,0.0
2020-07-23,17.09749984741211,0.0
2020-07-24,16.873750686645508,0.0
2020-07-27,17.111249923706055,0.0
2020-07-28,16.90250015258789,0.0
2020-07-29,17.30875015258789,0.0
2020-07-30,17.188749313354492,0.0
2020-07-31,17.462499618530273,0.0
2020-08-03,17.703750610351562,0.0
2020-08-04,17.834999084472656,0.0
2020-08-05,18.059999465942383,0.0
2020-08-06,18.301250457763672,0.0
2020-08-07,18.32250022888184,0.0
2020-08-10,18.43124961853028,0.0
2020-08-11,18.131250381469727,0.0
2020-08-12,18.6299991607666,0.0
2020-08-13,18.568750381469727,0.0
2020-08-14,18.5674991607666,0.0
2020-08-17,18.684999465942383,0.0
2020-08-18,18.75749969482422,0.0
2020-08-19,18.614999771118164,0.0
2020-08-20,18.725000381469727,0.0
2020-08-21,18.850000381469727,0.0
2020-08-24,19.239999771118164,0.0
2020-08-25,19.375,0.0
2020-08-26,19.76000022888184,0.0
2020-08-27,19.84749984741211,0.0
2020-08-28,20.09499931335449,0.0
2020-08-31,19.957500457763672,0.0
2020-09-01,20.32749938964844,0.0
2020-09-02,20.915000915527344,0.0
2020-09-03,19.479999542236328,0.0
2020-09-04,19.15250015258789,0.0
2020-09-08,18.107500076293945,0.0
2020-09-09,18.82250022888184,0.0
2020-09-10,18.15999984741211,0.0
2020-09-11,18.177499771118164,0.0
2020-09-14,18.64999961853028,0.0
2020-09-15,18.84749984741211,0.0
2020-09-16,18.69499969482422,0.0
2020-09-17,18.377500534057617,0.0
2020-09-18,17.94499969482422,0.0
2020-09-21,17.545000076293945,0.0
2020-09-22,17.899999618530273,0.0
2020-09-23,17.0674991607666,0.0
2020-09-24,17.157499313354492,0.0
2020-09-25,17.709999084472656,0.0
2020-09-28,18.30500030517578,0.0
2020-09-29,18.107500076293945,0.0
2020-09-30,18.36750030517578,0.0
2020-10-01,18.612499237060547,0.0
2020-10-02,18.25,0.0
2020-10-05,18.897499084472656,0.0
2020-10-06,18.357500076293945,0.0
2020-10-07,18.997499465942383,0.0
2020-10-08,19.32999992370605,0.0
2020-10-09,19.6825008392334,0.0
2020-10-12,20.3125,0.0
2020-10-13,20.042499542236328,0.0
2020-10-14,19.802499771118164,0.0
2020-10-15,19.739999771118164,0.0
2020-10-16,19.71999931335449,0.0
2020-10-19,19.114999771118164,0.0
2020-10-20,19.262500762939453,0.0
2020-10-21,19.1924991607666,0.0
2020-10-22,19.40749931335449,0.0
2020-10-23,19.530000686645508,0.0
2020-10-26,18.8174991607666,0.0
2020-10-27,18.6825008392334,0.0
2020-10-28,17.412500381469727,0.0
2020-10-29,17.760000228881836,0.0
2020-10-30,17.3799991607666,0.0
2020-11-02,17.772499084472656,0.0
2020-11-03,18.395000457763672,0.0
2020-11-04,19.217500686645508,0.0
2020-11-05,19.96999931335449,0.0
2020-11-06,19.967500686645508,0.0
2020-11-09,20.467500686645508,0.0
2020-11-10,20.39999961853028,0.0
2020-11-11,20.700000762939453,0.0
2020-11-12,20.30500030517578,0.0
2020-11-13,20.864999771118164,0.0
2020-11-16,21.375,0.0
2020-11-17,21.15749931335449,0.0
2020-11-18,20.63500022888184,0.0
2020-11-19,20.802499771118164,0.0
2020-11-20,20.522499084472656,0.0
2020-11-23,20.77499961853028,0.0
2020-11-24,21.434999465942383,0.0
2020-11-25,21.372499465942383,0.0
2020-11-27,21.489999771118164,0.0
2020-11-30,21.292499542236328,0.0
2020-12-01,21.76000022888184,0.0
2020-12-02,21.84749984741211,0.0
2020-12-03,21.83749961853028,0.0
2020-12-04,22.209999084472656,0.0
2020-12-07,22.127500534057617,0.0
2020-12-08,22.2450008392334,0.0
2020-12-09,21.850000381469727,0.0
2020-12-10,21.83749961853028,0.0
2020-12-11,21.772499084472656,0.0
2020-12-14,21.582500457763672,0.0
2020-12-15,22.162500381469727,0.0
2020-12-16,22.23500061035156,0.0
2020-12-17,22.489999771118164,0.0
2020-12-18,22.332500457763672,0.0
2020-12-21,22.14999961853028,0.0
2020-12-22,22.06999969482422,0.0
2020-12-23,22.07999992370605,0.021
2020-12-24,22.25,0.0
2020-12-28,22.637500762939453,0.0
2020-12-29,22.5575008392334,0.0
2020-12-30,22.61000061035156,0.0
2020-12-31,22.83749961853028,0.0
2021-01-04,22.21500015258789,0.0
2021-01-05,22.51499938964844,0.0
2021-01-06,22.787500381469727,0.0
2021-01-07,23.457500457763672,0.0
2021-01-08,23.732500076293945,0.0
2021-01-11,23.40749931335449,0.0
2021-01-12,23.40999984741211,0.0
2021-01-13,23.542499542236328,0.0
2021-01-14,23.36750030517578,0.0
2021-01-15,23.02750015258789,0.0
2021-01-19,23.39249992370605,0.0
2021-01-20,24.03249931335449,0.0
2021-01-21,24.07999992370605,0.0
2021-01-22,23.905000686645508,0.0
2021-01-25,24.09000015258789,0.0
2021-01-26,24.01749992370605,0.0
2021-01-27,22.83749961853028,0.0
2021-01-28,23.21500015258789,0.0
2021-01-29,22.3125,0.0
2021-02-01,23.03499984741211,0.0
2021-02-02,23.690000534057617,0.0
2021-02-03,23.73500061035156,0.0
2021-02-04,24.270000457763672,0.0
2021-02-05,24.45499992370605,0.0
2021-02-08,24.8075008392334,0.0
2021-02-09,24.76749992370605,0.0
2021-02-10,24.76000022888184,0.0
2021-02-11,24.83749961853028,0.0
2021-02-12,25.084999084472656,0.0
2021-02-16,25.040000915527344,0.0
2021-02-17,25.05500030517578,0.0
2021-02-18,24.834999084472656,0.0
2021-02-19,24.725000381469727,0.0
2021-02-22,24.36750030517578,0.0
2021-02-23,24.420000076293945,0.0
2021-02-24,24.95249938964844,0.0
2021-02-25,23.7549991607666,0.0
2021-02-26,23.49250030517578,0.0
2021-03-01,24.63500022888184,0.0
2021-03-02,24.252500534057617,0.0
2021-03-03,23.612499237060547,0.0
2021-03-04,23.02499961853028,0.0
2021-03-05,23.86750030517578,0.0
2021-03-08,23.63249969482422,0.0
2021-03-09,24.299999237060547,0.0
2021-03-10,24.602500915527344,0.0
2021-03-11,25.107500076293945,0.0
2021-03-12,25.18000030517578,0.0
2021-03-15,25.482500076293945,0.0
2021-03-16,25.420000076293945,0.0
2021-03-17,25.565000534057617,0.0
2021-03-18,24.82250022888184,0.0
2021-03-19,24.725000381469727,0.0
2021-03-22,25.127500534057617,0.0
2021-03-23,24.717500686645508,0.0175
2021-03-24,24.46999931335449,0.0
2021-03-25,24.73500061035156,0.0
2021-03-26,25.52750015258789,0.0
2021-03-29,25.502500534057617,0.0
2021-03-30,25.36750030517578,0.0
2021-03-31,25.57749938964844,0.0
2021-04-01,26.112499237060547,0.0
2021-04-05,26.862499237060547,0.0
2021-04-06,26.832500457763672,0.0
2021-04-07,26.897499084472656,0.0
2021-04-08,27.147499084472656,0.0
2021-04-09,27.542499542236328,0.0
2021-04-12,27.5674991607666,0.0
2021-04-13,27.71999931335449,0.0
2021-04-14,27.545000076293945,0.0
2021-04-15,28.125,0.0
2021-04-16,28.32250022888184,0.0
2021-04-19,28.04750061035156,0.0
2021-04-20,27.627500534057617,0.0
2021-04-21,28.14249992370605,0.0
2021-04-22,27.63500022888184,0.0
2021-04-23,28.227500915527344,0.0
2021-04-26,28.34749984741211,0.0
2021-04-27,28.32999992370605,0.0
2021-04-28,28.295000076293945,0.0
2021-04-29,28.662500381469727,0.0
2021-04-30,28.290000915527344,0.0
2021-05-03,28.405000686645508,0.0
2021-05-04,28.05500030517578,0.0
2021-05-05,28.0674991607666,0.0
2021-05-06,28.52499961853028,0.0
2021-05-07,28.92250061035156,0.0
2021-05-10,28.3700008392334,0.0
2021-05-11,27.86750030517578,0.0
2021-05-12,26.67250061035156,0.0
2021-05-13,27.30500030517578,0.0
2021-05-14,28.137500762939453,0.0
2021-05-17,28.0049991607666,0.0
2021-05-18,27.51499938964844,0.0
2021-05-19,27.377500534057617,0.0
2021-05-20,27.95499992370605,0.0
2021-05-21,27.920000076293945,0.0
2021-05-24,28.475000381469727,0.0
2021-05-25,28.357500076293945,0.0
2021-05-26,28.46249961853028,0.0
2021-05-27,28.479999542236328,0.0
2021-05-28,28.59749984741211,0.0
2021-06-01,28.540000915527344,0.0
2021-06-02,28.63999938964844,0.0
2021-06-03,28.424999237060547,0.0
2021-06-04,28.9325008392334,0.0
2021-06-07,28.887500762939453,0.0
2021-06-08,28.88999938964844,0.0
2021-06-09,28.795000076293945,0.0
2021-06-10,29.059999465942383,0.0
2021-06-11,29.15999984741211,0.0
2021-06-14,29.302499771118164,0.0
2021-06-15,29.1875,0.0
2021-06-16,28.854999542236328,0.0
2021-06-17,28.82749938964844,0.0
2021-06-18,28.0575008392334,0.0
2021-06-21,28.850000381469727,0.0
2021-06-22,29.14249992370605,0.011
2021-06-23,29.075000762939453,0.0
2021-06-24,29.415000915527344,0.0
2021-06-25,29.6200008392334,0.0
2021-06-28,29.74250030517578,0.0
2021-06-29,29.77499961853028,0.0
2021-06-30,29.834999084472656,0.0
2021-07-01,30.15250015258789,0.0
2021-07-02,30.61750030517578,0.0
2021-07-06,30.497499465942383,0.0
2021-07-07,30.71249961853028,0.0
2021-07-08,30.21500015258789,0.0
2021-07-09,30.83749961853028,0.0
2021-07-12,31.07999992370605,0.0
2021-07-13,30.864999771118164,0.0
2021-07-14,30.9424991607666,0.0
2021-07-15,30.73500061035156,0.0
2021-07-16,30.25,0.0
2021-07-19,29.34749984741211,0.0
2021-07-20,30.1924991607666,0.0
2021-07-21,30.684999465942383,0.0
2021-07-22,30.82250022888184,0.0
2021-07-23,31.43000030517578,0.0
2021-07-26,31.59000015258789,0.0
2021-07-27,31.299999237060547,0.0
2021-07-28,31.272499084472656,0.0
2021-07-29,31.530000686645508,0.0
2021-07-30,31.227500915527344,0.0
2021-08-02,31.09749984741211,0.0
2021-08-03,31.600000381469727,0.0
2021-08-04,31.287500381469727,0.0
2021-08-05,31.684999465942383,0.0
2021-08-06,31.78499984741211,0.0
2021-08-09,31.737499237060547,0.0
2021-08-10,31.799999237060547,0.0
2021-08-11,31.96249961853028,0.0
2021-08-12,32.14250183105469,0.0
2021-08-13,32.26750183105469,0.0
2021-08-16,32.42250061035156,0.0
2021-08-17,32.005001068115234,0.0
2021-08-18,31.292499542236328,0.0
2021-08-19,31.3700008392334,0.0
2021-08-20,31.88249969482422,0.0
2021-08-23,32.44499969482422,0.0
2021-08-24,32.540000915527344,0.0
2021-08-25,32.685001373291016,0.0
2021-08-26,32.29750061035156,0.0
2021-08-27,32.8650016784668,0.0
2021-08-30,33.154998779296875,0.0
2021-08-31,33.07749938964844,0.0
2021-09-01,33.095001220703125,0.0
2021-09-02,33.29249954223633,0.0
2021-09-03,33.279998779296875,0.0
2021-09-07,33.040000915527344,0.0
2021-09-08,32.962501525878906,0.0
2021-09-09,32.66749954223633,0.0
2021-09-10,32.165000915527344,0.0
2021-09-13,32.3025016784668,0.0
2021-09-14,31.96500015258789,0.0
2021-09-15,32.48500061035156,0.0
2021-09-16,32.375,0.0
2021-09-17,31.76000022888184,0.0
2021-09-20,30.69499969482422,0.0
2021-09-21,30.64999961853028,0.0
2021-09-22,31.21500015258789,0.0095
2021-09-23,31.982500076293945,0.0
2021-09-24,32.084999084472656,0.0
2021-09-27,31.90749931335449,0.0
2021-09-28,30.607500076293945,0.0
2021-09-29,30.707500457763672,0.0
2021-09-30,29.95499992370605,0.0
2021-10-01,30.662500381469727,0.0
2021-10-04,29.88500022888184,0.0
2021-10-05,30.4950008392334,0.0
2021-10-06,30.75,0.0
2021-10-07,31.27499961853028,0.0
2021-10-08,31.155000686645508,0.0
2021-10-11,30.71249961853028,0.0
2021-10-12,30.5575008392334,0.0
2021-10-13,30.772499084472656,0.0
2021-10-14,31.799999237060547,0.0
2021-10-15,32.290000915527344,0.0
2021-10-18,32.494998931884766,0.0
2021-10-19,32.977500915527344,0.0
2021-10-20,33.23249816894531,0.0
2021-10-21,33.41749954223633,0.0
2021-10-22,33.342498779296875,0.0
2021-10-25,33.682498931884766,0.0
2021-10-26,33.7599983215332,0.0
2021-10-27,33.44499969482422,0.0
2021-10-28,34.095001220703125,0.0
2021-10-29,34.23249816894531,0.0
2021-11-01,34.35499954223633,0.0
2021-11-02,34.627498626708984,0.0
2021-11-03,35.060001373291016,0.0
2021-11-04,35.369998931884766,0.0
2021-11-05,35.61750030517578,0.0
2021-11-08,35.685001373291016,0.0
2021-11-09,35.45249938964844,0.0
2021-11-10,34.872501373291016,0.0
2021-11-11,34.897499084472656,0.0
2021-11-12,35.41749954223633,0.0
2021-11-15,35.4275016784668,0.0
2021-11-16,35.70000076293945,0.0
2021-11-17,35.532501220703125,0.0
2021-11-18,35.77000045776367,0.0
2021-11-19,35.64250183105469,0.0
2021-11-22,35.439998626708984,0.0
2021-11-23,35.55500030517578,0.0
2021-11-24,35.70249938964844,0.0
2021-11-26,34.157501220703125,0.0
2021-11-29,34.967498779296875,0.0
2021-11-30,33.64500045776367,0.0
2021-12-01,32.852500915527344,0.0
2021-12-02,33.83250045776367,0.0
2021-12-03,33.272499084472656,0.0
2021-12-06,34.04750061035156,0.0
2021-12-07,35.45249938964844,0.0
2021-12-08,35.6349983215332,0.0
2021-12-09,35.15250015258789,0.0
2021-12-10,35.810001373291016,0.0
2021-12-13,35.192501068115234,0.0
2021-12-14,34.689998626708984,0.0
2021-12-15,35.779998779296875,0.0
2021-12-16,35.14500045776367,0.0
2021-12-17,34.39500045776367,0.0
2021-12-20,33.65250015258789,0.0
2021-12-21,34.85749816894531,0.0
2021-12-22,35.54750061035156,0.0
2021-12-23,35.962501525878906,0.026
2021-12-27,36.97999954223633,0.0
2021-12-28,36.92250061035156,0.0
2021-12-29,37.01250076293945,0.0
2021-12-30,36.807498931884766,0.0
2021-12-31,36.59249877929688,0.0
2022-01-03,37.025001525878906,0.0
2022-01-04,37.005001068115234,0.0
2022-01-05,35.59749984741211,0.0
2022-01-06,35.51250076293945,0.0
2022-01-07,35.244998931884766,0.0
2022-01-10,35.147499084472656,0.0
2022-01-11,35.76750183105469,0.0
2022-01-12,35.97249984741211,0.0
2022-01-13,34.974998474121094,0.0
2022-01-14,34.994998931884766,0.0
2022-01-18,33.775001525878906,0.0
2022-01-19,33.05500030517578,0.0
2022-01-20,32.33000183105469,0.0
2022-01-21,31.040000915527344,0.0
2022-01-24,31.30500030517578,0.0
2022-01-25,30.53499984741211,0.0
2022-01-26,30.40999984741211,0.0
2022-01-27,30.084999084472656,0.0
2022-01-28,31.575000762939453,0.0
2022-01-31,32.71500015258789,0.0
2022-02-01,33.165000915527344,0.0
2022-02-02,33.80500030517578,0.0
2022-02-03,32.21500015258789,0.0
2022-02-04,32.529998779296875,0.0
2022-02-07,32.30500030517578,0.0
2022-02-08,32.83000183105469,0.0
2022-02-09,33.77000045776367,0.0
2022-02-10,32.58000183105469,0.0
2022-02-11,31.27499961853028,0.0
2022-02-14,31.084999084472656,0.0
2022-02-15,32.07500076293945,0.0
2022-02-16,32.154998779296875,0.0
2022-02-17,30.78499984741211,0.0
2022-02-18,30.3700008392334,0.0
2022-02-22,29.729999542236328,0.0
2022-02-23,28.65999984741211,0.0
2022-02-24,29.51000022888184,0.0
2022-02-25,30.815000534057617,0.0
2022-02-28,30.65999984741211,0.0
2022-03-01,29.729999542236328,0.0
2022-03-02,30.799999237060547,0.0
2022-03-03,30.51000022888184,0.0
2022-03-04,30.01000022888184,0.0
2022-03-07,28.2450008392334,0.0
2022-03-08,27.809999465942383,0.0
2022-03-09,29.290000915527344,0.0
2022-03-10,29.03499984741211,0.0
2022-03-11,28.295000076293945,0.0
2022-03-14,27.875,0.0
2022-03-15,29.084999084472656,0.0
2022-03-16,30.38999938964844,0.0
2022-03-17,31.145000457763672,0.0
2022-03-18,31.809999465942383,0.0
2022-03-21,31.825000762939453,0.0
2022-03-22,32.54499816894531,0.0
2022-03-23,31.690000534057617,0.02
2022-03-24,32.63999938964844,0.0
2022-03-25,32.95500183105469,0.0
2022-03-28,33.415000915527344,0.0
2022-03-29,34.27000045776367,0.0
2022-03-30,33.849998474121094,0.0
2022-03-31,32.80500030517578,0.0
2022-04-01,32.959999084472656,0.0
2022-04-04,33.525001525878906,0.0
2022-04-05,32.69499969482422,0.0
2022-04-06,32.025001525878906,0.0
2022-04-07,32.345001220703125,0.0
2022-04-08,32.18000030517578,0.0
2022-04-11,31.075000762939453,0.0
2022-04-12,30.834999084472656,0.0
2022-04-13,31.549999237060547,0.0
2022-04-14,30.770000457763672,0.0
2022-04-18,30.780000686645508,0.0
2022-04-19,31.7549991607666,0.0
2022-04-20,31.709999084472656,0.0
2022-04-21,30.76499938964844,0.0
2022-04-22,29.075000762939453,0.0
2022-04-25,29.39999961853028,0.0
2022-04-26,27.70499992370605,0.0
2022-04-27,27.86000061035156,0.0
2022-04-28,29.270000457763672,0.0
2022-04-29,27.100000381469727,0.0
2022-05-02,27.424999237060547,0.0
2022-05-03,27.684999465942383,0.0
2022-05-04,29.36000061035156,0.0
2022-05-05,27.290000915527344,0.0
2022-05-06,26.94499969482422,0.0
2022-05-09,25.229999542236328,0.0
2022-05-10,25.32999992370605,0.0
2022-05-11,24.520000457763672,0.0
2022-05-12,24.475000381469727,0.0
2022-05-13,25.63500022888184,0.0
2022-05-16,25.44499969482422,0.0
2022-05-17,26.459999084472656,0.0
2022-05-18,24.34000015258789,0.0
2022-05-19,24.020000457763672,0.0
2022-05-20,24.040000915527344,0.0
2022-05-23,24.950000762939453,0.0
2022-05-24,24.575000762939453,0.0
2022-05-25,25.020000457763672,0.0
2022-05-26,25.9950008392334,0.0
2022-05-27,27.27499961853028,0.0
2022-05-31,26.959999084472656,0.0
2022-06-01,26.530000686645508,0.0
2022-06-02,27.520000457763672,0.0
2022-06-03,26.6299991607666,0.0
2022-06-06,26.780000686645508,0.0
2022-06-07,27.28499984741211,0.0
2022-06-08,26.700000762939453,0.0
2022-06-09,25.424999237060547,0.0
2022-06-10,23.940000534057617,0.0
2022-06-13,22.114999771118164,0.0
2022-06-14,21.975000381469727,0.0
2022-06-15,22.59499931335449,0.0
2022-06-16,21.13999938964844,0.0
2022-06-17,21.174999237060547,0.0
2022-06-21,22.25,0.0
2022-06-22,22.165000915527344,0.0
2022-06-23,22.61000061035156,0.0
2022-06-24,24.03499984741211,0.0
2022-06-27,23.864999771118164,0.0
2022-06-28,22.88500022888184,0.0
2022-06-29,22.82999992370605,0.0
2022-06-30,22.450000762939453,0.0
2022-07-01,22.920000076293945,0.0
2022-07-05,23.01000022888184,0.0
2022-07-06,23.174999237060547,0.0
2022-07-07,23.84499931335449,0.0
2022-07-08,23.809999465942383,0.0
2022-07-11,23.27499961853028,0.0
2022-07-12,22.854999542236328,0.0
2022-07-13,22.61000061035156,0.0
2022-07-14,22.48500061035156,0.0
2022-07-15,23.34499931335449,0.0
2022-07-18,22.959999084472656,0.0
2022-07-19,24.200000762939453,0.0
2022-07-20,24.51499938964844,0.0
2022-07-21,25.0049991607666,0.0
2022-07-22,24.545000076293945,0.0
2022-07-25,24.59000015258789,0.0
2022-07-26,24.0,0.0
2022-07-27,25.2549991607666,0.0
2022-07-28,25.8799991607666,0.0
2022-07-29,26.645000457763672,0.0
2022-08-01,26.475000381469727,0.0
2022-08-02,26.1299991607666,0.0
2022-08-03,26.934999465942383,0.0
2022-08-04,26.895000457763672,0.0
2022-08-05,26.780000686645508,0.0
2022-08-08,26.739999771118164,0.0
2022-08-09,26.51499938964844,0.0
2022-08-10,27.625,0.0
2022-08-11,27.6299991607666,0.0
2022-08-12,28.545000076293945,0.0
2022-08-15,28.790000915527344,0.0
2022-08-16,28.895000457763672,0.0
2022-08-17,28.489999771118164,0.0
2022-08-18,28.63500022888184,0.0
2022-08-19,27.864999771118164,0.0
2022-08-22,26.70499992370605,0.0
2022-08-23,26.559999465942383,0.0
2022-08-24,26.729999542236328,0.0
2022-08-25,27.479999542236328,0.0
2022-08-26,25.614999771118164,0.0
2022-08-29,25.26499938964844,0.0
2022-08-30,24.70499992370605,0.0
2022-08-31,24.32999992370605,0.0
2022-09-01,24.46999931335449,0.0
2022-09-02,23.95499992370605,0.0
2022-09-06,23.77499961853028,0.0
2022-09-07,24.6299991607666,0.0
2022-09-08,24.940000534057617,0.0
2022-09-09,25.71500015258789,0.0
2022-09-12,26.26000022888184,0.0
2022-09-13,23.98500061035156,0.0
2022-09-14,24.145000457763672,0.0
2022-09-15,23.600000381469727,0.0
2022-09-16,23.2450008392334,0.0
2022-09-19,23.59000015258789,0.0
2022-09-20,23.049999237060547,0.0
2022-09-21,22.239999771118164,0.0
2022-09-22,21.850000381469727,0.0
2022-09-23,21.114999771118164,0.0
2022-09-26,20.709999084472656,0.0
2022-09-27,20.59000015258789,0.0
2022-09-28,21.395000457763672,0.0
2022-09-29,20.51000022888184,0.0
2022-09-30,19.86000061035156,0.0
2022-10-03,20.915000915527344,0.0
2022-10-04,22.190000534057617,0.0
2022-10-05,22.100000381469727,0.0
2022-10-06,21.625,0.0
2022-10-07,20.420000076293945,0.0
2022-10-10,20.100000381469727,0.0
2022-10-11,19.834999084472656,0.0
2022-10-12,19.709999084472656,0.0
2022-10-13,20.7450008392334,0.0
2022-10-14,19.799999237060547,0.0
2022-10-17,20.80500030517578,0.0
2022-10-18,21.28499984741211,0.0
2022-10-19,21.0,0.0
2022-10-20,20.6299991607666,0.0
2022-10-21,21.6299991607666,0.0
2022-10-24,22.155000686645508,0.0
2022-10-25,22.854999542236328,0.0
2022-10-26,22.51499938964844,0.0
2022-10-27,22.2549991607666,0.0
2022-10-28,23.315000534057617,0.0
2022-10-31,22.98500061035156,0.0
2022-11-01,22.77499961853028,0.0
2022-11-02,21.6200008392334,0.0
2022-11-03,21.165000915527344,0.0
2022-11-04,21.77499961853028,0.0
2022-11-07,22.19499969482422,0.0
2022-11-08,22.43000030517578,0.0
2022-11-09,21.4950008392334,0.0
2022-11-10,23.850000381469727,0.0
2022-11-11,24.325000762939453,0.0
2022-11-14,23.90999984741211,0.0
2022-11-15,24.31999969482422,0.0
2022-11-16,23.940000534057617,0.0
2022-11-17,23.77499961853028,0.0
2022-11-18,23.979999542236328,0.0
2022-11-21,23.790000915527344,0.0
2022-11-22,24.424999237060547,0.0
2022-11-23,24.73500061035156,0.0
2022-11-25,24.71500015258789,0.0
2022-11-28,23.924999237060547,0.0
2022-11-29,23.84499931335449,0.0
2022-11-30,25.309999465942383,0.0
2022-12-01,25.299999237060547,0.0
2022-12-02,25.225000381469727,0.0
2022-12-05,24.315000534057617,0.0
2022-12-06,23.614999771118164,0.0
2022-12-07,23.520000457763672,0.0
2022-12-08,23.875,0.0
2022-12-09,23.52499961853028,0.0
2022-12-12,24.190000534057617,0.0
2022-12-13,24.56999969482422,0.0
2022-12-14,24.2549991607666,0.0
2022-12-15,23.049999237060547,0.0
2022-12-16,22.5,0.0
2022-12-19,22.100000381469727,0.0
2022-12-20,22.165000915527344,0.0
2022-12-21,22.834999084472656,0.0
2022-12-22,22.07999992370605,0.0905
2022-12-23,22.325000762939453,0.0
2022-12-27,22.13999938964844,0.0
2022-12-28,21.59000015258789,0.0
2022-12-29,22.34499931335449,0.0
2022-12-30,22.225000381469727,0.0
2023-01-03,22.02499961853028,0.0
2023-01-04,22.375,0.0
2023-01-05,21.850000381469727,0.0
2023-01-06,22.84499931335449,0.0
2023-01-09,22.825000762939453,0.0
2023-01-10,23.145000457763672,0.0
2023-01-11,23.709999084472656,0.0
2023-01-12,23.875,0.0
2023-01-13,24.065000534057617,0.0
2023-01-17,23.96999931335449,0.0
2023-01-18,23.21999931335449,0.0
2023-01-19,22.86000061035156,0.0
2023-01-20,23.70499992370605,0.0
2023-01-23,24.2549991607666,0.0
2023-01-24,24.200000762939453,0.0
2023-01-25,24.23500061035156,0.0
2023-01-26,24.75,0.0
2023-01-27,24.86000061035156,0.0
2023-01-30,24.229999542236328,0.0
2023-01-31,24.940000534057617,0.0
2023-02-01,25.46999931335449,0.0
2023-02-02,26.19499969482422,0.0
2023-02-03,25.63999938964844,0.0
2023-02-06,25.315000534057617,0.0
2023-02-07,25.98500061035156,0.0
2023-02-08,25.40999984741211,0.0
2023-02-09,24.950000762939453,0.0
2023-02-10,25.05500030517578,0.0
2023-02-13,25.645000457763672,0.0
2023-02-14,25.6200008392334,0.0
2023-02-15,25.78499984741211,0.0
2023-02-16,25.05500030517578,0.0
2023-02-17,24.920000076293945,0.0
2023-02-21,23.915000915527344,0.0
2023-02-22,23.86000061035156,0.0
2023-02-23,24.09000015258789,0.0
2023-02-24,23.559999465942383,0.0
2023-02-27,23.709999084472656,0.0
2023-02-28,23.53499984741211,0.0
2023-03-01,23.364999771118164,0.0
2023-03-02,23.709999084472656,0.0
2023-03-03,24.46500015258789,0.0
2023-03-06,24.489999771118164,0.0
2023-03-07,23.739999771118164,0.0
2023-03-08,23.809999465942383,0.0
2023-03-09,22.920000076293945,0.0
2023-03-10,22.25,0.0
2023-03-13,22.165000915527344,0.0
2023-03-14,22.915000915527344,0.0
2023-03-15,22.63500022888184,0.0
2023-03-16,23.38999938964844,0.0
2023-03-17,22.8700008392334,0.0
2023-03-20,23.28499984741211,0.0
2023-03-21,23.895000457763672,0.0
2023-03-22,23.084999084472656,0.0
2023-03-23,23.190000534057617,0.0
2023-03-24,23.489999771118164,0.0
2023-03-27,23.584999084472656,0.0
2023-03-28,23.479999542236328,0.0
2023-03-29,24.14999961853028,0.0
2023-03-30,24.415000915527344,0.0
2023-03-31,25.100000381469727,0.0
2023-04-03,25.28499984741211,0.0
2023-04-04,25.01499938964844,0.0
2023-04-05,24.86000061035156,0.0
2023-04-06,25.040000915527344,0.0
2023-04-10,25.09499931335449,0.0
2023-04-11,25.104999542236328,0.0
2023-04-12,24.905000686645508,0.0
2023-04-13,25.540000915527344,0.0
2023-04-14,25.420000076293945,0.0
2023-04-17,25.600000381469727,0.0
2023-04-18,25.625,0.0
2023-04-19,25.614999771118164,0.0
2023-04-20,25.31999969482422,0.0
2023-04-21,25.34000015258789,0.0
2023-04-24,25.395000457763672,0.0
2023-04-25,24.57999992370605,0.0
2023-04-26,24.375,0.0
2023-04-27,25.32999992370605,0.0
2023-04-28,25.7450008392334,0.0
2023-05-01,25.700000762939453,0.0
2023-05-02,25.114999771118164,0.0
2023-05-03,24.76499938964844,0.0
2023-05-04,24.405000686645508,0.0
2023-05-05,25.299999237060547,0.0
2023-05-08,25.315000534057617,0.0
2023-05-09,25.09499931335449,0.0
2023-05-10,25.31999969482422,0.0
2023-05-11,25.21999931335449,0.0
2023-05-12,25.13999938964844,0.0
2023-05-15,25.30500030517578,0.0
2023-05-16,24.975000381469727,0.0
2023-05-17,25.56999969482422,0.0
2023-05-18,26.05500030517578,0.0
2023-05-19,25.96999931335449,0.0
2023-05-22,25.975000381469727,0.0
2023-05-23,25.405000686645508,0.0
2023-05-24,25.020000457763672,0.0
2023-05-25,25.44499969482422,0.0
2023-05-26,26.09499931335449,0.0
2023-05-30,26.100000381469727,0.0
2023-05-31,25.81999969482422,0.0
2023-06-01,26.290000915527344,0.0
2023-06-02,27.065000534057617,0.0
2023-06-05,26.934999465942383,0.0
2023-06-06,27.059999465942383,0.0
2023-06-07,26.875,0.0
2023-06-08,27.184999465942383,0.0
2023-06-09,27.26499938964844,0.0
2023-06-12,27.76499938964844,0.0
2023-06-13,28.114999771118164,0.0
2023-06-14,28.184999465942383,0.0
2023-06-15,28.86000061035156,0.0
2023-06-16,28.64999961853028,0.0
2023-06-20,28.3700008392334,0.0
2023-06-21,28.05500030517578,0.0
2023-06-22,28.2549991607666,0.0
2023-06-23,27.809999465942383,0.0
2023-06-26,27.584999084472656,0.0
2023-06-27,28.190000534057617,0.0
2023-06-28,28.21999931335449,0.0
2023-06-29,28.415000915527344,0.0
2023-06-30,29.075000762939453,0.0
2023-07-03,29.14999961853028,0.0
2023-07-05,29.040000915527344,0.0
2023-07-06,28.575000762939453,0.0
2023-07-07,28.43000030517578,0.0
2023-07-10,28.565000534057617,0.0
2023-07-11,28.93000030517578,0.0
2023-07-12,29.38999938964844,0.0
2023-07-13,29.81999969482422,0.0
2023-07-14,29.78499984741211,0.0
2023-07-17,29.98500061035156,0.0
2023-07-18,30.420000076293945,0.0
2023-07-19,30.545000076293945,0.0
2023-07-20,30.13500022888184,0.0
2023-07-21,30.13999938964844,0.0
2023-07-24,30.395000457763672,0.0
2023-07-25,30.565000534057617,0.0
2023-07-26,30.565000534057617,0.0
2023-07-27,30.145000457763672,0.0
2023-07-28,30.71500015258789,0.0
2023-07-31,30.84499931335449,0.0
2023-08-01,30.645000457763672,0.0
2023-08-02,29.809999465942383,0.0
2023-08-03,29.604999542236328,0.0
2023-08-04,29.34499931335449,0.0
2023-08-07,29.84000015258789,0.0
2023-08-08,29.57999992370605,0.0
2023-08-09,29.174999237060547,0.0
2023-08-10,29.184999465942383,0.0
2023-08-11,29.13999938964844,0.0
2023-08-14,29.459999084472656,0.0
2023-08-15,28.77499961853028,0.0
2023-08-16,28.31999969482422,0.0
2023-08-17,27.875,0.0
2023-08-18,27.895000457763672,0.0
2023-08-21,28.270000457763672,0.0
2023-08-22,28.104999542236328,0.0
2023-08-23,28.71999931335449,0.0
2023-08-24,27.924999237060547,0.0
2023-08-25,28.299999237060547,0.0
2023-08-28,28.65999984741211,0.0
2023-08-29,29.48500061035156,0.0
2023-08-30,29.71500015258789,0.0
2023-08-31,29.604999542236328,0.0
2023-09-01,29.71999931335449,0.0
2023-09-05,29.45499992370605,0.0
2023-09-06,29.045000076293945,0.0
2023-09-07,28.86000061035156,0.0
2023-09-08,28.94499969482422,0.0
2023-09-11,29.315000534057617,0.0
2023-09-12,28.98500061035156,0.0
2023-09-13,29.05500030517578,0.0
2023-09-14,29.53499984741211,0.0
2023-09-15,28.815000534057617,0.0
2023-09-18,28.850000381469727,0.0
2023-09-19,28.729999542236328,0.0
2023-09-20,28.170000076293945,0.0
2023-09-21,27.2549991607666,0.0
2023-09-22,27.11000061035156,0.0
2023-09-25,27.32999992370605,0.0
2023-09-26,26.52499961853028,0.0
2023-09-27,26.545000076293945,0.0
2023-09-28,26.84000015258789,0.0
2023-09-29,26.690000534057617,0.0
2023-10-02,26.674999237060547,0.0
2023-10-03,25.96500015258789,0.0
2023-10-04,26.32999992370605,0.0
2023-10-05,26.290000915527344,0.0
2023-10-06,26.89999961853028,0.0
2023-10-09,27.239999771118164,0.0
2023-10-10,27.51000022888184,0.0
2023-10-11,27.7450008392334,0.0
2023-10-12,27.405000686645508,0.0
2023-10-13,27.125,0.0
2023-10-16,27.684999465942383,0.0
2023-10-17,27.674999237060547,0.0
2023-10-18,26.940000534057617,0.0
2023-10-19,26.43000030517578,0.0
2023-10-20,25.78499984741211,0.0
2023-10-23,25.690000534057617,0.0
2023-10-24,26.06999969482422,0.0
2023-10-25,25.325000762939453,0.0
2023-10-26,24.70499992370605,0.0
2023-10-27,24.46500015258789,0.0
2023-10-30,25.05500030517578,0.0
2023-10-31,25.354999542236328,0.0
2023-11-01,25.88500022888184,0.0
2023-11-02,26.8799991607666,0.0
2023-11-03,27.354999542236328,0.0
2023-11-06,27.475000381469727,0.0
2023-11-07,27.6200008392334,0.0
2023-11-08,27.65999984741211,0.0
2023-11-09,27.21500015258789,0.0
2023-11-10,28.06999969482422,0.0
2023-11-13,28.01000022888184,0.0
2023-11-14,29.07999992370605,0.0
2023-11-15,29.209999084472656,0.0
2023-11-16,29.26000022888184,0.0
2023-11-17,29.32999992370605,0.0
2023-11-20,29.77499961853028,0.0
2023-11-21,29.6299991607666,0.0
2023-11-22,29.84499931335449,0.0
2023-11-24,29.8700008392334,0.0
2023-11-27,29.76499938964844,0.0
2023-11-28,29.809999465942383,0.0
2023-11-29,29.780000686645508,0.0
2023-11-30,29.98500061035156,0.0
2023-12-01,30.32999992370605,0.0
2023-12-04,30.0049991607666,0.0
2023-12-05,29.9950008392334,0.0
2023-12-06,29.7450008392334,0.0
2023-12-07,30.18000030517578,0.0
2023-12-08,30.43000030517578,0.0
2023-12-11,30.670000076293945,0.0
2023-12-12,30.950000762939453,0.0
2023-12-13,31.780000686645508,0.0
2023-12-14,31.989999771118164,0.0
2023-12-15,31.864999771118164,0.0
2023-12-18,32.22999954223633,0.0
2023-12-19,32.61000061035156,0.0
2023-12-20,31.584999084472656,0.059
2023-12-21,32.20500183105469,0.0
2023-12-22,32.334999084472656,0.0
2023-12-26,32.584999084472656,0.0
2023-12-27,32.70500183105469,0.0
2023-12-28,32.709999084472656,0.0
2023-12-29,32.53499984741211,0.0
2024-01-02,32.150001525878906,0.0
2024-01-03,31.614999771118164,0.0
2024-01-04,31.395000457763672,0.0
2024-01-05,31.475000381469727,0.0
2024-01-08,32.369998931884766,0.0
2024-01-09,32.255001068115234,0.0
2024-01-10,32.619998931884766,0.0
2024-01-11,32.57500076293945,0.0
2024-01-12,32.599998474121094,0.0
2024-01-16,32.35499954223633,0.0
2024-01-17,31.9950008392334,0.0
2024-01-18,32.54499816894531,0.0
2024-01-19,33.345001220703125,0.0
2024-01-22,33.48500061035156,0.0
2024-01-23,33.689998626708984,0.0
2024-01-24,33.73500061035156,0.0
2024-01-25,34.099998474121094,0.0
2024-01-26,34.0099983215332,0.0
2024-01-29,34.529998779296875,0.0
2024-01-30,34.459999084472656,0.0
2024-01-31,33.345001220703125,0.0
2024-02-01,34.19499969482422,0.0
2024-02-02,34.900001525878906,0.0
2024-02-05,34.64500045776367,0.0
2024-02-06,34.83000183105469,0.0
2024-02-07,35.400001525878906,0.0
2024-02-08,35.43000030517578,0.0
2024-02-09,35.834999084472656,0.0
2024-02-12,35.779998779296875,0.0
2024-02-13,34.79999923706055,0.0
2024-02-14,35.41999816894531,0.0
2024-02-15,35.8849983215332,0.0
2024-02-16,35.52000045776367,0.0
2024-02-20,35.130001068115234,0.0
2024-02-21,35.17499923706055,0.0
2024-02-22,36.619998931884766,0.0
2024-02-23,36.665000915527344,0.0
2024-02-26,36.38999938964844,0.0
2024-02-27,36.505001068115234,0.0
2024-02-28,36.39500045776367,0.0
2024-02-29,36.64500045776367,0.0
2024-03-01,37.33000183105469,0.0
2024-03-04,37.22999954223633,0.0
2024-03-05,36.4900016784668,0.0
2024-03-06,36.85499954223633,0.0
2024-03-07,37.58000183105469,0.0
2024-03-08,37.125,0.0
2024-03-11,37.040000915527344,0.0
2024-03-12,37.83000183105469,0.0
2024-03-13,37.71500015258789,0.0
2024-03-14,37.525001525878906,0.0
2024-03-15,37.005001068115234,0.0
2024-03-18,37.45500183105469,0.0
2024-03-19,37.869998931884766,0.0
2024-03-20,38.44499969482422,0.089
2024-03-21,38.66999816894531,0.0
2024-03-22,38.55500030517578,0.0
2024-03-25,38.32500076293945,0.0
2024-03-26,38.150001525878906,0.0
2024-03-27,38.790000915527344,0.0
2024-03-28,38.7599983215332,0.0
2024-04-01,38.625,0.0
2024-04-02,38.11000061035156,0.0
2024-04-03,38.19499969482422,0.0
2024-04-04,37.22499847412109,0.0
2024-04-05,38.0099983215332,0.0
2024-04-08,38.03499984741211,0.0
2024-04-09,38.1150016784668,0.0
2024-04-10,37.35499954223633,0.0
2024-04-11,37.900001525878906,0.0
2024-04-12,36.83000183105469,0.0
2024-04-15,35.904998779296875,0.0
2024-04-16,35.775001525878906,0.0
2024-04-17,35.33000183105469,0.0
2024-04-18,35.165000915527344,0.0
2024-04-19,34.55500030517578,0.0
2024-04-22,35.165000915527344,0.0
2024-04-23,36.02000045776367,0.0
2024-04-24,35.974998474121094,0.0
2024-04-25,35.65999984741211,0.0
2024-04-26,36.35499954223633,0.0
2024-04-29,36.595001220703125,0.0
2024-04-30,35.435001373291016,0.0
2024-05-01,35.19499969482422,0.0
2024-05-02,35.83000183105469,0.0
2024-05-03,36.72999954223633,0.0
2024-05-06,37.47499847412109,0.0
2024-05-07,37.54999923706055,0.0
2024-05-08,37.55500030517578,0.0
2024-05-09,37.95500183105469,0.0
2024-05-10,38.06499862670898,0.0
2024-05-13,38.06499862670898,0.0
2024-05-14,38.38999938964844,0.0
2024-05-15,39.334999084472656,0.0
2024-05-16,39.150001525878906,0.0
2024-05-17,39.275001525878906,0.0
2024-05-20,39.34999847412109,0.0
2024-05-21,39.52999877929688,0.0
2024-05-22,39.28499984741211,0.0
2024-05-23,38.70000076293945,0.0
2024-05-24,39.21500015258789,0.0
2024-05-28,39.25,0.0
2024-05-29,38.68999862670898,0.0
2024-05-30,38.165000915527344,0.0
2024-05-31,38.834999084472656,0.0
2024-06-03,38.89500045776367,0.0
2024-06-04,38.970001220703125,0.0
2024-06-05,39.90999984741211,0.0
2024-06-06,39.88999938964844,0.0
2024-06-07,39.76499938964844,0.0
2024-06-10,40.005001068115234,0.0
2024-06-11,40.185001373291016,0.0
2024-06-12,40.85499954223633,0.0
2024-06-13,40.994998931884766,0.0
2024-06-14,41.025001525878906,0.0
2024-06-17,41.66999816894531,0.0
2024-06-18,41.875,0.0
2024-06-20,41.630001068115234,0.0
2024-06-21,41.45000076293945,0.0
2024-06-24,41.209999084472656,0.0
2024-06-25,41.54999923706055,0.0
2024-06-26,41.54999923706055,0.0955
2024-06-27,41.65999984741211,0.0
2024-06-28,41.29999923706055,0.0
2024-07-01,41.47999954223633,0.0
2024-07-02,42.02000045776367,0.0
2024-07-03,42.375,0.0
2024-07-05,42.869998931884766,0.0
2024-07-08,42.94499969482422,0.0
2024-07-09,43.02000045776367,0.0
2024-07-10,43.8650016784668,0.0
2024-07-11,43.084999084472656,0.0
2024-07-12,43.61000061035156,0.0
2024-07-15,43.845001220703125,0.0
2024-07-16,44.369998931884766,0.0
2024-07-17,43.10499954223633,0.0
2024-07-18,42.435001373291016,0.0
2024-07-19,41.85499954223633,0.0
2024-07-22,42.71500015258789,0.0
2024-07-23,42.56499862670898,0.0
2024-07-24,40.6150016784668,0.0
2024-07-25,40.18000030517578,0.0
2024-07-26,41.04999923706055,0.0
2024-07-29,41.125,0.0
2024-07-30,40.685001373291016,0.0
2024-07-31,41.93999862670898,0.0
2024-08-01,40.80500030517578,0.0
2024-08-02,39.27000045776367,0.0
2024-08-05,36.959999084472656,0.0
2024-08-06,37.650001525878906,0.0
2024-08-07,37.119998931884766,0.0
2024-08-08,38.83000183105469,0.0
2024-08-09,39.15999984741211,0.0
2024-08-12,39.185001373291016,0.0
2024-08-13,40.48500061035156,0.0
2024-08-14,40.73500061035156,0.0
2024-08-15,42.125,0.0
2024-08-16,42.27000045776367,0.0
2024-08-19,43.07500076293945,0.0
2024-08-20,42.93000030517578,0.0
2024-08-21,43.23500061035156,0.0
2024-08-22,42.53499984741211,0.0
2024-08-23,43.40499877929688,0.0
2024-08-26,43.18999862670898,0.0
2024-08-27,43.310001373291016,0.0
2024-08-28,42.80500030517578,0.0
2024-08-29,42.78499984741211,0.0
2024-08-30,43.57500076293945,0.0
2024-09-03,41.78499984741211,0.0
2024-09-04,41.584999084472656,0.0
2024-09-05,41.3849983215332,0.0
2024-09-06,39.9900016784668,0.0
2024-09-09,40.85499954223633,0.0
2024-09-10,41.209999084472656,0.0
2024-09-11,42.02999877929688,0.0
2024-09-12,42.75,0.0
2024-09-13,43.165000915527344,0.0
2024-09-16,43.29999923706055,0.0
2024-09-17,43.33000183105469,0.0
2024-09-18,43.04499816894531,0.0
2024-09-19,44.51499938964844,0.0
2024-09-20,44.31499862670898,0.0
2024-09-23,44.54499816894531,0.0
2024-09-24,44.79999923706055,0.0
2024-09-25,44.5099983215332,0.0875
2024-09-26,44.85499954223633,0.0
2024-09-27,44.70000076293945,0.0
2024-09-30,45.084999084472656,0.0
2024-10-01,44.244998931884766,0.0
2024-10-02,44.26499938964844,0.0
2024-10-03,44.09999847412109,0.0
2024-10-04,44.869998931884766,0.0
2024-10-07,44.07500076293945,0.0
2024-10-08,44.8849983215332,0.0
2024-10-09,45.4900016784668,0.0
2024-10-10,45.34000015258789,0.0
2024-10-11,45.834999084472656,0.0
2024-10-14,46.59000015258789,0.0
2024-10-15,45.86000061035156,0.0
2024-10-16,46.244998931884766,0.0
2024-10-17,46.2400016784668,0.0
2024-10-18,46.58000183105469,0.0
2024-10-21,46.435001373291016,0.0
2024-10-22,46.3650016784668,0.0
2024-10-23,45.5,0.0
2024-10-24,45.68999862670898,0.0
2024-10-25,45.65499877929688,0.0
2024-10-28,45.915000915527344,0.0
2024-10-29,46.05500030517578,0.0
2024-10-30,45.76499938964844,0.0
2024-10-31,43.959999084472656,0.0
2024-11-01,44.31499862670898,0.0
2024-11-04,44.125,0.0
2024-11-05,45.18000030517578,0.0
2024-11-06,47.41999816894531,0.0
2024-11-07,48.14500045776367,0.0
2024-11-08,48.54499816894531,0.0
2024-11-11,48.6150016784668,0.0
2024-11-12,48.30500030517578,0.0
2024-11-13,48.35499954223633,0.0
2024-11-14,47.71500015258789,0.0
2024-11-15,46.46500015258789,0.0
2024-11-18,46.85499954223633,0.0
2024-11-19,47.16999816894531,0.0
2024-11-20,47.20500183105469,0.0
2024-11-21,47.68999862670898,0.0
2024-11-22,47.959999084472656,0.0
2024-11-25,48.275001525878906,0.0
2024-11-26,48.79999923706055,0.0
2024-11-27,48.46500015258789,0.0
2024-11-29,49.03499984741211,0.0
2024-12-02,49.220001220703125,0.0
2024-12-03,49.244998931884766,0.0
2024-12-04,49.84999847412109,0.0
2024-12-05,49.685001373291016,0.0
2024-12-06,49.8650016784668,0.0
2024-12-09,49.33000183105469,0.0
2024-12-10,49.03499984741211,0.0
2024-12-11,49.77000045776367,0.0
2024-12-12,49.244998931884766,0.0
2024-12-13,49.209999084472656,0.0
2024-12-16,49.61000061035156,0.0
2024-12-17,49.18000030517578,0.0
2024-12-18,46.345001220703125,0.0
2024-12-19,46.21500015258789,0.0
2024-12-20,47.26499938964844,0.0
2024-12-23,47.7400016784668,0.1225
2024-12-24,48.75,0.0
2024-12-26,48.7599983215332,0.0
2024-12-27,47.720001220703125,0.0
2024-12-30,46.619998931884766,0.0
2024-12-31,46.255001068115234,0.0
2025-01-02,46.0099983215332,0.0
2025-01-03,47.13999938964844,0.0
2025-01-06,47.70000076293945,0.0
2025-01-07,46.625,0.0
2025-01-08,46.709999084472656,0.0
2025-01-10,45.27999877929688,0.0
2025-01-13,45.41999816894531,0.0
2025-01-14,45.52999877929688,0.0
2025-01-15,47.17499923706055,0.0
2025-01-16,46.994998931884766,0.0
2025-01-17,47.88999938964844,0.0
2025-01-21,48.7599983215332,0.0
2025-01-22,49.290000915527344,0.0
2025-01-23,49.834999084472656,0.0
2025-01-24,49.525001525878906,0.0
2025-01-27,48.119998931884766,0.0
2025-01-28,48.93000030517578,0.0
2025-01-29,48.4900016784668,0.0
2025-01-30,48.9900016784668,0.0
2025-01-31,48.44499969482422,0.0
2025-02-03,47.78499984741211,0.0
2025-02-04,48.42499923706055,0.0
2025-02-05,48.80500030517578,0.0
2025-02-06,49.13999938964844,0.0
2025-02-07,48.220001220703125,0.0
2025-02-10,48.86000061035156,0.0
2025-02-11,48.915000915527344,0.0
2025-02-12,48.6150016784668,0.0
2025-02-13,49.630001068115234,0.0
2025-02-14,49.59999847412109,0.0
2025-02-18,49.86000061035156,0.0
2025-02-19,50.10499954223633,0.0
2025-02-20,49.68000030517578,0.0
2025-02-21,47.959999084472656,0.0
2025-02-24,47.505001068115234,0.0
2025-02-25,47.025001525878906,0.0
2025-02-26,47.04499816894531,0.0
2025-02-27,45.55500030517578,0.0
2025-02-28,46.935001373291016,0.0
2025-03-03,45.32500076293945,0.0
2025-03-04,44.21500015258789,0.0
2025-03-05,45.165000915527344,0.0
2025-03-06,43.56999969482422,0.0
2025-03-07,43.994998931884766,0.0
2025-03-10,41.66999816894531,0.0
2025-03-11,40.97999954223633,0.0
2025-03-12,41.38999938964844,0.0
2025-03-13,40.28499984741211,0.0
2025-03-14,41.90999984741211,0.0
2025-03-17,42.540000915527344,0.0
2025-03-18,41.63999938964844,0.0
2025-03-19,42.51499938964844,0.0
2025-03-20,42.30500030517578,0.0
2025-03-21,42.29499816894531,0.0
2025-03-24,43.78499984741211,0.0
2025-03-25,43.97499847412109,0.0
2025-03-26,42.875,0.083
2025-03-27,42.61000061035156,0.0
2025-03-28,40.900001525878906,0.0
2025-03-31,41.38999938964844,0.0
2025-04-01,41.65499877929688,0.0
2025-04-02,42.16999816894531,0.0
2025-04-03,38.150001525878906,0.0
2025-04-04,33.584999084472656,0.0
2025-04-07,33.45000076293945,0.0
2025-04-08,32.400001525878906,0.0
2025-04-09,38.47499847412109,0.0
2025-04-10,35.779998779296875,0.0
2025-04-11,37.005001068115234,0.0
2025-04-14,37.72499847412109,0.0
2025-04-15,37.53499984741211,0.0
2025-04-16,35.85499954223633,0.0
2025-04-17,35.92499923706055,0.0
2025-04-21,34.220001220703125,0.0
2025-04-22,35.95000076293945,0.0
2025-04-23,37.084999084472656,0.0
2025-04-24,38.625,0.0
2025-04-25,39.165000915527344,0.0
2025-04-28,39.21500015258789,0.0
2025-04-29,39.67499923706055,0.0
2025-04-30,39.685001373291016,0.0
2025-05-01,40.27000045776367,0.0
2025-05-02,41.42499923706055,0.0
2025-05-05,40.97499847412109,0.0
2025-05-06,40.28499984741211,0.0
2025-05-07,40.630001068115234,0.0
2025-05-08,41.15999984741211,0.0
2025-05-09,41.04499816894531,0.0
2025-05-12,43.73500061035156,0.0
2025-05-13,44.33000183105469,0.0
2025-05-14,44.41999816894531,0.0
2025-05-15,44.84999847412109,0.0
2025-05-16,45.40499877929688,0.0
2025-05-19,45.51499938964844,0.0
2025-05-20,45.17499923706055,0.0
2025-05-21,43.665000915527344,0.0
2025-05-22,43.66999816894531,0.0
2025-05-23,43.06499862670898,0.0
2025-05-27,44.834999084472656,0.0
2025-05-28,44.31499862670898,0.0
2025-05-29,44.64500045776367,0.0
2025-05-30,44.53499984741211,0.0
2025-06-02,45.02000045776367,0.0
2025-06-03,45.54499816894531,0.0
2025-06-04,45.5,0.0
2025-06-05,45.02999877929688,0.0
2025-06-06,45.95000076293945,0.0
2025-06-09,46.02000045776367,0.0
2025-06-10,46.54999923706055,0.0
2025-06-11,46.28499984741211,0.0
2025-06-12,46.625,0.0
2025-06-13,45.56999969482422,0.0
2025-06-16,46.43999862670898,0.0
2025-06-17,45.63999938964844,0.0
2025-06-18,45.61000061035156,0.0
2025-06-20,45.36000061035156,0.0
2025-06-23,46.25,0.0
2025-06-24,47.27000045776367,0.0
2025-06-25,47.220001220703125,0.1025
2025-06-26,47.959999084472656,0.0
2025-06-27,48.369998931884766,0.0
2025-06-30,48.86000061035156,0.0
2025-07-01,48.79499816894531,0.0
2025-07-02,49.23500061035156,0.0
2025-07-03,49.970001220703125,0.0
2025-07-07,49.255001068115234,0.0
2025-07-08,49.16999816894531,0.0
2025-07-09,49.75,0.0
2025-07-10,50.03499984741211,0.0
2025-07-11,49.64500045776367,0.0
2025-07-14,49.81999969482422,0.0
2025-07-15,49.380001068115234,0.0
2025-07-16,49.71500015258789,0.0
2025-07-17,50.33000183105469,0.0
2025-07-18,50.22999954223633,0.0
2025-07-21,50.40999984741211,0.0
2025-07-22,50.41999816894531,0.0
2025-07-23,51.26499938964844,0.0
2025-07-24,51.310001373291016,0.0
2025-07-25,51.69499969482422,0.0
2025-07-28,51.665000915527344,0.0
2025-07-29,51.380001068115234,0.0
2025-07-30,51.26499938964844,0.0
2025-07-31,50.84000015258789,0.0
2025-08-01,49.15499877929688,0.0
2025-08-04,50.6349983215332,0.0
2025-08-05,50.13999938964844,0.0
2025-08-06,50.875,0.0
2025-08-07,50.80500030517578,0.0
2025-08-08,51.54999923706055,0.0
2025-08-11,51.34000015258789,0.0
2025-08-12,52.43000030517578,0.0
2025-08-13,52.790000915527344,0.0
2025-08-14,52.790000915527344,0.0
2025-08-15,52.52999877929688,0.0
2025-08-18,52.48500061035156,0.0
2025-08-19,51.89500045776367,0.0
2025-08-20,51.6150016784668,0.0
2025-08-21,51.20000076293945,0.0
2025-08-22,52.73500061035156,0.0
2025-08-25,52.275001525878906,0.0
2025-08-26,52.69499969482422,0.0
2025-08-27,52.935001373291016,0.0
2025-08-28,53.290000915527344,0.0
2025-08-29,52.63999938964844,0.0
2025-09-02,51.845001220703125,0.0
2025-09-03,52.375,0.0
2025-09-04,53.2400016784668,0.0
2025-09-05,52.93000030517578,0.0
2025-09-08,53.18000030517578,0.0
2025-09-09,53.42499923706055,0.0
2025-09-10,53.72999954223633,0.0
2025-09-11,54.59999847412109,0.0
2025-09-12,54.53499984741211,0.0
2025-09-15,55.1150016784668,0.0
2025-09-16,54.95000076293945,0.0
2025-09-17,54.810001373291016,0.0
2025-09-18,55.33000183105469,0.0
2025-09-19,55.82500076293945,0.0
2025-09-22,56.35499954223633,0.0
2025-09-23,55.7599983215332,0.0
2025-09-24,55.27000045776367,0.094
2025-09-25,54.755001068115234,0.0
2025-09-26,55.35499954223633,0.0
2025-09-29,55.65999984741211,0.0
2025-09-30,56.06499862670898,0.0
2025-10-01,56.459999084472656,0.0
2025-10-02,56.560001373291016,0.0
2025-10-03,56.54499816894531,0.0
2025-10-06,56.935001373291016,0.0
2025-10-07,56.51499938964844,0.0
2025-10-08,57.16999816894531,0.0
2025-10-09,56.834999084472656,0.0
2025-10-10,53.744998931884766,0.0
2025-10-13,55.375,0.0
2025-10-14,55.23500061035156,0.0
2025-10-15,55.70000076293945,0.0
2025-10-16,54.95500183105469,0.0
2025-10-17,55.53499984741211,0.0
2025-10-20,56.69499969482422,0.0
2025-10-21,56.66999816894531,0.0
2025-10-22,56.095001220703125,0.0
2025-10-23,56.709999084472656,0.0
2025-10-24,57.619998931884766,0.0
2025-10-27,58.98500061035156,0.0
2025-10-28,59.290000915527344,0.0
2025-10-29,59.32500076293945,0.0
2025-10-30,58.04999923706055,0.0
2025-10-31,58.380001068115234,0.0
2025-11-03,58.6150016784668,0.0
2025-11-04,57.22999954223633,0.0
2025-11-05,57.56499862670898,0.0
2025-11-06,56.31999969482422,0.0
2025-11-07,56.415000915527344,0.0
2025-11-10,58.15999984741211,0.0
2025-11-11,58.42499923706055,0.0
2025-11-12,58.48500061035156,0.0
2025-11-13,56.54499816894531,0.0
2025-11-14,56.494998931884766,0.0
2025-11-17,55.435001373291016,0.0
2025-11-18,54.505001068115234,0.0
2025-11-19,54.89500045776367,0.0
2025-11-20,53.209999084472656,0.0
2025-11-21,54.2599983215332,0.0
2025-11-24,55.86000061035156,0.0
2025-11-25,56.900001525878906,0.0
2025-11-26,57.650001525878906,0.0
2025-11-28,58.2599983215332,0.0
2025-12-01,57.72999954223633,0.0
2025-12-02,57.93000030517578,0.0
2025-12-03,58.310001373291016,0.0
2025-12-04,58.40999984741211,0.0
2025-12-05,58.58000183105469,0.0
2025-12-08,58.22999954223633,0.0
2025-12-09,58.13999938964844,0.0
2025-12-10,58.869998931884766,0.0
2025-12-11,59.150001525878906,0.0
2025-12-12,57.84000015258789,0.0
2025-12-15,57.66999816894531,0.0
2025-12-16,57.34000015258789,0.0
2025-12-17,56.060001373291016,0.0
2025-12-18,56.900001525878906,0.0
2025-12-19,57.90999984741211,0.0
2025-12-22,58.630001068115234,0.0
2025-12-23,59.130001068115234,0.0
2025-12-24,59.41999816894531,0.116
2025-12-26,59.380001068115234,0.0
2025-12-29,58.959999084472656,0.0
2025-12-30,58.79999923706055,0.0
2025-12-31,57.91999816894531,0.0
2026-01-02,58.09999847412109,0.0
2026-01-05,58.880001068115234,0.0
2026-01-06,59.56999969482422,0.0
2026-01-07,59.18000030517578,0.0
2026-01-08,59.130001068115234,0.0
2026-01-09,59.900001525878906,0.0
2026-01-12,60.08000183105469,0.0
2026-01-13,59.81999969482422,0.0
2026-01-14,59.2599983215332,0.0
2026-01-15,59.540000915527344,0.0
2026-01-16,59.41999816894531,0.0
2026-01-20,56.9900016784668,0.0
2026-01-21,58.27999877929688,0.0
2026-01-22,58.880001068115234,0.0
2026-01-23,58.900001525878906,0.0
2026-01-26,59.5099983215332,0.0
2026-01-27,59.9900016784668,0.0
2026-01-28,59.95000076293945,0.0
2026-01-29,59.68000030517578,0.0
2026-01-30,59.290000915527344,0.0
2026-02-02,59.90999984741211,0.0
2026-02-03,58.869998931884766,0.0
2026-02-04,58.27999877929688,0.0
2026-02-05,56.810001373291016,0.0
2026-02-06,59.0099983215332,0.0
2026-02-09,59.52999877929688,0.0
2026-02-10,59.220001220703125,0.0
2026-02-11,59.18999862670898,0.0
2026-02-12,57.36000061035156,0.0
2026-02-13,57.369998931884766,0.0
2026-02-17,57.54999923706055,0.0
2026-02-18,58.130001068115234,0.0
2026-02-19,57.81999969482422,0.0
2026-02-20,58.63999938964844,0.0
2026-02-23,57.43000030517578,0.0
2026-02-24,58.27000045776367,0.0
2026-02-25,59.220001220703125,0.0
2026-02-26,58.560001373291016,0.0
2026-02-27,58.0099983215332,0.0
2026-03-02,58.02999877929688,0.0
2026-03-03,57.0,0.0
2026-03-04,57.810001373291016,0.0
2026-03-05,57.15999984741211,0.0
2026-03-06,55.619998931884766,0.0
2026-03-09,56.59999847412109,0.0
2026-03-10,56.369998931884766,0.0
2026-03-11,56.25,0.0
2026-03-12,54.5099983215332,0.0
2026-03-13,53.880001068115234,0.0
2026-03-16,54.95000076293945,0.0
2026-03-17,55.25,0.0
2026-03-18,53.72999954223633,0.0
2026-03-19,53.41999816894531,0.0
2026-03-20,51.86000061035156,0.0
2026-03-23,52.959999084472656,0.0
2026-03-24,52.59000015258789,0.0
2026-03-25,53.040000915527344,0.114
2026-03-26,51.15999984741211,0.0
2026-03-27,49.380001068115234,0.0
2026-03-30,49.060001373291016,0.0
2026-03-31,51.880001068115234,0.0
2026-04-01,52.650001525878906,0.0
2026-04-02,52.7400016784668,0.0
2026-04-06,53.220001220703125,0.0
2026-04-07,53.25,0.0
2026-04-08,55.93999862670898,0.0
2026-04-09,56.59000015258789,0.0
2026-04-10,56.47999954223633,0.0
2026-04-13,57.58000183105469,0.0
2026-04-14,58.9900016784668,0.0
2026-04-15,59.900001525878906,0.0
2026-04-16,60.18000030517578,0.0
2026-04-17,61.619998931884766,0.0
2026-04-20,61.369998931884766,0.0
2026-04-21,60.58000183105469,0.0
2026-04-22,61.77999877929688,0.0
2026-04-23,61.310001373291016,0.0
2026-04-24,62.209999084472656,0.0
2026-04-27,62.41999816894531,0.0
2026-04-28,61.79999923706055,0.0
2026-04-29,61.790000915527344,0.0
2026-04-30,62.959999084472656,0.0
2026-05-01,63.310001373291016,0.0
2026-05-04,62.86000061035156,0.0
2026-05-05,63.83000183105469,0.0
2026-05-06,65.61000061035156,0.0
2026-05-07,65.18000030517578,0.0
2026-05-08,66.22000122070312,0.0
2026-05-11,66.51000213623047,0.0
2026-05-12,66.33000183105469,0.0
2026-05-13,67.05999755859375,0.0
2026-05-14,68.0999984741211,0.0
2026-05-15,66.43000030517578,0.0
2026-05-18,66.30999755859375,0.0
2026-05-19,65.44999694824219,0.0
2026-05-20,66.79000091552734,0.0
2026-05-21,67.02999877929688,0.0
2026-05-22,67.51000213623047,0.0
2026-05-26,68.38999938964844,0.0
2026-05-27,68.37999725341797,0.0
2026-05-28,69.12000274658203,0.0
2026-05-29,69.44000244140625,0.0
2026-06-01,69.77999877929688,0.0
2026-06-02,69.97000122070312,0.0
2026-06-03,68.98999786376953,0.0
2026-06-04,69.47000122070312,0.0
2026-06-05,65.86000061035156,0.0
2026-06-08,66.16999816894531,0.0
2026-06-09,65.79000091552734,0.0
2026-06-10,63.66999816894531,0.0
2026-06-11,65.83000183105469,0.0
2026-06-12,66.51000213623047,0.0
2026-06-15,68.81999969482422,0.0
2026-06-16,68.04000091552734,0.0
2026-06-17,66.3499984741211,0.0
2026-06-18,67.61000061035156,0.0
2026-06-22,67.19999694824219,0.0
2026-06-23,65.27999877929688,0.0
2026-06-24,65.05999755859375,0.128
2026-06-25,65.05000305175781,0.0
2026-06-26,64.41999816894531,0.0
2026-06-29,66.3499984741211,0.0
2026-06-30,67.37999725341797,0.0
2026-07-01,67.20999908447266,0.0
2026-07-02,67.0,0.0
2026-07-06,68.16000366210938,0.0
2026-07-07,67.48999786376953,0.0
2026-07-08,67.02999877929688,0.0
2026-07-09,68.16999816894531,0.0
2026-07-10,68.72000122070312,0.0
2026-07-13,67.66999816894531,0.0
2026-07-14,68.1500015258789,0.0
2026-07-15,68.66000366210938,0.0
2026-07-16,67.94999694824219,0.0
2026-07-17,66.5199966430664,0.0
2026-07-20,66.33000183105469,0.0
2026-07-21,67.44000244140625,0.0
2026-07-22,67.2699966430664,0.0
2026-07-23,65.61000061035156,0.0
2026-07-24,65.66999816894531,0.0
2026-07-27,65.69999694824219,0.0
2026-07-28,65.9800033569336,0.0
2026-07-29,64.01000213623047,0.0
2026-07-30,66.0999984741211,0.0
2026-07-31,66.98999786376953,0.0
2026-08-03,68.94000244140625,0.0
2026-08-04,71.38999938964844,0.0
2026-08-05,71.12000274658203,0.0
2026-08-06,70.87999725341797,0.0
2026-08-07,71.68000030517578,0.0
2026-08-10,71.66000366210938,0.0
2026-08-11,71.16000366210938,0.0
2026-08-12,71.54000091552734,0.0
2026-08-13,72.5199966430664,0.0
2026-08-14,72.19999694824219,0.0
2026-08-17,71.5,0.0
2026-08-18,70.52999877929688,0.0
2026-08-19,70.80999755859375,0.0
2026-08-20,69.61000061035156,0.0
2026-08-21,70.1500015258789,0.0
