Date,Close,Dividends
2009-06-25,1.205556035041809,0.0
2009-06-26,1.1993060111999512,0.0
2009-06-29,1.2333329916000366,0.0
2009-06-30,1.203889012336731,0.0
2009-07-01,1.2168060541152954,0.0
2009-07-02,1.1163890361785889,0.0
2009-07-06,1.1194440126419067,0.0
2009-07-07,1.0497219562530518,0.0
2009-07-08,1.0509719848632812,0.0
2009-07-09,1.0575000047683716,0.0
2009-07-10,1.0473610162734983,0.0
2009-07-13,1.1238889694213867,0.0
2009-07-14,1.1469440460205078,0.0
2009-07-15,1.2450000047683716,0.0
2009-07-16,1.2783329486846924,0.0
2009-07-17,1.2761110067367554,0.0
2009-07-20,1.3148610591888428,0.0
2009-07-21,1.3366669416427612,0.0
2009-07-22,1.3341670036315918,0.0
2009-07-23,1.4227780103683472,0.0
2009-07-24,1.4413889646530151,0.0
2009-07-27,1.4536110162734983,0.0
2009-07-28,1.441249966621399,0.0
2009-07-29,1.422083020210266,0.0
2009-07-30,1.466528058052063,0.0
2009-07-31,1.4708329439163208,0.0
2009-08-03,1.5448609590530396,0.0
2009-08-04,1.5597219467163086,0.0
2009-08-05,1.548611044883728,0.0
2009-08-06,1.519582986831665,0.0
2009-08-07,1.579861044883728,0.0
2009-08-10,1.568889021873474,0.0
2009-08-11,1.509166955947876,0.0
2009-08-12,1.5616669654846191,0.0
2009-08-13,1.596943974494934,0.0
2009-08-14,1.558750033378601,0.0
2009-08-17,1.442916989326477,0.0
2009-08-18,1.4824999570846558,0.0
2009-08-19,1.5165280103683472,0.0
2009-08-20,1.5661109685897827,0.0
2009-08-21,1.6536109447479248,0.0
2009-08-24,1.6533329486846924,0.0
2009-08-25,1.6643060445785522,0.0
2009-08-26,1.6638890504837036,0.0
2009-08-27,1.6793060302734375,0.0
2009-08-28,1.6733330488204956,0.0
2009-08-31,1.632222056388855,0.0
2009-09-01,1.5206940174102783,0.0
2009-09-02,1.506250023841858,0.0
2009-09-03,1.5395829677581787,0.0
2009-09-04,1.606943964958191,0.0
2009-09-08,1.6491669416427612,0.0
2009-09-09,1.6879169940948486,0.0
2009-09-10,1.7393059730529783,0.0
2009-09-11,1.736806035041809,0.0
2009-09-14,1.7661110162734983,0.0
2009-09-15,1.7862499952316284,0.0
2009-09-16,1.865556001663208,0.0
2009-09-17,1.8566670417785645,0.0
2009-09-18,1.8620829582214355,0.0
2009-09-21,1.8463890552520752,0.0
2009-09-22,1.8811110258102417,0.0
2009-09-23,1.83069396018982,0.0
2009-09-24,1.7706940174102783,0.000875
2009-09-25,1.7434719800949097,0.0
2009-09-28,1.834306001663208,0.0
2009-09-29,1.8238890171051023,0.0
2009-09-30,1.799860954284668,0.0
2009-10-01,1.6637500524520874,0.0
2009-10-02,1.645277976989746,0.0
2009-10-05,1.714028000831604,0.0
2009-10-06,1.7894439697265625,0.0
2009-10-07,1.803194046020508,0.0
2009-10-08,1.846806049346924,0.0
2009-10-09,1.8763890266418457,0.0
2009-10-12,1.900555968284607,0.0
2009-10-13,1.8904169797897337,0.0
2009-10-14,1.9865280389785769,0.0
2009-10-15,2.004443883895874,0.0
2009-10-16,1.961527943611145,0.0
2009-10-19,2.009999990463257,0.0
2009-10-20,1.9801390171051023,0.0
2009-10-21,1.9259719848632808,0.0
2009-10-22,1.980972051620484,0.0
2009-10-23,1.915138959884644,0.0
2009-10-26,1.8476389646530151,0.0
2009-10-27,1.825139045715332,0.0
2009-10-28,1.7227779626846311,0.0
2009-10-29,1.832082986831665,0.0
2009-10-30,1.6756939888000488,0.0
2009-11-02,1.7097220420837402,0.0
2009-11-03,1.7265280485153198,0.0
2009-11-04,1.7356940507888794,0.0
2009-11-05,1.834167003631592,0.0
2009-11-06,1.8520829677581787,0.0
2009-11-09,1.976389050483704,0.0
2009-11-10,1.9747220277786253,0.0
2009-11-11,2.007638931274414,0.0
2009-11-12,1.943750023841858,0.0
2009-11-13,1.9791669845581048,0.0
2009-11-16,2.063750028610229,0.0
2009-11-17,2.071249961853028,0.0
2009-11-18,2.068471908569336,0.0
2009-11-19,1.987221956253052,0.0
2009-11-20,1.9695830345153809,0.0
2009-11-23,2.0426390171051025,0.0
2009-11-24,2.047916889190674,0.0
2009-11-25,2.069027900695801,0.0
2009-11-27,1.9690279960632324,0.0
2009-11-30,1.990556001663208,0.0
2009-12-01,2.055972099304199,0.0
2009-12-02,2.061805963516236,0.0
2009-12-03,2.012639045715332,0.0
2009-12-04,2.0444440841674805,0.0
2009-12-07,2.0350000858306885,0.0
2009-12-08,1.9708329439163208,0.0
2009-12-09,1.9877779483795168,0.0
2009-12-10,2.0223610401153564,0.0
2009-12-11,2.0522220134735107,0.0
2009-12-14,2.090693950653076,0.0
2009-12-15,2.060138940811157,0.0
2009-12-16,2.069443941116333,0.0
2009-12-17,1.9972219467163088,0.0
2009-12-18,2.028749942779541,0.0
2009-12-21,2.0879170894622803,0.0
2009-12-22,2.1127779483795166,0.0
2009-12-23,2.125972032546997,0.001361
2009-12-24,2.159306049346924,0.0
2009-12-28,2.1736109256744385,0.0
2009-12-29,2.159306049346924,0.0
2009-12-30,2.152638912200928,0.0
2009-12-31,2.0926389694213867,0.0
2010-01-04,2.197916984558105,0.0
2010-01-05,2.216805934906006,0.0
2010-01-06,2.223193883895874,0.0
2010-01-07,2.2502779960632324,0.0
2010-01-08,2.27222204208374,0.0
2010-01-11,2.280277967453003,0.0
2010-01-12,2.218333005905152,0.0
2010-01-13,2.2748610973358154,0.0
2010-01-14,2.2918059825897217,0.0
2010-01-15,2.2158329486846924,0.0
2010-01-19,2.298888921737671,0.0
2010-01-20,2.2293059825897217,0.0
2010-01-21,2.098750114440918,0.0
2010-01-22,1.9626389741897583,0.0
2010-01-25,1.986806035041809,0.0
2010-01-26,1.961806058883667,0.0
2010-01-27,1.9911110401153564,0.0
2010-01-28,1.9213889837265008,0.0
2010-01-29,1.8584719896316528,0.0
2010-02-01,1.945417046546936,0.0
2010-02-02,2.0174999237060547,0.0
2010-02-03,1.987499952316284,0.0
2010-02-04,1.8051389455795288,0.0
2010-02-05,1.815556049346924,0.0
2010-02-08,1.776528000831604,0.0
2010-02-09,1.840693950653076,0.0
2010-02-10,1.830556035041809,0.0
2010-02-11,1.8854169845581048,0.0
2010-02-12,1.8802779912948608,0.0
2010-02-16,1.9701390266418457,0.0
2010-02-17,1.9976389408111568,0.0
2010-02-18,2.035417079925537,0.0
2010-02-19,2.0487499237060547,0.0
2010-02-22,2.045417070388794,0.0
2010-02-23,1.971806049346924,0.0
2010-02-24,2.027221918106079,0.0
2010-02-25,2.0204169750213623,0.0
2010-02-26,2.024583101272583,0.0
2010-03-01,2.085556030273437,0.0
2010-03-02,2.0999999046325684,0.0
2010-03-03,2.108333110809326,0.0
2010-03-04,2.126944065093994,0.0
2010-03-05,2.2194440364837646,0.0
2010-03-08,2.2191669940948486,0.0
2010-03-09,2.2302780151367188,0.0
2010-03-10,2.2605559825897217,0.0
2010-03-11,2.289721965789795,0.0
2010-03-12,2.288055896759033,0.0
2010-03-15,2.2918059825897217,0.0
2010-03-16,2.3465280532836914,0.0
2010-03-17,2.386806011199951,0.0
2010-03-18,2.3848609924316406,0.0
2010-03-19,2.3461110591888428,0.0
2010-03-22,2.384305953979492,0.0
2010-03-23,2.436805963516236,0.0
2010-03-24,2.4008328914642334,0.000889
2010-03-25,2.386667013168335,0.0
2010-03-26,2.3879170417785645,0.0
2010-03-29,2.428889036178589,0.0
2010-03-30,2.4331939220428467,0.0
2010-03-31,2.406388998031616,0.0
2010-04-01,2.4574999809265137,0.0
2010-04-05,2.5154170989990234,0.0
2010-04-06,2.533750057220459,0.0
2010-04-07,2.4936110973358154,0.0
2010-04-08,2.5154170989990234,0.0
2010-04-09,2.565139055252075,0.0
2010-04-12,2.579582929611206,0.0
2010-04-13,2.587639093399048,0.0
2010-04-14,2.67055606842041,0.0
2010-04-15,2.680833101272583,0.0
2010-04-16,2.552778005599976,0.0
2010-04-19,2.576667070388794,0.0
2010-04-20,2.646806001663208,0.0
2010-04-21,2.632082939147949,0.0
2010-04-22,2.656388998031616,0.0
2010-04-23,2.708750009536743,0.0
2010-04-26,2.6770830154418945,0.0
2010-04-27,2.487499952316284,0.0
2010-04-28,2.5411109924316406,0.0
2010-04-29,2.638472080230713,0.0
2010-04-30,2.5045828819274902,0.0
2010-05-03,2.6051390171051025,0.0
2010-05-04,2.4170830249786377,0.0
2010-05-05,2.3768060207366943,0.0
2010-05-06,2.140000104904175,0.0
2010-05-07,2.04569411277771,0.0
2010-05-10,2.310971975326538,0.0
2010-05-11,2.2909719944000244,0.0
2010-05-12,2.3881940841674805,0.0
2010-05-13,2.2993059158325195,0.0
2010-05-14,2.1751389503479004,0.0
2010-05-17,2.177500009536743,0.0
2010-05-18,2.090693950653076,0.0
2010-05-19,2.05347204208374,0.0
2010-05-20,1.8180559873580933,0.0
2010-05-21,1.884166955947876,0.0
2010-05-24,1.8258329629898071,0.0
2010-05-25,1.8319439888000488,0.0
2010-05-26,1.7940280437469482,0.0
2010-05-27,1.977916955947876,0.0
2010-05-28,1.8997219800949097,0.0
2010-06-01,1.808194041252136,0.0
2010-06-02,1.94652795791626,0.0
2010-06-03,1.9666670560836792,0.0
2010-06-04,1.7690279483795166,0.0
2010-06-07,1.6958329677581787,0.0
2010-06-08,1.7450000047683716,0.0
2010-06-09,1.7186110019683838,0.0
2010-06-10,1.873471975326538,0.0
2010-06-11,1.8980560302734373,0.0
2010-06-14,1.89194405078888,0.0
2010-06-15,2.017777919769287,0.0
2010-06-16,2.0159718990325928,0.0
2010-06-17,2.0255560874938965,0.0
2010-06-18,2.031805992126465,0.0
2010-06-21,2.011944055557251,0.0
2010-06-22,1.912500023841858,0.002431
2010-06-23,1.8944439888000488,0.0
2010-06-24,1.8011109828948977,0.0
2010-06-25,1.8355560302734373,0.0
2010-06-28,1.8036110401153564,0.0
2010-06-29,1.6394439935684204,0.0
2010-06-30,1.582777976989746,0.0
2010-07-01,1.572638988494873,0.0
2010-07-02,1.5452779531478882,0.0
2010-07-06,1.5740280151367188,0.0
2010-07-07,1.7226389646530151,0.0
2010-07-08,1.7731939554214478,0.0
2010-07-09,1.811527967453003,0.0
2010-07-12,1.816805958747864,0.0
2010-07-13,1.8991669416427608,0.0
2010-07-14,1.89847195148468,0.0
2010-07-15,1.8998609781265257,0.0
2010-07-16,1.742777943611145,0.0
2010-07-19,1.7751389741897583,0.0
2010-07-20,1.8316669464111328,0.0
2010-07-21,1.7627780437469482,0.0
2010-07-22,1.8788889646530151,0.0
2010-07-23,1.9272220134735107,0.0
2010-07-26,1.9900000095367432,0.0
2010-07-27,1.986111044883728,0.0
2010-07-28,1.9487500190734863,0.0
2010-07-29,1.91986095905304,0.0
2010-07-30,1.917917013168335,0.0
2010-08-02,2.047499895095825,0.0
2010-08-03,2.0190279483795166,0.0
2010-08-04,2.0587499141693115,0.0
2010-08-05,2.05138897895813,0.0
2010-08-06,2.0259718894958496,0.0
2010-08-09,2.0581939220428467,0.0
2010-08-10,2.0284719467163086,0.0
2010-08-11,1.861111044883728,0.0
2010-08-12,1.827360987663269,0.0
2010-08-13,1.8072220087051392,0.0
2010-08-16,1.8066669702529907,0.0
2010-08-17,1.8688889741897583,0.0
2010-08-18,1.881943941116333,0.0
2010-08-19,1.7852779626846311,0.0
2010-08-20,1.7687499523162842,0.0
2010-08-23,1.7451390027999878,0.0
2010-08-24,1.6705559492111206,0.0
2010-08-25,1.684306025505066,0.0
2010-08-26,1.6513890027999878,0.0
2010-08-27,1.7291669845581057,0.0
2010-08-30,1.6549999713897705,0.0
2010-08-31,1.6597219705581665,0.0
2010-09-01,1.803194046020508,0.0
2010-09-02,1.8536109924316408,0.0
2010-09-03,1.9240280389785769,0.0
2010-09-07,1.8627779483795168,0.0
2010-09-08,1.899027943611145,0.0
2010-09-09,1.9256939888000488,0.0
2010-09-10,1.95569396018982,0.0
2010-09-13,2.019443988800049,0.0
2010-09-14,2.015000104904175,0.0
2010-09-15,2.041249990463257,0.0
2010-09-16,2.0374999046325684,0.0
2010-09-17,2.0390279293060303,0.0
2010-09-20,2.135972023010254,0.0
2010-09-21,2.116806030273437,0.001847
2010-09-22,2.0899999141693115,0.0
2010-09-23,2.0369439125061035,0.0
2010-09-24,2.1590280532836914,0.0
2010-09-27,2.131943941116333,0.0
2010-09-28,2.1544439792633057,0.0
2010-09-29,2.138611078262329,0.0
2010-09-30,2.12166690826416,0.0
2010-10-01,2.148611068725586,0.0
2010-10-04,2.1016669273376465,0.0
2010-10-05,2.226249933242798,0.0
2010-10-06,2.22777795791626,0.0
2010-10-07,2.218888998031616,0.0
2010-10-08,2.2538890838623047,0.0
2010-10-11,2.2613890171051025,0.0
2010-10-12,2.283750057220459,0.0
2010-10-13,2.3333330154418945,0.0
2010-10-14,2.3179171085357666,0.0
2010-10-15,2.3240280151367188,0.0
2010-10-18,2.2915279865264893,0.0
2010-10-19,2.259582996368408,0.0
2010-10-20,2.330138921737671,0.0
2010-10-21,2.3426389694213867,0.0
2010-10-22,2.360416889190674,0.0
2010-10-25,2.374861001968384,0.0
2010-10-26,2.3777780532836914,0.0
2010-10-27,2.3594439029693604,0.0
2010-10-28,2.362916946411133,0.0
2010-10-29,2.3644440174102783,0.0
2010-11-01,2.366528034210205,0.0
2010-11-02,2.4202780723571777,0.0
2010-11-03,2.451667070388794,0.0
2010-11-04,2.5924999713897705,0.0
2010-11-05,2.626667022705078,0.0
2010-11-08,2.610832929611206,0.0
2010-11-09,2.5519440174102783,0.0
2010-11-10,2.581110954284668,0.0
2010-11-11,2.5495829582214355,0.0
2010-11-12,2.460556030273437,0.0
2010-11-15,2.451667070388794,0.0
2010-11-16,2.3363890647888184,0.0
2010-11-17,2.3399999141693115,0.0
2010-11-18,2.442500114440918,0.0
2010-11-19,2.461111068725586,0.0
2010-11-22,2.457360982894897,0.0
2010-11-23,2.347222089767456,0.0
2010-11-24,2.449306011199951,0.0
2010-11-26,2.3852779865264893,0.0
2010-11-29,2.390000104904175,0.0
2010-11-30,2.345000028610229,0.0
2010-12-01,2.496943950653076,0.0
2010-12-02,2.5941669940948486,0.0
2010-12-03,2.6143059730529785,0.0
2010-12-06,2.605833053588867,0.0
2010-12-07,2.609999895095825,0.0
2010-12-08,2.638611078262329,0.0
2010-12-09,2.6727778911590576,0.0
2010-12-10,2.718611001968384,0.0
2010-12-13,2.7240281105041504,0.0
2010-12-14,2.7301390171051025,0.0
2010-12-15,2.691943883895874,0.0
2010-12-16,2.73888897895813,0.0
2010-12-17,2.7506940364837646,0.0
2010-12-20,2.76430606842041,0.0
2010-12-21,2.8177781105041504,0.0
2010-12-22,2.846250057220459,0.0
2010-12-23,2.8333330154418945,0.0
2010-12-27,2.8333330154418945,0.0
2010-12-28,2.8490281105041504,0.0
2010-12-29,2.855833053588867,0.0
2010-12-30,2.844583034515381,0.0
2010-12-31,2.8459720611572266,0.0
2011-01-03,2.9287500381469727,0.0
2011-01-04,2.9195830821990967,0.0
2011-01-05,2.9690279960632324,0.0
2011-01-06,2.9515280723571777,0.0
2011-01-07,2.9354169368743896,0.0
2011-01-10,2.926110982894897,0.0
2011-01-11,2.953749895095825,0.0
2011-01-12,3.036806106567383,0.0
2011-01-13,3.0269439220428467,0.0
2011-01-14,3.079582929611206,0.0
2011-01-18,3.1034719944000244,0.0
2011-01-19,3.099860906600952,0.0
2011-01-20,2.999722003936768,0.0
2011-01-21,3.0229170322418213,0.0
2011-01-24,3.0698609352111816,0.0
2011-01-25,3.0738890171051025,0.0
2011-01-26,3.1109719276428223,0.0
2011-01-27,3.132499933242798,0.0
2011-01-28,2.967082977294922,0.0
2011-01-31,3.032778024673462,0.0
2011-02-01,3.177500009536743,0.0
2011-02-02,3.1600000858306885,0.0
2011-02-03,3.180000066757202,0.0
2011-02-04,3.212083101272583,0.0
2011-02-07,3.269860982894897,0.0
2011-02-08,3.314444065093994,0.0
2011-02-09,3.291666984558105,0.0
2011-02-10,3.296389102935791,0.0
2011-02-11,3.3551390171051025,0.0
2011-02-14,3.373471975326538,0.0
2011-02-15,3.3473610877990723,0.0
2011-02-16,3.4044439792633057,0.0
2011-02-17,3.440417051315308,0.0
2011-02-18,3.461667060852051,0.0
2011-02-22,3.2554171085357666,0.0
2011-02-23,3.2015280723571777,0.0
2011-02-24,3.1898610591888428,0.0
2011-02-25,3.282500028610229,0.0
2011-02-28,3.347917079925537,0.0
2011-03-01,3.180000066757202,0.0
2011-03-02,3.196666955947876,0.0
2011-03-03,3.361666917800904,0.0
2011-03-04,3.290832996368408,0.0
2011-03-07,3.207082986831665,0.0
2011-03-08,3.2920830249786377,0.0
2011-03-09,3.28125,0.0
2011-03-10,3.0975000858306885,0.0
2011-03-11,3.1624999046325684,0.0
2011-03-14,3.1066670417785645,0.0
2011-03-15,3.002500057220459,0.0
2011-03-16,2.8324999809265137,0.0
2011-03-17,2.937083005905152,0.0
2011-03-18,2.9770829677581787,0.0
2011-03-21,3.111666917800904,0.0
2011-03-22,3.081666946411133,0.0
2011-03-23,3.106250047683716,0.0
2011-03-24,3.1937499046325684,0.0
2011-03-25,3.2208330631256104,0.0
2011-03-28,3.2012500762939453,0.0
2011-03-29,3.264167070388794,0.0
2011-03-30,3.331249952316284,0.0
2011-03-31,3.321249961853028,0.0
2011-04-01,3.358750104904175,0.0
2011-04-04,3.368750095367432,0.0
2011-04-05,3.3691670894622803,0.0
2011-04-06,3.394166946411133,0.0
2011-04-07,3.3729169368743896,0.0
2011-04-08,3.3424999713897705,0.0
2011-04-11,3.3104169368743896,0.0
2011-04-12,3.2370829582214355,0.0
2011-04-13,3.2316670417785645,0.0
2011-04-14,3.2391669750213623,0.0
2011-04-15,3.266249895095825,0.0
2011-04-18,3.167917013168335,0.0
2011-04-19,3.213749885559082,0.0
2011-04-20,3.350832939147949,0.0
2011-04-21,3.400000095367432,0.0
2011-04-25,3.387500047683716,0.0
2011-04-26,3.4766669273376465,0.0
2011-04-27,3.541666984558105,0.0
2011-04-28,3.576667070388794,0.0
2011-04-29,3.611249923706055,0.0
2011-05-02,3.584167003631592,0.0
2011-05-03,3.548332929611206,0.0
2011-05-04,3.478749990463257,0.0
2011-05-05,3.3883330821990967,0.0
2011-05-06,3.424166917800904,0.0
2011-05-09,3.47208309173584,0.0
2011-05-10,3.55916690826416,0.0
2011-05-11,3.4420828819274902,0.0
2011-05-12,3.492083072662353,0.0
2011-05-13,3.407500028610229,0.0
2011-05-16,3.346667051315308,0.0
2011-05-17,3.346667051315308,0.0
2011-05-18,3.437083005905152,0.0
2011-05-19,3.459583044052124,0.0
2011-05-20,3.3754169940948486,0.0
2011-05-23,3.256666898727417,0.0
2011-05-24,3.2520830631256104,0.0
2011-05-25,3.28125,0.0
2011-05-26,3.321249961853028,0.0
2011-05-27,3.3637499809265137,0.0
2011-05-31,3.4691669940948486,0.0
2011-06-01,3.2412500381469727,0.0
2011-06-02,3.2233328819274902,0.0
2011-06-03,3.13083291053772,0.0
2011-06-06,3.0274999141693115,0.0
2011-06-07,3.0204169750213623,0.0
2011-06-08,2.984582901000977,0.0
2011-06-09,3.047499895095825,0.0
2011-06-10,2.924999952316284,0.0
2011-06-13,2.930000066757202,0.0
2011-06-14,3.041666984558105,0.0
2011-06-15,2.8795828819274902,0.0
2011-06-16,2.894582986831665,0.0
2011-06-17,2.923332929611206,0.0
2011-06-20,2.971667051315308,0.0
2011-06-21,3.089582920074463,0.0
2011-06-22,3.0366671085357666,0.0
2011-06-23,3.008749961853028,0.0
2011-06-24,2.9041669368743896,0.0
2011-06-27,2.9800000190734863,0.0
2011-06-28,3.096250057220459,0.0
2011-06-29,3.1766669750213623,0.0
2011-06-30,3.2654170989990234,0.0
2011-07-01,3.41208291053772,0.0
2011-07-05,3.398333072662353,0.0
2011-07-06,3.411250114440918,0.0
2011-07-07,3.52791690826416,0.0
2011-07-08,3.450000047683716,0.0
2011-07-11,3.267916917800904,0.0
2011-07-12,3.2191669940948486,0.0
2011-07-13,3.2545828819274902,0.0
2011-07-14,3.185832977294922,0.0
2011-07-15,3.232917070388794,0.0
2011-07-18,3.157500028610229,0.0
2011-07-19,3.30916690826416,0.0
2011-07-20,3.303333044052124,0.0
2011-07-21,3.4395830631256104,0.0
2011-07-22,3.447916984558105,0.0
2011-07-25,3.3904170989990234,0.0
2011-07-26,3.352916955947876,0.0
2011-07-27,3.151249885559082,0.0
2011-07-28,3.1237499713897705,0.0
2011-07-29,3.0566670894622803,0.0
2011-08-01,3.014167070388794,0.0
2011-08-02,2.790832996368408,0.0
2011-08-03,2.830416917800904,0.0
2011-08-04,2.430000066757202,0.0
2011-08-05,2.4195830821990967,0.0
2011-08-08,1.941666960716248,0.0
2011-08-09,2.211667060852051,0.0
2011-08-10,1.9212499856948853,0.0
2011-08-11,2.177500009536743,0.0
2011-08-12,2.225416898727417,0.0
2011-08-15,2.358333110809326,0.0
2011-08-16,2.300832986831665,0.0
2011-08-17,2.3070828914642334,0.0
2011-08-18,2.0062499046325684,0.0
2011-08-19,1.9133330583572388,0.0
2011-08-22,1.915832996368408,0.0
2011-08-23,2.09958291053772,0.0
2011-08-24,2.190000057220459,0.0
2011-08-25,2.0899999141693115,0.0
2011-08-26,2.1816670894622803,0.0
2011-08-29,2.369999885559082,0.0
2011-08-30,2.382499933242798,0.0
2011-08-31,2.41208291053772,0.0
2011-09-01,2.345000028610229,0.0
2011-09-02,2.1645829677581787,0.0
2011-09-06,2.1166670322418213,0.0
2011-09-07,2.2941670417785645,0.0
2011-09-08,2.22208309173584,0.0
2011-09-09,2.049999952316284,0.0
2011-09-12,2.088749885559082,0.0
2011-09-13,2.140832901000977,0.0
2011-09-14,2.2325000762939453,0.0
2011-09-15,2.34958291053772,0.0
2011-09-16,2.389583110809326,0.0
2011-09-19,2.3187499046325684,0.0
2011-09-20,2.312083005905152,0.0
2011-09-21,2.101249933242798,0.001417
2011-09-22,1.9020830392837524,0.0
2011-09-23,1.9308329820632928,0.0
2011-09-26,2.069999933242798,0.0
2011-09-27,2.135416984558105,0.0
2011-09-28,2.006666898727417,0.0
2011-09-29,2.058332920074463,0.0
2011-09-30,1.911666989326477,0.0
2011-10-03,1.742082953453064,0.0
2011-10-04,1.8458329439163208,0.0
2011-10-05,1.9583330154418943,0.0
2011-10-06,2.064167022705078,0.0
2011-10-07,2.021667003631592,0.0
2011-10-10,2.228332996368408,0.0
2011-10-11,2.2300000190734863,0.0
2011-10-12,2.293333053588867,0.0
2011-10-13,2.276249885559082,0.0
2011-10-14,2.3933329582214355,0.0
2011-10-17,2.256666898727417,0.0
2011-10-18,2.390000104904175,0.0
2011-10-19,2.305833101272583,0.0
2011-10-20,2.333750009536743,0.0
2011-10-21,2.4658329486846924,0.0
2011-10-24,2.5625,0.0
2011-10-25,2.410417079925537,0.0
2011-10-26,2.482917070388794,0.0
2011-10-27,2.736666917800904,0.0
2011-10-28,2.7470829486846924,0.0
2011-10-31,2.5350000858306885,0.0
2011-11-01,2.331249952316284,0.0
2011-11-02,2.44333291053772,0.0
2011-11-03,2.574583053588867,0.0
2011-11-04,2.528749942779541,0.0
2011-11-07,2.574583053588867,0.0
2011-11-08,2.674166917800904,0.0
2011-11-09,2.3795828819274902,0.0
2011-11-10,2.444582939147949,0.0
2011-11-11,2.586250066757202,0.0
2011-11-14,2.508749961853028,0.0
2011-11-15,2.549999952316284,0.0
2011-11-16,2.424999952316284,0.0
2011-11-17,2.3095829486846924,0.0
2011-11-18,2.299166917800904,0.0
2011-11-21,2.166666984558105,0.0
2011-11-22,2.1433329582214355,0.0
2011-11-23,2.0045828819274902,0.0
2011-11-25,1.9837499856948853,0.0
2011-11-28,2.16208291053772,0.0
2011-11-29,2.1791670322418213,0.0
2011-11-30,2.450000047683716,0.0
2011-12-01,2.446249961853028,0.0
2011-12-02,2.442500114440918,0.0
2011-12-05,2.521667003631592,0.0
2011-12-06,2.523750066757202,0.0
2011-12-07,2.553333044052124,0.0
2011-12-08,2.385416984558105,0.0
2011-12-09,2.5045828819274902,0.0
2011-12-12,2.396667003631592,0.0
2011-12-13,2.3262500762939453,0.0
2011-12-14,2.25,0.0
2011-12-15,2.274167060852051,0.0
2011-12-16,2.28708291053772,0.0
2011-12-19,2.212500095367432,0.0
2011-12-20,2.415416955947876,0.0
2011-12-21,2.4287500381469727,0.0
2011-12-22,2.499166965484619,0.0
2011-12-23,2.5579171180725098,0.0
2011-12-27,2.5595829486846924,0.0
2011-12-28,2.469583034515381,0.0
2011-12-29,2.5395829677581787,0.0
2011-12-30,2.5062499046325684,0.0
2012-01-03,2.627500057220459,0.0
2012-01-04,2.631666898727417,0.0
2012-01-05,2.6583330631256104,0.0
2012-01-06,2.6387500762939453,0.0
2012-01-09,2.6516671180725098,0.0
2012-01-10,2.7208330631256104,0.0
2012-01-11,2.728332996368408,0.0
2012-01-12,2.745832920074463,0.0
2012-01-13,2.7166669368743896,0.0
2012-01-17,2.7325000762939453,0.0
2012-01-18,2.8237500190734863,0.0
2012-01-19,2.867917060852051,0.0
2012-01-20,2.874166965484619,0.0
2012-01-23,2.876667022705078,0.0
2012-01-24,2.868333101272583,0.0
2012-01-25,2.938750028610229,0.0
2012-01-26,2.896667003631592,0.0
2012-01-27,2.890832901000977,0.0
2012-01-30,2.8612499237060547,0.0
2012-01-31,2.8545830249786377,0.0
2012-02-01,2.930833101272583,0.0
2012-02-02,2.946666955947876,0.0
2012-02-03,3.072082996368408,0.0
2012-02-06,3.065000057220459,0.0
2012-02-07,3.0883328914642334,0.0
2012-02-08,3.110832929611206,0.0
2012-02-09,3.1237499713897705,0.0
2012-02-10,3.0625,0.0
2012-02-13,3.125,0.0
2012-02-14,3.112916946411133,0.0
2012-02-15,3.06833291053772,0.0
2012-02-16,3.1675000190734863,0.0
2012-02-17,3.197499990463257,0.0
2012-02-21,3.202500104904175,0.0
2012-02-22,3.166249990463257,0.0
2012-02-23,3.2141671180725098,0.0
2012-02-24,3.230417013168335,0.0
2012-02-27,3.244999885559082,0.0
2012-02-28,3.2758328914642334,0.0
2012-02-29,3.2325000762939453,0.0
2012-03-01,3.289999961853028,0.0
2012-03-02,3.259999990463257,0.0
2012-03-05,3.2174999713897705,0.0
2012-03-06,3.074167013168335,0.0
2012-03-07,3.140000104904175,0.0
2012-03-08,3.2341670989990234,0.0
2012-03-09,3.2704169750213623,0.0
2012-03-12,3.271667003631592,0.0
2012-03-13,3.4512500762939453,0.0
2012-03-14,3.437083005905152,0.0
2012-03-15,3.493333101272583,0.0
2012-03-16,3.516249895095825,0.0
2012-03-19,3.5541670322418213,0.0
2012-03-20,3.5204169750213623,0.0
2012-03-21,3.5054171085357666,0.0
2012-03-22,3.4270830154418945,0.0
2012-03-23,3.460833072662353,0.0
2012-03-26,3.6050000190734863,0.0
2012-03-27,3.572916984558105,0.0
2012-03-28,3.5204169750213623,0.0
2012-03-29,3.501250028610229,0.0
2012-03-30,3.532917022705078,0.0
2012-04-02,3.6204171180725098,0.0
2012-04-03,3.5779170989990234,0.0
2012-04-04,3.4741671085357666,0.0
2012-04-05,3.466249942779541,0.0
2012-04-09,3.352499961853028,0.0
2012-04-10,3.180417060852051,0.0
2012-04-11,3.247499942779541,0.0
2012-04-12,3.3887500762939453,0.0
2012-04-13,3.259582996368408,0.0
2012-04-16,3.2504169940948486,0.0
2012-04-17,3.397083044052124,0.0
2012-04-18,3.365000009536743,0.0
2012-04-19,3.302500009536743,0.0
2012-04-20,3.3162500858306885,0.0
2012-04-23,3.235416889190674,0.0
2012-04-24,3.2729170322418213,0.0
2012-04-25,3.4083330631256104,0.0
2012-04-26,3.475832939147949,0.0
2012-04-27,3.4916670322418213,0.0
2012-04-30,3.4487500190734863,0.0
2012-05-01,3.5137500762939453,0.0
2012-05-02,3.4862499237060547,0.0
2012-05-03,3.40958309173584,0.0
2012-05-04,3.2416670322418213,0.0
2012-05-07,3.2462499141693115,0.0
2012-05-08,3.2074999809265137,0.0
2012-05-09,3.1479170322418213,0.0
2012-05-10,3.168333053588867,0.0
2012-05-11,3.139167070388794,0.0
2012-05-14,3.036250114440918,0.0
2012-05-15,2.984999895095825,0.0
2012-05-16,2.9504170417785645,0.0
2012-05-17,2.813333034515381,0.0
2012-05-18,2.743750095367432,0.0
2012-05-21,2.887500047683716,0.0
2012-05-22,2.890832901000977,0.0
2012-05-23,2.90291690826416,0.0
2012-05-24,2.922916889190674,0.0
2012-05-25,2.896667003631592,0.0
2012-05-29,2.9987499713897705,0.0
2012-05-30,2.8666670322418213,0.0
2012-05-31,2.850416898727417,0.0
2012-06-01,2.634166955947876,0.0
2012-06-04,2.6333329677581787,0.0
2012-06-05,2.68416690826416,0.0
2012-06-06,2.874166965484619,0.0
2012-06-07,2.8729169368743896,0.0
2012-06-08,2.9429171085357666,0.0
2012-06-11,2.833750009536743,0.0
2012-06-12,2.93416690826416,0.0
2012-06-13,2.873332977294922,0.0
2012-06-14,2.9658329486846924,0.0
2012-06-15,3.050832986831665,0.0
2012-06-18,3.069582939147949,0.0
2012-06-19,3.1608328819274902,0.0
2012-06-20,3.1433329582214355,0.001083
2012-06-21,2.9329171180725098,0.0
2012-06-22,3.0,0.0
2012-06-25,2.853332996368408,0.0
2012-06-26,2.899583101272583,0.0
2012-06-27,2.9795830249786377,0.0
2012-06-28,2.951667070388794,0.0
2012-06-29,3.1762499809265137,0.0
2012-07-02,3.199167013168335,0.0
2012-07-03,3.2637500762939453,0.0
2012-07-05,3.217916965484619,0.0
2012-07-06,3.126667022705078,0.0
2012-07-09,3.117083072662353,0.0
2012-07-10,3.03458309173584,0.0
2012-07-11,3.0333330631256104,0.0
2012-07-12,2.9941670894622803,0.0
2012-07-13,3.141666889190674,0.0
2012-07-16,3.115417003631592,0.0
2012-07-17,3.182499885559082,0.0
2012-07-18,3.255000114440918,0.0
2012-07-19,3.277082920074463,0.0
2012-07-20,3.188333034515381,0.0
2012-07-23,3.0908329486846924,0.0
2012-07-24,3.015000104904175,0.0
2012-07-25,3.012500047683716,0.0
2012-07-26,3.160417079925537,0.0
2012-07-27,3.341249942779541,0.0
2012-07-30,3.333750009536743,0.0
2012-07-31,3.287916898727417,0.0
2012-08-01,3.2629170417785645,0.0
2012-08-02,3.190417051315308,0.0
2012-08-03,3.3795828819274902,0.0
2012-08-06,3.396250009536743,0.0
2012-08-07,3.447499990463257,0.0
2012-08-08,3.462500095367432,0.0
2012-08-09,3.47208309173584,0.0
2012-08-10,3.487499952316284,0.0
2012-08-13,3.482917070388794,0.0
2012-08-14,3.485416889190674,0.0
2012-08-15,3.4945828914642334,0.0
2012-08-16,3.569999933242798,0.0
2012-08-17,3.587500095367432,0.0
2012-08-20,3.588749885559082,0.0
2012-08-21,3.555833101272583,0.0
2012-08-22,3.555833101272583,0.0
2012-08-23,3.472917079925537,0.0
2012-08-24,3.5366671085357666,0.0
2012-08-27,3.5366671085357666,0.0
2012-08-28,3.5258328914642334,0.0
2012-08-29,3.532917022705078,0.0
2012-08-30,3.456666946411133,0.0
2012-08-31,3.502500057220459,0.0
2012-09-04,3.485832929611206,0.0
2012-09-05,3.4870829582214355,0.0
2012-09-06,3.696666955947876,0.0
2012-09-07,3.745832920074463,0.0
2012-09-10,3.680833101272583,0.0
2012-09-11,3.709167003631592,0.0
2012-09-12,3.7445828914642334,0.0
2012-09-13,3.924582958221436,0.0
2012-09-14,3.972917079925537,0.0
2012-09-17,3.9375,0.0
2012-09-18,3.923332929611206,0.0
2012-09-19,3.9295830726623535,0.0
2012-09-20,3.929167032241821,0.0
2012-09-21,3.920833110809326,0.0
2012-09-24,3.903749942779541,0.0
2012-09-25,3.783750057220459,0.0
2012-09-26,3.716249942779541,0.0
2012-09-27,3.825417041778565,0.0
2012-09-28,3.765832901000977,0.0
2012-10-01,3.790832996368408,0.0
2012-10-02,3.807499885559082,0.0
2012-10-03,3.853749990463257,0.0
2012-10-04,3.940417051315308,0.0
2012-10-05,3.935832977294922,0.0
2012-10-08,3.893749952316284,0.0
2012-10-09,3.7816669940948486,0.0
2012-10-10,3.7141671180725098,0.0
2012-10-11,3.717916965484619,0.0
2012-10-12,3.672499895095825,0.0
2012-10-15,3.772083044052124,0.0
2012-10-16,3.884166955947876,0.0
2012-10-17,3.935832977294922,0.0
2012-10-18,3.907083034515381,0.0
2012-10-19,3.702917098999024,0.0
2012-10-22,3.7108330726623535,0.0
2012-10-23,3.55916690826416,0.0
2012-10-24,3.5283329486846924,0.0
2012-10-25,3.5579171180725098,0.0
2012-10-26,3.550832986831665,0.0
2012-10-31,3.541249990463257,0.0
2012-11-01,3.662499904632568,0.0
2012-11-02,3.5587499141693115,0.0
2012-11-05,3.5850000381469727,0.0
2012-11-06,3.664166927337648,0.0
2012-11-07,3.4195830821990967,0.0
2012-11-08,3.291249990463257,0.0
2012-11-09,3.297916889190674,0.0
2012-11-12,3.3104169368743896,0.0
2012-11-13,3.2799999713897705,0.0
2012-11-14,3.146250009536743,0.0
2012-11-15,3.127917051315308,0.0
2012-11-16,3.172916889190674,0.0
2012-11-19,3.360832929611206,0.0
2012-11-20,3.376250028610229,0.0
2012-11-21,3.394166946411133,0.0
2012-11-23,3.527082920074463,0.0
2012-11-26,3.506666898727417,0.0
2012-11-27,3.4574999809265137,0.0
2012-11-28,3.534167051315308,0.0
2012-11-29,3.5883328914642334,0.0
2012-11-30,3.577083110809326,0.0
2012-12-03,3.530416965484619,0.0
2012-12-04,3.5129170417785645,0.0
2012-12-05,3.5316669940948486,0.0
2012-12-06,3.5708329677581787,0.0
2012-12-07,3.6020829677581787,0.0
2012-12-10,3.612499952316284,0.0
2012-12-11,3.682499885559082,0.0
2012-12-12,3.69083309173584,0.0
2012-12-13,3.626667022705078,0.0
2012-12-14,3.577500104904175,0.0
2012-12-17,3.703749895095825,0.0
2012-12-18,3.833333015441896,0.0
2012-12-19,3.752917051315308,0.0
2012-12-20,3.809582948684693,0.0
2012-12-21,3.7100000381469727,0.0
2012-12-24,3.66083288192749,0.0
2012-12-26,3.6195828914642334,0.000708
2012-12-27,3.610832929611206,0.0
2012-12-28,3.4862499237060547,0.0
2012-12-31,3.677083015441896,0.0
2013-01-02,3.950417041778565,0.0
2013-01-03,3.918333053588867,0.0
2013-01-04,3.9770829677581774,0.0
2013-01-07,3.9479169845581055,0.0
2013-01-08,3.904582977294922,0.0
2013-01-09,3.9395830631256095,0.0
2013-01-10,4.025000095367432,0.0
2013-01-11,4.033750057220459,0.0
2013-01-14,4.015832901000977,0.0
2013-01-15,4.025000095367432,0.0
2013-01-16,4.024582862854004,0.0
2013-01-17,4.09833288192749,0.0
2013-01-18,4.134167194366455,0.0
2013-01-22,4.192500114440918,0.0
2013-01-23,4.211667060852051,0.0
2013-01-24,4.218332767486572,0.0
2013-01-25,4.289999961853027,0.0
2013-01-28,4.274167060852051,0.0
2013-01-29,4.324166774749756,0.0
2013-01-30,4.27791690826416,0.0
2013-01-31,4.242917060852051,0.0
2013-02-01,4.372499942779541,0.0
2013-02-04,4.226666927337647,0.0
2013-02-05,4.353750228881836,0.0
2013-02-06,4.362500190734863,0.0
2013-02-07,4.349583148956299,0.0
2013-02-08,4.418749809265137,0.0
2013-02-11,4.412499904632568,0.0
2013-02-12,4.43416690826416,0.0
2013-02-13,4.449583053588867,0.0
2013-02-14,4.4633331298828125,0.0
2013-02-15,4.449166774749756,0.0
2013-02-19,4.537499904632568,0.0
2013-02-20,4.3695831298828125,0.0
2013-02-21,4.293333053588867,0.0
2013-02-22,4.418749809265137,0.0
2013-02-25,4.1691670417785645,0.0
2013-02-26,4.254167079925537,0.0
2013-02-27,4.411666870117188,0.0
2013-02-28,4.394166946411133,0.0
2013-03-01,4.435417175292969,0.0
2013-03-04,4.493750095367432,0.0
2013-03-05,4.618750095367432,0.0
2013-03-06,4.642499923706055,0.0
2013-03-07,4.668333053588867,0.0
2013-03-08,4.727083206176758,0.0
2013-03-11,4.777082920074463,0.0
2013-03-12,4.743332862854004,0.0
2013-03-13,4.762083053588867,0.0
2013-03-14,4.840000152587891,0.0
2013-03-15,4.821249961853027,0.0
2013-03-18,4.737916946411133,0.0
2013-03-19,4.707083225250244,0.0
2013-03-20,4.803750038146973,0.000625
2013-03-21,4.681666851043701,0.0
2013-03-22,4.789999961853027,0.0
2013-03-25,4.742499828338623,0.0
2013-03-26,4.852083206176758,0.0
2013-03-27,4.845832824707031,0.0
2013-03-28,4.87833309173584,0.0
2013-04-01,4.831666946411133,0.0
2013-04-02,4.899582862854004,0.0
2013-04-03,4.749582767486572,0.0
2013-04-04,4.81374979019165,0.0
2013-04-05,4.744999885559082,0.0
2013-04-08,4.833333015441895,0.0
2013-04-09,4.896249771118164,0.0
2013-04-10,5.079166889190674,0.0
2013-04-11,5.127500057220459,0.0
2013-04-12,5.086249828338623,0.0
2013-04-15,4.739999771118164,0.0
2013-04-16,4.936666965484619,0.0
2013-04-17,4.722917079925537,0.0
2013-04-18,4.635832786560059,0.0
2013-04-19,4.755000114440918,0.0
2013-04-22,4.824583053588867,0.0
2013-04-23,4.969583034515381,0.0
2013-04-24,4.9791669845581055,0.0
2013-04-25,5.041250228881836,0.0
2013-04-26,5.009167194366455,0.0
2013-04-29,5.110416889190674,0.0
2013-04-30,5.144166946411133,0.0
2013-05-01,5.007082939147949,0.0
2013-05-02,5.150000095367432,0.0
2013-05-03,5.305417060852051,0.0
2013-05-06,5.348750114440918,0.0
2013-05-07,5.427083015441895,0.0
2013-05-08,5.5029168128967285,0.0
2013-05-09,5.459582805633545,0.0
2013-05-10,5.511250019073486,0.0
2013-05-13,5.520417213439941,0.0
2013-05-14,5.694582939147949,0.0
2013-05-15,5.782083034515381,0.0
2013-05-16,5.699999809265137,0.0
2013-05-17,5.87041711807251,0.0
2013-05-20,5.868750095367432,0.0
2013-05-21,5.892083168029785,0.0
2013-05-22,5.755833148956299,0.0
2013-05-23,5.710000038146973,0.0
2013-05-24,5.689582824707031,0.0
2013-05-28,5.795416831970215,0.0
2013-05-29,5.719583034515381,0.0
2013-05-30,5.745832920074463,0.0
2013-05-31,5.494166851043701,0.0
2013-06-03,5.582499980926514,0.0
2013-06-04,5.508749961853027,0.0
2013-06-05,5.262499809265137,0.0
2013-06-06,5.412083148956299,0.0
2013-06-07,5.62041711807251,0.0
2013-06-10,5.620832920074463,0.0
2013-06-11,5.453332901000977,0.0
2013-06-12,5.310832977294922,0.0
2013-06-13,5.556666851043701,0.0
2013-06-14,5.452499866485596,0.0
2013-06-17,5.578332901000977,0.0
2013-06-18,5.705832958221436,0.0
2013-06-19,5.475832939147949,0.0
2013-06-20,5.063333034515381,0.0
2013-06-21,5.105000019073486,0.0
2013-06-24,4.913332939147949,0.0
2013-06-25,5.060832977294922,0.0
2013-06-26,5.201666831970215,0.002083
2013-06-27,5.300833225250244,0.0
2013-06-28,5.204999923706055,0.0
2013-07-01,5.323332786560059,0.0
2013-07-02,5.302499771118164,0.0
2013-07-03,5.319167137145996,0.0
2013-07-05,5.485000133514404,0.0
2013-07-08,5.577499866485596,0.0
2013-07-09,5.690000057220459,0.0
2013-07-10,5.701666831970215,0.0
2013-07-11,5.942500114440918,0.0
2013-07-12,5.944167137145996,0.0
2013-07-15,6.021667003631592,0.0
2013-07-16,5.948332786560059,0.0
2013-07-17,5.989167213439941,0.0
2013-07-18,6.086667060852051,0.0
2013-07-19,6.126667022705078,0.0
2013-07-22,6.158332824707031,0.0
2013-07-23,6.12166690826416,0.0
2013-07-24,6.054166793823242,0.0
2013-07-25,6.091667175292969,0.0
2013-07-26,6.111667156219482,0.0
2013-07-29,6.050833225250244,0.0
2013-07-30,6.058332920074463,0.0
2013-07-31,6.05916690826416,0.0
2013-08-01,6.274167060852051,0.0
2013-08-02,6.306666851043701,0.0
2013-08-05,6.28249979019165,0.0
2013-08-06,6.179999828338623,0.0
2013-08-07,6.113333225250244,0.0
2013-08-08,6.179999828338623,0.0
2013-08-09,6.126667022705078,0.0
2013-08-12,6.099166870117188,0.0
2013-08-13,6.164166927337647,0.0
2013-08-14,6.065000057220459,0.0
2013-08-15,5.800833225250244,0.0
2013-08-16,5.752500057220459,0.0
2013-08-19,5.644166946411133,0.0
2013-08-20,5.72333288192749,0.0
2013-08-21,5.617499828338623,0.0
2013-08-22,5.762499809265137,0.0
2013-08-23,5.824166774749756,0.0
2013-08-26,5.769166946411133,0.0
2013-08-27,5.477499961853027,0.0
2013-08-28,5.53583288192749,0.0
2013-08-29,5.568333148956299,0.0
2013-08-30,5.500833034515381,0.0
2013-09-03,5.584167003631592,0.0
2013-09-04,5.724999904632568,0.0
2013-09-05,5.734167098999023,0.0
2013-09-06,5.749166965484619,0.0
2013-09-09,5.921667098999023,0.0
2013-09-10,6.050000190734863,0.0
2013-09-11,6.1066670417785645,0.0
2013-09-12,6.06583309173584,0.0
2013-09-13,6.097499847412109,0.0
2013-09-16,6.209167003631592,0.0
2013-09-17,6.283332824707031,0.0
2013-09-18,6.505000114440918,0.0
2013-09-19,6.482500076293945,0.0
2013-09-20,6.332499980926514,0.0
2013-09-23,6.249166965484619,0.0
2013-09-24,6.208333015441895,0.0
2013-09-25,6.1483330726623535,0.003083
2013-09-26,6.21750020980835,0.0
2013-09-27,6.134167194366455,0.0
2013-09-30,6.0258331298828125,0.0
2013-10-01,6.178332805633545,0.0
2013-10-02,6.153333187103272,0.0
2013-10-03,5.991666793823242,0.0
2013-10-04,6.119999885559082,0.0
2013-10-07,5.96750020980835,0.0
2013-10-08,5.75333309173584,0.0
2013-10-09,5.757500171661377,0.0
2013-10-10,6.131667137145996,0.0
2013-10-11,6.255833148956299,0.0
2013-10-14,6.337500095367432,0.0
2013-10-15,6.191667079925537,0.0
2013-10-16,6.451666831970215,0.0
2013-10-17,6.583333015441895,0.0
2013-10-18,6.699999809265137,0.0
2013-10-21,6.716667175292969,0.0
2013-10-22,6.826666831970215,0.0
2013-10-23,6.736667156219482,0.0
2013-10-24,6.798333168029785,0.0
2013-10-25,6.886666774749756,0.0
2013-10-28,6.915832996368408,0.0
2013-10-29,7.040832996368408,0.0
2013-10-30,6.927499771118164,0.0
2013-10-31,6.855000019073486,0.0
2013-11-01,6.91083288192749,0.0
2013-11-04,6.987500190734863,0.0
2013-11-05,6.920833110809326,0.0
2013-11-06,7.019166946411133,0.0
2013-11-07,6.754167079925537,0.0
2013-11-08,7.024167060852051,0.0
2013-11-11,7.025000095367432,0.0
2013-11-12,6.995832920074463,0.0
2013-11-13,7.150000095367432,0.0
2013-11-14,7.264999866485596,0.0
2013-11-15,7.360000133514404,0.0
2013-11-18,7.292500019073486,0.0
2013-11-19,7.237500190734863,0.0
2013-11-20,7.173333168029785,0.0
2013-11-21,7.337500095367432,0.0
2013-11-22,7.441667079925537,0.0
2013-11-25,7.438333034515381,0.0
2013-11-26,7.426667213439941,0.0
2013-11-27,7.480000019073486,0.0
2013-11-29,7.4633331298828125,0.0
2013-12-02,7.409999847412109,0.0
2013-12-03,7.325832843780518,0.0
2013-12-04,7.301667213439941,0.0
2013-12-05,7.219167232513428,0.0
2013-12-06,7.449166774749756,0.0
2013-12-09,7.505000114440918,0.0
2013-12-10,7.432499885559082,0.0
2013-12-11,7.173333168029785,0.0
2013-12-12,7.111667156219482,0.0
2013-12-13,7.094167232513428,0.0
2013-12-16,7.2291669845581055,0.0
2013-12-17,7.15749979019165,0.0
2013-12-18,7.529167175292969,0.0
2013-12-19,7.511666774749756,0.0
2013-12-20,7.636666774749756,0.0
2013-12-23,7.752500057220459,0.0
2013-12-24,7.810832977294922,0.0
2013-12-26,7.928332805633545,0.0
2013-12-27,7.923333168029785,0.0
2013-12-30,7.915832996368408,0.0
2013-12-31,8.025833129882812,0.0
2014-01-02,7.796667098999023,0.0
2014-01-03,7.783332824707031,0.0
2014-01-06,7.731667041778564,0.0
2014-01-07,7.865832805633545,0.0
2014-01-08,7.874166965484619,0.0
2014-01-09,7.880000114440918,0.0
2014-01-10,7.947500228881836,0.0
2014-01-13,7.638332843780518,0.0
2014-01-14,7.876667022705078,0.0
2014-01-15,8.007499694824219,0.0
2014-01-16,7.9741668701171875,0.0
2014-01-17,7.870832920074463,0.0
2014-01-21,7.940000057220459,0.0
2014-01-22,7.957499980926514,0.0
2014-01-23,7.766666889190674,0.0
2014-01-24,7.257500171661377,0.0
2014-01-27,7.154167175292969,0.0
2014-01-28,7.28000020980835,0.0
2014-01-29,7.0625,0.0
2014-01-30,7.301667213439941,0.0
2014-01-31,7.165832996368408,0.0
2014-02-03,6.680832862854004,0.0
2014-02-04,6.81583309173584,0.0
2014-02-05,6.792500019073486,0.0
2014-02-06,7.054999828338623,0.0
2014-02-07,7.3333330154418945,0.0
2014-02-10,7.366666793823242,0.0
2014-02-11,7.6041669845581055,0.0
2014-02-12,7.625,0.0
2014-02-13,7.740832805633545,0.0
2014-02-14,7.858333110809326,0.0
2014-02-18,7.8933329582214355,0.0
2014-02-19,7.730833053588867,0.0
2014-02-20,7.859167098999023,0.0
2014-02-21,7.84833288192749,0.0
2014-02-24,7.965000152587891,0.0
2014-02-25,7.960000038146973,0.0
2014-02-26,7.9608330726623535,0.0
2014-02-27,8.092499732971191,0.0
2014-02-28,8.144166946411133,0.0
2014-03-03,7.974999904632568,0.0
2014-03-04,8.313332557678223,0.0
2014-03-05,8.319167137145996,0.0
2014-03-06,8.395833015441895,0.0
2014-03-07,8.395000457763672,0.0
2014-03-10,8.388333320617676,0.0
2014-03-11,8.263333320617676,0.0
2014-03-12,8.269166946411133,0.0
2014-03-13,7.994166851043701,0.0
2014-03-14,7.920833110809326,0.0
2014-03-17,8.129166603088379,0.0
2014-03-18,8.3100004196167,0.0
2014-03-19,8.185832977294922,0.0
2014-03-20,8.3149995803833,0.0
2014-03-21,8.22249984741211,0.0
2014-03-24,8.115833282470703,0.0
2014-03-25,8.235833168029785,0.0
2014-03-26,8.051667213439941,0.0
2014-03-27,8.004166603088379,0.0
2014-03-28,8.116666793823242,0.0
2014-03-31,8.319167137145996,0.0
2014-04-01,8.485833168029785,0.0
2014-04-02,8.573332786560059,0.0
2014-04-03,8.53166675567627,0.0
2014-04-04,8.234999656677246,0.0
2014-04-07,7.952499866485596,0.0
2014-04-08,8.058333396911621,0.0
2014-04-09,8.317500114440918,0.0
2014-04-10,7.789999961853027,0.0
2014-04-11,7.578332901000977,0.0
2014-04-14,7.755000114440918,0.0
2014-04-15,7.914999961853027,0.0
2014-04-16,8.164167404174805,0.0
2014-04-17,8.195833206176758,0.0
2014-04-21,8.289167404174805,0.0
2014-04-22,8.392499923706055,0.0
2014-04-23,8.340832710266113,0.0
2014-04-24,8.390832901000977,0.0
2014-04-25,8.180832862854004,0.0
2014-04-28,8.257499694824219,0.0
2014-04-29,8.373332977294922,0.0
2014-04-30,8.456666946411133,0.0
2014-05-01,8.452500343322754,0.0
2014-05-02,8.418333053588867,0.0
2014-05-05,8.462499618530273,0.0
2014-05-06,8.241666793823242,0.0
2014-05-07,8.387499809265137,0.0
2014-05-08,8.359167098999023,0.0
2014-05-09,8.39916706085205,0.0
2014-05-12,8.635832786560059,0.0
2014-05-13,8.660833358764648,0.0
2014-05-14,8.536666870117188,0.0
2014-05-15,8.303333282470703,0.0
2014-05-16,8.39916706085205,0.0
2014-05-19,8.490833282470703,0.0
2014-05-20,8.325833320617676,0.0
2014-05-21,8.533332824707031,0.0
2014-05-22,8.601667404174805,0.0
2014-05-23,8.702500343322754,0.0
2014-05-27,8.866666793823242,0.0
2014-05-28,8.841667175292969,0.0
2014-05-29,8.979166984558105,0.0
2014-05-30,9.016667366027832,0.0
2014-06-02,9.05666732788086,0.0
2014-06-03,9.042499542236328,0.0
2014-06-04,9.08666706085205,0.0
2014-06-05,9.274999618530272,0.0
2014-06-06,9.40666675567627,0.0
2014-06-09,9.432499885559082,0.0
2014-06-10,9.439167022705078,0.0
2014-06-11,9.34416675567627,0.0
2014-06-12,9.140000343322754,0.0
2014-06-13,9.223333358764648,0.0
2014-06-16,9.23916721343994,0.0
2014-06-17,9.313332557678224,0.0
2014-06-18,9.525833129882812,0.0
2014-06-19,9.557499885559082,0.0
2014-06-20,9.615833282470703,0.0
2014-06-23,9.604166984558104,0.0
2014-06-24,9.43000030517578,0.0
2014-06-25,9.547499656677246,0.00625
2014-06-26,9.533332824707031,0.0
2014-06-27,9.58666706085205,0.0
2014-06-30,9.571666717529297,0.0
2014-07-01,9.758333206176758,0.0
2014-07-02,9.784167289733888,0.0
2014-07-03,9.93166732788086,0.0
2014-07-07,9.833333015441896,0.0
2014-07-08,9.645833015441896,0.0
2014-07-09,9.766667366027832,0.0
2014-07-10,9.64916706085205,0.0
2014-07-11,9.69499969482422,0.0
2014-07-14,9.830833435058594,0.0
2014-07-15,9.779999732971191,0.0
2014-07-16,9.886667251586914,0.0
2014-07-17,9.547499656677246,0.0
2014-07-18,9.838333129882812,0.0
2014-07-21,9.778332710266112,0.0
2014-07-22,9.90999984741211,0.0
2014-07-23,9.976667404174805,0.0
2014-07-24,9.979166984558104,0.0
2014-07-25,9.842499732971191,0.0
2014-07-28,9.848333358764648,0.0
2014-07-29,9.723333358764648,0.0
2014-07-30,9.723333358764648,0.0
2014-07-31,9.146666526794434,0.0
2014-08-01,9.05833339691162,0.0
2014-08-04,9.25333309173584,0.0
2014-08-05,8.979166984558105,0.0
2014-08-06,8.988332748413086,0.0
2014-08-07,8.840832710266113,0.0
2014-08-08,9.14916706085205,0.0
2014-08-11,9.236666679382324,0.0
2014-08-12,9.192500114440918,0.0
2014-08-13,9.391667366027832,0.0
2014-08-14,9.510000228881836,0.0
2014-08-15,9.50583267211914,0.0
2014-08-18,9.739999771118164,0.0
2014-08-19,9.893333435058594,0.0
2014-08-20,9.976667404174805,0.0
2014-08-21,10.0649995803833,0.0
2014-08-22,10.012499809265137,0.0
2014-08-25,10.162500381469728,0.0
2014-08-26,10.1899995803833,0.0
2014-08-27,10.179166793823242,0.0
2014-08-28,10.157500267028809,0.0
2014-08-29,10.239999771118164,0.0
2014-09-02,10.21916675567627,0.0
2014-09-03,10.213333129882812,0.0
2014-09-04,10.15583324432373,0.0
2014-09-05,10.300000190734863,0.0
2014-09-08,10.220832824707031,0.0
2014-09-09,10.028332710266112,0.0
2014-09-10,10.141667366027832,0.0
2014-09-11,10.164167404174805,0.0
2014-09-12,9.991666793823242,0.0
2014-09-15,9.967499732971191,0.0
2014-09-16,10.194167137145996,0.0
2014-09-17,10.231666564941406,0.0
2014-09-18,10.391667366027832,0.0
2014-09-19,10.375,0.0
2014-09-22,10.12166690826416,0.0
2014-09-23,9.949999809265137,0.0
2014-09-24,10.18000030517578,0.005917
2014-09-25,9.685832977294922,0.0
2014-09-26,9.922499656677246,0.0
2014-09-29,9.860833168029783,0.0
2014-09-30,9.779999732971191,0.0
2014-10-01,9.386667251586914,0.0
2014-10-02,9.38083267211914,0.0
2014-10-03,9.69166660308838,0.0
2014-10-06,9.65583324432373,0.0
2014-10-07,9.21500015258789,0.0
2014-10-08,9.699167251586914,0.0
2014-10-09,9.110833168029783,0.0
2014-10-10,8.800832748413086,0.0
2014-10-13,8.366666793823242,0.0
2014-10-14,8.40999984741211,0.0
2014-10-15,8.204999923706055,0.0
2014-10-16,8.199999809265137,0.0
2014-10-17,8.508333206176758,0.0
2014-10-20,8.749167442321777,0.0
2014-10-21,9.265832901000977,0.0
2014-10-22,9.072500228881836,0.0
2014-10-23,9.390832901000977,0.0
2014-10-24,9.589166641235352,0.0
2014-10-27,9.555832862854004,0.0
2014-10-28,9.874167442321776,0.0
2014-10-29,9.848333358764648,0.0
2014-10-30,10.039167404174805,0.0
2014-10-31,10.369999885559082,0.0
2014-11-03,10.386667251586914,0.0
2014-11-04,10.286666870117188,0.0
2014-11-05,10.473333358764648,0.0
2014-11-06,10.604999542236328,0.0
2014-11-07,10.633333206176758,0.0
2014-11-10,10.72249984741211,0.0
2014-11-11,10.75416660308838,0.0
2014-11-12,10.723333358764648,0.0
2014-11-13,10.755000114440918,0.0
2014-11-14,10.766667366027832,0.0
2014-11-17,10.787500381469728,0.0
2014-11-18,10.971667289733888,0.0
2014-11-19,10.915833473205566,0.0
2014-11-20,10.97249984741211,0.0
2014-11-21,11.157500267028809,0.0
2014-11-24,11.24416732788086,0.0
2014-11-25,11.234167098999023,0.0
2014-11-26,11.30916690826416,0.0
2014-11-28,11.234999656677246,0.0
2014-12-01,11.00583267211914,0.0
2014-12-02,11.201666831970217,0.0
2014-12-03,11.345000267028809,0.0
2014-12-04,11.300832748413086,0.0
2014-12-05,11.35083293914795,0.0
2014-12-08,11.130000114440918,0.0
2014-12-09,11.096667289733888,0.0
2014-12-10,10.571666717529297,0.0
2014-12-11,10.717499732971191,0.0
2014-12-12,10.208333015441896,0.0
2014-12-15,9.979999542236328,0.0
2014-12-16,9.75749969482422,0.0
2014-12-17,10.348333358764648,0.0
2014-12-18,11.085832595825195,0.0
2014-12-19,11.229166984558104,0.0
2014-12-22,11.366666793823242,0.01175
2014-12-23,11.429166793823242,0.0
2014-12-24,11.428333282470703,0.0
2014-12-26,11.529999732971191,0.0
2014-12-29,11.571666717529297,0.0
2014-12-30,11.394166946411133,0.0
2014-12-31,11.050832748413086,0.0
2015-01-02,11.020833015441896,0.0
2015-01-05,10.427499771118164,0.0
2015-01-06,10.145000457763672,0.0
2015-01-07,10.519166946411133,0.0
2015-01-08,11.074167251586914,0.0
2015-01-09,10.802499771118164,0.0
2015-01-12,10.541666984558104,0.0
2015-01-13,10.454999923706056,0.0
2015-01-14,10.271666526794434,0.0
2015-01-15,9.990833282470703,0.0
2015-01-16,10.363332748413086,0.0
2015-01-20,10.445833206176758,0.0
2015-01-21,10.599166870117188,0.0
2015-01-22,11.077500343322754,0.0
2015-01-23,10.884166717529297,0.0
2015-01-26,10.975000381469728,0.0
2015-01-27,10.537500381469728,0.0
2015-01-28,10.108332633972168,0.0
2015-01-29,10.408332824707031,0.0
2015-01-30,10.00416660308838,0.0
2015-02-02,10.369999885559082,0.0
2015-02-03,10.82333278656006,0.0
2015-02-04,10.700833320617676,0.0
2015-02-05,11.034167289733888,0.0
2015-02-06,10.936667442321776,0.0
2015-02-09,10.787500381469728,0.0
2015-02-10,11.135000228881836,0.0
2015-02-11,11.153332710266112,0.0
2015-02-12,11.471667289733888,0.0
2015-02-13,11.619999885559082,0.0
2015-02-17,11.68000030517578,0.0
2015-02-18,11.668333053588867,0.0
2015-02-19,11.645833015441896,0.0
2015-02-20,11.857500076293944,0.0
2015-02-23,11.849166870117188,0.0
2015-02-24,11.949167251586914,0.0
2015-02-25,11.90999984741211,0.0
2015-02-26,11.87083339691162,0.0
2015-02-27,11.75333309173584,0.0
2015-03-02,11.973333358764648,0.0
2015-03-03,11.824999809265137,0.0
2015-03-04,11.669166564941406,0.0
2015-03-05,11.710000038146973,0.0
2015-03-06,11.207500457763672,0.0
2015-03-09,11.354999542236328,0.0
2015-03-10,10.800000190734863,0.0
2015-03-11,10.720832824707031,0.0
2015-03-12,11.130000114440918,0.0
2015-03-13,10.925000190734863,0.0
2015-03-16,11.37083339691162,0.0
2015-03-17,11.261667251586914,0.0
2015-03-18,11.657500267028809,0.0
2015-03-19,11.501667022705078,0.0
2015-03-20,11.805832862854004,0.0
2015-03-23,11.74250030517578,0.0
2015-03-24,11.535833358764648,0.0
2015-03-25,11.017499923706056,0.011
2015-03-26,10.94499969482422,0.0
2015-03-27,11.011667251586914,0.0
2015-03-30,11.418333053588867,0.0
2015-03-31,11.12166690826416,0.0
2015-04-01,11.005000114440918,0.0
2015-04-02,11.104166984558104,0.0
2015-04-06,11.340832710266112,0.0
2015-04-07,11.24583339691162,0.0
2015-04-08,11.364999771118164,0.0
2015-04-09,11.519166946411133,0.0
2015-04-10,11.699167251586914,0.0
2015-04-13,11.546667098999023,0.0
2015-04-14,11.608332633972168,0.0
2015-04-15,11.761667251586914,0.0
2015-04-16,11.750832557678224,0.0
2015-04-17,11.345000267028809,0.0
2015-04-20,11.653332710266112,0.0
2015-04-21,11.61416721343994,0.0
2015-04-22,11.783332824707031,0.0
2015-04-23,11.8725004196167,0.0
2015-04-24,11.957500457763672,0.0
2015-04-27,11.800000190734863,0.0
2015-04-28,11.908332824707031,0.0
2015-04-29,11.763333320617676,0.0
2015-04-30,11.40999984741211,0.0
2015-05-01,11.774999618530272,0.0
2015-05-04,11.889166831970217,0.0
2015-05-05,11.465832710266112,0.0
2015-05-06,11.328332901000977,0.0
2015-05-07,11.465832710266112,0.0
2015-05-08,11.911666870117188,0.0
2015-05-11,11.7475004196167,0.0
2015-05-12,11.635000228881836,0.0
2015-05-13,11.648332595825195,0.0
2015-05-14,12.013333320617676,0.0
2015-05-15,12.049166679382324,0.0
2015-05-18,12.160833358764648,0.0
2015-05-19,12.144166946411133,0.0
2015-05-20,12.12166690826416,0.0
2015-05-21,12.225000381469728,0.0
2015-05-22,12.140000343322754,0.0
2015-05-26,11.755000114440918,0.0
2015-05-27,12.06999969482422,0.0
2015-05-28,12.03833293914795,0.0
2015-05-29,11.80166721343994,0.0
2015-06-01,11.87833309173584,0.0
2015-06-02,11.845000267028809,0.0
2015-06-03,11.936667442321776,0.0
2015-06-04,11.65999984741211,0.0
2015-06-05,11.585000038146973,0.0
2015-06-08,11.368332862854004,0.0
2015-06-09,11.350000381469728,0.0
2015-06-10,11.768333435058594,0.0
2015-06-11,11.875,0.0
2015-06-12,11.595000267028809,0.0
2015-06-15,11.44166660308838,0.0
2015-06-16,11.643333435058594,0.0
2015-06-17,11.699999809265137,0.0
2015-06-18,12.045000076293944,0.0
2015-06-19,11.83666706085205,0.0
2015-06-22,12.078332901000977,0.0
2015-06-23,12.104999542236328,0.0
2015-06-24,11.83666706085205,0.0025
2015-06-25,11.720000267028809,0.0
2015-06-26,11.721667289733888,0.0
2015-06-29,10.989999771118164,0.0
2015-06-30,11.06666660308838,0.0
2015-07-01,11.313332557678224,0.0
2015-07-02,11.278332710266112,0.0
2015-07-06,11.186667442321776,0.0
2015-07-07,11.386667251586914,0.0
2015-07-08,10.82333278656006,0.0
2015-07-09,10.876667022705078,0.0
2015-07-10,11.289999961853027,0.0
2015-07-13,11.658332824707031,0.0
2015-07-14,11.821666717529297,0.0
2015-07-15,11.800000190734863,0.0
2015-07-16,12.06833267211914,0.0
2015-07-17,12.106666564941406,0.0
2015-07-20,12.131667137145996,0.0
2015-07-21,11.978333473205566,0.0
2015-07-22,11.90666675567627,0.0
2015-07-23,11.710000038146973,0.0
2015-07-24,11.354999542236328,0.0
2015-07-27,11.151666641235352,0.0
2015-07-28,11.55833339691162,0.0
2015-07-29,11.796667098999023,0.0
2015-07-30,11.798333168029783,0.0
2015-07-31,11.75,0.0
2015-08-03,11.62166690826416,0.0
2015-08-04,11.55833339691162,0.0
2015-08-05,11.671667098999023,0.0
2015-08-06,11.416666984558104,0.0
2015-08-07,11.31833267211914,0.0
2015-08-10,11.741666793823242,0.0
2015-08-11,11.42666721343994,0.0
2015-08-12,11.458333015441896,0.0
2015-08-13,11.425000190734863,0.0
2015-08-14,11.545000076293944,0.0
2015-08-17,11.739999771118164,0.0
2015-08-18,11.638333320617676,0.0
2015-08-19,11.368332862854004,0.0
2015-08-20,10.649999618530272,0.0
2015-08-21,9.651666641235352,0.0
2015-08-24,8.539999961853027,0.0
2015-08-25,8.140000343322754,0.0
2015-08-26,9.100000381469728,0.0
2015-08-27,9.779999732971191,0.0
2015-08-28,9.78166675567627,0.0
2015-08-31,9.533332824707031,0.0
2015-09-01,8.686667442321777,0.0
2015-09-02,9.170000076293944,0.0
2015-09-03,9.1850004196167,0.0
2015-09-04,8.776666641235352,0.0
2015-09-08,9.438332557678224,0.0
2015-09-09,9.05500030517578,0.0
2015-09-10,9.201666831970217,0.0
2015-09-11,9.331666946411133,0.0
2015-09-14,9.216667175292969,0.0
2015-09-15,9.579999923706056,0.0
2015-09-16,9.813332557678224,0.0
2015-09-17,9.763333320617676,0.0
2015-09-18,9.274999618530272,0.0
2015-09-21,9.418333053588867,0.0
2015-09-22,9.05666732788086,0.0
2015-09-23,8.998332977294922,0.0
2015-09-24,8.920000076293945,0.0
2015-09-25,8.896666526794434,0.0
2015-09-28,8.223333358764648,0.0
2015-09-29,8.241666793823242,0.0
2015-09-30,8.710000038146973,0.0
2015-10-01,8.779999732971191,0.0
2015-10-02,9.146666526794434,0.0
2015-10-05,9.649999618530272,0.0
2015-10-06,9.550000190734863,0.0
2015-10-07,9.796667098999023,0.0
2015-10-08,10.050000190734863,0.0
2015-10-09,10.06833267211914,0.0
2015-10-12,10.111666679382324,0.0
2015-10-13,9.90999984741211,0.0
2015-10-14,9.758333206176758,0.0
2015-10-15,10.203332901000977,0.0
2015-10-16,10.341667175292969,0.0
2015-10-19,10.363332748413086,0.0
2015-10-20,10.31833267211914,0.0
2015-10-21,10.138333320617676,0.0
2015-10-22,10.640000343322754,0.0
2015-10-23,10.993332862854004,0.0
2015-10-26,10.923333168029783,0.0
2015-10-27,10.84333324432373,0.0
2015-10-28,11.21833324432373,0.0
2015-10-29,11.216667175292969,0.0
2015-10-30,11.043333053588867,0.0
2015-11-02,11.438332557678224,0.0
2015-11-03,11.536666870117188,0.0
2015-11-04,11.453332901000977,0.0
2015-11-05,11.40666675567627,0.0
2015-11-06,11.383333206176758,0.0
2015-11-09,11.06999969482422,0.0
2015-11-10,11.12833309173584,0.0
2015-11-11,11.008333206176758,0.0
2015-11-12,10.553333282470703,0.0
2015-11-13,10.196666717529297,0.0
2015-11-16,10.658332824707031,0.0
2015-11-17,10.62166690826416,0.0
2015-11-18,11.131667137145996,0.0
2015-11-19,11.114999771118164,0.0
2015-11-20,11.236666679382324,0.0
2015-11-23,11.188332557678224,0.0
2015-11-24,11.241666793823242,0.0
2015-11-25,11.228333473205566,0.0
2015-11-27,11.260000228881836,0.0
2015-11-30,11.133333206176758,0.0
2015-12-01,11.44833278656006,0.0
2015-12-02,11.085000038146973,0.0
2015-12-03,10.623332977294922,0.0
2015-12-04,11.244999885559082,0.0
2015-12-07,11.039999961853027,0.0
2015-12-08,10.81666660308838,0.0
2015-12-09,10.56999969482422,0.0
2015-12-10,10.631667137145996,0.0
2015-12-11,10.008333206176758,0.0
2015-12-14,10.18166732788086,0.0
2015-12-15,10.494999885559082,0.0
2015-12-16,10.953332901000977,0.0
2015-12-17,10.466667175292969,0.0
2015-12-18,9.873332977294922,0.0
2015-12-21,10.143333435058594,0.0
2015-12-22,10.393333435058594,0.021833
2015-12-23,10.773332595825195,0.0
2015-12-24,10.69833278656006,0.0
2015-12-28,10.649999618530272,0.0
2015-12-29,10.984999656677246,0.0
2015-12-30,10.756667137145996,0.0
2015-12-31,10.436667442321776,0.0
2016-01-04,9.986666679382324,0.0
2016-01-05,10.041666984558104,0.0
2016-01-06,9.65999984741211,0.0
2016-01-07,8.963333129882812,0.0
2016-01-08,8.664999961853027,0.0
2016-01-11,8.680000305175781,0.0
2016-01-12,8.903332710266113,0.0
2016-01-13,8.231666564941406,0.0
2016-01-14,8.633333206176758,0.0
2016-01-15,8.06833267211914,0.0
2016-01-19,8.114999771118164,0.0
2016-01-20,7.806666851043701,0.0
2016-01-21,7.920000076293945,0.0
2016-01-22,8.420000076293945,0.0
2016-01-25,8.045000076293945,0.0
2016-01-26,8.364999771118164,0.0
2016-01-27,8.091667175292969,0.0
2016-01-28,8.21833324432373,0.0
2016-01-29,8.831666946411133,0.0
2016-02-01,8.805000305175781,0.0
2016-02-02,8.333333015441895,0.0
2016-02-03,8.473333358764648,0.0
2016-02-04,8.510000228881836,0.0
2016-02-05,8.023332595825195,0.0
2016-02-08,7.693333148956299,0.0
2016-02-09,7.691667079925537,0.0
2016-02-10,7.683332920074463,0.0
2016-02-11,7.40500020980835,0.0
2016-02-12,7.8383331298828125,0.0
2016-02-16,8.226667404174805,0.0
2016-02-17,8.635000228881836,0.0
2016-02-18,8.528332710266113,0.0
2016-02-19,8.526666641235352,0.0
2016-02-22,8.885000228881836,0.0
2016-02-23,8.561667442321777,0.0
2016-02-24,8.675000190734863,0.0
2016-02-25,8.979999542236328,0.0
2016-02-26,8.926667213439941,0.0
2016-02-29,8.683333396911621,0.0
2016-03-01,9.328332901000977,0.0
2016-03-02,9.456666946411133,0.0
2016-03-03,9.553333282470703,0.0
2016-03-04,9.654999732971191,0.0
2016-03-07,9.675000190734863,0.0
2016-03-08,9.353333473205566,0.0
2016-03-09,9.498332977294922,0.0
2016-03-10,9.515000343322754,0.0
2016-03-11,9.979999542236328,0.0
2016-03-14,9.94333267211914,0.0
2016-03-15,9.898332595825195,0.0
2016-03-16,10.076666831970217,0.0
2016-03-17,10.263333320617676,0.0
2016-03-18,10.383333206176758,0.0
2016-03-21,10.421667098999023,0.0
2016-03-22,10.411666870117188,0.0
2016-03-23,10.206666946411133,0.0
2016-03-24,10.18166732788086,0.0
2016-03-28,10.206666946411133,0.0
2016-03-29,10.49666690826416,0.0
2016-03-30,10.62166690826416,0.0
2016-03-31,10.550000190734863,0.0
2016-04-01,10.74666690826416,0.0
2016-04-04,10.648332595825195,0.0
2016-04-05,10.33666706085205,0.0
2016-04-06,10.658332824707031,0.0
2016-04-07,10.286666870117188,0.0
2016-04-08,10.368332862854004,0.0
2016-04-11,10.28833293914795,0.0
2016-04-12,10.585000038146973,0.0
2016-04-13,10.895000457763672,0.0
2016-04-14,10.903332710266112,0.0
2016-04-15,10.853333473205566,0.0
2016-04-18,11.091667175292969,0.0
2016-04-19,11.196666717529297,0.0
2016-04-20,11.223333358764648,0.0
2016-04-21,11.046667098999023,0.0
2016-04-22,11.053333282470703,0.0
2016-04-25,10.988332748413086,0.0
2016-04-26,11.048333168029783,0.0
2016-04-27,11.106666564941406,0.0
2016-04-28,10.813332557678224,0.0
2016-04-29,10.635000228881836,0.0
2016-05-02,10.87166690826416,0.0
2016-05-03,10.591667175292969,0.0
2016-05-04,10.404999732971191,0.0
2016-05-05,10.41333293914795,0.0
2016-05-06,10.515000343322754,0.0
2016-05-09,10.55500030517578,0.0
2016-05-10,10.936667442321776,0.0
2016-05-11,10.636667251586914,0.0
2016-05-12,10.635000228881836,0.0
2016-05-13,10.353333473205566,0.0
2016-05-16,10.65999984741211,0.0
2016-05-17,10.369999885559082,0.0
2016-05-18,10.383333206176758,0.0
2016-05-19,10.273332595825195,0.0
2016-05-20,10.460000038146973,0.0
2016-05-23,10.408332824707031,0.0
2016-05-24,10.81999969482422,0.0
2016-05-25,11.036666870117188,0.0
2016-05-26,11.048333168029783,0.0
2016-05-27,11.18333339691162,0.0
2016-05-31,11.130000114440918,0.0
2016-06-01,11.19166660308838,0.0
2016-06-02,11.300000190734863,0.0
2016-06-03,11.201666831970217,0.0
2016-06-06,11.366666793823242,0.0
2016-06-07,11.408332824707031,0.0
2016-06-08,11.521666526794434,0.0
2016-06-09,11.478333473205566,0.0
2016-06-10,11.148332595825195,0.0
2016-06-13,10.899999618530272,0.0
2016-06-14,10.84000015258789,0.0
2016-06-15,10.78166675567627,0.0
2016-06-16,10.880000114440918,0.0
2016-06-17,10.756667137145996,0.0
2016-06-20,10.963333129882812,0.0
2016-06-21,11.05500030517578,0.0
2016-06-22,10.979999542236328,0.013833
2016-06-23,11.414999961853027,0.0
2016-06-24,10.175000190734863,0.0
2016-06-27,9.625,0.0
2016-06-28,10.146666526794434,0.0
2016-06-29,10.678333282470703,0.0
2016-06-30,11.09333324432373,0.0
2016-07-01,11.171667098999023,0.0
2016-07-05,10.94499969482422,0.0
2016-07-06,11.12833309173584,0.0
2016-07-07,11.104999542236328,0.0
2016-07-08,11.596667289733888,0.0
2016-07-11,11.721667289733888,0.0
2016-07-12,11.978333473205566,0.0
2016-07-13,11.979999542236328,0.0
2016-07-14,12.164999961853027,0.0
2016-07-15,12.12833309173584,0.0
2016-07-18,12.226667404174805,0.0
2016-07-19,12.18333339691162,0.0
2016-07-20,12.34000015258789,0.0
2016-07-21,12.196666717529297,0.0
2016-07-22,12.361666679382324,0.0
2016-07-25,12.268333435058594,0.0
2016-07-26,12.273332595825195,0.0
2016-07-27,12.243332862854004,0.0
2016-07-28,12.283332824707031,0.0
2016-07-29,12.328332901000977,0.0
2016-08-01,12.298333168029783,0.0
2016-08-02,12.061667442321776,0.0
2016-08-03,12.170000076293944,0.0
2016-08-04,12.213333129882812,0.0
2016-08-05,12.511667251586914,0.0
2016-08-08,12.486666679382324,0.0
2016-08-09,12.5,0.0
2016-08-10,12.40999984741211,0.0
2016-08-11,12.588333129882812,0.0
2016-08-12,12.55166721343994,0.0
2016-08-15,12.668333053588867,0.0
2016-08-16,12.460000038146973,0.0
2016-08-17,12.526666641235352,0.0
2016-08-18,12.614999771118164,0.0
2016-08-19,12.55666732788086,0.0
2016-08-22,12.553333282470703,0.0
2016-08-23,12.625,0.0
2016-08-24,12.446666717529297,0.0
2016-08-25,12.395000457763672,0.0
2016-08-26,12.33666706085205,0.0
2016-08-29,12.513333320617676,0.0
2016-08-30,12.446666717529297,0.0
2016-08-31,12.341667175292969,0.0
2016-09-01,12.351667404174805,0.0
2016-09-02,12.510000228881836,0.0
2016-09-06,12.630000114440918,0.0
2016-09-07,12.626667022705078,0.0
2016-09-08,12.53166675567627,0.0
2016-09-09,11.638333320617676,0.0
2016-09-12,12.123332977294922,0.0
2016-09-13,11.598333358764648,0.0
2016-09-14,11.581666946411133,0.0
2016-09-15,11.93333339691162,0.0
2016-09-16,11.798333168029783,0.0
2016-09-19,11.795000076293944,0.0
2016-09-20,11.8100004196167,0.0
2016-09-21,12.199999809265137,0.002167
2016-09-22,12.420000076293944,0.0
2016-09-23,12.226667404174805,0.0
2016-09-26,11.925000190734863,0.0
2016-09-27,12.149999618530272,0.0
2016-09-28,12.324999809265137,0.0
2016-09-29,11.991666793823242,0.0
2016-09-30,12.273332595825195,0.0
2016-10-03,12.15666675567627,0.0
2016-10-04,11.988332748413086,0.0
2016-10-05,12.146666526794434,0.0
2016-10-06,12.166666984558104,0.0
2016-10-07,12.03499984741211,0.0
2016-10-10,12.216667175292969,0.0
2016-10-11,11.771666526794434,0.0
2016-10-12,11.8149995803833,0.0
2016-10-13,11.69499969482422,0.0
2016-10-14,11.706666946411133,0.0
2016-10-17,11.59333324432373,0.0
2016-10-18,11.791666984558104,0.0
2016-10-19,11.890000343322754,0.0
2016-10-20,11.824999809265137,0.0
2016-10-21,11.831666946411133,0.0
2016-10-24,11.981666564941406,0.0
2016-10-25,11.880000114440918,0.0
2016-10-26,11.80500030517578,0.0
2016-10-27,11.704999923706056,0.0
2016-10-28,11.591667175292969,0.0
2016-10-31,11.583333015441896,0.0
2016-11-01,11.350000381469728,0.0
2016-11-02,11.133333206176758,0.0
2016-11-03,10.984999656677246,0.0
2016-11-04,10.93333339691162,0.0
2016-11-07,11.653332710266112,0.0
2016-11-08,11.811667442321776,0.0
2016-11-09,12.213333129882812,0.0
2016-11-10,12.28833293914795,0.0
2016-11-11,12.206666946411133,0.0
2016-11-14,12.229999542236328,0.0
2016-11-15,12.515000343322754,0.0
2016-11-16,12.451666831970217,0.0
2016-11-17,12.633333206176758,0.0
2016-11-18,12.550000190734863,0.0
2016-11-21,12.831666946411133,0.0
2016-11-22,12.90666675567627,0.0
2016-11-23,12.93000030517578,0.0
2016-11-25,13.078332901000977,0.0
2016-11-28,12.893333435058594,0.0
2016-11-29,12.966667175292969,0.0
2016-11-30,12.863332748413086,0.0
2016-12-01,12.71500015258789,0.0
2016-12-02,12.738332748413086,0.0
2016-12-05,12.953332901000977,0.0
2016-12-06,13.096667289733888,0.0
2016-12-07,13.596667289733888,0.0
2016-12-08,13.699999809265137,0.0
2016-12-09,13.94499969482422,0.0
2016-12-12,13.90666675567627,0.0
2016-12-13,14.171667098999023,0.0
2016-12-14,13.848333358764648,0.0
2016-12-15,13.989999771118164,0.0
2016-12-16,13.93000030517578,0.0
2016-12-19,14.006667137145996,0.0
2016-12-20,14.154999732971191,0.0
2016-12-21,14.050000190734863,0.0
2016-12-22,13.983332633972168,0.0
2016-12-23,14.024999618530272,0.0
2016-12-27,14.131667137145996,0.0
2016-12-28,13.795000076293944,0.0
2016-12-29,13.771666526794434,0.0
2016-12-30,13.630000114440918,0.0
2017-01-03,13.925000190734863,0.0
2017-01-04,14.173333168029783,0.0
2017-01-05,14.130000114440918,0.0
2017-01-06,14.289999961853027,0.0
2017-01-09,14.154999732971191,0.0
2017-01-10,14.131667137145996,0.0
2017-01-11,14.24666690826416,0.0
2017-01-12,14.153332710266112,0.0
2017-01-13,14.241666793823242,0.0
2017-01-17,14.109999656677246,0.0
2017-01-18,14.18333339691162,0.0
2017-01-19,14.03499984741211,0.0
2017-01-20,14.18000030517578,0.0
2017-01-23,14.06999969482422,0.0
2017-01-24,14.338333129882812,0.0
2017-01-25,14.686667442321776,0.0
2017-01-26,14.653332710266112,0.0
2017-01-27,14.601667404174805,0.0
2017-01-30,14.338333129882812,0.0
2017-01-31,14.329999923706056,0.0
2017-02-01,14.338333129882812,0.0
2017-02-02,14.358332633972168,0.0
2017-02-03,14.646666526794434,0.0
2017-02-06,14.585000038146973,0.0
2017-02-07,14.574999809265137,0.0
2017-02-08,14.633333206176758,0.0
2017-02-09,14.883333206176758,0.0
2017-02-10,15.05833339691162,0.0
2017-02-13,15.28833293914795,0.0
2017-02-14,15.484999656677246,0.0
2017-02-15,15.716667175292969,0.0
2017-02-16,15.686667442321776,0.0
2017-02-17,15.748332977294922,0.0
2017-02-21,16.020000457763672,0.0
2017-02-22,15.991666793823242,0.0
2017-02-23,16.031667709350586,0.0
2017-02-24,16.084999084472656,0.0
2017-02-27,16.156667709350586,0.0
2017-02-28,16.036666870117188,0.0
2017-03-01,16.683332443237305,0.0
2017-03-02,16.399999618530273,0.0
2017-03-03,16.415000915527344,0.0
2017-03-06,16.27166748046875,0.0
2017-03-07,16.126667022705078,0.0
2017-03-08,16.02166748046875,0.0
2017-03-09,16.078332901000977,0.0
2017-03-10,16.23666763305664,0.0
2017-03-13,16.261667251586914,0.0
2017-03-14,16.094999313354492,0.0
2017-03-15,16.476667404174805,0.0
2017-03-16,16.411666870117188,0.0
2017-03-17,16.303333282470703,0.0
2017-03-20,16.25666618347168,0.0
2017-03-21,15.638333320617676,0.0
2017-03-22,15.733332633972168,0.0
2017-03-23,15.68000030517578,0.0
2017-03-24,15.648332595825195,0.0
2017-03-27,15.591667175292969,0.0
2017-03-28,15.916666984558104,0.0
2017-03-29,15.989999771118164,0.0
2017-03-30,16.114999771118164,0.0
2017-03-31,16.001667022705078,0.0
2017-04-03,15.9399995803833,0.0
2017-04-04,15.966667175292969,0.0
2017-04-05,15.80500030517578,0.0
2017-04-06,15.9350004196167,0.0
2017-04-07,15.888333320617676,0.0
2017-04-10,15.91333293914795,0.0
2017-04-11,15.856666564941406,0.0
2017-04-12,15.65666675567627,0.0
2017-04-13,15.358332633972168,0.0
2017-04-17,15.74666690826416,0.0
2017-04-18,15.596667289733888,0.0
2017-04-19,15.516667366027832,0.0
2017-04-20,15.87833309173584,0.0
2017-04-21,15.744999885559082,0.0
2017-04-24,16.2450008392334,0.0
2017-04-25,16.530000686645508,0.0
2017-04-26,16.50666618347168,0.0
2017-04-27,16.546667098999023,0.0
2017-04-28,16.44499969482422,0.0
2017-05-01,16.54833221435547,0.0
2017-05-02,16.57666778564453,0.0
2017-05-03,16.523332595825195,0.0
2017-05-04,16.55500030517578,0.0
2017-05-05,16.76333236694336,0.0
2017-05-08,16.753332138061523,0.0
2017-05-09,16.708332061767578,0.0
2017-05-10,16.78499984741211,0.0
2017-05-11,16.69333267211914,0.0
2017-05-12,16.610000610351562,0.0
2017-05-15,16.856666564941406,0.0
2017-05-16,16.81999969482422,0.0
2017-05-17,15.9350004196167,0.0
2017-05-18,16.100000381469727,0.0
2017-05-19,16.413333892822266,0.0
2017-05-22,16.676666259765625,0.0
2017-05-23,16.781667709350586,0.0
2017-05-24,16.876667022705078,0.0
2017-05-25,17.114999771118164,0.0
2017-05-26,17.123332977294922,0.0
2017-05-30,17.081666946411133,0.0
2017-05-31,17.053333282470703,0.0
2017-06-01,17.45166778564453,0.0
2017-06-02,17.6200008392334,0.0
2017-06-05,17.59666633605957,0.0
2017-06-06,17.43833351135254,0.0
2017-06-07,17.516666412353516,0.0
2017-06-08,17.538333892822266,0.0
2017-06-09,17.46500015258789,0.0
2017-06-12,17.441667556762695,0.0
2017-06-13,17.69333267211914,0.0
2017-06-14,17.63166618347168,0.0
2017-06-15,17.520000457763672,0.0
2017-06-16,17.520000457763672,0.0
2017-06-19,17.963333129882812,0.0
2017-06-20,17.6200008392334,0.0
2017-06-21,17.583332061767578,0.0
2017-06-22,17.56333351135254,0.0
2017-06-23,17.63833236694336,0.0
2017-06-26,17.65333366394043,0.0
2017-06-27,17.24333381652832,0.0
2017-06-28,17.676666259765625,0.0
2017-06-29,17.229999542236328,0.0
2017-06-30,17.31166648864746,0.0
2017-07-03,17.39666748046875,0.0
2017-07-05,17.510000228881836,0.0
2017-07-06,17.043333053588867,0.0
2017-07-07,17.356666564941406,0.0
2017-07-10,17.405000686645508,0.0
2017-07-11,17.364999771118164,0.0
2017-07-12,17.75666618347168,0.0
2017-07-13,17.84000015258789,0.0
2017-07-14,18.07666778564453,0.0
2017-07-17,18.078332901000977,0.0
2017-07-18,18.106666564941406,0.0
2017-07-19,18.39999961853028,0.0
2017-07-20,18.413333892822266,0.0
2017-07-21,18.37666702270508,0.0
2017-07-24,18.358333587646484,0.0
2017-07-25,18.46833229064941,0.0
2017-07-26,18.483333587646484,0.0
2017-07-27,18.440000534057617,0.0
2017-07-28,18.35333251953125,0.0
2017-07-31,18.328332901000977,0.0
2017-08-01,18.43666648864746,0.0
2017-08-02,18.45833206176757,0.0
2017-08-03,18.37166786193848,0.0
2017-08-04,18.450000762939453,0.0
2017-08-07,18.54833221435547,0.0
2017-08-08,18.433332443237305,0.0
2017-08-09,18.405000686645508,0.0
2017-08-10,17.639999389648438,0.0
2017-08-11,17.706666946411133,0.0
2017-08-14,18.226667404174805,0.0
2017-08-15,18.22333335876465,0.0
2017-08-16,18.30500030517578,0.0
2017-08-17,17.458332061767578,0.0
2017-08-18,17.360000610351562,0.0
2017-08-21,17.413333892822266,0.0
2017-08-22,17.926666259765625,0.0
2017-08-23,17.748332977294922,0.0
2017-08-24,17.626667022705078,0.0
2017-08-25,17.74333381652832,0.0
2017-08-28,17.746667861938477,0.0
2017-08-29,17.796667098999023,0.0
2017-08-30,18.06166648864746,0.0
2017-08-31,18.36666679382324,0.0
2017-09-01,18.46666717529297,0.0
2017-09-05,18.04833221435547,0.0
2017-09-06,18.231666564941406,0.0
2017-09-07,18.21833229064941,0.0
2017-09-08,18.14166641235352,0.0
2017-09-11,18.71333312988281,0.0
2017-09-12,18.918333053588867,0.0
2017-09-13,18.953332901000977,0.0
2017-09-14,18.926666259765625,0.0
2017-09-15,19.01000022888184,0.0
2017-09-18,19.11166763305664,0.0
2017-09-19,19.156667709350582,0.0
2017-09-20,19.18666648864746,0.0
2017-09-21,19.023332595825195,0.0
2017-09-22,19.03333282470703,0.0
2017-09-25,18.915000915527344,0.0
2017-09-26,18.94833374023437,0.0
2017-09-27,19.15333366394043,0.0
2017-09-28,19.226667404174805,0.0
2017-09-29,19.411666870117188,0.0
2017-10-02,19.65833282470703,0.0
2017-10-03,19.799999237060547,0.0
2017-10-04,19.86333274841309,0.0
2017-10-05,20.20499992370605,0.0
2017-10-06,20.15333366394043,0.0
2017-10-09,20.053333282470703,0.0
2017-10-10,20.18833351135254,0.0
2017-10-11,20.28333282470703,0.0
2017-10-12,20.196666717529297,0.0
2017-10-13,20.25,0.0
2017-10-16,20.33833312988281,0.0
2017-10-17,20.38166618347168,0.0
2017-10-18,20.440000534057617,0.0
2017-10-19,20.45833206176757,0.0
2017-10-20,20.75166702270508,0.0
2017-10-23,20.52499961853028,0.0
2017-10-24,20.62166786193848,0.0
2017-10-25,20.334999084472656,0.0
2017-10-26,20.37666702270508,0.0
2017-10-27,20.895000457763672,0.0
2017-10-30,20.663333892822266,0.0
2017-10-31,20.73833274841309,0.0
2017-11-01,20.84499931335449,0.0
2017-11-02,20.858333587646484,0.0
2017-11-03,21.046667098999023,0.0
2017-11-06,21.13166618347168,0.0
2017-11-07,21.11333274841309,0.0
2017-11-08,21.21666717529297,0.0
2017-11-09,20.97333335876465,0.0
2017-11-10,20.94499969482422,0.0
2017-11-13,21.0,0.0
2017-11-14,20.86833381652832,0.0
2017-11-15,20.545000076293945,0.0
2017-11-16,21.036666870117188,0.0
2017-11-17,20.8799991607666,0.0
2017-11-20,20.96833229064941,0.0
2017-11-21,21.375,0.0
2017-11-22,21.31166648864746,0.0
2017-11-24,21.44833374023437,0.0
2017-11-27,21.434999465942383,0.0
2017-11-28,22.06999969482422,0.0
2017-11-29,22.030000686645508,0.0
2017-11-30,22.578332901000977,0.0
2017-12-01,22.45499992370605,0.0
2017-12-04,22.36833381652832,0.0
2017-12-05,22.13333320617676,0.0
2017-12-06,22.13333320617676,0.0
2017-12-07,22.34166717529297,0.0
2017-12-08,22.700000762939453,0.0
2017-12-11,22.918333053588867,0.0
2017-12-12,23.030000686645508,0.0
2017-12-13,23.01666641235352,0.0
2017-12-14,22.73500061035156,0.0
2017-12-15,23.288333892822266,0.0
2017-12-18,23.733333587646484,0.0
2017-12-19,23.46166610717773,0.0
2017-12-20,23.420000076293945,0.0
2017-12-21,23.541667938232425,0.0
2017-12-22,23.520000457763672,0.0
2017-12-26,23.428333282470703,0.0
2017-12-27,23.47833251953125,0.0
2017-12-28,23.58666610717773,0.0
2017-12-29,23.358333587646484,0.0
2018-01-02,23.83666610717773,0.0
2018-01-03,24.27166748046875,0.0
2018-01-04,24.578332901000977,0.0
2018-01-05,25.058332443237305,0.0
2018-01-08,25.183332443237305,0.0
2018-01-09,25.36166763305664,0.0
2018-01-10,25.24333381652832,0.0
2018-01-11,25.76499938964844,0.0
2018-01-12,26.273332595825195,0.0
2018-01-16,26.0,0.0
2018-01-17,26.74666786193848,0.0
2018-01-18,26.625,0.0
2018-01-19,26.95166778564453,0.0
2018-01-22,27.61333274841309,0.0
2018-01-23,27.80666732788086,0.0
2018-01-24,27.7549991607666,0.0
2018-01-25,27.791667938232425,0.0
2018-01-26,28.739999771118164,0.0
2018-01-29,28.15166664123535,0.0
2018-01-30,27.27666664123535,0.0
2018-01-31,27.61333274841309,0.0
2018-02-01,27.226667404174805,0.0
2018-02-02,25.46666717529297,0.0
2018-02-05,22.334999084472656,0.0
2018-02-06,23.625,0.0
2018-02-07,23.178333282470703,0.0
2018-02-08,20.59666633605957,0.0
2018-02-09,21.551666259765625,0.0
2018-02-12,22.39666748046875,0.0
2018-02-13,22.59333229064941,0.0
2018-02-14,23.52166748046875,0.0
2018-02-15,24.38166618347168,0.0
2018-02-16,24.39999961853028,0.0
2018-02-20,23.96999931335449,0.0
2018-02-21,23.58666610717773,0.0
2018-02-22,23.683332443237305,0.0
2018-02-23,24.81166648864746,0.0
2018-02-26,25.67333221435547,0.0
2018-02-27,24.68166732788086,0.0
2018-02-28,23.87666702270508,0.0
2018-03-01,22.905000686645508,0.0
2018-03-02,23.25833320617676,0.0
2018-03-05,24.043333053588867,0.0
2018-03-06,24.233333587646484,0.0
2018-03-07,24.206666946411133,0.0
2018-03-08,24.530000686645508,0.0
2018-03-09,25.80666732788086,0.0
2018-03-12,25.71500015258789,0.0
2018-03-13,25.21999931335449,0.0
2018-03-14,24.81666755676269,0.0
2018-03-15,24.72833251953125,0.0
2018-03-16,24.81333351135254,0.0
2018-03-19,23.801666259765625,0.0
2018-03-20,23.90833282470703,0.0
2018-03-21,23.770000457763672,0.015333
2018-03-22,22.19166755676269,0.0
2018-03-23,20.54833221435547,0.0
2018-03-26,22.25,0.0
2018-03-27,21.081666946411133,0.0
2018-03-28,20.905000686645508,0.0
2018-03-29,21.788333892822266,0.0
2018-04-02,20.293333053588867,0.0
2018-04-03,21.06166648864746,0.0
2018-04-04,21.793333053588867,0.0
2018-04-05,22.23666763305664,0.0
2018-04-06,20.773332595825195,0.0
2018-04-09,21.02166748046875,0.0
2018-04-10,22.02499961853028,0.0
2018-04-11,21.69833374023437,0.0
2018-04-12,22.21333312988281,0.0
2018-04-13,22.020000457763672,0.0
2018-04-16,22.549999237060547,0.0
2018-04-17,23.281667709350582,0.0
2018-04-18,23.32999992370605,0.0
2018-04-19,22.921667098999023,0.0
2018-04-20,22.34499931335449,0.0
2018-04-23,22.334999084472656,0.0
2018-04-24,21.440000534057617,0.0
2018-04-25,21.584999084472656,0.0
2018-04-26,22.24333381652832,0.0
2018-04-27,22.280000686645508,0.0
2018-04-30,21.75833320617676,0.0
2018-05-01,21.878332138061523,0.0
2018-05-02,21.416667938232425,0.0
2018-05-03,21.27166748046875,0.0
2018-05-04,22.101667404174805,0.0
2018-05-07,22.31833267211914,0.0
2018-05-08,22.325000762939453,0.0
2018-05-09,22.97833251953125,0.0
2018-05-10,23.608333587646484,0.0
2018-05-11,23.74166679382324,0.0
2018-05-14,23.84333229064941,0.0
2018-05-15,23.33333206176757,0.0
2018-05-16,23.6299991607666,0.0
2018-05-17,23.57333374023437,0.0
2018-05-18,23.38999938964844,0.0
2018-05-21,23.913333892822266,0.0
2018-05-22,23.709999084472656,0.0
2018-05-23,23.8933334350586,0.0
2018-05-24,23.76000022888184,0.0
2018-05-25,23.559999465942383,0.0
2018-05-29,22.78499984741211,0.0
2018-05-30,23.655000686645508,0.0
2018-05-31,23.165000915527344,0.0
2018-06-01,23.895000457763672,0.0
2018-06-04,24.23500061035156,0.0
2018-06-05,24.30500030517578,0.0
2018-06-06,24.915000915527344,0.0
2018-06-07,24.8799991607666,0.0
2018-06-08,25.075000762939453,0.0
2018-06-11,25.18000030517578,0.0
2018-06-12,25.290000915527344,0.0
2018-06-13,25.0,0.0
2018-06-14,25.209999084472656,0.0
2018-06-15,25.104999542236328,0.0
2018-06-18,24.924999237060547,0.0
2018-06-19,24.64999961853028,0.0
2018-06-20,24.725000381469727,0.024
2018-06-21,24.27499961853028,0.0
2018-06-22,24.38999938964844,0.0
2018-06-25,23.420000076293945,0.0
2018-06-26,23.545000076293945,0.0
2018-06-27,22.95499992370605,0.0
2018-06-28,23.364999771118164,0.0
2018-06-29,23.440000534057617,0.0
2018-07-02,23.56999969482422,0.0
2018-07-03,23.299999237060547,0.0
2018-07-05,23.88500022888184,0.0
2018-07-06,24.459999084472656,0.0
2018-07-09,25.13500022888184,0.0
2018-07-10,25.39999961853028,0.0
2018-07-11,24.864999771118164,0.0
2018-07-12,25.5,0.0
2018-07-13,25.549999237060547,0.0
2018-07-16,25.4950008392334,0.0
2018-07-17,25.815000534057617,0.0
2018-07-18,25.959999084472656,0.0
2018-07-19,25.65999984741211,0.0
2018-07-20,25.56999969482422,0.0
2018-07-23,25.71999931335449,0.0
2018-07-24,26.06999969482422,0.0
2018-07-25,26.780000686645508,0.0
2018-07-26,26.52499961853028,0.0
2018-07-27,26.01000022888184,0.0
2018-07-30,25.575000762939453,0.0
2018-07-31,25.95499992370605,0.0
2018-08-01,25.850000381469727,0.0
2018-08-02,26.229999542236328,0.0
2018-08-03,26.584999084472656,0.0
2018-08-06,26.875,0.0
2018-08-07,27.114999771118164,0.0
2018-08-08,27.05500030517578,0.0
2018-08-09,26.950000762939453,0.0
2018-08-10,26.405000686645508,0.0
2018-08-13,26.125,0.0
2018-08-14,26.614999771118164,0.0
2018-08-15,26.030000686645508,0.0
2018-08-16,26.6200008392334,0.0
2018-08-17,26.8799991607666,0.0
2018-08-20,27.084999084472656,0.0
2018-08-21,27.23500061035156,0.0
2018-08-22,27.21999931335449,0.0
2018-08-23,27.065000534057617,0.0
2018-08-24,27.55500030517578,0.0
2018-08-27,28.19499969482422,0.0
2018-08-28,28.23500061035156,0.0
2018-08-29,28.69499969482422,0.0
2018-08-30,28.325000762939453,0.0
2018-08-31,28.315000534057617,0.0
2018-09-04,28.190000534057617,0.0
2018-09-05,27.959999084472656,0.0
2018-09-06,27.690000534057617,0.0
2018-09-07,27.51000022888184,0.0
2018-09-10,27.665000915527344,0.0
2018-09-11,27.95499992370605,0.0
2018-09-12,27.959999084472656,0.0
2018-09-13,28.420000076293945,0.0
2018-09-14,28.450000762939453,0.0
2018-09-17,27.975000381469727,0.0
2018-09-18,28.424999237060547,0.0
2018-09-19,28.520000457763672,0.0
2018-09-20,29.184999465942383,0.0
2018-09-21,29.104999542236328,0.0
2018-09-24,28.834999084472656,0.0
2018-09-25,28.71999931335449,0.0
2018-09-26,28.434999465942383,0.019
2018-09-27,28.665000915527344,0.0
2018-09-28,28.63500022888184,0.0
2018-10-01,28.959999084472656,0.0
2018-10-02,28.93000030517578,0.0
2018-10-03,28.96999931335449,0.0
2018-10-04,28.27499961853028,0.0
2018-10-05,27.825000762939453,0.0
2018-10-08,27.780000686645508,0.0
2018-10-09,27.670000076293945,0.0
2018-10-10,25.0049991607666,0.0
2018-10-11,23.38500022888184,0.0
2018-10-12,24.32999992370605,0.0
2018-10-15,23.920000076293945,0.0
2018-10-16,25.420000076293945,0.0
2018-10-17,25.475000381469727,0.0
2018-10-18,24.3799991607666,0.0
2018-10-19,24.309999465942383,0.0
2018-10-22,24.0049991607666,0.0
2018-10-23,23.59499931335449,0.0
2018-10-24,21.434999465942383,0.0
2018-10-25,22.625,0.0
2018-10-26,21.395000457763672,0.0
2018-10-29,21.02499961853028,0.0
2018-10-30,22.0,0.0
2018-10-31,22.684999465942383,0.0
2018-11-01,23.395000457763672,0.0
2018-11-02,22.934999465942383,0.0
2018-11-05,23.354999542236328,0.0
2018-11-06,23.77499961853028,0.0
2018-11-07,25.28499984741211,0.0
2018-11-08,25.13500022888184,0.0
2018-11-09,24.440000534057617,0.0
2018-11-12,23.020000457763672,0.0
2018-11-13,22.905000686645508,0.0
2018-11-14,22.405000686645508,0.0
2018-11-15,23.1200008392334,0.0
2018-11-16,23.28499984741211,0.0
2018-11-19,22.145000457763672,0.0
2018-11-20,20.88500022888184,0.0
2018-11-21,21.084999084472656,0.0
2018-11-23,20.65999984741211,0.0
2018-11-26,21.63500022888184,0.0
2018-11-27,21.84499931335449,0.0
2018-11-28,23.34000015258789,0.0
2018-11-29,23.190000534057617,0.0
2018-11-30,23.655000686645508,0.0
2018-12-03,24.53499984741211,0.0
2018-12-04,22.20499992370605,0.0
2018-12-06,22.065000534057617,0.0
2018-12-07,20.520000457763672,0.0
2018-12-10,20.614999771118164,0.0
2018-12-11,20.61000061035156,0.0
2018-12-12,20.934999465942383,0.0
2018-12-13,20.90999984741211,0.0
2018-12-14,19.739999771118164,0.0
2018-12-17,18.545000076293945,0.0
2018-12-18,18.51000022888184,0.0
2018-12-19,17.65999984741211,0.0
2018-12-20,16.795000076293945,0.0
2018-12-21,15.739999771118164,0.0
2018-12-24,14.5,0.0
2018-12-26,16.575000762939453,0.052
2018-12-27,17.014999389648438,0.0
2018-12-28,16.934999465942383,0.0
2018-12-31,17.389999389648438,0.0
2019-01-02,17.424999237060547,0.0
2019-01-03,16.125,0.0
2019-01-04,17.764999389648438,0.0
2019-01-07,18.170000076293945,0.0
2019-01-08,18.674999237060547,0.0
2019-01-09,18.934999465942383,0.0
2019-01-10,19.165000915527344,0.0
2019-01-11,19.14999961853028,0.0
2019-01-14,18.825000762939453,0.0
2019-01-15,19.459999084472656,0.0
2019-01-16,19.575000762939453,0.0
2019-01-17,20.02499961853028,0.0
2019-01-18,20.809999465942383,0.0
2019-01-22,19.979999542236328,0.0
2019-01-23,20.075000762939453,0.0
2019-01-24,20.1299991607666,0.0
2019-01-25,20.6200008392334,0.0
2019-01-28,20.165000915527344,0.0
2019-01-29,20.075000762939453,0.0
2019-01-30,21.020000457763672,0.0
2019-01-31,21.545000076293945,0.0
2019-02-01,21.575000762939453,0.0
2019-02-04,22.03499984741211,0.0
2019-02-05,22.31999969482422,0.0
2019-02-06,22.209999084472656,0.0
2019-02-07,21.56999969482422,0.0
2019-02-08,21.64999961853028,0.0
2019-02-11,21.684999465942383,0.0
2019-02-12,22.51499938964844,0.0
2019-02-13,22.71500015258789,0.0
2019-02-14,22.559999465942383,0.0
2019-02-15,23.28499984741211,0.0
2019-02-19,23.39999961853028,0.0
2019-02-20,23.540000915527344,0.0
2019-02-21,23.280000686645508,0.0
2019-02-22,23.71999931335449,0.0
2019-02-25,23.81999969482422,0.0
2019-02-26,23.7450008392334,0.0
2019-02-27,23.70499992370605,0.0
2019-02-28,23.545000076293945,0.0
2019-03-01,24.01499938964844,0.0
2019-03-04,23.729999542236328,0.0
2019-03-05,23.6299991607666,0.0
2019-03-06,23.19499969482422,0.0
2019-03-07,22.614999771118164,0.0
2019-03-08,22.475000381469727,0.0
2019-03-11,23.45499992370605,0.0
2019-03-12,23.69499969482422,0.0
2019-03-13,24.165000915527344,0.0
2019-03-14,24.114999771118164,0.0
2019-03-15,24.46500015258789,0.0
2019-03-18,24.739999771118164,0.0
2019-03-19,24.7549991607666,0.0
2019-03-20,24.450000762939453,0.047
2019-03-21,25.2549991607666,0.0
2019-03-22,23.815000534057617,0.0
2019-03-25,23.7549991607666,0.0
2019-03-26,24.2549991607666,0.0
2019-03-27,23.915000915527344,0.0
2019-03-28,24.170000076293945,0.0
2019-03-29,24.63999938964844,0.0
2019-04-01,25.5,0.0
2019-04-02,25.4950008392334,0.0
2019-04-03,25.645000457763672,0.0
2019-04-04,25.809999465942383,0.0
2019-04-05,26.145000457763672,0.0
2019-04-08,26.2450008392334,0.0
2019-04-09,25.825000762939453,0.0
2019-04-10,26.09000015258789,0.0
2019-04-11,26.059999465942383,0.0
2019-04-12,26.584999084472656,0.0
2019-04-15,26.51499938964844,0.0
2019-04-16,26.59000015258789,0.0
2019-04-17,26.36000061035156,0.0
2019-04-18,26.5,0.0
2019-04-22,26.584999084472656,0.0
2019-04-23,27.26499938964844,0.0
2019-04-24,27.104999542236328,0.0
2019-04-25,27.020000457763672,0.0
2019-04-26,27.40999984741211,0.0
2019-04-29,27.5049991607666,0.0
2019-04-30,27.549999237060547,0.0
2019-05-01,26.93000030517578,0.0
2019-05-02,26.76499938964844,0.0
2019-05-03,27.520000457763672,0.0
2019-05-06,27.19499969482422,0.0
2019-05-07,25.834999084472656,0.0
2019-05-08,25.71500015258789,0.0
2019-05-09,25.45499992370605,0.0
2019-05-10,25.815000534057617,0.0
2019-05-13,23.905000686645508,0.0
2019-05-14,24.5049991607666,0.0
2019-05-15,24.93000030517578,0.0
2019-05-16,25.604999542236328,0.0
2019-05-17,25.125,0.0
2019-05-20,24.63999938964844,0.0
2019-05-21,25.27499961853028,0.0
2019-05-22,25.059999465942383,0.0
2019-05-23,24.15999984741211,0.0
2019-05-24,24.2549991607666,0.0
2019-05-28,23.604999542236328,0.0
2019-05-29,23.13500022888184,0.0
2019-05-30,23.299999237060547,0.0
2019-05-31,22.34499931335449,0.0
2019-06-03,22.165000915527344,0.0
2019-06-04,23.604999542236328,0.0
2019-06-05,24.200000762939453,0.0
2019-06-06,24.65999984741211,0.0
2019-06-07,25.405000686645508,0.0
2019-06-10,25.7549991607666,0.0
2019-06-11,25.73500061035156,0.0
2019-06-12,25.59499931335449,0.0
2019-06-13,25.93000030517578,0.0
2019-06-14,25.799999237060547,0.0
2019-06-17,25.84499931335449,0.0
2019-06-18,26.61000061035156,0.0
2019-06-19,26.82999992370605,0.0
2019-06-20,27.575000762939453,0.0
2019-06-21,27.46999931335449,0.0
2019-06-24,27.36000061035156,0.0
2019-06-25,26.520000457763672,0.0445
2019-06-26,26.405000686645508,0.0
2019-06-27,26.700000762939453,0.0
2019-06-28,27.075000762939453,0.0
2019-07-01,27.780000686645508,0.0
2019-07-02,28.045000076293945,0.0
2019-07-03,28.665000915527344,0.0
2019-07-05,28.540000915527344,0.0
2019-07-08,28.114999771118164,0.0
2019-07-09,28.209999084472656,0.0
2019-07-10,28.61000061035156,0.0
2019-07-11,28.78499984741211,0.0
2019-07-12,29.190000534057617,0.0
2019-07-15,29.19499969482422,0.0
2019-07-16,28.905000686645508,0.0
2019-07-17,28.32999992370605,0.0
2019-07-18,28.6200008392334,0.0
2019-07-19,28.1299991607666,0.0
2019-07-22,28.334999084472656,0.0
2019-07-23,28.915000915527344,0.0
2019-07-24,29.315000534057617,0.0
2019-07-25,28.8799991607666,0.0
2019-07-26,29.46999931335449,0.0
2019-07-29,29.31999969482422,0.0
2019-07-30,29.11000061035156,0.0
2019-07-31,28.104999542236328,0.0
2019-08-01,27.395000457763672,0.0
2019-08-02,26.799999237060547,0.0
2019-08-05,24.415000915527344,0.0
2019-08-06,25.350000381469727,0.0
2019-08-07,25.405000686645508,0.0
2019-08-08,26.864999771118164,0.0
2019-08-09,26.315000534057617,0.0
2019-08-12,25.34499931335449,0.0
2019-08-13,26.51499938964844,0.0
2019-08-14,24.190000534057617,0.0
2019-08-15,24.3700008392334,0.0
2019-08-16,25.434999465942383,0.0
2019-08-19,26.350000381469727,0.0
2019-08-20,25.73500061035156,0.0
2019-08-21,26.36000061035156,0.0
2019-08-22,26.325000762939453,0.0
2019-08-23,24.280000686645508,0.0
2019-08-26,25.075000762939453,0.0
2019-08-27,24.799999237060547,0.0
2019-08-28,25.315000534057617,0.0
2019-08-29,26.270000457763672,0.0
2019-08-30,26.2450008392334,0.0
2019-09-03,25.780000686645508,0.0
2019-09-04,26.625,0.0
2019-09-05,27.65999984741211,0.0
2019-09-06,27.729999542236328,0.0
2019-09-09,27.75,0.0
2019-09-10,27.75,0.0
2019-09-11,28.34000015258789,0.0
2019-09-12,28.57999992370605,0.0
2019-09-13,28.51499938964844,0.0
2019-09-16,28.270000457763672,0.0
2019-09-17,28.489999771118164,0.0
2019-09-18,28.53499984741211,0.0
2019-09-19,28.489999771118164,0.0
2019-09-20,28.065000534057617,0.0
2019-09-23,28.09000015258789,0.0
2019-09-24,27.39999961853028,0.0
2019-09-25,27.8799991607666,0.0
2019-09-26,27.709999084472656,0.0
2019-09-27,27.239999771118164,0.0
2019-09-30,27.63500022888184,0.0
2019-10-01,26.645000457763672,0.0
2019-10-02,25.225000381469727,0.0
2019-10-03,25.825000762939453,0.0
2019-10-04,26.86000061035156,0.0
2019-10-07,26.520000457763672,0.0
2019-10-08,25.28499984741211,0.0
2019-10-09,25.96999931335449,0.0
2019-10-10,26.4950008392334,0.0
2019-10-11,27.295000076293945,0.0
2019-10-14,27.23500061035156,0.0
2019-10-15,28.049999237060547,0.0
2019-10-16,27.90999984741211,0.0
2019-10-17,28.1299991607666,0.0
2019-10-18,27.75,0.0
2019-10-21,28.34499931335449,0.0
2019-10-22,28.040000915527344,0.0
2019-10-23,28.280000686645508,0.0
2019-10-24,28.39999961853028,0.0
2019-10-25,28.770000457763672,0.0
2019-10-28,29.25,0.0
2019-10-29,29.19499969482422,0.0
2019-10-30,29.479999542236328,0.0
2019-10-31,29.209999084472656,0.0
2019-11-01,30.020000457763672,0.0
2019-11-04,30.3799991607666,0.0
2019-11-05,30.270000457763672,0.0
2019-11-06,30.30500030517578,0.0
2019-11-07,30.614999771118164,0.0
2019-11-08,30.80500030517578,0.0
2019-11-11,30.65999984741211,0.0
2019-11-12,30.809999465942383,0.0
2019-11-13,30.850000381469727,0.0
2019-11-14,30.975000381469727,0.0
2019-11-15,31.64999961853028,0.0
2019-11-18,31.70499992370605,0.0
2019-11-19,31.65999984741211,0.0
2019-11-20,31.31999969482422,0.0
2019-11-21,31.165000915527344,0.0
2019-11-22,31.34499931335449,0.0
2019-11-25,32.064998626708984,0.0
2019-11-26,32.26499938964844,0.0
2019-11-27,32.685001373291016,0.0
2019-11-29,32.345001220703125,0.0
2019-12-02,31.51499938964844,0.0
2019-12-03,30.8700008392334,0.0
2019-12-04,31.420000076293945,0.0
2019-12-05,31.604999542236328,0.0
2019-12-06,32.439998626708984,0.0
2019-12-09,32.150001525878906,0.0
2019-12-10,32.025001525878906,0.0
2019-12-11,32.29499816894531,0.0
2019-12-12,33.125,0.0
2019-12-13,33.18000030517578,0.0
2019-12-16,33.875,0.0
2019-12-17,33.880001068115234,0.0
2019-12-18,33.875,0.0
2019-12-19,34.279998779296875,0.0
2019-12-20,34.79999923706055,0.0
2019-12-23,34.900001525878906,0.0
2019-12-24,34.84000015258789,0.0505
2019-12-26,35.349998474121094,0.0
2019-12-27,35.334999084472656,0.0
2019-12-30,34.75,0.0
2019-12-31,35.005001068115234,0.0
2020-01-02,35.95000076293945,0.0
2020-01-03,35.16999816894531,0.0
2020-01-06,35.53499984741211,0.0
2020-01-07,35.224998474121094,0.0
2020-01-08,35.77000045776367,0.0
2020-01-09,36.5,0.0
2020-01-10,36.18999862670898,0.0
2020-01-13,36.91999816894531,0.0
2020-01-14,36.744998931884766,0.0
2020-01-15,37.0,0.0
2020-01-16,37.900001525878906,0.0
2020-01-17,38.255001068115234,0.0
2020-01-21,38.040000915527344,0.0
2020-01-22,38.060001373291016,0.0
2020-01-23,38.13999938964844,0.0
2020-01-24,37.1150016784668,0.0
2020-01-27,35.34000015258789,0.0
2020-01-28,36.435001373291016,0.0
2020-01-29,36.34000015258789,0.0
2020-01-30,36.65499877929688,0.0
2020-01-31,34.685001373291016,0.0
2020-02-03,35.44499969482422,0.0
2020-02-04,37.060001373291016,0.0
2020-02-05,38.31499862670898,0.0
2020-02-06,38.709999084472656,0.0
2020-02-07,38.1150016784668,0.0
2020-02-10,38.95000076293945,0.0
2020-02-11,39.150001525878906,0.0
2020-02-12,39.8849983215332,0.0
2020-02-13,39.73500061035156,0.0
2020-02-14,39.93000030517578,0.0
2020-02-18,39.6150016784668,0.0
2020-02-19,40.18000030517578,0.0
2020-02-20,39.65499877929688,0.0
2020-02-21,38.435001373291016,0.0
2020-02-24,34.59000015258789,0.0
2020-02-25,31.45499992370605,0.0
2020-02-26,31.11000061035156,0.0
2020-02-27,26.875,0.0
2020-02-28,26.69499969482422,0.0
2020-03-02,29.93000030517578,0.0
2020-03-03,27.38500022888184,0.0
2020-03-04,30.82999992370605,0.0
2020-03-05,27.73500061035156,0.0
2020-03-06,26.350000381469727,0.0
2020-03-09,20.19499969482422,0.0
2020-03-10,23.38500022888184,0.0
2020-03-11,19.940000534057617,0.0
2020-03-12,14.154999732971191,0.0
2020-03-13,18.084999084472656,0.0
2020-03-16,11.765000343322754,0.0
2020-03-17,13.960000038146973,0.0
2020-03-18,11.81999969482422,0.0
2020-03-19,11.744999885559082,0.0
2020-03-20,10.149999618530272,0.0
2020-03-23,9.3149995803833,0.0
2020-03-24,11.920000076293944,0.0
2020-03-25,12.354999542236328,0.0285
2020-03-26,14.510000228881836,0.0
2020-03-27,13.199999809265137,0.0
2020-03-30,14.489999771118164,0.0
2020-03-31,13.8149995803833,0.0
2020-04-01,11.970000267028809,0.0
2020-04-02,12.789999961853027,0.0
2020-04-03,12.239999771118164,0.0
2020-04-06,14.71500015258789,0.0
2020-04-07,14.71500015258789,0.0
2020-04-08,16.209999084472656,0.0
2020-04-09,16.94499969482422,0.0
2020-04-13,16.450000762939453,0.0
2020-04-14,17.94499969482422,0.0
2020-04-15,16.790000915527344,0.0
2020-04-16,17.03499984741211,0.0
2020-04-17,18.424999237060547,0.0
2020-04-20,17.434999465942383,0.0
2020-04-21,15.824999809265137,0.0
2020-04-22,16.895000457763672,0.0
2020-04-23,16.875,0.0
2020-04-24,17.59000015258789,0.0
2020-04-27,18.364999771118164,0.0
2020-04-28,18.09499931335449,0.0
2020-04-29,19.4950008392334,0.0
2020-04-30,18.950000762939453,0.0
2020-05-01,17.43000030517578,0.0
2020-05-04,17.614999771118164,0.0
2020-05-05,18.084999084472656,0.0
2020-05-06,17.725000381469727,0.0
2020-05-07,18.354999542236328,0.0
2020-05-08,19.2549991607666,0.0
2020-05-11,19.28499984741211,0.0
2020-05-12,18.100000381469727,0.0
2020-05-13,17.165000915527344,0.0
2020-05-14,17.790000915527344,0.0
2020-05-15,18.0,0.0
2020-05-18,19.665000915527344,0.0
2020-05-19,19.059999465942383,0.0
2020-05-20,20.020000457763672,0.0
2020-05-21,19.584999084472656,0.0
2020-05-22,19.690000534057617,0.0
2020-05-26,20.44499969482422,0.0
2020-05-27,21.34000015258789,0.0
2020-05-28,21.23500061035156,0.0
2020-05-29,21.48500061035156,0.0
2020-06-01,21.770000457763672,0.0
2020-06-02,22.31999969482422,0.0
2020-06-03,23.21999931335449,0.0
2020-06-04,22.9950008392334,0.0
2020-06-05,24.76499938964844,0.0
2020-06-08,25.69499969482422,0.0
2020-06-09,25.13500022888184,0.0
2020-06-10,24.700000762939453,0.0
2020-06-11,20.38500022888184,0.0
2020-06-12,21.1299991607666,0.0
2020-06-15,21.725000381469727,0.0
2020-06-16,22.96999931335449,0.0
2020-06-17,22.670000076293945,0.0
2020-06-18,22.700000762939453,0.0
2020-06-19,22.299999237060547,0.0
2020-06-22,22.77499961853028,0.0
2020-06-23,23.065000534057617,0.0
2020-06-24,21.31999969482422,0.0
2020-06-25,21.96999931335449,0.0
2020-06-26,20.39999961853028,0.0
2020-06-29,21.309999465942383,0.0
2020-06-30,22.18000030517578,0.0
2020-07-01,22.59000015258789,0.0
2020-07-02,22.950000762939453,0.0
2020-07-06,24.020000457763672,0.0
2020-07-07,23.26000022888184,0.0
2020-07-08,23.799999237060547,0.0
2020-07-09,23.395000457763672,0.0
2020-07-10,24.114999771118164,0.0
2020-07-13,23.48500061035156,0.0
2020-07-14,24.38500022888184,0.0
2020-07-15,25.065000534057617,0.0
2020-07-16,24.815000534057617,0.0
2020-07-17,25.030000686645508,0.0
2020-07-20,25.6299991607666,0.0
2020-07-21,25.78499984741211,0.0
2020-07-22,26.239999771118164,0.0
2020-07-23,25.290000915527344,0.0
2020-07-24,24.81999969482422,0.0
2020-07-27,25.334999084472656,0.0
2020-07-28,24.8700008392334,0.0
2020-07-29,25.77499961853028,0.0
2020-07-30,25.5,0.0
2020-07-31,26.104999542236328,0.0
2020-08-03,26.63500022888184,0.0
2020-08-04,26.934999465942383,0.0
2020-08-05,27.44499969482422,0.0
2020-08-06,28.0049991607666,0.0
2020-08-07,28.059999465942383,0.0
2020-08-10,28.309999465942383,0.0
2020-08-11,27.63500022888184,0.0
2020-08-12,28.7549991607666,0.0
2020-08-13,28.6299991607666,0.0
2020-08-14,28.61000061035156,0.0
2020-08-17,28.88999938964844,0.0
2020-08-18,29.05500030517578,0.0
2020-08-19,28.71999931335449,0.0
2020-08-20,28.979999542236328,0.0
2020-08-21,29.280000686645508,0.0
2020-08-24,30.174999237060547,0.0
2020-08-25,30.479999542236328,0.0
2020-08-26,31.40999984741211,0.0
2020-08-27,31.604999542236328,0.0
2020-08-28,32.224998474121094,0.0
2020-08-31,31.86000061035156,0.0
2020-09-01,32.77000045776367,0.0
2020-09-02,34.185001373291016,0.0
2020-09-03,30.63999938964844,0.0
2020-09-04,29.920000076293945,0.0
2020-09-08,27.459999084472656,0.0
2020-09-09,29.045000076293945,0.0
2020-09-10,27.540000915527344,0.0
2020-09-11,27.575000762939453,0.0
2020-09-14,28.674999237060547,0.0
2020-09-15,29.104999542236328,0.0
2020-09-16,28.770000457763672,0.0
2020-09-17,28.020000457763672,0.0
2020-09-18,27.040000915527344,0.0
2020-09-21,26.145000457763672,0.0
2020-09-22,26.920000076293945,0.0
2020-09-23,25.049999237060547,0.0
2020-09-24,25.2549991607666,0.0
2020-09-25,26.45499992370605,0.0
2020-09-28,27.799999237060547,0.0
2020-09-29,27.34499931335449,0.0
2020-09-30,27.95499992370605,0.0
2020-10-01,28.475000381469727,0.0
2020-10-02,27.690000534057617,0.0
2020-10-05,29.1299991607666,0.0
2020-10-06,27.90999984741211,0.0
2020-10-07,29.36000061035156,0.0
2020-10-08,30.114999771118164,0.0
2020-10-09,30.934999465942383,0.0
2020-10-12,32.42499923706055,0.0
2020-10-13,31.80500030517578,0.0
2020-10-14,31.229999542236328,0.0
2020-10-15,31.07999992370605,0.0
2020-10-16,31.01499938964844,0.0
2020-10-19,29.61000061035156,0.0
2020-10-20,29.940000534057617,0.0
2020-10-21,29.780000686645508,0.0
2020-10-22,30.299999237060547,0.0
2020-10-23,30.56999969482422,0.0
2020-10-26,28.895000457763672,0.0
2020-10-27,28.59499931335449,0.0
2020-10-28,25.65999984741211,0.0
2020-10-29,26.424999237060547,0.0
2020-10-30,25.584999084472656,0.0
2020-11-02,26.46500015258789,0.0
2020-11-03,27.850000381469727,0.0
2020-11-04,29.70499992370605,0.0
2020-11-05,31.44499969482422,0.0
2020-11-06,31.45499992370605,0.0
2020-11-09,32.63999938964844,0.0
2020-11-10,32.494998931884766,0.0
2020-11-11,33.189998626708984,0.0
2020-11-12,32.22999954223633,0.0
2020-11-13,33.564998626708984,0.0
2020-11-16,34.78499984741211,0.0
2020-11-17,34.275001525878906,0.0
2020-11-18,33.0099983215332,0.0
2020-11-19,33.435001373291016,0.0
2020-11-20,32.75,0.0
2020-11-23,33.345001220703125,0.0
2020-11-24,34.939998626708984,0.0
2020-11-25,34.775001525878906,0.0
2020-11-27,35.04499816894531,0.0
2020-11-30,34.59000015258789,0.0
2020-12-01,35.724998474121094,0.0
2020-12-02,35.93000030517578,0.0
2020-12-03,35.90999984741211,0.0
2020-12-04,36.82500076293945,0.0
2020-12-07,36.63999938964844,0.0
2020-12-08,36.93999862670898,0.0
2020-12-09,35.95500183105469,0.0
2020-12-10,35.8849983215332,0.0
2020-12-11,35.75,0.0
2020-12-14,35.28499984741211,0.0
2020-12-15,36.70500183105469,0.0
2020-12-16,36.8849983215332,0.0
2020-12-17,37.505001068115234,0.0
2020-12-18,37.06999969482422,0.0
2020-12-21,36.70000076293945,0.0
2020-12-22,36.45500183105469,0.0
2020-12-23,36.54999923706055,0.0135
2020-12-24,36.97499847412109,0.0
2020-12-28,37.915000915527344,0.0
2020-12-29,37.68999862670898,0.0
2020-12-30,37.84000015258789,0.0
2020-12-31,38.43000030517578,0.0
2021-01-04,36.85499954223633,0.0
2021-01-05,37.584999084472656,0.0
2021-01-06,38.290000915527344,0.0
2021-01-07,39.97499847412109,0.0
2021-01-08,40.65999984741211,0.0
2021-01-11,39.84999847412109,0.0
2021-01-12,39.880001068115234,0.0
2021-01-13,40.16999816894531,0.0
2021-01-14,39.755001068115234,0.0
2021-01-15,38.875,0.0
2021-01-19,39.79499816894531,0.0
2021-01-20,41.43000030517578,0.0
2021-01-21,41.525001525878906,0.0
2021-01-22,41.10499954223633,0.0
2021-01-25,41.59999847412109,0.0
2021-01-26,41.40499877929688,0.0
2021-01-27,38.35499954223633,0.0
2021-01-28,39.31999969482422,0.0
2021-01-29,37.005001068115234,0.0
2021-02-01,38.77000045776367,0.0
2021-02-02,40.43000030517578,0.0
2021-02-03,40.55500030517578,0.0
2021-02-04,41.915000915527344,0.0
2021-02-05,42.400001525878906,0.0
2021-02-08,43.36000061035156,0.0
2021-02-09,43.2400016784668,0.0
2021-02-10,43.209999084472656,0.0
2021-02-11,43.38999938964844,0.0
2021-02-12,44.04499816894531,0.0
2021-02-16,43.915000915527344,0.0
2021-02-17,43.95500183105469,0.0
2021-02-18,43.400001525878906,0.0
2021-02-19,43.15999984741211,0.0
2021-02-22,42.18000030517578,0.0
2021-02-23,42.310001373291016,0.0
2021-02-24,43.70500183105469,0.0
2021-02-25,40.56999969482422,0.0
2021-02-26,39.869998931884766,0.0
2021-03-01,42.7599983215332,0.0
2021-03-02,41.78499984741211,0.0
2021-03-03,40.13999938964844,0.0
2021-03-04,38.619998931884766,0.0
2021-03-05,40.7599983215332,0.0
2021-03-08,40.15999984741211,0.0
2021-03-09,41.86000061035156,0.0
2021-03-10,42.625,0.0
2021-03-11,43.93999862670898,0.0
2021-03-12,44.119998931884766,0.0
2021-03-15,44.915000915527344,0.0
2021-03-16,44.755001068115234,0.0
2021-03-17,45.165000915527344,0.0
2021-03-18,43.20000076293945,0.0
2021-03-19,42.970001220703125,0.0
2021-03-22,43.95500183105469,0.0
2021-03-23,42.95000076293945,0.0145
2021-03-24,42.275001525878906,0.0
2021-03-25,42.970001220703125,0.0
2021-03-26,45.07500076293945,0.0
2021-03-29,44.9900016784668,0.0
2021-03-30,44.6150016784668,0.0
2021-03-31,45.16999816894531,0.0
2021-04-01,46.57500076293945,0.0
2021-04-05,48.595001220703125,0.0
2021-04-06,48.52000045776367,0.0
2021-04-07,48.71500015258789,0.0
2021-04-08,49.380001068115234,0.0
2021-04-09,50.45500183105469,0.0
2021-04-12,50.5,0.0
2021-04-13,50.92499923706055,0.0
2021-04-14,50.435001373291016,0.0
2021-04-15,52.04999923706055,0.0
2021-04-16,52.61000061035156,0.0
2021-04-19,51.81999969482422,0.0
2021-04-20,50.68999862670898,0.0
2021-04-21,52.09000015258789,0.0
2021-04-22,50.68000030517578,0.0
2021-04-23,52.29999923706055,0.0
2021-04-26,52.6349983215332,0.0
2021-04-27,52.58000183105469,0.0
2021-04-28,52.505001068115234,0.0
2021-04-29,53.48500061035156,0.0
2021-04-30,52.47499847412109,0.0
2021-05-03,52.81499862670898,0.0
2021-05-04,51.84000015258789,0.0
2021-05-05,51.834999084472656,0.0
2021-05-06,53.084999084472656,0.0
2021-05-07,54.2599983215332,0.0
2021-05-10,52.650001525878906,0.0
2021-05-11,51.27000045776367,0.0
2021-05-12,48.005001068115234,0.0
2021-05-13,49.66999816894531,0.0
2021-05-14,51.96500015258789,0.0
2021-05-17,51.57500076293945,0.0
2021-05-18,50.27999877929688,0.0
2021-05-19,49.845001220703125,0.0
2021-05-20,51.43999862670898,0.0
2021-05-21,51.31499862670898,0.0
2021-05-24,52.8849983215332,0.0
2021-05-25,52.540000915527344,0.0
2021-05-26,52.84999847412109,0.0
2021-05-27,52.880001068115234,0.0
2021-05-28,53.18999862670898,0.0
2021-06-01,53.03499984741211,0.0
2021-06-02,53.310001373291016,0.0
2021-06-03,52.71500015258789,0.0
2021-06-04,54.10499954223633,0.0
2021-06-07,54.02000045776367,0.0
2021-06-08,54.03499984741211,0.0
2021-06-09,53.77999877929688,0.0
2021-06-10,54.525001525878906,0.0
2021-06-11,54.79499816894531,0.0
2021-06-14,55.18000030517578,0.0
2021-06-15,54.845001220703125,0.0
2021-06-16,53.94499969482422,0.0
2021-06-17,53.90499877929688,0.0
2021-06-18,51.73500061035156,0.0
2021-06-21,53.92499923706055,0.0
2021-06-22,54.72999954223633,0.0
2021-06-23,54.58000183105469,0.0
2021-06-24,55.53499984741211,0.0
2021-06-25,56.11000061035156,0.0
2021-06-28,56.47499847412109,0.0
2021-06-29,56.540000915527344,0.0
2021-06-30,56.69499969482422,0.0
2021-07-01,57.64500045776367,0.0
2021-07-02,58.959999084472656,0.0
2021-07-06,58.57500076293945,0.0
2021-07-07,59.22999954223633,0.0
2021-07-08,57.81499862670898,0.0
2021-07-09,59.619998931884766,0.0
2021-07-12,60.290000915527344,0.0
2021-07-13,59.67499923706055,0.0
2021-07-14,59.880001068115234,0.0
2021-07-15,59.275001525878906,0.0
2021-07-16,57.90499877929688,0.0
2021-07-19,55.36000061035156,0.0
2021-07-20,57.72499847412109,0.0
2021-07-21,59.095001220703125,0.0
2021-07-22,59.47999954223633,0.0
2021-07-23,61.275001525878906,0.0
2021-07-26,61.73500061035156,0.0
2021-07-27,60.90499877929688,0.0
2021-07-28,60.80500030517578,0.0
2021-07-29,61.560001373291016,0.0
2021-07-30,60.625,0.0
2021-08-02,60.25,0.0
2021-08-03,61.72499847412109,0.0
2021-08-04,60.845001220703125,0.0
2021-08-05,61.959999084472656,0.0
2021-08-06,62.310001373291016,0.0
2021-08-09,62.1150016784668,0.0
2021-08-10,62.30500030517578,0.0
2021-08-11,62.7599983215332,0.0
2021-08-12,63.31499862670898,0.0
2021-08-13,63.665000915527344,0.0
2021-08-16,64.13999938964844,0.0
2021-08-17,62.900001525878906,0.0
2021-08-18,60.834999084472656,0.0
2021-08-19,61.04999923706055,0.0
2021-08-20,62.57500076293945,0.0
2021-08-23,64.17500305175781,0.0
2021-08-24,64.49500274658203,0.0
2021-08-25,64.87000274658203,0.0
2021-08-26,63.755001068115234,0.0
2021-08-27,65.3949966430664,0.0
2021-08-30,66.26499938964844,0.0
2021-08-31,66.06500244140625,0.0
2021-09-01,66.17500305175781,0.0
2021-09-02,66.7249984741211,0.0
2021-09-03,66.6449966430664,0.0
2021-09-07,65.95999908447266,0.0
2021-09-08,65.72000122070312,0.0
2021-09-09,64.83000183105469,0.0
2021-09-10,63.32500076293945,0.0
2021-09-13,63.755001068115234,0.0
2021-09-14,62.76499938964844,0.0
2021-09-15,64.33999633789062,0.0
2021-09-16,63.97999954223633,0.0
2021-09-17,62.15999984741211,0.0
2021-09-20,59.060001373291016,0.0
2021-09-21,58.88999938964844,0.0
2021-09-22,60.55500030517578,0.0
2021-09-23,62.7599983215332,0.0
2021-09-24,63.07500076293945,0.0
2021-09-27,62.53499984741211,0.0
2021-09-28,58.7599983215332,0.0
2021-09-29,58.994998931884766,0.0
2021-09-30,56.85499954223633,0.0
2021-10-01,58.880001068115234,0.0
2021-10-04,56.58000183105469,0.0
2021-10-05,58.29999923706055,0.0
2021-10-06,59.060001373291016,0.0
2021-10-07,60.560001373291016,0.0
2021-10-08,60.209999084472656,0.0
2021-10-11,58.93000030517578,0.0
2021-10-12,58.52000045776367,0.0
2021-10-13,59.09999847412109,0.0
2021-10-14,62.08000183105469,0.0
2021-10-15,63.5099983215332,0.0
2021-10-18,64.1050033569336,0.0
2021-10-19,65.56500244140625,0.0
2021-10-20,66.30000305175781,0.0
2021-10-21,66.83499908447266,0.0
2021-10-22,66.61000061035156,0.0
2021-10-25,67.62000274658203,0.0
2021-10-26,67.87999725341797,0.0
2021-10-27,66.95500183105469,0.0
2021-10-28,68.86499786376953,0.0
2021-10-29,69.30500030517578,0.0
2021-11-01,69.68000030517578,0.0
2021-11-02,70.5,0.0
2021-11-03,71.81500244140625,0.0
2021-11-04,72.77999877929688,0.0
2021-11-05,73.56999969482422,0.0
2021-11-08,73.7750015258789,0.0
2021-11-09,73.01499938964844,0.0
2021-11-10,71.2699966430664,0.0
2021-11-11,71.3499984741211,0.0
2021-11-12,72.93499755859375,0.0
2021-11-15,72.96499633789062,0.0
2021-11-16,73.83999633789062,0.0
2021-11-17,73.27999877929688,0.0
2021-11-18,74.01499938964844,0.0
2021-11-19,73.66000366210938,0.0
2021-11-22,73.00499725341797,0.0
2021-11-23,73.3499984741211,0.0
2021-11-24,73.84500122070312,0.0
2021-11-26,69.03500366210938,0.0
2021-11-29,71.4800033569336,0.0
2021-11-30,67.42500305175781,0.0
2021-12-01,65.04000091552734,0.0
2021-12-02,67.9749984741211,0.0
2021-12-03,66.18499755859375,0.0
2021-12-06,68.55000305175781,0.0
2021-12-07,72.79499816894531,0.0
2021-12-08,73.43499755859375,0.0
2021-12-09,71.91999816894531,0.0
2021-12-10,73.99500274658203,0.0
2021-12-13,72.0199966430664,0.0
2021-12-14,70.51000213623047,0.0
2021-12-15,73.7699966430664,0.0
2021-12-16,71.79499816894531,0.0
2021-12-17,69.54000091552734,0.0
2021-12-20,67.30999755859375,0.0
2021-12-21,70.875,0.0
2021-12-22,72.98999786376953,0.0
2021-12-23,74.29499816894531,0.0305
2021-12-27,77.42500305175781,0.0
2021-12-28,77.28500366210938,0.0
2021-12-29,77.56500244140625,0.0
2021-12-30,76.9000015258789,0.0
2021-12-31,76.27999877929688,0.0
2022-01-03,77.61499786376953,0.0
2022-01-04,77.55000305175781,0.0
2022-01-05,73.04499816894531,0.0
2022-01-06,72.84500122070312,0.0
2022-01-07,72.0199966430664,0.0
2022-01-10,71.69499969482422,0.0
2022-01-11,73.66500091552734,0.0
2022-01-12,74.31500244140625,0.0
2022-01-13,71.16999816894531,0.0
2022-01-14,71.2300033569336,0.0
2022-01-18,67.45999908447266,0.0
2022-01-19,65.37000274658203,0.0
2022-01-20,63.18999862670898,0.0
2022-01-21,59.470001220703125,0.0
2022-01-24,60.209999084472656,0.0
2022-01-25,57.970001220703125,0.0
2022-01-26,57.59999847412109,0.0
2022-01-27,56.709999084472656,0.0
2022-01-28,60.88999938964844,0.0
2022-01-31,64.16000366210938,0.0
2022-02-01,65.56999969482422,0.0
2022-02-02,67.37999725341797,0.0
2022-02-03,62.63999938964844,0.0
2022-02-04,63.5099983215332,0.0
2022-02-07,62.86000061035156,0.0
2022-02-08,64.37000274658203,0.0
2022-02-09,67.19999694824219,0.0
2022-02-10,63.63999938964844,0.0
2022-02-11,59.84999847412109,0.0
2022-02-14,59.2599983215332,0.0
2022-02-15,62.06999969482422,0.0
2022-02-16,62.310001373291016,0.0
2022-02-17,58.36000061035156,0.0
2022-02-18,57.18999862670898,0.0
2022-02-22,55.369998931884766,0.0
2022-02-23,52.290000915527344,0.0
2022-02-24,54.720001220703125,0.0
2022-02-25,58.290000915527344,0.0
2022-02-28,57.84000015258789,0.0
2022-03-01,55.27999877929688,0.0
2022-03-02,58.27999877929688,0.0
2022-03-03,57.43000030517578,0.0
2022-03-04,56.040000915527344,0.0
2022-03-07,51.060001373291016,0.0
2022-03-08,49.84999847412109,0.0
2022-03-09,53.900001525878906,0.0
2022-03-10,53.130001068115234,0.0
2022-03-11,51.13999938964844,0.0
2022-03-14,50.0,0.0
2022-03-15,53.29999923706055,0.0
2022-03-16,56.77999877929688,0.0
2022-03-17,58.90999984741211,0.0
2022-03-18,60.84999847412109,0.0
2022-03-21,60.84999847412109,0.0
2022-03-22,62.93000030517578,0.0
2022-03-23,60.5,0.035
2022-03-24,63.18000030517578,0.0
2022-03-25,64.12999725341797,0.0
2022-03-28,65.48999786376953,0.0
2022-03-29,67.97000122070312,0.0
2022-03-30,66.72000122070312,0.0
2022-03-31,63.630001068115234,0.0
2022-04-01,64.08000183105469,0.0
2022-04-04,65.7699966430664,0.0
2022-04-05,63.33000183105469,0.0
2022-04-06,61.400001525878906,0.0
2022-04-07,62.29999923706055,0.0
2022-04-08,61.86000061035156,0.0
2022-04-11,58.630001068115234,0.0
2022-04-12,57.95000076293945,0.0
2022-04-13,59.93000030517578,0.0
2022-04-14,57.72999954223633,0.0
2022-04-18,57.75,0.0
2022-04-19,60.52000045776367,0.0
2022-04-20,60.380001068115234,0.0
2022-04-21,57.68999862670898,0.0
2022-04-22,52.9900016784668,0.0
2022-04-25,53.84000015258789,0.0
2022-04-26,49.18999862670898,0.0
2022-04-27,49.54999923706055,0.0
2022-04-28,53.29999923706055,0.0
2022-04-29,47.459999084472656,0.0
2022-05-02,48.290000915527344,0.0
2022-05-03,48.93999862670898,0.0
2022-05-04,53.380001068115234,0.0
2022-05-05,47.7400016784668,0.0
2022-05-06,46.869998931884766,0.0
2022-05-09,42.369998931884766,0.0
2022-05-10,42.59999847412109,0.0
2022-05-11,40.58000183105469,0.0
2022-05-12,40.43999862670898,0.0
2022-05-13,43.33000183105469,0.0
2022-05-16,42.83000183105469,0.0
2022-05-17,45.38999938964844,0.0
2022-05-18,39.97999954223633,0.0
2022-05-19,39.15999984741211,0.0
2022-05-20,39.22999954223633,0.0
2022-05-23,41.45000076293945,0.0
2022-05-24,40.5,0.0
2022-05-25,41.59000015258789,0.0
2022-05-26,44.02999877929688,0.0
2022-05-27,47.27999877929688,0.0
2022-05-31,46.45000076293945,0.0
2022-06-01,45.34999847412109,0.0
2022-06-02,47.880001068115234,0.0
2022-06-03,45.54999923706055,0.0
2022-06-06,45.91999816894531,0.0
2022-06-07,47.2400016784668,0.0
2022-06-08,45.72999954223633,0.0
2022-06-09,42.43999862670898,0.0
2022-06-10,38.72999954223633,0.0
2022-06-13,34.29999923706055,0.0
2022-06-14,33.959999084472656,0.0
2022-06-15,35.38999938964844,0.0
2022-06-16,32.0,0.0
2022-06-17,32.06999969482422,0.0
2022-06-21,34.5,0.0
2022-06-22,34.290000915527344,0.0
2022-06-23,35.290000915527344,0.0
2022-06-24,38.63999938964844,0.0
2022-06-27,38.2599983215332,0.0
2022-06-28,35.90999984741211,0.0
2022-06-29,35.779998779296875,0.0
2022-06-30,34.869998931884766,0.0
2022-07-01,35.95000076293945,0.0
2022-07-05,36.15999984741211,0.0
2022-07-06,36.540000915527344,0.0
2022-07-07,38.150001525878906,0.0
2022-07-08,38.08000183105469,0.0
2022-07-11,36.7599983215332,0.0
2022-07-12,35.779998779296875,0.0
2022-07-13,35.209999084472656,0.0
2022-07-14,34.93000030517578,0.0
2022-07-15,36.93999862670898,0.0
2022-07-18,36.0099983215332,0.0
2022-07-19,38.88999938964844,0.0
2022-07-20,39.619998931884766,0.0
2022-07-21,40.83000183105469,0.0
2022-07-22,39.7400016784668,0.0
2022-07-25,39.84000015258789,0.0
2022-07-26,38.400001525878906,0.0
2022-07-27,41.38999938964844,0.0
2022-07-28,42.93999862670898,0.0
2022-07-29,44.84999847412109,0.0
2022-08-01,44.400001525878906,0.0
2022-08-02,43.540000915527344,0.0
2022-08-03,45.52000045776367,0.0
2022-08-04,45.43999862670898,0.0
2022-08-05,45.18000030517578,0.0
2022-08-08,45.04999923706055,0.0
2022-08-09,44.470001220703125,0.0
2022-08-10,47.25,0.0
2022-08-11,47.2599983215332,0.0
2022-08-12,49.630001068115234,0.0
2022-08-15,50.2400016784668,0.0
2022-08-16,50.52999877929688,0.0
2022-08-17,49.43999862670898,0.0
2022-08-18,49.84000015258789,0.0
2022-08-19,47.84999847412109,0.0
2022-08-22,44.83000183105469,0.0
2022-08-23,44.4900016784668,0.0
2022-08-24,44.869998931884766,0.0
2022-08-25,46.77999877929688,0.0
2022-08-26,42.0,0.0
2022-08-29,41.18000030517578,0.0
2022-08-30,39.79999923706055,0.0
2022-08-31,38.869998931884766,0.0
2022-09-01,39.209999084472656,0.0
2022-09-02,37.97999954223633,0.0
2022-09-06,37.52999877929688,0.0
2022-09-07,39.540000915527344,0.0
2022-09-08,40.290000915527344,0.0
2022-09-09,42.15999984741211,0.0
2022-09-12,43.5099983215332,0.0
2022-09-13,37.86000061035156,0.0
2022-09-14,38.2400016784668,0.0
2022-09-15,36.95000076293945,0.0
2022-09-16,36.09999847412109,0.0
2022-09-19,36.88999938964844,0.0
2022-09-20,35.65999984741211,0.0
2022-09-21,33.7599983215332,0.0
2022-09-22,32.88999938964844,0.0
2022-09-23,31.200000762939453,0.0
2022-09-26,30.280000686645508,0.0
2022-09-27,30.059999465942383,0.0
2022-09-28,31.780000686645508,0.0
2022-09-29,29.780000686645508,0.0
2022-09-30,28.40999984741211,0.0
2022-10-03,30.64999961853028,0.0
2022-10-04,33.470001220703125,0.0
2022-10-05,33.209999084472656,0.0
2022-10-06,32.18000030517578,0.0
2022-10-07,29.489999771118164,0.0
2022-10-10,28.84000015258789,0.0
2022-10-11,28.229999542236328,0.0
2022-10-12,27.96999931335449,0.0
2022-10-13,30.13999938964844,0.0
2022-10-14,28.07999992370605,0.0
2022-10-17,30.209999084472656,0.0
2022-10-18,31.11000061035156,0.0
2022-10-19,30.6299991607666,0.0
2022-10-20,29.81999969482422,0.0
2022-10-21,31.96999931335449,0.0
2022-10-24,33.130001068115234,0.0
2022-10-25,34.72999954223633,0.0
2022-10-26,33.959999084472656,0.0
2022-10-27,33.369998931884766,0.0
2022-10-28,35.709999084472656,0.0
2022-10-31,34.959999084472656,0.0
2022-11-01,34.5,0.0
2022-11-02,31.8799991607666,0.0
2022-11-03,30.84000015258789,0.0
2022-11-04,32.18000030517578,0.0
2022-11-07,33.11000061035156,0.0
2022-11-08,33.61000061035156,0.0
2022-11-09,31.51000022888184,0.0
2022-11-10,36.68999862670898,0.0
2022-11-11,37.77999877929688,0.0
2022-11-14,36.81999969482422,0.0
2022-11-15,37.75,0.0
2022-11-16,36.869998931884766,0.0
2022-11-17,36.470001220703125,0.0
2022-11-18,36.959999084472656,0.0
2022-11-21,36.540000915527344,0.0
2022-11-22,38.0099983215332,0.0
2022-11-23,38.68000030517578,0.0
2022-11-25,38.63999938964844,0.0
2022-11-28,36.81999969482422,0.0
2022-11-29,36.58000183105469,0.0
2022-11-30,39.9900016784668,0.0
2022-12-01,39.93000030517578,0.0
2022-12-02,39.7599983215332,0.0
2022-12-05,37.59000015258789,0.0
2022-12-06,35.97999954223633,0.0
2022-12-07,35.779998779296875,0.0
2022-12-08,36.59999847412109,0.0
2022-12-09,35.7599983215332,0.0
2022-12-12,37.29999923706055,0.0
2022-12-13,38.11000061035156,0.0
2022-12-14,37.40999984741211,0.0
2022-12-15,34.630001068115234,0.0
2022-12-16,33.369998931884766,0.0
2022-12-19,32.52000045776367,0.0
2022-12-20,32.619998931884766,0.0
2022-12-21,34.09000015258789,0.0
2022-12-22,32.4900016784668,0.136
2022-12-23,32.97999954223633,0.0
2022-12-27,32.61000061035156,0.0
2022-12-28,31.38999938964844,0.0
2022-12-29,32.9900016784668,0.0
2022-12-30,32.77000045776367,0.0
2023-01-03,32.34000015258789,0.0
2023-01-04,33.04999923706055,0.0
2023-01-05,31.90999984741211,0.0
2023-01-06,34.06999969482422,0.0
2023-01-09,34.029998779296875,0.0
2023-01-10,34.720001220703125,0.0
2023-01-11,36.0099983215332,0.0
2023-01-12,36.380001068115234,0.0
2023-01-13,36.790000915527344,0.0
2023-01-17,36.59000015258789,0.0
2023-01-18,34.86000061035156,0.0
2023-01-19,34.04999923706055,0.0
2023-01-20,35.900001525878906,0.0
2023-01-23,37.209999084472656,0.0
2023-01-24,37.08000183105469,0.0
2023-01-25,37.119998931884766,0.0
2023-01-26,38.27000045776367,0.0
2023-01-27,38.54999923706055,0.0
2023-01-30,37.11000061035156,0.0
2023-01-31,38.709999084472656,0.0
2023-02-01,39.90999984741211,0.0
2023-02-02,41.630001068115234,0.0
2023-02-03,40.29999923706055,0.0
2023-02-06,39.59000015258789,0.0
2023-02-07,41.09999847412109,0.0
2023-02-08,39.75,0.0
2023-02-09,38.68000030517578,0.0
2023-02-10,38.88999938964844,0.0
2023-02-13,40.25,0.0
2023-02-14,40.18999862670898,0.0
2023-02-15,40.560001373291016,0.0
2023-02-16,38.86000061035156,0.0
2023-02-17,38.540000915527344,0.0
2023-02-21,36.22999954223633,0.0
2023-02-22,36.06999969482422,0.0
2023-02-23,36.56999969482422,0.0
2023-02-24,35.38999938964844,0.0
2023-02-27,35.72999954223633,0.0
2023-02-28,35.33000183105469,0.0
2023-03-01,34.91999816894531,0.0
2023-03-02,35.68000030517578,0.0
2023-03-03,37.369998931884766,0.0
2023-03-06,37.47999954223633,0.0
2023-03-07,35.75,0.0
2023-03-08,35.90999984741211,0.0
2023-03-09,33.88999938964844,0.0
2023-03-10,32.41999816894531,0.0
2023-03-13,32.20000076293945,0.0
2023-03-14,33.84000015258789,0.0
2023-03-15,33.20000076293945,0.0
2023-03-16,34.88999938964844,0.0
2023-03-17,33.709999084472656,0.0
2023-03-20,34.630001068115234,0.0
2023-03-21,35.959999084472656,0.0
2023-03-22,34.08000183105469,0.083
2023-03-23,34.29999923706055,0.0
2023-03-24,34.970001220703125,0.0
2023-03-27,35.13999938964844,0.0
2023-03-28,34.90999984741211,0.0
2023-03-29,36.400001525878906,0.0
2023-03-30,37.02000045776367,0.0
2023-03-31,38.56999969482422,0.0
2023-04-03,38.970001220703125,0.0
2023-04-04,38.34000015258789,0.0
2023-04-05,37.9900016784668,0.0
2023-04-06,38.40999984741211,0.0
2023-04-10,38.52000045776367,0.0
2023-04-11,38.52000045776367,0.0
2023-04-12,38.08000183105469,0.0
2023-04-13,39.5099983215332,0.0
2023-04-14,39.2400016784668,0.0
2023-04-17,39.630001068115234,0.0
2023-04-18,39.709999084472656,0.0
2023-04-19,39.66999816894531,0.0
2023-04-20,38.970001220703125,0.0
2023-04-21,39.060001373291016,0.0
2023-04-24,39.18000030517578,0.0
2023-04-25,37.290000915527344,0.0
2023-04-26,36.810001373291016,0.0
2023-04-27,38.93999862670898,0.0
2023-04-28,39.959999084472656,0.0
2023-05-01,39.81999969482422,0.0
2023-05-02,38.47999954223633,0.0
2023-05-03,37.65999984741211,0.0
2023-05-04,36.83000183105469,0.0
2023-05-05,38.81999969482422,0.0
2023-05-08,38.869998931884766,0.0
2023-05-09,38.34000015258789,0.0
2023-05-10,38.86000061035156,0.0
2023-05-11,38.630001068115234,0.0
2023-05-12,38.47999954223633,0.0
2023-05-15,38.83000183105469,0.0
2023-05-16,38.04999923706055,0.0
2023-05-17,39.400001525878906,0.0
2023-05-18,40.540000915527344,0.0
2023-05-19,40.34000015258789,0.0
2023-05-22,40.34000015258789,0.0
2023-05-23,39.0099983215332,0.0
2023-05-24,38.13999938964844,0.0
2023-05-25,39.040000915527344,0.0
2023-05-26,40.58000183105469,0.0
2023-05-30,40.59999847412109,0.0
2023-05-31,39.900001525878906,0.0
2023-06-01,41.0099983215332,0.0
2023-06-02,42.790000915527344,0.0
2023-06-05,42.5,0.0
2023-06-06,42.77999877929688,0.0
2023-06-07,42.34000015258789,0.0
2023-06-08,43.06999969482422,0.0
2023-06-09,43.2599983215332,0.0
2023-06-12,44.43000030517578,0.0
2023-06-13,45.31999969482422,0.0
2023-06-14,45.43999862670898,0.0
2023-06-15,47.08000183105469,0.0
2023-06-16,46.619998931884766,0.0
2023-06-20,45.88999938964844,0.0
2023-06-21,45.0,0.145
2023-06-22,45.43000030517578,0.0
2023-06-23,44.40999984741211,0.0
2023-06-26,43.84000015258789,0.0
2023-06-27,45.22999954223633,0.0
2023-06-28,45.29999923706055,0.0
2023-06-29,45.790000915527344,0.0
2023-06-30,47.380001068115234,0.0
2023-07-03,47.59000015258789,0.0
2023-07-05,47.310001373291016,0.0
2023-07-06,46.16999816894531,0.0
2023-07-07,45.77000045776367,0.0
2023-07-10,46.11000061035156,0.0
2023-07-11,47.0,0.0
2023-07-12,48.06999969482422,0.0
2023-07-13,49.18000030517578,0.0
2023-07-14,49.060001373291016,0.0
2023-07-17,49.560001373291016,0.0
2023-07-18,50.66999816894531,0.0
2023-07-19,50.959999084472656,0.0
2023-07-20,49.93000030517578,0.0
2023-07-21,49.90999984741211,0.0
2023-07-24,50.560001373291016,0.0
2023-07-25,50.95000076293945,0.0
2023-07-26,50.93000030517578,0.0
2023-07-27,49.900001525878906,0.0
2023-07-28,51.33000183105469,0.0
2023-07-31,51.619998931884766,0.0
2023-08-01,51.130001068115234,0.0
2023-08-02,49.0099983215332,0.0
2023-08-03,48.52999877929688,0.0
2023-08-04,47.84999847412109,0.0
2023-08-07,49.060001373291016,0.0
2023-08-08,48.400001525878906,0.0
2023-08-09,47.43000030517578,0.0
2023-08-10,47.41999816894531,0.0
2023-08-11,47.33000183105469,0.0
2023-08-14,48.060001373291016,0.0
2023-08-15,46.43999862670898,0.0
2023-08-16,45.34000015258789,0.0
2023-08-17,44.27999877929688,0.0
2023-08-18,44.29999923706055,0.0
2023-08-21,45.18000030517578,0.0
2023-08-22,44.790000915527344,0.0
2023-08-23,46.220001220703125,0.0
2023-08-24,44.310001373291016,0.0
2023-08-25,45.220001220703125,0.0
2023-08-28,46.04999923706055,0.0
2023-08-29,48.02000045776367,0.0
2023-08-30,48.630001068115234,0.0
2023-08-31,48.33000183105469,0.0
2023-09-01,48.56999969482422,0.0
2023-09-05,47.959999084472656,0.0
2023-09-06,46.959999084472656,0.0
2023-09-07,46.47999954223633,0.0
2023-09-08,46.63999938964844,0.0
2023-09-11,47.56999969482422,0.0
2023-09-12,46.75,0.0
2023-09-13,46.93000030517578,0.0
2023-09-14,48.08000183105469,0.0
2023-09-15,46.31999969482422,0.0
2023-09-18,46.38999938964844,0.0
2023-09-19,46.09999847412109,0.0
2023-09-20,44.72999954223633,0.056
2023-09-21,42.5,0.0
2023-09-22,42.150001525878906,0.0
2023-09-25,42.70000076293945,0.0
2023-09-26,40.77000045776367,0.0
2023-09-27,40.84000015258789,0.0
2023-09-28,41.5,0.0
2023-09-29,41.16999816894531,0.0
2023-10-02,41.130001068115234,0.0
2023-10-03,39.45000076293945,0.0
2023-10-04,40.290000915527344,0.0
2023-10-05,40.18999862670898,0.0
2023-10-06,41.59999847412109,0.0
2023-10-09,42.369998931884766,0.0
2023-10-10,43.02000045776367,0.0
2023-10-11,43.56999969482422,0.0
2023-10-12,42.7400016784668,0.0
2023-10-13,42.09000015258789,0.0
2023-10-16,43.38999938964844,0.0
2023-10-17,43.34999847412109,0.0
2023-10-18,41.630001068115234,0.0
2023-10-19,40.4900016784668,0.0
2023-10-20,38.93999862670898,0.0
2023-10-23,38.75,0.0
2023-10-24,39.61000061035156,0.0
2023-10-25,37.88999938964844,0.0
2023-10-26,36.4900016784668,0.0
2023-10-27,35.970001220703125,0.0
2023-10-30,37.25,0.0
2023-10-31,37.91999816894531,0.0
2023-11-01,39.130001068115234,0.0
2023-11-02,41.33000183105469,0.0
2023-11-03,42.43999862670898,0.0
2023-11-06,42.709999084472656,0.0
2023-11-07,43.06999969482422,0.0
2023-11-08,43.16999816894531,0.0
2023-11-09,42.09999847412109,0.0
2023-11-10,44.060001373291016,0.0
2023-11-13,43.91999816894531,0.0
2023-11-14,46.45000076293945,0.0
2023-11-15,46.75,0.0
2023-11-16,46.869998931884766,0.0
2023-11-17,47.04999923706055,0.0
2023-11-20,48.09000015258789,0.0
2023-11-21,47.72999954223633,0.0
2023-11-22,48.27999877929688,0.0
2023-11-24,48.31999969482422,0.0
2023-11-27,48.06999969482422,0.0
2023-11-28,48.18000030517578,0.0
2023-11-29,48.040000915527344,0.0
2023-11-30,48.58000183105469,0.0
2023-12-01,49.400001525878906,0.0
2023-12-04,48.650001525878906,0.0
2023-12-05,48.59000015258789,0.0
2023-12-06,47.97999954223633,0.0
2023-12-07,49.02000045776367,0.0
2023-12-08,49.650001525878906,0.0
2023-12-11,50.220001220703125,0.0
2023-12-12,50.88999938964844,0.0
2023-12-13,52.95000076293945,0.0
2023-12-14,53.41999816894531,0.0
2023-12-15,53.18000030517578,0.0
2023-12-18,54.02999877929688,0.0
2023-12-19,54.970001220703125,0.0
2023-12-20,52.4900016784668,0.119
2023-12-21,53.9900016784668,0.0
2023-12-22,54.290000915527344,0.0
2023-12-26,54.93000030517578,0.0
2023-12-27,55.22999954223633,0.0
2023-12-28,55.220001220703125,0.0
2023-12-29,54.7400016784668,0.0
2024-01-02,53.75,0.0
2024-01-03,52.45000076293945,0.0
2024-01-04,51.900001525878906,0.0
2024-01-05,52.09999847412109,0.0
2024-01-08,54.27000045776367,0.0
2024-01-09,54.0,0.0
2024-01-10,54.93000030517578,0.0
2024-01-11,54.790000915527344,0.0
2024-01-12,54.869998931884766,0.0
2024-01-16,54.2599983215332,0.0
2024-01-17,53.29999923706055,0.0
2024-01-18,54.68000030517578,0.0
2024-01-19,56.72999954223633,0.0
2024-01-22,57.04999923706055,0.0
2024-01-23,57.52000045776367,0.0
2024-01-24,57.68000030517578,0.0
2024-01-25,58.59999847412109,0.0
2024-01-26,58.36000061035156,0.0
2024-01-29,59.720001220703125,0.0
2024-01-30,59.52999877929688,0.0
2024-01-31,56.630001068115234,0.0
2024-02-01,58.77000045776367,0.0
2024-02-02,60.59000015258789,0.0
2024-02-05,59.90999984741211,0.0
2024-02-06,60.400001525878906,0.0
2024-02-07,61.880001068115234,0.0
2024-02-08,61.95000076293945,0.0
2024-02-09,62.970001220703125,0.0
2024-02-12,62.84999847412109,0.0
2024-02-13,60.27999877929688,0.0
2024-02-14,61.869998931884766,0.0
2024-02-15,63.040000915527344,0.0
2024-02-16,62.06999969482422,0.0
2024-02-20,61.02999877929688,0.0
2024-02-21,61.16999816894531,0.0
2024-02-22,64.94000244140625,0.0
2024-02-23,65.0199966430664,0.0
2024-02-26,64.30000305175781,0.0
2024-02-27,64.62000274658203,0.0
2024-02-28,64.30999755859375,0.0
2024-02-29,64.94000244140625,0.0
2024-03-01,66.7699966430664,0.0
2024-03-04,66.51000213623047,0.0
2024-03-05,64.48999786376953,0.0
2024-03-06,65.48999786376953,0.0
2024-03-07,67.38999938964844,0.0
2024-03-08,66.13999938964844,0.0
2024-03-11,65.91999816894531,0.0
2024-03-12,68.02999877929688,0.0
2024-03-13,67.66999816894531,0.0
2024-03-14,67.19999694824219,0.0
2024-03-15,65.73999786376953,0.0
2024-03-18,66.91999816894531,0.0
2024-03-19,68.04000091552734,0.0
2024-03-20,69.75,0.123
2024-03-21,70.33999633789062,0.0
2024-03-22,70.01000213623047,0.0
2024-03-25,69.41999816894531,0.0
2024-03-26,68.83999633789062,0.0
2024-03-27,70.58999633789062,0.0
2024-03-28,70.55000305175781,0.0
2024-04-01,70.19000244140625,0.0
2024-04-02,68.7699966430664,0.0
2024-04-03,68.97000122070312,0.0
2024-04-04,66.33999633789062,0.0
2024-04-05,68.4000015258789,0.0
2024-04-08,68.45999908447266,0.0
2024-04-09,68.69999694824219,0.0
2024-04-10,66.68000030517578,0.0
2024-04-11,68.0999984741211,0.0
2024-04-12,65.19999694824219,0.0
2024-04-15,62.77000045776367,0.0
2024-04-16,62.369998931884766,0.0
2024-04-17,61.2599983215332,0.0
2024-04-18,60.77999877929688,0.0
2024-04-19,59.15999984741211,0.0
2024-04-22,60.75,0.0
2024-04-23,62.93000030517578,0.0
2024-04-24,62.880001068115234,0.0
2024-04-25,62.02999877929688,0.0
2024-04-26,63.81999969482422,0.0
2024-04-29,64.44000244140625,0.0
2024-04-30,61.400001525878906,0.0
2024-05-01,60.70000076293945,0.0
2024-05-02,62.369998931884766,0.0
2024-05-03,64.69000244140625,0.0
2024-05-06,66.69000244140625,0.0
2024-05-07,66.88999938964844,0.0
2024-05-08,66.86000061035156,0.0
2024-05-09,67.94000244140625,0.0
2024-05-10,68.2300033569336,0.0
2024-05-13,68.19000244140625,0.0
2024-05-14,69.11000061035156,0.0
2024-05-15,71.63999938964844,0.0
2024-05-16,71.16000366210938,0.0
2024-05-17,71.44000244140625,0.0
2024-05-20,71.6500015258789,0.0
2024-05-21,72.13999938964844,0.0
2024-05-22,71.4800033569336,0.0
2024-05-23,69.81999969482422,0.0
2024-05-24,71.20999908447266,0.0
2024-05-28,71.33999633789062,0.0
2024-05-29,69.80000305175781,0.0
2024-05-30,68.37000274658203,0.0
2024-05-31,70.16999816894531,0.0
2024-06-03,70.33999633789062,0.0
2024-06-04,70.5199966430664,0.0
2024-06-05,73.0199966430664,0.0
2024-06-06,72.98999786376953,0.0
2024-06-07,72.63999938964844,0.0
2024-06-10,73.30000305175781,0.0
2024-06-11,73.80000305175781,0.0
2024-06-12,75.5999984741211,0.0
2024-06-13,76.06999969482422,0.0
2024-06-14,76.08000183105469,0.0
2024-06-17,77.87000274658203,0.0
2024-06-18,78.44000244140625,0.0
2024-06-20,77.75,0.0
2024-06-21,77.19999694824219,0.0
2024-06-24,76.58999633789062,0.0
2024-06-25,77.44000244140625,0.0
2024-06-26,77.52999877929688,0.223
2024-06-27,77.81999969482422,0.0
2024-06-28,76.83999633789062,0.0
2024-07-01,77.27999877929688,0.0
2024-07-02,78.79000091552734,0.0
2024-07-03,79.77999877929688,0.0
2024-07-05,81.12000274658203,0.0
2024-07-08,81.37000274658203,0.0
2024-07-09,81.56999969482422,0.0
2024-07-10,83.91999816894531,0.0
2024-07-11,81.76000213623047,0.0
2024-07-12,83.22000122070312,0.0
2024-07-15,83.9000015258789,0.0
2024-07-16,85.37000274658203,0.0
2024-07-17,81.7300033569336,0.0
2024-07-18,79.79000091552734,0.0
2024-07-19,78.11000061035156,0.0
2024-07-22,80.54000091552734,0.0
2024-07-23,80.12000274658203,0.0
2024-07-24,74.63999938964844,0.0
2024-07-25,73.41999816894531,0.0
2024-07-26,75.83999633789062,0.0
2024-07-29,75.91000366210938,0.0
2024-07-30,74.73999786376953,0.0
2024-07-31,78.2300033569336,0.0
2024-08-01,75.01000213623047,0.0
2024-08-02,70.7699966430664,0.0
2024-08-05,64.52999877929688,0.0
2024-08-06,66.30000305175781,0.0
2024-08-07,64.91000366210938,0.0
2024-08-08,69.38999938964844,0.0
2024-08-09,70.23999786376953,0.0
2024-08-12,70.31999969482422,0.0
2024-08-13,73.7699966430664,0.0
2024-08-14,74.4800033569336,0.0
2024-08-15,78.26000213623047,0.0
2024-08-16,78.66999816894531,0.0
2024-08-19,80.93000030517578,0.0
2024-08-20,80.48999786376953,0.0
2024-08-21,81.36000061035156,0.0
2024-08-22,79.37999725341797,0.0
2024-08-23,81.80999755859375,0.0
2024-08-26,81.16999816894531,0.0
2024-08-27,81.51000213623047,0.0
2024-08-28,80.06999969482422,0.0
2024-08-29,80.02999877929688,0.0
2024-08-30,82.19999694824219,0.0
2024-09-03,77.13999938964844,0.0
2024-09-04,76.56999969482422,0.0
2024-09-05,76.01000213623047,0.0
2024-09-06,72.12000274658203,0.0
2024-09-09,74.4800033569336,0.0
2024-09-10,75.43000030517578,0.0
2024-09-11,77.69999694824219,0.0
2024-09-12,79.66000366210938,0.0
2024-09-13,80.83000183105469,0.0
2024-09-16,81.20999908447266,0.0
2024-09-17,81.27999877929688,0.0
2024-09-18,80.5,0.0
2024-09-19,84.58999633789062,0.0
2024-09-20,84.0199966430664,0.0
2024-09-23,84.66999816894531,0.0
2024-09-24,85.38999938964844,0.0
2024-09-25,84.55000305175781,0.22
2024-09-26,85.56999969482422,0.0
2024-09-27,85.08999633789062,0.0
2024-09-30,86.19000244140625,0.0
2024-10-01,83.80000305175781,0.0
2024-10-02,83.80999755859375,0.0
2024-10-03,83.33999633789062,0.0
2024-10-04,85.5199966430664,0.0
2024-10-07,83.22000122070312,0.0
2024-10-08,85.52999877929688,0.0
2024-10-09,87.2699966430664,0.0
2024-10-10,86.79000091552734,0.0
2024-10-11,88.22000122070312,0.0
2024-10-14,90.38999938964844,0.0
2024-10-15,88.29000091552734,0.0
2024-10-16,89.37000274658203,0.0
2024-10-17,89.38999938964844,0.0
2024-10-18,90.30999755859376,0.0
2024-10-21,89.87999725341797,0.0
2024-10-22,89.69000244140625,0.0
2024-10-23,87.16999816894531,0.0
2024-10-24,87.70999908447266,0.0
2024-10-25,87.54000091552734,0.0
2024-10-28,88.33000183105469,0.0
2024-10-29,88.70999908447266,0.0
2024-10-30,87.9000015258789,0.0
2024-10-31,82.66000366210938,0.0
2024-11-01,83.66000366210938,0.0
2024-11-04,83.08999633789062,0.0
2024-11-05,86.08999633789062,0.0
2024-11-06,92.5,0.0
2024-11-07,94.58000183105467,0.0
2024-11-08,95.77999877929688,0.0
2024-11-11,95.9800033569336,0.0
2024-11-12,95.0500030517578,0.0
2024-11-13,95.16999816894533,0.0
2024-11-14,93.3000030517578,0.0
2024-11-15,89.62000274658203,0.0
2024-11-18,90.70999908447266,0.0
2024-11-19,91.6999969482422,0.0
2024-11-20,91.75,0.0
2024-11-21,93.16999816894533,0.0
2024-11-22,93.94000244140624,0.0
2024-11-25,94.86000061035156,0.0
2024-11-26,96.37999725341795,0.0
2024-11-27,95.38999938964844,0.0
2024-11-29,97.0500030517578,0.0
2024-12-02,97.62000274658205,0.0
2024-12-03,97.66999816894533,0.0
2024-12-04,99.44000244140624,0.0
2024-12-05,98.95999908447266,0.0
2024-12-06,99.4800033569336,0.0
2024-12-09,97.86000061035156,0.0
2024-12-10,96.94000244140624,0.0
2024-12-11,99.18000030517578,0.0
2024-12-12,97.5999984741211,0.0
2024-12-13,97.45999908447266,0.0
2024-12-16,98.62999725341795,0.0
2024-12-17,97.37000274658205,0.0
2024-12-18,88.73999786376953,0.0
2024-12-19,88.54000091552734,0.0
2024-12-20,91.4800033569336,0.0
2024-12-23,93.01000213623048,0.255
2024-12-24,95.9800033569336,0.0
2024-12-26,95.97000122070312,0.0
2024-12-27,92.91000366210938,0.0
2024-12-30,89.66000366210938,0.0
2024-12-31,88.63999938964844,0.0
2025-01-02,87.9000015258789,0.0
2025-01-03,91.12000274658205,0.0
2025-01-06,92.6999969482422,0.0
2025-01-07,89.5999984741211,0.0
2025-01-08,89.83999633789062,0.0
2025-01-10,85.69999694824219,0.0
2025-01-13,86.11000061035156,0.0
2025-01-14,86.36000061035156,0.0
2025-01-15,91.06999969482422,0.0
2025-01-16,90.5500030517578,0.0
2025-01-17,93.0999984741211,0.0
2025-01-21,95.52999877929688,0.0
2025-01-22,97.18000030517578,0.0
2025-01-23,98.7699966430664,0.0
2025-01-24,97.83999633789062,0.0
2025-01-27,93.66999816894533,0.0
2025-01-28,96.01000213623048,0.0
2025-01-29,94.69000244140624,0.0
2025-01-30,96.1999969482422,0.0
2025-01-31,94.56999969482422,0.0
2025-02-03,92.61000061035156,0.0
2025-02-04,94.4800033569336,0.0
2025-02-05,95.58000183105467,0.0
2025-02-06,96.56999969482422,0.0
2025-02-07,93.83999633789062,0.0
2025-02-10,95.6500015258789,0.0
2025-02-11,95.8499984741211,0.0
2025-02-12,94.95999908447266,0.0
2025-02-13,97.91999816894533,0.0
2025-02-14,97.80999755859376,0.0
2025-02-18,98.55999755859376,0.0
2025-02-19,99.29000091552734,0.0
2025-02-20,98.0199966430664,0.0
2025-02-21,92.9499969482422,0.0
2025-02-24,91.61000061035156,0.0
2025-02-25,90.16000366210938,0.0
2025-02-26,90.26000213623048,0.0
2025-02-27,85.94999694824219,0.0
2025-02-28,89.8499984741211,0.0
2025-03-03,85.25,0.0
2025-03-04,82.0999984741211,0.0
2025-03-05,84.66999816894531,0.0
2025-03-06,80.20999908447266,0.0
2025-03-07,81.38999938964844,0.0
2025-03-10,74.95999908447266,0.0
2025-03-11,73.08000183105469,0.0
2025-03-12,74.1500015258789,0.0
2025-03-13,71.19000244140625,0.0
2025-03-14,75.4800033569336,0.0
2025-03-17,77.18000030517578,0.0
2025-03-18,74.7300033569336,0.0
2025-03-19,77.05999755859375,0.0
2025-03-20,76.5,0.0
2025-03-21,76.5,0.0
2025-03-24,80.47000122070312,0.0
2025-03-25,81.0,0.0
2025-03-26,78.01000213623047,0.188
2025-03-27,77.27999877929688,0.0
2025-03-28,72.63999938964844,0.0
2025-03-31,73.9000015258789,0.0
2025-04-01,74.62000274658203,0.0
2025-04-02,76.02999877929688,0.0
2025-04-03,65.12999725341797,0.0
2025-04-04,53.81999969482422,0.0
2025-04-07,53.04999923706055,0.0
2025-04-08,50.650001525878906,0.0
2025-04-09,64.80999755859375,0.0
2025-04-10,58.02999877929688,0.0
2025-04-11,61.08000183105469,0.0
2025-04-14,62.77999877929688,0.0
2025-04-15,62.290000915527344,0.0
2025-04-16,58.119998931884766,0.0
2025-04-17,58.27999877929688,0.0
2025-04-21,54.13999938964844,0.0
2025-04-22,58.20000076293945,0.0
2025-04-23,60.9900016784668,0.0
2025-04-24,64.7699966430664,0.0
2025-04-25,66.13999938964844,0.0
2025-04-28,66.27999877929688,0.0
2025-04-29,67.4000015258789,0.0
2025-04-30,67.47000122070312,0.0
2025-05-01,68.91999816894531,0.0
2025-05-02,71.91000366210938,0.0
2025-05-05,70.7300033569336,0.0
2025-05-06,68.93000030517578,0.0
2025-05-07,69.80000305175781,0.0
2025-05-08,71.16000366210938,0.0
2025-05-09,70.83999633789062,0.0
2025-05-12,77.79000091552734,0.0
2025-05-13,79.37000274658203,0.0
2025-05-14,79.63999938964844,0.0
2025-05-15,80.77999877929688,0.0
2025-05-16,82.29000091552734,0.0
2025-05-19,82.55000305175781,0.0
2025-05-20,81.6500015258789,0.0
2025-05-21,77.55999755859375,0.0
2025-05-22,77.54000091552734,0.0
2025-05-23,75.91999816894531,0.0
2025-05-27,80.55999755859375,0.0
2025-05-28,79.16999816894531,0.0
2025-05-29,80.05999755859375,0.0
2025-05-30,79.77999877929688,0.0
2025-06-02,81.04000091552734,0.0
2025-06-03,82.4800033569336,0.0
2025-06-04,82.3499984741211,0.0
2025-06-05,81.11000061035156,0.0
2025-06-06,83.52999877929688,0.0
2025-06-09,83.7300033569336,0.0
2025-06-10,85.18000030517578,0.0
2025-06-11,84.44000244140625,0.0
2025-06-12,85.4000015258789,0.0
2025-06-13,82.41999816894531,0.0
2025-06-16,84.80000305175781,0.0
2025-06-17,82.58000183105469,0.0
2025-06-18,82.5199966430664,0.0
2025-06-20,81.80000305175781,0.0
2025-06-23,84.2300033569336,0.0
2025-06-24,87.01000213623047,0.0
2025-06-25,86.94999694824219,0.229
2025-06-26,88.91999816894531,0.0
2025-06-27,90.12000274658205,0.0
2025-06-30,91.44000244140624,0.0
2025-07-01,91.26000213623048,0.0
2025-07-02,92.47000122070312,0.0
2025-07-03,94.5999984741211,0.0
2025-07-07,92.4800033569336,0.0
2025-07-08,92.25,0.0
2025-07-09,93.87999725341795,0.0
2025-07-10,94.66000366210938,0.0
2025-07-11,93.5500030517578,0.0
2025-07-14,94.05999755859376,0.0
2025-07-15,92.83999633789062,0.0
2025-07-16,93.7300033569336,0.0
2025-07-17,95.45999908447266,0.0
2025-07-18,95.16999816894533,0.0
2025-07-21,95.68000030517578,0.0
2025-07-22,95.66999816894533,0.0
2025-07-23,98.08000183105467,0.0
2025-07-24,98.20999908447266,0.0
2025-07-25,99.27999877929688,0.0
2025-07-28,99.22000122070312,0.0
2025-07-29,98.43000030517578,0.0
2025-07-30,98.04000091552734,0.0
2025-07-31,96.83999633789062,0.0
2025-08-01,92.0199966430664,0.0
2025-08-04,96.13999938964844,0.0
2025-08-05,94.7300033569336,0.0
2025-08-06,96.77999877929688,0.0
2025-08-07,96.5999984741211,0.0
2025-08-08,98.75,0.0
2025-08-11,98.06999969482422,0.0
2025-08-12,101.20999908447266,0.0
2025-08-13,102.26000213623048,0.0
2025-08-14,102.25,0.0
2025-08-15,101.47000122070312,0.0
2025-08-18,101.33000183105467,0.0
2025-08-19,99.62000274658205,0.0
2025-08-20,98.79000091552734,0.0
2025-08-21,97.63999938964844,0.0
2025-08-22,101.9800033569336,0.0
2025-08-25,100.66999816894533,0.0
2025-08-26,101.87999725341795,0.0
2025-08-27,102.5199966430664,0.0
2025-08-28,103.5999984741211,0.0
2025-08-29,101.62999725341795,0.0
2025-09-02,99.37999725341795,0.0
2025-09-03,100.87000274658205,0.0
2025-09-04,103.37999725341795,0.0
2025-09-05,102.37999725341795,0.0
2025-09-08,103.1500015258789,0.0
2025-09-09,103.86000061035156,0.0
2025-09-10,104.73999786376952,0.0
2025-09-11,107.27999877929688,0.0
2025-09-12,107.08000183105467,0.0
2025-09-15,108.7300033569336,0.0
2025-09-16,108.25,0.0
2025-09-17,107.86000061035156,0.0
2025-09-18,109.3499984741211,0.0
2025-09-19,110.80999755859376,0.0
2025-09-22,112.38999938964844,0.0
2025-09-23,110.5999984741211,0.0
2025-09-24,109.23999786376952,0.216
2025-09-25,107.68000030517578,0.0
2025-09-26,109.41999816894533,0.0
2025-09-29,110.31999969482422,0.0
2025-09-30,111.48999786376952,0.0
2025-10-01,112.6999969482422,0.0
2025-10-02,113.01000213623048,0.0
2025-10-03,112.87999725341795,0.0
2025-10-06,114.11000061035156,0.0
2025-10-07,112.83000183105467,0.0
2025-10-08,114.77999877929688,0.0
2025-10-09,113.79000091552734,0.0
2025-10-10,104.48999786376952,0.0
2025-10-13,109.23999786376952,0.0
2025-10-14,108.76000213623048,0.0
2025-10-15,110.1500015258789,0.0
2025-10-16,107.93000030517578,0.0
2025-10-17,109.63999938964844,0.0
2025-10-20,113.0500030517578,0.0
2025-10-21,113.0199966430664,0.0
2025-10-22,111.2300033569336,0.0
2025-10-23,113.0999984741211,0.0
2025-10-24,115.76000213623048,0.0
2025-10-27,119.9000015258789,0.0
2025-10-28,120.77999877929688,0.0
2025-10-29,120.91000366210938,0.0
2025-10-30,117.02999877929688,0.0
2025-10-31,117.94000244140624,0.0
2025-11-03,118.68000030517578,0.0
2025-11-04,114.45999908447266,0.0
2025-11-05,115.45999908447266,0.0
2025-11-06,111.76000213623048,0.0
2025-11-07,112.0500030517578,0.0
2025-11-10,117.12000274658205,0.0
2025-11-11,117.93000030517578,0.0
2025-11-12,118.12999725341795,0.0
2025-11-13,112.25,0.0
2025-11-14,112.08000183105467,0.0
2025-11-17,108.91000366210938,0.0
2025-11-18,106.19000244140624,0.0
2025-11-19,107.31999969482422,0.0
2025-11-20,102.37999725341795,0.0
2025-11-21,105.37999725341795,0.0
2025-11-24,110.01000213623048,0.0
2025-11-25,113.0199966430664,0.0
2025-11-26,115.31999969482422,0.0
2025-11-28,117.12999725341795,0.0
2025-12-01,115.48999786376952,0.0
2025-12-02,116.06999969482422,0.0
2025-12-03,117.20999908447266,0.0
2025-12-04,117.5199966430664,0.0
2025-12-05,118.02999877929688,0.0
2025-12-08,116.9499969482422,0.0
2025-12-09,116.61000061035156,0.0
2025-12-10,118.8499984741211,0.0
2025-12-11,119.55999755859376,0.0
2025-12-12,115.72000122070312,0.0
2025-12-15,115.18000030517578,0.0
2025-12-16,114.1999969482422,0.0
2025-12-17,110.38999938964844,0.0
2025-12-18,112.86000061035156,0.0
2025-12-19,115.80999755859376,0.0
2025-12-22,117.9000015258789,0.0
2025-12-23,119.51000213623048,0.0
2025-12-24,120.31999969482422,0.34
2025-12-26,120.2300033569336,0.0
2025-12-29,118.91999816894533,0.0
2025-12-30,118.44000244140624,0.0
2025-12-31,115.76000213623048,0.0
2026-01-02,116.33000183105467,0.0
2026-01-05,118.58999633789062,0.0
2026-01-06,120.6500015258789,0.0
2026-01-07,119.51000213623048,0.0
2026-01-08,119.36000061035156,0.0
2026-01-09,121.6500015258789,0.0
2026-01-12,122.2300033569336,0.0
2026-01-13,121.43000030517578,0.0
2026-01-14,119.66999816894533,0.0
2026-01-15,120.54000091552734,0.0
2026-01-16,120.12999725341795,0.0
2026-01-20,112.77999877929688,0.0
2026-01-21,116.58999633789062,0.0
2026-01-22,118.4000015258789,0.0
2026-01-23,118.41999816894533,0.0
2026-01-26,120.2300033569336,0.0
2026-01-27,121.66999816894533,0.0
2026-01-28,121.5999984741211,0.0
2026-01-29,120.73999786376952,0.0
2026-01-30,119.61000061035156,0.0
2026-02-02,121.43000030517578,0.0
2026-02-03,118.25,0.0
2026-02-04,116.48999786376952,0.0
2026-02-05,112.02999877929688,0.0
2026-02-06,118.4800033569336,0.0
2026-02-09,120.13999938964844,0.0
2026-02-10,119.1500015258789,0.0
2026-02-11,119.0,0.0
2026-02-12,113.48999786376952,0.0
2026-02-13,113.51000213623048,0.0
2026-02-17,114.05999755859376,0.0
2026-02-18,115.7699966430664,0.0
2026-02-19,114.88999938964844,0.0
2026-02-20,117.23999786376952,0.0
2026-02-23,113.66000366210938,0.0
2026-02-24,116.06999969482422,0.0
2026-02-25,118.9499969482422,0.0
2026-02-26,116.9800033569336,0.0
2026-02-27,115.30999755859376,0.0
2026-03-02,115.31999969482422,0.0
2026-03-03,112.23999786376952,0.0
2026-03-04,114.61000061035156,0.0
2026-03-05,112.6999969482422,0.0
2026-03-06,108.16000366210938,0.0
2026-03-09,110.97000122070312,0.0
2026-03-10,110.30999755859376,0.0
2026-03-11,109.94000244140624,0.0
2026-03-12,104.88999938964844,0.0
2026-03-13,103.01000213623048,0.0
2026-03-16,106.0999984741211,0.0
2026-03-17,106.91999816894533,0.0
2026-03-18,102.47000122070312,0.0
2026-03-19,101.62999725341795,0.0
2026-03-20,97.08999633789062,0.0
2026-03-23,100.20999908447266,0.0
2026-03-24,99.16999816894533,0.0
2026-03-25,100.5199966430664,0.222
2026-03-26,95.18000030517578,0.0
2026-03-27,90.20999908447266,0.0
2026-03-30,89.29000091552734,0.0
2026-03-31,96.9800033569336,0.0
2026-04-01,99.16999816894533,0.0
2026-04-02,99.37999725341795,0.0
2026-04-06,100.73999786376952,0.0
2026-04-07,100.8499984741211,0.0
2026-04-08,108.45999908447266,0.0
2026-04-09,110.36000061035156,0.0
2026-04-10,110.01000213623048,0.0
2026-04-13,113.2300033569336,0.0
2026-04-14,117.33999633789062,0.0
2026-04-15,120.05999755859376,0.0
2026-04-16,120.95999908447266,0.0
2026-04-17,125.2300033569336,0.0
2026-04-20,124.48999786376952,0.0
2026-04-21,122.06999969482422,0.0
2026-04-22,125.69000244140624,0.0
2026-04-23,124.16000366210938,0.0
2026-04-24,126.98999786376952,0.0
2026-04-27,127.58999633789062,0.0
2026-04-28,125.69000244140624,0.0
2026-04-29,125.62000274658205,0.0
2026-04-30,129.17999267578125,0.0
2026-05-01,130.3000030517578,0.0
2026-05-04,128.85000610351562,0.0
2026-05-05,131.85000610351562,0.0
2026-05-06,137.3000030517578,0.0
2026-05-07,136.02000427246094,0.0
2026-05-08,139.22000122070312,0.0
2026-05-11,140.08999633789062,0.0
2026-05-12,139.52999877929688,0.0
2026-05-13,141.8300018310547,0.0
2026-05-14,145.10000610351562,0.0
2026-05-15,139.72999572753906,0.0
2026-05-18,139.36000061035156,0.0
2026-05-19,136.63999938964844,0.0
2026-05-20,140.8300018310547,0.0
2026-05-21,141.5800018310547,0.0
2026-05-22,143.0800018310547,0.0
2026-05-26,145.86000061035156,0.0
2026-05-27,145.83999633789062,0.0
2026-05-28,148.19000244140625,0.0
2026-05-29,149.17999267578125,0.0
2026-06-01,150.2899932861328,0.0
2026-06-02,150.8699951171875,0.0
2026-06-03,147.72000122070312,0.0
2026-06-04,149.3300018310547,0.0
2026-06-05,137.52999877929688,0.0
2026-06-08,138.57000732421875,0.0
2026-06-09,137.22999572753906,0.0
2026-06-10,130.69000244140625,0.0
2026-06-11,137.2899932861328,0.0
2026-06-12,139.41000366210938,0.0
2026-06-15,146.74000549316406,0.0
2026-06-16,144.13999938964844,0.0
2026-06-17,138.74000549316406,0.0
2026-06-18,142.80999755859375,0.0
2026-06-22,141.4199981689453,0.0
2026-06-23,135.3800048828125,0.0
2026-06-24,134.6999969482422,0.299
2026-06-25,134.72999572753906,0.0
2026-06-26,132.0800018310547,0.0
2026-06-29,138.75999450683594,0.0
2026-06-30,141.7899932861328,0.0
2026-07-01,141.38999938964844,0.0
2026-07-02,140.77000427246094,0.0
2026-07-06,144.41000366210938,0.0
2026-07-07,142.2100067138672,0.0
2026-07-08,140.8300018310547,0.0
2026-07-09,144.38999938964844,0.0
2026-07-10,146.16000366210938,0.0
2026-07-13,142.72999572753906,0.0
2026-07-14,144.27999877929688,0.0
2026-07-15,145.8699951171875,0.0
2026-07-16,143.61000061035156,0.0
2026-07-17,139.0500030517578,0.0
2026-07-20,138.47000122070312,0.0
2026-07-21,141.88999938964844,0.0
2026-07-22,141.27000427246094,0.0
2026-07-23,136.1300048828125,0.0
2026-07-24,136.27000427246094,0.0
2026-07-27,136.36000061035156,0.0
2026-07-28,137.3000030517578,0.0
2026-07-29,131.00999450683594,0.0
2026-07-30,137.57000732421875,0.0
2026-07-31,140.27999877929688,0.0
2026-08-03,146.32000732421875,0.0
2026-08-04,154.13999938964844,0.0
2026-08-05,153.24000549316406,0.0
2026-08-06,152.42999267578125,0.0
2026-08-07,155.05999755859375,0.0
2026-08-10,154.97999572753906,0.0
2026-08-11,153.36000061035156,0.0
2026-08-12,154.5500030517578,0.0
2026-08-13,157.67999267578125,0.0
2026-08-14,156.6300048828125,0.0
2026-08-17,154.39999389648438,0.0
2026-08-18,151.19000244140625,0.0
2026-08-19,152.16000366210938,0.0
2026-08-20,148.27999877929688,0.0
2026-08-21,149.8800048828125,0.0
2026-08-24,148.5800018310547,0.0
2026-08-25,149.94000244140625,0.0
2026-08-26,149.97000122070312,0.0
2026-08-27,152.91000366210938,0.0
2026-08-28,151.77999877929688,0.0
2026-08-31,149.9499969482422,0.0
