Date,Close,Dividends
2008-06-26,49.58000183105469,0.0
2008-06-27,49.5,0.0
2008-06-30,49.540000915527344,0.0
2008-07-01,49.09999847412109,0.0
2008-07-02,48.380001068115234,0.0
2008-07-03,48.5099983215332,0.0
2008-07-07,48.40999984741211,0.0
2008-07-08,48.5,0.0
2008-07-09,47.93999862670898,0.0
2008-07-10,47.86000061035156,0.0
2008-07-11,47.650001525878906,0.0
2008-07-14,47.4900016784668,0.0
2008-07-15,46.7599983215332,0.0
2008-07-16,47.720001220703125,0.0
2008-07-17,48.33000183105469,0.0
2008-07-18,48.27999877929688,0.0
2008-07-21,48.43000030517578,0.0
2008-07-22,48.70000076293945,0.0
2008-07-23,49.08000183105469,0.0
2008-07-24,48.0,0.0
2008-07-25,48.209999084472656,0.0
2008-07-28,47.43999862670898,0.0
2008-07-29,47.900001525878906,0.0
2008-07-30,48.70000076293945,0.0
2008-07-31,48.209999084472656,0.0
2008-08-01,47.93000030517578,0.0
2008-08-04,47.22999954223633,0.0
2008-08-05,48.38999938964844,0.0
2008-08-06,48.709999084472656,0.0
2008-08-07,47.59999847412109,0.0
2008-08-08,48.22999954223633,0.0
2008-08-11,48.52000045776367,0.0
2008-08-12,47.84999847412109,0.0
2008-08-13,47.31999969482422,0.0
2008-08-14,47.52999877929688,0.0
2008-08-15,47.4900016784668,0.0
2008-08-18,46.70000076293945,0.0
2008-08-19,46.29999923706055,0.0
2008-08-20,46.720001220703125,0.0
2008-08-21,47.08000183105469,0.0
2008-08-22,47.33000183105469,0.0
2008-08-25,46.459999084472656,0.0
2008-08-26,46.70000076293945,0.0
2008-08-27,46.7599983215332,0.0
2008-08-28,47.75,0.0
2008-08-29,47.31999969482422,0.0
2008-09-02,46.0,0.0
2008-09-03,46.15999984741211,0.0
2008-09-04,44.459999084472656,0.0
2008-09-05,44.16999816894531,0.0
2008-09-08,45.41999816894531,0.0
2008-09-09,44.290000915527344,0.0
2008-09-10,44.650001525878906,0.0
2008-09-11,44.619998931884766,0.0
2008-09-12,45.119998931884766,0.0
2008-09-15,43.27000045776367,0.0
2008-09-16,43.9900016784668,0.0
2008-09-17,41.61000061035156,0.0
2008-09-18,43.79999923706055,0.0
2008-09-19,46.40999984741211,0.0
2008-09-22,44.72999954223633,0.0
2008-09-23,45.02000045776367,0.0
2008-09-24,43.59999847412109,0.0
2008-09-25,44.84000015258789,0.0
2008-09-26,45.27000045776367,0.0
2008-09-29,42.400001525878906,0.0
2008-09-30,43.0099983215332,0.0
2008-10-01,42.380001068115234,0.0
2008-10-02,40.09999847412109,0.0
2008-10-03,39.75,0.0
2008-10-06,37.84999847412109,0.0
2008-10-07,36.11000061035156,0.0
2008-10-08,35.54999923706055,0.0
2008-10-09,33.849998474121094,0.0
2008-10-10,32.779998779296875,0.0
2008-10-13,37.18999862670898,0.0
2008-10-14,37.97999954223633,0.0
2008-10-15,33.369998931884766,0.0
2008-10-16,34.15999984741211,0.0
2008-10-17,33.83000183105469,0.0
2008-10-20,36.20000076293945,0.0
2008-10-21,33.959999084472656,0.0
2008-10-22,31.46999931335449,0.0
2008-10-23,31.39999961853028,0.0
2008-10-24,31.170000076293945,0.0
2008-10-27,29.43000030517578,0.0
2008-10-28,31.200000762939453,0.0
2008-10-29,33.5,0.0
2008-10-30,33.790000915527344,0.0
2008-10-31,33.790000915527344,0.0
2008-11-03,33.810001373291016,0.0
2008-11-04,35.630001068115234,0.0
2008-11-05,33.7599983215332,0.0
2008-11-06,31.770000457763672,0.0
2008-11-07,33.31999969482422,0.0
2008-11-10,33.0099983215332,0.0
2008-11-11,31.700000762939453,0.0
2008-11-12,30.25,0.0
2008-11-13,32.5099983215332,0.0
2008-11-14,30.56999969482422,0.0
2008-11-17,30.309999465942383,0.0
2008-11-18,30.530000686645508,0.0
2008-11-19,28.51000022888184,0.0
2008-11-20,26.6200008392334,0.0
2008-11-21,28.709999084472656,0.0
2008-11-24,30.200000762939453,0.0
2008-11-25,30.51000022888184,0.0
2008-11-26,31.25,0.0
2008-11-28,31.489999771118164,0.0
2008-12-01,28.89999961853028,0.0
2008-12-02,30.280000686645508,0.0
2008-12-03,30.88999938964844,0.0
2008-12-04,29.739999771118164,0.0
2008-12-05,30.690000534057617,0.0
2008-12-08,31.959999084472656,0.0
2008-12-09,31.5,0.0
2008-12-10,32.13999938964844,0.0
2008-12-11,31.65999984741211,0.0
2008-12-12,31.950000762939453,0.0
2008-12-15,31.700000762939453,0.0
2008-12-16,33.43000030517578,0.0
2008-12-17,33.27000045776367,0.0
2008-12-18,32.2400016784668,0.0
2008-12-19,32.119998931884766,0.0
2008-12-22,31.770000457763672,0.0
2008-12-23,31.479999542236328,0.0
2008-12-24,31.479999542236328,0.203
2008-12-26,31.75,0.0
2008-12-29,31.729999542236328,0.0
2008-12-30,32.560001373291016,0.0
2008-12-31,32.97999954223633,0.0
2009-01-02,33.869998931884766,0.0
2009-01-05,33.970001220703125,0.0
2009-01-06,33.849998474121094,0.0
2009-01-07,33.099998474121094,0.0
2009-01-08,32.9900016784668,0.0
2009-01-09,32.189998626708984,0.0
2009-01-12,31.3700008392334,0.0
2009-01-13,31.100000381469727,0.0
2009-01-14,30.01000022888184,0.0
2009-01-15,30.36000061035156,0.0
2009-01-16,30.729999542236328,0.0
2009-01-20,28.46999931335449,0.0
2009-01-21,30.0,0.0
2009-01-22,29.420000076293945,0.0
2009-01-23,29.459999084472656,0.0
2009-01-26,29.65999984741211,0.0
2009-01-27,30.229999542236328,0.0
2009-01-28,31.15999984741211,0.0
2009-01-29,29.82999992370605,0.0
2009-01-30,29.39999961853028,0.0
2009-02-02,29.350000381469727,0.0
2009-02-03,29.93000030517578,0.0
2009-02-04,29.71999931335449,0.0
2009-02-05,31.020000457763672,0.0
2009-02-06,31.200000762939453,0.0
2009-02-09,31.11000061035156,0.0
2009-02-10,29.65999984741211,0.0
2009-02-11,29.8700008392334,0.0
2009-02-12,29.799999237060547,0.0
2009-02-13,29.690000534057617,0.0
2009-02-17,28.100000381469727,0.0
2009-02-18,27.93000030517578,0.0
2009-02-19,27.850000381469727,0.0
2009-02-20,27.0,0.0
2009-02-23,26.56999969482422,0.0
2009-02-24,27.61000061035156,0.0
2009-02-25,27.209999084472656,0.0
2009-02-26,27.020000457763672,0.0
2009-02-27,26.600000381469727,0.0
2009-03-02,25.239999771118164,0.0
2009-03-03,25.030000686645508,0.0
2009-03-04,26.09000015258789,0.0
2009-03-05,25.020000457763672,0.0
2009-03-06,24.93000030517578,0.0
2009-03-09,24.5,0.0
2009-03-10,26.239999771118164,0.0
2009-03-11,26.26000022888184,0.0
2009-03-12,27.229999542236328,0.0
2009-03-13,28.0,0.0
2009-03-16,27.38999938964844,0.0
2009-03-17,28.200000762939453,0.0
2009-03-18,28.86000061035156,0.0
2009-03-19,28.709999084472656,0.0
2009-03-20,28.190000534057617,0.0
2009-03-23,30.3700008392334,0.0
2009-03-24,29.5,0.0
2009-03-25,29.90999984741211,0.0
2009-03-26,30.420000076293945,0.0
2009-03-27,29.57999992370605,0.0
2009-03-30,28.36000061035156,0.0
2009-03-31,28.950000762939453,0.0
2009-04-01,29.559999465942383,0.0
2009-04-02,30.809999465942383,0.0
2009-04-03,30.950000762939453,0.0
2009-04-06,30.6299991607666,0.0
2009-04-07,29.93000030517578,0.0
2009-04-08,30.39999961853028,0.0
2009-04-09,31.459999084472656,0.0
2009-04-13,31.64999961853028,0.0
2009-04-14,31.21999931335449,0.0
2009-04-15,31.600000381469727,0.0
2009-04-16,31.96999931335449,0.0
2009-04-17,31.90999984741211,0.0
2009-04-20,30.450000762939453,0.0
2009-04-21,31.1299991607666,0.0
2009-04-22,30.950000762939453,0.0
2009-04-23,31.600000381469727,0.0
2009-04-24,31.950000762939453,0.0
2009-04-27,31.59000015258789,0.0
2009-04-28,31.32999992370605,0.0
2009-04-29,32.150001525878906,0.0
2009-04-30,32.439998626708984,0.0
2009-05-01,32.81999969482422,0.0
2009-05-04,34.08000183105469,0.0
2009-05-05,33.880001068115234,0.0
2009-05-06,34.41999816894531,0.0
2009-05-07,34.029998779296875,0.0
2009-05-08,35.2400016784668,0.0
2009-05-11,34.220001220703125,0.0
2009-05-12,34.40999984741211,0.0
2009-05-13,33.40999984741211,0.0
2009-05-14,33.65999984741211,0.0
2009-05-15,33.47999954223633,0.0
2009-05-18,34.779998779296875,0.0
2009-05-19,34.91999816894531,0.0
2009-05-20,34.900001525878906,0.0
2009-05-21,34.58000183105469,0.0
2009-05-22,34.70000076293945,0.0
2009-05-26,35.41999816894531,0.0
2009-05-27,34.81999969482422,0.0
2009-05-28,35.380001068115234,0.0
2009-05-29,35.880001068115234,0.0
2009-06-01,36.93999862670898,0.0
2009-06-02,36.880001068115234,0.0
2009-06-03,36.11000061035156,0.0
2009-06-04,36.459999084472656,0.0
2009-06-05,36.27999877929688,0.0
2009-06-08,36.11000061035156,0.0
2009-06-09,36.43000030517578,0.0
2009-06-10,36.31999969482422,0.0
2009-06-11,36.869998931884766,0.0
2009-06-12,36.77000045776367,0.0
2009-06-15,35.650001525878906,0.0
2009-06-16,35.16999816894531,0.0
2009-06-17,35.02000045776367,0.0
2009-06-18,35.099998474121094,0.0
2009-06-19,35.20000076293945,0.0
2009-06-22,34.119998931884766,0.0
2009-06-23,34.4900016784668,0.0
2009-06-24,34.810001373291016,0.0
2009-06-25,35.54999923706055,0.0
2009-06-26,35.56999969482422,0.0
2009-06-29,35.86000061035156,0.0
2009-06-30,35.2599983215332,0.0
2009-07-01,35.88999938964844,0.0
2009-07-02,34.83000183105469,0.0
2009-07-06,34.779998779296875,0.0
2009-07-07,34.08000183105469,0.0
2009-07-08,33.9900016784668,0.0
2009-07-09,34.290000915527344,0.0
2009-07-10,34.130001068115234,0.0
2009-07-13,34.790000915527344,0.0
2009-07-14,35.02000045776367,0.0
2009-07-15,36.220001220703125,0.0
2009-07-16,36.38999938964844,0.0
2009-07-17,36.470001220703125,0.0
2009-07-20,37.15999984741211,0.0
2009-07-21,37.15999984741211,0.0
2009-07-22,37.27000045776367,0.0
2009-07-23,38.09999847412109,0.0
2009-07-24,38.20000076293945,0.0
2009-07-27,38.34000015258789,0.0
2009-07-28,38.18000030517578,0.0
2009-07-29,37.77000045776367,0.0
2009-07-30,38.540000915527344,0.0
2009-07-31,38.83000183105469,0.0
2009-08-03,39.66999816894531,0.0
2009-08-04,39.540000915527344,0.0
2009-08-05,39.5,0.0
2009-08-06,39.2400016784668,0.0
2009-08-07,39.52000045776367,0.0
2009-08-10,39.27000045776367,0.0
2009-08-11,38.84999847412109,0.0
2009-08-12,39.27999877929688,0.0
2009-08-13,39.77000045776367,0.0
2009-08-14,39.36000061035156,0.0
2009-08-17,38.18999862670898,0.0
2009-08-18,38.709999084472656,0.0
2009-08-19,38.869998931884766,0.0
2009-08-20,39.31999969482422,0.0
2009-08-21,40.119998931884766,0.0
2009-08-24,40.16999816894531,0.0
2009-08-25,40.27999877929688,0.0
2009-08-26,40.150001525878906,0.0
2009-08-27,40.27000045776367,0.0
2009-08-28,40.2599983215332,0.0
2009-08-31,39.869998931884766,0.0
2009-09-01,39.0,0.0
2009-09-02,39.06999969482422,0.0
2009-09-03,39.5,0.0
2009-09-04,40.0,0.0
2009-09-08,40.72999954223633,0.0
2009-09-09,41.09999847412109,0.0
2009-09-10,41.52999877929688,0.0
2009-09-11,41.47999954223633,0.0
2009-09-14,41.61000061035156,0.0
2009-09-15,41.790000915527344,0.0
2009-09-16,42.5099983215332,0.0
2009-09-17,42.43999862670898,0.0
2009-09-18,42.459999084472656,0.0
2009-09-21,42.11000061035156,0.0
2009-09-22,42.709999084472656,0.0
2009-09-23,42.16999816894531,0.0
2009-09-24,41.54999923706055,0.0
2009-09-25,41.45000076293945,0.0
2009-09-28,42.06999969482422,0.0
2009-09-29,42.0099983215332,0.0
2009-09-30,41.959999084472656,0.0
2009-10-01,40.869998931884766,0.0
2009-10-02,40.66999816894531,0.0
2009-10-05,41.22999954223633,0.0
2009-10-06,41.7400016784668,0.0
2009-10-07,41.93999862670898,0.0
2009-10-08,42.52000045776367,0.0
2009-10-09,42.58000183105469,0.0
2009-10-12,42.79999923706055,0.0
2009-10-13,42.709999084472656,0.0
2009-10-14,43.709999084472656,0.0
2009-10-15,43.7599983215332,0.0
2009-10-16,43.2599983215332,0.0
2009-10-19,43.869998931884766,0.0
2009-10-20,43.41999816894531,0.0
2009-10-21,43.25,0.0
2009-10-22,43.68999862670898,0.0
2009-10-23,43.09000015258789,0.0
2009-10-26,42.5099983215332,0.0
2009-10-27,42.150001525878906,0.0
2009-10-28,40.970001220703125,0.0
2009-10-29,42.400001525878906,0.0
2009-10-30,40.900001525878906,0.0
2009-11-02,41.16999816894531,0.0
2009-11-03,41.2599983215332,0.0
2009-11-04,41.52999877929688,0.0
2009-11-05,42.209999084472656,0.0
2009-11-06,42.209999084472656,0.0
2009-11-09,43.470001220703125,0.0
2009-11-10,43.38999938964844,0.0
2009-11-11,43.650001525878906,0.0
2009-11-12,43.02000045776367,0.0
2009-11-13,43.459999084472656,0.0
2009-11-16,44.13999938964844,0.0
2009-11-17,44.040000915527344,0.0
2009-11-18,44.40999984741211,0.0
2009-11-19,43.31999969482422,0.0
2009-11-20,43.02999877929688,0.0
2009-11-23,43.75,0.0
2009-11-24,43.5099983215332,0.0
2009-11-25,44.02999877929688,0.0
2009-11-27,42.88999938964844,0.0
2009-11-30,43.08000183105469,0.0
2009-12-01,43.9900016784668,0.0
2009-12-02,44.06999969482422,0.0
2009-12-03,43.77000045776367,0.0
2009-12-04,43.84999847412109,0.0
2009-12-07,43.619998931884766,0.0
2009-12-08,43.040000915527344,0.0
2009-12-09,43.119998931884766,0.0
2009-12-10,43.31999969482422,0.0
2009-12-11,43.38999938964844,0.0
2009-12-14,43.72999954223633,0.0
2009-12-15,43.400001525878906,0.0
2009-12-16,43.65999984741211,0.0
2009-12-17,42.79999923706055,0.0
2009-12-18,43.0,0.0
2009-12-21,43.22999954223633,0.0
2009-12-22,43.47999954223633,0.0
2009-12-23,43.720001220703125,0.0
2009-12-24,43.31999969482422,0.662
2009-12-28,43.41999816894531,0.0
2009-12-29,43.400001525878906,0.0
2009-12-30,43.310001373291016,0.0
2009-12-31,43.09000015258789,0.0
2010-01-04,44.09999847412109,0.0
2010-01-05,44.22999954223633,0.0
2010-01-06,44.45000076293945,0.0
2010-01-07,44.27999877929688,0.0
2010-01-08,44.56999969482422,0.0
2010-01-11,44.709999084472656,0.0
2010-01-12,44.209999084472656,0.0
2010-01-13,44.54999923706055,0.0
2010-01-14,44.66999816894531,0.0
2010-01-15,44.18000030517578,0.0
2010-01-19,44.70000076293945,0.0
2010-01-20,43.810001373291016,0.0
2010-01-21,42.84000015258789,0.0
2010-01-22,41.959999084472656,0.0
2010-01-25,42.27999877929688,0.0
2010-01-26,42.06999969482422,0.0
2010-01-27,41.91999816894531,0.0
2010-01-28,41.29999923706055,0.0
2010-01-29,40.88999938964844,0.0
2010-02-01,41.720001220703125,0.0
2010-02-02,42.36000061035156,0.0
2010-02-03,42.0,0.0
2010-02-04,40.5099983215332,0.0
2010-02-05,40.15999984741211,0.0
2010-02-08,39.900001525878906,0.0
2010-02-09,40.7599983215332,0.0
2010-02-10,40.540000915527344,0.0
2010-02-11,41.06999969482422,0.0
2010-02-12,40.81999969482422,0.0
2010-02-16,41.65999984741211,0.0
2010-02-17,41.81999969482422,0.0
2010-02-18,42.060001373291016,0.0
2010-02-19,41.959999084472656,0.0
2010-02-22,42.0,0.0
2010-02-23,41.2400016784668,0.0
2010-02-24,41.59000015258789,0.0
2010-02-25,41.5,0.0
2010-02-26,41.7400016784668,0.0
2010-03-01,42.11000061035156,0.0
2010-03-02,42.470001220703125,0.0
2010-03-03,42.61000061035156,0.0
2010-03-04,42.68999862670898,0.0
2010-03-05,43.45000076293945,0.0
2010-03-08,43.5,0.0
2010-03-09,43.5,0.0
2010-03-10,43.70000076293945,0.0
2010-03-11,43.77999877929688,0.0
2010-03-12,43.86000061035156,0.0
2010-03-15,43.68000030517578,0.0
2010-03-16,44.16999816894531,0.0
2010-03-17,44.36000061035156,0.0
2010-03-18,44.18999862670898,0.0
2010-03-19,43.86000061035156,0.0
2010-03-22,43.97999954223633,0.0
2010-03-23,44.369998931884766,0.0
2010-03-24,44.0099983215332,0.0
2010-03-25,43.869998931884766,0.0
2010-03-26,44.040000915527344,0.0
2010-03-29,44.45000076293945,0.0
2010-03-30,44.560001373291016,0.0
2010-03-31,44.52000045776367,0.0
2010-04-01,45.06999969482422,0.0
2010-04-05,45.40999984741211,0.0
2010-04-06,45.41999816894531,0.0
2010-04-07,45.06999969482422,0.0
2010-04-08,45.13999938964844,0.0
2010-04-09,45.58000183105469,0.0
2010-04-12,45.66999816894531,0.0
2010-04-13,45.630001068115234,0.0
2010-04-14,46.18000030517578,0.0
2010-04-15,46.130001068115234,0.0
2010-04-16,45.22999954223633,0.0
2010-04-19,45.18000030517578,0.0
2010-04-20,45.52000045776367,0.0
2010-04-21,45.36000061035156,0.0
2010-04-22,45.220001220703125,0.0
2010-04-23,45.59000015258789,0.0
2010-04-26,45.5099983215332,0.0
2010-04-27,44.09999847412109,0.0
2010-04-28,44.16999816894531,0.0
2010-04-29,44.90999984741211,0.0
2010-04-30,44.31999969482422,0.0
2010-05-03,44.72999954223633,0.0
2010-05-04,43.22999954223633,0.0
2010-05-05,42.66999816894531,0.0
2010-05-06,41.02999877929688,0.0
2010-05-07,40.72999954223633,0.0
2010-05-10,43.04999923706055,0.0
2010-05-11,42.52999877929688,0.0
2010-05-12,43.04999923706055,0.0
2010-05-13,42.56999969482422,0.0
2010-05-14,41.56999969482422,0.0
2010-05-17,41.650001525878906,0.0
2010-05-18,40.95000076293945,0.0
2010-05-19,40.68000030517578,0.0
2010-05-20,39.13999938964844,0.0
2010-05-21,40.0,0.0
2010-05-24,39.38999938964844,0.0
2010-05-25,39.119998931884766,0.0
2010-05-26,38.880001068115234,0.0
2010-05-27,40.70000076293945,0.0
2010-05-28,39.93999862670898,0.0
2010-06-01,39.45000076293945,0.0
2010-06-02,40.560001373291016,0.0
2010-06-03,40.59999847412109,0.0
2010-06-04,39.06999969482422,0.0
2010-06-07,38.59000015258789,0.0
2010-06-08,39.13999938964844,0.0
2010-06-09,39.040000915527344,0.0
2010-06-10,40.27999877929688,0.0
2010-06-11,40.45000076293945,0.0
2010-06-14,40.43000030517578,0.0
2010-06-15,41.650001525878906,0.0
2010-06-16,41.540000915527344,0.0
2010-06-17,41.560001373291016,0.0
2010-06-18,41.61000061035156,0.0
2010-06-21,41.70000076293945,0.0
2010-06-22,41.02999877929688,0.0
2010-06-23,41.09000015258789,0.0
2010-06-24,40.36000061035156,0.0
2010-06-25,40.630001068115234,0.0
2010-06-28,40.43000030517578,0.0
2010-06-29,39.11000061035156,0.0
2010-06-30,38.81999969482422,0.0
2010-07-01,38.93000030517578,0.0
2010-07-02,38.880001068115234,0.0
2010-07-06,39.380001068115234,0.0
2010-07-07,40.54999923706055,0.0
2010-07-08,40.88999938964844,0.0
2010-07-09,41.16999816894531,0.0
2010-07-12,40.9900016784668,0.0
2010-07-13,41.65999984741211,0.0
2010-07-14,41.66999816894531,0.0
2010-07-15,41.72999954223633,0.0
2010-07-16,40.5099983215332,0.0
2010-07-19,40.77999877929688,0.0
2010-07-20,41.2599983215332,0.0
2010-07-21,40.66999816894531,0.0
2010-07-22,41.790000915527344,0.0
2010-07-23,42.15999984741211,0.0
2010-07-26,42.47999954223633,0.0
2010-07-27,42.5099983215332,0.0
2010-07-28,42.31999969482422,0.0
2010-07-29,42.310001373291016,0.0
2010-07-30,42.38999938964844,0.0
2010-08-02,43.54999923706055,0.0
2010-08-03,43.33000183105469,0.0
2010-08-04,43.52999877929688,0.0
2010-08-05,43.5,0.0
2010-08-06,43.38999938964844,0.0
2010-08-09,43.56999969482422,0.0
2010-08-10,43.27000045776367,0.0
2010-08-11,41.72999954223633,0.0
2010-08-12,41.59000015258789,0.0
2010-08-13,41.459999084472656,0.0
2010-08-16,41.630001068115234,0.0
2010-08-17,42.220001220703125,0.0
2010-08-18,42.27999877929688,0.0
2010-08-19,41.630001068115234,0.0
2010-08-20,41.369998931884766,0.0
2010-08-23,41.20000076293945,0.0
2010-08-24,40.560001373291016,0.0
2010-08-25,40.630001068115234,0.0
2010-08-26,40.45000076293945,0.0
2010-08-27,41.2599983215332,0.0
2010-08-30,40.650001525878906,0.0
2010-08-31,40.70000076293945,0.0
2010-09-01,42.0099983215332,0.0
2010-09-02,42.27999877929688,0.0
2010-09-03,42.7599983215332,0.0
2010-09-07,42.27000045776367,0.0
2010-09-08,42.59999847412109,0.0
2010-09-09,42.880001068115234,0.0
2010-09-10,43.060001373291016,0.0
2010-09-13,43.72999954223633,0.0
2010-09-14,43.86000061035156,0.0
2010-09-15,43.900001525878906,0.0
2010-09-16,43.790000915527344,0.0
2010-09-17,43.66999816894531,0.0
2010-09-20,44.34000015258789,0.0
2010-09-21,44.310001373291016,0.0
2010-09-22,44.2599983215332,0.0
2010-09-23,43.79999923706055,0.0
2010-09-24,44.84000015258789,0.0
2010-09-27,44.66999816894531,0.0
2010-09-28,44.95000076293945,0.0
2010-09-29,44.90999984741211,0.0
2010-09-30,44.790000915527344,0.0
2010-10-01,45.15999984741211,0.0
2010-10-04,44.75,0.0
2010-10-05,45.79999923706055,0.0
2010-10-06,45.900001525878906,0.0
2010-10-07,45.790000915527344,0.0
2010-10-08,46.060001373291016,0.0
2010-10-11,46.02000045776367,0.0
2010-10-12,46.08000183105469,0.0
2010-10-13,46.58000183105469,0.0
2010-10-14,46.59999847412109,0.0
2010-10-15,46.560001373291016,0.0
2010-10-18,46.66999816894531,0.0
2010-10-19,45.68000030517578,0.0
2010-10-20,46.43999862670898,0.0
2010-10-21,46.380001068115234,0.0
2010-10-22,46.47999954223633,0.0
2010-10-25,46.68999862670898,0.0
2010-10-26,46.5,0.0
2010-10-27,46.13999938964844,0.0
2010-10-28,46.43999862670898,0.0
2010-10-29,46.4900016784668,0.0
2010-11-01,46.459999084472656,0.0
2010-11-02,47.02000045776367,0.0
2010-11-03,47.27000045776367,0.0
2010-11-04,48.27000045776367,0.0
2010-11-05,48.2599983215332,0.0
2010-11-08,48.09999847412109,0.0
2010-11-09,47.66999816894531,0.0
2010-11-10,47.77999877929688,0.0
2010-11-11,47.56999969482422,0.0
2010-11-12,46.93999862670898,0.0
2010-11-15,46.900001525878906,0.0
2010-11-16,45.95000076293945,0.0
2010-11-17,46.08000183105469,0.0
2010-11-18,47.02000045776367,0.0
2010-11-19,47.02000045776367,0.0
2010-11-22,46.84999847412109,0.0
2010-11-23,45.7400016784668,0.0
2010-11-24,46.45000076293945,0.0
2010-11-26,45.93000030517578,0.0
2010-11-29,45.68000030517578,0.0
2010-11-30,45.2599983215332,0.0
2010-12-01,46.41999816894531,0.0
2010-12-02,47.27000045776367,0.0
2010-12-03,47.5,0.0
2010-12-06,47.369998931884766,0.0
2010-12-07,47.31999969482422,0.0
2010-12-08,47.400001525878906,0.0
2010-12-09,47.52999877929688,0.0
2010-12-10,47.72999954223633,0.0
2010-12-13,48.040000915527344,0.0
2010-12-14,48.09999847412109,0.0
2010-12-15,47.63999938964844,0.0
2010-12-16,47.90999984741211,0.0
2010-12-17,47.77000045776367,0.0
2010-12-20,47.83000183105469,0.0
2010-12-21,48.2400016784668,0.0
2010-12-22,47.45000076293945,0.918
2010-12-23,47.36000061035156,0.0
2010-12-27,47.38999938964844,0.0
2010-12-28,47.36000061035156,0.0
2010-12-29,47.68999862670898,0.0
2010-12-30,47.650001525878906,0.0
2010-12-31,47.79999923706055,0.0
2011-01-03,48.22999954223633,0.0
2011-01-04,48.150001525878906,0.0
2011-01-05,48.16999816894531,0.0
2011-01-06,47.83000183105469,0.0
2011-01-07,47.66999816894531,0.0
2011-01-10,47.470001220703125,0.0
2011-01-11,47.88999938964844,0.0
2011-01-12,48.619998931884766,0.0
2011-01-13,48.59000015258789,0.0
2011-01-14,48.880001068115234,0.0
2011-01-18,49.02999877929688,0.0
2011-01-19,48.59999847412109,0.0
2011-01-20,48.34000015258789,0.0
2011-01-21,48.459999084472656,0.0
2011-01-24,48.77999877929688,0.0
2011-01-25,48.63999938964844,0.0
2011-01-26,48.93999862670898,0.0
2011-01-27,49.09000015258789,0.0
2011-01-28,48.02000045776367,0.0
2011-01-31,48.470001220703125,0.0
2011-02-01,49.40999984741211,0.0
2011-02-02,49.29999923706055,0.0
2011-02-03,49.36000061035156,0.0
2011-02-04,49.41999816894531,0.0
2011-02-07,49.54999923706055,0.0
2011-02-08,49.79999923706055,0.0
2011-02-09,49.47999954223633,0.0
2011-02-10,49.209999084472656,0.0
2011-02-11,49.5,0.0
2011-02-14,49.619998931884766,0.0
2011-02-15,49.5099983215332,0.0
2011-02-16,49.880001068115234,0.0
2011-02-17,50.15999984741211,0.0
2011-02-18,50.31999969482422,0.0
2011-02-22,49.040000915527344,0.0
2011-02-23,48.900001525878906,0.0
2011-02-24,48.970001220703125,0.0
2011-02-25,49.4900016784668,0.0
2011-02-28,49.88999938964844,0.0
2011-03-01,49.220001220703125,0.0
2011-03-02,49.4900016784668,0.0
2011-03-03,50.2400016784668,0.0
2011-03-04,49.86000061035156,0.0
2011-03-07,49.5099983215332,0.0
2011-03-08,49.77999877929688,0.0
2011-03-09,49.70000076293945,0.0
2011-03-10,48.56999969482422,0.0
2011-03-11,48.75,0.0
2011-03-14,48.33000183105469,0.0
2011-03-15,47.45000076293945,0.0
2011-03-16,46.34999847412109,0.0
2011-03-17,47.380001068115234,0.0
2011-03-18,47.7599983215332,0.0
2011-03-21,48.709999084472656,0.0
2011-03-22,48.61000061035156,0.0
2011-03-23,48.68000030517578,0.0
2011-03-24,49.310001373291016,0.0
2011-03-25,49.220001220703125,0.0
2011-03-28,49.08000183105469,0.0
2011-03-29,49.43000030517578,0.0
2011-03-30,49.91999816894531,0.0
2011-03-31,49.86000061035156,0.0
2011-04-01,50.27000045776367,0.0
2011-04-04,50.34999847412109,0.0
2011-04-05,50.34999847412109,0.0
2011-04-06,50.59999847412109,0.0
2011-04-07,50.43000030517578,0.0
2011-04-08,50.47999954223633,0.0
2011-04-11,50.33000183105469,0.0
2011-04-12,49.81999969482422,0.0
2011-04-13,49.900001525878906,0.0
2011-04-14,50.06999969482422,0.0
2011-04-15,50.09000015258789,0.0
2011-04-18,49.220001220703125,0.0
2011-04-19,49.65999984741211,0.0
2011-04-20,50.61000061035156,0.0
2011-04-21,50.959999084472656,0.0
2011-04-25,50.90999984741211,0.0
2011-04-26,51.2599983215332,0.0
2011-04-27,51.68999862670898,0.0
2011-04-28,51.810001373291016,0.0
2011-04-29,52.02999877929688,0.0
2011-05-02,51.880001068115234,0.0
2011-05-03,51.4900016784668,0.0
2011-05-04,50.9900016784668,0.0
2011-05-05,50.27000045776367,0.0
2011-05-06,50.5,0.0
2011-05-09,50.77000045776367,0.0
2011-05-10,51.31999969482422,0.0
2011-05-11,50.41999816894531,0.0
2011-05-12,50.459999084472656,0.0
2011-05-13,49.869998931884766,0.0
2011-05-16,49.70000076293945,0.0
2011-05-17,49.84999847412109,0.0
2011-05-18,50.27999877929688,0.0
2011-05-19,50.38999938964844,0.0
2011-05-20,49.86000061035156,0.0
2011-05-23,49.0,0.0
2011-05-24,49.15999984741211,0.0
2011-05-25,49.43999862670898,0.0
2011-05-26,49.79999923706055,0.0
2011-05-27,50.130001068115234,0.0
2011-05-31,50.84999847412109,0.0
2011-06-01,49.77999877929688,0.0
2011-06-02,49.84000015258789,0.0
2011-06-03,49.68000030517578,0.0
2011-06-06,49.0,0.0
2011-06-07,49.220001220703125,0.0
2011-06-08,48.91999816894531,0.0
2011-06-09,49.31999969482422,0.0
2011-06-10,48.33000183105469,0.0
2011-06-13,48.43000030517578,0.0
2011-06-14,49.16999816894531,0.0
2011-06-15,47.93999862670898,0.0
2011-06-16,47.77000045776367,0.0
2011-06-17,48.06999969482422,0.0
2011-06-20,48.11000061035156,0.0
2011-06-21,48.97999954223633,0.0
2011-06-22,48.650001525878906,0.0
2011-06-23,48.38999938964844,0.0
2011-06-24,47.900001525878906,0.0
2011-06-27,48.290000915527344,0.0
2011-06-28,48.95000076293945,0.0
2011-06-29,49.58000183105469,0.0
2011-06-30,50.16999816894531,0.0
2011-07-01,50.7400016784668,0.0
2011-07-05,50.630001068115234,0.0
2011-07-06,50.4900016784668,0.0
2011-07-07,50.970001220703125,0.0
2011-07-08,50.470001220703125,0.0
2011-07-11,49.290000915527344,0.0
2011-07-12,48.91999816894531,0.0
2011-07-13,49.40999984741211,0.0
2011-07-14,49.040000915527344,0.0
2011-07-15,49.34000015258789,0.0
2011-07-18,48.720001220703125,0.0
2011-07-19,49.52999877929688,0.0
2011-07-20,49.84000015258789,0.0
2011-07-21,50.650001525878906,0.0
2011-07-22,50.65999984741211,0.0
2011-07-25,50.27000045776367,0.0
2011-07-26,50.34999847412109,0.0
2011-07-27,49.2599983215332,0.0
2011-07-28,49.18000030517578,0.0
2011-07-29,49.09000015258789,0.0
2011-08-01,48.720001220703125,0.0
2011-08-02,47.5,0.0
2011-08-03,47.68999862670898,0.0
2011-08-04,44.869998931884766,0.0
2011-08-05,45.060001373291016,0.0
2011-08-08,41.7400016784668,0.0
2011-08-09,44.09000015258789,0.0
2011-08-10,41.93999862670898,0.0
2011-08-11,43.970001220703125,0.0
2011-08-12,44.369998931884766,0.0
2011-08-15,45.36000061035156,0.0
2011-08-16,44.88999938964844,0.0
2011-08-17,45.09000015258789,0.0
2011-08-18,43.08000183105469,0.0
2011-08-19,42.43000030517578,0.0
2011-08-22,42.459999084472656,0.0
2011-08-23,43.93000030517578,0.0
2011-08-24,44.130001068115234,0.0
2011-08-25,43.18999862670898,0.0
2011-08-26,43.869998931884766,0.0
2011-08-29,45.060001373291016,0.0
2011-08-30,45.11000061035156,0.0
2011-08-31,45.52999877929688,0.0
2011-09-01,45.209999084472656,0.0
2011-09-02,44.11000061035156,0.0
2011-09-06,43.310001373291016,0.0
2011-09-07,44.5099983215332,0.0
2011-09-08,43.810001373291016,0.0
2011-09-09,42.540000915527344,0.0
2011-09-12,42.4900016784668,0.0
2011-09-13,42.88999938964844,0.0
2011-09-14,43.369998931884766,0.0
2011-09-15,44.09999847412109,0.0
2011-09-16,44.20000076293945,0.0
2011-09-19,43.34999847412109,0.0
2011-09-20,43.34000015258789,0.0
2011-09-21,42.0099983215332,0.0
2011-09-22,40.2599983215332,0.0
2011-09-23,40.630001068115234,0.0
2011-09-26,41.4900016784668,0.0
2011-09-27,42.290000915527344,0.0
2011-09-28,41.369998931884766,0.0
2011-09-29,41.95000076293945,0.0
2011-09-30,40.650001525878906,0.0
2011-10-03,39.630001068115234,0.0
2011-10-04,40.40999984741211,0.0
2011-10-05,41.15999984741211,0.0
2011-10-06,42.15999984741211,0.0
2011-10-07,41.79999923706055,0.0
2011-10-10,43.34999847412109,0.0
2011-10-11,43.18000030517578,0.0
2011-10-12,44.02999877929688,0.0
2011-10-13,43.790000915527344,0.0
2011-10-14,44.52999877929688,0.0
2011-10-17,43.45000076293945,0.0
2011-10-18,44.29999923706055,0.0
2011-10-19,43.63999938964844,0.0
2011-10-20,43.58000183105469,0.0
2011-10-21,44.619998931884766,0.0
2011-10-24,45.29999923706055,0.0
2011-10-25,44.4900016784668,0.0
2011-10-26,45.119998931884766,0.0
2011-10-27,47.11000061035156,0.0
2011-10-28,46.959999084472656,0.0
2011-10-31,45.22999954223633,0.0
2011-11-01,43.93000030517578,0.0
2011-11-02,44.709999084472656,0.0
2011-11-03,45.619998931884766,0.0
2011-11-04,45.2400016784668,0.0
2011-11-07,45.45000076293945,0.0
2011-11-08,46.0099983215332,0.0
2011-11-09,43.88999938964844,0.0
2011-11-10,44.34999847412109,0.0
2011-11-11,45.33000183105469,0.0
2011-11-14,44.650001525878906,0.0
2011-11-15,44.66999816894531,0.0
2011-11-16,43.9900016784668,0.0
2011-11-17,43.27000045776367,0.0
2011-11-18,43.310001373291016,0.0
2011-11-21,42.31999969482422,0.0
2011-11-22,42.2599983215332,0.0
2011-11-23,41.150001525878906,0.0
2011-11-25,41.02000045776367,0.0
2011-11-28,42.560001373291016,0.0
2011-11-29,42.709999084472656,0.0
2011-11-30,44.66999816894531,0.0
2011-12-01,44.470001220703125,0.0
2011-12-02,44.45000076293945,0.0
2011-12-05,44.97999954223633,0.0
2011-12-06,44.869998931884766,0.0
2011-12-07,45.02000045776367,0.0
2011-12-08,43.79999923706055,0.0
2011-12-09,44.619998931884766,0.0
2011-12-12,43.58000183105469,0.0
2011-12-13,43.119998931884766,0.0
2011-12-14,42.59000015258789,0.0
2011-12-15,42.75,0.0
2011-12-16,42.81999969482422,0.0
2011-12-19,42.29999923706055,0.0
2011-12-20,43.65999984741211,0.0
2011-12-21,42.540000915527344,1.018
2011-12-22,43.02999877929688,0.0
2011-12-23,43.290000915527344,0.0
2011-12-27,43.22999954223633,0.0
2011-12-28,42.58000183105469,0.0
2011-12-29,43.08000183105469,0.0
2011-12-30,43.18000030517578,0.0
2012-01-03,43.9900016784668,0.0
2012-01-04,43.9900016784668,0.0
2012-01-05,43.7599983215332,0.0
2012-01-06,43.43000030517578,0.0
2012-01-09,43.58000183105469,0.0
2012-01-10,44.25,0.0
2012-01-11,44.18999862670898,0.0
2012-01-12,44.33000183105469,0.0
2012-01-13,43.93999862670898,0.0
2012-01-17,44.310001373291016,0.0
2012-01-18,44.900001525878906,0.0
2012-01-19,45.29999923706055,0.0
2012-01-20,45.400001525878906,0.0
2012-01-23,45.45000076293945,0.0
2012-01-24,45.27999877929688,0.0
2012-01-25,45.83000183105469,0.0
2012-01-26,45.65999984741211,0.0
2012-01-27,45.720001220703125,0.0
2012-01-30,45.43999862670898,0.0
2012-01-31,45.540000915527344,0.0
2012-02-01,46.16999816894531,0.0
2012-02-02,46.34999847412109,0.0
2012-02-03,47.0,0.0
2012-02-06,46.880001068115234,0.0
2012-02-07,47.040000915527344,0.0
2012-02-08,47.220001220703125,0.0
2012-02-09,47.27999877929688,0.0
2012-02-10,46.650001525878906,0.0
2012-02-13,47.060001373291016,0.0
2012-02-14,46.869998931884766,0.0
2012-02-15,46.77999877929688,0.0
2012-02-16,47.41999816894531,0.0
2012-02-17,47.54999923706055,0.0
2012-02-21,47.56999969482422,0.0
2012-02-22,47.43000030517578,0.0
2012-02-23,47.59999847412109,0.0
2012-02-24,47.869998931884766,0.0
2012-02-27,47.75,0.0
2012-02-28,48.02000045776367,0.0
2012-02-29,47.709999084472656,0.0
2012-03-01,48.16999816894531,0.0
2012-03-02,47.81999969482422,0.0
2012-03-05,47.52000045776367,0.0
2012-03-06,46.34999847412109,0.0
2012-03-07,46.86000061035156,0.0
2012-03-08,47.63999938964844,0.0
2012-03-09,47.59999847412109,0.0
2012-03-12,47.52000045776367,0.0
2012-03-13,48.36000061035156,0.0
2012-03-14,48.18000030517578,0.0
2012-03-15,48.470001220703125,0.0
2012-03-16,48.630001068115234,0.0
2012-03-19,48.77000045776367,0.0
2012-03-20,48.38999938964844,0.0
2012-03-21,48.29999923706055,0.0
2012-03-22,47.72999954223633,0.0
2012-03-23,48.09999847412109,0.0
2012-03-26,48.810001373291016,0.0
2012-03-27,48.52000045776367,0.0
2012-03-28,48.15999984741211,0.0
2012-03-29,48.08000183105469,0.0
2012-03-30,48.27000045776367,0.0
2012-04-02,48.77000045776367,0.0
2012-04-03,48.310001373291016,0.0
2012-04-04,47.56999969482422,0.0
2012-04-05,47.470001220703125,0.0
2012-04-09,47.060001373291016,0.0
2012-04-10,46.119998931884766,0.0
2012-04-11,46.650001525878906,0.0
2012-04-12,47.459999084472656,0.0
2012-04-13,46.68000030517578,0.0
2012-04-16,46.84000015258789,0.0
2012-04-17,47.560001373291016,0.0
2012-04-18,47.27000045776367,0.0
2012-04-19,47.060001373291016,0.0
2012-04-20,47.209999084472656,0.0
2012-04-23,46.59999847412109,0.0
2012-04-24,46.77000045776367,0.0
2012-04-25,47.400001525878906,0.0
2012-04-26,47.79999923706055,0.0
2012-04-27,47.900001525878906,0.0
2012-04-30,47.70000076293945,0.0
2012-05-01,47.93999862670898,0.0
2012-05-02,47.7599983215332,0.0
2012-05-03,47.36000061035156,0.0
2012-05-04,46.52000045776367,0.0
2012-05-07,46.720001220703125,0.0
2012-05-08,46.25,0.0
2012-05-09,45.810001373291016,0.0
2012-05-10,45.93000030517578,0.0
2012-05-11,45.77999877929688,0.0
2012-05-14,45.02999877929688,0.0
2012-05-15,44.650001525878906,0.0
2012-05-16,44.29999923706055,0.0
2012-05-17,43.68999862670898,0.0
2012-05-18,43.31999969482422,0.0
2012-05-21,44.130001068115234,0.0
2012-05-22,44.04999923706055,0.0
2012-05-23,43.900001525878906,0.0
2012-05-24,43.77000045776367,0.0
2012-05-25,43.68000030517578,0.0
2012-05-29,44.27999877929688,0.0
2012-05-30,43.40999984741211,0.0
2012-05-31,43.43999862670898,0.0
2012-06-01,42.45000076293945,0.0
2012-06-04,42.560001373291016,0.0
2012-06-05,42.77999877929688,0.0
2012-06-06,43.95000076293945,0.0
2012-06-07,43.95000076293945,0.0
2012-06-08,44.0099983215332,0.0
2012-06-11,43.43999862670898,0.0
2012-06-12,44.08000183105469,0.0
2012-06-13,43.720001220703125,0.0
2012-06-14,44.02999877929688,0.0
2012-06-15,44.58000183105469,0.0
2012-06-18,44.619998931884766,0.0
2012-06-19,45.2599983215332,0.0
2012-06-20,45.33000183105469,0.0
2012-06-21,44.150001525878906,0.0
2012-06-22,44.56999969482422,0.0
2012-06-25,43.68999862670898,0.0
2012-06-26,43.93999862670898,0.0
2012-06-27,44.369998931884766,0.0
2012-06-28,44.2400016784668,0.0
2012-06-29,45.66999816894531,0.0
2012-07-02,45.84000015258789,0.0
2012-07-03,46.33000183105469,0.0
2012-07-05,45.88999938964844,0.0
2012-07-06,45.38999938964844,0.0
2012-07-09,45.27000045776367,0.0
2012-07-10,44.90999984741211,0.0
2012-07-11,45.0,0.0
2012-07-12,44.54999923706055,0.0
2012-07-13,45.2599983215332,0.0
2012-07-16,45.25,0.0
2012-07-17,45.52999877929688,0.0
2012-07-18,45.77000045776367,0.0
2012-07-19,46.04999923706055,0.0
2012-07-20,45.38999938964844,0.0
2012-07-23,44.75,0.0
2012-07-24,44.25,0.0
2012-07-25,44.400001525878906,0.0
2012-07-26,45.36000061035156,0.0
2012-07-27,46.27999877929688,0.0
2012-07-30,46.16999816894531,0.0
2012-07-31,46.0,0.0
2012-08-01,45.86000061035156,0.0
2012-08-02,45.400001525878906,0.0
2012-08-03,46.540000915527344,0.0
2012-08-06,46.77000045776367,0.0
2012-08-07,47.09999847412109,0.0
2012-08-08,47.060001373291016,0.0
2012-08-09,47.15999984741211,0.0
2012-08-10,47.25,0.0
2012-08-13,47.13999938964844,0.0
2012-08-14,47.15999984741211,0.0
2012-08-15,47.18999862670898,0.0
2012-08-16,47.65999984741211,0.0
2012-08-17,47.70000076293945,0.0
2012-08-20,47.63999938964844,0.0
2012-08-21,47.650001525878906,0.0
2012-08-22,47.61000061035156,0.0
2012-08-23,47.290000915527344,0.0
2012-08-24,47.369998931884766,0.0
2012-08-27,47.34999847412109,0.0
2012-08-28,47.36000061035156,0.0
2012-08-29,47.27999877929688,0.0
2012-08-30,46.810001373291016,0.0
2012-08-31,47.13999938964844,0.0
2012-09-04,47.09000015258789,0.0
2012-09-05,47.02000045776367,0.0
2012-09-06,48.09999847412109,0.0
2012-09-07,48.560001373291016,0.0
2012-09-10,48.209999084472656,0.0
2012-09-11,48.5099983215332,0.0
2012-09-12,48.709999084472656,0.0
2012-09-13,49.560001373291016,0.0
2012-09-14,49.93999862670898,0.0
2012-09-17,49.68999862670898,0.0
2012-09-18,49.52999877929688,0.0
2012-09-19,49.630001068115234,0.0
2012-09-20,49.380001068115234,0.0
2012-09-21,49.380001068115234,0.0
2012-09-24,48.68000030517578,0.584
2012-09-25,48.27999877929688,0.0
2012-09-26,47.90999984741211,0.0
2012-09-27,48.5099983215332,0.0
2012-09-28,48.02999877929688,0.0
2012-10-01,48.27000045776367,0.0
2012-10-02,48.459999084472656,0.0
2012-10-03,48.400001525878906,0.0
2012-10-04,48.83000183105469,0.0
2012-10-05,48.84999847412109,0.0
2012-10-08,48.630001068115234,0.0
2012-10-09,48.08000183105469,0.0
2012-10-10,47.83000183105469,0.0
2012-10-11,48.060001373291016,0.0
2012-10-12,47.86000061035156,0.0
2012-10-15,48.290000915527344,0.0
2012-10-16,48.90999984741211,0.0
2012-10-17,49.20000076293945,0.0
2012-10-18,49.09999847412109,0.0
2012-10-19,48.34000015258789,0.0
2012-10-22,48.540000915527344,0.0
2012-10-23,47.68999862670898,0.0
2012-10-24,47.63999938964844,0.0
2012-10-25,47.93999862670898,0.0
2012-10-26,47.790000915527344,0.0
2012-10-31,47.7400016784668,0.0
2012-11-01,48.45000076293945,0.0
2012-11-02,47.93999862670898,0.0
2012-11-05,48.0099983215332,0.0
2012-11-06,48.40999984741211,0.0
2012-11-07,47.5099983215332,0.0
2012-11-08,47.02999877929688,0.0
2012-11-09,47.04999923706055,0.0
2012-11-12,47.09000015258789,0.0
2012-11-13,46.79999923706055,0.0
2012-11-14,46.25,0.0
2012-11-15,46.18000030517578,0.0
2012-11-16,46.33000183105469,0.0
2012-11-19,47.310001373291016,0.0
2012-11-20,47.25,0.0
2012-11-21,47.40999984741211,0.0
2012-11-23,48.16999816894531,0.0
2012-11-26,48.04999923706055,0.0
2012-11-27,47.7599983215332,0.0
2012-11-28,48.16999816894531,0.0
2012-11-29,48.43000030517578,0.0
2012-11-30,48.470001220703125,0.0
2012-12-03,48.34999847412109,0.0
2012-12-04,48.40999984741211,0.0
2012-12-05,48.54999923706055,0.0
2012-12-06,48.7400016784668,0.0
2012-12-07,48.84000015258789,0.0
2012-12-10,48.86000061035156,0.0
2012-12-11,49.2400016784668,0.0
2012-12-12,49.33000183105469,0.0
2012-12-13,49.02000045776367,0.0
2012-12-14,49.04999923706055,0.0
2012-12-17,49.459999084472656,0.0
2012-12-18,49.95000076293945,0.0
2012-12-19,49.84999847412109,0.0
2012-12-20,49.61000061035156,0.555
2012-12-21,49.18999862670898,0.0
2012-12-24,49.11000061035156,0.0
2012-12-26,49.02999877929688,0.0
2012-12-27,49.08000183105469,0.0
2012-12-28,48.77999877929688,0.0
2012-12-31,49.41999816894531,0.0
2013-01-02,50.5,0.0
2013-01-03,50.220001220703125,0.0
2013-01-04,50.459999084472656,0.0
2013-01-07,50.20000076293945,0.0
2013-01-08,50.0099983215332,0.0
2013-01-09,50.22999954223633,0.0
2013-01-10,50.7599983215332,0.0
2013-01-11,50.72999954223633,0.0
2013-01-14,50.7599983215332,0.0
2013-01-15,50.709999084472656,0.0
2013-01-16,50.61000061035156,0.0
2013-01-17,50.93999862670898,0.0
2013-01-18,50.9900016784668,0.0
2013-01-22,51.18999862670898,0.0
2013-01-23,51.150001525878906,0.0
2013-01-24,51.25,0.0
2013-01-25,51.52999877929688,0.0
2013-01-28,51.33000183105469,0.0
2013-01-29,51.61000061035156,0.0
2013-01-30,51.540000915527344,0.0
2013-01-31,51.400001525878906,0.0
2013-02-01,51.880001068115234,0.0
2013-02-04,51.150001525878906,0.0
2013-02-05,51.5,0.0
2013-02-06,51.54999923706055,0.0
2013-02-07,51.27999877929688,0.0
2013-02-08,51.59000015258789,0.0
2013-02-11,51.52000045776367,0.0
2013-02-12,51.68000030517578,0.0
2013-02-13,51.77999877929688,0.0
2013-02-14,51.70000076293945,0.0
2013-02-15,51.56999969482422,0.0
2013-02-19,52.02000045776367,0.0
2013-02-20,51.43000030517578,0.0
2013-02-21,50.900001525878906,0.0
2013-02-22,51.41999816894531,0.0
2013-02-25,50.459999084472656,0.0
2013-02-26,50.77999877929688,0.0
2013-02-27,51.34000015258789,0.0
2013-02-28,51.2400016784668,0.0
2013-03-01,51.369998931884766,0.0
2013-03-04,51.4900016784668,0.0
2013-03-05,51.970001220703125,0.0
2013-03-06,52.04999923706055,0.0
2013-03-07,52.2400016784668,0.0
2013-03-08,52.45000076293945,0.0
2013-03-11,52.59999847412109,0.0
2013-03-12,52.33000183105469,0.0
2013-03-13,52.29999923706055,0.0
2013-03-14,52.66999816894531,0.0
2013-03-15,52.52000045776367,0.0
2013-03-18,52.18000030517578,0.0
2013-03-19,51.81999969482422,0.0
2013-03-20,52.27000045776367,0.0
2013-03-21,51.86000061035156,0.0
2013-03-22,52.04999923706055,0.164
2013-03-25,51.7400016784668,0.0
2013-03-26,52.130001068115234,0.0
2013-03-27,52.06999969482422,0.0
2013-03-28,52.27999877929688,0.0
2013-04-01,51.83000183105469,0.0
2013-04-02,52.13999938964844,0.0
2013-04-03,51.56999969482422,0.0
2013-04-04,51.86000061035156,0.0
2013-04-05,51.68999862670898,0.0
2013-04-08,51.93999862670898,0.0
2013-04-09,52.09999847412109,0.0
2013-04-10,52.810001373291016,0.0
2013-04-11,53.06999969482422,0.0
2013-04-12,52.84000015258789,0.0
2013-04-15,51.52999877929688,0.0
2013-04-16,52.369998931884766,0.0
2013-04-17,51.43999862670898,0.0
2013-04-18,51.20000076293945,0.0
2013-04-19,51.77000045776367,0.0
2013-04-22,51.93999862670898,0.0
2013-04-23,52.52000045776367,0.0
2013-04-24,52.7400016784668,0.0
2013-04-25,53.040000915527344,0.0
2013-04-26,52.900001525878906,0.0
2013-04-29,53.41999816894531,0.0
2013-04-30,53.68000030517578,0.0
2013-05-01,53.15999984741211,0.0
2013-05-02,53.56999969482422,0.0
2013-05-03,54.150001525878906,0.0
2013-05-06,54.209999084472656,0.0
2013-05-07,54.43999862670898,0.0
2013-05-08,54.81999969482422,0.0
2013-05-09,54.54999923706055,0.0
2013-05-10,54.56999969482422,0.0
2013-05-13,54.52999877929688,0.0
2013-05-14,54.880001068115234,0.0
2013-05-15,55.09000015258789,0.0
2013-05-16,54.79999923706055,0.0
2013-05-17,55.25,0.0
2013-05-20,55.310001373291016,0.0
2013-05-21,55.38999938964844,0.0
2013-05-22,54.83000183105469,0.0
2013-05-23,54.58000183105469,0.0
2013-05-24,54.25,0.0
2013-05-28,54.459999084472656,0.0
2013-05-29,54.04999923706055,0.0
2013-05-30,54.310001373291016,0.0
2013-05-31,53.380001068115234,0.0
2013-06-03,53.709999084472656,0.0
2013-06-04,53.5099983215332,0.0
2013-06-05,52.61000061035156,0.0
2013-06-06,53.04999923706055,0.0
2013-06-07,53.52999877929688,0.0
2013-06-10,53.560001373291016,0.0
2013-06-11,52.84999847412109,0.0
2013-06-12,52.560001373291016,0.0
2013-06-13,53.34000015258789,0.0
2013-06-14,52.880001068115234,0.0
2013-06-17,53.43000030517578,0.0
2013-06-18,53.83000183105469,0.0
2013-06-19,52.880001068115234,0.0
2013-06-20,51.27000045776367,0.0
2013-06-21,51.369998931884766,0.0
2013-06-24,50.130001068115234,0.439
2013-06-25,50.79999923706055,0.0
2013-06-26,51.18999862670898,0.0
2013-06-27,51.720001220703125,0.0
2013-06-28,51.5099983215332,0.0
2013-07-01,51.93999862670898,0.0
2013-07-02,51.650001525878906,0.0
2013-07-03,51.72999954223633,0.0
2013-07-05,52.09999847412109,0.0
2013-07-08,52.29999923706055,0.0
2013-07-09,52.650001525878906,0.0
2013-07-10,52.720001220703125,0.0
2013-07-11,53.880001068115234,0.0
2013-07-12,53.75,0.0
2013-07-15,54.02999877929688,0.0
2013-07-16,53.869998931884766,0.0
2013-07-17,54.09000015258789,0.0
2013-07-18,54.369998931884766,0.0
2013-07-19,54.369998931884766,0.0
2013-07-22,54.619998931884766,0.0
2013-07-23,54.650001525878906,0.0
2013-07-24,54.470001220703125,0.0
2013-07-25,54.58000183105469,0.0
2013-07-26,54.43999862670898,0.0
2013-07-29,54.150001525878906,0.0
2013-07-30,54.11000061035156,0.0
2013-07-31,54.16999816894531,0.0
2013-08-01,54.88999938964844,0.0
2013-08-02,55.04999923706055,0.0
2013-08-05,54.93000030517578,0.0
2013-08-06,54.66999816894531,0.0
2013-08-07,54.36000061035156,0.0
2013-08-08,54.84999847412109,0.0
2013-08-09,54.810001373291016,0.0
2013-08-12,54.77999877929688,0.0
2013-08-13,55.040000915527344,0.0
2013-08-14,54.91999816894531,0.0
2013-08-15,54.27999877929688,0.0
2013-08-16,54.209999084472656,0.0
2013-08-19,53.77000045776367,0.0
2013-08-20,53.93999862670898,0.0
2013-08-21,53.380001068115234,0.0
2013-08-22,53.86000061035156,0.0
2013-08-23,54.209999084472656,0.0
2013-08-26,53.959999084472656,0.0
2013-08-27,53.0099983215332,0.0
2013-08-28,53.09000015258789,0.0
2013-08-29,53.119998931884766,0.0
2013-08-30,52.84000015258789,0.0
2013-09-03,53.31999969482422,0.0
2013-09-04,53.869998931884766,0.0
2013-09-05,53.97999954223633,0.0
2013-09-06,54.119998931884766,0.0
2013-09-09,54.86000061035156,0.0
2013-09-10,55.38999938964844,0.0
2013-09-11,55.54999923706055,0.0
2013-09-12,55.2599983215332,0.0
2013-09-13,55.43999862670898,0.0
2013-09-16,55.83000183105469,0.0
2013-09-17,55.959999084472656,0.0
2013-09-18,57.060001373291016,0.0
2013-09-19,56.880001068115234,0.0
2013-09-20,56.369998931884766,0.0
2013-09-23,56.040000915527344,0.245
2013-09-24,55.93999862670898,0.0
2013-09-25,55.88999938964844,0.0
2013-09-26,56.06999969482422,0.0
2013-09-27,55.88999938964844,0.0
2013-09-30,55.54999923706055,0.0
2013-10-01,55.9900016784668,0.0
2013-10-02,55.90999984741211,0.0
2013-10-03,55.58000183105469,0.0
2013-10-04,55.810001373291016,0.0
2013-10-07,55.36000061035156,0.0
2013-10-08,54.77000045776367,0.0
2013-10-09,54.880001068115234,0.0
2013-10-10,56.0099983215332,0.0
2013-10-11,56.400001525878906,0.0
2013-10-14,56.540000915527344,0.0
2013-10-15,56.150001525878906,0.0
2013-10-16,56.77000045776367,0.0
2013-10-17,57.33000183105469,0.0
2013-10-18,57.66999816894531,0.0
2013-10-21,57.72999954223633,0.0
2013-10-22,58.13999938964844,0.0
2013-10-23,57.630001068115234,0.0
2013-10-24,57.93999862670898,0.0
2013-10-25,58.0,0.0
2013-10-28,57.9900016784668,0.0
2013-10-29,58.130001068115234,0.0
2013-10-30,57.90999984741211,0.0
2013-10-31,57.61000061035156,0.0
2013-11-01,57.58000183105469,0.0
2013-11-04,57.90999984741211,0.0
2013-11-05,57.47999954223633,0.0
2013-11-06,57.75,0.0
2013-11-07,56.93999862670898,0.0
2013-11-08,57.43999862670898,0.0
2013-11-11,57.47999954223633,0.0
2013-11-12,57.31999969482422,0.0
2013-11-13,57.63999938964844,0.0
2013-11-14,57.90999984741211,0.0
2013-11-15,58.33000183105469,0.0
2013-11-18,58.29999923706055,0.0
2013-11-19,58.11000061035156,0.0
2013-11-20,57.83000183105469,0.0
2013-11-21,58.220001220703125,0.0
2013-11-22,58.43999862670898,0.0
2013-11-25,58.220001220703125,0.0
2013-11-26,58.2400016784668,0.0
2013-11-27,58.459999084472656,0.0
2013-11-29,58.5,0.0
2013-12-02,58.09999847412109,0.0
2013-12-03,57.790000915527344,0.0
2013-12-04,57.58000183105469,0.0
2013-12-05,57.369998931884766,0.0
2013-12-06,58.060001373291016,0.0
2013-12-09,58.11000061035156,0.0
2013-12-10,58.02000045776367,0.0
2013-12-11,57.34999847412109,0.0
2013-12-12,57.08000183105469,0.0
2013-12-13,57.060001373291016,0.0
2013-12-16,57.4900016784668,0.0
2013-12-17,57.2599983215332,0.0
2013-12-18,58.04999923706055,0.0
2013-12-19,58.060001373291016,0.0
2013-12-20,58.0099983215332,0.374
2013-12-23,58.470001220703125,0.0
2013-12-24,58.61000061035156,0.0
2013-12-26,58.81999969482422,0.0
2013-12-27,59.0,0.0
2013-12-30,59.15999984741211,0.0
2013-12-31,59.400001525878906,0.0
2014-01-02,58.52000045776367,0.0
2014-01-03,58.58000183105469,0.0
2014-01-06,58.41999816894531,0.0
2014-01-07,58.68999862670898,0.0
2014-01-08,58.70000076293945,0.0
2014-01-09,58.68999862670898,0.0
2014-01-10,59.09000015258789,0.0
2014-01-13,58.43000030517578,0.0
2014-01-14,58.959999084472656,0.0
2014-01-15,59.13999938964844,0.0
2014-01-16,59.15999984741211,0.0
2014-01-17,58.93999862670898,0.0
2014-01-21,59.09999847412109,0.0
2014-01-22,59.25,0.0
2014-01-23,58.709999084472656,0.0
2014-01-24,57.18999862670898,0.0
2014-01-27,56.88999938964844,0.0
2014-01-28,57.36000061035156,0.0
2014-01-29,56.77999877929688,0.0
2014-01-30,57.34999847412109,0.0
2014-01-31,56.7599983215332,0.0
2014-02-03,55.630001068115234,0.0
2014-02-04,56.09000015258789,0.0
2014-02-05,56.04999923706055,0.0
2014-02-06,56.91999816894531,0.0
2014-02-07,57.560001373291016,0.0
2014-02-10,57.52000045776367,0.0
2014-02-11,58.27999877929688,0.0
2014-02-12,58.38999938964844,0.0
2014-02-13,58.59999847412109,0.0
2014-02-14,58.88999938964844,0.0
2014-02-18,59.150001525878906,0.0
2014-02-19,58.77000045776367,0.0
2014-02-20,59.09999847412109,0.0
2014-02-21,59.11000061035156,0.0
2014-02-24,59.47999954223633,0.0
2014-02-25,59.33000183105469,0.0
2014-02-26,59.34000015258789,0.0
2014-02-27,59.560001373291016,0.0
2014-02-28,59.720001220703125,0.0
2014-03-03,58.90999984741211,0.0
2014-03-04,59.90999984741211,0.0
2014-03-05,59.93999862670898,0.0
2014-03-06,60.209999084472656,0.0
2014-03-07,60.02000045776367,0.0
2014-03-10,59.75,0.0
2014-03-11,59.43999862670898,0.0
2014-03-12,59.380001068115234,0.0
2014-03-13,58.58000183105469,0.0
2014-03-14,58.52000045776367,0.0
2014-03-17,59.02000045776367,0.0
2014-03-18,59.470001220703125,0.0
2014-03-19,58.88999938964844,0.0
2014-03-20,59.0,0.0
2014-03-21,58.900001525878906,0.0
2014-03-24,58.84999847412109,0.0
2014-03-25,58.880001068115234,0.334
2014-03-26,58.63999938964844,0.0
2014-03-27,58.790000915527344,0.0
2014-03-28,59.15999984741211,0.0
2014-03-31,59.66999816894531,0.0
2014-04-01,60.11000061035156,0.0
2014-04-02,60.20000076293945,0.0
2014-04-03,60.06999969482422,0.0
2014-04-04,59.54999923706055,0.0
2014-04-07,59.13999938964844,0.0
2014-04-08,59.36000061035156,0.0
2014-04-09,60.060001373291016,0.0
2014-04-10,58.95000076293945,0.0
2014-04-11,58.4900016784668,0.0
2014-04-14,58.810001373291016,0.0
2014-04-15,58.79999923706055,0.0
2014-04-16,59.41999816894531,0.0
2014-04-17,59.65999984741211,0.0
2014-04-21,59.75,0.0
2014-04-22,59.970001220703125,0.0
2014-04-23,59.84999847412109,0.0
2014-04-24,59.880001068115234,0.0
2014-04-25,59.40999984741211,0.0
2014-04-28,59.59000015258789,0.0
2014-04-29,59.88999938964844,0.0
2014-04-30,60.11000061035156,0.0
2014-05-01,60.22999954223633,0.0
2014-05-02,60.25,0.0
2014-05-05,60.2599983215332,0.0
2014-05-06,59.9900016784668,0.0
2014-05-07,60.2400016784668,0.0
2014-05-08,60.150001525878906,0.0
2014-05-09,60.16999816894531,0.0
2014-05-12,60.70000076293945,0.0
2014-05-13,60.66999816894531,0.0
2014-05-14,60.52000045776367,0.0
2014-05-15,60.09000015258789,0.0
2014-05-16,60.36000061035156,0.0
2014-05-19,60.41999816894531,0.0
2014-05-20,60.02000045776367,0.0
2014-05-21,60.43000030517578,0.0
2014-05-22,60.66999816894531,0.0
2014-05-23,60.93000030517578,0.0
2014-05-27,61.209999084472656,0.0
2014-05-28,61.09999847412109,0.0
2014-05-29,61.470001220703125,0.0
2014-05-30,61.34000015258789,0.0
2014-06-02,61.58000183105469,0.0
2014-06-03,61.4900016784668,0.0
2014-06-04,61.54999923706055,0.0
2014-06-05,62.0099983215332,0.0
2014-06-06,62.34999847412109,0.0
2014-06-09,62.41999816894531,0.0
2014-06-10,62.369998931884766,0.0
2014-06-11,62.150001525878906,0.0
2014-06-12,61.90999984741211,0.0
2014-06-13,62.08000183105469,0.0
2014-06-16,62.040000915527344,0.0
2014-06-17,62.15999984741211,0.0
2014-06-18,62.52000045776367,0.0
2014-06-19,62.630001068115234,0.0
2014-06-20,62.72999954223633,0.0
2014-06-23,62.630001068115234,0.0
2014-06-24,61.86000061035156,0.463
2014-06-25,61.970001220703125,0.0
2014-06-26,61.959999084472656,0.0
2014-06-27,62.16999816894531,0.0
2014-06-30,62.22999954223633,0.0
2014-07-01,62.7599983215332,0.0
2014-07-02,62.810001373291016,0.0
2014-07-03,63.09000015258789,0.0
2014-07-07,62.68999862670898,0.0
2014-07-08,62.18999862670898,0.0
2014-07-09,62.45000076293945,0.0
2014-07-10,62.040000915527344,0.0
2014-07-11,62.060001373291016,0.0
2014-07-14,62.43000030517578,0.0
2014-07-15,62.2400016784668,0.0
2014-07-16,62.5099983215332,0.0
2014-07-17,61.7400016784668,0.0
2014-07-18,62.38999938964844,0.0
2014-07-21,62.25,0.0
2014-07-22,62.560001373291016,0.0
2014-07-23,62.720001220703125,0.0
2014-07-24,62.77000045776367,0.0
2014-07-25,62.5099983215332,0.0
2014-07-28,62.5099983215332,0.0
2014-07-29,62.22999954223633,0.0
2014-07-30,62.2599983215332,0.0
2014-07-31,61.13999938964844,0.0
2014-08-01,60.93000030517578,0.0
2014-08-04,61.31999969482422,0.0
2014-08-05,60.70000076293945,0.0
2014-08-06,60.630001068115234,0.0
2014-08-07,60.2599983215332,0.0
2014-08-08,60.709999084472656,0.0
2014-08-11,61.0,0.0
2014-08-12,60.93000030517578,0.0
2014-08-13,61.290000915527344,0.0
2014-08-14,61.58000183105469,0.0
2014-08-15,61.54999923706055,0.0
2014-08-18,62.08000183105469,0.0
2014-08-19,62.2400016784668,0.0
2014-08-20,62.290000915527344,0.0
2014-08-21,62.41999816894531,0.0
2014-08-22,62.36000061035156,0.0
2014-08-25,62.650001525878906,0.0
2014-08-26,62.709999084472656,0.0
2014-08-27,62.81999969482422,0.0
2014-08-28,62.61000061035156,0.0
2014-08-29,62.7599983215332,0.0
2014-09-02,62.86000061035156,0.0
2014-09-03,62.9900016784668,0.0
2014-09-04,62.790000915527344,0.0
2014-09-05,62.93000030517578,0.0
2014-09-08,62.54999923706055,0.0
2014-09-09,62.220001220703125,0.0
2014-09-10,62.43000030517578,0.0
2014-09-11,62.29999923706055,0.0
2014-09-12,61.9900016784668,0.0
2014-09-15,61.86000061035156,0.0
2014-09-16,62.27000045776367,0.0
2014-09-17,62.040000915527344,0.0
2014-09-18,62.34999847412109,0.0
2014-09-19,62.09999847412109,0.0
2014-09-22,61.63999938964844,0.0
2014-09-23,61.220001220703125,0.0
2014-09-24,61.41999816894531,0.289
2014-09-25,60.41999816894531,0.0
2014-09-26,60.77000045776367,0.0
2014-09-29,60.470001220703125,0.0
2014-09-30,60.380001068115234,0.0
2014-10-01,59.47999954223633,0.0
2014-10-02,59.29999923706055,0.0
2014-10-03,59.72999954223633,0.0
2014-10-06,59.790000915527344,0.0
2014-10-07,58.95000076293945,0.0
2014-10-08,59.869998931884766,0.0
2014-10-09,58.5,0.0
2014-10-10,57.65999984741211,0.0
2014-10-13,57.2599983215332,0.0
2014-10-14,57.34000015258789,0.0
2014-10-15,56.959999084472656,0.0
2014-10-16,56.88999938964844,0.0
2014-10-17,57.59999847412109,0.0
2014-10-20,58.09999847412109,0.0
2014-10-21,58.93999862670898,0.0
2014-10-22,58.41999816894531,0.0
2014-10-23,59.040000915527344,0.0
2014-10-24,59.34999847412109,0.0
2014-10-27,59.27000045776367,0.0
2014-10-28,60.040000915527344,0.0
2014-10-29,59.83000183105469,0.0
2014-10-30,60.15999984741211,0.0
2014-10-31,60.95000076293945,0.0
2014-11-03,60.72999954223633,0.0
2014-11-04,60.5099983215332,0.0
2014-11-05,60.650001525878906,0.0
2014-11-06,60.68999862670898,0.0
2014-11-07,60.72999954223633,0.0
2014-11-10,60.90999984741211,0.0
2014-11-11,61.06999969482422,0.0
2014-11-12,60.91999816894531,0.0
2014-11-13,60.900001525878906,0.0
2014-11-14,61.060001373291016,0.0
2014-11-17,60.95000076293945,0.0
2014-11-18,61.34999847412109,0.0
2014-11-19,61.290000915527344,0.0
2014-11-20,61.209999084472656,0.0
2014-11-21,61.72999954223633,0.0
2014-11-24,61.84999847412109,0.0
2014-11-25,61.90999984741211,0.0
2014-11-26,62.06999969482422,0.0
2014-11-28,61.720001220703125,0.0
2014-12-01,61.2599983215332,0.0
2014-12-02,61.47999954223633,0.0
2014-12-03,61.720001220703125,0.0
2014-12-04,61.560001373291016,0.0
2014-12-05,61.650001525878906,0.0
2014-12-08,61.130001068115234,0.0
2014-12-09,60.93999862670898,0.0
2014-12-10,60.060001373291016,0.0
2014-12-11,60.06999969482422,0.0
2014-12-12,59.06999969482422,0.0
2014-12-15,58.43000030517578,0.0
2014-12-16,58.33000183105469,0.0
2014-12-17,59.45000076293945,0.0
2014-12-18,60.4900016784668,0.0
2014-12-19,60.68999862670898,0.0
2014-12-22,60.65999984741211,0.378
2014-12-23,60.630001068115234,0.0
2014-12-24,60.79999923706055,0.0
2014-12-26,61.06999969482422,0.0
2014-12-29,60.90999984741211,0.0
2014-12-30,60.59000015258789,0.0
2014-12-31,60.119998931884766,0.0
2015-01-02,59.959999084472656,0.0
2015-01-05,58.79999923706055,0.0
2015-01-06,58.209999084472656,0.0
2015-01-07,58.959999084472656,0.0
2015-01-08,59.84999847412109,0.0
2015-01-09,59.45000076293945,0.0
2015-01-12,59.13999938964844,0.0
2015-01-13,59.18000030517578,0.0
2015-01-14,58.90999984741211,0.0
2015-01-15,58.720001220703125,0.0
2015-01-16,59.43999862670898,0.0
2015-01-20,59.54999923706055,0.0
2015-01-21,59.9900016784668,0.0
2015-01-22,60.68000030517578,0.0
2015-01-23,60.22999954223633,0.0
2015-01-26,60.63999938964844,0.0
2015-01-27,60.2599983215332,0.0
2015-01-28,59.5,0.0
2015-01-29,60.0,0.0
2015-01-30,59.13999938964844,0.0
2015-02-02,59.93000030517578,0.0
2015-02-03,60.79999923706055,0.0
2015-02-04,60.52999877929688,0.0
2015-02-05,61.25,0.0
2015-02-06,60.68000030517578,0.0
2015-02-09,60.52000045776367,0.0
2015-02-10,61.02999877929688,0.0
2015-02-11,60.88999938964844,0.0
2015-02-12,61.65999984741211,0.0
2015-02-13,62.04999923706055,0.0
2015-02-17,62.119998931884766,0.0
2015-02-18,62.31999969482422,0.0
2015-02-19,62.2400016784668,0.0
2015-02-20,62.7400016784668,0.0
2015-02-23,62.58000183105469,0.0
2015-02-24,62.79999923706055,0.0
2015-02-25,62.790000915527344,0.0
2015-02-26,62.68999862670898,0.0
2015-02-27,62.65999984741211,0.0
2015-03-02,62.880001068115234,0.0
2015-03-03,62.54999923706055,0.0
2015-03-04,62.18999862670898,0.0
2015-03-05,62.27999877929688,0.0
2015-03-06,61.5099983215332,0.0
2015-03-09,61.630001068115234,0.0
2015-03-10,60.5099983215332,0.0
2015-03-11,60.540000915527344,0.0
2015-03-12,61.27999877929688,0.0
2015-03-13,60.88999938964844,0.0
2015-03-16,61.630001068115234,0.0
2015-03-17,61.52999877929688,0.0
2015-03-18,62.560001373291016,0.0
2015-03-19,62.08000183105469,0.0
2015-03-20,62.93999862670898,0.0
2015-03-23,63.0099983215332,0.0
2015-03-24,62.810001373291016,0.0
2015-03-25,61.68000030517578,0.314
2015-03-26,61.40999984741211,0.0
2015-03-27,61.59999847412109,0.0
2015-03-30,62.02999877929688,0.0
2015-03-31,61.59000015258789,0.0
2015-04-01,61.630001068115234,0.0
2015-04-02,62.040000915527344,0.0
2015-04-06,62.58000183105469,0.0
2015-04-07,62.459999084472656,0.0
2015-04-08,62.81999969482422,0.0
2015-04-09,62.97999954223633,0.0
2015-04-10,63.27999877929688,0.0
2015-04-13,62.959999084472656,0.0
2015-04-14,63.22999954223633,0.0
2015-04-15,63.59000015258789,0.0
2015-04-16,63.650001525878906,0.0
2015-04-17,62.880001068115234,0.0
2015-04-20,63.209999084472656,0.0
2015-04-21,63.369998931884766,0.0
2015-04-22,63.630001068115234,0.0
2015-04-23,63.900001525878906,0.0
2015-04-24,64.06999969482422,0.0
2015-04-27,64.05999755859375,0.0
2015-04-28,64.22000122070312,0.0
2015-04-29,63.81999969482422,0.0
2015-04-30,63.15999984741211,0.0
2015-05-01,63.790000915527344,0.0
2015-05-04,63.84000015258789,0.0
2015-05-05,63.09000015258789,0.0
2015-05-06,62.95000076293945,0.0
2015-05-07,63.02000045776367,0.0
2015-05-08,63.959999084472656,0.0
2015-05-11,63.58000183105469,0.0
2015-05-12,63.52000045776367,0.0
2015-05-13,63.68000030517578,0.0
2015-05-14,64.30999755859375,0.0
2015-05-15,64.43000030517578,0.0
2015-05-18,64.4000015258789,0.0
2015-05-19,64.31999969482422,0.0
2015-05-20,64.30000305175781,0.0
2015-05-21,64.54000091552734,0.0
2015-05-22,64.29000091552734,0.0
2015-05-26,63.4900016784668,0.0
2015-05-27,64.04000091552734,0.0
2015-05-28,63.81999969482422,0.0
2015-05-29,63.369998931884766,0.0
2015-06-01,63.369998931884766,0.0
2015-06-02,63.470001220703125,0.0
2015-06-03,63.709999084472656,0.0
2015-06-04,63.09000015258789,0.0
2015-06-05,62.70000076293945,0.0
2015-06-08,62.43000030517578,0.0
2015-06-09,62.27999877929688,0.0
2015-06-10,63.290000915527344,0.0
2015-06-11,63.400001525878906,0.0
2015-06-12,62.9900016784668,0.0
2015-06-15,62.63999938964844,0.0
2015-06-16,62.810001373291016,0.0
2015-06-17,62.810001373291016,0.0
2015-06-18,63.459999084472656,0.0
2015-06-19,63.15999984741211,0.0
2015-06-22,63.869998931884766,0.0
2015-06-23,63.970001220703125,0.0
2015-06-24,63.540000915527344,0.0
2015-06-25,63.36000061035156,0.0
2015-06-26,62.959999084472656,0.453
2015-06-29,61.36000061035156,0.0
2015-06-30,61.52000045776367,0.0
2015-07-01,61.84999847412109,0.0
2015-07-02,61.86000061035156,0.0
2015-07-06,61.20000076293945,0.0
2015-07-07,61.209999084472656,0.0
2015-07-08,59.91999816894531,0.0
2015-07-09,60.38999938964844,0.0
2015-07-10,61.630001068115234,0.0
2015-07-13,62.060001373291016,0.0
2015-07-14,62.43000030517578,0.0
2015-07-15,62.25,0.0
2015-07-16,62.75,0.0
2015-07-17,62.650001525878906,0.0
2015-07-20,62.630001068115234,0.0
2015-07-21,62.45000076293945,0.0
2015-07-22,62.150001525878906,0.0
2015-07-23,61.880001068115234,0.0
2015-07-24,61.13999938964844,0.0
2015-07-27,60.63999938964844,0.0
2015-07-28,61.310001373291016,0.0
2015-07-29,61.70000076293945,0.0
2015-07-30,61.77000045776367,0.0
2015-07-31,61.83000183105469,0.0
2015-08-03,61.56999969482422,0.0
2015-08-04,61.58000183105469,0.0
2015-08-05,61.72999954223633,0.0
2015-08-06,61.34000015258789,0.0
2015-08-07,61.27999877929688,0.0
2015-08-10,62.04999923706055,0.0
2015-08-11,61.2599983215332,0.0
2015-08-12,61.11000061035156,0.0
2015-08-13,61.02999877929688,0.0
2015-08-14,61.209999084472656,0.0
2015-08-17,61.29999923706055,0.0
2015-08-18,60.9900016784668,0.0
2015-08-19,60.45000076293945,0.0
2015-08-20,59.130001068115234,0.0
2015-08-21,57.5,0.0
2015-08-24,55.22999954223633,0.0
2015-08-25,55.22999954223633,0.0
2015-08-26,56.84999847412109,0.0
2015-08-27,58.09999847412109,0.0
2015-08-28,58.09999847412109,0.0
2015-08-31,57.72999954223633,0.0
2015-09-01,55.91999816894531,0.0
2015-09-02,56.86000061035156,0.0
2015-09-03,56.93999862670898,0.0
2015-09-04,55.84000015258789,0.0
2015-09-08,57.34000015258789,0.0
2015-09-09,56.79999923706055,0.0
2015-09-10,57.15999984741211,0.0
2015-09-11,57.27999877929688,0.0
2015-09-14,57.0,0.0
2015-09-15,57.59000015258789,0.0
2015-09-16,58.31999969482422,0.0
2015-09-17,58.31999969482422,0.0
2015-09-18,57.18999862670898,0.0
2015-09-21,57.2599983215332,0.0
2015-09-22,56.27000045776367,0.0
2015-09-23,56.02000045776367,0.0
2015-09-24,55.84999847412109,0.0
2015-09-25,55.61000061035156,0.279
2015-09-28,54.31999969482422,0.0
2015-09-29,54.36000061035156,0.0
2015-09-30,55.310001373291016,0.0
2015-10-01,55.54999923706055,0.0
2015-10-02,56.470001220703125,0.0
2015-10-05,57.59999847412109,0.0
2015-10-06,57.52000045776367,0.0
2015-10-07,58.2400016784668,0.0
2015-10-08,58.7400016784668,0.0
2015-10-09,58.83000183105469,0.0
2015-10-12,58.72999954223633,0.0
2015-10-13,58.13999938964844,0.0
2015-10-14,58.11000061035156,0.0
2015-10-15,59.02999877929688,0.0
2015-10-16,59.11000061035156,0.0
2015-10-19,58.970001220703125,0.0
2015-10-20,58.900001525878906,0.0
2015-10-21,58.540000915527344,0.0
2015-10-22,59.33000183105469,0.0
2015-10-23,59.880001068115234,0.0
2015-10-26,59.70000076293945,0.0
2015-10-27,59.33000183105469,0.0
2015-10-28,59.83000183105469,0.0
2015-10-29,59.54999923706055,0.0
2015-10-30,59.34000015258789,0.0
2015-11-02,60.09000015258789,0.0
2015-11-03,60.290000915527344,0.0
2015-11-04,60.0099983215332,0.0
2015-11-05,59.93000030517578,0.0
2015-11-06,59.72999954223633,0.0
2015-11-09,59.15999984741211,0.0
2015-11-10,59.130001068115234,0.0
2015-11-11,59.09000015258789,0.0
2015-11-12,58.38999938964844,0.0
2015-11-13,57.7400016784668,0.0
2015-11-16,58.5,0.0
2015-11-17,58.47999954223633,0.0
2015-11-18,59.2400016784668,0.0
2015-11-19,59.43999862670898,0.0
2015-11-20,59.54999923706055,0.0
2015-11-23,59.310001373291016,0.0
2015-11-24,59.45000076293945,0.0
2015-11-25,59.470001220703125,0.0
2015-11-27,59.43000030517578,0.0
2015-11-30,59.290000915527344,0.0
2015-12-01,59.91999816894531,0.0
2015-12-02,59.27999877929688,0.0
2015-12-03,58.61000061035156,0.0
2015-12-04,59.470001220703125,0.0
2015-12-07,58.95000076293945,0.0
2015-12-08,58.34999847412109,0.0
2015-12-09,58.04999923706055,0.0
2015-12-10,57.97999954223633,0.0
2015-12-11,56.810001373291016,0.0
2015-12-14,56.9900016784668,0.0
2015-12-15,57.58000183105469,0.0
2015-12-16,58.4900016784668,0.0
2015-12-17,57.66999816894531,0.0
2015-12-18,56.900001525878906,0.0
2015-12-21,56.970001220703125,0.368
2015-12-22,57.470001220703125,0.0
2015-12-23,58.27000045776367,0.0
2015-12-24,58.150001525878906,0.0
2015-12-28,58.02000045776367,0.0
2015-12-29,58.54999923706055,0.0
2015-12-30,58.119998931884766,0.0
2015-12-31,57.619998931884766,0.0
2016-01-04,56.650001525878906,0.0
2016-01-05,56.65999984741211,0.0
2016-01-06,55.81999969482422,0.0
2016-01-07,54.52000045776367,0.0
2016-01-08,53.880001068115234,0.0
2016-01-11,53.90999984741211,0.0
2016-01-12,54.209999084472656,0.0
2016-01-13,53.0,0.0
2016-01-14,53.86000061035156,0.0
2016-01-15,52.34999847412109,0.0
2016-01-19,52.5099983215332,0.0
2016-01-20,51.66999816894531,0.0
2016-01-21,51.970001220703125,0.0
2016-01-22,53.27000045776367,0.0
2016-01-25,52.43999862670898,0.0
2016-01-26,53.31999969482422,0.0
2016-01-27,52.84000015258789,0.0
2016-01-28,53.02000045776367,0.0
2016-01-29,54.2400016784668,0.0
2016-02-01,54.310001373291016,0.0
2016-02-02,53.02000045776367,0.0
2016-02-03,53.5,0.0
2016-02-04,53.61000061035156,0.0
2016-02-05,52.68999862670898,0.0
2016-02-08,51.84000015258789,0.0
2016-02-09,51.470001220703125,0.0
2016-02-10,51.5,0.0
2016-02-11,50.810001373291016,0.0
2016-02-12,51.709999084472656,0.0
2016-02-16,52.65999984741211,0.0
2016-02-17,53.68999862670898,0.0
2016-02-18,53.459999084472656,0.0
2016-02-19,53.38999938964844,0.0
2016-02-22,54.20000076293945,0.0
2016-02-23,53.43999862670898,0.0
2016-02-24,53.47999954223633,0.0
2016-02-25,54.060001373291016,0.0
2016-02-26,53.9900016784668,0.0
2016-02-29,53.63999938964844,0.0
2016-03-01,55.0,0.0
2016-03-02,55.36000061035156,0.0
2016-03-03,55.81999969482422,0.0
2016-03-04,56.20000076293945,0.0
2016-03-07,56.20000076293945,0.0
2016-03-08,55.470001220703125,0.0
2016-03-09,55.77000045776367,0.0
2016-03-10,55.709999084472656,0.0
2016-03-11,56.90999984741211,0.0
2016-03-14,56.77999877929688,0.0
2016-03-15,56.130001068115234,0.222
2016-03-16,56.720001220703125,0.0
2016-03-17,57.2400016784668,0.0
2016-03-18,57.34000015258789,0.0
2016-03-21,57.34000015258789,0.0
2016-03-22,57.2400016784668,0.0
2016-03-23,56.66999816894531,0.0
2016-03-24,56.54999923706055,0.0
2016-03-28,56.75,0.0
2016-03-29,57.369998931884766,0.0
2016-03-30,57.720001220703125,0.0
2016-03-31,57.68999862670898,0.0
2016-04-01,57.59000015258789,0.0
2016-04-04,57.36000061035156,0.0
2016-04-05,56.59999847412109,0.0
2016-04-06,57.2599983215332,0.0
2016-04-07,56.40999984741211,0.0
2016-04-08,56.93999862670898,0.0
2016-04-11,57.0,0.0
2016-04-12,57.68000030517578,0.0
2016-04-13,58.470001220703125,0.0
2016-04-14,58.41999816894531,0.0
2016-04-15,58.34000015258789,0.0
2016-04-18,58.72999954223633,0.0
2016-04-19,59.34000015258789,0.0
2016-04-20,59.36000061035156,0.0
2016-04-21,59.02000045776367,0.0
2016-04-22,58.9900016784668,0.0
2016-04-25,58.79999923706055,0.0
2016-04-26,59.0099983215332,0.0
2016-04-27,59.08000183105469,0.0
2016-04-28,58.630001068115234,0.0
2016-04-29,58.27000045776367,0.0
2016-05-02,58.68000030517578,0.0
2016-05-03,57.91999816894531,0.0
2016-05-04,57.41999816894531,0.0
2016-05-05,57.40999984741211,0.0
2016-05-06,57.59999847412109,0.0
2016-05-09,57.380001068115234,0.0
2016-05-10,58.209999084472656,0.0
2016-05-11,57.79999923706055,0.0
2016-05-12,57.70000076293945,0.0
2016-05-13,57.13999938964844,0.0
2016-05-16,57.77999877929688,0.0
2016-05-17,57.29999923706055,0.0
2016-05-18,57.27000045776367,0.0
2016-05-19,56.959999084472656,0.0
2016-05-20,57.43999862670898,0.0
2016-05-23,57.2599983215332,0.0
2016-05-24,58.09000015258789,0.0
2016-05-25,58.52999877929688,0.0
2016-05-26,58.59999847412109,0.0
2016-05-27,58.68999862670898,0.0
2016-05-31,58.650001525878906,0.0
2016-06-01,58.7599983215332,0.0
2016-06-02,58.900001525878906,0.0
2016-06-03,59.06999969482422,0.0
2016-06-06,59.40999984741211,0.0
2016-06-07,59.77999877929688,0.0
2016-06-08,59.93999862670898,0.0
2016-06-09,59.54999923706055,0.0
2016-06-10,58.43999862670898,0.0
2016-06-13,57.869998931884766,0.0
2016-06-14,56.9900016784668,0.466
2016-06-15,57.2400016784668,0.0
2016-06-16,57.27000045776367,0.0
2016-06-17,57.380001068115234,0.0
2016-06-20,58.16999816894531,0.0
2016-06-21,58.41999816894531,0.0
2016-06-22,58.31999969482422,0.0
2016-06-23,59.4900016784668,0.0
2016-06-24,56.33000183105469,0.0
2016-06-27,55.119998931884766,0.0
2016-06-28,56.31999969482422,0.0
2016-06-29,57.34000015258789,0.0
2016-06-30,58.06999969482422,0.0
2016-07-01,58.34000015258789,0.0
2016-07-05,57.54999923706055,0.0
2016-07-06,57.70000076293945,0.0
2016-07-07,57.52999877929688,0.0
2016-07-08,58.45000076293945,0.0
2016-07-11,58.97999954223633,0.0
2016-07-12,59.52000045776367,0.0
2016-07-13,59.4900016784668,0.0
2016-07-14,59.93999862670898,0.0
2016-07-15,59.810001373291016,0.0
2016-07-18,59.95000076293945,0.0
2016-07-19,59.630001068115234,0.0
2016-07-20,59.959999084472656,0.0
2016-07-21,59.7599983215332,0.0
2016-07-22,59.9900016784668,0.0
2016-07-25,59.810001373291016,0.0
2016-07-26,60.04999923706055,0.0
2016-07-27,60.06999969482422,0.0
2016-07-28,60.130001068115234,0.0
2016-07-29,60.47999954223633,0.0
2016-08-01,60.25,0.0
2016-08-02,59.869998931884766,0.0
2016-08-03,60.0,0.0
2016-08-04,60.09999847412109,0.0
2016-08-05,60.56999969482422,0.0
2016-08-08,60.650001525878906,0.0
2016-08-09,60.88999938964844,0.0
2016-08-10,60.86000061035156,0.0
2016-08-11,61.310001373291016,0.0
2016-08-12,61.18000030517578,0.0
2016-08-15,61.470001220703125,0.0
2016-08-16,61.22999954223633,0.0
2016-08-17,61.209999084472656,0.0
2016-08-18,61.459999084472656,0.0
2016-08-19,61.2400016784668,0.0
2016-08-22,61.150001525878906,0.0
2016-08-23,61.34000015258789,0.0
2016-08-24,61.0099983215332,0.0
2016-08-25,60.9900016784668,0.0
2016-08-26,60.70000076293945,0.0
2016-08-29,61.04999923706055,0.0
2016-08-30,60.93000030517578,0.0
2016-08-31,60.68999862670898,0.0
2016-09-01,60.900001525878906,0.0
2016-09-02,61.45000076293945,0.0
2016-09-06,61.83000183105469,0.0
2016-09-07,61.91999816894531,0.0
2016-09-08,61.65999984741211,0.0
2016-09-09,60.15999984741211,0.0
2016-09-12,60.869998931884766,0.0
2016-09-13,59.41999816894531,0.311
2016-09-14,59.400001525878906,0.0
2016-09-15,60.09000015258789,0.0
2016-09-16,59.59999847412109,0.0
2016-09-19,59.810001373291016,0.0
2016-09-20,59.959999084472656,0.0
2016-09-21,60.86000061035156,0.0
2016-09-22,61.27000045776367,0.0
2016-09-23,60.81999969482422,0.0
2016-09-26,60.27000045776367,0.0
2016-09-27,60.650001525878906,0.0
2016-09-28,61.04999923706055,0.0
2016-09-29,60.43000030517578,0.0
2016-09-30,60.84999847412109,0.0
2016-10-03,60.75,0.0
2016-10-04,60.5099983215332,0.0
2016-10-05,60.88999938964844,0.0
2016-10-06,60.709999084472656,0.0
2016-10-07,60.47999954223633,0.0
2016-10-10,60.7400016784668,0.0
2016-10-11,59.81999969482422,0.0
2016-10-12,59.900001525878906,0.0
2016-10-13,59.61000061035156,0.0
2016-10-14,59.650001525878906,0.0
2016-10-17,59.470001220703125,0.0
2016-10-18,59.9900016784668,0.0
2016-10-19,60.25,0.0
2016-10-20,60.220001220703125,0.0
2016-10-21,60.09000015258789,0.0
2016-10-24,60.290000915527344,0.0
2016-10-25,60.130001068115234,0.0
2016-10-26,59.869998931884766,0.0
2016-10-27,59.7599983215332,0.0
2016-10-28,59.58000183105469,0.0
2016-10-31,59.650001525878906,0.0
2016-11-01,59.290000915527344,0.0
2016-11-02,58.880001068115234,0.0
2016-11-03,58.720001220703125,0.0
2016-11-04,58.40999984741211,0.0
2016-11-07,59.58000183105469,0.0
2016-11-08,59.84000015258789,0.0
2016-11-09,59.959999084472656,0.0
2016-11-10,59.790000915527344,0.0
2016-11-11,59.459999084472656,0.0
2016-11-14,59.43999862670898,0.0
2016-11-15,60.0,0.0
2016-11-16,59.68000030517578,0.0
2016-11-17,60.0099983215332,0.0
2016-11-18,59.709999084472656,0.0
2016-11-21,60.2599983215332,0.0
2016-11-22,60.400001525878906,0.0
2016-11-23,60.34999847412109,0.0
2016-11-25,60.56999969482422,0.0
2016-11-28,60.33000183105469,0.0
2016-11-29,60.45000076293945,0.0
2016-11-30,60.36000061035156,0.0
2016-12-01,60.09000015258789,0.0
2016-12-02,60.220001220703125,0.0
2016-12-05,60.65999984741211,0.0
2016-12-06,60.959999084472656,0.0
2016-12-07,61.79999923706055,0.0
2016-12-08,61.970001220703125,0.0
2016-12-09,62.150001525878906,0.0
2016-12-12,61.959999084472656,0.0
2016-12-13,62.459999084472656,0.0
2016-12-14,61.650001525878906,0.0
2016-12-15,61.7599983215332,0.0
2016-12-16,61.70000076293945,0.0
2016-12-19,61.75,0.0
2016-12-20,61.52999877929688,0.457
2016-12-21,61.43000030517578,0.0
2016-12-22,61.18999862670898,0.0
2016-12-23,61.290000915527344,0.0
2016-12-27,61.40999984741211,0.0
2016-12-28,61.04999923706055,0.0
2016-12-29,61.119998931884766,0.0
2016-12-30,61.0,0.0
2017-01-03,61.5,0.0
2017-01-04,62.060001373291016,0.0
2017-01-05,62.2599983215332,0.0
2017-01-06,62.27000045776367,0.0
2017-01-09,62.09999847412109,0.0
2017-01-10,62.15999984741211,0.0
2017-01-11,62.5,0.0
2017-01-12,62.380001068115234,0.0
2017-01-13,62.59000015258789,0.0
2017-01-17,62.400001525878906,0.0
2017-01-18,62.33000183105469,0.0
2017-01-19,62.18000030517578,0.0
2017-01-20,62.38999938964844,0.0
2017-01-23,62.38999938964844,0.0
2017-01-24,62.81999969482422,0.0
2017-01-25,63.380001068115234,0.0
2017-01-26,63.25,0.0
2017-01-27,63.16999816894531,0.0
2017-01-30,62.720001220703125,0.0
2017-01-31,62.83000183105469,0.0
2017-02-01,62.91999816894531,0.0
2017-02-02,63.040000915527344,0.0
2017-02-03,63.36000061035156,0.0
2017-02-06,63.13999938964844,0.0
2017-02-07,63.09999847412109,0.0
2017-02-08,63.18000030517578,0.0
2017-02-09,63.5,0.0
2017-02-10,63.81999969482422,0.0
2017-02-13,64.13999938964844,0.0
2017-02-14,64.2699966430664,0.0
2017-02-15,64.63999938964844,0.0
2017-02-16,64.66000366210938,0.0
2017-02-17,64.62999725341797,0.0
2017-02-21,64.97000122070312,0.0
2017-02-22,64.95999908447266,0.0
2017-02-23,64.95999908447266,0.0
2017-02-24,64.81999969482422,0.0
2017-02-27,64.7699966430664,0.0
2017-02-28,64.5199966430664,0.0
2017-03-01,65.30999755859375,0.0
2017-03-02,64.83000183105469,0.0
2017-03-03,65.06999969482422,0.0
2017-03-06,64.88999938964844,0.0
2017-03-07,64.68000030517578,0.0
2017-03-08,64.48999786376953,0.0
2017-03-09,64.5199966430664,0.0
2017-03-10,64.87999725341797,0.0
2017-03-13,65.12999725341797,0.0
2017-03-14,64.77999877929688,0.0
2017-03-15,65.56999969482422,0.0
2017-03-16,65.66999816894531,0.0
2017-03-17,65.69000244140625,0.0
2017-03-20,65.5999984741211,0.0
2017-03-21,64.94999694824219,0.0
2017-03-22,65.05000305175781,0.0
2017-03-23,65.01000213623047,0.0
2017-03-24,65.12999725341797,0.0
2017-03-27,65.19999694824219,0.0
2017-03-28,65.56999969482422,0.0
2017-03-29,65.41000366210938,0.253
2017-03-30,65.37999725341797,0.0
2017-03-31,65.22000122070312,0.0
2017-04-03,65.16000366210938,0.0
2017-04-04,65.19999694824219,0.0
2017-04-05,64.94999694824219,0.0
2017-04-06,65.05000305175781,0.0
2017-04-07,64.97000122070312,0.0
2017-04-10,65.0,0.0
2017-04-11,65.05999755859375,0.0
2017-04-12,64.91000366210938,0.0
2017-04-13,64.5,0.0
2017-04-17,65.05000305175781,0.0
2017-04-18,64.69999694824219,0.0
2017-04-19,64.56999969482422,0.0
2017-04-20,65.11000061035156,0.0
2017-04-21,65.01000213623047,0.0
2017-04-24,66.02999877929688,0.0
2017-04-25,66.43000030517578,0.0
2017-04-26,66.38999938964844,0.0
2017-04-27,66.41999816894531,0.0
2017-04-28,66.27999877929688,0.0
2017-05-01,66.41999816894531,0.0
2017-05-02,66.68000030517578,0.0
2017-05-03,66.44999694824219,0.0
2017-05-04,66.5999984741211,0.0
2017-05-05,67.08000183105469,0.0
2017-05-08,66.83999633789062,0.0
2017-05-09,66.88999938964844,0.0
2017-05-10,67.01000213623047,0.0
2017-05-11,66.91000366210938,0.0
2017-05-12,66.87000274658203,0.0
2017-05-15,67.31999969482422,0.0
2017-05-16,67.44999694824219,0.0
2017-05-17,66.41000366210938,0.0
2017-05-18,66.44999694824219,0.0
2017-05-19,67.12000274658203,0.0
2017-05-22,67.38999938964844,0.0
2017-05-23,67.37999725341797,0.0
2017-05-24,67.51000213623047,0.0
2017-05-25,67.73999786376953,0.0
2017-05-26,67.66999816894531,0.0
2017-05-30,67.5999984741211,0.0
2017-05-31,67.56999969482422,0.0
2017-06-01,68.06999969482422,0.0
2017-06-02,68.4800033569336,0.0
2017-06-05,68.33000183105469,0.0
2017-06-06,68.18000030517578,0.0
2017-06-07,68.18000030517578,0.0
2017-06-08,68.16000366210938,0.0
2017-06-09,68.04000091552734,0.0
2017-06-12,67.94000244140625,0.0
2017-06-13,68.37999725341797,0.0
2017-06-14,68.20999908447266,0.0
2017-06-15,67.79000091552734,0.0
2017-06-16,68.08999633789062,0.0
2017-06-19,68.5199966430664,0.0
2017-06-20,67.91999816894531,0.0
2017-06-21,67.91999816894531,0.0
2017-06-22,67.94999694824219,0.0
2017-06-23,68.06999969482422,0.0
2017-06-26,68.27999877929688,0.0
2017-06-27,67.91999816894531,0.0
2017-06-28,68.0199966430664,0.466
2017-06-29,67.37000274658203,0.0
2017-06-30,67.52999877929688,0.0
2017-07-03,67.63999938964844,0.0
2017-07-05,67.63999938964844,0.0
2017-07-06,67.06999969482422,0.0
2017-07-07,67.37000274658203,0.0
2017-07-10,67.5199966430664,0.0
2017-07-11,67.58000183105469,0.0
2017-07-12,68.16999816894531,0.0
2017-07-13,68.37000274658203,0.0
2017-07-14,68.77999877929688,0.0
2017-07-17,68.7300033569336,0.0
2017-07-18,68.79000091552734,0.0
2017-07-19,69.16000366210938,0.0
2017-07-20,69.27999877929688,0.0
2017-07-21,69.16000366210938,0.0
2017-07-24,69.16000366210938,0.0
2017-07-25,69.30000305175781,0.0
2017-07-26,69.51000213623047,0.0
2017-07-27,69.33999633789062,0.0
2017-07-28,69.30999755859375,0.0
2017-07-31,69.31999969482422,0.0
2017-08-01,69.62000274658203,0.0
2017-08-02,69.55999755859375,0.0
2017-08-03,69.47000122070312,0.0
2017-08-04,69.5999984741211,0.0
2017-08-07,69.7699966430664,0.0
2017-08-08,69.55000305175781,0.0
2017-08-09,69.38999938964844,0.0
2017-08-10,68.33000183105469,0.0
2017-08-11,68.36000061035156,0.0
2017-08-14,68.98999786376953,0.0
2017-08-15,68.91999816894531,0.0
2017-08-16,69.26000213623047,0.0
2017-08-17,68.27999877929688,0.0
2017-08-18,68.36000061035156,0.0
2017-08-21,68.41999816894531,0.0
2017-08-22,68.97000122070312,0.0
2017-08-23,68.88999938964844,0.0
2017-08-24,68.77999877929688,0.0
2017-08-25,69.05000305175781,0.0
2017-08-28,69.04000091552734,0.0
2017-08-29,68.9800033569336,0.0
2017-08-30,69.18000030517578,0.0
2017-08-31,69.61000061035156,0.0
2017-09-01,69.81999969482422,0.0
2017-09-05,69.3499984741211,0.0
2017-09-06,69.61000061035156,0.0
2017-09-07,69.87999725341797,0.0
2017-09-08,69.80000305175781,0.0
2017-09-11,70.47000122070312,0.0
2017-09-12,70.66000366210938,0.0
2017-09-13,70.4800033569336,0.0
2017-09-14,70.5,0.0
2017-09-15,70.62999725341797,0.0
2017-09-18,70.87000274658203,0.0
2017-09-19,70.9800033569336,0.0
2017-09-20,70.9800033569336,0.0
2017-09-21,70.79000091552734,0.0
2017-09-22,70.83999633789062,0.0
2017-09-25,70.52999877929688,0.0
2017-09-26,70.45999908447266,0.0
2017-09-27,70.23999786376953,0.354
2017-09-28,70.33000183105469,0.0
2017-09-29,70.72000122070312,0.0
2017-10-02,70.87999725341797,0.0
2017-10-03,71.19000244140625,0.0
2017-10-04,71.22000122070312,0.0
2017-10-05,71.43000030517578,0.0
2017-10-06,71.33999633789062,0.0
2017-10-09,71.23999786376953,0.0
2017-10-10,71.62999725341797,0.0
2017-10-11,71.83000183105469,0.0
2017-10-12,71.79000091552734,0.0
2017-10-13,71.98999786376953,0.0
2017-10-16,72.0199966430664,0.0
2017-10-17,71.98999786376953,0.0
2017-10-18,72.04000091552734,0.0
2017-10-19,71.94999694824219,0.0
2017-10-20,72.12000274658203,0.0
2017-10-23,71.83999633789062,0.0
2017-10-24,71.95999908447266,0.0
2017-10-25,71.66999816894531,0.0
2017-10-26,71.69000244140625,0.0
2017-10-27,72.06999969482422,0.0
2017-10-30,71.9800033569336,0.0
2017-10-31,72.20999908447266,0.0
2017-11-01,72.37000274658203,0.0
2017-11-02,72.44999694824219,0.0
2017-11-03,72.51000213623047,0.0
2017-11-06,72.69999694824219,0.0
2017-11-07,72.55000305175781,0.0
2017-11-08,72.70999908447266,0.0
2017-11-09,72.30999755859375,0.0
2017-11-10,72.25,0.0
2017-11-13,72.13999938964844,0.0
2017-11-14,72.02999877929688,0.0
2017-11-15,71.61000061035156,0.0
2017-11-16,72.30000305175781,0.0
2017-11-17,72.19999694824219,0.0
2017-11-20,72.30999755859375,0.0
2017-11-21,72.87999725341797,0.0
2017-11-22,72.9800033569336,0.0
2017-11-24,73.25,0.0
2017-11-27,72.95999908447266,0.0
2017-11-28,73.5199966430664,0.0
2017-11-29,73.29000091552734,0.0
2017-11-30,73.58000183105469,0.0
2017-12-01,73.41999816894531,0.0
2017-12-04,73.29000091552734,0.0
2017-12-05,73.05999755859375,0.0
2017-12-06,72.83000183105469,0.0
2017-12-07,73.05999755859375,0.0
2017-12-08,73.48999786376953,0.0
2017-12-11,73.66999816894531,0.0
2017-12-12,73.69000244140625,0.0
2017-12-13,73.8499984741211,0.0
2017-12-14,73.52999877929688,0.0
2017-12-15,73.87000274658203,0.0
2017-12-18,74.55999755859375,0.0
2017-12-19,73.80999755859375,0.492
2017-12-20,73.76000213623047,0.0
2017-12-21,73.97000122070312,0.0
2017-12-22,74.0999984741211,0.0
2017-12-26,74.11000061035156,0.0
2017-12-27,74.16000366210938,0.0
2017-12-28,74.37999725341797,0.0
2017-12-29,74.26000213623047,0.0
2018-01-02,74.91000366210938,0.0
2018-01-03,75.41999816894531,0.0
2018-01-04,75.87000274658203,0.0
2018-01-05,76.30999755859375,0.0
2018-01-08,76.38999938964844,0.0
2018-01-09,76.5199966430664,0.0
2018-01-10,76.2699966430664,0.0
2018-01-11,76.83000183105469,0.0
2018-01-12,77.44000244140625,0.0
2018-01-16,77.26000213623047,0.0
2018-01-17,77.87000274658203,0.0
2018-01-18,77.70999908447266,0.0
2018-01-19,78.12000274658203,0.0
2018-01-22,78.69000244140625,0.0
2018-01-23,78.91000366210938,0.0
2018-01-24,79.04000091552734,0.0
2018-01-25,78.91999816894531,0.0
2018-01-26,79.7300033569336,0.0
2018-01-29,79.06999969482422,0.0
2018-01-30,78.26000213623047,0.0
2018-01-31,78.33000183105469,0.0
2018-02-01,78.2699966430664,0.0
2018-02-02,76.55999755859375,0.0
2018-02-05,73.62000274658203,0.0
2018-02-06,75.16000366210938,0.0
2018-02-07,74.19999694824219,0.0
2018-02-08,71.8499984741211,0.0
2018-02-09,72.61000061035156,0.0
2018-02-12,73.69000244140625,0.0
2018-02-13,73.73999786376953,0.0
2018-02-14,74.91000366210938,0.0
2018-02-15,75.73999786376953,0.0
2018-02-16,75.80000305175781,0.0
2018-02-20,75.2300033569336,0.0
2018-02-21,74.94999694824219,0.0
2018-02-22,75.08000183105469,0.0
2018-02-23,76.08999633789062,0.0
2018-02-26,76.80000305175781,0.0
2018-02-27,75.7300033569336,0.0
2018-02-28,74.8499984741211,0.0
2018-03-01,73.95999908447266,0.0
2018-03-02,74.30999755859375,0.0
2018-03-05,74.91000366210938,0.0
2018-03-06,75.3499984741211,0.0
2018-03-07,75.26000213623047,0.0
2018-03-08,75.55000305175781,0.0
2018-03-09,76.5,0.0
2018-03-12,76.58000183105469,0.0
2018-03-13,76.05000305175781,0.0
2018-03-14,75.97000122070312,0.0
2018-03-15,75.8499984741211,0.0
2018-03-16,75.86000061035156,0.0
2018-03-19,75.05999755859375,0.0
2018-03-20,75.23999786376953,0.0
2018-03-21,75.30000305175781,0.0
2018-03-22,73.54000091552734,0.0
2018-03-23,72.30000305175781,0.0
2018-03-26,73.73999786376953,0.257
2018-03-27,72.76000213623047,0.0
2018-03-28,72.7300033569336,0.0
2018-03-29,73.62999725341797,0.0
2018-04-02,72.16999816894531,0.0
2018-04-03,72.93000030517578,0.0
2018-04-04,73.51000213623047,0.0
2018-04-05,73.9000015258789,0.0
2018-04-06,72.70999908447266,0.0
2018-04-09,73.1500015258789,0.0
2018-04-10,74.2300033569336,0.0
2018-04-11,73.88999938964844,0.0
2018-04-12,74.33000183105469,0.0
2018-04-13,74.12999725341797,0.0
2018-04-16,74.51000213623047,0.0
2018-04-17,75.11000061035156,0.0
2018-04-18,75.4000015258789,0.0
2018-04-19,74.91000366210938,0.0
2018-04-20,74.41999816894531,0.0
2018-04-23,74.33000183105469,0.0
2018-04-24,73.72000122070312,0.0
2018-04-25,73.69000244140625,0.0
2018-04-26,74.30999755859375,0.0
2018-04-27,74.44000244140625,0.0
2018-04-30,73.94000244140625,0.0
2018-05-01,73.9000015258789,0.0
2018-05-02,73.62000274658203,0.0
2018-05-03,73.58999633789062,0.0
2018-05-04,74.22000122070312,0.0
2018-05-07,74.33000183105469,0.0
2018-05-08,74.33999633789062,0.0
2018-05-09,74.79000091552734,0.0
2018-05-10,75.4800033569336,0.0
2018-05-11,75.63999938964844,0.0
2018-05-14,75.75,0.0
2018-05-15,75.06999969482422,0.0
2018-05-16,75.44999694824219,0.0
2018-05-17,75.43000030517578,0.0
2018-05-18,75.18000030517578,0.0
2018-05-21,75.61000061035156,0.0
2018-05-22,75.54000091552734,0.0
2018-05-23,75.31999969482422,0.0
2018-05-24,75.19000244140625,0.0
2018-05-25,74.94000244140625,0.0
2018-05-29,73.77999877929688,0.0
2018-05-30,74.73999786376953,0.0
2018-05-31,74.36000061035156,0.0
2018-06-01,75.08000183105469,0.0
2018-06-04,75.45999908447266,0.0
2018-06-05,75.44000244140625,0.0
2018-06-06,76.0999984741211,0.0
2018-06-07,75.83999633789062,0.0
2018-06-08,76.01000213623047,0.0
2018-06-11,76.19999694824219,0.0
2018-06-12,76.12000274658203,0.0
2018-06-13,75.88999938964844,0.0
2018-06-14,75.97000122070312,0.0
2018-06-15,75.6500015258789,0.0
2018-06-18,75.29000091552734,0.0
2018-06-19,74.77999877929688,0.0
2018-06-20,75.04000091552734,0.0
2018-06-21,74.41999816894531,0.0
2018-06-22,74.30999755859375,0.551
2018-06-25,73.25,0.0
2018-06-26,73.33000183105469,0.0
2018-06-27,72.63999938964844,0.0
2018-06-28,73.01000213623047,0.0
2018-06-29,73.37000274658203,0.0
2018-07-02,73.11000061035156,0.0
2018-07-03,73.02999877929688,0.0
2018-07-05,73.61000061035156,0.0
2018-07-06,74.08000183105469,0.0
2018-07-09,74.81999969482422,0.0
2018-07-10,74.94999694824219,0.0
2018-07-11,74.12000274658203,0.0
2018-07-12,74.69999694824219,0.0
2018-07-13,74.79000091552734,0.0
2018-07-16,74.69000244140625,0.0
2018-07-17,74.9800033569336,0.0
2018-07-18,75.02999877929688,0.0
2018-07-19,74.75,0.0
2018-07-20,74.88999938964844,0.0
2018-07-23,74.88999938964844,0.0
2018-07-24,75.22000122070312,0.0
2018-07-25,76.0,0.0
2018-07-26,75.68000030517578,0.0
2018-07-27,75.44999694824219,0.0
2018-07-30,75.19000244140625,0.0
2018-07-31,75.4800033569336,0.0
2018-08-01,75.20999908447266,0.0
2018-08-02,75.22000122070312,0.0
2018-08-03,75.4800033569336,0.0
2018-08-06,75.4800033569336,0.0
2018-08-07,75.7699966430664,0.0
2018-08-08,75.72000122070312,0.0
2018-08-09,75.55000305175781,0.0
2018-08-10,74.69999694824219,0.0
2018-08-13,74.30000305175781,0.0
2018-08-14,74.6500015258789,0.0
2018-08-15,73.81999969482422,0.0
2018-08-16,74.37999725341797,0.0
2018-08-17,74.70999908447266,0.0
2018-08-20,75.0,0.0
2018-08-21,75.30000305175781,0.0
2018-08-22,75.5,0.0
2018-08-23,75.1500015258789,0.0
2018-08-24,75.69000244140625,0.0
2018-08-27,76.48999786376953,0.0
2018-08-28,76.43000030517578,0.0
2018-08-29,76.79000091552734,0.0
2018-08-30,76.1500015258789,0.0
2018-08-31,76.12999725341797,0.0
2018-09-04,75.6500015258789,0.0
2018-09-05,75.1500015258789,0.0
2018-09-06,74.98999786376953,0.0
2018-09-07,74.6500015258789,0.0
2018-09-10,74.83000183105469,0.0
2018-09-11,74.9800033569336,0.0
2018-09-12,75.12000274658203,0.0
2018-09-13,75.58999633789062,0.0
2018-09-14,75.63999938964844,0.0
2018-09-17,75.37000274658203,0.0
2018-09-18,75.9000015258789,0.0
2018-09-19,76.08999633789062,0.0
2018-09-20,76.80000305175781,0.0
2018-09-21,76.77999877929688,0.0
2018-09-24,76.44000244140625,0.0
2018-09-25,76.54000091552734,0.0
2018-09-26,76.05000305175781,0.362
2018-09-27,76.11000061035156,0.0
2018-09-28,75.83000183105469,0.0
2018-10-01,76.06999969482422,0.0
2018-10-02,75.70999908447266,0.0
2018-10-03,75.70999908447266,0.0
2018-10-04,74.87999725341797,0.0
2018-10-05,74.43000030517578,0.0
2018-10-08,74.2699966430664,0.0
2018-10-09,74.08999633789062,0.0
2018-10-10,71.98999786376953,0.0
2018-10-11,70.7300033569336,0.0
2018-10-12,71.52999877929688,0.0
2018-10-15,71.2300033569336,0.0
2018-10-16,72.63999938964844,0.0
2018-10-17,72.3499984741211,0.0
2018-10-18,71.2300033569336,0.0
2018-10-19,71.30000305175781,0.0
2018-10-22,71.0999984741211,0.0
2018-10-23,70.61000061035156,0.0
2018-10-24,68.44999694824219,0.0
2018-10-25,69.58999633789062,0.0
2018-10-26,68.73999786376953,0.0
2018-10-29,68.2699966430664,0.0
2018-10-30,69.2699966430664,0.0
2018-10-31,69.9000015258789,0.0
2018-11-01,71.0,0.0
2018-11-02,70.8499984741211,0.0
2018-11-05,71.04000091552734,0.0
2018-11-06,71.4000015258789,0.0
2018-11-07,72.62999725341797,0.0
2018-11-08,72.05000305175781,0.0
2018-11-09,71.4800033569336,0.0
2018-11-12,70.22000122070312,0.0
2018-11-13,70.33000183105469,0.0
2018-11-14,70.08999633789062,0.0
2018-11-15,70.70999908447266,0.0
2018-11-16,70.8499984741211,0.0
2018-11-19,69.87999725341797,0.0
2018-11-20,68.5999984741211,0.0
2018-11-21,69.23999786376953,0.0
2018-11-23,68.80000305175781,0.0
2018-11-26,69.80000305175781,0.0
2018-11-27,69.80999755859375,0.0
2018-11-28,71.1500015258789,0.0
2018-11-29,70.97000122070312,0.0
2018-11-30,71.11000061035156,0.0
2018-12-03,72.08000183105469,0.0
2018-12-04,69.95999908447266,0.0
2018-12-06,69.5999984741211,0.0
2018-12-07,68.31999969482422,0.0
2018-12-10,68.16999816894531,0.0
2018-12-11,68.19999694824219,0.0
2018-12-12,68.94000244140625,0.0
2018-12-13,68.80999755859375,0.0
2018-12-14,67.7300033569336,0.0
2018-12-17,66.61000061035156,0.0
2018-12-18,66.69999694824219,0.0
2018-12-19,65.83999633789062,0.0
2018-12-20,65.13999938964844,0.0
2018-12-21,64.01000213623047,0.0
2018-12-24,62.33000183105469,0.489
2018-12-26,64.6500015258789,0.0
2018-12-27,65.01000213623047,0.0
2018-12-28,65.08000183105469,0.0
2018-12-31,65.45999908447266,0.0
2019-01-02,65.37999725341797,0.0
2019-01-03,64.36000061035156,0.0
2019-01-04,66.44999694824219,0.0
2019-01-07,66.86000061035156,0.0
2019-01-08,67.4000015258789,0.0
2019-01-09,68.02999877929688,0.0
2019-01-10,68.33999633789062,0.0
2019-01-11,68.08000183105469,0.0
2019-01-14,67.70999908447266,0.0
2019-01-15,68.31999969482422,0.0
2019-01-16,68.55000305175781,0.0
2019-01-17,68.94000244140625,0.0
2019-01-18,69.69000244140625,0.0
2019-01-22,68.69999694824219,0.0
2019-01-23,68.86000061035156,0.0
2019-01-24,69.06999969482422,0.0
2019-01-25,69.7699966430664,0.0
2019-01-28,69.31999969482422,0.0
2019-01-29,69.36000061035156,0.0
2019-01-30,70.33999633789062,0.0
2019-01-31,70.69000244140625,0.0
2019-02-01,70.69999694824219,0.0
2019-02-04,71.06999969482422,0.0
2019-02-05,71.55999755859375,0.0
2019-02-06,71.26000213623047,0.0
2019-02-07,70.56999969482422,0.0
2019-02-08,70.44000244140625,0.0
2019-02-11,70.44000244140625,0.0
2019-02-12,71.30000305175781,0.0
2019-02-13,71.33000183105469,0.0
2019-02-14,71.31999969482422,0.0
2019-02-15,72.0999984741211,0.0
2019-02-19,72.27999877929688,0.0
2019-02-20,72.55000305175781,0.0
2019-02-21,72.27999877929688,0.0
2019-02-22,72.73999786376953,0.0
2019-02-25,72.93000030517578,0.0
2019-02-26,73.01000213623047,0.0
2019-02-27,72.91999816894531,0.0
2019-02-28,72.68000030517578,0.0
2019-03-01,73.05000305175781,0.0
2019-03-04,72.83000183105469,0.0
2019-03-05,72.93000030517578,0.0
2019-03-06,72.48999786376953,0.0
2019-03-07,71.72000122070312,0.0
2019-03-08,71.52999877929688,0.0
2019-03-11,72.48999786376953,0.0
2019-03-12,72.66999816894531,0.0
2019-03-13,73.08999633789062,0.0
2019-03-14,73.0,0.0
2019-03-15,73.56999969482422,0.0
2019-03-18,73.9000015258789,0.0
2019-03-19,73.91000366210938,0.0
2019-03-20,73.79000091552734,0.0
2019-03-21,74.2300033569336,0.0
2019-03-22,72.72000122070312,0.0
2019-03-25,72.41999816894531,0.281
2019-03-26,72.8499984741211,0.0
2019-03-27,72.58000183105469,0.0
2019-03-28,72.77999877929688,0.0
2019-03-29,73.16999816894531,0.0
2019-04-01,74.11000061035156,0.0
2019-04-02,74.0999984741211,0.0
2019-04-03,74.41000366210938,0.0
2019-04-04,74.51000213623047,0.0
2019-04-05,74.80999755859375,0.0
2019-04-08,74.9000015258789,0.0
2019-04-09,74.5,0.0
2019-04-10,74.80999755859375,0.0
2019-04-11,74.68000030517578,0.0
2019-04-12,75.20999908447266,0.0
2019-04-15,75.08999633789062,0.0
2019-04-16,75.26000213623047,0.0
2019-04-17,75.16999816894531,0.0
2019-04-18,75.2300033569336,0.0
2019-04-22,75.16000366210938,0.0
2019-04-23,75.63999938964844,0.0
2019-04-24,75.2300033569336,0.0
2019-04-25,75.18000030517578,0.0
2019-04-26,75.54000091552734,0.0
2019-04-29,75.63999938964844,0.0
2019-04-30,75.70999908447266,0.0
2019-05-01,75.22000122070312,0.0
2019-05-02,75.11000061035156,0.0
2019-05-03,75.83000183105469,0.0
2019-05-06,75.30000305175781,0.0
2019-05-07,74.05000305175781,0.0
2019-05-08,74.04000091552734,0.0
2019-05-09,73.61000061035156,0.0
2019-05-10,73.97000122070312,0.0
2019-05-13,72.11000061035156,0.0
2019-05-14,72.86000061035156,0.0
2019-05-15,73.19999694824219,0.0
2019-05-16,73.73999786376953,0.0
2019-05-17,73.1500015258789,0.0
2019-05-20,72.73999786376953,0.0
2019-05-21,73.37999725341797,0.0
2019-05-22,73.05000305175781,0.0
2019-05-23,72.2300033569336,0.0
2019-05-24,72.55999755859375,0.0
2019-05-28,71.98999786376953,0.0
2019-05-29,71.62999725341797,0.0
2019-05-30,71.87999725341797,0.0
2019-05-31,71.19000244140625,0.0
2019-06-03,71.30000305175781,0.0
2019-06-04,72.5199966430664,0.0
2019-06-05,72.7699966430664,0.0
2019-06-06,73.11000061035156,0.0
2019-06-07,73.8499984741211,0.0
2019-06-10,74.16000366210938,0.0
2019-06-11,74.37000274658203,0.0
2019-06-12,74.01000213623047,0.0
2019-06-13,74.22000122070312,0.0
2019-06-14,73.87000274658203,0.0
2019-06-17,73.41999816894531,0.551
2019-06-18,74.31999969482422,0.0
2019-06-19,74.66999816894531,0.0
2019-06-20,75.4000015258789,0.0
2019-06-21,75.12999725341797,0.0
2019-06-24,75.0999984741211,0.0
2019-06-25,74.44999694824219,0.0
2019-06-26,74.48999786376953,0.0
2019-06-27,74.81999969482422,0.0
2019-06-28,75.16000366210938,0.0
2019-07-01,75.80999755859375,0.0
2019-07-02,75.91999816894531,0.0
2019-07-03,76.41000366210938,0.0
2019-07-05,76.11000061035156,0.0
2019-07-08,75.75,0.0
2019-07-09,75.62999725341797,0.0
2019-07-10,76.0,0.0
2019-07-11,76.04000091552734,0.0
2019-07-12,76.30000305175781,0.0
2019-07-15,76.31999969482422,0.0
2019-07-16,76.05999755859375,0.0
2019-07-17,75.69999694824219,0.0
2019-07-18,76.01000213623047,0.0
2019-07-19,75.70999908447266,0.0
2019-07-22,75.79000091552734,0.0
2019-07-23,76.27999877929688,0.0
2019-07-24,76.52999877929688,0.0
2019-07-25,75.9800033569336,0.0
2019-07-26,76.36000061035156,0.0
2019-07-29,76.29000091552734,0.0
2019-07-30,75.8499984741211,0.0
2019-07-31,75.16000366210938,0.0
2019-08-01,74.55999755859375,0.0
2019-08-02,73.87000274658203,0.0
2019-08-05,71.80999755859375,0.0
2019-08-06,72.61000061035156,0.0
2019-08-07,72.81999969482422,0.0
2019-08-08,73.94999694824219,0.0
2019-08-09,73.37999725341797,0.0
2019-08-12,72.61000061035156,0.0
2019-08-13,73.52999877929688,0.0
2019-08-14,71.37999725341797,0.0
2019-08-15,71.63999938964844,0.0
2019-08-16,72.62999725341797,0.0
2019-08-19,73.25,0.0
2019-08-20,72.8499984741211,0.0
2019-08-21,73.45999908447266,0.0
2019-08-22,73.30999755859375,0.0
2019-08-23,71.80000305175781,0.0
2019-08-26,72.5,0.0
2019-08-27,72.2699966430664,0.0
2019-08-28,72.63999938964844,0.0
2019-08-29,73.44999694824219,0.0
2019-08-30,73.58000183105469,0.0
2019-09-03,73.19000244140625,0.0
2019-09-04,74.08999633789062,0.0
2019-09-05,74.93000030517578,0.0
2019-09-06,75.05999755859375,0.0
2019-09-09,75.12000274658203,0.0
2019-09-10,75.1500015258789,0.0
2019-09-11,75.68000030517578,0.0
2019-09-12,76.0199966430664,0.0
2019-09-13,76.16999816894531,0.0
2019-09-16,75.88999938964844,0.0
2019-09-17,76.04000091552734,0.0
2019-09-18,75.9800033569336,0.0
2019-09-19,76.02999877929688,0.0
2019-09-20,75.77999877929688,0.0
2019-09-23,75.76000213623047,0.0
2019-09-24,74.83000183105469,0.435
2019-09-25,74.98999786376953,0.0
2019-09-26,75.0199966430664,0.0
2019-09-27,74.55000305175781,0.0
2019-09-30,74.81999969482422,0.0
2019-10-01,74.0199966430664,0.0
2019-10-02,72.80000305175781,0.0
2019-10-03,73.36000061035156,0.0
2019-10-04,74.13999938964844,0.0
2019-10-07,73.9000015258789,0.0
2019-10-08,72.93000030517578,0.0
2019-10-09,73.54000091552734,0.0
2019-10-10,74.05000305175781,0.0
2019-10-11,75.04000091552734,0.0
2019-10-14,74.8499984741211,0.0
2019-10-15,75.62999725341797,0.0
2019-10-16,75.58999633789062,0.0
2019-10-17,75.80000305175781,0.0
2019-10-18,75.56999969482422,0.0
2019-10-21,76.0999984741211,0.0
2019-10-22,75.88999938964844,0.0
2019-10-23,76.11000061035156,0.0
2019-10-24,76.2699966430664,0.0
2019-10-25,76.55999755859375,0.0
2019-10-28,76.97000122070312,0.0
2019-10-29,76.9000015258789,0.0
2019-10-30,77.13999938964844,0.0
2019-10-31,76.91000366210938,0.0
2019-11-01,77.66999816894531,0.0
2019-11-04,78.04000091552734,0.0
2019-11-05,78.05000305175781,0.0
2019-11-06,78.04000091552734,0.0
2019-11-07,78.29000091552734,0.0
2019-11-08,78.3499984741211,0.0
2019-11-11,78.1500015258789,0.0
2019-11-12,78.20999908447266,0.0
2019-11-13,78.06999969482422,0.0
2019-11-14,78.08999633789062,0.0
2019-11-15,78.63999938964844,0.0
2019-11-18,78.66999816894531,0.0
2019-11-19,78.69000244140625,0.0
2019-11-20,78.30000305175781,0.0
2019-11-21,78.20999908447266,0.0
2019-11-22,78.37999725341797,0.0
2019-11-25,78.9800033569336,0.0
2019-11-26,79.05000305175781,0.0
2019-11-27,79.37000274658203,0.0
2019-11-29,78.87999725341797,0.0
2019-12-02,78.31999969482422,0.0
2019-12-03,77.91000366210938,0.0
2019-12-04,78.5,0.0
2019-12-05,78.56999969482422,0.0
2019-12-06,79.2699966430664,0.0
2019-12-09,79.0,0.0
2019-12-10,78.93000030517578,0.0
2019-12-11,79.2699966430664,0.0
2019-12-12,80.0,0.0
2019-12-13,80.13999938964844,0.0
2019-12-16,80.81999969482422,0.0
2019-12-17,80.79000091552734,0.0
2019-12-18,80.81999969482422,0.0
2019-12-19,81.02999877929688,0.0
2019-12-20,81.2699966430664,0.0
2019-12-23,80.7699966430664,0.611
2019-12-24,80.73999786376953,0.0
2019-12-26,81.11000061035156,0.0
2019-12-27,81.20999908447266,0.0
2019-12-30,80.7300033569336,0.0
2019-12-31,80.98999786376953,0.0
2020-01-02,81.80999755859375,0.0
2020-01-03,81.06999969482422,0.0
2020-01-06,81.37000274658203,0.0
2020-01-07,81.12000274658203,0.0
2020-01-08,81.44999694824219,0.0
2020-01-09,81.8499984741211,0.0
2020-01-10,81.68000030517578,0.0
2020-01-13,82.26000213623047,0.0
2020-01-14,82.2300033569336,0.0
2020-01-15,82.23999786376953,0.0
2020-01-16,82.83000183105469,0.0
2020-01-17,83.08000183105469,0.0
2020-01-21,82.55000305175781,0.0
2020-01-22,82.66000366210938,0.0
2020-01-23,82.56999969482422,0.0
2020-01-24,81.91999816894531,0.0
2020-01-27,80.4000015258789,0.0
2020-01-28,81.19000244140625,0.0
2020-01-29,81.11000061035156,0.0
2020-01-30,81.11000061035156,0.0
2020-01-31,79.7300033569336,0.0
2020-02-03,80.16999816894531,0.0
2020-02-04,81.48999786376953,0.0
2020-02-05,82.2300033569336,0.0
2020-02-06,82.48999786376953,0.0
2020-02-07,81.81999969482422,0.0
2020-02-10,82.25,0.0
2020-02-11,82.66000366210938,0.0
2020-02-12,83.16999816894531,0.0
2020-02-13,82.87000274658203,0.0
2020-02-14,82.93000030517578,0.0
2020-02-18,82.56999969482422,0.0
2020-02-19,83.01000213623047,0.0
2020-02-20,82.55000305175781,0.0
2020-02-21,81.87999725341797,0.0
2020-02-24,79.06999969482422,0.0
2020-02-25,77.19000244140625,0.0
2020-02-26,77.05999755859375,0.0
2020-02-27,74.20999908447266,0.0
2020-02-28,73.97000122070312,0.0
2020-03-02,76.0,0.0
2020-03-03,74.52999877929688,0.0
2020-03-04,77.0199966430664,0.0
2020-03-05,74.81999969482422,0.0
2020-03-06,73.5,0.0
2020-03-09,67.69999694824219,0.0
2020-03-10,70.7699966430664,0.0
2020-03-11,67.2699966430664,0.0
2020-03-12,60.38999938964844,0.0
2020-03-13,65.19999694824219,0.0
2020-03-16,57.61000061035156,0.0
2020-03-17,60.91999816894531,0.0
2020-03-18,57.040000915527344,0.0
2020-03-19,57.59999847412109,0.0
2020-03-20,56.02999877929688,0.0
2020-03-23,54.47999954223633,0.221
2020-03-24,59.459999084472656,0.0
2020-03-25,60.81999969482422,0.0
2020-03-26,63.900001525878906,0.0
2020-03-27,61.77000045776367,0.0
2020-03-30,63.40999984741211,0.0
2020-03-31,62.79999923706055,0.0
2020-04-01,60.02999877929688,0.0
2020-04-02,61.2599983215332,0.0
2020-04-03,60.18999862670898,0.0
2020-04-06,63.880001068115234,0.0
2020-04-07,64.12000274658203,0.0
2020-04-08,65.66000366210938,0.0
2020-04-09,66.87999725341797,0.0
2020-04-13,66.27999877929688,0.0
2020-04-14,67.87000274658203,0.0
2020-04-15,66.0999984741211,0.0
2020-04-16,66.36000061035156,0.0
2020-04-17,68.11000061035156,0.0
2020-04-20,67.08999633789062,0.0
2020-04-21,65.19000244140625,0.0
2020-04-22,66.62000274658203,0.0
2020-04-23,66.56999969482422,0.0
2020-04-24,67.30000305175781,0.0
2020-04-27,68.44000244140625,0.0
2020-04-28,68.44000244140625,0.0
2020-04-29,70.38999938964844,0.0
2020-04-30,69.30999755859375,0.0
2020-05-01,67.51000213623047,0.0
2020-05-04,67.70999908447266,0.0
2020-05-05,68.19000244140625,0.0
2020-05-06,67.79000091552734,0.0
2020-05-07,68.70999908447266,0.0
2020-05-08,69.91999816894531,0.0
2020-05-11,69.91000366210938,0.0
2020-05-12,68.70999908447266,0.0
2020-05-13,67.75,0.0
2020-05-14,68.05999755859375,0.0
2020-05-15,68.19000244140625,0.0
2020-05-18,70.58999633789062,0.0
2020-05-19,69.87999725341797,0.0
2020-05-20,71.08999633789062,0.0
2020-05-21,70.4800033569336,0.0
2020-05-22,70.41000366210938,0.0
2020-05-26,71.75,0.0
2020-05-27,72.72000122070312,0.0
2020-05-28,72.76000213623047,0.0
2020-05-29,72.91999816894531,0.0
2020-06-01,73.86000061035156,0.0
2020-06-02,74.68000030517578,0.0
2020-06-03,76.01000213623047,0.0
2020-06-04,75.63999938964844,0.0
2020-06-05,77.45999908447266,0.0
2020-06-08,78.43000030517578,0.0
2020-06-09,77.61000061035156,0.0
2020-06-10,77.37999725341797,0.0
2020-06-11,72.97000122070312,0.0
2020-06-12,74.06999969482422,0.0
2020-06-15,74.5199966430664,0.0
2020-06-16,75.79000091552734,0.0
2020-06-17,75.68000030517578,0.0
2020-06-18,75.61000061035156,0.0
2020-06-19,75.26000213623047,0.0
2020-06-22,75.55999755859375,0.36
2020-06-23,75.87000274658203,0.0
2020-06-24,74.05000305175781,0.0
2020-06-25,74.87999725341797,0.0
2020-06-26,73.44000244140625,0.0
2020-06-29,74.31999969482422,0.0
2020-06-30,74.80000305175781,0.0
2020-07-01,75.30000305175781,0.0
2020-07-02,75.9800033569336,0.0
2020-07-06,77.37999725341797,0.0
2020-07-07,76.47000122070312,0.0
2020-07-08,77.2300033569336,0.0
2020-07-09,76.73999786376953,0.0
2020-07-10,77.36000061035156,0.0
2020-07-13,76.73999786376953,0.0
2020-07-14,77.63999938964844,0.0
2020-07-15,78.45999908447266,0.0
2020-07-16,78.0199966430664,0.0
2020-07-17,78.30000305175781,0.0
2020-07-20,78.93000030517578,0.0
2020-07-21,79.2300033569336,0.0
2020-07-22,79.55000305175781,0.0
2020-07-23,78.70999908447266,0.0
2020-07-24,78.29000091552734,0.0
2020-07-27,79.12999725341797,0.0
2020-07-28,78.58999633789062,0.0
2020-07-29,79.58999633789062,0.0
2020-07-30,79.06999969482422,0.0
2020-07-31,78.76000213623047,0.0
2020-08-03,79.68000030517578,0.0
2020-08-04,80.08000183105469,0.0
2020-08-05,80.62000274658203,0.0
2020-08-06,80.97000122070312,0.0
2020-08-07,80.69000244140625,0.0
2020-08-10,80.91000366210938,0.0
2020-08-11,80.66000366210938,0.0
2020-08-12,81.87000274658203,0.0
2020-08-13,81.6500015258789,0.0
2020-08-14,81.5,0.0
2020-08-17,82.0,0.0
2020-08-18,82.06999969482422,0.0
2020-08-19,81.66000366210938,0.0
2020-08-20,81.68000030517578,0.0
2020-08-21,81.76000213623047,0.0
2020-08-24,82.61000061035156,0.0
2020-08-25,82.9000015258789,0.0
2020-08-26,83.55000305175781,0.0
2020-08-27,83.36000061035156,0.0
2020-08-28,83.97000122070312,0.0
2020-08-31,83.48999786376953,0.0
2020-09-01,84.12000274658203,0.0
2020-09-02,85.06999969482422,0.0
2020-09-03,82.5199966430664,0.0
2020-09-04,82.20999908447266,0.0
2020-09-08,80.30999755859375,0.0
2020-09-09,81.77999877929688,0.0
2020-09-10,80.62999725341797,0.0
2020-09-11,80.94999694824219,0.0
2020-09-14,81.97000122070312,0.0
2020-09-15,82.44999694824219,0.0
2020-09-16,82.30999755859375,0.0
2020-09-17,81.87000274658203,0.0
2020-09-18,81.1500015258789,0.0
2020-09-21,79.56999969482422,0.403
2020-09-22,79.94000244140625,0.0
2020-09-23,78.4000015258789,0.0
2020-09-24,78.44000244140625,0.0
2020-09-25,79.30000305175781,0.0
2020-09-28,80.55000305175781,0.0
2020-09-29,80.26000213623047,0.0
2020-09-30,80.63999938964844,0.0
2020-10-01,81.29000091552734,0.0
2020-10-02,80.7699966430664,0.0
2020-10-05,82.0999984741211,0.0
2020-10-06,81.26000213623047,0.0
2020-10-07,82.41000366210938,0.0
2020-10-08,83.08999633789062,0.0
2020-10-09,83.72000122070312,0.0
2020-10-12,84.63999938964844,0.0
2020-10-13,84.08999633789062,0.0
2020-10-14,83.72000122070312,0.0
2020-10-15,83.31999969482422,0.0
2020-10-16,83.36000061035156,0.0
2020-10-19,82.56999969482422,0.0
2020-10-20,82.95999908447266,0.0
2020-10-21,82.75,0.0
2020-10-22,83.06999969482422,0.0
2020-10-23,83.44999694824219,0.0
2020-10-26,81.97000122070312,0.0
2020-10-27,81.62000274658203,0.0
2020-10-28,79.08999633789062,0.0
2020-10-29,79.77999877929688,0.0
2020-10-30,78.98999786376953,0.0
2020-11-02,79.97000122070312,0.0
2020-11-03,81.4800033569336,0.0
2020-11-04,83.01000213623047,0.0
2020-11-05,84.7699966430664,0.0
2020-11-06,84.87000274658203,0.0
2020-11-09,86.2300033569336,0.0
2020-11-10,86.29000091552734,0.0
2020-11-11,86.83999633789062,0.0
2020-11-12,85.91999816894531,0.0
2020-11-13,87.12999725341797,0.0
2020-11-16,88.23999786376953,0.0
2020-11-17,88.05999755859375,0.0
2020-11-18,87.30000305175781,0.0
2020-11-19,87.83999633789062,0.0
2020-11-20,87.69999694824219,0.0
2020-11-23,88.12999725341797,0.0
2020-11-24,89.47000122070312,0.0
2020-11-25,89.33000183105469,0.0
2020-11-27,89.7699966430664,0.0
2020-11-30,88.76000213623047,0.0
2020-12-01,90.08000183105467,0.0
2020-12-02,90.13999938964844,0.0
2020-12-03,90.44000244140624,0.0
2020-12-04,91.30999755859376,0.0
2020-12-07,91.0199966430664,0.0
2020-12-08,91.30999755859376,0.0
2020-12-09,90.75,0.0
2020-12-10,91.01000213623048,0.0
2020-12-11,90.7699966430664,0.0
2020-12-14,90.56999969482422,0.0
2020-12-15,91.73999786376952,0.0
2020-12-16,91.95999908447266,0.0
2020-12-17,92.5500030517578,0.0
2020-12-18,92.26000213623048,0.0
2020-12-21,91.0500030517578,0.552
2020-12-22,90.95999908447266,0.0
2020-12-23,91.37999725341795,0.0
2020-12-24,91.58999633789062,0.0
2020-12-28,92.01000213623048,0.0
2020-12-29,92.19000244140624,0.0
2020-12-30,92.51000213623048,0.0
2020-12-31,92.58000183105467,0.0
2021-01-04,92.0500030517578,0.0
2021-01-05,93.05999755859376,0.0
2021-01-06,93.72000122070312,0.0
2021-01-07,94.66999816894533,0.0
2021-01-08,95.52999877929688,0.0
2021-01-11,94.66999816894533,0.0
2021-01-12,95.02999877929688,0.0
2021-01-13,95.11000061035156,0.0
2021-01-14,95.2699966430664,0.0
2021-01-15,94.27999877929688,0.0
2021-01-19,95.0999984741211,0.0
2021-01-20,96.25,0.0
2021-01-21,96.27999877929688,0.0
2021-01-22,95.83000183105467,0.0
2021-01-25,96.04000091552734,0.0
2021-01-26,95.76000213623048,0.0
2021-01-27,93.45999908447266,0.0
2021-01-28,94.22000122070312,0.0
2021-01-29,92.37000274658205,0.0
2021-02-01,93.9499969482422,0.0
2021-02-02,95.25,0.0
2021-02-03,95.4000015258789,0.0
2021-02-04,96.05999755859376,0.0
2021-02-05,96.6500015258789,0.0
2021-02-08,97.31999969482422,0.0
2021-02-09,97.62000274658205,0.0
2021-02-10,97.61000061035156,0.0
2021-02-11,98.11000061035156,0.0
2021-02-12,98.58000183105467,0.0
2021-02-16,98.70999908447266,0.0
2021-02-17,98.38999938964844,0.0
2021-02-18,97.86000061035156,0.0
2021-02-19,98.11000061035156,0.0
2021-02-22,97.05999755859376,0.0
2021-02-23,97.23999786376952,0.0
2021-02-24,97.86000061035156,0.0
2021-02-25,95.62999725341795,0.0
2021-02-26,94.83999633789062,0.0
2021-03-01,97.08999633789062,0.0
2021-03-02,96.45999908447266,0.0
2021-03-03,95.44000244140624,0.0
2021-03-04,94.0500030517578,0.0
2021-03-05,95.33999633789062,0.0
2021-03-08,94.66000366210938,0.0
2021-03-09,96.12999725341795,0.0
2021-03-10,96.58000183105467,0.0
2021-03-11,97.81999969482422,0.0
2021-03-12,97.83000183105467,0.0
2021-03-15,98.23999786376952,0.0
2021-03-16,98.16000366210938,0.0
2021-03-17,98.58000183105467,0.0
2021-03-18,97.13999938964844,0.0
2021-03-19,97.23999786376952,0.0
2021-03-22,97.41999816894533,0.253
2021-03-23,96.20999908447266,0.0
2021-03-24,95.44000244140624,0.0
2021-03-25,95.98999786376952,0.0
2021-03-26,97.48999786376952,0.0
2021-03-29,97.12000274658205,0.0
2021-03-30,97.0999984741211,0.0
2021-03-31,97.29000091552734,0.0
2021-04-01,98.56999969482422,0.0
2021-04-05,99.6999969482422,0.0
2021-04-06,99.48999786376952,0.0
2021-04-07,99.33999633789062,0.0
2021-04-08,99.97000122070312,0.0
2021-04-09,100.33999633789062,0.0
2021-04-12,100.12999725341795,0.0
2021-04-13,100.51000213623048,0.0
2021-04-14,100.47000122070312,0.0
2021-04-15,101.44000244140624,0.0
2021-04-16,101.83000183105467,0.0
2021-04-19,101.37000274658205,0.0
2021-04-20,100.2300033569336,0.0
2021-04-21,101.25,0.0
2021-04-22,100.61000061035156,0.0
2021-04-23,101.77999877929688,0.0
2021-04-26,102.08000183105467,0.0
2021-04-27,101.97000122070312,0.0
2021-04-28,102.16000366210938,0.0
2021-04-29,102.38999938964844,0.0
2021-04-30,101.30999755859376,0.0
2021-05-03,101.77999877929688,0.0
2021-05-04,100.79000091552734,0.0
2021-05-05,101.23999786376952,0.0
2021-05-06,101.91000366210938,0.0
2021-05-07,102.87000274658205,0.0
2021-05-10,101.83000183105467,0.0
2021-05-11,100.94000244140624,0.0
2021-05-12,98.76000213623048,0.0
2021-05-13,99.68000030517578,0.0
2021-05-14,101.29000091552734,0.0
2021-05-17,101.08999633789062,0.0
2021-05-18,100.91000366210938,0.0
2021-05-19,100.37999725341795,0.0
2021-05-20,101.52999877929688,0.0
2021-05-21,101.38999938964844,0.0
2021-05-24,102.1999969482422,0.0
2021-05-25,102.22000122070312,0.0
2021-05-26,102.47000122070312,0.0
2021-05-27,102.62000274658205,0.0
2021-05-28,102.91000366210938,0.0
2021-06-01,103.3000030517578,0.0
2021-06-02,103.4499969482422,0.0
2021-06-03,102.87999725341795,0.0
2021-06-04,103.86000061035156,0.0
2021-06-07,103.93000030517578,0.0
2021-06-08,103.9000015258789,0.0
2021-06-09,103.62999725341795,0.0
2021-06-10,104.13999938964844,0.0
2021-06-11,104.33000183105467,0.0
2021-06-14,104.51000213623048,0.0
2021-06-15,104.3000030517578,0.0
2021-06-16,103.62000274658205,0.0
2021-06-17,103.3499984741211,0.0
2021-06-18,101.81999969482422,0.0
2021-06-21,102.70999908447266,0.505
2021-06-22,102.97000122070312,0.0
2021-06-23,102.81999969482422,0.0
2021-06-24,103.56999969482422,0.0
2021-06-25,103.9800033569336,0.0
2021-06-28,103.87000274658205,0.0
2021-06-29,103.88999938964844,0.0
2021-06-30,103.61000061035156,0.0
2021-07-01,103.98999786376952,0.0
2021-07-02,104.43000030517578,0.0
2021-07-06,103.9000015258789,0.0
2021-07-07,104.16000366210938,0.0
2021-07-08,102.97000122070312,0.0
2021-07-09,104.48999786376952,0.0
2021-07-12,104.73999786376952,0.0
2021-07-13,104.25,0.0
2021-07-14,104.33000183105467,0.0
2021-07-15,103.87999725341795,0.0
2021-07-16,103.08000183105467,0.0
2021-07-19,101.5199966430664,0.0
2021-07-20,102.73999786376952,0.0
2021-07-21,103.79000091552734,0.0
2021-07-22,103.9000015258789,0.0
2021-07-23,104.58000183105467,0.0
2021-07-26,104.45999908447266,0.0
2021-07-27,103.77999877929688,0.0
2021-07-28,104.33000183105467,0.0
2021-07-29,104.83999633789062,0.0
2021-07-30,104.25,0.0
2021-08-02,104.33000183105467,0.0
2021-08-03,105.0999984741211,0.0
2021-08-04,104.76000213623048,0.0
2021-08-05,105.27999877929688,0.0
2021-08-06,105.19000244140624,0.0
2021-08-09,105.13999938964844,0.0
2021-08-10,105.22000122070312,0.0
2021-08-11,105.63999938964844,0.0
2021-08-12,105.63999938964844,0.0
2021-08-13,105.87999725341795,0.0
2021-08-16,105.63999938964844,0.0
2021-08-17,104.6500015258789,0.0
2021-08-18,103.9499969482422,0.0
2021-08-19,103.41000366210938,0.0
2021-08-20,104.04000091552734,0.0
2021-08-23,105.12999725341795,0.0
2021-08-24,105.6999969482422,0.0
2021-08-25,105.88999938964844,0.0
2021-08-26,105.19000244140624,0.0
2021-08-27,106.30999755859376,0.0
2021-08-30,106.55999755859376,0.0
2021-08-31,106.61000061035156,0.0
2021-09-01,107.12999725341795,0.0
2021-09-02,107.45999908447266,0.0
2021-09-03,107.6500015258789,0.0
2021-09-07,107.36000061035156,0.0
2021-09-08,106.81999969482422,0.0
2021-09-09,106.54000091552734,0.0
2021-09-10,106.0,0.0
2021-09-13,106.37999725341795,0.0
2021-09-14,105.75,0.0
2021-09-15,106.38999938964844,0.0
2021-09-16,106.1500015258789,0.0
2021-09-17,105.0999984741211,0.0
2021-09-20,102.8000030517578,0.412
2021-09-21,103.12000274658205,0.0
2021-09-22,104.11000061035156,0.0
2021-09-23,105.27999877929688,0.0
2021-09-24,104.9000015258789,0.0
2021-09-27,104.83000183105467,0.0
2021-09-28,102.6500015258789,0.0
2021-09-29,102.52999877929688,0.0
2021-09-30,101.83000183105467,0.0
2021-10-01,102.6500015258789,0.0
2021-10-04,101.4499969482422,0.0
2021-10-05,102.23999786376952,0.0
2021-10-06,102.23999786376952,0.0
2021-10-07,103.25,0.0
2021-10-08,103.1500015258789,0.0
2021-10-11,102.61000061035156,0.0
2021-10-12,102.52999877929688,0.0
2021-10-13,103.26000213623048,0.0
2021-10-14,104.69000244140624,0.0
2021-10-15,105.43000030517578,0.0
2021-10-18,105.52999877929688,0.0
2021-10-19,106.29000091552734,0.0
2021-10-20,106.68000030517578,0.0
2021-10-21,106.62999725341795,0.0
2021-10-22,106.69000244140624,0.0
2021-10-25,107.04000091552734,0.0
2021-10-26,106.98999786376952,0.0
2021-10-27,106.36000061035156,0.0
2021-10-28,107.31999969482422,0.0
2021-10-29,107.06999969482422,0.0
2021-11-01,107.7300033569336,0.0
2021-11-02,107.75,0.0
2021-11-03,108.47000122070312,0.0
2021-11-04,108.6500015258789,0.0
2021-11-05,109.0,0.0
2021-11-08,109.2300033569336,0.0
2021-11-09,108.93000030517578,0.0
2021-11-10,107.87999725341795,0.0
2021-11-11,108.22000122070312,0.0
2021-11-12,108.94000244140624,0.0
2021-11-15,108.87999725341795,0.0
2021-11-16,109.06999969482422,0.0
2021-11-17,108.66999816894533,0.0
2021-11-18,108.70999908447266,0.0
2021-11-19,108.22000122070312,0.0
2021-11-22,107.5999984741211,0.0
2021-11-23,107.58000183105467,0.0
2021-11-24,107.63999938964844,0.0
2021-11-26,104.93000030517578,0.0
2021-11-29,105.86000061035156,0.0
2021-11-30,104.2699966430664,0.0
2021-12-01,103.16999816894533,0.0
2021-12-02,104.76000213623048,0.0
2021-12-03,103.79000091552734,0.0
2021-12-06,104.93000030517578,0.0
2021-12-07,107.0999984741211,0.0
2021-12-08,107.5,0.0
2021-12-09,106.54000091552734,0.0
2021-12-10,107.08000183105467,0.0
2021-12-13,106.0,0.0
2021-12-14,105.33999633789062,0.0
2021-12-15,106.66999816894533,0.0
2021-12-16,106.06999969482422,0.0
2021-12-17,105.0999984741211,0.0
2021-12-20,103.36000061035156,0.785
2021-12-21,105.11000061035156,0.0
2021-12-22,106.08000183105467,0.0
2021-12-23,106.76000213623048,0.0
2021-12-27,107.88999938964844,0.0
2021-12-28,107.7699966430664,0.0
2021-12-29,107.80999755859376,0.0
2021-12-30,107.72000122070312,0.0
2021-12-31,107.43000030517578,0.0
2022-01-03,108.0500030517578,0.0
2022-01-04,108.08999633789062,0.0
2022-01-05,106.25,0.0
2022-01-06,106.1500015258789,0.0
2022-01-07,106.0,0.0
2022-01-10,105.6500015258789,0.0
2022-01-11,106.87000274658205,0.0
2022-01-12,107.45999908447266,0.0
2022-01-13,106.12999725341795,0.0
2022-01-14,106.12000274658205,0.0
2022-01-18,104.3000030517578,0.0
2022-01-19,103.70999908447266,0.0
2022-01-20,102.86000061035156,0.0
2022-01-21,101.11000061035156,0.0
2022-01-24,100.9800033569336,0.0
2022-01-25,99.9800033569336,0.0
2022-01-26,99.52999877929688,0.0
2022-01-27,98.77999877929688,0.0
2022-01-28,100.41000366210938,0.0
2022-01-31,102.51000213623048,0.0
2022-02-01,103.31999969482422,0.0
2022-02-02,103.93000030517578,0.0
2022-02-03,101.91999816894533,0.0
2022-02-04,102.37000274658205,0.0
2022-02-07,102.25,0.0
2022-02-08,103.02999877929688,0.0
2022-02-09,104.70999908447266,0.0
2022-02-10,103.1999969482422,0.0
2022-02-11,101.41000366210938,0.0
2022-02-14,100.9000015258789,0.0
2022-02-15,102.66999816894533,0.0
2022-02-16,102.9800033569336,0.0
2022-02-17,100.98999786376952,0.0
2022-02-18,100.27999877929688,0.0
2022-02-22,99.08999633789062,0.0
2022-02-23,97.70999908447266,0.0
2022-02-24,98.12000274658205,0.0
2022-02-25,100.29000091552734,0.0
2022-02-28,99.66999816894533,0.0
2022-03-01,98.01000213623048,0.0
2022-03-02,99.47000122070312,0.0
2022-03-03,98.43000030517578,0.0
2022-03-04,96.98999786376952,0.0
2022-03-07,93.9000015258789,0.0
2022-03-08,93.8000030517578,0.0
2022-03-09,96.62999725341795,0.0
2022-03-10,95.87999725341795,0.0
2022-03-11,94.66000366210938,0.0
2022-03-14,94.06999969482422,0.0
2022-03-15,95.55999755859376,0.0
2022-03-16,98.58999633789062,0.0
2022-03-17,99.62000274658205,0.0
2022-03-18,100.68000030517578,0.0
2022-03-21,100.16999816894533,0.257
2022-03-22,101.30999755859376,0.0
2022-03-23,100.06999969482422,0.0
2022-03-24,101.1999969482422,0.0
2022-03-25,101.43000030517578,0.0
2022-03-28,101.76000213623048,0.0
2022-03-29,103.41000366210938,0.0
2022-03-30,102.83999633789062,0.0
2022-03-31,101.29000091552734,0.0
2022-04-01,101.94000244140624,0.0
2022-04-04,102.7699966430664,0.0
2022-04-05,101.29000091552734,0.0
2022-04-06,100.16000366210938,0.0
2022-04-07,100.38999938964844,0.0
2022-04-08,100.1500015258789,0.0
2022-04-11,98.75,0.0
2022-04-12,98.33999633789062,0.0
2022-04-13,99.5500030517578,0.0
2022-04-14,98.5999984741211,0.0
2022-04-18,98.31999969482422,0.0
2022-04-19,99.44000244140624,0.0
2022-04-20,99.5199966430664,0.0
2022-04-21,98.0,0.0
2022-04-22,95.77999877929688,0.0
2022-04-25,95.88999938964844,0.0
2022-04-26,93.2699966430664,0.0
2022-04-27,93.62000274658205,0.0
2022-04-28,95.55999755859376,0.0
2022-04-29,93.08999633789062,0.0
2022-05-02,93.38999938964844,0.0
2022-05-03,93.88999938964844,0.0
2022-05-04,96.13999938964844,0.0
2022-05-05,92.86000061035156,0.0
2022-05-06,91.94000244140624,0.0
2022-05-09,88.88999938964844,0.0
2022-05-10,89.19999694824219,0.0
2022-05-11,88.05999755859375,0.0
2022-05-12,87.93000030517578,0.0
2022-05-13,90.36000061035156,0.0
2022-05-16,90.06999969482422,0.0
2022-05-17,91.93000030517578,0.0
2022-05-18,88.87000274658203,0.0
2022-05-19,89.0999984741211,0.0
2022-05-20,89.3499984741211,0.0
2022-05-23,90.75,0.0
2022-05-24,89.9800033569336,0.0
2022-05-25,90.62000274658205,0.0
2022-05-26,92.1500015258789,0.0
2022-05-27,94.01000213623048,0.0
2022-05-31,93.5500030517578,0.0
2022-06-01,92.8499984741211,0.0
2022-06-02,94.7300033569336,0.0
2022-06-03,93.20999908447266,0.0
2022-06-06,93.56999969482422,0.0
2022-06-07,94.26000213623048,0.0
2022-06-08,93.33000183105467,0.0
2022-06-09,91.22000122070312,0.0
2022-06-10,88.83000183105469,0.0
2022-06-13,85.5199966430664,0.0
2022-06-14,85.25,0.0
2022-06-15,86.5999984741211,0.0
2022-06-16,83.87999725341797,0.0
2022-06-17,83.97000122070312,0.0
2022-06-21,85.12000274658203,0.598
2022-06-22,84.63999938964844,0.0
2022-06-23,85.1500015258789,0.0
2022-06-24,87.70999908447266,0.0
2022-06-27,87.48999786376953,0.0
2022-06-28,86.25,0.0
2022-06-29,85.98999786376953,0.0
2022-06-30,85.33999633789062,0.0
2022-07-01,85.87000274658203,0.0
2022-07-05,85.41999816894531,0.0
2022-07-06,85.47000122070312,0.0
2022-07-07,86.83000183105469,0.0
2022-07-08,86.80000305175781,0.0
2022-07-11,85.51000213623047,0.0
2022-07-12,85.0199966430664,0.0
2022-07-13,84.72000122070312,0.0
2022-07-14,84.06999969482422,0.0
2022-07-15,85.4800033569336,0.0
2022-07-18,85.33000183105469,0.0
2022-07-19,87.51000213623047,0.0
2022-07-20,87.80000305175781,0.0
2022-07-21,88.7300033569336,0.0
2022-07-22,87.97000122070312,0.0
2022-07-25,88.30000305175781,0.0
2022-07-26,87.2300033569336,0.0
2022-07-27,89.33999633789062,0.0
2022-07-28,90.20999908447266,0.0
2022-07-29,91.3000030517578,0.0
2022-08-01,91.08000183105467,0.0
2022-08-02,90.37000274658205,0.0
2022-08-03,91.44000244140624,0.0
2022-08-04,91.58999633789062,0.0
2022-08-05,91.37999725341795,0.0
2022-08-08,91.51000213623048,0.0
2022-08-09,91.0199966430664,0.0
2022-08-10,93.02999877929688,0.0
2022-08-11,93.08999633789062,0.0
2022-08-12,94.3499984741211,0.0
2022-08-15,94.37000274658205,0.0
2022-08-16,94.4800033569336,0.0
2022-08-17,93.7300033569336,0.0
2022-08-18,93.73999786376952,0.0
2022-08-19,92.43000030517578,0.0
2022-08-22,90.72000122070312,0.0
2022-08-23,90.68000030517578,0.0
2022-08-24,90.9800033569336,0.0
2022-08-25,92.3000030517578,0.0
2022-08-26,89.55999755859375,0.0
2022-08-29,89.06999969482422,0.0
2022-08-30,88.16999816894531,0.0
2022-08-31,87.5999984741211,0.0
2022-09-01,87.27999877929688,0.0
2022-09-02,86.54000091552734,0.0
2022-09-06,86.12000274658203,0.0
2022-09-07,87.37000274658203,0.0
2022-09-08,87.77999877929688,0.0
2022-09-09,89.44999694824219,0.0
2022-09-12,90.51000213623048,0.0
2022-09-13,86.95999908447266,0.0
2022-09-14,87.31999969482422,0.0
2022-09-15,86.43000030517578,0.0
2022-09-16,85.70999908447266,0.0
2022-09-19,85.83000183105469,0.403
2022-09-20,84.70999908447266,0.0
2022-09-21,83.37000274658203,0.0
2022-09-22,82.72000122070312,0.0
2022-09-23,80.83000183105469,0.0
2022-09-26,79.86000061035156,0.0
2022-09-27,79.58999633789062,0.0
2022-09-28,81.25,0.0
2022-09-29,79.72000122070312,0.0
2022-09-30,78.87999725341797,0.0
2022-10-03,80.83000183105469,0.0
2022-10-04,83.56999969482422,0.0
2022-10-05,83.16999816894531,0.0
2022-10-06,82.23999786376953,0.0
2022-10-07,80.25,0.0
2022-10-10,79.56999969482422,0.0
2022-10-11,78.87000274658203,0.0
2022-10-12,78.66999816894531,0.0
2022-10-13,80.36000061035156,0.0
2022-10-14,78.68000030517578,0.0
2022-10-17,80.75,0.0
2022-10-18,81.52999877929688,0.0
2022-10-19,80.66999816894531,0.0
2022-10-20,80.29000091552734,0.0
2022-10-21,81.95999908447266,0.0
2022-10-24,82.12000274658203,0.0
2022-10-25,83.62999725341797,0.0
2022-10-26,83.6500015258789,0.0
2022-10-27,83.18000030517578,0.0
2022-10-28,84.51000213623047,0.0
2022-10-31,83.91000366210938,0.0
2022-11-01,84.08000183105469,0.0
2022-11-02,82.30999755859375,0.0
2022-11-03,81.68000030517578,0.0
2022-11-04,83.58999633789062,0.0
2022-11-07,84.13999938964844,0.0
2022-11-08,84.73999786376953,0.0
2022-11-09,83.11000061035156,0.0
2022-11-10,87.61000061035156,0.0
2022-11-11,88.88999938964844,0.0
2022-11-14,88.02999877929688,0.0
2022-11-15,88.91999816894531,0.0
2022-11-16,88.16999816894531,0.0
2022-11-17,87.95999908447266,0.0
2022-11-18,88.16999816894531,0.0
2022-11-21,87.6500015258789,0.0
2022-11-22,88.77999877929688,0.0
2022-11-23,89.45999908447266,0.0
2022-11-25,89.55999755859375,0.0
2022-11-28,88.2699966430664,0.0
2022-11-29,88.44999694824219,0.0
2022-11-30,90.86000061035156,0.0
2022-12-01,91.06999969482422,0.0
2022-12-02,91.0199966430664,0.0
2022-12-05,89.44999694824219,0.0
2022-12-06,88.5,0.0
2022-12-07,88.3499984741211,0.0
2022-12-08,89.0199966430664,0.0
2022-12-09,88.55999755859375,0.0
2022-12-12,89.37999725341797,0.0
2022-12-13,90.20999908447266,0.0
2022-12-14,89.83999633789062,0.0
2022-12-15,87.62000274658203,0.0
2022-12-16,86.80000305175781,0.0
2022-12-19,85.63999938964844,0.638
2022-12-20,85.83999633789062,0.0
2022-12-21,86.95999908447266,0.0
2022-12-22,85.91000366210938,0.0
2022-12-23,86.30999755859375,0.0
2022-12-27,86.30000305175781,0.0
2022-12-28,85.22000122070312,0.0
2022-12-29,86.69000244140625,0.0
2022-12-30,86.19000244140625,0.0
2023-01-03,86.23999786376953,0.0
2023-01-04,87.30000305175781,0.0
2023-01-05,86.4000015258789,0.0
2023-01-06,88.37999725341797,0.0
2023-01-09,88.58999633789062,0.0
2023-01-10,89.06999969482422,0.0
2023-01-11,89.97000122070312,0.0
2023-01-12,90.61000061035156,0.0
2023-01-13,91.08000183105467,0.0
2023-01-17,91.05999755859376,0.0
2023-01-18,90.08000183105467,0.0
2023-01-19,89.68000030517578,0.0
2023-01-20,91.06999969482422,0.0
2023-01-23,91.93000030517578,0.0
2023-01-24,91.83999633789062,0.0
2023-01-25,92.01000213623048,0.0
2023-01-26,92.79000091552734,0.0
2023-01-27,92.8499984741211,0.0
2023-01-30,91.72000122070312,0.0
2023-01-31,92.77999877929688,0.0
2023-02-01,93.79000091552734,0.0
2023-02-02,94.5500030517578,0.0
2023-02-03,93.5,0.0
2023-02-06,92.66000366210938,0.0
2023-02-07,93.6500015258789,0.0
2023-02-08,92.87999725341795,0.0
2023-02-09,92.41999816894533,0.0
2023-02-10,92.25,0.0
2023-02-13,93.2699966430664,0.0
2023-02-14,93.33000183105467,0.0
2023-02-15,93.37999725341795,0.0
2023-02-16,92.48999786376952,0.0
2023-02-17,92.27999877929688,0.0
2023-02-21,90.72000122070312,0.0
2023-02-22,90.41999816894533,0.0
2023-02-23,90.9000015258789,0.0
2023-02-24,89.72000122070312,0.0
2023-02-27,90.22000122070312,0.0
2023-02-28,89.83000183105469,0.0
2023-03-01,90.01000213623047,0.0
2023-03-02,90.4800033569336,0.0
2023-03-03,91.77999877929688,0.0
2023-03-06,91.63999938964844,0.0
2023-03-07,90.23999786376952,0.0
2023-03-08,90.4800033569336,0.0
2023-03-09,88.98999786376953,0.0
2023-03-10,87.76000213623047,0.0
2023-03-13,87.4800033569336,0.0
2023-03-14,88.63999938964844,0.0
2023-03-15,87.27999877929688,0.0
2023-03-16,88.7300033569336,0.0
2023-03-17,87.68000030517578,0.0
2023-03-20,88.33999633789062,0.285
2023-03-21,89.5,0.0
2023-03-22,88.47000122070312,0.0
2023-03-23,88.68000030517578,0.0
2023-03-24,88.9000015258789,0.0
2023-03-27,89.23999786376953,0.0
2023-03-28,89.33000183105469,0.0
2023-03-29,90.43000030517578,0.0
2023-03-30,91.12999725341795,0.0
2023-03-31,92.08999633789062,0.0
2023-04-03,92.5199966430664,0.0
2023-04-04,92.12999725341795,0.0
2023-04-05,91.68000030517578,0.0
2023-04-06,91.9800033569336,0.0
2023-04-10,92.08999633789062,0.0
2023-04-11,92.30999755859376,0.0
2023-04-12,92.18000030517578,0.0
2023-04-13,93.38999938964844,0.0
2023-04-14,93.0999984741211,0.0
2023-04-17,93.31999969482422,0.0
2023-04-18,93.4800033569336,0.0
2023-04-19,93.26000213623048,0.0
2023-04-20,92.91999816894533,0.0
2023-04-21,92.9499969482422,0.0
2023-04-24,93.0500030517578,0.0
2023-04-25,91.52999877929688,0.0
2023-04-26,91.33000183105467,0.0
2023-04-27,92.8499984741211,0.0
2023-04-28,93.4000015258789,0.0
2023-05-01,93.29000091552734,0.0
2023-05-02,92.23999786376952,0.0
2023-05-03,91.91999816894533,0.0
2023-05-04,91.5999984741211,0.0
2023-05-05,93.16000366210938,0.0
2023-05-08,93.20999908447266,0.0
2023-05-09,92.83000183105467,0.0
2023-05-10,93.0199966430664,0.0
2023-05-11,92.8000030517578,0.0
2023-05-12,92.54000091552734,0.0
2023-05-15,93.16999816894533,0.0
2023-05-16,92.37000274658205,0.0
2023-05-17,93.23999786376952,0.0
2023-05-18,93.73999786376952,0.0
2023-05-19,93.75,0.0
2023-05-22,93.9000015258789,0.0
2023-05-23,92.72000122070312,0.0
2023-05-24,91.88999938964844,0.0
2023-05-25,92.16999816894533,0.0
2023-05-26,93.29000091552734,0.0
2023-05-30,92.95999908447266,0.0
2023-05-31,92.2699966430664,0.0
2023-06-01,93.41999816894533,0.0
2023-06-02,94.87999725341795,0.0
2023-06-05,94.55999755859376,0.0
2023-06-06,95.12000274658205,0.0
2023-06-07,94.70999908447266,0.0
2023-06-08,95.29000091552734,0.0
2023-06-09,95.4000015258789,0.0
2023-06-12,96.04000091552734,0.0
2023-06-13,96.79000091552734,0.0
2023-06-14,96.94000244140624,0.0
2023-06-15,98.05999755859376,0.0
2023-06-16,97.77999877929688,0.0
2023-06-20,96.16999816894533,0.65
2023-06-21,95.87000274658205,0.0
2023-06-22,95.83000183105467,0.0
2023-06-23,94.77999877929688,0.0
2023-06-26,94.72000122070312,0.0
2023-06-27,95.69000244140624,0.0
2023-06-28,95.73999786376952,0.0
2023-06-29,95.91999816894533,0.0
2023-06-30,96.9800033569336,0.0
2023-07-03,97.29000091552734,0.0
2023-07-05,96.73999786376952,0.0
2023-07-06,95.5500030517578,0.0
2023-07-07,95.8000030517578,0.0
2023-07-10,96.0999984741211,0.0
2023-07-11,96.93000030517578,0.0
2023-07-12,98.05999755859376,0.0
2023-07-13,99.19000244140624,0.0
2023-07-14,98.83000183105467,0.0
2023-07-17,99.11000061035156,0.0
2023-07-18,99.70999908447266,0.0
2023-07-19,99.8000030517578,0.0
2023-07-20,99.12000274658205,0.0
2023-07-21,99.16000366210938,0.0
2023-07-24,99.5199966430664,0.0
2023-07-25,99.81999969482422,0.0
2023-07-26,100.0,0.0
2023-07-27,99.33999633789062,0.0
2023-07-28,100.37000274658205,0.0
2023-07-31,100.58999633789062,0.0
2023-08-01,99.9800033569336,0.0
2023-08-02,98.30999755859376,0.0
2023-08-03,98.0999984741211,0.0
2023-08-04,97.91999816894533,0.0
2023-08-07,98.63999938964844,0.0
2023-08-08,98.02999877929688,0.0
2023-08-09,97.62999725341795,0.0
2023-08-10,97.77999877929688,0.0
2023-08-11,97.43000030517578,0.0
2023-08-14,97.51000213623048,0.0
2023-08-15,96.36000061035156,0.0
2023-08-16,95.62999725341795,0.0
2023-08-17,95.0,0.0
2023-08-18,94.94000244140624,0.0
2023-08-21,95.41000366210938,0.0
2023-08-22,95.20999908447266,0.0
2023-08-23,96.3000030517578,0.0
2023-08-24,95.0999984741211,0.0
2023-08-25,95.6500015258789,0.0
2023-08-28,96.44000244140624,0.0
2023-08-29,97.73999786376952,0.0
2023-08-30,97.9800033569336,0.0
2023-08-31,97.7300033569336,0.0
2023-09-01,98.06999969482422,0.0
2023-09-05,97.4499969482422,0.0
2023-09-06,96.88999938964844,0.0
2023-09-07,96.48999786376952,0.0
2023-09-08,96.52999877929688,0.0
2023-09-11,97.30999755859376,0.0
2023-09-12,96.9000015258789,0.0
2023-09-13,96.79000091552734,0.0
2023-09-14,97.7699966430664,0.0
2023-09-15,96.95999908447266,0.0
2023-09-18,96.44000244140624,0.406
2023-09-19,96.26000213623048,0.0
2023-09-20,95.5999984741211,0.0
2023-09-21,94.02999877929688,0.0
2023-09-22,94.01000213623048,0.0
2023-09-25,94.11000061035156,0.0
2023-09-26,92.79000091552734,0.0
2023-09-27,92.8000030517578,0.0
2023-09-28,93.44000244140624,0.0
2023-09-29,93.18000030517578,0.0
2023-10-02,92.68000030517578,0.0
2023-10-03,91.41999816894533,0.0
2023-10-04,91.8000030517578,0.0
2023-10-05,92.0199966430664,0.0
2023-10-06,93.04000091552734,0.0
2023-10-09,93.31999969482422,0.0
2023-10-10,94.1500015258789,0.0
2023-10-11,94.58000183105467,0.0
2023-10-12,93.73999786376952,0.0
2023-10-13,93.12000274658205,0.0
2023-10-16,94.06999969482422,0.0
2023-10-17,94.06999969482422,0.0
2023-10-18,92.63999938964844,0.0
2023-10-19,91.83999633789062,0.0
2023-10-20,90.79000091552734,0.0
2023-10-23,90.62000274658205,0.0
2023-10-24,91.30999755859376,0.0
2023-10-25,90.12000274658205,0.0
2023-10-26,89.36000061035156,0.0
2023-10-27,88.97000122070312,0.0
2023-10-30,90.0199966430664,0.0
2023-10-31,90.45999908447266,0.0
2023-11-01,91.3499984741211,0.0
2023-11-02,93.20999908447266,0.0
2023-11-03,94.3499984741211,0.0
2023-11-06,94.33999633789062,0.0
2023-11-07,94.27999877929688,0.0
2023-11-08,94.22000122070312,0.0
2023-11-09,93.62000274658205,0.0
2023-11-10,94.72000122070312,0.0
2023-11-13,94.70999908447266,0.0
2023-11-14,96.9000015258789,0.0
2023-11-15,97.08999633789062,0.0
2023-11-16,96.91000366210938,0.0
2023-11-17,97.4499969482422,0.0
2023-11-20,98.08999633789062,0.0
2023-11-21,97.83000183105467,0.0
2023-11-22,98.06999969482422,0.0
2023-11-24,98.33000183105467,0.0
2023-11-27,98.13999938964844,0.0
2023-11-28,98.3000030517578,0.0
2023-11-29,98.31999969482422,0.0
2023-11-30,98.61000061035156,0.0
2023-12-01,99.45999908447266,0.0
2023-12-04,98.8499984741211,0.0
2023-12-05,98.62999725341795,0.0
2023-12-06,98.4499969482422,0.0
2023-12-07,99.11000061035156,0.0
2023-12-08,99.38999938964844,0.0
2023-12-11,99.76000213623048,0.0
2023-12-12,100.01000213623048,0.0
2023-12-13,101.48999786376952,0.0
2023-12-14,102.27999877929688,0.0
2023-12-15,101.80999755859376,0.0
2023-12-18,101.41000366210938,0.801
2023-12-19,102.16999816894533,0.0
2023-12-20,100.7699966430664,0.0
2023-12-21,102.06999969482422,0.0
2023-12-22,102.22000122070312,0.0
2023-12-26,102.7300033569336,0.0
2023-12-27,103.02999877929688,0.0
2023-12-28,103.0999984741211,0.0
2023-12-29,102.87999725341795,0.0
2024-01-02,102.01000213623048,0.0
2024-01-03,101.12999725341795,0.0
2024-01-04,101.01000213623048,0.0
2024-01-05,101.12999725341795,0.0
2024-01-08,102.3499984741211,0.0
2024-01-09,101.8499984741211,0.0
2024-01-10,102.3499984741211,0.0
2024-01-11,102.30999755859376,0.0
2024-01-12,102.47000122070312,0.0
2024-01-16,101.4800033569336,0.0
2024-01-17,100.68000030517578,0.0
2024-01-18,101.54000091552734,0.0
2024-01-19,102.45999908447266,0.0
2024-01-22,102.6999969482422,0.0
2024-01-23,102.86000061035156,0.0
2024-01-24,103.12999725341795,0.0
2024-01-25,103.58000183105467,0.0
2024-01-26,103.6500015258789,0.0
2024-01-29,104.38999938964844,0.0
2024-01-30,104.1500015258789,0.0
2024-01-31,102.87999725341795,0.0
2024-02-01,104.08000183105467,0.0
2024-02-02,104.47000122070312,0.0
2024-02-05,103.97000122070312,0.0
2024-02-06,104.5500030517578,0.0
2024-02-07,105.08000183105467,0.0
2024-02-08,105.12000274658205,0.0
2024-02-09,105.6999969482422,0.0
2024-02-12,105.83999633789062,0.0
2024-02-13,104.16999816894533,0.0
2024-02-14,105.33000183105467,0.0
2024-02-15,106.2300033569336,0.0
2024-02-16,105.9800033569336,0.0
2024-02-20,105.69000244140624,0.0
2024-02-21,105.72000122070312,0.0
2024-02-22,107.44000244140624,0.0
2024-02-23,107.5199966430664,0.0
2024-02-26,107.23999786376952,0.0
2024-02-27,107.47000122070312,0.0
2024-02-28,107.05999755859376,0.0
2024-02-29,107.5,0.0
2024-03-01,108.45999908447266,0.0
2024-03-04,108.29000091552734,0.0
2024-03-05,107.45999908447266,0.0
2024-03-06,108.31999969482422,0.0
2024-03-07,109.43000030517578,0.0
2024-03-08,108.91000366210938,0.0
2024-03-11,108.66000366210938,0.0
2024-03-12,109.70999908447266,0.0
2024-03-13,109.52999877929688,0.0
2024-03-14,109.04000091552734,0.0
2024-03-15,108.13999938964844,0.421
2024-03-18,108.54000091552734,0.0
2024-03-19,108.91999816894533,0.0
2024-03-20,110.0,0.0
2024-03-21,110.33000183105467,0.0
2024-03-22,109.98999786376952,0.0
2024-03-25,109.7699966430664,0.0
2024-03-26,109.63999938964844,0.0
2024-03-27,110.45999908447266,0.0
2024-03-28,110.5,0.0
2024-04-01,110.20999908447266,0.0
2024-04-02,109.56999969482422,0.0
2024-04-03,109.8499984741211,0.0
2024-04-04,108.72000122070312,0.0
2024-04-05,109.61000061035156,0.0
2024-04-08,109.8499984741211,0.0
2024-04-09,110.0199966430664,0.0
2024-04-10,108.76000213623048,0.0
2024-04-11,109.37999725341795,0.0
2024-04-12,107.61000061035156,0.0
2024-04-15,106.5999984741211,0.0
2024-04-16,105.98999786376952,0.0
2024-04-17,105.58999633789062,0.0
2024-04-18,105.43000030517578,0.0
2024-04-19,104.94000244140624,0.0
2024-04-22,105.91999816894533,0.0
2024-04-23,107.12999725341795,0.0
2024-04-24,107.0999984741211,0.0
2024-04-25,106.76000213623048,0.0
2024-04-26,107.72000122070312,0.0
2024-04-29,108.19000244140624,0.0
2024-04-30,106.54000091552734,0.0
2024-05-01,106.33999633789062,0.0
2024-05-02,107.63999938964844,0.0
2024-05-03,108.79000091552734,0.0
2024-05-06,109.76000213623048,0.0
2024-05-07,109.79000091552734,0.0
2024-05-08,109.72000122070312,0.0
2024-05-09,110.4000015258789,0.0
2024-05-10,110.58000183105467,0.0
2024-05-13,110.55999755859376,0.0
2024-05-14,111.23999786376952,0.0
2024-05-15,112.52999877929688,0.0
2024-05-16,112.16999816894533,0.0
2024-05-17,112.4800033569336,0.0
2024-05-20,112.5500030517578,0.0
2024-05-21,112.54000091552734,0.0
2024-05-22,111.97000122070312,0.0
2024-05-23,111.16999816894533,0.0
2024-05-24,111.98999786376952,0.0
2024-05-28,111.9000015258789,0.0
2024-05-29,110.68000030517578,0.0
2024-05-30,110.61000061035156,0.0
2024-05-31,111.44000244140624,0.0
2024-06-03,111.5500030517578,0.0
2024-06-04,111.33000183105467,0.0
2024-06-05,112.4800033569336,0.0
2024-06-06,112.55999755859376,0.0
2024-06-07,112.01000213623048,0.0
2024-06-10,112.2699966430664,0.0
2024-06-11,112.08000183105467,0.0
2024-06-12,113.16999816894533,0.0
2024-06-13,112.7699966430664,0.0
2024-06-14,112.41000366210938,0.0
2024-06-17,113.13999938964844,0.0
2024-06-18,113.51000213623048,0.0
2024-06-20,113.30999755859376,0.0
2024-06-21,112.43000030517578,0.578
2024-06-24,112.5500030517578,0.0
2024-06-25,112.7699966430664,0.0
2024-06-26,112.5999984741211,0.0
2024-06-27,112.80999755859376,0.0
2024-06-28,112.62999725341795,0.0
2024-07-01,112.77999877929688,0.0
2024-07-02,113.30999755859376,0.0
2024-07-03,114.18000030517578,0.0
2024-07-05,114.70999908447266,0.0
2024-07-08,114.68000030517578,0.0
2024-07-09,114.66000366210938,0.0
2024-07-10,115.87000274658205,0.0
2024-07-11,115.63999938964844,0.0
2024-07-12,116.41999816894533,0.0
2024-07-15,116.38999938964844,0.0
2024-07-16,117.25,0.0
2024-07-17,115.8000030517578,0.0
2024-07-18,114.81999969482422,0.0
2024-07-19,114.05999755859376,0.0
2024-07-22,115.1999969482422,0.0
2024-07-23,114.83999633789062,0.0
2024-07-24,112.62999725341795,0.0
2024-07-25,112.25,0.0
2024-07-26,113.54000091552734,0.0
2024-07-29,113.38999938964844,0.0
2024-07-30,113.0999984741211,0.0
2024-07-31,114.86000061035156,0.0
2024-08-01,112.77999877929688,0.0
2024-08-02,110.70999908447266,0.0
2024-08-05,107.72000122070312,0.0
2024-08-06,108.52999877929688,0.0
2024-08-07,108.25,0.0
2024-08-08,110.55999755859376,0.0
2024-08-09,111.0199966430664,0.0
2024-08-12,111.04000091552734,0.0
2024-08-13,112.7699966430664,0.0
2024-08-14,113.0500030517578,0.0
2024-08-15,114.72000122070312,0.0
2024-08-16,115.16999816894533,0.0
2024-08-19,116.3499984741211,0.0
2024-08-20,116.02999877929688,0.0
2024-08-21,116.6999969482422,0.0
2024-08-22,115.72000122070312,0.0
2024-08-23,117.4000015258789,0.0
2024-08-26,116.86000061035156,0.0
2024-08-27,117.1999969482422,0.0
2024-08-28,116.5199966430664,0.0
2024-08-29,116.69000244140624,0.0
2024-08-30,117.54000091552734,0.0
2024-09-03,115.2300033569336,0.0
2024-09-04,114.9800033569336,0.0
2024-09-05,114.77999877929688,0.0
2024-09-06,112.83000183105467,0.0
2024-09-09,113.98999786376952,0.0
2024-09-10,114.11000061035156,0.0
2024-09-11,115.04000091552734,0.0
2024-09-12,116.02999877929688,0.0
2024-09-13,116.63999938964844,0.0
2024-09-16,117.08999633789062,0.0
2024-09-17,117.0199966430664,0.0
2024-09-18,116.69000244140624,0.0
2024-09-19,118.76000213623048,0.0
2024-09-20,117.9000015258789,0.417
2024-09-23,118.27999877929688,0.0
2024-09-24,119.08000183105467,0.0
2024-09-25,118.48999786376952,0.0
2024-09-26,119.95999908447266,0.0
2024-09-27,119.61000061035156,0.0
2024-09-30,119.6999969482422,0.0
2024-10-01,118.94000244140624,0.0
2024-10-02,119.12000274658205,0.0
2024-10-03,118.45999908447266,0.0
2024-10-04,119.51000213623048,0.0
2024-10-07,118.79000091552734,0.0
2024-10-08,118.98999786376952,0.0
2024-10-09,119.45999908447266,0.0
2024-10-10,119.2699966430664,0.0
2024-10-11,120.08999633789062,0.0
2024-10-14,120.69000244140624,0.0
2024-10-15,119.4499969482422,0.0
2024-10-16,120.04000091552734,0.0
2024-10-17,119.9800033569336,0.0
2024-10-18,120.56999969482422,0.0
2024-10-21,119.9499969482422,0.0
2024-10-22,119.66000366210938,0.0
2024-10-23,118.62000274658205,0.0
2024-10-24,118.93000030517578,0.0
2024-10-25,118.7300033569336,0.0
2024-10-28,119.3499984741211,0.0
2024-10-29,119.25,0.0
2024-10-30,118.80999755859376,0.0
2024-10-31,117.08999633789062,0.0
2024-11-01,117.55999755859376,0.0
2024-11-04,117.5,0.0
2024-11-05,118.91999816894533,0.0
2024-11-06,120.4800033569336,0.0
2024-11-07,121.75,0.0
2024-11-08,121.41000366210938,0.0
2024-11-11,121.5500030517578,0.0
2024-11-12,120.58000183105467,0.0
2024-11-13,120.33000183105467,0.0
2024-11-14,119.70999908447266,0.0
2024-11-15,118.5199966430664,0.0
2024-11-18,119.22000122070312,0.0
2024-11-19,119.52999877929688,0.0
2024-11-20,119.5,0.0
2024-11-21,120.06999969482422,0.0
2024-11-22,120.58999633789062,0.0
2024-11-25,121.0999984741211,0.0
2024-11-26,121.18000030517578,0.0
2024-11-27,121.02999877929688,0.0
2024-11-29,121.94000244140624,0.0
2024-12-02,122.1999969482422,0.0
2024-12-03,122.4000015258789,0.0
2024-12-04,122.9000015258789,0.0
2024-12-05,122.91999816894533,0.0
2024-12-06,123.06999969482422,0.0
2024-12-09,122.81999969482422,0.0
2024-12-10,122.04000091552734,0.0
2024-12-11,122.97000122070312,0.0
2024-12-12,122.13999938964844,0.0
2024-12-13,122.0,0.0
2024-12-16,122.16000366210938,0.0
2024-12-17,121.6500015258789,0.0
2024-12-18,118.05999755859376,0.0
2024-12-19,118.04000091552734,0.0
2024-12-20,118.11000061035156,0.877
2024-12-23,118.76000213623048,0.0
2024-12-24,119.6999969482422,0.0
2024-12-26,119.83999633789062,0.0
2024-12-27,118.9000015258789,0.0
2024-12-30,117.75,0.0
2024-12-31,117.4800033569336,0.0
2025-01-02,117.23999786376952,0.0
2025-01-03,118.4499969482422,0.0
2025-01-06,119.18000030517578,0.0
2025-01-07,118.01000213623048,0.0
2025-01-08,118.0500030517578,0.0
2025-01-10,116.16000366210938,0.0
2025-01-13,116.1999969482422,0.0
2025-01-14,116.5999984741211,0.0
2025-01-15,118.37999725341795,0.0
2025-01-16,118.48999786376952,0.0
2025-01-17,119.4800033569336,0.0
2025-01-21,120.93000030517578,0.0
2025-01-22,121.23999786376952,0.0
2025-01-23,121.88999938964844,0.0
2025-01-24,121.9000015258789,0.0
2025-01-27,120.51000213623048,0.0
2025-01-28,121.29000091552734,0.0
2025-01-29,120.91999816894533,0.0
2025-01-30,121.94000244140624,0.0
2025-01-31,121.06999969482422,0.0
2025-02-03,120.12000274658205,0.0
2025-02-04,121.23999786376952,0.0
2025-02-05,121.87999725341795,0.0
2025-02-06,122.27999877929688,0.0
2025-02-07,121.29000091552734,0.0
2025-02-10,122.08999633789062,0.0
2025-02-11,122.16000366210938,0.0
2025-02-12,122.04000091552734,0.0
2025-02-13,123.36000061035156,0.0
2025-02-14,123.48999786376952,0.0
2025-02-18,123.97000122070312,0.0
2025-02-19,123.81999969482422,0.0
2025-02-20,123.6500015258789,0.0
2025-02-21,121.91000366210938,0.0
2025-02-24,121.30999755859376,0.0
2025-02-25,121.16999816894533,0.0
2025-02-26,121.3499984741211,0.0
2025-02-27,119.5199966430664,0.0
2025-02-28,120.56999969482422,0.0
2025-03-03,119.29000091552734,0.0
2025-03-04,118.41999816894533,0.0
2025-03-05,120.37999725341795,0.0
2025-03-06,118.58999633789062,0.0
2025-03-07,119.33999633789062,0.0
2025-03-10,116.3000030517578,0.0
2025-03-11,115.83000183105467,0.0
2025-03-12,116.45999908447266,0.0
2025-03-13,115.08000183105467,0.0
2025-03-14,117.47000122070312,0.0
2025-03-17,118.63999938964844,0.0
2025-03-18,117.79000091552734,0.0
2025-03-19,118.76000213623048,0.0
2025-03-20,118.25,0.0
2025-03-21,117.5999984741211,0.385
2025-03-24,119.08999633789062,0.0
2025-03-25,119.31999969482422,0.0
2025-03-26,118.0199966430664,0.0
2025-03-27,117.88999938964844,0.0
2025-03-28,115.81999969482422,0.0
2025-03-31,115.9499969482422,0.0
2025-04-01,116.33000183105467,0.0
2025-04-02,117.0199966430664,0.0
2025-04-03,112.4000015258789,0.0
2025-04-04,105.6999969482422,0.0
2025-04-07,104.43000030517578,0.0
2025-04-08,103.16000366210938,0.0
2025-04-09,111.9800033569336,0.0
2025-04-10,108.86000061035156,0.0
2025-04-11,111.11000061035156,0.0
2025-04-14,112.16000366210938,0.0
2025-04-15,112.2699966430664,0.0
2025-04-16,110.5999984741211,0.0
2025-04-17,111.18000030517578,0.0
2025-04-21,109.45999908447266,0.0
2025-04-22,111.8499984741211,0.0
2025-04-23,113.27999877929688,0.0
2025-04-24,115.25,0.0
2025-04-25,115.8000030517578,0.0
2025-04-28,116.12999725341795,0.0
2025-04-29,116.66000366210938,0.0
2025-04-30,116.5999984741211,0.0
2025-05-01,117.0199966430664,0.0
2025-05-02,119.05999755859376,0.0
2025-05-05,118.8000030517578,0.0
2025-05-06,118.12999725341795,0.0
2025-05-07,118.20999908447266,0.0
2025-05-08,118.62000274658205,0.0
2025-05-09,118.79000091552734,0.0
2025-05-12,121.7300033569336,0.0
2025-05-13,122.33000183105467,0.0
2025-05-14,122.33000183105467,0.0
2025-05-15,123.0199966430664,0.0
2025-05-16,123.62000274658205,0.0
2025-05-19,123.95999908447266,0.0
2025-05-20,123.83000183105467,0.0
2025-05-21,122.27999877929688,0.0
2025-05-22,122.19000244140624,0.0
2025-05-23,121.91000366210938,0.0
2025-05-27,123.88999938964844,0.0
2025-05-28,123.04000091552734,0.0
2025-05-29,123.54000091552734,0.0
2025-05-30,123.37000274658205,0.0
2025-06-02,124.19000244140624,0.0
2025-06-03,124.51000213623048,0.0
2025-06-04,124.8000030517578,0.0
2025-06-05,124.45999908447266,0.0
2025-06-06,125.43000030517578,0.0
2025-06-09,125.63999938964844,0.0
2025-06-10,126.23999786376952,0.0
2025-06-11,126.0,0.0
2025-06-12,126.54000091552734,0.0
2025-06-13,124.9499969482422,0.0
2025-06-16,126.04000091552734,0.0
2025-06-17,124.80999755859376,0.0
2025-06-18,124.87999725341795,0.0
2025-06-20,123.73999786376952,0.595
2025-06-23,124.91999816894533,0.0
2025-06-24,126.48999786376952,0.0
2025-06-25,126.2699966430664,0.0
2025-06-26,127.4499969482422,0.0
2025-06-27,128.0,0.0
2025-06-30,128.52000427246094,0.0
2025-07-01,128.52999877929688,0.0
2025-07-02,129.11000061035156,0.0
2025-07-03,129.7899932861328,0.0
2025-07-07,128.61000061035156,0.0
2025-07-08,128.8800048828125,0.0
2025-07-09,129.64999389648438,0.0
2025-07-10,129.88999938964844,0.0
2025-07-11,129.24000549316406,0.0
2025-07-14,129.47000122070312,0.0
2025-07-15,128.80999755859375,0.0
2025-07-16,129.32000732421875,0.0
2025-07-17,129.97999572753906,0.0
2025-07-18,129.8699951171875,0.0
2025-07-21,130.19000244140625,0.0
2025-07-22,130.5500030517578,0.0
2025-07-23,132.0500030517578,0.0
2025-07-24,131.6999969482422,0.0
2025-07-25,131.97999572753906,0.0
2025-07-28,131.32000732421875,0.0
2025-07-29,131.0800018310547,0.0
2025-07-30,130.6199951171875,0.0
2025-07-31,129.92999267578125,0.0
2025-08-01,128.41000366210938,0.0
2025-08-04,130.2100067138672,0.0
2025-08-05,129.9499969482422,0.0
2025-08-06,130.8000030517578,0.0
2025-08-07,131.0399932861328,0.0
2025-08-08,131.80999755859375,0.0
2025-08-11,131.4600067138672,0.0
2025-08-12,133.02999877929688,0.0
2025-08-13,133.6999969482422,0.0
2025-08-14,133.3800048828125,0.0
2025-08-15,133.3800048828125,0.0
2025-08-18,133.4499969482422,0.0
2025-08-19,132.83999633789062,0.0
2025-08-20,132.6699981689453,0.0
2025-08-21,132.19000244140625,0.0
2025-08-22,134.4499969482422,0.0
2025-08-25,133.57000732421875,0.0
2025-08-26,133.9199981689453,0.0
2025-08-27,133.97999572753906,0.0
2025-08-28,134.50999450683594,0.0
2025-08-29,133.77000427246094,0.0
2025-09-02,132.80999755859375,0.0
2025-09-03,133.3000030517578,0.0
2025-09-04,134.25,0.0
2025-09-05,134.3800048828125,0.0
2025-09-08,135.11000061035156,0.0
2025-09-09,135.24000549316406,0.0
2025-09-10,135.52999877929688,0.0
2025-09-11,136.8699951171875,0.0
2025-09-12,136.60000610351562,0.0
2025-09-15,137.3699951171875,0.0
2025-09-16,137.32000732421875,0.0
2025-09-17,137.1199951171875,0.0
2025-09-18,137.75999450683594,0.0
2025-09-19,137.47000122070312,0.478
2025-09-22,138.02999877929688,0.0
2025-09-23,137.50999450683594,0.0
2025-09-24,136.88999938964844,0.0
2025-09-25,136.1199951171875,0.0
2025-09-26,136.86000061035156,0.0
2025-09-29,137.3800048828125,0.0
2025-09-30,137.8000030517578,0.0
2025-10-01,138.50999450683594,0.0
2025-10-02,138.7100067138672,0.0
2025-10-03,139.0800018310547,0.0
2025-10-06,139.5800018310547,0.0
2025-10-07,138.72000122070312,0.0
2025-10-08,139.47000122070312,0.0
2025-10-09,138.74000549316406,0.0
2025-10-10,135.16000366210938,0.0
2025-10-13,137.32000732421875,0.0
2025-10-14,137.25,0.0
2025-10-15,138.02000427246094,0.0
2025-10-16,137.64999389648438,0.0
2025-10-17,138.0800018310547,0.0
2025-10-20,139.4499969482422,0.0
2025-10-21,139.08999633789062,0.0
2025-10-22,138.49000549316406,0.0
2025-10-23,139.39999389648438,0.0
2025-10-24,140.27999877929688,0.0
2025-10-27,141.67999267578125,0.0
2025-10-28,141.77999877929688,0.0
2025-10-29,141.58999633789062,0.0
2025-10-30,140.33999633789062,0.0
2025-10-31,140.58999633789062,0.0
2025-11-03,140.75999450683594,0.0
2025-11-04,138.99000549316406,0.0
2025-11-05,139.75,0.0
2025-11-06,138.5,0.0
2025-11-07,138.8300018310547,0.0
2025-11-10,140.77000427246094,0.0
2025-11-11,141.14999389648438,0.0
2025-11-12,141.49000549316406,0.0
2025-11-13,139.2899932861328,0.0
2025-11-14,139.24000549316406,0.0
2025-11-17,137.7100067138672,0.0
2025-11-18,136.67999267578125,0.0
2025-11-19,136.82000732421875,0.0
2025-11-20,134.72999572753906,0.0
2025-11-21,136.14999389648438,0.0
2025-11-24,137.8000030517578,0.0
2025-11-25,139.0800018310547,0.0
2025-11-26,140.22000122070312,0.0
2025-11-28,140.88999938964844,0.0
2025-12-01,140.22000122070312,0.0
2025-12-02,140.47999572753906,0.0
2025-12-03,141.05999755859375,0.0
2025-12-04,141.27999877929688,0.0
2025-12-05,141.55999755859375,0.0
2025-12-08,141.1300048828125,0.0
2025-12-09,140.97000122070312,0.0
2025-12-10,142.1699981689453,0.0
2025-12-11,142.55999755859375,0.0
2025-12-12,141.22000122070312,0.0
2025-12-15,141.22000122070312,0.0
2025-12-16,140.67999267578125,0.0
2025-12-17,139.38999938964844,0.0
2025-12-18,140.44000244140625,0.0
2025-12-19,140.5,1.115
2025-12-22,141.33999633789062,0.0
2025-12-23,142.00999450683594,0.0
2025-12-24,142.36000061035156,0.0
2025-12-26,142.5,0.0
2025-12-29,142.00999450683594,0.0
2025-12-30,141.97999572753906,0.0
2025-12-31,141.05999755859375,0.0
2026-01-02,142.10000610351562,0.0
2026-01-05,143.3000030517578,0.0
2026-01-06,144.13999938964844,0.0
2026-01-07,143.5399932861328,0.0
2026-01-08,143.63999938964844,0.0
2026-01-09,144.58999633789062,0.0
2026-01-12,145.24000549316406,0.0
2026-01-13,144.6999969482422,0.0
2026-01-14,144.60000610351562,0.0
2026-01-15,144.92999267578125,0.0
2026-01-16,144.92999267578125,0.0
2026-01-20,142.4499969482422,0.0
2026-01-21,144.1199951171875,0.0
2026-01-22,144.9199981689453,0.0
2026-01-23,145.1999969482422,0.0
2026-01-26,145.83999633789062,0.0
2026-01-27,147.0500030517578,0.0
2026-01-28,146.8000030517578,0.0
2026-01-29,146.72000122070312,0.0
2026-01-30,145.4499969482422,0.0
2026-02-02,146.14999389648438,0.0
2026-02-03,145.61000061035156,0.0
2026-02-04,145.1300048828125,0.0
2026-02-05,143.3699951171875,0.0
2026-02-06,146.4600067138672,0.0
2026-02-09,147.6699981689453,0.0
2026-02-10,147.5800018310547,0.0
2026-02-11,147.97999572753906,0.0
2026-02-12,145.9600067138672,0.0
2026-02-13,146.33999633789062,0.0
2026-02-17,146.2899932861328,0.0
2026-02-18,147.00999450683594,0.0
2026-02-19,146.67999267578125,0.0
2026-02-20,147.9499969482422,0.0
2026-02-23,146.64999389648438,0.0
2026-02-24,147.6999969482422,0.0
2026-02-25,148.91000366210938,0.0
2026-02-26,148.39999389648438,0.0
2026-02-27,147.83999633789062,0.0
2026-03-02,146.9499969482422,0.0
2026-03-03,144.0399932861328,0.0
2026-03-04,145.25999450683594,0.0
2026-03-05,143.57000732421875,0.0
2026-03-06,141.92999267578125,0.0
2026-03-09,143.24000549316406,0.0
2026-03-10,143.22000122070312,0.0
2026-03-11,143.0399932861328,0.0
2026-03-12,140.5500030517578,0.0
2026-03-13,139.52000427246094,0.0
2026-03-16,141.49000549316406,0.0
2026-03-17,142.02000427246094,0.0
2026-03-18,139.82000732421875,0.0
2026-03-19,139.5500030517578,0.0
2026-03-20,136.32000732421875,0.327
2026-03-23,138.60000610351562,0.0
2026-03-24,137.89999389648438,0.0
2026-03-25,139.1699981689453,0.0
2026-03-26,136.44000244140625,0.0
2026-03-27,134.6199951171875,0.0
2026-03-30,134.19000244140625,0.0
2026-03-31,138.32000732421875,0.0
2026-04-01,139.69000244140625,0.0
2026-04-02,139.3699951171875,0.0
2026-04-06,140.07000732421875,0.0
2026-04-07,140.1300048828125,0.0
2026-04-08,144.5800018310547,0.0
2026-04-09,144.9499969482422,0.0
2026-04-10,144.97999572753906,0.0
2026-04-13,146.39999389648438,0.0
2026-04-14,148.08999633789062,0.0
2026-04-15,148.6199951171875,0.0
2026-04-16,148.7899932861328,0.0
2026-04-17,150.83999633789062,0.0
2026-04-20,150.47999572753906,0.0
2026-04-21,148.75999450683594,0.0
2026-04-22,150.10000610351562,0.0
2026-04-23,149.14999389648438,0.0
2026-04-24,150.33999633789062,0.0
2026-04-27,150.32000732421875,0.0
2026-04-28,149.4600067138672,0.0
2026-04-29,148.94000244140625,0.0
2026-04-30,151.1999969482422,0.0
2026-05-01,151.44000244140625,0.0
2026-05-04,150.55999755859375,0.0
2026-05-05,152.1199951171875,0.0
2026-05-06,155.05999755859375,0.0
2026-05-07,153.72000122070312,0.0
2026-05-08,155.17999267578125,0.0
2026-05-11,155.32000732421875,0.0
2026-05-12,154.35000610351562,0.0
2026-05-13,155.39999389648438,0.0
2026-05-14,156.02000427246094,0.0
2026-05-15,153.52000427246094,0.0
2026-05-18,153.7100067138672,0.0
2026-05-19,152.6300048828125,0.0
2026-05-20,154.6300048828125,0.0
2026-05-21,155.2100067138672,0.0
2026-05-22,155.57000732421875,0.0
2026-05-26,157.3800048828125,0.0
2026-05-27,157.16000366210938,0.0
2026-05-28,157.8699951171875,0.0
2026-05-29,158.1199951171875,0.0
2026-06-01,158.60000610351562,0.0
2026-06-02,159.35000610351562,0.0
2026-06-03,157.9499969482422,0.0
2026-06-04,158.5399932861328,0.0
2026-06-05,153.67999267578125,0.0
2026-06-08,154.47999572753906,0.0
2026-06-09,154.3000030517578,0.0
2026-06-10,151.9199981689453,0.0
2026-06-11,155.61000061035156,0.0
2026-06-12,156.2899932861328,0.0
2026-06-15,158.72000122070312,0.0
2026-06-16,157.99000549316406,0.0
2026-06-17,156.41000366210938,0.0
2026-06-18,157.66000366210938,0.563
2026-06-22,157.55999755859375,0.0
2026-06-23,154.3300018310547,0.0
2026-06-24,154.25999450683594,0.0
2026-06-25,154.85000610351562,0.0
2026-06-26,153.9499969482422,0.0
2026-06-29,155.8300018310547,0.0
2026-06-30,156.9499969482422,0.0
2026-07-01,156.1199951171875,0.0
2026-07-02,156.1699981689453,0.0
2026-07-06,157.80999755859375,0.0
2026-07-07,156.33999633789062,0.0
2026-07-08,155.80999755859375,0.0
2026-07-09,157.0,0.0
2026-07-10,157.6300048828125,0.0
2026-07-13,155.80999755859375,0.0
2026-07-14,156.77999877929688,0.0
2026-07-15,157.2899932861328,0.0
2026-07-16,156.1300048828125,0.0
2026-07-17,154.77999877929688,0.0
2026-07-20,154.2899932861328,0.0
2026-07-21,156.13999938964844,0.0
2026-07-22,156.02000427246094,0.0
2026-07-23,154.30999755859375,0.0
2026-07-24,154.1999969482422,0.0
2026-07-27,154.4499969482422,0.0
2026-07-28,154.35000610351562,0.0
2026-07-29,152.22000122070312,0.0
2026-07-30,155.4499969482422,0.0
2026-07-31,155.86000061035156,0.0
2026-08-03,157.61000061035156,0.0
2026-08-04,160.4499969482422,0.0
2026-08-05,160.1699981689453,0.0
2026-08-06,159.9199981689453,0.0
2026-08-07,161.3000030517578,0.0
2026-08-10,160.97000122070312,0.0
2026-08-11,160.82000732421875,0.0
2026-08-12,161.52999877929688,0.0
2026-08-13,162.38999938964844,0.0
