Date,Close,Dividends
2001-06-15,55.665000915527344,0.0
2001-06-18,55.310001373291016,0.0
2001-06-19,55.46500015258789,0.0
2001-06-20,56.04999923706055,0.0
2001-06-21,56.5,0.0
2001-06-22,56.13999938964844,0.0
2001-06-25,55.63999938964844,0.14
2001-06-26,55.494998931884766,0.0
2001-06-27,55.5,0.0
2001-06-28,56.18000030517578,0.0
2001-06-29,56.5,0.0
2001-07-02,56.650001525878906,0.0
2001-07-03,56.619998931884766,0.0
2001-07-05,55.97499847412109,0.0
2001-07-06,54.5,0.0
2001-07-09,54.84999847412109,0.0
2001-07-10,54.125,0.0
2001-07-11,54.19499969482422,0.0
2001-07-12,55.47999954223633,0.0
2001-07-13,55.744998931884766,0.0
2001-07-16,55.09999847412109,0.0
2001-07-17,55.75,0.0
2001-07-18,55.16999816894531,0.0
2001-07-19,55.47999954223633,0.0
2001-07-20,55.48500061035156,0.0
2001-07-23,54.525001525878906,0.0
2001-07-24,53.77000045776367,0.0
2001-07-25,54.45000076293945,0.0
2001-07-26,55.14500045776367,0.0
2001-07-27,55.2400016784668,0.0
2001-07-30,55.19499969482422,0.0
2001-07-31,55.41999816894531,0.0
2001-08-01,55.65999984741211,0.0
2001-08-02,55.834999084472656,0.0
2001-08-03,55.63999938964844,0.0
2001-08-06,55.0,0.0
2001-08-07,55.09999847412109,0.0
2001-08-08,54.09999847412109,0.0
2001-08-09,54.2599983215332,0.0
2001-08-10,54.47999954223633,0.0
2001-08-13,54.57500076293945,0.0
2001-08-14,54.45500183105469,0.0
2001-08-15,53.98500061035156,0.0
2001-08-16,54.150001525878906,0.0
2001-08-17,53.32500076293945,0.0
2001-08-20,53.70000076293945,0.0
2001-08-21,52.95000076293945,0.0
2001-08-22,53.43999862670898,0.0
2001-08-23,53.369998931884766,0.0
2001-08-24,54.345001220703125,0.0
2001-08-27,54.150001525878906,0.0
2001-08-28,53.244998931884766,0.0
2001-08-29,52.744998931884766,0.0
2001-08-30,51.95500183105469,0.0
2001-08-31,52.17499923706055,0.0
2001-09-04,51.900001525878906,0.0
2001-09-05,51.82500076293945,0.0
2001-09-06,50.775001525878906,0.0
2001-09-07,49.75,0.0
2001-09-10,50.125,0.0
2001-09-17,47.744998931884766,0.0
2001-09-18,47.1349983215332,0.0
2001-09-19,46.5,0.0
2001-09-20,45.0,0.0
2001-09-21,44.275001525878906,0.0
2001-09-24,45.69499969482422,0.1575
2001-09-25,46.125,0.0
2001-09-26,45.77000045776367,0.0
2001-09-27,46.22499847412109,0.0
2001-09-28,47.47499847412109,0.0
2001-10-01,47.04499816894531,0.0
2001-10-02,47.625,0.0
2001-10-03,48.46500015258789,0.0
2001-10-04,48.625,0.0
2001-10-05,48.650001525878906,0.0
2001-10-08,48.32500076293945,0.0
2001-10-09,48.005001068115234,0.0
2001-10-10,49.14500045776367,0.0
2001-10-11,50.04499816894531,0.0
2001-10-12,49.665000915527344,0.0
2001-10-15,49.73500061035156,0.0
2001-10-16,50.01499938964844,0.0
2001-10-17,49.0,0.0
2001-10-18,48.744998931884766,0.0
2001-10-19,48.880001068115234,0.0
2001-10-22,49.61000061035156,0.0
2001-10-23,49.42499923706055,0.0
2001-10-24,49.400001525878906,0.0
2001-10-25,50.09999847412109,0.0
2001-10-26,50.369998931884766,0.0
2001-10-29,49.20000076293945,0.0
2001-10-30,48.38999938964844,0.0
2001-10-31,48.45000076293945,0.0
2001-11-01,49.470001220703125,0.0
2001-11-02,49.54999923706055,0.0
2001-11-05,50.2599983215332,0.0
2001-11-06,50.9900016784668,0.0
2001-11-07,50.900001525878906,0.0
2001-11-08,50.93000030517578,0.0
2001-11-09,51.040000915527344,0.0
2001-11-12,50.95000076293945,0.0
2001-11-13,51.84999847412109,0.0
2001-11-14,52.16999816894531,0.0
2001-11-15,52.005001068115234,0.0
2001-11-16,51.98500061035156,0.0
2001-11-19,52.51499938964844,0.0
2001-11-20,52.13999938964844,0.0
2001-11-21,51.81999969482422,0.0
2001-11-23,52.45500183105469,0.0
2001-11-26,52.775001525878906,0.0
2001-11-27,52.630001068115234,0.0
2001-11-28,51.52000045776367,0.0
2001-11-29,52.310001373291016,0.0
2001-11-30,52.13999938964844,0.0
2001-12-03,51.77999877929688,0.0
2001-12-04,52.459999084472656,0.0
2001-12-05,53.75,0.0
2001-12-06,53.650001525878906,0.0
2001-12-07,53.53499984741211,0.0
2001-12-10,52.525001525878906,0.0
2001-12-11,52.38999938964844,0.0
2001-12-12,52.36000061035156,0.0
2001-12-13,51.58000183105469,0.0
2001-12-14,51.81499862670898,0.0
2001-12-17,52.19499969482422,0.0
2001-12-18,52.73500061035156,0.0
2001-12-19,52.97499847412109,0.0
2001-12-20,52.5,0.0
2001-12-21,52.77999877929688,0.0
2001-12-24,52.70000076293945,0.1965
2001-12-26,52.959999084472656,0.0
2001-12-27,53.26499938964844,0.0
2001-12-28,53.42499923706055,0.0
2001-12-31,52.69499969482422,0.0
2002-01-02,53.125,0.0
2002-01-03,53.69499969482422,0.0
2002-01-04,54.04999923706055,0.0
2002-01-07,53.70000076293945,0.0
2002-01-08,53.54499816894531,0.0
2002-01-09,53.3650016784668,0.0
2002-01-10,53.32500076293945,0.0
2002-01-11,52.880001068115234,0.0
2002-01-14,52.46500015258789,0.0
2002-01-15,52.82500076293945,0.0
2002-01-16,51.95000076293945,0.0
2002-01-17,52.4900016784668,0.0
2002-01-18,52.005001068115234,0.0
2002-01-22,51.59999847412109,0.0
2002-01-23,52.04499816894531,0.0
2002-01-24,52.275001525878906,0.0
2002-01-25,52.36000061035156,0.0
2002-01-28,52.31999969482422,0.0
2002-01-29,51.02000045776367,0.0
2002-01-30,51.5,0.0
2002-01-31,52.23500061035156,0.0
2002-02-01,51.93000030517578,0.0
2002-02-04,50.67499923706055,0.0
2002-02-05,50.494998931884766,0.0
2002-02-06,50.15999984741211,0.0
2002-02-07,49.95000076293945,0.0
2002-02-08,50.665000915527344,0.0
2002-02-11,51.3650016784668,0.0
2002-02-12,51.2400016784668,0.0
2002-02-13,51.71500015258789,0.0
2002-02-14,51.64500045776367,0.0
2002-02-15,51.084999084472656,0.0
2002-02-19,50.1349983215332,0.0
2002-02-20,50.7599983215332,0.0
2002-02-21,49.95000076293945,0.0
2002-02-22,50.31499862670898,0.0
2002-02-25,51.209999084472656,0.0
2002-02-26,51.380001068115234,0.0
2002-02-27,51.20000076293945,0.0
2002-02-28,51.31999969482422,0.0
2002-03-01,52.345001220703125,0.0
2002-03-04,53.32500076293945,0.0
2002-03-05,53.025001525878906,0.0
2002-03-06,53.79499816894531,0.0
2002-03-07,53.56999969482422,0.0
2002-03-08,53.970001220703125,0.0
2002-03-11,54.14500045776367,0.0
2002-03-12,54.040000915527344,0.0
2002-03-13,53.53499984741211,0.0
2002-03-14,53.4900016784668,0.0
2002-03-15,53.959999084472656,0.0
2002-03-18,54.0,0.0
2002-03-19,54.25,0.0
2002-03-20,53.375,0.0
2002-03-21,53.61000061035156,0.0
2002-03-22,53.400001525878906,0.0
2002-03-25,52.45000076293945,0.15
2002-03-26,52.81499862670898,0.0
2002-03-27,53.130001068115234,0.0
2002-03-28,53.05500030517578,0.0
2002-04-01,53.09000015258789,0.0
2002-04-02,52.744998931884766,0.0
2002-04-03,52.16999816894531,0.0
2002-04-04,52.33000183105469,0.0
2002-04-05,52.244998931884766,0.0
2002-04-08,52.375,0.0
2002-04-09,52.09999847412109,0.0
2002-04-10,52.71500015258789,0.0
2002-04-11,51.525001525878906,0.0
2002-04-12,51.93000030517578,0.0
2002-04-15,51.619998931884766,0.0
2002-04-16,52.70000076293945,0.0
2002-04-17,52.619998931884766,0.0
2002-04-18,52.56999969482422,0.0
2002-04-19,52.59000015258789,0.0
2002-04-22,51.845001220703125,0.0
2002-04-23,51.56999969482422,0.0
2002-04-24,51.150001525878906,0.0
2002-04-25,51.23500061035156,0.0
2002-04-26,50.27999877929688,0.0
2002-04-29,50.04999923706055,0.0
2002-04-30,50.68999862670898,0.0
2002-05-01,51.11000061035156,0.0
2002-05-02,50.8650016784668,0.0
2002-05-03,50.39500045776367,0.0
2002-05-06,49.44499969482422,0.0
2002-05-07,49.220001220703125,0.0
2002-05-08,51.04499816894531,0.0
2002-05-09,50.3650016784668,0.0
2002-05-10,49.5,0.0
2002-05-13,50.435001373291016,0.0
2002-05-14,51.58000183105469,0.0
2002-05-15,51.29499816894531,0.0
2002-05-16,51.5,0.0
2002-05-17,51.8650016784668,0.0
2002-05-20,51.17499923706055,0.0
2002-05-21,50.56499862670898,0.0
2002-05-22,50.775001525878906,0.0
2002-05-23,51.31499862670898,0.0
2002-05-24,50.70500183105469,0.0
2002-05-28,50.39500045776367,0.0
2002-05-29,50.1150016784668,0.0
2002-05-30,49.96500015258789,0.0
2002-05-31,49.97499847412109,0.0
2002-06-03,48.75,0.0
2002-06-04,48.67499923706055,0.0
2002-06-05,49.209999084472656,0.0
2002-06-06,48.28499984741211,0.0
2002-06-07,48.35499954223633,0.0
2002-06-10,48.43999862670898,0.0
2002-06-11,47.619998931884766,0.0
2002-06-12,47.85499954223633,0.0
2002-06-13,47.34999847412109,0.0
2002-06-14,47.2400016784668,0.0
2002-06-17,48.59999847412109,0.0
2002-06-18,48.650001525878906,0.0
2002-06-19,47.89500045776367,0.0
2002-06-20,47.28499984741211,0.0
2002-06-21,46.505001068115234,0.0
2002-06-24,46.53499984741211,0.13
2002-06-25,45.68000030517578,0.0
2002-06-26,45.54999923706055,0.0
2002-06-27,46.31499862670898,0.0
2002-06-28,46.400001525878906,0.0
2002-07-01,45.2400016784668,0.0
2002-07-02,44.310001373291016,0.0
2002-07-03,44.52999877929688,0.0
2002-07-05,46.19499969482422,0.0
2002-07-08,45.4900016784668,0.0
2002-07-09,44.3650016784668,0.0
2002-07-10,43.0099983215332,0.0
2002-07-11,43.32500076293945,0.0
2002-07-12,43.22499847412109,0.0
2002-07-15,42.79999923706055,0.0
2002-07-16,42.2599983215332,0.0
2002-07-17,42.48500061035156,0.0
2002-07-18,41.23500061035156,0.0
2002-07-19,39.84999847412109,0.0
2002-07-22,38.709999084472656,0.0
2002-07-23,37.59999847412109,0.0
2002-07-24,39.79999923706055,0.0
2002-07-25,39.46500015258789,0.0
2002-07-26,40.0,0.0
2002-07-29,42.220001220703125,0.0
2002-07-30,42.43000030517578,0.0
2002-07-31,42.52999877929688,0.0
2002-08-01,41.43999862670898,0.0
2002-08-02,40.47499847412109,0.0
2002-08-05,39.125,0.0
2002-08-06,40.400001525878906,0.0
2002-08-07,41.03499984741211,0.0
2002-08-08,42.32500076293945,0.0
2002-08-09,42.400001525878906,0.0
2002-08-12,42.29999923706055,0.0
2002-08-13,41.375,0.0
2002-08-14,42.95000076293945,0.0
2002-08-15,43.400001525878906,0.0
2002-08-16,43.375,0.0
2002-08-19,44.41999816894531,0.0
2002-08-20,43.84999847412109,0.0
2002-08-21,44.494998931884766,0.0
2002-08-22,44.97999954223633,0.0
2002-08-23,44.07500076293945,0.0
2002-08-26,44.375,0.0
2002-08-27,43.65499877929688,0.0
2002-08-28,42.959999084472656,0.0
2002-08-29,43.0,0.0
2002-08-30,42.85499954223633,0.0
2002-09-03,41.185001373291016,0.0
2002-09-04,41.869998931884766,0.0
2002-09-05,41.34999847412109,0.0
2002-09-06,42.09999847412109,0.0
2002-09-09,42.43000030517578,0.0
2002-09-10,42.72499847412109,0.0
2002-09-11,42.67499923706055,0.0
2002-09-12,41.70000076293945,0.0
2002-09-13,41.79999923706055,0.0
2002-09-16,41.84999847412109,0.0
2002-09-17,41.09000015258789,0.0
2002-09-18,40.81999969482422,0.0
2002-09-19,39.77000045776367,0.0
2002-09-20,39.77000045776367,0.0
2002-09-23,39.345001220703125,0.0
2002-09-24,38.79999923706055,0.0
2002-09-25,39.56999969482422,0.0
2002-09-26,40.22999954223633,0.0
2002-09-27,39.005001068115234,0.0
2002-09-30,38.375,0.15
2002-10-01,39.81499862670898,0.0
2002-10-02,38.875,0.0
2002-10-03,38.45000076293945,0.0
2002-10-04,37.65999984741211,0.0
2002-10-07,36.84999847412109,0.0
2002-10-08,37.375,0.0
2002-10-09,36.400001525878906,0.0
2002-10-10,37.5,0.0
2002-10-11,39.1150016784668,0.0
2002-10-14,39.32500076293945,0.0
2002-10-15,41.07500076293945,0.0
2002-10-16,40.13999938964844,0.0
2002-10-17,41.02000045776367,0.0
2002-10-18,41.185001373291016,0.0
2002-10-21,41.92499923706055,0.0
2002-10-22,41.400001525878906,0.0
2002-10-23,41.67499923706055,0.0
2002-10-24,41.125,0.0
2002-10-25,41.91999816894531,0.0
2002-10-28,41.470001220703125,0.0
2002-10-29,41.150001525878906,0.0
2002-10-30,41.45500183105469,0.0
2002-10-31,41.25,0.0
2002-11-01,42.09999847412109,0.0
2002-11-04,42.369998931884766,0.0
2002-11-05,42.625,0.0
2002-11-06,43.20000076293945,0.0
2002-11-07,42.20000076293945,0.0
2002-11-08,41.70000076293945,0.0
2002-11-11,40.97499847412109,0.0
2002-11-12,41.16999816894531,0.0
2002-11-13,41.25,0.0
2002-11-14,42.23500061035156,0.0
2002-11-15,42.5,0.0
2002-11-18,42.11000061035156,0.0
2002-11-19,41.96500015258789,0.0
2002-11-20,42.77000045776367,0.0
2002-11-21,43.64500045776367,0.0
2002-11-22,43.54999923706055,0.0
2002-11-25,43.625,0.0
2002-11-26,42.79999923706055,0.0
2002-11-27,44.0,0.0
2002-11-29,43.72499847412109,0.0
2002-12-02,43.8650016784668,0.0
2002-12-03,43.17499923706055,0.0
2002-12-04,43.060001373291016,0.0
2002-12-05,42.57500076293945,0.0
2002-12-06,42.7599983215332,0.0
2002-12-09,41.75,0.0
2002-12-10,42.47499847412109,0.0
2002-12-11,42.54999923706055,0.0
2002-12-12,42.400001525878906,0.0
2002-12-13,41.75,0.0
2002-12-16,42.75,0.0
2002-12-17,42.40999984741211,0.0
2002-12-18,41.80500030517578,0.0
2002-12-19,41.54999923706055,0.0
2002-12-20,42.03499984741211,0.0
2002-12-23,41.85499954223633,0.196
2002-12-24,41.65499877929688,0.0
2002-12-26,41.70000076293945,0.0
2002-12-27,41.0,0.0
2002-12-30,41.22499847412109,0.0
2002-12-31,41.31499862670898,0.0
2003-01-02,42.5,0.0
2003-01-03,42.47499847412109,0.0
2003-01-06,43.39500045776367,0.0
2003-01-07,43.08000183105469,0.0
2003-01-08,42.540000915527344,0.0
2003-01-09,43.20000076293945,0.0
2003-01-10,43.31999969482422,0.0
2003-01-13,43.27999877929688,0.0
2003-01-14,43.47499847412109,0.0
2003-01-15,43.04999923706055,0.0
2003-01-16,42.92499923706055,0.0
2003-01-17,42.29999923706055,0.0
2003-01-21,41.57500076293945,0.0
2003-01-22,41.150001525878906,0.0
2003-01-23,41.42499923706055,0.0
2003-01-24,40.48500061035156,0.0
2003-01-27,39.72999954223633,0.0
2003-01-28,40.09999847412109,0.0
2003-01-29,40.57500076293945,0.0
2003-01-30,39.525001525878906,0.0
2003-01-31,40.16999816894531,0.0
2003-02-03,40.31999969482422,0.0
2003-02-04,40.5,0.0
2003-02-05,39.70000076293945,0.0
2003-02-06,39.334999084472656,0.0
2003-02-07,38.95000076293945,0.0
2003-02-10,39.26499938964844,0.0
2003-02-11,38.97499847412109,0.0
2003-02-12,38.45000076293945,0.0
2003-02-13,38.38999938964844,0.0
2003-02-14,39.040000915527344,0.0
2003-02-18,39.935001373291016,0.0
2003-02-19,39.6150016784668,0.0
2003-02-20,39.29999923706055,0.0
2003-02-21,39.83000183105469,0.0
2003-02-24,39.025001525878906,0.0
2003-02-25,39.494998931884766,0.0
2003-02-26,38.95500183105469,0.0
2003-02-27,39.40499877929688,0.0
2003-02-28,39.54999923706055,0.0
2003-03-03,39.255001068115234,0.0
2003-03-04,38.70000076293945,0.0
2003-03-05,38.935001373291016,0.0
2003-03-06,38.72499847412109,0.0
2003-03-07,38.994998931884766,0.0
2003-03-10,38.04499816894531,0.0
2003-03-11,37.7400016784668,0.0
2003-03-12,37.875,0.0
2003-03-13,39.150001525878906,0.0
2003-03-14,39.29999923706055,0.0
2003-03-17,40.400001525878906,0.0
2003-03-18,40.76499938964844,0.0
2003-03-19,40.92499923706055,0.0
2003-03-20,41.125,0.0
2003-03-21,42.0,0.0
2003-03-24,40.57500076293945,0.0
2003-03-25,41.05500030517578,0.0
2003-03-26,40.85499954223633,0.0
2003-03-27,40.775001525878906,0.0
2003-03-28,40.58000183105469,0.0
2003-03-31,39.70000076293945,0.15
2003-04-01,40.275001525878906,0.0
2003-04-02,41.2400016784668,0.0
2003-04-03,41.0,0.0
2003-04-04,41.14500045776367,0.0
2003-04-07,41.150001525878906,0.0
2003-04-08,41.125,0.0
2003-04-09,40.650001525878906,0.0
2003-04-10,40.8650016784668,0.0
2003-04-11,40.69499969482422,0.0
2003-04-14,41.540000915527344,0.0
2003-04-15,41.810001373291016,0.0
2003-04-16,41.255001068115234,0.0
2003-04-17,41.89500045776367,0.0
2003-04-21,41.8849983215332,0.0
2003-04-22,42.7400016784668,0.0
2003-04-23,43.09999847412109,0.0
2003-04-24,42.755001068115234,0.0
2003-04-25,42.165000915527344,0.0
2003-04-28,42.90999984741211,0.0
2003-04-29,43.04999923706055,0.0
2003-04-30,43.119998931884766,0.0
2003-05-01,43.06999969482422,0.0
2003-05-02,43.67499923706055,0.0
2003-05-05,43.650001525878906,0.0
2003-05-06,43.95000076293945,0.0
2003-05-07,43.79999923706055,0.0
2003-05-08,43.34999847412109,0.0
2003-05-09,43.97499847412109,0.0
2003-05-12,44.5,0.0
2003-05-13,44.45000076293945,0.0
2003-05-14,44.290000915527344,0.0
2003-05-15,44.63999938964844,0.0
2003-05-16,44.54499816894531,0.0
2003-05-19,43.5,0.0
2003-05-20,43.45500183105469,0.0
2003-05-21,43.6349983215332,0.0
2003-05-22,43.92499923706055,0.0
2003-05-23,44.11000061035156,0.0
2003-05-27,44.9900016784668,0.0
2003-05-28,45.040000915527344,0.0
2003-05-29,44.96500015258789,0.0
2003-05-30,45.6349983215332,0.0
2003-06-02,45.82500076293945,0.0
2003-06-03,46.09999847412109,0.0
2003-06-04,46.7599983215332,0.0
2003-06-05,47.01499938964844,0.0
2003-06-06,46.900001525878906,0.0
2003-06-09,46.275001525878906,0.0
2003-06-10,46.70000076293945,0.0
2003-06-11,47.2599983215332,0.0
2003-06-12,47.35499954223633,0.0
2003-06-13,46.88999938964844,0.0
2003-06-16,47.84999847412109,0.0
2003-06-17,47.92499923706055,0.0
2003-06-18,47.82500076293945,0.0
2003-06-19,47.09000015258789,0.0
2003-06-20,47.150001525878906,0.0
2003-06-23,46.32500076293945,0.15
2003-06-24,46.45000076293945,0.0
2003-06-25,46.150001525878906,0.0
2003-06-26,46.650001525878906,0.0
2003-06-27,46.255001068115234,0.0
2003-06-30,46.22499847412109,0.0
2003-07-01,46.55500030517578,0.0
2003-07-02,47.06999969482422,0.0
2003-07-03,46.75,0.0
2003-07-07,47.650001525878906,0.0
2003-07-08,47.92499923706055,0.0
2003-07-09,47.75,0.0
2003-07-10,47.150001525878906,0.0
2003-07-11,47.505001068115234,0.0
2003-07-14,47.869998931884766,0.0
2003-07-15,47.630001068115234,0.0
2003-07-16,47.3849983215332,0.0
2003-07-17,46.77000045776367,0.0
2003-07-18,47.25,0.0
2003-07-21,46.55500030517578,0.0
2003-07-22,47.02000045776367,0.0
2003-07-23,47.07500076293945,0.0
2003-07-24,46.709999084472656,0.0
2003-07-25,47.52999877929688,0.0
2003-07-28,47.48500061035156,0.0
2003-07-29,47.19499969482422,0.0
2003-07-30,47.185001373291016,0.0
2003-07-31,47.29999923706055,0.0
2003-08-01,46.755001068115234,0.0
2003-08-04,46.875,0.0
2003-08-05,46.040000915527344,0.0
2003-08-06,46.07500076293945,0.0
2003-08-07,46.375,0.0
2003-08-08,46.505001068115234,0.0
2003-08-11,46.72499847412109,0.0
2003-08-12,47.25,0.0
2003-08-13,46.970001220703125,0.0
2003-08-14,47.2599983215332,0.0
2003-08-15,47.22499847412109,0.0
2003-08-18,47.76499938964844,0.0
2003-08-19,47.93999862670898,0.0
2003-08-20,47.935001373291016,0.0
2003-08-21,48.150001525878906,0.0
2003-08-22,47.650001525878906,0.0
2003-08-25,47.59999847412109,0.0
2003-08-26,47.7599983215332,0.0
2003-08-27,47.82500076293945,0.0
2003-08-28,48.17499923706055,0.0
2003-08-29,48.43000030517578,0.0
2003-09-02,49.1349983215332,0.0
2003-09-03,49.275001525878906,0.0
2003-09-04,49.41999816894531,0.0
2003-09-05,49.15499877929688,0.0
2003-09-08,49.625,0.0
2003-09-09,49.275001525878906,0.0
2003-09-10,48.584999084472656,0.0
2003-09-11,48.900001525878906,0.0
2003-09-12,49.03499984741211,0.0
2003-09-15,48.775001525878906,0.0
2003-09-16,49.54999923706055,0.0
2003-09-17,49.375,0.0
2003-09-18,50.0,0.0
2003-09-19,49.81999969482422,0.0
2003-09-22,49.25,0.0
2003-09-23,49.525001525878906,0.0
2003-09-24,48.66999816894531,0.0
2003-09-25,48.255001068115234,0.0
2003-09-26,47.93000030517578,0.0
2003-09-29,48.040000915527344,0.17
2003-09-30,47.75,0.0
2003-10-01,48.70500183105469,0.0
2003-10-02,48.92499923706055,0.0
2003-10-03,49.459999084472656,0.0
2003-10-06,49.67499923706055,0.0
2003-10-07,49.900001525878906,0.0
2003-10-08,49.709999084472656,0.0
2003-10-09,49.84000015258789,0.0
2003-10-10,49.91999816894531,0.0
2003-10-13,50.275001525878906,0.0
2003-10-14,50.5,0.0
2003-10-15,50.32500076293945,0.0
2003-10-16,50.52999877929688,0.0
2003-10-17,49.98500061035156,0.0
2003-10-20,50.17499923706055,0.0
2003-10-21,50.244998931884766,0.0
2003-10-22,49.59999847412109,0.0
2003-10-23,49.67499923706055,0.0
2003-10-24,49.39500045776367,0.0
2003-10-27,49.68000030517578,0.0
2003-10-28,50.34000015258789,0.0
2003-10-29,50.54999923706055,0.0
2003-10-30,50.40999984741211,0.0
2003-10-31,50.63999938964844,0.0
2003-11-03,50.95000076293945,0.0
2003-11-04,50.79999923706055,0.0
2003-11-05,50.88999938964844,0.0
2003-11-06,51.10499954223633,0.0
2003-11-07,50.875,0.0
2003-11-10,50.619998931884766,0.0
2003-11-11,50.525001525878906,0.0
2003-11-12,51.1349983215332,0.0
2003-11-13,51.21500015258789,0.0
2003-11-14,50.81999969482422,0.0
2003-11-17,50.41999816894531,0.0
2003-11-18,49.994998931884766,0.0
2003-11-19,50.34999847412109,0.0
2003-11-20,49.97999954223633,0.0
2003-11-21,50.0099983215332,0.0
2003-11-24,50.875,0.0
2003-11-25,51.0,0.0
2003-11-26,51.27999877929688,0.0
2003-11-28,51.400001525878906,0.0
2003-12-01,51.92499923706055,0.0
2003-12-02,51.79499816894531,0.0
2003-12-03,51.61000061035156,0.0
2003-12-04,51.79999923706055,0.0
2003-12-05,51.3650016784668,0.0
2003-12-08,51.790000915527344,0.0
2003-12-09,51.244998931884766,0.0
2003-12-10,51.09999847412109,0.0
2003-12-11,51.78499984741211,0.0
2003-12-12,51.95000076293945,0.0
2003-12-15,51.540000915527344,0.0
2003-12-16,51.79999923706055,0.0
2003-12-17,51.95000076293945,0.0
2003-12-18,52.5,0.0
2003-12-19,52.42499923706055,0.0
2003-12-22,52.5,0.221
2003-12-23,52.70000076293945,0.0
2003-12-24,52.650001525878906,0.0
2003-12-26,52.650001525878906,0.0
2003-12-29,53.29999923706055,0.0
2003-12-30,53.380001068115234,0.0
2003-12-31,53.22999954223633,0.0
2004-01-02,53.26499938964844,0.0
2004-01-05,53.86000061035156,0.0
2004-01-06,54.04499816894531,0.0
2004-01-07,54.20000076293945,0.0
2004-01-08,54.400001525878906,0.0
2004-01-09,54.04999923706055,0.0
2004-01-12,54.29999923706055,0.0
2004-01-13,54.17499923706055,0.0
2004-01-14,54.56499862670898,0.0
2004-01-15,54.79499816894531,0.0
2004-01-16,54.959999084472656,0.0
2004-01-20,55.09999847412109,0.0
2004-01-21,55.334999084472656,0.0
2004-01-22,55.29499816894531,0.0
2004-01-23,55.19499969482422,0.0
2004-01-26,55.775001525878906,0.0
2004-01-27,55.29999923706055,0.0
2004-01-28,54.59999847412109,0.0
2004-01-29,54.70000076293945,0.0
2004-01-30,54.619998931884766,0.0
2004-02-02,54.720001220703125,0.0
2004-02-03,54.70500183105469,0.0
2004-02-04,54.19499969482422,0.0
2004-02-05,54.415000915527344,0.0
2004-02-06,55.1150016784668,0.0
2004-02-09,55.04499816894531,0.0
2004-02-10,55.39500045776367,0.0
2004-02-11,55.85499954223633,0.0
2004-02-12,55.70500183105469,0.0
2004-02-13,55.41999816894531,0.0
2004-02-17,56.0,0.0
2004-02-18,55.75,0.0
2004-02-19,55.44499969482422,0.0
2004-02-20,55.275001525878906,0.0
2004-02-23,54.90499877929688,0.0
2004-02-24,54.93000030517578,0.0
2004-02-25,55.22499847412109,0.0
2004-02-26,55.30500030517578,0.0
2004-02-27,55.3849983215332,0.0
2004-03-01,55.92499923706055,0.0
2004-03-02,55.720001220703125,0.0
2004-03-03,55.75,0.0
2004-03-04,56.0,0.0
2004-03-05,56.17499923706055,0.0
2004-03-08,55.65999984741211,0.0
2004-03-09,55.369998931884766,0.0
2004-03-10,54.380001068115234,0.0
2004-03-11,53.685001373291016,0.0
2004-03-12,54.44499969482422,0.0
2004-03-15,53.619998931884766,0.0
2004-03-16,53.915000915527344,0.0
2004-03-17,54.494998931884766,0.0
2004-03-18,54.43000030517578,0.0
2004-03-19,53.79999923706055,0.0
2004-03-22,53.1150016784668,0.0
2004-03-23,53.05500030517578,0.0
2004-03-24,53.0,0.0
2004-03-25,53.75,0.0
2004-03-26,53.880001068115234,0.0
2004-03-29,54.2400016784668,0.175
2004-03-30,54.540000915527344,0.0
2004-03-31,54.63999938964844,0.0
2004-04-01,54.91999816894531,0.0
2004-04-02,55.41999816894531,0.0
2004-04-05,55.78499984741211,0.0
2004-04-06,55.6349983215332,0.0
2004-04-07,55.40499877929688,0.0
2004-04-08,55.32500076293945,0.0
2004-04-12,55.5,0.0
2004-04-13,54.755001068115234,0.0
2004-04-14,54.57500076293945,0.0
2004-04-15,54.59999847412109,0.0
2004-04-16,54.86000061035156,0.0
2004-04-19,54.92499923706055,0.0
2004-04-20,54.04999923706055,0.0
2004-04-21,54.400001525878906,0.0
2004-04-22,55.26499938964844,0.0
2004-04-23,55.2599983215332,0.0
2004-04-26,55.025001525878906,0.0
2004-04-27,55.150001525878906,0.0
2004-04-28,54.375,0.0
2004-04-29,53.86000061035156,0.0
2004-04-30,53.42499923706055,0.0
2004-05-03,53.994998931884766,0.0
2004-05-04,54.04999923706055,0.0
2004-05-05,54.275001525878906,0.0
2004-05-06,53.7400016784668,0.0
2004-05-07,52.9900016784668,0.0
2004-05-10,52.255001068115234,0.0
2004-05-11,52.709999084472656,0.0
2004-05-12,52.900001525878906,0.0
2004-05-13,52.75,0.0
2004-05-14,52.72999954223633,0.0
2004-05-17,52.130001068115234,0.0
2004-05-18,52.54499816894531,0.0
2004-05-19,52.47499847412109,0.0
2004-05-20,52.494998931884766,0.0
2004-05-21,52.69499969482422,0.0
2004-05-24,52.89500045776367,0.0
2004-05-25,53.790000915527344,0.0
2004-05-26,53.900001525878906,0.0
2004-05-27,54.150001525878906,0.0
2004-05-28,54.20000076293945,0.0
2004-06-01,54.25,0.0
2004-06-02,54.400001525878906,0.0
2004-06-03,53.96500015258789,0.0
2004-06-04,54.290000915527344,0.0
2004-06-07,55.09999847412109,0.0
2004-06-08,55.16999816894531,0.0
2004-06-09,54.68000030517578,0.0
2004-06-10,54.80500030517578,0.0
2004-06-14,54.2400016784668,0.0
2004-06-15,54.685001373291016,0.0
2004-06-16,54.72499847412109,0.0
2004-06-17,54.709999084472656,0.0
2004-06-18,54.72499847412109,0.0
2004-06-21,54.59000015258789,0.0
2004-06-22,54.73500061035156,0.0
2004-06-23,55.29999923706055,0.0
2004-06-24,55.19499969482422,0.0
2004-06-25,55.1349983215332,0.0
2004-06-28,54.65499877929688,0.19
2004-06-29,54.88999938964844,0.0
2004-06-30,55.11000061035156,0.0
2004-07-01,54.57500076293945,0.0
2004-07-02,54.435001373291016,0.0
2004-07-06,53.994998931884766,0.0
2004-07-07,54.02999877929688,0.0
2004-07-08,53.54999923706055,0.0
2004-07-09,53.71500015258789,0.0
2004-07-12,53.70000076293945,0.0
2004-07-13,53.79499816894531,0.0
2004-07-14,53.54999923706055,0.0
2004-07-15,53.41999816894531,0.0
2004-07-16,53.17499923706055,0.0
2004-07-19,53.17499923706055,0.0
2004-07-20,53.54999923706055,0.0
2004-07-21,52.650001525878906,0.0
2004-07-22,52.83000183105469,0.0
2004-07-23,52.25,0.0
2004-07-26,52.095001220703125,0.0
2004-07-27,52.61000061035156,0.0
2004-07-28,52.650001525878906,0.0
2004-07-29,52.98500061035156,0.0
2004-07-30,53.150001525878906,0.0
2004-08-02,53.28499984741211,0.0
2004-08-03,52.875,0.0
2004-08-04,52.73500061035156,0.0
2004-08-05,51.84999847412109,0.0
2004-08-06,51.125,0.0
2004-08-09,51.13999938964844,0.0
2004-08-10,51.75,0.0
2004-08-11,51.619998931884766,0.0
2004-08-12,51.04999923706055,0.0
2004-08-13,51.130001068115234,0.0
2004-08-16,51.775001525878906,0.0
2004-08-17,52.03499984741211,0.0
2004-08-18,52.65999984741211,0.0
2004-08-19,52.5,0.0
2004-08-20,52.93999862670898,0.0
2004-08-23,52.81999969482422,0.0
2004-08-24,52.73500061035156,0.0
2004-08-25,53.20500183105469,0.0
2004-08-26,53.18000030517578,0.0
2004-08-27,53.375,0.0
2004-08-30,52.994998931884766,0.0
2004-08-31,53.18000030517578,0.0
2004-09-01,53.27999877929688,0.0
2004-09-02,53.880001068115234,0.0
2004-09-03,53.70000076293945,0.0
2004-09-07,54.07500076293945,0.0
2004-09-08,53.84999847412109,0.0
2004-09-09,53.959999084472656,0.0
2004-09-10,54.31999969482422,0.0
2004-09-13,54.40499877929688,0.0
2004-09-14,54.56499862670898,0.0
2004-09-15,54.22499847412109,0.0
2004-09-16,54.400001525878906,0.0
2004-09-17,54.56499862670898,0.0
2004-09-20,54.35499954223633,0.0
2004-09-21,54.70500183105469,0.0
2004-09-22,53.95500183105469,0.0
2004-09-23,53.72499847412109,0.0
2004-09-24,53.845001220703125,0.0
2004-09-27,53.380001068115234,0.1935
2004-09-28,53.66999816894531,0.0
2004-09-29,53.790000915527344,0.0
2004-09-30,53.880001068115234,0.0
2004-10-01,54.75,0.0
2004-10-04,54.93000030517578,0.0
2004-10-05,54.915000915527344,0.0
2004-10-06,55.25,0.0
2004-10-07,54.75,0.0
2004-10-08,54.29499816894531,0.0
2004-10-11,54.42499923706055,0.0
2004-10-12,54.30500030517578,0.0
2004-10-13,53.90499877929688,0.0
2004-10-14,53.42499923706055,0.0
2004-10-15,53.71500015258789,0.0
2004-10-18,53.95000076293945,0.0
2004-10-19,53.47499847412109,0.0
2004-10-20,53.4900016784668,0.0
2004-10-21,53.73500061035156,0.0
2004-10-22,53.25,0.0
2004-10-25,53.209999084472656,0.0
2004-10-26,54.04999923706055,0.0
2004-10-27,54.71500015258789,0.0
2004-10-28,54.68999862670898,0.0
2004-10-29,54.84999847412109,0.0
2004-11-01,54.93000030517578,0.0
2004-11-02,54.79999923706055,0.0
2004-11-03,55.5099983215332,0.0
2004-11-04,56.380001068115234,0.0
2004-11-05,56.58000183105469,0.0
2004-11-08,56.43999862670898,0.0
2004-11-09,56.5,0.0
2004-11-10,56.52999877929688,0.0
2004-11-11,57.060001373291016,0.0
2004-11-12,57.54999923706055,0.0
2004-11-15,57.59000015258789,0.0
2004-11-16,57.25,0.0
2004-11-17,57.584999084472656,0.0
2004-11-18,57.67499923706055,0.0
2004-11-19,56.97499847412109,0.0
2004-11-22,57.34999847412109,0.0
2004-11-23,57.369998931884766,0.0
2004-11-24,57.70000076293945,0.0
2004-11-26,57.70000076293945,0.0
2004-11-29,57.57500076293945,0.0
2004-11-30,57.45000076293945,0.0
2004-12-01,58.19499969482422,0.0
2004-12-02,58.165000915527344,0.0
2004-12-03,58.17499923706055,0.0
2004-12-06,58.13999938964844,0.0
2004-12-07,57.56999969482422,0.0
2004-12-08,57.79999923706055,0.0
2004-12-09,58.06999969482422,0.0
2004-12-10,58.0,0.0
2004-12-13,58.54999923706055,0.0
2004-12-14,58.810001373291016,0.0
2004-12-15,59.0,0.0
2004-12-16,58.900001525878906,0.0
2004-12-17,58.59999847412109,0.0
2004-12-20,58.494998931884766,0.0
2004-12-21,59.040000915527344,0.0
2004-12-22,59.2599983215332,0.0
2004-12-23,59.32500076293945,0.0
2004-12-27,58.650001525878906,0.3925
2004-12-28,59.13999938964844,0.0
2004-12-29,59.22499847412109,0.0
2004-12-30,59.17499923706055,0.0
2004-12-31,59.025001525878906,0.0
2005-01-03,58.59999847412109,0.0
2005-01-04,57.81999969482422,0.0
2005-01-05,57.41999816894531,0.0
2005-01-06,57.69499969482422,0.0
2005-01-07,57.5099983215332,0.0
2005-01-10,57.7400016784668,0.0
2005-01-11,57.38999938964844,0.0
2005-01-12,57.64500045776367,0.0
2005-01-13,57.19499969482422,0.0
2005-01-14,57.45000076293945,0.0
2005-01-18,58.07500076293945,0.0
2005-01-19,57.55500030517578,0.0
2005-01-20,57.20500183105469,0.0
2005-01-21,56.90999984741211,0.0
2005-01-24,56.60499954223633,0.0
2005-01-25,56.75,0.0
2005-01-26,57.09999847412109,0.0
2005-01-27,57.18000030517578,0.0
2005-01-28,56.970001220703125,0.0
2005-01-31,57.54999923706055,0.0
2005-02-01,57.875,0.0
2005-02-02,58.13999938964844,0.0
2005-02-03,57.84999847412109,0.0
2005-02-04,58.57500076293945,0.0
2005-02-07,58.54999923706055,0.0
2005-02-08,58.650001525878906,0.0
2005-02-09,58.09999847412109,0.0
2005-02-10,58.29999923706055,0.0
2005-02-11,58.775001525878906,0.0
2005-02-14,58.790000915527344,0.0
2005-02-15,59.0,0.0
2005-02-16,59.0099983215332,0.0
2005-02-17,58.625,0.0
2005-02-18,58.59999847412109,0.0
2005-02-22,57.71500015258789,0.0
2005-02-23,58.02000045776367,0.0
2005-02-24,58.459999084472656,0.0
2005-02-25,59.04499816894531,0.0
2005-02-28,58.75,0.0
2005-03-01,59.084999084472656,0.0
2005-03-02,59.03499984741211,0.0
2005-03-03,59.09999847412109,0.0
2005-03-04,59.69499969482422,0.0
2005-03-07,59.845001220703125,0.0
2005-03-08,59.46500015258789,0.0
2005-03-09,58.92499923706055,0.0
2005-03-10,58.81999969482422,0.0
2005-03-11,58.630001068115234,0.0
2005-03-14,58.91999816894531,0.0
2005-03-15,58.61000061035156,0.0
2005-03-16,58.10499954223633,0.0
2005-03-17,58.17499923706055,0.0
2005-03-18,58.04999923706055,0.0
2005-03-21,57.869998931884766,0.0
2005-03-22,57.375,0.0
2005-03-23,57.33000183105469,0.0
2005-03-24,57.125,0.219
2005-03-28,57.17499923706055,0.0
2005-03-29,56.69499969482422,0.0
2005-03-30,57.46500015258789,0.0
2005-03-31,57.43000030517578,0.0
2005-04-01,57.185001373291016,0.0
2005-04-04,57.375,0.0
2005-04-05,57.55500030517578,0.0
2005-04-06,57.685001373291016,0.0
2005-04-07,58.0,0.0
2005-04-08,57.5,0.0
2005-04-11,57.45500183105469,0.0
2005-04-12,57.75,0.0
2005-04-13,57.125,0.0
2005-04-14,56.45000076293945,0.0
2005-04-15,55.54999923706055,0.0
2005-04-18,55.75,0.0
2005-04-19,56.220001220703125,0.0
2005-04-20,55.41999816894531,0.0
2005-04-21,56.470001220703125,0.0
2005-04-22,56.09999847412109,0.0
2005-04-25,56.650001525878906,0.0
2005-04-26,56.040000915527344,0.0
2005-04-27,56.244998931884766,0.0
2005-04-28,55.5,0.0
2005-04-29,56.165000915527344,0.0
2005-05-02,56.45000076293945,0.0
2005-05-03,56.625,0.0
2005-05-04,57.11000061035156,0.0
2005-05-05,57.005001068115234,0.0
2005-05-06,56.9900016784668,0.0
2005-05-09,57.30500030517578,0.0
2005-05-10,56.78499984741211,0.0
2005-05-11,57.06999969482422,0.0
2005-05-12,56.41999816894531,0.0
2005-05-13,56.18000030517578,0.0
2005-05-16,56.7400016784668,0.0
2005-05-17,57.130001068115234,0.0
2005-05-18,57.81999969482422,0.0
2005-05-19,58.08000183105469,0.0
2005-05-20,58.0,0.0
2005-05-23,58.29999923706055,0.0
2005-05-24,58.29999923706055,0.0
2005-05-25,58.084999084472656,0.0
2005-05-26,58.415000915527344,0.0
2005-05-27,58.505001068115234,0.0
2005-05-31,58.345001220703125,0.0
2005-06-01,58.83000183105469,0.0
2005-06-02,58.91999816894531,0.0
2005-06-03,58.58000183105469,0.0
2005-06-06,58.67499923706055,0.0
2005-06-07,58.71500015258789,0.0
2005-06-08,58.58000183105469,0.0
2005-06-09,58.8849983215332,0.0
2005-06-10,58.810001373291016,0.0
2005-06-13,58.94499969482422,0.0
2005-06-14,59.14500045776367,0.0
2005-06-15,59.22499847412109,0.0
2005-06-16,59.5,0.0
2005-06-17,59.755001068115234,0.0
2005-06-20,59.75,0.0
2005-06-21,59.6349983215332,0.0
2005-06-22,59.75,0.0
2005-06-23,59.025001525878906,0.0
2005-06-24,58.525001525878906,0.0
2005-06-27,58.380001068115234,0.2015
2005-06-28,58.97499847412109,0.0
2005-06-29,58.875,0.0
2005-06-30,58.584999084472656,0.0
2005-07-01,58.79999923706055,0.0
2005-07-05,59.310001373291016,0.0
2005-07-06,58.85499954223633,0.0
2005-07-07,59.025001525878906,0.0
2005-07-08,59.75,0.0
2005-07-11,60.17499923706055,0.0
2005-07-12,60.275001525878906,0.0
2005-07-13,60.34999847412109,0.0
2005-07-14,60.40999984741211,0.0
2005-07-15,60.459999084472656,0.0
2005-07-18,60.209999084472656,0.0
2005-07-19,60.60499954223633,0.0
2005-07-20,60.79999923706055,0.0
2005-07-21,60.43000030517578,0.0
2005-07-22,60.84000015258789,0.0
2005-07-25,60.68999862670898,0.0
2005-07-26,60.76499938964844,0.0
2005-07-27,61.005001068115234,0.0
2005-07-28,61.42499923706055,0.0
2005-07-29,61.150001525878906,0.0
2005-08-01,61.06499862670898,0.0
2005-08-02,61.43999862670898,0.0
2005-08-03,61.4900016784668,0.0
2005-08-04,60.94499969482422,0.0
2005-08-05,60.47499847412109,0.0
2005-08-08,60.275001525878906,0.0
2005-08-09,60.584999084472656,0.0
2005-08-10,60.67499923706055,0.0
2005-08-11,60.970001220703125,0.0
2005-08-12,60.595001220703125,0.0
2005-08-15,60.90499877929688,0.0
2005-08-16,60.11000061035156,0.0
2005-08-17,60.10499954223633,0.0
2005-08-18,60.040000915527344,0.0
2005-08-19,60.25,0.0
2005-08-22,60.19499969482422,0.0
2005-08-23,60.1150016784668,0.0
2005-08-24,59.720001220703125,0.0
2005-08-25,59.90999984741211,0.0
2005-08-26,59.5,0.0
2005-08-29,59.915000915527344,0.0
2005-08-30,59.71500015258789,0.0
2005-08-31,60.48500061035156,0.0
2005-09-01,60.47999954223633,0.0
2005-09-02,60.32500076293945,0.0
2005-09-06,61.025001525878906,0.0
2005-09-07,61.22499847412109,0.0
2005-09-08,61.0099983215332,0.0
2005-09-09,61.42499923706055,0.0
2005-09-12,61.43999862670898,0.0
2005-09-13,61.04999923706055,0.0
2005-09-14,60.79999923706055,0.0
2005-09-15,60.81499862670898,0.0
2005-09-16,61.22999954223633,0.0
2005-09-19,61.005001068115234,0.0
2005-09-20,60.40499877929688,0.0
2005-09-21,59.83000183105469,0.0
2005-09-22,60.03499984741211,0.0
2005-09-23,60.15499877929688,0.0
2005-09-26,59.94499969482422,0.285
2005-09-27,59.94499969482422,0.0
2005-09-28,60.0,0.0
2005-09-29,60.5,0.0
2005-09-30,60.67499923706055,0.0
2005-10-03,60.70500183105469,0.0
2005-10-04,59.96500015258789,0.0
2005-10-05,59.040000915527344,0.0
2005-10-06,58.79999923706055,0.0
2005-10-07,59.0099983215332,0.0
2005-10-10,58.494998931884766,0.0
2005-10-11,58.29499816894531,0.0
2005-10-12,57.86000061035156,0.0
2005-10-13,57.81499862670898,0.0
2005-10-14,58.43000030517578,0.0
2005-10-17,58.584999084472656,0.0
2005-10-18,57.9900016784668,0.0
2005-10-19,58.84000015258789,0.0
2005-10-20,57.959999084472656,0.0
2005-10-21,58.19499969482422,0.0
2005-10-24,59.209999084472656,0.0
2005-10-25,59.06499862670898,0.0
2005-10-26,58.845001220703125,0.0
2005-10-27,58.06999969482422,0.0
2005-10-28,58.97999954223633,0.0
2005-10-31,59.25,0.0
2005-11-01,59.36000061035156,0.0
2005-11-02,60.07500076293945,0.0
2005-11-03,60.29499816894531,0.0
2005-11-04,60.290000915527344,0.0
2005-11-07,60.334999084472656,0.0
2005-11-08,60.29999923706055,0.0
2005-11-09,60.44499969482422,0.0
2005-11-10,60.80500030517578,0.0
2005-11-11,61.07500076293945,0.0
2005-11-14,60.95000076293945,0.0
2005-11-15,60.709999084472656,0.0
2005-11-16,60.82500076293945,0.0
2005-11-17,61.39500045776367,0.0
2005-11-18,61.790000915527344,0.0
2005-11-21,62.06499862670898,0.0
2005-11-22,62.40999984741211,0.0
2005-11-23,62.70000076293945,0.0
2005-11-25,62.78499984741211,0.0
2005-11-28,62.220001220703125,0.0
2005-11-29,62.22999954223633,0.0
2005-11-30,61.98500061035156,0.0
2005-12-01,62.7599983215332,0.0
2005-12-02,62.77999877929688,0.0
2005-12-05,62.63999938964844,0.0
2005-12-06,62.630001068115234,0.0
2005-12-07,62.3650016784668,0.0
2005-12-08,62.375,0.0
2005-12-09,62.52000045776367,0.0
2005-12-12,62.625,0.0
2005-12-13,62.97999954223633,0.0
2005-12-14,63.10499954223633,0.0
2005-12-15,62.94499969482422,0.0
2005-12-16,62.869998931884766,0.0
2005-12-19,62.34000015258789,0.0
2005-12-20,62.38999938964844,0.0
2005-12-21,62.6150016784668,0.0
2005-12-22,62.90499877929688,0.0
2005-12-23,62.94499969482422,0.0
2005-12-27,62.03499984741211,0.336
2005-12-28,62.125,0.0
2005-12-29,61.89500045776367,0.0
2005-12-30,61.665000915527344,0.0
2006-01-03,62.57500076293945,0.0
2006-01-04,63.02999877929688,0.0
2006-01-05,62.9900016784668,0.0
2006-01-06,63.61000061035156,0.0
2006-01-09,63.845001220703125,0.0
2006-01-10,63.935001373291016,0.0
2006-01-11,64.11499786376953,0.0
2006-01-12,63.75,0.0
2006-01-13,63.81999969482422,0.0
2006-01-17,63.595001220703125,0.0
2006-01-18,63.400001525878906,0.0
2006-01-19,63.744998931884766,0.0
2006-01-20,62.625,0.0
2006-01-23,62.810001373291016,0.0
2006-01-24,63.0,0.0
2006-01-25,62.86000061035156,0.0
2006-01-26,63.39500045776367,0.0
2006-01-27,63.900001525878906,0.0
2006-01-30,63.96500015258789,0.0
2006-01-31,63.650001525878906,0.0
2006-02-01,63.89500045776367,0.0
2006-02-02,63.32500076293945,0.0
2006-02-03,63.01499938964844,0.0
2006-02-06,63.165000915527344,0.0
2006-02-07,62.54999923706055,0.0
2006-02-08,63.0,0.0
2006-02-09,62.880001068115234,0.0
2006-02-10,63.0099983215332,0.0
2006-02-13,62.72499847412109,0.0
2006-02-14,63.31999969482422,0.0
2006-02-15,63.560001373291016,0.0
2006-02-16,64.05500030517578,0.0
2006-02-17,63.97999954223633,0.0
2006-02-21,63.79999923706055,0.0
2006-02-22,64.30000305175781,0.0
2006-02-23,64.13999938964844,0.0
2006-02-24,64.23999786376953,0.0
2006-02-27,64.42500305175781,0.0
2006-02-28,63.790000915527344,0.0
2006-03-01,64.3499984741211,0.0
2006-03-02,64.30500030517578,0.0
2006-03-03,64.19999694824219,0.0
2006-03-06,63.72999954223633,0.0
2006-03-07,63.470001220703125,0.0
2006-03-08,63.650001525878906,0.0
2006-03-09,63.310001373291016,0.0
2006-03-10,63.80500030517578,0.0
2006-03-13,63.959999084472656,0.0
2006-03-14,64.62000274658203,0.0
2006-03-15,64.91000366210938,0.0
2006-03-16,65.05000305175781,0.0
2006-03-17,65.0999984741211,0.0
2006-03-20,64.69999694824219,0.263
2006-03-21,64.33999633789062,0.0
2006-03-22,64.7300033569336,0.0
2006-03-23,64.71499633789062,0.0
2006-03-24,64.80000305175781,0.0
2006-03-27,64.75499725341797,0.0
2006-03-28,64.375,0.0
2006-03-29,64.9749984741211,0.0
2006-03-30,64.80000305175781,0.0
2006-03-31,64.83499908447266,0.0
2006-04-03,64.76499938964844,0.0
2006-04-04,65.13999938964844,0.0
2006-04-05,65.37999725341797,0.0
2006-04-06,65.3499984741211,0.0
2006-04-07,64.6500015258789,0.0
2006-04-10,64.73500061035156,0.0
2006-04-11,64.1500015258789,0.0
2006-04-12,64.27999877929688,0.0
2006-04-13,64.26499938964844,0.0
2006-04-17,64.16500091552734,0.0
2006-04-18,65.2699966430664,0.0
2006-04-19,65.46499633789062,0.0
2006-04-20,65.55500030517578,0.0
2006-04-21,65.5250015258789,0.0
2006-04-24,65.33499908447266,0.0
2006-04-25,65.125,0.0
2006-04-26,65.13999938964844,0.0
2006-04-27,65.33000183105469,0.0
2006-04-28,65.45500183105469,0.0
2006-05-01,65.13999938964844,0.0
2006-05-02,65.5250015258789,0.0
2006-05-03,65.33499908447266,0.0
2006-05-04,65.63999938964844,0.0
2006-05-05,66.19999694824219,0.0
2006-05-08,66.26000213623047,0.0
2006-05-09,66.25499725341797,0.0
2006-05-10,66.16500091552734,0.0
2006-05-11,65.30999755859375,0.0
2006-05-12,64.43499755859375,0.0
2006-05-15,64.50499725341797,0.0
2006-05-16,64.30000305175781,0.0
2006-05-17,63.125,0.0
2006-05-18,62.83000183105469,0.0
2006-05-19,63.185001373291016,0.0
2006-05-22,62.810001373291016,0.0
2006-05-23,62.31999969482422,0.0
2006-05-24,62.53499984741211,0.0
2006-05-25,63.400001525878906,0.0
2006-05-26,63.7599983215332,0.0
2006-05-30,62.60499954223633,0.0
2006-05-31,63.345001220703125,0.0
2006-06-01,64.1500015258789,0.0
2006-06-02,64.2750015258789,0.0
2006-06-05,63.19499969482422,0.0
2006-06-06,62.90999984741211,0.0
2006-06-07,62.5,0.0
2006-06-08,62.43999862670898,0.0
2006-06-09,62.20000076293945,0.0
2006-06-12,61.3849983215332,0.0
2006-06-13,60.65499877929688,0.0
2006-06-14,61.040000915527344,0.0
2006-06-15,62.45000076293945,0.0
2006-06-16,62.125,0.0
2006-06-19,61.5,0.0
2006-06-20,61.51499938964844,0.0
2006-06-21,62.20000076293945,0.0
2006-06-22,61.86000061035156,0.0
2006-06-23,61.95500183105469,0.0
2006-06-26,61.9900016784668,0.2675
2006-06-27,61.400001525878906,0.0
2006-06-28,61.834999084472656,0.0
2006-06-29,63.185001373291016,0.0
2006-06-30,63.15499877929688,0.0
2006-07-03,63.63999938964844,0.0
2006-07-05,63.119998931884766,0.0
2006-07-06,63.32500076293945,0.0
2006-07-07,62.79999923706055,0.0
2006-07-10,62.875,0.0
2006-07-11,63.10499954223633,0.0
2006-07-12,62.43000030517578,0.0
2006-07-13,61.5,0.0
2006-07-14,61.13999938964844,0.0
2006-07-17,61.03499984741211,0.0
2006-07-18,61.2400016784668,0.0
2006-07-19,62.25,0.0
2006-07-20,61.6150016784668,0.0
2006-07-21,61.125,0.0
2006-07-24,62.31499862670898,0.0
2006-07-25,62.525001525878906,0.0
2006-07-26,62.69499969482422,0.0
2006-07-27,62.53499984741211,0.0
2006-07-28,63.084999084472656,0.0
2006-07-31,63.08000183105469,0.0
2006-08-01,62.755001068115234,0.0
2006-08-02,63.150001525878906,0.0
2006-08-03,63.290000915527344,0.0
2006-08-04,63.2599983215332,0.0
2006-08-07,63.04999923706055,0.0
2006-08-08,62.7599983215332,0.0
2006-08-09,62.43999862670898,0.0
2006-08-10,62.68000030517578,0.0
2006-08-11,62.48500061035156,0.0
2006-08-14,62.59999847412109,0.0
2006-08-15,63.400001525878906,0.0
2006-08-16,64.0199966430664,0.0
2006-08-17,64.16500091552734,0.0
2006-08-18,64.41999816894531,0.0
2006-08-21,64.17500305175781,0.0
2006-08-22,64.19499969482422,0.0
2006-08-23,63.8849983215332,0.0
2006-08-24,63.880001068115234,0.0
2006-08-25,63.90499877929688,0.0
2006-08-28,64.2750015258789,0.0
2006-08-29,64.4000015258789,0.0
2006-08-30,64.54000091552734,0.0
2006-08-31,64.52999877929688,0.0
2006-09-01,64.90499877929688,0.0
2006-09-05,65.03500366210938,0.0
2006-09-06,64.33999633789062,0.0
2006-09-07,64.0999984741211,0.0
2006-09-08,64.2300033569336,0.0
2006-09-11,64.25,0.0
2006-09-12,64.9800033569336,0.0
2006-09-13,65.32499694824219,0.0
2006-09-14,65.18499755859375,0.0
2006-09-15,65.33999633789062,0.0
2006-09-18,65.38999938964844,0.0
2006-09-19,65.22000122070312,0.0
2006-09-20,65.61000061035156,0.0
2006-09-21,65.19999694824219,0.0
2006-09-22,65.03500366210938,0.0
2006-09-25,65.32499694824219,0.2645
2006-09-26,65.77999877929688,0.0
2006-09-27,65.86000061035156,0.0
2006-09-28,65.92500305175781,0.0
2006-09-29,65.72000122070312,0.0
2006-10-02,65.53500366210938,0.0
2006-10-03,65.63500213623047,0.0
2006-10-04,66.33000183105469,0.0
2006-10-05,66.6500015258789,0.0
2006-10-06,66.5199966430664,0.0
2006-10-09,66.58499908447266,0.0
2006-10-10,66.73500061035156,0.0
2006-10-11,66.61499786376953,0.0
2006-10-12,67.27999877929688,0.0
2006-10-13,67.51499938964844,0.0
2006-10-16,67.69999694824219,0.0
2006-10-17,67.43499755859375,0.0
2006-10-18,67.52999877929688,0.0
2006-10-19,67.6050033569336,0.0
2006-10-20,67.58499908447266,0.0
2006-10-23,67.875,0.0
2006-10-24,68.04000091552734,0.0
2006-10-25,68.26499938964844,0.0
2006-10-26,68.625,0.0
2006-10-27,68.0999984741211,0.0
2006-10-30,68.125,0.0
2006-10-31,68.04000091552734,0.0
2006-11-01,67.48999786376953,0.0
2006-11-02,67.44999694824219,0.0
2006-11-03,67.44000244140625,0.0
2006-11-06,68.19000244140625,0.0
2006-11-07,68.42500305175781,0.0
2006-11-08,68.5999984741211,0.0
2006-11-09,68.2249984741211,0.0
2006-11-10,68.37999725341797,0.0
2006-11-13,68.53500366210938,0.0
2006-11-14,69.06999969482422,0.0
2006-11-15,69.33000183105469,0.0
2006-11-16,69.4800033569336,0.0
2006-11-17,69.44499969482422,0.0
2006-11-20,69.48500061035156,0.0
2006-11-21,69.66500091552734,0.0
2006-11-22,69.86000061035156,0.0
2006-11-24,69.65499877929688,0.0
2006-11-27,68.55000305175781,0.0
2006-11-28,68.80999755859375,0.0
2006-11-29,69.51499938964844,0.0
2006-11-30,69.625,0.0
2006-12-01,69.43000030517578,0.0
2006-12-04,70.11000061035156,0.0
2006-12-05,70.36499786376953,0.0
2006-12-06,70.32499694824219,0.0
2006-12-07,70.01000213623047,0.0
2006-12-08,70.12999725341797,0.0
2006-12-11,70.27999877929688,0.0
2006-12-12,70.16999816894531,0.0
2006-12-13,70.29000091552734,0.0
2006-12-14,70.82499694824219,0.0
2006-12-15,70.84500122070312,0.0
2006-12-18,70.55500030517578,0.0
2006-12-19,70.65499877929688,0.0
2006-12-20,70.625,0.0
2006-12-21,70.3499984741211,0.0
2006-12-22,69.5999984741211,0.356
2006-12-26,70.00499725341797,0.0
2006-12-27,70.48500061035156,0.0
2006-12-28,70.38500213623047,0.0
2006-12-29,70.1050033569336,0.0
2007-01-03,69.9749984741211,0.0
2007-01-04,70.11499786376953,0.0
2007-01-05,69.55999755859375,0.0
2007-01-08,69.81500244140625,0.0
2007-01-09,69.81500244140625,0.0
2007-01-10,69.97000122070312,0.0
2007-01-11,70.5,0.0
2007-01-12,70.96499633789062,0.0
2007-01-16,70.83000183105469,0.0
2007-01-17,70.87999725341797,0.0
2007-01-18,70.5,0.0
2007-01-19,70.7750015258789,0.0
2007-01-22,70.49500274658203,0.0
2007-01-23,70.69499969482422,0.0
2007-01-24,71.31999969482422,0.0
2007-01-25,70.5199966430664,0.0
2007-01-26,70.4749984741211,0.0
2007-01-29,70.48999786376953,0.0
2007-01-30,70.8949966430664,0.0
2007-01-31,71.41000366210938,0.0
2007-02-01,71.81999969482422,0.0
2007-02-02,71.91000366210938,0.0
2007-02-05,71.99500274658203,0.0
2007-02-06,72.0,0.0
2007-02-07,72.23500061035156,0.0
2007-02-08,72.1449966430664,0.0
2007-02-09,71.5999984741211,0.0
2007-02-12,71.34500122070312,0.0
2007-02-13,71.94999694824219,0.0
2007-02-14,72.43000030517578,0.0
2007-02-15,72.44499969482422,0.0
2007-02-16,72.49500274658203,0.0
2007-02-20,72.70999908447266,0.0
2007-02-21,72.73999786376953,0.0
2007-02-22,72.71499633789062,0.0
2007-02-23,72.4800033569336,0.0
2007-02-26,72.38500213623047,0.0
2007-02-27,69.69999694824219,0.0
2007-02-28,70.25,0.0
2007-03-01,70.05000305175781,0.0
2007-03-02,69.05000305175781,0.0
2007-03-05,68.25,0.0
2007-03-06,69.4000015258789,0.0
2007-03-07,69.34500122070312,0.0
2007-03-08,69.92500305175781,0.0
2007-03-09,69.94999694824219,0.0
2007-03-12,70.13500213623047,0.0
2007-03-13,68.875,0.0
2007-03-14,69.2249984741211,0.0
2007-03-15,69.5,0.0
2007-03-16,69.19999694824219,0.0
2007-03-19,69.98999786376953,0.0
2007-03-20,70.44999694824219,0.0
2007-03-21,71.57499694824219,0.0
2007-03-22,71.61499786376953,0.0
2007-03-23,71.75499725341797,0.0
2007-03-26,71.33000183105469,0.3055
2007-03-27,71.04499816894531,0.0
2007-03-28,70.58000183105469,0.0
2007-03-29,70.7750015258789,0.0
2007-03-30,70.73500061035156,0.0
2007-04-02,70.91000366210938,0.0
2007-04-03,71.55500030517578,0.0
2007-04-04,71.62999725341797,0.0
2007-04-05,71.83000183105469,0.0
2007-04-09,71.91500091552734,0.0
2007-04-10,72.11499786376953,0.0
2007-04-11,71.65499877929688,0.0
2007-04-12,72.125,0.0
2007-04-13,72.36499786376953,0.0
2007-04-16,73.09500122070312,0.0
2007-04-17,73.20999908447266,0.0
2007-04-18,73.2750015258789,0.0
2007-04-19,73.13999938964844,0.0
2007-04-20,73.79000091552734,0.0
2007-04-23,73.6449966430664,0.0
2007-04-24,73.63500213623047,0.0
2007-04-25,74.29000091552734,0.0
2007-04-26,74.31500244140625,0.0
2007-04-27,74.23500061035156,0.0
2007-04-30,73.58000183105469,0.0
2007-05-01,73.74500274658203,0.0
2007-05-02,74.29000091552734,0.0
2007-05-03,74.62000274658203,0.0
2007-05-04,74.83999633789062,0.0
2007-05-07,74.95999908447266,0.0
2007-05-08,74.88500213623047,0.0
2007-05-09,75.1500015258789,0.0
2007-05-10,74.20500183105469,0.0
2007-05-11,74.9000015258789,0.0
2007-05-14,74.67500305175781,0.0
2007-05-15,74.4749984741211,0.0
2007-05-16,75.11499786376953,0.0
2007-05-17,74.93499755859375,0.0
2007-05-18,75.49500274658203,0.0
2007-05-21,75.70999908447266,0.0
2007-05-22,75.69999694824219,0.0
2007-05-23,75.66000366210938,0.0
2007-05-24,74.88500213623047,0.0
2007-05-25,75.25,0.0
2007-05-29,75.55000305175781,0.0
2007-05-30,76.19999694824219,0.0
2007-05-31,76.31999969482422,0.0
2007-06-01,76.62999725341797,0.0
2007-06-04,76.75499725341797,0.0
2007-06-05,76.36499786376953,0.0
2007-06-06,75.58499908447266,0.0
2007-06-07,74.09500122070312,0.0
2007-06-08,75.11000061035156,0.0
2007-06-11,75.19999694824219,0.0
2007-06-12,74.2750015258789,0.0
2007-06-13,75.43499755859375,0.0
2007-06-14,75.9749984741211,0.0
2007-06-15,76.37999725341797,0.0
2007-06-18,76.26000213623047,0.0
2007-06-19,76.47000122070312,0.0
2007-06-20,75.46499633789062,0.0
2007-06-21,75.83999633789062,0.0
2007-06-22,75.19999694824219,0.0
2007-06-25,74.38500213623047,0.2855
2007-06-26,73.77999877929688,0.0
2007-06-27,74.87000274658203,0.0
2007-06-28,74.86000061035156,0.0
2007-06-29,74.69000244140625,0.0
2007-07-02,75.55500030517578,0.0
2007-07-03,75.87999725341797,0.0
2007-07-05,75.83999633789062,0.0
2007-07-06,76.26000213623047,0.0
2007-07-09,76.22000122070312,0.0
2007-07-10,75.17500305175781,0.0
2007-07-11,75.7249984741211,0.0
2007-07-12,76.87000274658203,0.0
2007-07-13,77.0999984741211,0.0
2007-07-16,77.04499816894531,0.0
2007-07-17,77.0,0.0
2007-07-18,76.82499694824219,0.0
2007-07-19,77.01000213623047,0.0
2007-07-20,76.31999969482422,0.0
2007-07-23,76.47000122070312,0.0
2007-07-24,75.12999725341797,0.0
2007-07-25,75.1449966430664,0.0
2007-07-26,73.36499786376953,0.0
2007-07-27,71.98500061035156,0.0
2007-07-30,73.05000305175781,0.0
2007-07-31,72.05000305175781,0.0
2007-08-01,72.4749984741211,0.0
2007-08-02,73.08999633789062,0.0
2007-08-03,71.19000244140625,0.0
2007-08-06,72.38999938964844,0.0
2007-08-07,72.93499755859375,0.0
2007-08-08,74.03500366210938,0.0
2007-08-09,72.0250015258789,0.0
2007-08-10,71.86000061035156,0.0
2007-08-13,72.0,0.0
2007-08-14,70.74500274658203,0.0
2007-08-15,69.80000305175781,0.0
2007-08-16,70.25,0.0
2007-08-17,71.52999877929688,0.0
2007-08-20,71.68000030517578,0.0
2007-08-21,71.69000244140625,0.0
2007-08-22,72.69000244140625,0.0
2007-08-23,72.57499694824219,0.0
2007-08-24,73.42500305175781,0.0
2007-08-27,72.66000366210938,0.0
2007-08-28,71.16999816894531,0.0
2007-08-29,72.58499908447266,0.0
2007-08-30,72.3949966430664,0.0
2007-08-31,73.11000061035156,0.0
2007-09-04,73.95999908447266,0.0
2007-09-05,73.30999755859375,0.0
2007-09-06,73.52999877929688,0.0
2007-09-07,72.46499633789062,0.0
2007-09-10,72.15499877929688,0.0
2007-09-11,73.0999984741211,0.0
2007-09-12,73.3499984741211,0.0
2007-09-13,73.625,0.0
2007-09-14,73.69000244140625,0.0
2007-09-17,73.30000305175781,0.0
2007-09-18,75.34500122070312,0.0
2007-09-19,75.88999938964844,0.0
2007-09-20,75.43000030517578,0.0
2007-09-21,75.61000061035156,0.0
2007-09-24,75.07499694824219,0.321
2007-09-25,74.9000015258789,0.0
2007-09-26,75.44999694824219,0.0
2007-09-27,75.86499786376953,0.0
2007-09-28,75.5999984741211,0.0
2007-10-01,76.57499694824219,0.0
2007-10-02,76.44999694824219,0.0
2007-10-03,76.33000183105469,0.0
2007-10-04,76.4749984741211,0.0
2007-10-05,77.30500030517578,0.0
2007-10-08,77.20500183105469,0.0
2007-10-09,77.74500274658203,0.0
2007-10-10,77.59500122070312,0.0
2007-10-11,77.15499877929688,0.0
2007-10-12,77.54000091552734,0.0
2007-10-15,76.93499755859375,0.0
2007-10-16,76.38999938964844,0.0
2007-10-17,76.44499969482422,0.0
2007-10-18,76.46499633789062,0.0
2007-10-19,74.5,0.0
2007-10-22,74.86499786376953,0.0
2007-10-23,75.4000015258789,0.0
2007-10-24,75.3499984741211,0.0
2007-10-25,75.30000305175781,0.0
2007-10-26,76.20500183105469,0.0
2007-10-29,76.51000213623047,0.0
2007-10-30,75.96499633789062,0.0
2007-10-31,76.95500183105469,0.0
2007-11-01,75.00499725341797,0.0
2007-11-02,74.98999786376953,0.0
2007-11-05,74.4000015258789,0.0
2007-11-06,75.43000030517578,0.0
2007-11-07,73.3499984741211,0.0
2007-11-08,73.25499725341797,0.0
2007-11-09,72.29000091552734,0.0
2007-11-12,71.3499984741211,0.0
2007-11-13,73.43499755859375,0.0
2007-11-14,73.18000030517578,0.0
2007-11-15,72.125,0.0
2007-11-16,72.41000366210938,0.0
2007-11-19,71.2249984741211,0.0
2007-11-20,71.5,0.0
2007-11-21,70.25,0.0
2007-11-23,71.30000305175781,0.0
2007-11-26,69.90499877929688,0.0
2007-11-27,70.76000213623047,0.0
2007-11-28,72.92500305175781,0.0
2007-11-29,72.95999908447266,0.0
2007-11-30,73.4749984741211,0.0
2007-12-03,73.02999877929688,0.0
2007-12-04,72.55999755859375,0.0
2007-12-05,73.6449966430664,0.0
2007-12-06,74.70999908447266,0.0
2007-12-07,74.80000305175781,0.0
2007-12-10,75.44000244140625,0.0
2007-12-11,73.38500213623047,0.0
2007-12-12,73.8499984741211,0.0
2007-12-13,73.86000061035156,0.0
2007-12-14,72.8499984741211,0.0
2007-12-17,71.73500061035156,0.0
2007-12-18,72.25,0.0
2007-12-19,72.17500305175781,0.0
2007-12-20,72.29000091552734,0.3855
2007-12-21,73.40499877929688,0.0
2007-12-24,74.08999633789062,0.0
2007-12-26,74.1500015258789,0.0
2007-12-27,73.22000122070312,0.0
2007-12-28,72.94000244140625,0.0
2007-12-31,72.57499694824219,0.0
2008-01-02,71.71499633789062,0.0
2008-01-03,71.62999725341797,0.0
2008-01-04,69.71499633789062,0.0
2008-01-07,69.75,0.0
2008-01-08,68.5,0.0
2008-01-09,69.2249984741211,0.0
2008-01-10,69.68000030517578,0.0
2008-01-11,69.0250015258789,0.0
2008-01-14,69.69000244140625,0.0
2008-01-15,68.0,0.0
2008-01-16,67.58999633789062,0.0
2008-01-17,65.7300033569336,0.0
2008-01-18,65.28500366210938,0.0
2008-01-22,64.55999755859375,0.0
2008-01-23,66.25,0.0
2008-01-24,66.67500305175781,0.0
2008-01-25,65.70500183105469,0.0
2008-01-28,67.08000183105469,0.0
2008-01-29,67.3550033569336,0.0
2008-01-30,66.74500274658203,0.0
2008-01-31,68.0999984741211,0.0
2008-02-01,69.19999694824219,0.0
2008-02-04,68.37999725341797,0.0
2008-02-05,66.44000244140625,0.0
2008-02-06,65.93499755859375,0.0
2008-02-07,66.54000091552734,0.0
2008-02-08,66.1500015258789,0.0
2008-02-11,66.53500366210938,0.0
2008-02-12,67.1500015258789,0.0
2008-02-13,67.91500091552734,0.0
2008-02-14,67.03500366210938,0.0
2008-02-15,67.05000305175781,0.0
2008-02-19,67.26499938964844,0.0
2008-02-20,67.58000183105469,0.0
2008-02-21,66.82499694824219,0.0
2008-02-22,67.13500213623047,0.0
2008-02-25,68.26000213623047,0.0
2008-02-26,68.69999694824219,0.0
2008-02-27,68.58999633789062,0.0
2008-02-28,67.9000015258789,0.0
2008-02-29,66.4000015258789,0.0
2008-03-03,66.16500091552734,0.0
2008-03-04,65.95500183105469,0.0
2008-03-05,66.32499694824219,0.0
2008-03-06,64.94999694824219,0.0
2008-03-07,64.25,0.0
2008-03-10,63.27000045776367,0.0
2008-03-11,65.51000213623047,0.0
2008-03-12,64.88500213623047,0.0
2008-03-13,65.30500030517578,0.0
2008-03-14,64.1050033569336,0.0
2008-03-17,63.3650016784668,0.0
2008-03-18,66.0,0.0
2008-03-19,64.23500061035156,0.0
2008-03-20,65.58000183105469,0.0
2008-03-24,67.0,0.0
2008-03-25,66.78500366210938,0.3115
2008-03-26,66.0,0.0
2008-03-27,65.75499725341797,0.0
2008-03-28,65.16999816894531,0.0
2008-03-31,65.5,0.0
2008-04-01,67.73500061035156,0.0
2008-04-02,67.77999877929688,0.0
2008-04-03,67.86000061035156,0.0
2008-04-04,67.88500213623047,0.0
2008-04-07,67.91999816894531,0.0
2008-04-08,67.79499816894531,0.0
2008-04-09,67.18499755859375,0.0
2008-04-10,67.5250015258789,0.0
2008-04-11,66.1449966430664,0.0
2008-04-14,65.91999816894531,0.0
2008-04-15,66.23500061035156,0.0
2008-04-16,67.875,0.0
2008-04-17,67.95999908447266,0.0
2008-04-18,68.8949966430664,0.0
2008-04-21,68.75,0.0
2008-04-22,68.17500305175781,0.0
2008-04-23,68.38500213623047,0.0
2008-04-24,68.76499938964844,0.0
2008-04-25,69.29499816894531,0.0
2008-04-28,69.26499938964844,0.0
2008-04-29,68.9749984741211,0.0
2008-04-30,68.69999694824219,0.0
2008-05-01,69.91000366210938,0.0
2008-05-02,70.11000061035156,0.0
2008-05-05,69.75,0.0
2008-05-06,70.34500122070312,0.0
2008-05-07,69.3550033569336,0.0
2008-05-08,69.21499633789062,0.0
2008-05-09,69.17500305175781,0.0
2008-05-12,69.88999938964844,0.0
2008-05-13,69.97000122070312,0.0
2008-05-14,70.19000244140625,0.0
2008-05-15,70.93499755859375,0.0
2008-05-16,71.05999755859375,0.0
2008-05-19,71.16999816894531,0.0
2008-05-20,70.58499908447266,0.0
2008-05-21,69.4000015258789,0.0
2008-05-22,69.63500213623047,0.0
2008-05-23,68.62999725341797,0.0
2008-05-27,69.2300033569336,0.0
2008-05-28,69.6449966430664,0.0
2008-05-29,69.94999694824219,0.0
2008-05-30,70.08499908447266,0.0
2008-06-02,69.5250015258789,0.0
2008-06-03,69.1500015258789,0.0
2008-06-04,69.2750015258789,0.0
2008-06-05,70.625,0.0
2008-06-06,68.49500274658203,0.0
2008-06-09,68.55000305175781,0.0
2008-06-10,68.20500183105469,0.0
2008-06-11,67.17500305175781,0.0
2008-06-12,67.375,0.0
2008-06-13,68.375,0.0
2008-06-16,68.48999786376953,0.0
2008-06-17,68.0,0.0
2008-06-18,67.5,0.0
2008-06-19,67.69999694824219,0.0
2008-06-20,66.5999984741211,0.0
2008-06-23,66.4000015258789,0.0
2008-06-24,65.76000213623047,0.313
2008-06-25,66.2300033569336,0.0
2008-06-26,64.30999755859375,0.0
2008-06-27,64.22000122070312,0.0
2008-06-30,64.08999633789062,0.0
2008-07-01,64.38999938964844,0.0
2008-07-02,63.06999969482422,0.0
2008-07-03,63.0099983215332,0.0
2008-07-07,62.400001525878906,0.0
2008-07-08,63.54999923706055,0.0
2008-07-09,62.2599983215332,0.0
2008-07-10,62.650001525878906,0.0
2008-07-11,62.09999847412109,0.0
2008-07-14,61.4900016784668,0.0
2008-07-15,60.70000076293945,0.0
2008-07-16,62.09999847412109,0.0
2008-07-17,62.75,0.0
2008-07-18,63.09999847412109,0.0
2008-07-21,63.27000045776367,0.0
2008-07-22,64.11000061035156,0.0
2008-07-23,64.41999816894531,0.0
2008-07-24,62.90999984741211,0.0
2008-07-25,63.09999847412109,0.0
2008-07-28,62.25,0.0
2008-07-29,63.56999969482422,0.0
2008-07-30,64.41999816894531,0.0
2008-07-31,63.68999862670898,0.0
2008-08-01,63.40999984741211,0.0
2008-08-04,62.880001068115234,0.0
2008-08-05,64.48999786376953,0.0
2008-08-06,64.56999969482422,0.0
2008-08-07,63.650001525878906,0.0
2008-08-08,65.0,0.0
2008-08-11,65.6500015258789,0.0
2008-08-12,64.93000030517578,0.0
2008-08-13,64.77999877929688,0.0
2008-08-14,65.12000274658203,0.0
2008-08-15,65.5,0.0
2008-08-18,64.54000091552734,0.0
2008-08-19,63.86000061035156,0.0
2008-08-20,64.08999633789062,0.0
2008-08-21,64.26000213623047,0.0
2008-08-22,65.16000366210938,0.0
2008-08-25,63.790000915527344,0.0
2008-08-26,64.0,0.0
2008-08-27,64.43000030517578,0.0
2008-08-28,65.4800033569336,0.0
2008-08-29,64.62000274658203,0.0
2008-09-02,64.3499984741211,0.0
2008-09-03,64.2300033569336,0.0
2008-09-04,62.2599983215332,0.0
2008-09-05,62.630001068115234,0.0
2008-09-08,63.720001220703125,0.0
2008-09-09,61.5099983215332,0.0
2008-09-10,61.91999816894531,0.0
2008-09-11,62.790000915527344,0.0
2008-09-12,63.40999984741211,0.0
2008-09-15,60.5,0.0
2008-09-16,61.27999877929688,0.0
2008-09-17,58.540000915527344,0.0
2008-09-18,60.5,0.0
2008-09-19,63.41999816894531,0.0
2008-09-22,61.22999954223633,0.0
2008-09-23,60.18999862670898,0.0
2008-09-24,59.84000015258789,0.296
2008-09-25,60.90999984741211,0.0
2008-09-26,60.86000061035156,0.0
2008-09-29,56.84999847412109,0.0
2008-09-30,58.36000061035156,0.0
2008-10-01,58.290000915527344,0.0
2008-10-02,55.66999816894531,0.0
2008-10-03,54.81999969482422,0.0
2008-10-06,52.90999984741211,0.0
2008-10-07,49.68000030517578,0.0
2008-10-08,48.72999954223633,0.0
2008-10-09,45.66999816894531,0.0
2008-10-10,44.34999847412109,0.0
2008-10-13,50.040000915527344,0.0
2008-10-14,49.61000061035156,0.0
2008-10-15,44.970001220703125,0.0
2008-10-16,47.040000915527344,0.0
2008-10-17,46.59999847412109,0.0
2008-10-20,48.9900016784668,0.0
2008-10-21,47.5099983215332,0.0
2008-10-22,44.86000061035156,0.0
2008-10-23,45.41999816894531,0.0
2008-10-24,43.2400016784668,0.0
2008-10-27,41.84000015258789,0.0
2008-10-28,46.040000915527344,0.0
2008-10-29,45.58000183105469,0.0
2008-10-30,47.119998931884766,0.0
2008-10-31,48.15999984741211,0.0
2008-11-03,48.0,0.0
2008-11-04,49.72999954223633,0.0
2008-11-05,47.27000045776367,0.0
2008-11-06,44.95000076293945,0.0
2008-11-07,46.11000061035156,0.0
2008-11-10,45.59999847412109,0.0
2008-11-11,44.560001373291016,0.0
2008-11-12,42.27999877929688,0.0
2008-11-13,45.06999969482422,0.0
2008-11-14,43.150001525878906,0.0
2008-11-17,42.02000045776367,0.0
2008-11-18,42.40999984741211,0.0
2008-11-19,39.84000015258789,0.0
2008-11-20,37.18000030517578,0.0
2008-11-21,39.290000915527344,0.0
2008-11-24,41.630001068115234,0.0
2008-11-25,42.209999084472656,0.0
2008-11-26,43.77000045776367,0.0
2008-11-28,44.29999923706055,0.0
2008-12-01,40.34000015258789,0.0
2008-12-02,41.93000030517578,0.0
2008-12-03,43.0099983215332,0.0
2008-12-04,41.72999954223633,0.0
2008-12-05,43.209999084472656,0.0
2008-12-08,44.86000061035156,0.0
2008-12-09,44.040000915527344,0.0
2008-12-10,44.540000915527344,0.0
2008-12-11,43.290000915527344,0.0
2008-12-12,43.720001220703125,0.0
2008-12-15,43.0,0.0
2008-12-16,45.2599983215332,0.0
2008-12-17,44.93000030517578,0.0
2008-12-18,44.150001525878906,0.0
2008-12-19,44.11000061035156,0.0
2008-12-22,43.15999984741211,0.335
2008-12-23,42.70000076293945,0.0
2008-12-24,42.869998931884766,0.0
2008-12-26,43.31999969482422,0.0
2008-12-29,42.9900016784668,0.0
2008-12-30,44.119998931884766,0.0
2008-12-31,44.7400016784668,0.0
2009-01-02,46.02999877929688,0.0
2009-01-05,46.02000045776367,0.0
2009-01-06,46.400001525878906,0.0
2009-01-07,45.09999847412109,0.0
2009-01-08,45.29999923706055,0.0
2009-01-09,44.18999862670898,0.0
2009-01-12,43.220001220703125,0.0
2009-01-13,43.27999877929688,0.0
2009-01-14,41.869998931884766,0.0
2009-01-15,42.02000045776367,0.0
2009-01-16,42.33000183105469,0.0
2009-01-20,40.130001068115234,0.0
2009-01-21,41.77000045776367,0.0
2009-01-22,41.04999923706055,0.0
2009-01-23,41.29999923706055,0.0
2009-01-26,41.52999877929688,0.0
2009-01-27,42.02000045776367,0.0
2009-01-28,43.470001220703125,0.0
2009-01-29,42.040000915527344,0.0
2009-01-30,41.13999938964844,0.0
2009-02-02,41.06999969482422,0.0
2009-02-03,41.650001525878906,0.0
2009-02-04,41.43000030517578,0.0
2009-02-05,42.09000015258789,0.0
2009-02-06,43.29999923706055,0.0
2009-02-09,43.310001373291016,0.0
2009-02-10,41.33000183105469,0.0
2009-02-11,41.58000183105469,0.0
2009-02-12,41.68999862670898,0.0
2009-02-13,41.27000045776367,0.0
2009-02-17,39.4900016784668,0.0
2009-02-18,39.36000061035156,0.0
2009-02-19,38.93999862670898,0.0
2009-02-20,38.47999954223633,0.0
2009-02-23,37.16999816894531,0.0
2009-02-24,38.52000045776367,0.0
2009-02-25,38.220001220703125,0.0
2009-02-26,37.52000045776367,0.0
2009-02-27,36.810001373291016,0.0
2009-03-02,35.099998474121094,0.0
2009-03-03,34.79999923706055,0.0
2009-03-04,35.560001373291016,0.0
2009-03-05,34.119998931884766,0.0
2009-03-06,34.11000061035156,0.0
2009-03-09,33.70000076293945,0.0
2009-03-10,35.849998474121094,0.0
2009-03-11,35.97999954223633,0.0
2009-03-12,37.459999084472656,0.0
2009-03-13,37.86000061035156,0.0
2009-03-16,37.650001525878906,0.0
2009-03-17,38.84000015258789,0.0
2009-03-18,39.66999816894531,0.0
2009-03-19,39.27000045776367,0.0
2009-03-20,38.43999862670898,0.0
2009-03-23,41.11000061035156,0.0
2009-03-24,40.290000915527344,0.0
2009-03-25,40.43000030517578,0.278
2009-03-26,41.43999862670898,0.0
2009-03-27,40.65999984741211,0.0
2009-03-30,39.22999954223633,0.0
2009-03-31,39.58000183105469,0.0
2009-04-01,40.369998931884766,0.0
2009-04-02,41.58000183105469,0.0
2009-04-03,42.09999847412109,0.0
2009-04-06,41.68999862670898,0.0
2009-04-07,40.630001068115234,0.0
2009-04-08,41.20000076293945,0.0
2009-04-09,42.869998931884766,0.0
2009-04-13,42.93000030517578,0.0
2009-04-14,42.130001068115234,0.0
2009-04-15,42.58000183105469,0.0
2009-04-16,43.310001373291016,0.0
2009-04-17,43.59999847412109,0.0
2009-04-20,41.75,0.0
2009-04-21,42.58000183105469,0.0
2009-04-22,42.400001525878906,0.0
2009-04-23,42.70000076293945,0.0
2009-04-24,43.45000076293945,0.0
2009-04-27,43.0,0.0
2009-04-28,42.91999816894531,0.0
2009-04-29,43.93999862670898,0.0
2009-04-30,43.93000030517578,0.0
2009-05-01,44.18000030517578,0.0
2009-05-04,45.68999862670898,0.0
2009-05-05,45.52999877929688,0.0
2009-05-06,46.2400016784668,0.0
2009-05-07,45.52000045776367,0.0
2009-05-08,46.54999923706055,0.0
2009-05-11,45.75,0.0
2009-05-12,45.630001068115234,0.0
2009-05-13,44.33000183105469,0.0
2009-05-14,44.77999877929688,0.0
2009-05-15,44.310001373291016,0.0
2009-05-18,45.66999816894531,0.0
2009-05-19,45.68000030517578,0.0
2009-05-20,45.41999816894531,0.0
2009-05-21,44.59999847412109,0.0
2009-05-22,44.630001068115234,0.0
2009-05-26,45.83000183105469,0.0
2009-05-27,45.060001373291016,0.0
2009-05-28,45.619998931884766,0.0
2009-05-29,46.33000183105469,0.0
2009-06-01,47.47999954223633,0.0
2009-06-02,47.66999816894531,0.0
2009-06-03,47.09000015258789,0.0
2009-06-04,47.560001373291016,0.0
2009-06-05,47.470001220703125,0.0
2009-06-08,47.34000015258789,0.0
2009-06-09,47.59000015258789,0.0
2009-06-10,47.470001220703125,0.0
2009-06-11,47.75,0.0
2009-06-12,47.790000915527344,0.0
2009-06-15,46.68000030517578,0.0
2009-06-16,46.02999877929688,0.0
2009-06-17,45.970001220703125,0.0
2009-06-18,46.220001220703125,0.0
2009-06-19,46.38999938964844,0.0
2009-06-22,45.04999923706055,0.0
2009-06-23,45.04999923706055,0.0
2009-06-24,45.18000030517578,0.223
2009-06-25,46.22999954223633,0.0
2009-06-26,46.13999938964844,0.0
2009-06-29,46.58000183105469,0.0
2009-06-30,46.27000045776367,0.0
2009-07-01,46.540000915527344,0.0
2009-07-02,45.31999969482422,0.0
2009-07-06,45.150001525878906,0.0
2009-07-07,44.220001220703125,0.0
2009-07-08,44.15999984741211,0.0
2009-07-09,44.25,0.0
2009-07-10,44.13999938964844,0.0
2009-07-13,45.15999984741211,0.0
2009-07-14,45.47999954223633,0.0
2009-07-15,46.84000015258789,0.0
2009-07-16,47.29999923706055,0.0
2009-07-17,47.31999969482422,0.0
2009-07-20,47.84999847412109,0.0
2009-07-21,48.060001373291016,0.0
2009-07-22,48.09000015258789,0.0
2009-07-23,49.22999954223633,0.0
2009-07-24,49.38999938964844,0.0
2009-07-27,49.59999847412109,0.0
2009-07-28,49.47999954223633,0.0
2009-07-29,49.2400016784668,0.0
2009-07-30,49.77000045776367,0.0
2009-07-31,49.84999847412109,0.0
2009-08-03,50.68999862670898,0.0
2009-08-04,50.880001068115234,0.0
2009-08-05,50.7599983215332,0.0
2009-08-06,50.40999984741211,0.0
2009-08-07,51.119998931884766,0.0
2009-08-10,51.0,0.0
2009-08-11,50.34000015258789,0.0
2009-08-12,50.88999938964844,0.0
2009-08-13,51.34000015258789,0.0
2009-08-14,50.869998931884766,0.0
2009-08-17,49.54999923706055,0.0
2009-08-18,50.06999969482422,0.0
2009-08-19,50.5,0.0
2009-08-20,50.97999954223633,0.0
2009-08-21,51.93000030517578,0.0
2009-08-24,52.0,0.0
2009-08-25,52.09999847412109,0.0
2009-08-26,52.060001373291016,0.0
2009-08-27,52.2400016784668,0.0
2009-08-28,52.20000076293945,0.0
2009-08-31,51.70000076293945,0.0
2009-09-01,50.560001373291016,0.0
2009-09-02,50.34999847412109,0.0
2009-09-03,50.810001373291016,0.0
2009-09-04,51.459999084472656,0.0
2009-09-08,51.97999954223633,0.0
2009-09-09,52.5,0.0
2009-09-10,53.040000915527344,0.0
2009-09-11,53.08000183105469,0.0
2009-09-14,53.36000061035156,0.0
2009-09-15,53.619998931884766,0.0
2009-09-16,54.459999084472656,0.0
2009-09-17,54.36000061035156,0.0
2009-09-18,54.43999862670898,0.0
2009-09-21,54.290000915527344,0.0
2009-09-22,54.61000061035156,0.0
2009-09-23,54.04999923706055,0.0
2009-09-24,53.22999954223633,0.248
2009-09-25,52.88999938964844,0.0
2009-09-28,53.880001068115234,0.0
2009-09-29,53.790000915527344,0.0
2009-09-30,53.59000015258789,0.0
2009-10-01,52.16999816894531,0.0
2009-10-02,51.86000061035156,0.0
2009-10-05,52.65999984741211,0.0
2009-10-06,53.43999862670898,0.0
2009-10-07,53.560001373291016,0.0
2009-10-08,54.02999877929688,0.0
2009-10-09,54.400001525878906,0.0
2009-10-12,54.59999847412109,0.0
2009-10-13,54.45000076293945,0.0
2009-10-14,55.41999816894531,0.0
2009-10-15,55.61000061035156,0.0
2009-10-16,55.20000076293945,0.0
2009-10-19,55.650001525878906,0.0
2009-10-20,55.310001373291016,0.0
2009-10-21,54.77000045776367,0.0
2009-10-22,55.36000061035156,0.0
2009-10-23,54.650001525878906,0.0
2009-10-26,54.02999877929688,0.0
2009-10-27,53.7400016784668,0.0
2009-10-28,52.56999969482422,0.0
2009-10-29,53.630001068115234,0.0
2009-10-30,52.18000030517578,0.0
2009-11-02,52.470001220703125,0.0
2009-11-03,52.709999084472656,0.0
2009-11-04,52.79999923706055,0.0
2009-11-05,53.810001373291016,0.0
2009-11-06,53.95000076293945,0.0
2009-11-09,55.15999984741211,0.0
2009-11-10,55.18000030517578,0.0
2009-11-11,55.459999084472656,0.0
2009-11-12,54.84000015258789,0.0
2009-11-13,55.15999984741211,0.0
2009-11-16,55.9900016784668,0.0
2009-11-17,56.04999923706055,0.0
2009-11-18,56.0099983215332,0.0
2009-11-19,55.209999084472656,0.0
2009-11-20,55.040000915527344,0.0
2009-11-23,55.68999862670898,0.0
2009-11-24,55.72999954223633,0.0
2009-11-25,55.95000076293945,0.0
2009-11-27,55.0099983215332,0.0
2009-11-30,55.150001525878906,0.0
2009-12-01,55.83000183105469,0.0
2009-12-02,55.9900016784668,0.0
2009-12-03,55.4900016784668,0.0
2009-12-04,55.900001525878906,0.0
2009-12-07,55.83000183105469,0.0
2009-12-08,55.25,0.0
2009-12-09,55.43000030517578,0.0
2009-12-10,55.709999084472656,0.0
2009-12-11,55.9900016784668,0.0
2009-12-14,56.40999984741211,0.0
2009-12-15,56.16999816894531,0.0
2009-12-16,56.310001373291016,0.0
2009-12-17,55.68000030517578,0.0
2009-12-18,56.02000045776367,0.0
2009-12-21,56.56999969482422,0.0
2009-12-22,56.5,0.358
2009-12-23,56.68999862670898,0.0
2009-12-24,56.97999954223633,0.0
2009-12-28,57.04999923706055,0.0
2009-12-29,56.95000076293945,0.0
2009-12-30,56.93000030517578,0.0
2009-12-31,56.369998931884766,0.0
2010-01-04,57.310001373291016,0.0
2010-01-05,57.52999877929688,0.0
2010-01-06,57.61000061035156,0.0
2010-01-07,57.84999847412109,0.0
2010-01-08,58.040000915527344,0.0
2010-01-11,58.119998931884766,0.0
2010-01-12,57.52000045776367,0.0
2010-01-13,58.060001373291016,0.0
2010-01-14,58.15999984741211,0.0
2010-01-15,57.5,0.0
2010-01-19,58.2599983215332,0.0
2010-01-20,57.720001220703125,0.0
2010-01-21,56.65999984741211,0.0
2010-01-22,55.40999984741211,0.0
2010-01-25,55.650001525878906,0.0
2010-01-26,55.400001525878906,0.0
2010-01-27,55.66999816894531,0.0
2010-01-28,55.0099983215332,0.0
2010-01-29,54.36000061035156,0.0
2010-02-01,55.18999862670898,0.0
2010-02-02,55.900001525878906,0.0
2010-02-03,55.619998931884766,0.0
2010-02-04,53.88999938964844,0.0
2010-02-05,53.97999954223633,0.0
2010-02-08,53.560001373291016,0.0
2010-02-09,54.27000045776367,0.0
2010-02-10,54.18999862670898,0.0
2010-02-11,54.77000045776367,0.0
2010-02-12,54.77000045776367,0.0
2010-02-16,55.68999862670898,0.0
2010-02-17,56.0,0.0
2010-02-18,56.31999969482422,0.0
2010-02-19,56.52000045776367,0.0
2010-02-22,56.43000030517578,0.0
2010-02-23,55.75,0.0
2010-02-24,56.25,0.0
2010-02-25,56.22999954223633,0.0
2010-02-26,56.22999954223633,0.0
2010-03-01,56.900001525878906,0.0
2010-03-02,57.08000183105469,0.0
2010-03-03,57.150001525878906,0.0
2010-03-04,57.29999923706055,0.0
2010-03-05,58.209999084472656,0.0
2010-03-08,58.220001220703125,0.0
2010-03-09,58.34000015258789,0.0
2010-03-10,58.650001525878906,0.0
2010-03-11,58.869998931884766,0.0
2010-03-12,58.869998931884766,0.0
2010-03-15,58.84999847412109,0.0
2010-03-16,59.33000183105469,0.0
2010-03-17,59.709999084472656,0.0
2010-03-18,59.63999938964844,0.0
2010-03-19,59.25,0.0
2010-03-22,59.66999816894531,0.0
2010-03-23,60.09000015258789,0.0
2010-03-24,59.7400016784668,0.0
2010-03-25,59.400001525878906,0.236
2010-03-26,59.38999938964844,0.0
2010-03-29,59.7400016784668,0.0
2010-03-30,59.77000045776367,0.0
2010-03-31,59.59000015258789,0.0
2010-04-01,60.02000045776367,0.0
2010-04-05,60.59999847412109,0.0
2010-04-06,60.77000045776367,0.0
2010-04-07,60.45000076293945,0.0
2010-04-08,60.59000015258789,0.0
2010-04-09,61.0,0.0
2010-04-12,61.13999938964844,0.0
2010-04-13,61.20000076293945,0.0
2010-04-14,61.95000076293945,0.0
2010-04-15,62.02999877929688,0.0
2010-04-16,61.060001373291016,0.0
2010-04-19,61.220001220703125,0.0
2010-04-20,61.79999923706055,0.0
2010-04-21,61.75,0.0
2010-04-22,62.04999923706055,0.0
2010-04-23,62.470001220703125,0.0
2010-04-26,62.25,0.0
2010-04-27,60.75,0.0
2010-04-28,61.150001525878906,0.0
2010-04-29,61.95000076293945,0.0
2010-04-30,60.88999938964844,0.0
2010-05-03,61.709999084472656,0.0
2010-05-04,60.209999084472656,0.0
2010-05-05,59.720001220703125,0.0
2010-05-06,57.709999084472656,0.0
2010-05-07,56.619998931884766,0.0
2010-05-10,59.220001220703125,0.0
2010-05-11,59.16999816894531,0.0
2010-05-12,60.119998931884766,0.0
2010-05-13,59.400001525878906,0.0
2010-05-14,58.33000183105469,0.0
2010-05-17,58.369998931884766,0.0
2010-05-18,57.540000915527344,0.0
2010-05-19,57.130001068115234,0.0
2010-05-20,54.90999984741211,0.0
2010-05-21,55.709999084472656,0.0
2010-05-24,55.0099983215332,0.0
2010-05-25,55.0099983215332,0.0
2010-05-26,54.77999877929688,0.0
2010-05-27,56.70000076293945,0.0
2010-05-28,56.09000015258789,0.0
2010-06-01,54.93000030517578,0.0
2010-06-02,56.36000061035156,0.0
2010-06-03,56.65999984741211,0.0
2010-06-04,54.66999816894531,0.0
2010-06-07,53.77999877929688,0.0
2010-06-08,54.2400016784668,0.0
2010-06-09,53.9900016784668,0.0
2010-06-10,55.650001525878906,0.0
2010-06-11,55.9900016784668,0.0
2010-06-14,56.0,0.0
2010-06-15,57.2599983215332,0.0
2010-06-16,57.20000076293945,0.0
2010-06-17,57.29999923706055,0.0
2010-06-18,57.34000015258789,0.0
2010-06-21,57.119998931884766,0.0
2010-06-22,56.13999938964844,0.0
2010-06-23,55.91999816894531,0.0
2010-06-24,54.77000045776367,0.269
2010-06-25,55.04999923706055,0.0
2010-06-28,54.869998931884766,0.0
2010-06-29,53.13999938964844,0.0
2010-06-30,52.560001373291016,0.0
2010-07-01,52.33000183105469,0.0
2010-07-02,52.08000183105469,0.0
2010-07-06,52.2400016784668,0.0
2010-07-07,53.93999862670898,0.0
2010-07-08,54.470001220703125,0.0
2010-07-09,54.88999938964844,0.0
2010-07-12,54.90999984741211,0.0
2010-07-13,55.810001373291016,0.0
2010-07-14,55.79999923706055,0.0
2010-07-15,55.84999847412109,0.0
2010-07-16,54.22999954223633,0.0
2010-07-19,54.540000915527344,0.0
2010-07-20,55.16999816894531,0.0
2010-07-21,54.47999954223633,0.0
2010-07-22,55.68999862670898,0.0
2010-07-23,56.2599983215332,0.0
2010-07-26,56.95000076293945,0.0
2010-07-27,56.880001068115234,0.0
2010-07-28,56.47999954223633,0.0
2010-07-29,56.18999862670898,0.0
2010-07-30,56.25,0.0
2010-08-02,57.459999084472656,0.0
2010-08-03,57.150001525878906,0.0
2010-08-04,57.59999847412109,0.0
2010-08-05,57.47999954223633,0.0
2010-08-06,57.27000045776367,0.0
2010-08-09,57.56999969482422,0.0
2010-08-10,57.209999084472656,0.0
2010-08-11,55.52000045776367,0.0
2010-08-12,55.209999084472656,0.0
2010-08-13,55.0,0.0
2010-08-16,54.95000076293945,0.0
2010-08-17,55.72999954223633,0.0
2010-08-18,55.86000061035156,0.0
2010-08-19,54.880001068115234,0.0
2010-08-20,54.68999862670898,0.0
2010-08-23,54.400001525878906,0.0
2010-08-24,53.619998931884766,0.0
2010-08-25,53.790000915527344,0.0
2010-08-26,53.459999084472656,0.0
2010-08-27,54.380001068115234,0.0
2010-08-30,53.59000015258789,0.0
2010-08-31,53.59999847412109,0.0
2010-09-01,55.16999816894531,0.0
2010-09-02,55.75,0.0
2010-09-03,56.4900016784668,0.0
2010-09-07,55.880001068115234,0.0
2010-09-08,56.16999816894531,0.0
2010-09-09,56.45000076293945,0.0
2010-09-10,56.68999862670898,0.0
2010-09-13,57.40999984741211,0.0
2010-09-14,57.400001525878906,0.0
2010-09-15,57.59000015258789,0.0
2010-09-16,57.56999969482422,0.0
2010-09-17,57.59999847412109,0.0
2010-09-20,58.54999923706055,0.0
2010-09-21,58.40999984741211,0.0
2010-09-22,58.09999847412109,0.0
2010-09-23,57.59999847412109,0.0
2010-09-24,58.52000045776367,0.297
2010-09-27,58.27000045776367,0.0
2010-09-28,58.59999847412109,0.0
2010-09-29,58.5,0.0
2010-09-30,58.369998931884766,0.0
2010-10-01,58.630001068115234,0.0
2010-10-04,58.11000061035156,0.0
2010-10-05,59.31999969482422,0.0
2010-10-06,59.2599983215332,0.0
2010-10-07,59.18000030517578,0.0
2010-10-08,59.58000183105469,0.0
2010-10-11,59.66999816894531,0.0
2010-10-12,59.880001068115234,0.0
2010-10-13,60.34999847412109,0.0
2010-10-14,60.18999862670898,0.0
2010-10-15,60.2400016784668,0.0
2010-10-18,60.56999969482422,0.0
2010-10-19,59.68999862670898,0.0
2010-10-20,60.290000915527344,0.0
2010-10-21,60.38999938964844,0.0
2010-10-22,60.56999969482422,0.0
2010-10-25,60.77000045776367,0.0
2010-10-26,60.7599983215332,0.0
2010-10-27,60.63999938964844,0.0
2010-10-28,60.63999938964844,0.0
2010-10-29,60.720001220703125,0.0
2010-11-01,60.72999954223633,0.0
2010-11-02,61.209999084472656,0.0
2010-11-03,61.459999084472656,0.0
2010-11-04,62.65999984741211,0.0
2010-11-05,62.93999862670898,0.0
2010-11-08,62.86000061035156,0.0
2010-11-09,62.369998931884766,0.0
2010-11-10,62.63999938964844,0.0
2010-11-11,62.470001220703125,0.0
2010-11-12,61.68000030517578,0.0
2010-11-15,61.59000015258789,0.0
2010-11-16,60.61000061035156,0.0
2010-11-17,60.709999084472656,0.0
2010-11-18,61.560001373291016,0.0
2010-11-19,61.810001373291016,0.0
2010-11-22,61.81999969482422,0.0
2010-11-23,60.93999862670898,0.0
2010-11-24,61.91999816894531,0.0
2010-11-26,61.5,0.0
2010-11-29,61.40999984741211,0.0
2010-11-30,61.02999877929688,0.0
2010-12-01,62.34000015258789,0.0
2010-12-02,63.13999938964844,0.0
2010-12-03,63.34000015258789,0.0
2010-12-06,63.31999969482422,0.0
2010-12-07,63.38999938964844,0.0
2010-12-08,63.56999969482422,0.0
2010-12-09,63.79999923706055,0.0
2010-12-10,64.20999908447266,0.0
2010-12-13,64.2300033569336,0.0
2010-12-14,64.25,0.0
2010-12-15,63.970001220703125,0.0
2010-12-16,64.3499984741211,0.0
2010-12-17,64.47000122070312,0.0
2010-12-20,64.63999938964844,0.0
2010-12-21,65.02999877929688,0.0
2010-12-22,64.93000030517578,0.346
2010-12-23,64.83999633789062,0.0
2010-12-27,64.87999725341797,0.0
2010-12-28,64.94000244140625,0.0
2010-12-29,65.04000091552734,0.0
2010-12-30,64.95999908447266,0.0
2010-12-31,64.93000030517578,0.0
2011-01-03,65.5999984741211,0.0
2011-01-04,65.47000122070312,0.0
2011-01-05,65.83000183105469,0.0
2011-01-06,65.68000030517578,0.0
2011-01-07,65.52999877929688,0.0
2011-01-10,65.58000183105469,0.0
2011-01-11,65.83999633789062,0.0
2011-01-12,66.43000030517578,0.0
2011-01-13,66.33000183105469,0.0
2011-01-14,66.76000213623047,0.0
2011-01-18,66.93000030517578,0.0
2011-01-19,66.12999725341797,0.0
2011-01-20,65.93000030517578,0.0
2011-01-21,66.04000091552734,0.0
2011-01-24,66.41000366210938,0.0
2011-01-25,66.44999694824219,0.0
2011-01-26,66.83000183105469,0.0
2011-01-27,67.02999877929688,0.0
2011-01-28,65.83000183105469,0.0
2011-01-31,66.26000213623047,0.0
2011-02-01,67.3499984741211,0.0
2011-02-02,67.2699966430664,0.0
2011-02-03,67.41999816894531,0.0
2011-02-04,67.61000061035156,0.0
2011-02-07,68.05999755859375,0.0
2011-02-08,68.4000015258789,0.0
2011-02-09,68.22000122070312,0.0
2011-02-10,68.30000305175781,0.0
2011-02-11,68.75,0.0
2011-02-14,68.93000030517578,0.0
2011-02-15,68.70999908447266,0.0
2011-02-16,69.16000366210938,0.0
2011-02-17,69.41000366210938,0.0
2011-02-18,69.54000091552734,0.0
2011-02-22,68.05000305175781,0.0
2011-02-23,67.4800033569336,0.0
2011-02-24,67.48999786376953,0.0
2011-02-25,68.33999633789062,0.0
2011-02-28,68.70999908447266,0.0
2011-03-01,67.55000305175781,0.0
2011-03-02,67.69000244140625,0.0
2011-03-03,68.91999816894531,0.0
2011-03-04,68.45999908447266,0.0
2011-03-07,67.83999633789062,0.0
2011-03-08,68.44999694824219,0.0
2011-03-09,68.3499984741211,0.0
2011-03-10,67.04000091552734,0.0
2011-03-11,67.48999786376953,0.0
2011-03-14,67.08000183105469,0.0
2011-03-15,66.37000274658203,0.0
2011-03-16,65.22000122070312,0.0
2011-03-17,65.97000122070312,0.0
2011-03-18,66.27999877929688,0.0
2011-03-21,67.31999969482422,0.0
2011-03-22,67.0999984741211,0.0
2011-03-23,67.26000213623047,0.0
2011-03-24,67.9000015258789,0.0
2011-03-25,67.86000061035156,0.283
2011-03-28,67.69999694824219,0.0
2011-03-29,68.19999694824219,0.0
2011-03-30,68.70999908447266,0.0
2011-03-31,68.70999908447266,0.0
2011-04-01,69.04000091552734,0.0
2011-04-04,69.0999984741211,0.0
2011-04-05,69.13999938964844,0.0
2011-04-06,69.31999969482422,0.0
2011-04-07,69.12000274658203,0.0
2011-04-08,68.83000183105469,0.0
2011-04-11,68.58000183105469,0.0
2011-04-12,68.0,0.0
2011-04-13,68.04000091552734,0.0
2011-04-14,68.08000183105469,0.0
2011-04-15,68.41000366210938,0.0
2011-04-18,67.58999633789062,0.0
2011-04-19,67.9800033569336,0.0
2011-04-20,68.97000122070312,0.0
2011-04-21,69.30999755859375,0.0
2011-04-25,69.23999786376953,0.0
2011-04-26,69.8499984741211,0.0
2011-04-27,70.30999755859375,0.0
2011-04-28,70.5199966430664,0.0
2011-04-29,70.69999694824219,0.0
2011-05-02,70.58000183105469,0.0
2011-05-03,70.19000244140625,0.0
2011-05-04,69.66999816894531,0.0
2011-05-05,69.11000061035156,0.0
2011-05-06,69.41000366210938,0.0
2011-05-09,69.77999877929688,0.0
2011-05-10,70.4000015258789,0.0
2011-05-11,69.68000030517578,0.0
2011-05-12,70.01000213623047,0.0
2011-05-13,69.37000274658203,0.0
2011-05-16,68.88999938964844,0.0
2011-05-17,68.83000183105469,0.0
2011-05-18,69.48999786376953,0.0
2011-05-19,69.66000366210938,0.0
2011-05-20,69.13999938964844,0.0
2011-05-23,68.26000213623047,0.0
2011-05-24,68.19000244140625,0.0
2011-05-25,68.47000122070312,0.0
2011-05-26,68.87999725341797,0.0
2011-05-27,69.19999694824219,0.0
2011-05-31,69.94999694824219,0.0
2011-06-01,68.36000061035156,0.0
2011-06-02,68.2300033569336,0.0
2011-06-03,67.52999877929688,0.0
2011-06-06,66.75,0.0
2011-06-07,66.72000122070312,0.0
2011-06-08,66.37000274658203,0.0
2011-06-09,66.83999633789062,0.0
2011-06-10,65.88999938964844,0.0
2011-06-13,65.87999725341797,0.0
2011-06-14,66.79000091552734,0.0
2011-06-15,65.5999984741211,0.0
2011-06-16,65.70999908447266,0.0
2011-06-17,65.91999816894531,0.0
2011-06-20,66.2300033569336,0.0
2011-06-21,67.23999786376953,0.0
2011-06-22,66.87000274658203,0.0
2011-06-23,66.76000213623047,0.0
2011-06-24,65.72000122070312,0.283
2011-06-27,66.27999877929688,0.0
2011-06-28,67.19999694824219,0.0
2011-06-29,67.79000091552734,0.0
2011-06-30,68.4000015258789,0.0
2011-07-01,69.37999725341797,0.0
2011-07-05,69.37000274658203,0.0
2011-07-06,69.51000213623047,0.0
2011-07-07,70.26000213623047,0.0
2011-07-08,69.76000213623047,0.0
2011-07-11,68.47000122070312,0.0
2011-07-12,68.16999816894531,0.0
2011-07-13,68.43000030517578,0.0
2011-07-14,67.8499984741211,0.0
2011-07-15,68.27999877929688,0.0
2011-07-18,67.6500015258789,0.0
2011-07-19,68.79000091552734,0.0
2011-07-20,68.75,0.0
2011-07-21,69.58999633789062,0.0
2011-07-22,69.70999908447266,0.0
2011-07-25,69.26000213623047,0.0
2011-07-26,68.97000122070312,0.0
2011-07-27,67.44999694824219,0.0
2011-07-28,67.22000122070312,0.0
2011-07-29,66.8499984741211,0.0
2011-08-01,66.55000305175781,0.0
2011-08-02,64.79000091552734,0.0
2011-08-03,65.1500015258789,0.0
2011-08-04,61.880001068115234,0.0
2011-08-05,61.619998931884766,0.0
2011-08-08,57.34999847412109,0.0
2011-08-09,60.220001220703125,0.0
2011-08-10,57.65999984741211,0.0
2011-08-11,60.29999923706055,0.0
2011-08-12,60.70000076293945,0.0
2011-08-15,62.02000045776367,0.0
2011-08-16,61.43000030517578,0.0
2011-08-17,61.43999862670898,0.0
2011-08-18,58.70000076293945,0.0
2011-08-19,57.650001525878906,0.0
2011-08-22,57.65999984741211,0.0
2011-08-23,59.63999938964844,0.0
2011-08-24,60.4900016784668,0.0
2011-08-25,59.47999954223633,0.0
2011-08-26,60.470001220703125,0.0
2011-08-29,62.36000061035156,0.0
2011-08-30,62.52999877929688,0.0
2011-08-31,62.77999877929688,0.0
2011-09-01,62.06999969482422,0.0
2011-09-02,60.369998931884766,0.0
2011-09-06,59.9900016784668,0.0
2011-09-07,61.77999877929688,0.0
2011-09-08,61.040000915527344,0.0
2011-09-09,59.45000076293945,0.0
2011-09-12,59.869998931884766,0.0
2011-09-13,60.470001220703125,0.0
2011-09-14,61.33000183105469,0.0
2011-09-15,62.400001525878906,0.0
2011-09-16,62.70000076293945,0.0
2011-09-19,62.040000915527344,0.0
2011-09-20,61.81999969482422,0.0
2011-09-21,59.810001373291016,0.0
2011-09-22,57.970001220703125,0.0
2011-09-23,58.0,0.306
2011-09-26,59.369998931884766,0.0
2011-09-27,60.119998931884766,0.0
2011-09-28,58.75,0.0
2011-09-29,59.18000030517578,0.0
2011-09-30,57.720001220703125,0.0
2011-10-03,55.810001373291016,0.0
2011-10-04,57.209999084472656,0.0
2011-10-05,58.380001068115234,0.0
2011-10-06,59.5099983215332,0.0
2011-10-07,58.970001220703125,0.0
2011-10-10,61.0,0.0
2011-10-11,61.04999923706055,0.0
2011-10-12,61.630001068115234,0.0
2011-10-13,61.54999923706055,0.0
2011-10-14,62.66999816894531,0.0
2011-10-17,61.400001525878906,0.0
2011-10-18,62.63999938964844,0.0
2011-10-19,61.810001373291016,0.0
2011-10-20,62.09000015258789,0.0
2011-10-21,63.2599983215332,0.0
2011-10-24,64.31999969482422,0.0
2011-10-25,63.0099983215332,0.0
2011-10-26,63.68999862670898,0.0
2011-10-27,65.88999938964844,0.0
2011-10-28,65.94999694824219,0.0
2011-10-31,64.27999877929688,0.0
2011-11-01,62.56999969482422,0.0
2011-11-02,63.59999847412109,0.0
2011-11-03,64.83999633789062,0.0
2011-11-04,64.48999786376953,0.0
2011-11-07,64.81999969482422,0.0
2011-11-08,65.5999984741211,0.0
2011-11-09,63.09999847412109,0.0
2011-11-10,63.65999984741211,0.0
2011-11-11,64.91999816894531,0.0
2011-11-14,64.27999877929688,0.0
2011-11-15,64.66999816894531,0.0
2011-11-16,63.59000015258789,0.0
2011-11-17,62.54999923706055,0.0
2011-11-18,62.459999084472656,0.0
2011-11-21,61.29999923706055,0.0
2011-11-22,61.0099983215332,0.0
2011-11-23,59.650001525878906,0.0
2011-11-25,59.459999084472656,0.0
2011-11-28,61.25,0.0
2011-11-29,61.43999862670898,0.0
2011-11-30,64.04000091552734,0.0
2011-12-01,64.04000091552734,0.0
2011-12-02,64.01000213623047,0.0
2011-12-05,64.70999908447266,0.0
2011-12-06,64.73999786376953,0.0
2011-12-07,64.91000366210938,0.0
2011-12-08,63.43999862670898,0.0
2011-12-09,64.56999969482422,0.0
2011-12-12,63.58000183105469,0.0
2011-12-13,62.900001525878906,0.0
2011-12-14,62.18000030517578,0.0
2011-12-15,62.40999984741211,0.0
2011-12-16,62.619998931884766,0.0
2011-12-19,61.88999938964844,0.0
2011-12-20,63.83000183105469,0.0
2011-12-21,63.59000015258789,0.361
2011-12-22,64.25,0.0
2011-12-23,64.73999786376953,0.0
2011-12-27,64.75,0.0
2011-12-28,63.959999084472656,0.0
2011-12-29,64.58999633789062,0.0
2011-12-30,64.30000305175781,0.0
2012-01-03,65.20999908447266,0.0
2012-01-04,65.23999786376953,0.0
2012-01-05,65.52999877929688,0.0
2012-01-06,65.37999725341797,0.0
2012-01-09,65.52999877929688,0.0
2012-01-10,66.18000030517578,0.0
2012-01-11,66.30000305175781,0.0
2012-01-12,66.45999908447266,0.0
2012-01-13,66.1500015258789,0.0
2012-01-17,66.30000305175781,0.0
2012-01-18,67.0999984741211,0.0
2012-01-19,67.51000213623047,0.0
2012-01-20,67.52999877929688,0.0
2012-01-23,67.55000305175781,0.0
2012-01-24,67.54000091552734,0.0
2012-01-25,68.16000366210938,0.0
2012-01-26,67.80999755859375,0.0
2012-01-27,67.86000061035156,0.0
2012-01-30,67.58999633789062,0.0
2012-01-31,67.55999755859375,0.0
2012-02-01,68.33999633789062,0.0
2012-02-02,68.45999908447266,0.0
2012-02-03,69.4800033569336,0.0
2012-02-06,69.44000244140625,0.0
2012-02-07,69.5999984741211,0.0
2012-02-08,69.75,0.0
2012-02-09,69.86000061035156,0.0
2012-02-10,69.30999755859375,0.0
2012-02-13,69.83999633789062,0.0
2012-02-14,69.73999786376953,0.0
2012-02-15,69.44000244140625,0.0
2012-02-16,70.2699966430664,0.0
2012-02-17,70.37000274658203,0.0
2012-02-21,70.33999633789062,0.0
2012-02-22,70.12000274658203,0.0
2012-02-23,70.51000213623047,0.0
2012-02-24,70.61000061035156,0.0
2012-02-27,70.66999816894531,0.0
2012-02-28,70.87000274658203,0.0
2012-02-29,70.41000366210938,0.0
2012-03-01,70.94999694824219,0.0
2012-03-02,70.5999984741211,0.0
2012-03-05,70.27999877929688,0.0
2012-03-06,69.1500015258789,0.0
2012-03-07,69.75,0.0
2012-03-08,70.47000122070312,0.0
2012-03-09,70.81999969482422,0.0
2012-03-12,70.7699966430664,0.0
2012-03-13,72.08000183105469,0.0
2012-03-14,71.93000030517578,0.0
2012-03-15,72.3499984741211,0.0
2012-03-16,72.45999908447266,0.0
2012-03-19,72.7300033569336,0.0
2012-03-20,72.4800033569336,0.0
2012-03-21,72.4000015258789,0.0
2012-03-22,71.81999969482422,0.0
2012-03-23,72.11000061035156,0.0
2012-03-26,72.80000305175781,0.308
2012-03-27,72.55999755859375,0.0
2012-03-28,72.19999694824219,0.0
2012-03-29,72.06999969482422,0.0
2012-03-30,72.26000213623047,0.0
2012-04-02,72.87000274658203,0.0
2012-04-03,72.62999725341797,0.0
2012-04-04,71.81999969482422,0.0
2012-04-05,71.7699966430664,0.0
2012-04-09,70.93000030517578,0.0
2012-04-10,69.5999984741211,0.0
2012-04-11,70.18000030517578,0.0
2012-04-12,71.23999786376953,0.0
2012-04-13,70.37000274658203,0.0
2012-04-16,70.30000305175781,0.0
2012-04-17,71.37000274658203,0.0
2012-04-18,71.12000274658203,0.0
2012-04-19,70.70999908447266,0.0
2012-04-20,70.81999969482422,0.0
2012-04-23,70.20999908447266,0.0
2012-04-24,70.44000244140625,0.0
2012-04-25,71.4800033569336,0.0
2012-04-26,72.0,0.0
2012-04-27,72.16999816894531,0.0
2012-04-30,71.80000305175781,0.0
2012-05-01,72.26000213623047,0.0
2012-05-02,72.0999984741211,0.0
2012-05-03,71.47000122070312,0.0
2012-05-04,70.27999877929688,0.0
2012-05-07,70.33000183105469,0.0
2012-05-08,70.06999969482422,0.0
2012-05-09,69.6500015258789,0.0
2012-05-10,69.83000183105469,0.0
2012-05-11,69.63999938964844,0.0
2012-05-14,68.8499984741211,0.0
2012-05-15,68.4800033569336,0.0
2012-05-16,68.16000366210938,0.0
2012-05-17,66.9800033569336,0.0
2012-05-18,66.41999816894531,0.0
2012-05-21,67.6500015258789,0.0
2012-05-22,67.66999816894531,0.0
2012-05-23,67.79000091552734,0.0
2012-05-24,67.91999816894531,0.0
2012-05-25,67.76000213623047,0.0
2012-05-29,68.58000183105469,0.0
2012-05-30,67.5,0.0
2012-05-31,67.33000183105469,0.0
2012-06-01,65.5999984741211,0.0
2012-06-04,65.54000091552734,0.0
2012-06-05,66.04000091552734,0.0
2012-06-06,67.58000183105469,0.0
2012-06-07,67.5,0.0
2012-06-08,68.08999633789062,0.0
2012-06-11,67.13999938964844,0.0
2012-06-12,67.87000274658203,0.0
2012-06-13,67.37000274658203,0.0
2012-06-14,68.06999969482422,0.0
2012-06-15,68.7699966430664,0.0
2012-06-18,68.97000122070312,0.0
2012-06-19,69.69999694824219,0.0
2012-06-20,69.56999969482422,0.0
2012-06-21,68.0,0.0
2012-06-22,68.55000305175781,0.0
2012-06-25,67.08999633789062,0.346
2012-06-26,67.41000366210938,0.0
2012-06-27,68.05999755859375,0.0
2012-06-28,67.91999816894531,0.0
2012-06-29,69.69999694824219,0.0
2012-07-02,69.88999938964844,0.0
2012-07-03,70.45999908447266,0.0
2012-07-05,70.16999816894531,0.0
2012-07-06,69.51000213623047,0.0
2012-07-09,69.33999633789062,0.0
2012-07-10,68.72000122070312,0.0
2012-07-11,68.66999816894531,0.0
2012-07-12,68.4000015258789,0.0
2012-07-13,69.47000122070312,0.0
2012-07-16,69.30000305175781,0.0
2012-07-17,69.76000213623047,0.0
2012-07-18,70.26000213623047,0.0
2012-07-19,70.37999725341797,0.0
2012-07-20,69.73999786376953,0.0
2012-07-23,68.97000122070312,0.0
2012-07-24,68.3499984741211,0.0
2012-07-25,68.36000061035156,0.0
2012-07-26,69.4000015258789,0.0
2012-07-27,70.7699966430664,0.0
2012-07-30,70.69999694824219,0.0
2012-07-31,70.30999755859375,0.0
2012-08-01,70.02999877929688,0.0
2012-08-02,69.55000305175781,0.0
2012-08-03,70.95999908447266,0.0
2012-08-06,71.13999938964844,0.0
2012-08-07,71.56999969482422,0.0
2012-08-08,71.66000366210938,0.0
2012-08-09,71.72000122070312,0.0
2012-08-10,71.86000061035156,0.0
2012-08-13,71.80000305175781,0.0
2012-08-14,71.77999877929688,0.0
2012-08-15,71.94000244140625,0.0
2012-08-16,72.48999786376953,0.0
2012-08-17,72.62999725341797,0.0
2012-08-20,72.62000274658203,0.0
2012-08-21,72.47000122070312,0.0
2012-08-22,72.37999725341797,0.0
2012-08-23,71.83999633789062,0.0
2012-08-24,72.25,0.0
2012-08-27,72.23999786376953,0.0
2012-08-28,72.2300033569336,0.0
2012-08-29,72.31999969482422,0.0
2012-08-30,71.77999877929688,0.0
2012-08-31,72.20999908447266,0.0
2012-09-04,72.16000366210938,0.0
2012-09-05,72.16000366210938,0.0
2012-09-06,73.5999984741211,0.0
2012-09-07,73.95999908447266,0.0
2012-09-10,73.5199966430664,0.0
2012-09-11,73.68000030517578,0.0
2012-09-12,73.98999786376953,0.0
2012-09-13,75.0999984741211,0.0
2012-09-14,75.5,0.0
2012-09-17,75.19000244140625,0.0
2012-09-18,75.05999755859375,0.0
2012-09-19,75.12000274658203,0.0
2012-09-20,75.0199966430664,0.0
2012-09-21,75.04000091552734,0.0
2012-09-24,74.51000213623047,0.364
2012-09-25,73.75,0.0
2012-09-26,73.26000213623047,0.0
2012-09-27,73.98999786376953,0.0
2012-09-28,73.6500015258789,0.0
2012-10-01,73.77999877929688,0.0
2012-10-02,73.88999938964844,0.0
2012-10-03,74.16000366210938,0.0
2012-10-04,74.72000122070312,0.0
2012-10-05,74.69999694824219,0.0
2012-10-08,74.41000366210938,0.0
2012-10-09,73.66000366210938,0.0
2012-10-10,73.2300033569336,0.0
2012-10-11,73.33999633789062,0.0
2012-10-12,73.0199966430664,0.0
2012-10-15,73.62000274658203,0.0
2012-10-16,74.37999725341797,0.0
2012-10-17,74.7300033569336,0.0
2012-10-18,74.58000183105469,0.0
2012-10-19,73.29000091552734,0.0
2012-10-22,73.29000091552734,0.0
2012-10-23,72.36000061035156,0.0
2012-10-24,72.16000366210938,0.0
2012-10-25,72.36000061035156,0.0
2012-10-26,72.27999877929688,0.0
2012-10-31,72.31999969482422,0.0
2012-11-01,73.2300033569336,0.0
2012-11-02,72.47000122070312,0.0
2012-11-05,72.69999694824219,0.0
2012-11-06,73.25,0.0
2012-11-07,71.61000061035156,0.0
2012-11-08,70.69999694824219,0.0
2012-11-09,70.7699966430664,0.0
2012-11-12,70.80999755859375,0.0
2012-11-13,70.54000091552734,0.0
2012-11-14,69.55000305175781,0.0
2012-11-15,69.37000274658203,0.0
2012-11-16,69.75,0.0
2012-11-19,71.19000244140625,0.0
2012-11-20,71.2699966430664,0.0
2012-11-21,71.44999694824219,0.0
2012-11-23,72.37999725341797,0.0
2012-11-26,72.29000091552734,0.0
2012-11-27,71.91000366210938,0.0
2012-11-28,72.4800033569336,0.0
2012-11-29,72.9000015258789,0.0
2012-11-30,72.87999725341797,0.0
2012-12-03,72.55999755859375,0.0
2012-12-04,72.45999908447266,0.0
2012-12-05,72.5999984741211,0.0
2012-12-06,72.83000183105469,0.0
2012-12-07,73.04000091552734,0.0
2012-12-10,73.12999725341797,0.0
2012-12-11,73.58999633789062,0.0
2012-12-12,73.62000274658203,0.0
2012-12-13,73.19999694824219,0.0
2012-12-14,72.88999938964844,0.0
2012-12-17,73.80000305175781,0.0
2012-12-18,74.66000366210938,0.0
2012-12-19,74.19999694824219,0.0
2012-12-20,74.05999755859375,0.545
2012-12-21,73.43000030517578,0.0
2012-12-24,73.18000030517578,0.0
2012-12-26,72.83000183105469,0.0
2012-12-27,72.7699966430664,0.0
2012-12-28,71.9800033569336,0.0
2012-12-31,73.27999877929688,0.0
2013-01-02,75.13999938964844,0.0
2013-01-03,75.02999877929688,0.0
2013-01-04,75.41000366210938,0.0
2013-01-07,75.20999908447266,0.0
2013-01-08,75.01000213623047,0.0
2013-01-09,75.23999786376953,0.0
2013-01-10,75.76000213623047,0.0
2013-01-11,75.7699966430664,0.0
2013-01-14,75.69000244140625,0.0
2013-01-15,75.83000183105469,0.0
2013-01-16,75.7699966430664,0.0
2013-01-17,76.29000091552734,0.0
2013-01-18,76.5,0.0
2013-01-22,76.9000015258789,0.0
2013-01-23,76.98999786376953,0.0
2013-01-24,77.08000183105469,0.0
2013-01-25,77.51000213623047,0.0
2013-01-28,77.44000244140625,0.0
2013-01-29,77.69999694824219,0.0
2013-01-30,77.38999938964844,0.0
2013-01-31,77.25,0.0
2013-02-01,78.0,0.0
2013-02-04,77.18000030517578,0.0
2013-02-05,77.91000366210938,0.0
2013-02-06,78.05000305175781,0.0
2013-02-07,77.91000366210938,0.0
2013-02-08,78.37999725341797,0.0
2013-02-11,78.33999633789062,0.0
2013-02-12,78.47000122070312,0.0
2013-02-13,78.58000183105469,0.0
2013-02-14,78.68000030517578,0.0
2013-02-15,78.58999633789062,0.0
2013-02-19,79.13999938964844,0.0
2013-02-20,78.08999633789062,0.0
2013-02-21,77.55999755859375,0.0
2013-02-22,78.30999755859375,0.0
2013-02-25,76.87000274658203,0.0
2013-02-26,77.36000061035156,0.0
2013-02-27,78.30999755859375,0.0
2013-02-28,78.23999786376953,0.0
2013-03-01,78.41999816894531,0.0
2013-03-04,78.77999877929688,0.0
2013-03-05,79.56999969482422,0.0
2013-03-06,79.69000244140625,0.0
2013-03-07,79.87999725341797,0.0
2013-03-08,80.2699966430664,0.0
2013-03-11,80.5,0.0
2013-03-12,80.36000061035156,0.0
2013-03-13,80.51000213623047,0.0
2013-03-14,80.95999908447266,0.0
2013-03-15,80.87000274658203,0.0
2013-03-18,80.43000030517578,0.0
2013-03-19,80.20999908447266,0.0
2013-03-20,80.80999755859375,0.0
2013-03-21,80.16000366210938,0.0
2013-03-22,80.29000091552734,0.364
2013-03-25,80.0199966430664,0.0
2013-03-26,80.62000274658203,0.0
2013-03-27,80.68000030517578,0.0
2013-03-28,80.95999908447266,0.0
2013-04-01,80.52999877929688,0.0
2013-04-02,80.7699966430664,0.0
2013-04-03,79.88999938964844,0.0
2013-04-04,80.23999786376953,0.0
2013-04-05,79.95999908447266,0.0
2013-04-08,80.44999694824219,0.0
2013-04-09,80.68000030517578,0.0
2013-04-10,81.72000122070312,0.0
2013-04-11,82.02999877929688,0.0
2013-04-12,81.73999786376953,0.0
2013-04-15,79.75,0.0
2013-04-16,80.93000030517578,0.0
2013-04-17,79.72000122070312,0.0
2013-04-18,79.22000122070312,0.0
2013-04-19,79.9800033569336,0.0
2013-04-22,80.31999969482422,0.0
2013-04-23,81.19000244140625,0.0
2013-04-24,81.30999755859375,0.0
2013-04-25,81.63999938964844,0.0
2013-04-26,81.48999786376953,0.0
2013-04-29,82.01000213623047,0.0
2013-04-30,82.26000213623047,0.0
2013-05-01,81.41999816894531,0.0
2013-05-02,82.2699966430664,0.0
2013-05-03,83.04000091552734,0.0
2013-05-06,83.36000061035156,0.0
2013-05-07,83.81999969482422,0.0
2013-05-08,84.20999908447266,0.0
2013-05-09,83.93000030517578,0.0
2013-05-10,84.30000305175781,0.0
2013-05-13,84.31999969482422,0.0
2013-05-14,85.19000244140625,0.0
2013-05-15,85.55999755859375,0.0
2013-05-16,85.20999908447266,0.0
2013-05-17,86.08000183105469,0.0
2013-05-20,86.06999969482422,0.0
2013-05-21,86.20999908447266,0.0
2013-05-22,85.36000061035156,0.0
2013-05-23,85.19999694824219,0.0
2013-05-24,85.08999633789062,0.0
2013-05-28,85.63999938964844,0.0
2013-05-29,85.05999755859375,0.0
2013-05-30,85.41000366210938,0.0
2013-05-31,84.2699966430664,0.0
2013-06-03,84.61000061035156,0.0
2013-06-04,84.19999694824219,0.0
2013-06-05,83.01000213623047,0.0
2013-06-06,83.79000091552734,0.0
2013-06-07,84.83000183105469,0.0
2013-06-10,84.86000061035156,0.0
2013-06-11,84.0,0.0
2013-06-12,83.29000091552734,0.0
2013-06-13,84.58000183105469,0.0
2013-06-14,84.0999984741211,0.0
2013-06-17,84.69000244140625,0.0
2013-06-18,85.33000183105469,0.0
2013-06-19,84.23999786376953,0.0
2013-06-20,82.1500015258789,0.0
2013-06-21,82.36000061035156,0.0
2013-06-24,80.91999816894531,0.386
2013-06-25,81.7300033569336,0.0
2013-06-26,82.48999786376953,0.0
2013-06-27,83.0999984741211,0.0
2013-06-28,82.66999816894531,0.0
2013-07-01,83.36000061035156,0.0
2013-07-02,83.2699966430664,0.0
2013-07-03,83.38999938964844,0.0
2013-07-05,84.27999877929688,0.0
2013-07-08,84.7300033569336,0.0
2013-07-09,85.33000183105469,0.0
2013-07-10,85.37000274658203,0.0
2013-07-11,86.61000061035156,0.0
2013-07-12,86.69000244140625,0.0
2013-07-15,87.0199966430664,0.0
2013-07-16,86.62999725341797,0.0
2013-07-17,86.91000366210938,0.0
2013-07-18,87.4000015258789,0.0
2013-07-19,87.52999877929688,0.0
2013-07-22,87.72000122070312,0.0
2013-07-23,87.55999755859375,0.0
2013-07-24,87.20999908447266,0.0
2013-07-25,87.52999877929688,0.0
2013-07-26,87.54000091552734,0.0
2013-07-29,87.23999786376953,0.0
2013-07-30,87.33000183105469,0.0
2013-07-31,87.41999816894531,0.0
2013-08-01,88.52999877929688,0.0
2013-08-02,88.56999969482422,0.0
2013-08-05,88.58000183105469,0.0
2013-08-06,88.0,0.0
2013-08-07,87.6500015258789,0.0
2013-08-08,88.01000213623047,0.0
2013-08-09,87.79000091552734,0.0
2013-08-12,87.7300033569336,0.0
2013-08-13,87.91999816894531,0.0
2013-08-14,87.45999908447266,0.0
2013-08-15,86.16000366210938,0.0
2013-08-16,85.87999725341797,0.0
2013-08-19,85.30000305175781,0.0
2013-08-20,85.86000061035156,0.0
2013-08-21,85.36000061035156,0.0
2013-08-22,86.12000274658203,0.0
2013-08-23,86.4800033569336,0.0
2013-08-26,86.26000213623047,0.0
2013-08-27,84.7300033569336,0.0
2013-08-28,85.04000091552734,0.0
2013-08-29,85.2699966430664,0.0
2013-08-30,84.7699966430664,0.0
2013-09-03,85.19999694824219,0.0
2013-09-04,85.95999908447266,0.0
2013-09-05,86.05999755859375,0.0
2013-09-06,86.12999725341797,0.0
2013-09-09,87.0999984741211,0.0
2013-09-10,87.77999877929688,0.0
2013-09-11,88.01000213623047,0.0
2013-09-12,87.73999786376953,0.0
2013-09-13,87.91999816894531,0.0
2013-09-16,88.43000030517578,0.0
2013-09-17,88.9000015258789,0.0
2013-09-18,89.94000244140625,0.0
2013-09-19,89.80000305175781,0.0
2013-09-20,89.19999694824219,0.0
2013-09-23,88.37000274658203,0.429
2013-09-24,88.2300033569336,0.0
2013-09-25,88.06999969482422,0.0
2013-09-26,88.41000366210938,0.0
2013-09-27,88.05999755859375,0.0
2013-09-30,87.6500015258789,0.0
2013-10-01,88.41000366210938,0.0
2013-10-02,88.26000213623047,0.0
2013-10-03,87.51000213623047,0.0
2013-10-04,88.1500015258789,0.0
2013-10-07,87.36000061035156,0.0
2013-10-08,86.19999694824219,0.0
2013-10-09,86.13999938964844,0.0
2013-10-10,88.08000183105469,0.0
2013-10-11,88.69999694824219,0.0
2013-10-14,89.08999633789062,0.0
2013-10-15,88.41000366210938,0.0
2013-10-16,89.6500015258789,0.0
2013-10-17,90.30999755859376,0.0
2013-10-18,90.9499969482422,0.0
2013-10-21,90.9000015258789,0.0
2013-10-22,91.41999816894533,0.0
2013-10-23,90.98999786376952,0.0
2013-10-24,91.33999633789062,0.0
2013-10-25,91.66999816894533,0.0
2013-10-28,91.73999786376952,0.0
2013-10-29,92.1999969482422,0.0
2013-10-30,91.66000366210938,0.0
2013-10-31,91.38999938964844,0.0
2013-11-01,91.51000213623048,0.0
2013-11-04,91.93000030517578,0.0
2013-11-05,91.66000366210938,0.0
2013-11-06,91.9000015258789,0.0
2013-11-07,90.68000030517578,0.0
2013-11-08,91.88999938964844,0.0
2013-11-11,91.9499969482422,0.0
2013-11-12,91.80999755859376,0.0
2013-11-13,92.58999633789062,0.0
2013-11-14,93.02999877929688,0.0
2013-11-15,93.44000244140624,0.0
2013-11-18,93.0,0.0
2013-11-19,92.7300033569336,0.0
2013-11-20,92.44000244140624,0.0
2013-11-21,93.2699966430664,0.0
2013-11-22,93.7300033569336,0.0
2013-11-25,93.62999725341795,0.0
2013-11-26,93.72000122070312,0.0
2013-11-27,93.98999786376952,0.0
2013-11-29,93.86000061035156,0.0
2013-12-02,93.66000366210938,0.0
2013-12-03,93.3000030517578,0.0
2013-12-04,93.16999816894533,0.0
2013-12-05,92.9000015258789,0.0
2013-12-06,93.86000061035156,0.0
2013-12-09,94.06999969482422,0.0
2013-12-10,93.76000213623048,0.0
2013-12-11,92.5999984741211,0.0
2013-12-12,92.43000030517578,0.0
2013-12-13,92.45999908447266,0.0
2013-12-16,93.11000061035156,0.0
2013-12-17,92.83000183105467,0.0
2013-12-18,94.33000183105467,0.0
2013-12-19,94.1999969482422,0.0
2013-12-20,94.33000183105467,0.494
2013-12-23,94.88999938964844,0.0
2013-12-24,95.1500015258789,0.0
2013-12-26,95.5999984741211,0.0
2013-12-27,95.54000091552734,0.0
2013-12-30,95.56999969482422,0.0
2013-12-31,95.91999816894533,0.0
2014-01-02,95.08000183105467,0.0
2014-01-03,95.05999755859376,0.0
2014-01-06,94.80999755859376,0.0
2014-01-07,95.41999816894533,0.0
2014-01-08,95.48999786376952,0.0
2014-01-09,95.56999969482422,0.0
2014-01-10,95.83999633789062,0.0
2014-01-13,94.62999725341795,0.0
2014-01-14,95.66999816894533,0.0
2014-01-15,96.1500015258789,0.0
2014-01-16,96.08000183105467,0.0
2014-01-17,95.70999908447266,0.0
2014-01-21,96.02999877929688,0.0
2014-01-22,96.20999908447266,0.0
2014-01-23,95.37999725341795,0.0
2014-01-24,93.31999969482422,0.0
2014-01-27,92.72000122070312,0.0
2014-01-28,93.37000274658205,0.0
2014-01-29,92.41000366210938,0.0
2014-01-30,93.48999786376952,0.0
2014-01-31,92.87999725341795,0.0
2014-02-03,90.6999969482422,0.0
2014-02-04,91.38999938964844,0.0
2014-02-05,91.25,0.0
2014-02-06,92.36000061035156,0.0
2014-02-07,93.5500030517578,0.0
2014-02-10,93.66000366210938,0.0
2014-02-11,94.7300033569336,0.0
2014-02-12,94.86000061035156,0.0
2014-02-13,95.44000244140624,0.0
2014-02-14,95.9000015258789,0.0
2014-02-18,96.18000030517578,0.0
2014-02-19,95.54000091552734,0.0
2014-02-20,96.18000030517578,0.0
2014-02-21,96.0999984741211,0.0
2014-02-24,96.6500015258789,0.0
2014-02-25,96.61000061035156,0.0
2014-02-26,96.70999908447266,0.0
2014-02-27,97.22000122070312,0.0
2014-02-28,97.4000015258789,0.0
2014-03-03,96.69000244140624,0.0
2014-03-04,98.20999908447266,0.0
2014-03-05,98.2300033569336,0.0
2014-03-06,98.41000366210938,0.0
2014-03-07,98.37999725341795,0.0
2014-03-10,98.30999755859376,0.0
2014-03-11,97.76000213623048,0.0
2014-03-12,97.83000183105467,0.0
2014-03-13,96.6999969482422,0.0
2014-03-14,96.58000183105467,0.0
2014-03-17,97.3499984741211,0.0
2014-03-18,98.18000030517578,0.0
2014-03-19,97.62000274658205,0.0
2014-03-20,98.11000061035156,0.0
2014-03-21,97.75,0.0
2014-03-24,97.18000030517578,0.0
2014-03-25,97.0999984741211,0.423
2014-03-26,96.29000091552734,0.0
2014-03-27,96.08999633789062,0.0
2014-03-28,96.5199966430664,0.0
2014-03-31,97.47000122070312,0.0
2014-04-01,98.2300033569336,0.0
2014-04-02,98.54000091552734,0.0
2014-04-03,98.2699966430664,0.0
2014-04-04,96.91999816894533,0.0
2014-04-07,95.76000213623048,0.0
2014-04-08,96.18000030517578,0.0
2014-04-09,97.33000183105467,0.0
2014-04-10,95.19000244140624,0.0
2014-04-11,94.25,0.0
2014-04-14,94.88999938964844,0.0
2014-04-15,95.54000091552734,0.0
2014-04-16,96.54000091552734,0.0
2014-04-17,96.7300033569336,0.0
2014-04-21,97.12000274658205,0.0
2014-04-22,97.62000274658205,0.0
2014-04-23,97.37000274658205,0.0
2014-04-24,97.5,0.0
2014-04-25,96.5500030517578,0.0
2014-04-28,96.69000244140624,0.0
2014-04-29,97.16999816894533,0.0
2014-04-30,97.52999877929688,0.0
2014-05-01,97.55999755859376,0.0
2014-05-02,97.4800033569336,0.0
2014-05-05,97.63999938964844,0.0
2014-05-06,96.73999786376952,0.0
2014-05-07,97.19000244140624,0.0
2014-05-08,96.93000030517578,0.0
2014-05-09,97.16999816894533,0.0
2014-05-12,98.2699966430664,0.0
2014-05-13,98.20999908447266,0.0
2014-05-14,97.66999816894533,0.0
2014-05-15,96.7699966430664,0.0
2014-05-16,97.18000030517578,0.0
2014-05-19,97.62999725341795,0.0
2014-05-20,96.9000015258789,0.0
2014-05-21,97.6500015258789,0.0
2014-05-22,97.9800033569336,0.0
2014-05-23,98.48999786376952,0.0
2014-05-27,99.13999938964844,0.0
2014-05-28,99.02999877929688,0.0
2014-05-29,99.55999755859376,0.0
2014-05-30,99.58000183105467,0.0
2014-06-02,99.6999969482422,0.0
2014-06-03,99.66000366210938,0.0
2014-06-04,99.87000274658205,0.0
2014-06-05,100.68000030517578,0.0
2014-06-06,101.1999969482422,0.0
2014-06-09,101.37000274658205,0.0
2014-06-10,101.3499984741211,0.0
2014-06-11,101.01000213623048,0.0
2014-06-12,100.29000091552734,0.0
2014-06-13,100.62000274658205,0.0
2014-06-16,100.6999969482422,0.0
2014-06-17,101.05999755859376,0.0
2014-06-18,101.80999755859376,0.0
2014-06-19,101.93000030517578,0.0
2014-06-20,102.16999816894533,0.0
2014-06-23,102.13999938964844,0.0
2014-06-24,101.01000213623048,0.42
2014-06-25,101.5199966430664,0.0
2014-06-26,101.45999908447266,0.0
2014-06-27,101.7300033569336,0.0
2014-06-30,101.7699966430664,0.0
2014-07-01,102.5,0.0
2014-07-02,102.44000244140624,0.0
2014-07-03,102.9800033569336,0.0
2014-07-07,102.44000244140624,0.0
2014-07-08,101.66000366210938,0.0
2014-07-09,102.0999984741211,0.0
2014-07-10,101.6500015258789,0.0
2014-07-11,101.73999786376952,0.0
2014-07-14,102.2300033569336,0.0
2014-07-15,101.97000122070312,0.0
2014-07-16,102.2300033569336,0.0
2014-07-17,101.0500030517578,0.0
2014-07-18,102.13999938964844,0.0
2014-07-21,101.9000015258789,0.0
2014-07-22,102.41999816894533,0.0
2014-07-23,102.66000366210938,0.0
2014-07-24,102.68000030517578,0.0
2014-07-25,102.13999938964844,0.0
2014-07-28,102.11000061035156,0.0
2014-07-29,101.73999786376952,0.0
2014-07-30,101.80999755859376,0.0
2014-07-31,99.73999786376952,0.0
2014-08-01,99.48999786376952,0.0
2014-08-04,100.16999816894533,0.0
2014-08-05,99.29000091552734,0.0
2014-08-06,99.30999755859376,0.0
2014-08-07,98.79000091552734,0.0
2014-08-08,99.93000030517578,0.0
2014-08-11,100.29000091552734,0.0
2014-08-12,100.11000061035156,0.0
2014-08-13,100.81999969482422,0.0
2014-08-14,101.26000213623048,0.0
2014-08-15,101.2699966430664,0.0
2014-08-18,102.18000030517578,0.0
2014-08-19,102.69000244140624,0.0
2014-08-20,102.93000030517578,0.0
2014-08-21,103.16000366210938,0.0
2014-08-22,103.01000213623048,0.0
2014-08-25,103.5500030517578,0.0
2014-08-26,103.73999786376952,0.0
2014-08-27,103.68000030517578,0.0
2014-08-28,103.56999969482422,0.0
2014-08-29,103.87999725341795,0.0
2014-09-02,103.95999908447266,0.0
2014-09-03,103.8499984741211,0.0
2014-09-04,103.62999725341795,0.0
2014-09-05,104.11000061035156,0.0
2014-09-08,103.9000015258789,0.0
2014-09-09,103.16999816894533,0.0
2014-09-10,103.55999755859376,0.0
2014-09-11,103.75,0.0
2014-09-12,103.08000183105467,0.0
2014-09-15,102.80999755859376,0.0
2014-09-16,103.54000091552734,0.0
2014-09-17,103.6500015258789,0.0
2014-09-18,104.18000030517578,0.0
2014-09-19,103.9800033569336,0.0
2014-09-22,103.0199966430664,0.0
2014-09-23,102.36000061035156,0.0
2014-09-24,102.69000244140624,0.465
2014-09-25,101.08000183105467,0.0
2014-09-26,101.9000015258789,0.0
2014-09-29,101.72000122070312,0.0
2014-09-30,101.23999786376952,0.0
2014-10-01,99.91000366210938,0.0
2014-10-02,99.95999908447266,0.0
2014-10-03,101.08000183105467,0.0
2014-10-06,100.87999725341795,0.0
2014-10-07,99.31999969482422,0.0
2014-10-08,100.97000122070312,0.0
2014-10-09,98.88999938964844,0.0
2014-10-10,97.66000366210938,0.0
2014-10-13,96.0999984741211,0.0
2014-10-14,96.4000015258789,0.0
2014-10-15,95.86000061035156,0.0
2014-10-16,96.06999969482422,0.0
2014-10-17,97.12000274658205,0.0
2014-10-20,98.08999633789062,0.0
2014-10-21,100.02999877929688,0.0
2014-10-22,99.25,0.0
2014-10-23,100.4499969482422,0.0
2014-10-24,101.1500015258789,0.0
2014-10-27,101.01000213623048,0.0
2014-10-28,102.31999969482422,0.0
2014-10-29,102.16999816894533,0.0
2014-10-30,102.8000030517578,0.0
2014-10-31,104.0199966430664,0.0
2014-11-03,104.08000183105467,0.0
2014-11-04,103.6999969482422,0.0
2014-11-05,104.19000244140624,0.0
2014-11-06,104.6999969482422,0.0
2014-11-07,104.77999877929688,0.0
2014-11-10,105.0999984741211,0.0
2014-11-11,105.1999969482422,0.0
2014-11-12,105.18000030517578,0.0
2014-11-13,105.16000366210938,0.0
2014-11-14,105.16999816894533,0.0
2014-11-17,105.16000366210938,0.0
2014-11-18,105.77999877929688,0.0
2014-11-19,105.51000213623048,0.0
2014-11-20,105.80999755859376,0.0
2014-11-21,106.37000274658205,0.0
2014-11-24,106.76000213623048,0.0
2014-11-25,106.73999786376952,0.0
2014-11-26,106.9800033569336,0.0
2014-11-28,106.5999984741211,0.0
2014-12-01,105.6999969482422,0.0
2014-12-02,106.36000061035156,0.0
2014-12-03,106.83999633789062,0.0
2014-12-04,106.70999908447266,0.0
2014-12-05,106.9499969482422,0.0
2014-12-08,106.19000244140624,0.0
2014-12-09,106.25,0.0
2014-12-10,104.51000213623048,0.0
2014-12-11,104.98999786376952,0.0
2014-12-12,103.33999633789062,0.0
2014-12-15,102.58999633789062,0.0
2014-12-16,101.83000183105467,0.0
2014-12-17,104.01000213623048,0.0
2014-12-18,106.47000122070312,0.0
2014-12-19,106.91000366210938,0.0
2014-12-22,106.7699966430664,0.561
2014-12-23,107.01000213623048,0.0
2014-12-24,107.04000091552734,0.0
2014-12-26,107.36000061035156,0.0
2014-12-29,107.58999633789062,0.0
2014-12-30,107.05999755859376,0.0
2014-12-31,106.0,0.0
2015-01-02,105.91999816894533,0.0
2015-01-05,104.0999984741211,0.0
2015-01-06,103.08000183105467,0.0
2015-01-07,104.30999755859376,0.0
2015-01-08,106.1500015258789,0.0
2015-01-09,105.2699966430664,0.0
2015-01-12,104.5199966430664,0.0
2015-01-13,104.27999877929688,0.0
2015-01-14,103.70999908447266,0.0
2015-01-15,102.66000366210938,0.0
2015-01-16,104.0199966430664,0.0
2015-01-20,104.16999816894533,0.0
2015-01-21,104.63999938964844,0.0
2015-01-22,106.2300033569336,0.0
2015-01-23,105.75,0.0
2015-01-26,106.19000244140624,0.0
2015-01-27,104.9499969482422,0.0
2015-01-28,103.52999877929688,0.0
2015-01-29,104.5199966430664,0.0
2015-01-30,103.0999984741211,0.0
2015-02-02,104.26000213623048,0.0
2015-02-03,105.86000061035156,0.0
2015-02-04,105.48999786376952,0.0
2015-02-05,106.6500015258789,0.0
2015-02-06,106.33000183105467,0.0
2015-02-09,105.8000030517578,0.0
2015-02-10,106.87999725341795,0.0
2015-02-11,106.93000030517578,0.0
2015-02-12,107.95999908447266,0.0
2015-02-13,108.47000122070312,0.0
2015-02-17,108.63999938964844,0.0
2015-02-18,108.6999969482422,0.0
2015-02-19,108.66999816894533,0.0
2015-02-20,109.27999877929688,0.0
2015-02-23,109.2699966430664,0.0
2015-02-24,109.5199966430664,0.0
2015-02-25,109.4800033569336,0.0
2015-02-26,109.41000366210938,0.0
2015-02-27,109.0199966430664,0.0
2015-03-02,109.69000244140624,0.0
2015-03-03,109.23999786376952,0.0
2015-03-04,108.8000030517578,0.0
2015-03-05,108.97000122070312,0.0
2015-03-06,107.45999908447266,0.0
2015-03-09,107.86000061035156,0.0
2015-03-10,106.22000122070312,0.0
2015-03-11,106.13999938964844,0.0
2015-03-12,107.47000122070312,0.0
2015-03-13,106.87000274658205,0.0
2015-03-16,108.20999908447266,0.0
2015-03-17,108.0,0.0
2015-03-18,109.23999786376952,0.0
2015-03-19,108.8499984741211,0.0
2015-03-20,109.76000213623048,0.0
2015-03-23,109.56999969482422,0.0
2015-03-24,108.98999786376952,0.0
2015-03-25,106.79000091552734,0.508
2015-03-26,106.58000183105467,0.0
2015-03-27,106.87000274658205,0.0
2015-03-30,108.2300033569336,0.0
2015-03-31,107.25,0.0
2015-04-01,107.0500030517578,0.0
2015-04-02,107.38999938964844,0.0
2015-04-06,108.12999725341795,0.0
2015-04-07,107.7699966430664,0.0
2015-04-08,108.2300033569336,0.0
2015-04-09,108.61000061035156,0.0
2015-04-10,109.12000274658205,0.0
2015-04-13,108.69000244140624,0.0
2015-04-14,108.8499984741211,0.0
2015-04-15,109.4000015258789,0.0
2015-04-16,109.3499984741211,0.0
2015-04-17,108.08000183105467,0.0
2015-04-20,108.95999908447266,0.0
2015-04-21,108.93000030517578,0.0
2015-04-22,109.38999938964844,0.0
2015-04-23,109.7300033569336,0.0
2015-04-24,109.8499984741211,0.0
2015-04-27,109.27999877929688,0.0
2015-04-28,109.56999969482422,0.0
2015-04-29,109.08999633789062,0.0
2015-04-30,107.91000366210938,0.0
2015-05-01,108.9000015258789,0.0
2015-05-04,109.27999877929688,0.0
2015-05-05,107.9800033569336,0.0
2015-05-06,107.68000030517578,0.0
2015-05-07,108.08999633789062,0.0
2015-05-08,109.4499969482422,0.0
2015-05-11,108.98999786376952,0.0
2015-05-12,108.66999816894533,0.0
2015-05-13,108.7300033569336,0.0
2015-05-14,109.80999755859376,0.0
2015-05-15,109.94000244140624,0.0
2015-05-18,110.3499984741211,0.0
2015-05-19,110.3000030517578,0.0
2015-05-20,110.2300033569336,0.0
2015-05-21,110.51000213623048,0.0
2015-05-22,110.3000030517578,0.0
2015-05-26,109.1500015258789,0.0
2015-05-27,110.1500015258789,0.0
2015-05-28,110.0500030517578,0.0
2015-05-29,109.30999755859376,0.0
2015-06-01,109.58000183105467,0.0
2015-06-02,109.5,0.0
2015-06-03,109.87999725341795,0.0
2015-06-04,109.0,0.0
2015-06-05,108.91000366210938,0.0
2015-06-08,108.23999786376952,0.0
2015-06-09,108.1500015258789,0.0
2015-06-10,109.47000122070312,0.0
2015-06-11,109.77999877929688,0.0
2015-06-12,109.05999755859376,0.0
2015-06-15,108.55999755859376,0.0
2015-06-16,109.16000366210938,0.0
2015-06-17,109.33999633789062,0.0
2015-06-18,110.41999816894533,0.0
2015-06-19,109.94000244140624,0.0
2015-06-22,110.61000061035156,0.0
2015-06-23,110.72000122070312,0.0
2015-06-24,109.87999725341795,0.0
2015-06-25,109.54000091552734,0.0
2015-06-26,109.01000213623048,0.468
2015-06-29,106.7300033569336,0.0
2015-06-30,107.0199966430664,0.0
2015-07-01,107.72000122070312,0.0
2015-07-02,107.58000183105467,0.0
2015-07-06,107.3000030517578,0.0
2015-07-07,107.88999938964844,0.0
2015-07-08,106.08999633789062,0.0
2015-07-09,106.30999755859376,0.0
2015-07-10,107.5999984741211,0.0
2015-07-13,108.81999969482422,0.0
2015-07-14,109.30999755859376,0.0
2015-07-15,109.16999816894533,0.0
2015-07-16,109.93000030517578,0.0
2015-07-17,109.95999908447266,0.0
2015-07-20,109.97000122070312,0.0
2015-07-21,109.48999786376952,0.0
2015-07-22,109.33000183105467,0.0
2015-07-23,108.6999969482422,0.0
2015-07-24,107.55999755859376,0.0
2015-07-27,106.8499984741211,0.0
2015-07-28,108.12000274658205,0.0
2015-07-29,108.86000061035156,0.0
2015-07-30,108.9499969482422,0.0
2015-07-31,108.83999633789062,0.0
2015-08-03,108.4499969482422,0.0
2015-08-04,108.2699966430664,0.0
2015-08-05,108.62999725341795,0.0
2015-08-06,107.73999786376952,0.0
2015-08-07,107.43000030517578,0.0
2015-08-10,108.7699966430664,0.0
2015-08-11,107.79000091552734,0.0
2015-08-12,107.9000015258789,0.0
2015-08-13,107.75,0.0
2015-08-14,108.16000366210938,0.0
2015-08-17,108.8499984741211,0.0
2015-08-18,108.56999969482422,0.0
2015-08-19,107.5999984741211,0.0
2015-08-20,105.26000213623048,0.0
2015-08-21,102.2300033569336,0.0
2015-08-24,98.12000274658205,0.0
2015-08-25,96.9499969482422,0.0
2015-08-26,100.47000122070312,0.0
2015-08-27,102.9000015258789,0.0
2015-08-28,102.9800033569336,0.0
2015-08-31,102.20999908447266,0.0
2015-09-01,99.20999908447266,0.0
2015-09-02,101.08000183105467,0.0
2015-09-03,101.1999969482422,0.0
2015-09-04,99.76000213623048,0.0
2015-09-08,102.27999877929688,0.0
2015-09-09,100.87999725341795,0.0
2015-09-10,101.4000015258789,0.0
2015-09-11,101.86000061035156,0.0
2015-09-14,101.47000122070312,0.0
2015-09-15,102.75,0.0
2015-09-16,103.62000274658205,0.0
2015-09-17,103.4800033569336,0.0
2015-09-18,101.83999633789062,0.0
2015-09-21,102.25,0.0
2015-09-22,100.87999725341795,0.0
2015-09-23,100.68000030517578,0.0
2015-09-24,100.31999969482422,0.0
2015-09-25,99.61000061035156,0.508
2015-09-28,96.94000244140624,0.0
2015-09-29,96.91999816894533,0.0
2015-09-30,98.72000122070312,0.0
2015-10-01,98.91999816894533,0.0
2015-10-02,100.36000061035156,0.0
2015-10-05,102.20999908447266,0.0
2015-10-06,101.87999725341795,0.0
2015-10-07,102.8000030517578,0.0
2015-10-08,103.69000244140624,0.0
2015-10-09,103.83000183105467,0.0
2015-10-12,103.8499984741211,0.0
2015-10-13,103.08999633789062,0.0
2015-10-14,102.55999755859376,0.0
2015-10-15,104.11000061035156,0.0
2015-10-16,104.51000213623048,0.0
2015-10-19,104.62999725341795,0.0
2015-10-20,104.51000213623048,0.0
2015-10-21,103.69000244140624,0.0
2015-10-22,105.20999908447266,0.0
2015-10-23,106.30999755859376,0.0
2015-10-26,106.05999755859376,0.0
2015-10-27,105.70999908447266,0.0
2015-10-28,107.0999984741211,0.0
2015-10-29,106.94000244140624,0.0
2015-10-30,106.52999877929688,0.0
2015-11-02,107.93000030517578,0.0
2015-11-03,108.1999969482422,0.0
2015-11-04,107.94000244140624,0.0
2015-11-05,107.81999969482422,0.0
2015-11-06,107.83999633789062,0.0
2015-11-09,106.76000213623048,0.0
2015-11-10,107.0,0.0
2015-11-11,106.54000091552734,0.0
2015-11-12,104.9499969482422,0.0
2015-11-13,103.83999633789062,0.0
2015-11-16,105.3499984741211,0.0
2015-11-17,105.22000122070312,0.0
2015-11-18,106.9000015258789,0.0
2015-11-19,106.76000213623048,0.0
2015-11-20,107.22000122070312,0.0
2015-11-23,107.11000061035156,0.0
2015-11-24,107.38999938964844,0.0
2015-11-25,107.47000122070312,0.0
2015-11-27,107.62999725341795,0.0
2015-11-30,107.16999816894533,0.0
2015-12-01,108.18000030517578,0.0
2015-12-02,107.0500030517578,0.0
2015-12-03,105.4499969482422,0.0
2015-12-04,107.38999938964844,0.0
2015-12-07,106.5500030517578,0.0
2015-12-08,105.91000366210938,0.0
2015-12-09,105.0,0.0
2015-12-10,105.30999755859376,0.0
2015-12-11,103.23999786376952,0.0
2015-12-14,103.61000061035156,0.0
2015-12-15,104.72000122070312,0.0
2015-12-16,106.23999786376952,0.0
2015-12-17,104.68000030517578,0.0
2015-12-18,102.9000015258789,0.0
2015-12-21,103.12999725341795,0.583
2015-12-22,104.05999755859376,0.0
2015-12-23,105.36000061035156,0.0
2015-12-24,105.2300033569336,0.0
2015-12-28,105.0,0.0
2015-12-29,106.12000274658205,0.0
2015-12-30,105.31999969482422,0.0
2015-12-31,104.3000030517578,0.0
2016-01-04,102.73999786376952,0.0
2016-01-05,102.97000122070312,0.0
2016-01-06,101.58999633789062,0.0
2016-01-07,99.0999984741211,0.0
2016-01-08,97.97000122070312,0.0
2016-01-11,97.91000366210938,0.0
2016-01-12,98.58000183105467,0.0
2016-01-13,96.04000091552734,0.0
2016-01-14,97.51000213623048,0.0
2016-01-15,95.45999908447266,0.0
2016-01-19,95.36000061035156,0.0
2016-01-20,94.41999816894533,0.0
2016-01-21,94.79000091552734,0.0
2016-01-22,96.80999755859376,0.0
2016-01-25,95.22000122070312,0.0
2016-01-26,96.66999816894533,0.0
2016-01-27,95.56999969482422,0.0
2016-01-28,95.9499969482422,0.0
2016-01-29,98.33000183105467,0.0
2016-02-01,98.3499984741211,0.0
2016-02-02,96.4499969482422,0.0
2016-02-03,97.02999877929688,0.0
2016-02-04,97.26000213623048,0.0
2016-02-05,95.26000213623048,0.0
2016-02-08,93.77999877929688,0.0
2016-02-09,93.66000366210938,0.0
2016-02-10,93.72000122070312,0.0
2016-02-11,92.55999755859376,0.0
2016-02-12,94.36000061035156,0.0
2016-02-16,96.08000183105467,0.0
2016-02-17,97.66999816894533,0.0
2016-02-18,97.27999877929688,0.0
2016-02-19,97.3000030517578,0.0
2016-02-22,98.72000122070312,0.0
2016-02-23,97.52999877929688,0.0
2016-02-24,98.02999877929688,0.0
2016-02-25,99.19000244140624,0.0
2016-02-26,99.11000061035156,0.0
2016-02-29,98.31999969482422,0.0
2016-03-01,100.66000366210938,0.0
2016-03-02,101.22000122070312,0.0
2016-03-03,101.72000122070312,0.0
2016-03-04,102.06999969482422,0.0
2016-03-07,102.27999877929688,0.0
2016-03-08,101.01000213623048,0.0
2016-03-09,101.5,0.0
2016-03-10,101.47000122070312,0.0
2016-03-11,103.19000244140624,0.0
2016-03-14,103.06999969482422,0.0
2016-03-15,102.23999786376952,0.48
2016-03-16,102.87999725341795,0.0
2016-03-17,103.66999816894533,0.0
2016-03-18,104.12999725341795,0.0
2016-03-21,104.2300033569336,0.0
2016-03-22,104.1999969482422,0.0
2016-03-23,103.3499984741211,0.0
2016-03-24,103.31999969482422,0.0
2016-03-28,103.38999938964844,0.0
2016-03-29,104.54000091552734,0.0
2016-03-30,104.94000244140624,0.0
2016-03-31,104.81999969482422,0.0
2016-04-01,105.4800033569336,0.0
2016-04-04,105.04000091552734,0.0
2016-04-05,104.0199966430664,0.0
2016-04-06,105.16000366210938,0.0
2016-04-07,103.9000015258789,0.0
2016-04-08,104.1999969482422,0.0
2016-04-11,103.91000366210938,0.0
2016-04-12,104.91999816894533,0.0
2016-04-13,106.1500015258789,0.0
2016-04-14,106.11000061035156,0.0
2016-04-15,106.05999755859376,0.0
2016-04-18,106.7699966430664,0.0
2016-04-19,107.06999969482422,0.0
2016-04-20,107.18000030517578,0.0
2016-04-21,106.6500015258789,0.0
2016-04-22,106.8000030517578,0.0
2016-04-25,106.54000091552734,0.0
2016-04-26,106.83000183105467,0.0
2016-04-27,107.08999633789062,0.0
2016-04-28,106.12999725341795,0.0
2016-04-29,105.51000213623048,0.0
2016-05-02,106.33000183105467,0.0
2016-05-03,105.26000213623048,0.0
2016-05-04,104.63999938964844,0.0
2016-05-05,104.5999984741211,0.0
2016-05-06,104.9800033569336,0.0
2016-05-09,105.08999633789062,0.0
2016-05-10,106.33999633789062,0.0
2016-05-11,105.37000274658205,0.0
2016-05-12,105.33000183105467,0.0
2016-05-13,104.41999816894533,0.0
2016-05-16,105.45999908447266,0.0
2016-05-17,104.51000213623048,0.0
2016-05-18,104.5,0.0
2016-05-19,104.08999633789062,0.0
2016-05-20,104.88999938964844,0.0
2016-05-23,104.76000213623048,0.0
2016-05-24,106.16000366210938,0.0
2016-05-25,106.93000030517578,0.0
2016-05-26,106.91000366210938,0.0
2016-05-27,107.38999938964844,0.0
2016-05-31,107.33999633789062,0.0
2016-06-01,107.62999725341795,0.0
2016-06-02,107.98999786376952,0.0
2016-06-03,107.69000244140624,0.0
2016-06-06,108.25,0.0
2016-06-07,108.45999908447266,0.0
2016-06-08,108.83999633789062,0.0
2016-06-09,108.62000274658205,0.0
2016-06-10,107.5,0.0
2016-06-13,106.61000061035156,0.0
2016-06-14,105.9499969482422,0.469
2016-06-15,105.83999633789062,0.0
2016-06-16,106.1500015258789,0.0
2016-06-17,105.8000030517578,0.0
2016-06-20,106.5199966430664,0.0
2016-06-21,106.75,0.0
2016-06-22,106.51000213623048,0.0
2016-06-23,107.9800033569336,0.0
2016-06-24,104.0500030517578,0.0
2016-06-27,101.9800033569336,0.0
2016-06-28,103.8499984741211,0.0
2016-06-29,105.70999908447266,0.0
2016-06-30,107.16000366210938,0.0
2016-07-01,107.37000274658205,0.0
2016-07-05,106.56999969482422,0.0
2016-07-06,107.22000122070312,0.0
2016-07-07,107.16999816894533,0.0
2016-07-08,108.83999633789062,0.0
2016-07-11,109.29000091552734,0.0
2016-07-12,110.1999969482422,0.0
2016-07-13,110.13999938964844,0.0
2016-07-14,110.66999816894533,0.0
2016-07-15,110.5500030517578,0.0
2016-07-18,110.86000061035156,0.0
2016-07-19,110.63999938964844,0.0
2016-07-20,111.2300033569336,0.0
2016-07-21,110.79000091552734,0.0
2016-07-22,111.31999969482422,0.0
2016-07-25,111.02999877929688,0.0
2016-07-26,111.1500015258789,0.0
2016-07-27,111.0199966430664,0.0
2016-07-28,111.16000366210938,0.0
2016-07-29,111.41999816894533,0.0
2016-08-01,111.2699966430664,0.0
2016-08-02,110.43000030517578,0.0
2016-08-03,110.83999633789062,0.0
2016-08-04,110.97000122070312,0.0
2016-08-05,111.88999938964844,0.0
2016-08-08,111.81999969482422,0.0
2016-08-09,111.91999816894533,0.0
2016-08-10,111.58999633789062,0.0
2016-08-11,112.1500015258789,0.0
2016-08-12,112.04000091552734,0.0
2016-08-15,112.4499969482422,0.0
2016-08-16,111.80999755859376,0.0
2016-08-17,111.9499969482422,0.0
2016-08-18,112.3000030517578,0.0
2016-08-19,112.13999938964844,0.0
2016-08-22,112.16999816894533,0.0
2016-08-23,112.47000122070312,0.0
2016-08-24,111.83999633789062,0.0
2016-08-25,111.7699966430664,0.0
2016-08-26,111.54000091552734,0.0
2016-08-29,112.1500015258789,0.0
2016-08-30,111.97000122070312,0.0
2016-08-31,111.6500015258789,0.0
2016-09-01,111.70999908447266,0.0
2016-09-02,112.27999877929688,0.0
2016-09-06,112.5999984741211,0.0
2016-09-07,112.75,0.0
2016-09-08,112.45999908447266,0.0
2016-09-09,109.66000366210938,0.0
2016-09-12,111.19000244140624,0.0
2016-09-13,108.91999816894533,0.539
2016-09-14,108.93000030517578,0.0
2016-09-15,110.0500030517578,0.0
2016-09-16,109.61000061035156,0.0
2016-09-19,109.7699966430664,0.0
2016-09-20,109.72000122070312,0.0
2016-09-21,110.9800033569336,0.0
2016-09-22,111.79000091552734,0.0
2016-09-23,111.1500015258789,0.0
2016-09-26,110.2699966430664,0.0
2016-09-27,110.9000015258789,0.0
2016-09-28,111.5500030517578,0.0
2016-09-29,110.45999908447266,0.0
2016-09-30,111.33000183105467,0.0
2016-10-03,110.98999786376952,0.0
2016-10-04,110.48999786376952,0.0
2016-10-05,110.91999816894533,0.0
2016-10-06,110.95999908447266,0.0
2016-10-07,110.54000091552734,0.0
2016-10-10,111.13999938964844,0.0
2016-10-11,109.66000366210938,0.0
2016-10-12,109.79000091552734,0.0
2016-10-13,109.4000015258789,0.0
2016-10-14,109.37000274658205,0.0
2016-10-17,109.05999755859376,0.0
2016-10-18,109.6999969482422,0.0
2016-10-19,110.0500030517578,0.0
2016-10-20,109.83999633789062,0.0
2016-10-21,109.8000030517578,0.0
2016-10-24,110.3499984741211,0.0
2016-10-25,109.87999725341795,0.0
2016-10-26,109.5500030517578,0.0
2016-10-27,109.18000030517578,0.0
2016-10-28,108.81999969482422,0.0
2016-10-31,108.88999938964844,0.0
2016-11-01,108.08000183105467,0.0
2016-11-02,107.33000183105467,0.0
2016-11-03,106.86000061035156,0.0
2016-11-04,106.79000091552734,0.0
2016-11-07,109.1500015258789,0.0
2016-11-08,109.62000274658205,0.0
2016-11-09,110.9800033569336,0.0
2016-11-10,111.37000274658205,0.0
2016-11-11,111.41000366210938,0.0
2016-11-14,111.6999969482422,0.0
2016-11-15,112.56999969482422,0.0
2016-11-16,112.41000366210938,0.0
2016-11-17,112.9800033569336,0.0
2016-11-18,112.7699966430664,0.0
2016-11-21,113.62000274658205,0.0
2016-11-22,113.9499969482422,0.0
2016-11-23,114.11000061035156,0.0
2016-11-25,114.5500030517578,0.0
2016-11-28,113.88999938964844,0.0
2016-11-29,114.0500030517578,0.0
2016-11-30,113.77999877929688,0.0
2016-12-01,113.30999755859376,0.0
2016-12-02,113.30999755859376,0.0
2016-12-05,114.0999984741211,0.0
2016-12-06,114.68000030517578,0.0
2016-12-07,116.0999984741211,0.0
2016-12-08,116.5199966430664,0.0
2016-12-09,117.1500015258789,0.0
2016-12-12,116.8499984741211,0.0
2016-12-13,117.52999877929688,0.0
2016-12-14,116.47000122070312,0.0
2016-12-15,116.9499969482422,0.0
2016-12-16,116.7699966430664,0.0
2016-12-19,117.0999984741211,0.0
2016-12-20,116.87000274658205,0.727
2016-12-21,116.54000091552734,0.0
2016-12-22,116.23999786376952,0.0
2016-12-23,116.41999816894533,0.0
2016-12-27,116.70999908447266,0.0
2016-12-28,115.73999786376952,0.0
2016-12-29,115.75,0.0
2016-12-30,115.31999969482422,0.0
2017-01-03,116.1999969482422,0.0
2017-01-04,117.08999633789062,0.0
2017-01-05,116.86000061035156,0.0
2017-01-06,117.2300033569336,0.0
2017-01-09,116.77999877929688,0.0
2017-01-10,116.87000274658205,0.0
2017-01-11,117.23999786376952,0.0
2017-01-12,116.93000030517578,0.0
2017-01-13,117.22000122070312,0.0
2017-01-17,116.6999969482422,0.0
2017-01-18,116.97000122070312,0.0
2017-01-19,116.51000213623048,0.0
2017-01-20,116.91000366210938,0.0
2017-01-23,116.5999984741211,0.0
2017-01-24,117.51000213623048,0.0
2017-01-25,118.5199966430664,0.0
2017-01-26,118.3499984741211,0.0
2017-01-27,118.16000366210938,0.0
2017-01-30,117.36000061035156,0.0
2017-01-31,117.45999908447266,0.0
2017-02-01,117.4499969482422,0.0
2017-02-02,117.52999877929688,0.0
2017-02-03,118.41999816894533,0.0
2017-02-06,118.13999938964844,0.0
2017-02-07,118.12999725341795,0.0
2017-02-08,118.26000213623048,0.0
2017-02-09,119.04000091552734,0.0
2017-02-10,119.54000091552734,0.0
2017-02-13,120.13999938964844,0.0
2017-02-14,120.58000183105467,0.0
2017-02-15,121.23999786376952,0.0
2017-02-16,121.12999725341795,0.0
2017-02-17,121.30999755859376,0.0
2017-02-21,122.02999877929688,0.0
2017-02-22,121.87000274658205,0.0
2017-02-23,121.77999877929688,0.0
2017-02-24,121.9800033569336,0.0
2017-02-27,122.25,0.0
2017-02-28,121.8000030517578,0.0
2017-03-01,123.44000244140624,0.0
2017-03-02,122.6500015258789,0.0
2017-03-03,122.75,0.0
2017-03-06,122.2699966430664,0.0
2017-03-07,121.87999725341795,0.0
2017-03-08,121.54000091552734,0.0
2017-03-09,121.5999984741211,0.0
2017-03-10,122.04000091552734,0.0
2017-03-13,122.12999725341795,0.0
2017-03-14,121.69000244140624,0.0
2017-03-15,122.79000091552734,0.0
2017-03-16,122.63999938964844,0.0
2017-03-17,122.56999969482422,0.0
2017-03-20,122.27999877929688,0.0
2017-03-21,120.56999969482422,0.0
2017-03-22,120.7300033569336,0.0
2017-03-23,120.69000244140624,0.0
2017-03-24,120.16000366210938,0.542
2017-03-27,120.0199966430664,0.0
2017-03-28,120.86000061035156,0.0
2017-03-29,121.08000183105467,0.0
2017-03-30,121.52999877929688,0.0
2017-03-31,121.31999969482422,0.0
2017-04-03,121.0199966430664,0.0
2017-04-04,121.08000183105467,0.0
2017-04-05,120.58999633789062,0.0
2017-04-06,120.97000122070312,0.0
2017-04-07,120.87999725341795,0.0
2017-04-10,121.02999877929688,0.0
2017-04-11,120.98999786376952,0.0
2017-04-12,120.37000274658205,0.0
2017-04-13,119.5500030517578,0.0
2017-04-17,120.58999633789062,0.0
2017-04-18,120.33000183105467,0.0
2017-04-19,120.2300033569336,0.0
2017-04-20,121.22000122070312,0.0
2017-04-21,120.83000183105467,0.0
2017-04-24,122.11000061035156,0.0
2017-04-25,122.87000274658205,0.0
2017-04-26,122.9000015258789,0.0
2017-04-27,123.0199966430664,0.0
2017-04-28,122.61000061035156,0.0
2017-05-01,122.93000030517578,0.0
2017-05-02,122.93000030517578,0.0
2017-05-03,122.62999725341795,0.0
2017-05-04,122.72000122070312,0.0
2017-05-05,123.33000183105467,0.0
2017-05-08,123.13999938964844,0.0
2017-05-09,123.0999984741211,0.0
2017-05-10,123.37000274658205,0.0
2017-05-11,123.01000213623048,0.0
2017-05-12,122.7699966430664,0.0
2017-05-15,123.43000030517578,0.0
2017-05-16,123.36000061035156,0.0
2017-05-17,121.13999938964844,0.0
2017-05-18,121.5,0.0
2017-05-19,122.37000274658205,0.0
2017-05-22,123.0199966430664,0.0
2017-05-23,123.2300033569336,0.0
2017-05-24,123.58999633789062,0.0
2017-05-25,124.11000061035156,0.0
2017-05-26,124.08999633789062,0.0
2017-05-30,123.88999938964844,0.0
2017-05-31,123.8499984741211,0.0
2017-06-01,125.0,0.0
2017-06-02,125.41000366210938,0.0
2017-06-05,125.25,0.0
2017-06-06,124.93000030517578,0.0
2017-06-07,125.06999969482422,0.0
2017-06-08,125.29000091552734,0.0
2017-06-09,125.19000244140624,0.0
2017-06-12,125.16999816894533,0.0
2017-06-13,125.79000091552734,0.0
2017-06-14,125.61000061035156,0.0
2017-06-15,125.33000183105467,0.0
2017-06-16,125.25,0.0
2017-06-19,126.2699966430664,0.0
2017-06-20,125.41000366210938,0.0
2017-06-21,124.69000244140624,0.575
2017-06-22,124.73999786376952,0.0
2017-06-23,125.0500030517578,0.0
2017-06-26,125.13999938964844,0.0
2017-06-27,124.11000061035156,0.0
2017-06-28,125.27999877929688,0.0
2017-06-29,124.27999877929688,0.0
2017-06-30,124.4499969482422,0.0
2017-07-03,124.75,0.0
2017-07-05,124.88999938964844,0.0
2017-07-06,123.66000366210938,0.0
2017-07-07,124.5199966430664,0.0
2017-07-10,124.61000061035156,0.0
2017-07-11,124.58000183105467,0.0
2017-07-12,125.47000122070312,0.0
2017-07-13,125.66999816894533,0.0
2017-07-14,126.2300033569336,0.0
2017-07-17,126.2300033569336,0.0
2017-07-18,126.30999755859376,0.0
2017-07-19,127.04000091552734,0.0
2017-07-20,127.12000274658205,0.0
2017-07-21,126.9499969482422,0.0
2017-07-24,126.95999908447266,0.0
2017-07-25,127.37999725341795,0.0
2017-07-26,127.29000091552734,0.0
2017-07-27,127.06999969482422,0.0
2017-07-28,126.86000061035156,0.0
2017-07-31,126.79000091552734,0.0
2017-08-01,127.0500030517578,0.0
2017-08-02,126.93000030517578,0.0
2017-08-03,126.63999938964844,0.0
2017-08-04,126.91000366210938,0.0
2017-08-07,127.16000366210938,0.0
2017-08-08,126.80999755859376,0.0
2017-08-09,126.66999816894533,0.0
2017-08-10,124.80999755859376,0.0
2017-08-11,125.04000091552734,0.0
2017-08-14,126.31999969482422,0.0
2017-08-15,126.1999969482422,0.0
2017-08-16,126.43000030517578,0.0
2017-08-17,124.41999816894533,0.0
2017-08-18,124.20999908447266,0.0
2017-08-21,124.38999938964844,0.0
2017-08-22,125.63999938964844,0.0
2017-08-23,125.26000213623048,0.0
2017-08-24,125.05999755859376,0.0
2017-08-25,125.36000061035156,0.0
2017-08-28,125.41000366210938,0.0
2017-08-29,125.45999908447266,0.0
2017-08-30,126.12000274658205,0.0
2017-08-31,126.9800033569336,0.0
2017-09-01,127.2699966430664,0.0
2017-09-05,126.29000091552734,0.0
2017-09-06,126.63999938964844,0.0
2017-09-07,126.58000183105467,0.0
2017-09-08,126.48999786376952,0.0
2017-09-11,127.8499984741211,0.0
2017-09-12,128.33999633789062,0.0
2017-09-13,128.39999389648438,0.0
2017-09-14,128.36000061035156,0.0
2017-09-15,128.60000610351562,0.0
2017-09-18,128.91000366210938,0.0
2017-09-19,128.97000122070312,0.0
2017-09-20,129.17999267578125,0.0
2017-09-21,128.82000732421875,0.0
2017-09-22,128.3699951171875,0.553
2017-09-25,128.16000366210938,0.0
2017-09-26,128.19000244140625,0.0
2017-09-27,128.88999938964844,0.0
2017-09-28,129.10000610351562,0.0
2017-09-29,129.52000427246094,0.0
2017-10-02,130.1999969482422,0.0
2017-10-03,130.4600067138672,0.0
2017-10-04,130.58999633789062,0.0
2017-10-05,131.27999877929688,0.0
2017-10-06,131.19000244140625,0.0
2017-10-09,130.92999267578125,0.0
2017-10-10,131.24000549316406,0.0
2017-10-11,131.4199981689453,0.0
2017-10-12,131.25999450683594,0.0
2017-10-13,131.36000061035156,0.0
2017-10-16,131.4499969482422,0.0
2017-10-17,131.50999450683594,0.0
2017-10-18,131.67999267578125,0.0
2017-10-19,131.7100067138672,0.0
2017-10-20,132.4199981689453,0.0
2017-10-23,131.86000061035156,0.0
2017-10-24,132.08999633789062,0.0
2017-10-25,131.39999389648438,0.0
2017-10-26,131.57000732421875,0.0
2017-10-27,132.63999938964844,0.0
2017-10-30,132.05999755859375,0.0
2017-10-31,132.3300018310547,0.0
2017-11-01,132.44000244140625,0.0
2017-11-02,132.47000122070312,0.0
2017-11-03,132.82000732421875,0.0
2017-11-06,133.07000732421875,0.0
2017-11-07,132.83999633789062,0.0
2017-11-08,133.05999755859375,0.0
2017-11-09,132.52000427246094,0.0
2017-11-10,132.5399932861328,0.0
2017-11-13,132.61000061035156,0.0
2017-11-14,132.3699951171875,0.0
2017-11-15,131.69000244140625,0.0
2017-11-16,132.88999938964844,0.0
2017-11-17,132.63999938964844,0.0
2017-11-20,132.97999572753906,0.0
2017-11-21,133.89999389648438,0.0
2017-11-22,133.8000030517578,0.0
2017-11-24,134.11000061035156,0.0
2017-11-27,133.97000122070312,0.0
2017-11-28,135.3000030517578,0.0
2017-11-29,135.3000030517578,0.0
2017-11-30,136.33999633789062,0.0
2017-12-01,136.07000732421875,0.0
2017-12-04,135.88999938964844,0.0
2017-12-05,135.30999755859375,0.0
2017-12-06,135.22999572753906,0.0
2017-12-07,135.77000427246094,0.0
2017-12-08,136.47999572753906,0.0
2017-12-11,136.8000030517578,0.0
2017-12-12,136.9499969482422,0.0
2017-12-13,136.97000122070312,0.0
2017-12-14,136.3300018310547,0.0
2017-12-15,137.5500030517578,0.0
2017-12-18,138.5,0.0
2017-12-19,137.94000244140625,0.0
2017-12-20,137.92999267578125,0.0
2017-12-21,137.57000732421875,0.673
2017-12-22,137.52000427246094,0.0
2017-12-26,137.41000366210938,0.0
2017-12-27,137.4600067138672,0.0
2017-12-28,137.75999450683594,0.0
2017-12-29,137.25,0.0
2018-01-02,138.22000122070312,0.0
2018-01-03,139.02000427246094,0.0
2018-01-04,139.5500030517578,0.0
2018-01-05,140.3699951171875,0.0
2018-01-08,140.69000244140625,0.0
2018-01-09,140.9499969482422,0.0
2018-01-10,140.72999572753906,0.0
2018-01-11,141.9199981689453,0.0
2018-01-12,142.75,0.0
2018-01-16,142.1199951171875,0.0
2018-01-17,143.42999267578125,0.0
2018-01-18,143.17999267578125,0.0
2018-01-19,143.9199981689453,0.0
2018-01-22,145.05999755859375,0.0
2018-01-23,145.4199981689453,0.0
2018-01-24,145.27999877929688,0.0
2018-01-25,145.33999633789062,0.0
2018-01-26,146.86000061035156,0.0
2018-01-29,145.89999389648438,0.0
2018-01-30,144.3800048828125,0.0
2018-01-31,144.42999267578125,0.0
2018-02-01,144.3699951171875,0.0
2018-02-02,141.3000030517578,0.0
2018-02-05,135.74000549316406,0.0
2018-02-06,137.9600067138672,0.0
2018-02-07,137.35000610351562,0.0
2018-02-08,132.41000366210938,0.0
2018-02-09,134.22999572753906,0.0
2018-02-12,136.02000427246094,0.0
2018-02-13,136.4499969482422,0.0
2018-02-14,138.36000061035156,0.0
2018-02-15,140.0500030517578,0.0
2018-02-16,140.11000061035156,0.0
2018-02-20,139.27000427246094,0.0
2018-02-21,138.6199951171875,0.0
2018-02-22,138.7100067138672,0.0
2018-02-23,140.86000061035156,0.0
2018-02-26,142.33999633789062,0.0
2018-02-27,140.5500030517578,0.0
2018-02-28,139.0,0.0
2018-03-01,137.35000610351562,0.0
2018-03-02,138.24000549316406,0.0
2018-03-05,139.8000030517578,0.0
2018-03-06,140.30999755859375,0.0
2018-03-07,140.42999267578125,0.0
2018-03-08,140.9600067138672,0.0
2018-03-09,143.3000030517578,0.0
2018-03-12,143.22000122070312,0.0
2018-03-13,142.3300018310547,0.0
2018-03-14,141.61000061035156,0.0
2018-03-15,141.4199981689453,0.0
2018-03-16,141.66000366210938,0.0
2018-03-19,139.83999633789062,0.0
2018-03-20,140.0500030517578,0.0
2018-03-21,139.92999267578125,0.0
2018-03-22,135.9499969482422,0.566
2018-03-23,133.10000610351562,0.0
2018-03-26,136.61000061035156,0.0
2018-03-27,134.19000244140625,0.0
2018-03-28,133.8800048828125,0.0
2018-03-29,135.72000122070312,0.0
2018-04-02,132.6300048828125,0.0
2018-04-03,134.27999877929688,0.0
2018-04-04,135.7899932861328,0.0
2018-04-05,136.74000549316406,0.0
2018-04-06,133.8699951171875,0.0
2018-04-09,134.32000732421875,0.0
2018-04-10,136.5,0.0
2018-04-11,135.8699951171875,0.0
2018-04-12,136.97000122070312,0.0
2018-04-13,136.5800018310547,0.0
2018-04-16,137.72000122070312,0.0
2018-04-17,139.1699981689453,0.0
2018-04-18,139.36000061035156,0.0
2018-04-19,138.60000610351562,0.0
2018-04-20,137.5,0.0
2018-04-23,137.4499969482422,0.0
2018-04-24,135.8000030517578,0.0
2018-04-25,135.9499969482422,0.0
2018-04-26,137.24000549316406,0.0
2018-04-27,137.3300018310547,0.0
2018-04-30,136.3300018310547,0.0
2018-05-01,136.5399932861328,0.0
2018-05-02,135.75,0.0
2018-05-03,135.3800048828125,0.0
2018-05-04,137.1300048828125,0.0
2018-05-07,137.72999572753906,0.0
2018-05-08,137.77999877929688,0.0
2018-05-09,139.0800018310547,0.0
2018-05-10,140.2899932861328,0.0
2018-05-11,140.57000732421875,0.0
2018-05-14,140.63999938964844,0.0
2018-05-15,139.7899932861328,0.0
2018-05-16,140.47000122070312,0.0
2018-05-17,140.50999450683594,0.0
2018-05-18,140.1999969482422,0.0
2018-05-21,141.25,0.0
2018-05-22,140.72999572753906,0.0
2018-05-23,141.10000610351562,0.0
2018-05-24,140.8699951171875,0.0
2018-05-25,140.60000610351562,0.0
2018-05-29,139.2100067138672,0.0
2018-05-30,141.00999450683594,0.0
2018-05-31,140.0399932861328,0.0
2018-06-01,141.5,0.0
2018-06-04,142.16000366210938,0.0
2018-06-05,142.3699951171875,0.0
2018-06-06,143.6300048828125,0.0
2018-06-07,143.4199981689453,0.0
2018-06-08,143.91000366210938,0.0
2018-06-11,144.1199951171875,0.0
2018-06-12,144.4199981689453,0.0
2018-06-13,143.8800048828125,0.0
2018-06-14,144.2899932861328,0.0
2018-06-15,144.14999389648438,0.0
2018-06-18,143.99000549316406,0.0
2018-06-19,143.50999450683594,0.0
2018-06-20,143.83999633789062,0.0
2018-06-21,142.85000610351562,0.0
2018-06-22,142.4499969482422,0.603
2018-06-25,140.4499969482422,0.0
2018-06-26,140.77000427246094,0.0
2018-06-27,139.4600067138672,0.0
2018-06-28,140.3300018310547,0.0
2018-06-29,140.42999267578125,0.0
2018-07-02,140.77000427246094,0.0
2018-07-03,140.41000366210938,0.0
2018-07-05,141.60000610351562,0.0
2018-07-06,142.7899932861328,0.0
2018-07-09,144.08999633789062,0.0
2018-07-10,144.4600067138672,0.0
2018-07-11,143.42999267578125,0.0
2018-07-12,144.61000061035156,0.0
2018-07-13,144.6999969482422,0.0
2018-07-16,144.47000122070312,0.0
2018-07-17,145.1300048828125,0.0
2018-07-18,145.4499969482422,0.0
2018-07-19,145.10000610351562,0.0
2018-07-20,144.83999633789062,0.0
2018-07-23,145.07000732421875,0.0
2018-07-24,145.38999938964844,0.0
2018-07-25,146.6300048828125,0.0
2018-07-26,146.38999938964844,0.0
2018-07-27,145.22000122070312,0.0
2018-07-30,144.27000427246094,0.0
2018-07-31,145.08999633789062,0.0
2018-08-01,144.9199981689453,0.0
2018-08-02,145.77999877929688,0.0
2018-08-03,146.27000427246094,0.0
2018-08-06,146.92999267578125,0.0
2018-08-07,147.41000366210938,0.0
2018-08-08,147.27000427246094,0.0
2018-08-09,147.1699981689453,0.0
2018-08-10,146.25,0.0
2018-08-13,145.69000244140625,0.0
2018-08-14,146.64999389648438,0.0
2018-08-15,145.49000549316406,0.0
2018-08-16,146.6300048828125,0.0
2018-08-17,147.1699981689453,0.0
2018-08-20,147.4499969482422,0.0
2018-08-21,148.0,0.0
2018-08-22,148.0500030517578,0.0
2018-08-23,147.75999450683594,0.0
2018-08-24,148.67999267578125,0.0
2018-08-27,149.75,0.0
2018-08-28,149.83999633789062,0.0
2018-08-29,150.6300048828125,0.0
2018-08-30,150.00999450683594,0.0
2018-08-31,150.07000732421875,0.0
2018-09-04,149.86000061035156,0.0
2018-09-05,149.3699951171875,0.0
2018-09-06,148.9199981689453,0.0
2018-09-07,148.5800018310547,0.0
2018-09-10,148.89999389648438,0.0
2018-09-11,149.39999389648438,0.0
2018-09-12,149.41000366210938,0.0
2018-09-13,150.16000366210938,0.0
2018-09-14,150.27999877929688,0.0
2018-09-17,149.3300018310547,0.0
2018-09-18,150.1300048828125,0.0
2018-09-19,150.14999389648438,0.0
2018-09-20,151.30999755859375,0.0
2018-09-21,151.16000366210938,0.0
2018-09-24,150.61000061035156,0.0
2018-09-25,150.52999877929688,0.0
2018-09-26,149.9499969482422,0.0
2018-09-27,150.3000030517578,0.0
2018-09-28,149.64999389648438,0.714
2018-10-01,149.8800048828125,0.0
2018-10-02,149.66000366210938,0.0
2018-10-03,149.86000061035156,0.0
2018-10-04,148.58999633789062,0.0
2018-10-05,147.6300048828125,0.0
2018-10-08,147.52000427246094,0.0
2018-10-09,147.25999450683594,0.0
2018-10-10,142.57000732421875,0.0
2018-10-11,139.52999877929688,0.0
2018-10-12,141.3699951171875,0.0
2018-10-15,140.74000549316406,0.0
2018-10-16,143.83999633789062,0.0
2018-10-17,143.8000030517578,0.0
2018-10-18,141.72000122070312,0.0
2018-10-19,141.35000610351562,0.0
2018-10-22,140.7899932861328,0.0
2018-10-23,139.9600067138672,0.0
2018-10-24,135.61000061035156,0.0
2018-10-25,138.16000366210938,0.0
2018-10-26,135.77000427246094,0.0
2018-10-29,135.02000427246094,0.0
2018-10-30,137.1300048828125,0.0
2018-10-31,138.55999755859375,0.0
2018-11-01,140.1300048828125,0.0
2018-11-02,139.55999755859375,0.0
2018-11-05,140.24000549316406,0.0
2018-11-06,141.0399932861328,0.0
2018-11-07,143.9199981689453,0.0
2018-11-08,143.63999938964844,0.0
2018-11-09,142.1699981689453,0.0
2018-11-12,139.44000244140625,0.0
2018-11-13,139.24000549316406,0.0
2018-11-14,138.22000122070312,0.0
2018-11-15,139.77999877929688,0.0
2018-11-16,140.0800018310547,0.0
2018-11-19,137.64999389648438,0.0
2018-11-20,135.1999969482422,0.0
2018-11-21,135.86000061035156,0.0
2018-11-23,135.1300048828125,0.0
2018-11-26,137.22999572753906,0.0
2018-11-27,137.39999389648438,0.0
2018-11-28,140.60000610351562,0.0
2018-11-29,140.33999633789062,0.0
2018-11-30,141.35000610351562,0.0
2018-12-03,143.0,0.0
2018-12-04,138.3300018310547,0.0
2018-12-06,138.16000366210938,0.0
2018-12-07,134.89999389648438,0.0
2018-12-10,135.0500030517578,0.0
2018-12-11,135.02000427246094,0.0
2018-12-12,135.7899932861328,0.0
2018-12-13,135.4600067138672,0.0
2018-12-14,133.1199951171875,0.0
2018-12-17,130.27999877929688,0.0
2018-12-18,130.24000549316406,0.0
2018-12-19,128.24000549316406,0.0
2018-12-20,126.16999816894533,0.0
2018-12-21,123.48999786376952,0.0
2018-12-24,119.6999969482422,0.721
2018-12-26,125.45999908447266,0.0
2018-12-27,126.58999633789062,0.0
2018-12-28,126.43000030517578,0.0
2018-12-31,127.62999725341795,0.0
2019-01-02,127.7300033569336,0.0
2019-01-03,124.7699966430664,0.0
2019-01-04,128.89999389648438,0.0
2019-01-07,130.1999969482422,0.0
2019-01-08,131.5399932861328,0.0
2019-01-09,132.16000366210938,0.0
2019-01-10,132.80999755859375,0.0
2019-01-11,132.83999633789062,0.0
2019-01-14,132.0,0.0
2019-01-15,133.44000244140625,0.0
2019-01-16,133.82000732421875,0.0
2019-01-17,134.89999389648438,0.0
2019-01-18,136.64999389648438,0.0
2019-01-22,134.77999877929688,0.0
2019-01-23,134.9199981689453,0.0
2019-01-24,135.1999969482422,0.0
2019-01-25,136.47000122070312,0.0
2019-01-28,135.47000122070312,0.0
2019-01-29,135.27999877929688,0.0
2019-01-30,137.32000732421875,0.0
2019-01-31,138.52999877929688,0.0
2019-02-01,138.72999572753906,0.0
2019-02-04,139.72000122070312,0.0
2019-02-05,140.3000030517578,0.0
2019-02-06,140.16000366210938,0.0
2019-02-07,138.8300018310547,0.0
2019-02-08,138.97000122070312,0.0
2019-02-11,139.25999450683594,0.0
2019-02-12,141.0,0.0
2019-02-13,141.44000244140625,0.0
2019-02-14,141.19000244140625,0.0
2019-02-15,142.74000549316406,0.0
2019-02-19,143.02000427246094,0.0
2019-02-20,143.32000732421875,0.0
2019-02-21,142.8300018310547,0.0
2019-02-22,143.77000427246094,0.0
2019-02-25,143.97999572753906,0.0
2019-02-26,143.7100067138672,0.0
2019-02-27,143.75999450683594,0.0
2019-02-28,143.4600067138672,0.0
2019-03-01,144.4199981689453,0.0
2019-03-04,143.75,0.0
2019-03-05,143.47999572753906,0.0
2019-03-06,142.38999938964844,0.0
2019-03-07,141.27999877929688,0.0
2019-03-08,140.99000549316406,0.0
2019-03-11,143.05999755859375,0.0
2019-03-12,143.5399932861328,0.0
2019-03-13,144.4600067138672,0.0
2019-03-14,144.33999633789062,0.0
2019-03-15,145.00999450683594,0.0
2019-03-18,145.5500030517578,0.0
2019-03-19,145.52000427246094,0.0
2019-03-20,144.9199981689453,0.0
2019-03-21,146.6199951171875,0.0
2019-03-22,143.55999755859375,0.0
2019-03-25,142.69000244140625,0.772
2019-03-26,143.7899932861328,0.0
2019-03-27,143.1300048828125,0.0
2019-03-28,143.75999450683594,0.0
2019-03-29,144.7100067138672,0.0
2019-04-01,146.38999938964844,0.0
2019-04-02,146.3800048828125,0.0
2019-04-03,146.72999572753906,0.0
2019-04-04,147.0399932861328,0.0
2019-04-05,147.77999877929688,0.0
2019-04-08,147.91000366210938,0.0
2019-04-09,147.02000427246094,0.0
2019-04-10,147.6999969482422,0.0
2019-04-11,147.69000244140625,0.0
2019-04-12,148.67999267578125,0.0
2019-04-15,148.55999755859375,0.0
2019-04-16,148.60000610351562,0.0
2019-04-17,148.0500030517578,0.0
2019-04-18,148.27000427246094,0.0
2019-04-22,148.30999755859375,0.0
2019-04-23,149.8000030517578,0.0
2019-04-24,149.60000610351562,0.0
2019-04-25,149.35000610351562,0.0
2019-04-26,150.16000366210938,0.0
2019-04-29,150.3800048828125,0.0
2019-04-30,150.38999938964844,0.0
2019-05-01,149.27000427246094,0.0
2019-05-02,149.02000427246094,0.0
2019-05-03,150.6300048828125,0.0
2019-05-06,150.14999389648438,0.0
2019-05-07,147.55999755859375,0.0
2019-05-08,147.32000732421875,0.0
2019-05-09,146.85000610351562,0.0
2019-05-10,147.52999877929688,0.0
2019-05-13,143.8000030517578,0.0
2019-05-14,145.10000610351562,0.0
2019-05-15,145.9600067138672,0.0
2019-05-16,147.27999877929688,0.0
2019-05-17,146.24000549316406,0.0
2019-05-20,145.1999969482422,0.0
2019-05-21,146.6199951171875,0.0
2019-05-22,146.08999633789062,0.0
2019-05-23,144.22999572753906,0.0
2019-05-24,144.5800018310547,0.0
2019-05-28,143.30999755859375,0.0
2019-05-29,142.3300018310547,0.0
2019-05-30,142.61000061035156,0.0
2019-05-31,140.69000244140625,0.0
2019-06-03,140.41000366210938,0.0
2019-06-04,143.55999755859375,0.0
2019-06-05,144.66000366210938,0.0
2019-06-06,145.47000122070312,0.0
2019-06-07,146.7899932861328,0.0
2019-06-10,147.61000061035156,0.0
2019-06-11,147.47000122070312,0.0
2019-06-12,147.27000427246094,0.0
2019-06-13,147.9499969482422,0.0
2019-06-14,147.6300048828125,0.0
2019-06-17,147.19000244140625,0.547
2019-06-18,148.8000030517578,0.0
2019-06-19,149.30999755859375,0.0
2019-06-20,150.67999267578125,0.0
2019-06-21,150.6999969482422,0.0
2019-06-24,149.86000061035156,0.0
2019-06-25,148.44000244140625,0.0
2019-06-26,148.16000366210938,0.0
2019-06-27,149.0500030517578,0.0
2019-06-28,150.08999633789062,0.0
2019-07-01,151.14999389648438,0.0
2019-07-02,151.5,0.0
2019-07-03,152.63999938964844,0.0
2019-07-05,152.5500030517578,0.0
2019-07-08,151.72999572753906,0.0
2019-07-09,152.0,0.0
2019-07-10,152.6199951171875,0.0
2019-07-11,152.8300018310547,0.0
2019-07-12,153.61000061035156,0.0
2019-07-15,153.50999450683594,0.0
2019-07-16,153.1199951171875,0.0
2019-07-17,152.11000061035156,0.0
2019-07-18,152.6699981689453,0.0
2019-07-19,151.8000030517578,0.0
2019-07-22,152.16000366210938,0.0
2019-07-23,153.17999267578125,0.0
2019-07-24,154.1199951171875,0.0
2019-07-25,153.3000030517578,0.0
2019-07-26,154.41000366210938,0.0
2019-07-29,154.0399932861328,0.0
2019-07-30,153.88999938964844,0.0
2019-07-31,152.2100067138672,0.0
2019-08-01,150.8000030517578,0.0
2019-08-02,149.5800018310547,0.0
2019-08-05,145.13999938964844,0.0
2019-08-06,147.02999877929688,0.0
2019-08-07,147.19000244140625,0.0
2019-08-08,149.99000549316406,0.0
2019-08-09,148.9199981689453,0.0
2019-08-12,147.0800018310547,0.0
2019-08-13,149.17999267578125,0.0
2019-08-14,144.8699951171875,0.0
2019-08-15,145.13999938964844,0.0
2019-08-16,147.33999633789062,0.0
2019-08-19,149.08999633789062,0.0
2019-08-20,147.9499969482422,0.0
2019-08-21,149.1999969482422,0.0
2019-08-22,149.07000732421875,0.0
2019-08-23,145.30999755859375,0.0
2019-08-26,146.77999877929688,0.0
2019-08-27,146.10000610351562,0.0
2019-08-28,147.13999938964844,0.0
2019-08-29,149.08999633789062,0.0
2019-08-30,149.0399932861328,0.0
2019-09-03,148.07000732421875,0.0
2019-09-04,149.64999389648438,0.0
2019-09-05,151.64999389648438,0.0
2019-09-06,151.67999267578125,0.0
2019-09-09,151.77000427246094,0.0
2019-09-10,151.9199981689453,0.0
2019-09-11,153.16000366210938,0.0
2019-09-12,153.6199951171875,0.0
2019-09-13,153.47000122070312,0.0
2019-09-16,152.4600067138672,0.7
2019-09-17,152.8300018310547,0.0
2019-09-18,152.80999755859375,0.0
2019-09-19,152.7100067138672,0.0
2019-09-20,152.0399932861328,0.0
2019-09-23,152.1199951171875,0.0
2019-09-24,150.7100067138672,0.0
2019-09-25,151.66000366210938,0.0
2019-09-26,151.1999969482422,0.0
2019-09-27,150.3000030517578,0.0
2019-09-30,151.0,0.0
2019-10-01,149.02999877929688,0.0
2019-10-02,146.61000061035156,0.0
2019-10-03,147.8000030517578,0.0
2019-10-04,149.72999572753906,0.0
2019-10-07,149.13999938964844,0.0
2019-10-08,146.72999572753906,0.0
2019-10-09,148.0800018310547,0.0
2019-10-10,149.02999877929688,0.0
2019-10-11,150.6300048828125,0.0
2019-10-14,150.49000549316406,0.0
2019-10-15,151.97000122070312,0.0
2019-10-16,151.69000244140625,0.0
2019-10-17,152.19000244140625,0.0
2019-10-18,151.5800018310547,0.0
2019-10-21,152.57000732421875,0.0
2019-10-22,152.11000061035156,0.0
2019-10-23,152.4199981689453,0.0
2019-10-24,152.83999633789062,0.0
2019-10-25,153.4499969482422,0.0
2019-10-28,154.3800048828125,0.0
2019-10-29,154.35000610351562,0.0
2019-10-30,154.72000122070312,0.0
2019-10-31,154.17999267578125,0.0
2019-11-01,155.8300018310547,0.0
2019-11-04,156.39999389648438,0.0
2019-11-05,156.25999450683594,0.0
2019-11-06,156.19000244140625,0.0
2019-11-07,156.72000122070312,0.0
2019-11-08,157.16000366210938,0.0
2019-11-11,156.85000610351562,0.0
2019-11-12,157.1199951171875,0.0
2019-11-13,157.19000244140625,0.0
2019-11-14,157.35000610351562,0.0
2019-11-15,158.5500030517578,0.0
2019-11-18,158.63999938964844,0.0
2019-11-19,158.69000244140625,0.0
2019-11-20,158.19000244140625,0.0
2019-11-21,157.7899932861328,0.0
2019-11-22,158.13999938964844,0.0
2019-11-25,159.63999938964844,0.0
2019-11-26,159.97999572753906,0.0
2019-11-27,160.74000549316406,0.0
2019-11-29,160.02000427246094,0.0
2019-12-02,158.57000732421875,0.0
2019-12-03,157.6300048828125,0.0
2019-12-04,158.64999389648438,0.0
2019-12-05,158.8800048828125,0.0
2019-12-06,160.2899932861328,0.0
2019-12-09,159.77999877929688,0.0
2019-12-10,159.63999938964844,0.0
2019-12-11,160.02000427246094,0.0
2019-12-12,161.3300018310547,0.0
2019-12-13,161.3300018310547,0.0
2019-12-16,162.50999450683594,0.0
2019-12-17,162.57000732421875,0.0
2019-12-18,162.63999938964844,0.0
2019-12-19,163.35000610351562,0.0
2019-12-20,164.19000244140625,0.0
2019-12-23,164.2899932861328,0.0
2019-12-24,163.44000244140625,0.886
2019-12-26,164.22999572753906,0.0
2019-12-27,164.0800018310547,0.0
2019-12-30,163.19000244140625,0.0
2019-12-31,163.6199951171875,0.0
2020-01-02,164.97999572753906,0.0
2020-01-03,163.92999267578125,0.0
2020-01-06,164.49000549316406,0.0
2020-01-07,164.10000610351562,0.0
2020-01-08,164.91000366210938,0.0
2020-01-09,165.94000244140625,0.0
2020-01-10,165.4600067138672,0.0
2020-01-13,166.58999633789062,0.0
2020-01-14,166.5,0.0
2020-01-15,166.91000366210938,0.0
2020-01-16,168.33999633789062,0.0
2020-01-17,168.75999450683594,0.0
2020-01-21,168.39999389648438,0.0
2020-01-22,168.5,0.0
2020-01-23,168.69000244140625,0.0
2020-01-24,167.08999633789062,0.0
2020-01-27,164.5800018310547,0.0
2020-01-28,166.1699981689453,0.0
2020-01-29,166.05999755859375,0.0
2020-01-30,166.4600067138672,0.0
2020-01-31,163.52000427246094,0.0
2020-02-03,164.9600067138672,0.0
2020-02-04,167.55999755859375,0.0
2020-02-05,169.2100067138672,0.0
2020-02-06,169.67999267578125,0.0
2020-02-07,168.7100067138672,0.0
2020-02-10,169.9499969482422,0.0
2020-02-11,170.4199981689453,0.0
2020-02-12,171.49000549316406,0.0
2020-02-13,171.4199981689453,0.0
2020-02-14,171.6999969482422,0.0
2020-02-18,171.3000030517578,0.0
2020-02-19,172.1699981689453,0.0
2020-02-20,171.64999389648438,0.0
2020-02-21,169.88999938964844,0.0
2020-02-24,164.3000030517578,0.0
2020-02-25,159.27999877929688,0.0
2020-02-26,158.39999389648438,0.0
2020-02-27,151.4600067138672,0.0
2020-02-28,150.44000244140625,0.0
2020-03-02,156.6699981689453,0.0
2020-03-03,152.6300048828125,0.0
2020-03-04,158.72999572753906,0.0
2020-03-05,153.44000244140625,0.0
2020-03-06,150.58999633789062,0.0
2020-03-09,138.5,0.0
2020-03-10,145.3699951171875,0.0
2020-03-11,138.00999450683594,0.0
2020-03-12,124.58999633789062,0.0
2020-03-13,135.92999267578125,0.0
2020-03-16,120.45999908447266,0.0
2020-03-17,126.5,0.0
2020-03-18,119.20999908447266,0.0
2020-03-19,120.08999633789062,0.0
2020-03-20,115.19000244140624,0.0
2020-03-23,111.91000366210938,0.0
2020-03-24,122.52999877929688,0.0
2020-03-25,124.22000122070312,0.0
2020-03-26,131.11000061035156,0.614
2020-03-27,126.93000030517578,0.0
2020-03-30,130.77999877929688,0.0
2020-03-31,128.91000366210938,0.0
2020-04-01,122.95999908447266,0.0
2020-04-02,125.5199966430664,0.0
2020-04-03,123.37999725341795,0.0
2020-04-06,132.00999450683594,0.0
2020-04-07,132.16000366210938,0.0
2020-04-08,136.8000030517578,0.0
2020-04-09,139.36000061035156,0.0
2020-04-13,137.6999969482422,0.0
2020-04-14,141.8800048828125,0.0
2020-04-15,138.5500030517578,0.0
2020-04-16,139.1999969482422,0.0
2020-04-17,143.13999938964844,0.0
2020-04-20,140.82000732421875,0.0
2020-04-21,136.4499969482422,0.0
2020-04-22,139.52999877929688,0.0
2020-04-23,139.5500030517578,0.0
2020-04-24,141.6300048828125,0.0
2020-04-27,144.13999938964844,0.0
2020-04-28,143.69000244140625,0.0
2020-04-29,147.75999450683594,0.0
2020-04-30,145.83999633789062,0.0
2020-05-01,141.80999755859375,0.0
2020-05-04,142.35000610351562,0.0
2020-05-05,143.6699981689453,0.0
2020-05-06,142.8800048828125,0.0
2020-05-07,144.75,0.0
2020-05-08,147.47000122070312,0.0
2020-05-11,147.49000549316406,0.0
2020-05-12,144.35000610351562,0.0
2020-05-13,141.4499969482422,0.0
2020-05-14,142.97000122070312,0.0
2020-05-15,143.8300018310547,0.0
2020-05-18,148.60000610351562,0.0
2020-05-19,147.02000427246094,0.0
2020-05-20,149.74000549316406,0.0
2020-05-21,148.83999633789062,0.0
2020-05-22,149.25999450683594,0.0
2020-05-26,151.33999633789062,0.0
2020-05-27,153.72999572753906,0.0
2020-05-28,153.1999969482422,0.0
2020-05-29,153.7100067138672,0.0
2020-06-01,154.75,0.0
2020-06-02,155.9199981689453,0.0
2020-06-03,158.35000610351562,0.0
2020-06-04,157.85000610351562,0.0
2020-06-05,161.89999389648438,0.0
2020-06-08,164.10000610351562,0.0
2020-06-09,162.60000610351562,0.0
2020-06-10,161.38999938964844,0.0
2020-06-11,151.8699951171875,0.0
2020-06-12,153.97000122070312,0.0
2020-06-15,155.6199951171875,0.0
2020-06-16,158.61000061035156,0.0
2020-06-17,157.83999633789062,0.0
2020-06-18,157.97000122070312,0.0
2020-06-19,157.0800018310547,0.0
2020-06-22,158.1699981689453,0.0
2020-06-23,158.7899932861328,0.0
2020-06-24,154.47999572753906,0.0
2020-06-25,155.63999938964844,0.7
2020-06-26,152.02000427246094,0.0
2020-06-29,154.25,0.0
2020-06-30,156.52999877929688,0.0
2020-07-01,157.44000244140625,0.0
2020-07-02,158.07000732421875,0.0
2020-07-06,160.55999755859375,0.0
2020-07-07,158.92999267578125,0.0
2020-07-08,160.22999572753906,0.0
2020-07-09,159.24000549316406,0.0
2020-07-10,160.9499969482422,0.0
2020-07-13,159.2100067138672,0.0
2020-07-14,161.3000030517578,0.0
2020-07-15,163.3000030517578,0.0
2020-07-16,162.57000732421875,0.0
2020-07-17,163.19000244140625,0.0
2020-07-20,164.44000244140625,0.0
2020-07-21,164.91000366210938,0.0
2020-07-22,165.77000427246094,0.0
2020-07-23,163.9600067138672,0.0
2020-07-24,162.69000244140625,0.0
2020-07-27,164.08999633789062,0.0
2020-07-28,162.88999938964844,0.0
2020-07-29,165.0500030517578,0.0
2020-07-30,164.67999267578125,0.0
2020-07-31,165.52000427246094,0.0
2020-08-03,166.9600067138672,0.0
2020-08-04,167.6199951171875,0.0
2020-08-05,168.83999633789062,0.0
2020-08-06,169.66000366210938,0.0
2020-08-07,169.8000030517578,0.0
2020-08-10,170.27000427246094,0.0
2020-08-11,168.89999389648438,0.0
2020-08-12,171.16000366210938,0.0
2020-08-13,171.02999877929688,0.0
2020-08-14,170.97999572753906,0.0
2020-08-17,171.7100067138672,0.0
2020-08-18,171.97000122070312,0.0
2020-08-19,171.3000030517578,0.0
2020-08-20,171.7899932861328,0.0
2020-08-21,172.22000122070312,0.0
2020-08-24,173.8699951171875,0.0
2020-08-25,174.4499969482422,0.0
2020-08-26,176.02999877929688,0.0
2020-08-27,176.4499969482422,0.0
2020-08-28,177.67999267578125,0.0
2020-08-31,177.27999877929688,0.0
2020-09-01,178.85000610351562,0.0
2020-09-02,181.2400054931641,0.0
2020-09-03,174.94000244140625,0.0
2020-09-04,173.4499969482422,0.0
2020-09-08,168.5800018310547,0.0
2020-09-09,171.8800048828125,0.0
2020-09-10,169.05999755859375,0.0
2020-09-11,169.1199951171875,0.0
2020-09-14,171.75999450683594,0.0
2020-09-15,172.74000549316406,0.0
2020-09-16,172.1699981689453,0.0
2020-09-17,170.75,0.0
2020-09-18,169.08999633789062,0.0
2020-09-21,167.0500030517578,0.0
2020-09-22,168.7100067138672,0.0
2020-09-23,164.63999938964844,0.0
2020-09-24,164.99000549316406,0.0
2020-09-25,166.9600067138672,0.674
2020-09-28,169.99000549316406,0.0
2020-09-29,169.0399932861328,0.0
2020-09-30,170.30999755859375,0.0
2020-10-01,171.72999572753906,0.0
2020-10-02,170.38999938964844,0.0
2020-10-05,173.4600067138672,0.0
2020-10-06,171.32000732421875,0.0
2020-10-07,174.30999755859375,0.0
2020-10-08,175.83999633789062,0.0
2020-10-09,177.32000732421875,0.0
2020-10-12,179.9499969482422,0.0
2020-10-13,179.0,0.0
2020-10-14,177.80999755859375,0.0
2020-10-15,177.8699951171875,0.0
2020-10-16,177.5500030517578,0.0
2020-10-19,175.00999450683594,0.0
2020-10-20,175.6199951171875,0.0
2020-10-21,175.02000427246094,0.0
2020-10-22,176.25999450683594,0.0
2020-10-23,176.83999633789062,0.0
2020-10-26,173.6300048828125,0.0
2020-10-27,172.92999267578125,0.0
2020-10-28,167.1999969482422,0.0
2020-10-29,168.77999877929688,0.0
2020-10-30,166.99000549316406,0.0
2020-11-02,168.72999572753906,0.0
2020-11-03,171.97000122070312,0.0
2020-11-04,175.72000122070312,0.0
2020-11-05,179.35000610351562,0.0
2020-11-06,179.25999450683594,0.0
2020-11-09,181.38999938964844,0.0
2020-11-10,181.08999633789065,0.0
2020-11-11,182.5599975585937,0.0
2020-11-12,180.759994506836,0.0
2020-11-13,183.32000732421875,0.0
2020-11-16,185.5599975585937,0.0
2020-11-17,185.13999938964844,0.0
2020-11-18,183.17999267578125,0.0
2020-11-19,184.1999969482422,0.0
2020-11-20,183.22999572753903,0.0
2020-11-23,184.72999572753903,0.0
2020-11-24,187.58999633789065,0.0
2020-11-25,187.5200042724609,0.0
2020-11-27,188.17999267578125,0.0
2020-11-30,186.6999969482422,0.0
2020-12-01,189.07000732421875,0.0
2020-12-02,189.22999572753903,0.0
2020-12-03,189.6100006103516,0.0
2020-12-04,191.509994506836,0.0
2020-12-07,191.3000030517578,0.0
2020-12-08,192.1300048828125,0.0
2020-12-09,190.2400054931641,0.0
2020-12-10,190.5200042724609,0.0
2020-12-11,190.17999267578125,0.0
2020-12-14,189.63999938964844,0.0
2020-12-15,192.2400054931641,0.0
2020-12-16,192.509994506836,0.0
2020-12-17,194.0200042724609,0.0
2020-12-18,193.47000122070312,0.0
2020-12-21,192.9100036621093,0.0
2020-12-22,192.9499969482422,0.0
2020-12-23,193.27999877929688,0.0
2020-12-24,192.82000732421875,0.782
2020-12-28,194.0399932861328,0.0
2020-12-29,193.22999572753903,0.0
2020-12-30,193.75,0.0
2020-12-31,194.63999938964844,0.0
2021-01-04,191.8699951171875,0.0
2021-01-05,193.4199981689453,0.0
2021-01-06,195.1600036621093,0.0
2021-01-07,198.2899932861328,0.0
2021-01-08,199.25,0.0
2021-01-11,198.0599975585937,0.0
2021-01-12,198.759994506836,0.0
2021-01-13,198.97999572753903,0.0
2021-01-14,198.7899932861328,0.0
2021-01-15,197.0599975585937,0.0
2021-01-19,198.8600006103516,0.0
2021-01-20,201.3699951171875,0.0
2021-01-21,201.22000122070312,0.0
2021-01-22,200.88999938964844,0.0
2021-01-25,201.4600067138672,0.0
2021-01-26,200.72999572753903,0.0
2021-01-27,195.9100036621093,0.0
2021-01-28,197.4499969482422,0.0
2021-01-29,193.9900054931641,0.0
2021-02-01,197.3000030517578,0.0
2021-02-02,200.1300048828125,0.0
2021-02-03,200.42999267578125,0.0
2021-02-04,202.97000122070312,0.0
2021-02-05,204.1100006103516,0.0
2021-02-08,205.94000244140625,0.0
2021-02-09,206.0200042724609,0.0
2021-02-10,205.92999267578125,0.0
2021-02-11,206.4199981689453,0.0
2021-02-12,207.4900054931641,0.0
2021-02-16,207.1199951171875,0.0
2021-02-17,206.69000244140625,0.0
2021-02-18,205.5,0.0
2021-02-19,205.97000122070312,0.0
2021-02-22,204.009994506836,0.0
2021-02-23,203.97999572753903,0.0
2021-02-24,206.2700042724609,0.0
2021-02-25,200.8800048828125,0.0
2021-02-26,200.0800018310547,0.0
2021-03-01,205.22000122070312,0.0
2021-03-02,203.2899932861328,0.0
2021-03-03,200.3600006103516,0.0
2021-03-04,197.19000244140625,0.0
2021-03-05,200.75,0.0
2021-03-08,199.7700042724609,0.0
2021-03-09,202.8699951171875,0.0
2021-03-10,204.32000732421875,0.0
2021-03-11,206.9900054931641,0.0
2021-03-12,207.3999938964844,0.0
2021-03-15,208.8500061035156,0.0
2021-03-16,208.009994506836,0.0
2021-03-17,208.8000030517578,0.0
2021-03-18,205.0,0.0
2021-03-19,205.259994506836,0.0
2021-03-22,206.3699951171875,0.0
2021-03-23,204.0200042724609,0.0
2021-03-24,202.3300018310547,0.0
2021-03-25,203.1499938964844,0.672
2021-03-26,206.47000122070312,0.0
2021-03-29,205.5,0.0
2021-03-30,205.44000244140625,0.0
2021-03-31,206.69000244140625,0.0
2021-04-01,209.27999877929688,0.0
2021-04-05,211.72000122070312,0.0
2021-04-06,211.8000030517578,0.0
2021-04-07,211.6199951171875,0.0
2021-04-08,212.8500061035156,0.0
2021-04-09,214.13999938964844,0.0
2021-04-12,214.1999969482422,0.0
2021-04-13,214.8000030517578,0.0
2021-04-14,214.32000732421875,0.0
2021-04-15,216.6000061035156,0.0
2021-04-16,217.1499938964844,0.0
2021-04-19,215.72999572753903,0.0
2021-04-20,213.75,0.0
2021-04-21,216.3000030517578,0.0
2021-04-22,214.6100006103516,0.0
2021-04-23,217.2100067138672,0.0
2021-04-26,218.0,0.0
2021-04-27,217.8999938964844,0.0
2021-04-28,217.8699951171875,0.0
2021-04-29,218.6999969482422,0.0
2021-04-30,217.1000061035156,0.0
2021-05-03,217.47999572753903,0.0
2021-05-04,215.8500061035156,0.0
2021-05-05,215.8099975585937,0.0
2021-05-06,216.9100036621093,0.0
2021-05-07,218.75,0.0
2021-05-10,216.17999267578125,0.0
2021-05-11,214.44000244140625,0.0
2021-05-12,209.6100006103516,0.0
2021-05-13,211.9199981689453,0.0
2021-05-14,215.5399932861328,0.0
2021-05-17,215.0800018310547,0.0
2021-05-18,213.3999938964844,0.0
2021-05-19,212.77999877929688,0.0
2021-05-20,215.08999633789065,0.0
2021-05-21,214.97000122070312,0.0
2021-05-24,217.13999938964844,0.0
2021-05-25,216.5399932861328,0.0
2021-05-26,217.32000732421875,0.0
2021-05-27,217.72000122070312,0.0
2021-05-28,218.08999633789065,0.0
2021-06-01,218.17999267578125,0.0
2021-06-02,218.47000122070312,0.0
2021-06-03,217.5,0.0
2021-06-04,219.38999938964844,0.0
2021-06-07,219.57000732421875,0.0
2021-06-08,220.0200042724609,0.0
2021-06-09,219.3999938964844,0.0
2021-06-10,220.3699951171875,0.0
2021-06-11,221.0200042724609,0.0
2021-06-14,221.3600006103516,0.0
2021-06-15,220.77999877929688,0.0
2021-06-16,219.67999267578125,0.0
2021-06-17,219.47000122070312,0.0
2021-06-18,216.75,0.0
2021-06-21,219.7400054931641,0.0
2021-06-22,220.9900054931641,0.0
2021-06-23,220.8999938964844,0.0
2021-06-24,221.72000122070312,0.675
2021-06-25,222.5500030517578,0.0
2021-06-28,222.8000030517578,0.0
2021-06-29,222.8099975585937,0.0
2021-06-30,222.82000732421875,0.0
2021-07-01,224.02999877929688,0.0
2021-07-02,225.2700042724609,0.0
2021-07-06,224.77999877929688,0.0
2021-07-07,225.0800018310547,0.0
2021-07-08,223.17999267578125,0.0
2021-07-09,225.8800048828125,0.0
2021-07-12,226.509994506836,0.0
2021-07-13,225.25,0.0
2021-07-14,224.94000244140625,0.0
2021-07-15,224.1499938964844,0.0
2021-07-16,222.38999938964844,0.0
2021-07-19,219.22999572753903,0.0
2021-07-20,223.0200042724609,0.0
2021-07-21,225.0200042724609,0.0
2021-07-22,225.2100067138672,0.0
2021-07-23,227.4600067138672,0.0
2021-07-26,227.9199981689453,0.0
2021-07-27,226.69000244140625,0.0
2021-07-28,227.0399932861328,0.0
2021-07-29,228.0399932861328,0.0
2021-07-30,226.69000244140625,0.0
2021-08-02,226.3699951171875,0.0
2021-08-03,227.9900054931641,0.0
2021-08-04,226.97000122070312,0.0
2021-08-05,228.58999633789065,0.0
2021-08-06,228.8699951171875,0.0
2021-08-09,228.77999877929688,0.0
2021-08-10,228.92999267578125,0.0
2021-08-11,229.3800048828125,0.0
2021-08-12,230.0200042724609,0.0
2021-08-13,230.1499938964844,0.0
2021-08-16,230.2400054931641,0.0
2021-08-17,228.52999877929688,0.0
2021-08-18,226.25,0.0
2021-08-19,226.0800018310547,0.0
2021-08-20,228.1100006103516,0.0
2021-08-23,230.32000732421875,0.0
2021-08-24,231.13999938964844,0.0
2021-08-25,231.8000030517578,0.0
2021-08-26,230.25,0.0
2021-08-27,232.72999572753903,0.0
2021-08-30,233.6100006103516,0.0
2021-08-31,233.1699981689453,0.0
2021-09-01,233.5800018310547,0.0
2021-09-02,234.3699951171875,0.0
2021-09-03,234.2899932861328,0.0
2021-09-07,233.27999877929688,0.0
2021-09-08,232.72999572753903,0.0
2021-09-09,231.9199981689453,0.0
2021-09-10,230.0800018310547,0.0
2021-09-13,230.6000061035156,0.0
2021-09-14,229.2100067138672,0.0
2021-09-15,231.1000061035156,0.0
2021-09-16,230.88999938964844,0.0
2021-09-17,229.0399932861328,0.0
2021-09-20,225.07000732421875,0.0
2021-09-21,225.0500030517578,0.0
2021-09-22,227.32000732421875,0.0
2021-09-23,230.08999633789065,0.0
2021-09-24,229.63999938964844,0.724
2021-09-27,229.13999938964844,0.0
2021-09-28,224.33999633789065,0.0
2021-09-29,224.4900054931641,0.0
2021-09-30,222.0599975585937,0.0
2021-10-01,225.1199951171875,0.0
2021-10-04,221.72999572753903,0.0
2021-10-05,223.8000030517578,0.0
2021-10-06,224.72999572753903,0.0
2021-10-07,226.88999938964844,0.0
2021-10-08,226.38999938964844,0.0
2021-10-11,224.759994506836,0.0
2021-10-12,224.6000061035156,0.0
2021-10-13,225.6199951171875,0.0
2021-10-14,229.3699951171875,0.0
2021-10-15,230.72999572753903,0.0
2021-10-18,231.57000732421875,0.0
2021-10-19,233.259994506836,0.0
2021-10-20,234.1699981689453,0.0
2021-10-21,234.8099975585937,0.0
2021-10-22,234.3600006103516,0.0
2021-10-25,235.8000030517578,0.0
2021-10-26,235.7100067138672,0.0
2021-10-27,234.1000061035156,0.0
2021-10-28,236.6000061035156,0.0
2021-10-29,236.9100036621093,0.0
2021-11-01,238.08999633789065,0.0
2021-11-02,238.8300018310547,0.0
2021-11-03,240.5200042724609,0.0
2021-11-04,241.42999267578125,0.0
2021-11-05,242.3600006103516,0.0
2021-11-08,242.759994506836,0.0
2021-11-09,242.0599975585937,0.0
2021-11-10,239.67999267578125,0.0
2021-11-11,239.97000122070312,0.0
2021-11-12,241.75,0.0
2021-11-15,241.75,0.0
2021-11-16,242.7899932861328,0.0
2021-11-17,241.7899932861328,0.0
2021-11-18,242.1699981689453,0.0
2021-11-19,241.47999572753903,0.0
2021-11-22,240.32000732421875,0.0
2021-11-23,240.3999938964844,0.0
2021-11-24,241.2100067138672,0.0
2021-11-26,235.9900054931641,0.0
2021-11-29,238.2100067138672,0.0
2021-11-30,233.4499969482422,0.0
2021-12-01,230.1600036621093,0.0
2021-12-02,233.8999938964844,0.0
2021-12-03,231.19000244140625,0.0
2021-12-06,234.1600036621093,0.0
2021-12-07,239.1699981689453,0.0
2021-12-08,240.1999969482422,0.0
2021-12-09,237.9100036621093,0.0
2021-12-10,239.52999877929688,0.0
2021-12-13,237.3500061035156,0.0
2021-12-14,235.57000732421875,0.0
2021-12-15,239.1999969482422,0.0
2021-12-16,236.5200042724609,0.0
2021-12-17,235.44000244140625,0.0
2021-12-20,232.1300048828125,0.0
2021-12-21,236.67999267578125,0.0
2021-12-22,239.0200042724609,0.0
2021-12-23,240.6699981689453,0.0
2021-12-27,242.9600067138672,0.859
2021-12-28,242.4600067138672,0.0
2021-12-29,242.6000061035156,0.0
2021-12-30,242.2100067138672,0.0
2021-12-31,241.44000244140625,0.0
2022-01-03,242.97000122070312,0.0
2022-01-04,242.509994506836,0.0
2022-01-05,237.25,0.0
2022-01-06,237.19000244140625,0.0
2022-01-07,236.1100006103516,0.0
2022-01-10,235.6999969482422,0.0
2022-01-11,238.0500030517578,0.0
2022-01-12,238.4199981689453,0.0
2022-01-13,234.92999267578125,0.0
2022-01-14,235.0200042724609,0.0
2022-01-18,230.4499969482422,0.0
2022-01-19,228.02999877929688,0.0
2022-01-20,225.3699951171875,0.0
2022-01-21,220.9100036621093,0.0
2022-01-24,222.3300018310547,0.0
2022-01-25,219.22000122070312,0.0
2022-01-26,218.3699951171875,0.0
2022-01-27,216.75,0.0
2022-01-28,222.08999633789065,0.0
2022-01-31,226.8099975585937,0.0
2022-02-01,228.5399932861328,0.0
2022-02-02,230.0500030517578,0.0
2022-02-03,224.5800018310547,0.0
2022-02-04,226.07000732421875,0.0
2022-02-07,225.5,0.0
2022-02-08,227.57000732421875,0.0
2022-02-09,231.2700042724609,0.0
2022-02-10,227.3500061035156,0.0
2022-02-11,222.94000244140625,0.0
2022-02-14,222.1199951171875,0.0
2022-02-15,226.07000732421875,0.0
2022-02-16,226.27999877929688,0.0
2022-02-17,221.13999938964844,0.0
2022-02-18,219.3699951171875,0.0
2022-02-22,216.8500061035156,0.0
2022-02-23,212.8600006103516,0.0
2022-02-24,216.58999633789065,0.0
2022-02-25,221.4100036621093,0.0
2022-02-28,221.1699981689453,0.0
2022-03-01,217.72000122070312,0.0
2022-03-02,221.8500061035156,0.0
2022-03-03,220.1600036621093,0.0
2022-03-04,217.9600067138672,0.0
2022-03-07,211.2400054931641,0.0
2022-03-08,210.0500030517578,0.0
2022-03-09,215.8800048828125,0.0
2022-03-10,214.9100036621093,0.0
2022-03-11,211.9900054931641,0.0
2022-03-14,209.8999938964844,0.0
2022-03-15,214.27999877929688,0.0
2022-03-16,219.63999938964844,0.0
2022-03-17,222.5800018310547,0.0
2022-03-18,225.17999267578125,0.0
2022-03-21,224.97000122070312,0.0
2022-03-22,227.72999572753903,0.0
2022-03-23,223.92999267578125,0.708
2022-03-24,227.1199951171875,0.0
2022-03-25,228.08999633789065,0.0
2022-03-28,229.57000732421875,0.0
2022-03-29,233.0500030517578,0.0
2022-03-30,231.1600036621093,0.0
2022-03-31,227.6699981689453,0.0
2022-04-01,228.5800018310547,0.0
2022-04-04,230.5200042724609,0.0
2022-04-05,227.1499938964844,0.0
2022-04-06,224.5399932861328,0.0
2022-04-07,225.38999938964844,0.0
2022-04-08,224.69000244140625,0.0
2022-04-11,221.17999267578125,0.0
2022-04-12,220.5,0.0
2022-04-13,223.38999938964844,0.0
2022-04-14,220.6699981689453,0.0
2022-04-18,220.2899932861328,0.0
2022-04-19,224.1699981689453,0.0
2022-04-20,223.8800048828125,0.0
2022-04-21,220.22000122070312,0.0
2022-04-22,214.22000122070312,0.0
2022-04-25,215.38999938964844,0.0
2022-04-26,209.25,0.0
2022-04-27,209.6600036621093,0.0
2022-04-28,214.7700042724609,0.0
2022-04-29,206.8800048828125,0.0
2022-05-02,208.44000244140625,0.0
2022-05-03,209.42999267578125,0.0
2022-05-04,215.57000732421875,0.0
2022-05-05,207.6199951171875,0.0
2022-05-06,205.9499969482422,0.0
2022-05-09,198.6499938964844,0.0
2022-05-10,199.0500030517578,0.0
2022-05-11,195.4499969482422,0.0
2022-05-12,195.6600036621093,0.0
2022-05-13,200.8999938964844,0.0
2022-05-16,199.9100036621093,0.0
2022-05-17,204.17999267578125,0.0
2022-05-18,196.19000244140625,0.0
2022-05-19,195.32000732421875,0.0
2022-05-20,195.32000732421875,0.0
2022-05-23,198.6600036621093,0.0
2022-05-24,196.6699981689453,0.0
2022-05-25,198.8600006103516,0.0
2022-05-26,202.92999267578125,0.0
2022-05-27,208.07000732421875,0.0
2022-05-31,206.3600006103516,0.0
2022-06-01,205.0,0.0
2022-06-02,209.17999267578125,0.0
2022-06-03,205.83999633789065,0.0
2022-06-06,206.4499969482422,0.0
2022-06-07,208.69000244140625,0.0
2022-06-08,206.3500061035156,0.0
2022-06-09,201.4100036621093,0.0
2022-06-10,195.42999267578125,0.0
2022-06-13,187.4499969482422,0.0
2022-06-14,186.9199981689453,0.0
2022-06-15,189.63999938964844,0.0
2022-06-16,183.0200042724609,0.0
2022-06-17,183.7100067138672,0.0
2022-06-21,188.1600036621093,0.0
2022-06-22,188.1300048828125,0.0
2022-06-23,189.0800018310547,0.749
2022-06-24,195.19000244140625,0.0
2022-06-27,194.58999633789065,0.0
2022-06-28,190.5800018310547,0.0
2022-06-29,190.259994506836,0.0
2022-06-30,188.6199951171875,0.0
2022-07-01,190.6100006103516,0.0
2022-07-05,191.2899932861328,0.0
2022-07-06,191.6699981689453,0.0
2022-07-07,194.8300018310547,0.0
2022-07-08,194.6300048828125,0.0
2022-07-11,192.1699981689453,0.0
2022-07-12,190.509994506836,0.0
2022-07-13,189.67999267578125,0.0
2022-07-14,188.83999633789065,0.0
2022-07-15,192.509994506836,0.0
2022-07-18,191.17999267578125,0.0
2022-07-19,196.5200042724609,0.0
2022-07-20,198.1100006103516,0.0
2022-07-21,200.07000732421875,0.0
2022-07-22,197.8999938964844,0.0
2022-07-25,198.1699981689453,0.0
2022-07-26,195.72000122070312,0.0
2022-07-27,200.8600006103516,0.0
2022-07-28,203.47999572753903,0.0
2022-07-29,206.25,0.0
2022-08-01,205.7700042724609,0.0
2022-08-02,204.6600036621093,0.0
2022-08-03,207.9499969482422,0.0
2022-08-04,207.75,0.0
2022-08-05,207.67999267578125,0.0
2022-08-08,207.8699951171875,0.0
2022-08-09,206.5599975585937,0.0
2022-08-10,211.2700042724609,0.0
2022-08-11,211.27999877929688,0.0
2022-08-12,214.94000244140625,0.0
2022-08-15,215.77999877929688,0.0
2022-08-16,216.2400054931641,0.0
2022-08-17,214.3000030517578,0.0
2022-08-18,214.8600006103516,0.0
2022-08-19,211.7899932861328,0.0
2022-08-22,207.259994506836,0.0
2022-08-23,206.8699951171875,0.0
2022-08-24,207.7400054931641,0.0
2022-08-25,210.75,0.0
2022-08-26,203.7700042724609,0.0
2022-08-29,202.27999877929688,0.0
2022-08-30,200.02999877929688,0.0
2022-08-31,198.5599975585937,0.0
2022-09-01,198.67999267578125,0.0
2022-09-02,196.7100067138672,0.0
2022-09-06,195.9100036621093,0.0
2022-09-07,199.52999877929688,0.0
2022-09-08,201.1100006103516,0.0
2022-09-09,204.4499969482422,0.0
2022-09-12,206.6499938964844,0.0
2022-09-13,197.7700042724609,0.0
2022-09-14,198.5399932861328,0.0
2022-09-15,196.4199981689453,0.0
2022-09-16,194.6300048828125,0.0
2022-09-19,196.009994506836,0.0
2022-09-20,193.72999572753903,0.0
2022-09-21,190.4199981689453,0.0
2022-09-22,188.2899932861328,0.0
2022-09-23,184.259994506836,0.796
2022-09-26,182.2400054931641,0.0
2022-09-27,181.97000122070312,0.0
2022-09-28,185.8000030517578,0.0
2022-09-29,181.94000244140625,0.0
2022-09-30,179.47000122070312,0.0
2022-10-03,184.02999877929688,0.0
2022-10-04,189.94000244140625,0.0
2022-10-05,189.5800018310547,0.0
2022-10-06,187.7700042724609,0.0
2022-10-07,182.3999938964844,0.0
2022-10-10,180.9499969482422,0.0
2022-10-11,179.7899932861328,0.0
2022-10-12,179.3000030517578,0.0
2022-10-13,183.75,0.0
2022-10-14,179.4199981689453,0.0
2022-10-17,184.2100067138672,0.0
2022-10-18,186.4600067138672,0.0
2022-10-19,184.8699951171875,0.0
2022-10-20,183.2700042724609,0.0
2022-10-21,187.4900054931641,0.0
2022-10-24,189.509994506836,0.0
2022-10-25,192.94000244140625,0.0
2022-10-26,191.75,0.0
2022-10-27,190.8500061035156,0.0
2022-10-28,195.2899932861328,0.0
2022-10-31,194.02999877929688,0.0
2022-11-01,193.42999267578125,0.0
2022-11-02,188.33999633789065,0.0
2022-11-03,186.5399932861328,0.0
2022-11-04,188.94000244140625,0.0
2022-11-07,190.6600036621093,0.0
2022-11-08,191.6600036621093,0.0
2022-11-09,187.52999877929688,0.0
2022-11-10,198.13999938964844,0.0
2022-11-11,200.1600036621093,0.0
2022-11-14,198.3500061035156,0.0
2022-11-15,200.3600006103516,0.0
2022-11-16,198.32000732421875,0.0
2022-11-17,197.4900054931641,0.0
2022-11-18,198.4199981689453,0.0
2022-11-21,197.5800018310547,0.0
2022-11-22,200.1699981689453,0.0
2022-11-23,201.38999938964844,0.0
2022-11-25,201.5399932861328,0.0
2022-11-28,198.2700042724609,0.0
2022-11-29,197.9600067138672,0.0
2022-11-30,204.0599975585937,0.0
2022-12-01,204.17999267578125,0.0
2022-12-02,203.9900054931641,0.0
2022-12-05,199.97999572753903,0.0
2022-12-06,196.97999572753903,0.0
2022-12-07,196.6600036621093,0.0
2022-12-08,198.3600006103516,0.0
2022-12-09,196.6999969482422,0.0
2022-12-12,199.52999877929688,0.0
2022-12-13,201.0200042724609,0.0
2022-12-14,199.8999938964844,0.0
2022-12-15,194.9199981689453,0.0
2022-12-16,192.69000244140625,0.0
2022-12-19,190.75,0.0
2022-12-20,191.1499938964844,0.0
2022-12-21,194.0399932861328,0.0
2022-12-22,190.3699951171875,0.931
2022-12-23,191.4199981689453,0.0
2022-12-27,190.6199951171875,0.0
2022-12-28,188.22000122070312,0.0
2022-12-29,191.67999267578125,0.0
2022-12-30,191.19000244140625,0.0
2023-01-03,190.4100036621093,0.0
2023-01-04,192.1000061035156,0.0
2023-01-05,189.8500061035156,0.0
2023-01-06,194.0399932861328,0.0
2023-01-09,194.1199951171875,0.0
2023-01-10,195.6499938964844,0.0
2023-01-11,198.22999572753903,0.0
2023-01-12,199.19000244140625,0.0
2023-01-13,200.0399932861328,0.0
2023-01-17,199.7700042724609,0.0
2023-01-18,196.6199951171875,0.0
2023-01-19,195.0200042724609,0.0
2023-01-20,198.759994506836,0.0
2023-01-23,201.27999877929688,0.0
2023-01-24,200.9499969482422,0.0
2023-01-25,201.0500030517578,0.0
2023-01-26,203.1199951171875,0.0
2023-01-27,203.94000244140625,0.0
2023-01-30,201.2100067138672,0.0
2023-01-31,204.42999267578125,0.0
2023-02-01,206.9199981689453,0.0
2023-02-02,210.009994506836,0.0
2023-02-03,207.83999633789065,0.0
2023-02-06,206.27999877929688,0.0
2023-02-07,208.8800048828125,0.0
2023-02-08,206.6499938964844,0.0
2023-02-09,204.63999938964844,0.0
2023-02-10,205.009994506836,0.0
2023-02-13,207.4499969482422,0.0
2023-02-14,207.52999877929688,0.0
2023-02-15,208.4600067138672,0.0
2023-02-16,205.67999267578125,0.0
2023-02-17,205.0800018310547,0.0
2023-02-21,200.8300018310547,0.0
2023-02-22,200.6600036621093,0.0
2023-02-23,201.72999572753903,0.0
2023-02-24,199.47999572753903,0.0
2023-02-27,200.19000244140625,0.0
2023-02-28,199.5200042724609,0.0
2023-03-01,200.0,0.0
2023-03-02,200.3099975585937,0.0
2023-03-03,203.57000732421875,0.0
2023-03-06,203.3000030517578,0.0
2023-03-07,200.2700042724609,0.0
2023-03-08,200.52999877929688,0.0
2023-03-09,196.57000732421875,0.0
2023-03-10,193.259994506836,0.0
2023-03-13,192.4600067138672,0.0
2023-03-14,195.88999938964844,0.0
2023-03-15,194.3800048828125,0.0
2023-03-16,197.7400054931641,0.0
2023-03-17,195.19000244140625,0.0
2023-03-20,196.88999938964844,0.0
2023-03-21,199.6999969482422,0.0
2023-03-22,196.1300048828125,0.0
2023-03-23,195.6999969482422,0.786
2023-03-24,196.92999267578125,0.0
2023-03-27,197.42999267578125,0.0
2023-03-28,197.1499938964844,0.0
2023-03-29,199.9900054931641,0.0
2023-03-30,201.07000732421875,0.0
2023-03-31,204.1000061035156,0.0
2023-04-03,204.63999938964844,0.0
2023-04-04,203.2700042724609,0.0
2023-04-05,202.52999877929688,0.0
2023-04-06,203.1999969482422,0.0
2023-04-10,203.6600036621093,0.0
2023-04-11,203.8699951171875,0.0
2023-04-12,203.009994506836,0.0
2023-04-13,205.6499938964844,0.0
2023-04-14,205.0800018310547,0.0
2023-04-17,205.8999938964844,0.0
2023-04-18,206.0,0.0
2023-04-19,206.1000061035156,0.0
2023-04-20,204.82000732421875,0.0
2023-04-21,205.0,0.0
2023-04-24,205.0800018310547,0.0
2023-04-25,201.6600036621093,0.0
2023-04-26,200.75,0.0
2023-04-27,204.5200042724609,0.0
2023-04-28,206.3000030517578,0.0
2023-05-01,206.1999969482422,0.0
2023-05-02,203.67999267578125,0.0
2023-05-03,202.4900054931641,0.0
2023-05-04,200.97999572753903,0.0
2023-05-05,204.69000244140625,0.0
2023-05-08,204.9100036621093,0.0
2023-05-09,204.07000732421875,0.0
2023-05-10,204.97000122070312,0.0
2023-05-11,204.6999969482422,0.0
2023-05-12,204.22000122070312,0.0
2023-05-15,205.08999633789065,0.0
2023-05-16,203.5,0.0
2023-05-17,206.13999938964844,0.0
2023-05-18,208.19000244140625,0.0
2023-05-19,207.69000244140625,0.0
2023-05-22,208.0500030517578,0.0
2023-05-23,205.8500061035156,0.0
2023-05-24,204.259994506836,0.0
2023-05-25,205.6499938964844,0.0
2023-05-26,208.3600006103516,0.0
2023-05-30,208.42999267578125,0.0
2023-05-31,207.17999267578125,0.0
2023-06-01,209.25,0.0
2023-06-02,212.7100067138672,0.0
2023-06-05,212.1499938964844,0.0
2023-06-06,213.1199951171875,0.0
2023-06-07,212.6999969482422,0.0
2023-06-08,213.6999969482422,0.0
2023-06-09,213.92999267578125,0.0
2023-06-12,215.8500061035156,0.0
2023-06-13,217.44000244140625,0.0
2023-06-14,217.44000244140625,0.0
2023-06-15,220.08999633789065,0.0
2023-06-16,219.259994506836,0.0
2023-06-20,218.17999267578125,0.0
2023-06-21,216.97999572753903,0.0
2023-06-22,217.5599975585937,0.0
2023-06-23,214.94000244140625,0.827
2023-06-26,214.19000244140625,0.0
2023-06-27,216.8000030517578,0.0
2023-06-28,216.97999572753903,0.0
2023-06-29,218.0200042724609,0.0
2023-06-30,220.27999877929688,0.0
2023-07-03,220.94000244140625,0.0
2023-07-05,220.2700042724609,0.0
2023-07-06,218.3099975585937,0.0
2023-07-07,218.0399932861328,0.0
2023-07-10,218.9900054931641,0.0
2023-07-11,220.7100067138672,0.0
2023-07-12,222.3999938964844,0.0
2023-07-13,224.27999877929688,0.0
2023-07-14,223.9499969482422,0.0
2023-07-17,224.8000030517578,0.0
2023-07-18,226.58999633789065,0.0
2023-07-19,227.17999267578125,0.0
2023-07-20,225.5399932861328,0.0
2023-07-21,225.5200042724609,0.0
2023-07-24,226.32000732421875,0.0
2023-07-25,226.88999938964844,0.0
2023-07-26,227.0599975585937,0.0
2023-07-27,225.3099975585937,0.0
2023-07-28,227.6600036621093,0.0
2023-07-31,228.3500061035156,0.0
2023-08-01,227.72999572753903,0.0
2023-08-02,224.5,0.0
2023-08-03,223.8500061035156,0.0
2023-08-04,222.8999938964844,0.0
2023-08-07,224.6100006103516,0.0
2023-08-08,223.57000732421875,0.0
2023-08-09,221.97000122070312,0.0
2023-08-10,222.009994506836,0.0
2023-08-11,221.8000030517578,0.0
2023-08-14,222.8999938964844,0.0
2023-08-15,220.3699951171875,0.0
2023-08-16,218.5500030517578,0.0
2023-08-17,216.759994506836,0.0
2023-08-18,217.009994506836,0.0
2023-08-21,218.259994506836,0.0
2023-08-22,217.67999267578125,0.0
2023-08-23,220.0599975585937,0.0
2023-08-24,217.1100006103516,0.0
2023-08-25,218.58999633789065,0.0
2023-08-28,219.9900054931641,0.0
2023-08-29,223.19000244140625,0.0
2023-08-30,224.17999267578125,0.0
2023-08-31,223.94000244140625,0.0
2023-09-01,224.67999267578125,0.0
2023-09-05,223.33999633789065,0.0
2023-09-06,221.94000244140625,0.0
2023-09-07,221.17999267578125,0.0
2023-09-08,221.4199981689453,0.0
2023-09-11,222.8099975585937,0.0
2023-09-12,221.72999572753903,0.0
2023-09-13,221.759994506836,0.0
2023-09-14,223.6600036621093,0.0
2023-09-15,221.02999877929688,0.0
2023-09-18,221.0500030517578,0.0
2023-09-19,220.4900054931641,0.0
2023-09-20,218.5399932861328,0.0
2023-09-21,214.08999633789065,0.798
2023-09-22,213.63999938964844,0.0
2023-09-25,214.5,0.0
2023-09-26,211.4100036621093,0.0
2023-09-27,211.6300048828125,0.0
2023-09-28,213.02999877929688,0.0
2023-09-29,212.4100036621093,0.0
2023-10-02,212.1300048828125,0.0
2023-10-03,209.0500030517578,0.0
2023-10-04,210.5599975585937,0.0
2023-10-05,210.4499969482422,0.0
2023-10-06,212.9600067138672,0.0
2023-10-09,214.3000030517578,0.0
2023-10-10,215.6300048828125,0.0
2023-10-11,216.47999572753903,0.0
2023-10-12,214.7400054931641,0.0
2023-10-13,213.52999877929688,0.0
2023-10-16,216.009994506836,0.0
2023-10-17,216.2899932861328,0.0
2023-10-18,213.08999633789065,0.0
2023-10-19,211.0800018310547,0.0
2023-10-20,208.47000122070312,0.0
2023-10-23,207.8999938964844,0.0
2023-10-24,209.47000122070312,0.0
2023-10-25,206.3600006103516,0.0
2023-10-26,204.22000122070312,0.0
2023-10-27,203.1199951171875,0.0
2023-10-30,205.4600067138672,0.0
2023-10-31,206.7899932861328,0.0
2023-11-01,208.8600006103516,0.0
2023-11-02,213.009994506836,0.0
2023-11-03,215.4100036621093,0.0
2023-11-06,215.5,0.0
2023-11-07,216.13999938964844,0.0
2023-11-08,216.1100006103516,0.0
2023-11-09,214.2700042724609,0.0
2023-11-10,217.4600067138672,0.0
2023-11-13,217.3300018310547,0.0
2023-11-14,222.1499938964844,0.0
2023-11-15,222.6999969482422,0.0
2023-11-16,222.5500030517578,0.0
2023-11-17,223.1100006103516,0.0
2023-11-20,224.7899932861328,0.0
2023-11-21,224.17999267578125,0.0
2023-11-22,225.13999938964844,0.0
2023-11-24,225.3800048828125,0.0
2023-11-27,225.08999633789065,0.0
2023-11-28,225.22999572753903,0.0
2023-11-29,225.3300018310547,0.0
2023-11-30,226.259994506836,0.0
2023-12-01,228.1699981689453,0.0
2023-12-04,227.3500061035156,0.0
2023-12-05,226.9100036621093,0.0
2023-12-06,225.9499969482422,0.0
2023-12-07,227.759994506836,0.0
2023-12-08,228.8500061035156,0.0
2023-12-11,229.7899932861328,0.0
2023-12-12,230.6600036621093,0.0
2023-12-13,234.2400054931641,0.0
2023-12-14,235.6300048828125,0.0
2023-12-15,235.3099975585937,0.0
2023-12-18,236.3300018310547,0.0
2023-12-19,238.0599975585937,0.0
2023-12-20,234.509994506836,0.0
2023-12-21,236.08999633789065,1.002
2023-12-22,236.6300048828125,0.0
2023-12-26,237.8000030517578,0.0
2023-12-27,238.25,0.0
2023-12-28,238.1300048828125,0.0
2023-12-29,237.22000122070312,0.0
2024-01-02,235.6300048828125,0.0
2024-01-03,233.3699951171875,0.0
2024-01-04,232.7700042724609,0.0
2024-01-05,233.1199951171875,0.0
2024-01-08,236.4499969482422,0.0
2024-01-09,236.009994506836,0.0
2024-01-10,237.22999572753903,0.0
2024-01-11,237.07000732421875,0.0
2024-01-12,237.1100006103516,0.0
2024-01-16,236.009994506836,0.0
2024-01-17,234.58999633789065,0.0
2024-01-18,236.6600036621093,0.0
2024-01-19,239.5399932861328,0.0
2024-01-22,240.5800018310547,0.0
2024-01-23,241.0200042724609,0.0
2024-01-24,240.97999572753903,0.0
2024-01-25,242.32000732421875,0.0
2024-01-26,242.1199951171875,0.0
2024-01-29,244.32000732421875,0.0
2024-01-30,243.97999572753903,0.0
2024-01-31,239.8699951171875,0.0
2024-02-01,243.1000061035156,0.0
2024-02-02,245.17999267578125,0.0
2024-02-05,244.0200042724609,0.0
2024-02-06,244.8500061035156,0.0
2024-02-07,246.77999877929688,0.0
2024-02-08,247.38999938964844,0.0
2024-02-09,248.8999938964844,0.0
2024-02-12,249.13999938964844,0.0
2024-02-13,245.1499938964844,0.0
2024-02-14,247.8600006103516,0.0
2024-02-15,249.7700042724609,0.0
2024-02-16,248.4600067138672,0.0
2024-02-20,246.8999938964844,0.0
2024-02-21,246.9499969482422,0.0
2024-02-22,251.8300018310547,0.0
2024-02-23,252.0,0.0
2024-02-26,251.2400054931641,0.0
2024-02-27,251.94000244140625,0.0
2024-02-28,251.5200042724609,0.0
2024-02-29,252.5800018310547,0.0
2024-03-01,254.8999938964844,0.0
2024-03-04,254.6499938964844,0.0
2024-03-05,251.9499969482422,0.0
2024-03-06,253.44000244140625,0.0
2024-03-07,255.9100036621093,0.0
2024-03-08,254.42999267578125,0.0
2024-03-11,254.0200042724609,0.0
2024-03-12,256.5299987792969,0.0
2024-03-13,256.2099914550781,0.0
2024-03-14,255.22000122070312,0.0
2024-03-15,253.7100067138672,0.0
2024-03-18,255.0,0.0
2024-03-19,256.4700012207031,0.0
2024-03-20,259.07000732421875,0.0
2024-03-21,260.1400146484375,0.0
2024-03-22,258.5,0.911
2024-03-25,257.9200134277344,0.0
2024-03-26,257.4599914550781,0.0
2024-03-27,259.7300109863281,0.0
2024-03-28,259.8999938964844,0.0
2024-04-01,259.70001220703125,0.0
2024-04-02,257.29998779296875,0.0
2024-04-03,257.70001220703125,0.0
2024-04-04,254.6100006103516,0.0
2024-04-05,257.17999267578125,0.0
2024-04-08,257.4800109863281,0.0
2024-04-09,257.8500061035156,0.0
2024-04-10,254.97000122070312,0.0
2024-04-11,256.70001220703125,0.0
2024-04-12,253.0,0.0
2024-04-15,249.88999938964844,0.0
2024-04-16,249.13999938964844,0.0
2024-04-17,247.67999267578125,0.0
2024-04-18,247.1699981689453,0.0
2024-04-19,245.22999572753903,0.0
2024-04-22,247.63999938964844,0.0
2024-04-23,250.58999633789065,0.0
2024-04-24,250.6499938964844,0.0
2024-04-25,249.4600067138672,0.0
2024-04-26,251.77999877929688,0.0
2024-04-29,252.7700042724609,0.0
2024-04-30,248.6100006103516,0.0
2024-05-01,247.9900054931641,0.0
2024-05-02,250.5599975585937,0.0
2024-05-03,253.52999877929688,0.0
2024-05-06,256.25,0.0
2024-05-07,256.4800109863281,0.0
2024-05-08,256.29998779296875,0.0
2024-05-09,257.8099975585937,0.0
2024-05-10,258.04998779296875,0.0
2024-05-13,258.19000244140625,0.0
2024-05-14,259.45001220703125,0.0
2024-05-15,262.6400146484375,0.0
2024-05-16,261.92999267578125,0.0
2024-05-17,262.29998779296875,0.0
2024-05-20,262.57000732421875,0.0
2024-05-21,263.1099853515625,0.0
2024-05-22,262.2200012207031,0.0
2024-05-23,259.989990234375,0.0
2024-05-24,261.8699951171875,0.0
2024-05-28,261.8699951171875,0.0
2024-05-29,259.7200012207031,0.0
2024-05-30,258.45001220703125,0.0
2024-05-31,260.44000244140625,0.0
2024-06-03,260.5199890136719,0.0
2024-06-04,260.489990234375,0.0
2024-06-05,263.67999267578125,0.0
2024-06-06,263.45001220703125,0.0
2024-06-07,262.95001220703125,0.0
2024-06-10,263.8299865722656,0.0
2024-06-11,264.2799987792969,0.0
2024-06-12,266.7699890136719,0.0
2024-06-13,266.8900146484375,0.0
2024-06-14,266.69000244140625,0.0
2024-06-17,268.7200012207031,0.0
2024-06-18,269.3999938964844,0.0
2024-06-20,268.7200012207031,0.0
2024-06-21,268.3099975585937,0.0
2024-06-24,267.8599853515625,0.0
2024-06-25,268.739990234375,0.0
2024-06-26,268.7300109863281,0.0
2024-06-27,269.3800048828125,0.0
2024-06-28,267.510009765625,0.952
2024-07-01,268.04998779296875,0.0
2024-07-02,269.6000061035156,0.0
2024-07-03,270.7099914550781,0.0
2024-07-05,272.1199951171875,0.0
2024-07-08,272.489990234375,0.0
2024-07-09,272.4200134277344,0.0
2024-07-10,275.0599975585937,0.0
2024-07-11,273.8299865722656,0.0
2024-07-12,275.6400146484375,0.0
2024-07-15,276.82000732421875,0.0
2024-07-16,279.1000061035156,0.0
2024-07-17,275.1600036621094,0.0
2024-07-18,272.760009765625,0.0
2024-07-19,271.0599975585937,0.0
2024-07-22,273.8900146484375,0.0
2024-07-23,273.69000244140625,0.0
2024-07-24,267.5299987792969,0.0
2024-07-25,266.5,0.0
2024-07-26,269.69000244140625,0.0
2024-07-29,269.7099914550781,0.0
2024-07-30,268.5899963378906,0.0
2024-07-31,272.57000732421875,0.0
2024-08-01,268.29998779296875,0.0
2024-08-02,262.8999938964844,0.0
2024-08-05,255.17999267578125,0.0
2024-08-06,257.7699890136719,0.0
2024-08-07,255.8000030517578,0.0
2024-08-08,261.7900085449219,0.0
2024-08-09,262.9200134277344,0.0
2024-08-12,262.75,0.0
2024-08-13,267.1199951171875,0.0
2024-08-14,267.8800048828125,0.0
2024-08-15,272.5199890136719,0.0
2024-08-16,273.1700134277344,0.0
2024-08-19,275.75,0.0
2024-08-20,275.0799865722656,0.0
2024-08-21,276.4599914550781,0.0
2024-08-22,274.1199951171875,0.0
2024-08-23,277.5899963378906,0.0
2024-08-26,276.8900146484375,0.0
2024-08-27,277.1400146484375,0.0
2024-08-28,275.45001220703125,0.0
2024-08-29,275.7200012207031,0.0
2024-08-30,278.3800048828125,0.0
2024-09-03,272.3900146484375,0.0
2024-09-04,271.7799987792969,0.0
2024-09-05,270.94000244140625,0.0
2024-09-06,266.44000244140625,0.0
2024-09-09,269.2900085449219,0.0
2024-09-10,270.3399963378906,0.0
2024-09-11,273.0299987792969,0.0
2024-09-12,275.29998779296875,0.0
2024-09-13,277.2200012207031,0.0
2024-09-16,277.7699890136719,0.0
2024-09-17,278.04998779296875,0.0
2024-09-18,277.3500061035156,0.0
2024-09-19,282.04998779296875,0.0
2024-09-20,281.4599914550781,0.0
2024-09-23,282.1600036621094,0.0
2024-09-24,282.8699951171875,0.0
2024-09-25,281.94000244140625,0.0
2024-09-26,283.20001220703125,0.0
2024-09-27,282.04998779296875,0.871
2024-09-30,283.1600036621094,0.0
2024-10-01,280.5799865722656,0.0
2024-10-02,280.6400146484375,0.0
2024-10-03,280.0400085449219,0.0
2024-10-04,282.75,0.0
2024-10-07,280.1700134277344,0.0
2024-10-08,282.5299987792969,0.0
2024-10-09,284.5,0.0
2024-10-10,283.9100036621094,0.0
2024-10-11,286.1099853515625,0.0
2024-10-14,288.3399963378906,0.0
2024-10-15,286.3599853515625,0.0
2024-10-16,287.82000732421875,0.0
2024-10-17,287.760009765625,0.0
2024-10-18,288.8900146484375,0.0
2024-10-21,287.9800109863281,0.0
2024-10-22,287.6499938964844,0.0
2024-10-23,285.04998779296875,0.0
2024-10-24,285.8099975585937,0.0
2024-10-25,285.5400085449219,0.0
2024-10-28,286.70001220703125,0.0
2024-10-29,287.0799865722656,0.0
2024-10-30,286.3699951171875,0.0
2024-10-31,281.0299987792969,0.0
2024-11-01,282.2300109863281,0.0
2024-11-04,281.7200012207031,0.0
2024-11-05,285.29998779296875,0.0
2024-11-06,293.2799987792969,0.0
2024-11-07,295.3299865722656,0.0
2024-11-08,296.7099914550781,0.0
2024-11-11,297.5400085449219,0.0
2024-11-12,296.3699951171875,0.0
2024-11-13,296.2300109863281,0.0
2024-11-14,294.0400085449219,0.0
2024-11-15,290.3099975585937,0.0
2024-11-18,291.489990234375,0.0
2024-11-19,292.8299865722656,0.0
2024-11-20,293.0,0.0
2024-11-21,295.04998779296875,0.0
2024-11-22,296.510009765625,0.0
2024-11-25,297.9599914550781,0.0
2024-11-26,299.04998779296875,0.0
2024-11-27,298.20001220703125,0.0
2024-11-29,299.8599853515625,0.0
2024-12-02,300.42999267578125,0.0
2024-12-03,300.42999267578125,0.0
2024-12-04,302.45001220703125,0.0
2024-12-05,301.6099853515625,0.0
2024-12-06,302.45001220703125,0.0
2024-12-09,300.5199890136719,0.0
2024-12-10,299.3900146484375,0.0
2024-12-11,301.79998779296875,0.0
2024-12-12,300.0799865722656,0.0
2024-12-13,299.92999267578125,0.0
2024-12-16,301.1499938964844,0.0
2024-12-17,299.6600036621094,0.0
2024-12-18,290.3900146484375,0.0
2024-12-19,289.9800109863281,0.0
2024-12-20,293.2799987792969,0.0
2024-12-23,294.0,0.941
2024-12-24,297.1199951171875,0.0
2024-12-26,297.2900085449219,0.0
2024-12-27,294.07000732421875,0.0
2024-12-30,290.82000732421875,0.0
2024-12-31,289.8099975585937,0.0
2025-01-02,289.260009765625,0.0
2025-01-03,293.0599975585937,0.0
2025-01-06,294.70001220703125,0.0
2025-01-07,291.4100036621094,0.0
2025-01-08,291.67999267578125,0.0
2025-01-10,287.29998779296875,0.0
2025-01-13,287.7699890136719,0.0
2025-01-14,288.4200134277344,0.0
2025-01-15,293.7099914550781,0.0
2025-01-16,293.489990234375,0.0
2025-01-17,296.20001220703125,0.0
2025-01-21,299.1400146484375,0.0
2025-01-22,300.6000061035156,0.0
2025-01-23,302.17999267578125,0.0
2025-01-24,301.29998779296875,0.0
2025-01-27,297.1000061035156,0.0
2025-01-28,299.6499938964844,0.0
2025-01-29,298.3699951171875,0.0
2025-01-30,300.239990234375,0.0
2025-01-31,298.6000061035156,0.0
2025-02-03,296.4200134277344,0.0
2025-02-04,298.57000732421875,0.0
2025-02-05,299.95001220703125,0.0
2025-02-06,300.69000244140625,0.0
2025-02-07,298.0,0.0
2025-02-10,299.9100036621094,0.0
2025-02-11,299.75,0.0
2025-02-12,298.760009765625,0.0
2025-02-13,301.8800048828125,0.0
2025-02-14,301.8399963378906,0.0
2025-02-18,302.69000244140625,0.0
2025-02-19,303.1199951171875,0.0
2025-02-20,301.489990234375,0.0
2025-02-21,295.9200134277344,0.0
2025-02-24,294.4100036621094,0.0
2025-02-25,292.95001220703125,0.0
2025-02-26,293.04998779296875,0.0
2025-02-27,288.510009765625,0.0
2025-02-28,292.9599914550781,0.0
2025-03-03,287.7099914550781,0.0
2025-03-04,284.1199951171875,0.0
2025-03-05,287.3500061035156,0.0
2025-03-06,282.010009765625,0.0
2025-03-07,283.3399963378906,0.0
2025-03-10,275.6199951171875,0.0
2025-03-11,273.69000244140625,0.0
2025-03-12,275.0400085449219,0.0
2025-03-13,271.17999267578125,0.0
2025-03-14,276.989990234375,0.0
2025-03-17,279.2799987792969,0.0
2025-03-18,276.2699890136719,0.0
2025-03-19,279.4100036621094,0.0
2025-03-20,278.739990234375,0.0
2025-03-21,278.8500061035156,0.0
2025-03-24,284.010009765625,0.0
2025-03-25,284.489990234375,0.0
2025-03-26,281.1600036621094,0.0
2025-03-27,278.989990234375,0.985
2025-03-28,273.42999267578125,0.0
2025-03-31,274.8399963378906,0.0
2025-04-01,275.7699890136719,0.0
2025-04-02,277.95001220703125,0.0
2025-04-03,263.9599914550781,0.0
2025-04-04,248.47000122070312,0.0
2025-04-07,247.6600036621093,0.0
2025-04-08,243.75,0.0
2025-04-09,268.4800109863281,0.0
2025-04-10,257.42999267578125,0.0
2025-04-11,261.739990234375,0.0
2025-04-14,264.1499938964844,0.0
2025-04-15,263.69000244140625,0.0
2025-04-16,258.2099914550781,0.0
2025-04-17,258.75,0.0
2025-04-21,252.6000061035156,0.0
2025-04-22,259.0299987792969,0.0
2025-04-23,263.44000244140625,0.0
2025-04-24,268.989990234375,0.0
2025-04-25,270.6400146484375,0.0
2025-04-28,271.0299987792969,0.0
2025-04-29,272.6600036621094,0.0
2025-04-30,272.82000732421875,0.0
2025-05-01,274.5199890136719,0.0
2025-05-02,278.79998779296875,0.0
2025-05-05,277.2200012207031,0.0
2025-05-06,274.9700012207031,0.0
2025-05-07,276.1099853515625,0.0
2025-05-08,278.2799987792969,0.0
2025-05-09,277.9700012207031,0.0
2025-05-12,287.2699890136719,0.0
2025-05-13,289.2200012207031,0.0
2025-05-14,289.4100036621094,0.0
2025-05-15,290.5899963378906,0.0
2025-05-16,292.5799865722656,0.0
2025-05-19,292.8099975585937,0.0
2025-05-20,291.8500061035156,0.0
2025-05-21,286.7699890136719,0.0
2025-05-22,286.7200012207031,0.0
2025-05-23,285.0400085449219,0.0
2025-05-27,290.8999938964844,0.0
2025-05-28,289.19000244140625,0.0
2025-05-29,290.1199951171875,0.0
2025-05-30,289.8800048828125,0.0
2025-06-02,291.3599853515625,0.0
2025-06-03,293.3699951171875,0.0
2025-06-04,293.3399963378906,0.0
2025-06-05,291.7200012207031,0.0
2025-06-06,295.1199951171875,0.0
2025-06-09,295.3599853515625,0.0
2025-06-10,296.9200134277344,0.0
2025-06-11,296.1300048828125,0.0
2025-06-12,297.0799865722656,0.0
2025-06-13,293.57000732421875,0.0
2025-06-16,296.4700012207031,0.0
2025-06-17,294.0,0.0
2025-06-18,294.1099853515625,0.0
2025-06-20,293.42999267578125,0.0
2025-06-23,296.25,0.0
2025-06-24,299.7099914550781,0.0
2025-06-25,299.3599853515625,0.0
2025-06-26,301.94000244140625,0.0
2025-06-27,303.3099975585937,0.0
2025-06-30,303.92999267578125,0.913
2025-07-01,303.92999267578125,0.0
2025-07-02,305.510009765625,0.0
2025-07-03,308.0299987792969,0.0
2025-07-07,305.6000061035156,0.0
2025-07-08,305.5799865722656,0.0
2025-07-09,307.5,0.0
2025-07-10,308.32000732421875,0.0
2025-07-11,307.0199890136719,0.0
2025-07-14,307.7200012207031,0.0
2025-07-15,306.1000061035156,0.0
2025-07-16,307.260009765625,0.0
2025-07-17,309.260009765625,0.0
2025-07-18,309.0899963378906,0.0
2025-07-21,309.44000244140625,0.0
2025-07-22,309.79998779296875,0.0
2025-07-23,312.4100036621094,0.0
2025-07-24,312.29998779296875,0.0
2025-07-25,313.69000244140625,0.0
2025-07-28,313.6000061035156,0.0
2025-07-29,312.6099853515625,0.0
2025-07-30,312.25,0.0
2025-07-31,310.8900146484375,0.0
2025-08-01,305.739990234375,0.0
2025-08-04,310.5299987792969,0.0
2025-08-05,309.1600036621094,0.0
2025-08-06,311.25,0.0
2025-08-07,311.07000732421875,0.0
2025-08-08,313.0299987792969,0.0
2025-08-11,312.3099975585937,0.0
2025-08-12,316.1300048828125,0.0
2025-08-13,317.6600036621094,0.0
2025-08-14,317.19000244140625,0.0
2025-08-15,316.4700012207031,0.0
2025-08-18,316.5899963378906,0.0
2025-08-19,314.6700134277344,0.0
2025-08-20,313.8399963378906,0.0
2025-08-21,312.760009765625,0.0
2025-08-22,318.17999267578125,0.0
2025-08-25,316.6499938964844,0.0
2025-08-26,318.0899963378906,0.0
2025-08-27,318.94000244140625,0.0
2025-08-28,320.1000061035156,0.0
2025-08-29,318.20001220703125,0.0
2025-09-02,315.989990234375,0.0
2025-09-03,317.3299865722656,0.0
2025-09-04,320.1400146484375,0.0
2025-09-05,319.54998779296875,0.0
2025-09-08,320.57000732421875,0.0
2025-09-09,320.9800109863281,0.0
2025-09-10,321.79998779296875,0.0
2025-09-11,324.7799987792969,0.0
2025-09-12,324.3099975585937,0.0
2025-09-15,325.8900146484375,0.0
2025-09-16,325.45001220703125,0.0
2025-09-17,325.1600036621094,0.0
2025-09-18,327.2099914550781,0.0
2025-09-19,328.44000244140625,0.0
2025-09-22,329.8599853515625,0.0
2025-09-23,328.0899963378906,0.0
2025-09-24,326.8900146484375,0.0
2025-09-25,325.1400146484375,0.0
2025-09-26,327.17999267578125,0.0
2025-09-29,327.1000061035156,0.907
2025-09-30,328.1700134277344,0.0
2025-10-01,329.3099975585937,0.0
2025-10-02,329.7900085449219,0.0
2025-10-03,329.9700012207031,0.0
2025-10-06,331.2099914550781,0.0
2025-10-07,329.6199951171875,0.0
2025-10-08,331.8099975585937,0.0
2025-10-09,330.6600036621094,0.0
2025-10-10,321.79998779296875,0.0
2025-10-13,326.92999267578125,0.0
2025-10-14,326.8299865722656,0.0
2025-10-15,328.3800048828125,0.0
2025-10-16,325.7699890136719,0.0
2025-10-17,327.29998779296875,0.0
2025-10-20,330.95001220703125,0.0
2025-10-21,330.9100036621094,0.0
2025-10-22,328.8999938964844,0.0
2025-10-23,331.010009765625,0.0
2025-10-24,333.7099914550781,0.0
2025-10-27,337.42999267578125,0.0
2025-10-28,337.95001220703125,0.0
2025-10-29,337.7099914550781,0.0
2025-10-30,334.0799865722656,0.0
2025-10-31,335.4200134277344,0.0
2025-11-03,335.79998779296875,0.0
2025-11-04,331.739990234375,0.0
2025-11-05,333.1600036621094,0.0
2025-11-06,329.3699951171875,0.0
2025-11-07,330.0899963378906,0.0
2025-11-10,334.9200134277344,0.0
2025-11-11,335.739990234375,0.0
2025-11-12,335.8599853515625,0.0
2025-11-13,329.9100036621094,0.0
2025-11-14,329.8599853515625,0.0
2025-11-17,326.42999267578125,0.0
2025-11-18,324.2200012207031,0.0
2025-11-19,325.2799987792969,0.0
2025-11-20,320.1000061035156,0.0
2025-11-21,323.79998779296875,0.0
2025-11-24,328.6400146484375,0.0
2025-11-25,332.1600036621094,0.0
2025-11-26,334.44000244140625,0.0
2025-11-28,336.3099975585937,0.0
2025-12-01,334.6600036621094,0.0
2025-12-02,335.0599975585937,0.0
2025-12-03,336.5599975585937,0.0
2025-12-04,337.0899963378906,0.0
2025-12-05,337.5599975585937,0.0
2025-12-08,336.57000732421875,0.0
2025-12-09,336.2300109863281,0.0
2025-12-10,338.7300109863281,0.0
2025-12-11,339.8699951171875,0.0
2025-12-12,335.989990234375,0.0
2025-12-15,335.3299865722656,0.0
2025-12-16,334.3599853515625,0.0
2025-12-17,330.7099914550781,0.0
2025-12-18,333.25,0.0
2025-12-19,336.2200012207031,0.0
2025-12-22,337.6000061035156,0.951
2025-12-23,338.7200012207031,0.0
2025-12-24,339.8800048828125,0.0
2025-12-26,339.6700134277344,0.0
2025-12-29,338.3900146484375,0.0
2025-12-30,337.8500061035156,0.0
2025-12-31,335.2699890136719,0.0
2026-01-02,336.3099975585937,0.0
2026-01-05,338.8399963378906,0.0
2026-01-06,341.2099914550781,0.0
2026-01-07,340.04998779296875,0.0
2026-01-08,340.1400146484375,0.0
2026-01-09,342.3999938964844,0.0
2026-01-12,343.0299987792969,0.0
2026-01-13,342.3399963378906,0.0
2026-01-14,341.0,0.0
2026-01-15,342.04998779296875,0.0
2026-01-16,341.8500061035156,0.0
2026-01-20,335.1099853515625,0.0
2026-01-21,339.0799865722656,0.0
2026-01-22,340.8699951171875,0.0
2026-01-23,340.5599975585937,0.0
2026-01-26,342.0299987792969,0.0
2026-01-27,343.2699890136719,0.0
2026-01-28,343.0799865722656,0.0
2026-01-29,342.2900085449219,0.0
2026-01-30,340.57000732421875,0.0
2026-02-02,342.4800109863281,0.0
2026-02-03,339.8500061035156,0.0
2026-02-04,338.25,0.0
2026-02-05,333.8999938964844,0.0
2026-02-06,340.9599914550781,0.0
2026-02-09,342.6400146484375,0.0
2026-02-10,341.79998779296875,0.0
2026-02-11,341.4700012207031,0.0
2026-02-12,336.010009765625,0.0
2026-02-13,336.6499938964844,0.0
2026-02-17,337.07000732421875,0.0
2026-02-18,338.8299865722656,0.0
2026-02-19,338.19000244140625,0.0
2026-02-20,340.2699890136719,0.0
2026-02-23,336.4599914550781,0.0
2026-02-24,339.2099914550781,0.0
2026-02-25,341.8299865722656,0.0
2026-02-26,340.489990234375,0.0
2026-02-27,338.7699890136719,0.0
2026-03-02,339.1199951171875,0.0
2026-03-03,335.7300109863281,0.0
2026-03-04,338.19000244140625,0.0
2026-03-05,336.0,0.0
2026-03-06,331.4100036621094,0.0
2026-03-09,334.2799987792969,0.0
2026-03-10,333.510009765625,0.0
2026-03-11,333.239990234375,0.0
2026-03-12,327.9200134277344,0.0
2026-03-13,326.1300048828125,0.0
2026-03-16,329.4599914550781,0.0
2026-03-17,330.57000732421875,0.0
2026-03-18,326.0199890136719,0.0
2026-03-19,325.44000244140625,0.0
2026-03-20,320.3399963378906,0.0
2026-03-23,324.19000244140625,0.0
2026-03-24,323.17999267578125,0.0
2026-03-25,325.1499938964844,0.0
2026-03-26,319.54998779296875,0.0
2026-03-27,313.0899963378906,0.998
2026-03-30,311.67999267578125,0.0
2026-03-31,320.8099975585937,0.0
2026-04-01,323.239990234375,0.0
2026-04-02,323.760009765625,0.0
2026-04-06,325.2099914550781,0.0
2026-04-07,325.42999267578125,0.0
2026-04-08,333.70001220703125,0.0
2026-04-09,335.45001220703125,0.0
2026-04-10,335.04998779296875,0.0
2026-04-13,338.6700134277344,0.0
2026-04-14,342.6499938964844,0.0
2026-04-15,345.239990234375,0.0
2026-04-16,346.0299987792969,0.0
2026-04-17,350.5299987792969,0.0
2026-04-20,350.2099914550781,0.0
2026-04-21,347.8399963378906,0.0
2026-04-22,351.2200012207031,0.0
2026-04-23,349.79998779296875,0.0
2026-04-24,352.04998779296875,0.0
2026-04-27,352.5299987792969,0.0
2026-04-28,350.6300048828125,0.0
2026-04-29,350.2099914550781,0.0
2026-04-30,354.17999267578125,0.0
2026-05-01,355.2900085449219,0.0
2026-05-04,353.9800109863281,0.0
2026-05-05,356.989990234375,0.0
2026-05-06,361.8599853515625,0.0
2026-05-07,360.20001220703125,0.0
2026-05-08,362.8699951171875,0.0
2026-05-11,363.6300048828125,0.0
2026-05-12,362.7900085449219,0.0
2026-05-13,364.7099914550781,0.0
2026-05-14,367.3999938964844,0.0
2026-05-15,362.739990234375,0.0
2026-05-18,362.3599853515625,0.0
2026-05-19,360.0599975585937,0.0
2026-05-20,364.1900024414063,0.0
2026-05-21,365.0899963378906,0.0
2026-05-22,366.7900085449219,0.0
2026-05-26,369.4599914550781,0.0
2026-05-27,369.3599853515625,0.0
2026-05-28,371.6600036621094,0.0
2026-05-29,372.5400085449219,0.0
2026-06-01,373.3999938964844,0.0
2026-06-02,374.3599853515625,0.0
2026-06-03,371.6499938964844,0.0
2026-06-04,373.3800048828125,0.0
2026-06-05,363.3800048828125,0.0
2026-06-08,364.4700012207031,0.0
2026-06-09,363.6700134277344,0.0
2026-06-10,358.0400085449219,0.0
2026-06-11,364.2999877929688,0.0
2026-06-12,366.3599853515625,0.0
2026-06-15,372.5299987792969,0.0
2026-06-16,370.3699951171875,0.0
2026-06-17,365.760009765625,0.0
2026-06-18,369.989990234375,0.0
2026-06-22,368.80999755859375,0.0
2026-06-23,363.7000122070313,0.0
2026-06-24,363.6499938964844,0.0
2026-06-25,363.9800109863281,0.0
2026-06-26,362.2200012207031,1.044
2026-06-29,367.1199951171875,0.0
2026-06-30,370.0400085449219,0.0
2026-07-01,369.2699890136719,0.0
2026-07-02,368.760009765625,0.0
2026-07-06,371.6700134277344,0.0
2026-07-07,369.6099853515625,0.0
2026-07-08,368.25,0.0
2026-07-09,371.4500122070313,0.0
2026-07-10,372.6900024414063,0.0
2026-07-13,369.7799987792969,0.0
2026-07-14,371.1600036621094,0.0
2026-07-15,372.4200134277344,0.0
2026-07-16,370.5799865722656,0.0
2026-07-17,367.010009765625,0.0
2026-07-20,366.25,0.0
2026-07-21,369.4500122070313,0.0
2026-07-22,368.8699951171875,0.0
2026-07-23,364.6900024414063,0.0
2026-07-24,364.7999877929688,0.0
2026-07-27,365.1799926757813,0.0
2026-07-28,365.989990234375,0.0
2026-07-29,360.4200134277344,0.0
2026-07-30,366.2699890136719,0.0
2026-07-31,368.2099914550781,0.0
2026-08-03,373.8399963378906,0.0
2026-08-04,380.8200073242188,0.0
2026-08-05,379.6499938964844,0.0
2026-08-06,379.0700073242188,0.0
2026-08-07,381.7799987792969,0.0
2026-08-10,381.6300048828125,0.0
2026-08-11,380.6499938964844,0.0
2026-08-12,381.8299865722656,0.0
2026-08-13,384.2999877929688,0.0
2026-08-14,383.8500061035156,0.0
2026-08-17,382.1300048828125,0.0
2026-08-18,379.0400085449219,0.0
2026-08-19,379.989990234375,0.0
2026-08-20,376.5799865722656,0.0
2026-08-21,378.239990234375,0.0
2026-08-24,377.07000732421875,0.0
2026-08-25,378.1499938964844,0.0
